datetime,marketcap,priceBtc,priceUsd,volume,sentiment_positive_total,sentiment_positive_telegram,sentiment_positive_professional_traders_chat,sentiment_positive_reddit,sentiment_positive_discord,sentiment_positive_twitter,sentiment_positive_bitcointalk,sentiment_negative_total,sentiment_negative_telegram,sentiment_negative_professional_traders_chat,sentiment_negative_reddit,sentiment_negative_discord,sentiment_negative_twitter,sentiment_negative_bitcointalk,social_volume_total,social_volume_telegram,social_volume_professional_traders_chat,social_volume_reddit,social_volume_discord,social_volume_twitter,social_volume_bitcointalk
2020-01-01 00:00:00+00:00,2146348387.0,0.0019153776287146392,13.7996254757,169240032.0,5.66473114490509,0.0,0.0,0.0,0.8303092122077942,4.130492866039276,0.70392906665802,0.0,0.0,0.0,0.0,0.0,0.0,0.0,13.0,21.0,4.0,22.0,43.0,10.0,21.0
2020-01-01 02:00:00+00:00,2148941873.0,0.0019140016978502396,13.8162999023,170496662.0,5.533830404281616,0.0,0.0,0.0,0.7561379075050354,3.301102936267853,1.476589560508728,0.0,0.0,0.0,0.0,0.0,0.0,0.0,19.0,10.0,3.0,11.0,54.0,9.0,17.0
2020-01-01 04:00:00+00:00,2146317549.0,0.0019123393032931019,13.7994272035,168249069.0,4.0599488615989685,0.0,0.0,0.0,0.0,3.2962929010391235,0.763655960559845,0.0,0.0,0.0,0.0,0.0,0.0,0.0,14.0,7.0,1.0,9.0,31.0,6.0,35.0
2020-01-01 06:00:00+00:00,2140419193.0,0.0019090268173443876,13.7615046121,168426266.0,18.69793063402176,0.0,0.0,0.0,0.7852102518081665,17.912720382213593,0.0,0.7644311785697937,0.7002589106559753,0.0,0.0,0.0,0.0,0.7644311785697937,37.0,18.0,2.0,9.0,26.0,7.0,46.0
2020-01-01 08:00:00+00:00,2133517399.0,0.0019060015733690307,13.7171305611,166921479.0,4.2481569647789,0.0,0.0,0.0,0.0,4.2481569647789,0.0,0.0,0.0,0.0,0.0,0.0,0.0,0.0,18.0,31.0,4.0,4.0,35.0,9.0,38.0
2020-01-01 10:00:00+00:00,2135171447.0,0.001905432862366692,13.7277650102,171313223.0,9.025498807430267,0.0,0.0,0.0,0.0,7.43443489074707,1.591063916683197,0.7831245064735413,0.0,0.0,0.0,0.0,0.7831245064735413,0.0,26.0,14.0,1.0,6.0,47.0,10.0,49.0
2020-01-01 12:00:00+00:00,2152180585.0,0.0019122071770846477,13.8371227167,170083736.0,15.726750016212463,0.0,0.0,0.0,0.7662572264671326,14.196517169475555,0.7639756202697754,0.738730251789093,0.796593427658081,0.0,0.0,0.0,0.738730251789093,0.0,28.0,39.0,5.0,8.0,36.0,10.0,54.0
2020-01-01 14:00:00+00:00,2151174828.0,0.0019114670356780558,13.830656357,165633313.0,13.136582970619202,0.0,0.0,0.0,0.0,10.600408732891083,2.536174237728119,0.9346393346786499,0.0,0.0,0.0,0.0,0.9346393346786499,0.0,30.0,37.0,7.0,13.0,42.0,9.0,86.0
2020-01-01 16:00:00+00:00,2147172202.0,0.0019042661354364632,13.8049220708,165547998.0,13.057280123233795,1.5897197723388672,0.0,0.0,0.7112314701080322,10.061849296092987,2.284199357032776,0.7889170050621033,0.0,0.0,0.0,0.0,0.0,0.7889170050621033,32.0,36.0,8.0,13.0,38.0,14.0,68.0
2020-01-01 18:00:00+00:00,2136189650.0,0.0018976470730309612,13.7343113951,168159374.0,10.73092657327652,1.6138812899589539,0.0,0.0,1.4868900775909424,9.244036495685577,0.0,0.7821657657623291,0.0,0.0,0.0,0.7821657657623291,0.0,0.0,19.0,32.0,1.0,13.0,52.0,19.0,40.0
2020-01-01 20:00:00+00:00,2139053345.0,0.0018998130876774252,13.7527230953,170799017.0,4.439757943153381,0.0,0.0,0.0,0.0,4.439757943153381,0.0,0.0,0.0,0.0,0.0,0.0,0.0,0.0,8.0,10.0,1.0,9.0,51.0,21.0,32.0
2020-01-01 22:00:00+00:00,2128534900.0,0.0019005754793746635,13.6850963309,172036814.0,6.406629025936127,0.0,0.0,0.0,1.5417252779006958,4.864903748035431,0.0,0.8111791014671326,0.0,0.0,0.0,0.0,0.0,0.8111791014671326,12.0,19.0,12.0,14.0,60.0,8.0,33.0
2020-01-02 00:00:00+00:00,2125891441.0,0.0019005187034641182,13.6681006062,170760072.0,6.139507949352264,0.0,0.0,0.0,1.5350621938705444,4.60444575548172,0.0,0.0,0.0,0.0,0.0,0.0,0.0,0.0,15.0,26.0,13.0,12.0,48.0,13.0,23.0
2020-01-02 02:00:00+00:00,2105266046.0,0.0018928747417435367,13.5354927181,164671025.0,2.9910589456558228,0.0,0.0,0.0,0.0,2.9910589456558228,0.0,0.0,0.0,0.0,0.0,0.0,0.0,0.0,7.0,27.0,8.0,16.0,115.0,10.0,24.0
2020-01-02 04:00:00+00:00,2102929996.0,0.001894624002430069,13.5204734306,166670735.0,10.452391564846039,0.9047967195510864,0.0,0.0,0.0,10.452391564846039,0.0,0.0,0.0,0.0,0.0,0.0,0.0,0.0,23.0,11.0,2.0,15.0,63.0,10.0,33.0
2020-01-02 06:00:00+00:00,2093043295.0,0.001889466430991993,13.4569083687,167105093.0,17.485124349594116,0.0,0.0,0.0,0.7457488775253296,16.739375472068787,0.0,0.0,0.0,0.0,0.0,0.0,0.0,0.0,31.0,24.0,2.0,15.0,52.0,11.0,36.0
2020-01-02 08:00:00+00:00,2104732518.0,0.0018907104712291255,13.532062481,167337586.0,12.603573083877563,0.8186523914337158,0.0,0.0,0.0,12.603573083877563,0.0,0.7218713164329529,1.8176695108413696,0.0,0.0,0.0,0.7218713164329529,0.0,27.0,26.0,3.0,10.0,47.0,10.0,35.0
2020-01-02 10:00:00+00:00,2100605607.0,0.0018865341240896396,13.5055291207,163622942.0,19.883859992027283,0.7006731629371643,0.0,0.0,0.7201031446456909,19.163756847381592,0.0,0.7224854230880737,0.0,0.0,0.0,0.0,0.7224854230880737,0.0,33.0,48.0,0.0,11.0,328.0,13.0,40.0
2020-01-02 12:00:00+00:00,2089750217.0,0.0018812880287498298,13.4357360154,162393737.0,13.515802502632141,0.0,0.0,0.0,0.0,13.515802502632141,0.0,1.455698013305664,0.0,0.0,0.0,0.0,1.455698013305664,0.0,25.0,49.0,0.0,19.0,119.0,5.0,49.0
2020-01-02 14:00:00+00:00,2088682001.0,0.001876905872789014,13.4288680864,163292914.0,9.818814814090729,0.9147732853889465,0.7587955594062805,0.0,0.7210742831230164,7.617312371730804,0.7216325998306274,1.6244040727615356,0.0,0.7691885232925415,0.0,0.0,0.8552155494689941,0.0,22.0,26.0,3.0,27.0,54.0,18.0,57.0
2020-01-02 16:00:00+00:00,2033968641.0,0.0018706004168545878,13.0770967321,168099887.0,29.166056096553802,0.0,0.0,0.0,0.0,28.403618037700653,0.7624380588531494,1.6467024087905884,0.0,0.0,0.0,0.0,1.6467024087905884,0.0,57.0,31.0,12.0,23.0,98.0,11.0,63.0
2020-01-02 18:00:00+00:00,2033015999.0,0.0018664126484708506,13.0709718638,163689931.0,12.690337002277374,0.8386160731315613,0.0,0.0,0.0,11.851720929145813,0.0,0.0,0.0,0.0,0.0,0.0,0.0,0.0,22.0,40.0,3.0,23.0,48.0,11.0,49.0
2020-01-02 20:00:00+00:00,2030164083.0,0.0018660272688415533,13.0526358954,160552150.0,3.1541227102279663,0.0,0.0,0.0,0.7570393085479736,2.3970834016799927,0.0,0.0,0.868707001209259,0.0,0.0,0.0,0.0,0.0,5.0,21.0,8.0,21.0,55.0,10.0,41.0
2020-01-02 22:00:00+00:00,2026178426.0,0.0018648724719829057,13.027010708,156376427.0,2.355647027492523,0.0,0.0,0.0,0.0,2.355647027492523,0.0,0.0,0.0,0.0,0.0,0.0,0.0,0.0,7.0,28.0,7.0,19.0,34.0,7.0,32.0
2020-01-03 00:00:00+00:00,2028448239.0,0.0018833547876736388,13.0416041342,154456446.0,1.4308367371559143,0.0,0.7177070379257202,0.0,0.7131296992301941,0.0,0.0,0.0,0.0,0.0,0.0,0.0,0.0,0.0,3.0,14.0,2.0,19.0,58.0,1.0,22.0
2020-01-03 02:00:00+00:00,2050536122.0,0.0018908277906869572,13.1836148662,156914907.0,1.4742912650108337,0.0,0.0,0.0,0.7131296992301941,0.7611615657806396,0.0,0.0,0.0,0.0,0.0,0.0,0.0,0.0,9.0,16.0,8.0,16.0,75.0,4.0,25.0
2020-01-03 04:00:00+00:00,2106496272.0,0.0018770231778030436,13.543402271,162886134.0,3.051629424095154,0.0,0.0,0.0,0.0,2.2866554260253906,0.7649739980697632,0.0,0.0,0.0,0.0,0.0,0.0,0.0,5.0,25.0,5.0,10.0,108.0,5.0,43.0
2020-01-03 06:00:00+00:00,2103679555.0,0.0018732011058200475,13.525292608400001,158880449.0,0.0,0.0,0.0,0.0,0.0,0.0,0.0,0.0,0.0,0.0,0.0,0.0,0.0,0.0,3.0,20.0,2.0,11.0,64.0,3.0,44.0
2020-01-03 08:00:00+00:00,2124171884.0,0.001860635929402821,13.6570449689,161181793.0,3.073012351989746,0.965446949005127,0.0,0.0,0.0,3.073012351989746,0.0,0.0,0.0,0.0,0.0,0.0,0.0,0.0,12.0,23.0,1.0,7.0,60.0,2.0,39.0
2020-01-03 10:00:00+00:00,2124520584.0,0.001861544819523137,13.6592868844,157988564.0,4.5928152203559875,0.0,0.0,0.0,2.1829023957252502,1.692531704902649,0.7173811197280884,0.0,0.0,0.0,0.0,0.0,0.0,0.0,10.0,17.0,1.0,16.0,64.0,1.0,45.0
2020-01-03 12:00:00+00:00,2130642991.0,0.0018645786751259566,13.6986499861,160080923.0,1.4548245668411255,0.7994433641433716,0.0,0.0,0.7112314701080322,0.7435930967330933,0.0,0.0,0.0,0.0,0.0,0.0,0.0,0.0,4.0,36.0,2.0,20.0,56.0,6.0,66.0
2020-01-03 14:00:00+00:00,2125603005.0,0.0018643102571358943,13.666246149500001,161776320.0,0.9183230400085449,0.0,0.0,0.0,0.0,0.0,0.9183230400085449,1.4682472944259644,0.0,0.0,0.7261347770690918,0.0,0.0,0.7421125173568726,11.0,37.0,4.0,21.0,70.0,15.0,64.0
2020-01-03 16:00:00+00:00,2132690667.0,0.001856957866903417,13.7118152117,158853684.0,1.5013983845710754,0.0,0.0,0.0,0.75390625,0.0,0.7474921345710754,0.0,0.0,0.0,0.0,0.0,0.0,0.0,8.0,27.0,5.0,30.0,104.0,11.0,49.0
2020-01-03 18:00:00+00:00,2125429788.0,0.0018581177152677197,13.6651324768,165291119.0,0.7711001038551331,0.7661493420600891,0.0,0.0,0.7711001038551331,0.0,0.0,0.0,0.0,0.0,0.0,0.0,0.0,0.0,5.0,30.0,5.0,22.0,66.0,15.0,36.0
2020-01-03 20:00:00+00:00,2115005168.0,0.001860227215161533,13.5981089432,166768111.0,1.4745387434959412,0.7255324721336365,0.0,0.0,0.7031383514404297,0.0,0.7714003920555115,0.0,0.0,0.0,0.0,0.0,0.0,0.0,4.0,22.0,5.0,18.0,70.0,8.0,38.0
2020-01-03 22:00:00+00:00,2127125000.0,0.001861405777764623,13.676031590600001,173442423.0,0.7574328780174255,0.0,0.0,0.0,0.7574328780174255,0.0,0.0,0.8114866614341736,0.0,0.0,0.0,0.8114866614341736,0.0,0.0,6.0,25.0,10.0,13.0,103.0,21.0,20.0
2020-01-04 00:00:00+00:00,2112953672.0,0.0018560288562835385,13.584919157,174164614.0,3.118741035461426,0.0,0.0,0.0,2.290444076061249,0.828296959400177,0.0,0.0,0.0,0.0,0.0,0.0,0.0,0.0,9.0,8.0,4.0,17.0,76.0,6.0,20.0
2020-01-04 02:00:00+00:00,2131486579.0,0.0018635315673146734,13.7040737056,177321782.0,0.0,0.8201125264167786,0.0,0.0,0.0,0.0,0.0,0.0,0.0,0.0,0.0,0.0,0.0,0.0,2.0,16.0,5.0,11.0,64.0,2.0,35.0
2020-01-04 04:00:00+00:00,2131978636.0,0.001861030016098004,13.707237312,173855973.0,2.3085792660713196,0.0,0.0,0.0,0.8038024306297302,0.7964612245559692,0.7083156108856201,0.0,0.0,0.0,0.0,0.0,0.0,0.0,8.0,40.0,4.0,12.0,46.0,4.0,32.0
2020-01-04 06:00:00+00:00,2139607602.0,0.0018664566836737362,13.756286609,179589009.0,0.0,1.593380868434906,0.0,0.0,0.0,0.0,0.0,0.0,0.0,0.0,0.0,0.0,0.0,0.0,4.0,24.0,1.0,8.0,45.0,2.0,43.0
2020-01-04 08:00:00+00:00,2156596220.0,0.0018774464631897256,13.8655123854,184632932.0,0.0,0.8478122353553772,0.0,0.0,0.0,0.0,0.0,0.0,0.8266811370849609,0.0,0.0,0.0,0.0,0.0,2.0,25.0,1.0,14.0,32.0,3.0,47.0
2020-01-04 10:00:00+00:00,2148179138.0,0.0018782275360733896,13.8113960118,189466318.0,1.6319310665130615,0.7520875334739685,0.0,0.0,0.7470237612724304,0.0,0.8849073052406311,0.797625720500946,0.0,0.0,0.0,0.0,0.0,0.797625720500946,10.0,27.0,3.0,11.0,54.0,8.0,59.0
2020-01-04 12:00:00+00:00,2129329391.0,0.0018675095454717403,13.6902043861,183970826.0,2.429946720600128,0.0,0.0,0.0,0.7939743995666504,1.6359723210334778,0.0,0.9605916142463684,0.0,0.0,0.0,0.0,0.9605916142463684,0.0,6.0,22.0,2.0,14.0,58.0,5.0,63.0
2020-01-04 14:00:00+00:00,2140664230.0,0.0018720803894491291,13.7630800406,179800255.0,3.215220034122467,0.7467930912971497,0.0,0.0,0.0,1.6282585263252258,1.5869615077972412,0.8469120264053345,0.0,0.0,0.0,0.0,0.0,0.8469120264053345,11.0,29.0,5.0,19.0,47.0,14.0,57.0
2020-01-04 16:00:00+00:00,2148040176.0,0.0018704994692317495,13.8105025778,171266093.0,1.5963196158409119,0.0,0.0,0.0,0.7939743995666504,0.8023452162742615,0.0,1.5964406728744507,0.0,0.0,0.0,0.0,0.7347639799118042,0.8616766929626465,9.0,21.0,5.0,18.0,49.0,15.0,75.0
2020-01-04 18:00:00+00:00,2151494401.0,0.0018718431771076053,13.8327109999,170344246.0,0.8705215454101562,0.0,0.0,0.0,0.0,0.8705215454101562,0.0,0.0,0.0,0.0,0.0,0.0,0.0,0.0,7.0,15.0,12.0,25.0,81.0,10.0,69.0
2020-01-04 20:00:00+00:00,2154007656.0,0.0018694237422305353,13.8488695994,175343421.0,0.7722386121749878,1.6817150712013245,0.0,0.0,0.7722386121749878,0.0,0.0,0.0,0.7705357074737549,0.0,0.0,0.0,0.0,0.0,4.0,35.0,7.0,16.0,72.0,10.0,36.0
2020-01-04 22:00:00+00:00,2160146702.0,0.0018741556182129834,13.8883396753,182213122.0,2.2601601481437683,0.7436751127243042,0.0,0.0,0.7722386121749878,0.7784441709518433,0.7094773650169373,0.0,0.7408474683761597,0.0,0.0,0.0,0.0,0.0,6.0,13.0,4.0,13.0,55.0,5.0,38.0
2020-01-05 00:00:00+00:00,2186285645.0,0.0018735756086692334,14.0563960928,188618485.0,1.528203547000885,0.0,0.0,0.0,0.0,1.528203547000885,0.0,0.0,0.0,0.0,0.0,0.0,0.0,0.0,3.0,15.0,4.0,13.0,297.0,10.0,28.0
2020-01-05 02:00:00+00:00,2192857241.0,0.001876317144048791,14.0986471876,192349315.0,0.0,0.8563846945762634,0.0,0.0,0.0,0.0,0.0,0.0,0.0,0.0,0.0,0.0,0.0,0.0,2.0,10.0,6.0,13.0,98.0,9.0,41.0
2020-01-05 04:00:00+00:00,2199887427.0,0.0018839824614861431,14.1438467109,192675772.0,0.0,0.0,0.0,0.0,0.0,0.0,0.0,0.0,0.0,0.0,0.0,0.0,0.0,0.0,6.0,22.0,13.0,11.0,76.0,11.0,61.0
2020-01-05 06:00:00+00:00,2206355898.0,0.0018870873206710144,14.1854347783,194184584.0,2.400022029876709,0.7287147641181946,0.0,0.0,0.0,2.400022029876709,0.0,0.0,0.0,0.0,0.0,0.0,0.0,0.0,6.0,22.0,5.0,9.0,41.0,8.0,69.0
2020-01-05 08:00:00+00:00,2186085661.0,0.001881377296307799,14.055110329,186640927.0,1.5467343926429749,0.0,0.0,0.0,0.7258516550064087,0.0,0.8208827376365662,0.8122080564498901,0.0,0.0,0.0,0.0,0.8122080564498901,0.0,8.0,13.0,2.0,22.0,48.0,7.0,69.0
2020-01-05 10:00:00+00:00,2194884188.0,0.0018846240237079899,14.1116791407,181251585.0,0.0,0.0,0.0,0.0,0.0,0.0,0.0,0.0,0.0,0.0,0.0,0.0,0.0,0.0,4.0,8.0,4.0,14.0,54.0,4.0,78.0
2020-01-05 12:00:00+00:00,2206643401.0,0.0018954996410072964,14.1872832383,184463312.0,3.8952017426490784,0.8618820309638977,0.0,0.0,0.7639500498771667,2.3985148668289185,0.7327368259429932,0.708014190196991,0.0,0.0,0.0,0.0,0.708014190196991,0.0,9.0,18.0,4.0,15.0,57.0,6.0,102.0
2020-01-05 14:00:00+00:00,2226645441.0,0.001905811150717857,14.3158833599,197896872.0,2.5362623929977417,2.4578781127929688,0.0,0.0,0.7994392514228821,0.9369290471076965,0.7998940944671631,0.0,0.0,0.0,0.0,0.0,0.0,0.0,5.0,35.0,3.0,14.0,58.0,8.0,106.0
2020-01-05 16:00:00+00:00,2238050165.0,0.0019119233400682395,14.3892083213,209343220.0,3.1898153424263,0.7838379144668579,0.0,0.0,0.7622131705284119,1.6437642574310303,0.0,1.5394067168235779,0.0,0.0,0.0,0.0,0.0,1.5394067168235779,11.0,22.0,6.0,24.0,73.0,11.0,89.0
2020-01-05 18:00:00+00:00,2223142152.0,0.0019084252885841562,14.2933594837,210656258.0,2.452861249446869,0.0,0.0,0.9266955256462097,0.7196635603904724,0.0,0.8065021634101868,1.7555571794509888,0.7162553668022156,0.0,0.0,0.9093630313873291,0.0,0.8461941480636597,11.0,12.0,4.0,18.0,60.0,13.0,78.0
2020-01-05 20:00:00+00:00,2202823628.0,0.0018968970803966909,14.1627245804,208655769.0,1.646956443786621,0.8846922516822815,0.0,0.7461651563644409,0.0,0.9007912874221802,0.0,0.0,0.0,0.0,0.0,0.0,0.0,0.0,8.0,21.0,22.0,16.0,74.0,6.0,46.0
2020-01-05 22:00:00+00:00,2193958689.0,0.0019033984061414234,14.1057287786,202601321.0,3.8412906527519226,0.0,0.0,0.0,2.2033572793006897,0.7786126136779785,0.8593207597732544,0.0,0.0,0.0,0.0,0.0,0.0,0.0,7.0,16.0,10.0,15.0,144.0,12.0,42.0
2020-01-06 00:00:00+00:00,2211045841.0,0.001907332231948312,14.215588063,205366368.0,0.0,0.0,0.0,0.0,0.0,0.0,0.0,0.0,0.0,0.0,0.0,0.0,0.0,0.0,5.0,10.0,4.0,10.0,112.0,8.0,21.0
2020-01-06 02:00:00+00:00,2241489484.0,0.0019097191415127905,14.4113209091,215440769.0,1.49884831905365,0.0,0.0,0.0,0.7624517679214478,0.7363965511322021,0.0,0.0,0.8680431246757507,0.0,0.0,0.0,0.0,0.0,4.0,24.0,2.0,17.0,202.0,2.0,33.0
2020-01-06 04:00:00+00:00,2239533548.0,0.0019073507477686696,14.3987455134,217022147.0,2.3559964895248413,0.7806263566017151,0.0,0.0,0.0,1.5471271276474,0.8088693618774414,0.0,0.0,0.0,0.0,0.0,0.0,0.0,11.0,10.0,5.0,8.0,80.0,6.0,31.0
2020-01-06 06:00:00+00:00,2242495477.0,0.0019104557007438227,14.4177887862,215361848.0,0.7079471349716187,0.0,0.0,0.0,0.0,0.7079471349716187,0.0,0.7997528314590454,0.879193902015686,0.0,0.0,0.0,0.0,0.7997528314590454,6.0,19.0,3.0,15.0,59.0,4.0,46.0
2020-01-06 08:00:00+00:00,2253104569.0,0.0019149209397045723,14.4859983595,222232984.0,1.5079724192619324,0.0,0.0,0.0,0.8043287992477417,0.0,0.7036436200141907,0.0,0.0,0.0,0.0,0.0,0.0,0.0,9.0,21.0,7.0,13.0,70.0,2.0,51.0
2020-01-06 10:00:00+00:00,2285228045.0,0.0019396919268041507,14.692531434,238447384.0,5.096538662910461,0.0,1.668021321296692,0.0,1.6966473460197449,1.7318699955940247,0.0,0.8776910901069641,0.0,0.0,0.0,0.0,0.0,0.8776910901069641,16.0,24.0,6.0,13.0,93.0,12.0,52.0
2020-01-06 12:00:00+00:00,2298775556.0,0.0019430230986048856,14.7796331276,240301143.0,4.520348846912384,0.0,0.0,0.0,1.433185875415802,1.5789007544517517,1.5082622170448303,0.0,0.7848437428474426,0.0,0.0,0.0,0.0,0.0,18.0,48.0,4.0,25.0,64.0,6.0,55.0
2020-01-06 14:00:00+00:00,2275775275.0,0.0019293558910414396,14.6317562685,231456462.0,5.493871986865997,0.7485494613647461,0.0,0.0,0.7480433583259583,0.7460348010063171,3.999793827533722,0.0,0.0,0.0,0.0,0.0,0.0,0.0,19.0,45.0,5.0,23.0,50.0,9.0,96.0
2020-01-06 16:00:00+00:00,2293643501.0,0.001945401369956698,14.7466373514,225157117.0,4.787156283855438,1.7895474433898926,0.0,0.0,0.0,1.5109139680862427,3.2762423157691956,0.0,0.0,0.0,0.0,0.0,0.0,0.0,16.0,26.0,14.0,20.0,64.0,10.0,68.0
2020-01-06 18:00:00+00:00,2297206081.0,0.0019421625581653237,14.769542422,218858160.0,3.1731818318367004,0.0,0.0,0.0,0.0,2.4347420930862427,0.7384397387504578,0.0,0.0,0.0,0.0,0.0,0.0,0.0,13.0,27.0,3.0,27.0,44.0,9.0,44.0
2020-01-06 20:00:00+00:00,2297258984.0,0.0019405287555107154,14.769882558,212170450.0,3.8922694325447083,0.9357873201370239,1.4387993812561035,0.0,0.7036048769950867,0.8140778541564941,0.0,0.789135217666626,0.0,0.0,0.789135217666626,0.0,0.0,0.0,9.0,14.0,10.0,23.0,68.0,12.0,34.0
2020-01-06 22:00:00+00:00,2326597812.0,0.0019222266079352277,14.9585121581,224500726.0,4.1997681856155396,0.0,0.0,0.0,0.718099057674408,0.9027315974235535,2.578937530517578,0.0,0.8290865421295166,0.0,0.0,0.0,0.0,0.0,9.0,24.0,5.0,30.0,247.0,14.0,42.0
2020-01-07 00:00:00+00:00,2329725010.0,0.0018954474754586802,14.9786180059,232725139.0,0.0,0.8134837746620178,0.0,0.0,0.0,0.0,0.0,0.0,0.0,0.0,0.0,0.0,0.0,0.0,0.0,18.0,4.0,21.0,204.0,4.0,37.0
2020-01-07 02:00:00+00:00,2334861382.0,0.0018976345294268147,15.011641544,218496515.0,0.7388728857040405,0.0,0.0,0.0,0.0,0.7388728857040405,0.0,0.0,0.879193902015686,0.0,0.0,0.0,0.0,0.0,7.0,22.0,12.0,14.0,91.0,8.0,42.0
2020-01-07 04:00:00+00:00,2322935279.0,0.00189124742712217,14.9349644456,213107388.0,4.107458055019379,2.693079650402069,0.0,0.0,1.4143784046173096,0.0,0.0,0.0,0.0,0.0,0.0,0.0,0.0,0.0,14.0,27.0,4.0,13.0,77.0,5.0,37.0
2020-01-07 06:00:00+00:00,2319714281.0,0.0018859495575545492,14.9142555261,210041695.0,2.371656894683838,0.0,0.0,0.0,0.7059819102287292,0.852363646030426,0.8133113384246826,0.0,0.7650926113128662,0.0,0.0,0.0,0.0,0.0,6.0,33.0,5.0,6.0,71.0,3.0,36.0
2020-01-07 08:00:00+00:00,2315306212.0,0.00188432,14.8859145,200025973.0,2.430889129638672,2.478613018989563,0.0,0.0,0.7096841335296631,0.0,1.7212049961090088,0.8387668132781982,0.0,0.0,0.0,0.0,0.0,0.8387668132781982,10.0,26.0,2.0,3.0,61.0,7.0,59.0
2020-01-07 10:00:00+00:00,2327927634.0,0.0018827241800334995,14.9670620481,188942158.0,2.4658091068267822,0.0,0.0,0.0,0.0,1.5863533020019531,0.8794558048248291,1.6573436260223389,0.0,0.0,0.0,0.0,0.9452558755874634,0.7120877504348755,15.0,38.0,7.0,15.0,194.0,12.0,66.0
2020-01-07 12:00:00+00:00,2292389508.0,0.00186817,14.73857499,189161991.0,0.7098310589790344,0.0,0.0,0.0,0.0,0.0,0.7098310589790344,0.7632569670677185,0.0,0.0,0.0,0.0,0.0,0.7632569670677185,13.0,31.0,11.0,17.0,281.0,11.0,72.0
2020-01-07 14:00:00+00:00,2266282926.0,0.00186398,14.57072663,187148962.0,3.2142783403396606,0.0,0.0,0.0,0.714081346988678,0.0,2.5001969933509827,0.0,0.0,0.0,0.0,0.0,0.0,0.0,16.0,58.0,8.0,24.0,65.0,9.0,80.0
2020-01-07 16:00:00+00:00,2326958513.0,0.0018822497117108945,14.9608312302,195626657.0,3.0654531121253967,0.0,0.0,0.0,0.7059819102287292,0.851463794708252,1.5080074071884155,0.0,0.0,0.0,0.0,0.0,0.0,0.0,16.0,36.0,24.0,21.0,84.0,12.0,63.0
2020-01-07 18:00:00+00:00,2343181672.0,0.00186097,15.0651356,202828840.0,3.1817373633384705,0.7153883576393127,0.0,0.0,1.6145588159561157,1.5671785473823547,0.0,0.0,0.0,0.0,0.0,0.0,0.0,0.0,12.0,42.0,8.0,30.0,88.0,9.0,47.0
2020-01-07 20:00:00+00:00,2324752274.0,0.00186125,14.94664655,204270261.0,1.5740361213684082,0.8507537841796875,0.0,0.0,0.81035977602005,0.7636763453483582,0.0,0.714238166809082,0.789779782295227,0.0,0.0,0.0,0.0,0.714238166809082,5.0,40.0,20.0,29.0,185.0,17.0,26.0
2020-01-07 22:00:00+00:00,2336513523.0,0.0018405271367932696,15.0222637348,192154912.0,10.26272165775299,0.9914830327033997,0.0,0.0,0.0,10.26272165775299,0.0,0.0,0.0,0.0,0.0,0.0,0.0,0.0,12.0,21.0,8.0,24.0,169.0,24.0,35.0
2020-01-08 00:00:00+00:00,2353795273.0,0.0018114,15.13337416,191338763.0,2.2849233746528625,0.0,0.0,0.0,0.7430027723312378,1.5419206023216248,0.0,0.0,0.0,0.0,0.0,0.0,0.0,0.0,7.0,26.0,13.0,22.0,130.0,12.0,20.0
2020-01-08 02:00:00+00:00,2331125672.0,0.00180709,14.98762335,195760209.0,2.285556375980377,0.0,0.0,0.0,0.7508939504623413,0.7853911519050598,0.7492712736129761,0.72514408826828,0.7233176827430725,0.0,0.0,0.72514408826828,0.0,0.0,8.0,29.0,6.0,21.0,93.0,12.0,21.0
2020-01-08 04:00:00+00:00,2344700332.0,0.00180367,15.07489959,194467858.0,2.416413426399231,1.8164156675338745,0.0,0.0,0.0,1.5857735872268677,0.8306398391723633,1.6938190460205078,2.3062031269073486,0.0,0.0,0.0,0.0,1.6938190460205078,13.0,27.0,6.0,8.0,66.0,6.0,36.0
2020-01-08 06:00:00+00:00,2328652392.0,0.00180403,14.97172177,192663977.0,2.3380232453346252,0.0,0.0,0.0,0.7585375308990479,0.7157785296440125,0.8637071847915649,0.0,0.0,0.0,0.0,0.0,0.0,0.0,10.0,27.0,10.0,9.0,51.0,13.0,46.0
2020-01-08 08:00:00+00:00,2329227497.0,0.00180124,14.97541932,193617354.0,2.460201382637024,0.0,0.0,0.0,0.7309105396270752,1.7292908430099487,0.0,0.0,0.0,0.0,0.0,0.0,0.0,0.0,6.0,23.0,5.0,9.0,58.0,6.0,70.0
2020-01-08 10:00:00+00:00,2335303536.0,0.00180027,15.0144843,191726376.0,2.220995604991913,0.0,0.0,0.0,0.7274820804595947,0.7514809370040894,0.7420325875282288,0.7130218744277954,0.7937650680541992,0.0,0.0,0.0,0.0,0.7130218744277954,10.0,21.0,1.0,28.0,38.0,5.0,52.0
2020-01-08 12:00:00+00:00,2318277105.0,0.0017762,14.90501542,186449464.0,0.8029668927192688,2.52317351102829,0.0,0.0,0.8029668927192688,0.0,0.0,0.0,0.0,0.0,0.0,0.0,0.0,0.0,4.0,37.0,4.0,18.0,81.0,12.0,68.0
2020-01-08 14:00:00+00:00,2297297476.0,0.00177059,14.77013003,184089270.0,4.349813222885132,0.9257032871246338,0.0,0.0,0.8590569496154785,3.4907562732696533,0.0,1.6222286224365234,0.0,0.0,0.8864884972572327,0.0,0.0,0.7357401251792908,21.0,39.0,5.0,28.0,90.0,26.0,101.0
2020-01-08 16:00:00+00:00,2259051825.0,0.00178042,14.52423535,188562034.0,2.2767908573150635,0.0,0.0,0.0,0.7815819978713989,0.7438931465148926,0.751315712928772,0.0,0.9176671504974365,0.0,0.0,0.0,0.0,0.0,9.0,34.0,9.0,26.0,94.0,9.0,65.0
2020-01-08 18:00:00+00:00,2241651902.0,0.00178589,14.41236515,182176475.0,3.0395290851593018,1.5730254650115967,0.0,0.0,0.7083383798599243,1.5883158445358276,0.7428748607635498,0.0,0.0,0.0,0.0,0.0,0.0,0.0,6.0,21.0,5.0,33.0,58.0,5.0,59.0
2020-01-08 20:00:00+00:00,2245821637.0,0.00180275,14.43917384,183187802.0,0.0,0.0,0.0,0.0,0.0,0.0,0.0,0.7628183960914612,0.7628183960914612,0.0,0.0,0.0,0.0,0.0,6.0,31.0,1.0,19.0,196.0,24.0,32.0
2020-01-08 22:00:00+00:00,2271292397.0,0.00180732,14.60293427,183632222.0,1.5678455233573914,0.0,0.0,0.0,0.7537676692008972,0.8140778541564941,0.0,1.6354225277900696,0.0,0.0,0.7830938696861267,0.8523286581039429,0.0,0.0,4.0,18.0,5.0,18.0,80.0,6.0,29.0
2020-01-09 00:00:00+00:00,2257866667.0,0.00181077,14.516615550000001,174203060.0,0.7537676692008972,0.0,0.0,0.0,0.7537676692008972,0.0,0.0,0.0,0.0,0.0,0.0,0.0,0.0,0.0,4.0,18.0,6.0,13.0,233.0,7.0,32.0
2020-01-09 02:00:00+00:00,2251384701.0,0.00182017,14.47494072,173522431.0,0.0,0.8103989362716675,0.0,0.0,0.0,0.0,0.0,1.7907643914222717,0.0,1.7907643914222717,0.0,0.0,0.0,0.0,7.0,33.0,6.0,5.0,49.0,9.0,31.0
2020-01-09 04:00:00+00:00,2247056640.0,0.00181754,14.4471141,177145841.0,0.752017617225647,0.0,0.0,0.0,0.752017617225647,0.0,0.0,0.0,0.0,0.0,0.0,0.0,0.0,0.0,5.0,19.0,1.0,5.0,55.0,6.0,32.0
2020-01-09 06:00:00+00:00,2261274772.0,0.00182515,14.53852745,180601471.0,1.4119638204574585,0.9039395451545715,0.0,0.0,1.4119638204574585,0.0,0.0,0.0,0.0,0.0,0.0,0.0,0.0,0.0,5.0,39.0,3.0,8.0,91.0,2.0,28.0
2020-01-09 08:00:00+00:00,2244184565.0,0.00182004,14.42864853,183880895.0,2.283224940299988,2.3215100169181824,0.0,0.0,0.7059819102287292,1.5772430300712585,0.0,0.0,0.0,0.0,0.0,0.0,0.0,0.0,4.0,44.0,3.0,11.0,62.0,3.0,41.0
2020-01-09 10:00:00+00:00,2250315193.0,0.00183131,14.46806448,188927547.0,1.4559502005577087,0.7341676950454712,0.0,0.7475537061691284,0.7083964943885803,0.0,0.0,0.0,3.0307904481887817,0.0,0.0,0.0,0.0,0.0,4.0,32.0,7.0,16.0,68.0,5.0,51.0
2020-01-09 12:00:00+00:00,2261035932.0,0.00182879,14.53699187,187496179.0,1.5073981285095215,0.0,0.0,0.0,0.7698854207992554,0.7375127077102661,0.0,0.0,0.0,0.0,0.0,0.0,0.0,0.0,7.0,22.0,5.0,26.0,62.0,7.0,62.0
2020-01-09 14:00:00+00:00,2249450091.0,0.0018252,14.46250244,182286121.0,2.296282172203064,0.0,0.0,0.0,0.7537676692008972,0.7727187871932983,0.7697957158088684,4.02911239862442,1.4667786359786987,0.0,0.8808416128158569,0.0,0.0,1.6814921498298645,19.0,27.0,18.0,23.0,74.0,6.0,69.0
2020-01-09 16:00:00+00:00,2229861425.0,0.00182245,14.33656005,170213802.0,2.449264407157898,0.0,0.0,0.9656449556350708,0.0,0.7102721333503723,0.7733473181724548,0.0,0.0,0.0,0.0,0.0,0.0,0.0,8.0,30.0,7.0,24.0,89.0,6.0,71.0
2020-01-09 18:00:00+00:00,2245203264.0,0.00181696,14.4351981,171200703.0,4.105889976024628,0.0,0.85989910364151,0.0,0.7402420043945312,0.0,2.5057488679885864,0.8682693839073181,0.0,0.8682693839073181,0.0,0.0,0.0,0.0,16.0,39.0,9.0,22.0,115.0,16.0,60.0
2020-01-09 20:00:00+00:00,2233352784.0,0.0018291716392067024,14.3590072121,169159096.0,0.0,0.8856974840164185,0.0,0.0,0.0,0.0,0.0,0.0,0.0,0.0,0.0,0.0,0.0,0.0,2.0,18.0,8.0,21.0,199.0,7.0,32.0
2020-01-09 22:00:00+00:00,2255020118.0,0.0018401,14.49831409,169699829.0,1.572724163532257,1.7430751323699951,0.0,0.0,0.7730409502983093,0.0,0.7996832132339478,0.0,0.0,0.0,0.0,0.0,0.0,0.0,5.0,35.0,7.0,22.0,58.0,6.0,38.0
2020-01-10 00:00:00+00:00,2244105636.0,0.00183601,14.42814106,164662050.0,0.0,0.0,0.0,0.0,0.0,0.0,0.0,0.0,0.0,0.0,0.0,0.0,0.0,0.0,2.0,18.0,1.0,8.0,170.0,9.0,21.0
2020-01-10 02:00:00+00:00,2238582711.0,0.00183021,14.39263225,161328713.0,0.7402420043945312,1.8283897638320923,0.0,0.0,0.7402420043945312,0.0,0.0,0.0,0.0,0.0,0.0,0.0,0.0,0.0,3.0,22.0,2.0,7.0,52.0,8.0,38.0
2020-01-10 04:00:00+00:00,2230712821.0,0.00183085,14.34203397,158209720.0,4.049801290035248,1.5800968408584595,0.0,0.0,0.0,3.1882007122039795,0.8616005778312683,0.7642141580581665,1.6761131286621094,0.0,0.0,0.0,0.7642141580581665,0.0,13.0,29.0,4.0,11.0,69.0,5.0,32.0
2020-01-10 06:00:00+00:00,2227119432.0,0.00183481,14.31893081,155358552.0,3.2562233209609985,0.7484884262084961,0.0,0.0,0.7402420043945312,1.5897871851921082,0.9261941313743591,0.0,0.0,0.0,0.0,0.0,0.0,0.0,9.0,26.0,5.0,14.0,78.0,7.0,58.0
2020-01-10 08:00:00+00:00,2212671144.0,0.00183437,14.22603771,149408476.0,0.0,0.0,0.0,0.0,0.0,0.0,0.0,0.7985262870788574,0.0,0.0,0.0,0.0,0.7985262870788574,0.0,3.0,26.0,6.0,15.0,54.0,8.0,45.0
2020-01-10 10:00:00+00:00,2236860514.0,0.00183921,14.38155964,150434040.0,3.738538146018982,1.544421672821045,0.0,0.7103105783462524,0.7073948979377747,0.0,2.320832669734955,0.0,0.0,0.0,0.0,0.0,0.0,0.0,16.0,39.0,4.0,10.0,90.0,8.0,66.0
2020-01-10 12:00:00+00:00,2264723357.0,0.00184164,14.56069962,156035157.0,4.878542482852936,0.0,0.0,0.7758459448814392,1.608506202697754,0.7296187877655029,1.7645715475082397,0.0,0.7810820937156677,0.0,0.0,0.0,0.0,0.0,10.0,43.0,9.0,14.0,80.0,15.0,54.0
2020-01-10 14:00:00+00:00,2298127744.0,0.00183643,14.77546812,164434982.0,0.0,0.7545515298843384,0.0,0.0,0.0,0.0,0.0,1.5821454524993896,0.7951198816299438,0.0,0.0,0.0,0.0,0.7870255708694458,3.0,23.0,5.0,20.0,143.0,19.0,84.0
2020-01-10 16:00:00+00:00,2293880444.0,0.00185755,14.74816074,165627665.0,7.981895923614502,0.0,0.7410159707069397,0.0,1.6114476919174194,0.0,5.629432260990143,0.7806715965270996,0.0,0.7806715965270996,0.0,0.0,0.0,0.0,15.0,27.0,4.0,15.0,144.0,14.0,91.0
2020-01-10 18:00:00+00:00,2323473985.0,0.00185266,14.93842798,168626102.0,3.9744532704353333,0.0,0.0,0.0,2.222177803516388,0.0,1.7522754669189453,0.0,0.0,0.0,0.0,0.0,0.0,0.0,12.0,29.0,17.0,28.0,196.0,11.0,51.0
2020-01-10 20:00:00+00:00,2320214224.0,0.00185174,14.91746983,175802106.0,0.0,1.4482624530792236,0.0,0.0,0.0,0.0,0.0,0.0,0.0,0.0,0.0,0.0,0.0,0.0,2.0,22.0,0.0,30.0,123.0,16.0,37.0
2020-01-10 22:00:00+00:00,2337067557.0,0.00183992,15.02582581,200173072.0,3.219623386859894,0.7814183831214905,0.0,0.0,0.7138435244560242,0.8978360891342163,0.8265253901481628,0.0,0.0,0.0,0.0,0.0,0.0,0.0,11.0,14.0,1.0,21.0,156.0,15.0,34.0
2020-01-11 00:00:00+00:00,2338016722.0,0.00183394,15.03192833,201719660.0,0.7383318543434143,1.6105371713638306,0.7383318543434143,0.0,0.0,0.0,0.0,0.0,0.0,0.0,0.0,0.0,0.0,0.0,3.0,12.0,12.0,15.0,170.0,7.0,16.0
2020-01-11 02:00:00+00:00,2315728571.0,0.00182191,14.88863,200508167.0,2.4855093955993652,0.8097299933433533,0.0,0.0,0.7886807322502136,1.6968286633491516,0.0,0.0,0.0,0.0,0.0,0.0,0.0,0.0,4.0,17.0,1.0,14.0,87.0,6.0,26.0
2020-01-11 04:00:00+00:00,2304992476.0,0.00182981,14.81960389,203715637.0,1.591810405254364,2.3537262082099915,0.0,0.0,0.0,0.0,1.591810405254364,0.0,0.7388247847557068,0.0,0.0,0.0,0.0,0.0,6.0,12.0,6.0,17.0,66.0,10.0,27.0
2020-01-11 06:00:00+00:00,2317020813.0,0.00184337,14.89693827,207381390.0,1.683646559715271,0.0,0.0,0.0,0.0,0.7514472603797913,0.9321992993354797,0.0,0.7644317746162415,0.0,0.0,0.0,0.0,0.0,4.0,16.0,13.0,10.0,59.0,5.0,31.0
2020-01-11 08:00:00+00:00,2328315588.0,0.00184531,14.96955634,213981630.0,2.3231820464134216,0.0,0.0,0.0,0.7716023921966553,1.5515796542167664,0.0,0.0,1.8472334742546082,0.0,0.0,0.0,0.0,0.0,12.0,16.0,3.0,14.0,50.0,4.0,48.0
2020-01-11 10:00:00+00:00,2323458402.0,0.00184763,14.93832779,210864733.0,1.6601905226707458,0.0,0.0,0.0,0.0,0.0,1.6601905226707458,0.0,0.0,0.0,0.0,0.0,0.0,0.0,11.0,25.0,10.0,12.0,59.0,1.0,63.0
2020-01-11 12:00:00+00:00,2326705232.0,0.0018500180792577396,14.9592027933,209032288.0,0.8371947407722473,1.6381964087486267,0.0,0.0,0.0,0.0,0.8371947407722473,0.8548809289932251,1.6359010338783264,0.8548809289932251,0.0,0.0,0.0,0.0,7.0,24.0,4.0,19.0,55.0,5.0,54.0
2020-01-11 14:00:00+00:00,2317968272.0,0.00184316,14.90302982,205246309.0,3.4161590337753296,0.0,0.0,0.0,0.8487178683280945,0.0,2.567441165447235,0.7873963117599487,0.0,0.0,0.7873963117599487,0.0,0.0,0.0,15.0,25.0,14.0,21.0,59.0,4.0,79.0
2020-01-11 16:00:00+00:00,2354951329.0,0.00186039,15.14080685,219626838.0,0.0,0.8344973921775818,0.0,0.0,0.0,0.0,0.0,0.0,0.0,0.0,0.0,0.0,0.0,0.0,17.0,21.0,8.0,27.0,100.0,14.0,88.0
2020-01-11 18:00:00+00:00,2356944521.0,0.0018623850580598072,15.1536217727,219742947.0,1.7176226377487183,1.536438226699829,0.0,0.0,0.0,0.7987884879112244,0.9188341498374939,0.0,0.7185173034667969,0.0,0.0,0.0,0.0,0.0,7.0,20.0,2.0,26.0,81.0,10.0,48.0
2020-01-11 20:00:00+00:00,2345129993.0,0.00184902,15.07766204,216244992.0,0.7604436278343201,0.0,0.0,0.0,0.7604436278343201,0.0,0.0,0.0,0.0,0.0,0.0,0.0,0.0,0.0,3.0,24.0,11.0,25.0,97.0,15.0,26.0
2020-01-11 22:00:00+00:00,2324702656.0,0.00185957,14.94632753,201663503.0,0.0,0.9237512946128845,0.0,0.0,0.0,0.0,0.0,0.0,0.0,0.0,0.0,0.0,0.0,0.0,6.0,15.0,9.0,14.0,115.0,17.0,30.0
2020-01-12 00:00:00+00:00,2338711157.0,0.00186437,15.03639309,207642944.0,0.8092789053916931,0.0,0.0,0.0,0.8092789053916931,0.0,0.0,0.0,0.0,0.0,0.0,0.0,0.0,0.0,6.0,17.0,6.0,12.0,85.0,5.0,21.0
2020-01-12 02:00:00+00:00,2361407446.0,0.00187631,15.18231549,217713340.0,0.7335174679756165,0.7335174679756165,0.0,0.0,0.0,0.0,0.0,0.8676712512969971,0.0,0.0,0.0,0.0,0.0,0.8676712512969971,6.0,22.0,9.0,16.0,86.0,5.0,44.0
2020-01-12 04:00:00+00:00,2367197931.0,0.00188502,15.21954454,218802267.0,2.5516255497932434,0.7872348427772522,0.0,0.0,0.0,0.7736446857452393,1.7779808640480042,0.0,1.7374572157859802,0.0,0.0,0.0,0.0,0.0,9.0,8.0,7.0,13.0,60.0,5.0,52.0
2020-01-12 06:00:00+00:00,2380137724.0,0.00188777,15.302739,217784420.0,2.755692958831787,0.0,0.0,0.0,0.0,0.8546148538589478,1.9010781049728394,0.0,0.846258819103241,0.0,0.0,0.0,0.0,0.0,7.0,12.0,0.0,8.0,51.0,12.0,56.0
2020-01-12 08:00:00+00:00,2387628805.0,0.00188399,15.35090178,216337637.0,1.4536300301551819,1.673067033290863,0.0,0.0,0.0,0.7354551553726196,0.7181748747825623,0.0,0.8688173890113831,0.0,0.0,0.0,0.0,0.0,8.0,12.0,0.0,9.0,61.0,8.0,73.0
2020-01-12 10:00:00+00:00,2384020538.0,0.00188416,15.32770297,223807213.0,0.0,0.0,0.0,0.0,0.0,0.0,0.0,0.0,0.0,0.0,0.0,0.0,0.0,0.0,2.0,15.0,5.0,9.0,71.0,5.0,95.0
2020-01-12 12:00:00+00:00,2384641884.0,0.0018778,15.33169782,229414415.0,2.249670922756195,0.0,0.7824246287345886,0.7519497871398926,0.7152965068817139,0.0,0.0,0.0,0.0,0.0,0.0,0.0,0.0,0.0,6.0,31.0,18.0,13.0,57.0,9.0,108.0
2020-01-12 14:00:00+00:00,2380713672.0,0.00187277,15.30644197,232671387.0,0.0,0.0,0.0,0.0,0.0,0.0,0.0,0.0,0.0,0.0,0.0,0.0,0.0,0.0,3.0,42.0,5.0,12.0,61.0,24.0,141.0
2020-01-12 16:00:00+00:00,2369395539.0,0.0018714900059685004,15.2336737322,221951125.0,3.421602725982666,0.8584135174751282,0.0,0.0,0.0,0.7601548433303833,2.6614478826522827,0.0,0.0,0.0,0.0,0.0,0.0,0.0,13.0,29.0,8.0,14.0,109.0,20.0,99.0
2020-01-12 18:00:00+00:00,2367175435.0,0.00186528,15.2193999,219305541.0,0.7355870008468628,0.8006927371025085,0.0,0.0,0.0,0.0,0.7355870008468628,0.0,0.0,0.0,0.0,0.0,0.0,0.0,2.0,22.0,2.0,27.0,75.0,7.0,61.0
2020-01-12 20:00:00+00:00,2374244460.0,0.00187323,15.26484914,225373338.0,1.4829857349395752,0.0,0.0,0.0,1.4829857349395752,0.0,0.0,0.0,0.0,0.0,0.0,0.0,0.0,0.0,5.0,22.0,2.0,28.0,65.0,9.0,54.0
2020-01-12 22:00:00+00:00,2383174104.0,0.0018702803978434537,15.3222609476,231256930.0,3.986663281917572,0.0,0.9193437099456787,0.0,0.0,0.7097377181053162,2.357581853866577,0.0,0.0,0.0,0.0,0.0,0.0,0.0,13.0,8.0,16.0,16.0,141.0,4.0,27.0
2020-01-13 00:00:00+00:00,2383458553.0,0.00187439,15.32408977,232178131.0,0.810248613357544,0.8583313226699829,0.0,0.0,0.0,0.0,0.810248613357544,0.7675257325172424,0.0,0.0,0.0,0.7675257325172424,0.0,0.0,6.0,11.0,7.0,11.0,75.0,6.0,21.0
2020-01-13 02:00:00+00:00,2351316335.0,0.00185435,15.11743619,219329864.0,0.0,0.0,0.0,0.0,0.0,0.0,0.0,0.0,0.0,0.0,0.0,0.0,0.0,0.0,4.0,14.0,3.0,12.0,122.0,1.0,32.0
2020-01-13 04:00:00+00:00,2339867581.0,0.00184933,15.04382815,212654064.0,1.5803459286689758,0.0,0.0,0.0,0.0,0.0,1.5803459286689758,0.0,0.0,0.0,0.0,0.0,0.0,0.0,6.0,15.0,2.0,11.0,106.0,10.0,66.0
2020-01-13 06:00:00+00:00,2341849328.0,0.00185286,15.0565695,215397129.0,0.0,0.0,0.0,0.0,0.0,0.0,0.0,0.0,0.0,0.0,0.0,0.0,0.0,0.0,6.0,22.0,1.0,9.0,36.0,3.0,50.0
2020-01-13 08:00:00+00:00,2345836199.0,0.00185322,15.08220248,218464523.0,2.5357909202575684,0.0,0.0,0.0,0.0,0.0,2.5357909202575684,0.0,0.0,0.0,0.0,0.0,0.0,0.0,6.0,21.0,1.0,14.0,54.0,3.0,33.0
2020-01-13 10:00:00+00:00,2349083003.0,0.00185593,15.10307733,222919977.0,1.5409852862358093,0.8783086538314819,0.0,0.0,0.0,0.801332414150238,0.7396528720855713,0.0,1.5671417713165283,0.0,0.0,0.0,0.0,0.0,5.0,25.0,9.0,7.0,60.0,7.0,62.0
2020-01-13 12:00:00+00:00,2346313627.0,0.00185903,15.08527204,233737137.0,2.503657042980194,0.7065121531486511,0.0,0.0,0.0,0.8709893822669983,1.6326676607131958,0.0,0.0,0.0,0.0,0.0,0.0,0.0,6.0,72.0,3.0,14.0,63.0,13.0,73.0
2020-01-13 14:00:00+00:00,2337920754.0,0.001858,15.03131131,230261811.0,1.7358399629592896,0.0,0.0,0.0,0.0,0.0,1.7358399629592896,0.0,0.0,0.0,0.0,0.0,0.0,0.0,9.0,21.0,5.0,18.0,56.0,7.0,74.0
2020-01-13 16:00:00+00:00,2346270359.0,0.00185434,15.08499385,227163951.0,2.230977416038513,0.9114059805870056,0.0,0.0,0.7186309695243835,0.7544804811477661,0.7578659653663635,0.9504300951957703,0.0,0.0,0.0,0.0,0.9504300951957703,0.0,10.0,29.0,5.0,18.0,59.0,12.0,74.0
2020-01-13 18:00:00+00:00,2344703263.0,0.00185227,15.07491844,226662845.0,2.3574509620666504,0.8509814739227295,0.0,0.0,0.0,1.598142683506012,0.7593082785606384,1.6594762802124023,1.6197710633277893,0.0,0.0,0.0,0.0,0.853905200958252,12.0,16.0,4.0,17.0,78.0,16.0,53.0
2020-01-13 20:00:00+00:00,2358830162.0,0.001859347644903395,15.1657452235,217516975.0,4.09376072883606,0.0,0.0,0.0,0.0,0.0,4.09376072883606,0.0,0.0,0.0,0.0,0.0,0.0,0.0,11.0,35.0,8.0,22.0,74.0,8.0,38.0
2020-01-13 22:00:00+00:00,2368399884.0,0.00186971,15.22727232,211785744.0,0.8307271003723145,0.0,0.0,0.8307271003723145,0.0,0.0,0.0,0.0,0.0,0.0,0.0,0.0,0.0,0.0,8.0,8.0,4.0,19.0,73.0,12.0,34.0
2020-01-14 00:00:00+00:00,2423687622.0,0.00185181,15.58273655,228412167.0,0.0,0.0,0.0,0.0,0.0,0.0,0.0,0.0,0.0,0.0,0.0,0.0,0.0,0.0,3.0,35.0,12.0,14.0,363.0,14.0,23.0
2020-01-14 02:00:00+00:00,2412592705.0,0.001839,15.51140344,240418837.0,0.7405651211738586,0.0,0.0,0.0,0.0,0.7405651211738586,0.0,0.0,1.8702674508094788,0.0,0.0,0.0,0.0,0.0,3.0,26.0,17.0,11.0,107.0,10.0,32.0
2020-01-14 04:00:00+00:00,2406973449.0,0.0018207734559188343,15.4752752763,249793103.0,1.8700395226478577,0.0,0.0,0.0,0.0,1.8700395226478577,0.0,0.7460190057754517,0.9770620465278625,0.0,0.0,0.0,0.7460190057754517,0.0,6.0,26.0,15.0,10.0,87.0,13.0,46.0
2020-01-14 06:00:00+00:00,2417938179.0,0.00182079,15.54577136,248453957.0,0.7338356971740723,1.5426217913627625,0.0,0.0,0.7338356971740723,0.0,0.0,0.0,0.8387026190757751,0.0,0.0,0.0,0.0,0.0,7.0,30.0,17.0,12.0,81.0,7.0,53.0
2020-01-14 08:00:00+00:00,2422335652.0,0.00183043,15.57404426,244976698.0,3.0789380073547363,2.499032199382782,0.0,0.0,0.0,1.5820782780647278,1.4968597292900085,0.7787085175514221,0.0,0.0,0.0,0.0,0.0,0.7787085175514221,10.0,38.0,9.0,23.0,64.0,5.0,55.0
2020-01-14 10:00:00+00:00,2445107054.0,0.00183281,15.72044958,235040099.0,1.510605812072754,1.6622132658958435,0.0,0.0,0.0,0.7460857629776001,0.0,0.7857274413108826,0.0,0.0,0.0,0.0,0.0,0.7857274413108826,6.0,26.0,10.0,25.0,94.0,5.0,74.0
2020-01-14 12:00:00+00:00,2448562886.0,0.0018310060250850662,15.7426683289,223745355.0,0.8234749436378479,1.44088876247406,0.0,0.0,0.0,0.0,0.8234749436378479,0.0,0.0,0.0,0.0,0.0,0.0,0.0,10.0,37.0,21.0,30.0,100.0,24.0,78.0
2020-01-14 14:00:00+00:00,2508245179.0,0.00185458,16.1263867,244061092.0,1.5608477592468262,1.4737769961357117,0.0,0.0,1.5608477592468262,0.0,0.0,0.8039191961288452,0.0,0.0,0.0,0.0,0.8039191961288452,0.0,7.0,47.0,29.0,44.0,128.0,43.0,77.0
2020-01-14 16:00:00+00:00,2577780195.0,0.0018906,16.57345166,276202096.0,4.251068413257599,0.7797110676765442,0.0,0.0,1.6378119587898254,0.0,2.6132564544677734,0.0,0.7489768266677856,0.0,0.0,0.0,0.0,0.0,14.0,36.0,20.0,56.0,190.0,25.0,91.0
2020-01-14 18:00:00+00:00,2586969209.0,0.00189111,16.63253105,297858976.0,1.7096576690673828,3.391484320163727,0.0,0.0,0.7775701880455017,0.9320874810218811,0.0,0.0,0.7551528215408325,0.0,0.0,0.0,0.0,0.0,7.0,48.0,23.0,40.0,112.0,24.0,42.0
2020-01-14 20:00:00+00:00,2567679305.0,0.00188516,16.50850951,296220380.0,0.0,0.0,0.0,0.0,0.0,0.0,0.0,0.0,0.0,0.0,0.0,0.0,0.0,0.0,3.0,38.0,11.0,33.0,20.0,17.0,26.0
2020-01-14 22:00:00+00:00,2582510840.0,0.001880868795194009,16.6038666403,298982503.0,0.8319737911224365,1.5675391554832458,0.0,0.0,0.0,0.8319737911224365,0.0,0.8098719120025635,0.7939708828926086,0.0,0.0,0.0,0.8098719120025635,0.0,7.0,14.0,22.0,34.0,142.0,15.0,41.0
2020-01-15 00:00:00+00:00,2612036488.0,0.0019204837588079088,16.7936973714,304206513.0,1.633645474910736,0.7323020696640015,0.0,0.0,0.780200183391571,0.853445291519165,0.0,0.0,1.636545181274414,0.0,0.0,0.0,0.0,0.0,5.0,43.0,14.0,29.0,268.0,13.0,20.0
2020-01-15 02:00:00+00:00,2650914988.0,0.0019274767180806902,17.0436608616,308448803.0,0.7429211139678955,0.0,0.0,0.0,0.7429211139678955,0.0,0.0,0.0,0.9857707619667053,0.0,0.0,0.0,0.0,0.0,2.0,61.0,12.0,25.0,125.0,6.0,43.0
2020-01-15 04:00:00+00:00,2588695689.0,0.0019161649829080964,16.6436311997,306600087.0,0.0,3.357326567173004,0.0,0.0,0.0,0.0,0.0,0.0,1.455372929573059,0.0,0.0,0.0,0.0,0.0,5.0,52.0,13.0,36.0,85.0,13.0,48.0
2020-01-15 06:00:00+00:00,2577551358.0,0.0019060201208901156,16.57198039,295025046.0,2.298505961894989,0.0,0.0,0.0,0.7267061471939087,0.701945424079895,0.8698543906211853,0.0,1.87629234790802,0.0,0.0,0.0,0.0,0.0,5.0,30.0,9.0,20.0,63.0,5.0,43.0
2020-01-15 08:00:00+00:00,2658094027.0,0.00195788,17.08981742,323423020.0,2.417361855506897,1.6002368330955505,0.0,0.0,0.8750417232513428,0.0,1.5423201322555542,0.7770788669586182,1.91959148645401,0.0,0.0,0.0,0.0,0.7770788669586182,9.0,30.0,4.0,24.0,47.0,5.0,69.0
2020-01-15 10:00:00+00:00,2758032064.0,0.00202753,17.73235406,392160670.0,3.151229739189148,2.5707053542137146,0.0,0.0,0.7940043807029724,0.0,2.3572253584861755,0.0,3.3566741347312927,0.0,0.0,0.0,0.0,0.0,10.0,53.0,12.0,22.0,81.0,9.0,93.0
2020-01-15 12:00:00+00:00,2753158163.0,0.00200007,17.70101804,404197803.0,2.5799670219421387,0.0,0.0,0.0,0.8178348541259766,0.0,1.762132167816162,0.8874247074127197,0.0,0.0,0.0,0.0,0.0,0.8874247074127197,19.0,44.0,3.0,14.0,82.0,6.0,111.0
2020-01-15 14:00:00+00:00,2704013651.0,0.00198315,17.38505076,398507425.0,5.6318817138671875,0.8426856398582458,0.0,0.0,1.4920793771743774,0.9623985290527344,3.1774038076400757,0.826974630355835,0.0,0.0,0.0,0.0,0.826974630355835,0.0,27.0,84.0,14.0,40.0,95.0,18.0,97.0
2020-01-15 16:00:00+00:00,2752723955.0,0.00201816,17.69822637,391959751.0,3.1919379234313965,0.0,0.0,0.0,0.8153385519981384,0.8341043591499329,1.5424950122833252,0.0,0.0,0.0,0.0,0.0,0.0,0.0,11.0,63.0,6.0,26.0,86.0,20.0,89.0
2020-01-15 18:00:00+00:00,2741952063.0,0.00201481,17.6289701,372296775.0,3.1985561847686768,0.0,0.0,0.8946776390075684,0.8476587533950806,0.0,1.4562197923660278,0.0,0.0,0.0,0.0,0.0,0.0,0.0,23.0,65.0,18.0,24.0,51.0,20.0,68.0
2020-01-15 20:00:00+00:00,2743919824.0,0.00200376,17.64162152,373670754.0,1.7170233726501465,0.0,0.0,0.0,0.0,1.7170233726501465,0.0,0.7700197100639343,0.0,0.0,0.0,0.0,0.0,0.7700197100639343,5.0,37.0,3.0,34.0,128.0,13.0,33.0
2020-01-15 22:00:00+00:00,2745971388.0,0.00200463,17.65481175,380806616.0,0.7637724876403809,0.0,0.0,0.0,0.7637724876403809,0.0,0.0,0.921196699142456,0.921196699142456,0.0,0.0,0.0,0.0,0.0,7.0,43.0,12.0,33.0,111.0,14.0,34.0
2020-01-16 00:00:00+00:00,2609956333.0,0.00194088,16.78032332,357229067.0,2.937374770641327,0.8560321927070618,0.0,0.0,1.4488562941551208,0.0,1.488518476486206,0.0,2.4780635237693787,0.0,0.0,0.0,0.0,0.0,11.0,21.0,7.0,28.0,341.0,11.0,28.0
2020-01-16 02:00:00+00:00,2573385249.0,0.0019147,16.54519502,350843649.0,0.7345906496047974,0.0,0.0,0.0,0.7345906496047974,0.0,0.0,0.7691177129745483,0.9536052942276001,0.0,0.7691177129745483,0.0,0.0,0.0,4.0,23.0,5.0,14.0,145.0,5.0,32.0
2020-01-16 04:00:00+00:00,2620665859.0,0.001935,16.84917862,343676836.0,0.0,0.7638940215110779,0.0,0.0,0.0,0.0,0.0,0.0,0.8104121685028076,0.0,0.0,0.0,0.0,0.0,4.0,39.0,2.0,15.0,57.0,7.0,55.0
2020-01-16 06:00:00+00:00,2603455044.0,0.0019310987555742583,16.7385242592,340510996.0,3.0489898324012756,0.9046152830123901,0.8261817693710327,0.0,1.487106442451477,0.0,0.7357016205787659,0.0,0.8104121685028076,0.0,0.0,0.0,0.0,0.0,6.0,20.0,6.0,12.0,57.0,5.0,52.0
2020-01-16 08:00:00+00:00,2575544500.0,0.0019164859590601994,16.5590775954,333041881.0,1.6378614902496338,0.0,0.0,0.0,0.0,0.9317750930786133,0.7060863971710205,0.0,0.7611667513847351,0.0,0.0,0.0,0.0,0.0,4.0,20.0,6.0,13.0,74.0,3.0,61.0
2020-01-16 10:00:00+00:00,2599732261.0,0.0019254641497781233,16.7145891837,288645094.0,2.4069326519966125,1.4968859553337097,0.0,0.0,0.7562620043754578,0.9005939960479736,0.7500766515731812,0.0,0.9826862812042236,0.0,0.0,0.0,0.0,0.0,12.0,23.0,6.0,13.0,38.0,5.0,74.0
2020-01-16 12:00:00+00:00,2619832171.0,0.00193917,16.84381854,279549965.0,0.0,0.709759533405304,0.0,0.0,0.0,0.0,0.0,1.7574835419654846,0.0,0.0,0.0,0.0,1.7574835419654846,0.0,5.0,50.0,14.0,16.0,59.0,9.0,86.0
2020-01-16 14:00:00+00:00,2633426169.0,0.00194758,16.93121912,264397722.0,0.7636926770210266,0.0,0.0,0.0,0.0,0.7636926770210266,0.0,0.7461833953857422,0.0,0.0,0.0,0.0,0.7461833953857422,0.0,10.0,53.0,5.0,28.0,42.0,16.0,91.0
2020-01-16 16:00:00+00:00,2618804478.0,0.00193806,16.83721115,260401138.0,4.10667222738266,0.0,0.0,0.0,1.6020042896270752,0.0,2.5046679377555847,0.0,0.0,0.0,0.0,0.0,0.0,0.0,10.0,74.0,11.0,40.0,72.0,24.0,92.0
2020-01-16 18:00:00+00:00,2670946510.0,0.0019740545756998782,17.1724505342,264805023.0,2.111148953437805,4.305332005023956,0.0,0.0,1.401015043258667,0.7101339101791382,0.0,0.0,0.0,0.0,0.0,0.0,0.0,0.0,5.0,47.0,6.0,32.0,142.0,19.0,55.0
2020-01-16 20:00:00+00:00,2650769232.0,0.001959410736717017,17.0427237462,269770168.0,1.4969021081924438,1.6184223294258118,0.0,0.0,1.4969021081924438,0.0,0.0,0.0,0.0,0.0,0.0,0.0,0.0,0.0,3.0,25.0,4.0,32.0,138.0,12.0,45.0
2020-01-16 22:00:00+00:00,2656091975.0,0.00195752,17.07694553,260423404.0,0.0,0.8385570049285889,0.0,0.0,0.0,0.0,0.0,0.0,0.0,0.0,0.0,0.0,0.0,0.0,4.0,17.0,10.0,21.0,84.0,5.0,48.0
2020-01-17 00:00:00+00:00,2713613577.0,0.00200137,17.44677205,261769194.0,1.6054920554161072,0.0,0.0,0.0,0.777500331401825,0.8279917240142822,0.0,0.0,0.0,0.0,0.0,0.0,0.0,0.0,3.0,27.0,11.0,20.0,105.0,37.0,24.0
2020-01-17 02:00:00+00:00,2801391814.0,0.00204881,18.01112908,288227543.0,1.5227490663528442,2.6228275895118713,0.0,0.0,0.8038538098335266,0.0,0.7188952565193176,0.0,0.8375319242477417,0.0,0.0,0.0,0.0,0.0,7.0,31.0,28.0,13.0,147.0,10.0,37.0
2020-01-17 04:00:00+00:00,2824117479.0,0.00204857,18.15724034,314063018.0,0.0,1.4662726521492004,0.0,0.0,0.0,0.0,0.0,0.0,0.0,0.0,0.0,0.0,0.0,0.0,3.0,30.0,7.0,18.0,83.0,6.0,54.0
2020-01-17 06:00:00+00:00,2812018486.0,0.00203123,18.07945167,333720621.0,6.358087956905365,0.0,0.7321992516517639,0.0,4.837122440338135,0.7887662649154663,0.0,4.031188249588013,0.0,3.13772451877594,0.0,0.0,0.8934637308120728,0.0,26.0,47.0,8.0,22.0,128.0,7.0,55.0
2020-01-17 08:00:00+00:00,2813487754.0,0.00202628,18.08889811,338572216.0,9.267959177494049,1.4708312153816223,0.0,0.0,3.857728660106659,4.689253568649292,0.7209769487380981,0.7952362298965454,1.6979615092277527,0.0,0.0,0.0,0.7952362298965454,0.0,28.0,54.0,5.0,3.0,99.0,15.0,51.0
2020-01-17 10:00:00+00:00,2765092210.0,0.00199582,17.77774621,340337731.0,4.198369145393372,0.0,0.0,0.0,0.837143063545227,3.3612260818481445,0.0,0.0,0.0,0.0,0.0,0.0,0.0,0.0,21.0,34.0,8.0,12.0,121.0,9.0,74.0
2020-01-17 12:00:00+00:00,2744451029.0,0.001996066917445938,17.645036831,345855346.0,3.8159722089767456,1.6742662191390991,0.0,0.0,0.7102212905883789,3.1057509183883667,0.0,0.708004355430603,0.0,0.0,0.0,0.0,0.708004355430603,0.0,14.0,45.0,9.0,16.0,96.0,11.0,74.0
2020-01-17 14:00:00+00:00,2762785841.0,0.00200878,17.76291775,354214586.0,12.701629042625427,0.0,0.0,0.0,3.3070329427719116,8.426951169967651,0.9676449298858643,1.7408085465431213,0.0,0.0,0.0,0.0,1.7408085465431213,0.0,35.0,42.0,6.0,19.0,89.0,26.0,66.0
2020-01-17 16:00:00+00:00,2791365152.0,0.00202218,17.94666415,358263853.0,15.826521813869476,0.7109771966934204,0.0,0.0,1.7428566217422485,11.62264096736908,1.7500470280647278,0.7546576261520386,0.7698732614517212,0.0,0.0,0.7546576261520386,0.0,0.0,36.0,40.0,19.0,30.0,99.0,18.0,85.0
2020-01-17 18:00:00+00:00,2783859089.0,0.00201622,17.89840505,357052619.0,12.082841694355011,0.0,0.0,0.0,0.7308555245399475,10.6179638504982,0.734022319316864,0.0,0.0,0.0,0.0,0.0,0.0,0.0,24.0,22.0,15.0,31.0,91.0,11.0,60.0
2020-01-17 20:00:00+00:00,2797226304.0,0.00202042,17.98434755,348626364.0,3.241114616394043,0.0,0.0,0.0,0.841524064540863,2.39959055185318,0.0,0.701346755027771,0.0,0.0,0.0,0.701346755027771,0.0,0.0,20.0,41.0,15.0,32.0,87.0,5.0,28.0
2020-01-17 22:00:00+00:00,2820689255.0,0.00203104,18.13519908,347229168.0,3.9418976306915283,0.0,0.0,0.0,1.4895008206367493,1.6924492120742798,0.7599475979804993,2.8039817810058594,0.0,0.0,0.0,1.8665515184402466,0.9374302625656128,0.0,11.0,27.0,10.0,21.0,149.0,8.0,39.0
2020-01-18 00:00:00+00:00,2817575551.0,0.0020312,18.11517999,340665958.0,3.902774930000305,0.0,0.0,0.0,0.0,3.902774930000305,0.0,0.0,0.8557173609733582,0.0,0.0,0.0,0.0,0.0,12.0,33.0,5.0,22.0,93.0,8.0,26.0
2020-01-18 02:00:00+00:00,2792611130.0,0.0020108468665573794,17.9546749827,305858434.0,1.7888541221618652,0.7460846900939941,0.0,0.0,0.0,0.9739614725112915,0.8148926496505737,0.0,0.0,0.0,0.0,0.0,0.0,0.0,5.0,26.0,7.0,19.0,73.0,15.0,53.0
2020-01-18 04:00:00+00:00,2741998879.0,0.00199164,17.62927109,289126246.0,5.441547870635986,0.8186168074607849,0.0,0.0,1.5746968984603882,3.040133833885193,0.8267171382904053,2.5997905135154724,0.8633162975311279,0.0,0.0,0.0,2.5997905135154724,0.0,24.0,21.0,3.0,9.0,79.0,9.0,43.0
2020-01-18 06:00:00+00:00,2756901309.0,0.0019996,17.72508404,271753830.0,1.5065098404884338,0.8976932168006897,0.0,0.0,0.7155779004096985,0.7909319400787354,0.0,0.7479429244995117,0.0,0.0,0.0,0.7479429244995117,0.0,0.0,11.0,14.0,5.0,12.0,62.0,5.0,35.0
2020-01-18 08:00:00+00:00,2773780104.0,0.00200758,17.83360372,266045612.0,6.3659995794296265,0.7479302287101746,0.0,0.0,1.6460040211677551,1.6480940580368042,2.3239712715148926,0.0,0.0,0.0,0.0,0.0,0.0,0.0,22.0,14.0,1.0,8.0,54.0,8.0,54.0
2020-01-18 10:00:00+00:00,2768910159.0,0.00200896,17.80229314,255495697.0,2.6427435278892517,0.9217271208763123,0.0,0.0,0.8595277070999146,0.9501311182975769,0.8330847024917603,0.0,0.0,0.0,0.0,0.0,0.0,0.0,6.0,33.0,0.0,16.0,43.0,6.0,97.0
2020-01-18 12:00:00+00:00,2810585789.0,0.0020235,18.07024036,254024026.0,7.590261399745941,1.5004302859306335,0.0,0.0,0.0,5.194364786148071,1.631067156791687,0.0,0.0,0.0,0.0,0.0,0.0,0.0,13.0,36.0,6.0,10.0,97.0,3.0,70.0
2020-01-18 14:00:00+00:00,2789570901.0,0.00201558,17.93512829,259963957.0,1.5632248520851135,0.0,0.0,0.0,0.7302207350730896,0.8330041170120239,0.0,0.8555851578712463,0.7849143147468567,0.0,0.0,0.0,0.0,0.8555851578712463,9.0,27.0,13.0,14.0,143.0,17.0,84.0
2020-01-18 16:00:00+00:00,2786124846.0,0.0020102,17.91297239,255305601.0,2.4180164337158203,0.0,0.0,0.0,0.0,0.8308086395263672,1.5872077941894531,0.0,0.0,0.0,0.0,0.0,0.0,0.0,14.0,81.0,15.0,17.0,109.0,12.0,68.0
2020-01-18 18:00:00+00:00,2776246388.0,0.00200479,17.84946032,251526046.0,4.022682547569275,0.0,0.0,0.0,1.7251144051551819,0.0,2.297568142414093,0.0,0.0,0.0,0.0,0.0,0.0,0.0,7.0,51.0,6.0,20.0,70.0,5.0,53.0
2020-01-18 20:00:00+00:00,2792506756.0,0.00201306,17.95400393,256420731.0,8.515518486499786,1.610087275505066,0.0,0.0,0.7381341457366943,7.777384340763092,0.0,2.2798434495925903,0.0,0.0,0.0,0.0,2.2798434495925903,0.0,39.0,55.0,8.0,15.0,45.0,18.0,36.0
2020-01-18 22:00:00+00:00,2773373397.0,0.0019941952756746665,17.8309888625,257478631.0,7.212114632129669,0.8077380061149597,0.0,0.0,0.7715105414390564,6.440604090690613,0.0,0.8558050990104675,1.5644330978393555,0.0,0.0,0.0,0.8558050990104675,0.0,23.0,34.0,5.0,12.0,110.0,21.0,45.0
2020-01-19 00:00:00+00:00,2831313586.0,0.00199708,18.20350663,269635572.0,4.244250178337097,0.0,0.0,0.0,0.7867706418037415,3.4574795365333557,0.0,0.0,0.8557173609733582,0.0,0.0,0.0,0.0,0.0,16.0,28.0,5.0,24.0,480.0,17.0,30.0
2020-01-19 02:00:00+00:00,2819931131.0,0.0019849718295269947,18.1303248358,284093589.0,4.182671070098877,0.0,0.0,0.0,0.793815016746521,3.388856053352356,0.0,0.8598048090934753,0.0,0.0,0.8598048090934753,0.0,0.0,0.0,19.0,26.0,5.0,11.0,149.0,11.0,64.0
2020-01-19 04:00:00+00:00,2809199993.0,0.00197907,18.06133059,269810403.0,2.4404998421669006,0.0,0.0,0.0,0.0,2.4404998421669006,0.0,0.7159463167190552,0.8221011757850647,0.0,0.0,0.0,0.7159463167190552,0.0,16.0,33.0,0.0,14.0,64.0,12.0,48.0
2020-01-19 06:00:00+00:00,2799766920.0,0.00198279,18.00068207,267810495.0,3.1795971393585205,0.0,0.0,0.0,0.0,3.1795971393585205,0.0,0.0,0.845410943031311,0.0,0.0,0.0,0.0,0.0,9.0,28.0,8.0,12.0,64.0,30.0,56.0
2020-01-19 08:00:00+00:00,2797106207.0,0.00198277,17.98357541,266975063.0,2.2028326988220215,1.5924041867256165,0.0,0.0,0.7276856899261475,1.475147008895874,0.0,0.7775217890739441,0.8241273760795593,0.0,0.0,0.0,0.7775217890739441,0.0,17.0,20.0,12.0,19.0,56.0,16.0,71.0
2020-01-19 10:00:00+00:00,2681886076.0,0.00198843,17.24278483,279908102.0,4.001233518123627,0.0,0.0,0.0,2.491632878780365,0.7303812503814697,0.779219388961792,0.9130057692527771,0.0,0.0,0.0,0.0,0.9130057692527771,0.0,13.0,23.0,11.0,12.0,84.0,31.0,96.0
2020-01-19 12:00:00+00:00,2645728625.0,0.00196893,17.01031592,284949516.0,4.183556914329529,0.0,0.0,0.0,0.7202164530754089,0.0,3.46334046125412,1.6528831124305725,0.0,0.0,0.8433382511138916,0.0,0.8095448613166809,0.0,13.0,31.0,8.0,13.0,69.0,13.0,121.0
2020-01-19 14:00:00+00:00,2638018914.0,0.00196361,16.96074748,271082256.0,2.6192909479141235,0.9102928638458252,0.0,0.0,0.0,2.6192909479141235,0.0,0.0,0.723631739616394,0.0,0.0,0.0,0.0,0.0,12.0,21.0,10.0,25.0,159.0,6.0,119.0
2020-01-19 16:00:00+00:00,2675192035.0,0.0019849,17.1997465,270906059.0,5.102168560028076,0.0,0.0,0.0,1.5830447673797607,1.842150866985321,1.6769729256629944,0.0,0.0,0.0,0.0,0.0,0.0,0.0,18.0,36.0,10.0,28.0,559.0,14.0,82.0
2020-01-19 18:00:00+00:00,2669516780.0,0.001982818556393181,17.1632582969,265652119.0,1.6526142954826355,0.0,0.0,0.0,0.0,0.0,1.6526142954826355,0.0,0.0,0.0,0.0,0.0,0.0,0.0,3.0,16.0,16.0,26.0,63.0,8.0,89.0
2020-01-19 20:00:00+00:00,2693932957.0,0.00198422,17.32023845,264050100.0,2.445166289806366,0.0,0.0,0.0,1.6906399726867676,0.7545263171195984,0.0,0.8339869379997253,0.0,0.0,0.0,0.0,0.8339869379997253,0.0,5.0,19.0,9.0,14.0,95.0,15.0,56.0
2020-01-19 22:00:00+00:00,2701556607.0,0.00199503,17.36925357,266285621.0,1.6110489964485168,0.0,0.0,0.0,0.8119204640388489,0.0,0.799128532409668,0.0,0.0,0.0,0.0,0.0,0.0,0.0,8.0,19.0,6.0,16.0,321.0,11.0,41.0
2020-01-20 00:00:00+00:00,2667389999.0,0.00197774,17.14958448,248976473.0,2.6788138151168823,0.0,0.0,0.0,0.7612012028694153,1.917612612247467,0.0,0.0,0.0,0.0,0.0,0.0,0.0,0.0,4.0,10.0,5.0,16.0,106.0,9.0,33.0
2020-01-20 02:00:00+00:00,2667584225.0,0.001975796775495199,17.150833222,235136854.0,0.0,0.0,0.0,0.0,0.0,0.0,0.0,0.0,0.0,0.0,0.0,0.0,0.0,0.0,8.0,29.0,2.0,16.0,112.0,14.0,55.0
2020-01-20 04:00:00+00:00,2669698460.0,0.001973578455331976,17.1644263839,239200609.0,0.8810769319534302,0.0,0.0,0.0,0.0,0.8810769319534302,0.0,0.0,0.7776051759719849,0.0,0.0,0.0,0.0,0.0,6.0,27.0,3.0,10.0,86.0,8.0,60.0
2020-01-20 06:00:00+00:00,2670635642.0,0.00198152,17.17045185,242848042.0,0.7794119715690613,0.0,0.0,0.0,0.7794119715690613,0.0,0.0,0.0,0.0,0.0,0.0,0.0,0.0,0.0,8.0,23.0,23.0,16.0,125.0,5.0,109.0
2020-01-20 08:00:00+00:00,2662365664.0,0.00197698,17.11728127,247960390.0,5.1199562549591064,0.9473320245742798,0.0,0.0,0.0,2.634531557559967,2.4854246973991394,0.0,0.0,0.0,0.0,0.0,0.0,0.0,8.0,29.0,2.0,20.0,195.0,6.0,79.0
2020-01-20 10:00:00+00:00,2670263508.0,0.00198386,17.16805928,226049506.0,3.9490230083465576,0.0,0.0,0.0,0.8153385519981384,3.133684456348419,0.0,0.0,0.0,0.0,0.0,0.0,0.0,0.0,10.0,27.0,5.0,14.0,92.0,9.0,79.0
2020-01-20 12:00:00+00:00,2659264094.0,0.00198104,17.09734019,221992830.0,1.669073760509491,0.0,0.0,0.0,0.8431034684181213,0.8259702920913696,0.0,0.8050552010536194,0.0,0.0,0.0,0.0,0.8050552010536194,0.0,6.0,47.0,7.0,17.0,200.0,16.0,157.0
2020-01-20 14:00:00+00:00,2691491685.0,0.001995197529791934,17.3045426597,229567991.0,2.3321847915649414,0.0,0.0,0.0,0.0,0.8873372077941895,1.444847583770752,0.0,0.0,0.0,0.0,0.0,0.0,0.0,11.0,38.0,10.0,14.0,115.0,13.0,143.0
2020-01-20 16:00:00+00:00,2695417374.0,0.00200318,17.32978229,233704511.0,1.7101476192474365,0.0,0.0,0.0,0.0,0.7430587410926819,0.9670888781547546,0.0,0.0,0.0,0.0,0.0,0.0,0.0,10.0,38.0,0.0,24.0,169.0,11.0,116.0
2020-01-20 18:00:00+00:00,2703563979.0,0.002012523606781745,17.3821596627,236591883.0,0.7559571862220764,0.0,0.0,0.0,0.7559571862220764,0.0,0.0,0.0,0.0,0.0,0.0,0.0,0.0,0.0,4.0,45.0,6.0,27.0,182.0,14.0,73.0
2020-01-20 20:00:00+00:00,2712625202.0,0.00201197,17.44041744,239168866.0,0.7673779726028442,0.0,0.0,0.0,0.7673779726028442,0.0,0.0,0.0,0.0,0.0,0.0,0.0,0.0,0.0,5.0,25.0,5.0,38.0,230.0,18.0,56.0
2020-01-20 22:00:00+00:00,2694716492.0,0.00200115,17.32527607,245125919.0,0.0,0.744164764881134,0.0,0.0,0.0,0.0,0.0,0.0,0.766480565071106,0.0,0.0,0.0,0.0,0.0,5.0,18.0,16.0,36.0,167.0,7.0,57.0
2020-01-21 00:00:00+00:00,2709674369.0,0.00201231,17.4214455,255854929.0,3.8990845680236816,0.9200084805488586,0.0,0.0,2.354464888572693,0.7780317664146423,0.7665879130363464,1.4330030679702759,0.8194897770881653,0.0,0.0,0.0,1.4330030679702759,0.0,12.0,28.0,1.0,26.0,60.0,20.0,19.0
2020-01-21 02:00:00+00:00,2732899401.0,0.0020261,17.57076736,269854013.0,3.5734350085258484,0.0,0.923123300075531,0.0,0.8451019525527954,1.805209755897522,0.0,0.0,0.7324055433273315,0.0,0.0,0.0,0.0,0.0,6.0,21.0,8.0,14.0,58.0,6.0,46.0
2020-01-21 04:00:00+00:00,2707735665.0,0.0020097487003206383,17.4089808964,265198004.0,0.7353770732879639,0.9062179327011108,0.0,0.0,0.0,0.0,0.7353770732879639,0.0,0.0,0.0,0.0,0.0,0.0,0.0,13.0,30.0,8.0,13.0,52.0,10.0,58.0
2020-01-21 06:00:00+00:00,2705313473.0,0.00201364,17.39340777,259125968.0,3.1511091589927673,0.9136616587638855,0.0,0.0,0.7133257389068604,0.778846263885498,1.658937156200409,0.0,0.0,0.0,0.0,0.0,0.0,0.0,14.0,50.0,1.0,11.0,120.0,7.0,60.0
2020-01-21 08:00:00+00:00,2707449596.0,0.0020143,17.40714166,256650529.0,1.5453678965568542,0.7342042326927185,0.0,0.0,0.7478218078613281,0.7975460886955261,0.0,0.0,0.0,0.0,0.0,0.0,0.0,0.0,10.0,23.0,3.0,17.0,106.0,14.0,54.0
2020-01-21 10:00:00+00:00,2719640824.0,0.002019328598091205,17.4855233326,260302390.0,2.531466066837311,0.9581394195556641,0.0,0.0,0.0,2.531466066837311,0.0,0.7158495187759399,0.717499315738678,0.0,0.0,0.0,0.7158495187759399,0.0,12.0,19.0,3.0,12.0,70.0,4.0,56.0
2020-01-21 12:00:00+00:00,2748864770.0,0.0020399148912583066,17.6734143117,264242128.0,3.3587934374809265,0.8046519756317139,0.0,0.0,0.7395012974739075,1.786710262298584,0.8325818777084351,0.0,0.76337069272995,0.0,0.0,0.0,0.0,0.0,17.0,24.0,8.0,12.0,109.0,13.0,115.0
2020-01-21 14:00:00+00:00,2772096427.0,0.00205582,17.82277877,268675345.0,7.084222197532654,0.0,0.0,0.0,1.567143201828003,3.84885036945343,1.6682286262512207,1.5897783041000366,0.0,0.0,0.0,0.0,0.849741518497467,0.7400367856025696,35.0,34.0,5.0,15.0,105.0,21.0,107.0
2020-01-21 16:00:00+00:00,2759562493.0,0.00205126,17.74219372,269465680.0,3.11739444732666,0.8914999961853027,0.0,0.0,0.7518046498298645,1.4928008317947388,0.8727889657020569,1.5408613085746765,0.0,0.0,0.0,0.0,1.5408613085746765,0.0,16.0,51.0,12.0,34.0,74.0,19.0,104.0
2020-01-21 18:00:00+00:00,2745397067.0,0.0020654496452347866,17.6511192407,282880373.0,2.192735433578491,1.5243144035339355,0.0,0.0,0.0,1.4587438106536865,0.0,0.0,1.5691176652908325,0.0,0.0,0.0,0.0,0.0,10.0,41.0,15.0,24.0,80.0,23.0,70.0
2020-01-21 20:00:00+00:00,2802149881.0,0.00206122,18.01600295,306873668.0,4.028905153274536,2.332468628883362,0.0,0.0,1.5104459524154663,1.68938410282135,0.8290750980377197,2.4400901794433594,0.0,0.0,0.0,0.0,2.4400901794433594,0.0,16.0,27.0,2.0,21.0,213.0,18.0,43.0
2020-01-21 22:00:00+00:00,2818983413.0,0.0020723130182956112,18.1242316265,295846400.0,0.7152788639068604,0.0,0.0,0.0,0.7152788639068604,0.0,0.0,0.0,0.833945631980896,0.0,0.0,0.0,0.0,0.0,4.0,26.0,5.0,30.0,80.0,8.0,37.0
2020-01-22 00:00:00+00:00,2845382295.0,0.00209518,18.29395928,299002797.0,3.8659961223602295,0.7429467439651489,2.2448487877845764,0.0,0.7152788639068604,0.9058684706687927,0.0,0.7152697443962097,0.8423043489456177,0.7152697443962097,0.0,0.0,0.0,0.0,8.0,12.0,12.0,13.0,102.0,13.0,35.0
2020-01-22 02:00:00+00:00,2825468601.0,0.00208232,18.16592717,288927543.0,0.7913734316825867,0.7528418898582458,0.0,0.0,0.0,0.0,0.7913734316825867,0.0,0.7712892889976501,0.0,0.0,0.0,0.0,0.0,4.0,36.0,10.0,8.0,92.0,10.0,58.0
2020-01-22 04:00:00+00:00,2832334728.0,0.00208679,18.21007191,292480324.0,0.7852444648742676,0.0,0.0,0.0,0.0,0.7852444648742676,0.0,0.0,0.0,0.0,0.0,0.0,0.0,0.0,7.0,24.0,1.0,18.0,87.0,4.0,66.0
2020-01-22 06:00:00+00:00,2848624186.0,0.00209641,18.31480254,309370525.0,0.7644756436347961,1.6296702027320862,0.0,0.0,0.7644756436347961,0.0,0.0,0.8997241854667664,0.7453403472900391,0.0,0.0,0.0,0.0,0.8997241854667664,5.0,23.0,4.0,10.0,169.0,7.0,87.0
2020-01-22 08:00:00+00:00,2820368005.0,0.0020867582879706033,18.1331336561,311936816.0,0.8449777364730835,0.7063466906547546,0.0,0.0,0.0,0.0,0.8449777364730835,1.428303599357605,0.0,0.0,0.0,0.0,1.428303599357605,0.0,8.0,30.0,1.0,9.0,114.0,4.0,89.0
2020-01-22 10:00:00+00:00,2770489533.0,0.00205573,17.81244749,310310960.0,1.6465305089950562,0.8489589095115662,0.0,0.0,0.0,1.6465305089950562,0.0,0.0,0.7025532126426697,0.0,0.0,0.0,0.0,0.0,8.0,22.0,4.0,8.0,138.0,9.0,80.0
2020-01-22 12:00:00+00:00,2745408433.0,0.00204006,17.65119231,300991526.0,1.408609926700592,0.0,0.0,0.0,0.0,0.708398699760437,0.700211226940155,1.42490816116333,0.0,0.0,0.0,0.0,1.42490816116333,0.0,12.0,18.0,5.0,20.0,157.0,7.0,121.0
2020-01-22 14:00:00+00:00,2753314200.0,0.00204347,17.70202126,296923969.0,2.640298366546631,0.8891305327415466,0.0,0.0,0.0,0.8193963170051575,1.8209020495414734,0.712454080581665,0.0,0.0,0.0,0.0,0.712454080581665,0.0,8.0,39.0,5.0,18.0,74.0,23.0,124.0
2020-01-22 16:00:00+00:00,2760815684.0,0.0020436403941157723,17.7502509235,282537212.0,3.171826481819153,1.628436803817749,0.0,0.0,0.0,0.7048723697662354,2.4669541120529175,1.8876298666000366,0.0,1.8876298666000366,0.0,0.0,0.0,0.0,16.0,55.0,5.0,32.0,166.0,31.0,141.0
2020-01-22 18:00:00+00:00,2753188994.0,0.00204093,17.70121627,263870958.0,0.708589494228363,0.0,0.0,0.0,0.708589494228363,0.0,0.0,0.0,0.0,0.0,0.0,0.0,0.0,0.0,10.0,32.0,9.0,29.0,178.0,15.0,89.0
2020-01-22 20:00:00+00:00,2745028746.0,0.00203645,17.64875118,240751066.0,5.0839362144470215,0.0,0.0,0.0,0.8658918142318726,3.339386284351349,0.8786581158638,0.0,0.7538618445396423,0.0,0.0,0.0,0.0,0.0,9.0,27.0,2.0,38.0,133.0,11.0,58.0
2020-01-22 22:00:00+00:00,2768298455.0,0.0020503,17.79836028,237634401.0,1.5974631905555725,0.8305916786193848,0.0,0.0,0.0,0.0,1.5974631905555725,0.0,0.0,0.0,0.0,0.0,0.0,0.0,6.0,22.0,9.0,23.0,249.0,8.0,33.0
2020-01-23 00:00:00+00:00,2723932660.0,0.00203009,17.513117049999998,224972001.0,2.3280481696128845,0.0,0.0,0.0,1.473700761795044,0.8543474078178406,0.0,0.0,0.0,0.0,0.0,0.0,0.0,0.0,5.0,17.0,11.0,26.0,88.0,42.0,27.0
2020-01-23 02:00:00+00:00,2713640260.0,0.00202629,17.44694361,221624630.0,1.7097249627113342,0.7253820896148682,0.0,0.0,0.0,1.7097249627113342,0.0,0.0,0.0,0.0,0.0,0.0,0.0,0.0,6.0,24.0,9.0,17.0,63.0,6.0,46.0
2020-01-23 04:00:00+00:00,2688440684.0,0.00201974,17.28492671,227445143.0,2.4811010360717773,0.0,0.713161051273346,0.0,0.8862216472625732,0.8817183375358582,0.0,0.7158495187759399,0.0,0.0,0.0,0.0,0.7158495187759399,0.0,8.0,14.0,3.0,12.0,86.0,6.0,46.0
2020-01-23 06:00:00+00:00,2706156735.0,0.00202604,17.3988294,219402540.0,5.461763083934784,0.0,0.0,0.0,0.824128270149231,2.335930585861206,2.301704227924347,2.14075767993927,0.0,0.0,0.0,0.0,2.14075767993927,0.0,13.0,13.0,17.0,19.0,52.0,7.0,46.0
2020-01-23 08:00:00+00:00,2658694245.0,0.00201935,17.09367643,215622289.0,3.9491711854934692,0.7054290175437927,0.0,0.0,0.7692585587501526,2.368102550506592,0.8118100762367249,2.1332032084465027,0.0,0.0,0.0,0.0,1.4316990375518799,0.7015041708946228,18.0,28.0,3.0,12.0,78.0,18.0,63.0
2020-01-23 10:00:00+00:00,2669631877.0,0.00203144,17.16399829,212077264.0,1.6208816170692444,1.5224149823188782,0.0,0.0,0.819126546382904,0.8017550706863403,0.0,0.7158495187759399,0.7035840749740601,0.0,0.0,0.0,0.7158495187759399,0.0,7.0,16.0,3.0,32.0,77.0,9.0,62.0
2020-01-23 12:00:00+00:00,2638985879.0,0.00202455,16.96696444,204197610.0,3.4650216698646545,0.7301861047744751,0.0,0.0,1.6041370630264282,0.8882092833518982,0.9726753234863281,0.7158495187759399,0.8021058440208435,0.0,0.0,0.0,0.7158495187759399,0.0,10.0,24.0,0.0,28.0,64.0,6.0,79.0
2020-01-23 14:00:00+00:00,2650656116.0,0.00203449,17.04199648,211046394.0,0.8884044289588928,0.0,0.0,0.0,0.0,0.0,0.8884044289588928,0.0,0.0,0.0,0.0,0.0,0.0,0.0,5.0,53.0,3.0,33.0,79.0,10.0,92.0
2020-01-23 16:00:00+00:00,2629379721.0,0.00202436,16.90520309,208321667.0,3.3049582839012146,0.0,0.0,0.0,0.7941673398017883,0.0,2.5107909440994263,0.7933856844902039,0.9341445565223694,0.0,0.0,0.0,0.0,0.7933856844902039,16.0,40.0,8.0,45.0,56.0,10.0,106.0
2020-01-23 18:00:00+00:00,2624370146.0,0.00201391,16.87299478,213351361.0,2.3909250497817993,0.0,0.0,0.0,1.5327988862991333,0.0,0.858126163482666,0.0,0.9985285997390747,0.0,0.0,0.0,0.0,0.0,8.0,16.0,16.0,35.0,75.0,38.0,58.0
2020-01-23 20:00:00+00:00,2659879776.0,0.00203241,17.10129863,218554026.0,0.9026557803153992,0.9212156534194946,0.0,0.0,0.0,0.0,0.9026557803153992,0.0,0.0,0.0,0.0,0.0,0.0,0.0,11.0,23.0,1.0,25.0,56.0,18.0,35.0
2020-01-23 22:00:00+00:00,2647453375.0,0.00202479,17.02140494,221009513.0,1.6020426750183105,0.0,0.0,0.0,0.7657222151756287,0.8363204598426819,0.0,0.0,0.0,0.0,0.0,0.0,0.0,0.0,8.0,22.0,8.0,22.0,63.0,15.0,45.0
2020-01-24 00:00:00+00:00,2635525724.0,0.0020219381638986816,16.9447178974,223553255.0,0.0,0.0,0.0,0.0,0.0,0.0,0.0,0.0,0.0,0.0,0.0,0.0,0.0,0.0,0.0,11.0,3.0,12.0,49.0,5.0,20.0
2020-01-24 02:00:00+00:00,2595357782.0,0.001998360610216098,16.6864641297,225133201.0,3.3718226552009583,0.0,0.0,0.0,1.6103058457374573,1.761516809463501,0.0,1.4316990375518799,0.0,0.0,0.0,0.0,1.4316990375518799,0.0,15.0,26.0,7.0,16.0,53.0,18.0,44.0
2020-01-24 04:00:00+00:00,2583772453.0,0.0019934,16.61197799,214255904.0,4.887198030948639,0.0,0.0,0.0,0.7890137434005737,4.098184287548065,0.0,0.7158495187759399,0.0,0.0,0.0,0.0,0.7158495187759399,0.0,9.0,21.0,4.0,14.0,40.0,8.0,45.0
2020-01-24 06:00:00+00:00,2588858810.0,0.00199530642088968,16.6446799612,211308188.0,3.1466068625450134,0.0,0.0,0.0,0.7151172161102295,2.431489646434784,0.0,0.0,2.6595577001571655,0.0,0.0,0.0,0.0,0.0,7.0,18.0,0.0,13.0,42.0,6.0,56.0
2020-01-24 08:00:00+00:00,2570907783.0,0.00199361,16.52926652,203885365.0,3.351263105869293,0.0,0.8228204846382141,0.0,0.0,1.6476880311965942,0.8807545900344849,2.144153118133545,0.7562278509140015,0.0,0.0,0.0,2.144153118133545,0.0,15.0,20.0,1.0,16.0,69.0,9.0,78.0
2020-01-24 10:00:00+00:00,2641744566.0,0.00202689,16.98470101,211290913.0,2.6002029180526733,0.0,0.0,0.0,0.0,2.6002029180526733,0.0,2.446236789226532,0.7007704377174377,0.0,0.0,0.0,0.0,1.7454663515090942,12.0,15.0,5.0,32.0,51.0,24.0,83.0
2020-01-24 12:00:00+00:00,2681311414.0,0.002042,17.23909013,217416975.0,3.23673814535141,1.7078533172607422,0.0,0.0,0.0,0.8666037321090698,2.37013441324234,0.0,0.0,0.0,0.0,0.0,0.0,0.0,17.0,24.0,1.0,26.0,57.0,35.0,68.0
2020-01-24 14:00:00+00:00,2697505254.0,0.00204087,17.343206,219386681.0,3.1528355479240417,0.0,0.0,0.0,0.0,1.6286360621452332,1.5241994857788086,0.8495707511901855,0.0,0.0,0.0,0.0,0.0,0.8495707511901855,13.0,31.0,3.0,36.0,77.0,32.0,92.0
2020-01-24 16:00:00+00:00,2679367701.0,0.00203346,17.22659332,218323209.0,3.761191189289093,0.0,0.0,0.0,0.7613664865493774,0.7126879692077637,2.287136733531952,1.4316990375518799,0.0,0.0,0.0,0.0,1.4316990375518799,0.0,18.0,27.0,4.0,29.0,61.0,22.0,96.0
2020-01-24 18:00:00+00:00,2689973104.0,0.00203337,17.294779169999998,215359418.0,1.4511649012565613,1.6036009788513184,0.0,0.0,0.0,0.0,0.7192423343658447,0.0,0.0,0.0,0.0,0.0,0.0,0.0,11.0,24.0,5.0,32.0,54.0,15.0,50.0
2020-01-24 20:00:00+00:00,2675650540.0,0.00202196,17.20269439,213347645.0,0.7379729747772217,0.0,0.0,0.0,0.7379729747772217,0.0,0.0,0.0,0.9608205556869507,0.0,0.0,0.0,0.0,0.0,3.0,10.0,4.0,28.0,65.0,14.0,37.0
2020-01-24 22:00:00+00:00,2651498156.0,0.00201854,17.04741025,213341615.0,1.5757650136947632,0.0,0.0,0.0,0.7390772104263306,0.8366878032684326,0.0,0.0,0.0,0.0,0.0,0.0,0.0,0.0,2.0,17.0,6.0,21.0,96.0,6.0,48.0
2020-01-25 00:00:00+00:00,2584323979.0,0.00200271,16.61552394,213004330.0,0.7096858620643616,0.0,0.0,0.0,0.7096858620643616,0.0,0.0,0.0,0.0,0.0,0.0,0.0,0.0,0.0,1.0,30.0,3.0,11.0,83.0,8.0,25.0
2020-01-25 02:00:00+00:00,2600595258.0,0.0020123563776179173,16.7201376933,210664334.0,1.4377325177192688,0.0,0.0,0.0,1.4377325177192688,0.0,0.0,0.0,0.0,0.0,0.0,0.0,0.0,0.0,8.0,22.0,5.0,16.0,58.0,4.0,32.0
2020-01-25 04:00:00+00:00,2599008312.0,0.0020046533415166417,16.7099346617,212686070.0,0.0,0.9161626696586609,0.0,0.0,0.0,0.0,0.0,0.0,0.8146023750305176,0.0,0.0,0.0,0.0,0.0,2.0,22.0,2.0,13.0,56.0,7.0,52.0
2020-01-25 06:00:00+00:00,2618028625.0,0.00202113,16.83222291,219669159.0,0.0,0.999041736125946,0.0,0.0,0.0,0.0,0.0,0.0,0.0,0.0,0.0,0.0,0.0,0.0,7.0,12.0,5.0,9.0,36.0,12.0,46.0
2020-01-25 08:00:00+00:00,2641691396.0,0.0020328,16.98435916,227820854.0,0.7343664765357971,0.0,0.0,0.0,0.7343664765357971,0.0,0.0,0.0,0.7647934556007385,0.0,0.0,0.0,0.0,0.0,6.0,26.0,9.0,12.0,36.0,11.0,81.0
2020-01-25 10:00:00+00:00,2620351342.0,0.00202371,16.84715648,221484029.0,0.8560697436332703,0.0,0.0,0.0,0.0,0.0,0.8560697436332703,0.0,0.0,0.0,0.0,0.0,0.0,0.0,10.0,13.0,3.0,13.0,32.0,12.0,99.0
2020-01-25 12:00:00+00:00,2624744786.0,0.00202261,16.87540347,214123005.0,4.168092608451843,0.7907516956329346,0.8269877433776855,0.0,0.7977617383003235,0.9372226595878601,1.6061204671859741,0.7158495187759399,0.0,0.0,0.0,0.0,0.7158495187759399,0.0,15.0,20.0,6.0,17.0,51.0,5.0,66.0
2020-01-25 14:00:00+00:00,2628842200.0,0.00202664,16.90174718,208159534.0,4.789345860481262,2.39265376329422,0.0,0.0,1.563868522644043,0.7388246059417725,2.4866527318954468,0.7158495187759399,0.0,0.0,0.0,0.0,0.7158495187759399,0.0,10.0,19.0,1.0,21.0,53.0,11.0,85.0
2020-01-25 16:00:00+00:00,2632209484.0,0.00202705,16.92339662,205689716.0,2.427305042743683,0.0,0.0,0.0,2.427305042743683,0.0,0.0,0.0,0.0,0.0,0.0,0.0,0.0,0.0,12.0,40.0,8.0,23.0,54.0,8.0,78.0
2020-01-25 18:00:00+00:00,2642635372.0,0.00202955,16.99042831,204473257.0,0.0,2.5319682359695435,0.0,0.0,0.0,0.0,0.0,0.0,0.0,0.0,0.0,0.0,0.0,0.0,5.0,19.0,12.0,17.0,279.0,18.0,75.0
2020-01-25 20:00:00+00:00,2649064645.0,0.0020288257353838503,17.031764358,205630219.0,2.4193496704101562,0.0,0.0,0.0,0.0,0.8574216961860657,1.5619279742240906,0.8328223824501038,0.0,0.0,0.0,0.0,0.0,0.8328223824501038,6.0,14.0,16.0,29.0,125.0,12.0,32.0
2020-01-25 22:00:00+00:00,2640407667.0,0.00202873,16.97610562,208315919.0,2.223779618740082,0.0,0.0,0.0,2.223779618740082,0.0,0.0,0.0,0.0,0.0,0.0,0.0,0.0,0.0,6.0,11.0,7.0,24.0,87.0,11.0,56.0
2020-01-26 00:00:00+00:00,2647909824.0,0.002039067443560834,17.0243396092,203266133.0,0.0,1.6884449124336243,0.0,0.0,0.0,0.0,0.0,0.0,0.0,0.0,0.0,0.0,0.0,0.0,4.0,25.0,1.0,13.0,45.0,9.0,22.0
2020-01-26 02:00:00+00:00,2652661514.0,0.00203642,17.05488989,200301702.0,0.8814671635627747,0.0,0.0,0.0,0.0,0.0,0.8814671635627747,0.0,0.0,0.0,0.0,0.0,0.0,0.0,2.0,5.0,20.0,10.0,72.0,10.0,58.0
2020-01-26 04:00:00+00:00,2658410271.0,0.00203852,17.09185066,202174975.0,0.7266502976417542,0.0,0.0,0.0,0.0,0.7266502976417542,0.0,2.8633980751037598,0.0,0.0,0.0,0.0,2.8633980751037598,0.0,6.0,31.0,1.0,6.0,62.0,7.0,82.0
2020-01-26 06:00:00+00:00,2656715750.0,0.0020394,17.08095599,197280616.0,0.9093336462974548,0.0,0.0,0.0,0.0,0.0,0.9093336462974548,0.0,0.0,0.0,0.0,0.0,0.0,0.0,2.0,12.0,6.0,6.0,40.0,4.0,74.0
2020-01-26 08:00:00+00:00,2666487685.0,0.00203657,17.14378318,195045298.0,2.2851524353027344,0.0,0.0,0.0,0.0,0.7036387324333191,1.5815137028694153,1.4316990375518799,0.0,0.0,0.0,0.0,1.4316990375518799,0.0,12.0,19.0,4.0,17.0,271.0,6.0,91.0
2020-01-26 10:00:00+00:00,2682496294.0,0.00203688,17.24670814,199119159.0,1.7545759081840515,0.0,0.0,0.0,0.0,1.7545759081840515,0.0,2.144153118133545,0.0,0.0,0.0,0.0,2.144153118133545,0.0,11.0,16.0,4.0,9.0,77.0,5.0,84.0
2020-01-26 12:00:00+00:00,2678361996.0,0.00204018,17.22012729,207989121.0,1.5462583899497986,0.0,0.0,0.0,0.7596331834793091,0.0,0.7866252064704895,0.0,0.0,0.0,0.0,0.0,0.0,0.0,10.0,21.0,5.0,12.0,42.0,2.0,149.0
2020-01-26 14:00:00+00:00,2677677503.0,0.00203341,17.21572645,218517508.0,2.389009714126587,0.0,0.0,0.0,1.6682640314102173,0.0,0.7207456827163696,0.0,0.0,0.0,0.0,0.0,0.0,0.0,13.0,13.0,2.0,24.0,54.0,10.0,200.0
2020-01-26 16:00:00+00:00,2709253565.0,0.00203083,17.41874,234669239.0,1.5768492221832275,1.8126946091651917,0.0,0.0,1.5768492221832275,0.0,0.0,0.8149017095565796,0.0,0.0,0.0,0.0,0.0,0.8149017095565796,7.0,17.0,4.0,22.0,84.0,8.0,179.0
2020-01-26 18:00:00+00:00,2696968949.0,0.00202418,17.33975791,242389899.0,3.2492833137512207,0.0,0.0,0.0,0.8473504185676575,0.727109432220459,1.6748234629631042,0.0,0.0,0.0,0.0,0.0,0.0,0.0,9.0,20.0,7.0,20.0,67.0,6.0,101.0
2020-01-26 20:00:00+00:00,2712178831.0,0.0020288922130428343,17.4375475669,248009486.0,1.571013629436493,0.0,0.0,0.0,0.7692585587501526,0.8017550706863403,0.0,0.0,0.0,0.0,0.0,0.0,0.0,0.0,3.0,25.0,4.0,18.0,83.0,6.0,61.0
2020-01-26 22:00:00+00:00,2712347641.0,0.0020285,17.4386329,248646036.0,0.0,0.8782395720481873,0.0,0.0,0.0,0.0,0.0,0.0,0.0,0.0,0.0,0.0,0.0,0.0,1.0,11.0,2.0,27.0,62.0,5.0,42.0
2020-01-27 00:00:00+00:00,2727663384.0,0.002023972490348557,17.5371031791,253972406.0,0.8221668601036072,0.0,0.0,0.0,0.8221668601036072,0.0,0.0,0.0,0.0,0.0,0.0,0.0,0.0,0.0,1.0,16.0,14.0,30.0,104.0,5.0,21.0
2020-01-27 02:00:00+00:00,2732803365.0,0.00202745,17.57014991,256741551.0,1.6590757966041565,0.9294857382774353,0.0,0.0,0.8333673477172852,0.8257084488868713,0.0,0.0,0.0,0.0,0.0,0.0,0.0,0.0,5.0,14.0,5.0,22.0,35.0,3.0,27.0
2020-01-27 04:00:00+00:00,2727099775.0,0.0020255,17.53347954,253514005.0,0.836200475692749,0.0,0.0,0.0,0.0,0.0,0.836200475692749,0.0,0.0,0.0,0.0,0.0,0.0,0.0,9.0,18.0,3.0,14.0,53.0,5.0,54.0
2020-01-27 06:00:00+00:00,2722571566.0,0.0020213,17.5043661,254348968.0,0.7051529288291931,1.5817856192588806,0.0,0.0,0.0,0.7051529288291931,0.0,0.0,0.0,0.0,0.0,0.0,0.0,0.0,7.0,15.0,0.0,17.0,38.0,6.0,59.0
2020-01-27 08:00:00+00:00,2699940931.0,0.00201006,17.35886582,249435088.0,2.4087191820144653,0.0,0.0,0.0,0.0,0.0,2.4087191820144653,0.0,0.0,0.0,0.0,0.0,0.0,0.0,9.0,17.0,1.0,13.0,42.0,4.0,72.0
2020-01-27 10:00:00+00:00,2729042970.0,0.0020149,17.54597302,247780722.0,4.02259373664856,0.0,0.0,0.0,1.5726050734519958,0.7620478272438049,1.6879408359527588,0.0,0.0,0.0,0.0,0.0,0.0,0.0,13.0,26.0,1.0,14.0,57.0,6.0,76.0
2020-01-27 12:00:00+00:00,2725896203.0,0.0020022,17.52574136,243854264.0,0.7326933145523071,0.0,0.0,0.0,0.7326933145523071,0.0,0.0,0.0,0.0,0.0,0.0,0.0,0.0,0.0,13.0,31.0,7.0,28.0,65.0,6.0,110.0
2020-01-27 14:00:00+00:00,2747504580.0,0.00201316,17.66466918,238045728.0,1.444551944732666,0.0,0.0,0.0,1.444551944732666,0.0,0.0,2.494797110557556,1.784919798374176,0.0,0.0,0.797223687171936,0.0,0.8181043863296509,20.0,15.0,2.0,35.0,63.0,31.0,116.0
2020-01-27 16:00:00+00:00,2736670929.0,0.00200494,17.59501584,226288546.0,4.110496699810028,0.8360528945922852,0.0,0.0,0.7867200970649719,0.8717060685157776,1.6160176396369934,0.0,0.0,0.0,0.0,0.0,0.0,0.0,10.0,52.0,6.0,32.0,70.0,8.0,110.0
2020-01-27 18:00:00+00:00,2756861125.0,0.00198796,17.72482568,226200074.0,3.2131269574165344,0.0,0.0,0.0,2.419359028339386,0.0,0.7937679290771484,0.8429363369941711,0.0,0.0,0.0,0.0,0.0,0.8429363369941711,13.0,36.0,13.0,39.0,123.0,10.0,55.0
2020-01-27 20:00:00+00:00,2766392198.0,0.00199163,17.78610429,228618539.0,0.8355716466903687,0.9147007465362549,0.0,0.0,0.0,0.0,0.8355716466903687,0.0,1.724406361579895,0.0,0.0,0.0,0.0,0.0,5.0,26.0,4.0,33.0,138.0,14.0,39.0
2020-01-27 22:00:00+00:00,2751653009.0,0.0019856,17.69134088,227584506.0,0.8667445778846741,0.0,0.0,0.0,0.8667445778846741,0.0,0.0,0.0,0.0,0.0,0.0,0.0,0.0,0.0,2.0,16.0,9.0,30.0,73.0,9.0,23.0
2020-01-28 00:00:00+00:00,2787133126.0,0.00197164,17.91945498,237439776.0,2.399551510810852,0.9145136475563049,0.0,0.0,1.4914093017578125,0.0,0.9081422090530396,0.0,0.0,0.0,0.0,0.0,0.0,0.0,5.0,16.0,9.0,27.0,97.0,12.0,23.0
2020-01-28 02:00:00+00:00,2768528931.0,0.0019615968976379405,17.7998420937,236688565.0,0.9145136475563049,0.9145136475563049,0.0,0.0,0.0,0.0,0.0,0.0,2.7389180064201355,0.0,0.0,0.0,0.0,0.0,3.0,33.0,7.0,18.0,96.0,7.0,38.0
2020-01-28 04:00:00+00:00,2758632652.0,0.0019582838702002572,17.7362154477,235961057.0,0.7222636938095093,0.0,0.0,0.0,0.0,0.0,0.7222636938095093,0.7548981308937073,0.0,0.7548981308937073,0.0,0.0,0.0,0.0,4.0,11.0,5.0,16.0,88.0,8.0,51.0
2020-01-28 06:00:00+00:00,2762180898.0,0.00197004,17.75902837,233764686.0,0.8006754517555237,0.8419946432113647,0.0,0.0,0.0,0.0,0.8006754517555237,0.0,0.0,0.0,0.0,0.0,0.0,0.0,7.0,22.0,1.0,17.0,55.0,8.0,73.0
2020-01-28 08:00:00+00:00,2754756276.0,0.00196975,17.71129287,231079533.0,1.4945522546768188,0.7014464735984802,0.0,0.0,0.7518900632858276,0.7426621913909912,0.0,0.0,0.9813562035560608,0.0,0.0,0.0,0.0,0.0,6.0,34.0,5.0,17.0,51.0,5.0,57.0
2020-01-28 10:00:00+00:00,2768958028.0,0.00196146,17.80260091,233825958.0,1.5909804701805115,0.0,0.0,0.0,0.8271629214286804,0.0,0.763817548751831,0.0,0.0,0.0,0.0,0.0,0.0,0.0,9.0,30.0,1.0,12.0,44.0,2.0,69.0
2020-01-28 12:00:00+00:00,2774480123.0,0.00196335,17.83810439,234090310.0,0.8962907791137695,0.0,0.0,0.0,0.0,0.0,0.8962907791137695,0.0,0.0,0.0,0.0,0.0,0.0,0.0,8.0,18.0,16.0,22.0,68.0,20.0,89.0
2020-01-28 14:00:00+00:00,2750220118.0,0.00195846,17.68212832,248709207.0,2.3387182354927063,0.0,0.0,0.0,1.6178213953971863,0.0,0.72089684009552,0.0,0.0,0.0,0.0,0.0,0.0,0.0,6.0,32.0,20.0,24.0,98.0,31.0,107.0
2020-01-28 16:00:00+00:00,2746721562.0,0.0019669746730264824,17.6596348815,253437386.0,2.3555198311805725,0.0,0.0,0.0,0.7590672969818115,0.7897787094116211,0.8066738247871399,0.889326810836792,0.0,0.0,0.0,0.0,0.0,0.889326810836792,11.0,25.0,3.0,4.0,122.0,21.0,114.0
2020-01-28 18:00:00+00:00,2750568572.0,0.00195917,17.68436866,247143916.0,0.7381576299667358,0.0,0.0,0.0,0.0,0.0,0.7381576299667358,0.0,0.9709763526916504,0.0,0.0,0.0,0.0,0.0,3.0,31.0,8.0,22.0,56.0,12.0,70.0
2020-01-28 20:00:00+00:00,2755516427.0,0.001952750504130834,17.7161801466,245449910.0,1.6845125555992126,0.8976932168006897,0.7624801397323608,0.0,0.0,0.0,0.9220324158668518,0.0,0.0,0.0,0.0,0.0,0.0,0.0,8.0,31.0,9.0,26.0,72.0,15.0,50.0
2020-01-28 22:00:00+00:00,2809964263.0,0.0019306760931029666,18.0662443525,257226642.0,6.018350303173065,0.0,0.0,0.0,1.6880615949630737,0.0,4.3302887082099915,0.0,0.0,0.0,0.0,0.0,0.0,0.0,9.0,22.0,7.0,28.0,208.0,12.0,56.0
2020-01-29 00:00:00+00:00,2811119930.0,0.00193648,18.07367454,249996756.0,1.4320971965789795,2.205713987350464,0.0,0.0,1.4320971965789795,0.0,0.0,0.0,0.0,0.0,0.0,0.0,0.0,0.0,4.0,15.0,9.0,32.0,113.0,12.0,26.0
2020-01-29 02:00:00+00:00,2831431210.0,0.00194839,18.20426287,254108629.0,3.2678781151771545,0.0,0.0,0.0,0.7336960434913635,0.9392883777618408,1.5948936939239502,2.1494851112365723,0.0,0.0,0.7339316606521606,0.7011271715164185,0.0,0.7144262790679932,13.0,39.0,4.0,26.0,76.0,3.0,43.0
2020-01-29 04:00:00+00:00,2832168982.0,0.00194692,18.20900627,248746547.0,1.4572737216949463,2.2679068446159363,0.0,0.0,0.0,0.7505403757095337,0.0,0.0,0.0,0.0,0.0,0.0,0.0,0.0,6.0,22.0,7.0,29.0,57.0,7.0,39.0
2020-01-29 06:00:00+00:00,2851776485.0,0.00196098,18.33506977,251889660.0,2.42038494348526,2.3767690658569336,0.0,0.0,1.5327638387680054,0.0,0.8876211047172546,0.0,2.4753860235214233,0.0,0.0,0.0,0.0,0.0,6.0,40.0,12.0,22.0,71.0,8.0,42.0
2020-01-29 08:00:00+00:00,2830868738.0,0.0019512,18.20064654,251314566.0,5.032301902770996,0.808912456035614,0.0,0.0,0.8193861246109009,0.7014343738555908,3.5114814043045044,0.8114483952522278,0.0,0.0,0.0,0.0,0.0,0.8114483952522278,14.0,25.0,7.0,23.0,48.0,7.0,58.0
2020-01-29 10:00:00+00:00,2797523193.0,0.00193795,17.98625636,254385021.0,1.7647612690925598,0.0,0.0,0.0,0.0,1.7647612690925598,0.0,0.0,0.0,0.0,0.0,0.0,0.0,0.0,10.0,16.0,8.0,23.0,84.0,5.0,45.0
2020-01-29 12:00:00+00:00,2807133058.0,0.00193891,18.04804155,252103390.0,2.2310158014297485,0.8389326930046082,0.0,0.8101567029953003,0.0,0.0,1.4208590984344482,0.0,0.0,0.0,0.0,0.0,0.0,0.0,13.0,29.0,6.0,22.0,54.0,15.0,69.0
2020-01-29 14:00:00+00:00,2799331797.0,0.00193688,17.9978845,234467396.0,3.9838364720344543,0.0,0.8333756327629089,0.0,0.0,1.5966035723686218,1.5538572669029236,0.9344485402107239,0.774591863155365,0.0,0.0,0.9344485402107239,0.0,0.0,18.0,39.0,4.0,27.0,63.0,17.0,70.0
2020-01-29 16:00:00+00:00,2816381601.0,0.00193905,18.10750367,232891601.0,5.545073866844177,0.7236984372138977,0.0,0.7704336047172546,1.466709852218628,2.4394578337669373,0.8684725761413574,0.0,0.0,0.0,0.0,0.0,0.0,0.0,15.0,24.0,20.0,46.0,55.0,20.0,69.0
2020-01-29 18:00:00+00:00,2824973085.0,0.00193532,18.16274133,237992280.0,1.6958370804786682,2.5525376200675964,0.0,0.0,0.0,1.6958370804786682,0.0,0.0,0.0,0.0,0.0,0.0,0.0,0.0,6.0,36.0,9.0,47.0,75.0,19.0,33.0
2020-01-29 20:00:00+00:00,2805160024.0,0.0019267,18.03535622,234075211.0,0.0,0.0,0.0,0.0,0.0,0.0,0.0,0.0,0.0,0.0,0.0,0.0,0.0,0.0,3.0,62.0,16.0,31.0,143.0,13.0,24.0
2020-01-29 22:00:00+00:00,2787245886.0,0.001923588159565513,17.920179953999998,221630489.0,1.5422972440719604,0.0,0.0,0.0,0.0,0.7841984629631042,0.7580987811088562,0.7218588590621948,0.9538160562515259,0.0,0.0,0.7218588590621948,0.0,0.0,8.0,24.0,10.0,18.0,80.0,17.0,34.0
2020-01-30 00:00:00+00:00,2776084837.0,0.0019235,17.84842166,218494785.0,0.0,0.0,0.0,0.0,0.0,0.0,0.0,2.26322740316391,0.0,2.26322740316391,0.0,0.0,0.0,0.0,4.0,26.0,5.0,9.0,50.0,8.0,25.0
2020-01-30 02:00:00+00:00,2766263522.0,0.00191909,17.78527698,213506421.0,1.5979236960411072,0.7195281982421875,0.0,0.0,1.5979236960411072,0.0,0.0,0.0,0.0,0.0,0.0,0.0,0.0,0.0,6.0,25.0,2.0,17.0,51.0,7.0,30.0
2020-01-30 04:00:00+00:00,2787489819.0,0.00192417,17.92174828,220593083.0,0.0,0.0,0.0,0.0,0.0,0.0,0.0,0.8534898161888123,0.0,0.0,0.8534898161888123,0.0,0.0,0.0,10.0,26.0,3.0,9.0,64.0,13.0,30.0
2020-01-30 06:00:00+00:00,2832790993.0,0.0019417999805969063,18.213005398,225130364.0,3.285638988018036,0.0,0.0,0.0,0.0,0.8780052661895752,2.4076337218284607,0.0,0.0,0.0,0.0,0.0,0.0,0.0,8.0,22.0,4.0,15.0,70.0,6.0,42.0
2020-01-30 08:00:00+00:00,2815100762.0,0.00193606,18.09926871,224664723.0,1.5826085805892944,0.8904771208763123,0.0,0.0,0.0,0.0,1.5826085805892944,0.0,0.0,0.0,0.0,0.0,0.0,0.0,5.0,42.0,7.0,22.0,84.0,3.0,38.0
2020-01-30 10:00:00+00:00,2818232365.0,0.00193999,18.11940287,219154450.0,2.4623939990997314,0.0,0.0,0.0,0.7107295393943787,0.9356749653816223,0.8159894943237305,0.0,0.0,0.0,0.0,0.0,0.0,0.0,5.0,25.0,3.0,18.0,33.0,6.0,58.0
2020-01-30 12:00:00+00:00,2825161681.0,0.00193481,18.16395388,221906034.0,3.1339613795280457,0.0,0.0,0.0,0.7368531823158264,1.597392201423645,0.7997159957885742,0.7292149066925049,0.0,0.0,0.7292149066925049,0.0,0.0,0.0,7.0,47.0,8.0,21.0,42.0,5.0,44.0
2020-01-30 14:00:00+00:00,2829293375.0,0.00194047,18.19051799,224395326.0,0.7058061957359314,0.0,0.0,0.0,0.7058061957359314,0.0,0.0,0.7023546099662781,0.0,0.0,0.7023546099662781,0.0,0.0,0.0,9.0,50.0,7.0,31.0,49.0,10.0,69.0
2020-01-30 16:00:00+00:00,2833413883.0,0.00192824,18.21701018,235874327.0,4.693776607513428,0.8210031390190125,1.4874550104141235,0.0,0.751435399055481,0.0,2.4548861980438232,0.0,0.9599408507347107,0.0,0.0,0.0,0.0,0.0,8.0,37.0,7.0,34.0,170.0,14.0,54.0
2020-01-30 18:00:00+00:00,2847429605.0,0.001929,18.30712216,235321603.0,3.22492378950119,0.749795138835907,0.0,0.0,0.7251248955726624,0.0,2.499798893928528,0.0,0.0,0.0,0.0,0.0,0.0,0.0,9.0,43.0,10.0,32.0,86.0,18.0,55.0
2020-01-30 20:00:00+00:00,2883925012.0,0.00194465,18.54176391,248296035.0,2.9816717505455017,0.0,0.0,0.0,2.9816717505455017,0.0,0.0,0.8188167214393616,0.0,0.0,0.0,0.8188167214393616,0.0,0.0,23.0,26.0,13.0,41.0,194.0,11.0,32.0
2020-01-30 22:00:00+00:00,2891490938.0,0.00195503,18.5904079,264686498.0,2.5197659134864807,0.0,0.0,0.0,0.0,0.0,2.5197659134864807,2.324685037136078,0.0,0.0,0.7800909876823425,0.0,0.0,1.5445940494537354,14.0,18.0,18.0,42.0,71.0,4.0,39.0
2020-01-31 00:00:00+00:00,2883735150.0,0.00195778,18.54054322,262942898.0,0.7743358612060547,0.0,0.0,0.7743358612060547,0.0,0.0,0.0,0.0,0.0,0.0,0.0,0.0,0.0,0.0,6.0,13.0,9.0,31.0,60.0,13.0,23.0
2020-01-31 02:00:00+00:00,2927983884.0,0.00199421,18.82503383,275850028.0,1.48454749584198,0.0,0.0,0.0,1.48454749584198,0.0,0.0,0.0,0.0,0.0,0.0,0.0,0.0,0.0,8.0,31.0,5.0,20.0,64.0,12.0,33.0
2020-01-31 04:00:00+00:00,2869561321.0,0.00197051,18.44941471,280324653.0,1.5270922183990479,0.0,0.0,0.0,0.0,0.0,1.5270922183990479,0.0,0.0,0.0,0.0,0.0,0.0,0.0,8.0,27.0,5.0,15.0,64.0,15.0,30.0
2020-01-31 06:00:00+00:00,2853864077.0,0.0019622186640583066,18.3484916302,276978898.0,0.0,1.6092445850372314,0.0,0.0,0.0,0.0,0.0,0.0,0.0,0.0,0.0,0.0,0.0,0.0,12.0,16.0,4.0,14.0,56.0,4.0,57.0
2020-01-31 08:00:00+00:00,2867741767.0,0.001967229047919794,18.4377161611,278518572.0,1.7113961577415466,0.0,0.0,0.0,0.8027397394180298,0.0,0.9086564183235168,0.0,0.0,0.0,0.0,0.0,0.0,0.0,9.0,31.0,2.0,19.0,64.0,7.0,62.0
2020-01-31 10:00:00+00:00,2843968102.0,0.00196045,18.28486695,275002964.0,0.0,0.0,0.0,0.0,0.0,0.0,0.0,0.0,0.0,0.0,0.0,0.0,0.0,0.0,4.0,19.0,4.0,20.0,46.0,12.0,39.0
2020-01-31 12:00:00+00:00,2808319921.0,0.00194623,18.0556723,284596958.0,2.322109043598175,0.0,0.0,0.0,1.4777005314826965,0.0,0.8444085121154785,0.0,1.6532251238822937,0.0,0.0,0.0,0.0,0.0,5.0,26.0,4.0,19.0,52.0,17.0,72.0
2020-01-31 14:00:00+00:00,2801443401.0,0.00193501,18.01146075,283395265.0,0.7866802215576172,0.0,0.0,0.0,0.7866802215576172,0.0,0.0,0.0,0.0,0.0,0.0,0.0,0.0,0.0,9.0,41.0,6.0,23.0,64.0,11.0,72.0
2020-01-31 16:00:00+00:00,2805121464.0,0.0019419,18.0351083,270793082.0,1.5399560928344727,0.0,0.0,0.0,0.754673957824707,0.0,0.7852821350097656,0.0,0.0,0.0,0.0,0.0,0.0,0.0,8.0,22.0,4.0,35.0,43.0,9.0,70.0
2020-01-31 18:00:00+00:00,2815050498.0,0.00194581,18.09894554,270142904.0,1.6046457290649414,0.0,0.0,0.0,0.0,0.0,1.6046457290649414,1.6377191543579102,0.0,0.0,0.8508647680282593,0.0,0.7868543863296509,0.0,9.0,48.0,8.0,22.0,44.0,12.0,47.0
2020-01-31 20:00:00+00:00,2821929796.0,0.00194048,18.14317495,259689526.0,0.7296592593193054,0.0,0.0,0.0,0.7296592593193054,0.0,0.0,0.0,0.8908558487892151,0.0,0.0,0.0,0.0,0.0,1.0,24.0,16.0,18.0,59.0,19.0,40.0
2020-01-31 22:00:00+00:00,2832476037.0,0.00194759,18.21098044,245035922.0,1.5009943842887878,1.5464075803756714,0.0,0.0,0.7281869649887085,0.7728074193000793,0.0,0.7722572088241577,0.0,0.0,0.0,0.0,0.0,0.7722572088241577,4.0,45.0,19.0,17.0,112.0,12.0,29.0
2020-02-01 00:00:00+00:00,2868950235.0,0.00196433,18.44548583,251047915.0,0.7252093553543091,0.0,0.0,0.0,0.7252093553543091,0.0,0.0,0.9006273746490479,0.9006273746490479,0.0,0.0,0.0,0.0,0.0,4.0,14.0,5.0,10.0,103.0,8.0,21.0
2020-02-01 02:00:00+00:00,2864004781.0,0.00195778,18.41368977,246094993.0,1.5575968027114868,0.8461072444915771,0.0,0.0,1.5575968027114868,0.0,0.0,0.0,0.8385414481163025,0.0,0.0,0.0,0.0,0.0,6.0,18.0,8.0,5.0,46.0,8.0,14.0
2020-02-01 04:00:00+00:00,2854347580.0,0.0019532037838630987,18.3516002424,230795256.0,0.0,0.0,0.0,0.0,0.0,0.0,0.0,0.0,0.0,0.0,0.0,0.0,0.0,0.0,0.0,19.0,24.0,19.0,34.0,3.0,18.0
2020-02-01 06:00:00+00:00,2866757088.0,0.00195637,18.43138532,231164271.0,0.0,0.0,0.0,0.0,0.0,0.0,0.0,0.0,0.0,0.0,0.0,0.0,0.0,0.0,1.0,24.0,11.0,16.0,49.0,12.0,24.0
2020-02-01 08:00:00+00:00,2834835486.0,0.00194287,18.22615016,233531531.0,0.0,0.8145174384117126,0.0,0.0,0.0,0.0,0.0,1.4308163523674011,0.0,0.0,1.4308163523674011,0.0,0.0,0.0,4.0,27.0,9.0,11.0,44.0,3.0,36.0
2020-02-01 10:00:00+00:00,2817264502.0,0.00193696,18.11318015,231711625.0,1.4146421551704407,0.0,0.0,0.0,0.7067605257034302,0.7078816294670105,0.0,0.0,0.0,0.0,0.0,0.0,0.0,0.0,3.0,14.0,4.0,10.0,60.0,7.0,38.0
2020-02-01 12:00:00+00:00,2826521168.0,0.00194565,18.17269449,222929484.0,0.0,0.0,0.0,0.0,0.0,0.0,0.0,0.0,0.0,0.0,0.0,0.0,0.0,0.0,2.0,33.0,3.0,15.0,57.0,12.0,36.0
2020-02-01 14:00:00+00:00,2821198000.0,0.00194224,18.13846998,223310463.0,0.7766455411911011,0.7709620594978333,0.0,0.0,0.7766455411911011,0.0,0.0,0.0,0.0,0.0,0.0,0.0,0.0,0.0,6.0,18.0,9.0,14.0,37.0,12.0,44.0
2020-02-01 16:00:00+00:00,2827225467.0,0.0019365,18.17722268,225863705.0,1.6724175810813904,0.0,0.0,0.0,0.7413775324821472,0.0,0.9310400485992432,0.0,0.0,0.0,0.0,0.0,0.0,0.0,4.0,36.0,13.0,26.0,79.0,16.0,53.0
2020-02-01 18:00:00+00:00,2824440956.0,0.00193795,18.15932009,227249378.0,0.9627181887626648,0.0,0.0,0.0,0.0,0.0,0.9627181887626648,0.0,0.0,0.0,0.0,0.0,0.0,0.0,2.0,34.0,11.0,23.0,55.0,21.0,47.0
2020-02-01 20:00:00+00:00,2823551307.0,0.0019361603223261828,18.1536002206,227985995.0,3.0298927426338196,0.7067636251449585,0.0,0.0,0.7019175887107849,1.6212115287780762,0.0,0.0,0.0,0.0,0.0,0.0,0.0,0.0,6.0,38.0,14.0,19.0,73.0,17.0,31.0
2020-02-01 22:00:00+00:00,2833617693.0,0.00193959,18.21832054,238461925.0,3.1371228098869324,1.6313000321388245,0.0,0.0,0.7332979440689087,0.8252039551734924,1.5786209106445312,0.8068042397499084,0.8068042397499084,0.0,0.0,0.0,0.0,0.0,6.0,35.0,15.0,15.0,71.0,6.0,23.0
2020-02-02 00:00:00+00:00,2818006498.0,0.0019411288128759721,18.1179507011,236477135.0,0.874252200126648,0.0,0.0,0.0,0.0,0.874252200126648,0.0,0.0,0.0,0.0,0.0,0.0,0.0,0.0,10.0,29.0,8.0,18.0,68.0,6.0,14.0
2020-02-02 02:00:00+00:00,2801346326.0,0.00194394,18.01083662,236432394.0,0.7619054913520813,1.5091736316680908,0.0,0.0,0.7619054913520813,0.0,0.0,0.0,0.0,0.0,0.0,0.0,0.0,0.0,6.0,10.0,3.0,17.0,52.0,9.0,21.0
2020-02-02 04:00:00+00:00,2826680114.0,0.00195216,18.17371641,243024469.0,1.4724802374839783,4.35261344909668,0.0,0.0,0.0,1.4724802374839783,0.0,0.0,0.7803227305412292,0.0,0.0,0.0,0.0,0.0,6.0,18.0,8.0,14.0,76.0,7.0,33.0
2020-02-02 06:00:00+00:00,2830324094.0,0.0019436552806057048,18.1971448344,245250307.0,1.7216544151306152,0.0,0.0,0.0,0.0,0.8382464647293091,0.8834079504013062,1.551218569278717,0.0,0.0,0.0,0.0,0.702873170375824,0.8483453989028931,7.0,39.0,7.0,15.0,51.0,16.0,44.0
2020-02-02 08:00:00+00:00,2858107509.0,0.00196119,18.37577414,238473262.0,1.656527578830719,0.0,0.0,0.0,0.8173550963401794,0.0,0.8391724824905396,1.5163179636001587,0.0,0.0,0.0,0.7684458494186401,0.7478721141815186,0.0,6.0,23.0,6.0,7.0,46.0,6.0,44.0
2020-02-02 10:00:00+00:00,2874353376.0,0.00196051698284487,18.480224509,241514502.0,4.473515093326569,0.0,0.0,0.0,2.9130234122276306,1.560491681098938,0.0,0.0,0.0,0.0,0.0,0.0,0.0,0.0,7.0,35.0,8.0,11.0,71.0,16.0,43.0
2020-02-02 12:00:00+00:00,2869426967.0,0.00195971,18.4485509,240414308.0,2.4104695916175842,0.0,0.7580564022064209,0.0,0.0,0.0,1.6524131894111633,0.7713496088981628,0.7713496088981628,0.0,0.0,0.0,0.0,0.0,11.0,44.0,8.0,28.0,72.0,5.0,67.0
2020-02-02 14:00:00+00:00,2903430182.0,0.00197632,18.66716948,251530205.0,3.8623090982437134,0.0,0.0,0.0,0.0,0.742588460445404,3.1197206377983093,0.7835254669189453,0.0,0.0,0.0,0.0,0.0,0.7835254669189453,16.0,22.0,5.0,24.0,50.0,9.0,103.0
2020-02-02 16:00:00+00:00,2902379541.0,0.00197759,18.66041454,253236057.0,1.5192028880119324,0.0,0.0,0.0,0.7735354900360107,0.7456673979759216,0.0,0.0,0.0,0.0,0.0,0.0,0.0,0.0,8.0,47.0,12.0,31.0,59.0,20.0,82.0
2020-02-02 18:00:00+00:00,2906484991.0,0.00197891,18.68680992,252885018.0,1.4819811582565308,0.0,0.0,0.0,0.7718487977981567,0.0,0.710132360458374,0.0,0.8840546011924744,0.0,0.0,0.0,0.0,0.0,12.0,19.0,9.0,32.0,83.0,14.0,39.0
2020-02-02 20:00:00+00:00,2918112133.0,0.00198642,18.76156488,263872226.0,2.3851823806762695,0.0,0.0,0.0,0.7019175887107849,0.7661076188087463,0.9171571731567383,0.7996277809143066,0.0,0.7996277809143066,0.0,0.0,0.0,0.0,7.0,38.0,15.0,19.0,75.0,16.0,24.0
2020-02-02 22:00:00+00:00,2869369978.0,0.00197426,18.4481845,256209045.0,0.891925036907196,0.0,0.0,0.0,0.0,0.891925036907196,0.0,0.8036630749702454,0.0,0.0,0.0,0.8036630749702454,0.0,0.0,4.0,29.0,8.0,21.0,150.0,5.0,51.0
2020-02-03 00:00:00+00:00,2908273492.0,0.00196131,18.69830881,265096518.0,0.7718487977981567,0.0,0.0,0.0,0.7718487977981567,0.0,0.0,0.0,0.0,0.0,0.0,0.0,0.0,0.0,3.0,32.0,4.0,14.0,62.0,6.0,21.0
2020-02-03 02:00:00+00:00,2864863509.0,0.00196408,18.41921083,262432684.0,0.0,0.0,0.0,0.0,0.0,0.0,0.0,0.0,0.0,0.0,0.0,0.0,0.0,0.0,2.0,23.0,16.0,9.0,90.0,1.0,21.0
2020-02-03 04:00:00+00:00,2861891211.0,0.00195704,18.40010089,260961070.0,1.4423665404319763,0.0,0.0,0.0,0.0,0.0,1.4423665404319763,0.0,0.9104520082473755,0.0,0.0,0.0,0.0,0.0,12.0,29.0,5.0,12.0,36.0,7.0,24.0
2020-02-03 06:00:00+00:00,2873871645.0,0.0019706,18.47712729,258037903.0,0.7388964891433716,0.0,0.0,0.0,0.0,0.7388964891433716,0.0,1.7695568799972534,0.0,0.0,0.0,0.0,1.7695568799972534,0.0,10.0,17.0,8.0,15.0,29.0,2.0,32.0
2020-02-03 08:00:00+00:00,2861808393.0,0.00196644,18.39956842,258196143.0,3.160042107105255,0.7622907161712646,0.0,0.0,0.0,2.3977513909339905,0.0,0.7629727721214294,0.0,0.0,0.0,0.0,0.0,0.7629727721214294,10.0,32.0,6.0,11.0,29.0,3.0,38.0
2020-02-03 10:00:00+00:00,2858400936.0,0.0019656,18.37766069,257455551.0,3.1569660902023315,0.9506754279136658,0.0,0.0,0.7846892476081848,2.3722768425941467,0.0,0.0,0.0,0.0,0.0,0.0,0.0,0.0,7.0,18.0,6.0,10.0,102.0,7.0,38.0
2020-02-03 12:00:00+00:00,2847200124.0,0.00196315,18.30564675,253882596.0,0.0,0.857337474822998,0.0,0.0,0.0,0.0,0.0,0.0,0.765952467918396,0.0,0.0,0.0,0.0,0.0,6.0,30.0,6.0,26.0,66.0,5.0,49.0
2020-02-03 14:00:00+00:00,2841469916.0,0.00196215,18.26880523,243815345.0,1.728258728981018,0.0,0.0,0.0,0.7846892476081848,0.0,0.9435694813728333,0.7272293567657471,1.5837757587432861,0.0,0.0,0.0,0.0,0.0,6.0,61.0,7.0,26.0,69.0,17.0,55.0
2020-02-03 16:00:00+00:00,2850455186.0,0.00197607,18.32657468,239029312.0,1.5563324689865112,0.0,0.0,0.0,0.7774764895439148,0.0,0.7788559794425964,0.0,0.0,0.0,0.0,0.0,0.0,0.0,11.0,35.0,10.0,21.0,82.0,7.0,46.0
2020-02-03 18:00:00+00:00,2853815366.0,0.0019709,18.34817845,238215243.0,0.7127172946929932,0.0,0.0,0.0,0.7127172946929932,0.0,0.0,0.0,0.0,0.0,0.0,0.0,0.0,0.0,4.0,60.0,4.0,24.0,58.0,14.0,36.0
2020-02-03 20:00:00+00:00,2856421577.0,0.001977227525877459,18.3649346925,225427781.0,0.7138563394546509,0.0,0.0,0.0,0.7138563394546509,0.0,0.0,0.0,0.0,0.0,0.0,0.0,0.0,0.0,4.0,49.0,20.0,27.0,110.0,3.0,39.0
2020-02-03 22:00:00+00:00,2872160505.0,0.001986989172327582,18.4661257768,227737333.0,0.778712272644043,0.715420663356781,0.0,0.0,0.0,0.0,0.778712272644043,0.8589672446250916,0.7619560360908508,0.0,0.0,0.0,0.0,0.8589672446250916,8.0,29.0,10.0,13.0,89.0,10.0,29.0
2020-02-04 00:00:00+00:00,2875934989.0,0.00199266,18.49039325,216124538.0,1.6148760318756104,0.0,0.0,0.0,0.7200735807418823,0.894802451133728,0.0,0.0,0.0,0.0,0.0,0.0,0.0,0.0,7.0,23.0,4.0,13.0,70.0,8.0,10.0
2020-02-04 02:00:00+00:00,2870595236.0,0.0019866,18.45606211,204138910.0,0.7774764895439148,0.0,0.0,0.0,0.7774764895439148,0.0,0.0,0.0,0.0,0.0,0.0,0.0,0.0,0.0,4.0,20.0,5.0,14.0,71.0,8.0,14.0
2020-02-04 04:00:00+00:00,2852717315.0,0.00197745,18.3411187,201813726.0,0.0,0.0,0.0,0.0,0.0,0.0,0.0,0.0,0.73860764503479,0.0,0.0,0.0,0.0,0.0,2.0,25.0,4.0,15.0,27.0,9.0,23.0
2020-02-04 06:00:00+00:00,2858681620.0,0.00198118,18.3794653,203090302.0,1.675605833530426,0.8809035420417786,0.0,0.0,0.0,1.675605833530426,0.0,0.909292459487915,0.0,0.909292459487915,0.0,0.0,0.0,0.0,7.0,28.0,19.0,8.0,0.0,9.0,44.0
2020-02-04 08:00:00+00:00,2807722204.0,0.00196441,18.05182937,215444657.0,0.737260103225708,0.0,0.0,0.0,0.0,0.0,0.737260103225708,0.7433711886405945,3.248320460319519,0.0,0.0,0.0,0.7433711886405945,0.0,10.0,54.0,8.0,21.0,0.0,6.0,46.0
2020-02-04 10:00:00+00:00,2813392581.0,0.00196768,18.08828621,220610351.0,2.3003867864608765,1.4851734042167664,0.0,0.0,0.0,0.0,1.5457849502563477,0.0,0.7355923056602478,0.0,0.0,0.0,0.0,0.0,5.0,35.0,8.0,22.0,0.0,6.0,37.0
2020-02-04 12:00:00+00:00,2791227829.0,0.00196644,17.94578126,220086050.0,1.4278502464294434,1.6548256278038025,0.0,0.0,0.7249438762664795,0.0,0.7029063701629639,0.7945923209190369,0.0,0.0,0.0,0.7945923209190369,0.0,0.0,6.0,36.0,11.0,17.0,58.0,9.0,38.0
2020-02-04 14:00:00+00:00,2826951641.0,0.00197579,18.17546215,224652676.0,3.2489543557167053,0.0,0.0,0.0,1.4840722680091858,0.0,1.7648820877075195,0.0,0.0,0.0,0.0,0.0,0.0,0.0,9.0,78.0,17.0,25.0,84.0,16.0,56.0
2020-02-04 16:00:00+00:00,2834004809.0,0.0019794818442822474,18.2208094458,226380235.0,7.133853495121002,0.9927476644515991,0.9214723110198975,0.0,0.7038846611976624,3.9600017070770264,1.548494815826416,0.0,0.7030057311058044,0.0,0.0,0.0,0.0,0.0,18.0,27.0,9.0,37.0,70.0,18.0,48.0
2020-02-04 18:00:00+00:00,2827717280.0,0.0019794467606589457,18.1803847187,225791348.0,0.7285136580467224,0.7285136580467224,0.0,0.0,0.0,0.0,0.0,0.0,0.8827387690544128,0.0,0.0,0.0,0.0,0.0,6.0,29.0,12.0,26.0,72.0,13.0,47.0
2020-02-04 20:00:00+00:00,2830090588.0,0.00198701,18.19564355,226545003.0,1.4380837678909302,0.0,0.0,0.0,1.4380837678909302,0.0,0.0,0.0,0.7088503837585449,0.0,0.0,0.0,0.0,0.0,5.0,46.0,12.0,23.0,131.0,16.0,29.0
2020-02-04 22:00:00+00:00,2830037701.0,0.001981851313472456,18.1953035141,213707152.0,0.858126163482666,0.0,0.0,0.0,0.0,0.0,0.858126163482666,0.0,0.0,0.0,0.0,0.0,0.0,0.0,5.0,42.0,5.0,13.0,70.0,17.0,27.0
2020-02-05 00:00:00+00:00,2850226092.0,0.001994283794694571,18.3251017511,215937417.0,0.7724782228469849,0.9611958265304565,0.0,0.0,0.7724782228469849,0.0,0.0,1.6631394028663635,1.571030855178833,0.0,0.0,0.0,1.6631394028663635,0.0,5.0,38.0,14.0,17.0,60.0,8.0,17.0
2020-02-05 02:00:00+00:00,2905905599.0,0.00202807,18.6830848,242135909.0,3.104911148548126,2.2896013259887695,0.0,0.0,0.7260186672210693,2.378892481327057,0.0,0.8799395561218262,2.987531542778015,0.8799395561218262,0.0,0.0,0.0,0.0,7.0,53.0,2.0,14.0,64.0,4.0,11.0
2020-02-05 04:00:00+00:00,2900468125.0,0.0020175822118652658,18.6481253773,243083678.0,0.86419278383255,1.6861398220062256,0.0,0.0,0.0,0.86419278383255,0.0,0.0,0.7818798422813416,0.0,0.0,0.0,0.0,0.0,3.0,52.0,7.0,6.0,62.0,9.0,9.0
2020-02-05 06:00:00+00:00,2913954191.0,0.00202189,18.73483202,243369025.0,1.52059406042099,0.0,0.0,0.0,0.7792970538139343,0.0,0.7412970066070557,1.5812569856643677,0.0,0.0,1.5812569856643677,0.0,0.0,0.0,8.0,32.0,8.0,16.0,67.0,7.0,23.0
2020-02-05 08:00:00+00:00,2935153647.0,0.0020390125918573086,18.8711307466,235892377.0,3.7907204031944275,0.9255697131156921,0.0,0.0,0.0,2.239347994327545,1.5513724088668823,0.778984010219574,0.778984010219574,0.0,0.0,0.0,0.0,0.0,10.0,37.0,1.0,20.0,48.0,6.0,34.0
2020-02-05 10:00:00+00:00,2948393525.0,0.00201741,18.95625456,255043057.0,1.8864248991012573,1.6839215159416199,0.0,0.0,0.0,0.0,0.9681727886199951,0.0,0.0,0.0,0.0,0.0,0.0,0.0,14.0,32.0,7.0,16.0,76.0,15.0,35.0
2020-02-05 12:00:00+00:00,2964408874.0,0.00201973,19.05922285,258936215.0,4.774124801158905,0.0,0.0,0.0,0.7034321427345276,2.5611692667007446,1.5095233917236328,0.0,0.0,0.0,0.0,0.0,0.0,0.0,14.0,45.0,11.0,19.0,58.0,9.0,51.0
2020-02-05 14:00:00+00:00,2977435811.0,0.00202137,19.14297759,264434830.0,0.7151898741722107,0.0,0.0,0.0,0.7151898741722107,0.0,0.0,0.0,0.0,0.0,0.0,0.0,0.0,0.0,8.0,30.0,13.0,28.0,56.0,9.0,54.0
2020-02-05 16:00:00+00:00,3006008673.0,0.00202659,19.32668253,279797518.0,2.2553996443748474,0.0,0.0,0.0,2.2553996443748474,0.0,0.0,1.5426694750785828,2.2653967142105103,0.0,0.0,0.0,0.0,0.0,9.0,42.0,14.0,30.0,64.0,0.0,42.0
2020-02-05 18:00:00+00:00,2983868395.0,0.00199336,19.18433492,288927507.0,3.6408859491348267,0.0,0.0,0.0,3.6408859491348267,0.0,0.0,0.0,0.0,0.0,0.0,0.0,0.0,0.0,7.0,29.0,18.0,51.0,118.0,0.0,32.0
2020-02-05 20:00:00+00:00,3007917654.0,0.00199577,19.33895603,296296628.0,1.5494031310081482,0.0,0.0,0.0,0.7627227306365967,0.0,0.7866804003715515,0.0,0.0,0.0,0.0,0.0,0.0,0.0,4.0,33.0,2.0,32.0,63.0,0.0,33.0
2020-02-05 22:00:00+00:00,2990824367.0,0.0019993153558826547,19.229057305,301998799.0,2.139922082424164,0.0,0.0,0.0,2.139922082424164,0.0,0.0,0.0,0.0,0.0,0.0,0.0,0.0,0.0,3.0,47.0,2.0,28.0,74.0,0.0,10.0
2020-02-06 00:00:00+00:00,2988510991.0,0.00200101,19.2141838,308570046.0,0.0,0.0,0.0,0.0,0.0,0.0,0.0,0.0,0.0,0.0,0.0,0.0,0.0,0.0,5.0,27.0,0.0,22.0,88.0,0.0,0.0
2020-02-06 02:00:00+00:00,2986575404.0,0.0020018,19.20173923,285388227.0,0.0,0.0,0.0,0.0,0.0,0.0,0.0,0.0,0.0,0.0,0.0,0.0,0.0,0.0,2.0,33.0,0.0,20.0,39.0,0.0,0.0
2020-02-06 04:00:00+00:00,2998737314.0,0.00200226,19.27993241,286270208.0,0.7722265720367432,0.0,0.0,0.0,0.7722265720367432,0.0,0.0,0.0,0.0,0.0,0.0,0.0,0.0,0.0,2.0,38.0,0.0,17.0,37.0,0.0,0.0
2020-02-06 06:00:00+00:00,3037849734.0,0.00202453,19.53139986,297918863.0,0.0,4.061535596847534,0.0,0.0,0.0,0.0,0.0,0.0,0.7920188307762146,0.0,0.0,0.0,0.0,0.0,0.0,48.0,0.0,9.0,42.0,0.0,0.0
2020-02-06 08:00:00+00:00,3066959049.0,0.0020488070554448303,19.718553837,302339930.0,0.8289734125137329,0.8538399934768677,0.0,0.0,0.8289734125137329,0.0,0.0,0.0,0.7173928022384644,0.0,0.0,0.0,0.0,0.0,1.0,46.0,0.0,23.0,27.0,0.0,0.0
2020-02-06 10:00:00+00:00,3093044702.0,0.0020575,19.88626763,303188258.0,1.540999174118042,2.1805315613746643,0.0,0.0,0.0,0.0,0.828690230846405,0.0,1.842172622680664,0.0,0.0,0.0,0.0,0.0,9.0,52.0,0.0,17.0,42.0,4.0,29.0
2020-02-06 12:00:00+00:00,3113394837.0,0.002059563283267528,20.0171057821,342238907.0,8.90443503856659,1.6185176372528076,0.0,0.0,1.4344444870948792,7.46999055147171,0.0,0.9119045734405518,0.0,0.0,0.0,0.0,0.9119045734405518,0.0,21.0,72.0,10.0,45.0,51.0,30.0,40.0
2020-02-06 14:00:00+00:00,3195353262.0,0.00210012,20.5440452,378648605.0,8.593536913394928,0.857292890548706,0.0,0.0,0.0,8.593536913394928,0.0,2.492394208908081,0.8487940430641174,0.0,0.0,0.0,1.6436001658439636,0.0,24.0,84.0,12.0,33.0,45.0,21.0,27.0
2020-02-06 16:00:00+00:00,3181067757.0,0.00209546,20.45219869,390791964.0,11.33625453710556,0.7360995411872864,0.0,0.0,0.7269426584243774,10.609311878681183,0.0,0.7550943493843079,2.418028235435486,0.0,0.0,0.0,0.7550943493843079,0.0,22.0,36.0,9.0,29.0,27.0,18.0,39.0
2020-02-06 18:00:00+00:00,3195859122.0,0.0021137039147447203,20.5472975495,391625871.0,5.63243293762207,0.0,0.0,0.0,0.8032324314117432,4.829200506210327,0.0,2.6495872735977173,0.0,0.0,0.8019229173660278,0.0,0.0,1.8476643562316895,14.0,28.0,14.0,30.0,10.0,14.0,37.0
2020-02-06 20:00:00+00:00,3195405495.0,0.00210979,20.54438102,393950203.0,4.680497348308563,0.0,0.0,0.0,1.6022144556045532,2.320189893245697,0.758092999458313,0.0,0.0,0.0,0.0,0.0,0.0,0.0,10.0,31.0,23.0,19.0,40.0,13.0,30.0
2020-02-06 22:00:00+00:00,3203319484.0,0.00211672,20.59526283,394704716.0,0.7989820241928101,0.7641171813011169,0.0,0.0,0.7989820241928101,0.0,0.0,0.0,0.8874552249908447,0.0,0.0,0.0,0.0,0.0,6.0,31.0,9.0,33.0,36.0,11.0,30.0
2020-02-07 00:00:00+00:00,3216724164.0,0.00211377,20.68144621,396274112.0,0.9542165398597717,0.0,0.0,0.0,0.0,0.9542165398597717,0.0,0.7597411870956421,0.0,0.0,0.7597411870956421,0.0,0.0,0.0,8.0,53.0,5.0,37.0,0.0,14.0,12.0
2020-02-07 02:00:00+00:00,3248122603.0,0.00213532,20.88331777,418820038.0,1.637528121471405,0.0,0.0,0.0,0.0,1.637528121471405,0.0,0.7862117290496826,0.0,0.0,0.0,0.0,0.7862117290496826,0.0,9.0,41.0,11.0,30.0,0.0,20.0,29.0
2020-02-07 04:00:00+00:00,3259497660.0,0.00214835,20.956452,432175399.0,0.0,1.6612762808799744,0.0,0.0,0.0,0.0,0.0,0.8187193870544434,0.8187193870544434,0.0,0.0,0.0,0.0,0.0,3.0,48.0,4.0,26.0,0.0,12.0,20.0
2020-02-07 06:00:00+00:00,3327208708.0,0.0021888,21.39179004,450242422.0,0.8401315808296204,1.6040101051330566,0.0,0.0,0.0,0.8401315808296204,0.0,0.0,0.0,0.0,0.0,0.0,0.0,0.0,11.0,48.0,17.0,22.0,0.0,11.0,31.0
2020-02-07 08:00:00+00:00,3360952462.0,0.00220965,21.60874045,462153841.0,0.7019747495651245,0.0,0.0,0.0,0.0,0.7019747495651245,0.0,0.8129245042800903,0.0,0.8129245042800903,0.0,0.0,0.0,0.0,14.0,37.0,8.0,20.0,7.0,10.0,48.0
2020-02-07 10:00:00+00:00,3425016007.0,0.002243754515223135,22.0206274163,503322414.0,12.63768357038498,2.327636420726776,0.760521650314331,0.0,2.2586159706115723,9.618545949459076,0.0,0.0,4.120977997779846,0.0,0.0,0.0,0.0,0.0,50.0,46.0,14.0,13.0,75.0,13.0,40.0
2020-02-07 12:00:00+00:00,3427173797.0,0.00225514,22.03450061,504072655.0,3.1017609238624573,0.9507694840431213,0.0,0.0,1.554698884487152,0.8356372117996216,0.7114248275756836,0.7528570294380188,0.9872996211051941,0.0,0.0,0.0,0.0,0.7528570294380188,18.0,44.0,3.0,18.0,65.0,14.0,53.0
2020-02-07 14:00:00+00:00,3407394711.0,0.00223727,21.90733394,488259356.0,1.4944199919700623,2.504086136817932,0.0,0.0,0.7887778282165527,0.7056421637535095,0.0,0.7119600772857666,2.4348286986351013,0.0,0.0,0.0,0.0,0.0,12.0,55.0,19.0,35.0,54.0,5.0,35.0
2020-02-07 16:00:00+00:00,3407707042.0,0.00224129,21.90934202,473371741.0,0.0,0.0,0.0,0.0,0.0,0.0,0.0,0.7039738893508911,1.4735996723175049,0.0,0.0,0.7039738893508911,0.0,0.0,8.0,82.0,7.0,35.0,46.0,0.0,0.0
2020-02-07 18:00:00+00:00,3459596620.0,0.0022783,22.24295829,481491447.0,1.5100086331367493,2.44437438249588,0.0,0.0,0.0,0.0,0.0,0.0,0.0,0.0,0.0,0.0,0.0,0.0,6.0,41.0,11.0,26.0,81.0,0.0,0.0
2020-02-07 20:00:00+00:00,3415688870.0,0.00225425,21.96065999,483967701.0,0.7887778282165527,0.7871974110603333,0.0,0.0,0.7887778282165527,0.0,0.0,0.757411539554596,0.752206027507782,0.0,0.0,0.757411539554596,0.0,0.0,5.0,49.0,5.0,21.0,106.0,0.0,0.0
2020-02-07 22:00:00+00:00,3431490967.0,0.00225218,22.0622572,485529457.0,0.0,0.7251291871070862,0.0,0.0,0.0,0.0,0.0,0.0,0.0,0.0,0.0,0.0,0.0,0.0,3.0,34.0,1.0,29.0,51.0,1.0,1.0
2020-02-08 00:00:00+00:00,3345090252.0,0.00220327,21.50675675,496764098.0,0.0,0.0,0.0,0.0,0.0,0.0,0.0,0.0,0.0,0.0,0.0,0.0,0.0,0.0,4.0,19.0,27.0,27.0,50.0,12.0,12.0
2020-02-08 02:00:00+00:00,3317036010.0,0.00220113,21.3263862,492759697.0,1.438964307308197,0.0,0.0,0.0,0.7331228256225586,0.7058414816856384,0.0,1.5727797746658325,0.0,0.0,0.0,1.5727797746658325,0.0,0.0,12.0,16.0,11.0,33.0,80.0,5.0,25.0
2020-02-08 04:00:00+00:00,3372581385.0,0.00222643,21.68350687,502280534.0,2.171053171157837,0.0,0.0,0.0,0.7095273733139038,1.461525797843933,0.0,0.0,0.0,0.0,0.0,0.0,0.0,0.0,7.0,31.0,6.0,12.0,69.0,6.0,29.0
2020-02-08 06:00:00+00:00,3392759185.0,0.00223838,21.81323702,491565672.0,2.22308087348938,0.8700283169746399,0.0,0.0,0.0,1.4500283598899841,0.7730525135993958,1.7677626013755798,0.0,0.0,0.0,0.8602885007858276,0.0,0.9074741005897522,12.0,29.0,2.0,10.0,47.0,5.0,32.0
2020-02-08 08:00:00+00:00,3414924465.0,0.00224523,21.95574536,485406196.0,1.5572094321250916,2.3351349234580994,0.0,0.0,0.0,0.7969841957092285,0.0,0.7034449577331543,0.8262075185775757,0.0,0.0,0.7034449577331543,0.0,0.0,13.0,26.0,7.0,20.0,78.0,4.0,43.0
2020-02-08 10:00:00+00:00,3397453919.0,0.00222914,21.8434211,425741557.0,1.6084579825401306,1.754170835018158,0.0,0.0,0.0,0.7823445200920105,0.8261134624481201,0.0,0.0,0.0,0.0,0.0,0.0,0.0,10.0,38.0,6.0,23.0,90.0,3.0,53.0
2020-02-08 12:00:00+00:00,3399828137.0,0.00223539,21.85868578,383707671.0,0.7454845905303955,2.4325966238975525,0.0,0.0,0.0,0.7454845905303955,0.0,0.0,0.0,0.0,0.0,0.0,0.0,0.0,10.0,60.0,8.0,21.0,69.0,6.0,64.0
2020-02-08 14:00:00+00:00,3387100243.0,0.00221924,21.7768537,364006939.0,1.4528207182884216,0.9783708453178406,0.0,0.0,0.0,1.4528207182884216,0.0,0.8788053393363953,2.3969674706459045,0.0,0.0,0.0,0.0,0.8788053393363953,11.0,32.0,8.0,38.0,67.0,11.0,52.0
2020-02-08 16:00:00+00:00,3355119695.0,0.00219177,21.57123955,358666006.0,0.7133545875549316,2.198737323284149,0.0,0.0,0.0,0.0,0.7133545875549316,0.8620783090591431,0.0,0.8620783090591431,0.0,0.0,0.0,0.0,15.0,38.0,13.0,26.0,106.0,15.0,50.0
2020-02-08 18:00:00+00:00,3375129710.0,0.0022064954826296083,21.6998909446,360673342.0,2.538827359676361,0.9507694840431213,0.0,0.0,1.5883225798606873,0.0,0.9505047798156738,0.7356637716293335,0.0,0.0,0.0,0.0,0.7356637716293335,0.0,11.0,42.0,1.0,34.0,62.0,7.0,37.0
2020-02-08 20:00:00+00:00,3377639952.0,0.00219943,21.71603017,359621813.0,2.298232614994049,0.0,0.0,0.0,0.7071644067764282,1.5910682082176208,0.0,0.0,0.0,0.0,0.0,0.0,0.0,0.0,4.0,36.0,6.0,26.0,67.0,15.0,32.0
2020-02-08 22:00:00+00:00,3387965858.0,0.00220802,21.78241904,376067881.0,0.7895363569259644,0.0,0.0,0.0,0.0,0.0,0.7895363569259644,0.0,0.0,0.0,0.0,0.0,0.0,0.0,2.0,36.0,5.0,21.0,140.0,12.0,24.0
2020-02-09 00:00:00+00:00,3438795272.0,0.00223294,22.10921914,360701512.0,2.4241809844970703,0.7257941365242004,0.0,0.0,0.7325073480606079,0.0,1.6916736364364624,0.0,0.0,0.0,0.0,0.0,0.0,0.0,8.0,17.0,4.0,29.0,75.0,9.0,16.0
2020-02-09 02:00:00+00:00,3596667648.0,0.00231818,23.12423594,381900117.0,3.0860219597816467,0.0,0.0,0.0,1.4553031921386719,1.6307187676429749,0.0,0.7944129705429077,0.0,0.0,0.0,0.7944129705429077,0.0,0.0,11.0,18.0,9.0,27.0,105.0,9.0,20.0
2020-02-09 04:00:00+00:00,3630015212.0,0.00231601,23.3386391,404164597.0,2.4349377155303955,1.6303869485855103,0.0,0.0,1.5402381420135498,0.8946995735168457,0.0,1.7026913166046143,3.022126257419586,0.9651111364364624,0.0,0.0,0.0,0.7375801801681519,12.0,33.0,13.0,22.0,89.0,9.0,34.0
2020-02-09 06:00:00+00:00,3621483753.0,0.00230532,23.28378736,410895816.0,0.0,0.8082056045532227,0.0,0.0,0.0,0.0,0.0,0.0,0.0,0.0,0.0,0.0,0.0,0.0,2.0,36.0,4.0,20.0,67.0,9.0,45.0
2020-02-09 08:00:00+00:00,3576467274.0,0.00228374,22.99436066,418712461.0,4.190733313560486,0.0,0.0,0.0,0.7513958215713501,2.5151565074920654,0.9241809844970703,0.0,1.6659995317459106,0.0,0.0,0.0,0.0,0.0,8.0,20.0,6.0,22.0,76.0,12.0,52.0
2020-02-09 10:00:00+00:00,3576619129.0,0.00227863,22.99533698,421769576.0,1.7867406606674194,1.431292474269867,0.0,0.0,0.0,1.7867406606674194,0.0,0.0,0.7338194847106934,0.0,0.0,0.0,0.0,0.0,4.0,45.0,7.0,26.0,75.0,22.0,22.0
2020-02-09 12:00:00+00:00,3567613139.0,0.002271346123911419,22.9374343185,429497309.0,4.10470050573349,2.78749680519104,0.0,0.0,0.0,1.6923044323921204,2.4123960733413696,0.7104312181472778,2.44514262676239,0.0,0.0,0.7104312181472778,0.0,0.0,10.0,46.0,0.0,29.0,84.0,12.0,24.0
2020-02-09 14:00:00+00:00,3638714790.0,0.00232202,23.39457174,459812712.0,3.764212727546692,0.0,1.596630871295929,0.0,0.0,0.724713146686554,1.442868709564209,0.0,0.0,0.0,0.0,0.0,0.0,0.0,15.0,35.0,18.0,21.0,65.0,8.0,52.0
2020-02-09 16:00:00+00:00,3727728291.0,0.00237776,23.96687071,514649404.0,2.6357023119926453,5.84309309720993,0.9363227486610413,0.0,0.0,0.7273081541061401,0.9720714092254639,0.0,0.8987347483634949,0.0,0.0,0.0,0.0,0.0,20.0,45.0,18.0,42.0,64.0,11.0,48.0
2020-02-09 18:00:00+00:00,3691780872.0,0.0023597,23.73575216,511963920.0,1.560455858707428,0.0,0.0,0.0,0.0,0.7598096132278442,0.8006462454795837,0.0,0.9723247289657593,0.0,0.0,0.0,0.0,0.0,7.0,26.0,3.0,47.0,59.0,14.0,43.0
2020-02-09 20:00:00+00:00,3729499397.0,0.00238226,23.97825777,519586820.0,0.0,0.0,0.0,0.0,0.0,0.0,0.0,0.0,0.0,0.0,0.0,0.0,0.0,0.0,3.0,37.0,9.0,24.0,96.0,14.0,29.0
2020-02-09 22:00:00+00:00,3780873790.0,0.00240282,24.30856174,523664695.0,1.6534740328788757,0.0,0.0,0.0,0.0,0.7759702205657959,0.8775038123130798,0.0,0.0,0.0,0.0,0.0,0.0,0.0,12.0,26.0,19.0,22.0,85.0,9.0,28.0
2020-02-10 00:00:00+00:00,3771020454.0,0.00238991,24.24521119,533822047.0,0.0,1.4938309788703918,0.0,0.0,0.0,0.0,0.0,0.0,0.0,0.0,0.0,0.0,0.0,0.0,5.0,31.0,5.0,20.0,68.0,6.0,21.0
2020-02-10 02:00:00+00:00,3717348434.0,0.00237079,23.90013497,523214287.0,0.741806149482727,0.0,0.0,0.0,0.0,0.0,0.741806149482727,0.7555366158485413,0.7555366158485413,0.0,0.0,0.0,0.0,0.0,9.0,30.0,12.0,16.0,68.0,8.0,22.0
2020-02-10 04:00:00+00:00,3697306354.0,0.0023697236818427054,23.7712774218,507959596.0,1.596042275428772,0.0,0.0,0.0,0.0,1.596042275428772,0.0,0.0,0.0,0.0,0.0,0.0,0.0,0.0,5.0,26.0,4.0,12.0,115.0,13.0,17.0
2020-02-10 06:00:00+00:00,3860755892.0,0.00249175,24.82215175,610207514.0,0.72447270154953,1.467408299446106,0.0,0.0,0.0,0.72447270154953,0.0,1.4208058714866638,0.9447605013847351,1.4208058714866638,0.0,0.0,0.0,0.0,22.0,23.0,10.0,20.0,96.0,16.0,36.0
2020-02-10 08:00:00+00:00,3811288724.0,0.00249653,24.50411,679587147.0,2.864555537700653,6.534135699272156,0.0,0.0,0.7077330350875854,1.4471582770347595,0.7096642255783081,3.183123826980591,5.551375150680542,0.7052769064903259,0.0,0.9731137752532959,0.7410013675689697,0.0,29.0,50.0,5.0,17.0,77.0,2.0,35.0
2020-02-10 10:00:00+00:00,3790827611.0,0.00248635,24.37255834,708199713.0,0.8049802184104919,2.2723461985588074,0.0,0.0,0.8049802184104919,0.0,0.0,0.0,0.7098852396011353,0.0,0.0,0.0,0.0,0.0,8.0,46.0,6.0,17.0,95.0,8.0,52.0
2020-02-10 12:00:00+00:00,3880324206.0,0.00253737,24.94796329,757503714.0,3.8327397108078003,0.9507694840431213,0.0,0.0,1.466042935848236,0.7097996473312378,1.6568971276283264,0.8186150789260864,1.6860430836677551,0.0,0.0,0.8186150789260864,0.0,0.0,27.0,51.0,12.0,18.0,116.0,13.0,43.0
2020-02-10 14:00:00+00:00,3913324551.0,0.002547228945783603,25.1601340659,757573408.0,1.5593305230140686,0.7707710862159729,0.0,0.0,0.765497088432312,0.0,0.7938334345817566,0.7337635159492493,0.0,0.0,0.0,0.0,0.7337635159492493,0.0,16.0,58.0,5.0,33.0,140.0,12.0,54.0
2020-02-10 16:00:00+00:00,3936045596.0,0.00257523,25.30621562,732642295.0,15.615802943706512,0.8390296101570129,0.8536995053291321,0.0,0.8114061951637268,11.60665875673294,2.344038486480713,4.080071568489075,0.7329553961753845,0.0,0.0,0.0,4.080071568489075,0.0,43.0,35.0,9.0,17.0,67.0,16.0,50.0
2020-02-10 18:00:00+00:00,3948845257.0,0.002584713782707524,25.3885091251,737476222.0,6.204045295715332,1.7714107632637024,0.0,0.0,1.5897491574287415,3.716602921485901,0.0,1.4698814749717712,1.4507704973220825,0.0,0.0,0.0,1.4698814749717712,0.0,28.0,47.0,3.0,28.0,71.0,23.0,54.0
2020-02-10 20:00:00+00:00,3921730301.0,0.00256137,25.21417757,736552471.0,4.065012335777283,0.0,0.0,0.0,1.4560664892196655,2.608945846557617,0.0,0.9397479295730591,0.0,0.0,0.0,0.0,0.9397479295730591,0.0,14.0,52.0,4.0,34.0,119.0,10.0,34.0
2020-02-10 22:00:00+00:00,3929107299.0,0.0025630970412686515,25.2616068773,730628157.0,2.4052995443344116,0.0,0.0,0.0,0.8114061951637268,1.5938933491706848,0.0,0.0,0.0,0.0,0.0,0.0,0.0,0.0,11.0,28.0,3.0,35.0,134.0,11.0,40.0
2020-02-11 00:00:00+00:00,3868839562.0,0.00253831,24.87412449,732966261.0,2.5009334087371826,0.0,0.0,0.0,1.7047698497772217,0.7961635589599609,0.0,0.0,0.0,0.0,0.0,0.0,0.0,0.0,34.0,19.0,16.0,16.0,120.0,17.0,18.0
2020-02-11 02:00:00+00:00,3829977708.0,0.00252907,24.62426802,747609978.0,2.2812798619270325,0.0,0.0,0.0,0.7055015563964844,1.575778305530548,0.0,0.8135849237442017,1.8746514916419983,0.0,0.0,0.0,0.8135849237442017,0.0,16.0,52.0,1.0,10.0,87.0,12.0,15.0
2020-02-11 04:00:00+00:00,3782732836.0,0.00249362,24.32051419,736266977.0,1.6865888237953186,0.0,0.0,0.0,0.0,1.6865888237953186,0.0,0.0,0.0,0.0,0.0,0.0,0.0,0.0,8.0,30.0,4.0,24.0,58.0,15.0,29.0
2020-02-11 06:00:00+00:00,3815985475.0,0.00251541,24.53430705,665034003.0,0.7882429361343384,0.0,0.0,0.0,0.0,0.7882429361343384,0.0,0.0,0.0,0.0,0.0,0.0,0.0,0.0,6.0,28.0,9.0,16.0,67.0,19.0,51.0
2020-02-11 08:00:00+00:00,3863212098.0,0.00253457,24.83794356,591427372.0,3.136642336845398,1.6936981678009033,0.0,0.0,0.0,3.136642336845398,0.0,0.0,0.8298113942146301,0.0,0.0,0.0,0.0,0.0,10.0,29.0,0.0,8.0,77.0,16.0,38.0
2020-02-11 10:00:00+00:00,3873904439.0,0.00254312,24.90668836,561697291.0,0.0,0.0,0.0,0.0,0.0,0.0,0.0,0.0,0.0,0.0,0.0,0.0,0.0,0.0,3.0,30.0,0.0,15.0,53.0,14.0,35.0
2020-02-11 12:00:00+00:00,3879369911.0,0.00253046,24.94182779,533035965.0,2.937038004398346,0.9146885871887207,0.0,0.7239635586738586,1.4673283100128174,0.7457461357116699,0.0,0.0,0.0,0.0,0.0,0.0,0.0,0.0,10.0,62.0,0.0,34.0,84.0,21.0,58.0
2020-02-11 14:00:00+00:00,3869952048.0,0.00247106,24.88127705,533530748.0,1.7553721070289612,1.4931685328483582,0.0,0.0,0.0,0.0,1.7553721070289612,2.2188690900802612,0.0,0.0,0.0,0.0,0.7479932904243469,1.4708757996559143,13.0,76.0,0.0,42.0,209.0,19.0,65.0
2020-02-11 16:00:00+00:00,3963527041.0,0.002504358813516808,25.4829034562,571539548.0,3.4524043202400208,0.0,0.0,0.8629050850868225,0.0,0.927371084690094,1.6621281504631042,0.7163390517234802,0.0,0.0,0.0,0.0,0.0,0.7163390517234802,13.0,58.0,0.0,45.0,159.0,19.0,65.0
2020-02-11 18:00:00+00:00,3951551794.0,0.00250044,25.40591039,572135856.0,3.2379655241966248,2.484583258628845,0.0,0.0,0.7240723967552185,0.9403946399688721,0.0,0.0,2.7279133200645447,0.0,0.0,0.0,0.0,0.0,13.0,63.0,0.0,45.0,134.0,34.0,56.0
2020-02-11 20:00:00+00:00,3926123826.0,0.00248824,25.24242508,559055372.0,0.0,0.8845113515853882,0.0,0.0,0.0,0.0,0.0,0.0,3.0781428813934326,0.0,0.0,0.0,0.0,0.0,7.0,44.0,0.0,35.0,153.0,13.0,35.0
2020-02-11 22:00:00+00:00,3987557482.0,0.00251144,25.63740358,567226060.0,3.3573490381240845,0.0,0.0,0.0,0.0,1.6327645778656006,1.7245844602584839,0.0,0.0,0.0,0.0,0.0,0.0,0.0,7.0,29.0,0.0,30.0,70.0,23.0,43.0
2020-02-12 00:00:00+00:00,3983519220.0,0.002490762407008146,25.6114401731,543702775.0,2.3605026602745056,0.0,0.0,0.8649635910987854,0.7474439740180969,0.7480950951576233,0.0,0.0,0.0,0.0,0.0,0.0,0.0,0.0,8.0,30.0,0.0,33.0,90.0,16.0,16.0
2020-02-12 02:00:00+00:00,3971123263.0,0.00248847,25.53174222,508259059.0,0.0,0.0,0.0,0.0,0.0,0.0,0.0,0.8280177116394043,0.8280177116394043,0.0,0.0,0.0,0.0,0.0,5.0,61.0,0.0,29.0,85.0,6.0,20.0
2020-02-12 04:00:00+00:00,3988214077.0,0.00248672,25.64162506,500788812.0,1.5783603191375732,0.7121580243110657,0.0,0.0,0.0,1.5783603191375732,0.0,0.0,0.0,0.0,0.0,0.0,0.0,0.0,12.0,33.0,0.0,21.0,76.0,29.0,27.0
2020-02-12 06:00:00+00:00,4024493942.0,0.0024979304890303013,25.8748810105,514547901.0,0.7142285108566284,0.7545515298843384,0.0,0.0,0.0,0.0,0.7142285108566284,0.0,0.0,0.0,0.0,0.0,0.0,0.0,5.0,83.0,0.0,34.0,107.0,14.0,28.0
2020-02-12 08:00:00+00:00,3987958243.0,0.0024969529445110425,25.6399802089,512868234.0,3.042164921760559,0.0,0.0,0.0,0.0,1.468059241771698,1.574105679988861,1.7119593620300293,0.0,0.0,0.0,0.9745658040046692,0.0,0.7373935580253601,15.0,54.0,0.0,22.0,74.0,16.0,34.0
2020-02-12 10:00:00+00:00,4004383895.0,0.0024907,25.74558648,516452855.0,3.8970824480056763,0.8471941351890564,0.0,0.0,1.503777801990509,0.7707987427711487,1.6225059032440186,0.0,1.8715178966522217,0.0,0.0,0.0,0.0,0.0,13.0,53.0,10.0,24.0,66.0,16.0,40.0
2020-02-12 12:00:00+00:00,4013713299.0,0.00249126,25.80556848,516671314.0,1.716142475605011,0.0,0.0,0.0,0.0,0.7954828143119812,0.9206596612930298,0.0,0.7871795296669006,0.0,0.0,0.0,0.0,0.0,6.0,79.0,21.0,28.0,75.0,16.0,42.0
2020-02-12 14:00:00+00:00,3964470841.0,0.00247386,25.48897147,497609134.0,1.4695583581924438,17.053559005260468,0.0,0.0,0.7214899063110352,0.0,0.7480684518814087,0.0,0.0,0.0,0.0,0.0,0.0,0.0,6.0,60.0,7.0,41.0,111.0,17.0,52.0
2020-02-12 16:00:00+00:00,3974979702.0,0.00247222,25.55653662,452984380.0,0.0,13.736927330493927,0.0,0.0,0.0,0.0,0.0,0.7454727292060852,0.7454727292060852,0.0,0.0,0.0,0.0,0.0,12.0,110.0,34.0,60.0,80.0,14.0,54.0
2020-02-12 18:00:00+00:00,4003037828.0,0.00249449,25.73693214,442518659.0,1.6139624118804932,0.7160860896110535,0.8614585399627686,0.0,0.0,0.7525038719177246,0.0,0.7938106060028076,0.0,0.7938106060028076,0.0,0.0,0.0,0.0,10.0,74.0,26.0,55.0,73.0,14.0,40.0
2020-02-12 20:00:00+00:00,4115020533.0,0.00256053,26.45690817,475698272.0,1.7488611340522766,3.277287781238556,0.0,0.0,0.8480044603347778,0.0,0.9008566737174988,0.0,2.96905779838562,0.0,0.0,0.0,0.0,0.0,11.0,60.0,19.0,51.0,204.0,15.0,33.0
2020-02-12 22:00:00+00:00,4116045698.0,0.0025627890353624788,26.4634993142,491703971.0,1.535265326499939,0.0,0.7665024995803833,0.0,0.7687628269195557,0.0,0.0,0.0,2.566879153251648,0.0,0.0,0.0,0.0,0.0,8.0,35.0,24.0,39.0,88.0,11.0,29.0
2020-02-13 00:00:00+00:00,4185615602.0,0.00259713,26.91078859,503726174.0,0.8437355160713196,1.7108207941055298,0.0,0.0,0.0,0.8437355160713196,0.0,0.0,0.7883405089378357,0.0,0.0,0.0,0.0,0.0,9.0,71.0,7.0,43.0,104.0,6.0,20.0
2020-02-13 02:00:00+00:00,4102532624.0,0.00254441,26.37661903,497413506.0,0.7271052002906799,0.752677857875824,0.0,0.0,0.0,0.7271052002906799,0.0,0.0,0.0,0.0,0.0,0.0,0.0,0.0,9.0,56.0,16.0,36.0,87.0,6.0,19.0
2020-02-13 04:00:00+00:00,4083835337.0,0.00252409,26.25640762,475367709.0,0.0,0.0,0.0,0.0,0.0,0.0,0.0,0.0,0.7255935072898865,0.0,0.0,0.0,0.0,0.0,4.0,46.0,17.0,28.0,52.0,7.0,29.0
2020-02-13 06:00:00+00:00,4040191453.0,0.00250182,25.97580581,469520945.0,0.7965573072433472,3.9577824473381042,0.0,0.0,0.0,0.0,0.0,0.0,0.0,0.0,0.0,0.0,0.0,0.0,7.0,87.0,6.0,26.0,84.0,9.0,37.0
2020-02-13 08:00:00+00:00,3908412458.0,0.00247026,25.1285525,468960338.0,0.0,0.8396010994911194,0.0,0.0,0.0,0.0,0.0,0.0,1.789366364479065,0.0,0.0,0.0,0.0,0.0,4.0,48.0,8.0,17.0,130.0,10.0,36.0
2020-02-13 10:00:00+00:00,3889103082.0,0.00246976,25.00440576,487209935.0,0.71214759349823,1.6208520531654358,0.0,0.0,0.0,0.0,0.71214759349823,0.0,0.0,0.0,0.0,0.0,0.0,0.0,8.0,58.0,11.0,30.0,83.0,11.0,37.0
2020-02-13 12:00:00+00:00,4055861831.0,0.00251931,26.07655615,516907682.0,1.6342496871948242,0.7426765561103821,0.0,0.0,0.8032332062721252,0.0,0.831016480922699,2.610581159591675,3.4943146109580994,0.0,0.0,1.8049197793006897,0.0,0.0,14.0,73.0,16.0,33.0,130.0,23.0,62.0
2020-02-13 14:00:00+00:00,4013730428.0,0.00251647,25.80567861,526481318.0,3.8745527267456055,3.174430251121521,0.0,0.0,0.0,3.0851690769195557,0.7893836498260498,0.8047046065330505,1.5843950510025024,0.0,0.8047046065330505,0.0,0.0,0.0,17.0,67.0,7.0,44.0,114.0,35.0,46.0
2020-02-13 16:00:00+00:00,3950578361.0,0.00249378,25.39965185,519935848.0,2.5866193771362305,0.0,0.0,0.0,0.7526322603225708,0.912544310092926,0.9214428067207336,0.0,0.7667101621627808,0.0,0.0,0.0,0.0,0.0,7.0,64.0,14.0,47.0,82.0,11.0,34.0
2020-02-13 18:00:00+00:00,3962542232.0,0.0024906159833055007,25.4765717736,513770026.0,1.4761754274368286,2.296067476272583,0.0,0.0,0.7485136389732361,0.0,0.7276617884635925,0.0,0.7005915641784668,0.0,0.0,0.0,0.0,0.0,12.0,61.0,17.0,36.0,72.0,23.0,34.0
2020-02-13 20:00:00+00:00,3900023823.0,0.00246204,25.07461903,481707427.0,0.7485136389732361,0.7258865833282471,0.0,0.0,0.7485136389732361,0.0,0.0,0.0,0.7857809066772461,0.0,0.0,0.0,0.0,0.0,1.0,39.0,10.0,37.0,78.0,20.0,27.0
2020-02-13 22:00:00+00:00,3955990381.0,0.0024907527908690666,25.434447631,463631304.0,0.0,0.0,0.0,0.0,0.0,0.0,0.0,0.0,0.0,0.0,0.0,0.0,0.0,0.0,1.0,40.0,12.0,27.0,74.0,14.0,32.0
2020-02-14 00:00:00+00:00,3974343028.0,0.00250414,25.55244322,454406647.0,0.8085775375366211,0.7623613476753235,0.0,0.0,0.0,0.8085775375366211,0.0,0.0,0.0,0.0,0.0,0.0,0.0,0.0,12.0,38.0,10.0,21.0,84.0,14.0,12.0
2020-02-14 02:00:00+00:00,4011895838.0,0.00252324,25.79388339,452988096.0,0.7292622923851013,0.0,0.0,0.0,0.7292622923851013,0.0,0.0,0.0,0.0,0.0,0.0,0.0,0.0,0.0,5.0,53.0,6.0,24.0,56.0,17.0,25.0
2020-02-14 04:00:00+00:00,3948783607.0,0.00249092,25.38811276,446850210.0,10.03480464220047,0.0,2.680337965488434,0.0,0.844527006149292,5.7509700655937195,0.7589696049690247,2.3506667613983154,0.0,0.0,0.9411332607269287,0.7034449577331543,0.7060885429382324,0.0,23.0,44.0,5.0,31.0,57.0,8.0,38.0
2020-02-14 06:00:00+00:00,3923174630.0,0.00248969,25.22346367,423455623.0,2.402827203273773,0.7678288221359253,0.8753276467323303,0.0,0.0,1.5274995565414429,0.0,2.471699059009552,0.7226698994636536,2.471699059009552,0.0,0.0,0.0,0.0,19.0,42.0,11.0,29.0,60.0,6.0,40.0
2020-02-14 08:00:00+00:00,3986818499.0,0.002513504764336115,25.6326523967,418586253.0,5.941009759902954,0.7985295653343201,0.0,0.0,0.0,4.224111795425415,1.716897964477539,1.7734158635139465,0.0,0.0,0.0,0.0,0.9418330788612366,0.83158278465271,23.0,58.0,7.0,25.0,54.0,11.0,30.0
2020-02-14 10:00:00+00:00,3975355315.0,0.0024963194102187204,25.5589515717,397076931.0,3.064788281917572,2.976568579673767,0.0,0.0,0.7485876083374023,1.5135337710380554,0.8026669025421143,0.7835888862609863,0.0,0.0,0.0,0.0,0.0,0.7835888862609863,14.0,49.0,15.0,20.0,87.0,7.0,56.0
2020-02-14 12:00:00+00:00,3982504551.0,0.00250055,25.60491651,372659105.0,20.64559417963028,0.0,0.0,0.0,0.7480700016021729,18.27720445394516,1.6203197240829468,0.7540197372436523,0.0,0.0,0.0,0.0,0.7540197372436523,0.0,42.0,73.0,3.0,41.0,61.0,13.0,51.0
2020-02-14 14:00:00+00:00,4008861589.0,0.00251575,25.77437514,362528616.0,24.310692369937897,0.0,0.0,0.0,0.7578997015953064,19.26656824350357,4.28622442483902,0.7519941926002502,0.9455286264419556,0.0,0.0,0.0,0.7519941926002502,0.0,62.0,71.0,15.0,39.0,79.0,24.0,60.0
2020-02-14 16:00:00+00:00,4067833432.0,0.00254767,26.15352577,397134018.0,8.25469183921814,1.6376562118530273,0.0,0.0,0.0,7.409284293651581,0.8454075455665588,1.532358169555664,3.0235392451286316,0.0,0.0,0.0,0.777445375919342,0.0,21.0,63.0,35.0,40.0,89.0,16.0,49.0
2020-02-14 18:00:00+00:00,4078062229.0,0.00254689,26.21929029,430768514.0,9.994448244571686,3.1876583099365234,0.0,0.0,0.7578724026679993,9.236575841903687,0.0,1.4376914501190186,0.7944479584693909,0.0,0.0,0.0,1.4376914501190186,0.0,25.0,46.0,27.0,30.0,85.0,19.0,29.0
2020-02-14 20:00:00+00:00,4062220079.0,0.00253555,26.11743556,430398233.0,8.7694211602211,1.7117387056350708,3.9718350768089294,0.0,0.0,4.79758608341217,0.0,6.226435124874115,0.7378312349319458,4.5630146861076355,0.0,0.0,0.0,1.6634204387664795,32.0,47.0,21.0,31.0,77.0,18.0,25.0
2020-02-14 22:00:00+00:00,4090142477.0,0.0025501,26.29695844,471534694.0,3.5394399166107178,0.0,0.0,0.0,0.7605677247047424,2.7788721919059753,0.0,0.7298614978790283,0.7298614978790283,0.0,0.0,0.0,0.0,0.0,11.0,36.0,10.0,28.0,85.0,14.0,22.0
2020-02-15 00:00:00+00:00,4053049755.0,0.00253641,26.05847634,471122451.0,0.7297734618186951,0.0,0.0,0.0,0.0,0.7297734618186951,0.0,0.0,0.7475633025169373,0.0,0.0,0.0,0.0,0.0,5.0,38.0,8.0,34.0,83.0,13.0,17.0
2020-02-15 02:00:00+00:00,4008583397.0,0.00250959,25.77258655,459257580.0,2.3884355425834656,0.0,0.0,0.0,0.7278754115104675,1.660560131072998,0.0,0.0,0.0,0.0,0.0,0.0,0.0,0.0,13.0,41.0,2.0,23.0,51.0,5.0,15.0
2020-02-15 04:00:00+00:00,3988205793.0,0.002502207959212832,25.641571796,463114035.0,3.916691243648529,1.4993494153022766,0.0,0.0,0.0,3.184743583202362,0.731947660446167,0.0,1.6658268570899963,0.0,0.0,0.0,0.0,0.0,18.0,68.0,8.0,15.0,56.0,7.0,38.0
2020-02-15 06:00:00+00:00,3991676239.0,0.00251333,25.66388451,464393708.0,4.780809760093689,0.0,0.7949035167694092,0.0,0.0,3.98590624332428,0.0,0.7322248220443726,0.0,0.0,0.0,0.0,0.7322248220443726,0.0,14.0,45.0,5.0,15.0,39.0,11.0,30.0
2020-02-15 08:00:00+00:00,4027517914.0,0.00252981,25.89432319,443521785.0,4.156156361103058,1.4820141792297363,0.0,0.0,0.0,3.4099864959716797,0.0,0.0,0.0,0.0,0.0,0.0,0.0,0.0,10.0,45.0,11.0,11.0,48.0,5.0,34.0
2020-02-15 10:00:00+00:00,4088123398.0,0.0025712862566753783,26.2839770684,464167108.0,3.1364102959632874,2.249745726585388,0.0,0.0,0.7702991962432861,1.5567519068717957,0.8093591928482056,0.0,0.7054691314697266,0.0,0.0,0.0,0.0,0.0,7.0,72.0,6.0,15.0,54.0,4.0,45.0
2020-02-15 12:00:00+00:00,4077498524.0,0.00256472,26.21566603,476778061.0,3.251459538936615,1.5929239392280579,0.0,0.0,0.0,2.336492121219635,0.91496741771698,0.0,0.0,0.0,0.0,0.0,0.0,0.0,10.0,111.0,5.0,19.0,35.0,10.0,41.0
2020-02-15 14:00:00+00:00,3955569408.0,0.00252783,25.43174104,485699433.0,4.683794677257538,0.7144275307655334,0.0,0.0,0.8371942043304443,2.2152793407440186,0.9168936014175415,0.0,0.8249630928039551,0.0,0.0,0.0,0.0,0.0,12.0,95.0,3.0,60.0,58.0,20.0,47.0
2020-02-15 16:00:00+00:00,3777787606.0,0.00245501,24.28871958,490732565.0,1.660032033920288,0.0,0.0,0.0,0.7024509310722351,0.957581102848053,0.0,0.0,0.8885234594345093,0.0,0.0,0.0,0.0,0.0,7.0,69.0,13.0,27.0,96.0,25.0,50.0
2020-02-15 18:00:00+00:00,3748695601.0,0.0024353,24.10167689,499033247.0,0.8402151465415955,2.465344190597534,0.0,0.0,0.0,0.8402151465415955,0.0,0.0,0.0,0.0,0.0,0.0,0.0,0.0,5.0,43.0,8.0,18.0,64.0,17.0,42.0
2020-02-15 20:00:00+00:00,3778710594.0,0.002447230589994193,24.2946537928,487590739.0,0.0,0.0,0.0,0.0,0.0,0.0,0.0,0.0,0.0,0.0,0.0,0.0,0.0,0.0,2.0,41.0,12.0,16.0,57.0,17.0,29.0
2020-02-15 22:00:00+00:00,3756157245.0,0.00244197,24.14965041,454859713.0,2.3908185958862305,0.9014803171157837,0.0,0.0,1.4893382787704468,0.0,0.0,0.0,0.841640830039978,0.0,0.0,0.0,0.0,0.0,15.0,44.0,2.0,20.0,66.0,4.0,31.0
2020-02-16 00:00:00+00:00,3879586194.0,0.0025149,24.94321835,466866101.0,2.361264407634735,0.0,0.0,0.8118170499801636,1.5494473576545715,0.0,0.0,0.8611828684806824,0.0,0.0,0.0,0.0,0.0,0.8611828684806824,10.0,31.0,6.0,28.0,53.0,8.0,18.0
2020-02-16 02:00:00+00:00,3880188629.0,0.00249378,24.94709162,483481379.0,3.8838823437690735,0.8052620887756348,0.0,0.7114980220794678,0.7060449123382568,1.6610773205757141,0.0,1.6104841828346252,2.3528671264648438,0.0,0.0,0.0,0.0,0.0,12.0,51.0,2.0,29.0,88.0,6.0,19.0
2020-02-16 04:00:00+00:00,3846684796.0,0.002483652173529836,24.7316837391,471297352.0,0.7082195281982422,0.0,0.0,0.7082195281982422,0.0,0.0,0.0,0.0,0.0,0.0,0.0,0.0,0.0,0.0,4.0,44.0,1.0,20.0,71.0,7.0,26.0
2020-02-16 06:00:00+00:00,3838922630.0,0.00246208,24.68177806,474013472.0,0.7932727336883545,0.0,0.0,0.0,0.0,0.7932727336883545,0.0,0.0,2.355744779109955,0.0,0.0,0.0,0.0,0.0,2.0,35.0,5.0,18.0,45.0,2.0,47.0
2020-02-16 08:00:00+00:00,3825124331.0,0.00246478,24.59306396,482886674.0,0.0,0.0,0.0,0.0,0.0,0.0,0.0,0.0,0.0,0.0,0.0,0.0,0.0,0.0,3.0,41.0,9.0,41.0,42.0,7.0,47.0
2020-02-16 10:00:00+00:00,3780884519.0,0.002444578734676147,24.3086307128,474726576.0,0.0,0.0,0.0,0.0,0.0,0.0,0.0,0.0,1.5613860487937927,0.0,0.0,0.0,0.0,0.0,6.0,33.0,4.0,35.0,46.0,14.0,55.0
2020-02-16 12:00:00+00:00,3722520698.0,0.00241022,23.93338927,486348286.0,0.0,0.0,0.0,0.0,0.0,0.0,0.0,0.0,0.0,0.0,0.0,0.0,0.0,0.0,4.0,30.0,10.0,31.0,53.0,14.0,69.0
2020-02-16 14:00:00+00:00,3635175140.0,0.00236838,23.37181409,470619233.0,2.362438678741455,1.5484633445739746,0.0,0.0,0.7171298861503601,0.0,0.9164464473724365,0.0,0.9579389691352844,0.0,0.0,0.0,0.0,0.0,12.0,85.0,6.0,26.0,65.0,14.0,87.0
2020-02-16 16:00:00+00:00,3558632719.0,0.00233644,22.87969605,450781243.0,2.389448642730713,1.6400603652000427,0.0,0.0,0.7042922377586365,1.6851564049720764,0.0,1.535729706287384,2.7343403100967407,0.7446255683898926,0.0,0.7911041378974915,0.0,0.0,9.0,74.0,25.0,55.0,123.0,19.0,74.0
2020-02-16 18:00:00+00:00,3561481400.0,0.00234867,22.89801123,441264907.0,2.2437103390693665,0.0,0.0,0.0,0.7216430902481079,0.7891035676002502,0.7329636812210083,0.0,0.0,0.0,0.0,0.0,0.0,0.0,9.0,61.0,5.0,36.0,54.0,13.0,52.0
2020-02-16 20:00:00+00:00,3549020486.0,0.00233304,22.81789564,446874431.0,0.7559949159622192,0.8495598435401917,0.0,0.0,0.7559949159622192,0.0,0.0,0.8224433660507202,0.732681393623352,0.0,0.0,0.0,0.0,0.8224433660507202,7.0,44.0,13.0,26.0,103.0,9.0,35.0
2020-02-16 22:00:00+00:00,3649884929.0,0.00236213,23.46638847,471225913.0,1.597729206085205,0.0,0.0,0.0,0.0,1.597729206085205,0.0,0.0,0.0,0.0,0.0,0.0,0.0,0.0,7.0,54.0,10.0,26.0,118.0,8.0,33.0
2020-02-17 00:00:00+00:00,3555540146.0,0.00231224,22.85981282,459368952.0,2.35444575548172,0.0,0.8895483016967773,0.0,1.4648974537849426,0.0,0.0,0.0,0.9364235997200012,0.0,0.0,0.0,0.0,0.0,5.0,35.0,7.0,22.0,42.0,3.0,9.0
2020-02-17 02:00:00+00:00,3493720570.0,0.00228739,22.46235312,447574893.0,0.0,0.0,0.0,0.0,0.0,0.0,0.0,0.0,0.0,0.0,0.0,0.0,0.0,0.0,3.0,40.0,4.0,23.0,70.0,9.0,21.0
2020-02-17 04:00:00+00:00,3520679868.0,0.00231346,22.63568389,462685438.0,0.0,0.0,0.0,0.0,0.0,0.0,0.0,0.0,0.0,0.0,0.0,0.0,0.0,0.0,2.0,43.0,4.0,26.0,81.0,8.0,44.0
2020-02-17 06:00:00+00:00,3523417391.0,0.00231574,22.65328438,467649626.0,1.4975647926330566,0.0,0.0,0.7327601313591003,0.7648046612739563,0.0,0.0,0.0,0.0,0.0,0.0,0.0,0.0,0.0,3.0,37.0,8.0,23.0,65.0,6.0,21.0
2020-02-17 08:00:00+00:00,3547881353.0,0.00232475,22.81057176,460573528.0,0.0,0.0,0.0,0.0,0.0,0.0,0.0,0.7787883281707764,0.0,0.0,0.0,0.0,0.0,0.7787883281707764,6.0,66.0,7.0,24.0,55.0,15.0,47.0
2020-02-17 10:00:00+00:00,3447766652.0,0.002301071581670654,22.1668992837,465336077.0,1.5078734159469604,0.0,0.0,0.0,0.0,0.0,1.5078734159469604,0.0,0.7174917459487915,0.0,0.0,0.0,0.0,0.0,10.0,58.0,9.0,28.0,125.0,13.0,34.0
2020-02-17 12:00:00+00:00,3398472618.0,0.00228044,21.84997068,442227098.0,1.5946497917175293,0.7520560622215271,0.0,0.0,0.0,0.7162151336669922,0.8784346580505371,0.7993956208229065,0.8286488056182861,0.0,0.0,0.0,0.0,0.7993956208229065,13.0,73.0,11.0,49.0,69.0,16.0,41.0
2020-02-17 14:00:00+00:00,3505887658.0,0.00234002,22.54057959,454212240.0,1.5280930995941162,0.0,0.0,0.0,0.8132129311561584,0.7148801684379578,0.0,0.0,0.0,0.0,0.0,0.0,0.0,0.0,4.0,70.0,14.0,34.0,126.0,29.0,60.0
2020-02-17 16:00:00+00:00,3578276633.0,0.00239306,23.00599366,432324569.0,5.077607810497284,0.0,0.0,0.7183497548103333,1.4299728870391846,2.2182003259658813,0.7110848426818848,0.0,0.0,0.0,0.0,0.0,0.0,0.0,13.0,46.0,14.0,50.0,79.0,11.0,40.0
2020-02-17 18:00:00+00:00,3586127404.0,0.00238448,23.05646901,419002438.0,3.1038296222686768,0.7891745567321777,0.0,1.5791095495224,0.0,0.0,0.7355455160140991,0.7110291123390198,0.8329194784164429,0.0,0.0,0.0,0.7110291123390198,0.0,17.0,33.0,8.0,50.0,55.0,8.0,44.0
2020-02-17 20:00:00+00:00,3579812861.0,0.00238183,23.01587061,414725142.0,2.6185317635536194,0.0,0.0,0.0,0.8091029524803162,0.0,1.8094288110733032,0.0,0.0,0.0,0.0,0.0,0.0,0.0,8.0,30.0,27.0,59.0,76.0,18.0,50.0
2020-02-17 22:00:00+00:00,3663104094.0,0.00243045,23.55137912,418783808.0,0.7131090760231018,0.0,0.0,0.0,0.7131090760231018,0.0,0.0,0.0,0.7532015442848206,0.0,0.0,0.0,0.0,0.0,4.0,32.0,10.0,46.0,56.0,4.0,23.0
2020-02-18 00:00:00+00:00,3634787448.0,0.0024022,23.36932148,412425056.0,0.7781586647033691,0.0,0.0,0.0,0.7781586647033691,0.0,0.0,0.0,0.9020276069641113,0.0,0.0,0.0,0.0,0.0,11.0,50.0,2.0,23.0,86.0,9.0,20.0
2020-02-18 02:00:00+00:00,3665770225.0,0.0024232,23.5685206,407526040.0,0.0,0.0,0.0,0.0,0.0,0.0,0.0,1.7774741053581238,0.0,0.0,0.0,1.7774741053581238,0.0,0.0,4.0,28.0,6.0,32.0,129.0,6.0,25.0
2020-02-18 04:00:00+00:00,3695264649.0,0.0024260094860808095,23.7581505837,416608524.0,0.7742730975151062,0.0,0.0,0.0,0.0,0.0,0.7742730975151062,0.0,0.0,0.0,0.0,0.0,0.0,0.0,6.0,70.0,6.0,31.0,54.0,9.0,31.0
2020-02-18 06:00:00+00:00,3693603284.0,0.00242204,23.74746909,415247935.0,0.732064425945282,0.0,0.0,0.0,0.732064425945282,0.0,0.0,0.0,0.0,0.0,0.0,0.0,0.0,0.0,7.0,73.0,4.0,30.0,59.0,16.0,38.0
2020-02-18 08:00:00+00:00,3624626513.0,0.00239466,23.30399327,417645215.0,0.0,1.7777886986732483,0.0,0.0,0.0,0.0,0.0,0.0,0.0,0.0,0.0,0.0,0.0,0.0,4.0,43.0,3.0,23.0,55.0,6.0,39.0
2020-02-18 10:00:00+00:00,3644919768.0,0.00241091,23.43446572,391973208.0,1.6673207879066467,0.0,0.0,0.0,0.8081386089324951,0.0,0.8591821789741516,0.0,0.0,0.0,0.0,0.0,0.0,0.0,6.0,56.0,2.0,18.0,51.0,8.0,41.0
2020-02-18 12:00:00+00:00,3581851204.0,0.00238801,23.02897583,373297696.0,1.572278916835785,0.0,0.0,0.0,0.8149765133857727,0.0,0.7573024034500122,0.0,0.0,0.0,0.0,0.0,0.0,0.0,9.0,82.0,4.0,37.0,108.0,21.0,69.0
2020-02-18 14:00:00+00:00,3654601908.0,0.00239559,23.49671558,366518753.0,3.429590940475464,0.8194700479507446,0.0,0.7947619557380676,0.8277669548988342,0.858635663986206,0.948426365852356,0.0,0.0,0.0,0.0,0.0,0.0,0.0,15.0,56.0,26.0,24.0,99.0,12.0,56.0
2020-02-18 16:00:00+00:00,3698178860.0,0.0024048528871578076,23.7768870679,361765912.0,4.722873270511627,0.0,0.0,0.7302539944648743,0.7208995819091797,0.0,3.2717196941375732,2.215963125228882,0.0,1.4643592238426208,0.751603901386261,0.0,0.0,0.0,17.0,47.0,32.0,33.0,73.0,16.0,50.0
2020-02-18 18:00:00+00:00,3733481876.0,0.00241145,24.00386252,367380078.0,4.107666373252869,0.0,0.0,0.7392704486846924,1.61394864320755,1.7544472813606262,0.0,0.8941065073013306,1.6667440533638,0.0,0.0,0.0,0.0,0.0,11.0,57.0,15.0,35.0,98.0,12.0,58.0
2020-02-18 20:00:00+00:00,3722747254.0,0.00237598,23.93484588,384453467.0,1.6422110199928284,0.0,0.0,0.0,0.0,0.7854421138763428,0.8567689061164856,0.0,0.0,0.0,0.0,0.0,0.0,0.0,10.0,83.0,21.0,33.0,227.0,14.0,40.0
2020-02-18 22:00:00+00:00,3741929997.0,0.00237213,24.05817845,392689678.0,3.32802551984787,0.8985699415206909,0.0,0.0,0.0,0.0,3.32802551984787,0.0,0.0,0.0,0.0,0.0,0.0,0.0,10.0,60.0,10.0,20.0,169.0,22.0,38.0
2020-02-19 00:00:00+00:00,3724484364.0,0.00236492,23.94601437,381979224.0,2.513495981693268,0.0,0.0,1.7610138058662415,0.7524821758270264,0.0,0.0,0.0,0.0,0.0,0.0,0.0,0.0,0.0,4.0,32.0,6.0,31.0,38.0,13.0,9.0
2020-02-19 02:00:00+00:00,3757808945.0,0.00237994,24.16026977,387107538.0,3.041264772415161,2.3315483927726746,0.0,0.0,0.7036094069480896,0.7399718165397644,0.0,0.7015730142593384,0.0,0.0,0.0,0.0,0.7015730142593384,0.0,8.0,42.0,5.0,25.0,61.0,9.0,22.0
2020-02-19 04:00:00+00:00,3760721469.0,0.00239023,24.1789954,370152102.0,0.0,0.0,0.0,0.0,0.0,0.0,0.0,0.8393259048461914,0.8393259048461914,0.0,0.0,0.0,0.0,0.0,2.0,45.0,5.0,20.0,64.0,27.0,23.0
2020-02-19 06:00:00+00:00,3707069455.0,0.00236859,23.83404782,363799823.0,1.686046302318573,0.9244195222854614,0.0,0.0,0.0,0.8501216769218445,0.8359246253967285,0.0,0.0,0.0,0.0,0.0,0.0,0.0,3.0,48.0,12.0,16.0,49.0,11.0,33.0
2020-02-19 08:00:00+00:00,3723406159.0,0.0023659454664135536,23.939082208,350746896.0,0.8509015440940857,0.0,0.0,0.0,0.0,0.8509015440940857,0.0,1.66511732339859,0.0,0.0,0.0,0.0,0.748558521270752,0.9165588021278381,9.0,40.0,10.0,29.0,72.0,4.0,36.0
2020-02-19 10:00:00+00:00,3739959180.0,0.002367289601592513,24.0455073772,351770299.0,0.0,3.146134316921234,0.0,0.0,0.0,0.0,0.0,0.0,0.7305573225021362,0.0,0.0,0.0,0.0,0.0,14.0,56.0,4.0,19.0,59.0,16.0,40.0
2020-02-19 12:00:00+00:00,3722760354.0,0.00236368,23.9349301,343908445.0,1.6804248094558716,2.2595914602279663,0.0,0.0,0.8638790845870972,0.8165457248687744,0.0,0.0,0.0,0.0,0.0,0.0,0.0,0.0,12.0,61.0,6.0,26.0,95.0,8.0,55.0
2020-02-19 14:00:00+00:00,3718982868.0,0.00236275,23.91064332,336691788.0,3.2240134477615356,7.407223045825958,0.0,0.0,0.7493030428886414,0.783768892288208,1.6909415125846863,0.7916146516799927,0.7916146516799927,0.0,0.0,0.0,0.0,0.0,18.0,78.0,9.0,34.0,76.0,8.0,53.0
2020-02-19 16:00:00+00:00,3721080211.0,0.00235485,23.92412788,312226410.0,4.024084448814392,2.401007890701294,0.0,0.0,1.5848572850227356,0.7433133125305176,0.8611029386520386,1.738249123096466,1.714734137058258,0.0,0.0,1.738249123096466,0.0,0.0,20.0,67.0,13.0,41.0,101.0,18.0,66.0
2020-02-19 18:00:00+00:00,3733628396.0,0.0023617,24.00480455,311765350.0,9.818738460540771,9.73197877407074,0.0,0.0,0.0,0.0,0.8314070701599121,0.0,0.0,0.0,0.0,0.0,0.0,0.0,21.0,74.0,22.0,38.0,84.0,17.0,50.0
2020-02-19 20:00:00+00:00,3538058236.0,0.00233428,22.7474155,302049608.0,1.4978885650634766,3.1941813230514526,0.0,0.0,0.0,0.0,0.0,0.0,0.7639374732971191,0.0,0.0,0.0,0.0,0.0,10.0,54.0,9.0,37.0,311.0,247.0,37.0
2020-02-19 22:00:00+00:00,3473680872.0,0.00231834,22.33351088,298250332.0,1.5777379870414734,0.0,0.0,0.0,0.7744154930114746,0.8033224940299988,0.0,0.0,0.0,0.0,0.0,0.0,0.0,0.0,5.0,81.0,15.0,33.0,367.0,10.0,28.0
2020-02-20 00:00:00+00:00,3472284516.0,0.00232079,22.32453322,314938757.0,0.877117395401001,0.8027015924453735,0.0,0.0,0.0,0.0,0.877117395401001,1.6360881924629211,0.0,0.0,0.0,1.6360881924629211,0.0,0.0,6.0,22.0,4.0,23.0,167.0,8.0,22.0
2020-02-20 02:00:00+00:00,3463127707.0,0.0023214,22.26566089,318520008.0,2.4528133273124695,0.7345893383026123,0.0,0.0,2.4528133273124695,0.0,0.0,0.0,0.8479686975479126,0.0,0.0,0.0,0.0,0.0,5.0,34.0,5.0,21.0,130.0,5.0,27.0
2020-02-20 04:00:00+00:00,3430076915.0,0.00230302,22.05316577,318717276.0,0.7320120334625244,1.5863301157951355,0.0,0.0,0.0,0.0,0.7320120334625244,0.0,0.0,0.0,0.0,0.0,0.0,0.0,2.0,82.0,4.0,27.0,102.0,19.0,36.0
2020-02-20 06:00:00+00:00,3457986354.0,0.0023115810779560896,22.2326053271,316981602.0,2.6321641206741333,1.5578539967536926,0.0,0.0,0.0,1.800464153289795,0.0,0.0,0.9111331701278687,0.0,0.0,0.0,0.0,0.0,5.0,49.0,8.0,20.0,134.0,12.0,37.0
2020-02-20 08:00:00+00:00,3437976624.0,0.0023003,22.10395576,315342856.0,0.9099825620651245,0.0,0.0,0.9099825620651245,0.0,0.0,0.0,0.9092997908592224,1.8500521779060364,0.0,0.0,0.0,0.9092997908592224,0.0,3.0,77.0,14.0,18.0,90.0,10.0,49.0
2020-02-20 10:00:00+00:00,3429655789.0,0.0022956,22.0504582,318403882.0,2.2442381381988525,0.7437672019004822,0.0,0.7228868007659912,0.7575197815895081,0.7638315558433533,0.0,0.7788590788841248,0.0,0.0,0.7788590788841248,0.0,0.0,0.0,9.0,93.0,13.0,11.0,180.0,8.0,50.0
2020-02-20 12:00:00+00:00,3381543509.0,0.00226779,21.7411275,341530692.0,2.3323603868484497,0.7046225070953369,0.0,0.893431544303894,0.0,0.0,0.7343063354492188,0.7971183657646179,0.7971183657646179,0.0,0.0,0.0,0.0,0.0,8.0,70.0,18.0,29.0,183.0,16.0,57.0
2020-02-20 14:00:00+00:00,3377528141.0,0.00225987,21.7153113,359637120.0,0.721880316734314,1.587303102016449,0.0,0.0,0.0,0.0,0.0,0.0,0.0,0.0,0.0,0.0,0.0,0.0,5.0,70.0,13.0,27.0,199.0,14.0,70.0
2020-02-20 16:00:00+00:00,3398472573.0,0.0022947,21.84997039,391967983.0,12.91143149137497,10.485219955444336,0.0,0.0,0.0,1.6368362307548523,0.7893753051757812,0.0,0.0,0.0,0.0,0.0,0.0,0.0,22.0,77.0,14.0,33.0,298.0,20.0,62.0
2020-02-20 18:00:00+00:00,3401600205.0,0.00228614,21.87007903,390617668.0,2.452249765396118,0.0,0.0,0.0,0.0,1.6241497993469238,0.8280999660491943,0.0,0.0,0.0,0.0,0.0,0.0,0.0,9.0,32.0,15.0,37.0,163.0,14.0,57.0
2020-02-20 20:00:00+00:00,3424455165.0,0.0022949260663364455,22.0170215722,369079475.0,0.0,0.0,0.0,0.0,0.0,0.0,0.0,0.9269437193870544,0.0,0.0,0.0,0.0,0.9269437193870544,0.0,2.0,30.0,8.0,28.0,215.0,9.0,49.0
2020-02-20 22:00:00+00:00,3457448465.0,0.00231349,22.22914705,358656850.0,1.5316991209983826,0.0,0.0,0.0,1.5316991209983826,0.0,0.0,0.0,0.0,0.0,0.0,0.0,0.0,0.0,3.0,42.0,10.0,23.0,197.0,16.0,35.0
2020-02-21 00:00:00+00:00,3468935609.0,0.00231735,22.30300192,360403239.0,2.384860575199127,0.7070332765579224,0.7901802062988281,0.0,0.7751343846321106,0.0,0.8195459842681885,0.0,1.4301491975784302,0.0,0.0,0.0,0.0,0.0,3.0,35.0,13.0,22.0,108.0,16.0,33.0
2020-02-21 02:00:00+00:00,3526727688.0,0.00234508,22.67456744,362251646.0,0.7761998772621155,0.0,0.0,0.0,0.7761998772621155,0.0,0.0,0.0,1.5200780034065247,0.0,0.0,0.0,0.0,0.0,3.0,40.0,12.0,12.0,103.0,11.0,35.0
2020-02-21 04:00:00+00:00,3478129354.0,0.00231512,22.36211173,359356287.0,0.0,0.0,0.0,0.0,0.0,0.0,0.0,0.0,0.0,0.0,0.0,0.0,0.0,0.0,4.0,38.0,3.0,16.0,93.0,5.0,26.0
2020-02-21 06:00:00+00:00,3448421051.0,0.0022915,22.17110664,356449476.0,0.8397967219352722,0.7672857046127319,0.0,0.0,0.0,0.0,0.8397967219352722,0.0,0.0,0.0,0.0,0.0,0.0,0.0,3.0,38.0,5.0,17.0,58.0,6.0,40.0
2020-02-21 08:00:00+00:00,3455848235.0,0.00230072,22.21885861,360274779.0,0.0,1.5670545101165771,0.0,0.0,0.0,0.0,0.0,0.0,0.0,0.0,0.0,0.0,0.0,0.0,5.0,62.0,6.0,12.0,87.0,9.0,43.0
2020-02-21 10:00:00+00:00,3446683852.0,0.00228592,22.15993759,357283728.0,0.7404299378395081,1.6094177961349487,0.0,0.0,0.7404299378395081,0.0,0.0,0.0,1.6050792932510376,0.0,0.0,0.0,0.0,0.0,4.0,46.0,7.0,15.0,83.0,10.0,35.0
2020-02-21 12:00:00+00:00,3467965977.0,0.00230049,22.29676782,351782356.0,8.57312262058258,0.9557692408561707,0.0,0.0,1.768702745437622,5.961814105510712,0.8426057696342468,0.0,3.6572232842445374,0.0,0.0,0.0,0.0,0.0,28.0,35.0,5.0,21.0,77.0,16.0,55.0
2020-02-21 14:00:00+00:00,3458050941.0,0.0022894797481549994,22.2330205773,356322962.0,2.3082295656204224,2.6976845264434814,0.0,0.0,0.7434350848197937,0.7786484360694885,0.0,2.6368976831436157,0.0,0.0,0.8105246424674988,0.0,0.914269208908081,0.9121038317680359,17.0,135.0,8.0,21.0,75.0,12.0,56.0
2020-02-21 16:00:00+00:00,3447913141.0,0.00228451,22.16784111,335538514.0,2.398205518722534,0.0,0.0,0.0,0.0,2.398205518722534,0.0,0.8226087689399719,0.0,0.0,0.0,0.0,0.0,0.8226087689399719,9.0,56.0,11.0,24.0,75.0,19.0,55.0
2020-02-21 18:00:00+00:00,3446524358.0,0.00228779,22.15891214,356907068.0,2.373924970626831,0.0,0.0,0.0,0.7298344969749451,0.7759574055671692,0.8681330680847168,0.7473375201225281,0.0,0.0,0.7473375201225281,0.0,0.0,0.0,11.0,58.0,15.0,28.0,73.0,18.0,51.0
2020-02-21 20:00:00+00:00,3410845560.0,0.002270420086094272,21.9295206534,370119155.0,1.651404619216919,1.7454846501350403,0.0,0.0,0.0,0.0,0.7681864500045776,0.0,0.0,0.0,0.0,0.0,0.0,0.0,15.0,25.0,18.0,25.0,259.0,12.0,40.0
2020-02-21 22:00:00+00:00,3451787486.0,0.002291114990470385,22.1927506322,396624167.0,0.0,0.7604523301124573,0.0,0.0,0.0,0.0,0.0,0.0,0.0,0.0,0.0,0.0,0.0,0.0,5.0,36.0,9.0,18.0,139.0,3.0,38.0
2020-02-22 00:00:00+00:00,3429419722.0,0.00228033,22.04894045,389324990.0,0.7404299378395081,1.8000203967094421,0.0,0.0,0.7404299378395081,0.0,0.0,0.0,0.0,0.0,0.0,0.0,0.0,0.0,1.0,57.0,9.0,17.0,93.0,6.0,21.0
2020-02-22 02:00:00+00:00,3439257984.0,0.00228589,22.11219408,380449763.0,0.7275699377059937,0.0,0.0,0.0,0.7275699377059937,0.0,0.0,0.0,0.0,0.0,0.0,0.0,0.0,0.0,7.0,31.0,4.0,18.0,116.0,13.0,32.0
2020-02-22 04:00:00+00:00,3393603576.0,0.00226412,21.8186659,377520570.0,1.5617283582687378,0.7490662932395935,0.0,0.0,0.0,0.727016270160675,0.8347120881080627,0.0,0.0,0.0,0.0,0.0,0.0,0.0,6.0,26.0,1.0,18.0,88.0,3.0,54.0
2020-02-22 06:00:00+00:00,3389353613.0,0.00226478,21.7913414,380381517.0,0.0,0.0,0.0,0.0,0.0,0.0,0.0,0.7405516505241394,0.0,0.0,0.0,0.0,0.0,0.7405516505241394,5.0,126.0,9.0,19.0,87.0,7.0,55.0
2020-02-22 08:00:00+00:00,3380335577.0,0.00225968,21.73336129,374749606.0,1.72458815574646,0.0,0.0,0.0,0.0,0.8260581493377686,0.8985300064086914,0.0,0.0,0.0,0.0,0.0,0.0,0.0,5.0,162.0,13.0,12.0,175.0,5.0,64.0
2020-02-22 10:00:00+00:00,3417035361.0,0.00228107,21.96931705,381241930.0,1.7370057702064514,0.0,0.0,0.0,0.0,0.8680538535118103,0.8689519166946411,0.0,0.0,0.0,0.0,0.0,0.0,0.0,4.0,55.0,8.0,15.0,256.0,3.0,65.0
2020-02-22 12:00:00+00:00,3450033239.0,0.00229786,22.18147196,380379936.0,2.2975789308547974,0.0,0.0,0.0,0.0,0.7111239433288574,1.58645498752594,0.0,0.0,0.0,0.0,0.0,0.0,0.0,4.0,31.0,10.0,17.0,143.0,7.0,66.0
2020-02-22 14:00:00+00:00,3426389826.0,0.00228598,22.02946018,372406718.0,0.9191338419914246,0.7770329713821411,0.0,0.0,0.0,0.0,0.9191338419914246,0.0,0.0,0.0,0.0,0.0,0.0,0.0,11.0,34.0,7.0,26.0,122.0,9.0,77.0
2020-02-22 16:00:00+00:00,3411058435.0,0.00227548,21.9308893,360104212.0,2.2415325045585632,0.7999493479728699,0.0,0.0,0.0,1.437280297279358,0.8042522072792053,0.0,0.0,0.0,0.0,0.0,0.0,0.0,12.0,43.0,9.0,18.0,137.0,18.0,76.0
2020-02-22 18:00:00+00:00,3409319083.0,0.00226663,21.9197064,347932124.0,0.0,0.8117782473564148,0.0,0.0,0.0,0.0,0.0,0.0,0.7940467596054077,0.0,0.0,0.0,0.0,0.0,7.0,32.0,18.0,26.0,83.0,7.0,55.0
2020-02-22 20:00:00+00:00,3427752900.0,0.00227728,22.03822387,343508636.0,1.61422199010849,0.8992578387260437,0.0,0.0,0.70371013879776,0.91051185131073,0.0,0.7717945575714111,0.7106298208236694,0.0,0.0,0.0,0.0,0.7717945575714111,9.0,25.0,6.0,24.0,115.0,7.0,35.0
2020-02-22 22:00:00+00:00,3416905532.0,0.00227342,21.96848234,328794302.0,1.542521595954895,0.8481466770172119,0.0,0.0,0.70371013879776,0.0,0.838811457157135,0.0,0.0,0.0,0.0,0.0,0.0,0.0,4.0,24.0,6.0,18.0,81.0,16.0,26.0
2020-02-23 00:00:00+00:00,3438450649.0,0.00228643,22.10700344,339303467.0,2.199551045894623,0.0,0.7061558961868286,0.0,0.70371013879776,0.7896850109100342,0.0,1.6101946830749512,0.0,1.6101946830749512,0.0,0.0,0.0,0.0,8.0,26.0,7.0,8.0,65.0,5.0,28.0
2020-02-23 02:00:00+00:00,3496142757.0,0.00230508,22.47792621,360883172.0,0.0,3.7098686695098877,0.0,0.0,0.0,0.0,0.0,0.7296205163002014,0.8844290375709534,0.0,0.0,0.0,0.0,0.7296205163002014,9.0,20.0,12.0,22.0,60.0,7.0,34.0
2020-02-23 04:00:00+00:00,3508313651.0,0.00228978,22.55617715,363874885.0,0.0,0.0,0.0,0.0,0.0,0.0,0.0,0.0,0.0,0.0,0.0,0.0,0.0,0.0,6.0,34.0,3.0,13.0,85.0,6.0,44.0
2020-02-23 06:00:00+00:00,3535611504.0,0.00230494,22.73168461,367944972.0,1.4881979823112488,0.0,0.0,0.0,0.0,0.7111239433288574,0.7770740389823914,0.7408429980278015,0.0,0.0,0.0,0.0,0.0,0.7408429980278015,7.0,30.0,9.0,14.0,92.0,7.0,60.0
2020-02-23 08:00:00+00:00,3516092259.0,0.00229261,22.60618854,366311825.0,4.603119730949402,0.0,0.0,0.7378720641136169,0.0,2.2864916920661926,1.5787559747695923,0.7680813670158386,0.0,0.0,0.0,0.0,0.0,0.7680813670158386,10.0,23.0,10.0,14.0,54.0,0.0,65.0
2020-02-23 10:00:00+00:00,3541667552.0,0.00231527,22.77062105,379996786.0,1.5319130420684814,0.0,0.0,0.0,0.800041913986206,0.0,0.7318711280822754,0.0,0.0,0.0,0.0,0.0,0.0,0.0,7.0,33.0,5.0,9.0,111.0,6.0,59.0
2020-02-23 12:00:00+00:00,3545054000.0,0.00231051,22.79239371,374537711.0,3.70658940076828,0.0,0.0,0.0,0.0,2.1352254152297974,1.5713639855384827,0.705268144607544,0.0,0.0,0.0,0.0,0.0,0.705268144607544,14.0,37.0,5.0,23.0,60.0,11.0,82.0
2020-02-23 14:00:00+00:00,3535280477.0,0.00231187,22.72955631,377218569.0,1.5767037272453308,0.0,0.0,0.0,0.7321777939796448,0.0,0.844525933265686,0.8811564445495605,0.0,0.0,0.0,0.0,0.0,0.8811564445495605,6.0,42.0,18.0,19.0,61.0,8.0,88.0
2020-02-23 16:00:00+00:00,3546297751.0,0.00230806,22.80039022,381879674.0,3.1685376167297363,0.0,0.0,0.0,0.0,1.5917685627937317,1.5767690539360046,0.0,0.0,0.0,0.0,0.0,0.0,0.0,8.0,59.0,8.0,25.0,50.0,10.0,75.0
2020-02-23 18:00:00+00:00,3547896917.0,0.00231073,22.81067182,397306367.0,1.5045388340950012,0.0,0.0,0.0,0.7404460906982422,0.0,0.764092743396759,0.0,0.0,0.0,0.0,0.0,0.0,0.0,11.0,24.0,18.0,26.0,42.0,15.0,86.0
2020-02-23 20:00:00+00:00,3528581580.0,0.0023004,22.68648676,416961513.0,0.798457682132721,0.0,0.0,0.0,0.798457682132721,0.0,0.0,0.7941510677337646,0.0,0.0,0.0,0.0,0.0,0.7941510677337646,5.0,17.0,4.0,18.0,69.0,11.0,45.0
2020-02-23 22:00:00+00:00,3550112860.0,0.002299852272562207,22.8249189017,439008805.0,1.4580020308494568,0.0,0.0,0.0,0.7321777939796448,0.725824236869812,0.0,0.0,0.0,0.0,0.0,0.0,0.0,0.0,3.0,21.0,4.0,19.0,87.0,12.0,34.0
2020-02-24 00:00:00+00:00,3590725225.0,0.00233355,23.08603001,457644163.0,0.765543520450592,0.0,0.0,0.0,0.765543520450592,0.0,0.0,0.0,0.0,0.0,0.0,0.0,0.0,0.0,9.0,20.0,6.0,19.0,113.0,11.0,19.0
2020-02-24 02:00:00+00:00,3531499440.0,0.00232136,22.7052467,443166349.0,15.046028733253479,0.9039372801780701,0.0,0.0,0.7734697461128235,14.272558987140656,0.0,0.0,0.0,0.0,0.0,0.0,0.0,0.0,26.0,36.0,15.0,15.0,87.0,19.0,27.0
2020-02-24 04:00:00+00:00,3512518767.0,0.00231399,22.58321331,431994938.0,13.47954124212265,0.0,0.0,0.0,0.0,13.47954124212265,0.0,0.0,0.0,0.0,0.0,0.0,0.0,0.0,19.0,77.0,10.0,11.0,70.0,10.0,22.0
2020-02-24 06:00:00+00:00,3487779675.0,0.0023038,22.42415702,423314949.0,9.716198563575745,0.8501005172729492,0.0,0.0,0.0,9.716198563575745,0.0,0.0,0.0,0.0,0.0,0.0,0.0,0.0,22.0,37.0,1.0,17.0,72.0,5.0,33.0
2020-02-24 08:00:00+00:00,3507053553.0,0.00231778,22.54807553,421287675.0,10.717924654483795,0.0,0.0,0.0,0.763990044593811,9.953934609889984,0.0,0.0,0.0,0.0,0.0,0.0,0.0,0.0,19.0,42.0,12.0,19.0,41.0,6.0,26.0
2020-02-24 10:00:00+00:00,3542810540.0,0.00233024,22.77796972,417283420.0,10.51908528804779,0.0,0.0,0.0,0.807386577129364,8.993854701519012,0.7178440093994141,0.722373366355896,0.0,0.0,0.0,0.0,0.722373366355896,0.0,18.0,46.0,4.0,14.0,104.0,26.0,40.0
2020-02-24 12:00:00+00:00,3528973756.0,0.00232288,22.68900819,416994351.0,9.612906038761139,0.800478458404541,0.0,0.870958685874939,0.0,8.7419473528862,0.0,0.0,0.0,0.0,0.0,0.0,0.0,0.0,20.0,39.0,4.0,14.0,89.0,44.0,53.0
2020-02-24 14:00:00+00:00,3485206634.0,0.00230277,22.40761404,413124281.0,4.934654057025909,0.0,0.0,0.0,0.0,4.119361460208893,0.8152925968170166,0.7117047905921936,0.0,0.0,0.0,0.0,0.0,0.7117047905921936,21.0,43.0,7.0,23.0,87.0,21.0,60.0
2020-02-24 16:00:00+00:00,3411617411.0,0.00227505,21.93448315,413708384.0,4.215824007987976,0.8383795619010925,0.0,0.0,0.0,4.215824007987976,0.0,0.0,1.8200080394744873,0.0,0.0,0.0,0.0,0.0,14.0,48.0,10.0,20.0,79.0,36.0,61.0
2020-02-24 18:00:00+00:00,3402328065.0,0.0022744,21.87475869,402861446.0,2.461760938167572,0.0,0.0,0.0,0.0,2.461760938167572,0.0,1.4296379685401917,0.0,0.0,0.7289031147956848,0.0,0.7007348537445068,0.0,14.0,66.0,13.0,28.0,74.0,40.0,49.0
2020-02-24 20:00:00+00:00,3378920710.0,0.0022606,21.72426461,375162792.0,1.589739978313446,0.7427468299865723,0.0,0.0,0.0,1.589739978313446,0.0,0.0,0.0,0.0,0.0,0.0,0.0,0.0,9.0,33.0,29.0,29.0,134.0,24.0,28.0
2020-02-24 22:00:00+00:00,3428670929.0,0.00228432,22.04412619,357640680.0,2.5190049409866333,0.0,0.0,0.0,0.0,1.7840039134025574,0.7350010275840759,0.0,0.0,0.0,0.0,0.0,0.0,0.0,8.0,26.0,1.0,21.0,86.0,23.0,38.0
2020-02-25 00:00:00+00:00,3383202951.0,0.00226032,21.75179664,340927886.0,3.3340628147125244,0.0,0.0,0.0,0.0,3.3340628147125244,0.0,0.0,0.0,0.0,0.0,0.0,0.0,0.0,6.0,32.0,7.0,28.0,42.0,17.0,17.0
2020-02-25 02:00:00+00:00,3389565447.0,0.00226754,21.79270335,328873414.0,1.675181806087494,0.7984636425971985,0.0,0.0,0.0,1.675181806087494,0.0,0.0,0.7807417511940002,0.0,0.0,0.0,0.0,0.0,7.0,52.0,17.0,18.0,57.0,19.0,21.0
2020-02-25 04:00:00+00:00,3291989797.0,0.00220947,21.16535533,339167722.0,0.7111239433288574,0.0,0.0,0.0,0.0,0.7111239433288574,0.0,0.0,0.0,0.0,0.0,0.0,0.0,0.0,4.0,23.0,12.0,11.0,66.0,23.0,31.0
2020-02-25 06:00:00+00:00,3284385069.0,0.00221123,21.11646187,346882878.0,3.144999325275421,0.0,0.0,0.0,0.0,2.307908058166504,0.8370912671089172,0.7843261957168579,0.0,0.0,0.0,0.0,0.0,0.7843261957168579,6.0,43.0,4.0,8.0,79.0,22.0,35.0
2020-02-25 08:00:00+00:00,3303950616.0,0.00221467,21.24225562,353264494.0,0.0,0.9122607111930847,0.0,0.0,0.0,0.0,0.0,0.0,0.0,0.0,0.0,0.0,0.0,0.0,3.0,44.0,3.0,22.0,75.0,12.0,44.0
2020-02-25 10:00:00+00:00,3306272635.0,0.00221902,21.25718469,349587924.0,2.2672160863876343,0.0,0.0,0.0,0.0,0.0,2.2672160863876343,0.7547903060913086,1.6723046898841858,0.0,0.0,0.0,0.0,0.7547903060913086,7.0,21.0,10.0,12.0,67.0,19.0,43.0
2020-02-25 12:00:00+00:00,3310928544.0,0.00222154,21.28711917,351976969.0,56.88058537244797,0.0,0.0,0.0,0.0,55.950159907341,0.9304254651069641,0.8852041363716125,0.0,0.0,0.0,0.0,0.8852041363716125,0.0,68.0,37.0,12.0,27.0,169.0,27.0,58.0
2020-02-25 14:00:00+00:00,3211904935.0,0.00219023,20.6504617,350762913.0,28.892908811569214,0.0,0.0,0.0,0.0,28.892908811569214,0.0,0.7178012132644653,0.7178012132644653,0.0,0.0,0.0,0.0,0.0,41.0,71.0,14.0,28.0,134.0,62.0,61.0
2020-02-25 16:00:00+00:00,3164625907.0,0.00217557,20.34648827,357677394.0,16.5936119556427,0.0,0.0,0.0,0.0,15.888675570487976,0.7049363851547241,0.8138633966445923,2.5922845602035522,0.0,0.0,0.0,0.0,0.8138633966445923,23.0,54.0,14.0,27.0,122.0,48.0,49.0
2020-02-25 18:00:00+00:00,3149009186.0,0.00216378,20.24608291,347687272.0,17.884886384010315,0.0,0.0,0.0,0.7588335275650024,17.126052856445312,0.0,0.0,0.0,0.0,0.0,0.0,0.0,0.0,28.0,40.0,6.0,34.0,189.0,34.0,53.0
2020-02-25 20:00:00+00:00,3188877572.0,0.0021911,20.50241072,362559537.0,3.352699875831604,1.698201835155487,0.0,0.0,0.0,3.352699875831604,0.0,0.8825981616973877,0.0,0.0,0.8825981616973877,0.0,0.0,0.0,12.0,33.0,20.0,16.0,295.0,38.0,40.0
2020-02-25 22:00:00+00:00,3164000936.0,0.0021776,20.34247012,356163893.0,0.7229389548301697,0.0,0.0,0.0,0.7229389548301697,0.0,0.0,0.0,0.0,0.0,0.0,0.0,0.0,0.0,4.0,19.0,10.0,13.0,91.0,18.0,29.0
2020-02-26 00:00:00+00:00,3061249408.0,0.00212601,19.68184455,361644830.0,8.389569342136383,0.0,0.0,0.0,0.8422154784202576,7.5473538637161255,0.0,0.0,0.0,0.0,0.0,0.0,0.0,0.0,12.0,24.0,7.0,15.0,83.0,12.0,20.0
2020-02-26 02:00:00+00:00,3026521328.0,0.00211873,19.45856557,388160679.0,3.454346477985382,0.8742737174034119,0.0,0.0,0.0,3.454346477985382,0.0,0.0,0.0,0.0,0.0,0.0,0.0,0.0,13.0,35.0,11.0,23.0,119.0,22.0,38.0
2020-02-26 04:00:00+00:00,3062515941.0,0.00213892,19.68998754,385702142.0,0.9621879458427429,0.8332839608192444,0.0,0.0,0.0,0.9621879458427429,0.0,0.0,0.0,0.0,0.0,0.0,0.0,0.0,7.0,34.0,8.0,11.0,49.0,30.0,36.0
2020-02-26 06:00:00+00:00,3003130721.0,0.00210121,19.30817917,371267381.0,5.687927842140198,0.8259017467498779,0.0,0.0,0.7727632522583008,4.124387741088867,0.7907768487930298,0.0,0.0,0.0,0.0,0.0,0.0,0.0,9.0,45.0,4.0,8.0,51.0,21.0,55.0
2020-02-26 08:00:00+00:00,2944862148.0,0.002064642770977645,18.9335500982,382429750.0,11.51829206943512,0.7150687575340271,0.0,0.0,0.7650770545005798,9.926206767559052,0.8270082473754883,0.0,0.0,0.0,0.0,0.0,0.0,0.0,15.0,29.0,6.0,7.0,63.0,31.0,68.0
2020-02-26 10:00:00+00:00,2984888141.0,0.00209321,19.19089123,392377085.0,2.5787296295166016,0.0,0.0,0.0,0.0,1.8067090511322021,0.7720205783843994,1.7578900456428528,4.255204498767853,0.0,0.0,0.0,0.0,0.7867867350578308,11.0,47.0,9.0,12.0,80.0,24.0,85.0
2020-02-26 12:00:00+00:00,2976505208.0,0.0020928932487794026,19.1369944172,404884317.0,1.6611944437026978,0.0,0.0,0.0,0.0,1.6611944437026978,0.0,0.0,0.0,0.0,0.0,0.0,0.0,0.0,6.0,54.0,10.0,13.0,112.0,62.0,82.0
2020-02-26 14:00:00+00:00,2928208646.0,0.0020833970379211396,18.8264789064,405687283.0,0.8116241097450256,0.0,0.0,0.0,0.8116241097450256,0.0,0.0,0.0,2.325417399406433,0.0,0.0,0.0,0.0,0.0,17.0,93.0,20.0,34.0,161.0,40.0,89.0
2020-02-26 16:00:00+00:00,2856527826.0,0.00210716,18.36561781,421261536.0,3.126620888710022,0.0,0.0,0.0,0.7098790407180786,2.4167418479919434,0.0,0.0,0.0,0.0,0.0,0.0,0.0,0.0,12.0,39.0,13.0,41.0,264.0,49.0,78.0
2020-02-26 18:00:00+00:00,2910816054.0,0.00212222,18.71465584,436904887.0,3.203095257282257,0.0,0.0,0.0,1.5304962992668152,0.7473284006118774,0.9252705574035645,0.0,0.0,0.0,0.0,0.0,0.0,0.0,8.0,32.0,21.0,30.0,72.0,21.0,46.0
2020-02-26 20:00:00+00:00,2850637107.0,0.00208763,18.32774431,426844199.0,2.242870569229126,0.0,0.0,0.0,2.242870569229126,0.0,0.0,0.7526047825813293,0.0,0.0,0.0,0.7526047825813293,0.0,0.0,7.0,21.0,12.0,21.0,88.0,14.0,38.0
2020-02-26 22:00:00+00:00,2923955254.0,0.00213129,18.79913235,443909390.0,1.5641412734985352,0.8330591320991516,0.0,0.0,0.0,0.7310821413993835,0.0,0.0,0.8163667321205139,0.0,0.0,0.0,0.0,0.0,7.0,23.0,16.0,22.0,110.0,16.0,23.0
2020-02-27 00:00:00+00:00,2854897847.0,0.00211547,18.3551381,441276041.0,3.183989405632019,0.0,0.0,0.0,1.4804194569587708,0.7960032820701599,0.9075666666030884,0.7460975646972656,0.9331000447273254,0.0,0.0,0.0,0.7460975646972656,0.0,6.0,20.0,21.0,21.0,148.0,26.0,21.0
2020-02-27 02:00:00+00:00,2870305119.0,0.00211544,18.45419685,432532839.0,1.641994059085846,0.0,0.0,0.0,0.0,1.641994059085846,0.0,0.0,0.0,0.0,0.0,0.0,0.0,0.0,16.0,32.0,24.0,17.0,88.0,17.0,27.0
2020-02-27 04:00:00+00:00,2881703536.0,0.00211766,18.52748127,425748541.0,0.0,0.7087554931640625,0.0,0.0,0.0,0.0,0.0,0.0,0.0,0.0,0.0,0.0,0.0,0.0,2.0,24.0,5.0,18.0,80.0,13.0,31.0
2020-02-27 06:00:00+00:00,2896094428.0,0.00211567,18.62000535,433545480.0,2.4892923831939697,0.0,0.0,0.0,0.79954594373703,0.8171153664588928,0.8726310729980469,0.0,0.0,0.0,0.0,0.0,0.0,0.0,7.0,20.0,4.0,15.0,66.0,13.0,43.0
2020-02-27 08:00:00+00:00,2919828122.0,0.0021344326094899454,18.7725975809,437314132.0,2.2743983268737793,0.8155850172042847,0.0,0.0,0.7547845840454102,1.5196137428283691,0.0,0.0,1.4845269918441772,0.0,0.0,0.0,0.0,0.0,6.0,29.0,7.0,8.0,41.0,19.0,46.0
2020-02-27 10:00:00+00:00,2952702280.0,0.00215675,18.98395706,442291191.0,1.537596046924591,2.4903407096862793,0.0,0.0,0.0,1.537596046924591,0.0,0.8609262704849243,2.641328752040863,0.0,0.0,0.0,0.0,0.0,6.0,24.0,5.0,12.0,67.0,9.0,33.0
2020-02-27 12:00:00+00:00,3008895522.0,0.00218948,19.34524309,453854770.0,3.0889706015586853,0.7310191988945007,0.0,0.0,0.8011105060577393,2.287860095500946,0.0,0.0,0.0,0.0,0.0,0.0,0.0,0.0,10.0,21.0,6.0,23.0,181.0,25.0,62.0
2020-02-27 14:00:00+00:00,2969344376.0,0.00215904,19.09095492,438231394.0,4.1407952308654785,0.7162123918533325,0.0,0.0,0.0,2.4976935386657715,1.643101692199707,0.0,0.0,0.0,0.0,0.0,0.0,0.0,12.0,38.0,7.0,20.0,93.0,41.0,58.0
2020-02-27 16:00:00+00:00,3047634511.0,0.0021971,19.59430962,409320597.0,7.279739201068878,0.0,0.0,0.0,0.0,5.581716060638428,1.6980231404304504,0.0,0.0,0.0,0.0,0.0,0.0,0.0,12.0,45.0,29.0,32.0,82.0,28.0,69.0
2020-02-27 18:00:00+00:00,3019532865.0,0.002179438370333776,19.4136342905,399229496.0,4.735091805458069,0.0,0.0,0.0,0.726397693157196,4.008694112300873,0.0,0.0,0.0,0.0,0.0,0.0,0.0,0.0,9.0,32.0,14.0,25.0,67.0,22.0,36.0
2020-02-27 20:00:00+00:00,2951603621.0,0.00215799,18.97689339,394846628.0,3.221349835395813,0.0,0.0,0.0,0.7967333793640137,2.4246164560317993,0.0,0.0,0.0,0.0,0.0,0.0,0.0,0.0,4.0,28.0,8.0,26.0,100.0,24.0,19.0
2020-02-27 22:00:00+00:00,2974261568.0,0.00217685,19.12256927,406092296.0,0.8011105060577393,0.0,0.0,0.0,0.8011105060577393,0.0,0.0,0.0,0.0,0.0,0.0,0.0,0.0,0.0,8.0,43.0,12.0,20.0,244.0,26.0,29.0
2020-02-28 00:00:00+00:00,3059590784.0,0.00221618,19.67118068,397471314.0,1.539455533027649,0.0,0.0,0.0,0.7967333793640137,0.7427221536636353,0.0,0.0,0.0,0.0,0.0,0.0,0.0,0.0,6.0,14.0,4.0,18.0,60.0,28.0,24.0
2020-02-28 02:00:00+00:00,3015989842.0,0.0021897233017319174,19.3908549535,386347945.0,0.0,0.0,0.0,0.0,0.0,0.0,0.0,0.0,0.0,0.0,0.0,0.0,0.0,0.0,3.0,17.0,4.0,30.0,50.0,15.0,30.0
2020-02-28 04:00:00+00:00,2986843768.0,0.0021813,19.20346464,402628371.0,2.320546507835388,0.0,0.0,0.0,0.0,2.320546507835388,0.0,0.0,0.0,0.0,0.0,0.0,0.0,0.0,3.0,22.0,6.0,16.0,52.0,13.0,29.0
2020-02-28 06:00:00+00:00,2926473762.0,0.00215598,18.81532473,402542693.0,2.55156272649765,0.0,0.0,0.0,0.0,0.7860633134841919,1.7654994130134583,0.0,0.0,0.0,0.0,0.0,0.0,0.0,9.0,28.0,1.0,10.0,90.0,14.0,66.0
2020-02-28 08:00:00+00:00,2851012950.0,0.0021203340704293696,18.3301607371,396493140.0,4.195618987083435,0.9257424473762512,0.0,0.0,0.0,1.689472734928131,2.506146252155304,0.0,0.0,0.0,0.0,0.0,0.0,0.0,11.0,44.0,9.0,8.0,172.0,18.0,64.0
2020-02-28 10:00:00+00:00,2845647844.0,0.00212733,18.29566659,416186318.0,2.3447385430336,0.0,0.0,0.0,1.5004227757453918,0.0,0.844315767288208,0.8797102570533752,0.0,0.0,0.8797102570533752,0.0,0.0,0.0,6.0,46.0,7.0,20.0,82.0,18.0,59.0
2020-02-28 12:00:00+00:00,2910327010.0,0.00216016,18.71151161,443203450.0,0.0,0.0,0.0,0.0,0.0,0.0,0.0,0.0,0.0,0.0,0.0,0.0,0.0,0.0,6.0,26.0,18.0,22.0,177.0,34.0,63.0
2020-02-28 14:00:00+00:00,2912101774.0,0.00215447,18.72292219,452715797.0,3.37516325712204,0.9257424473762512,0.0,0.0,1.5837107300758362,0.9181179404258728,0.8733345866203308,0.7034449577331543,0.0,0.0,0.0,0.7034449577331543,0.0,0.0,12.0,52.0,17.0,34.0,95.0,28.0,71.0
2020-02-28 16:00:00+00:00,2897840020.0,0.00217465,18.63122837,477826550.0,0.0,0.0,0.0,0.0,0.0,0.0,0.0,0.0,0.0,0.0,0.0,0.0,0.0,0.0,4.0,33.0,12.0,27.0,125.0,25.0,53.0
2020-02-28 18:00:00+00:00,2885344313.0,0.00216836,18.55088909,473918426.0,1.6388993859291077,0.0,0.0,0.0,0.7435237765312195,0.8953756093978882,0.0,0.0,0.9411171078681946,0.0,0.0,0.0,0.0,0.0,3.0,15.0,10.0,28.0,93.0,23.0,33.0
2020-02-28 20:00:00+00:00,2919784832.0,0.00217203,18.77231925,468595245.0,0.7601319551467896,0.0,0.0,0.0,0.7601319551467896,0.0,0.0,0.0,0.9315518140792847,0.0,0.0,0.0,0.0,0.0,3.0,35.0,19.0,25.0,195.0,12.0,39.0
2020-02-28 22:00:00+00:00,2932619604.0,0.00217411,18.8548385,461435237.0,0.0,0.0,0.0,0.0,0.0,0.0,0.0,0.0,0.0,0.0,0.0,0.0,0.0,0.0,3.0,22.0,16.0,15.0,159.0,9.0,26.0
2020-02-29 00:00:00+00:00,2937519200.0,0.00216731,18.88633972,468082219.0,2.4409096240997314,0.0,0.0,0.0,0.7745411396026611,1.6663684844970703,0.0,0.0,0.0,0.0,0.0,0.0,0.0,0.0,6.0,9.0,2.0,15.0,20.0,8.0,16.0
2020-02-29 02:00:00+00:00,2956499314.0,0.00218244,19.00836952,468911252.0,0.0,0.8586259484291077,0.0,0.0,0.0,0.0,0.0,0.0,0.833905041217804,0.0,0.0,0.0,0.0,0.0,1.0,14.0,16.0,10.0,12.0,14.0,21.0
2020-02-29 04:00:00+00:00,2994152604.0,0.00219743,19.2504557,461760905.0,0.0,0.0,0.0,0.0,0.0,0.0,0.0,0.0,0.0,0.0,0.0,0.0,0.0,0.0,4.0,28.0,5.0,14.0,27.0,8.0,32.0
2020-02-29 06:00:00+00:00,2979217774.0,0.00219136,19.15443445,449455008.0,2.3172126412391663,0.0,0.0,0.0,1.5273738503456116,0.7898387908935547,0.0,0.0,0.0,0.0,0.0,0.0,0.0,0.0,5.0,24.0,2.0,13.0,45.0,11.0,44.0
2020-02-29 08:00:00+00:00,2956576591.0,0.00218107,19.00886636,440134401.0,0.83263099193573,0.0,0.0,0.0,0.0,0.83263099193573,0.0,0.0,0.0,0.0,0.0,0.0,0.0,0.0,9.0,17.0,4.0,8.0,22.0,5.0,41.0
2020-02-29 10:00:00+00:00,3130800836.0,0.00231402,20.12901505,552454613.0,0.8771697878837585,1.6001031398773193,0.0,0.0,0.0,0.8771697878837585,0.0,0.0,0.0,0.0,0.0,0.0,0.0,0.0,8.0,17.0,4.0,19.0,104.0,2.0,48.0
2020-02-29 12:00:00+00:00,3052782160.0,0.00226648,19.62740565,555410721.0,0.0,0.7178858518600464,0.0,0.0,0.0,0.0,0.0,0.0,0.7652590870857239,0.0,0.0,0.0,0.0,0.0,15.0,37.0,0.0,9.0,100.0,13.0,50.0
2020-02-29 14:00:00+00:00,3059739128.0,0.00226581,19.67213444,564824412.0,10.803666770458221,0.860377311706543,0.765681266784668,0.0,0.788237452507019,7.562361717224121,1.6873863339424133,0.7801876068115234,1.6554802060127258,0.0,0.0,0.0,0.7801876068115234,0.0,19.0,27.0,9.0,14.0,100.0,16.0,80.0
2020-02-29 16:00:00+00:00,3062237794.0,0.00227228,19.68819923,541641558.0,3.926843583583832,0.0,0.0,0.0,0.0,2.367755711078644,1.559087872505188,0.7907992601394653,0.7907992601394653,0.0,0.0,0.0,0.0,0.0,9.0,16.0,6.0,15.0,111.0,9.0,60.0
2020-02-29 18:00:00+00:00,3073235623.0,0.00227427,19.758908130000002,559826962.0,3.4087368845939636,0.0,0.0,0.0,0.8317362070083618,2.577000677585602,0.0,0.0,0.9011306762695312,0.0,0.0,0.0,0.0,0.0,15.0,53.0,17.0,26.0,119.0,16.0,49.0
2020-02-29 20:00:00+00:00,3066458380.0,0.0022800028362872423,19.7153348619,575150466.0,3.784858822822571,0.0,0.7910100221633911,0.0,0.8088533878326416,2.184995412826538,0.0,0.0,0.0,0.0,0.0,0.0,0.0,0.0,7.0,16.0,5.0,12.0,60.0,9.0,28.0
2020-02-29 22:00:00+00:00,3046045200.0,0.00227735,19.58409138,584219366.0,0.7470259070396423,0.0,0.0,0.0,0.7470259070396423,0.0,0.0,0.0,0.0,0.0,0.0,0.0,0.0,0.0,8.0,23.0,5.0,19.0,52.0,11.0,43.0
2020-03-01 00:00:00+00:00,3023038191.0,0.00224962,19.43617126,584646427.0,0.8773568868637085,0.0,0.0,0.0,0.0,0.8773568868637085,0.0,0.9375240802764893,1.508492112159729,0.0,0.9375240802764893,0.0,0.0,0.0,5.0,9.0,11.0,22.0,100.0,2.0,42.0
2020-03-01 02:00:00+00:00,3045287160.0,0.00226517,19.57921768,611328865.0,3.4979334473609924,0.9322774410247803,0.0,0.0,0.8397374749183655,1.7259185314178467,0.0,0.0,0.0,0.0,0.0,0.0,0.0,0.0,9.0,32.0,8.0,8.0,89.0,9.0,35.0
2020-03-01 04:00:00+00:00,3022470166.0,0.00226083,19.43251923,601995175.0,0.7602075934410095,1.6836647987365723,0.0,0.0,0.0,0.0,0.7602075934410095,0.0,1.6968660354614258,0.0,0.0,0.0,0.0,0.0,2.0,35.0,7.0,9.0,71.0,6.0,44.0
2020-03-01 06:00:00+00:00,2980038863.0,0.00223919,19.15971352,582884101.0,3.25410532951355,0.0,0.0,0.0,0.8059084415435791,0.7161486148834229,1.7320482730865479,0.0,0.0,0.0,0.0,0.0,0.0,0.0,6.0,10.0,5.0,17.0,88.0,5.0,49.0
2020-03-01 08:00:00+00:00,2996714469.0,0.00224913,19.26692683,576466613.0,0.0,1.5173358917236328,0.0,0.0,0.0,0.0,0.0,0.0,0.0,0.0,0.0,0.0,0.0,0.0,3.0,18.0,2.0,6.0,75.0,5.0,105.0
2020-03-01 10:00:00+00:00,3043970516.0,0.0022617818842465094,19.5707525087,481607730.0,0.788237452507019,0.0,0.0,0.0,0.788237452507019,0.0,0.0,0.7938979268074036,1.553467333316803,0.0,0.0,0.0,0.0,0.0,3.0,19.0,5.0,8.0,63.0,2.0,79.0
2020-03-01 12:00:00+00:00,3038703097.0,0.00226438,19.53688643,446699261.0,0.9464987516403198,0.7366462349891663,0.0,0.0,0.0,0.9464987516403198,0.0,1.5014970302581787,0.8767569661140442,0.0,0.0,1.5014970302581787,0.0,0.0,5.0,23.0,6.0,13.0,84.0,16.0,81.0
2020-03-01 14:00:00+00:00,2991715225.0,0.00224167,19.23478494,414963659.0,2.4993478059768677,0.0,1.7523218989372253,0.0,0.7470259070396423,0.0,0.0,0.0,0.0,0.0,0.0,0.0,0.0,0.0,6.0,20.0,15.0,25.0,61.0,10.0,67.0
2020-03-01 16:00:00+00:00,2920892826.0,0.00220385,18.77944293,410574676.0,0.0,0.0,0.0,0.0,0.0,0.0,0.0,0.0,0.0,0.0,0.0,0.0,0.0,0.0,3.0,20.0,10.0,19.0,141.0,11.0,118.0
2020-03-01 18:00:00+00:00,2944969871.0,0.00221183,18.93424269,405036502.0,3.0492305159568787,2.345361649990082,0.0,0.0,0.7894445061683655,0.0,0.7066100239753723,0.823574423789978,0.0,0.0,0.0,0.0,0.823574423789978,0.0,7.0,17.0,6.0,21.0,120.0,8.0,83.0
2020-03-01 20:00:00+00:00,2917723396.0,0.0022005770737624415,18.7590655614,388743826.0,1.5235426425933838,1.6396305561065674,0.0,0.0,0.7092064023017883,0.8143362402915955,0.0,0.9208972454071045,0.0,0.0,0.9208972454071045,0.0,0.0,0.0,4.0,23.0,5.0,19.0,74.0,18.0,39.0
2020-03-01 22:00:00+00:00,2949478830.0,0.0022147,18.96323236,380913102.0,0.7814881801605225,1.606723129749298,0.0,0.0,0.7814881801605225,0.0,0.0,0.0,0.0,0.0,0.0,0.0,0.0,0.0,5.0,15.0,16.0,31.0,136.0,6.0,51.0
2020-03-02 00:00:00+00:00,2968990436.0,0.00222753,19.08867932,382102226.0,0.7234538793563843,0.0,0.0,0.0,0.7234538793563843,0.0,0.0,0.0,0.0,0.0,0.0,0.0,0.0,0.0,1.0,8.0,13.0,13.0,52.0,12.0,27.0
2020-03-02 02:00:00+00:00,2976287118.0,0.002219929418572193,19.1355922357,361355192.0,0.7659668922424316,0.0,0.0,0.0,0.7659668922424316,0.0,0.0,0.0,0.0,0.0,0.0,0.0,0.0,0.0,1.0,16.0,6.0,15.0,48.0,11.0,29.0
2020-03-02 04:00:00+00:00,3018803022.0,0.0022470107399418927,19.4089418764,375106932.0,0.8033007979393005,0.0,0.0,0.0,0.0,0.8033007979393005,0.0,0.0,0.0,0.0,0.0,0.0,0.0,0.0,1.0,27.0,5.0,7.0,51.0,10.0,24.0
2020-03-02 06:00:00+00:00,3007911170.0,0.002238714625768603,19.3389143424,384618783.0,0.0,0.0,0.0,0.0,0.0,0.0,0.0,0.0,0.0,0.0,0.0,0.0,0.0,0.0,0.0,33.0,0.0,7.0,78.0,2.0,41.0
2020-03-02 08:00:00+00:00,3029264853.0,0.00224094,19.47620465,395268006.0,3.117351233959198,0.8254621624946594,0.0,0.0,1.4915779829025269,0.8307426571846008,0.7950305938720703,0.0,0.0,0.0,0.0,0.0,0.0,0.0,8.0,46.0,11.0,16.0,116.0,3.0,52.0
2020-03-02 10:00:00+00:00,3049893015.0,0.00224032,19.60883033,400688077.0,1.6466881036758423,0.8006804585456848,0.0,0.0,0.8397374749183655,0.0,0.8069506287574768,0.0,0.0,0.0,0.0,0.0,0.0,0.0,4.0,32.0,7.0,16.0,185.0,9.0,40.0
2020-03-02 12:00:00+00:00,3060610720.0,0.00222735,19.67773821,398138159.0,1.6519199013710022,0.0,0.0,0.0,0.7266782522201538,0.0,0.9252416491508484,0.0,0.9722381830215454,0.0,0.0,0.0,0.0,0.0,3.0,46.0,9.0,21.0,117.0,12.0,57.0
2020-03-02 14:00:00+00:00,3045186477.0,0.00222191,19.57857035,400789217.0,5.719122529029846,0.9333610534667969,0.0,0.0,1.5998913645744324,3.346606194972992,0.7726249694824219,2.377587139606476,0.8349428176879883,0.0,0.0,0.0,2.377587139606476,0.0,15.0,55.0,8.0,31.0,165.0,20.0,60.0
2020-03-02 16:00:00+00:00,3076060868.0,0.002234967653017161,19.7770726213,400453230.0,2.4858333468437195,0.0,0.0,0.0,0.8346002697944641,1.6512330770492554,0.0,0.0,0.0,0.0,0.0,0.0,0.0,0.0,9.0,46.0,11.0,16.0,82.0,32.0,62.0
2020-03-02 18:00:00+00:00,3094483924.0,0.00224668,19.8955209,408516126.0,2.3157492876052856,0.7440786957740784,0.0,0.0,1.5716705918312073,0.0,0.0,0.0,0.0,0.0,0.0,0.0,0.0,0.0,10.0,26.0,7.0,24.0,66.0,26.0,53.0
2020-03-02 20:00:00+00:00,3113908083.0,0.0022496024702256465,20.0204056183,418824128.0,0.0,0.0,0.0,0.0,0.0,0.0,0.0,0.0,0.0,0.0,0.0,0.0,0.0,0.0,3.0,26.0,12.0,34.0,77.0,13.0,51.0
2020-03-02 22:00:00+00:00,3081814362.0,0.00223391,19.81406385,428747453.0,0.0,0.0,0.0,0.0,0.0,0.0,0.0,0.0,0.796799898147583,0.0,0.0,0.0,0.0,0.0,3.0,18.0,12.0,16.0,78.0,20.0,42.0
2020-03-03 00:00:00+00:00,3062829271.0,0.00222883,19.69200205,418074668.0,0.0,0.0,0.0,0.0,0.0,0.0,0.0,0.0,0.0,0.0,0.0,0.0,0.0,0.0,3.0,20.0,12.0,10.0,50.0,10.0,19.0
2020-03-03 02:00:00+00:00,3077758586.0,0.00223268,19.78798784,422040261.0,2.304183304309845,0.0,0.7684667110443115,0.0,0.8131629824638367,0.7225536108016968,0.0,0.0,0.0,0.0,0.0,0.0,0.0,0.0,6.0,14.0,13.0,18.0,77.0,6.0,26.0
2020-03-03 04:00:00+00:00,3077358543.0,0.00223547,19.78541582,418499221.0,2.464052379131317,0.7661473155021667,1.7516149878501892,0.0,0.7124373912811279,0.0,0.0,0.0,0.0,0.0,0.0,0.0,0.0,0.0,7.0,33.0,7.0,17.0,52.0,9.0,37.0
2020-03-03 06:00:00+00:00,3075370803.0,0.0022508,19.77263595,418847803.0,0.8095730543136597,0.0,0.0,0.0,0.0,0.0,0.8095730543136597,1.6239435076713562,0.0,0.0,0.7964145541191101,0.0,0.8275289535522461,0.0,4.0,32.0,5.0,24.0,65.0,7.0,34.0
2020-03-03 08:00:00+00:00,3071005673.0,0.00224208,19.744571,421840130.0,0.9276006817817688,3.6105136275291443,0.0,0.0,0.0,0.9276006817817688,0.0,0.0,0.0,0.0,0.0,0.0,0.0,0.0,8.0,40.0,1.0,13.0,52.0,11.0,34.0
2020-03-03 10:00:00+00:00,3138373162.0,0.00227242,20.17770018,435712520.0,2.5542080998420715,0.8140763640403748,0.0,0.0,1.7329097986221313,0.8212983012199402,0.0,0.8650940656661987,1.5283877849578857,0.0,0.8650940656661987,0.0,0.0,0.0,7.0,27.0,10.0,11.0,68.0,20.0,48.0
2020-03-03 12:00:00+00:00,3081083556.0,0.0022503,19.809365239999998,431088067.0,1.518448829650879,1.6212929487228394,0.0,0.0,0.758596658706665,0.0,0.7598521709442139,0.0,0.0,0.0,0.0,0.0,0.0,0.0,6.0,41.0,1.0,22.0,119.0,14.0,67.0
2020-03-03 14:00:00+00:00,3068272480.0,0.00224749,19.72699835,428700699.0,1.6598269939422607,0.0,0.0,0.0,0.0,1.6598269939422607,0.0,0.0,0.0,0.0,0.0,0.0,0.0,0.0,6.0,45.0,8.0,35.0,186.0,22.0,79.0
2020-03-03 16:00:00+00:00,3012803308.0,0.00221826,19.37036761,406740660.0,1.7816351056098938,2.3007328510284424,0.0,0.0,0.0,0.9377579092979431,0.8438771963119507,0.0,0.0,0.0,0.0,0.0,0.0,0.0,7.0,22.0,21.0,31.0,84.0,15.0,71.0
2020-03-03 18:00:00+00:00,3039961174.0,0.00223922,19.54497504,401875161.0,1.6400930285453796,0.0,0.0,0.0,0.0,1.6400930285453796,0.0,0.0,0.0,0.0,0.0,0.0,0.0,0.0,9.0,31.0,6.0,26.0,77.0,21.0,48.0
2020-03-03 20:00:00+00:00,3037209345.0,0.00223181,19.52728257,379753207.0,0.8041692972183228,0.0,0.8041692972183228,0.0,0.0,0.0,0.0,0.0,0.0,0.0,0.0,0.0,0.0,0.0,2.0,27.0,12.0,25.0,107.0,15.0,33.0
2020-03-03 22:00:00+00:00,3054303981.0,0.0022346,19.63718997,355662760.0,3.3713528513908386,2.5702423453330994,0.0,0.0,0.8011105060577393,0.0,0.0,0.0,0.7701112031936646,0.0,0.0,0.0,0.0,0.0,9.0,45.0,12.0,30.0,140.0,13.0,35.0
2020-03-04 00:00:00+00:00,3091230864.0,0.00225842,19.87460584,366458155.0,1.51719331741333,1.490537405014038,0.0,0.0,1.51719331741333,0.0,0.0,0.0,0.0,0.0,0.0,0.0,0.0,0.0,3.0,11.0,2.0,16.0,45.0,6.0,15.0
2020-03-04 02:00:00+00:00,3094816706.0,0.00225899,19.89766047,363698375.0,0.7517755627632141,1.5016682744026184,0.0,0.0,0.0,0.0,0.0,0.0,0.0,0.0,0.0,0.0,0.0,0.0,1.0,40.0,4.0,11.0,73.0,10.0,41.0
2020-03-04 04:00:00+00:00,3122802637.0,0.00227225,20.07759182,372837543.0,2.426000475883484,0.7687090635299683,0.7991414666175842,0.0,0.0,0.8581499457359314,0.0,0.0,0.0,0.0,0.0,0.0,0.0,0.0,7.0,32.0,3.0,14.0,67.0,8.0,33.0
2020-03-04 06:00:00+00:00,3123217998.0,0.002277857725089651,20.0802623268,374850300.0,1.6222981214523315,0.7691665887832642,0.0,0.0,0.7155758738517761,0.9067222476005554,0.0,0.9729535579681396,0.9729535579681396,0.0,0.0,0.0,0.0,0.0,5.0,44.0,0.0,20.0,77.0,5.0,50.0
2020-03-04 08:00:00+00:00,3091481236.0,0.0022583431810413437,19.8762155657,366548380.0,2.4378249049186707,0.0,0.8210315704345703,0.0,0.0,0.7191001176834106,0.8976932168006897,1.5383656024932861,0.0,0.7305116653442383,0.0,0.0,0.8078539371490479,0.0,17.0,52.0,5.0,23.0,57.0,9.0,44.0
2020-03-04 10:00:00+00:00,3093696069.0,0.00227157,19.8904555,345917776.0,0.0,0.0,0.0,0.0,0.0,0.0,0.0,0.0,0.0,0.0,0.0,0.0,0.0,0.0,4.0,50.0,1.0,7.0,75.0,7.0,62.0
2020-03-04 12:00:00+00:00,3107133229.0,0.00227902,19.97684771,340254489.0,0.0,0.0,0.0,0.0,0.0,0.0,0.0,0.0,0.0,0.0,0.0,0.0,0.0,0.0,4.0,55.0,3.0,15.0,76.0,28.0,53.0
2020-03-04 14:00:00+00:00,3079497256.0,0.00226547,19.79916636,328852732.0,2.410311281681061,0.8639285564422607,0.8116721510887146,0.0,0.0,0.7347105741500854,0.0,0.9189941883087158,0.0,0.0,0.0,0.0,0.9189941883087158,0.0,8.0,48.0,20.0,23.0,90.0,36.0,50.0
2020-03-04 16:00:00+00:00,3077997079.0,0.00226303,19.7895212,332043026.0,2.678414225578308,0.7102141976356506,0.0,0.0,0.0,2.678414225578308,0.0,0.0,0.0,0.0,0.0,0.0,0.0,0.0,13.0,46.0,3.0,22.0,49.0,13.0,68.0
2020-03-04 18:00:00+00:00,3067187906.0,0.00225406,19.72002524,336364375.0,4.7590625286102295,0.7897909283638,0.0,0.0,0.8088533878326416,3.088738799095154,0.8614703416824341,0.0,0.7375272512435913,0.0,0.0,0.0,0.0,0.0,23.0,43.0,10.0,17.0,74.0,20.0,32.0
2020-03-04 20:00:00+00:00,3081240510.0,0.00227146,19.81037435,344604241.0,3.95100337266922,0.0,0.0,0.0,0.0,3.95100337266922,0.0,0.0,0.0,0.0,0.0,0.0,0.0,0.0,10.0,31.0,9.0,22.0,85.0,17.0,24.0
2020-03-04 22:00:00+00:00,3104386463.0,0.00227968,19.95918779,363898093.0,0.8493989706039429,0.7149319052696228,0.0,0.0,0.0,0.8493989706039429,0.0,0.0,2.534355580806732,0.0,0.0,0.0,0.0,0.0,5.0,24.0,26.0,15.0,59.0,14.0,27.0
2020-03-05 00:00:00+00:00,3141038197.0,0.00228111,20.19483463,371059559.0,4.224843144416809,0.868635892868042,0.0,0.0,0.0,4.224843144416809,0.0,1.4092544317245483,0.0,0.0,1.4092544317245483,0.0,0.0,0.0,13.0,20.0,1.0,13.0,95.0,8.0,19.0
2020-03-05 02:00:00+00:00,3189127921.0,0.00231042,20.5040203,384769564.0,4.964022278785706,0.8617854714393616,0.0,0.0,0.0,4.151106894016266,0.8129153847694397,0.0,0.0,0.0,0.0,0.0,0.0,0.0,15.0,35.0,4.0,13.0,92.0,7.0,29.0
2020-03-05 04:00:00+00:00,3239457288.0,0.0023348242464204523,20.8276054281,395260375.0,6.857393980026245,0.0,3.5042271614074707,0.0,0.0,3.3531668186187744,0.0,0.0,0.708224892616272,0.0,0.0,0.0,0.0,0.0,16.0,29.0,11.0,9.0,72.0,13.0,31.0
2020-03-05 06:00:00+00:00,3229698719.0,0.00233143,20.76486417,386234046.0,0.9306640625,0.0,0.0,0.0,0.0,0.9306640625,0.0,0.0,0.0,0.0,0.0,0.0,0.0,0.0,6.0,37.0,12.0,11.0,85.0,6.0,42.0
2020-03-05 08:00:00+00:00,3289147257.0,0.00233933,21.14707964,404058173.0,2.2536256313323975,3.2805132269859314,0.7950454354286194,0.0,0.7544726729393005,0.0,0.7041075229644775,0.0,0.0,0.0,0.0,0.0,0.0,0.0,17.0,89.0,3.0,7.0,72.0,7.0,54.0
2020-03-05 10:00:00+00:00,3319009160.0,0.00234396,21.33907227,422885420.0,6.686228454113007,2.5862104892730713,0.0,0.0,0.8986033201217651,5.7876251339912415,0.0,0.0,0.7781262397766113,0.0,0.0,0.0,0.0,0.0,25.0,40.0,9.0,13.0,91.0,13.0,41.0
2020-03-05 12:00:00+00:00,3293903276.0,0.002326758903643729,21.1776577557,421458447.0,4.967912912368774,2.39673912525177,0.0,0.0,0.0,3.2967449426651,0.0,0.0,0.0,0.0,0.0,0.0,0.0,0.0,22.0,36.0,6.0,17.0,108.0,15.0,50.0
2020-03-05 14:00:00+00:00,3287783088.0,0.00232447,21.13830892,417556643.0,1.6725828647613525,0.0,0.0,0.0,0.0,1.6725828647613525,0.0,0.0,1.4966029524803162,0.0,0.0,0.0,0.0,0.0,5.0,38.0,10.0,16.0,68.0,25.0,44.0
2020-03-05 16:00:00+00:00,3312982730.0,0.0023367,21.30032624,417791080.0,3.1254478693008423,0.0,0.7749572396278381,0.0,0.7040712237358093,1.6464194059371948,0.0,0.0,0.0,0.0,0.0,0.0,0.0,0.0,14.0,37.0,16.0,19.0,42.0,15.0,42.0
2020-03-05 18:00:00+00:00,3291097971.0,0.002316100456897167,21.1596214647,416579696.0,2.5143693685531616,0.0,0.0,0.0,0.0,2.5143693685531616,0.0,0.0,0.0,0.0,0.0,0.0,0.0,0.0,8.0,37.0,18.0,25.0,48.0,10.0,28.0
2020-03-05 20:00:00+00:00,3249606146.0,0.00229005,20.89285599,418852899.0,1.6315293908119202,0.7015732526779175,0.0,0.0,0.786586344242096,0.8449430465698242,0.0,0.8197755813598633,0.0,0.0,0.0,0.0,0.0,0.8197755813598633,8.0,15.0,22.0,15.0,176.0,15.0,20.0
2020-03-05 22:00:00+00:00,3235479596.0,0.00229128,20.80203146,424802925.0,0.7172721028327942,0.7778645157814026,0.0,0.0,0.7172721028327942,0.0,0.0,0.0,0.0,0.0,0.0,0.0,0.0,0.0,5.0,14.0,1.0,12.0,99.0,14.0,26.0
2020-03-06 00:00:00+00:00,3243751193.0,0.00230758,20.85521245,430136344.0,0.7172721028327942,0.0,0.0,0.0,0.7172721028327942,0.0,0.0,0.0,0.7010529637336731,0.0,0.0,0.0,0.0,0.0,4.0,25.0,0.0,24.0,47.0,7.0,23.0
2020-03-06 02:00:00+00:00,3278428074.0,0.00232601,21.07816226,421783574.0,0.0,1.7405202984809875,0.0,0.0,0.0,0.0,0.0,0.0,0.0,0.0,0.0,0.0,0.0,0.0,9.0,36.0,0.0,14.0,65.0,8.0,25.0
2020-03-06 04:00:00+00:00,3309481736.0,0.00233898,21.27781713,430158986.0,1.5233923196792603,0.0,0.0,0.0,0.0,1.5233923196792603,0.0,0.8533393740653992,0.0,0.0,0.8533393740653992,0.0,0.0,0.0,7.0,31.0,3.0,7.0,70.0,10.0,37.0
2020-03-06 06:00:00+00:00,3307810777.0,0.00233428,21.26707395,431917244.0,0.7172721028327942,0.0,0.0,0.0,0.7172721028327942,0.0,0.0,0.0,0.0,0.0,0.0,0.0,0.0,0.0,3.0,34.0,4.0,13.0,51.0,10.0,46.0
2020-03-06 08:00:00+00:00,3305787647.0,0.002326,21.25406654,417773044.0,2.1891857981681824,0.0,0.0,0.0,0.7172721028327942,1.4719136953353882,0.0,0.0,0.8906517624855042,0.0,0.0,0.0,0.0,0.0,6.0,25.0,8.0,9.0,70.0,17.0,40.0
2020-03-06 10:00:00+00:00,3362649002.0,0.00236087,21.61964811,431991508.0,3.1880956292152405,1.4799937009811401,1.736484169960022,0.0,1.4516114592552185,0.0,0.0,1.6636074781417847,0.7007849216461182,0.704608142375946,0.9589993357658386,0.0,0.0,0.0,15.0,56.0,3.0,19.0,105.0,5.0,42.0
2020-03-06 12:00:00+00:00,3310096210.0,0.00233612,21.2817678,425004963.0,0.7172721028327942,0.7582002282142639,0.0,0.0,0.7172721028327942,0.0,0.0,0.0,0.0,0.0,0.0,0.0,0.0,0.0,6.0,47.0,2.0,18.0,82.0,9.0,55.0
2020-03-06 14:00:00+00:00,3279095156.0,0.00232383,21.08245116,426957540.0,0.7692445516586304,0.0,0.0,0.0,0.7692445516586304,0.0,0.0,0.7034449577331543,0.0,0.0,0.0,0.7034449577331543,0.0,0.0,7.0,52.0,27.0,16.0,81.0,10.0,69.0
2020-03-06 16:00:00+00:00,3302149871.0,0.0023375,21.230678,438899041.0,1.4345442056655884,0.0,0.0,0.0,1.4345442056655884,0.0,0.0,0.0,0.0,0.0,0.0,0.0,0.0,0.0,22.0,37.0,7.0,17.0,72.0,22.0,47.0
2020-03-06 18:00:00+00:00,3295769891.0,0.00232839,21.18965888,442908387.0,1.458573579788208,0.0,0.0,0.0,0.7172721028327942,0.0,0.7413014769554138,0.0,0.9122436046600342,0.0,0.0,0.0,0.0,0.0,14.0,29.0,11.0,29.0,87.0,15.0,36.0
2020-03-06 20:00:00+00:00,3299553263.0,0.00232736,21.2139835,457342963.0,0.0,3.054080843925476,0.0,0.0,0.0,0.0,0.0,0.0,0.0,0.0,0.0,0.0,0.0,0.0,23.0,36.0,8.0,18.0,122.0,35.0,18.0
2020-03-06 22:00:00+00:00,3311126110.0,0.0023336,21.28838939,449180749.0,0.8329094648361206,0.0,0.0,0.0,0.0,0.8329094648361206,0.0,0.0,1.5923991203308105,0.0,0.0,0.0,0.0,0.0,9.0,33.0,7.0,18.0,110.0,20.0,19.0
2020-03-07 00:00:00+00:00,3276148737.0,0.00230999,21.06350761,437249953.0,1.476002812385559,0.0,0.0,0.0,0.7172721028327942,0.7587307095527649,0.0,0.0,0.0,0.0,0.0,0.0,0.0,0.0,17.0,36.0,3.0,25.0,56.0,21.0,25.0
2020-03-07 02:00:00+00:00,3276645394.0,0.00231051,21.06670078,426136657.0,1.5239372253417969,0.0,0.0,0.7395973205566406,0.0,0.7843399047851562,0.0,0.0,0.0,0.0,0.0,0.0,0.0,0.0,5.0,51.0,11.0,9.0,38.0,10.0,24.0
2020-03-07 04:00:00+00:00,3267782884.0,0.00230849,21.00972061,405942372.0,1.4778846502304077,1.5704368352890015,0.0,0.0,0.7172721028327942,0.7606125473976135,0.0,0.0,0.0,0.0,0.0,0.0,0.0,0.0,26.0,50.0,4.0,13.0,48.0,25.0,24.0
2020-03-07 06:00:00+00:00,3270694084.0,0.00230888,21.02843773,392209064.0,0.7022823691368103,0.0,0.0,0.0,0.0,0.7022823691368103,0.0,0.0,0.0,0.0,0.0,0.0,0.0,0.0,16.0,24.0,5.0,17.0,38.0,13.0,34.0
2020-03-07 08:00:00+00:00,3290095213.0,0.00231578,21.15317438,395646831.0,1.5850643515586853,0.0,0.0,0.0,0.0,0.7213326692581177,0.8637316823005676,0.0,0.7188819050788879,0.0,0.0,0.0,0.0,0.0,5.0,46.0,16.0,10.0,50.0,12.0,45.0
2020-03-07 10:00:00+00:00,3288237117.0,0.00231782,21.14122803,373495335.0,0.7172721028327942,0.0,0.0,0.0,0.7172721028327942,0.0,0.0,1.709907591342926,3.28402978181839,0.8444092869758606,0.0,0.0,0.0,0.0,8.0,66.0,2.0,10.0,68.0,7.0,46.0
2020-03-07 12:00:00+00:00,3265857963.0,0.0023048,20.99734461,364659782.0,1.70881187915802,0.0,0.0,0.0,0.0,0.0,1.70881187915802,0.0,0.0,0.0,0.0,0.0,0.0,0.0,4.0,82.0,8.0,8.0,91.0,7.0,53.0
2020-03-07 14:00:00+00:00,3266657907.0,0.00230038,21.00248774,365801611.0,1.4578524231910706,0.0,0.0,0.0,0.7172721028327942,0.0,0.7405803203582764,0.0,0.0,0.0,0.0,0.0,0.0,0.0,6.0,58.0,9.0,16.0,62.0,10.0,63.0
2020-03-07 16:00:00+00:00,3139894623.0,0.00225246,20.18748219,372934362.0,2.3729164004325867,0.7554210424423218,0.0,0.0,1.5092030763626099,0.0,0.8637133240699768,0.0,0.0,0.0,0.0,0.0,0.0,0.0,15.0,39.0,12.0,16.0,170.0,19.0,39.0
2020-03-07 18:00:00+00:00,3117264370.0,0.00224928,20.04198436,372243179.0,1.7019628882408142,0.0,0.0,0.0,0.0,0.9438416957855225,0.7581211924552917,0.0,0.8546335697174072,0.0,0.0,0.0,0.0,0.0,5.0,29.0,10.0,10.0,90.0,11.0,32.0
2020-03-07 20:00:00+00:00,3136293349.0,0.00226457130522035,20.1643283327,350514749.0,1.4383426904678345,0.0,0.0,0.0,0.7172721028327942,0.7210705876350403,0.0,0.0,0.0,0.0,0.0,0.0,0.0,0.0,6.0,29.0,5.0,16.0,83.0,16.0,28.0
2020-03-07 22:00:00+00:00,3138663736.0,0.00226483,20.17956838,337204407.0,0.7172721028327942,0.7272155284881592,0.0,0.0,0.7172721028327942,0.0,0.0,0.0,0.8335928320884705,0.0,0.0,0.0,0.0,0.0,7.0,43.0,4.0,21.0,156.0,11.0,30.0
2020-03-08 00:00:00+00:00,3072757891.0,0.00224319,19.75583662,339384151.0,1.4345442056655884,0.0,0.0,0.0,1.4345442056655884,0.0,0.0,0.0,0.0,0.0,0.0,0.0,0.0,0.0,4.0,11.0,4.0,8.0,215.0,30.0,12.0
2020-03-08 02:00:00+00:00,3005190635.0,0.00220556,19.32142307,344164298.0,0.7172721028327942,0.0,0.0,0.0,0.7172721028327942,0.0,0.0,0.0,0.7213283777236938,0.0,0.0,0.0,0.0,0.0,4.0,29.0,5.0,21.0,61.0,7.0,34.0
2020-03-08 04:00:00+00:00,3047429481.0,0.00223988,19.59299141,358215631.0,0.0,1.6872041821479797,0.0,0.0,0.0,0.0,0.0,0.0,0.7281613945960999,0.0,0.0,0.0,0.0,0.0,5.0,17.0,3.0,6.0,59.0,14.0,21.0
2020-03-08 06:00:00+00:00,3024122629.0,0.002219554611168725,19.4431434907,355714187.0,0.8213264346122742,0.0,0.0,0.0,0.0,0.8213264346122742,0.0,1.6039336323738098,0.0,1.6039336323738098,0.0,0.0,0.0,0.0,5.0,21.0,14.0,13.0,45.0,6.0,26.0
2020-03-08 08:00:00+00:00,3024085886.0,0.0022231324253718806,19.4429072545,350779373.0,0.7685229182243347,0.0,0.0,0.0,0.0,0.7685229182243347,0.0,0.0,0.7004200220108032,0.0,0.0,0.0,0.0,0.0,3.0,45.0,0.0,16.0,50.0,5.0,42.0
2020-03-08 10:00:00+00:00,3001025274.0,0.0022031272339980267,19.294642504,354874173.0,0.7172721028327942,0.7992600202560425,0.0,0.0,0.7172721028327942,0.0,0.0,0.0,0.0,0.0,0.0,0.0,0.0,0.0,3.0,48.0,1.0,16.0,60.0,3.0,54.0
2020-03-08 12:00:00+00:00,2936876598.0,0.00217494,18.8822082,433959619.0,0.0,0.0,0.0,0.0,0.0,0.0,0.0,0.0,0.0,0.0,0.0,0.0,0.0,0.0,5.0,35.0,9.0,18.0,97.0,14.0,51.0
2020-03-08 14:00:00+00:00,2877633242.0,0.0021854588024141485,18.5013119167,364152307.0,1.5178528428077698,0.0,0.0,0.0,0.7172721028327942,0.8005807399749756,0.0,0.0,0.0,0.0,0.0,0.0,0.0,0.0,2.0,34.0,15.0,32.0,109.0,16.0,46.0
2020-03-08 16:00:00+00:00,2812637028.0,0.00216749,18.08342849,364634049.0,0.7172721028327942,0.0,0.0,0.0,0.7172721028327942,0.0,0.0,0.0,0.7482995986938477,0.0,0.0,0.0,0.0,0.0,5.0,44.0,24.0,35.0,168.0,19.0,68.0
2020-03-08 18:00:00+00:00,2819439663.0,0.0021738163717288568,18.1271650181,359391674.0,1.583722472190857,0.0,0.0,0.0,1.583722472190857,0.0,0.0,0.0,0.0,0.0,0.0,0.0,0.0,0.0,6.0,29.0,14.0,27.0,82.0,16.0,65.0
2020-03-08 20:00:00+00:00,2779830094.0,0.00216045,17.87250123,359437835.0,0.7172721028327942,0.0,0.0,0.0,0.7172721028327942,0.0,0.0,0.0,0.0,0.0,0.0,0.0,0.0,0.0,4.0,19.0,8.0,30.0,78.0,16.0,27.0
2020-03-08 22:00:00+00:00,2640090329.0,0.00209347,16.97406534,365362955.0,1.5290589332580566,0.0,0.0,0.0,0.7172721028327942,0.8117868304252625,0.0,0.968711793422699,0.7271385788917542,0.0,0.0,0.0,0.968711793422699,0.0,6.0,6.0,15.0,28.0,210.0,31.0,39.0
2020-03-09 00:00:00+00:00,2707304929.0,0.00214308,17.40621154,381372176.0,0.7872463464736938,0.7872463464736938,0.0,0.0,0.0,0.0,0.0,1.6464505195617676,0.0,1.6464505195617676,0.0,0.0,0.0,0.0,4.0,32.0,19.0,29.0,113.0,18.0,16.0
2020-03-09 02:00:00+00:00,2630565323.0,0.00209271,16.91282574,377075391.0,0.7368104457855225,0.0,0.0,0.0,0.0,0.0,0.7368104457855225,0.0,0.0,0.0,0.0,0.0,0.0,0.0,3.0,33.0,6.0,18.0,85.0,8.0,16.0
2020-03-09 04:00:00+00:00,2633454824.0,0.00214283,16.93140335,408367909.0,0.9113056063652039,0.0,0.0,0.9113056063652039,0.0,0.0,0.0,0.0,0.7021523714065552,0.0,0.0,0.0,0.0,0.0,2.0,31.0,11.0,21.0,218.0,10.0,29.0
2020-03-09 06:00:00+00:00,2684987360.0,0.00217479,17.26272407,429827887.0,0.814042329788208,0.726150631904602,0.0,0.0,0.0,0.814042329788208,0.0,0.0,0.0,0.0,0.0,0.0,0.0,0.0,5.0,29.0,5.0,17.0,47.0,11.0,25.0
2020-03-09 08:00:00+00:00,2649890294.0,0.00214667,17.03707275,433826714.0,0.8575360774993896,0.0,0.8575360774993896,0.0,0.0,0.0,0.0,1.7868361473083496,0.7160897254943848,1.7868361473083496,0.0,0.0,0.0,0.0,6.0,48.0,13.0,15.0,53.0,7.0,33.0
2020-03-09 10:00:00+00:00,2602754645.0,0.00214094,16.73402115,430851714.0,4.270731568336487,0.0,0.0,0.0,0.0,4.270731568336487,0.0,0.0,0.0,0.0,0.0,0.0,0.0,0.0,12.0,45.0,3.0,13.0,96.0,9.0,40.0
2020-03-09 12:00:00+00:00,2553211449.0,0.00210896,16.41549059,435547633.0,4.284367918968201,0.0,0.0,0.0,0.0,4.284367918968201,0.0,0.0,0.0,0.0,0.0,0.0,0.0,0.0,9.0,73.0,15.0,27.0,89.0,24.0,46.0
2020-03-09 14:00:00+00:00,2472648155.0,0.002057715368095773,15.8975209604,440748517.0,0.8442323803901672,0.0,0.0,0.0,0.0,0.0,0.8442323803901672,0.0,1.7049260139465332,0.0,0.0,0.0,0.0,0.0,6.0,48.0,21.0,28.0,136.0,23.0,49.0
2020-03-09 16:00:00+00:00,2483995200.0,0.0020599,15.97047509,429159363.0,0.935524046421051,0.935524046421051,0.0,0.0,0.0,0.0,0.0,0.0,0.0,0.0,0.0,0.0,0.0,0.0,4.0,53.0,27.0,20.0,115.0,18.0,23.0
2020-03-09 18:00:00+00:00,2544370918.0,0.00208013,16.35865172,443006393.0,2.3090708255767822,0.0,0.0,0.0,0.0,0.7364569902420044,1.5726138353347778,0.0,0.739446759223938,0.0,0.0,0.0,0.0,0.0,6.0,31.0,3.0,20.0,86.0,19.0,36.0
2020-03-09 20:00:00+00:00,2545772236.0,0.0020857364787222007,16.3676612853,435314740.0,0.0,1.6335175037384033,0.0,0.0,0.0,0.0,0.0,1.9669196605682373,0.0,1.9669196605682373,0.0,0.0,0.0,0.0,5.0,45.0,14.0,19.0,113.0,20.0,27.0
2020-03-09 22:00:00+00:00,2577359027.0,0.0020913,16.57074383,417649798.0,1.760795533657074,0.9507694840431213,0.0,0.0,0.8754175901412964,0.8853779435157776,0.0,0.0,0.0,0.0,0.0,0.0,0.0,0.0,8.0,39.0,12.0,21.0,97.0,20.0,26.0
2020-03-10 00:00:00+00:00,2589143604.0,0.00210117,16.646511,407703413.0,0.0,0.0,0.0,0.0,0.0,0.0,0.0,0.8506713509559631,0.736580491065979,0.0,0.8506713509559631,0.0,0.0,0.0,4.0,22.0,8.0,18.0,108.0,9.0,13.0
2020-03-10 02:00:00+00:00,2578771751.0,0.00209958,16.57982673,398466477.0,0.0,0.0,0.0,0.0,0.0,0.0,0.0,0.0,0.0,0.0,0.0,0.0,0.0,0.0,3.0,35.0,1.0,10.0,78.0,6.0,15.0
2020-03-10 04:00:00+00:00,2623125273.0,0.00211996,16.86499105,372244443.0,3.2313812971115112,0.786797821521759,0.0,0.0,0.0,2.444583475589752,0.0,0.0,0.8572549819946289,0.0,0.0,0.0,0.0,0.0,6.0,43.0,11.0,12.0,93.0,16.0,21.0
2020-03-10 06:00:00+00:00,2588612444.0,0.00210336,16.64309599,359705255.0,1.4301443099975586,0.7053136825561523,0.0,0.0,0.0,0.0,0.7248306274414062,0.0,0.0,0.0,0.0,0.0,0.0,0.0,5.0,56.0,4.0,7.0,84.0,9.0,29.0
2020-03-10 08:00:00+00:00,2586022957.0,0.00210418,16.62644727,358546319.0,0.0,0.0,0.0,0.0,0.0,0.0,0.0,0.0,0.0,0.0,0.0,0.0,0.0,0.0,4.0,54.0,3.0,9.0,66.0,16.0,42.0
2020-03-10 10:00:00+00:00,2652760896.0,0.0021136,17.05552885,376499268.0,0.828985869884491,0.0,0.0,0.0,0.0,0.828985869884491,0.0,0.0,0.7937749028205872,0.0,0.0,0.0,0.0,0.0,7.0,37.0,11.0,16.0,107.0,12.0,43.0
2020-03-10 12:00:00+00:00,2679098397.0,0.00212901,17.22486187,378397787.0,1.5888020396232605,1.6781843900680542,0.0,0.7720978856086731,0.0,0.8167041540145874,0.0,0.0,1.5670966506004333,0.0,0.0,0.0,0.0,0.0,8.0,58.0,11.0,11.0,100.0,12.0,42.0
2020-03-10 14:00:00+00:00,2579129199.0,0.00211175,16.58212488,343151346.0,3.2554091215133667,0.8540635108947754,0.8706441521644592,0.0,0.0,1.637154757976532,0.7476102113723755,0.0,0.0,0.0,0.0,0.0,0.0,0.0,7.0,47.0,15.0,15.0,132.0,16.0,48.0
2020-03-10 16:00:00+00:00,2587744175.0,0.00211564,16.63751358,326548855.0,2.448349416255951,1.5972846746444702,0.0,0.0,0.0,0.8510647416114807,0.0,0.0,0.0,0.0,0.0,0.0,0.0,0.0,4.0,40.0,20.0,18.0,83.0,16.0,62.0
2020-03-10 18:00:00+00:00,2631022883.0,0.00212889,16.915767549999998,327390952.0,0.8701890110969543,0.7404634356498718,0.0,0.0,0.0,0.8701890110969543,0.0,0.0,0.0,0.0,0.0,0.0,0.0,0.0,10.0,35.0,11.0,26.0,80.0,16.0,42.0
2020-03-10 20:00:00+00:00,2646007571.0,0.00214185,17.01210936,346369712.0,0.0,0.0,0.0,0.0,0.0,0.0,0.0,0.0,0.0,0.0,0.0,0.0,0.0,0.0,2.0,21.0,7.0,20.0,134.0,18.0,22.0
2020-03-10 22:00:00+00:00,2624783869.0,0.00213353,16.87565474,360300206.0,1.6904491186141968,0.9072560667991638,0.0,0.0,0.9640486836433411,0.7264004349708557,0.0,0.7156173586845398,0.0,0.0,0.0,0.0,0.7156173586845398,0.0,5.0,30.0,9.0,17.0,162.0,13.0,33.0
2020-03-11 00:00:00+00:00,2654630065.0,0.00214928,17.06754639,354917886.0,0.0,0.0,0.0,0.0,0.0,0.0,0.0,0.0,0.0,0.0,0.0,0.0,0.0,0.0,1.0,16.0,2.0,10.0,59.0,14.0,17.0
2020-03-11 02:00:00+00:00,2631358198.0,0.0021330318999371704,16.917923411,349031577.0,0.0,0.0,0.0,0.0,0.0,0.0,0.0,0.0,0.0,0.0,0.0,0.0,0.0,0.0,0.0,74.0,3.0,8.0,62.0,12.0,21.0
2020-03-11 04:00:00+00:00,2595991134.0,0.00211951,16.69053617,345157257.0,0.0,0.0,0.0,0.0,0.0,0.0,0.0,0.0,1.8505334258079529,0.0,0.0,0.0,0.0,0.0,1.0,46.0,7.0,11.0,40.0,11.0,26.0
2020-03-11 06:00:00+00:00,2598596952.0,0.00212201,16.70728989,341967262.0,2.3658758997917175,0.0,0.7199415564537048,0.0,0.0,0.0,1.6459343433380127,0.0,0.0,0.0,0.0,0.0,0.0,0.0,7.0,16.0,6.0,14.0,39.0,10.0,40.0
2020-03-11 08:00:00+00:00,2566935330.0,0.00210551,16.50372623,343620007.0,0.75250244140625,0.8207100629806519,0.0,0.0,0.0,0.0,0.75250244140625,0.0,0.9807433485984802,0.0,0.0,0.0,0.0,0.0,10.0,39.0,10.0,8.0,69.0,9.0,35.0
2020-03-11 10:00:00+00:00,2564763589.0,0.00210255,16.48976334,329673878.0,0.8797347545623779,2.4546965956687927,0.0,0.0,0.0,0.8797347545623779,0.0,0.0,0.0,0.0,0.0,0.0,0.0,0.0,1.0,45.0,5.0,18.0,76.0,9.0,29.0
2020-03-11 12:00:00+00:00,2568082155.0,0.00209929,16.51109957,309064595.0,1.6491390466690063,0.0,0.0,0.0,0.0,0.839809775352478,0.8093292713165283,0.9166855216026306,0.0,0.0,0.0,0.0,0.0,0.9166855216026306,7.0,18.0,10.0,16.0,60.0,12.0,31.0
2020-03-11 14:00:00+00:00,2516316294.0,0.00207642,16.17827872,290075739.0,0.0,0.9611958265304565,0.0,0.0,0.0,0.0,0.0,0.0,0.0,0.0,0.0,0.0,0.0,0.0,5.0,33.0,8.0,19.0,70.0,22.0,43.0
2020-03-11 16:00:00+00:00,2458816642.0,0.00205663,15.80859332,286641776.0,0.7805986404418945,0.7805986404418945,0.0,0.0,0.0,0.0,0.0,0.0,0.7852511405944824,0.0,0.0,0.0,0.0,0.0,9.0,45.0,18.0,34.0,95.0,12.0,61.0
2020-03-11 18:00:00+00:00,2512102820.0,0.00206205,16.15118882,305076934.0,1.548007845878601,0.0,0.0,0.0,0.0,1.548007845878601,0.0,0.0,0.0,0.0,0.0,0.0,0.0,0.0,3.0,37.0,26.0,34.0,141.0,8.0,28.0
2020-03-11 20:00:00+00:00,2502423052.0,0.00205164,16.0889542,287353674.0,0.8602447509765625,0.8327775597572327,0.0,0.0,0.0,0.0,0.8602447509765625,0.0,1.6526758670806885,0.0,0.0,0.0,0.0,0.0,3.0,33.0,10.0,11.0,98.0,29.0,34.0
2020-03-11 22:00:00+00:00,2570218252.0,0.00208873,16.52483329,288383091.0,0.8731263279914856,0.9771314859390259,0.0,0.0,0.0,0.0,0.8731263279914856,0.0,0.0,0.0,0.0,0.0,0.0,0.0,1.0,21.0,3.0,30.0,149.0,8.0,27.0
2020-03-12 00:00:00+00:00,2485484381.0,0.00204593,15.98004955,278480411.0,1.5590846538543701,0.0,0.0,0.0,0.0,1.5590846538543701,0.0,0.0,0.0,0.0,0.0,0.0,0.0,0.0,4.0,15.0,11.0,22.0,69.0,8.0,16.0
2020-03-12 02:00:00+00:00,2423280954.0,0.00202756,15.58012194,275921438.0,0.7543377876281738,0.7152402400970459,0.7543377876281738,0.0,0.0,0.0,0.0,0.0,0.0,0.0,0.0,0.0,0.0,0.0,3.0,37.0,15.0,19.0,179.0,14.0,24.0
2020-03-12 04:00:00+00:00,2391779478.0,0.00200864,15.37758791,281747487.0,0.9465662240982056,0.9465662240982056,0.0,0.0,0.0,0.0,0.0,0.75809246301651,0.0,0.75809246301651,0.0,0.0,0.0,0.0,4.0,33.0,18.0,24.0,122.0,16.0,20.0
2020-03-12 06:00:00+00:00,2307984145.0,0.00197546,14.83883837,303132418.0,0.0,0.0,0.0,0.0,0.0,0.0,0.0,0.7986774444580078,0.7906638979911804,0.0,0.7986774444580078,0.0,0.0,0.0,4.0,55.0,15.0,14.0,149.0,2.0,23.0
2020-03-12 08:00:00+00:00,2242599729.0,0.00195217,14.41845906,299228797.0,0.7154391407966614,0.0,0.0,0.7154391407966614,0.0,0.0,0.0,0.0,0.0,0.0,0.0,0.0,0.0,0.0,3.0,36.0,9.0,28.0,135.0,12.0,43.0
2020-03-12 10:00:00+00:00,1748991132.0,0.00186022,11.24487652,344959327.0,0.0,0.0,0.0,0.0,0.0,0.0,0.0,0.0,0.0,0.0,0.0,0.0,0.0,0.0,6.0,70.0,33.0,53.0,613.0,39.0,36.0
2020-03-12 12:00:00+00:00,1782857975.0,0.0019369157085944453,11.4626183153,426545947.0,0.896679699420929,0.0,0.0,0.0,0.0,0.896679699420929,0.0,2.253155469894409,2.2826504707336426,0.7116286754608154,0.0,0.0,0.8136149048805237,0.0,8.0,75.0,27.0,63.0,264.0,33.0,47.0
2020-03-12 14:00:00+00:00,1883217627.0,0.00197212,12.10786567,474910106.0,0.0,0.7000514268875122,0.0,0.0,0.0,0.0,0.0,0.9770485162734985,4.494931757450104,0.0,0.0,0.0,0.0,0.0,2.0,71.0,32.0,48.0,162.0,35.0,41.0
2020-03-12 16:00:00+00:00,1886754818.0,0.00197869,12.1306075,492228017.0,0.7314839959144592,0.7331181168556213,0.7314839959144592,0.0,0.0,0.0,0.0,0.772878885269165,0.9252768158912659,0.772878885269165,0.0,0.0,0.0,0.0,6.0,69.0,15.0,43.0,117.0,25.0,50.0
2020-03-12 18:00:00+00:00,1869528893.0,0.0019808105108174196,12.0198560028,484029531.0,0.0,0.0,0.0,0.0,0.0,0.0,0.0,0.0,0.0,0.0,0.0,0.0,0.0,0.0,9.0,94.0,20.0,41.0,98.0,18.0,33.0
2020-03-12 20:00:00+00:00,1776385422.0,0.001987996964162515,11.4210040073,482807214.0,0.0,1.4517734050750732,0.0,0.0,0.0,0.0,0.0,0.8556462526321411,0.9317069053649902,0.0,0.0,0.0,0.8556462526321411,0.0,6.0,50.0,28.0,33.0,442.0,26.0,29.0
2020-03-12 22:00:00+00:00,1480852587.0,0.0018974174725661787,9.52091990904,442018434.0,0.0,0.0,0.0,0.0,0.0,0.0,0.0,0.8113661408424377,0.0,0.8113661408424377,0.0,0.0,0.0,0.0,6.0,34.0,20.0,47.0,404.0,42.0,33.0
2020-03-13 00:00:00+00:00,1305865048.0,0.00187628,8.39586373,443889091.0,0.0,2.3628146648406982,0.0,0.0,0.0,0.0,0.0,4.191452503204346,1.6155325174331665,0.0,0.9134837985038757,1.6868666410446167,1.5911020636558533,0.0,10.0,47.0,21.0,91.0,247.0,24.0,26.0
2020-03-13 02:00:00+00:00,1376232691.0,0.00170225,8.84828196,580935832.0,1.474684238433838,0.8031493425369263,0.0,1.474684238433838,0.0,0.0,0.0,0.9495682716369629,2.225880742073059,0.0,0.0,0.0,0.9495682716369629,0.0,12.0,43.0,41.0,69.0,325.0,28.0,30.0
2020-03-13 04:00:00+00:00,1426881582.0,0.00181496,9.17392141,636498008.0,0.8581507205963135,0.7116988897323608,0.0,0.0,0.8581507205963135,0.0,0.0,1.422889769077301,0.8672269582748413,0.0,0.0,1.422889769077301,0.0,0.0,6.0,36.0,6.0,27.0,203.0,9.0,32.0
2020-03-13 06:00:00+00:00,1577306966.0,0.00187972,10.14105889,717033411.0,1.6389201879501343,1.5514816045761108,0.0,0.0,0.0,1.6389201879501343,0.0,1.5775524377822876,0.8410384654998779,0.0,0.0,0.0,0.7863631844520569,0.7911892533302307,11.0,54.0,10.0,30.0,76.0,12.0,35.0
2020-03-13 08:00:00+00:00,1678040369.0,0.00188427,10.78870922,797712748.0,0.9534881711006165,0.9122380614280701,0.0,0.0,0.0,0.9534881711006165,0.0,0.0,2.2880261540412903,0.0,0.0,0.0,0.0,0.0,4.0,46.0,9.0,17.0,96.0,11.0,55.0
2020-03-13 10:00:00+00:00,1587450955.0,0.00185445,10.20627815,682884679.0,0.0,0.0,0.0,0.0,0.0,0.0,0.0,0.0,0.0,0.0,0.0,0.0,0.0,0.0,3.0,34.0,7.0,28.0,118.0,22.0,32.0
2020-03-13 12:00:00+00:00,1720667564.0,0.00193221,11.06277438,700428326.0,0.0,0.7148318290710449,0.0,0.0,0.0,0.0,0.0,0.0,0.8322145342826843,0.0,0.0,0.0,0.0,0.0,7.0,43.0,16.0,22.0,129.0,17.0,51.0
2020-03-13 14:00:00+00:00,1508249568.0,0.00187864,9.69706469,630004866.0,1.6267633438110352,1.5670973062515259,0.0,0.0,0.0,1.6267633438110352,0.0,1.6069318652153015,0.7261684536933899,1.6069318652153015,0.0,0.0,0.0,0.0,10.0,54.0,20.0,34.0,174.0,17.0,54.0
2020-03-13 16:00:00+00:00,1549479008.0,0.00191089,9.9621432,649421473.0,0.0,0.0,0.0,0.0,0.0,0.0,0.0,0.0,0.0,0.0,0.0,0.0,0.0,0.0,7.0,46.0,11.0,30.0,90.0,12.0,37.0
2020-03-13 18:00:00+00:00,1586651980.0,0.0018935329777084737,10.2011412551,676157885.0,0.7198531627655029,0.0,0.0,0.0,0.0,0.7198531627655029,0.0,0.9102796316146851,0.9102796316146851,0.0,0.0,0.0,0.0,0.0,5.0,78.0,16.0,48.0,181.0,19.0,38.0
2020-03-13 20:00:00+00:00,1644688032.0,0.00191763,10.57427536,694527096.0,0.0,0.0,0.0,0.0,0.0,0.0,0.0,0.0,0.0,0.0,0.0,0.0,0.0,0.0,2.0,46.0,11.0,22.0,152.0,17.0,30.0
2020-03-13 22:00:00+00:00,1684938085.0,0.00194709,10.83305705,681143272.0,0.0,0.0,0.0,0.0,0.0,0.0,0.0,0.0,0.7062925696372986,0.0,0.0,0.0,0.0,0.0,2.0,25.0,21.0,32.0,102.0,14.0,17.0
2020-03-14 00:00:00+00:00,1705336614.0,0.0019957,10.96420633,622097767.0,0.0,0.0,0.0,0.0,0.0,0.0,0.0,0.0,0.0,0.0,0.0,0.0,0.0,0.0,0.0,24.0,8.0,15.0,88.0,7.0,13.0
2020-03-14 02:00:00+00:00,1747182297.0,0.00200981,11.23324689,506806623.0,0.0,0.745323121547699,0.0,0.0,0.0,0.0,0.0,0.0,0.0,0.0,0.0,0.0,0.0,0.0,2.0,23.0,3.0,27.0,63.0,7.0,14.0
2020-03-14 04:00:00+00:00,1698210129.0,0.00199464,10.91838767,453238191.0,0.0,0.0,0.0,0.0,0.0,0.0,0.0,0.0,1.525618076324463,0.0,0.0,0.0,0.0,0.0,1.0,33.0,8.0,16.0,77.0,4.0,28.0
2020-03-14 06:00:00+00:00,1683950928.0,0.00197727,10.82671027,416530585.0,1.5572493076324463,0.9161626696586609,0.0,0.0,0.0,1.5572493076324463,0.0,0.0,0.8296867609024048,0.0,0.0,0.0,0.0,0.0,3.0,92.0,9.0,15.0,59.0,12.0,24.0
2020-03-14 08:00:00+00:00,1621398570.0,0.00197987,10.42453925,369455212.0,0.903252124786377,0.0,0.0,0.0,0.0,0.903252124786377,0.0,0.0,0.0,0.0,0.0,0.0,0.0,0.0,3.0,74.0,6.0,13.0,82.0,11.0,32.0
2020-03-14 10:00:00+00:00,1701082267.0,0.00199381,10.93685365,365627600.0,1.677098274230957,0.0,0.0,0.0,0.0,1.677098274230957,0.0,0.0,0.0,0.0,0.0,0.0,0.0,0.0,9.0,76.0,4.0,18.0,48.0,9.0,48.0
2020-03-14 12:00:00+00:00,1648398705.0,0.00198537,10.59813257,336662727.0,8.5286363363266,0.0,0.0,0.0,0.8474108576774597,7.681225478649139,0.0,0.0,1.6969888806343079,0.0,0.0,0.0,0.0,0.0,15.0,53.0,2.0,20.0,80.0,13.0,47.0
2020-03-14 14:00:00+00:00,1648951169.0,0.00198017,10.60168456,309636164.0,14.228019893169403,0.8417730331420898,0.0,0.0,0.0,14.228019893169403,0.0,0.0,0.7596763372421265,0.0,0.0,0.0,0.0,0.0,35.0,51.0,8.0,23.0,59.0,8.0,65.0
2020-03-14 16:00:00+00:00,1665158902.0,0.00197816,10.70588975,308740950.0,11.246944725513458,1.5633223056793213,0.0,0.0,0.0,10.504539489746094,0.0,3.1920288801193237,1.4670827984809875,0.0,0.0,0.0,2.47941255569458,0.0,26.0,29.0,9.0,33.0,74.0,16.0,49.0
2020-03-14 18:00:00+00:00,1673416160.0,0.001972855963575364,10.7589785576,306138744.0,8.369311451911926,0.0,0.0,0.8814692497253418,0.0,7.4878422021865845,0.0,0.8689326047897339,0.8689326047897339,0.0,0.0,0.0,0.0,0.0,14.0,79.0,9.0,23.0,91.0,16.0,32.0
2020-03-14 20:00:00+00:00,1635685154.0,0.00197098,10.5163927,309359618.0,3.1831302642822266,0.0,0.0,0.0,0.0,3.1831302642822266,0.0,0.0,0.0,0.0,0.0,0.0,0.0,0.0,9.0,64.0,26.0,28.0,120.0,5.0,29.0
2020-03-14 22:00:00+00:00,1577212181.0,0.00194995,10.14044949,301943026.0,2.3795369267463684,0.0,0.0,0.0,0.0,2.3795369267463684,0.0,0.0,0.0,0.0,0.0,0.0,0.0,0.0,5.0,25.0,17.0,22.0,132.0,8.0,25.0
2020-03-15 00:00:00+00:00,1561653570.0,0.00193825,10.04041773,299459047.0,0.8397297263145447,0.8397297263145447,0.0,0.0,0.0,0.0,0.0,0.0,0.0,0.0,0.0,0.0,0.0,0.0,3.0,30.0,18.0,9.0,65.0,8.0,12.0
2020-03-15 02:00:00+00:00,1573259710.0,0.0019427665284259639,10.1150376626,292883371.0,3.0321038961410522,0.0,0.0,0.0,0.0,3.0321038961410522,0.0,0.0,0.0,0.0,0.0,0.0,0.0,0.0,5.0,72.0,8.0,18.0,105.0,9.0,17.0
2020-03-15 04:00:00+00:00,1606059560.0,0.00195697,10.32591938,295121073.0,6.16436493396759,0.0,0.0,0.0,0.0,6.16436493396759,0.0,0.0,0.0,0.0,0.0,0.0,0.0,0.0,12.0,60.0,8.0,16.0,60.0,6.0,34.0
2020-03-15 06:00:00+00:00,1626481942.0,0.00197324,10.45722203,303070938.0,6.681262373924255,0.7362880706787109,0.0,0.0,0.0,5.944974303245544,0.0,0.8723552227020264,0.0,0.0,0.0,0.0,0.8723552227020264,0.0,11.0,55.0,8.0,15.0,41.0,15.0,33.0
2020-03-15 08:00:00+00:00,1596366788.0,0.00194477,10.26360116,298238331.0,1.6339873671531677,0.0,0.0,0.0,0.0,1.6339873671531677,0.0,0.854219377040863,1.5402368903160095,0.0,0.854219377040863,0.0,0.0,0.0,8.0,80.0,8.0,11.0,54.0,5.0,64.0
2020-03-15 10:00:00+00:00,1664234755.0,0.00196377,10.69994809,316133798.0,3.942481756210327,0.0,0.0,0.0,0.0,3.942481756210327,0.0,0.0,0.9153107404708862,0.0,0.0,0.0,0.0,0.0,6.0,39.0,4.0,18.0,75.0,11.0,67.0
2020-03-15 12:00:00+00:00,1636962414.0,0.00196439,10.52460466,316890814.0,2.2781624794006348,0.7551273703575134,0.0,0.0,0.0,1.4432040452957153,0.8349584341049194,0.8918941617012024,0.0,0.0,0.8918941617012024,0.0,0.0,0.0,7.0,51.0,16.0,23.0,52.0,20.0,66.0
2020-03-15 14:00:00+00:00,1624456418.0,0.00195639,10.44419923,310334898.0,0.0,0.0,0.0,0.0,0.0,0.0,0.0,0.0,0.0,0.0,0.0,0.0,0.0,0.0,2.0,40.0,10.0,26.0,68.0,16.0,89.0
2020-03-15 16:00:00+00:00,1635114119.0,0.00196567,10.51272132,313628929.0,0.7164540886878967,0.0,0.0,0.0,0.0,0.0,0.7164540886878967,0.0,0.0,0.0,0.0,0.0,0.0,0.0,3.0,48.0,9.0,18.0,51.0,14.0,47.0
2020-03-15 18:00:00+00:00,1637027612.0,0.00196289,10.52502384,317597678.0,2.43227356672287,1.6676424145698547,0.0,0.0,0.0,1.6754284501075745,0.7568451166152954,0.8264708518981934,0.0,0.0,0.0,0.0,0.8264708518981934,0.0,10.0,28.0,10.0,15.0,59.0,14.0,48.0
2020-03-15 20:00:00+00:00,1723403456.0,0.0019013412378214446,11.0803643928,336446545.0,0.0,0.0,0.0,0.0,0.0,0.0,0.0,0.0,0.0,0.0,0.0,0.0,0.0,0.0,1.0,32.0,11.0,16.0,244.0,15.0,28.0
2020-03-15 22:00:00+00:00,1623183882.0,0.00193535,10.43601765,336142093.0,0.7213436365127563,0.0,0.0,0.0,0.0,0.7213436365127563,0.0,0.0,0.0,0.0,0.0,0.0,0.0,0.0,2.0,26.0,19.0,25.0,307.0,15.0,29.0
2020-03-16 00:00:00+00:00,1593163311.0,0.00192975,10.24300489,331926148.0,0.7213436365127563,0.0,0.0,0.0,0.0,0.7213436365127563,0.0,0.0,0.711408257484436,0.0,0.0,0.0,0.0,0.0,2.0,14.0,11.0,17.0,61.0,11.0,19.0
2020-03-16 02:00:00+00:00,1580255692.0,0.00192422,10.16001728,336226061.0,0.0,0.0,0.0,0.0,0.0,0.0,0.0,0.7275914549827576,0.0,0.0,0.0,0.0,0.7275914549827576,0.0,4.0,75.0,8.0,10.0,45.0,13.0,24.0
2020-03-16 04:00:00+00:00,1523910793.0,0.00188733,9.7977562,336794548.0,0.7213436365127563,0.8473255634307861,0.0,0.0,0.0,0.7213436365127563,0.0,0.0,0.8021425604820251,0.0,0.0,0.0,0.0,0.0,11.0,46.0,7.0,11.0,30.0,4.0,23.0
2020-03-16 06:00:00+00:00,1449023221.0,0.0019046739191943345,9.31627776243,341222070.0,2.38394957780838,0.0,0.0,0.0,0.792157769203186,1.591791808605194,0.0,0.7431249022483826,0.0,0.0,0.0,0.0,0.7431249022483826,0.0,5.0,93.0,21.0,17.0,51.0,10.0,28.0
2020-03-16 08:00:00+00:00,1425717775.0,0.00187727,9.16643889,337950440.0,0.9391325116157532,1.4822255969047546,0.0,0.0,0.0,0.0,0.9391325116157532,0.0,0.0,0.0,0.0,0.0,0.0,0.0,2.0,89.0,13.0,20.0,71.0,7.0,28.0
2020-03-16 10:00:00+00:00,1370993265.0,0.001893042547860793,8.814595851850001,337309553.0,1.5221728682518005,2.306065320968628,0.0,0.0,0.0,0.7213436365127563,0.8008292317390442,0.7115161418914795,0.0,0.0,0.0,0.0,0.7115161418914795,0.0,15.0,67.0,6.0,22.0,155.0,10.0,58.0
2020-03-16 12:00:00+00:00,1462315096.0,0.00191818,9.40173589,369941702.0,3.071184992790222,0.7024587988853455,0.0,0.0,0.0,1.553003966808319,0.8157222270965576,0.8237897753715515,0.7389364838600159,0.0,0.0,0.0,0.0,0.8237897753715515,17.0,75.0,27.0,38.0,194.0,35.0,63.0
2020-03-16 14:00:00+00:00,1481364009.0,0.0018833239481595588,9.52420801454,388752660.0,2.377240002155304,2.6859344244003296,0.0,0.0,0.0,1.6495391130447388,0.7277008891105652,0.7358111143112183,0.0,0.0,0.0,0.0,0.0,0.7358111143112183,12.0,66.0,16.0,28.0,85.0,13.0,64.0
2020-03-16 16:00:00+00:00,1498034430.0,0.00190405,9.63138799,383021231.0,0.0,0.0,0.0,0.0,0.0,0.0,0.0,1.7710371613502502,0.0,0.0,0.0,0.0,0.0,1.7710371613502502,13.0,31.0,5.0,13.0,121.0,12.0,52.0
2020-03-16 18:00:00+00:00,1472233346.0,0.0018895887814012586,9.46550379055,366456297.0,2.462876081466675,0.0,0.0,0.0,0.0,0.7213436365127563,1.7415324449539185,0.0,0.8419229388237,0.0,0.0,0.0,0.0,0.0,11.0,46.0,21.0,27.0,74.0,15.0,55.0
2020-03-16 20:00:00+00:00,1448437087.0,0.00186329,9.3125093,346551924.0,1.7030664086341858,0.0,0.0,0.0,0.0,0.0,1.7030664086341858,0.0,0.0,0.0,0.0,0.0,0.0,0.0,8.0,25.0,14.0,10.0,169.0,8.0,40.0
2020-03-16 22:00:00+00:00,1459875427.0,0.00187179,9.3860504,314940366.0,0.0,0.7351656556129456,0.0,0.0,0.0,0.0,0.0,0.0,0.0,0.0,0.0,0.0,0.0,0.0,8.0,34.0,6.0,16.0,88.0,35.0,19.0
2020-03-17 00:00:00+00:00,1508705706.0,0.00187599,9.69999736,335816780.0,0.7438383102416992,1.5339586734771729,0.0,0.0,0.0,0.0,0.7438383102416992,0.0,0.7953562140464783,0.0,0.0,0.0,0.0,0.0,2.0,28.0,9.0,16.0,71.0,13.0,24.0
2020-03-17 02:00:00+00:00,1509233203.0,0.0019046,9.70338883,334714610.0,0.7213436365127563,0.8100648522377014,0.0,0.0,0.0,0.7213436365127563,0.0,0.0,0.7976834177970886,0.0,0.0,0.0,0.0,0.0,3.0,22.0,5.0,19.0,53.0,15.0,22.0
2020-03-17 04:00:00+00:00,1531502521.0,0.00192156,9.84656607,322413601.0,1.4207095503807068,0.0,0.0,0.0,0.0,1.4207095503807068,0.0,0.0,0.0,0.0,0.0,0.0,0.0,0.0,5.0,44.0,10.0,13.0,38.0,9.0,35.0
2020-03-17 06:00:00+00:00,1615001434.0,0.00193786,10.38340983,321395490.0,4.451537549495697,0.0,0.0,0.0,0.0,0.9736155271530151,3.477922022342682,0.0,0.0,0.0,0.0,0.0,0.0,0.0,15.0,23.0,2.0,9.0,66.0,7.0,46.0
2020-03-17 08:00:00+00:00,1562862325.0,0.00191622,10.04818924,312114850.0,4.073600351810455,0.7774299383163452,0.0,0.0,0.0,0.7764246463775635,3.297175705432892,0.0,0.0,0.0,0.0,0.0,0.0,0.0,8.0,51.0,9.0,4.0,60.0,9.0,40.0
2020-03-17 10:00:00+00:00,1555076848.0,0.00191517,9.99813367,291143651.0,1.6894214153289795,0.0,0.0,0.0,0.0,0.8235639333724976,0.8658574819564819,0.0,0.0,0.0,0.0,0.0,0.0,0.0,11.0,71.0,5.0,6.0,62.0,20.0,44.0
2020-03-17 12:00:00+00:00,1532695717.0,0.00190554,9.85423754,272107573.0,4.171781361103058,2.4591001868247986,0.0,0.0,0.0,2.5764120221138,0.856408953666687,0.0,0.8590068817138672,0.0,0.0,0.0,0.0,0.0,8.0,60.0,8.0,14.0,73.0,20.0,51.0
2020-03-17 14:00:00+00:00,1548435942.0,0.0019140539742732376,9.95543696361,259053283.0,1.6688775420188904,0.7994553446769714,0.0,0.0,0.0,0.0,0.869422197341919,0.8130434155464172,0.0,0.0,0.0,0.8130434155464172,0.0,0.0,7.0,51.0,12.0,12.0,64.0,32.0,51.0
2020-03-17 16:00:00+00:00,1579225763.0,0.00193307,10.15339551,272966937.0,1.7019897103309631,0.0,0.0,0.0,0.0,0.0,1.7019897103309631,0.0,0.0,0.0,0.0,0.0,0.0,0.0,7.0,42.0,39.0,15.0,65.0,14.0,63.0
2020-03-17 18:00:00+00:00,1576237845.0,0.00192315,10.13418514,278086771.0,1.4913156032562256,0.776582658290863,0.0,0.7641075253486633,0.7272080779075623,0.0,0.0,0.0,0.0,0.0,0.0,0.0,0.0,0.0,9.0,36.0,27.0,18.0,77.0,21.0,49.0
2020-03-17 20:00:00+00:00,1569752269.0,0.00191563,10.09248709,278513880.0,0.7501428127288818,0.0,0.0,0.0,0.0,0.7501428127288818,0.0,0.0,0.0,0.0,0.0,0.0,0.0,0.0,4.0,24.0,27.0,16.0,83.0,11.0,27.0
2020-03-17 22:00:00+00:00,1567370634.0,0.00192841,10.07717473,288591005.0,1.7433859705924988,0.0,0.0,0.0,0.0,0.0,1.7433859705924988,0.0,0.0,0.0,0.0,0.0,0.0,0.0,7.0,20.0,6.0,23.0,72.0,8.0,32.0
2020-03-18 00:00:00+00:00,1574541147.0,0.00193091,10.12327647,282662622.0,0.7619901299476624,0.0,0.0,0.0,0.0,0.7619901299476624,0.0,0.0,0.0,0.0,0.0,0.0,0.0,0.0,4.0,36.0,7.0,21.0,39.0,16.0,21.0
2020-03-18 02:00:00+00:00,1588971122.0,0.00192528,10.21605183,279654371.0,3.1538153290748596,0.0,0.7819245457649231,0.0,0.7209651470184326,0.0,1.650925636291504,0.0,0.0,0.0,0.0,0.0,0.0,0.0,8.0,26.0,6.0,10.0,38.0,12.0,34.0
2020-03-18 04:00:00+00:00,1557307505.0,0.00190978,10.01247535,283853650.0,3.3393909335136414,0.0,0.7892388105392456,0.0,1.6354174613952637,0.0,0.9147346615791321,0.0,0.0,0.0,0.0,0.0,0.0,0.0,15.0,86.0,14.0,9.0,45.0,18.0,40.0
2020-03-18 06:00:00+00:00,1541661767.0,0.00191762,9.91188342,279886601.0,2.6731175780296326,0.8711885809898376,0.0,0.0,0.0,1.8170650601387024,0.8560525178909302,0.8043206334114075,0.0,0.0,0.0,0.0,0.0,0.8043206334114075,9.0,56.0,8.0,11.0,51.0,11.0,36.0
2020-03-18 08:00:00+00:00,1560273571.0,0.0019445,10.03154523,274572647.0,1.5689352750778198,0.7840374112129211,0.0,0.0,0.0,0.0,1.5689352750778198,0.0,0.0,0.0,0.0,0.0,0.0,0.0,5.0,81.0,11.0,10.0,52.0,7.0,51.0
2020-03-18 10:00:00+00:00,1557575321.0,0.00193969,10.01419724,274706240.0,0.0,0.0,0.0,0.0,0.0,0.0,0.0,0.0,0.0,0.0,0.0,0.0,0.0,0.0,3.0,35.0,8.0,8.0,47.0,12.0,30.0
2020-03-18 12:00:00+00:00,1554078164.0,0.00192192,9.99171279,273024513.0,0.8410337567329407,0.8410337567329407,0.0,0.0,0.0,0.0,0.0,0.0,0.0,0.0,0.0,0.0,0.0,0.0,3.0,41.0,10.0,18.0,103.0,9.0,53.0
2020-03-18 14:00:00+00:00,1567800230.0,0.0019257604830710173,10.0799367573,271842862.0,0.81270831823349,0.0,0.0,0.0,0.0,0.0,0.81270831823349,0.0,0.0,0.0,0.0,0.0,0.0,0.0,5.0,36.0,30.0,22.0,82.0,19.0,58.0
2020-03-18 16:00:00+00:00,1549312744.0,0.00193509,9.96107423,264865572.0,0.9028978943824768,0.9028978943824768,0.0,0.0,0.0,0.0,0.0,0.9438053965568542,0.0,0.0,0.0,0.0,0.9438053965568542,0.0,6.0,29.0,19.0,14.0,41.0,24.0,51.0
2020-03-18 18:00:00+00:00,1566867054.0,0.00193077,10.07393704,263923353.0,0.0,0.0,0.0,0.0,0.0,0.0,0.0,0.0,0.0,0.0,0.0,0.0,0.0,0.0,12.0,22.0,19.0,18.0,56.0,18.0,41.0
2020-03-18 20:00:00+00:00,1574675637.0,0.00192994,10.12414116,263089300.0,0.0,0.0,0.0,0.0,0.0,0.0,0.0,0.0,0.0,0.0,0.0,0.0,0.0,0.0,7.0,23.0,6.0,18.0,128.0,10.0,25.0
2020-03-18 22:00:00+00:00,1573897290.0,0.00193171,10.11913689,264539835.0,0.0,0.0,0.0,0.0,0.0,0.0,0.0,0.0,0.0,0.0,0.0,0.0,0.0,0.0,3.0,15.0,4.0,17.0,113.0,18.0,20.0
2020-03-19 00:00:00+00:00,1611546346.0,0.00195666,10.36119585,268325888.0,0.0,0.0,0.0,0.0,0.0,0.0,0.0,0.0,0.0,0.0,0.0,0.0,0.0,0.0,1.0,16.0,7.0,22.0,45.0,14.0,19.0
2020-03-19 02:00:00+00:00,1608640425.0,0.00195553,10.34251267,272921160.0,0.0,0.0,0.0,0.0,0.0,0.0,0.0,0.0,0.7851929068565369,0.0,0.0,0.0,0.0,0.0,2.0,26.0,18.0,10.0,52.0,9.0,30.0
2020-03-19 04:00:00+00:00,1610786106.0,0.00195195,10.356308,265530169.0,0.0,0.0,0.0,0.0,0.0,0.0,0.0,0.0,0.0,0.0,0.0,0.0,0.0,0.0,1.0,16.0,5.0,9.0,63.0,9.0,23.0
2020-03-19 06:00:00+00:00,1631150379.0,0.00196388,10.48723705,271524872.0,3.1110591292381287,0.0,0.0,0.0,0.0,0.0,3.1110591292381287,0.0,0.0,0.0,0.0,0.0,0.0,0.0,11.0,40.0,8.0,14.0,52.0,8.0,49.0
2020-03-19 08:00:00+00:00,1694265906.0,0.00196991,10.89302888,289616999.0,0.0,0.0,0.0,0.0,0.0,0.0,0.0,0.7242801189422607,0.7034980654716492,0.0,0.0,0.0,0.0,0.7242801189422607,4.0,30.0,3.0,16.0,81.0,6.0,42.0
2020-03-19 10:00:00+00:00,1680846212.0,0.00196792,10.80674897,295347189.0,0.7024540305137634,0.0,0.0,0.0,0.0,0.0,0.7024540305137634,0.8380693197250366,0.0,0.0,0.8380693197250366,0.0,0.0,0.0,10.0,39.0,7.0,23.0,73.0,16.0,40.0
2020-03-19 12:00:00+00:00,1740710349.0,0.00191724,11.19163646,319819734.0,0.7908880114555359,0.7368096113204956,0.0,0.0,0.0,0.7908880114555359,0.0,0.0,0.9394366145133972,0.0,0.0,0.0,0.0,0.0,7.0,23.0,24.0,28.0,140.0,26.0,53.0
2020-03-19 14:00:00+00:00,1733703328.0,0.00192373,11.14658588,316789762.0,0.7935376167297363,0.0,0.0,0.0,0.0,0.0,0.7935376167297363,0.0,0.0,0.0,0.0,0.0,0.0,0.0,5.0,97.0,15.0,21.0,107.0,14.0,53.0
2020-03-19 16:00:00+00:00,1930891898.0,0.001979,12.41438025,380836969.0,0.0,0.0,0.0,0.0,0.0,0.0,0.0,0.7248424887657166,0.0,0.0,0.7248424887657166,0.0,0.0,0.0,4.0,148.0,11.0,33.0,238.0,15.0,68.0
2020-03-19 18:00:00+00:00,1867897895.0,0.0019385733919324295,12.0093697439,382796081.0,0.0,0.0,0.0,0.0,0.0,0.0,0.0,0.0,0.0,0.0,0.0,0.0,0.0,0.0,5.0,233.0,6.0,31.0,88.0,19.0,38.0
2020-03-19 20:00:00+00:00,1881487295.0,0.0019410929138733144,12.0967407554,383024634.0,0.926161527633667,0.0,0.0,0.0,0.0,0.0,0.926161527633667,0.0,0.0,0.0,0.0,0.0,0.0,0.0,3.0,222.0,17.0,23.0,94.0,12.0,32.0
2020-03-19 22:00:00+00:00,1909934856.0,0.0019834,12.279640090000001,407534104.0,0.0,0.0,0.0,0.0,0.0,0.0,0.0,0.0,0.8210430145263672,0.0,0.0,0.0,0.0,0.0,0.0,214.0,21.0,28.0,266.0,20.0,34.0
2020-03-20 00:00:00+00:00,1840901005.0,0.0019780669264419398,11.8357972838,407671770.0,0.0,0.0,0.0,0.0,0.0,0.0,0.0,0.8460069894790649,0.7093052864074707,0.0,0.0,0.0,0.0,0.8460069894790649,1.0,153.0,3.0,21.0,129.0,15.0,15.0
2020-03-20 02:00:00+00:00,1834128218.0,0.001977193338864454,11.7922526624,405383839.0,0.7729501128196716,0.0,0.0,0.0,0.0,0.7729501128196716,0.0,0.0,0.0,0.0,0.0,0.0,0.0,0.0,1.0,156.0,6.0,25.0,43.0,8.0,41.0
2020-03-20 04:00:00+00:00,1864011639.0,0.00198277,11.98438364,421593960.0,0.0,0.0,0.0,0.0,0.0,0.0,0.0,0.0,0.7833126187324524,0.0,0.0,0.0,0.0,0.0,2.0,225.0,6.0,11.0,93.0,7.0,56.0
2020-03-20 06:00:00+00:00,1950814972.0,0.00198548,12.54247267,435165503.0,2.459266245365143,0.0,0.0,0.0,0.0,0.7014343738555908,1.757831871509552,0.0,0.0,0.0,0.0,0.0,0.0,0.0,4.0,157.0,9.0,10.0,141.0,9.0,94.0
2020-03-20 08:00:00+00:00,2081433123.0,0.00199632,13.38226251,481856156.0,0.0,0.0,0.0,0.0,0.0,0.0,0.0,0.0,0.0,0.0,0.0,0.0,0.0,0.0,3.0,233.0,4.0,18.0,236.0,55.0,87.0
2020-03-20 10:00:00+00:00,2014640637.0,0.00193829,12.95283023,485139351.0,0.7987369298934937,0.0,0.0,0.0,0.0,0.0,0.7987369298934937,0.0,0.8914079666137695,0.0,0.0,0.0,0.0,0.0,6.0,241.0,11.0,14.0,153.0,29.0,69.0
2020-03-20 12:00:00+00:00,1941472874.0,0.00190662,12.48240905,465924247.0,0.9520726799964905,0.0,0.0,0.0,0.0,0.0,0.9520726799964905,0.0,0.0,0.0,0.0,0.0,0.0,0.0,3.0,239.0,7.0,27.0,234.0,15.0,89.0
2020-03-20 14:00:00+00:00,1990759128.0,0.00194073,12.79928764,483865956.0,0.7574347853660583,1.5857552289962769,0.0,0.0,0.0,0.0,0.0,0.8863199353218079,1.607789397239685,0.0,0.0,0.0,0.0,0.0,6.0,242.0,13.0,17.0,176.0,8.0,91.0
2020-03-20 16:00:00+00:00,1924983383.0,0.00192753,12.37639234,443777799.0,0.8961842656135559,0.0,0.0,0.0,0.0,0.0,0.8961842656135559,0.0,0.0,0.0,0.0,0.0,0.0,0.0,3.0,237.0,15.0,17.0,271.0,23.0,93.0
2020-03-20 18:00:00+00:00,1832678985.0,0.00188961,11.78293504,419717200.0,0.8162993788719177,0.0,0.0,0.0,0.0,0.0,0.8162993788719177,1.6609113216400146,0.9267541170120239,0.0,0.0,0.0,0.0,0.7341572046279907,8.0,182.0,13.0,24.0,183.0,16.0,54.0
2020-03-20 20:00:00+00:00,1844283146.0,0.00192205,11.85754225,453752465.0,0.0,0.702082097530365,0.0,0.0,0.0,0.0,0.0,0.0,0.0,0.0,0.0,0.0,0.0,0.0,4.0,203.0,15.0,23.0,533.0,11.0,44.0
2020-03-20 22:00:00+00:00,1847133244.0,0.00191584,11.87586653,433929425.0,0.0,0.0,0.0,0.0,0.0,0.0,0.0,0.0,0.0,0.0,0.0,0.0,0.0,0.0,3.0,197.0,13.0,13.0,269.0,17.0,32.0
2020-03-21 00:00:00+00:00,1868858285.0,0.001922314013744736,12.0155444274,434461444.0,0.0,0.0,0.0,0.0,0.0,0.0,0.0,0.7613062262535095,0.0,0.0,0.0,0.0,0.0,0.7613062262535095,2.0,204.0,10.0,8.0,73.0,9.0,22.0
2020-03-21 02:00:00+00:00,1867858100.0,0.0019224293487544739,12.0091138861,446295741.0,0.0,0.0,0.0,0.0,0.0,0.0,0.0,0.0,0.0,0.0,0.0,0.0,0.0,0.0,1.0,205.0,11.0,11.0,48.0,7.0,39.0
2020-03-21 04:00:00+00:00,1822963029.0,0.0019148547559369102,11.720467749,442876616.0,0.0,0.0,0.0,0.0,0.0,0.0,0.0,0.0,0.0,0.0,0.0,0.0,0.0,0.0,1.0,204.0,3.0,1.0,50.0,6.0,39.0
2020-03-21 06:00:00+00:00,1837075849.0,0.00191657,11.81120401,448992878.0,0.0,0.0,0.0,0.0,0.0,0.0,0.0,0.0,0.0,0.0,0.0,0.0,0.0,0.0,4.0,230.0,4.0,8.0,20.0,4.0,54.0
2020-03-21 08:00:00+00:00,1813146253.0,0.00193462,11.65735226,421263165.0,0.869057834148407,0.0,0.0,0.0,0.0,0.0,0.869057834148407,0.0,0.0,0.0,0.0,0.0,0.0,0.0,8.0,162.0,6.0,8.0,29.0,9.0,49.0
2020-03-21 10:00:00+00:00,1807487736.0,0.00191911,11.62097168,391457889.0,0.7196985483169556,0.0,0.0,0.0,0.0,0.0,0.7196985483169556,0.0,0.0,0.0,0.0,0.0,0.0,0.0,5.0,69.0,4.0,15.0,34.0,7.0,38.0
2020-03-21 12:00:00+00:00,1855510261.0,0.00193009,11.92972531,391507414.0,0.0,0.0,0.0,0.0,0.0,0.0,0.0,0.0,0.0,0.0,0.0,0.0,0.0,0.0,2.0,91.0,8.0,12.0,22.0,13.0,43.0
2020-03-21 14:00:00+00:00,1867774098.0,0.00193724,12.00857381,390740643.0,5.933435618877411,0.0,0.0,0.0,0.0,5.0219444036483765,0.9114912152290344,0.7096216678619385,0.0,0.0,0.0,0.0,0.7096216678619385,0.0,29.0,59.0,15.0,17.0,37.0,20.0,62.0
2020-03-21 16:00:00+00:00,1830487938.0,0.0019276839283975933,11.7688480265,382069895.0,7.568430602550507,0.0,0.0,0.0,0.7987763285636902,6.769654273986816,0.0,0.0,0.0,0.0,0.0,0.0,0.0,0.0,35.0,31.0,15.0,27.0,149.0,45.0,44.0
2020-03-21 18:00:00+00:00,1869474302.0,0.00193114,12.01950502,387387307.0,4.1809017062187195,0.7597021460533142,0.0,0.0,0.0,3.43303120136261,0.7478705048561096,0.0,0.0,0.0,0.0,0.0,0.0,0.0,54.0,148.0,8.0,12.0,154.0,19.0,47.0
2020-03-21 20:00:00+00:00,1871191340.0,0.00194451,12.03054446,384084317.0,2.512915313243866,0.0,0.0,0.0,0.0,2.512915313243866,0.0,0.8632236123085022,0.0,0.0,0.0,0.0,0.0,0.8632236123085022,7.0,76.0,11.0,22.0,86.0,35.0,23.0
2020-03-21 22:00:00+00:00,1875460321.0,0.00194953,12.05799123,386174572.0,1.7408044934272766,0.0,0.0,0.0,0.0,1.7408044934272766,0.0,0.0,0.0,0.0,0.0,0.0,0.0,0.0,8.0,167.0,16.0,14.0,144.0,13.0,20.0
2020-03-22 00:00:00+00:00,1885097709.0,0.00194321,12.11995337,384706096.0,0.0,0.0,0.0,0.0,0.0,0.0,0.0,0.0,0.0,0.0,0.0,0.0,0.0,0.0,2.0,160.0,8.0,14.0,95.0,16.0,18.0
2020-03-22 02:00:00+00:00,1905879614.0,0.00194232,12.25356751,388720785.0,0.0,0.0,0.0,0.0,0.0,0.0,0.0,0.0,0.8124450445175171,0.0,0.0,0.0,0.0,0.0,2.0,122.0,21.0,10.0,98.0,20.0,34.0
2020-03-22 04:00:00+00:00,1917729675.0,0.00194692,12.32975571,379655553.0,2.2824320197105408,0.0,0.0,0.0,0.0,2.2824320197105408,0.0,0.0,0.0,0.0,0.0,0.0,0.0,0.0,7.0,29.0,8.0,7.0,64.0,19.0,58.0
2020-03-22 06:00:00+00:00,1901700598.0,0.00193698,12.22669916,374872921.0,2.489881217479706,0.0,0.0,0.0,0.0,1.7560661435127258,0.73381507396698,0.0,0.0,0.0,0.0,0.0,0.0,0.0,5.0,12.0,16.0,12.0,93.0,11.0,71.0
2020-03-22 08:00:00+00:00,1899326291.0,0.00193645,12.21143391,376228247.0,0.0,0.0,0.0,0.0,0.0,0.0,0.0,0.0,0.0,0.0,0.0,0.0,0.0,0.0,2.0,40.0,2.0,7.0,72.0,18.0,79.0
2020-03-22 10:00:00+00:00,1878431285.0,0.00194712,12.07709259,372848897.0,1.832858383655548,6.401647984981537,0.0,0.0,0.0,1.832858383655548,0.0,0.0,0.0,0.0,0.0,0.0,0.0,0.0,5.0,69.0,13.0,10.0,107.0,16.0,117.0
2020-03-22 12:00:00+00:00,1840642978.0,0.00194722,11.83413833,365063334.0,1.8110786080360413,5.358436703681946,0.0,0.0,0.0,0.8813989758491516,0.9296796321868896,0.0,0.0,0.0,0.0,0.0,0.0,0.0,4.0,45.0,5.0,13.0,226.0,23.0,107.0
2020-03-22 14:00:00+00:00,1830096941.0,0.00193696,11.76633417,357830174.0,1.5903410911560059,0.8013036251068115,0.0,0.0,0.0,0.7890374660491943,0.0,0.7165637016296387,0.0,0.0,0.0,0.0,0.7165637016296387,0.0,11.0,32.0,7.0,16.0,132.0,14.0,108.0
2020-03-22 16:00:00+00:00,1807941082.0,0.00192811,11.62388639,346909149.0,2.425073802471161,0.8486106395721436,0.0,0.0,0.0,0.7707365155220032,0.8057266473770142,0.0,0.0,0.0,0.0,0.0,0.0,0.0,8.0,42.0,17.0,23.0,138.0,18.0,113.0
2020-03-22 18:00:00+00:00,1769428154.0,0.00191323,11.37627329,338795713.0,0.8670163154602051,0.0,0.0,0.0,0.0,0.0,0.8670163154602051,0.0,0.0,0.0,0.0,0.0,0.0,0.0,5.0,21.0,15.0,26.0,182.0,11.0,66.0
2020-03-22 20:00:00+00:00,1800624471.0,0.00192503,11.57684534,326207728.0,0.8992410898208618,0.9283389449119568,0.0,0.8992410898208618,0.0,0.0,0.0,0.8247130513191223,0.0,0.0,0.0,0.0,0.0,0.8247130513191223,3.0,31.0,16.0,21.0,228.0,14.0,42.0
2020-03-22 22:00:00+00:00,1735514181.0,0.00191385,11.15822848,308670064.0,0.8448087573051453,0.0,0.0,0.0,0.0,0.0,0.8448087573051453,0.0,0.0,0.0,0.0,0.0,0.0,0.0,2.0,18.0,18.0,20.0,146.0,6.0,60.0
2020-03-23 00:00:00+00:00,1735578063.0,0.00189575,11.1586392,306338746.0,0.710989773273468,0.0,0.0,0.0,0.0,0.710989773273468,0.0,0.0,0.0,0.0,0.0,0.0,0.0,0.0,5.0,35.0,10.0,13.0,72.0,8.0,37.0
2020-03-23 02:00:00+00:00,1768728397.0,0.00190142,11.37177431,303725776.0,0.0,0.0,0.0,0.0,0.0,0.0,0.0,0.0,0.0,0.0,0.0,0.0,0.0,0.0,5.0,174.0,14.0,11.0,45.0,13.0,23.0
2020-03-23 04:00:00+00:00,1751791697.0,0.00190428,11.26288233,301000921.0,1.7423686981201172,0.0,0.0,0.0,0.0,1.7423686981201172,0.0,0.0,0.0,0.0,0.0,0.0,0.0,0.0,6.0,216.0,4.0,9.0,90.0,18.0,21.0
2020-03-23 06:00:00+00:00,1748023300.0,0.0019023594521155338,11.2386539873,304130332.0,0.0,0.0,0.0,0.0,0.0,0.0,0.0,0.0,0.0,0.0,0.0,0.0,0.0,0.0,6.0,178.0,4.0,5.0,36.0,13.0,39.0
2020-03-23 08:00:00+00:00,1724437652.0,0.00190491,11.0870136,295135649.0,2.4895105957984924,0.0,0.8646796941757202,0.7900036573410034,0.0,0.8348272442817688,0.0,0.8335574865341187,0.0,0.8335574865341187,0.0,0.0,0.0,0.0,8.0,114.0,10.0,7.0,52.0,11.0,34.0
2020-03-23 10:00:00+00:00,1732064130.0,0.00190213,11.1360469,293336088.0,0.0,0.0,0.0,0.0,0.0,0.0,0.0,0.0,0.0,0.0,0.0,0.0,0.0,0.0,1.0,145.0,5.0,11.0,46.0,7.0,37.0
2020-03-23 12:00:00+00:00,1825561221.0,0.00190547,11.73717244,336268998.0,1.6390225887298584,0.9732475876808167,0.9027107954025269,0.0,0.0,0.7363117933273315,0.0,0.0,0.0,0.0,0.0,0.0,0.0,0.0,11.0,133.0,15.0,25.0,269.0,34.0,50.0
2020-03-23 14:00:00+00:00,1830415038.0,0.00189774,11.76837933,338628101.0,2.3398112058639526,2.2695206999778748,0.0,0.0,0.0,0.7832809090614319,0.8214834928512573,0.0,0.0,0.0,0.0,0.0,0.0,0.0,5.0,143.0,11.0,24.0,76.0,16.0,45.0
2020-03-23 16:00:00+00:00,1845747350.0,0.00188929,11.86695613,344863406.0,1.7461296916007996,1.5749906301498413,0.0,0.0,0.0,0.0,0.9013828635215759,0.0,0.0,0.0,0.0,0.0,0.0,0.0,5.0,125.0,3.0,21.0,73.0,15.0,45.0
2020-03-23 18:00:00+00:00,1849744968.0,0.0018929,11.89265822,342131938.0,0.7780347466468811,0.0,0.0,0.0,0.0,0.7780347466468811,0.0,0.0,0.0,0.0,0.0,0.0,0.0,0.0,12.0,48.0,4.0,17.0,64.0,23.0,55.0
2020-03-23 20:00:00+00:00,1860961076.0,0.00187051,11.9647705,349725592.0,0.0,0.0,0.0,0.0,0.0,0.0,0.0,0.0,0.7645189166069031,0.0,0.0,0.0,0.0,0.0,3.0,74.0,19.0,12.0,165.0,8.0,19.0
2020-03-23 22:00:00+00:00,1884749571.0,0.00188858,12.11771507,359015601.0,3.3409345149993896,0.0,1.5464811325073242,0.0,0.0,0.8321925401687622,0.9622608423233032,0.7014938592910767,0.0,0.7014938592910767,0.0,0.0,0.0,0.0,6.0,172.0,8.0,12.0,80.0,7.0,20.0
2020-03-24 00:00:00+00:00,1887859321.0,0.00185777,12.13770874,358147437.0,0.0,0.0,0.0,0.0,0.0,0.0,0.0,0.0,0.0,0.0,0.0,0.0,0.0,0.0,1.0,140.0,6.0,15.0,117.0,6.0,17.0
2020-03-24 02:00:00+00:00,1905964527.0,0.0018696,12.25411345,357485195.0,0.7648645043373108,0.0,0.0,0.0,0.0,0.7648645043373108,0.0,0.0,0.0,0.0,0.0,0.0,0.0,0.0,5.0,167.0,3.0,10.0,41.0,11.0,24.0
2020-03-24 04:00:00+00:00,1863040634.0,0.00186347,11.97814071,343873946.0,1.6238244771957397,0.0,0.0,0.0,0.0,1.6238244771957397,0.0,0.0,0.0,0.0,0.0,0.0,0.0,0.0,4.0,111.0,9.0,10.0,36.0,18.0,31.0
2020-03-24 06:00:00+00:00,1900208809.0,0.0018604118052813615,12.2171079262,355500264.0,2.340729773044586,1.4593564867973328,0.0,0.0,0.0,1.6079583168029785,0.0,0.0,0.8227360844612122,0.0,0.0,0.0,0.0,0.0,3.0,154.0,5.0,5.0,41.0,3.0,27.0
2020-03-24 08:00:00+00:00,1935858859.0,0.00184057,12.44631458,379630693.0,0.0,0.0,0.0,0.0,0.0,0.0,0.0,0.0,0.0,0.0,0.0,0.0,0.0,0.0,0.0,131.0,7.0,12.0,203.0,3.0,37.0
2020-03-24 10:00:00+00:00,1937952738.0,0.0018469,12.45977687,388037020.0,0.8812090754508972,0.0,0.0,0.0,0.0,0.8812090754508972,0.0,0.0,0.0,0.0,0.0,0.0,0.0,0.0,3.0,156.0,10.0,11.0,43.0,12.0,48.0
2020-03-24 12:00:00+00:00,1915656292.0,0.00183245,12.3164252,353090827.0,0.8753793239593506,0.0,0.0,0.0,0.0,0.8753793239593506,0.0,0.0,0.0,0.0,0.0,0.0,0.0,0.0,4.0,100.0,6.0,16.0,98.0,22.0,53.0
2020-03-24 14:00:00+00:00,1896051793.0,0.0018512872769288133,12.1903810133,351525078.0,0.0,0.0,0.0,0.0,0.0,0.0,0.0,0.0,0.0,0.0,0.0,0.0,0.0,0.0,3.0,85.0,2.0,20.0,71.0,21.0,39.0
2020-03-24 16:00:00+00:00,1914014488.0,0.00185084,12.30586947,350617519.0,2.4201859831809998,0.8436652421951294,0.0,0.0,0.0,2.4201859831809998,0.0,0.0,0.7645792365074158,0.0,0.0,0.0,0.0,0.0,6.0,33.0,11.0,25.0,56.0,17.0,41.0
2020-03-24 18:00:00+00:00,1909319591.0,0.00184525,12.27568433,344192782.0,0.0,0.0,0.0,0.0,0.0,0.0,0.0,0.8082380294799805,0.0,0.0,0.0,0.0,0.8082380294799805,0.0,4.0,36.0,7.0,17.0,100.0,16.0,37.0
2020-03-24 20:00:00+00:00,1916235635.0,0.00184432,12.32015,337102008.0,1.580401062965393,0.0,0.0,0.0,0.0,1.580401062965393,0.0,0.0,0.0,0.0,0.0,0.0,0.0,0.0,6.0,29.0,12.0,20.0,80.0,20.0,40.0
2020-03-24 22:00:00+00:00,1928844946.0,0.00184136,12.40121968,333522129.0,0.0,0.0,0.0,0.0,0.0,0.0,0.0,0.0,0.0,0.0,0.0,0.0,0.0,0.0,4.0,42.0,11.0,26.0,56.0,40.0,19.0
2020-03-25 00:00:00+00:00,1914634019.0,0.00185016,12.30985265,327709685.0,0.8780904412269592,0.0,0.0,0.0,0.0,0.0,0.8780904412269592,0.0,0.0,0.0,0.0,0.0,0.0,0.0,2.0,25.0,8.0,15.0,44.0,13.0,17.0
2020-03-25 02:00:00+00:00,1900918529.0,0.00185768,12.22167096,322280060.0,0.0,0.0,0.0,0.0,0.0,0.0,0.0,0.0,0.0,0.0,0.0,0.0,0.0,0.0,0.0,30.0,6.0,22.0,109.0,12.0,14.0
2020-03-25 04:00:00+00:00,1924720694.0,0.00184732,12.37470342,338610126.0,0.0,0.0,0.0,0.0,0.0,0.0,0.0,0.0,0.0,0.0,0.0,0.0,0.0,0.0,2.0,43.0,3.0,6.0,38.0,13.0,25.0
2020-03-25 06:00:00+00:00,1932024135.0,0.00185987,12.4216598,339407220.0,0.0,0.0,0.0,0.0,0.0,0.0,0.0,0.0,0.769773006439209,0.0,0.0,0.0,0.0,0.0,4.0,27.0,3.0,10.0,46.0,14.0,19.0
2020-03-25 08:00:00+00:00,1956309395.0,0.00183136,12.57779824,337276712.0,2.373481273651123,0.0,0.0,0.0,0.0,0.0,2.373481273651123,0.0,0.0,0.0,0.0,0.0,0.0,0.0,5.0,21.0,11.0,9.0,58.0,8.0,41.0
2020-03-25 10:00:00+00:00,1895926036.0,0.00186054,12.18957248,337844627.0,0.0,0.0,0.0,0.0,0.0,0.0,0.0,0.7969895005226135,0.0,0.0,0.0,0.0,0.0,0.7969895005226135,7.0,35.0,3.0,12.0,140.0,7.0,48.0
2020-03-25 12:00:00+00:00,1910245637.0,0.00184767,12.28163821,333115758.0,1.6567252278327942,0.0,0.0,0.0,0.0,0.9210273027420044,0.7356979250907898,0.7978910803794861,0.0,0.0,0.0,0.0,0.7978910803794861,0.0,11.0,37.0,4.0,16.0,64.0,17.0,50.0
2020-03-25 14:00:00+00:00,1910886406.0,0.00185348,12.28575793,325025755.0,3.422446131706238,2.595115602016449,0.0,0.0,0.0,0.8292517066001892,0.7528764605522156,0.0,0.7350488901138306,0.0,0.0,0.0,0.0,0.0,17.0,24.0,21.0,18.0,52.0,13.0,42.0
2020-03-25 16:00:00+00:00,1914025281.0,0.00184621,12.30593886,316643916.0,0.0,0.0,0.0,0.0,0.0,0.0,0.0,0.0,0.0,0.0,0.0,0.0,0.0,0.0,2.0,52.0,9.0,16.0,53.0,12.0,46.0
2020-03-25 18:00:00+00:00,1906756547.0,0.00184734,12.25920562,310534233.0,1.6194299459457397,0.0,0.0,0.0,0.0,0.8216682076454163,0.7977617383003235,0.0,0.0,0.0,0.0,0.0,0.0,0.0,7.0,22.0,4.0,20.0,112.0,10.0,29.0
2020-03-25 20:00:00+00:00,1898274383.0,0.00185063,12.20467082,296088557.0,0.0,0.0,0.0,0.0,0.0,0.0,0.0,0.8664764165878296,0.0,0.0,0.0,0.0,0.0,0.8664764165878296,2.0,21.0,9.0,11.0,63.0,15.0,16.0
2020-03-25 22:00:00+00:00,1916881081.0,0.00184466,12.3242998,288895593.0,1.6654719114303589,0.0,0.0,0.0,0.0,0.8575587868690491,0.8079131245613098,0.0,0.0,0.0,0.0,0.0,0.0,0.0,8.0,38.0,14.0,15.0,71.0,20.0,41.0
2020-03-26 00:00:00+00:00,1919016579.0,0.00184039,12.33802967,286207363.0,0.0,0.0,0.0,0.0,0.0,0.0,0.0,0.0,0.0,0.0,0.0,0.0,0.0,0.0,3.0,11.0,26.0,14.0,73.0,6.0,14.0
2020-03-26 02:00:00+00:00,1929254445.0,0.00184478,12.40385249,288735207.0,0.7985706329345703,0.7985706329345703,0.0,0.0,0.0,0.0,0.0,0.9296429753303528,0.0,0.0,0.0,0.0,0.9296429753303528,0.0,2.0,21.0,3.0,10.0,54.0,9.0,15.0
2020-03-26 04:00:00+00:00,1918972381.0,0.00185137,12.3377455,285343166.0,0.0,0.0,0.0,0.0,0.0,0.0,0.0,0.0,0.0,0.0,0.0,0.0,0.0,0.0,1.0,14.0,10.0,13.0,45.0,9.0,31.0
2020-03-26 06:00:00+00:00,1907440159.0,0.00185586,12.26360081,276243417.0,0.8420181274414062,0.8722842931747437,0.0,0.0,0.0,0.0,0.8420181274414062,0.0,0.0,0.0,0.0,0.0,0.0,0.0,3.0,20.0,10.0,6.0,30.0,4.0,36.0
2020-03-26 08:00:00+00:00,1918545807.0,0.00185834,12.3350029,265509506.0,2.730116307735443,0.7307979464530945,0.0,0.0,0.0,1.8130274415016174,0.9170888662338257,0.0,0.0,0.0,0.0,0.0,0.0,0.0,7.0,23.0,6.0,17.0,37.0,3.0,21.0
2020-03-26 10:00:00+00:00,1916218936.0,0.00186016,12.32004264,248468189.0,2.2258363366127014,1.5200873613357544,0.0,0.0,0.0,0.705748975276947,0.0,0.0,0.0,0.0,0.0,0.0,0.0,0.0,5.0,40.0,1.0,14.0,94.0,5.0,45.0
2020-03-26 12:00:00+00:00,1919379367.0,0.0018611,12.34036216,246183950.0,1.6330662369728088,1.5286955833435059,0.0,0.0,0.0,0.0,0.8683797121047974,0.7710418105125427,0.8212208151817322,0.0,0.0,0.0,0.7710418105125427,0.0,6.0,36.0,9.0,24.0,97.0,17.0,51.0
2020-03-26 14:00:00+00:00,1917681217.0,0.00186012,12.32944416,239912505.0,0.8594540357589722,0.8841527104377747,0.0,0.0,0.0,0.0,0.8594540357589722,0.0,0.0,0.0,0.0,0.0,0.0,0.0,3.0,51.0,10.0,23.0,120.0,22.0,56.0
2020-03-26 16:00:00+00:00,1922248003.0,0.00185839,12.35880562,238788813.0,0.0,0.7504737377166748,0.0,0.0,0.0,0.0,0.0,0.0,0.0,0.0,0.0,0.0,0.0,0.0,1.0,69.0,9.0,23.0,77.0,19.0,75.0
2020-03-26 18:00:00+00:00,1953242623.0,0.001885571978406811,12.558080887100001,253902206.0,2.637481927871704,0.0,0.0,0.0,0.0,2.637481927871704,0.0,0.0,0.0,0.0,0.0,0.0,0.0,0.0,16.0,27.0,11.0,11.0,55.0,9.0,40.0
2020-03-26 20:00:00+00:00,2006576843.0,0.00192304,12.90098527,277516595.0,1.6814745664596558,0.0,0.0,0.0,0.0,1.6814745664596558,0.0,0.0,0.899143636226654,0.0,0.0,0.0,0.0,0.0,15.0,17.0,15.0,17.0,104.0,25.0,26.0
2020-03-26 22:00:00+00:00,2055823709.0,0.00196795,13.21761062,299218749.0,0.0,0.0,0.0,0.0,0.0,0.0,0.0,0.0,0.0,0.0,0.0,0.0,0.0,0.0,2.0,19.0,36.0,10.0,61.0,18.0,29.0
2020-03-27 00:00:00+00:00,2035220769.0,0.00193374,13.0851471,310231840.0,0.7802169919013977,0.0,0.0,0.7802169919013977,0.0,0.0,0.0,0.0,0.8238131999969482,0.0,0.0,0.0,0.0,0.0,5.0,11.0,9.0,13.0,75.0,13.0,17.0
2020-03-27 02:00:00+00:00,2038341121.0,0.00193826,13.10520893,307013467.0,2.232657492160797,0.0,0.0,0.0,0.0,1.4888043403625488,0.7438531517982483,0.0,0.0,0.0,0.0,0.0,0.0,0.0,9.0,16.0,2.0,11.0,60.0,5.0,23.0
2020-03-27 04:00:00+00:00,2022111339.0,0.0019427,13.00086199,304771760.0,0.0,0.0,0.0,0.0,0.0,0.0,0.0,0.0,0.0,0.0,0.0,0.0,0.0,0.0,6.0,22.0,7.0,5.0,52.0,8.0,35.0
2020-03-27 06:00:00+00:00,2052419793.0,0.00196344,13.19572565,313786959.0,0.7832318544387817,0.0,0.0,0.7832318544387817,0.0,0.0,0.0,0.0,0.0,0.0,0.0,0.0,0.0,0.0,7.0,37.0,3.0,9.0,39.0,2.0,45.0
2020-03-27 08:00:00+00:00,2041192212.0,0.00196249,13.1235396,310790477.0,0.7902679443359375,0.0,0.0,0.0,0.0,0.7902679443359375,0.0,0.9596477150917053,0.0,0.9596477150917053,0.0,0.0,0.0,0.0,4.0,29.0,6.0,13.0,42.0,9.0,37.0
2020-03-27 10:00:00+00:00,2035090731.0,0.00196115,13.08431104,313970143.0,0.0,0.7569308876991272,0.0,0.0,0.0,0.0,0.0,0.0,0.0,0.0,0.0,0.0,0.0,0.0,4.0,20.0,3.0,13.0,120.0,8.0,37.0
2020-03-27 12:00:00+00:00,1986893895.0,0.00192951,12.7744367,311156728.0,0.7444021701812744,0.0,0.0,0.0,0.0,0.7444021701812744,0.0,0.7982963919639587,0.0,0.0,0.0,0.0,0.7982963919639587,0.0,5.0,31.0,8.0,6.0,89.0,10.0,45.0
2020-03-27 14:00:00+00:00,2013428548.0,0.00194671,12.94503728,319534114.0,0.0,0.0,0.0,0.0,0.0,0.0,0.0,0.0,0.0,0.0,0.0,0.0,0.0,0.0,5.0,34.0,7.0,16.0,37.0,12.0,64.0
2020-03-27 16:00:00+00:00,2018633841.0,0.00194792,12.97850393,317309186.0,0.0,0.0,0.0,0.0,0.0,0.0,0.0,0.0,0.0,0.0,0.0,0.0,0.0,0.0,3.0,34.0,5.0,22.0,53.0,3.0,43.0
2020-03-27 18:00:00+00:00,2001824498.0,0.00193034,12.87043078,298660443.0,1.8500787019729614,0.0,0.0,0.0,0.0,1.8500787019729614,0.0,0.0,0.0,0.0,0.0,0.0,0.0,0.0,9.0,38.0,23.0,17.0,108.0,10.0,33.0
2020-03-27 20:00:00+00:00,2004824395.0,0.00193108,12.88971817,280007147.0,3.1550119519233704,1.6213424801826477,0.0,0.7113658785820007,0.0,0.8223035931587219,0.0,0.0,0.0,0.0,0.0,0.0,0.0,0.0,6.0,69.0,4.0,19.0,83.0,7.0,26.0
2020-03-27 22:00:00+00:00,1947826173.0,0.00193565,12.52325663,263730266.0,0.0,0.0,0.0,0.0,0.0,0.0,0.0,0.0,0.0,0.0,0.0,0.0,0.0,0.0,3.0,15.0,19.0,22.0,79.0,16.0,25.0
2020-03-28 00:00:00+00:00,1902277021.0,0.00194126,12.23040519,255858754.0,0.0,0.0,0.0,0.0,0.0,0.0,0.0,0.8047220706939697,0.0,0.0,0.0,0.0,0.0,0.8047220706939697,4.0,16.0,9.0,10.0,53.0,8.0,29.0
2020-03-28 02:00:00+00:00,1866653413.0,0.00195199,12.00136854,253356067.0,0.7139774560928345,0.0,0.0,0.0,0.0,0.0,0.7139774560928345,0.0,2.296103775501251,0.0,0.0,0.0,0.0,0.0,4.0,22.0,4.0,15.0,61.0,10.0,17.0
2020-03-28 04:00:00+00:00,1888804905.0,0.00196174,12.14378824,251610948.0,1.5635868310928345,0.0,0.0,0.0,0.0,0.0,1.5635868310928345,0.8029592633247375,1.7725907564163208,0.0,0.0,0.0,0.0,0.8029592633247375,5.0,10.0,3.0,8.0,49.0,8.0,18.0
2020-03-28 06:00:00+00:00,1888469369.0,0.00195755,12.14163095,240813790.0,1.613956332206726,0.0,0.0,0.7178754806518555,0.0,0.0,0.8960808515548706,0.822960615158081,0.0,0.0,0.0,0.0,0.0,0.822960615158081,4.0,25.0,5.0,10.0,49.0,21.0,20.0
2020-03-28 08:00:00+00:00,1912375238.0,0.00196713,12.29533016,245958700.0,1.5611100792884827,0.0,0.0,0.0,0.0,0.762796938419342,0.7983131408691406,0.0,0.7062460780143738,0.0,0.0,0.0,0.0,0.0,8.0,102.0,6.0,6.0,57.0,5.0,30.0
2020-03-28 10:00:00+00:00,1903783385.0,0.00195314,12.24009012,241255486.0,1.674547016620636,0.0,0.0,0.7729259729385376,0.0,0.9016210436820984,0.0,0.0,0.8479135036468506,0.0,0.0,0.0,0.0,0.0,4.0,39.0,5.0,10.0,63.0,3.0,30.0
2020-03-28 12:00:00+00:00,1884301303.0,0.00194045,12.114833,233846685.0,0.7888945937156677,0.0,0.0,0.0,0.0,0.0,0.7888945937156677,0.0,0.7511000633239746,0.0,0.0,0.0,0.0,0.0,7.0,20.0,10.0,16.0,89.0,9.0,38.0
2020-03-28 14:00:00+00:00,1895146307.0,0.00194977,12.18455932,237400619.0,1.6775810718536377,1.4941276907920837,0.0,0.0,0.0,1.6775810718536377,0.0,1.5491933226585388,0.0,0.0,0.0,0.0,1.5491933226585388,0.0,5.0,64.0,12.0,20.0,78.0,10.0,38.0
2020-03-28 16:00:00+00:00,1845810454.0,0.00193337,11.86736185,236937640.0,0.0,0.8905595541000366,0.0,0.0,0.0,0.0,0.0,0.7032700777053833,1.6506096720695496,0.0,0.0,0.0,0.7032700777053833,0.0,3.0,80.0,20.0,24.0,64.0,14.0,46.0
2020-03-28 18:00:00+00:00,1879803466.0,0.00193568,12.08591483,248520109.0,1.4663826823234558,0.0,0.0,0.0,0.0,1.4663826823234558,0.0,0.0,0.0,0.0,0.0,0.0,0.0,0.0,7.0,65.0,6.0,12.0,128.0,11.0,37.0
2020-03-28 20:00:00+00:00,1896870807.0,0.00195588,12.19564674,258656000.0,0.0,0.7193065881729126,0.0,0.0,0.0,0.0,0.0,0.0,2.571524202823639,0.0,0.0,0.0,0.0,0.0,3.0,51.0,3.0,16.0,121.0,8.0,31.0
2020-03-28 22:00:00+00:00,1896476688.0,0.00195334,12.19311281,256061862.0,0.0,0.0,0.0,0.0,0.0,0.0,0.0,0.0,0.0,0.0,0.0,0.0,0.0,0.0,1.0,72.0,9.0,16.0,66.0,10.0,26.0
2020-03-29 00:00:00+00:00,1880991814.0,0.00194416,12.09355513,240952084.0,0.0,0.0,0.0,0.0,0.0,0.0,0.0,0.7773199677467346,0.0,0.0,0.0,0.0,0.7773199677467346,0.0,3.0,35.0,9.0,17.0,63.0,10.0,10.0
2020-03-29 02:00:00+00:00,1879576017.0,0.00194085,12.08445248,224526821.0,0.0,0.0,0.0,0.0,0.0,0.0,0.0,0.0,0.0,0.0,0.0,0.0,0.0,0.0,2.0,26.0,6.0,4.0,48.0,12.0,25.0
2020-03-29 04:00:00+00:00,1875251370.0,0.00194291,12.05664781,225155872.0,0.8501560688018799,0.7004779577255249,0.0,0.0,0.0,0.8501560688018799,0.0,0.0,0.0,0.0,0.0,0.0,0.0,0.0,5.0,37.0,5.0,9.0,59.0,13.0,39.0
2020-03-29 06:00:00+00:00,1864945697.0,0.00194282,11.99038903,224948422.0,0.0,0.0,0.0,0.0,0.0,0.0,0.0,0.0,0.0,0.0,0.0,0.0,0.0,0.0,3.0,26.0,5.0,10.0,63.0,0.0,24.0
2020-03-29 08:00:00+00:00,1844268595.0,0.00193432,11.857448699999999,220939690.0,3.025696575641632,0.0,0.0,0.0,0.0,3.025696575641632,0.0,0.0,0.0,0.0,0.0,0.0,0.0,0.0,11.0,14.0,7.0,9.0,103.0,5.0,39.0
2020-03-29 10:00:00+00:00,1851606097.0,0.00192964,11.90462407,221367524.0,0.8486478328704834,0.0,0.0,0.0,0.0,0.8486478328704834,0.0,0.0,1.6194456219673157,0.0,0.0,0.0,0.0,0.0,4.0,40.0,13.0,14.0,59.0,10.0,40.0
2020-03-29 12:00:00+00:00,1852170511.0,0.00193609,11.90825288,218039374.0,3.090377628803253,0.0,0.0,0.0,0.0,2.2625702023506165,0.8278074264526367,0.0,0.0,0.0,0.0,0.0,0.0,0.0,8.0,21.0,3.0,10.0,59.0,9.0,43.0
2020-03-29 14:00:00+00:00,1873255005.0,0.00195511,12.04381248,223049677.0,39.82830649614334,0.0,0.0,0.0,0.0,39.0082488656044,0.8200576305389404,6.690535128116608,0.0,0.0,1.7799007892608643,0.0,4.910634338855743,0.0,199.0,50.0,13.0,16.0,54.0,39.0,59.0
2020-03-29 16:00:00+00:00,1844383515.0,0.00193631,11.85818756,218289809.0,13.153057217597961,1.7051327228546143,0.0,0.0,0.0,13.153057217597961,0.0,3.0873475074768066,0.0,0.0,0.0,0.0,3.0873475074768066,0.0,67.0,28.0,5.0,10.0,84.0,24.0,50.0
2020-03-29 18:00:00+00:00,1790298921.0,0.00193686,11.51045876,214909882.0,12.571777105331421,0.0,0.0,0.8175526857376099,0.0,11.754224419593811,0.0,2.407191753387451,0.0,0.0,0.8225796818733215,0.0,1.5846120715141296,0.0,51.0,33.0,6.0,15.0,71.0,21.0,35.0
2020-03-29 20:00:00+00:00,1785622695.0,0.00193456,11.48039367,217510192.0,10.58655995130539,0.0,0.0,0.0,0.0,9.8857941031456,0.70076584815979,2.2654412388801575,0.0,0.0,0.0,0.0,1.5206621885299683,0.7447790503501892,38.0,77.0,9.0,13.0,111.0,15.0,48.0
2020-03-29 22:00:00+00:00,1779529888.0,0.00193197,11.44122088,218854042.0,6.98168271780014,0.0,0.0,0.0,0.0,6.98168271780014,0.0,1.4934502243995667,0.0,0.0,0.7095739841461182,0.0,0.7838762402534485,0.0,20.0,169.0,22.0,12.0,84.0,14.0,27.0
2020-03-30 00:00:00+00:00,1785836817.0,0.0019307,11.48177033,220572316.0,1.620184600353241,0.0,0.0,0.0,0.0,1.620184600353241,0.0,0.0,0.0,0.0,0.0,0.0,0.0,0.0,14.0,160.0,14.0,14.0,62.0,10.0,20.0
2020-03-30 02:00:00+00:00,1809301573.0,0.00193946,11.63263347,230902287.0,1.5264198780059814,0.9122380614280701,0.0,0.0,0.0,1.5264198780059814,0.0,0.0,0.0,0.0,0.0,0.0,0.0,0.0,13.0,90.0,11.0,7.0,38.0,8.0,13.0
2020-03-30 04:00:00+00:00,1848354668.0,0.00192731,11.88371949,247979993.0,2.5469554662704468,0.0,0.0,0.0,0.0,2.5469554662704468,0.0,0.0,0.0,0.0,0.0,0.0,0.0,0.0,12.0,28.0,1.0,15.0,45.0,7.0,17.0
2020-03-30 06:00:00+00:00,1856203920.0,0.00191281,11.93418508,254436164.0,1.545517921447754,0.0,0.0,0.0,0.0,1.545517921447754,0.0,0.7006141543388367,0.0,0.0,0.0,0.0,0.7006141543388367,0.0,16.0,17.0,6.0,9.0,70.0,17.0,33.0
2020-03-30 08:00:00+00:00,1876984218.0,0.00192492,12.06778889,254862216.0,0.7706097364425659,0.0,0.0,0.0,0.0,0.7706097364425659,0.0,0.7329378128051758,0.0,0.0,0.0,0.0,0.0,0.7329378128051758,16.0,41.0,4.0,10.0,25.0,14.0,34.0
2020-03-30 10:00:00+00:00,1908023913.0,0.00193529,12.26735397,261371569.0,0.8895447850227356,0.0,0.0,0.0,0.0,0.8895447850227356,0.0,0.0,0.0,0.0,0.0,0.0,0.0,0.0,11.0,33.0,2.0,13.0,45.0,16.0,46.0
2020-03-30 12:00:00+00:00,1881905495.0,0.00191536,12.09942951,260799344.0,2.4202975630760193,0.7116246223449707,0.0,0.0,0.0,2.4202975630760193,0.0,0.0,0.0,0.0,0.0,0.0,0.0,0.0,14.0,47.0,3.0,14.0,37.0,16.0,47.0
2020-03-30 14:00:00+00:00,1899325295.0,0.00192437,12.2114275,275282869.0,1.6300703883171082,0.0,0.0,0.0,0.0,0.0,1.6300703883171082,0.7267695665359497,0.0,0.0,0.0,0.0,0.7267695665359497,0.0,7.0,53.0,19.0,12.0,48.0,20.0,45.0
2020-03-30 16:00:00+00:00,1896487730.0,0.00191854,12.1931838,281843664.0,1.5585327744483948,0.822176456451416,0.0,0.0,0.0,0.7720005512237549,0.7865322232246399,0.0,0.7750027179718018,0.0,0.0,0.0,0.0,0.0,20.0,27.0,16.0,23.0,55.0,25.0,28.0
2020-03-30 18:00:00+00:00,1904986321.0,0.00192013,12.24782422,283836656.0,3.137542247772217,0.0,0.0,0.0,0.0,2.253739595413208,0.8838026523590088,0.0,0.0,0.0,0.0,0.0,0.0,0.0,8.0,36.0,7.0,9.0,47.0,26.0,26.0
2020-03-30 20:00:00+00:00,1916560583.0,0.00190029,12.32223921,300113586.0,2.5243911147117615,1.6731322407722473,0.0,0.0,0.0,1.612821877002716,0.9115692377090454,0.0,0.0,0.0,0.0,0.0,0.0,0.0,7.0,40.0,19.0,23.0,136.0,34.0,24.0
2020-03-30 22:00:00+00:00,1911055190.0,0.00191091,12.28684311,305631180.0,0.0,1.9324413537979126,0.0,0.0,0.0,0.0,0.0,0.0,1.661294400691986,0.0,0.0,0.0,0.0,0.0,9.0,16.0,8.0,21.0,88.0,24.0,46.0
2020-03-31 00:00:00+00:00,1931346813.0,0.00191,12.41730506,313726820.0,1.5952451825141907,0.0,0.0,0.0,0.0,0.8058382272720337,0.789406955242157,0.0,0.0,0.0,0.0,0.0,0.0,0.0,5.0,9.0,5.0,10.0,30.0,9.0,13.0
2020-03-31 02:00:00+00:00,1917128287.0,0.00190616,12.32588917,310884219.0,0.8546150922775269,0.0,0.0,0.0,0.0,0.8546150922775269,0.0,0.0,0.0,0.0,0.0,0.0,0.0,0.0,5.0,29.0,7.0,10.0,35.0,10.0,25.0
2020-03-31 04:00:00+00:00,1917692603.0,0.00191323,12.32951736,305311417.0,0.0,0.0,0.0,0.0,0.0,0.0,0.0,0.0,1.6583166718482971,0.0,0.0,0.0,0.0,0.0,0.0,24.0,4.0,6.0,35.0,8.0,15.0
2020-03-31 06:00:00+00:00,1980322854.0,0.00197014,12.73218918,320469280.0,0.0,1.6126003861427307,0.0,0.0,0.0,0.0,0.0,1.8038485646247864,0.0,0.0,0.0,0.8712700605392456,0.9325785040855408,0.0,13.0,24.0,0.0,11.0,29.0,10.0,30.0
2020-03-31 08:00:00+00:00,1956073266.0,0.00194686,12.57628008,334564069.0,2.2513638138771057,3.2186556458473206,0.0,0.0,0.0,1.4916220903396606,0.7597417235374451,0.0,1.4772648811340332,0.0,0.0,0.0,0.0,0.0,15.0,31.0,3.0,11.0,83.0,10.0,36.0
2020-03-31 10:00:00+00:00,1949328156.0,0.00195738,12.53291341,338187454.0,4.0212788581848145,1.569391906261444,0.0,0.8899000287055969,0.0,1.5072219967842102,1.6241568326950073,1.693111002445221,0.7579178810119629,0.0,0.8259049654006958,0.0,0.8672060370445251,0.0,16.0,65.0,10.0,15.0,49.0,14.0,41.0
2020-03-31 12:00:00+00:00,1946301932.0,0.00194133,12.51345676,340360205.0,4.175447225570679,2.3058412671089172,0.0,0.7203472852706909,0.0,2.4727240204811096,0.9823759198188782,0.7350575923919678,0.8028561472892761,0.0,0.0,0.0,0.0,0.7350575923919678,9.0,40.0,6.0,18.0,35.0,19.0,47.0
2020-03-31 14:00:00+00:00,1964807882.0,0.00194989,12.63243799,345029286.0,4.048434555530548,0.9470018148422241,0.0,0.846128523349762,0.0,1.6392516493797302,1.563054382801056,1.4960924983024597,3.4722780585289,0.0,0.7762163877487183,0.0,0.0,0.7198761105537415,16.0,48.0,9.0,17.0,75.0,13.0,47.0
2020-03-31 16:00:00+00:00,1957526248.0,0.00195631,12.58562181,354322381.0,1.5630383491516113,0.0,0.0,0.0,0.0,1.5630383491516113,0.0,0.0,0.0,0.0,0.0,0.0,0.0,0.0,10.0,15.0,7.0,16.0,58.0,27.0,37.0
2020-03-31 18:00:00+00:00,1964147563.0,0.00196352,12.62819257,364513868.0,2.2490633130073547,0.0,0.0,0.0,0.0,2.2490633130073547,0.0,0.0,0.7457324862480164,0.0,0.0,0.0,0.0,0.0,9.0,24.0,12.0,16.0,50.0,21.0,34.0
2020-03-31 20:00:00+00:00,1970370519.0,0.00196382,12.66820213,368231266.0,0.819970965385437,4.164327383041382,0.0,0.0,0.0,0.0,0.0,0.0,1.7065597772598267,0.0,0.0,0.0,0.0,0.0,8.0,42.0,7.0,19.0,59.0,20.0,27.0
2020-03-31 22:00:00+00:00,1956901646.0,0.00195408,12.58160603,372566080.0,0.7762374877929688,0.0,0.0,0.0,0.0,0.7762374877929688,0.0,0.0,0.0,0.0,0.0,0.0,0.0,0.0,6.0,36.0,15.0,10.0,41.0,15.0,29.0
2020-04-01 00:00:00+00:00,1915008478.0,0.00194862,12.312260179999999,369922822.0,1.6457126140594482,0.8045927882194519,0.0,0.0,0.0,0.8411198258399963,0.0,0.0,0.0,0.0,0.0,0.0,0.0,0.0,7.0,26.0,6.0,18.0,44.0,14.0,12.0
2020-04-01 02:00:00+00:00,1948025277.0,0.0019662,12.52453674,387442128.0,0.753494918346405,0.0,0.0,0.0,0.0,0.753494918346405,0.0,1.6810312271118164,0.0,0.0,0.0,0.9485204815864563,0.7325107455253601,0.0,8.0,28.0,5.0,15.0,113.0,13.0,21.0
2020-04-01 04:00:00+00:00,1934604261.0,0.00196586,12.43824833,382644929.0,0.0,0.0,0.0,0.0,0.0,0.0,0.0,0.0,0.9702958464622498,0.0,0.0,0.0,0.0,0.0,2.0,28.0,4.0,7.0,133.0,8.0,21.0
2020-04-01 06:00:00+00:00,1926876811.0,0.00195447,12.388565849999999,369855032.0,1.6818981766700745,0.7027633786201477,0.0,0.7944181561470032,0.0,0.0,0.8874800205230713,0.0,0.0,0.0,0.0,0.0,0.0,0.0,7.0,55.0,2.0,17.0,148.0,12.0,45.0
2020-04-01 08:00:00+00:00,1926670033.0,0.00195111,12.3872364,351126185.0,1.8411586284637451,0.0,0.0,0.0,0.0,1.8411586284637451,0.0,0.0,0.0,0.0,0.0,0.0,0.0,0.0,3.0,32.0,10.0,8.0,128.0,13.0,29.0
2020-04-01 10:00:00+00:00,1927795623.0,0.00195286,12.39447322,343197981.0,1.6514172554016113,1.5468846559524536,0.0,0.0,0.0,1.6514172554016113,0.0,0.0,0.0,0.0,0.0,0.0,0.0,0.0,5.0,41.0,7.0,10.0,141.0,13.0,43.0
2020-04-01 12:00:00+00:00,1901934713.0,0.00195984,12.22820437,334045222.0,0.7468335032463074,0.7468335032463074,0.0,0.0,0.0,0.0,0.0,0.7121778726577759,0.7121778726577759,0.0,0.0,0.0,0.0,0.0,9.0,40.0,3.0,16.0,152.0,11.0,63.0
2020-04-01 14:00:00+00:00,1912787151.0,0.00196201,12.29797849,324486286.0,5.704243302345276,5.704243302345276,0.0,0.0,0.0,0.0,0.0,0.0,0.0,0.0,0.0,0.0,0.0,0.0,22.0,36.0,5.0,19.0,56.0,11.0,37.0
2020-04-01 16:00:00+00:00,1884630312.0,0.00194812,12.11694831,309400498.0,0.9484756588935852,2.7300692200660706,0.0,0.0,0.0,0.0,0.0,0.0,0.8324571847915649,0.0,0.0,0.0,0.0,0.0,3.0,37.0,11.0,19.0,75.0,12.0,53.0
2020-04-01 18:00:00+00:00,1883058440.0,0.00194644,12.106842199999999,303523062.0,0.0,0.7197592854499817,0.0,0.0,0.0,0.0,0.0,0.0,0.7498553991317749,0.0,0.0,0.0,0.0,0.0,8.0,29.0,11.0,13.0,48.0,7.0,33.0
2020-04-01 20:00:00+00:00,1922368845.0,0.00194895,12.35958256,307985941.0,1.6195350289344788,4.241108596324921,0.0,0.7312144041061401,0.0,0.0,0.0,0.0,0.0,0.0,0.0,0.0,0.0,0.0,3.0,89.0,12.0,12.0,171.0,32.0,16.0
2020-04-01 22:00:00+00:00,1981787101.0,0.00192857,12.74160333,332222983.0,0.7356583476066589,0.9540315866470337,0.0,0.0,0.0,0.7356583476066589,0.0,0.0,0.0,0.0,0.0,0.0,0.0,0.0,2.0,26.0,12.0,15.0,228.0,72.0,32.0
2020-04-02 00:00:00+00:00,1967544907.0,0.00191255,12.65003528,332110103.0,0.8272898197174072,0.0,0.0,0.8272898197174072,0.0,0.0,0.0,0.0,0.0,0.0,0.0,0.0,0.0,0.0,5.0,31.0,2.0,8.0,109.0,10.0,8.0
2020-04-02 02:00:00+00:00,1975747825.0,0.0019222,12.70277471,329252794.0,0.0,0.7029016017913818,0.0,0.0,0.0,0.0,0.0,0.7772241234779358,0.0,0.0,0.0,0.0,0.0,0.7772241234779358,2.0,31.0,7.0,12.0,51.0,5.0,15.0
2020-04-02 04:00:00+00:00,1971937395.0,0.0019170929139459968,12.6782761241,329073046.0,0.8492097854614258,0.0,0.0,0.0,0.0,0.0,0.8492097854614258,0.0,0.0,0.0,0.0,0.0,0.0,0.0,2.0,23.0,12.0,12.0,31.0,13.0,33.0
2020-04-02 06:00:00+00:00,1987972775.0,0.0019209,12.7813732,336569803.0,0.8739671111106873,0.0,0.0,0.8739671111106873,0.0,0.0,0.0,0.0,0.0,0.0,0.0,0.0,0.0,0.0,6.0,31.0,2.0,9.0,57.0,7.0,24.0
2020-04-02 08:00:00+00:00,1995900361.0,0.0019282628079164608,12.8323424256,340702556.0,0.0,0.0,0.0,0.0,0.0,0.0,0.0,0.0,0.0,0.0,0.0,0.0,0.0,0.0,4.0,21.0,4.0,7.0,47.0,12.0,56.0
2020-04-02 10:00:00+00:00,2009115219.0,0.00193537,12.91730538,357289520.0,1.7712649703025818,0.0,0.0,0.0,0.0,1.7712649703025818,0.0,0.0,0.0,0.0,0.0,0.0,0.0,0.0,8.0,49.0,5.0,13.0,65.0,12.0,42.0
2020-04-02 12:00:00+00:00,2015129790.0,0.00195028,12.95597516,367341654.0,3.2930391430854797,0.9632747173309326,0.0,0.0,0.7896580100059509,1.5401064157485962,0.0,0.0,0.0,0.0,0.0,0.0,0.0,0.0,20.0,19.0,2.0,8.0,79.0,13.0,56.0
2020-04-02 14:00:00+00:00,2044167045.0,0.00194095,13.14266584,379539063.0,6.787108659744263,1.7465251088142395,0.0,0.0,0.0,6.787108659744263,0.0,0.7818514704704285,0.0,0.0,0.0,0.0,0.7818514704704285,0.0,17.0,51.0,3.0,18.0,90.0,33.0,44.0
2020-04-02 16:00:00+00:00,2095641106.0,0.00190687,13.4736106,412219145.0,0.0,0.8363035917282104,0.0,0.0,0.0,0.0,0.0,0.0,0.0,0.0,0.0,0.0,0.0,0.0,10.0,67.0,29.0,33.0,109.0,33.0,28.0
2020-04-02 18:00:00+00:00,2034889836.0,0.00192304,13.08301941,409190482.0,2.45182204246521,1.4802656769752502,0.0,0.0,0.0,1.7310763597488403,0.7207456827163696,0.711937665939331,1.6038436889648438,0.711937665939331,0.0,0.0,0.0,0.0,10.0,13.0,23.0,16.0,154.0,33.0,27.0
2020-04-02 20:00:00+00:00,2046644124.0,0.00192662,13.15859185,402819982.0,0.0,0.0,0.0,0.0,0.0,0.0,0.0,0.0,0.0,0.0,0.0,0.0,0.0,0.0,5.0,21.0,13.0,16.0,145.0,25.0,41.0
2020-04-02 22:00:00+00:00,2032342068.0,0.00192337,13.06663892,398592822.0,2.436623692512512,0.0,0.0,1.6044577360153198,0.0,0.8321659564971924,0.0,0.0,0.0,0.0,0.0,0.0,0.0,0.0,6.0,13.0,6.0,23.0,76.0,13.0,24.0
2020-04-03 00:00:00+00:00,2050427930.0,0.0019375,13.18291926,397791338.0,1.55228990316391,0.0,0.0,0.0,0.0,1.55228990316391,0.0,0.0,1.6669044494628906,0.0,0.0,0.0,0.0,0.0,5.0,13.0,9.0,14.0,47.0,12.0,27.0
2020-04-03 02:00:00+00:00,2053330462.0,0.00194124,13.20158066,401317228.0,3.0285996198654175,0.9254381656646729,0.0,0.0,0.0,2.2719836831092834,0.756615936756134,0.0,0.7426877617835999,0.0,0.0,0.0,0.0,0.0,6.0,22.0,4.0,15.0,48.0,16.0,22.0
2020-04-03 04:00:00+00:00,2057207064.0,0.00194874,13.22650469,407973280.0,2.4185544848442078,0.0,0.0,0.756635308265686,0.0,1.6619191765785217,0.0,0.7888191938400269,0.0,0.0,0.0,0.0,0.7888191938400269,0.0,7.0,29.0,4.0,6.0,50.0,10.0,15.0
2020-04-03 06:00:00+00:00,2102313352.0,0.00195111,13.51650881,422521819.0,0.7641255259513855,1.5811267495155334,0.0,0.0,0.0,0.0,0.7641255259513855,0.0,0.0,0.0,0.0,0.0,0.0,0.0,3.0,44.0,5.0,13.0,34.0,15.0,42.0
2020-04-03 08:00:00+00:00,2104384144.0,0.00194801,13.52982266,426781873.0,0.0,0.0,0.0,0.0,0.0,0.0,0.0,0.0,0.0,0.0,0.0,0.0,0.0,0.0,7.0,45.0,6.0,9.0,39.0,21.0,43.0
2020-04-03 10:00:00+00:00,2105533663.0,0.0019339,13.53721332,424794959.0,1.5423022508621216,0.0,0.0,0.8056350350379944,0.0,0.7366672158241272,0.0,0.0,0.953289806842804,0.0,0.0,0.0,0.0,0.0,10.0,38.0,10.0,13.0,84.0,9.0,43.0
2020-04-03 12:00:00+00:00,2084597582.0,0.00194394,13.40260792,417067709.0,4.962791204452515,0.0,0.0,0.0,0.0,4.188566565513611,0.7742246389389038,0.0,0.0,0.0,0.0,0.0,0.0,0.0,12.0,40.0,16.0,15.0,99.0,26.0,56.0
2020-04-03 14:00:00+00:00,2038475756.0,0.00194908,13.10607455,412978799.0,3.9248733520507812,1.6226171851158142,0.0,0.0,0.0,3.1662102937698364,0.0,2.3638572692871094,2.4119237065315247,0.0,0.0,0.0,2.3638572692871094,0.0,12.0,34.0,10.0,19.0,130.0,27.0,51.0
2020-04-03 16:00:00+00:00,2046539032.0,0.00195493,13.15791617,388592693.0,2.4253926873207092,0.0,0.0,0.7808816432952881,0.0,1.6445110440254211,0.0,0.0,0.0,0.0,0.0,0.0,0.0,0.0,13.0,26.0,13.0,22.0,105.0,31.0,63.0
2020-04-03 18:00:00+00:00,2063059224.0,0.00196078,13.26413028,394758216.0,3.9974053502082825,0.0,0.0,0.0,0.7175514101982117,3.279853940010071,0.0,0.0,0.0,0.0,0.0,0.0,0.0,0.0,12.0,9.0,11.0,15.0,54.0,23.0,35.0
2020-04-03 20:00:00+00:00,2068820460.0,0.00197634,13.30117128,409503972.0,0.7334091067314148,1.51065993309021,0.0,0.0,0.0,0.7334091067314148,0.0,0.0,0.0,0.0,0.0,0.0,0.0,0.0,6.0,16.0,16.0,18.0,87.0,14.0,28.0
2020-04-03 22:00:00+00:00,2079993665.0,0.00198607,13.37300773,406426751.0,2.3067776560783386,0.0,0.0,0.0,0.0,1.5132400393486023,0.7935376167297363,0.0,0.0,0.0,0.0,0.0,0.0,0.0,6.0,15.0,5.0,5.0,62.0,6.0,24.0
2020-04-04 00:00:00+00:00,2090483777.0,0.00198607,13.44045233,405878718.0,0.8481295108795166,0.0,0.0,0.0,0.0,0.8481295108795166,0.0,0.0,0.0,0.0,0.0,0.0,0.0,0.0,3.0,28.0,6.0,11.0,54.0,10.0,11.0
2020-04-04 02:00:00+00:00,2065924779.0,0.00197714,13.28255394,401281466.0,0.0,0.0,0.0,0.0,0.0,0.0,0.0,0.0,0.0,0.0,0.0,0.0,0.0,0.0,3.0,22.0,4.0,7.0,38.0,4.0,19.0
2020-04-04 04:00:00+00:00,2087546601.0,0.00198817,13.4215682,405376326.0,0.0,0.0,0.0,0.0,0.0,0.0,0.0,0.0,0.0,0.0,0.0,0.0,0.0,0.0,3.0,36.0,3.0,6.0,48.0,9.0,25.0
2020-04-04 06:00:00+00:00,2092595330.0,0.00200019,13.45402825,402442944.0,2.4979790449142456,0.0,0.0,0.0,0.0,2.4979790449142456,0.0,0.0,0.0,0.0,0.0,0.0,0.0,0.0,5.0,31.0,9.0,6.0,58.0,3.0,34.0
2020-04-04 08:00:00+00:00,2179164342.0,0.00204794,14.01061074,432239972.0,0.7662070393562317,2.3465620279312134,0.7662070393562317,0.0,0.0,0.0,0.0,2.605618894100189,0.0,1.796886682510376,0.0,0.0,0.8087322115898132,0.0,13.0,44.0,4.0,12.0,77.0,5.0,32.0
2020-04-04 10:00:00+00:00,2115596838.0,0.00201574,13.601913,435916101.0,1.4635476469993591,0.0,0.0,0.0,0.0,1.4635476469993591,0.0,1.4287670850753784,1.9249634146690369,1.4287670850753784,0.0,0.0,0.0,0.0,12.0,34.0,3.0,9.0,87.0,7.0,40.0
2020-04-04 12:00:00+00:00,2143448448.0,0.00204294,13.78098075,439449640.0,1.4792498350143433,0.756995439529419,0.0,0.0,0.0,0.7092746496200562,0.7699751853942871,0.0,2.4461042881011963,0.0,0.0,0.0,0.0,0.0,6.0,33.0,8.0,12.0,43.0,10.0,56.0
2020-04-04 14:00:00+00:00,2156429675.0,0.0020573,13.8644416,436690662.0,2.5814765095710754,2.56184458732605,0.0,0.0,0.0,0.785487174987793,0.0,0.0,0.0,0.0,0.0,0.0,0.0,0.0,7.0,52.0,16.0,18.0,61.0,12.0,35.0
2020-04-04 16:00:00+00:00,2141054481.0,0.00203463,13.7655891,427927273.0,16.438619911670685,0.0,0.0,0.8214000463485718,0.0,15.617219865322113,0.0,0.0,0.8744989037513733,0.0,0.0,0.0,0.0,0.0,28.0,37.0,3.0,22.0,72.0,9.0,43.0
2020-04-04 18:00:00+00:00,2127328100.0,0.00202495,13.67733739,411612186.0,14.369608998298645,0.0,0.0,0.0,0.0,14.369608998298645,0.0,2.2920957803726196,0.0,0.0,0.0,0.0,2.2920957803726196,0.0,39.0,19.0,2.0,7.0,65.0,16.0,30.0
2020-04-04 20:00:00+00:00,2160555169.0,0.00202525,13.89096585,424141248.0,7.0591572523117065,0.0,0.0,0.0,0.0,7.0591572523117065,0.0,0.0,0.0,0.0,0.0,0.0,0.0,0.0,13.0,28.0,10.0,16.0,205.0,61.0,29.0
2020-04-04 22:00:00+00:00,2150221628.0,0.00201303,13.8245279,416644565.0,2.595668375492096,0.7251630425453186,0.0,0.0,0.0,2.595668375492096,0.0,0.740360677242279,0.9284643530845642,0.0,0.0,0.0,0.740360677242279,0.0,8.0,25.0,13.0,13.0,73.0,11.0,24.0
2020-04-05 00:00:00+00:00,2171602449.0,0.00203765,13.96199269,422946068.0,7.546635866165161,0.0,0.0,0.0,0.0,7.546635866165161,0.0,0.716027021408081,3.216193675994873,0.0,0.0,0.0,0.716027021408081,0.0,15.0,11.0,4.0,15.0,54.0,13.0,15.0
2020-04-05 02:00:00+00:00,2147609233.0,0.00202754,13.80773189,421388269.0,4.747477769851685,0.7101431488990784,0.0,0.0,0.0,4.747477769851685,0.0,0.0,0.0,0.0,0.0,0.0,0.0,0.0,9.0,23.0,8.0,13.0,42.0,15.0,31.0
2020-04-05 04:00:00+00:00,2144511500.0,0.00202614,13.78781549,426152789.0,2.646072506904602,0.0,0.0,0.0,0.0,2.646072506904602,0.0,0.0,0.0,0.0,0.0,0.0,0.0,0.0,11.0,18.0,3.0,8.0,61.0,11.0,32.0
2020-04-05 06:00:00+00:00,2138999308.0,0.0020284,13.75237567,420674521.0,3.524631679058075,0.0,0.0,0.0,0.0,3.524631679058075,0.0,0.0,0.90167635679245,0.0,0.0,0.0,0.0,0.0,5.0,26.0,5.0,8.0,39.0,13.0,33.0
2020-04-05 08:00:00+00:00,2138226208.0,0.00202628,13.74740514,407254464.0,3.338773548603058,0.0,0.0,0.0,0.0,2.600793182849884,0.7379803657531738,0.0,0.0,0.0,0.0,0.0,0.0,0.0,12.0,22.0,4.0,6.0,50.0,5.0,42.0
2020-04-05 10:00:00+00:00,2133036151.0,0.00202034,13.71403645,377975008.0,4.25051885843277,0.0,0.0,0.0,0.0,2.6828784346580505,1.5676404237747192,0.0,0.0,0.0,0.0,0.0,0.0,0.0,10.0,21.0,6.0,14.0,71.0,5.0,47.0
2020-04-05 12:00:00+00:00,2139565701.0,0.00202127,13.75601721,369422695.0,0.0,0.0,0.0,0.0,0.0,0.0,0.0,0.0,0.0,0.0,0.0,0.0,0.0,0.0,3.0,33.0,2.0,6.0,212.0,12.0,53.0
2020-04-05 14:00:00+00:00,2135139957.0,0.00202003,13.72756255,374663247.0,0.8464484214782715,0.0,0.0,0.0,0.0,0.0,0.8464484214782715,0.0,0.0,0.0,0.0,0.0,0.0,0.0,8.0,57.0,11.0,11.0,57.0,11.0,58.0
2020-04-05 16:00:00+00:00,2121024092.0,0.0020102,13.63680672,381380044.0,3.197779417037964,0.7517670392990112,0.0,0.0,0.0,1.5800491571426392,1.6177302598953247,0.0,0.0,0.0,0.0,0.0,0.0,0.0,10.0,30.0,10.0,13.0,108.0,11.0,52.0
2020-04-05 18:00:00+00:00,2109786081.0,0.00199509,13.5645536,379217148.0,2.5270058512687683,0.0,0.0,0.0,0.0,1.6777576804161072,0.8492481708526611,0.0,0.7085016369819641,0.0,0.0,0.0,0.0,0.0,10.0,29.0,12.0,17.0,74.0,10.0,38.0
2020-04-05 20:00:00+00:00,2110003557.0,0.00200103,13.56595184,378140977.0,2.5647732615470886,0.0,0.0,0.9541270732879639,0.0,0.7889819741249084,0.8216642141342163,0.0,0.0,0.0,0.0,0.0,0.0,0.0,10.0,31.0,10.0,10.0,79.0,20.0,32.0
2020-04-05 22:00:00+00:00,2136159300.0,0.00202236,13.73411627,398954313.0,0.0,0.0,0.0,0.0,0.0,0.0,0.0,0.0,0.0,0.0,0.0,0.0,0.0,0.0,3.0,16.0,9.0,11.0,81.0,4.0,35.0
2020-04-06 00:00:00+00:00,2142258821.0,0.00201374,13.77333222,391378602.0,0.0,0.0,0.0,0.0,0.0,0.0,0.0,0.0,0.0,0.0,0.0,0.0,0.0,0.0,4.0,7.0,11.0,6.0,80.0,10.0,14.0
2020-04-06 02:00:00+00:00,2142259554.0,0.00201297,13.77333693,382594333.0,7.251403391361237,0.0,0.0,0.0,0.0,7.251403391361237,0.0,0.0,0.0,0.0,0.0,0.0,0.0,0.0,11.0,14.0,3.0,5.0,56.0,7.0,12.0
2020-04-06 04:00:00+00:00,2167033207.0,0.00199853,13.93261542,391948271.0,0.0,0.0,0.0,0.0,0.0,0.0,0.0,0.0,0.0,0.0,0.0,0.0,0.0,0.0,1.0,20.0,4.0,8.0,89.0,9.0,14.0
2020-04-06 06:00:00+00:00,2179761146.0,0.0019941,14.0144478,409654347.0,0.8285695314407349,1.5713630318641663,0.0,0.0,0.0,0.8285695314407349,0.0,0.0,1.4612289667129517,0.0,0.0,0.0,0.0,0.0,2.0,35.0,12.0,8.0,82.0,8.0,26.0
2020-04-06 08:00:00+00:00,2221093925.0,0.00201544,14.28019072,424914555.0,0.7250277400016785,2.4506620168685913,0.0,0.0,0.0,0.0,0.0,0.0,0.0,0.0,0.0,0.0,0.0,0.0,7.0,34.0,18.0,11.0,122.0,1.0,27.0
2020-04-06 10:00:00+00:00,2220231040.0,0.002005727462778126,14.274642925,424854410.0,0.0,0.0,0.0,0.0,0.0,0.0,0.0,0.0,0.9527467489242554,0.0,0.0,0.0,0.0,0.0,1.0,36.0,1.0,10.0,67.0,5.0,34.0
2020-04-06 12:00:00+00:00,2246026004.0,0.00203064,14.44048778,447356072.0,1.7132601737976074,0.0,0.0,0.0,0.0,1.7132601737976074,0.0,0.0,0.0,0.0,0.0,0.0,0.0,0.0,7.0,31.0,2.0,9.0,71.0,13.0,44.0
2020-04-06 14:00:00+00:00,2226323422.0,0.00200684,14.31381298,453116501.0,1.431371808052063,0.0,0.0,0.0,0.0,0.0,1.431371808052063,0.0,0.0,0.0,0.0,0.0,0.0,0.0,4.0,41.0,7.0,19.0,78.0,14.0,36.0
2020-04-06 16:00:00+00:00,2293361343.0,0.00205374,14.74482326,478274912.0,1.5323311686515808,1.7299122214317322,0.0,0.0,0.0,1.5323311686515808,0.0,0.0,0.0,0.0,0.0,0.0,0.0,0.0,8.0,36.0,12.0,31.0,68.0,20.0,41.0
2020-04-06 18:00:00+00:00,2319562738.0,0.0020573,14.9132812,498274416.0,0.7429769039154053,2.422339618206024,0.0,0.0,0.0,0.0,0.0,0.0,0.0,0.0,0.0,0.0,0.0,0.0,2.0,32.0,6.0,23.0,92.0,17.0,26.0
2020-04-06 20:00:00+00:00,2318914504.0,0.00205766,14.90911347,496199189.0,1.5585535168647766,0.0,0.0,0.0,0.7175514101982117,0.0,0.8410021066665649,0.0,0.838443398475647,0.0,0.0,0.0,0.0,0.0,8.0,25.0,20.0,14.0,102.0,8.0,30.0
2020-04-06 22:00:00+00:00,2346196872.0,0.00207439,15.08452138,491814166.0,0.7772931456565857,0.7478277683258057,0.0,0.0,0.0,0.7772931456565857,0.0,3.5060348510742188,0.0,0.7511090040206909,0.0,0.0,2.754925847053528,0.0,8.0,19.0,14.0,21.0,81.0,16.0,26.0
2020-04-07 00:00:00+00:00,2350859440.0,0.00205316,15.11449866,523887490.0,0.0,0.0,0.0,0.0,0.0,0.0,0.0,0.0,0.0,0.0,0.0,0.0,0.0,0.0,3.0,19.0,9.0,19.0,126.0,18.0,14.0
2020-04-07 02:00:00+00:00,2328062017.0,0.00204703,14.96792604,528608248.0,0.8439287543296814,0.0,0.0,0.0,0.0,0.8439287543296814,0.0,0.0,0.0,0.0,0.0,0.0,0.0,0.0,6.0,23.0,2.0,23.0,74.0,12.0,16.0
2020-04-07 04:00:00+00:00,2325956989.0,0.00205068,14.95439208,515081347.0,0.0,0.9716572761535645,0.0,0.0,0.0,0.0,0.0,0.7467731237411499,0.0,0.0,0.0,0.0,0.7467731237411499,0.0,1.0,20.0,7.0,8.0,37.0,11.0,19.0
2020-04-07 06:00:00+00:00,2363165679.0,0.0020592,15.19361978,513380610.0,0.0,0.0,0.0,0.0,0.0,0.0,0.0,0.0,0.9162605404853821,0.0,0.0,0.0,0.0,0.0,3.0,51.0,1.0,6.0,59.0,18.0,40.0
2020-04-07 08:00:00+00:00,2375308804.0,0.00207377,15.27169218,508304478.0,1.5763551592826843,0.0,0.0,0.8427442312240601,0.7336109280586243,0.0,0.0,0.0,0.0,0.0,0.0,0.0,0.0,0.0,10.0,47.0,5.0,18.0,60.0,4.0,36.0
2020-04-07 10:00:00+00:00,2376704603.0,0.00206793,15.28066627,518274893.0,0.0,0.0,0.0,0.0,0.0,0.0,0.0,0.0,0.0,0.0,0.0,0.0,0.0,0.0,4.0,44.0,9.0,21.0,75.0,15.0,46.0
2020-04-07 12:00:00+00:00,2345410360.0,0.0020492,15.07946462,507223239.0,0.9422361254692078,0.9180300831794739,0.0,0.0,0.0,0.0,0.9422361254692078,0.7271955609321594,0.7271955609321594,0.0,0.0,0.0,0.0,0.0,3.0,41.0,6.0,21.0,54.0,19.0,45.0
2020-04-07 14:00:00+00:00,2320149073.0,0.00203794,14.91705095,498984655.0,1.4999259114265442,3.524451434612274,0.0,0.0,0.0,1.4999259114265442,0.0,0.7898632884025574,0.0,0.0,0.7898632884025574,0.0,0.0,0.0,6.0,37.0,12.0,37.0,72.0,14.0,43.0
2020-04-07 16:00:00+00:00,2316548531.0,0.00203193,14.89390181,481701718.0,0.0,0.7103766798973083,0.0,0.0,0.0,0.0,0.0,0.0,0.7227213978767395,0.0,0.0,0.0,0.0,0.0,2.0,38.0,11.0,28.0,76.0,24.0,33.0
2020-04-07 18:00:00+00:00,2286902788.0,0.00201012,14.70329894,463678900.0,0.7113814949989319,0.0,0.0,0.7113814949989319,0.0,0.0,0.0,0.0,0.0,0.0,0.0,0.0,0.0,0.0,4.0,18.0,9.0,23.0,69.0,15.0,31.0
2020-04-07 20:00:00+00:00,2264903745.0,0.00203365,14.56185939,460772575.0,0.0,0.0,0.0,0.0,0.0,0.0,0.0,0.0,0.0,0.0,0.0,0.0,0.0,0.0,1.0,21.0,18.0,25.0,176.0,74.0,29.0
2020-04-07 22:00:00+00:00,2283519607.0,0.00204581,14.68154729,452816635.0,0.0,0.0,0.0,0.0,0.0,0.0,0.0,0.7551077604293823,0.0,0.0,0.7551077604293823,0.0,0.0,0.0,4.0,35.0,8.0,20.0,71.0,9.0,25.0
2020-04-08 00:00:00+00:00,2266225176.0,0.00203687,14.57035534,426359904.0,0.8861647248268127,0.0,0.0,0.0,0.0,0.8861647248268127,0.0,1.730237066745758,0.0,0.0,0.0,0.0,1.730237066745758,0.0,6.0,29.0,6.0,17.0,62.0,5.0,14.0
2020-04-08 02:00:00+00:00,2364759466.0,0.00208419,15.2038668,456012920.0,0.8669168949127197,1.6060079336166382,0.0,0.0,0.0,0.0,0.0,0.0,0.0,0.0,0.0,0.0,0.0,0.0,3.0,25.0,7.0,9.0,73.0,12.0,10.0
2020-04-08 04:00:00+00:00,2369947397.0,0.00207298,15.23722182,474660317.0,1.5948976278305054,0.7924959659576416,0.0,0.0,0.0,1.5948976278305054,0.0,0.8074133992195129,0.0,0.0,0.8074133992195129,0.0,0.0,0.0,5.0,24.0,18.0,13.0,77.0,21.0,25.0
2020-04-08 06:00:00+00:00,2356976452.0,0.00206625,15.15382707,471049808.0,0.0,2.4103610515594482,0.0,0.0,0.0,0.0,0.0,0.0,0.0,0.0,0.0,0.0,0.0,0.0,4.0,23.0,5.0,8.0,56.0,6.0,31.0
2020-04-08 08:00:00+00:00,2337560882.0,0.00205952,15.02899757,468126232.0,0.0,0.0,0.0,0.0,0.0,0.0,0.0,0.8397585153579712,0.0,0.0,0.8397585153579712,0.0,0.0,0.0,5.0,33.0,5.0,17.0,69.0,41.0,28.0
2020-04-08 10:00:00+00:00,2327998110.0,0.00205517,14.96751516,459266691.0,2.5066521763801575,0.0,0.0,0.0,0.0,1.7404292821884155,0.7662228941917419,0.0,0.0,0.0,0.0,0.0,0.0,0.0,11.0,48.0,21.0,13.0,65.0,26.0,45.0
2020-04-08 12:00:00+00:00,2324232944.0,0.0020597,14.94330759,449367477.0,0.0,0.9136114120483398,0.0,0.0,0.0,0.0,0.0,0.0,0.0,0.0,0.0,0.0,0.0,0.0,11.0,62.0,14.0,23.0,74.0,17.0,37.0
2020-04-08 14:00:00+00:00,2341375734.0,0.00207191,15.05352459,444720508.0,1.4657682180404663,0.0,1.4657682180404663,0.0,0.0,0.0,0.0,0.0,0.0,0.0,0.0,0.0,0.0,0.0,6.0,48.0,5.0,17.0,66.0,20.0,46.0
2020-04-08 16:00:00+00:00,2335077024.0,0.00205941,15.01302798,442208415.0,0.0,1.6796302795410156,0.0,0.0,0.0,0.0,0.0,0.0,0.0,0.0,0.0,0.0,0.0,0.0,7.0,43.0,3.0,21.0,87.0,25.0,38.0
2020-04-08 18:00:00+00:00,2335806438.0,0.00205971,15.01771764,442376350.0,0.0,0.8901470899581909,0.0,0.0,0.0,0.0,0.0,0.0,0.769273042678833,0.0,0.0,0.0,0.0,0.0,3.0,28.0,13.0,23.0,66.0,19.0,21.0
2020-04-08 20:00:00+00:00,2357510743.0,0.00206957,15.15726222,438017649.0,1.5853263139724731,0.0,0.0,0.0,0.7175514101982117,0.8677749037742615,0.0,0.0,0.7571573853492737,0.0,0.0,0.0,0.0,0.0,9.0,33.0,16.0,20.0,123.0,15.0,17.0
2020-04-08 22:00:00+00:00,2341772649.0,0.00205289,15.0560765,434986928.0,0.0,0.0,0.0,0.0,0.0,0.0,0.0,0.0,0.0,0.0,0.0,0.0,0.0,0.0,4.0,22.0,16.0,10.0,68.0,15.0,35.0
2020-04-09 00:00:00+00:00,2335908504.0,0.00205528,15.01837385,440393179.0,0.7497369647026062,0.7497369647026062,0.0,0.0,0.0,0.0,0.0,0.0,0.0,0.0,0.0,0.0,0.0,0.0,2.0,36.0,8.0,6.0,32.0,10.0,18.0
2020-04-09 02:00:00+00:00,2330889221.0,0.0020555,14.98610313,426213820.0,0.9229187369346619,0.9229187369346619,0.0,0.0,0.0,0.0,0.0,0.0,0.0,0.0,0.0,0.0,0.0,0.0,5.0,20.0,5.0,19.0,43.0,11.0,15.0
2020-04-09 04:00:00+00:00,2341002185.0,0.00206148,15.05112291,416966640.0,0.0,0.0,0.0,0.0,0.0,0.0,0.0,0.0,0.0,0.0,0.0,0.0,0.0,0.0,0.0,23.0,5.0,10.0,34.0,21.0,21.0
2020-04-09 06:00:00+00:00,2347977738.0,0.00206514,15.09597119,406658588.0,0.0,0.0,0.0,0.0,0.0,0.0,0.0,0.0,0.0,0.0,0.0,0.0,0.0,0.0,2.0,37.0,1.0,12.0,46.0,11.0,31.0
2020-04-09 08:00:00+00:00,2352386975.0,0.00206897533719826,15.1243197164,411978977.0,1.6109235286712646,0.9701308012008667,0.0,0.0,0.0,0.8091093301773071,0.8018141984939575,0.0,0.9670478701591492,0.0,0.0,0.0,0.0,0.0,11.0,34.0,20.0,12.0,67.0,22.0,37.0
2020-04-09 10:00:00+00:00,2338773615.0,0.00207596,15.03679466,404454957.0,0.0,0.7518119215965271,0.0,0.0,0.0,0.0,0.0,0.7313594222068787,0.0,0.0,0.7313594222068787,0.0,0.0,0.0,3.0,52.0,8.0,16.0,121.0,14.0,34.0
2020-04-09 12:00:00+00:00,2354949528.0,0.0020695914692139155,15.1407952675,425768125.0,7.8973541259765625,8.61529541015625,0.0,0.0,0.0,0.0,0.0,0.0,0.0,0.0,0.0,0.0,0.0,0.0,13.0,55.0,13.0,22.0,213.0,24.0,40.0
2020-04-09 14:00:00+00:00,2335903619.0,0.00206207,15.01834245,417641568.0,4.128614544868469,2.7387987971305847,1.4556432366371155,0.0,0.0,0.82713383436203,0.0,0.0,0.0,0.0,0.0,0.0,0.0,0.0,7.0,74.0,13.0,27.0,121.0,11.0,31.0
2020-04-09 16:00:00+00:00,2330790225.0,0.00206028,14.98546665,429923885.0,0.0,0.0,0.0,0.0,0.0,0.0,0.0,1.8348841071128845,1.8348841071128845,0.0,0.0,0.0,0.0,0.0,4.0,58.0,13.0,22.0,79.0,21.0,39.0
2020-04-09 18:00:00+00:00,2330446444.0,0.0020588,14.98325636,436391265.0,0.7464085221290588,0.7464085221290588,0.0,0.0,0.0,0.0,0.0,0.0,0.0,0.0,0.0,0.0,0.0,0.0,2.0,51.0,14.0,33.0,79.0,10.0,28.0
2020-04-09 20:00:00+00:00,2334907978.0,0.00206379930013683,15.0119411231,441616414.0,0.0,0.8660532236099243,0.0,0.0,0.0,0.0,0.0,0.0,0.0,0.0,0.0,0.0,0.0,0.0,1.0,17.0,17.0,30.0,90.0,15.0,22.0
2020-04-09 22:00:00+00:00,2342418311.0,0.002061967242370681,15.0602276831,444806925.0,0.0,0.0,0.0,0.0,0.0,0.0,0.0,0.0,0.0,0.0,0.0,0.0,0.0,0.0,1.0,12.0,15.0,25.0,81.0,9.0,29.0
2020-04-10 00:00:00+00:00,2338892923.0,0.00206556,15.03756173,445033131.0,0.8921109437942505,0.0,0.0,0.0,0.8921109437942505,0.0,0.0,0.0,0.0,0.0,0.0,0.0,0.0,0.0,3.0,79.0,10.0,15.0,74.0,12.0,16.0
2020-04-10 02:00:00+00:00,2265901634.0,0.00202118,14.56827517,440449701.0,0.8215373754501343,0.0,0.8215373754501343,0.0,0.0,0.0,0.0,0.0,0.0,0.0,0.0,0.0,0.0,0.0,1.0,47.0,2.0,12.0,54.0,9.0,19.0
2020-04-10 04:00:00+00:00,2207048445.0,0.00203446,14.18988741,436841042.0,0.0,0.8417794704437256,0.0,0.0,0.0,0.0,0.0,0.0,0.0,0.0,0.0,0.0,0.0,0.0,5.0,82.0,13.0,18.0,120.0,18.0,21.0
2020-04-10 06:00:00+00:00,2180240696.0,0.00201838,14.017531,446403161.0,0.0,0.0,0.0,0.0,0.0,0.0,0.0,0.0,0.7324482798576355,0.0,0.0,0.0,0.0,0.0,4.0,61.0,4.0,11.0,83.0,5.0,27.0
2020-04-10 08:00:00+00:00,2173176046.0,0.0020199024981274105,13.9721098894,434983315.0,3.997408449649811,0.0,0.0,0.0,0.0,3.997408449649811,0.0,0.0,0.0,0.0,0.0,0.0,0.0,0.0,37.0,84.0,10.0,9.0,77.0,9.0,41.0
2020-04-10 10:00:00+00:00,2176955812.0,0.00202293,13.99641133,426291728.0,9.85675996541977,0.0,0.0,0.0,0.0,9.037363648414612,0.8193963170051575,2.381242275238037,0.0,0.0,0.0,0.0,2.381242275238037,0.0,45.0,48.0,1.0,10.0,134.0,16.0,48.0
2020-04-10 12:00:00+00:00,2170787132.0,0.00201895,13.95675073,412313425.0,5.623240768909454,0.7621615529060364,0.0,0.0,0.0,5.623240768909454,0.0,0.0,0.7749321460723877,0.0,0.0,0.0,0.0,0.0,26.0,74.0,10.0,16.0,114.0,16.0,32.0
2020-04-10 14:00:00+00:00,2127949199.0,0.00200675,13.68133065,413480347.0,4.151700496673584,1.5369355082511902,0.0,0.0,0.0,3.2989655137062073,0.8527349829673767,0.0,0.0,0.0,0.0,0.0,0.0,0.0,20.0,89.0,20.0,20.0,121.0,18.0,54.0
2020-04-10 16:00:00+00:00,2155526699.0,0.00201473,13.85863606,411047132.0,5.1332767605781555,0.0,0.0,0.0,0.0,4.3247053027153015,0.808571457862854,0.7198061943054199,0.7198061943054199,0.0,0.0,0.0,0.0,0.0,12.0,67.0,6.0,33.0,94.0,14.0,38.0
2020-04-10 18:00:00+00:00,2167671802.0,0.0020232,13.93672118,421422421.0,4.043249726295471,1.617255985736847,0.0,0.0,0.7072829604148865,1.5770893096923828,0.9296199679374695,0.0,0.0,0.0,0.0,0.0,0.0,0.0,10.0,57.0,6.0,25.0,106.0,18.0,39.0
2020-04-10 20:00:00+00:00,2174075133.0,0.00202562,13.97789044,410535696.0,2.6452393531799316,0.7439268231391907,0.0,0.0,0.0,1.7358421683311462,0.9093971848487854,0.7128979563713074,1.480972170829773,0.0,0.0,0.0,0.0,0.0,9.0,31.0,3.0,21.0,92.0,16.0,40.0
2020-04-10 22:00:00+00:00,2136720360.0,0.00200098,13.73772352,394331907.0,0.7633417248725891,0.0,0.0,0.0,0.0,0.7633417248725891,0.0,0.8120406866073608,0.0,0.0,0.0,0.0,0.8120406866073608,0.0,4.0,20.0,9.0,21.0,98.0,10.0,19.0
2020-04-11 00:00:00+00:00,2157994014.0,0.00200781,13.87449929,392418391.0,0.783859372138977,0.0,0.0,0.0,0.0,0.783859372138977,0.0,0.0,0.0,0.0,0.0,0.0,0.0,0.0,2.0,20.0,9.0,16.0,48.0,8.0,24.0
2020-04-11 02:00:00+00:00,2177760685.0,0.00202798,14.00158614,383539454.0,0.8141586184501648,0.0,0.0,0.0,0.0,0.8141586184501648,0.0,0.0,0.0,0.0,0.0,0.0,0.0,0.0,6.0,14.0,11.0,8.0,35.0,7.0,34.0
2020-04-11 04:00:00+00:00,2185318764.0,0.0020305,14.05017968,377039999.0,2.9982675313949585,0.0,0.0,0.0,0.0,2.9982675313949585,0.0,0.7924576997756958,0.0,0.0,0.0,0.7924576997756958,0.0,0.0,15.0,16.0,3.0,9.0,74.0,7.0,24.0
2020-04-11 06:00:00+00:00,2168815754.0,0.0020274,13.94407605,379647517.0,5.36472624540329,3.869397521018982,0.0,0.0,0.0,4.521915555000305,0.8428106904029846,0.0,0.0,0.0,0.0,0.0,0.0,0.0,20.0,24.0,8.0,19.0,83.0,13.0,39.0
2020-04-11 08:00:00+00:00,2155545182.0,0.00202164,13.85875489,378356524.0,6.238074839115143,2.3748189210891724,0.0,0.0,0.0,6.238074839115143,0.0,0.9085177183151245,0.0,0.0,0.0,0.0,0.0,0.9085177183151245,28.0,26.0,6.0,8.0,74.0,13.0,23.0
2020-04-11 10:00:00+00:00,2169869765.0,0.00203073,13.95085265,381004507.0,2.3380269408226013,0.8512973785400391,0.0,0.0,0.0,2.3380269408226013,0.0,0.7326348423957825,0.0,0.0,0.0,0.0,0.7326348423957825,0.0,5.0,49.0,3.0,8.0,76.0,8.0,36.0
2020-04-11 12:00:00+00:00,2156854904.0,0.00202381,13.86717555,377442488.0,2.482728958129883,0.8976932168006897,0.0,0.0,0.0,2.482728958129883,0.0,0.0,0.0,0.0,0.0,0.0,0.0,0.0,8.0,37.0,13.0,22.0,75.0,11.0,47.0
2020-04-11 14:00:00+00:00,2149920864.0,0.0020218,13.82259418,365750825.0,3.2889113426208496,0.0,0.0,0.0,0.7580615282058716,1.6533257365226746,0.8775240778923035,0.0,0.0,0.0,0.0,0.0,0.0,0.0,8.0,38.0,2.0,29.0,112.0,31.0,40.0
2020-04-11 16:00:00+00:00,2131455604.0,0.00201281,13.70387456,363471577.0,0.0,0.0,0.0,0.0,0.0,0.0,0.0,0.9845649600028992,3.1427559852600098,0.0,0.9845649600028992,0.0,0.0,0.0,7.0,31.0,6.0,18.0,93.0,31.0,37.0
2020-04-11 18:00:00+00:00,2130956188.0,0.00201475,13.70066364,352013473.0,0.0,0.0,0.0,0.0,0.0,0.0,0.0,0.0,0.0,0.0,0.0,0.0,0.0,0.0,1.0,29.0,12.0,31.0,56.0,9.0,33.0
2020-04-11 20:00:00+00:00,2131657365.0,0.00200525,13.70517175,359619158.0,0.0,0.0,0.0,0.0,0.0,0.0,0.0,0.8163594603538513,0.0,0.0,0.8163594603538513,0.0,0.0,0.0,5.0,15.0,10.0,13.0,129.0,21.0,18.0
2020-04-11 22:00:00+00:00,2147073560.0,0.00201256,13.80428786,364313702.0,0.0,0.9507694840431213,0.0,0.0,0.0,0.0,0.0,0.8171775937080383,0.8171775937080383,0.0,0.0,0.0,0.0,0.0,4.0,12.0,13.0,9.0,78.0,9.0,14.0
2020-04-12 00:00:00+00:00,2166336952.0,0.00202527,13.92813896,370621119.0,0.0,0.0,0.0,0.0,0.0,0.0,0.0,0.0,0.0,0.0,0.0,0.0,0.0,0.0,4.0,13.0,15.0,12.0,49.0,12.0,15.0
2020-04-12 02:00:00+00:00,2144075899.0,0.00201888,13.78501485,363560693.0,2.4018818736076355,0.0,0.0,0.0,0.0,2.4018818736076355,0.0,0.0,0.0,0.0,0.0,0.0,0.0,0.0,8.0,13.0,21.0,7.0,52.0,8.0,18.0
2020-04-12 04:00:00+00:00,2149555221.0,0.00201869,13.82024333,359834808.0,2.2263768911361694,0.0,0.0,0.0,0.0,2.2263768911361694,0.0,0.0,0.0,0.0,0.0,0.0,0.0,0.0,4.0,17.0,8.0,5.0,73.0,5.0,32.0
2020-04-12 06:00:00+00:00,2154192990.0,0.00202257,13.85006117,356949379.0,3.991579592227936,0.0,0.0,0.0,0.0,2.2371476888656616,1.7544319033622742,0.0,0.7856889963150024,0.0,0.0,0.0,0.0,0.0,6.0,28.0,2.0,14.0,48.0,15.0,27.0
2020-04-12 08:00:00+00:00,2164010999.0,0.0020285769711441888,13.9131845915,360408597.0,0.80096435546875,0.80096435546875,0.0,0.0,0.0,0.0,0.0,0.0,0.0,0.0,0.0,0.0,0.0,0.0,5.0,29.0,11.0,9.0,66.0,4.0,49.0
2020-04-12 10:00:00+00:00,2175594946.0,0.0020368,13.98766184,368264874.0,4.086540579795837,0.0,0.0,0.0,0.0,4.086540579795837,0.0,0.0,0.0,0.0,0.0,0.0,0.0,0.0,9.0,25.0,6.0,10.0,91.0,9.0,59.0
2020-04-12 12:00:00+00:00,2228216974.0,0.00206859,14.32598729,393357542.0,0.0,0.7545515298843384,0.0,0.0,0.0,0.0,0.0,0.0,0.0,0.0,0.0,0.0,0.0,0.0,3.0,26.0,11.0,10.0,130.0,11.0,41.0
2020-04-12 14:00:00+00:00,2258409828.0,0.00207385,14.52010773,408698065.0,4.121830403804779,0.7361388802528381,0.0,0.0,0.0,4.121830403804779,0.0,0.0,0.8883527517318726,0.0,0.0,0.0,0.0,0.0,16.0,43.0,15.0,23.0,136.0,13.0,65.0
2020-04-12 16:00:00+00:00,2274066052.0,0.00207043,14.62076707,434954829.0,0.7457026243209839,0.9544951319694519,0.0,0.0,0.0,0.0,0.7457026243209839,1.7223451137542725,0.9671281576156616,1.7223451137542725,0.0,0.0,0.0,0.0,11.0,49.0,22.0,21.0,139.0,22.0,55.0
2020-04-12 18:00:00+00:00,2286913642.0,0.00207093,14.70336873,435698127.0,0.0,0.9497336745262146,0.0,0.0,0.0,0.0,0.0,0.0,0.0,0.0,0.0,0.0,0.0,0.0,2.0,24.0,7.0,26.0,197.0,14.0,45.0
2020-04-12 20:00:00+00:00,2286426256.0,0.00207405,14.70023515,431852228.0,0.8998656868934631,0.0,0.8998656868934631,0.0,0.0,0.0,0.0,0.0,0.0,0.0,0.0,0.0,0.0,0.0,2.0,28.0,6.0,20.0,104.0,11.0,32.0
2020-04-12 22:00:00+00:00,2235857452.0,0.0020621,14.3751106,414752932.0,0.8088528513908386,0.0,0.0,0.0,0.0,0.8088528513908386,0.0,0.8756533861160278,0.0,0.8756533861160278,0.0,0.0,0.0,0.0,8.0,13.0,5.0,9.0,201.0,26.0,31.0
2020-04-13 00:00:00+00:00,2142930058.0,0.00205998,13.77764784,425452948.0,0.7485796213150024,0.0,0.0,0.0,0.7485796213150024,0.0,0.0,0.0,0.0,0.0,0.0,0.0,0.0,0.0,1.0,44.0,5.0,11.0,94.0,9.0,19.0
2020-04-13 02:00:00+00:00,2138301673.0,0.00205398,13.74789033,422720981.0,0.0,0.0,0.0,0.0,0.0,0.0,0.0,0.0,0.7642290592193604,0.0,0.0,0.0,0.0,0.0,3.0,69.0,3.0,22.0,43.0,5.0,20.0
2020-04-13 04:00:00+00:00,2162147133.0,0.00207238,13.90120114,423808244.0,0.7007876634597778,0.0,0.0,0.0,0.0,0.7007876634597778,0.0,0.7841870188713074,0.0,0.0,0.0,0.0,0.7841870188713074,0.0,9.0,18.0,13.0,11.0,58.0,5.0,23.0
2020-04-13 06:00:00+00:00,2161990821.0,0.0020724118841850057,13.90019616,420764054.0,0.8417758941650391,0.8714731335639954,0.0,0.0,0.0,0.8417758941650391,0.0,0.0,0.7048726677894592,0.0,0.0,0.0,0.0,0.0,4.0,48.0,10.0,15.0,70.0,10.0,29.0
2020-04-13 08:00:00+00:00,2157508874.0,0.00207069,13.87138016,413105418.0,1.6783284544944763,0.0,0.0,0.0,0.0,0.7872682213783264,0.8910602331161499,0.0,0.7195050120353699,0.0,0.0,0.0,0.0,0.0,8.0,47.0,9.0,10.0,76.0,5.0,44.0
2020-04-13 10:00:00+00:00,2292649057.0,0.002166858185280312,14.7402437194,490891526.0,7.01298850774765,5.841215491294861,2.1503515243530273,0.0,0.0,4.862636983394623,0.0,1.693471908569336,1.6725446581840515,0.9208255410194397,0.0,0.0,0.7726463675498962,0.0,34.0,54.0,11.0,13.0,50.0,13.0,41.0
2020-04-13 12:00:00+00:00,2226905076.0,0.00213806,14.31755264,477712909.0,0.8231019377708435,0.8071707487106323,0.0,0.0,0.0,0.0,0.8231019377708435,0.0,0.7631173729896545,0.0,0.0,0.0,0.0,0.0,11.0,31.0,4.0,12.0,56.0,22.0,49.0
2020-04-13 14:00:00+00:00,2275153820.0,0.00216039,14.62776071,483393355.0,0.0,1.6056108474731445,0.0,0.0,0.0,0.0,0.0,1.4955368638038635,2.3623600006103516,0.0,0.0,0.0,0.7826389074325562,0.0,8.0,46.0,9.0,19.0,80.0,26.0,45.0
2020-04-13 16:00:00+00:00,2276783323.0,0.00216363,14.63823736,453771066.0,2.267700970172882,1.6276681423187256,0.0,0.0,0.0,1.475109875202179,0.7925910949707031,0.7128979563713074,2.2263046503067017,0.0,0.0,0.0,0.0,0.0,10.0,31.0,11.0,25.0,132.0,17.0,55.0
2020-04-13 18:00:00+00:00,2298998853.0,0.0021779637601050668,14.7810687829,456148242.0,5.666172623634338,0.7135772705078125,0.0,0.0,0.7072829604148865,4.039695382118225,0.9191942811012268,1.8870417475700378,1.5556660890579224,0.0,0.0,0.9239518642425537,0.9630898833274841,0.0,14.0,45.0,11.0,16.0,57.0,11.0,34.0
2020-04-13 20:00:00+00:00,2295201937.0,0.00216824,14.75665708,454767029.0,0.8257963061332703,2.5537595748901367,0.0,0.0,0.0,0.8257963061332703,0.0,0.0,0.0,0.0,0.0,0.0,0.0,0.0,6.0,47.0,8.0,19.0,121.0,9.0,23.0
2020-04-13 22:00:00+00:00,2338405291.0,0.0021964,15.03442657,459561236.0,0.0,0.739171028137207,0.0,0.0,0.0,0.0,0.0,0.0,0.7049078941345215,0.0,0.0,0.0,0.0,0.0,5.0,27.0,8.0,7.0,80.0,11.0,38.0
2020-04-14 00:00:00+00:00,2362988911.0,0.002216822576600221,15.1924832733,449292229.0,0.7876678109169006,1.6000147461891174,0.7876678109169006,0.0,0.0,0.0,0.0,0.731774628162384,0.731774628162384,0.0,0.0,0.0,0.0,0.0,3.0,26.0,11.0,17.0,62.0,15.0,22.0
2020-04-14 02:00:00+00:00,2400059402.0,0.0022391551746293644,15.4308224456,472720520.0,0.7108718156814575,5.486255526542664,0.0,0.0,0.0,0.0,0.0,0.0,4.949988663196564,0.0,0.0,0.0,0.0,0.0,18.0,24.0,18.0,10.0,51.0,4.0,26.0
2020-04-14 04:00:00+00:00,2395096860.0,0.00223303,15.39891653,483199736.0,3.8056432604789734,0.8087365627288818,0.0,0.0,0.7063664793968201,3.0992767810821533,0.0,0.7377580404281616,0.7522589564323425,0.0,0.0,0.0,0.7377580404281616,0.0,10.0,77.0,18.0,11.0,44.0,15.0,30.0
2020-04-14 06:00:00+00:00,2384659645.0,0.0022398,15.33181202,524476133.0,13.409529507160187,5.819485068321228,0.0,0.0,0.0,9.889577507972717,0.0,0.0,1.6190425753593445,0.0,0.0,0.0,0.0,0.0,38.0,62.0,3.0,10.0,63.0,7.0,37.0
2020-04-14 08:00:00+00:00,2406122352.0,0.00226446,15.46980328,559765131.0,2.31683611869812,3.0988511443138123,0.0,0.0,0.0,0.73594731092453,0.7579856514930725,1.603200912475586,3.177747666835785,0.0,0.0,1.603200912475586,0.0,0.0,16.0,65.0,15.0,13.0,78.0,7.0,45.0
2020-04-14 10:00:00+00:00,2414203335.0,0.00226766,15.52175875,506593270.0,0.7939390540122986,2.380261540412903,0.0,0.0,0.0,0.0,0.7939390540122986,1.7494276762008667,1.8063762784004211,0.9150673151016235,0.0,0.0,0.0,0.0,8.0,37.0,8.0,19.0,66.0,5.0,47.0
2020-04-14 12:00:00+00:00,2462292408.0,0.00229966,15.83094023,515973266.0,1.6760169863700867,4.862170398235321,0.0,0.0,0.0,0.707852840423584,0.0,0.0,0.8942116498947144,0.0,0.0,0.0,0.0,0.0,11.0,62.0,12.0,14.0,73.0,16.0,45.0
2020-04-14 14:00:00+00:00,2453283461.0,0.00227911,15.77301856,518906861.0,6.767704665660858,0.7220458984375,0.81922447681427,0.0,0.0,5.948480188846588,0.0,0.7154184579849243,0.7163011431694031,0.7154184579849243,0.0,0.0,0.0,0.0,28.0,90.0,30.0,24.0,115.0,12.0,60.0
2020-04-14 16:00:00+00:00,2437625373.0,0.0022600286246943573,15.6723472319,505318991.0,2.3704679012298584,0.881328284740448,0.0,0.0,0.0,1.4891396164894104,0.0,1.7395302057266235,1.5435752868652344,0.0,0.0,0.0,0.9195886254310608,0.0,10.0,50.0,4.0,29.0,105.0,14.0,54.0
2020-04-14 18:00:00+00:00,2429345813.0,0.00226079,15.61911504,519350692.0,0.9385106563568115,1.6267562508583069,0.0,0.0,0.0,0.9385106563568115,0.0,0.81383216381073,0.0,0.0,0.0,0.81383216381073,0.0,0.0,12.0,40.0,14.0,20.0,103.0,13.0,49.0
2020-04-14 20:00:00+00:00,2418785612.0,0.0022619997660645067,15.5512198054,516919329.0,0.0,0.0,0.0,0.0,0.0,0.0,0.0,0.0,2.255993902683258,0.0,0.0,0.0,0.0,0.0,1.0,60.0,15.0,31.0,88.0,21.0,33.0
2020-04-14 22:00:00+00:00,2417457095.0,0.002270475228890675,15.5426783062,515900876.0,2.440993309020996,0.0,0.0,0.0,0.0,2.440993309020996,0.0,0.0,0.752505362033844,0.0,0.0,0.0,0.0,0.0,4.0,23.0,4.0,11.0,75.0,13.0,29.0
2020-04-15 00:00:00+00:00,2448458968.0,0.00229232,15.7420002,520595481.0,0.0,0.0,0.0,0.0,0.0,0.0,0.0,0.806787371635437,0.0,0.0,0.806787371635437,0.0,0.0,0.0,4.0,31.0,6.0,23.0,132.0,8.0,9.0
2020-04-15 02:00:00+00:00,2449004408.0,0.00227828,15.74550703,514037922.0,1.5619434714317322,0.0,0.8099135160446167,0.0,0.0,0.7520299553871155,0.0,0.0,0.7407424449920654,0.0,0.0,0.0,0.0,0.0,4.0,37.0,5.0,18.0,76.0,11.0,25.0
2020-04-15 04:00:00+00:00,2444000894.0,0.00227242,15.71333769,510866098.0,3.312315881252289,0.7470450401306152,0.0,0.0,0.0,3.312315881252289,0.0,2.5182778239250183,0.0,0.0,0.0,0.0,2.5182778239250183,0.0,20.0,37.0,6.0,12.0,59.0,9.0,32.0
2020-04-15 06:00:00+00:00,2425651026.0,0.00226806,15.59535996,488573740.0,2.6115124821662903,0.9074799418449402,0.0,0.0,0.0,1.70403254032135,0.0,0.0,0.9541922807693481,0.0,0.0,0.0,0.0,0.0,7.0,51.0,3.0,14.0,78.0,5.0,35.0
2020-04-15 08:00:00+00:00,2401239500.0,0.002251900444252753,15.4384097114,471321916.0,2.573800504207611,1.7444416284561157,0.0,0.0,0.0,2.573800504207611,0.0,0.0,0.7827242016792297,0.0,0.0,0.0,0.0,0.0,9.0,65.0,13.0,8.0,74.0,7.0,38.0
2020-04-15 10:00:00+00:00,2381826745.0,0.00225463,15.31359831,468747979.0,0.8475205898284912,0.0,0.0,0.0,0.0,0.8475205898284912,0.0,0.8597776889801025,0.0,0.0,0.8597776889801025,0.0,0.0,0.0,5.0,54.0,23.0,17.0,94.0,5.0,45.0
2020-04-15 12:00:00+00:00,2334598255.0,0.0022299,15.00994981,465808194.0,2.319431722164154,0.0,0.0,0.0,0.0,2.319431722164154,0.0,0.0,0.0,0.0,0.0,0.0,0.0,0.0,8.0,43.0,12.0,22.0,105.0,16.0,70.0
2020-04-15 14:00:00+00:00,2317179937.0,0.0022169,14.89796134,447332798.0,0.732264518737793,0.0,0.0,0.0,0.0,0.732264518737793,0.0,0.0,0.0,0.0,0.0,0.0,0.0,0.0,3.0,77.0,12.0,23.0,98.0,18.0,54.0
2020-04-15 16:00:00+00:00,2336646964.0,0.00223479,15.02312168,442691077.0,0.0,1.5292920470237732,0.0,0.0,0.0,0.0,0.0,0.0,0.0,0.0,0.0,0.0,0.0,0.0,3.0,37.0,22.0,21.0,104.0,10.0,63.0
2020-04-15 18:00:00+00:00,2342898999.0,0.00223435,15.06331819,441337448.0,1.4219192266464233,0.0,0.0,0.0,0.7133124470710754,0.7086067795753479,0.0,0.8516513705253601,0.7477976679801941,0.0,0.0,0.0,0.0,0.8516513705253601,5.0,33.0,16.0,19.0,80.0,10.0,39.0
2020-04-15 20:00:00+00:00,2326896088.0,0.00221967,14.96042988,433294546.0,0.8430539965629578,0.8402758240699768,0.0,0.0,0.8430539965629578,0.0,0.0,0.0,0.0,0.0,0.0,0.0,0.0,0.0,5.0,41.0,18.0,27.0,89.0,8.0,28.0
2020-04-15 22:00:00+00:00,2269891487.0,0.00219718,14.59392733,425648054.0,0.0,0.7837288975715637,0.0,0.0,0.0,0.0,0.0,0.0,0.0,0.0,0.0,0.0,0.0,0.0,1.0,56.0,6.0,18.0,89.0,13.0,28.0
2020-04-16 00:00:00+00:00,2271121365.0,0.00220094,14.60183465,434916084.0,0.0,0.832504391670227,0.0,0.0,0.0,0.0,0.0,0.0,1.5941963195800781,0.0,0.0,0.0,0.0,0.0,2.0,33.0,15.0,15.0,91.0,18.0,16.0
2020-04-16 02:00:00+00:00,2282399114.0,0.00220402,14.67434325,430560999.0,0.0,0.8552234172821045,0.0,0.0,0.0,0.0,0.0,0.0,0.0,0.0,0.0,0.0,0.0,0.0,3.0,26.0,4.0,12.0,48.0,17.0,28.0
2020-04-16 04:00:00+00:00,2275694750.0,0.00220367,14.631238549999999,404283265.0,2.1785372495651245,0.0,0.0,0.0,1.4613405466079712,0.7171967029571533,0.0,2.3370001316070557,2.2213937044143677,0.0,0.0,0.0,1.6156532764434814,0.7213468551635742,10.0,15.0,11.0,18.0,39.0,19.0,47.0
2020-04-16 06:00:00+00:00,2360874102.0,0.00220496,15.17888643,471541905.0,5.681035935878754,1.4336838126182556,0.0,0.0,0.7936538457870483,4.183947861194611,0.0,0.0,0.7511006593704224,0.0,0.0,0.0,0.0,0.0,14.0,37.0,4.0,18.0,148.0,16.0,49.0
2020-04-16 08:00:00+00:00,2399621683.0,0.00219663,15.42800819,494238712.0,0.8140257596969604,0.7985833287239075,0.0,0.0,0.0,0.0,0.8140257596969604,0.0,0.0,0.0,0.0,0.0,0.0,0.0,2.0,56.0,7.0,11.0,184.0,12.0,53.0
2020-04-16 10:00:00+00:00,2405349628.0,0.00220316,15.46483516,498762627.0,1.6681638956069946,0.0,0.0,0.0,0.0,1.6681638956069946,0.0,0.0,0.8802070021629333,0.0,0.0,0.0,0.0,0.0,7.0,53.0,5.0,15.0,86.0,10.0,57.0
2020-04-16 12:00:00+00:00,2399454079.0,0.0022038,15.42693061,480189576.0,1.6519718170166016,0.7764047980308533,0.0,0.0,0.0,0.8308001160621643,0.8211717009544373,0.0,0.0,0.0,0.0,0.0,0.0,0.0,8.0,67.0,13.0,23.0,91.0,19.0,71.0
2020-04-16 14:00:00+00:00,2417612434.0,0.00220369,15.54367704,480664059.0,1.5074313879013062,0.0,0.0,0.0,0.0,1.5074313879013062,0.0,0.0,0.0,0.0,0.0,0.0,0.0,0.0,4.0,61.0,12.0,26.0,84.0,21.0,58.0
2020-04-16 16:00:00+00:00,2397534694.0,0.0021953908696886936,15.414590213,471585090.0,0.7911098003387451,0.0,0.0,0.7911098003387451,0.0,0.0,0.0,0.0,0.0,0.0,0.0,0.0,0.0,0.0,2.0,68.0,7.0,24.0,69.0,21.0,74.0
2020-04-16 18:00:00+00:00,2397475984.0,0.00219098,15.41421274,464705913.0,0.0,0.0,0.0,0.0,0.0,0.0,0.0,0.0,0.0,0.0,0.0,0.0,0.0,0.0,4.0,58.0,14.0,28.0,68.0,42.0,62.0
2020-04-16 20:00:00+00:00,2400772064.0,0.00219466,15.4354044,470212447.0,0.0,0.0,0.0,0.0,0.0,0.0,0.0,0.0,0.0,0.0,0.0,0.0,0.0,0.0,1.0,42.0,19.0,23.0,108.0,30.0,45.0
2020-04-16 22:00:00+00:00,2442080837.0,0.0022062638796790197,15.7009929683,479187414.0,0.872107982635498,0.0,0.0,0.0,0.0,0.0,0.872107982635498,0.0,1.4865857362747192,0.0,0.0,0.0,0.0,0.0,2.0,59.0,30.0,23.0,111.0,42.0,27.0
2020-04-17 00:00:00+00:00,2439063457.0,0.00220401,15.68159317,459425523.0,0.9410095810890198,0.7512868642807007,0.0,0.0,0.9410095810890198,0.0,0.0,1.504231572151184,0.0,0.0,0.0,0.0,1.504231572151184,0.0,5.0,17.0,3.0,20.0,59.0,20.0,19.0
2020-04-17 02:00:00+00:00,2413714343.0,0.0021795928273564353,15.5186148451,457233723.0,2.4991673827171326,1.595458447933197,0.0,0.0,0.8627191185951233,0.8222614526748657,0.0,0.0,0.0,0.0,0.0,0.0,0.0,0.0,9.0,36.0,0.0,16.0,52.0,17.0,54.0
2020-04-17 04:00:00+00:00,2405099317.0,0.00218103,15.46322582,449321387.0,1.7230509519577026,0.0,0.0,0.0,0.0,1.7230509519577026,0.0,0.0,0.8587626218795776,0.0,0.0,0.0,0.0,0.0,13.0,55.0,4.0,14.0,36.0,9.0,52.0
2020-04-17 06:00:00+00:00,2420497404.0,0.0021898149633788858,15.5622255146,411563602.0,1.6950592398643494,0.0,0.0,0.0,0.0,1.6950592398643494,0.0,1.8575337529182434,1.8575337529182434,0.0,0.0,0.0,0.0,0.0,10.0,65.0,4.0,15.0,55.0,5.0,61.0
2020-04-17 08:00:00+00:00,2464236790.0,0.00223142,15.843441349999999,408001961.0,9.084646880626678,8.035736083984375,0.0,0.0,0.7792279720306396,7.364982068538666,0.940436840057373,0.0,1.4843249320983887,0.0,0.0,0.0,0.0,0.0,33.0,58.0,3.0,16.0,137.0,13.0,64.0
2020-04-17 10:00:00+00:00,2446523202.0,0.0022148,15.72955449,404767728.0,1.463345468044281,0.7207145690917969,0.0,0.0,0.0,1.463345468044281,0.0,1.5806283950805664,0.9160111546516418,0.0,0.0,0.0,0.7571786046028137,0.8234497904777527,8.0,57.0,3.0,12.0,50.0,9.0,56.0
2020-04-17 12:00:00+00:00,2437535843.0,0.00221615,15.67177161,404908898.0,2.368872880935669,0.8269873857498169,0.0,0.0,0.0,0.7518063187599182,0.7900791764259338,1.7713745832443237,0.7906577587127686,0.0,0.9807168245315552,0.0,0.0,0.0,14.0,55.0,8.0,21.0,55.0,13.0,58.0
2020-04-17 14:00:00+00:00,2440995591.0,0.00221479,15.69401554,403234822.0,1.4708545207977295,0.0,0.0,0.0,0.0,1.4708545207977295,0.0,0.8179299235343933,0.0,0.8179299235343933,0.0,0.0,0.0,0.0,10.0,35.0,5.0,21.0,52.0,17.0,74.0
2020-04-17 16:00:00+00:00,2430556989.0,0.00220673,15.62690211,403084118.0,0.7632578015327454,0.8678286075592041,0.0,0.0,0.0,0.7632578015327454,0.0,0.0,0.8502976894378662,0.0,0.0,0.0,0.0,0.0,8.0,63.0,8.0,19.0,111.0,25.0,86.0
2020-04-17 18:00:00+00:00,2441799593.0,0.00220891,15.69918475,409358692.0,0.0,3.0995028614997864,0.0,0.0,0.0,0.0,0.0,0.0,0.0,0.0,0.0,0.0,0.0,0.0,4.0,58.0,21.0,28.0,72.0,11.0,49.0
2020-04-17 20:00:00+00:00,2428568753.0,0.00220592,15.61411905,385292669.0,2.322454869747162,0.0,0.0,0.7981541156768799,1.524300754070282,0.0,0.0,0.0,0.0,0.0,0.0,0.0,0.0,0.0,7.0,45.0,14.0,24.0,60.0,10.0,51.0
2020-04-17 22:00:00+00:00,2447383046.0,0.0022174,15.73508273,396448352.0,0.0,0.0,0.0,0.0,0.0,0.0,0.0,0.0,0.0,0.0,0.0,0.0,0.0,0.0,3.0,48.0,4.0,11.0,83.0,11.0,35.0
2020-04-18 00:00:00+00:00,2474191444.0,0.00223562,15.90744331,400263125.0,1.77829909324646,0.0,0.0,0.0,0.0,1.77829909324646,0.0,0.0,0.0,0.0,0.0,0.0,0.0,0.0,5.0,55.0,14.0,7.0,42.0,11.0,23.0
2020-04-18 02:00:00+00:00,2493897031.0,0.00224807,16.03413743,404241257.0,1.6277523040771484,1.6390872597694397,0.7518823146820068,0.0,0.0,0.8758699893951416,0.0,0.0,2.1826104521751404,0.0,0.0,0.0,0.0,0.0,12.0,61.0,8.0,12.0,106.0,10.0,34.0
2020-04-18 04:00:00+00:00,2495410295.0,0.0022421,16.04386673,403717429.0,0.7260507941246033,0.0,0.0,0.0,0.0,0.7260507941246033,0.0,0.0,1.6534439325332642,0.0,0.0,0.0,0.0,0.0,8.0,30.0,13.0,15.0,49.0,17.0,37.0
2020-04-18 06:00:00+00:00,2485882018.0,0.0022363477314051796,15.9826061034,369994718.0,2.4968785643577576,0.7110036015510559,0.0,0.0,0.0,1.7858749628067017,0.0,0.7026823163032532,0.7026823163032532,0.0,0.0,0.0,0.0,0.0,17.0,45.0,3.0,8.0,49.0,11.0,30.0
2020-04-18 08:00:00+00:00,2492857976.0,0.00224221,16.02745698,362735869.0,3.948012888431549,0.8094820380210876,0.0,0.7853375673294067,0.0,2.3531932830810547,0.0,0.0,0.0,0.0,0.0,0.0,0.0,0.0,8.0,26.0,3.0,7.0,75.0,12.0,60.0
2020-04-18 10:00:00+00:00,2499498933.0,0.00225047,16.07015402,363601604.0,0.0,1.6679033637046814,0.0,0.0,0.0,0.0,0.0,0.0,1.591881275177002,0.0,0.0,0.0,0.0,0.0,9.0,42.0,1.0,15.0,49.0,12.0,56.0
2020-04-18 12:00:00+00:00,2547899159.0,0.00226498,16.38133602,394577541.0,7.035472989082336,0.0,0.0,0.0,0.0,6.2170029282569885,0.8184700608253479,0.8670757412910461,1.6237167716026306,0.0,0.0,0.0,0.8670757412910461,0.0,15.0,40.0,12.0,14.0,81.0,18.0,75.0
2020-04-18 14:00:00+00:00,2551853701.0,0.00226811,16.40676115,415148280.0,6.393619060516357,0.765078604221344,2.5983515977859497,0.0,0.0,2.301422417163849,1.4938450455665588,0.7759490609169006,0.8694018125534058,0.0,0.0,0.7759490609169006,0.0,0.0,26.0,50.0,30.0,23.0,90.0,13.0,71.0
2020-04-18 16:00:00+00:00,2553381408.0,0.002270650841791574,16.4165833185,427864071.0,0.9260553121566772,0.0,0.0,0.0,0.0,0.0,0.9260553121566772,0.0,0.0,0.0,0.0,0.0,0.0,0.0,15.0,56.0,31.0,33.0,89.0,28.0,60.0
2020-04-18 18:00:00+00:00,2552299300.0,0.00226988,16.40962607,438446840.0,1.6863964796066284,0.0,0.0,0.0,0.0,0.8193963170051575,0.867000162601471,0.0,0.0,0.0,0.0,0.0,0.0,0.0,9.0,55.0,4.0,22.0,52.0,15.0,55.0
2020-04-18 20:00:00+00:00,2576741119.0,0.00229083,16.56677108,461722724.0,2.35503888130188,1.6078819632530212,1.5925520658493042,0.0,0.0,0.7624868154525757,0.0,2.2318472266197205,0.0,1.475176453590393,0.0,0.0,0.0,0.7566707730293274,12.0,54.0,15.0,30.0,66.0,9.0,38.0
2020-04-18 22:00:00+00:00,2580847660.0,0.0022863,16.59317347,479760692.0,0.8596042990684509,0.0,0.0,0.8596042990684509,0.0,0.0,0.0,0.0,0.7927424311637878,0.0,0.0,0.0,0.0,0.0,10.0,53.0,26.0,23.0,113.0,14.0,25.0
2020-04-19 00:00:00+00:00,2569289699.0,0.00227547,16.51886329,484588816.0,0.0,0.0,0.0,0.0,0.0,0.0,0.0,0.0,0.9042499661445618,0.0,0.0,0.0,0.0,0.0,3.0,41.0,12.0,26.0,69.0,10.0,25.0
2020-04-19 02:00:00+00:00,2591543556.0,0.0022943005800220855,16.6619411359,487464462.0,0.0,0.0,0.0,0.0,0.0,0.0,0.0,0.0,0.0,0.0,0.0,0.0,0.0,0.0,1.0,30.0,9.0,22.0,63.0,10.0,45.0
2020-04-19 04:00:00+00:00,2536398357.0,0.00226129,16.30739333,488480572.0,0.0,0.8002281785011292,0.0,0.0,0.0,0.0,0.0,0.700826108455658,0.78081876039505,0.0,0.0,0.0,0.700826108455658,0.0,6.0,47.0,6.0,14.0,71.0,10.0,72.0
2020-04-19 06:00:00+00:00,2541605386.0,0.00226499,16.34087115,499349007.0,1.6386166214942932,0.7898938655853271,0.0,0.0,0.0,1.6386166214942932,0.0,0.0,0.0,0.0,0.0,0.0,0.0,0.0,8.0,45.0,6.0,11.0,72.0,7.0,66.0
2020-04-19 08:00:00+00:00,2545751480.0,0.002266467011019577,16.3675278421,497384138.0,2.444096863269806,1.5250056385993958,0.0,0.0,0.0,2.444096863269806,0.0,0.7083722352981567,0.0,0.0,0.0,0.0,0.7083722352981567,0.0,8.0,59.0,7.0,12.0,55.0,12.0,59.0
2020-04-19 10:00:00+00:00,2550481431.0,0.0022723,16.39793835,488719319.0,1.584119737148285,1.5534874200820923,0.0,0.0,0.0,0.8085775375366211,0.0,0.0,0.0,0.0,0.0,0.0,0.0,0.0,17.0,68.0,4.0,9.0,61.0,20.0,68.0
2020-04-19 12:00:00+00:00,2521632915.0,0.00225328,16.21246114,459163320.0,1.6431113481521606,1.6897979378700256,0.0,0.0,0.0,0.8439652323722839,0.7991461157798767,0.0,0.7722556591033936,0.0,0.0,0.0,0.0,0.0,7.0,37.0,8.0,4.0,45.0,10.0,81.0
2020-04-19 14:00:00+00:00,2513041909.0,0.00225153,16.15722655,442227463.0,2.491282641887665,0.0,0.0,0.0,0.80344557762146,0.8550504446029663,0.8327866196632385,0.0,0.0,0.0,0.0,0.0,0.0,0.0,10.0,72.0,17.0,16.0,93.0,18.0,96.0
2020-04-19 16:00:00+00:00,2537225043.0,0.00226049,16.31270839,438847077.0,2.4337108731269836,0.0,0.0,0.0,0.0,0.0,2.4337108731269836,0.0,1.8750479221343994,0.0,0.0,0.0,0.0,0.0,12.0,93.0,7.0,12.0,86.0,11.0,71.0
2020-04-19 18:00:00+00:00,2529047623.0,0.0022533266074976272,16.2601328942,430999949.0,0.0,2.306798279285431,0.0,0.0,0.0,0.0,0.0,0.0,0.0,0.0,0.0,0.0,0.0,0.0,1.0,47.0,7.0,23.0,59.0,14.0,92.0
2020-04-19 20:00:00+00:00,2530740277.0,0.00225703,16.27101556,421625772.0,0.705859899520874,0.7573779225349426,0.0,0.0,0.0,0.0,0.705859899520874,0.0,0.7046467065811157,0.0,0.0,0.0,0.0,0.0,3.0,57.0,17.0,25.0,52.0,31.0,56.0
2020-04-19 22:00:00+00:00,2510351930.0,0.00224495,16.13993174,402957217.0,1.4258082509040833,0.8198765516281128,0.0,0.0,0.0,1.4258082509040833,0.0,0.8036708831787109,0.8036708831787109,0.0,0.0,0.0,0.0,0.0,8.0,37.0,6.0,18.0,113.0,7.0,45.0
2020-04-20 00:00:00+00:00,2536620292.0,0.00226055,16.30882024,404435425.0,0.7139066457748413,0.8147821426391602,0.0,0.0,0.0,0.7139066457748413,0.0,0.0,0.0,0.0,0.0,0.0,0.0,0.0,3.0,56.0,13.0,19.0,93.0,11.0,39.0
2020-04-20 02:00:00+00:00,2555556336.0,0.00227407,16.43056669,402764276.0,0.8258573412895203,0.8258573412895203,0.0,0.0,0.0,0.0,0.0,0.0,0.0,0.0,0.0,0.0,0.0,0.0,5.0,55.0,9.0,24.0,75.0,22.0,78.0
2020-04-20 04:00:00+00:00,2543626433.0,0.00227067,16.35386517,395927605.0,0.8086456656455994,0.8975415825843811,0.0,0.0,0.0,0.8086456656455994,0.0,0.0,0.0,0.0,0.0,0.0,0.0,0.0,6.0,62.0,7.0,13.0,75.0,10.0,73.0
2020-04-20 06:00:00+00:00,2547181993.0,0.00227237,16.37672511,384414224.0,0.7134703397750854,0.0,0.0,0.0,0.0,0.7134703397750854,0.0,0.0,0.0,0.0,0.0,0.0,0.0,0.0,21.0,85.0,17.0,15.0,103.0,13.0,93.0
2020-04-20 08:00:00+00:00,2528956424.0,0.0022586,16.25954654,389974372.0,1.464625358581543,1.5083118677139282,0.0,0.0,0.0,0.7228326201438904,0.0,0.7062710523605347,0.0,0.7062710523605347,0.0,0.0,0.0,0.0,12.0,79.0,6.0,15.0,96.0,17.0,85.0
2020-04-20 10:00:00+00:00,2466209466.0,0.00224914,15.85612438,394549962.0,1.5644761323928833,0.0,0.0,0.0,0.0,0.7103439569473267,0.8541321754455566,0.0,0.0,0.0,0.0,0.0,0.0,0.0,9.0,68.0,9.0,10.0,155.0,96.0,109.0
2020-04-20 12:00:00+00:00,2470713625.0,0.00224494,15.88508319,413825502.0,0.8046810626983643,1.6122572422027588,0.0,0.0,0.0,0.8046810626983643,0.0,1.7263792157173157,0.7794195413589478,0.0,0.0,0.0,0.9469596743583679,0.0,12.0,69.0,12.0,17.0,186.0,39.0,124.0
2020-04-20 14:00:00+00:00,2481185358.0,0.00224884,15.95240963,408207344.0,4.464772939682007,0.0,0.0,0.0,0.0,0.0,4.464772939682007,0.0,0.0,0.0,0.0,0.0,0.0,0.0,6.0,67.0,19.0,25.0,126.0,30.0,170.0
2020-04-20 16:00:00+00:00,2402824659.0,0.00222285,15.44860125,399451107.0,2.298019528388977,0.0,0.0,0.0,0.0,1.4997564554214478,0.7982630729675293,0.0,0.0,0.0,0.0,0.0,0.0,0.0,10.0,88.0,39.0,30.0,346.0,75.0,114.0
2020-04-20 18:00:00+00:00,2351671351.0,0.00220519,15.11971872,408839041.0,4.751936078071594,1.5717912316322327,0.0,0.0,1.4565012454986572,1.625941276550293,0.8954480886459351,0.0,0.0,0.0,0.0,0.0,0.0,0.0,11.0,77.0,76.0,18.0,457.0,85.0,76.0
2020-04-20 20:00:00+00:00,2377399688.0,0.00221742,15.28513521,412088354.0,1.4100180864334106,0.9388657212257385,0.0,0.0,0.0,0.0,1.4100180864334106,0.0,0.0,0.0,0.0,0.0,0.0,0.0,6.0,45.0,43.0,17.0,282.0,35.0,66.0
2020-04-20 22:00:00+00:00,2346334037.0,0.00219202,15.08540326,398870343.0,0.0,0.8651164770126343,0.0,0.0,0.0,0.0,0.0,0.0,0.0,0.0,0.0,0.0,0.0,0.0,4.0,41.0,15.0,13.0,114.0,19.0,63.0
2020-04-21 00:00:00+00:00,2402834667.0,0.00223651,15.4486656,413066406.0,0.0,0.0,0.0,0.0,0.0,0.0,0.0,0.0,0.8926871418952942,0.0,0.0,0.0,0.0,0.0,1.0,38.0,17.0,15.0,79.0,36.0,22.0
2020-04-21 02:00:00+00:00,2386592042.0,0.00222525,15.344236070000001,411397204.0,2.475783586502075,0.0,0.0,0.0,0.0,0.8154716491699219,1.6603119373321533,0.0,0.0,0.0,0.0,0.0,0.0,0.0,6.0,27.0,13.0,10.0,66.0,12.0,42.0
2020-04-21 04:00:00+00:00,2401861142.0,0.002233395935191185,15.4424064606,411727606.0,0.7556616067886353,0.0,0.0,0.0,0.0,0.7556616067886353,0.0,0.0,0.0,0.0,0.0,0.0,0.0,0.0,4.0,48.0,7.0,8.0,96.0,25.0,56.0
2020-04-21 06:00:00+00:00,2377444337.0,0.00221331,15.28542227,407226264.0,3.32718962430954,0.7611555457115173,0.0,0.0,0.0,2.5401368737220764,0.7870527505874634,0.7046688795089722,2.53471702337265,0.0,0.0,0.0,0.0,0.7046688795089722,9.0,57.0,15.0,17.0,63.0,14.0,59.0
2020-04-21 08:00:00+00:00,2335517516.0,0.0021955,15.01586006,408019623.0,0.7946701049804688,0.0,0.0,0.0,0.0,0.7946701049804688,0.0,0.8371139764785767,0.0,0.0,0.0,0.0,0.8371139764785767,0.0,8.0,51.0,16.0,13.0,70.0,8.0,58.0
2020-04-21 10:00:00+00:00,2318357690.0,0.00217934,14.90553352,400776703.0,0.7314196825027466,1.6208841800689697,0.0,0.0,0.0,0.7314196825027466,0.0,0.0,4.112789571285248,0.0,0.0,0.0,0.0,0.0,4.0,56.0,3.0,16.0,93.0,16.0,69.0
2020-04-21 12:00:00+00:00,2333384668.0,0.00218893,15.00214723,386199618.0,1.5543938279151917,0.0,0.0,0.0,0.0,1.5543938279151917,0.0,0.0,1.5755890011787415,0.0,0.0,0.0,0.0,0.0,7.0,66.0,22.0,31.0,63.0,19.0,72.0
2020-04-21 14:00:00+00:00,2335195523.0,0.002188568385789979,15.0137898502,389826969.0,5.161759078502655,1.5461909174919128,0.0,0.0,0.0,4.384908080101013,0.0,0.0,0.7926085591316223,0.0,0.0,0.0,0.0,0.0,12.0,81.0,16.0,11.0,60.0,19.0,79.0
2020-04-21 16:00:00+00:00,2371933299.0,0.00221165,15.24998988,396302385.0,6.264848172664642,0.0,0.0,0.0,0.0,5.530523061752319,0.734325110912323,0.0,0.0,0.0,0.0,0.0,0.0,0.0,13.0,61.0,13.0,12.0,88.0,22.0,65.0
2020-04-21 18:00:00+00:00,2377381217.0,0.00221588,15.28501645,381782277.0,3.9853774905204773,0.8144682049751282,0.0,0.0,0.7073122262954712,2.404526710510254,0.8735385537147522,0.0,0.0,0.0,0.0,0.0,0.0,0.0,10.0,52.0,14.0,21.0,67.0,24.0,57.0
2020-04-21 20:00:00+00:00,2381517287.0,0.00222,15.31160869,430045378.0,0.8030329346656799,0.0,0.0,0.0,0.0,0.0,0.8030329346656799,0.0,0.0,0.0,0.0,0.0,0.0,0.0,5.0,41.0,6.0,17.0,143.0,29.0,74.0
2020-04-21 22:00:00+00:00,2365055829.0,0.00221004,15.20577221,390367736.0,1.5285965204238892,0.7764430642127991,0.0,0.7521534562110901,0.0,0.0,0.0,0.0,0.0,0.0,0.0,0.0,0.0,0.0,5.0,38.0,7.0,11.0,129.0,22.0,35.0
2020-04-22 00:00:00+00:00,2346082384.0,0.00219379,15.08378529,377975766.0,0.0,0.0,0.0,0.0,0.0,0.0,0.0,0.0,0.0,0.0,0.0,0.0,0.0,0.0,3.0,39.0,1.0,18.0,121.0,21.0,27.0
2020-04-22 02:00:00+00:00,2359557549.0,0.00220258,15.17042184,379166407.0,2.1942590475082397,0.0,0.0,0.0,0.0,2.1942590475082397,0.0,0.0,0.0,0.0,0.0,0.0,0.0,0.0,5.0,52.0,10.0,11.0,70.0,8.0,49.0
2020-04-22 04:00:00+00:00,2380367060.0,0.00221681,15.30421348,380971139.0,2.2316989302635193,0.9656938314437866,0.0,0.0,0.0,2.2316989302635193,0.0,0.0,4.135123610496521,0.0,0.0,0.0,0.0,0.0,10.0,50.0,7.0,14.0,86.0,14.0,66.0
2020-04-22 06:00:00+00:00,2409235801.0,0.00222474,15.48982073,389549499.0,0.0,0.8028951287269592,0.0,0.0,0.0,0.0,0.0,0.0,0.9509958028793335,0.0,0.0,0.0,0.0,0.0,4.0,66.0,3.0,15.0,123.0,19.0,74.0
2020-04-22 08:00:00+00:00,2406978154.0,0.00221402,15.47530553,385081329.0,5.006471693515778,5.639533877372742,0.0,0.0,0.0,1.5822824239730835,1.7417877316474915,4.267096757888794,7.6600353717803955,0.0,0.0,0.0,4.267096757888794,0.0,25.0,51.0,7.0,15.0,108.0,17.0,79.0
2020-04-22 10:00:00+00:00,2399585193.0,0.00220714,15.42777359,370965683.0,3.2588456869125366,0.0,0.0,0.0,0.0,2.39528089761734,0.8635647892951965,0.0,0.0,0.0,0.0,0.0,0.0,0.0,8.0,90.0,2.0,10.0,97.0,9.0,64.0
2020-04-22 12:00:00+00:00,2420640428.0,0.00220706,15.563145070000001,388998298.0,2.4961084723472595,0.8375563621520996,0.0,0.0,0.0,1.6116907596588135,0.884417712688446,0.0,0.0,0.0,0.0,0.0,0.0,0.0,5.0,61.0,7.0,15.0,243.0,89.0,105.0
2020-04-22 14:00:00+00:00,2461762818.0,0.00221955,15.827535319999999,407709265.0,3.0905768275260925,0.0,0.0,0.0,0.0,0.0,3.0905768275260925,2.543920636177063,1.5608209371566772,0.0,0.0,0.0,0.9858180284500122,0.8401240110397339,10.0,47.0,20.0,22.0,225.0,33.0,111.0
2020-04-22 16:00:00+00:00,2438556710.0,0.0022015703710204348,15.6783351193,401733467.0,3.37304025888443,0.0,0.0,0.0,0.0,0.0,3.37304025888443,0.0,0.0,0.0,0.0,0.0,0.0,0.0,6.0,46.0,17.0,39.0,189.0,44.0,114.0
2020-04-22 18:00:00+00:00,2445160708.0,0.00220538,15.72079453,402370552.0,2.3558905124664307,0.0,0.0,0.0,0.7086942791938782,0.0,1.6471962332725525,0.0,0.0,0.0,0.0,0.0,0.0,0.0,9.0,49.0,13.0,21.0,173.0,18.0,73.0
2020-04-22 20:00:00+00:00,2429519739.0,0.00220037,15.62023327,397105417.0,1.7395970821380615,0.0,0.0,0.0,0.0,0.0,1.7395970821380615,0.0,0.0,0.0,0.0,0.0,0.0,0.0,3.0,51.0,5.0,41.0,131.0,19.0,53.0
2020-04-22 22:00:00+00:00,2440862572.0,0.00220496,15.69316032,395820106.0,0.0,0.8064119815826416,0.0,0.0,0.0,0.0,0.0,0.0,0.0,0.0,0.0,0.0,0.0,0.0,4.0,23.0,8.0,20.0,78.0,14.0,30.0
2020-04-23 00:00:00+00:00,2450690870.0,0.00219562,15.75634988,399578624.0,0.0,1.597040057182312,0.0,0.0,0.0,0.0,0.0,0.0,1.5911133885383606,0.0,0.0,0.0,0.0,0.0,1.0,29.0,5.0,16.0,96.0,25.0,23.0
2020-04-23 02:00:00+00:00,2453008835.0,0.00220444,15.77125289,408209921.0,1.5460748672485352,0.792941153049469,0.0,0.0,0.0,0.8290063142776489,0.7170685529708862,0.7493879795074463,0.0,0.0,0.7493879795074463,0.0,0.0,0.0,5.0,40.0,5.0,19.0,42.0,11.0,31.0
2020-04-23 04:00:00+00:00,2430871291.0,0.00219935,15.62892287,407376994.0,0.0,0.0,0.0,0.0,0.0,0.0,0.0,0.0,0.0,0.0,0.0,0.0,0.0,0.0,3.0,30.0,3.0,16.0,53.0,9.0,40.0
2020-04-23 06:00:00+00:00,2431781388.0,0.0022035877565517435,15.6347742001,408277508.0,0.9173738956451416,0.0,0.0,0.0,0.0,0.9173738956451416,0.0,0.0,0.0,0.0,0.0,0.0,0.0,0.0,8.0,52.0,8.0,16.0,142.0,15.0,65.0
2020-04-23 08:00:00+00:00,2430321740.0,0.002203063843444661,15.6253896119,408586942.0,0.8158841729164124,0.0,0.0,0.0,0.0,0.0,0.8158841729164124,0.0,0.8789990544319153,0.0,0.0,0.0,0.0,0.0,2.0,76.0,10.0,13.0,106.0,5.0,87.0
2020-04-23 10:00:00+00:00,2433486459.0,0.00220374,15.6457367,419206687.0,0.0,0.0,0.0,0.0,0.0,0.0,0.0,0.0,0.0,0.0,0.0,0.0,0.0,0.0,3.0,38.0,2.0,17.0,68.0,10.0,54.0
2020-04-23 12:00:00+00:00,2461508337.0,0.00219725,15.82589917,425844317.0,0.7350468039512634,0.9492812752723694,0.0,0.7350468039512634,0.0,0.0,0.0,0.0,0.0,0.0,0.0,0.0,0.0,0.0,5.0,54.0,13.0,26.0,81.0,17.0,73.0
2020-04-23 14:00:00+00:00,2502208710.0,0.00215743,16.08757612,459678290.0,0.0,0.0,0.0,0.0,0.0,0.0,0.0,0.0,0.8971021771430969,0.0,0.0,0.0,0.0,0.0,5.0,33.0,12.0,28.0,611.0,164.0,80.0
2020-04-23 16:00:00+00:00,2494359457.0,0.0021483917062781136,16.0371105259,452285339.0,1.5128125548362732,0.7592824697494507,0.0,0.0,0.0,0.7150508165359497,0.7977617383003235,0.0,1.6210121512413025,0.0,0.0,0.0,0.0,0.0,5.0,71.0,16.0,20.0,79.0,17.0,78.0
2020-04-23 18:00:00+00:00,2478623470.0,0.00213652,15.93593835,444659985.0,0.0,0.0,0.0,0.0,0.0,0.0,0.0,0.0,0.7456529140472412,0.0,0.0,0.0,0.0,0.0,4.0,43.0,10.0,30.0,78.0,21.0,56.0
2020-04-23 20:00:00+00:00,2493079660.0,0.0021423844864522524,16.028882259,444096458.0,1.5137407779693604,0.7142173647880554,0.0,0.0,0.0,0.7995234131813049,0.0,0.0,0.0,0.0,0.0,0.0,0.0,0.0,9.0,53.0,7.0,18.0,69.0,26.0,46.0
2020-04-23 22:00:00+00:00,2489553066.0,0.00215435,16.00620855,446947832.0,1.8038228154182434,0.0,0.0,0.0,0.0,0.9212523102760315,0.8825705051422119,0.0,0.0,0.0,0.0,0.0,0.0,0.0,7.0,38.0,13.0,17.0,62.0,17.0,33.0
2020-04-24 00:00:00+00:00,2512612480.0,0.00214858,16.1544656,448897974.0,1.539353370666504,1.4718099236488342,0.0,0.0,0.0,0.8111805319786072,0.0,0.0,0.7445074319839478,0.0,0.0,0.0,0.0,0.0,3.0,39.0,5.0,20.0,50.0,8.0,32.0
2020-04-24 02:00:00+00:00,2521297354.0,0.00214930365208652,16.2103037017,439900249.0,0.0,0.0,0.0,0.0,0.0,0.0,0.0,0.0,0.0,0.0,0.0,0.0,0.0,0.0,2.0,53.0,7.0,16.0,69.0,12.0,49.0
2020-04-24 04:00:00+00:00,2533573289.0,0.00215952,16.28922998,448294187.0,0.7553444504737854,0.0,0.0,0.0,0.0,0.0,0.7553444504737854,0.0,0.0,0.0,0.0,0.0,0.0,0.0,10.0,47.0,1.0,16.0,26.0,12.0,47.0
2020-04-24 06:00:00+00:00,2532175813.0,0.00215006,16.28024512,453636622.0,3.353311598300934,3.35845285654068,0.0,0.0,0.0,0.0,0.7402563691139221,0.0,0.0,0.0,0.0,0.0,0.0,0.0,8.0,66.0,0.0,7.0,44.0,10.0,53.0
2020-04-24 08:00:00+00:00,2524824649.0,0.00214495,16.23298191,451920424.0,1.6980860829353333,0.8710184097290039,0.0,0.0,0.0,0.8270676732063293,0.0,0.0,0.0,0.0,0.0,0.0,0.0,0.0,8.0,47.0,3.0,13.0,85.0,9.0,59.0
2020-04-24 10:00:00+00:00,2498655921.0,0.0021309712445118758,16.0647339977,442934037.0,0.7960402369499207,0.0,0.0,0.0,0.0,0.0,0.7960402369499207,0.9352291822433472,2.709372043609619,0.0,0.0,0.0,0.0,0.0,4.0,72.0,0.0,18.0,97.0,12.0,42.0
2020-04-24 12:00:00+00:00,2504988265.0,0.00213773,16.10544685,438995562.0,0.7902340888977051,0.8680851459503174,0.0,0.0,0.0,0.0,0.7902340888977051,0.0,0.0,0.0,0.0,0.0,0.0,0.0,4.0,64.0,6.0,28.0,72.0,15.0,75.0
2020-04-24 14:00:00+00:00,2496071437.0,0.00212652814159066,16.0481174461,393577938.0,0.8193963170051575,0.0,0.0,0.0,0.8193963170051575,0.0,0.0,0.0,0.0,0.0,0.0,0.0,0.0,0.0,5.0,93.0,7.0,23.0,51.0,8.0,60.0
2020-04-24 16:00:00+00:00,2499611217.0,0.00212894,16.07087593,385048299.0,3.579326093196869,0.0,0.0,0.0,0.0,1.7825961112976074,1.7967299818992615,0.0,0.0,0.0,0.0,0.0,0.0,0.0,11.0,94.0,7.0,25.0,64.0,21.0,85.0
2020-04-24 18:00:00+00:00,2493165241.0,0.00212285,16.02943249,387087245.0,0.0,0.0,0.0,0.0,0.0,0.0,0.0,0.9634274840354919,0.0,0.0,0.0,0.0,0.0,0.9634274840354919,5.0,44.0,5.0,26.0,78.0,16.0,57.0
2020-04-24 20:00:00+00:00,2501460401.0,0.00212773,16.08276498,383519476.0,0.0,0.7978556156158447,0.0,0.0,0.0,0.0,0.0,0.0,0.0,0.0,0.0,0.0,0.0,0.0,2.0,64.0,2.0,27.0,171.0,6.0,47.0
2020-04-24 22:00:00+00:00,2490612256.0,0.0021207939188865816,16.0130184564,375168051.0,1.6870368719100952,0.0,0.0,0.0,0.0,0.8502042293548584,0.8368326425552368,0.0,0.0,0.0,0.0,0.0,0.0,0.0,6.0,27.0,7.0,22.0,75.0,11.0,40.0
2020-04-25 00:00:00+00:00,2487745926.0,0.00211793,15.99458982,368414163.0,1.804476261138916,0.0,0.0,0.0,0.0,0.0,1.804476261138916,0.0,0.0,0.0,0.0,0.0,0.0,0.0,5.0,15.0,11.0,11.0,35.0,14.0,28.0
2020-04-25 02:00:00+00:00,2494003557.0,0.00211984,16.03482232,357051810.0,2.3448293805122375,0.0,0.0,0.0,0.0,0.8091030716896057,1.5357263088226318,0.0,0.9169337749481201,0.0,0.0,0.0,0.0,0.0,8.0,35.0,5.0,15.0,35.0,12.0,34.0
2020-04-25 04:00:00+00:00,2522994998.0,0.0021415517736279146,16.2212184463,343250432.0,0.705154538154602,0.0,0.0,0.0,0.0,0.705154538154602,0.0,0.7398242354393005,0.0,0.0,0.0,0.0,0.7398242354393005,0.0,8.0,41.0,4.0,18.0,56.0,9.0,43.0
2020-04-25 06:00:00+00:00,2521632426.0,0.00213605,16.21245799,339731422.0,4.836290597915649,0.7462495565414429,0.0,0.0,0.0,1.524829924106598,2.5652111172676086,0.0,0.7943764925003052,0.0,0.0,0.0,0.0,0.0,9.0,56.0,15.0,5.0,46.0,27.0,59.0
2020-04-25 08:00:00+00:00,2534349550.0,0.00214697,16.29422084,349261547.0,4.903813600540161,0.8098743557929993,0.7819386720657349,0.0,0.0,0.0,3.312000572681427,0.0,0.0,0.0,0.0,0.0,0.0,0.0,9.0,30.0,2.0,18.0,49.0,23.0,57.0
2020-04-25 10:00:00+00:00,2531675246.0,0.00214822,16.2770268,343210919.0,0.0,0.0,0.0,0.0,0.0,0.0,0.0,0.0,0.7217782139778137,0.0,0.0,0.0,0.0,0.0,6.0,43.0,12.0,14.0,54.0,10.0,57.0
2020-04-25 12:00:00+00:00,2523347533.0,0.00214325,16.22348502,328201588.0,2.5304870009422302,0.0,0.0,0.0,0.0,0.725729763507843,1.8047572374343872,0.0,0.0,0.0,0.0,0.0,0.0,0.0,7.0,44.0,7.0,19.0,52.0,10.0,68.0
2020-04-25 14:00:00+00:00,2554493225.0,0.00215321,16.42373158,339647138.0,4.04147869348526,0.0,0.0,0.0,0.0,0.0,4.04147869348526,0.0,1.6963845491409302,0.0,0.0,0.0,0.0,0.0,14.0,76.0,4.0,17.0,74.0,19.0,73.0
2020-04-25 16:00:00+00:00,2531415500.0,0.00215297,16.2753568,344421119.0,4.328629195690155,0.0,0.0,0.0,0.7606125473976135,0.0,3.5680166482925415,0.0,0.0,0.0,0.0,0.0,0.0,0.0,14.0,74.0,8.0,30.0,46.0,16.0,95.0
2020-04-25 18:00:00+00:00,2524075175.0,0.00215386,16.22816328,346872206.0,7.052123308181763,0.0,0.0,0.0,0.0,0.0,7.052123308181763,0.9257446527481079,0.0,0.0,0.9257446527481079,0.0,0.0,0.0,11.0,57.0,4.0,30.0,58.0,12.0,51.0
2020-04-25 20:00:00+00:00,2522544834.0,0.00214795,16.21832418,358739617.0,1.635202944278717,0.7545886635780334,0.0,0.0,0.0,0.0,1.635202944278717,0.0,0.0,0.0,0.0,0.0,0.0,0.0,8.0,56.0,12.0,9.0,26.0,6.0,52.0
2020-04-25 22:00:00+00:00,2536091111.0,0.00215397,16.30541794,362345240.0,0.0,0.0,0.0,0.0,0.0,0.0,0.0,6.352893829345703,0.7601842284202576,5.644859552383423,0.0,0.0,0.7080342769622803,0.0,18.0,47.0,15.0,14.0,32.0,14.0,45.0
2020-04-26 00:00:00+00:00,2546395251.0,0.0021542483031851156,16.3716668693,374292241.0,0.8614351153373718,0.8614351153373718,0.0,0.0,0.0,0.0,0.0,0.0,0.0,0.0,0.0,0.0,0.0,0.0,2.0,49.0,1.0,21.0,32.0,5.0,47.0
2020-04-26 02:00:00+00:00,2535754194.0,0.00214297,16.30325179,389985697.0,0.0,0.0,0.0,0.0,0.0,0.0,0.0,0.0,0.7840244770050049,0.0,0.0,0.0,0.0,0.0,0.0,27.0,3.0,14.0,16.0,10.0,39.0
2020-04-26 04:00:00+00:00,2530627445.0,0.00214056,16.27029012,389085317.0,0.7511622309684753,0.0,0.0,0.0,0.0,0.0,0.7511622309684753,1.4947720170021057,0.70123690366745,0.0,0.0,0.0,0.7935351133346558,0.0,7.0,33.0,7.0,9.0,33.0,9.0,64.0
2020-04-26 06:00:00+00:00,2529993688.0,0.0021414,16.26621547,373036130.0,0.8005269765853882,0.8005269765853882,0.0,0.0,0.0,0.0,0.0,1.6490324139595032,0.7646554112434387,0.0,0.0,0.0,0.0,0.8843770027160645,5.0,37.0,0.0,8.0,24.0,10.0,73.0
2020-04-26 08:00:00+00:00,2530686982.0,0.00214368,16.27067291,368983772.0,3.6537787318229675,0.0,0.0,0.0,0.0,0.0,3.6537787318229675,0.0,0.0,0.0,0.0,0.0,0.0,0.0,18.0,46.0,4.0,16.0,35.0,17.0,84.0
2020-04-26 10:00:00+00:00,2539820848.0,0.00213892,16.32939773,372124110.0,3.2624263763427734,0.9083037972450256,0.0,0.0,0.0,0.0,2.354122579097748,0.0,0.0,0.0,0.0,0.0,0.0,0.0,9.0,67.0,4.0,11.0,45.0,22.0,105.0
2020-04-26 12:00:00+00:00,2544330001.0,0.00213854,16.35838865,389444557.0,1.6121513843536377,0.0,0.0,0.0,0.0,0.8138200640678406,0.7983313202857971,0.0,0.0,0.0,0.0,0.0,0.0,0.0,8.0,101.0,8.0,20.0,87.0,39.0,91.0
2020-04-26 14:00:00+00:00,2530144381.0,0.00213902,16.26718433,393218060.0,3.0330225825309753,0.721376359462738,0.0,0.0,0.7337064146995544,0.0,2.299316167831421,0.0,0.0,0.0,0.0,0.0,0.0,0.0,8.0,48.0,4.0,22.0,52.0,22.0,123.0
2020-04-26 16:00:00+00:00,2530565226.0,0.00214037,16.26989009,393187666.0,2.700254261493683,0.9169293642044067,0.0,0.0,0.0,0.0,2.700254261493683,0.0,0.0,0.0,0.0,0.0,0.0,0.0,9.0,108.0,4.0,34.0,40.0,13.0,126.0
2020-04-26 18:00:00+00:00,2545009223.0,0.0021447,16.36275561,401929931.0,1.45004540681839,0.7248726487159729,0.0,0.0,0.0,0.7483311295509338,0.701714277267456,0.7036426067352295,0.7036426067352295,0.0,0.0,0.0,0.0,0.0,8.0,65.0,3.0,20.0,46.0,13.0,96.0
2020-04-26 20:00:00+00:00,2548648050.0,0.0021429710427238223,16.3861509011,397897041.0,2.4764978289604187,0.7034342288970947,0.0,0.0,0.0,0.0,1.773063600063324,0.9320025444030762,0.0,0.0,0.0,0.9320025444030762,0.0,0.0,12.0,35.0,6.0,31.0,64.0,25.0,73.0
2020-04-26 22:00:00+00:00,2548277411.0,0.00213334,16.38376793,400076436.0,1.5707440376281738,0.0,0.0,0.0,0.0,0.0,1.5707440376281738,0.7700883150100708,0.0,0.0,0.0,0.0,0.7700883150100708,0.0,7.0,27.0,5.0,19.0,46.0,10.0,45.0
2020-04-27 00:00:00+00:00,2559570210.0,0.00212741,16.45637329,414346484.0,2.369352877140045,0.7111002802848816,0.0,0.0,0.0,1.5534937381744385,0.8158591389656067,0.0,0.0,0.0,0.0,0.0,0.0,0.0,5.0,45.0,3.0,17.0,109.0,19.0,24.0
2020-04-27 02:00:00+00:00,2565776512.0,0.00212768,16.49627578,417106403.0,0.7230563163757324,0.0,0.0,0.0,0.0,0.0,0.7230563163757324,0.0,0.0,0.0,0.0,0.0,0.0,0.0,3.0,76.0,2.0,17.0,90.0,7.0,36.0
2020-04-27 04:00:00+00:00,2558947371.0,0.002126450895678481,16.4523688441,414963081.0,3.272420823574066,1.6577234864234924,0.0,0.0,0.0,1.6146973371505737,0.0,2.429910182952881,1.6959894895553589,0.0,0.0,0.0,0.733920693397522,0.0,10.0,48.0,1.0,11.0,156.0,17.0,59.0
2020-04-27 06:00:00+00:00,2554761250.0,0.00212872,16.4254548,415934938.0,12.672161102294922,0.7774217128753662,0.0,0.0,0.0,11.894739389419556,0.0,0.0,0.0,0.0,0.0,0.0,0.0,0.0,22.0,90.0,3.0,17.0,69.0,11.0,66.0
2020-04-27 08:00:00+00:00,2548331506.0,0.00212017,16.38411573,417107877.0,3.3950580954551697,0.0,0.0,0.0,0.0,1.7162280678749084,1.6788300275802612,0.0,0.0,0.0,0.0,0.0,0.0,0.0,8.0,72.0,5.0,13.0,45.0,12.0,48.0
2020-04-27 10:00:00+00:00,2552570030.0,0.00212332,16.41136668,416277242.0,3.130360245704651,2.3287013173103333,0.0,0.0,0.0,0.7483311295509338,1.6722010970115662,0.0,0.0,0.0,0.0,0.0,0.0,0.0,12.0,81.0,3.0,20.0,66.0,7.0,66.0
2020-04-27 12:00:00+00:00,2532434727.0,0.002105037776911682,16.2819097718,410465122.0,1.486674964427948,1.7429100275039673,0.0,0.0,0.0,1.486674964427948,0.0,0.7652595639228821,0.0,0.0,0.0,0.0,0.0,0.7652595639228821,15.0,88.0,9.0,18.0,110.0,15.0,55.0
2020-04-27 14:00:00+00:00,2535161304.0,0.00211315,16.29943989,408034868.0,0.7930036187171936,0.8101152777671814,0.0,0.0,0.0,0.7930036187171936,0.0,0.0,0.0,0.0,0.0,0.0,0.0,0.0,5.0,71.0,2.0,36.0,57.0,12.0,76.0
2020-04-27 16:00:00+00:00,2524504151.0,0.00210617,16.23092132,398872002.0,2.2991634011268616,1.513919711112976,0.0,0.0,0.0,0.7852436900138855,0.0,0.0,1.452311933040619,0.0,0.0,0.0,0.0,0.0,9.0,49.0,5.0,19.0,71.0,18.0,67.0
2020-04-27 18:00:00+00:00,2528843471.0,0.00210421,16.25882033,389704997.0,2.4621620178222656,0.0,0.0,0.0,0.7103015780448914,0.8193963170051575,0.9324641227722168,0.0,1.4620168805122375,0.0,0.0,0.0,0.0,0.0,8.0,39.0,1.0,21.0,116.0,26.0,48.0
2020-04-27 20:00:00+00:00,2537018585.0,0.00209984,16.311381,388794312.0,0.0,0.0,0.0,0.0,0.0,0.0,0.0,0.9009413719177246,0.9009413719177246,0.0,0.0,0.0,0.0,0.0,9.0,34.0,13.0,28.0,66.0,12.0,40.0
2020-04-27 22:00:00+00:00,2560634167.0,0.00211186,16.46321385,389838383.0,0.8193963170051575,0.0,0.0,0.0,0.0,0.8193963170051575,0.0,0.8564492464065552,0.0,0.0,0.0,0.0,0.0,0.8564492464065552,7.0,42.0,9.0,27.0,87.0,7.0,54.0
2020-04-28 00:00:00+00:00,2548516260.0,0.00211073,16.38530358,373029163.0,1.7631514072418213,0.8999661207199097,0.0,0.8631852865219116,0.0,0.0,0.0,0.0,0.8500736355781555,0.0,0.0,0.0,0.0,0.0,7.0,48.0,4.0,9.0,53.0,8.0,14.0
2020-04-28 02:00:00+00:00,2555400576.0,0.00211709,16.42956526,375719910.0,0.0,0.7201496958732605,0.0,0.0,0.0,0.0,0.0,1.7749221324920654,0.8549373149871826,0.0,0.0,0.0,0.9199848175048828,0.0,4.0,72.0,4.0,17.0,50.0,17.0,34.0
2020-04-28 04:00:00+00:00,2554131034.0,0.00211604,16.42140292,362447486.0,0.7993476986885071,0.0,0.0,0.0,0.0,0.0,0.7993476986885071,0.0,0.0,0.0,0.0,0.0,0.0,0.0,9.0,62.0,5.0,12.0,41.0,6.0,40.0
2020-04-28 06:00:00+00:00,2551844036.0,0.00211415,16.40669902,378024309.0,1.5317816138267517,0.7244823575019836,0.0,0.0,0.0,0.0,0.8072992563247681,0.8563365936279297,0.0,0.0,0.0,0.0,0.0,0.8563365936279297,8.0,72.0,4.0,21.0,68.0,5.0,53.0
2020-04-28 08:00:00+00:00,2557463902.0,0.002118802927836596,16.4428310994,377225581.0,0.0,0.0,0.0,0.0,0.0,0.0,0.0,0.0,0.7456449866294861,0.0,0.0,0.0,0.0,0.0,10.0,50.0,4.0,11.0,68.0,13.0,55.0
2020-04-28 10:00:00+00:00,2557015668.0,0.00211963,16.43994925,372151964.0,0.8394656181335449,1.518351137638092,0.0,0.8394656181335449,0.0,0.0,0.0,0.0,0.0,0.0,0.0,0.0,0.0,0.0,8.0,71.0,12.0,21.0,85.0,5.0,68.0
2020-04-28 12:00:00+00:00,2549592588.0,0.00211478,16.39222367,361603085.0,1.5748432874679565,1.5132606625556946,0.0,0.0,0.0,0.7145353555679321,0.8603079319000244,0.7562147974967957,0.7099294662475586,0.0,0.0,0.0,0.7562147974967957,0.0,10.0,74.0,5.0,25.0,60.0,25.0,61.0
2020-04-28 14:00:00+00:00,2543855597.0,0.0021056,16.355338539999998,352004616.0,0.7851290702819824,0.885473906993866,0.0,0.0,0.0,0.0,0.7851290702819824,0.0,0.770347535610199,0.0,0.0,0.0,0.0,0.0,7.0,75.0,14.0,39.0,54.0,7.0,87.0
2020-04-28 16:00:00+00:00,2547571930.0,0.00210443,16.37923215,355632255.0,1.5854646563529968,0.8388177156448364,0.0,0.0,0.0,0.7466469407081604,0.0,0.9364122748374939,3.466234803199768,0.0,0.0,0.0,0.0,0.0,13.0,44.0,9.0,29.0,89.0,20.0,52.0
2020-04-28 18:00:00+00:00,2549774071.0,0.00211011,16.39339049,359674556.0,1.6753894090652466,1.5259470343589783,0.0,0.0,0.0,0.8622211813926697,0.8131682276725769,1.717721939086914,1.5851590633392334,0.9851686358451843,0.0,0.7325533032417297,0.0,0.0,16.0,56.0,17.0,31.0,81.0,20.0,60.0
2020-04-28 20:00:00+00:00,2550116482.0,0.00210865,16.39559197,362759824.0,2.6995474696159363,0.0,0.0,0.0,0.0,0.8193963170051575,1.8801511526107788,0.0,0.7304351329803467,0.0,0.0,0.0,0.0,0.0,6.0,28.0,11.0,30.0,51.0,11.0,52.0
2020-04-28 22:00:00+00:00,2557690119.0,0.00210634,16.44428553,361059754.0,0.9097903966903687,1.640155851840973,0.0,0.0,0.9097903966903687,0.0,0.0,0.0,0.0,0.0,0.0,0.0,0.0,0.0,4.0,48.0,11.0,25.0,71.0,21.0,40.0
2020-04-29 00:00:00+00:00,2566262332.0,0.00211291,16.49939929,361163032.0,1.6266450881958008,0.0,0.0,0.0,0.0,1.6266450881958008,0.0,0.0,0.0,0.0,0.0,0.0,0.0,0.0,4.0,39.0,8.0,25.0,49.0,9.0,21.0
2020-04-29 02:00:00+00:00,2557707162.0,0.0020983,16.44439511,361874889.0,0.7851019501686096,0.7851019501686096,0.0,0.0,0.0,0.0,0.0,0.0,0.0,0.0,0.0,0.0,0.0,0.0,8.0,59.0,6.0,12.0,72.0,12.0,21.0
2020-04-29 04:00:00+00:00,2559630036.0,0.00209734,16.45675793,363433997.0,0.7264599204063416,0.8448877334594727,0.0,0.0,0.0,0.7264599204063416,0.0,0.0,0.0,0.0,0.0,0.0,0.0,0.0,2.0,41.0,3.0,17.0,53.0,6.0,29.0
2020-04-29 06:00:00+00:00,2584240323.0,0.00209496,16.61498609,372586467.0,6.499935746192932,0.0,0.0,0.0,0.0,1.546734094619751,4.953201651573181,0.0,0.0,0.0,0.0,0.0,0.0,0.0,23.0,76.0,6.0,16.0,94.0,21.0,59.0
2020-04-29 08:00:00+00:00,2596331794.0,0.0020961,16.69272639,373807896.0,5.654790163040161,1.5997706055641174,0.0,0.0,0.0,4.182165205478668,0.7127806544303894,0.0,0.9910334944725037,0.0,0.0,0.0,0.0,0.0,18.0,50.0,5.0,20.0,75.0,14.0,65.0
2020-04-29 10:00:00+00:00,2609495320.0,0.00206847,16.77735931,391760847.0,1.577265441417694,2.2173063158988953,0.0,0.0,0.0,0.834926962852478,0.0,0.8561486601829529,0.9984718561172485,0.0,0.0,0.0,0.8561486601829529,0.0,8.0,85.0,7.0,25.0,110.0,26.0,50.0
2020-04-29 12:00:00+00:00,2651566387.0,0.00204734,17.04784894,419967628.0,6.529977262020111,0.8778591752052307,0.0,0.0,0.0,1.6530169248580933,4.876960337162018,0.7750099301338196,0.0,0.0,0.7750099301338196,0.0,0.0,0.0,19.0,106.0,13.0,27.0,154.0,20.0,60.0
2020-04-29 14:00:00+00:00,2662549547.0,0.00204146,17.11846352,419265477.0,2.479052484035492,0.8714962601661682,0.7245224118232727,0.0,0.0,0.0,1.7545300722122192,1.5848577618598938,0.7429953217506409,1.5848577618598938,0.0,0.0,0.0,0.0,16.0,64.0,13.0,20.0,129.0,19.0,61.0
2020-04-29 16:00:00+00:00,2691938561.0,0.00197689,17.30741578,449444149.0,1.5648658275604248,1.5233356356620789,0.0,0.0,0.0,0.0,0.7886632084846497,1.4554147124290466,0.0,0.0,0.7487670183181763,0.7066476941108704,0.0,0.0,8.0,59.0,24.0,31.0,197.0,43.0,73.0
2020-04-29 18:00:00+00:00,2690040857.0,0.00199468,17.29521477,455330797.0,1.484898865222931,2.3455410599708557,0.0,0.0,0.0,0.7155202627182007,0.7693786025047302,0.0,0.0,0.0,0.0,0.0,0.0,0.0,16.0,57.0,17.0,31.0,84.0,24.0,66.0
2020-04-29 20:00:00+00:00,2725798668.0,0.00197538,17.52511427,461835612.0,2.4254438281059265,0.0,0.0,0.0,0.0,0.8706495761871338,1.5547942519187927,0.0,0.893800675868988,0.0,0.0,0.0,0.0,0.0,12.0,44.0,13.0,27.0,136.0,47.0,40.0
2020-04-29 22:00:00+00:00,2720924144.0,0.00198769,17.49377424,463165164.0,1.5947131514549255,1.545459270477295,0.0,0.0,0.0,1.5947131514549255,0.0,0.0,0.0,0.0,0.0,0.0,0.0,0.0,7.0,35.0,9.0,26.0,125.0,28.0,29.0
2020-04-30 00:00:00+00:00,2753625665.0,0.0019985,17.70402377,478134247.0,1.4691752791404724,0.0,0.0,0.0,0.0,1.4691752791404724,0.0,0.0,0.742109477519989,0.0,0.0,0.0,0.0,0.0,5.0,45.0,4.0,12.0,70.0,15.0,22.0
2020-04-30 02:00:00+00:00,2800503603.0,0.00195935,18.00541846,496953652.0,0.0,0.0,0.0,0.0,0.0,0.0,0.0,0.0,0.833605945110321,0.0,0.0,0.0,0.0,0.0,4.0,68.0,2.0,14.0,136.0,20.0,23.0
2020-04-30 04:00:00+00:00,2812085574.0,0.00192948,18.079883,517528776.0,1.7188823223114014,0.0,0.0,0.0,0.0,0.8329187631607056,0.8859635591506958,0.0,0.0,0.0,0.0,0.0,0.0,0.0,5.0,41.0,11.0,29.0,135.0,20.0,28.0
2020-04-30 06:00:00+00:00,2758146973.0,0.00192104,17.73309285,521498072.0,2.4458120465278625,2.2516180872917175,0.0,0.8793140649795532,0.0,0.8510324954986572,0.0,0.8365160226821899,0.8365160226821899,0.0,0.0,0.0,0.0,0.0,17.0,75.0,6.0,26.0,281.0,38.0,51.0
2020-04-30 08:00:00+00:00,2622797126.0,0.00191433,16.86288128,520828626.0,0.0,0.0,0.0,0.0,0.0,0.0,0.0,1.683454692363739,0.7183388471603394,0.0,0.0,0.9502878785133362,0.7331668138504028,0.0,8.0,54.0,24.0,20.0,208.0,25.0,62.0
2020-04-30 10:00:00+00:00,2677455846.0,0.00192964,17.21430133,542159405.0,1.8131071329116821,0.9343729615211487,0.0,0.0,0.0,1.8131071329116821,0.0,0.7753426432609558,0.0,0.0,0.7753426432609558,0.0,0.0,0.0,5.0,66.0,6.0,22.0,205.0,29.0,53.0
2020-04-30 12:00:00+00:00,2659067797.0,0.00193485,17.09607813,520197983.0,7.261493384838104,4.723557829856873,0.0,0.0,0.0,1.6446858644485474,0.8932496905326843,0.7317065596580505,0.0,0.0,0.0,0.0,0.0,0.7317065596580505,26.0,57.0,5.0,24.0,83.0,27.0,62.0
2020-04-30 14:00:00+00:00,2673296904.0,0.00194675,17.18756204,523242295.0,1.7831469178199768,0.8943790793418884,0.0,0.0,0.0,0.0,0.8887678384780884,1.609195351600647,0.0,0.0,0.8858349919319153,0.0,0.0,0.7233603596687317,13.0,40.0,7.0,28.0,183.0,24.0,62.0
2020-04-30 16:00:00+00:00,2628052611.0,0.00197205,16.89667063,502182941.0,1.5393237471580505,0.8030779957771301,0.0,0.0,0.0,0.8267837166786194,0.7125400304794312,1.5436838269233704,0.0,0.0,0.0,0.0,1.5436838269233704,0.0,10.0,44.0,10.0,22.0,120.0,34.0,54.0
2020-04-30 18:00:00+00:00,2679309237.0,0.00194147,17.22621743,511822390.0,0.0,0.0,0.0,0.0,0.0,0.0,0.0,0.0,0.0,0.0,0.0,0.0,0.0,0.0,4.0,38.0,10.0,21.0,116.0,26.0,41.0
2020-04-30 20:00:00+00:00,2676732646.0,0.00195275,17.20965163,508904698.0,0.0,0.0,0.0,0.0,0.0,0.0,0.0,0.0,0.0,0.0,0.0,0.0,0.0,0.0,4.0,27.0,7.0,22.0,108.0,33.0,41.0
2020-04-30 22:00:00+00:00,2649408578.0,0.0019673,17.03397563,498015944.0,1.7007296085357666,0.7263420224189758,0.0,0.0,0.0,0.0,1.7007296085357666,0.0,0.0,0.0,0.0,0.0,0.0,0.0,5.0,34.0,9.0,20.0,113.0,15.0,38.0
2020-05-01 00:00:00+00:00,2671352374.0,0.00197079,17.17505997,494595770.0,0.706615149974823,0.7152013778686523,0.0,0.0,0.0,0.706615149974823,0.0,0.8754366636276245,0.8754366636276245,0.0,0.0,0.0,0.0,0.0,4.0,37.0,8.0,27.0,104.0,16.0,26.0
2020-05-01 02:00:00+00:00,2687196853.0,0.00198162,17.27692968,485540915.0,0.0,0.0,0.0,0.0,0.0,0.0,0.0,0.0,0.0,0.0,0.0,0.0,0.0,0.0,3.0,63.0,5.0,15.0,105.0,11.0,21.0
2020-05-01 04:00:00+00:00,2755080289.0,0.00201153446073946,17.7133760643,504295205.0,0.911990761756897,0.0,0.0,0.0,0.911990761756897,0.0,0.0,0.7925221920013428,0.0,0.0,0.0,0.7925221920013428,0.0,0.0,7.0,54.0,1.0,11.0,135.0,13.0,42.0
2020-05-01 06:00:00+00:00,2736186029.0,0.00200199,17.59189825,481465028.0,0.7251636981964111,0.0,0.0,0.0,0.0,0.7251636981964111,0.0,0.7654821872711182,2.4798596501350403,0.0,0.0,0.7654821872711182,0.0,0.0,10.0,79.0,7.0,13.0,145.0,9.0,53.0
2020-05-01 08:00:00+00:00,2769764098.0,0.00200986,17.80778342,462599563.0,0.0,5.905914127826691,0.0,0.0,0.0,0.0,0.0,0.0,0.8997747898101807,0.0,0.0,0.0,0.0,0.0,7.0,75.0,3.0,13.0,173.0,17.0,56.0
2020-05-01 10:00:00+00:00,2738054249.0,0.00195746,17.603909690000002,441236279.0,0.0,0.7597911953926086,0.0,0.0,0.0,0.0,0.0,0.0,0.0,0.0,0.0,0.0,0.0,0.0,4.0,61.0,6.0,17.0,217.0,19.0,66.0
2020-05-01 12:00:00+00:00,2723496437.0,0.00197593,17.510312419999998,437398188.0,1.627692997455597,2.2287123799324036,0.0,0.714906632900238,0.0,0.0,0.9127863645553589,0.0,0.0,0.0,0.0,0.0,0.0,0.0,4.0,66.0,16.0,23.0,185.0,23.0,58.0
2020-05-01 14:00:00+00:00,2715377260.0,0.00197903,17.45811139,442045208.0,0.8274153470993042,0.7598470449447632,0.0,0.0,0.0,0.0,0.8274153470993042,0.0,0.0,0.0,0.0,0.0,0.0,0.0,5.0,70.0,1.0,25.0,123.0,24.0,61.0
2020-05-01 16:00:00+00:00,2716143617.0,0.00198515,17.46303856,434797617.0,0.8198972344398499,0.0,0.0,0.0,0.0,0.8198972344398499,0.0,0.0,0.0,0.0,0.0,0.0,0.0,0.0,6.0,55.0,6.0,22.0,144.0,38.0,80.0
2020-05-01 18:00:00+00:00,2698640143.0,0.00197754,17.3505026,429524245.0,2.4748135805130005,0.8372402787208557,0.0,0.0,0.0,0.0,2.4748135805130005,0.0,0.0,0.0,0.0,0.0,0.0,0.0,11.0,49.0,10.0,13.0,87.0,34.0,61.0
2020-05-01 20:00:00+00:00,2740454475.0,0.00199012,17.61934158,448626174.0,0.0,0.0,0.0,0.0,0.0,0.0,0.0,0.0,0.0,0.0,0.0,0.0,0.0,0.0,6.0,41.0,11.0,18.0,77.0,21.0,35.0
2020-05-01 22:00:00+00:00,2732001168.0,0.00198144,17.56499231,453439052.0,0.7297171354293823,0.0,0.0,0.0,0.0,0.7297171354293823,0.0,0.9745509028434753,0.8295096158981323,0.0,0.0,0.0,0.9745509028434753,0.0,6.0,32.0,8.0,20.0,81.0,20.0,33.0
2020-05-02 00:00:00+00:00,2726710797.0,0.00197428,17.53097866,458679978.0,1.8267777562141418,0.9810746908187866,0.0,0.0,0.0,0.8457030653953552,0.0,0.7953229546546936,0.7953229546546936,0.0,0.0,0.0,0.0,0.0,8.0,29.0,4.0,5.0,47.0,19.0,11.0
2020-05-02 02:00:00+00:00,2737963331.0,0.00197715,17.60332514,453953095.0,0.0,0.0,0.0,0.0,0.0,0.0,0.0,0.7492803335189819,0.0,0.7492803335189819,0.0,0.0,0.0,0.0,3.0,67.0,10.0,10.0,47.0,10.0,22.0
2020-05-02 04:00:00+00:00,2734659582.0,0.00197809,17.58208419,432011410.0,0.0,0.0,0.0,0.0,0.0,0.0,0.0,0.0,0.0,0.0,0.0,0.0,0.0,0.0,2.0,37.0,4.0,12.0,47.0,12.0,38.0
2020-05-02 06:00:00+00:00,2723076711.0,0.00197668,17.50761385,426875331.0,0.0,0.0,0.0,0.0,0.0,0.0,0.0,0.0,0.7424598932266235,0.0,0.0,0.0,0.0,0.0,4.0,58.0,9.0,12.0,58.0,14.0,42.0
2020-05-02 08:00:00+00:00,2721227279.0,0.00197594,17.4957232,422054108.0,0.0,0.0,0.0,0.0,0.0,0.0,0.0,0.0,0.8956131339073181,0.0,0.0,0.0,0.0,0.0,4.0,64.0,11.0,12.0,51.0,10.0,59.0
2020-05-02 10:00:00+00:00,2732944178.0,0.00197362,17.57105525,410375144.0,1.7368515133857727,0.0,0.0,0.0,0.0,0.8525160551071167,0.884335458278656,0.7965969443321228,0.0,0.0,0.0,0.0,0.0,0.7965969443321228,6.0,48.0,8.0,17.0,108.0,7.0,64.0
2020-05-02 12:00:00+00:00,2732242106.0,0.00197133,17.56654138,402746306.0,0.8915684819221497,0.7582797408103943,0.0,0.0,0.0,0.8915684819221497,0.0,1.8423351049423218,1.8423351049423218,0.0,0.0,0.0,0.0,0.0,6.0,77.0,10.0,12.0,118.0,16.0,55.0
2020-05-02 14:00:00+00:00,2724638055.0,0.00196178,17.51765228,403813414.0,2.287825882434845,0.8225034475326538,0.0,0.0,0.7275444865226746,1.5602813959121704,0.0,0.7364708781242371,1.6148581504821777,0.0,0.0,0.0,0.0,0.7364708781242371,5.0,55.0,15.0,27.0,124.0,19.0,67.0
2020-05-02 16:00:00+00:00,2737120193.0,0.00195713,17.59790431,409541149.0,1.563480019569397,0.0,0.0,0.8312252163887024,0.0,0.0,0.7322548031806946,0.0,0.0,0.0,0.0,0.0,0.0,0.0,7.0,71.0,7.0,23.0,107.0,19.0,57.0
2020-05-02 18:00:00+00:00,2718515777.0,0.00196268,17.47829001,405778832.0,0.0,0.0,0.0,0.0,0.0,0.0,0.0,0.0,0.0,0.0,0.0,0.0,0.0,0.0,7.0,38.0,3.0,21.0,67.0,9.0,47.0
2020-05-02 20:00:00+00:00,2717031255.0,0.0019612378314731917,17.4687454991,393594133.0,0.0,0.0,0.0,0.0,0.0,0.0,0.0,0.0,0.0,0.0,0.0,0.0,0.0,0.0,4.0,41.0,2.0,21.0,50.0,17.0,33.0
2020-05-02 22:00:00+00:00,2735098062.0,0.00195636,17.58490333,393955300.0,0.7567706108093262,0.7875343561172485,0.0,0.0,0.0,0.0,0.7567706108093262,0.0,0.0,0.0,0.0,0.0,0.0,0.0,4.0,51.0,5.0,18.0,51.0,16.0,35.0
2020-05-03 00:00:00+00:00,2756661670.0,0.00193575,17.72354332,404362531.0,0.7152612805366516,0.7152612805366516,0.0,0.0,0.0,0.0,0.0,0.7034449577331543,0.0,0.0,0.0,0.7034449577331543,0.0,0.0,7.0,38.0,7.0,15.0,84.0,10.0,23.0
2020-05-03 02:00:00+00:00,2751279807.0,0.00193263,17.68894143,398859371.0,0.0,0.0,0.0,0.0,0.0,0.0,0.0,0.7367274761199951,0.7849677205085754,0.0,0.0,0.7367274761199951,0.0,0.0,2.0,31.0,6.0,16.0,68.0,8.0,31.0
2020-05-03 04:00:00+00:00,2736669732.0,0.00192847,17.59500814,394114442.0,1.4469141364097595,0.0,0.0,0.0,0.0,0.718805193901062,0.7281089425086975,0.0,0.0,0.0,0.0,0.0,0.0,0.0,11.0,41.0,0.0,15.0,51.0,10.0,55.0
2020-05-03 06:00:00+00:00,2726746648.0,0.00193811,17.53120916,371742603.0,2.558785617351532,1.7231996059417725,0.0,0.0,0.0,0.8355860114097595,0.0,0.0,0.0,0.0,0.0,0.0,0.0,0.0,7.0,47.0,5.0,18.0,66.0,15.0,54.0
2020-05-03 08:00:00+00:00,2739930679.0,0.0019304,17.61597391,395454337.0,0.8367084860801697,0.8669015169143677,0.0,0.0,0.0,0.0,0.8367084860801697,0.0,0.8407351970672607,0.0,0.0,0.0,0.0,0.0,6.0,47.0,4.0,14.0,48.0,7.0,57.0
2020-05-03 10:00:00+00:00,2725004961.0,0.00193011,17.52001124,393324911.0,1.5205979347229004,0.0,0.0,0.0,0.0,0.0,1.5205979347229004,0.0,0.0,0.0,0.0,0.0,0.0,0.0,7.0,44.0,9.0,21.0,59.0,5.0,61.0
2020-05-03 12:00:00+00:00,2703781403.0,0.00194417,17.38355756,402207888.0,2.319464683532715,0.0,0.0,0.0,0.0,0.0,2.319464683532715,0.0,0.0,0.0,0.0,0.0,0.0,0.0,10.0,68.0,22.0,19.0,134.0,18.0,57.0
2020-05-03 14:00:00+00:00,2657818120.0,0.0019304967095275121,17.0880435143,393858582.0,20.7632098197937,0.7041195034980774,0.0,0.0,0.0,18.37222307920456,2.390986740589142,1.599791944026947,0.0,0.0,0.0,0.0,1.599791944026947,0.0,95.0,65.0,4.0,34.0,89.0,40.0,69.0
2020-05-03 16:00:00+00:00,2656473066.0,0.00193031,17.07939569,387103905.0,25.76008903980255,0.0,0.0,0.0,0.0,24.82939499616623,0.930694043636322,5.130053162574768,0.0,0.0,0.0,0.0,5.130053162574768,0.0,99.0,51.0,1.0,28.0,52.0,32.0,68.0
2020-05-03 18:00:00+00:00,2660145180.0,0.00192655,17.103005,386949650.0,12.446198225021362,0.0,0.7380830645561218,0.0,0.0,11.70811516046524,0.0,1.4426578283309937,0.0,0.0,0.0,0.0,1.4426578283309937,0.0,36.0,62.0,0.0,27.0,63.0,22.0,51.0
2020-05-03 20:00:00+00:00,2662894848.0,0.00192805,17.12068358,382328491.0,7.413363039493561,0.0,0.0,0.0,0.0,7.413363039493561,0.0,0.764768660068512,0.9481555819511414,0.0,0.0,0.0,0.764768660068512,0.0,21.0,47.0,11.0,22.0,90.0,22.0,47.0
2020-05-03 22:00:00+00:00,2663768293.0,0.00192485,17.12629926,381109061.0,2.298235297203064,0.0,0.0,0.0,0.0,2.298235297203064,0.0,1.4704328775405884,0.0,0.0,0.0,0.0,1.4704328775405884,0.0,16.0,39.0,6.0,15.0,63.0,26.0,57.0
2020-05-04 00:00:00+00:00,2603672040.0,0.00191538,16.7399194,374307802.0,1.4854356050491333,0.0,0.0,0.0,0.0,1.4854356050491333,0.0,0.0,0.0,0.0,0.0,0.0,0.0,0.0,6.0,37.0,3.0,20.0,77.0,13.0,16.0
2020-05-04 02:00:00+00:00,2648359719.0,0.00194171,17.02723214,385194178.0,2.46063095331192,0.9168532490730286,0.0,0.0,0.0,2.46063095331192,0.0,0.0,0.0,0.0,0.0,0.0,0.0,0.0,11.0,37.0,0.0,14.0,38.0,11.0,21.0
2020-05-04 04:00:00+00:00,2583673357.0,0.00191208,16.61134087,384134105.0,3.149509012699127,0.0,0.0,0.0,0.0,3.149509012699127,0.0,0.857672929763794,0.0,0.0,0.857672929763794,0.0,0.0,0.0,13.0,52.0,9.0,14.0,86.0,18.0,45.0
2020-05-04 06:00:00+00:00,2576953891.0,0.00190435,16.56813907,381918523.0,0.8741782903671265,0.0,0.0,0.0,0.0,0.8741782903671265,0.0,1.4988250136375427,0.0,0.0,0.0,0.0,1.4988250136375427,0.0,14.0,55.0,1.0,11.0,54.0,17.0,51.0
2020-05-04 08:00:00+00:00,2579332752.0,0.0019054,16.5834336,357297924.0,3.89235121011734,0.0,0.0,0.0,0.0,2.279469668865204,1.6128815412521362,1.4872146844863892,0.0,0.7274890542030334,0.0,0.0,0.7597256302833557,0.0,17.0,69.0,2.0,10.0,58.0,12.0,66.0
2020-05-04 10:00:00+00:00,2578355326.0,0.00190003,16.57714938,359894549.0,2.30908864736557,2.5099249482154846,0.0,0.0,0.0,0.7648839950561523,0.0,0.78006911277771,0.0,0.0,0.0,0.0,0.78006911277771,0.0,9.0,64.0,8.0,9.0,58.0,16.0,49.0
2020-05-04 12:00:00+00:00,2625018270.0,0.00191836,16.87716179,380510456.0,8.362338900566101,2.208287239074707,0.0,0.0,0.0,6.803512394428253,1.558826506137848,0.0,0.0,0.0,0.0,0.0,0.0,0.0,23.0,80.0,12.0,25.0,68.0,28.0,78.0
2020-05-04 14:00:00+00:00,2647227266.0,0.00192118,17.01995121,360197733.0,1.6043859720230103,2.2933037877082825,0.0,0.0,0.0,0.8430228233337402,0.0,0.0,0.8439078330993652,0.0,0.0,0.0,0.0,0.0,8.0,44.0,9.0,20.0,102.0,21.0,77.0
2020-05-04 16:00:00+00:00,2628563818.0,0.00191379,16.89995736,380663105.0,0.0,0.0,0.0,0.0,0.0,0.0,0.0,0.7961472272872925,0.0,0.0,0.0,0.7961472272872925,0.0,0.0,9.0,67.0,10.0,33.0,100.0,13.0,69.0
2020-05-04 18:00:00+00:00,2635009519.0,0.0019112779012249279,16.9413990297,380042438.0,5.126166522502899,0.8565186858177185,1.7960501313209534,0.0,0.8180252909660339,1.6555724143981934,0.0,0.0,0.0,0.0,0.0,0.0,0.0,0.0,16.0,75.0,1.0,23.0,55.0,18.0,70.0
2020-05-04 20:00:00+00:00,2657379829.0,0.00190939,17.08522559,388474206.0,1.4104371070861816,1.4104371070861816,0.0,0.0,0.0,0.0,0.0,0.0,0.0,0.0,0.0,0.0,0.0,0.0,9.0,59.0,14.0,30.0,68.0,33.0,49.0
2020-05-04 22:00:00+00:00,2659795202.0,0.0019187,17.10075487,390548947.0,4.007268249988556,0.0,0.0,0.0,0.0,2.380210518836975,1.6270577311515808,0.0,0.7037960290908813,0.0,0.0,0.0,0.0,0.0,13.0,31.0,10.0,28.0,102.0,13.0,45.0
2020-05-05 00:00:00+00:00,2674450482.0,0.00192938,17.1949788,376023508.0,0.7356059551239014,0.0,0.0,0.0,0.0,0.7356059551239014,0.0,0.0,0.0,0.0,0.0,0.0,0.0,0.0,3.0,27.0,12.0,12.0,38.0,9.0,21.0
2020-05-05 02:00:00+00:00,2666862594.0,0.00192672,17.14619361,371366644.0,0.0,0.0,0.0,0.0,0.0,0.0,0.0,0.7058155536651611,0.0,0.7058155536651611,0.0,0.0,0.0,0.0,9.0,36.0,15.0,17.0,66.0,22.0,30.0
2020-05-05 04:00:00+00:00,2682981922.0,0.00191123,17.24983041,374347663.0,6.683564245700836,0.7279195189476013,0.0,0.0,0.0,5.955644726753235,0.0,0.9286561608314514,0.0,0.0,0.0,0.0,0.0,0.9286561608314514,16.0,31.0,0.0,14.0,109.0,15.0,29.0
2020-05-05 06:00:00+00:00,2671776347.0,0.00190443,17.17778584,380122662.0,1.6482253670692444,0.0,0.0,0.0,0.0,1.6482253670692444,0.0,0.0,0.0,0.0,0.0,0.0,0.0,0.0,5.0,29.0,3.0,13.0,83.0,6.0,54.0
2020-05-05 08:00:00+00:00,2664772258.0,0.00189621,17.1327541,384051735.0,0.8210753202438354,0.0,0.0,0.0,0.0,0.8210753202438354,0.0,0.0,0.0,0.0,0.0,0.0,0.0,0.0,2.0,51.0,5.0,6.0,107.0,7.0,44.0
2020-05-05 10:00:00+00:00,2626658998.0,0.0018979,16.8877106,388862260.0,4.027245104312897,0.0,0.0,0.0,0.8976932168006897,3.129551887512207,0.0,0.0,0.0,0.0,0.0,0.0,0.0,0.0,16.0,55.0,3.0,23.0,102.0,17.0,53.0
2020-05-05 12:00:00+00:00,2642585872.0,0.00189857,16.99011006,385988775.0,4.860258042812347,1.4975056052207947,0.0,0.0,0.0,3.209151566028595,1.6511064767837524,0.8011565208435059,0.0,0.0,0.0,0.0,0.0,0.8011565208435059,16.0,60.0,9.0,24.0,81.0,25.0,72.0
2020-05-05 14:00:00+00:00,2614997825.0,0.00189462,16.81273684,383909931.0,3.4423259496688843,2.3231995701789856,0.761207640171051,0.0,0.9321820735931396,0.9443243741989136,0.80461186170578,0.0,0.0,0.0,0.0,0.0,0.0,0.0,9.0,55.0,7.0,29.0,76.0,28.0,69.0
2020-05-05 16:00:00+00:00,2626920957.0,0.00189766,16.88939484,382796134.0,0.8542852997779846,0.7080390453338623,0.0,0.0,0.0,0.0,0.8542852997779846,0.0,0.0,0.0,0.0,0.0,0.0,0.0,8.0,68.0,13.0,28.0,61.0,27.0,74.0
2020-05-05 18:00:00+00:00,2623020024.0,0.00188686,16.86431437,380093878.0,0.8475205898284912,0.9096436500549316,0.0,0.0,0.0,0.8475205898284912,0.0,0.0,0.0,0.0,0.0,0.0,0.0,0.0,6.0,31.0,11.0,36.0,45.0,20.0,55.0
2020-05-05 20:00:00+00:00,2628323055.0,0.00188204,16.89840941,379958427.0,1.6456428170204163,0.771973729133606,0.0,0.0,0.0,1.6456428170204163,0.0,0.0,0.7758810520172119,0.0,0.0,0.0,0.0,0.0,5.0,53.0,14.0,36.0,58.0,18.0,55.0
2020-05-05 22:00:00+00:00,2631646244.0,0.00187933,16.91977536,358987881.0,2.552362084388733,2.552362084388733,0.0,0.0,0.0,0.0,0.0,0.0,0.9940354228019714,0.0,0.0,0.0,0.0,0.0,9.0,48.0,5.0,17.0,63.0,15.0,41.0
2020-05-06 00:00:00+00:00,2618887702.0,0.00187286,16.83774622,370662611.0,2.184197962284088,1.4544808268547058,0.0,0.0,0.0,0.7297171354293823,0.0,1.687008798122406,1.687008798122406,0.0,0.0,0.0,0.0,0.0,13.0,49.0,4.0,14.0,73.0,14.0,23.0
2020-05-06 02:00:00+00:00,2621202728.0,0.0018726,16.85263034,376058647.0,1.5104836225509644,0.7362266182899475,0.0,0.0,0.0,1.5104836225509644,0.0,0.0,0.9276949763298035,0.0,0.0,0.0,0.0,0.0,10.0,33.0,5.0,19.0,50.0,12.0,32.0
2020-05-06 04:00:00+00:00,2627628048.0,0.0018755,16.89394097,371873279.0,4.173123598098755,0.0,0.0,0.0,0.0,3.318488597869873,0.8546350002288818,0.0,0.8510679602622986,0.0,0.0,0.0,0.0,0.0,8.0,46.0,5.0,11.0,50.0,16.0,41.0
2020-05-06 06:00:00+00:00,2639359456.0,0.00187415,16.9693663,367122681.0,0.7948099970817566,0.0,0.0,0.0,0.0,0.7948099970817566,0.0,0.0,0.8772131204605103,0.0,0.0,0.0,0.0,0.0,9.0,64.0,3.0,15.0,54.0,11.0,56.0
2020-05-06 08:00:00+00:00,2638126660.0,0.00186568,16.96144022,363905936.0,1.4964542388916016,0.7418661713600159,0.0,0.0,0.0,0.7545880675315857,0.0,0.7746310234069824,0.0,0.0,0.0,0.0,0.7746310234069824,0.0,8.0,35.0,4.0,19.0,95.0,73.0,67.0
2020-05-06 10:00:00+00:00,2662308833.0,0.00184161,17.11691588,365972533.0,1.7029770016670227,0.0,0.0,0.8554564118385315,0.0,0.8475205898284912,0.0,1.458571195602417,1.609028935432434,0.0,0.0,0.0,1.458571195602417,0.0,9.0,48.0,6.0,13.0,243.0,41.0,76.0
2020-05-06 12:00:00+00:00,2654141196.0,0.0018401,17.06440328,370814504.0,4.960520505905151,1.6852980852127075,0.0,0.0,0.8388676047325134,1.4747739434242249,2.646878957748413,0.7089847922325134,0.0,0.0,0.0,0.0,0.0,0.7089847922325134,12.0,78.0,11.0,27.0,133.0,23.0,70.0
2020-05-06 14:00:00+00:00,2650400002.0,0.00182685,17.04034984,368729603.0,0.0,0.0,0.0,0.0,0.0,0.0,0.0,0.0,0.0,0.0,0.0,0.0,0.0,0.0,5.0,56.0,11.0,38.0,58.0,24.0,86.0
2020-05-06 16:00:00+00:00,2655820962.0,0.00183305,17.07520309,365288172.0,1.4493075013160706,1.4493075013160706,0.0,0.0,0.0,0.0,0.0,0.907882809638977,0.907882809638977,0.0,0.0,0.0,0.0,0.0,6.0,58.0,6.0,24.0,73.0,19.0,97.0
2020-05-06 18:00:00+00:00,2639911526.0,0.00182336,16.97291575,364342380.0,0.795182466506958,0.8512462377548218,0.0,0.0,0.0,0.0,0.795182466506958,0.0,0.0,0.0,0.0,0.0,0.0,0.0,6.0,50.0,13.0,21.0,82.0,13.0,67.0
2020-05-06 20:00:00+00:00,2644676121.0,0.00182166,17.003549,366172365.0,2.545129358768463,1.4263303875923157,0.0,0.0,0.0,0.0,2.545129358768463,0.0,0.0,0.0,0.0,0.0,0.0,0.0,9.0,50.0,5.0,17.0,54.0,26.0,59.0
2020-05-06 22:00:00+00:00,2590782069.0,0.00179712,16.65704527,364717662.0,0.7424455285072327,2.225126624107361,0.0,0.0,0.0,0.7424455285072327,0.0,0.8066434860229492,3.612852692604065,0.0,0.0,0.0,0.8066434860229492,0.0,7.0,60.0,10.0,21.0,101.0,32.0,43.0
2020-05-07 00:00:00+00:00,2550414851.0,0.00179033,16.39751029,367986224.0,0.0,0.0,0.0,0.0,0.0,0.0,0.0,0.0,0.0,0.0,0.0,0.0,0.0,0.0,4.0,54.0,7.0,13.0,51.0,13.0,23.0
2020-05-07 02:00:00+00:00,2569359534.0,0.0017913199999999999,16.51931229,374600131.0,1.6134111285209656,0.885779619216919,0.0,0.0,0.721921980381012,0.8914891481399536,0.0,0.7229062914848328,0.0,0.0,0.0,0.0,0.7229062914848328,0.0,12.0,65.0,9.0,30.0,59.0,18.0,31.0
2020-05-07 04:00:00+00:00,2598497473.0,0.00179783,16.7066503,378649129.0,0.722332775592804,0.722332775592804,0.0,0.0,0.0,0.0,0.0,0.7587071657180786,0.0,0.0,0.0,0.0,0.7587071657180786,0.0,8.0,45.0,4.0,13.0,57.0,14.0,36.0
2020-05-07 06:00:00+00:00,2583388353.0,0.0017855,16.60950848,378638060.0,0.8397287726402283,0.0,0.0,0.0,0.0,0.0,0.8397287726402283,0.0,0.9794490933418274,0.0,0.0,0.0,0.0,0.0,4.0,50.0,6.0,16.0,36.0,17.0,48.0
2020-05-07 08:00:00+00:00,2578315207.0,0.00178157,16.57689144,378689545.0,0.7433326840400696,1.523102879524231,0.0,0.0,0.0,0.0,0.0,0.0,0.9830206036567688,0.0,0.0,0.0,0.0,0.0,4.0,46.0,5.0,12.0,44.0,15.0,48.0
2020-05-07 10:00:00+00:00,2565152392.0,0.00177406,16.4922631,366183495.0,4.072868347167969,1.4137704968452454,1.7014049291610718,0.0,0.0,1.6603169441223145,0.0,1.4558295011520386,0.0,0.7002983689308167,0.0,0.0,0.7555311322212219,0.0,14.0,45.0,3.0,25.0,41.0,15.0,56.0
2020-05-07 12:00:00+00:00,2569598831.0,0.00175316,16.52085081,370899083.0,1.6572273969650269,1.6763505339622498,0.0,0.0,0.0,1.6572273969650269,0.0,0.0,0.8677483797073364,0.0,0.0,0.0,0.0,0.0,3.0,46.0,19.0,29.0,246.0,56.0,57.0
2020-05-07 14:00:00+00:00,2582125252.0,0.0017563043125872124,16.60138756,377448306.0,0.9031375050544739,5.120642125606537,0.0,0.0,0.0,0.0,0.9031375050544739,0.0,2.5827293395996094,0.0,0.0,0.0,0.0,0.0,7.0,68.0,6.0,28.0,87.0,23.0,66.0
2020-05-07 16:00:00+00:00,2620192925.0,0.00172004,16.84613796,403270367.0,0.8144811987876892,1.5576778650283813,0.0,0.0,0.0,0.8144811987876892,0.0,0.8306843638420105,3.2327775955200195,0.0,0.0,0.8306843638420105,0.0,0.0,5.0,66.0,16.0,50.0,138.0,29.0,49.0
2020-05-07 18:00:00+00:00,2654470449.0,0.00173695,17.06652016,422808281.0,1.536512315273285,0.0,0.0,0.0,0.7274219393730164,0.8090903759002686,0.0,0.0,1.6067431569099426,0.0,0.0,0.0,0.0,0.0,9.0,58.0,21.0,53.0,111.0,26.0,52.0
2020-05-07 20:00:00+00:00,2666858158.0,0.00173786,17.14616509,420872306.0,0.7394197583198547,0.7566253542900085,0.0,0.0,0.0,0.7394197583198547,0.0,0.0,1.8366549015045166,0.0,0.0,0.0,0.0,0.0,4.0,26.0,25.0,36.0,180.0,23.0,38.0
2020-05-07 22:00:00+00:00,2646177022.0,0.00170961,17.01319882,414976837.0,2.5430471301078796,2.4499285221099854,0.0,0.0,0.0,1.7106024026870728,0.0,0.0,0.0,0.0,0.0,0.0,0.0,0.0,5.0,41.0,21.0,27.0,147.0,32.0,38.0
2020-05-08 00:00:00+00:00,2681988078.0,0.00172981,17.24344064,415755313.0,0.0,0.7713747620582581,0.0,0.0,0.0,0.0,0.0,0.0,0.0,0.0,0.0,0.0,0.0,0.0,6.0,49.0,24.0,36.0,69.0,21.0,23.0
2020-05-08 02:00:00+00:00,2662688060.0,0.00172976,17.11935407,415993979.0,0.0,0.0,0.0,0.0,0.0,0.0,0.0,0.0,0.0,0.0,0.0,0.0,0.0,0.0,1.0,40.0,3.0,23.0,93.0,13.0,18.0
2020-05-08 04:00:00+00:00,2650955383.0,0.00172183,17.04392058,414434287.0,1.6819931268692017,0.8487405180931091,0.0,0.0,0.792266309261322,0.8897268176078796,0.0,0.0,0.0,0.0,0.0,0.0,0.0,0.0,8.0,75.0,3.0,11.0,67.0,14.0,42.0
2020-05-08 06:00:00+00:00,2645527751.0,0.00173077,17.00902443,414287750.0,0.0,0.0,0.0,0.0,0.0,0.0,0.0,0.0,0.0,0.0,0.0,0.0,0.0,0.0,4.0,80.0,2.0,23.0,61.0,16.0,53.0
2020-05-08 08:00:00+00:00,2632729150.0,0.001718503329236342,16.9267377428,407317326.0,1.6314857602119446,0.0,0.0,0.0,0.0,0.8475205898284912,0.7839651703834534,0.8619161248207092,0.0,0.0,0.0,0.0,0.8619161248207092,0.0,6.0,75.0,1.0,20.0,48.0,13.0,54.0
2020-05-08 10:00:00+00:00,2654604104.0,0.00172156,17.06737948,410799401.0,1.7097667455673218,0.7280703186988831,0.0,0.0,0.0,1.7097667455673218,0.0,0.8307929635047913,0.928924560546875,0.0,0.0,0.0,0.0,0.8307929635047913,7.0,58.0,6.0,22.0,54.0,12.0,59.0
2020-05-08 12:00:00+00:00,2641844618.0,0.00171913,16.98534428,399591280.0,0.0,0.0,0.0,0.0,0.0,0.0,0.0,0.0,0.0,0.0,0.0,0.0,0.0,0.0,2.0,85.0,17.0,44.0,64.0,19.0,78.0
2020-05-08 14:00:00+00:00,2655036883.0,0.00171432,17.07016197,394422652.0,0.0,1.5289082527160645,0.0,0.0,0.0,0.0,0.0,0.0,0.7247165441513062,0.0,0.0,0.0,0.0,0.0,4.0,78.0,14.0,50.0,95.0,19.0,75.0
2020-05-08 16:00:00+00:00,2694571478.0,0.00173459,17.32434372,395979437.0,0.7211818695068359,0.7061218619346619,0.0,0.0,0.0,0.7211818695068359,0.0,0.0,0.0,0.0,0.0,0.0,0.0,0.0,4.0,55.0,21.0,36.0,93.0,30.0,76.0
2020-05-08 18:00:00+00:00,2696872035.0,0.00174099,17.33913481,381195470.0,2.5250973105430603,0.0,0.0,0.0,0.0,2.5250973105430603,0.0,0.0,0.0,0.0,0.0,0.0,0.0,0.0,6.0,46.0,9.0,42.0,66.0,108.0,53.0
2020-05-08 20:00:00+00:00,2693527723.0,0.00173738,17.31763306,387115111.0,1.4484350681304932,0.0,0.0,0.7243576049804688,0.0,0.7240774631500244,0.0,0.0,0.0,0.0,0.0,0.0,0.0,0.0,5.0,33.0,8.0,19.0,88.0,50.0,29.0
2020-05-08 22:00:00+00:00,2681682517.0,0.00175171,17.24147608,382131707.0,4.061430752277374,0.828962504863739,0.0,0.0,0.0,1.5780316591262817,1.6544365882873535,0.0,0.0,0.0,0.0,0.0,0.0,0.0,9.0,54.0,8.0,26.0,135.0,46.0,44.0
2020-05-09 00:00:00+00:00,2710155752.0,0.00176349,17.42454048,389894129.0,0.7111464738845825,0.0,0.7111464738845825,0.0,0.0,0.0,0.0,0.9184704422950745,0.9184704422950745,0.0,0.0,0.0,0.0,0.0,5.0,28.0,30.0,15.0,67.0,17.0,23.0
2020-05-09 02:00:00+00:00,2710349197.0,0.00176195,17.42578421,385149514.0,1.6748936176300049,0.0,0.8097215890884399,0.0,0.0,0.0,0.8651720285415649,0.0,0.0,0.0,0.0,0.0,0.0,0.0,4.0,39.0,5.0,14.0,59.0,36.0,27.0
2020-05-09 04:00:00+00:00,2695738131.0,0.00176691,17.33184455,383037119.0,2.467028796672821,0.0,0.0,0.0,0.0,2.467028796672821,0.0,0.0,0.0,0.0,0.0,0.0,0.0,0.0,10.0,46.0,8.0,13.0,50.0,66.0,27.0
2020-05-09 06:00:00+00:00,2665993988.0,0.00177603,17.14060903,384543435.0,1.621305227279663,0.8190931677818298,0.0,0.0,0.0,0.8475205898284912,0.7737846374511719,0.7233536839485168,0.7233536839485168,0.0,0.0,0.0,0.0,0.0,7.0,137.0,8.0,26.0,88.0,47.0,37.0
2020-05-09 08:00:00+00:00,2670817860.0,0.00177008,17.1716234,385102152.0,0.8976932168006897,0.845618486404419,0.0,0.0,0.8976932168006897,0.0,0.0,0.0,0.8012200593948364,0.0,0.0,0.0,0.0,0.0,5.0,90.0,3.0,21.0,39.0,34.0,59.0
2020-05-09 10:00:00+00:00,2636014069.0,0.00175878,16.94785763,388182055.0,3.2983320355415344,0.7803080081939697,0.0,0.0,0.0,1.645266830921173,0.8727571964263916,1.592437207698822,0.0,0.0,0.0,0.0,1.592437207698822,0.0,14.0,55.0,6.0,14.0,59.0,22.0,66.0
2020-05-09 12:00:00+00:00,2656076733.0,0.0017577020222211053,17.0768475317,390674144.0,2.3979299664497375,0.0,0.0,0.0,0.0,0.0,2.3979299664497375,0.0,0.8235167860984802,0.0,0.0,0.0,0.0,0.0,4.0,54.0,11.0,14.0,51.0,22.0,56.0
2020-05-09 14:00:00+00:00,2673015950.0,0.00177331,17.18575569,394071454.0,2.464703321456909,0.8225527405738831,0.0,0.0,0.0,0.0,2.464703321456909,0.0,1.582337737083435,0.0,0.0,0.0,0.0,0.0,10.0,67.0,19.0,18.0,60.0,49.0,69.0
2020-05-09 16:00:00+00:00,2676535827.0,0.0017638,17.20838621,373478942.0,1.6151611804962158,0.0,0.0,0.0,0.0,0.0,1.6151611804962158,0.0,0.0,0.0,0.0,0.0,0.0,0.0,7.0,53.0,7.0,26.0,64.0,45.0,70.0
2020-05-09 18:00:00+00:00,2660952268.0,0.00176024,17.10819405,379894187.0,2.387777864933014,0.0,0.0,0.0,0.0,1.6077330708503723,0.7800447940826416,0.7167791128158569,0.7256002426147461,0.0,0.0,0.0,0.7167791128158569,0.0,10.0,37.0,7.0,23.0,56.0,29.0,47.0
2020-05-09 20:00:00+00:00,2652163883.0,0.0017699,17.05169045,376430945.0,0.0,0.0,0.0,0.0,0.0,0.0,0.0,0.0,0.0,0.0,0.0,0.0,0.0,0.0,3.0,44.0,17.0,24.0,142.0,19.0,47.0
2020-05-09 22:00:00+00:00,2634342293.0,0.001765906616172454,16.9371092024,365450238.0,1.7010573744773865,0.0,0.0,0.0,0.0,0.7683302760124207,0.9327270984649658,0.0,0.0,0.0,0.0,0.0,0.0,0.0,5.0,33.0,14.0,27.0,90.0,22.0,26.0
2020-05-10 00:00:00+00:00,2360722821.0,0.00173977,15.17791379,406640117.0,0.7297171354293823,0.7752580642700195,0.0,0.0,0.0,0.7297171354293823,0.0,0.0,0.0,0.0,0.0,0.0,0.0,0.0,6.0,38.0,17.0,49.0,835.0,113.0,23.0
2020-05-10 02:00:00+00:00,2342898609.0,0.00174141,15.06331569,415704570.0,0.0,0.0,0.0,0.0,0.0,0.0,0.0,0.0,0.0,0.0,0.0,0.0,0.0,0.0,1.0,45.0,20.0,37.0,126.0,36.0,29.0
2020-05-10 04:00:00+00:00,2365282318.0,0.0017591,15.20722839,426200290.0,2.4257470965385437,1.575084626674652,0.0,0.0,0.0,0.7080097794532776,0.9190574884414673,0.7303641438484192,0.0,0.0,0.0,0.7303641438484192,0.0,0.0,16.0,30.0,17.0,26.0,48.0,57.0,25.0
2020-05-10 06:00:00+00:00,2402744604.0,0.00175247,15.44808655,429956167.0,0.0,0.0,0.0,0.0,0.0,0.0,0.0,0.0,0.0,0.0,0.0,0.0,0.0,0.0,8.0,59.0,10.0,13.0,93.0,41.0,35.0
2020-05-10 08:00:00+00:00,2404057158.0,0.00175115,15.45652542,433281883.0,0.8718494772911072,0.0,0.0,0.0,0.0,0.0,0.8718494772911072,0.0,0.0,0.0,0.0,0.0,0.0,0.0,8.0,47.0,5.0,19.0,128.0,39.0,52.0
2020-05-10 10:00:00+00:00,2390249852.0,0.00175729,15.36775341,428133130.0,0.0,0.7230980396270752,0.0,0.0,0.0,0.0,0.0,0.0,0.0,0.0,0.0,0.0,0.0,0.0,1.0,40.0,2.0,22.0,56.0,33.0,49.0
2020-05-10 12:00:00+00:00,2402890685.0,0.0017556,15.44902576,428618965.0,0.9150565266609192,0.0,0.0,0.0,0.0,0.0,0.9150565266609192,0.9799776077270508,0.7778535485267639,0.0,0.0,0.9799776077270508,0.0,0.0,5.0,56.0,12.0,40.0,55.0,22.0,54.0
2020-05-10 14:00:00+00:00,2371770649.0,0.0017606,15.24894414,420041251.0,0.8974456191062927,1.6807916164398193,0.0,0.0,0.0,0.0,0.8974456191062927,0.7928858995437622,0.0,0.0,0.0,0.0,0.0,0.7928858995437622,13.0,60.0,4.0,34.0,76.0,20.0,59.0
2020-05-10 16:00:00+00:00,2323759966.0,0.00175326,14.94026665,418613838.0,4.629109025001526,0.0,0.0,0.0,0.7876325845718384,1.4413501024246216,2.400126338005066,0.9056586027145386,2.5099989771842957,0.0,0.0,0.0,0.0,0.0,14.0,69.0,18.0,38.0,123.0,17.0,66.0
2020-05-10 18:00:00+00:00,2335011871.0,0.00175828,15.01260909,425904096.0,2.1995230317115784,0.8237446546554565,0.0,0.7082169651985168,0.0,0.0,1.4913060665130615,0.0,0.0,0.0,0.0,0.0,0.0,0.0,9.0,44.0,5.0,26.0,111.0,30.0,68.0
2020-05-10 20:00:00+00:00,2380835536.0,0.00175192,15.30722548,444281825.0,0.0,0.8062278628349304,0.0,0.0,0.0,0.0,0.0,0.0,0.7733455300331116,0.0,0.0,0.0,0.0,0.0,4.0,61.0,13.0,30.0,167.0,44.0,42.0
2020-05-10 22:00:00+00:00,2379038126.0,0.00174679,15.2956693,436166815.0,0.8475205898284912,0.0,0.0,0.0,0.0,0.8475205898284912,0.0,0.0,0.0,0.0,0.0,0.0,0.0,0.0,7.0,30.0,17.0,21.0,72.0,22.0,48.0
2020-05-11 00:00:00+00:00,2390096875.0,0.001759854123443829,15.366769867,365981166.0,0.0,0.0,0.0,0.0,0.0,0.0,0.0,0.0,0.0,0.0,0.0,0.0,0.0,0.0,1.0,52.0,6.0,9.0,30.0,10.0,24.0
2020-05-11 02:00:00+00:00,2381878776.0,0.001758028115883166,15.3139328333,353565367.0,1.62461918592453,0.0,0.0,0.0,0.0,1.62461918592453,0.0,0.0,0.0,0.0,0.0,0.0,0.0,0.0,7.0,25.0,10.0,20.0,62.0,9.0,21.0
2020-05-11 04:00:00+00:00,2376473724.0,0.00175742,15.27918186,351396011.0,0.8558456897735596,0.8508975505828857,0.0,0.0,0.0,0.0,0.8558456897735596,0.7275512218475342,0.7275512218475342,0.0,0.0,0.0,0.0,0.0,6.0,48.0,13.0,14.0,57.0,23.0,27.0
2020-05-11 06:00:00+00:00,2365730377.0,0.00175243,15.21010912,344840963.0,2.510843515396118,0.0,0.0,0.0,0.0,1.738226294517517,0.7726172208786011,0.0,0.0,0.0,0.0,0.0,0.0,0.0,8.0,143.0,4.0,30.0,49.0,12.0,46.0
2020-05-11 08:00:00+00:00,2291098646.0,0.0017258885084355136,14.7302755827,347173078.0,0.8685893416404724,0.0,0.0,0.0,0.0,0.0,0.8685893416404724,0.0,0.0,0.0,0.0,0.0,0.0,0.0,3.0,179.0,7.0,21.0,99.0,20.0,59.0
2020-05-11 10:00:00+00:00,2355470228.0,0.00169746,15.14414303,364619458.0,1.7415869235992432,0.0,0.0,0.0,0.0,0.0,1.7415869235992432,0.913774311542511,1.648424506187439,0.0,0.0,0.0,0.913774311542511,0.0,7.0,151.0,12.0,14.0,77.0,14.0,50.0
2020-05-11 12:00:00+00:00,2356315653.0,0.00170751,15.14957856,387871101.0,0.0,0.9366407990455627,0.0,0.0,0.0,0.0,0.0,2.503165364265442,0.0,0.0,0.0,0.0,0.9046816825866699,1.598483681678772,5.0,168.0,17.0,18.0,145.0,16.0,60.0
2020-05-11 14:00:00+00:00,2348162865.0,0.00169794,15.09716144,382699345.0,1.624399185180664,0.8204197883605957,0.0,0.0,0.0,1.624399185180664,0.0,0.0,0.0,0.0,0.0,0.0,0.0,0.0,12.0,115.0,17.0,33.0,92.0,17.0,72.0
2020-05-11 16:00:00+00:00,2284796998.0,0.00171652,14.68976008,369390382.0,7.3237714767456055,0.0,0.0,0.0,0.0,7.3237714767456055,0.0,0.0,0.0,0.0,0.0,0.0,0.0,0.0,37.0,98.0,25.0,34.0,128.0,47.0,53.0
2020-05-11 18:00:00+00:00,2327241131.0,0.00171807,14.96264828,398558761.0,8.23625236749649,0.0,0.0,0.0,0.0,8.23625236749649,0.0,0.834671676158905,0.0,0.0,0.0,0.0,0.834671676158905,0.0,28.0,55.0,25.0,46.0,217.0,32.0,45.0
2020-05-11 20:00:00+00:00,2333915297.0,0.0017486934623809564,15.0055588322,402161481.0,4.152705371379852,0.9191209673881531,0.0,0.0,0.0,4.152705371379852,0.0,0.8580084443092346,0.0,0.0,0.0,0.0,0.8580084443092346,0.0,12.0,59.0,6.0,51.0,137.0,33.0,46.0
2020-05-11 22:00:00+00:00,2348222492.0,0.00175516,15.0975448,404659513.0,1.5870893597602844,1.492106318473816,0.0,0.0,0.0,0.8061190247535706,0.0,0.0,0.0,0.0,0.0,0.0,0.0,0.0,11.0,41.0,7.0,39.0,103.0,17.0,46.0
2020-05-12 00:00:00+00:00,2351191303.0,0.00175037,15.11663232,405898411.0,0.7607522010803223,0.0,0.0,0.7607522010803223,0.0,0.0,0.0,0.0,0.0,0.0,0.0,0.0,0.0,0.0,3.0,88.0,21.0,32.0,55.0,18.0,31.0
2020-05-12 02:00:00+00:00,2362456026.0,0.0017418,15.18905717,409799206.0,0.7276010513305664,0.0,0.0,0.0,0.0,0.7276010513305664,0.0,0.0,0.0,0.0,0.0,0.0,0.0,0.0,2.0,60.0,8.0,12.0,56.0,17.0,22.0
2020-05-12 04:00:00+00:00,2389470291.0,0.0017573,15.36274134,416657376.0,0.7713702917098999,0.7896071076393127,0.0,0.0,0.0,0.7713702917098999,0.0,0.0,0.7838320136070251,0.0,0.0,0.0,0.0,0.0,4.0,66.0,6.0,22.0,56.0,12.0,38.0
2020-05-12 06:00:00+00:00,2403956631.0,0.00178407,15.4558791,423543470.0,19.928548395633698,0.0,0.0,0.0,0.0,19.928548395633698,0.0,0.0,0.0,0.0,0.0,0.0,0.0,0.0,29.0,155.0,3.0,19.0,53.0,10.0,36.0
2020-05-12 08:00:00+00:00,2458011275.0,0.00179679,15.80341533,427121946.0,5.85305917263031,0.8125345706939697,0.0,0.0,0.0,5.85305917263031,0.0,0.0,0.8159672021865845,0.0,0.0,0.0,0.0,0.0,14.0,154.0,0.0,13.0,75.0,14.0,49.0
2020-05-12 10:00:00+00:00,2471058942.0,0.00181088,15.88730335,417643523.0,1.657947838306427,0.0,0.0,0.0,0.0,1.657947838306427,0.0,0.0,0.7163472175598145,0.0,0.0,0.0,0.0,0.0,6.0,146.0,3.0,22.0,70.0,12.0,40.0
2020-05-12 12:00:00+00:00,2479185569.0,0.00182446,15.939552280000001,400951819.0,4.04653662443161,1.4678887724876404,0.0,0.0,0.0,4.04653662443161,0.0,0.0,0.9506245851516724,0.0,0.0,0.0,0.0,0.0,12.0,126.0,5.0,39.0,53.0,18.0,46.0
2020-05-12 14:00:00+00:00,2487596212.0,0.00179952,15.99362725,417038064.0,2.548723816871643,0.8612381815910339,0.0,0.0,0.0,2.548723816871643,0.0,0.0,0.7523066401481628,0.0,0.0,0.0,0.0,0.0,9.0,149.0,10.0,29.0,94.0,16.0,64.0
2020-05-12 16:00:00+00:00,2464254365.0,0.00178438,15.84355434,409869009.0,1.5473762154579163,1.442955732345581,0.0,0.0,0.0,0.83470618724823,0.7126700282096863,0.0,0.0,0.0,0.0,0.0,0.0,0.0,7.0,110.0,13.0,34.0,86.0,19.0,46.0
2020-05-12 18:00:00+00:00,2455776576.0,0.0017802629084334178,15.7890476705,383212218.0,1.6669207215309143,0.841361939907074,0.0,0.0,0.0,1.6669207215309143,0.0,0.731774628162384,0.731774628162384,0.0,0.0,0.0,0.0,0.0,5.0,71.0,6.0,32.0,134.0,21.0,38.0
2020-05-12 20:00:00+00:00,2434325454.0,0.00177969,15.6511309,376529416.0,0.8837612867355347,0.8456639051437378,0.8837612867355347,0.0,0.0,0.0,0.0,0.0,0.0,0.0,0.0,0.0,0.0,0.0,3.0,34.0,11.0,32.0,64.0,19.0,41.0
2020-05-12 22:00:00+00:00,2448311765.0,0.00178785,15.74105378,394508013.0,0.0,0.0,0.0,0.0,0.0,0.0,0.0,0.0,0.0,0.0,0.0,0.0,0.0,0.0,3.0,47.0,5.0,22.0,82.0,20.0,45.0
2020-05-13 00:00:00+00:00,2479888340.0,0.00178312,15.94407065,396003475.0,0.8036214113235474,0.8036214113235474,0.0,0.0,0.0,0.0,0.0,0.9854461550712585,0.9854461550712585,0.0,0.0,0.0,0.0,0.0,5.0,61.0,7.0,27.0,50.0,21.0,25.0
2020-05-13 02:00:00+00:00,2497577328.0,0.00180087,16.05779934,394407690.0,4.182351589202881,0.0,0.0,0.8943564891815186,0.0,2.5041515827178955,0.7838435173034668,0.0,0.0,0.0,0.0,0.0,0.0,0.0,8.0,125.0,8.0,16.0,38.0,16.0,29.0
2020-05-13 04:00:00+00:00,2461725828.0,0.00177731,15.82729749,389387148.0,1.6787467002868652,0.0,0.0,0.0,0.0,1.6787467002868652,0.0,0.0,0.7086613178253174,0.0,0.0,0.0,0.0,0.0,6.0,52.0,8.0,19.0,35.0,14.0,30.0
2020-05-13 06:00:00+00:00,2464170457.0,0.0017816,15.84301487,388819642.0,2.477610230445862,0.0,0.0,0.0,0.0,2.477610230445862,0.0,2.2262757420539856,0.0,0.0,0.0,0.7360612750053406,0.7842267155647278,0.7059877514839172,10.0,335.0,3.0,18.0,49.0,14.0,58.0
2020-05-13 08:00:00+00:00,2459502358.0,0.00177149,15.81300203,375628114.0,0.8194001317024231,0.0,0.0,0.0,0.0,0.8194001317024231,0.0,0.0,0.950478196144104,0.0,0.0,0.0,0.0,0.0,2.0,333.0,4.0,13.0,73.0,21.0,42.0
2020-05-13 10:00:00+00:00,2477128995.0,0.00177042,15.92632985,378142406.0,1.4550201892852783,0.9507694840431213,0.0,0.0,0.0,1.4550201892852783,0.0,0.0,0.0,0.0,0.0,0.0,0.0,0.0,3.0,215.0,15.0,17.0,46.0,18.0,39.0
2020-05-13 12:00:00+00:00,2488605278.0,0.00177078,16.00011489,380009799.0,1.558358907699585,0.0,0.0,0.0,0.0,1.558358907699585,0.0,0.0,0.7402729392051697,0.0,0.0,0.0,0.0,0.0,4.0,323.0,4.0,24.0,83.0,19.0,62.0
2020-05-13 14:00:00+00:00,2516360640.0,0.00177908,16.17856384,383206433.0,0.8832986950874329,0.8832986950874329,0.0,0.0,0.0,0.0,0.0,0.0,0.0,0.0,0.0,0.0,0.0,0.0,8.0,69.0,5.0,29.0,75.0,20.0,53.0
2020-05-13 16:00:00+00:00,2503298688.0,0.00177713,16.09458397,377368912.0,2.524903893470764,0.0,0.7284287810325623,0.0,0.0,1.796475112438202,0.0,0.0,0.0,0.0,0.0,0.0,0.0,0.0,3.0,62.0,6.0,35.0,66.0,21.0,50.0
2020-05-13 18:00:00+00:00,2517330380.0,0.00177458,16.18479864,383596971.0,0.8438533544540405,0.0,0.0,0.0,0.0,0.8438533544540405,0.0,0.0,0.0,0.0,0.0,0.0,0.0,0.0,6.0,45.0,4.0,30.0,53.0,25.0,63.0
2020-05-13 20:00:00+00:00,2523941606.0,0.00174756,16.22730452,388497750.0,0.8622461557388306,0.0,0.0,0.0,0.0,0.8622461557388306,0.0,0.0,0.0,0.0,0.0,0.0,0.0,0.0,3.0,34.0,15.0,45.0,184.0,74.0,44.0
2020-05-13 22:00:00+00:00,2510187961.0,0.00174098,16.13887752,359517914.0,2.4853890538215637,0.0,0.0,0.0,0.0,0.7297171354293823,1.7556719183921814,0.0,0.0,0.0,0.0,0.0,0.0,0.0,8.0,33.0,8.0,25.0,93.0,29.0,25.0
2020-05-14 00:00:00+00:00,2489224035.0,0.00172795,16.0040931,370372428.0,0.8194001317024231,0.0,0.0,0.0,0.0,0.8194001317024231,0.0,0.0,0.0,0.0,0.0,0.0,0.0,0.0,7.0,77.0,5.0,29.0,60.0,9.0,23.0
2020-05-14 02:00:00+00:00,2505014031.0,0.00172939,16.10561251,372639107.0,1.5439291596412659,0.0,0.0,0.0,0.0,0.7863470315933228,0.7575821280479431,0.0,0.0,0.0,0.0,0.0,0.0,0.0,11.0,196.0,5.0,20.0,48.0,13.0,23.0
2020-05-14 04:00:00+00:00,2500302094.0,0.00171795,16.07531782,369756851.0,0.8132371306419373,1.5578399896621704,0.0,0.0,0.0,0.0,0.0,0.0,0.0,0.0,0.0,0.0,0.0,0.0,9.0,32.0,2.0,8.0,49.0,17.0,30.0
2020-05-14 06:00:00+00:00,2521469986.0,0.00171601,16.21141361,377772822.0,3.128372013568878,0.0,0.0,0.0,0.707791268825531,2.420580744743347,0.0,0.0,0.0,0.0,0.0,0.0,0.0,0.0,7.0,235.0,2.0,28.0,74.0,27.0,42.0
2020-05-14 08:00:00+00:00,2559861778.0,0.00169771,16.45824788,391292064.0,1.6188126802444458,0.0,0.0,0.0,0.867038905620575,0.0,0.7517737746238708,0.0,0.0,0.0,0.0,0.0,0.0,0.0,13.0,250.0,12.0,25.0,95.0,22.0,52.0
2020-05-14 10:00:00+00:00,2549655464.0,0.00170028,16.39262792,402082226.0,2.448405146598816,1.6655735969543457,0.0,0.0,0.0,0.0,0.7828315496444702,0.7010477185249329,0.7010477185249329,0.0,0.0,0.0,0.0,0.0,16.0,168.0,6.0,29.0,104.0,17.0,32.0
2020-05-14 12:00:00+00:00,2531683464.0,0.001699770937412935,16.2770796356,396961484.0,6.723770260810852,0.0,0.0,0.0,0.0,4.267054080963135,2.4567161798477173,0.0,0.9079627990722656,0.0,0.0,0.0,0.0,0.0,21.0,210.0,1.0,32.0,79.0,14.0,44.0
2020-05-14 14:00:00+00:00,2544009085.0,0.00169007,16.35632537,389054986.0,4.774393200874329,0.0,0.8872039318084717,0.0,0.0,0.7036969065666199,3.183492362499237,2.6750704646110535,1.5488247871398926,0.0,0.0,0.0,0.9689789414405823,0.8831140398979187,22.0,97.0,17.0,36.0,79.0,26.0,51.0
2020-05-14 16:00:00+00:00,2527963522.0,0.00168901,16.25316283,381617728.0,2.6555685997009277,0.0,1.7445517182350159,0.0,0.0,0.9110168814659119,0.0,1.5339312553405762,0.7946195006370544,0.0,0.7393117547035217,0.0,0.0,0.0,11.0,61.0,9.0,27.0,69.0,28.0,53.0
2020-05-14 18:00:00+00:00,2550862443.0,0.00170028,16.40038801,385222532.0,2.4333472847938538,0.0,0.0,0.0,0.0,0.8475205898284912,1.5858266949653625,0.0,0.0,0.0,0.0,0.0,0.0,0.0,6.0,46.0,11.0,29.0,67.0,24.0,45.0
2020-05-14 20:00:00+00:00,2536120434.0,0.00167886,16.30560647,383385033.0,0.8956498503684998,0.7064629793167114,0.0,0.0,0.0,0.8956498503684998,0.0,0.0,0.8480619788169861,0.0,0.0,0.0,0.0,0.0,3.0,21.0,19.0,39.0,267.0,43.0,34.0
2020-05-14 22:00:00+00:00,2544238407.0,0.00168053,16.35779976,388231861.0,0.0,0.0,0.0,0.0,0.0,0.0,0.0,0.0,0.0,0.0,0.0,0.0,0.0,0.0,1.0,48.0,11.0,39.0,83.0,24.0,23.0
2020-05-15 00:00:00+00:00,2551293821.0,0.00168987,16.40316149,389718424.0,1.784242570400238,0.0,0.0,0.8440402150154114,0.0,0.9402023553848267,0.0,0.0,0.0,0.0,0.0,0.0,0.0,0.0,3.0,61.0,16.0,30.0,72.0,15.0,15.0
2020-05-15 02:00:00+00:00,2521949787.0,0.00170195,16.21449842,400534007.0,0.8723751902580261,0.0,0.0,0.0,0.0,0.8723751902580261,0.0,0.7021383047103882,0.0,0.7021383047103882,0.0,0.0,0.0,0.0,6.0,168.0,8.0,27.0,108.0,19.0,22.0
2020-05-15 04:00:00+00:00,2493212455.0,0.00169157,16.02973604,391028105.0,0.0,0.7074903845787048,0.0,0.0,0.0,0.0,0.0,0.0,0.0,0.0,0.0,0.0,0.0,0.0,3.0,68.0,8.0,24.0,44.0,20.0,34.0
2020-05-15 06:00:00+00:00,2501220469.0,0.0016912158912755699,16.0812223712,392557826.0,0.8126092553138733,0.0,0.8126092553138733,0.0,0.0,0.0,0.0,0.7895768880844116,0.0,0.0,0.0,0.0,0.7895768880844116,0.0,7.0,171.0,4.0,29.0,57.0,10.0,34.0
2020-05-15 08:00:00+00:00,2514505947.0,0.00168124,16.16663937,374631291.0,0.7613707780838013,0.0,0.0,0.0,0.0,0.7613707780838013,0.0,0.0,0.0,0.0,0.0,0.0,0.0,0.0,7.0,197.0,2.0,25.0,52.0,20.0,52.0
2020-05-15 10:00:00+00:00,2526548610.0,0.00169201,16.24406586,360854041.0,3.27473783493042,0.0,1.612261712551117,0.0,0.0,0.8287269473075867,0.8337491750717163,0.8410922884941101,0.0,0.8410922884941101,0.0,0.0,0.0,0.0,13.0,96.0,6.0,25.0,63.0,25.0,46.0
2020-05-15 12:00:00+00:00,2511014568.0,0.00169055,16.14419207,354574145.0,3.536101818084717,0.7694140076637268,0.0,0.0,0.9032241702079773,2.6328776478767395,0.0,0.8698077201843262,0.0,0.0,0.0,0.0,0.8698077201843262,0.0,7.0,193.0,11.0,45.0,52.0,46.0,57.0
2020-05-15 14:00:00+00:00,2493198908.0,0.00169033,16.02964895,349079272.0,0.7602899670600891,0.0,0.0,0.0,0.0,0.0,0.7602899670600891,0.0,0.0,0.0,0.0,0.0,0.0,0.0,11.0,77.0,4.0,34.0,55.0,36.0,49.0
2020-05-15 16:00:00+00:00,2501860359.0,0.00169818,16.08533645,347180790.0,1.7266581654548645,0.0,0.0,0.0,0.0,0.0,1.7266581654548645,0.7252981662750244,0.7775304913520813,0.0,0.0,0.0,0.0,0.7252981662750244,15.0,84.0,6.0,40.0,86.0,32.0,64.0
2020-05-15 18:00:00+00:00,2483253202.0,0.00170325,15.96570452,342893268.0,1.7412983179092407,0.0,0.0,0.0,0.0,0.8137556910514832,0.9275426268577576,0.8301506638526917,0.0,0.0,0.0,0.0,0.0,0.8301506638526917,13.0,62.0,5.0,40.0,132.0,19.0,43.0
2020-05-15 20:00:00+00:00,2462304759.0,0.00168111,15.83101964,346433596.0,3.2821671962738037,0.0,0.0,0.0,0.0,2.490864396095276,0.7913028001785278,0.0,0.0,0.0,0.0,0.0,0.0,0.0,9.0,43.0,15.0,32.0,202.0,23.0,35.0
2020-05-15 22:00:00+00:00,2450383625.0,0.0016889,15.7543745,340889408.0,0.9007084369659424,0.0,0.0,0.0,0.0,0.0,0.9007084369659424,0.0,0.0,0.0,0.0,0.0,0.0,0.0,7.0,38.0,5.0,40.0,124.0,33.0,26.0
2020-05-16 00:00:00+00:00,2475741852.0,0.0016915,15.91741142,346287210.0,0.0,0.0,0.0,0.0,0.0,0.0,0.0,0.9272742867469788,0.9272742867469788,0.0,0.0,0.0,0.0,0.0,5.0,56.0,2.0,28.0,64.0,27.0,16.0
2020-05-16 02:00:00+00:00,2491040412.0,0.0017024,16.01577122,337571649.0,1.5444865226745605,0.7703598141670227,0.0,0.0,0.0,0.7741267085075378,0.0,0.0,0.0,0.0,0.0,0.0,0.0,0.0,7.0,125.0,6.0,21.0,40.0,24.0,32.0
2020-05-16 04:00:00+00:00,2505333317.0,0.00169997,16.10766531,341879165.0,0.0,0.0,0.0,0.0,0.0,0.0,0.0,0.0,0.0,0.0,0.0,0.0,0.0,0.0,1.0,62.0,8.0,19.0,79.0,15.0,24.0
2020-05-16 06:00:00+00:00,2503692007.0,0.00170844,16.09711276,331540875.0,1.5387027263641357,0.8801373839378357,0.0,0.0,0.0,0.8085775375366211,0.7301251888275146,1.5203810334205627,1.5203810334205627,0.0,0.0,0.0,0.0,0.0,10.0,246.0,0.0,24.0,44.0,12.0,38.0
2020-05-16 08:00:00+00:00,2508277572.0,0.001714,16.12659496,343150685.0,1.6716579794883728,0.0,0.0,0.0,0.0,0.7831676006317139,0.8884903788566589,0.0,0.0,0.0,0.0,0.0,0.0,0.0,7.0,177.0,2.0,25.0,75.0,15.0,31.0
2020-05-16 10:00:00+00:00,2509518466.0,0.00171448,16.1345731,341126925.0,0.7761892676353455,0.0,0.0,0.0,0.0,0.0,0.7761892676353455,0.0,0.0,0.0,0.0,0.0,0.0,0.0,8.0,136.0,17.0,13.0,60.0,12.0,46.0
2020-05-16 12:00:00+00:00,2503883983.0,0.00170246,16.09834704,342847786.0,0.7100022435188293,0.9515865445137024,0.0,0.0,0.0,0.7100022435188293,0.0,0.0,0.0,0.0,0.0,0.0,0.0,0.0,6.0,166.0,2.0,26.0,106.0,31.0,39.0
2020-05-16 14:00:00+00:00,2494040431.0,0.0017073,16.03505939,337034955.0,2.387296199798584,0.7312512993812561,0.0,0.0,0.0,0.0,1.6560449004173279,0.0,0.0,0.0,0.0,0.0,0.0,0.0,15.0,58.0,8.0,38.0,72.0,22.0,62.0
2020-05-16 16:00:00+00:00,2484556723.0,0.00170824,15.97408532,340215089.0,3.121611535549164,0.0,0.0,0.0,0.0,3.121611535549164,0.0,1.726467251777649,0.7764126062393188,0.0,0.0,0.0,0.9500546455383301,0.0,29.0,66.0,2.0,32.0,97.0,31.0,28.0
2020-05-16 18:00:00+00:00,2478943286.0,0.00170691,15.93799456,342171205.0,2.425447404384613,0.0,0.0,0.0,0.0,2.425447404384613,0.0,0.0,0.0,0.0,0.0,0.0,0.0,0.0,8.0,63.0,9.0,30.0,61.0,28.0,28.0
2020-05-16 20:00:00+00:00,2500958261.0,0.00171549,16.07953655,334050541.0,0.8438533544540405,0.0,0.0,0.0,0.0,0.8438533544540405,0.0,0.0,0.0,0.0,0.0,0.0,0.0,0.0,5.0,51.0,12.0,43.0,88.0,28.0,31.0
2020-05-16 22:00:00+00:00,2496641247.0,0.00171182,16.05178095,339913391.0,0.7150058150291443,1.8287866711616516,0.0,0.0,0.0,0.7150058150291443,0.0,0.0,0.0,0.0,0.0,0.0,0.0,0.0,6.0,29.0,11.0,23.0,97.0,23.0,15.0
2020-05-17 00:00:00+00:00,2519471111.0,0.0017072349515280588,16.198562140900002,338606446.0,0.0,0.0,0.0,0.0,0.0,0.0,0.0,0.7064403295516968,0.7064403295516968,0.0,0.0,0.0,0.0,0.0,2.0,35.0,2.0,26.0,66.0,20.0,17.0
2020-05-17 02:00:00+00:00,2523028196.0,0.00169726,16.22143189,335325270.0,0.7351198196411133,0.0,0.0,0.0,0.0,0.7351198196411133,0.0,0.0,0.0,0.0,0.0,0.0,0.0,0.0,4.0,76.0,5.0,19.0,55.0,24.0,21.0
2020-05-17 04:00:00+00:00,2515372723.0,0.00170127,16.17221217,329280819.0,2.446385383605957,0.0,0.0,0.0,0.0,2.446385383605957,0.0,0.778699517250061,0.0,0.0,0.778699517250061,0.0,0.0,0.0,11.0,30.0,3.0,26.0,52.0,15.0,37.0
2020-05-17 06:00:00+00:00,2534562114.0,0.00170915,16.29558749,333073518.0,0.7743511199951172,0.0,0.0,0.0,0.0,0.7743511199951172,0.0,0.0,0.0,0.0,0.0,0.0,0.0,0.0,3.0,123.0,7.0,11.0,42.0,11.0,37.0
2020-05-17 08:00:00+00:00,2528334675.0,0.00171191,16.2555491,326702229.0,0.0,0.8317640423774719,0.0,0.0,0.0,0.0,0.0,0.8406040072441101,0.8406040072441101,0.0,0.0,0.0,0.0,0.0,7.0,89.0,3.0,15.0,59.0,8.0,49.0
2020-05-17 10:00:00+00:00,2523468463.0,0.00170327,16.22426252,321514929.0,2.564397096633911,0.0,0.0,0.0,1.624086320400238,0.9403107762336731,0.0,0.0,0.0,0.0,0.0,0.0,0.0,0.0,7.0,83.0,2.0,19.0,86.0,4.0,41.0
2020-05-17 12:00:00+00:00,2550550716.0,0.0016852,16.39838381,336770176.0,1.712449312210083,0.0,0.0,0.0,0.0,0.8168435096740723,0.8956058025360107,0.0,0.0,0.0,0.0,0.0,0.0,0.0,10.0,141.0,16.0,27.0,155.0,17.0,62.0
2020-05-17 14:00:00+00:00,2557301848.0,0.00167921,16.4417892,343945555.0,0.8590121865272522,0.8590121865272522,0.0,0.0,0.0,0.0,0.0,0.0,0.7650651335716248,0.0,0.0,0.0,0.0,0.0,6.0,69.0,4.0,36.0,102.0,23.0,56.0
2020-05-17 16:00:00+00:00,2546583125.0,0.0016798,16.37287478,337501822.0,0.8629404306411743,0.8429768681526184,0.0,0.0,0.0,0.0,0.8629404306411743,2.29426908493042,0.0,0.0,1.541031539440155,0.0,0.7532375454902649,0.0,7.0,47.0,11.0,39.0,60.0,14.0,50.0
2020-05-17 18:00:00+00:00,2545252086.0,0.00167807,16.36431706,334839263.0,0.7981605529785156,0.8219773769378662,0.0,0.7981605529785156,0.0,0.0,0.0,0.7840255498886108,0.0,0.0,0.0,0.0,0.0,0.7840255498886108,8.0,70.0,15.0,38.0,41.0,8.0,49.0
2020-05-17 20:00:00+00:00,2547142690.0,0.00167784,16.37647241,333750350.0,0.0,0.0,0.0,0.0,0.0,0.0,0.0,0.0,0.0,0.0,0.0,0.0,0.0,0.0,3.0,42.0,8.0,32.0,42.0,10.0,40.0
2020-05-17 22:00:00+00:00,2537526373.0,0.00168701,16.31464574,329675187.0,0.7103555202484131,0.0,0.0,0.7103555202484131,0.0,0.0,0.0,0.0,0.7965828776359558,0.0,0.0,0.0,0.0,0.0,3.0,44.0,7.0,27.0,101.0,31.0,21.0
2020-05-18 00:00:00+00:00,2581907246.0,0.00167928,16.59998592,338858787.0,0.0,0.0,0.0,0.0,0.0,0.0,0.0,0.0,0.0,0.0,0.0,0.0,0.0,0.0,2.0,42.0,20.0,14.0,197.0,16.0,16.0
2020-05-18 02:00:00+00:00,2601879316.0,0.00169703,16.72839335,342869055.0,0.7778828144073486,0.7778828144073486,0.0,0.0,0.0,0.0,0.0,0.7421057820320129,0.7421057820320129,0.0,0.0,0.0,0.0,0.0,8.0,127.0,15.0,22.0,70.0,9.0,35.0
2020-05-18 04:00:00+00:00,2615768734.0,0.00170477,16.81769329,345288238.0,0.8341100811958313,0.0,0.0,0.0,0.8341100811958313,0.0,0.0,1.7803341150283813,0.796031653881073,0.0,1.7803341150283813,0.0,0.0,0.0,10.0,42.0,6.0,27.0,55.0,35.0,38.0
2020-05-18 06:00:00+00:00,2582949880.0,0.00170069,16.60668938,334248066.0,1.60934317111969,0.0,0.0,0.0,0.0,0.0,1.60934317111969,0.0,0.0,0.0,0.0,0.0,0.0,0.0,13.0,171.0,17.0,20.0,59.0,11.0,43.0
2020-05-18 08:00:00+00:00,2546285518.0,0.00170931,16.37096135,335155547.0,0.7846110463142395,0.0,0.0,0.0,0.0,0.7846110463142395,0.0,0.0,0.0,0.0,0.0,0.0,0.0,0.0,8.0,159.0,8.0,17.0,158.0,15.0,48.0
2020-05-18 10:00:00+00:00,2555094901.0,0.00170904,16.42759996,337020656.0,1.533501386642456,0.9555372595787048,0.0,0.0,0.0,0.0,1.533501386642456,0.0,0.0,0.0,0.0,0.0,0.0,0.0,7.0,123.0,13.0,20.0,74.0,26.0,58.0
2020-05-18 12:00:00+00:00,2567134349.0,0.00170745,16.50500579,329145870.0,1.490020215511322,0.0,0.0,0.0,0.0,1.490020215511322,0.0,0.8191272020339966,1.709954857826233,0.0,0.0,0.0,0.0,0.0,8.0,187.0,16.0,47.0,64.0,26.0,51.0
2020-05-18 14:00:00+00:00,2573928768.0,0.00170787,16.54868949,321252753.0,2.2559090852737427,0.8216879963874817,0.0,0.0,0.0,0.7274681329727173,0.7067529559135437,0.0,0.0,0.0,0.0,0.0,0.0,0.0,14.0,84.0,4.0,27.0,59.0,16.0,71.0
2020-05-18 16:00:00+00:00,2555730718.0,0.0017106,16.43168785,320298044.0,3.103548765182495,0.8662788271903992,0.0,0.0,0.0,2.2041966915130615,0.8993520736694336,0.0,0.0,0.0,0.0,0.0,0.0,0.0,13.0,46.0,2.0,54.0,90.0,10.0,46.0
2020-05-18 18:00:00+00:00,2567703321.0,0.00170386,16.50866391,327533756.0,1.6933218240737915,0.0,0.0,0.0,0.0,1.6933218240737915,0.0,0.0,0.0,0.0,0.0,0.0,0.0,0.0,8.0,52.0,22.0,40.0,53.0,23.0,51.0
2020-05-18 20:00:00+00:00,2574284238.0,0.00170644,16.55097493,330736269.0,0.0,0.0,0.0,0.0,0.0,0.0,0.0,0.0,0.0,0.0,0.0,0.0,0.0,0.0,2.0,68.0,5.0,40.0,63.0,13.0,30.0
2020-05-18 22:00:00+00:00,2587549865.0,0.00171039,16.6362643,337613743.0,0.7886698842048645,0.0,0.0,0.7886698842048645,0.0,0.0,0.0,0.0,0.0,0.0,0.0,0.0,0.0,0.0,7.0,59.0,12.0,29.0,65.0,11.0,30.0
2020-05-19 00:00:00+00:00,2568107903.0,0.00171118,16.51126511,325978705.0,0.7297171354293823,0.0,0.0,0.0,0.0,0.7297171354293823,0.0,0.0,0.0,0.0,0.0,0.0,0.0,0.0,1.0,59.0,7.0,37.0,75.0,14.0,27.0
2020-05-19 02:00:00+00:00,2548400100.0,0.00171035,16.38455675,322843012.0,0.0,0.9047861099243164,0.0,0.0,0.0,0.0,0.0,0.0,0.0,0.0,0.0,0.0,0.0,0.0,1.0,164.0,7.0,24.0,66.0,21.0,27.0
2020-05-19 04:00:00+00:00,2566355217.0,0.001720162591302777,16.4999964821,323725084.0,0.7688905596733093,0.0,0.0,0.0,0.0,0.0,0.7688905596733093,0.0,0.0,0.0,0.0,0.0,0.0,0.0,3.0,32.0,20.0,9.0,56.0,4.0,34.0
2020-05-19 06:00:00+00:00,2564134440.0,0.00172064,16.48571833,320012949.0,2.238588571548462,0.0,0.0,0.0,0.0,1.5310483574867249,0.7075402140617371,0.0,0.0,0.0,0.0,0.0,0.0,0.0,7.0,200.0,2.0,20.0,44.0,11.0,31.0
2020-05-19 08:00:00+00:00,2605846414.0,0.00171316,16.75389922,326578124.0,0.8398975729942322,0.0,0.0,0.0,0.8398975729942322,0.0,0.0,0.7258721590042114,0.0,0.0,0.7258721590042114,0.0,0.0,0.0,5.0,233.0,3.0,20.0,92.0,13.0,49.0
2020-05-19 10:00:00+00:00,2659560070.0,0.00175113,17.09924312,349734086.0,0.0,0.8392378091812134,0.0,0.0,0.0,0.0,0.0,0.0,0.0,0.0,0.0,0.0,0.0,0.0,14.0,184.0,9.0,21.0,88.0,19.0,58.0
2020-05-19 12:00:00+00:00,2644294564.0,0.00175552,17.00109584,350713069.0,2.417647421360016,0.0,0.0,0.0,0.0,0.9557428359985352,1.4619045853614807,0.0,0.0,0.0,0.0,0.0,0.0,0.0,12.0,239.0,7.0,44.0,53.0,18.0,50.0
2020-05-19 14:00:00+00:00,2626457535.0,0.0017446055638395946,16.8864153324,347299689.0,0.0,0.0,0.0,0.0,0.0,0.0,0.0,0.0,0.0,0.0,0.0,0.0,0.0,0.0,3.0,111.0,5.0,49.0,45.0,19.0,49.0
2020-05-19 16:00:00+00:00,2632616130.0,0.00175075,16.92601109,349360265.0,0.8629812002182007,0.8692086935043335,0.8629812002182007,0.0,0.0,0.0,0.0,0.0,0.0,0.0,0.0,0.0,0.0,0.0,2.0,95.0,12.0,28.0,60.0,21.0,35.0
2020-05-19 18:00:00+00:00,2631656705.0,0.00174934,16.91984262,343227059.0,0.7051778435707092,0.0,0.0,0.0,0.0,0.7051778435707092,0.0,0.0,0.0,0.0,0.0,0.0,0.0,0.0,4.0,87.0,17.0,41.0,49.0,23.0,36.0
2020-05-19 20:00:00+00:00,2641739847.0,0.00175423,16.98467067,346587398.0,0.7488376498222351,0.8577622175216675,0.0,0.0,0.0,0.7488376498222351,0.0,0.0,1.4900970458984375,0.0,0.0,0.0,0.0,0.0,6.0,58.0,6.0,36.0,85.0,15.0,34.0
2020-05-19 22:00:00+00:00,2668180081.0,0.00176324,17.15466419,351679092.0,0.7616109848022461,0.0,0.0,0.0,0.0,0.7616109848022461,0.0,0.0,0.0,0.0,0.0,0.0,0.0,0.0,5.0,35.0,5.0,27.0,122.0,31.0,29.0
2020-05-20 00:00:00+00:00,2685319763.0,0.00177146,17.26486121,360728674.0,1.7295178174972534,0.9074799418449402,0.0,0.0,0.0,0.8220378756523132,0.0,0.8024181127548218,0.0,0.0,0.8024181127548218,0.0,0.0,0.0,3.0,69.0,12.0,16.0,125.0,10.0,30.0
2020-05-20 02:00:00+00:00,2658101701.0,0.00175561,17.08986675,361225304.0,0.0,0.0,0.0,0.0,0.0,0.0,0.0,0.0,0.0,0.0,0.0,0.0,0.0,0.0,1.0,173.0,10.0,15.0,80.0,15.0,40.0
2020-05-20 04:00:00+00:00,2667875040.0,0.00176288,17.15270298,357583377.0,0.0,0.0,0.0,0.0,0.0,0.0,0.0,0.0,0.7159200310707092,0.0,0.0,0.0,0.0,0.0,6.0,57.0,20.0,24.0,83.0,13.0,64.0
2020-05-20 06:00:00+00:00,2665401165.0,0.00175893,17.13679757,354775564.0,4.230740487575531,0.0,0.0,0.0,0.0,4.230740487575531,0.0,0.0,0.0,0.0,0.0,0.0,0.0,0.0,9.0,227.0,4.0,30.0,137.0,27.0,72.0
2020-05-20 08:00:00+00:00,2672548886.0,0.00175825,17.18275277,348120393.0,2.45745050907135,0.0,0.0,0.0,0.7299920916557312,1.727458417415619,0.0,0.0,0.9813838005065918,0.0,0.0,0.0,0.0,0.0,6.0,190.0,11.0,28.0,103.0,10.0,62.0
2020-05-20 10:00:00+00:00,2665848647.0,0.0017598,17.13967459,330652965.0,1.8697426319122314,0.0,0.0,0.0,0.0,1.8697426319122314,0.0,0.0,0.8986798524856567,0.0,0.0,0.0,0.0,0.0,3.0,134.0,15.0,21.0,120.0,23.0,68.0
2020-05-20 12:00:00+00:00,2678055341.0,0.00176326,17.2181557,325576137.0,4.094673335552216,0.0,0.0,0.0,0.0,4.094673335552216,0.0,0.8062072992324829,0.8062072992324829,0.0,0.0,0.0,0.0,0.0,8.0,177.0,15.0,21.0,188.0,11.0,100.0
2020-05-20 14:00:00+00:00,2596598666.0,0.0017598326491836769,16.694442204,323799039.0,0.0,0.0,0.0,0.0,0.0,0.0,0.0,0.0,0.760078489780426,0.0,0.0,0.0,0.0,0.0,3.0,75.0,10.0,51.0,397.0,236.0,102.0
2020-05-20 16:00:00+00:00,2613144452.0,0.00176271,16.80082086,323875484.0,0.7563993334770203,0.0,0.0,0.0,0.0,0.7563993334770203,0.0,0.0,0.0,0.0,0.0,0.0,0.0,0.0,9.0,84.0,22.0,53.0,321.0,28.0,95.0
2020-05-20 18:00:00+00:00,2606407212.0,0.0017581520705793102,16.757504783,311397892.0,1.5719387531280518,0.0,0.7619875073432922,0.0,0.0,0.8099512457847595,0.0,0.0,0.0,0.0,0.0,0.0,0.0,0.0,2.0,67.0,12.0,34.0,90.0,12.0,66.0
2020-05-20 20:00:00+00:00,2629819619.0,0.00176954,16.90803135,310395210.0,0.8405982255935669,0.8405982255935669,0.0,0.0,0.0,0.0,0.0,0.0,0.0,0.0,0.0,0.0,0.0,0.0,5.0,46.0,12.0,31.0,193.0,25.0,56.0
2020-05-20 22:00:00+00:00,2626708056.0,0.0017734,16.88802602,305581860.0,2.715334713459015,0.0,0.0,0.0,0.0,2.715334713459015,0.0,0.9302926063537598,0.0,0.0,0.0,0.0,0.0,0.9302926063537598,8.0,47.0,8.0,20.0,94.0,40.0,34.0
2020-05-21 00:00:00+00:00,2640347099.0,0.00178177,16.9757162,299522048.0,0.7866470813751221,0.9732543230056763,0.0,0.7866470813751221,0.0,0.0,0.0,0.857138991355896,0.9731137752532959,0.857138991355896,0.0,0.0,0.0,0.0,4.0,65.0,1.0,21.0,52.0,20.0,31.0
2020-05-21 02:00:00+00:00,2626854925.0,0.00178081,16.88897029,295676462.0,0.0,0.0,0.0,0.0,0.0,0.0,0.0,0.0,0.0,0.0,0.0,0.0,0.0,0.0,3.0,86.0,17.0,15.0,41.0,6.0,22.0
2020-05-21 04:00:00+00:00,2617574330.0,0.00176977,16.82930209,295801644.0,0.0,1.4560878276824951,0.0,0.0,0.0,0.0,0.0,0.8122332692146301,1.7027441263198853,0.0,0.0,0.0,0.0,0.0,2.0,47.0,11.0,21.0,25.0,11.0,33.0
2020-05-21 06:00:00+00:00,2610733432.0,0.00177074,16.78531957,294367092.0,0.0,0.0,0.0,0.0,0.0,0.0,0.0,0.0,0.0,0.0,0.0,0.0,0.0,0.0,5.0,114.0,7.0,15.0,100.0,4.0,61.0
2020-05-21 08:00:00+00:00,2597072859.0,0.00178728,16.69749096,293903107.0,0.7776109576225281,0.0,0.0,0.0,0.0,0.0,0.7776109576225281,0.0,0.0,0.0,0.0,0.0,0.0,0.0,6.0,155.0,8.0,18.0,98.0,20.0,42.0
2020-05-21 10:00:00+00:00,2580491015.0,0.0017721856693629237,16.5908804789,295446662.0,0.0,0.0,0.0,0.0,0.0,0.0,0.0,0.0,0.0,0.0,0.0,0.0,0.0,0.0,5.0,194.0,6.0,27.0,107.0,33.0,48.0
2020-05-21 12:00:00+00:00,2580869295.0,0.00177959,16.59331257,296137006.0,0.0,0.0,0.0,0.0,0.0,0.0,0.0,0.0,0.0,0.0,0.0,0.0,0.0,0.0,3.0,201.0,4.0,43.0,48.0,29.0,52.0
2020-05-21 14:00:00+00:00,2517755259.0,0.00177987,16.18753033,293352940.0,3.0713680386543274,0.8811520338058472,0.0,0.0,0.0,3.0713680386543274,0.0,0.0,2.448550045490265,0.0,0.0,0.0,0.0,0.0,12.0,90.0,14.0,39.0,117.0,11.0,71.0
2020-05-21 16:00:00+00:00,2517587470.0,0.00178848,16.18645156,289388001.0,3.0867671370506287,1.4484550952911377,0.0,0.0,0.0,1.5949328541755676,0.7706303000450134,0.835238516330719,0.0,0.0,0.0,0.0,0.835238516330719,0.0,11.0,54.0,11.0,29.0,81.0,19.0,53.0
2020-05-21 18:00:00+00:00,2504984909.0,0.0017766048175530016,16.1054252739,290266403.0,3.1862176656723022,2.3926692605018616,0.0,0.0,0.0,1.5518211126327515,1.6343965530395508,1.5853575468063354,0.7291556596755981,0.0,0.0,0.0,0.0,1.5853575468063354,15.0,78.0,19.0,45.0,152.0,28.0,51.0
2020-05-21 20:00:00+00:00,2509308679.0,0.0017754649481988812,16.1332243112,299259045.0,0.7632178068161011,0.0,0.7632178068161011,0.0,0.0,0.0,0.0,0.7348763942718506,0.0,0.0,0.0,0.0,0.0,0.7348763942718506,9.0,44.0,7.0,31.0,80.0,18.0,50.0
2020-05-21 22:00:00+00:00,2507622080.0,0.00177525,16.12238057,283593221.0,0.7711579203605652,0.0,0.0,0.0,0.0,0.0,0.7711579203605652,0.0,0.0,0.0,0.0,0.0,0.0,0.0,3.0,49.0,23.0,22.0,115.0,19.0,41.0
2020-05-22 00:00:00+00:00,2513487300.0,0.0017792363005503659,16.1600901285,284391491.0,3.219848334789276,0.7057605385780334,0.0,0.0,0.0,3.219848334789276,0.0,0.0,0.0,0.0,0.0,0.0,0.0,0.0,7.0,44.0,3.0,20.0,94.0,11.0,35.0
2020-05-22 02:00:00+00:00,2506712135.0,0.00178567,16.11653022,286165681.0,2.927863657474518,2.364602208137512,0.0,0.0,0.0,0.7006343007087708,0.7167920470237732,0.0,0.0,0.0,0.0,0.0,0.0,0.0,8.0,137.0,3.0,23.0,101.0,24.0,47.0
2020-05-22 04:00:00+00:00,2498722606.0,0.00177387,16.06516274,281190175.0,0.0,0.0,0.0,0.0,0.0,0.0,0.0,0.7007930874824524,0.0,0.0,0.0,0.0,0.7007930874824524,0.0,3.0,67.0,6.0,13.0,197.0,21.0,64.0
2020-05-22 06:00:00+00:00,2537271297.0,0.001794,16.31300578,288052229.0,1.7556329369544983,0.9078618288040161,0.0,0.0,0.0,0.9245128631591797,0.8311200737953186,0.0,0.0,0.0,0.0,0.0,0.0,0.0,7.0,232.0,16.0,23.0,143.0,23.0,62.0
2020-05-22 08:00:00+00:00,2567928212.0,0.0018145,16.51010982,291387534.0,2.4209762811660767,0.7531337141990662,1.6724953651428223,0.0,0.0,0.7484809160232544,0.0,0.7924901843070984,0.0,0.0,0.0,0.0,0.0,0.7924901843070984,17.0,210.0,10.0,18.0,105.0,18.0,75.0
2020-05-22 10:00:00+00:00,2572721199.0,0.00180327,16.54092561,292580980.0,0.0,1.7685884237289429,0.0,0.0,0.0,0.0,0.0,0.859643816947937,0.0,0.0,0.0,0.0,0.859643816947937,0.0,6.0,115.0,8.0,21.0,127.0,28.0,91.0
2020-05-22 12:00:00+00:00,2555316422.0,0.0017979,16.4290242,290713121.0,1.4747491478919983,0.0,0.0,0.0,0.0,0.7660712599754333,0.7086778879165649,0.0,0.0,0.0,0.0,0.0,0.0,0.0,6.0,103.0,6.0,26.0,147.0,24.0,88.0
2020-05-22 14:00:00+00:00,2583957721.0,0.00180552,16.61316914,278518181.0,1.8806164264678955,0.0,0.0,0.0,0.0,0.9094201922416687,0.9711962342262268,0.0,0.0,0.0,0.0,0.0,0.0,0.0,6.0,81.0,17.0,36.0,208.0,20.0,134.0
2020-05-22 16:00:00+00:00,2600692849.0,0.00181852,16.72076514,288864627.0,3.3492982983589172,3.5684242844581604,0.0,0.0,0.0,0.8215614557266235,1.62185800075531,0.0,0.0,0.0,0.0,0.0,0.0,0.0,12.0,84.0,29.0,39.0,209.0,27.0,135.0
2020-05-22 18:00:00+00:00,2591974179.0,0.00181387,16.66470976,281837890.0,1.6965100169181824,0.8270832896232605,0.0,0.0,0.0,0.8603770136833191,0.8361330032348633,0.0,0.0,0.0,0.0,0.0,0.0,0.0,7.0,58.0,7.0,31.0,191.0,19.0,99.0
2020-05-22 20:00:00+00:00,2603562656.0,0.00181759,16.73921614,293475644.0,0.7213315963745117,0.8173844814300537,0.0,0.0,0.0,0.7213315963745117,0.0,0.0,0.0,0.0,0.0,0.0,0.0,0.0,3.0,49.0,7.0,42.0,153.0,18.0,63.0
2020-05-22 22:00:00+00:00,2588067684.0,0.00181208,16.63959354,308017283.0,0.0,0.7342184782028198,0.0,0.0,0.0,0.0,0.0,0.0,0.0,0.0,0.0,0.0,0.0,0.0,5.0,32.0,13.0,27.0,103.0,17.0,34.0
2020-05-23 00:00:00+00:00,2594256196.0,0.00180606,16.67938165,306373718.0,0.0,0.0,0.0,0.0,0.0,0.0,0.0,0.0,0.0,0.0,0.0,0.0,0.0,0.0,1.0,27.0,3.0,16.0,68.0,13.0,17.0
2020-05-23 02:00:00+00:00,2614260830.0,0.00180931,16.80799844,305265674.0,0.0,0.0,0.0,0.0,0.0,0.0,0.0,0.0,0.0,0.0,0.0,0.0,0.0,0.0,3.0,120.0,9.0,20.0,115.0,14.0,29.0
2020-05-23 04:00:00+00:00,2593953855.0,0.00179744,16.67743779,307142839.0,0.0,0.0,0.0,0.0,0.0,0.0,0.0,0.0,0.0,0.0,0.0,0.0,0.0,0.0,0.0,43.0,8.0,19.0,54.0,8.0,33.0
2020-05-23 06:00:00+00:00,2594098555.0,0.00180164,16.678368120000002,327428961.0,2.570066273212433,0.8146939873695374,0.0,0.0,0.0,0.8475205898284912,0.9078516960144043,0.0,0.0,0.0,0.0,0.0,0.0,0.0,6.0,193.0,4.0,11.0,45.0,6.0,37.0
2020-05-23 08:00:00+00:00,2565660382.0,0.00179753,16.49552914,318537453.0,0.0,0.0,0.0,0.0,0.0,0.0,0.0,0.0,0.0,0.0,0.0,0.0,0.0,0.0,7.0,104.0,4.0,22.0,90.0,6.0,53.0
2020-05-23 10:00:00+00:00,2562224409.0,0.0017944,16.47343807,312345322.0,2.98992520570755,0.0,0.0,0.0,0.0,2.98992520570755,0.0,0.0,0.0,0.0,0.0,0.0,0.0,0.0,5.0,100.0,15.0,26.0,57.0,3.0,53.0
2020-05-23 12:00:00+00:00,2547354383.0,0.00179144,16.37783346,311466014.0,0.8802252411842346,0.0,0.0,0.0,0.0,0.0,0.8802252411842346,0.8141945004463196,0.7859064936637878,0.0,0.0,0.0,0.0,0.8141945004463196,7.0,93.0,17.0,25.0,116.0,16.0,57.0
2020-05-23 14:00:00+00:00,2572935544.0,0.00179991,16.54230371,310303147.0,1.574324905872345,0.0,0.0,0.0,0.0,1.574324905872345,0.0,0.0,0.0,0.0,0.0,0.0,0.0,0.0,5.0,42.0,6.0,30.0,83.0,13.0,62.0
2020-05-23 16:00:00+00:00,2564387869.0,0.00179501,16.48734771,299745698.0,1.6340062022209167,0.0,0.0,0.0,0.0,0.8715091943740845,0.7624970078468323,0.8801299333572388,0.0,0.0,0.0,0.0,0.0,0.8801299333572388,10.0,66.0,9.0,39.0,94.0,20.0,57.0
2020-05-23 18:00:00+00:00,2574520307.0,0.00180099,16.5524927,293047155.0,0.0,0.0,0.0,0.0,0.0,0.0,0.0,0.0,0.0,0.0,0.0,0.0,0.0,0.0,3.0,37.0,12.0,24.0,110.0,13.0,45.0
2020-05-23 20:00:00+00:00,2572745355.0,0.00179642,16.54108092,288011004.0,0.8789702653884888,0.8789702653884888,0.0,0.0,0.0,0.0,0.0,0.0,0.0,0.0,0.0,0.0,0.0,0.0,3.0,24.0,6.0,28.0,73.0,24.0,24.0
2020-05-23 22:00:00+00:00,2580073085.0,0.00180125,16.58819346,281071630.0,2.63282972574234,0.0,0.7803201675415039,0.0,0.0,0.0,1.8525095582008362,0.0,0.0,0.0,0.0,0.0,0.0,0.0,6.0,20.0,9.0,24.0,46.0,13.0,22.0
2020-05-24 00:00:00+00:00,2578842947.0,0.00180181,16.58028447,280690097.0,1.5436750650405884,0.0,0.813957929611206,0.0,0.0,0.7297171354293823,0.0,0.8809083104133606,0.0,0.0,0.0,0.0,0.8809083104133606,0.0,5.0,43.0,6.0,27.0,50.0,13.0,21.0
2020-05-24 02:00:00+00:00,2589883463.0,0.00180873,16.65126781,278243412.0,1.6626532077789307,0.0,0.0,0.0,0.0,1.6626532077789307,0.0,0.0,0.0,0.0,0.0,0.0,0.0,0.0,4.0,46.0,4.0,30.0,55.0,9.0,22.0
2020-05-24 04:00:00+00:00,2592654195.0,0.00180834,16.66908182,274092290.0,2.587718367576599,0.8865349292755127,0.0,0.0,0.0,2.587718367576599,0.0,0.0,0.0,0.0,0.0,0.0,0.0,0.0,11.0,44.0,6.0,20.0,46.0,14.0,45.0
2020-05-24 06:00:00+00:00,2596629028.0,0.00180545,16.69463741,248115383.0,2.359065890312195,0.0,0.0,0.0,0.0,2.359065890312195,0.0,0.0,0.0,0.0,0.0,0.0,0.0,0.0,6.0,76.0,5.0,24.0,79.0,19.0,56.0
2020-05-24 08:00:00+00:00,2607271665.0,0.00180787,16.76306266,249430452.0,2.249265193939209,0.0,0.0,0.0,0.0,2.249265193939209,0.0,0.8530153036117554,0.0,0.0,0.0,0.8530153036117554,0.0,0.0,9.0,53.0,5.0,27.0,47.0,10.0,39.0
2020-05-24 10:00:00+00:00,2577933760.0,0.00180749,16.57443899,248346916.0,2.409429371356964,0.0,0.0,0.0,0.0,2.409429371356964,0.0,0.0,0.0,0.0,0.0,0.0,0.0,0.0,16.0,58.0,6.0,19.0,62.0,22.0,43.0
2020-05-24 12:00:00+00:00,2570795130.0,0.00181235,16.52854224,253559885.0,1.6439340710639954,0.0,0.0,0.0,0.0,0.8475205898284912,0.7964134812355042,0.0,0.0,0.0,0.0,0.0,0.0,0.0,3.0,81.0,13.0,18.0,61.0,16.0,49.0
2020-05-24 14:00:00+00:00,2563148349.0,0.00181428,16.4793784,251886839.0,0.8622461557388306,0.0,0.0,0.0,0.0,0.8622461557388306,0.0,0.0,0.7833788394927979,0.0,0.0,0.0,0.0,0.0,3.0,55.0,7.0,23.0,98.0,18.0,88.0
2020-05-24 16:00:00+00:00,2524178942.0,0.00181162,16.22883044,252959766.0,0.0,0.0,0.0,0.0,0.0,0.0,0.0,0.0,0.0,0.0,0.0,0.0,0.0,0.0,8.0,55.0,8.0,37.0,73.0,19.0,63.0
2020-05-24 18:00:00+00:00,2544608428.0,0.00181867,16.36017876,255917308.0,0.0,0.0,0.0,0.0,0.0,0.0,0.0,0.8071112036705017,0.0,0.0,0.8071112036705017,0.0,0.0,0.0,2.0,53.0,12.0,30.0,84.0,22.0,74.0
2020-05-24 20:00:00+00:00,2554868941.0,0.00181407,16.426147190000002,254600970.0,0.7900212407112122,0.0,0.0,0.0,0.0,0.0,0.7900212407112122,0.0,0.0,0.0,0.0,0.0,0.0,0.0,3.0,34.0,6.0,35.0,68.0,14.0,37.0
2020-05-24 22:00:00+00:00,2501565035.0,0.00182967,16.08343771,250849075.0,0.0,0.0,0.0,0.0,0.0,0.0,0.0,0.7906660437583923,0.0,0.0,0.7906660437583923,0.0,0.0,0.0,3.0,24.0,9.0,28.0,134.0,25.0,34.0
2020-05-25 00:00:00+00:00,2514757388.0,0.00183726,16.16825596,257799281.0,0.0,0.0,0.0,0.0,0.0,0.0,0.0,0.0,0.0,0.0,0.0,0.0,0.0,0.0,3.0,50.0,8.0,29.0,70.0,12.0,16.0
2020-05-25 02:00:00+00:00,2506536371.0,0.00183578,16.11540017,262213418.0,0.7183884382247925,0.0,0.0,0.0,0.0,0.0,0.7183884382247925,0.0,0.7217075228691101,0.0,0.0,0.0,0.0,0.0,5.0,86.0,4.0,35.0,54.0,10.0,27.0
2020-05-25 04:00:00+00:00,2511790966.0,0.00183724,16.1491838,264861113.0,0.0,0.0,0.0,0.0,0.0,0.0,0.0,0.0,0.0,0.0,0.0,0.0,0.0,0.0,3.0,57.0,13.0,14.0,52.0,8.0,21.0
2020-05-25 06:00:00+00:00,2531238772.0,0.00183628,16.27422056,271759595.0,0.7435930967330933,0.0,0.0,0.0,0.0,0.7435930967330933,0.0,0.7549840807914734,0.0,0.0,0.0,0.0,0.0,0.7549840807914734,5.0,76.0,18.0,26.0,43.0,11.0,21.0
2020-05-25 08:00:00+00:00,2509124195.0,0.00184292,16.1320382,273373806.0,0.0,0.8886974453926086,0.0,0.0,0.0,0.0,0.0,0.0,0.9837583899497986,0.0,0.0,0.0,0.0,0.0,3.0,85.0,11.0,20.0,94.0,12.0,34.0
2020-05-25 10:00:00+00:00,2505617508.0,0.00184074,16.10949248,276350279.0,0.0,0.0,0.0,0.0,0.0,0.0,0.0,0.0,0.743173360824585,0.0,0.0,0.0,0.0,0.0,1.0,75.0,7.0,27.0,67.0,4.0,46.0
2020-05-25 12:00:00+00:00,2519627539.0,0.00184603,16.19956787,277958154.0,0.7902165651321411,0.0,0.0,0.0,0.0,0.7902165651321411,0.0,0.0,0.7152232527732849,0.0,0.0,0.0,0.0,0.0,5.0,82.0,9.0,26.0,52.0,8.0,32.0
2020-05-25 14:00:00+00:00,2523782025.0,0.00184866,16.22627852,277736100.0,0.0,0.8222447633743286,0.0,0.0,0.0,0.0,0.0,0.0,0.0,0.0,0.0,0.0,0.0,0.0,13.0,72.0,5.0,41.0,63.0,16.0,53.0
2020-05-25 16:00:00+00:00,2544277882.0,0.00184429,16.35805356,281464490.0,1.6237817406654358,0.0,0.0,0.0,0.0,0.8475205898284912,0.7762611508369446,1.5831757187843323,0.0,0.0,0.7496768832206726,0.0,0.8334988355636597,0.0,11.0,72.0,7.0,29.0,54.0,12.0,45.0
2020-05-25 18:00:00+00:00,2552553636.0,0.00183447,16.41126128,289561891.0,2.4321964383125305,0.9000892043113708,0.0,0.0,0.0,2.4321964383125305,0.0,1.5715139508247375,0.0,0.0,0.0,0.0,1.5715139508247375,0.0,16.0,66.0,15.0,33.0,63.0,29.0,24.0
2020-05-25 20:00:00+00:00,2546965260.0,0.00183392,16.37533166,291179470.0,4.185928761959076,0.8083052635192871,0.0,0.0,0.0,4.185928761959076,0.0,0.0,0.0,0.0,0.0,0.0,0.0,0.0,10.0,30.0,11.0,30.0,55.0,18.0,23.0
2020-05-25 22:00:00+00:00,2550943106.0,0.00184136,16.40090662,295250983.0,0.0,0.0,0.0,0.0,0.0,0.0,0.0,0.0,0.0,0.0,0.0,0.0,0.0,0.0,1.0,37.0,4.0,17.0,50.0,13.0,21.0
2020-05-26 00:00:00+00:00,2539709573.0,0.00183792,16.3286823,290732910.0,0.0,0.0,0.0,0.0,0.0,0.0,0.0,0.9188597202301025,0.0,0.0,0.0,0.0,0.9188597202301025,0.0,6.0,50.0,6.0,10.0,52.0,10.0,11.0
2020-05-26 02:00:00+00:00,2563888178.0,0.00185078,16.48413502,291763151.0,0.0,0.0,0.0,0.0,0.0,0.0,0.0,0.9140632152557373,0.0,0.0,0.0,0.0,0.9140632152557373,0.0,7.0,59.0,7.0,12.0,39.0,10.0,28.0
2020-05-26 04:00:00+00:00,2552366169.0,0.00183785,16.41005599,291199674.0,1.6067984104156494,0.7592778205871582,0.0,0.0,0.0,0.8475205898284912,0.0,0.9169973731040955,0.0,0.9169973731040955,0.0,0.0,0.0,0.0,12.0,56.0,6.0,20.0,36.0,8.0,30.0
2020-05-26 06:00:00+00:00,2546225614.0,0.00183566,16.37057621,288618557.0,2.487346112728119,0.0,0.0,0.0,0.0,0.8517654538154602,1.6355806589126587,0.0,0.7763110399246216,0.0,0.0,0.0,0.0,0.0,6.0,52.0,3.0,20.0,36.0,5.0,49.0
2020-05-26 08:00:00+00:00,2554502655.0,0.00183673,16.42379221,290548488.0,0.7435930967330933,0.7282721996307373,0.0,0.0,0.0,0.7435930967330933,0.0,0.0,0.0,0.0,0.0,0.0,0.0,0.0,2.0,104.0,4.0,16.0,125.0,9.0,42.0
2020-05-26 10:00:00+00:00,2530004210.0,0.00183043,16.26628313,284607943.0,0.7697311639785767,0.0,0.0,0.0,0.0,0.7697311639785767,0.0,0.0,0.0,0.0,0.0,0.0,0.0,0.0,5.0,137.0,13.0,22.0,58.0,14.0,40.0
2020-05-26 12:00:00+00:00,2512073460.0,0.00183198,16.15100005,281568387.0,0.0,0.7207018136978149,0.0,0.0,0.0,0.0,0.0,0.947588324546814,0.0,0.947588324546814,0.0,0.0,0.0,0.0,3.0,139.0,3.0,32.0,89.0,20.0,48.0
2020-05-26 14:00:00+00:00,2501827194.0,0.00183367,16.08512322,279746443.0,0.7919700145721436,0.0,0.0,0.0,0.0,0.7919700145721436,0.0,0.7625819444656372,0.0,0.0,0.0,0.0,0.0,0.7625819444656372,2.0,80.0,6.0,33.0,59.0,25.0,57.0
2020-05-26 16:00:00+00:00,2516829697.0,0.00183217,16.18157957,278532187.0,0.0,0.0,0.0,0.0,0.0,0.0,0.0,0.0,0.0,0.0,0.0,0.0,0.0,0.0,3.0,94.0,9.0,31.0,71.0,26.0,56.0
2020-05-26 18:00:00+00:00,2508247137.0,0.00183239,16.12639929,272148629.0,1.6251627802848816,0.0,0.0,0.869466245174408,0.0,0.0,0.7556965351104736,0.8701167702674866,0.0,0.0,0.0,0.0,0.8701167702674866,0.0,8.0,101.0,8.0,35.0,44.0,18.0,48.0
2020-05-26 20:00:00+00:00,2512287379.0,0.00183158,16.15237541,269921922.0,1.5819897055625916,0.0,0.0,0.7099431753158569,0.0,0.8720465302467346,0.0,0.0,0.0,0.0,0.0,0.0,0.0,0.0,5.0,64.0,6.0,29.0,92.0,28.0,27.0
2020-05-26 22:00:00+00:00,2521646463.0,0.00183503,16.21254824,264787793.0,0.0,0.7042520046234131,0.0,0.0,0.0,0.0,0.0,0.0,1.5012382864952087,0.0,0.0,0.0,0.0,0.0,3.0,54.0,4.0,19.0,61.0,11.0,32.0
2020-05-27 00:00:00+00:00,2532975728.0,0.00183461,16.28538805,265657198.0,0.0,0.0,0.0,0.0,0.0,0.0,0.0,0.0,0.0,0.0,0.0,0.0,0.0,0.0,1.0,99.0,2.0,16.0,51.0,14.0,23.0
2020-05-27 02:00:00+00:00,2527428623.0,0.00183181,16.24972377,260114515.0,0.0,0.0,0.0,0.0,0.0,0.0,0.0,0.0,0.0,0.0,0.0,0.0,0.0,0.0,3.0,104.0,4.0,15.0,53.0,15.0,27.0
2020-05-27 04:00:00+00:00,2528330500.0,0.0018301247791576239,16.2555222595,258134830.0,0.0,0.0,0.0,0.0,0.0,0.0,0.0,0.0,0.0,0.0,0.0,0.0,0.0,0.0,2.0,68.0,2.0,17.0,71.0,28.0,20.0
2020-05-27 06:00:00+00:00,2531298646.0,0.00183511,16.27460551,257254553.0,0.7393584847450256,0.0,0.0,0.0,0.0,0.0,0.7393584847450256,0.7268916368484497,0.0,0.0,0.7268916368484497,0.0,0.0,0.0,5.0,179.0,5.0,9.0,47.0,16.0,44.0
2020-05-27 08:00:00+00:00,2541508577.0,0.00183004,16.34024873,257083659.0,2.63473117351532,0.0,0.0,0.0,0.0,2.63473117351532,0.0,0.0,0.0,0.0,0.0,0.0,0.0,0.0,7.0,146.0,3.0,15.0,67.0,14.0,53.0
2020-05-27 10:00:00+00:00,2558329622.0,0.001801407027536793,16.448397117,266577374.0,0.8666795492172241,0.0,0.0,0.0,0.0,0.0,0.8666795492172241,0.0,0.0,0.0,0.0,0.0,0.0,0.0,7.0,101.0,4.0,16.0,89.0,31.0,37.0
2020-05-27 12:00:00+00:00,2560938097.0,0.00179921,16.46516792,271398350.0,0.0,0.0,0.0,0.0,0.0,0.0,0.0,0.0,0.0,0.0,0.0,0.0,0.0,0.0,7.0,131.0,2.0,18.0,73.0,15.0,55.0
2020-05-27 14:00:00+00:00,2560348188.0,0.0017965732414365987,16.4613751865,276201396.0,0.742851972579956,2.5039754509925842,0.0,0.0,0.0,0.742851972579956,0.0,0.0,0.0,0.0,0.0,0.0,0.0,0.0,3.0,78.0,13.0,21.0,99.0,33.0,56.0
2020-05-27 16:00:00+00:00,2572159063.0,0.001797650935035798,16.5373114354,276286058.0,1.550795316696167,0.0,0.0,0.0,0.0,0.7442131638526917,0.8065821528434753,1.5347444415092468,0.0,0.0,0.0,0.7411332130432129,0.0,0.7936112284660339,12.0,85.0,20.0,28.0,60.0,11.0,64.0
2020-05-27 18:00:00+00:00,2560510857.0,0.00179831,16.46242104,281704976.0,0.0,0.9091120362281799,0.0,0.0,0.0,0.0,0.0,0.0,0.0,0.0,0.0,0.0,0.0,0.0,3.0,71.0,6.0,17.0,50.0,28.0,34.0
2020-05-27 20:00:00+00:00,2550083554.0,0.00180222,16.39538026,283080293.0,0.7306895852088928,0.8213816285133362,0.0,0.0,0.0,0.7306895852088928,0.0,0.9813592433929443,0.9813592433929443,0.0,0.0,0.0,0.0,0.0,6.0,56.0,6.0,34.0,65.0,23.0,23.0
2020-05-27 22:00:00+00:00,2565311105.0,0.00179645,16.49328352,289787288.0,0.7839696407318115,0.0,0.0,0.0,0.0,0.7839696407318115,0.0,0.8794770836830139,0.0,0.0,0.8794770836830139,0.0,0.0,0.0,3.0,32.0,6.0,21.0,64.0,13.0,27.0
2020-05-28 00:00:00+00:00,2568480479.0,0.00179271,16.51366054,289858929.0,0.0,0.7457977533340454,0.0,0.0,0.0,0.0,0.0,0.0,0.0,0.0,0.0,0.0,0.0,0.0,1.0,40.0,1.0,19.0,54.0,13.0,16.0
2020-05-28 02:00:00+00:00,2575273359.0,0.00180206,16.55733434,295340763.0,1.672203004360199,0.8285149335861206,0.0,0.0,0.7419461011886597,0.9302569031715393,0.0,0.0,0.0,0.0,0.0,0.0,0.0,0.0,5.0,99.0,2.0,15.0,58.0,12.0,26.0
2020-05-28 04:00:00+00:00,2572501126.0,0.00180251,16.53951068,294535616.0,0.0,0.0,0.0,0.0,0.0,0.0,0.0,0.0,0.8162721991539001,0.0,0.0,0.0,0.0,0.0,2.0,73.0,6.0,13.0,43.0,16.0,32.0
2020-05-28 06:00:00+00:00,2567737791.0,0.00180225,16.50888554,297416348.0,0.0,0.0,0.0,0.0,0.0,0.0,0.0,0.0,0.0,0.0,0.0,0.0,0.0,0.0,2.0,209.0,10.0,17.0,51.0,11.0,42.0
2020-05-28 08:00:00+00:00,2571854040.0,0.00179937,16.53535034,300234452.0,0.7880785465240479,0.7880785465240479,0.0,0.0,0.0,0.0,0.0,0.0,0.0,0.0,0.0,0.0,0.0,0.0,5.0,194.0,8.0,17.0,27.0,16.0,33.0
2020-05-28 10:00:00+00:00,2562700528.0,0.00178511,16.4764992,274206308.0,0.845315158367157,0.845315158367157,0.0,0.0,0.0,0.0,0.0,0.0,0.7098076343536377,0.0,0.0,0.0,0.0,0.0,4.0,165.0,10.0,29.0,53.0,12.0,42.0
2020-05-28 12:00:00+00:00,2593636114.0,0.00177463,16.67539492,298265000.0,0.8063557744026184,0.7339958548545837,0.0,0.0,0.0,0.8063557744026184,0.0,0.0,0.0,0.0,0.0,0.0,0.0,0.0,4.0,167.0,5.0,23.0,66.0,24.0,49.0
2020-05-28 14:00:00+00:00,2633085173.0,0.00178827,16.92902674,308240770.0,0.7784649133682251,0.0,0.0,0.7784649133682251,0.0,0.0,0.0,0.0,0.7694936394691467,0.0,0.0,0.0,0.0,0.0,3.0,96.0,4.0,22.0,71.0,23.0,52.0
2020-05-28 16:00:00+00:00,2632634810.0,0.00178734,16.92613119,317718911.0,0.0,0.0,0.0,0.0,0.0,0.0,0.0,0.0,1.7064854502677917,0.0,0.0,0.0,0.0,0.0,6.0,73.0,14.0,29.0,80.0,13.0,55.0
2020-05-28 18:00:00+00:00,2641673872.0,0.001794232214865273,16.9842464897,309236916.0,0.0,23.80374050140381,0.0,0.0,0.0,0.0,0.0,0.0,0.8696426153182983,0.0,0.0,0.0,0.0,0.0,4.0,109.0,4.0,42.0,78.0,18.0,58.0
2020-05-28 20:00:00+00:00,2638124431.0,0.00179611,16.96142589,303234975.0,0.8829097151756287,2.7103359699249268,0.0,0.0,0.0,0.0,0.8829097151756287,0.0,0.0,0.0,0.0,0.0,0.0,0.0,4.0,32.0,8.0,17.0,55.0,20.0,45.0
2020-05-28 22:00:00+00:00,2653353544.0,0.00179087,17.05933919,307231707.0,0.0,0.0,0.0,0.0,0.0,0.0,0.0,0.758682370185852,0.0,0.0,0.0,0.0,0.0,0.758682370185852,4.0,22.0,4.0,23.0,139.0,35.0,28.0
2020-05-29 00:00:00+00:00,2672503122.0,0.00180381,17.18245854,311392777.0,0.7992954254150391,0.0,0.0,0.0,0.0,0.7992954254150391,0.0,0.0,0.0,0.0,0.0,0.0,0.0,0.0,4.0,55.0,8.0,15.0,62.0,14.0,12.0
2020-05-29 02:00:00+00:00,2665919411.0,0.00180077,17.14012955,295199908.0,0.8306660652160645,0.0,0.0,0.0,0.0,0.0,0.8306660652160645,0.0,0.0,0.0,0.0,0.0,0.0,0.0,5.0,98.0,3.0,15.0,42.0,15.0,26.0
2020-05-29 04:00:00+00:00,2656621967.0,0.00179862,17.08035303,311510766.0,0.0,1.71316659450531,0.0,0.0,0.0,0.0,0.0,0.0,0.0,0.0,0.0,0.0,0.0,0.0,3.0,70.0,7.0,13.0,59.0,9.0,27.0
2020-05-29 06:00:00+00:00,2659147552.0,0.00179456,17.0965909,312757254.0,0.8232959508895874,0.0,0.0,0.0,0.0,0.0,0.8232959508895874,3.375430107116699,0.0,2.4796314239501953,0.0,0.0,0.0,0.8957986831665039,12.0,154.0,11.0,7.0,35.0,11.0,45.0
2020-05-29 08:00:00+00:00,2625296254.0,0.00178407,16.87894905,312349967.0,0.9249986410140991,1.6693103909492493,0.0,0.0,0.0,0.0,0.0,0.0,0.7321459054946899,0.0,0.0,0.0,0.0,0.0,3.0,143.0,5.0,12.0,68.0,15.0,31.0
2020-05-29 10:00:00+00:00,2615947628.0,0.00178852,16.81884346,312459653.0,0.0,0.0,0.0,0.0,0.0,0.0,0.0,0.0,0.0,0.0,0.0,0.0,0.0,0.0,3.0,82.0,9.0,15.0,28.0,13.0,55.0
2020-05-29 12:00:00+00:00,2618390135.0,0.00178474,16.83454719,300459985.0,0.8800237774848938,0.0,0.0,0.0,0.0,0.0,0.8800237774848938,0.0,0.0,0.0,0.0,0.0,0.0,0.0,12.0,122.0,9.0,28.0,20.0,18.0,62.0
2020-05-29 14:00:00+00:00,2623712234.0,0.0017924,16.86876483,293135414.0,2.3805615305900574,0.7576659917831421,0.0,0.0,0.0,1.6228955388069153,0.0,0.0,0.0,0.0,0.0,0.0,0.0,0.0,10.0,76.0,25.0,25.0,40.0,34.0,56.0
2020-05-29 16:00:00+00:00,2632495403.0,0.00179404,16.9252349,292675663.0,2.335053324699402,0.0,0.0,0.0,0.0,0.0,2.335053324699402,0.0,1.6628066301345825,0.0,0.0,0.0,0.0,0.0,10.0,77.0,27.0,16.0,112.0,30.0,32.0
2020-05-29 18:00:00+00:00,2652468561.0,0.00181104,17.05364933,295836529.0,3.0842617750167847,1.6531192064285278,0.0,0.0,0.0,2.2725988030433655,0.8116629719734192,0.9310126900672913,0.0,0.0,0.0,0.0,0.9310126900672913,0.0,11.0,51.0,11.0,19.0,61.0,27.0,28.0
2020-05-29 20:00:00+00:00,2637395938.0,0.00180248,16.95674215,301801946.0,0.7938446998596191,0.7458513379096985,0.0,0.0,0.0,0.7938446998596191,0.0,0.0,0.0,0.0,0.0,0.0,0.0,0.0,10.0,54.0,3.0,22.0,61.0,21.0,16.0
2020-05-29 22:00:00+00:00,2650598907.0,0.00180542,17.04162867,302410995.0,0.7297171354293823,0.0,0.0,0.0,0.0,0.7297171354293823,0.0,0.0,0.0,0.0,0.0,0.0,0.0,0.0,4.0,13.0,15.0,23.0,51.0,14.0,32.0
2020-05-30 00:00:00+00:00,2643867934.0,0.00181055,16.99835288,301642620.0,0.8010717034339905,0.0,0.0,0.0,0.0,0.8010717034339905,0.0,0.0,0.0,0.0,0.0,0.0,0.0,0.0,3.0,40.0,6.0,23.0,75.0,16.0,9.0
2020-05-30 02:00:00+00:00,2644658136.0,0.00181403,17.00343337,298983125.0,0.0,0.8244988322257996,0.0,0.0,0.0,0.0,0.0,0.0,0.0,0.0,0.0,0.0,0.0,0.0,2.0,134.0,25.0,19.0,47.0,12.0,20.0
2020-05-30 04:00:00+00:00,2693430726.0,0.0018138223390929975,17.3170094287,319622918.0,1.6638820171356201,0.7980470061302185,0.0,0.0,0.0,0.0,1.6638820171356201,0.0,0.815163254737854,0.0,0.0,0.0,0.0,0.0,4.0,58.0,6.0,12.0,64.0,14.0,18.0
2020-05-30 06:00:00+00:00,2699158025.0,0.00181557,17.35383224,321728244.0,1.603318989276886,0.0,0.0,0.0,0.0,0.0,1.603318989276886,0.0,0.0,0.0,0.0,0.0,0.0,0.0,3.0,163.0,9.0,13.0,51.0,9.0,24.0
2020-05-30 08:00:00+00:00,2683822271.0,0.00181034,17.25523331,316033639.0,1.6331987977027893,0.0,0.0,0.0,0.0,1.6331987977027893,0.0,0.0,0.0,0.0,0.0,0.0,0.0,0.0,11.0,162.0,12.0,17.0,38.0,14.0,33.0
2020-05-30 10:00:00+00:00,2714709551.0,0.0018235,17.45381845,304445040.0,0.7187651991844177,0.0,0.0,0.0,0.0,0.7187651991844177,0.0,0.0,0.0,0.0,0.0,0.0,0.0,0.0,6.0,116.0,19.0,16.0,54.0,21.0,28.0
2020-05-30 12:00:00+00:00,2711804077.0,0.00182104,17.43513814,321103545.0,0.8224090933799744,0.0,0.0,0.0,0.0,0.0,0.8224090933799744,0.8531752228736877,0.0,0.0,0.0,0.8531752228736877,0.0,0.0,7.0,161.0,9.0,18.0,35.0,33.0,39.0
2020-05-30 14:00:00+00:00,2702280447.0,0.00181919,17.37390738,330943768.0,0.0,0.0,0.0,0.0,0.0,0.0,0.0,0.9220360517501831,1.6987287402153015,0.0,0.0,0.0,0.0,0.0,7.0,80.0,39.0,29.0,38.0,37.0,55.0
2020-05-30 16:00:00+00:00,2712296584.0,0.00182709,17.43830464,334500195.0,1.5405222177505493,1.5018805861473083,0.0,0.0,0.0,0.8056511282920837,0.0,0.0,0.0,0.0,0.0,0.0,0.0,0.0,13.0,73.0,15.0,27.0,37.0,13.0,38.0
2020-05-30 18:00:00+00:00,2730387205.0,0.00183806,17.55461558,330861123.0,0.7509908080101013,1.7602987885475159,0.0,0.0,0.0,0.7509908080101013,0.0,0.0,0.7819976806640625,0.0,0.0,0.0,0.0,0.0,9.0,60.0,12.0,22.0,49.0,18.0,31.0
2020-05-30 20:00:00+00:00,2722847700.0,0.00184237,17.50614146,326134996.0,0.7809116840362549,0.0,0.0,0.0,0.0,0.7809116840362549,0.0,0.8469627499580383,0.773391604423523,0.0,0.0,0.0,0.0,0.8469627499580383,4.0,45.0,7.0,26.0,96.0,41.0,30.0
2020-05-30 22:00:00+00:00,2759752874.0,0.00182914,17.74341775,330991078.0,0.0,1.4471778273582458,0.0,0.0,0.0,0.0,0.0,0.763987123966217,0.7572317719459534,0.0,0.0,0.0,0.0,0.763987123966217,5.0,48.0,15.0,25.0,228.0,110.0,30.0
2020-05-31 00:00:00+00:00,2790758409.0,0.00185567,17.94276319,344551409.0,2.3569265604019165,0.0,0.0,0.0,0.0,2.3569265604019165,0.0,0.0,0.0,0.0,0.0,0.0,0.0,0.0,6.0,34.0,14.0,10.0,66.0,5.0,14.0
2020-05-31 02:00:00+00:00,2746007930.0,0.00183332,17.65504669,348327337.0,0.0,0.0,0.0,0.0,0.0,0.0,0.0,0.0,0.0,0.0,0.0,0.0,0.0,0.0,4.0,57.0,14.0,23.0,53.0,10.0,19.0
2020-05-31 04:00:00+00:00,2738367057.0,0.00183362,17.60592084,330222203.0,0.0,0.0,0.0,0.0,0.0,0.0,0.0,0.0,0.0,0.0,0.0,0.0,0.0,0.0,2.0,61.0,5.0,14.0,49.0,5.0,29.0
2020-05-31 06:00:00+00:00,2745005779.0,0.00184589,17.64860351,324025956.0,1.6856883764266968,0.7876325845718384,0.0,0.0,0.0,0.8980557918548584,0.0,0.0,0.0,0.0,0.0,0.0,0.0,0.0,5.0,78.0,10.0,17.0,57.0,7.0,39.0
2020-05-31 08:00:00+00:00,2762200181.0,0.0018575,17.75915234,327839412.0,0.7075310349464417,0.0,0.0,0.0,0.0,0.0,0.7075310349464417,0.7165253758430481,0.0,0.0,0.0,0.0,0.7165253758430481,0.0,6.0,86.0,9.0,16.0,59.0,11.0,40.0
2020-05-31 10:00:00+00:00,2765022975.0,0.00185541,17.77730108,332240765.0,0.0,0.8869438767433167,0.0,0.0,0.0,0.0,0.0,0.0,0.0,0.0,0.0,0.0,0.0,0.0,1.0,59.0,7.0,10.0,56.0,10.0,47.0
2020-05-31 12:00:00+00:00,2751949789.0,0.00184883,17.69324898,336022664.0,3.0966292023658752,0.0,0.0,0.0,0.0,0.7333644032478333,2.363264799118042,0.0,0.0,0.0,0.0,0.0,0.0,0.0,9.0,72.0,4.0,17.0,80.0,8.0,50.0
2020-05-31 14:00:00+00:00,2694254133.0,0.00182933,17.3223034,318644159.0,1.5377411842346191,0.0,0.0,0.0,0.0,0.0,1.5377411842346191,0.0,0.0,0.0,0.0,0.0,0.0,0.0,4.0,57.0,4.0,16.0,90.0,15.0,63.0
2020-05-31 16:00:00+00:00,2706239968.0,0.00183049,17.39936454,315229850.0,2.5001858472824097,0.0,0.828706681728363,0.0,0.0,0.0,1.6714791655540466,1.515521228313446,0.8025603890419006,0.0,0.0,0.0,0.0,1.515521228313446,17.0,35.0,8.0,30.0,64.0,19.0,40.0
2020-05-31 18:00:00+00:00,2702740804.0,0.00182567,17.37686718,318037200.0,2.4266953468322754,1.508018672466278,0.8013978004455566,0.0,0.0,0.7992006540298462,0.8260968923568726,0.0,0.0,0.0,0.0,0.0,0.0,0.0,11.0,38.0,18.0,27.0,35.0,19.0,38.0
2020-05-31 20:00:00+00:00,2670042648.0,0.00181439,17.16663929,313683794.0,2.394236743450165,0.0,0.0,0.0,0.0,0.723393976688385,1.6708427667617798,0.0,0.0,0.0,0.0,0.0,0.0,0.0,10.0,45.0,14.0,32.0,87.0,8.0,39.0
2020-05-31 22:00:00+00:00,2654938676.0,0.0018037026445195156,17.0695305596,307240696.0,0.0,0.0,0.0,0.0,0.0,0.0,0.0,0.0,0.0,0.0,0.0,0.0,0.0,0.0,3.0,28.0,9.0,19.0,86.0,20.0,36.0
2020-06-01 00:00:00+00:00,2699435045.0,0.00182166,17.3556133,304283966.0,0.8145077228546143,0.0,0.0,0.0,0.0,0.0,0.8145077228546143,0.8724323511123657,0.0,0.0,0.0,0.0,0.8724323511123657,0.0,5.0,43.0,17.0,14.0,51.0,11.0,14.0
2020-06-01 02:00:00+00:00,2706599428.0,0.00182287,17.40167563,300104922.0,2.6781768202781677,0.0,0.0,0.0,0.0,1.7727850675582886,0.9053917527198792,0.0,0.0,0.0,0.0,0.0,0.0,0.0,7.0,67.0,3.0,18.0,69.0,9.0,15.0
2020-06-01 04:00:00+00:00,2697253725.0,0.00181502,17.34158883,300673681.0,0.0,0.0,0.0,0.0,0.0,0.0,0.0,0.0,0.0,0.0,0.0,0.0,0.0,0.0,7.0,70.0,11.0,15.0,73.0,17.0,16.0
2020-06-01 06:00:00+00:00,2706546460.0,0.00182032,17.40133508,308593844.0,1.5445126295089722,0.0,0.0,0.0,0.0,0.0,1.5445126295089722,0.0,0.0,0.0,0.0,0.0,0.0,0.0,9.0,117.0,1.0,21.0,46.0,13.0,34.0
2020-06-01 08:00:00+00:00,2710664926.0,0.00182458,17.42781414,308327717.0,3.1541837453842163,0.0,0.0,0.0,0.0,0.0,3.1541837453842163,0.0,0.0,0.0,0.0,0.0,0.0,0.0,11.0,91.0,6.0,10.0,49.0,9.0,31.0
2020-06-01 10:00:00+00:00,2697289504.0,0.00181791,17.34181887,305897031.0,1.4782344102859497,0.0,0.0,0.0,0.0,0.0,1.4782344102859497,0.0,0.0,0.0,0.0,0.0,0.0,0.0,6.0,109.0,8.0,30.0,70.0,9.0,44.0
2020-06-01 12:00:00+00:00,2696604570.0,0.00181417,17.33741519,305231249.0,1.5267218351364136,0.0,0.0,0.0,0.0,0.0,1.5267218351364136,0.0,0.0,0.0,0.0,0.0,0.0,0.0,7.0,87.0,6.0,33.0,88.0,33.0,66.0
2020-06-01 14:00:00+00:00,2700122499.0,0.0018164,17.36003319,300477586.0,1.6097867488861084,0.0,0.0,0.0,0.0,0.0,1.6097867488861084,0.0,0.0,0.0,0.0,0.0,0.0,0.0,9.0,74.0,4.0,21.0,62.0,16.0,41.0
2020-06-01 16:00:00+00:00,2707482132.0,0.00181733,17.40735085,309053905.0,0.0,0.0,0.0,0.0,0.0,0.0,0.0,0.7079958319664001,0.0,0.0,0.0,0.0,0.0,0.7079958319664001,6.0,72.0,9.0,30.0,77.0,22.0,40.0
2020-06-01 18:00:00+00:00,2710410909.0,0.00181792,17.42618097,308587080.0,0.0,0.0,0.0,0.0,0.0,0.0,0.0,0.0,0.0,0.0,0.0,0.0,0.0,0.0,4.0,77.0,7.0,17.0,55.0,20.0,40.0
2020-06-01 20:00:00+00:00,2728811141.0,0.00181528,17.54448251,308152477.0,0.0,3.0192997455596924,0.0,0.0,0.0,0.0,0.0,0.0,0.7368161082267761,0.0,0.0,0.0,0.0,0.0,5.0,44.0,19.0,14.0,166.0,50.0,31.0
2020-06-01 22:00:00+00:00,2786431039.0,0.00176202,17.91494102,343444957.0,0.0,0.0,0.0,0.0,0.0,0.0,0.0,0.8671116828918457,0.0,0.0,0.8671116828918457,0.0,0.0,0.0,11.0,39.0,12.0,31.0,277.0,30.0,33.0
2020-06-02 00:00:00+00:00,2778069409.0,0.00176646,17.861181170000002,337011698.0,0.0,0.0,0.0,0.0,0.0,0.0,0.0,0.0,0.8206357955932617,0.0,0.0,0.0,0.0,0.0,2.0,45.0,15.0,22.0,130.0,10.0,18.0
2020-06-02 02:00:00+00:00,2784061094.0,0.00177125,17.89970381,340805013.0,0.0,0.0,0.0,0.0,0.0,0.0,0.0,0.0,0.0,0.0,0.0,0.0,0.0,0.0,4.0,47.0,16.0,13.0,65.0,6.0,23.0
2020-06-02 04:00:00+00:00,2794805888.0,0.00177878,17.96878585,344005956.0,0.7085028886795044,0.0,0.0,0.0,0.0,0.7085028886795044,0.0,0.0,0.8934601545333862,0.0,0.0,0.0,0.0,0.0,4.0,51.0,15.0,12.0,49.0,9.0,23.0
2020-06-02 06:00:00+00:00,2803125185.0,0.00178129,18.02227353,343802136.0,0.7261573672294617,0.0,0.0,0.0,0.0,0.0,0.7261573672294617,0.0,0.0,0.0,0.0,0.0,0.0,0.0,5.0,48.0,10.0,21.0,91.0,6.0,38.0
2020-06-02 08:00:00+00:00,2804228928.0,0.00178229,18.02936988,344147417.0,0.0,0.0,0.0,0.0,0.0,0.0,0.0,0.0,0.0,0.0,0.0,0.0,0.0,0.0,6.0,75.0,13.0,18.0,50.0,10.0,34.0
2020-06-02 10:00:00+00:00,2812246303.0,0.00178741,18.08091639,349513211.0,0.0,0.0,0.0,0.0,0.0,0.0,0.0,0.0,1.8587244749069214,0.0,0.0,0.0,0.0,0.0,1.0,68.0,2.0,20.0,76.0,12.0,43.0
2020-06-02 12:00:00+00:00,2816956859.0,0.0017842826902452207,18.1112022051,342742765.0,0.7023959159851074,0.7649308443069458,0.0,0.0,0.0,0.7023959159851074,0.0,0.0,0.0,0.0,0.0,0.0,0.0,0.0,4.0,80.0,5.0,37.0,58.0,4.0,50.0
2020-06-02 14:00:00+00:00,2659157937.0,0.00179791,17.09665767,345523779.0,0.0,0.0,0.0,0.0,0.0,0.0,0.0,0.0,2.189625084400177,0.0,0.0,0.0,0.0,0.0,10.0,90.0,20.0,31.0,241.0,34.0,48.0
2020-06-02 16:00:00+00:00,2670479756.0,0.00180368,17.16944961,327918785.0,0.0,1.7141628861427307,0.0,0.0,0.0,0.0,0.0,0.0,0.0,0.0,0.0,0.0,0.0,0.0,3.0,94.0,18.0,30.0,53.0,12.0,29.0
2020-06-02 18:00:00+00:00,2677199207.0,0.00180697,17.21265131,325527781.0,0.7279574871063232,0.8147517442703247,0.0,0.0,0.0,0.0,0.7279574871063232,1.5762150287628174,0.0,0.0,0.8191983699798584,0.757016658782959,0.0,0.0,4.0,77.0,6.0,21.0,47.0,14.0,35.0
2020-06-02 20:00:00+00:00,2678267601.0,0.00180628,17.21952039,319681936.0,1.6349701881408691,0.7840374112129211,1.6349701881408691,0.0,0.0,0.0,0.0,0.0,0.0,0.0,0.0,0.0,0.0,0.0,6.0,40.0,3.0,26.0,64.0,13.0,34.0
2020-06-02 22:00:00+00:00,2681344663.0,0.00180899,17.2393039,285916007.0,0.0,0.0,0.0,0.0,0.0,0.0,0.0,0.0,0.0,0.0,0.0,0.0,0.0,0.0,1.0,33.0,4.0,13.0,51.0,20.0,27.0
2020-06-03 00:00:00+00:00,2673205559.0,0.00180482,17.18697475,280115922.0,0.7830228805541992,0.0,0.0,0.0,0.0,0.7830228805541992,0.0,0.0,0.0,0.0,0.0,0.0,0.0,0.0,2.0,38.0,6.0,15.0,41.0,6.0,7.0
2020-06-03 02:00:00+00:00,2672326045.0,0.00180794,17.18132005,280494450.0,0.0,0.0,0.0,0.0,0.0,0.0,0.0,0.0,0.0,0.0,0.0,0.0,0.0,0.0,2.0,56.0,0.0,14.0,57.0,14.0,17.0
2020-06-03 04:00:00+00:00,2677677702.0,0.00180802,17.21572772,276419906.0,1.5468915104866028,0.0,0.0,0.0,0.0,0.7013855576515198,0.845505952835083,0.0,0.0,0.0,0.0,0.0,0.0,0.0,8.0,53.0,7.0,18.0,69.0,11.0,29.0
2020-06-03 06:00:00+00:00,2678700980.0,0.00180766,17.22230673,270889511.0,0.0,1.595894694328308,0.0,0.0,0.0,0.0,0.0,0.0,1.4446927905082703,0.0,0.0,0.0,0.0,0.0,4.0,64.0,5.0,15.0,36.0,11.0,56.0
2020-06-03 08:00:00+00:00,2690887496.0,0.00181425,17.30065811,272290015.0,0.8021374940872192,0.0,0.0,0.0,0.0,0.0,0.8021374940872192,0.0,0.0,0.0,0.0,0.0,0.0,0.0,2.0,88.0,2.0,10.0,40.0,8.0,37.0
2020-06-03 10:00:00+00:00,2709575258.0,0.00181142,17.42080828,271370628.0,4.189346015453339,1.6323952674865723,0.0,0.0,0.0,0.0,2.5569507479667664,0.0,0.891719400882721,0.0,0.0,0.0,0.0,0.0,10.0,48.0,4.0,32.0,40.0,8.0,57.0
2020-06-03 12:00:00+00:00,2715592263.0,0.0018187,17.45949371,277715745.0,0.7294839024543762,0.7448400855064392,0.0,0.0,0.0,0.7294839024543762,0.0,0.0,0.0,0.0,0.0,0.0,0.0,0.0,6.0,85.0,3.0,21.0,42.0,21.0,59.0
2020-06-03 14:00:00+00:00,2701935818.0,0.0018143170969757232,17.3716916499,252334118.0,4.269127249717712,1.440854251384735,0.0,0.0,0.0,1.8489630818367004,0.9793099164962769,0.0,0.0,0.0,0.0,0.0,0.0,0.0,7.0,104.0,2.0,26.0,53.0,8.0,67.0
2020-06-03 16:00:00+00:00,2706862533.0,0.00181641,17.40336722,258119066.0,1.705427885055542,0.879585862159729,0.0,0.0,0.0,0.8405172824859619,0.8649106025695801,0.0,0.0,0.0,0.0,0.0,0.0,0.0,9.0,90.0,8.0,27.0,64.0,24.0,44.0
2020-06-03 18:00:00+00:00,2727216378.0,0.00182432,17.53422922,263513399.0,0.0,0.0,0.0,0.0,0.0,0.0,0.0,0.0,0.0,0.0,0.0,0.0,0.0,0.0,6.0,78.0,6.0,34.0,24.0,14.0,30.0
2020-06-03 20:00:00+00:00,2721635725.0,0.0018232,17.49834925,270828041.0,0.8438213467597961,0.0,0.0,0.0,0.0,0.8438213467597961,0.0,0.0,0.0,0.0,0.0,0.0,0.0,0.0,2.0,37.0,5.0,25.0,45.0,9.0,31.0
2020-06-03 22:00:00+00:00,2728954685.0,0.00181691,17.54540541,278598569.0,2.557869851589203,0.7486045956611633,1.8092652559280396,0.0,0.0,0.0,0.0,0.0,0.0,0.0,0.0,0.0,0.0,0.0,11.0,14.0,9.0,25.0,54.0,11.0,23.0
2020-06-04 00:00:00+00:00,2735097698.0,0.0018213797128372917,17.5849009891,286658734.0,0.0,0.0,0.0,0.0,0.0,0.0,0.0,0.7934311032295227,0.0,0.0,0.0,0.0,0.7934311032295227,0.0,2.0,28.0,23.0,15.0,76.0,11.0,11.0
2020-06-04 02:00:00+00:00,2742209333.0,0.00182089,17.63062418,284114417.0,0.7447670102119446,0.7447670102119446,0.0,0.0,0.0,0.0,0.0,0.0,0.0,0.0,0.0,0.0,0.0,0.0,3.0,48.0,13.0,22.0,26.0,13.0,23.0
2020-06-04 04:00:00+00:00,2722555088.0,0.00181149,17.50426015,280479819.0,5.044690191745758,0.0,0.0,0.0,0.0,3.351164996623993,1.6935251951217651,0.8045488595962524,0.7281845211982727,0.0,0.0,0.8045488595962524,0.0,0.0,8.0,51.0,2.0,16.0,18.0,13.0,16.0
2020-06-04 06:00:00+00:00,2735683474.0,0.0018198549207285404,17.588667149,280343178.0,1.5823206901550293,0.872044026851654,0.0,0.0,0.0,0.8365821838378906,0.7457385063171387,0.0,0.0,0.0,0.0,0.0,0.0,0.0,9.0,55.0,9.0,10.0,12.0,8.0,38.0
2020-06-04 08:00:00+00:00,2693772219.0,0.00180854,17.31920501,276054823.0,0.71127849817276,0.0,0.0,0.0,0.0,0.0,0.71127849817276,0.0,0.0,0.0,0.0,0.0,0.0,0.0,9.0,76.0,0.0,19.0,198.0,25.0,39.0
2020-06-04 10:00:00+00:00,2688950244.0,0.00180418,17.28820285,271088433.0,0.0,0.7130669355392456,0.0,0.0,0.0,0.0,0.0,0.767284095287323,0.0,0.0,0.0,0.767284095287323,0.0,0.0,4.0,68.0,9.0,14.0,44.0,18.0,46.0
2020-06-04 12:00:00+00:00,2713005874.0,0.0017931228848390521,17.4428649161,268849524.0,1.6081027388572693,0.0,0.0,0.0,0.0,0.0,1.6081027388572693,0.9245685338973999,0.0,0.0,0.0,0.0,0.0,0.9245685338973999,10.0,73.0,7.0,17.0,264.0,38.0,69.0
2020-06-04 14:00:00+00:00,2720163117.0,0.00179244,17.48888134,265120272.0,0.7323818206787109,0.74660724401474,0.0,0.0,0.0,0.7323818206787109,0.0,0.0,0.0,0.0,0.0,0.0,0.0,0.0,3.0,70.0,12.0,30.0,33.0,20.0,45.0
2020-06-04 16:00:00+00:00,2728104461.0,0.00178757,17.53993902,262999816.0,1.642968237400055,0.7305715680122375,0.0,0.0,0.0,0.9123966693878174,0.0,0.0,0.0,0.0,0.0,0.0,0.0,0.0,8.0,70.0,22.0,22.0,25.0,10.0,49.0
2020-06-04 18:00:00+00:00,2710554422.0,0.00177726,17.42710367,259493320.0,0.8017407059669495,2.192452311515808,0.0,0.0,0.0,0.8017407059669495,0.0,0.0,0.0,0.0,0.0,0.0,0.0,0.0,4.0,53.0,4.0,29.0,59.0,14.0,47.0
2020-06-04 20:00:00+00:00,2723067304.0,0.00179158,17.50755337,253292278.0,0.8104278445243835,0.7298364639282227,0.0,0.0,0.0,0.8104278445243835,0.0,0.7873353958129883,0.0,0.0,0.7873353958129883,0.0,0.0,0.0,7.0,54.0,4.0,25.0,53.0,8.0,32.0
2020-06-04 22:00:00+00:00,2732138446.0,0.00179232,17.56587492,251564500.0,0.0,0.0,0.0,0.0,0.0,0.0,0.0,0.0,0.0,0.0,0.0,0.0,0.0,0.0,4.0,32.0,9.0,24.0,73.0,12.0,23.0
2020-06-05 00:00:00+00:00,2735957126.0,0.00179093,17.59042655,247798533.0,0.7209011316299438,2.6136582493782043,0.0,0.0,0.0,0.7209011316299438,0.0,0.0,0.0,0.0,0.0,0.0,0.0,0.0,2.0,38.0,2.0,14.0,17.0,9.0,19.0
2020-06-05 02:00:00+00:00,2732623236.0,0.00179456,17.56899181,244886966.0,0.0,1.5282605290412903,0.0,0.0,0.0,0.0,0.0,0.0,3.215010166168213,0.0,0.0,0.0,0.0,0.0,4.0,27.0,4.0,19.0,30.0,18.0,26.0
2020-06-05 04:00:00+00:00,2764304498.0,0.00181509,17.77268173,251502429.0,2.9816905856132507,0.0,0.0,0.0,0.0,2.270210027694702,0.7114805579185486,0.0,0.9074681997299194,0.0,0.0,0.0,0.0,0.0,7.0,42.0,6.0,16.0,12.0,12.0,30.0
2020-06-05 06:00:00+00:00,2766097892.0,0.00181779,17.78421209,253242132.0,0.0,0.0,0.0,0.0,0.0,0.0,0.0,0.0,0.0,0.0,0.0,0.0,0.0,0.0,9.0,56.0,7.0,10.0,39.0,22.0,43.0
2020-06-05 08:00:00+00:00,2768841565.0,0.00181047,17.80185212,255982617.0,2.4995709657669067,0.0,0.0,0.0,0.0,2.4995709657669067,0.0,0.0,0.0,0.0,0.0,0.0,0.0,0.0,5.0,57.0,14.0,14.0,224.0,24.0,48.0
2020-06-05 10:00:00+00:00,2742598564.0,0.00181865,17.63312668,257052069.0,0.0,0.0,0.0,0.0,0.0,0.0,0.0,0.0,0.0,0.0,0.0,0.0,0.0,0.0,12.0,52.0,5.0,9.0,137.0,48.0,71.0
2020-06-05 12:00:00+00:00,2737053970.0,0.00181281,17.59747855,255716505.0,1.53005051612854,0.0,0.0,0.0,0.0,0.7976899147033691,0.7323606014251709,0.7111926674842834,1.4633565545082092,0.0,0.0,0.0,0.0,0.0,5.0,75.0,10.0,16.0,58.0,13.0,76.0
2020-06-05 14:00:00+00:00,2746722585.0,0.0018194190303530296,17.6596414579,256207016.0,4.761261582374573,0.8521152138710022,0.0,3.0790514945983887,0.0,0.7827634811401367,0.8994466066360474,0.0,0.0,0.0,0.0,0.0,0.0,0.0,12.0,60.0,27.0,18.0,29.0,12.0,64.0
2020-06-05 16:00:00+00:00,2773251962.0,0.0018318,17.83020811,258878121.0,1.6993418335914612,0.0,0.0,0.0,0.0,1.6993418335914612,0.0,0.7810232043266296,0.0,0.0,0.0,0.0,0.0,0.7810232043266296,11.0,83.0,1.0,14.0,66.0,23.0,56.0
2020-06-05 18:00:00+00:00,2765588843.0,0.00182614,17.78093924,255983479.0,5.966243207454681,0.0,0.0,0.0,0.0,2.3618621826171875,3.604381024837494,0.0,0.7319899201393127,0.0,0.0,0.0,0.0,0.0,10.0,41.0,11.0,35.0,26.0,18.0,45.0
2020-06-05 20:00:00+00:00,2757033391.0,0.00182923,17.72593324,261600643.0,4.863808453083038,0.0,0.0,0.0,0.7887561917304993,4.075052261352539,0.0,0.0,0.0,0.0,0.0,0.0,0.0,0.0,11.0,46.0,23.0,16.0,32.0,18.0,29.0
2020-06-05 22:00:00+00:00,2751255650.0,0.00183009,17.68878612,264892611.0,0.7496734261512756,0.7496734261512756,0.0,0.0,0.0,0.0,0.0,0.0,0.0,0.0,0.0,0.0,0.0,0.0,4.0,36.0,5.0,19.0,71.0,13.0,23.0
2020-06-06 00:00:00+00:00,2749329813.0,0.0018406,17.67640424,264664007.0,0.0,0.0,0.0,0.0,0.0,0.0,0.0,0.0,0.0,0.0,0.0,0.0,0.0,0.0,2.0,22.0,8.0,18.0,57.0,22.0,21.0
2020-06-06 02:00:00+00:00,2742209840.0,0.0018320447410392394,17.6306274366,268431650.0,0.8276383876800537,0.8464029431343079,0.0,0.0,0.0,0.8276383876800537,0.0,0.0,0.0,0.0,0.0,0.0,0.0,0.0,1.0,27.0,19.0,15.0,29.0,10.0,30.0
2020-06-06 04:00:00+00:00,2756283619.0,0.00184179,17.72111269,264384403.0,3.9501177072525024,1.4451011419296265,0.0,0.0,0.8487223982810974,1.6562941670417786,0.0,0.0,0.0,0.0,0.0,0.0,0.0,0.0,15.0,28.0,1.0,8.0,26.0,11.0,24.0
2020-06-06 06:00:00+00:00,2750315799.0,0.0018355255283172165,17.6827434899,262255237.0,1.6794835925102234,0.0,0.0,0.0,0.0,1.6794835925102234,0.0,0.0,0.0,0.0,0.0,0.0,0.0,0.0,5.0,34.0,2.0,13.0,18.0,2.0,26.0
2020-06-06 08:00:00+00:00,2756400858.0,0.001829244300708227,17.7218664633,257859942.0,3.4908822774887085,0.8814055919647217,0.0,0.0,0.0,0.9438908696174622,1.6655858159065247,0.0,0.0,0.0,0.0,0.0,0.0,0.0,16.0,54.0,11.0,12.0,24.0,7.0,27.0
2020-06-06 10:00:00+00:00,2763601952.0,0.0018341,17.76816482,250940900.0,1.6397232413291931,0.0,0.0,0.0,0.0,1.6397232413291931,0.0,0.0,0.0,0.0,0.0,0.0,0.0,0.0,8.0,97.0,2.0,14.0,18.0,10.0,40.0
2020-06-06 12:00:00+00:00,2751436430.0,0.0018294,17.68994842,247161312.0,0.9120040535926819,0.7630054354667664,0.0,0.0,0.0,0.9120040535926819,0.0,0.7050004601478577,0.7050004601478577,0.0,0.0,0.0,0.0,0.0,5.0,72.0,2.0,21.0,44.0,18.0,40.0
2020-06-06 14:00:00+00:00,2750792115.0,0.00182919,17.68580589,246552027.0,4.1192538142204285,0.7950327396392822,0.0,0.0,0.0,3.30899840593338,0.8102554082870483,0.0,0.0,0.0,0.0,0.0,0.0,0.0,11.0,47.0,14.0,20.0,34.0,10.0,51.0
2020-06-06 16:00:00+00:00,2731097170.0,0.0018254,17.55918019,245356484.0,2.2953913807868958,0.8319501280784607,0.0,0.0,0.0,1.5324342846870422,0.7629570960998535,0.9553645849227905,0.0,0.0,0.0,0.9553645849227905,0.0,0.0,11.0,89.0,10.0,34.0,32.0,15.0,28.0
2020-06-06 18:00:00+00:00,2731428171.0,0.00181988,17.56130831,249924303.0,3.208746016025543,0.0,0.0,0.0,1.5937674045562744,0.834065318107605,0.7809132933616638,0.0,0.0,0.0,0.0,0.0,0.0,0.0,16.0,43.0,8.0,26.0,18.0,6.0,38.0
2020-06-06 20:00:00+00:00,2744129143.0,0.00182591,17.64296731,252926013.0,4.223190009593964,0.7773314118385315,0.0,0.0,0.0,3.445858597755432,0.0,0.0,0.0,0.0,0.0,0.0,0.0,0.0,7.0,21.0,6.0,16.0,128.0,16.0,26.0
2020-06-06 22:00:00+00:00,2727481713.0,0.0018165,17.53593515,247410758.0,4.347386181354523,2.586089551448822,0.0,0.0,0.0,0.0,1.7612966299057007,0.0,0.0,0.0,0.0,0.0,0.0,0.0,8.0,19.0,6.0,21.0,40.0,14.0,16.0
2020-06-07 00:00:00+00:00,2736051035.0,0.00181848,17.59103032,249001311.0,0.0,0.9196546077728271,0.0,0.0,0.0,0.0,0.0,0.0,0.7186684012413025,0.0,0.0,0.0,0.0,0.0,1.0,28.0,10.0,22.0,32.0,4.0,10.0
2020-06-07 02:00:00+00:00,2738502799.0,0.0018159538290620227,17.6067935763,251295516.0,0.7574450969696045,1.562104880809784,0.0,0.0,0.0,0.0,0.0,0.0,0.0,0.0,0.0,0.0,0.0,0.0,4.0,35.0,6.0,21.0,33.0,7.0,26.0
2020-06-07 04:00:00+00:00,2734439606.0,0.001814762043800316,17.5806698847,250581399.0,1.7480002641677856,1.6700886487960815,0.0,0.0,0.0,0.0,0.8539631962776184,0.0,0.0,0.0,0.0,0.0,0.0,0.0,8.0,49.0,9.0,17.0,13.0,4.0,25.0
2020-06-07 06:00:00+00:00,2724995116.0,0.00181266,17.51994795,246391592.0,3.766194999217987,1.4228343963623047,0.0,0.0,0.0,0.0,3.0642738938331604,0.8716552257537842,1.6618414521217346,0.0,0.0,0.0,0.0,0.0,12.0,86.0,6.0,17.0,13.0,12.0,44.0
2020-06-07 08:00:00+00:00,2715040725.0,0.0018070796667302373,17.4559476844,242876912.0,0.7049957513809204,1.478191316127777,0.0,0.0,0.0,0.0,0.0,0.0,0.0,0.0,0.0,0.0,0.0,0.0,5.0,56.0,6.0,13.0,35.0,8.0,44.0
2020-06-07 10:00:00+00:00,2712441418.0,0.00181247,17.43923583,243895896.0,3.4989856481552124,0.0,0.0,0.9538216590881348,0.0,0.0,2.5451639890670776,0.0,0.0,0.0,0.0,0.0,0.0,0.0,12.0,39.0,11.0,22.0,28.0,11.0,43.0
2020-06-07 12:00:00+00:00,2664944060.0,0.001803359844563159,17.1338586805,243362463.0,0.7195149660110474,0.8346067667007446,0.0,0.0,0.0,0.0,0.7195149660110474,0.0,0.0,0.0,0.0,0.0,0.0,0.0,3.0,65.0,5.0,29.0,85.0,7.0,45.0
2020-06-07 14:00:00+00:00,2666698587.0,0.00180516,17.14513915,247046312.0,0.0,0.7183908820152283,0.0,0.0,0.0,0.0,0.0,0.0,0.0,0.0,0.0,0.0,0.0,0.0,5.0,59.0,4.0,37.0,62.0,9.0,70.0
2020-06-07 16:00:00+00:00,2654116107.0,0.00179619,17.06424198,238521587.0,1.453981101512909,0.0,0.0,0.0,0.0,0.7217472791671753,0.7322338223457336,0.0,0.0,0.0,0.0,0.0,0.0,0.0,6.0,48.0,9.0,16.0,51.0,11.0,37.0
2020-06-07 18:00:00+00:00,2693984507.0,0.001784,17.32056989,235071107.0,0.78220134973526,0.0,0.0,0.0,0.0,0.0,0.78220134973526,0.0,0.0,0.0,0.0,0.0,0.0,0.0,6.0,47.0,12.0,30.0,44.0,10.0,48.0
2020-06-07 20:00:00+00:00,2705152092.0,0.00178886,17.3923702,231018442.0,0.7198176980018616,0.0,0.0,0.0,0.0,0.7198176980018616,0.0,0.0,0.0,0.0,0.0,0.0,0.0,0.0,5.0,42.0,1.0,33.0,124.0,32.0,29.0
2020-06-07 22:00:00+00:00,2713654465.0,0.00178782,17.44703493,229571456.0,1.6555779576301575,0.0,0.0,0.0,0.0,0.0,1.6555779576301575,0.0,0.0,0.0,0.0,0.0,0.0,0.0,7.0,25.0,12.0,16.0,64.0,14.0,23.0
2020-06-08 00:00:00+00:00,2726055586.0,0.00179526,17.52676608,229791900.0,0.0,0.834384024143219,0.0,0.0,0.0,0.0,0.0,0.0,0.0,0.0,0.0,0.0,0.0,0.0,2.0,51.0,3.0,15.0,42.0,12.0,7.0
2020-06-08 02:00:00+00:00,2713393566.0,0.00178973,17.44535752,216153092.0,2.5655189156532288,2.414772868156433,0.0,0.0,0.0,0.8505317568778992,0.8176039457321167,0.0,0.0,0.0,0.0,0.0,0.0,0.0,6.0,48.0,4.0,18.0,21.0,3.0,16.0
2020-06-08 04:00:00+00:00,2719667400.0,0.00179341,17.4856942,209964044.0,0.0,0.0,0.0,0.0,0.0,0.0,0.0,0.93730229139328,0.0,0.0,0.0,0.0,0.93730229139328,0.0,3.0,47.0,6.0,16.0,21.0,16.0,18.0
2020-06-08 06:00:00+00:00,2715548014.0,0.0017924,17.459209219999998,210285501.0,2.524756133556366,0.0,0.0,0.0,0.0,0.9505136013031006,1.5742425322532654,0.7451973557472229,0.0,0.7451973557472229,0.0,0.0,0.0,0.0,14.0,56.0,6.0,16.0,23.0,10.0,36.0
2020-06-08 08:00:00+00:00,2712231659.0,0.00179395,17.43788721,212299121.0,0.0,0.0,0.0,0.0,0.0,0.0,0.0,0.0,0.0,0.0,0.0,0.0,0.0,0.0,2.0,62.0,6.0,19.0,106.0,16.0,30.0
2020-06-08 10:00:00+00:00,2713089666.0,0.0017895378946349756,17.4434036418,209257423.0,0.8062387704849243,1.6149709224700928,0.0,0.0,0.0,0.8062387704849243,0.0,1.8873825669288635,0.0,0.0,0.0,0.9076630473136902,0.9797195196151733,0.0,6.0,57.0,18.0,20.0,20.0,12.0,38.0
2020-06-08 12:00:00+00:00,2707781239.0,0.00179146,17.40927391,201216281.0,2.3992289304733276,0.0,0.0,0.0,1.659334123134613,0.0,0.7398948073387146,0.7421690225601196,0.0,0.0,0.0,0.0,0.0,0.7421690225601196,14.0,80.0,3.0,12.0,20.0,16.0,48.0
2020-06-08 14:00:00+00:00,2703997878.0,0.0017887341960205513,17.3849493497,196609433.0,1.7316668629646301,0.0,0.0,0.0,0.0,0.9323424100875854,0.7993244528770447,1.5513041019439697,0.7339171767234802,0.0,1.5513041019439697,0.0,0.0,0.0,12.0,94.0,4.0,17.0,28.0,14.0,38.0
2020-06-08 16:00:00+00:00,2703724152.0,0.0017872832444646312,17.3831894703,200990630.0,0.0,0.0,0.0,0.0,0.0,0.0,0.0,0.709328293800354,0.0,0.0,0.0,0.709328293800354,0.0,0.0,7.0,75.0,3.0,23.0,44.0,32.0,35.0
2020-06-08 18:00:00+00:00,2698331616.0,0.00178698,17.34851897,204068098.0,1.647312343120575,0.0,0.0,0.0,0.752941370010376,0.0,0.894370973110199,0.0,0.0,0.0,0.0,0.0,0.0,0.0,8.0,104.0,14.0,27.0,20.0,26.0,34.0
2020-06-08 20:00:00+00:00,2692595295.0,0.00178264,17.31163815,199878078.0,0.0,0.0,0.0,0.0,0.0,0.0,0.0,0.0,0.0,0.0,0.0,0.0,0.0,0.0,4.0,63.0,9.0,11.0,27.0,43.0,29.0
2020-06-08 22:00:00+00:00,2706447575.0,0.0017807622205394228,17.4006993109,202066881.0,0.0,0.0,0.0,0.0,0.0,0.0,0.0,0.9407679438591003,0.0,0.0,0.0,0.0,0.9407679438591003,0.0,2.0,21.0,10.0,23.0,26.0,22.0,21.0
2020-06-09 00:00:00+00:00,2691290854.0,0.00178177,17.30325145,197937853.0,1.6411526203155518,0.0,0.0,0.0,0.0,1.6411526203155518,0.0,0.73294597864151,0.0,0.0,0.73294597864151,0.0,0.0,0.0,9.0,29.0,8.0,10.0,245.0,21.0,10.0
2020-06-09 02:00:00+00:00,2691302536.0,0.00178361,17.30332655,197699587.0,0.0,0.0,0.0,0.0,0.0,0.0,0.0,0.0,0.0,0.0,0.0,0.0,0.0,0.0,0.0,52.0,1.0,9.0,23.0,17.0,11.0
2020-06-09 04:00:00+00:00,2690354645.0,0.0017839,17.29723223,197025532.0,0.0,0.0,0.0,0.0,0.0,0.0,0.0,0.0,0.7564555406570435,0.0,0.0,0.0,0.0,0.0,2.0,48.0,4.0,18.0,26.0,12.0,27.0
2020-06-09 06:00:00+00:00,2697874332.0,0.0017880438111469896,17.345578928,199082404.0,0.7827664613723755,1.5406736731529236,0.0,0.0,0.0,0.7827664613723755,0.0,0.7800214290618896,0.7106970548629761,0.0,0.7800214290618896,0.0,0.0,0.0,5.0,80.0,5.0,15.0,19.0,14.0,30.0
2020-06-09 08:00:00+00:00,2687694129.0,0.00178693,17.28012684,193060392.0,0.7838435173034668,0.8337506651878357,0.0,0.0,0.0,0.0,0.7838435173034668,0.7420886754989624,1.6848136186599731,0.0,0.7420886754989624,0.0,0.0,0.0,4.0,95.0,2.0,9.0,64.0,6.0,28.0
2020-06-09 10:00:00+00:00,2693815595.0,0.00178497,17.31948389,195660059.0,1.7052233815193176,0.0,0.0,0.8951394557952881,0.0,0.0,0.8100839257240295,0.775070309638977,0.775070309638977,0.0,0.0,0.0,0.0,0.0,12.0,69.0,4.0,24.0,47.0,7.0,46.0
2020-06-09 12:00:00+00:00,2699260141.0,0.00178447,17.35448879,197503596.0,2.2279016971588135,0.0,0.0,1.4985538721084595,0.0,0.729347825050354,0.0,1.425430953502655,1.425430953502655,0.0,0.0,0.0,0.0,0.0,7.0,102.0,3.0,24.0,26.0,8.0,47.0
2020-06-09 14:00:00+00:00,2698095624.0,0.00178295,17.34700169,198512948.0,4.1041176319122314,0.0,0.0,2.477521061897278,0.8633244037628174,0.0,0.7632721662521362,0.7955843210220337,0.7955843210220337,0.0,0.0,0.0,0.0,0.0,14.0,84.0,6.0,32.0,23.0,16.0,68.0
2020-06-09 16:00:00+00:00,2696966144.0,0.0017842275729795325,17.3397398747,198313487.0,0.0,0.9058008193969727,0.0,0.0,0.0,0.0,0.0,0.0,0.0,0.0,0.0,0.0,0.0,0.0,6.0,50.0,13.0,25.0,18.0,17.0,44.0
2020-06-09 18:00:00+00:00,2696311325.0,0.00178336,17.33552981,195071213.0,0.0,0.0,0.0,0.0,0.0,0.0,0.0,0.0,0.7034838795661926,0.0,0.0,0.0,0.0,0.0,2.0,68.0,10.0,30.0,38.0,12.0,36.0
2020-06-09 20:00:00+00:00,2706284746.0,0.00177367,17.39965243,198868420.0,0.0,0.0,0.0,0.0,0.0,0.0,0.0,0.0,0.0,0.0,0.0,0.0,0.0,0.0,2.0,53.0,6.0,24.0,73.0,21.0,31.0
2020-06-09 22:00:00+00:00,2711841300.0,0.0017799,17.43537746,203076335.0,0.9770227074623108,2.1621177792549133,0.0,0.0,0.0,0.0,0.9770227074623108,0.0,0.0,0.0,0.0,0.0,0.0,0.0,4.0,30.0,8.0,18.0,98.0,11.0,23.0
2020-06-10 00:00:00+00:00,2720243200.0,0.00178381,17.48939622,201554598.0,0.0,0.0,0.0,0.0,0.0,0.0,0.0,0.0,0.0,0.0,0.0,0.0,0.0,0.0,2.0,42.0,9.0,18.0,20.0,13.0,16.0
2020-06-10 02:00:00+00:00,2714374994.0,0.00178534,17.45166747,201699232.0,0.0,0.0,0.0,0.0,0.0,0.0,0.0,0.8146123290061951,0.0,0.0,0.0,0.8146123290061951,0.0,0.0,6.0,66.0,5.0,19.0,20.0,9.0,18.0
2020-06-10 04:00:00+00:00,2708714977.0,0.00178233,17.41527723,206102202.0,0.7798539400100708,0.8030052185058594,0.0,0.0,0.0,0.7798539400100708,0.0,0.0,0.0,0.0,0.0,0.0,0.0,0.0,4.0,62.0,12.0,26.0,20.0,5.0,34.0
2020-06-10 06:00:00+00:00,2704224370.0,0.0017779,17.38640555,202797330.0,0.8744215965270996,0.7084835767745972,0.0,0.0,0.0,0.8744215965270996,0.0,0.0,0.0,0.0,0.0,0.0,0.0,0.0,3.0,120.0,9.0,20.0,15.0,8.0,42.0
2020-06-10 08:00:00+00:00,2699244049.0,0.00178051,17.35438532,203660289.0,2.4631929993629456,1.7199238538742065,0.0,0.0,0.0,0.743269145488739,0.0,0.0,0.9775031805038452,0.0,0.0,0.0,0.0,0.0,7.0,128.0,10.0,13.0,19.0,6.0,25.0
2020-06-10 10:00:00+00:00,2696919851.0,0.00177776,17.33944224,201211140.0,1.5479114055633545,0.0,0.0,0.0,0.8219530582427979,0.0,0.7259583473205566,0.0,0.0,0.0,0.0,0.0,0.0,0.0,3.0,106.0,6.0,24.0,8.0,17.0,24.0
2020-06-10 12:00:00+00:00,2703678097.0,0.00177723,17.38289337,201965495.0,0.7968903183937073,0.0,0.0,0.0,0.0,0.0,0.7968903183937073,0.0,0.7227526903152466,0.0,0.0,0.0,0.0,0.0,4.0,110.0,0.0,25.0,20.0,21.0,50.0
2020-06-10 14:00:00+00:00,2690143277.0,0.00177213,17.29587327,200153579.0,1.59621924161911,2.5956996083259583,0.0,0.0,1.59621924161911,0.0,0.0,0.0,0.0,0.0,0.0,0.0,0.0,0.0,18.0,135.0,6.0,36.0,33.0,1.0,57.0
2020-06-10 16:00:00+00:00,2688886949.0,0.00176929,17.2877959,200844526.0,4.084383249282837,0.8256004452705383,0.0,0.0,1.6546879410743713,1.6787458658218384,0.7509494423866272,0.7461299896240234,0.0,0.0,0.0,0.0,0.7461299896240234,0.0,10.0,106.0,14.0,29.0,36.0,7.0,43.0
2020-06-10 18:00:00+00:00,2711661421.0,0.00176279,17.43422096,219887079.0,0.0,0.9427915215492249,0.0,0.0,0.0,0.0,0.0,0.7384887337684631,0.8949847221374512,0.0,0.0,0.0,0.7384887337684631,0.0,3.0,92.0,9.0,31.0,145.0,18.0,37.0
2020-06-10 20:00:00+00:00,2706812370.0,0.00176559,17.40304471,218492442.0,0.783390998840332,0.0,0.0,0.0,0.0,0.783390998840332,0.0,0.0,0.0,0.0,0.0,0.0,0.0,0.0,7.0,58.0,19.0,25.0,67.0,26.0,39.0
2020-06-10 22:00:00+00:00,2707966985.0,0.00176396,17.41046813,218805704.0,0.8013656735420227,0.8976932168006897,0.0,0.0,0.0,0.8013656735420227,0.0,0.0,0.0,0.0,0.0,0.0,0.0,0.0,3.0,53.0,15.0,22.0,90.0,25.0,30.0
2020-06-11 00:00:00+00:00,2720805024.0,0.0017639,17.49300838,221860096.0,0.7605670094490051,0.7853377461433411,0.0,0.0,0.0,0.0,0.7605670094490051,0.0,0.0,0.0,0.0,0.0,0.0,0.0,1.0,54.0,8.0,21.0,82.0,27.0,18.0
2020-06-11 02:00:00+00:00,2718951998.0,0.00176525,17.48109463,221444699.0,1.8551288843154907,0.8976338505744934,0.0,0.8938557505607605,0.0,0.0,0.9612731337547302,0.847811222076416,0.0,0.847811222076416,0.0,0.0,0.0,0.0,6.0,89.0,8.0,16.0,43.0,14.0,16.0
2020-06-11 04:00:00+00:00,2714275033.0,0.00176505,17.45102478,221136743.0,0.8545941114425659,0.0,0.0,0.0,0.0,0.8545941114425659,0.0,0.0,0.0,0.0,0.0,0.0,0.0,0.0,3.0,50.0,13.0,17.0,22.0,5.0,16.0
2020-06-11 06:00:00+00:00,2700612890.0,0.00176952,17.36318608,231753428.0,0.8935491442680359,0.0,0.0,0.0,0.0,0.8935491442680359,0.0,0.0,0.0,0.0,0.0,0.0,0.0,0.0,5.0,117.0,11.0,10.0,68.0,12.0,37.0
2020-06-11 08:00:00+00:00,2707896204.0,0.00177331,17.41001305,222005715.0,0.0,0.7876325845718384,0.0,0.0,0.0,0.0,0.0,0.0,0.0,0.0,0.0,0.0,0.0,0.0,2.0,118.0,2.0,21.0,25.0,9.0,50.0
2020-06-11 10:00:00+00:00,2698427989.0,0.0017706,17.34913859,224018550.0,0.0,0.0,0.0,0.0,0.0,0.0,0.0,0.7587476968765259,0.0,0.7587476968765259,0.0,0.0,0.0,0.0,3.0,134.0,11.0,27.0,30.0,9.0,39.0
2020-06-11 12:00:00+00:00,2671288096.0,0.00177766,17.17464671,228951155.0,0.8349433541297913,0.0,0.0,0.0,0.0,0.8349433541297913,0.0,0.0,1.6639800667762756,0.0,0.0,0.0,0.0,0.0,4.0,171.0,3.0,17.0,66.0,19.0,26.0
2020-06-11 14:00:00+00:00,2649392274.0,0.00177459,17.0338708,230640109.0,1.5978792905807495,0.8192471861839294,0.0,0.0,0.0,0.7871977686882019,0.8106815218925476,0.7714751958847046,0.0,0.0,0.0,0.0,0.7714751958847046,0.0,5.0,110.0,13.0,24.0,90.0,23.0,57.0
2020-06-11 16:00:00+00:00,2580139030.0,0.00176712,16.58861744,244841282.0,0.8421412706375122,0.0,0.0,0.0,0.0,0.8421412706375122,0.0,0.7963753342628479,2.609660804271698,0.0,0.0,0.0,0.0,0.0,3.0,76.0,10.0,27.0,183.0,12.0,39.0
2020-06-11 18:00:00+00:00,2547646996.0,0.00176029,16.37971477,225374713.0,0.0,0.0,0.0,0.0,0.0,0.0,0.0,0.0,0.0,0.0,0.0,0.0,0.0,0.0,7.0,53.0,14.0,20.0,59.0,12.0,35.0
2020-06-11 20:00:00+00:00,2569797097.0,0.00176416,16.52212553,224095329.0,0.0,0.0,0.0,0.0,0.0,0.0,0.0,0.0,0.0,0.0,0.0,0.0,0.0,0.0,0.0,36.0,7.0,26.0,152.0,16.0,27.0
2020-06-11 22:00:00+00:00,2534074894.0,0.0017479879152103508,16.2924549752,214167949.0,0.8092483282089233,0.0,0.0,0.0,0.0,0.8092483282089233,0.0,1.5515097975730896,0.0,0.769728422164917,0.0,0.0,0.7817813754081726,0.0,5.0,34.0,14.0,21.0,50.0,17.0,21.0
2020-06-12 00:00:00+00:00,2565953256.0,0.00176446,16.49741213,213393319.0,3.686009705066681,0.7370385527610779,0.0,0.0,0.0,2.246294140815735,0.7026770114898682,0.0,0.0,0.0,0.0,0.0,0.0,0.0,5.0,37.0,14.0,18.0,16.0,13.0,10.0
2020-06-12 02:00:00+00:00,2574608419.0,0.00176199,16.55305921,221251887.0,0.0,0.0,0.0,0.0,0.0,0.0,0.0,0.0,0.0,0.0,0.0,0.0,0.0,0.0,3.0,42.0,6.0,17.0,47.0,6.0,18.0
2020-06-12 04:00:00+00:00,2579176828.0,0.00176421,16.5824311,225421018.0,0.8445055484771729,0.0,0.0,0.8445055484771729,0.0,0.0,0.0,0.0,0.0,0.0,0.0,0.0,0.0,0.0,2.0,39.0,1.0,16.0,42.0,6.0,26.0
2020-06-12 06:00:00+00:00,2589629602.0,0.0017615,16.64963565,223985882.0,3.2465898990631104,0.0,0.0,0.7809076905250549,0.0,1.5952805280685425,0.8704016804695129,0.0,0.0,0.0,0.0,0.0,0.0,0.0,6.0,98.0,3.0,24.0,23.0,17.0,31.0
2020-06-12 08:00:00+00:00,2588085528.0,0.0017576,16.63970826,226350062.0,2.235337018966675,0.788573682308197,0.0,0.0,0.0,0.0,1.4467633366584778,0.0,0.0,0.0,0.0,0.0,0.0,0.0,10.0,102.0,2.0,11.0,75.0,8.0,48.0
2020-06-12 10:00:00+00:00,2603140789.0,0.0017598,16.7365038,228663371.0,2.4636234045028687,0.0,0.0,0.0,0.0,0.0,2.4636234045028687,0.0,0.8408945202827454,0.0,0.0,0.0,0.0,0.0,8.0,72.0,7.0,15.0,18.0,10.0,49.0
2020-06-12 12:00:00+00:00,2600317306.0,0.00175612,16.71835065,221690437.0,0.7184717059135437,0.0,0.0,0.0,0.0,0.0,0.7184717059135437,0.7759519815444946,0.0,0.0,0.0,0.0,0.0,0.7759519815444946,7.0,104.0,29.0,23.0,57.0,15.0,57.0
2020-06-12 14:00:00+00:00,2574442253.0,0.00175443,16.55199087,217122502.0,1.6207062602043152,0.0,0.0,0.0,0.0,0.0,1.6207062602043152,0.0,0.0,0.0,0.0,0.0,0.0,0.0,11.0,83.0,10.0,29.0,52.0,14.0,53.0
2020-06-12 16:00:00+00:00,2553185541.0,0.0017544,16.41532402,203829483.0,3.3905243277549744,0.0,0.0,0.0,0.0,0.0,3.3905243277549744,0.9288825988769531,0.0,0.0,0.0,0.0,0.0,0.9288825988769531,13.0,67.0,9.0,21.0,73.0,29.0,48.0
2020-06-12 18:00:00+00:00,2581820657.0,0.00175557,16.59942921,212488250.0,5.946948528289795,0.0,0.0,0.0,0.0,0.8432536721229553,5.10369485616684,0.0,0.0,0.0,0.0,0.0,0.0,0.0,10.0,48.0,6.0,20.0,34.0,27.0,54.0
2020-06-12 20:00:00+00:00,2582428584.0,0.00175383,16.60333778,212830413.0,2.2084301710128784,0.0,0.0,0.0,0.0,2.2084301710128784,0.0,0.0,0.0,0.0,0.0,0.0,0.0,0.0,5.0,27.0,16.0,28.0,61.0,20.0,23.0
2020-06-12 22:00:00+00:00,2592663212.0,0.00175819,16.66913979,220884223.0,0.7475274205207825,0.0,0.0,0.0,0.0,0.0,0.7475274205207825,0.0,0.0,0.0,0.0,0.0,0.0,0.0,12.0,31.0,0.0,20.0,24.0,11.0,22.0
2020-06-13 00:00:00+00:00,2592413929.0,0.00176098,16.66753706,218919935.0,0.719685435295105,0.0,0.0,0.0,0.0,0.719685435295105,0.0,0.0,0.0,0.0,0.0,0.0,0.0,0.0,4.0,37.0,6.0,20.0,12.0,7.0,16.0
2020-06-13 02:00:00+00:00,2586006559.0,0.00176042,16.62634184,213447448.0,0.0,0.0,0.0,0.0,0.0,0.0,0.0,0.0,0.0,0.0,0.0,0.0,0.0,0.0,2.0,47.0,8.0,7.0,8.0,0.0,18.0
2020-06-13 04:00:00+00:00,2578712702.0,0.00175908,16.57944708,211613864.0,1.543069064617157,0.0,0.0,0.0,0.0,0.0,1.543069064617157,0.7055711150169373,0.0,0.7055711150169373,0.0,0.0,0.0,0.0,5.0,31.0,3.0,11.0,32.0,8.0,27.0
2020-06-13 06:00:00+00:00,2586685302.0,0.00175867,16.63070572,216938027.0,0.7949408292770386,0.0,0.0,0.0,0.0,0.0,0.7949408292770386,0.0,0.0,0.0,0.0,0.0,0.0,0.0,1.0,72.0,4.0,13.0,11.0,10.0,32.0
2020-06-13 08:00:00+00:00,2581166648.0,0.00175413,16.59522436,213283533.0,0.0,1.7596741914749146,0.0,0.0,0.0,0.0,0.0,0.0,0.0,0.0,0.0,0.0,0.0,0.0,1.0,58.0,3.0,9.0,11.0,10.0,34.0
2020-06-13 10:00:00+00:00,2578805009.0,0.00175817,16.58004055,211077702.0,0.8231490850448608,0.8160711526870728,0.0,0.0,0.0,0.0,0.8231490850448608,0.8936341404914856,0.0,0.0,0.0,0.0,0.0,0.8936341404914856,8.0,92.0,4.0,17.0,146.0,21.0,51.0
2020-06-13 12:00:00+00:00,2584383834.0,0.00175802,16.61590877,211362381.0,3.938212513923645,0.0,0.0,0.0,0.0,0.7885395884513855,3.1496729254722595,0.0,0.7266896963119507,0.0,0.0,0.0,0.0,0.0,11.0,77.0,4.0,19.0,75.0,40.0,49.0
2020-06-13 14:00:00+00:00,2593212388.0,0.00176235,16.67267064,211573494.0,1.5923646688461304,0.0,0.0,0.0,0.0,0.0,1.5923646688461304,0.0,0.0,0.0,0.0,0.0,0.0,0.0,10.0,98.0,3.0,18.0,31.0,15.0,43.0
2020-06-13 16:00:00+00:00,2612111725.0,0.00177562,16.7941811,206514098.0,1.521870195865631,0.7018207311630249,0.0,0.0,0.0,0.0,1.521870195865631,0.0,0.7065376043319702,0.0,0.0,0.0,0.0,0.0,9.0,117.0,10.0,23.0,53.0,25.0,38.0
2020-06-13 18:00:00+00:00,2599471265.0,0.00176884,16.71291115,204098309.0,0.0,0.8467530608177185,0.0,0.0,0.0,0.0,0.0,0.0,0.8831499218940735,0.0,0.0,0.0,0.0,0.0,4.0,51.0,4.0,20.0,21.0,12.0,33.0
2020-06-13 20:00:00+00:00,2607653615.0,0.00177446,16.76551835,207236093.0,1.5886276960372925,0.0,0.0,0.0,0.7675743699073792,0.0,0.8210533261299133,2.329033315181732,0.0,2.329033315181732,0.0,0.0,0.0,0.0,9.0,26.0,7.0,24.0,88.0,24.0,36.0
2020-06-13 22:00:00+00:00,2616708430.0,0.00177554,16.82373492,217773557.0,1.5335849523544312,0.0,0.0,0.0,0.0,0.7830228805541992,0.7505620718002319,0.0,0.0,0.0,0.0,0.0,0.0,0.0,6.0,26.0,6.0,12.0,48.0,11.0,27.0
2020-06-14 00:00:00+00:00,2618825723.0,0.00177785,16.83734774,221222588.0,0.0,0.0,0.0,0.0,0.0,0.0,0.0,0.9766687750816345,0.0,0.0,0.0,0.0,0.9766687750816345,0.0,7.0,23.0,3.0,18.0,21.0,9.0,20.0
2020-06-14 02:00:00+00:00,2616395098.0,0.00177942,16.8217204,219142704.0,0.9604426026344299,0.9396070241928101,0.0,0.0,0.0,0.0,0.9604426026344299,0.0,0.0,0.0,0.0,0.0,0.0,0.0,4.0,136.0,9.0,22.0,20.0,8.0,21.0
2020-06-14 04:00:00+00:00,2613620627.0,0.00177748,16.80388236,220708650.0,8.483498573303223,0.0,1.623755931854248,0.0,0.8219117522239685,5.276513457298279,0.7613174319267273,0.7769876718521118,0.0,0.7769876718521118,0.0,0.0,0.0,0.0,21.0,142.0,2.0,8.0,17.0,8.0,22.0
2020-06-14 06:00:00+00:00,2599717701.0,0.00177212,16.71449557,217910162.0,2.5773282051086426,0.0,0.0,0.0,0.0,1.8310733437538147,0.7462548613548279,0.9391218423843384,0.0,0.0,0.0,0.0,0.9391218423843384,0.0,5.0,96.0,8.0,12.0,36.0,6.0,32.0
2020-06-14 08:00:00+00:00,2599748348.0,0.00176894,16.71469262,219157149.0,0.7744298577308655,0.0,0.0,0.0,0.0,0.0,0.7744298577308655,1.512876808643341,0.0,0.0,0.0,0.0,0.0,1.512876808643341,9.0,115.0,0.0,18.0,10.0,8.0,38.0
2020-06-14 10:00:00+00:00,2610672684.0,0.00177515,16.784928999999998,221596978.0,5.240371108055115,0.7154867053031921,0.0,0.0,0.0,2.782420516014099,2.4579505920410156,0.0,0.0,0.0,0.0,0.0,0.0,0.0,18.0,117.0,0.0,12.0,19.0,10.0,38.0
2020-06-14 12:00:00+00:00,2596174842.0,0.00177024,16.69171729,225444829.0,0.7205644249916077,0.0,0.0,0.0,0.0,0.0,0.7205644249916077,0.0,0.0,0.0,0.0,0.0,0.0,0.0,6.0,146.0,5.0,24.0,32.0,22.0,43.0
2020-06-14 14:00:00+00:00,2602692208.0,0.00177206,16.73361972,228138040.0,2.2228822112083435,0.7558502554893494,0.0,0.0,0.0,0.0,1.4670319557189941,0.0,0.0,0.0,0.0,0.0,0.0,0.0,10.0,150.0,6.0,29.0,67.0,15.0,53.0
2020-06-14 16:00:00+00:00,2592412412.0,0.00177016,16.66752731,226988626.0,2.5553320050239563,0.0,0.0,0.0,0.0,0.0,2.5553320050239563,0.0,0.0,0.0,0.0,0.0,0.0,0.0,8.0,116.0,5.0,22.0,43.0,17.0,46.0
2020-06-14 18:00:00+00:00,2595183908.0,0.00177072,16.68534623,221337525.0,0.0,0.0,0.0,0.0,0.0,0.0,0.0,0.0,0.0,0.0,0.0,0.0,0.0,0.0,11.0,45.0,12.0,26.0,8.0,21.0,36.0
2020-06-14 20:00:00+00:00,2585864736.0,0.00177349,16.62543001,217677594.0,1.7502695322036743,0.0,0.0,0.0,0.0,0.9578669667243958,0.7924025654792786,0.889223575592041,1.663842499256134,0.0,0.0,0.0,0.0,0.0,12.0,42.0,11.0,20.0,52.0,15.0,38.0
2020-06-14 22:00:00+00:00,2590657273.0,0.00177443,16.65624291,197988813.0,1.4800279140472412,0.0,0.0,0.0,0.0,0.7329133152961731,0.7471145987510681,0.7273677587509155,0.0,0.0,0.7273677587509155,0.0,0.0,0.0,9.0,22.0,8.0,15.0,381.0,73.0,27.0
2020-06-15 00:00:00+00:00,2581131687.0,0.00177008,16.59499958,194605878.0,0.0,0.0,0.0,0.0,0.0,0.0,0.0,0.8680986166000366,0.0,0.0,0.0,0.0,0.0,0.8680986166000366,2.0,27.0,23.0,22.0,23.0,6.0,16.0
2020-06-15 02:00:00+00:00,2527028042.0,0.0017664,16.2471483,198048877.0,0.0,0.0,0.0,0.0,0.0,0.0,0.0,0.0,0.0,0.0,0.0,0.0,0.0,0.0,9.0,155.0,10.0,11.0,43.0,10.0,14.0
2020-06-15 04:00:00+00:00,2466709210.0,0.001749531201197538,15.8593374047,198888481.0,1.6735538244247437,0.0,0.0,0.0,0.0,0.0,1.6735538244247437,0.0,0.0,0.0,0.0,0.0,0.0,0.0,3.0,151.0,5.0,19.0,144.0,41.0,21.0
2020-06-15 06:00:00+00:00,2476806529.0,0.00174454,15.9242566,207189095.0,0.8169465065002441,1.49905663728714,0.0,0.0,0.0,0.8169465065002441,0.0,0.7689064741134644,0.0,0.0,0.7689064741134644,0.0,0.0,0.0,7.0,134.0,14.0,15.0,69.0,12.0,37.0
2020-06-15 08:00:00+00:00,2482774975.0,0.00174322,15.96262984,207333938.0,3.1337605714797974,0.8428702354431152,0.0,0.7524248957633972,0.0,0.0,1.538465440273285,0.742530107498169,0.742530107498169,0.0,0.0,0.0,0.0,0.0,19.0,114.0,4.0,7.0,34.0,7.0,41.0
2020-06-15 10:00:00+00:00,2477435855.0,0.00174404,15.92830276,207023260.0,0.7915738821029663,1.6605886816978455,0.0,0.0,0.0,0.0,0.0,0.7190471887588501,0.985175609588623,0.0,0.0,0.0,0.7190471887588501,0.0,6.0,128.0,2.0,18.0,32.0,4.0,18.0
2020-06-15 12:00:00+00:00,2482883386.0,0.0017438,15.96332684,206653838.0,2.383540451526642,0.0,0.0,0.0,0.0,0.0,2.383540451526642,0.9824753403663635,0.0,0.0,0.0,0.0,0.9824753403663635,0.0,9.0,188.0,14.0,12.0,38.0,16.0,29.0
2020-06-15 14:00:00+00:00,2511374728.0,0.00173574,16.14650766,206956932.0,1.7880951762199402,0.8889645338058472,0.0,0.0,0.0,0.0,1.7880951762199402,0.0,0.0,0.0,0.0,0.0,0.0,0.0,7.0,185.0,16.0,28.0,61.0,11.0,34.0
2020-06-15 16:00:00+00:00,2536274913.0,0.00174129,16.30659967,204554211.0,0.8575527667999268,0.0,0.0,0.0,0.0,0.0,0.8575527667999268,0.9092624187469482,0.0,0.0,0.0,0.0,0.9092624187469482,0.0,11.0,127.0,9.0,24.0,48.0,24.0,37.0
2020-06-15 18:00:00+00:00,2551079196.0,0.0017399,16.40178159,205675535.0,1.888184666633606,0.7808248400688171,0.0,0.0,0.0,0.0,1.888184666633606,0.0,0.0,0.0,0.0,0.0,0.0,0.0,10.0,106.0,6.0,27.0,61.0,13.0,24.0
2020-06-15 20:00:00+00:00,2570472954.0,0.00174685,16.52647085,206657807.0,0.0,1.5602502226829529,0.0,0.0,0.0,0.0,0.0,1.6087919473648071,1.6087919473648071,0.0,0.0,0.0,0.0,0.0,16.0,67.0,7.0,21.0,146.0,36.0,22.0
2020-06-15 22:00:00+00:00,2548438215.0,0.00173371,16.3848018,205913863.0,0.0,0.0,0.0,0.0,0.0,0.0,0.0,0.0,0.0,0.0,0.0,0.0,0.0,0.0,3.0,51.0,7.0,21.0,67.0,14.0,19.0
2020-06-16 00:00:00+00:00,2563931327.0,0.00175049,16.48441244,207570210.0,0.8633052706718445,0.0,0.0,0.0,0.0,0.8633052706718445,0.0,0.7517092227935791,0.7517092227935791,0.0,0.0,0.0,0.0,0.0,6.0,70.0,8.0,11.0,26.0,14.0,12.0
2020-06-16 02:00:00+00:00,2579081545.0,0.00173624,16.5818185,206193811.0,0.8939267992973328,0.8939267992973328,0.0,0.0,0.0,0.0,0.0,0.8792918920516968,0.8792918920516968,0.0,0.0,0.0,0.0,0.0,4.0,208.0,2.0,9.0,100.0,19.0,11.0
2020-06-16 04:00:00+00:00,2565194683.0,0.00172763,16.492535,195399112.0,0.0,0.0,0.0,0.0,0.0,0.0,0.0,0.7857121229171753,1.820046305656433,0.0,0.0,0.0,0.0,0.7857121229171753,2.0,221.0,2.0,14.0,37.0,7.0,22.0
2020-06-16 06:00:00+00:00,2554912601.0,0.00172639,16.42642789,185762947.0,1.4997936487197876,0.0,0.0,0.7938913106918335,0.0,0.0,0.7059023380279541,0.0,0.8486499786376953,0.0,0.0,0.0,0.0,0.0,6.0,270.0,4.0,9.0,20.0,7.0,36.0
2020-06-16 08:00:00+00:00,2557620782.0,0.00172992,16.44383974,185907204.0,0.7162008285522461,0.9150292277336121,0.0,0.0,0.0,0.7162008285522461,0.0,0.0,0.0,0.0,0.0,0.0,0.0,0.0,11.0,272.0,7.0,10.0,25.0,7.0,31.0
2020-06-16 10:00:00+00:00,2555271333.0,0.00172663,16.4287343,184540747.0,3.889506161212921,1.583139717578888,0.0,0.0,1.5509880185127258,0.8412596583366394,0.792870044708252,0.0,0.0,0.0,0.0,0.0,0.0,0.0,11.0,309.0,5.0,16.0,34.0,11.0,30.0
2020-06-16 12:00:00+00:00,2563289024.0,0.00172745,16.48028285,186339990.0,2.3371812105178833,0.0,0.0,0.0,0.0,0.7143322825431824,1.622848927974701,0.0,0.0,0.0,0.0,0.0,0.0,0.0,8.0,268.0,9.0,12.0,51.0,9.0,52.0
2020-06-16 14:00:00+00:00,2529716440.0,0.00171865,16.26443295,183068143.0,2.2164270281791687,0.9210981130599976,0.0,0.0,0.0,1.4516449570655823,0.7647820711135864,0.9777690768241882,1.7015570998191833,0.0,0.0,0.0,0.0,0.0,14.0,304.0,9.0,22.0,51.0,25.0,57.0
2020-06-16 16:00:00+00:00,2546654025.0,0.00172604,16.37333061,183401310.0,0.0,0.8959438800811768,0.0,0.0,0.0,0.0,0.0,0.0,0.915372371673584,0.0,0.0,0.0,0.0,0.0,3.0,191.0,8.0,18.0,40.0,22.0,45.0
2020-06-16 18:00:00+00:00,2549816391.0,0.00172612,16.39366257,189037152.0,0.9658541679382324,0.0,0.0,0.0,0.0,0.0,0.9658541679382324,0.9137267470359802,0.0,0.0,0.0,0.0,0.9137267470359802,0.0,7.0,153.0,6.0,26.0,38.0,18.0,41.0
2020-06-16 20:00:00+00:00,2554569549.0,0.00172767,16.42422229,189490610.0,0.0,0.0,0.0,0.0,0.0,0.0,0.0,0.0,0.0,0.0,0.0,0.0,0.0,0.0,3.0,127.0,0.0,40.0,55.0,17.0,25.0
2020-06-16 22:00:00+00:00,2554217172.0,0.00172174,16.42195674,197512179.0,1.4752411842346191,0.7458020448684692,0.0,0.0,0.0,0.0,0.7294391393661499,0.8929850459098816,0.8929850459098816,0.0,0.0,0.0,0.0,0.0,12.0,63.0,8.0,16.0,31.0,13.0,37.0
2020-06-17 00:00:00+00:00,2548390966.0,0.00172911,16.38449802,195772237.0,1.6601029634475708,0.0,0.0,0.0,0.8159127831459045,0.0,0.8441901803016663,0.0,0.0,0.0,0.0,0.0,0.0,0.0,5.0,63.0,5.0,17.0,39.0,13.0,27.0
2020-06-17 02:00:00+00:00,2550451824.0,0.00173094,16.39774799,189866185.0,1.6802759170532227,0.8032048940658569,0.0,0.0,0.0,1.6802759170532227,0.0,0.0,0.0,0.0,0.0,0.0,0.0,0.0,7.0,219.0,8.0,11.0,31.0,6.0,26.0
2020-06-17 04:00:00+00:00,2547310619.0,0.00173117,16.377552090000002,193900999.0,3.7838187217712402,0.7861018180847168,0.0,0.0,0.7964348793029785,2.9873838424682617,0.0,0.0,0.0,0.0,0.0,0.0,0.0,0.0,11.0,273.0,6.0,7.0,79.0,8.0,25.0
2020-06-17 06:00:00+00:00,2562616907.0,0.0017296185672511103,16.4759615751,196517185.0,1.5320388674736023,0.0,0.0,0.0,0.0,0.724439799785614,0.8075990676879883,0.0,0.897897481918335,0.0,0.0,0.0,0.0,0.0,12.0,259.0,6.0,13.0,33.0,12.0,40.0
2020-06-17 08:00:00+00:00,2561095183.0,0.00173343,16.46617788,194235743.0,1.5961670279502869,1.4040678143501282,0.0,0.0,0.0,0.722930371761322,0.8732366561889648,0.0,0.0,0.0,0.0,0.0,0.0,0.0,6.0,275.0,6.0,12.0,34.0,11.0,30.0
2020-06-17 10:00:00+00:00,2565357299.0,0.00173783,16.49358052,194125837.0,2.3527573347091675,0.0,0.0,0.0,0.0,2.3527573347091675,0.0,0.0,0.810731053352356,0.0,0.0,0.0,0.0,0.0,15.0,285.0,3.0,22.0,29.0,26.0,42.0
2020-06-17 12:00:00+00:00,2562185532.0,0.00173973,16.47318811,190268061.0,6.073472023010254,0.7194753289222717,0.0,0.0,0.0,6.073472023010254,0.0,1.80366051197052,0.8035972118377686,0.0,0.0,0.0,1.80366051197052,0.0,15.0,263.0,11.0,16.0,227.0,25.0,51.0
2020-06-17 14:00:00+00:00,2543623834.0,0.00173739,16.35384846,192380786.0,0.0,0.0,0.0,0.0,0.0,0.0,0.0,0.0,0.0,0.0,0.0,0.0,0.0,0.0,10.0,224.0,2.0,31.0,104.0,23.0,46.0
2020-06-17 16:00:00+00:00,2536643467.0,0.00172887,16.30896923,195947517.0,0.8482243418693542,0.8482243418693542,0.0,0.0,0.0,0.0,0.0,0.0,0.0,0.0,0.0,0.0,0.0,0.0,9.0,217.0,15.0,19.0,79.0,27.0,52.0
2020-06-17 18:00:00+00:00,2517090679.0,0.00172428,16.18325751,186833391.0,1.6937588453292847,0.9794337749481201,0.0,0.0,0.0,0.8400692343711853,0.8536896109580994,0.0,0.0,0.0,0.0,0.0,0.0,0.0,9.0,118.0,6.0,35.0,68.0,27.0,41.0
2020-06-17 20:00:00+00:00,2540776240.0,0.00173194,16.33554028,194495229.0,0.8976932168006897,0.0,0.0,0.0,0.8976932168006897,0.0,0.0,0.0,0.0,0.0,0.0,0.0,0.0,0.0,2.0,75.0,6.0,24.0,330.0,56.0,38.0
2020-06-17 22:00:00+00:00,2551197615.0,0.00173018,16.40254295,190623459.0,0.8334558010101318,0.9476298093795776,0.0,0.0,0.0,0.0,0.8334558010101318,0.0,0.0,0.0,0.0,0.0,0.0,0.0,4.0,69.0,1.0,25.0,76.0,16.0,35.0
2020-06-18 00:00:00+00:00,2557599693.0,0.00174238,16.44370415,189350420.0,0.0,2.4186776876449585,0.0,0.0,0.0,0.0,0.0,0.7885813117027283,0.0,0.0,0.0,0.7885813117027283,0.0,0.0,4.0,67.0,15.0,12.0,36.0,14.0,16.0
2020-06-18 02:00:00+00:00,2560528195.0,0.00174493,16.46253252,188701352.0,0.8680087327957153,0.0,0.0,0.0,0.0,0.0,0.8680087327957153,1.6927268505096436,0.0,0.0,0.0,0.0,1.6927268505096436,0.0,10.0,190.0,1.0,9.0,27.0,18.0,15.0
2020-06-18 04:00:00+00:00,2556893953.0,0.00174309,16.4391667,183996413.0,0.722930371761322,0.8509700894355774,0.0,0.0,0.0,0.722930371761322,0.0,0.9202476143836975,0.9731137752532959,0.0,0.0,0.0,0.0,0.9202476143836975,7.0,232.0,9.0,17.0,23.0,14.0,36.0
2020-06-18 06:00:00+00:00,2555939840.0,0.00174186,16.43303237,189951469.0,0.7507415413856506,0.0,0.0,0.0,0.0,0.7507415413856506,0.0,0.0,0.0,0.0,0.0,0.0,0.0,0.0,8.0,266.0,7.0,17.0,95.0,13.0,42.0
2020-06-18 08:00:00+00:00,2558825623.0,0.00174185,16.45158608,191474702.0,3.220675528049469,0.0,0.0,0.0,0.0,1.5336822867393494,1.6869932413101196,0.759189784526825,0.0,0.0,0.0,0.0,0.0,0.759189784526825,15.0,328.0,4.0,21.0,20.0,18.0,49.0
2020-06-18 10:00:00+00:00,2548335895.0,0.00173759,16.38414395,194092043.0,2.361602246761322,2.470785677433014,0.0,0.0,0.0,0.7119808197021484,1.6496214270591736,0.0,0.8712995052337646,0.0,0.0,0.0,0.0,0.0,8.0,332.0,3.0,21.0,87.0,13.0,42.0
2020-06-18 12:00:00+00:00,2530525079.0,0.00172978,16.26963198,190551445.0,1.543058693408966,0.0,0.0,0.0,0.0,0.7148460745811462,0.8282126188278198,0.0,0.0,0.0,0.0,0.0,0.0,0.0,12.0,245.0,1.0,29.0,17.0,15.0,51.0
2020-06-18 14:00:00+00:00,2527914049.0,0.00172941,16.25284475,184991927.0,5.485311150550842,0.0,0.0,0.0,0.0,5.485311150550842,0.0,1.5263301730155945,0.7041707634925842,0.0,0.0,0.0,0.7654552459716797,0.7608749270439148,45.0,198.0,2.0,24.0,51.0,20.0,56.0
2020-06-18 16:00:00+00:00,2524174827.0,0.0017239068752272378,16.2288039801,181715864.0,10.452411770820618,0.0,0.0,0.0,0.0,8.726495563983917,1.7259162068367004,1.4556409120559692,2.997034251689911,0.0,0.0,0.0,0.751470148563385,0.0,38.0,195.0,8.0,21.0,36.0,124.0,33.0
2020-06-18 18:00:00+00:00,2515373012.0,0.00172109,16.17221403,184233741.0,1.8550212979316711,0.0,0.0,0.0,0.0,0.0,1.8550212979316711,0.0,0.0,0.0,0.0,0.0,0.0,0.0,7.0,115.0,18.0,20.0,38.0,20.0,32.0
2020-06-18 20:00:00+00:00,2504654057.0,0.00171571,16.10329812,178005916.0,1.6020801663398743,0.0,0.0,0.0,0.0,0.8966603875160217,0.7054197788238525,0.0,0.0,0.0,0.0,0.0,0.0,0.0,6.0,111.0,21.0,23.0,183.0,21.0,30.0
2020-06-18 22:00:00+00:00,2521030877.0,0.00172215,16.20859043,176409002.0,1.5517020225524902,0.0,0.0,0.0,0.0,0.8043752312660217,0.7473267912864685,0.0,0.7362545132637024,0.0,0.0,0.0,0.0,0.0,8.0,83.0,23.0,20.0,111.0,19.0,29.0
2020-06-19 00:00:00+00:00,2511835446.0,0.00172256,16.14946978,175064035.0,3.1760637760162354,0.0,0.0,0.0,0.0,3.1760637760162354,0.0,0.0,0.0,0.0,0.0,0.0,0.0,0.0,4.0,75.0,0.0,23.0,35.0,10.0,18.0
2020-06-19 02:00:00+00:00,2484937751.0,0.00172012,15.97653508,177304397.0,0.7342864274978638,0.0,0.0,0.0,0.0,0.7342864274978638,0.0,0.8414794206619263,0.0,0.0,0.0,0.0,0.0,0.8414794206619263,8.0,263.0,5.0,15.0,55.0,12.0,29.0
2020-06-19 04:00:00+00:00,2507051557.0,0.00172708,16.11871248,177795738.0,0.0,0.0,0.0,0.0,0.0,0.0,0.0,0.0,0.786805272102356,0.0,0.0,0.0,0.0,0.0,2.0,219.0,5.0,10.0,31.0,12.0,22.0
2020-06-19 06:00:00+00:00,2490382903.0,0.0017225180527011294,16.0115438658,174651183.0,1.510139524936676,0.0,1.510139524936676,0.0,0.0,0.0,0.0,2.592213988304138,0.0,2.592213988304138,0.0,0.0,0.0,0.0,11.0,164.0,5.0,12.0,20.0,24.0,37.0
2020-06-19 08:00:00+00:00,2505952199.0,0.00171778,16.11164432,171684109.0,1.6279449462890625,3.2150715589523315,0.0,0.0,0.0,0.0,0.0,0.0,0.7060105204582214,0.0,0.0,0.0,0.0,0.0,8.0,338.0,11.0,17.0,49.0,10.0,38.0
2020-06-19 10:00:00+00:00,2512966856.0,0.00172212,16.15674401,169344448.0,0.9026904702186584,0.0,0.0,0.0,0.0,0.0,0.9026904702186584,0.0,0.0,0.0,0.0,0.0,0.0,0.0,5.0,241.0,5.0,16.0,60.0,10.0,39.0
2020-06-19 12:00:00+00:00,2508439242.0,0.0017156878349681324,16.1276343913,166765527.0,3.2360823154449463,0.0,0.0,0.0,0.8056813478469849,0.7263420820236206,1.7040588855743408,0.7113826870918274,0.7113826870918274,0.0,0.0,0.0,0.0,0.0,11.0,225.0,12.0,32.0,63.0,6.0,54.0
2020-06-19 14:00:00+00:00,2504421455.0,0.0017175945844745222,16.1018026342,163520843.0,1.7333430051803589,0.7504584789276123,0.0,0.0,0.0,1.7333430051803589,0.0,0.899842381477356,1.618514895439148,0.0,0.0,0.0,0.0,0.899842381477356,17.0,283.0,7.0,31.0,21.0,13.0,57.0
2020-06-19 16:00:00+00:00,2489591574.0,0.00171204,16.00645614,163325339.0,4.155522644519806,0.7395955920219421,0.0,0.0,0.0,2.512836515903473,1.642686128616333,0.0,0.0,0.0,0.0,0.0,0.0,0.0,10.0,316.0,7.0,32.0,85.0,18.0,55.0
2020-06-19 18:00:00+00:00,2486958350.0,0.00171389,15.98952622,161053095.0,6.544345378875732,1.425958514213562,0.7369621992111206,0.0,0.0,5.103572845458984,0.7038103342056274,0.0,0.0,0.0,0.0,0.0,0.0,0.0,12.0,262.0,17.0,26.0,52.0,19.0,40.0
2020-06-19 20:00:00+00:00,2486777526.0,0.00171727,15.98836364,158034714.0,0.7540895938873291,0.7540895938873291,0.0,0.0,0.0,0.0,0.0,0.885741651058197,0.0,0.0,0.0,0.0,0.885741651058197,0.0,6.0,246.0,8.0,22.0,139.0,17.0,25.0
2020-06-19 22:00:00+00:00,2474135854.0,0.00171265,15.9070859,160670035.0,0.7031845450401306,0.8315572738647461,0.0,0.0,0.0,0.0,0.7031845450401306,0.0,0.0,0.0,0.0,0.0,0.0,0.0,4.0,184.0,14.0,15.0,110.0,13.0,26.0
2020-06-20 00:00:00+00:00,2474080980.0,0.00171214,15.90673309,160203823.0,0.0,0.0,0.0,0.0,0.0,0.0,0.0,0.0,0.0,0.0,0.0,0.0,0.0,0.0,5.0,147.0,7.0,18.0,67.0,8.0,23.0
2020-06-20 02:00:00+00:00,2480439174.0,0.00171638,15.94761215,158634132.0,0.0,0.0,0.0,0.0,0.0,0.0,0.0,0.0,0.0,0.0,0.0,0.0,0.0,0.0,4.0,104.0,9.0,10.0,62.0,14.0,28.0
2020-06-20 04:00:00+00:00,2480050454.0,0.00171405,15.94511293,157060910.0,0.8432713747024536,0.0,0.0,0.0,0.0,0.0,0.8432713747024536,0.0,0.0,0.0,0.0,0.0,0.0,0.0,2.0,83.0,3.0,21.0,52.0,6.0,23.0
2020-06-20 06:00:00+00:00,2485572419.0,0.00171795,15.98061558,155801988.0,0.9259070754051208,0.0,0.0,0.0,0.0,0.0,0.9259070754051208,0.7970103621482849,0.0,0.0,0.0,0.0,0.0,0.7970103621482849,4.0,210.0,2.0,13.0,64.0,9.0,42.0
2020-06-20 08:00:00+00:00,2484222910.0,0.0017189,15.97193912,154657675.0,3.1391542553901672,0.0,0.0,0.0,0.0,2.331385910511017,0.8077683448791504,1.6071363687515259,0.8068380951881409,0.0,0.800298273563385,0.0,0.0,0.0,15.0,260.0,6.0,17.0,72.0,7.0,34.0
2020-06-20 10:00:00+00:00,2483672430.0,0.00171669,15.96839989,161615466.0,3.396215796470642,0.9348312616348267,0.0,0.8581238389015198,0.0,0.777538537979126,0.8257221579551697,0.0,0.0,0.0,0.0,0.0,0.0,0.0,9.0,326.0,5.0,12.0,326.0,51.0,39.0
2020-06-20 12:00:00+00:00,2475265114.0,0.0017138,15.914346309999999,159140519.0,0.7451998591423035,0.7451998591423035,0.0,0.0,0.0,0.0,0.0,2.68464857339859,1.8333667516708374,0.0,0.0,0.0,0.0,0.8512818217277527,15.0,190.0,9.0,13.0,110.0,9.0,41.0
2020-06-20 14:00:00+00:00,2474720317.0,0.00171181,15.91084362,160430644.0,2.5191031098365784,0.0,0.0,0.0,0.0,2.5191031098365784,0.0,0.7049999833106995,0.0,0.0,0.0,0.0,0.7049999833106995,0.0,8.0,81.0,7.0,23.0,115.0,33.0,52.0
2020-06-20 16:00:00+00:00,2460354579.0,0.00170855,15.81848126,157134946.0,0.0,2.32150799036026,0.0,0.0,0.0,0.0,0.0,0.8142461180686951,0.7445088624954224,0.0,0.0,0.0,0.0,0.8142461180686951,4.0,70.0,5.0,35.0,93.0,13.0,53.0
2020-06-20 18:00:00+00:00,2474662242.0,0.0017154142638511904,15.910470229,156923298.0,1.7404136657714844,0.0,0.0,0.0,0.0,1.7404136657714844,0.0,0.0,0.0,0.0,0.0,0.0,0.0,0.0,5.0,83.0,10.0,20.0,92.0,15.0,41.0
2020-06-20 20:00:00+00:00,2482926052.0,0.00171334,15.96360116,160123936.0,0.0,0.0,0.0,0.0,0.0,0.0,0.0,0.0,0.0,0.0,0.0,0.0,0.0,0.0,2.0,33.0,3.0,13.0,70.0,15.0,23.0
2020-06-20 22:00:00+00:00,2495984577.0,0.00171956,16.04755899,158722069.0,0.0,0.0,0.0,0.0,0.0,0.0,0.0,0.9576793909072876,0.0,0.0,0.0,0.0,0.9576793909072876,0.0,6.0,35.0,13.0,9.0,152.0,30.0,39.0
2020-06-21 00:00:00+00:00,2510083677.0,0.00172405,16.13820704,161257633.0,0.0,0.0,0.0,0.0,0.0,0.0,0.0,0.0,0.0,0.0,0.0,0.0,0.0,0.0,2.0,79.0,14.0,20.0,36.0,5.0,12.0
2020-06-21 02:00:00+00:00,2517302701.0,0.00173062,16.18462067,169252892.0,0.0,0.0,0.0,0.0,0.0,0.0,0.0,0.0,0.0,0.0,0.0,0.0,0.0,0.0,2.0,109.0,16.0,27.0,37.0,8.0,24.0
2020-06-21 04:00:00+00:00,2513622315.0,0.00172323,16.16095818,169246142.0,2.335229992866516,0.0,0.0,0.0,0.7702452540397644,1.5649847388267517,0.0,0.7879840731620789,0.0,0.0,0.0,0.0,0.0,0.7879840731620789,6.0,77.0,2.0,9.0,30.0,10.0,27.0
2020-06-21 06:00:00+00:00,2501752414.0,0.00171537,16.08464244,165467179.0,2.2489625215530396,0.0,0.0,0.0,0.0,0.0,2.2489625215530396,0.0,0.0,0.0,0.0,0.0,0.0,0.0,7.0,93.0,3.0,15.0,37.0,9.0,42.0
2020-06-21 08:00:00+00:00,2509476949.0,0.00172013,16.13430618,165098734.0,1.501420021057129,0.0,0.0,0.0,0.0,0.7781714200973511,0.7232486009597778,0.7111899256706238,0.0,0.0,0.7111899256706238,0.0,0.0,0.0,6.0,87.0,2.0,16.0,34.0,5.0,36.0
2020-06-21 10:00:00+00:00,2503240910.0,0.00171698,16.09421249,159933051.0,0.0,0.0,0.0,0.0,0.0,0.0,0.0,0.0,0.0,0.0,0.0,0.0,0.0,0.0,7.0,87.0,2.0,26.0,14.0,19.0,54.0
2020-06-21 12:00:00+00:00,2499857214.0,0.0017172,16.07245753,160072655.0,1.5958312153816223,0.0,0.0,0.0,0.0,0.7187460064888,0.8770852088928223,2.646934986114502,0.0,0.0,0.0,0.0,2.646934986114502,0.0,14.0,120.0,5.0,17.0,21.0,15.0,45.0
2020-06-21 14:00:00+00:00,2504939737.0,0.00171576,16.10513485,161574931.0,4.004970192909241,0.0,0.0,0.0,0.0,4.004970192909241,0.0,0.8694634437561035,0.7287187576293945,0.0,0.0,0.0,0.8694634437561035,0.0,17.0,87.0,1.0,19.0,24.0,27.0,53.0
2020-06-21 16:00:00+00:00,2499903009.0,0.00172056,16.07275196,165980885.0,0.0,0.0,0.0,0.0,0.0,0.0,0.0,0.8976385593414307,0.0,0.0,0.0,0.0,0.8976385593414307,0.0,3.0,105.0,10.0,18.0,23.0,12.0,61.0
2020-06-21 18:00:00+00:00,2501920575.0,0.00171838,16.0857236,170015208.0,0.0,0.0,0.0,0.0,0.0,0.0,0.0,0.0,0.0,0.0,0.0,0.0,0.0,0.0,3.0,44.0,7.0,25.0,38.0,26.0,51.0
2020-06-21 20:00:00+00:00,2494218030.0,0.0017179942849176563,16.0362012409,158150200.0,0.7792203426361084,0.0,0.0,0.0,0.0,0.0,0.7792203426361084,0.0,0.0,0.0,0.0,0.0,0.0,0.0,5.0,49.0,7.0,17.0,44.0,16.0,35.0
2020-06-21 22:00:00+00:00,2488778109.0,0.00171989,16.00122609,151504787.0,0.0,0.8976932168006897,0.0,0.0,0.0,0.0,0.0,0.8346900939941406,0.0,0.0,0.0,0.0,0.0,0.8346900939941406,5.0,28.0,6.0,12.0,149.0,23.0,28.0
2020-06-22 00:00:00+00:00,2511667814.0,0.00172591,16.14839202,151107707.0,2.4061227440834045,3.033219873905182,0.0,0.0,0.0,2.4061227440834045,0.0,0.7435868978500366,0.7788457274436951,0.0,0.0,0.0,0.7435868978500366,0.0,7.0,81.0,16.0,10.0,90.0,25.0,17.0
2020-06-22 02:00:00+00:00,2511946673.0,0.00172489,16.15018489,149526593.0,5.308708488941193,0.0,0.0,0.0,0.0,3.6172978281974792,1.6914106607437134,1.8019155859947205,0.0,0.8939340710639954,0.0,0.0,0.9079815149307251,0.0,17.0,83.0,15.0,10.0,79.0,10.0,25.0
2020-06-22 04:00:00+00:00,2514619473.0,0.00171975,16.16736926,151127368.0,1.4257451891899109,0.0,0.0,0.0,0.0,1.4257451891899109,0.0,0.0,0.0,0.0,0.0,0.0,0.0,0.0,7.0,83.0,8.0,10.0,102.0,29.0,34.0
2020-06-22 06:00:00+00:00,2510104960.0,0.00171932,16.13834388,157262637.0,0.7369997501373291,0.0,0.0,0.0,0.0,0.7369997501373291,0.0,0.0,0.0,0.0,0.0,0.0,0.0,0.0,10.0,84.0,3.0,20.0,81.0,17.0,39.0
2020-06-22 08:00:00+00:00,2521150355.0,0.00172589,16.20935859,159782669.0,0.0,0.0,0.0,0.0,0.0,0.0,0.0,1.6613357067108154,0.0,0.0,0.0,0.0,0.9587238430976868,0.7026118636131287,3.0,97.0,0.0,11.0,83.0,10.0,45.0
2020-06-22 10:00:00+00:00,2529229820.0,0.0017203102464215588,16.2613043021,162361493.0,2.166268527507782,0.8260794281959534,0.0,0.0,0.0,2.166268527507782,0.0,1.712973177433014,0.8308582305908203,0.0,0.0,0.0,1.712973177433014,0.0,10.0,113.0,3.0,9.0,83.0,38.0,58.0
2020-06-22 12:00:00+00:00,2533606918.0,0.00172238,16.2894462,167887476.0,2.711072623729706,0.8972037434577942,0.0,0.0,0.0,0.0,1.8138688802719116,0.0,0.0,0.0,0.0,0.0,0.0,0.0,12.0,92.0,7.0,21.0,216.0,33.0,51.0
2020-06-22 14:00:00+00:00,2526232693.0,0.00171911,16.24203472,170916201.0,6.2455044984817505,0.0,0.0,0.0,0.0,5.332609236240387,0.9128952622413635,0.0,0.0,0.0,0.0,0.0,0.0,0.0,10.0,142.0,35.0,23.0,110.0,26.0,59.0
2020-06-22 16:00:00+00:00,2536612702.0,0.00170766,16.30877144,171728390.0,3.5284610390663147,1.7879738211631775,0.0,0.0,0.0,0.0,2.638180434703827,0.8676173686981201,0.0,0.0,0.0,0.0,0.8676173686981201,0.0,11.0,94.0,18.0,34.0,181.0,91.0,51.0
2020-06-22 18:00:00+00:00,2537295846.0,0.00171372,16.31316361,179872675.0,3.9227964878082275,0.0,0.0,0.0,0.8976932168006897,2.174026668071747,0.851076602935791,0.0,0.0,0.0,0.0,0.0,0.0,0.0,9.0,72.0,20.0,24.0,184.0,22.0,42.0
2020-06-22 20:00:00+00:00,2554090599.0,0.00170153,16.42114296,184620996.0,3.3029712438583374,0.7492125630378723,0.0,0.8294972777366638,0.0,0.0,1.7242614030838013,0.0,0.7529250383377075,0.0,0.0,0.0,0.0,0.0,9.0,71.0,18.0,20.0,329.0,203.0,29.0
2020-06-22 22:00:00+00:00,2562512331.0,0.00170751,16.47528922,181943736.0,2.559913992881775,0.8731017708778381,0.0,0.0,0.0,0.0,2.559913992881775,0.8068505525588989,0.0,0.0,0.0,0.0,0.0,0.8068505525588989,15.0,52.0,32.0,25.0,85.0,14.0,45.0
2020-06-23 00:00:00+00:00,2530740219.0,0.00170426,16.27101518,177851550.0,0.7830228805541992,0.0,0.0,0.0,0.0,0.7830228805541992,0.0,2.214490294456482,0.0,0.0,0.0,0.0,2.214490294456482,0.0,6.0,25.0,16.0,18.0,62.0,16.0,19.0
2020-06-23 02:00:00+00:00,2545894687.0,0.0017022669672211894,16.368448565,179420811.0,0.7198697924613953,0.0,0.0,0.0,0.0,0.7198697924613953,0.0,0.0,0.0,0.0,0.0,0.0,0.0,0.0,2.0,26.0,14.0,17.0,42.0,13.0,21.0
2020-06-23 04:00:00+00:00,2541811195.0,0.00170153,16.34219437,176061714.0,1.6601342558860779,0.0,0.0,0.0,0.0,0.9352155327796936,0.7249187231063843,0.7619179487228394,0.0,0.0,0.0,0.0,0.0,0.7619179487228394,6.0,39.0,1.0,23.0,30.0,6.0,32.0
2020-06-23 06:00:00+00:00,2549264290.0,0.00170176,16.39011292,177859507.0,0.0,0.0,0.0,0.0,0.0,0.0,0.0,0.0,0.0,0.0,0.0,0.0,0.0,0.0,6.0,37.0,9.0,11.0,46.0,24.0,58.0
2020-06-23 08:00:00+00:00,2541595443.0,0.00170374,16.34080722,176037346.0,2.302621901035309,0.7150847911834717,0.0,0.0,0.0,0.0,1.5875371098518372,0.0,0.0,0.0,0.0,0.0,0.0,0.0,5.0,66.0,7.0,6.0,31.0,13.0,44.0
2020-06-23 10:00:00+00:00,2543968508.0,0.00169978,16.35606449,174772788.0,0.0,0.9433586001396179,0.0,0.0,0.0,0.0,0.0,0.0,0.0,0.0,0.0,0.0,0.0,0.0,4.0,78.0,4.0,11.0,16.0,8.0,28.0
2020-06-23 12:00:00+00:00,2550327129.0,0.00170261,16.39694629,171429722.0,2.355908691883087,0.0,0.0,0.0,0.0,1.63124018907547,0.7246685028076172,0.0,0.0,0.0,0.0,0.0,0.0,0.0,7.0,93.0,13.0,22.0,27.0,11.0,51.0
2020-06-23 14:00:00+00:00,2560640638.0,0.00170355,16.46325545,170078524.0,3.7575687170028687,0.0,0.0,0.0,0.0,3.7575687170028687,0.0,0.0,0.0,0.0,0.0,0.0,0.0,0.0,6.0,71.0,6.0,29.0,37.0,10.0,54.0
2020-06-23 16:00:00+00:00,2559394727.0,0.00170537,16.45524505,163315671.0,2.3934658765792847,0.0,1.5988628268241882,0.0,0.0,0.7946030497550964,0.0,0.9379183650016785,0.7518168091773987,0.9379183650016785,0.0,0.0,0.0,0.0,9.0,88.0,14.0,36.0,47.0,25.0,47.0
2020-06-23 18:00:00+00:00,2558163669.0,0.00170589,16.44733015,170951657.0,1.8017841577529907,0.0,0.0,0.0,0.0,0.8547892570495605,0.9469949007034302,0.0,0.0,0.0,0.0,0.0,0.0,0.0,5.0,47.0,11.0,23.0,36.0,14.0,37.0
2020-06-23 20:00:00+00:00,2557171700.0,0.00170366,16.44095244,167041761.0,2.1968132853507996,0.0,0.0,0.0,0.0,2.1968132853507996,0.0,0.0,0.0,0.0,0.0,0.0,0.0,0.0,9.0,33.0,3.0,25.0,60.0,23.0,33.0
2020-06-23 22:00:00+00:00,2554312286.0,0.00170542,16.42256826,165960947.0,0.7173271775245667,0.0,0.0,0.0,0.0,0.0,0.7173271775245667,0.0,0.0,0.0,0.0,0.0,0.0,0.0,3.0,17.0,9.0,29.0,39.0,16.0,32.0
2020-06-24 00:00:00+00:00,2562646850.0,0.00170661,16.47615409,162948906.0,0.9270601272583008,0.0,0.0,0.0,0.0,0.9270601272583008,0.0,0.0,0.0,0.0,0.0,0.0,0.0,0.0,2.0,41.0,10.0,20.0,21.0,14.0,13.0
2020-06-24 02:00:00+00:00,2564258428.0,0.00170695,16.48651549,162411040.0,1.6690651178359985,1.6652289628982544,0.0,0.0,0.0,0.866538941860199,0.0,0.0,0.0,0.0,0.0,0.0,0.0,0.0,5.0,50.0,4.0,18.0,34.0,5.0,27.0
2020-06-24 04:00:00+00:00,2581488610.0,0.0017181,16.59729437,172007538.0,6.549431920051575,4.102019250392914,0.0,0.0,0.0,5.736402928829193,0.0,0.0,1.575718104839325,0.0,0.0,0.0,0.0,0.0,13.0,54.0,8.0,13.0,35.0,7.0,38.0
2020-06-24 06:00:00+00:00,2548137351.0,0.0017136491938420952,16.3828674387,174226626.0,3.3022968769073486,1.5441049933433533,0.0,0.0,0.8938546180725098,1.637783944606781,0.7706583142280579,0.7439612746238708,0.7174251675605774,0.0,0.0,0.7439612746238708,0.0,0.0,12.0,66.0,8.0,20.0,31.0,4.0,48.0
2020-06-24 08:00:00+00:00,2543373148.0,0.00171475,16.35223671,171141534.0,0.796566367149353,0.0,0.0,0.0,0.0,0.0,0.796566367149353,0.0,0.0,0.0,0.0,0.0,0.0,0.0,6.0,79.0,8.0,21.0,52.0,2.0,53.0
2020-06-24 10:00:00+00:00,2506027304.0,0.00171711,16.1121272,174190630.0,0.0,1.755125105381012,0.0,0.0,0.0,0.0,0.0,0.772798478603363,0.772798478603363,0.0,0.0,0.0,0.0,0.0,5.0,96.0,2.0,22.0,115.0,22.0,48.0
2020-06-24 12:00:00+00:00,2517680002.0,0.00172082,16.18704647,172590519.0,0.0,0.0,0.0,0.0,0.0,0.0,0.0,0.7164754867553711,0.0,0.0,0.0,0.0,0.0,0.7164754867553711,8.0,92.0,8.0,30.0,51.0,6.0,49.0
2020-06-24 14:00:00+00:00,2496635388.0,0.00172969,16.05174328,169855808.0,4.687840282917023,0.0,0.0,0.0,0.0,4.687840282917023,0.0,0.0,0.0,0.0,0.0,0.0,0.0,0.0,10.0,116.0,4.0,27.0,52.0,12.0,50.0
2020-06-24 16:00:00+00:00,2514514403.0,0.0017362,16.16669373,173528776.0,0.0,0.0,0.0,0.0,0.0,0.0,0.0,0.8194937705993652,0.8194937705993652,0.0,0.0,0.0,0.0,0.0,8.0,70.0,14.0,19.0,63.0,6.0,56.0
2020-06-24 18:00:00+00:00,2503022389.0,0.0017256,16.09280755,171219591.0,1.5403104424476624,0.8654072880744934,0.0,0.0,0.0,1.5403104424476624,0.0,0.0,0.0,0.0,0.0,0.0,0.0,0.0,4.0,67.0,3.0,21.0,32.0,13.0,39.0
2020-06-24 20:00:00+00:00,2503134933.0,0.00173157,16.09353113,168523546.0,0.8971037864685059,0.0,0.8971037864685059,0.0,0.0,0.0,0.0,0.0,0.0,0.0,0.0,0.0,0.0,0.0,4.0,41.0,14.0,24.0,51.0,18.0,42.0
2020-06-24 22:00:00+00:00,2492749448.0,0.00172079,16.02675921,168239834.0,0.0,0.0,0.0,0.0,0.0,0.0,0.0,0.0,0.8569102883338928,0.0,0.0,0.0,0.0,0.0,4.0,22.0,17.0,19.0,289.0,18.0,30.0
2020-06-25 00:00:00+00:00,2487120928.0,0.00171962,15.99057149,167255630.0,2.3899935483932495,0.0,0.0,0.0,0.0,2.3899935483932495,0.0,0.0,0.0,0.0,0.0,0.0,0.0,0.0,6.0,25.0,9.0,15.0,46.0,18.0,22.0
2020-06-25 02:00:00+00:00,2451857284.0,0.00172612,15.76384917,168605714.0,1.5472460389137268,0.0,0.0,0.0,0.0,0.7014343738555908,0.845811665058136,0.9009464979171753,0.0,0.0,0.0,0.0,0.0,0.9009464979171753,8.0,34.0,8.0,14.0,96.0,10.0,17.0
2020-06-25 04:00:00+00:00,2456324743.0,0.00172497,15.79257203,166699293.0,2.5252336859703064,1.5643226504325867,0.0,0.0,0.0,0.849655032157898,0.8757262825965881,0.9812643527984619,0.0,0.0,0.9812643527984619,0.0,0.0,0.0,11.0,53.0,9.0,8.0,50.0,9.0,30.0
2020-06-25 06:00:00+00:00,2465814362.0,0.001725632705458682,15.8535841108,163487588.0,0.0,0.0,0.0,0.0,0.0,0.0,0.0,0.8587263822555542,0.0,0.0,0.0,0.0,0.8587263822555542,0.0,11.0,58.0,3.0,11.0,19.0,8.0,58.0
2020-06-25 08:00:00+00:00,2478318875.0,0.0017277,15.93398,157708462.0,1.4769192337989807,0.0,0.0,0.0,0.0,1.4769192337989807,0.0,0.0,0.8054542541503906,0.0,0.0,0.0,0.0,0.0,8.0,55.0,8.0,16.0,61.0,13.0,34.0
2020-06-25 10:00:00+00:00,2480148934.0,0.00173262,15.94574609,156673694.0,0.0,0.0,0.0,0.0,0.0,0.0,0.0,0.0,0.0,0.0,0.0,0.0,0.0,0.0,4.0,60.0,3.0,17.0,17.0,9.0,50.0
2020-06-25 12:00:00+00:00,,,,,0.7363928556442261,1.603787899017334,0.0,0.0,0.0,0.0,0.7363928556442261,0.0,0.0,0.0,0.0,0.0,0.0,0.0,5.0,90.0,12.0,28.0,92.0,11.0,43.0
2020-06-25 14:00:00+00:00,2479606712.0,0.00172693,15.94225996,145213832.0,0.7031462788581848,0.8226168155670166,0.0,0.0,0.0,0.0,0.7031462788581848,0.0,0.7779121398925781,0.0,0.0,0.0,0.0,0.0,6.0,67.0,13.0,27.0,87.0,19.0,43.0
2020-06-25 16:00:00+00:00,2487206405.0,0.00172271,15.99112105,146266963.0,0.8762651681900024,0.0,0.0,0.0,0.0,0.0,0.8762651681900024,0.0,0.0,0.0,0.0,0.0,0.0,0.0,2.0,81.0,8.0,24.0,44.0,16.0,44.0
2020-06-25 18:00:00+00:00,2486766097.0,0.00171983,15.98829015,145495480.0,0.772371232509613,0.7669752836227417,0.0,0.0,0.0,0.772371232509613,0.0,0.0,0.0,0.0,0.0,0.0,0.0,0.0,7.0,42.0,14.0,26.0,28.0,16.0,44.0
2020-06-25 20:00:00+00:00,2488371862.0,0.00171952,15.99861418,146586653.0,1.5521735548973083,0.750846803188324,0.0,0.0,0.0,0.7799514532089233,0.772222101688385,0.897463321685791,0.0,0.0,0.0,0.0,0.0,0.897463321685791,9.0,46.0,22.0,23.0,51.0,11.0,42.0
2020-06-25 22:00:00+00:00,2475633677.0,0.0017186831369188959,15.9167159269,142955232.0,0.8126065731048584,0.0,0.0,0.0,0.0,0.8126065731048584,0.0,0.0,0.0,0.0,0.0,0.0,0.0,0.0,5.0,35.0,8.0,24.0,96.0,20.0,26.0
2020-06-26 00:00:00+00:00,2483799453.0,0.00172153,15.96921656,141440751.0,0.0,0.0,0.0,0.0,0.0,0.0,0.0,0.0,0.0,0.0,0.0,0.0,0.0,0.0,3.0,31.0,5.0,11.0,48.0,12.0,30.0
2020-06-26 02:00:00+00:00,2471352211.0,0.001714601808117135,15.8891888799,134065676.0,1.686295509338379,0.878402829170227,0.0,0.0,0.0,0.8078926801681519,0.0,0.0,0.0,0.0,0.0,0.0,0.0,0.0,9.0,47.0,2.0,14.0,27.0,4.0,21.0
2020-06-26 04:00:00+00:00,2462702628.0,0.00171382,15.83357769,136794580.0,2.260492444038391,4.938233137130737,0.0,0.0,0.0,0.0,0.7167341113090515,0.0,0.0,0.0,0.0,0.0,0.0,0.0,9.0,43.0,3.0,15.0,51.0,4.0,44.0
2020-06-26 06:00:00+00:00,2435438727.0,0.0017108917513063205,15.6582885132,139019325.0,0.9216588139533997,1.6367275714874268,0.0,0.0,0.0,0.0,0.0,0.8188438415527344,0.0,0.0,0.0,0.8188438415527344,0.0,0.0,3.0,61.0,3.0,15.0,20.0,7.0,58.0
2020-06-26 08:00:00+00:00,2451452449.0,0.00171166,15.76124634,140509839.0,0.7548732161521912,0.0,0.0,0.0,0.0,0.0,0.7548732161521912,0.0,0.0,0.0,0.0,0.0,0.0,0.0,10.0,67.0,2.0,13.0,50.0,6.0,46.0
2020-06-26 10:00:00+00:00,2452007867.0,0.00171582,15.76481732,143705008.0,0.9413875937461853,1.7518447637557983,0.0,0.0,0.0,0.0,0.9413875937461853,1.4562323689460754,0.0,0.0,0.0,0.0,0.0,1.4562323689460754,7.0,102.0,0.0,9.0,33.0,9.0,66.0
2020-06-26 12:00:00+00:00,2451889888.0,0.001717609723474384,15.7640587902,142152846.0,9.23625534772873,2.543784976005554,0.0,0.0,0.0,4.0546510219573975,3.478719174861908,0.0,0.0,0.0,0.0,0.0,0.0,0.0,15.0,111.0,25.0,14.0,36.0,15.0,46.0
2020-06-26 14:00:00+00:00,2447598285.0,0.00171804,15.73646657,146829307.0,5.769472241401672,0.0,0.0,0.0,0.0,4.0706870555877686,1.6987851858139038,0.0,0.0,0.0,0.0,0.0,0.0,0.0,16.0,85.0,6.0,18.0,248.0,34.0,68.0
2020-06-26 16:00:00+00:00,2446913183.0,0.00171788,15.73206181,142060879.0,4.051549077033997,0.0,0.7173565030097961,0.0,0.0,0.0,3.3341925740242004,0.0,0.0,0.0,0.0,0.0,0.0,0.0,12.0,54.0,7.0,26.0,41.0,7.0,65.0
2020-06-26 18:00:00+00:00,2445482798.0,0.0017161,15.72286536,143307553.0,0.0,2.5035641193389893,0.0,0.0,0.0,0.0,0.0,0.0,0.0,0.0,0.0,0.0,0.0,0.0,3.0,43.0,3.0,20.0,56.0,13.0,41.0
2020-06-26 20:00:00+00:00,2455994684.0,0.0017171,15.79044997,141336118.0,2.6019171476364136,2.6019171476364136,0.0,0.0,0.0,0.0,0.0,0.0,0.0,0.0,0.0,0.0,0.0,0.0,7.0,37.0,17.0,19.0,66.0,21.0,24.0
2020-06-26 22:00:00+00:00,2449582459.0,0.0017188,15.74922352,136599245.0,0.9161466360092163,1.62759667634964,0.0,0.0,0.0,0.0,0.0,0.0,0.8692559003829956,0.0,0.0,0.0,0.0,0.0,2.0,28.0,10.0,14.0,24.0,26.0,27.0
2020-06-27 00:00:00+00:00,2448783005.0,0.00172152,15.74408355,134752210.0,0.8057357668876648,0.915476381778717,0.0,0.0,0.0,0.8057357668876648,0.0,0.0,0.0,0.0,0.0,0.0,0.0,0.0,2.0,49.0,8.0,14.0,64.0,11.0,22.0
2020-06-27 02:00:00+00:00,2460761029.0,0.0017248937898782899,15.8210944639,135315137.0,2.404724597930908,0.0,0.0,0.0,0.0,0.7942683100700378,1.6104562878608704,0.8837711215019226,0.0,0.0,0.0,0.8837711215019226,0.0,0.0,7.0,77.0,7.0,12.0,67.0,7.0,22.0
2020-06-27 04:00:00+00:00,2458784489.0,0.00172482,15.8083866,133340744.0,0.0,0.0,0.0,0.0,0.0,0.0,0.0,0.0,0.0,0.0,0.0,0.0,0.0,0.0,3.0,44.0,3.0,7.0,69.0,9.0,35.0
2020-06-27 06:00:00+00:00,2460427751.0,0.00172418,15.81895171,128420519.0,0.7178423404693604,0.0,0.0,0.0,0.0,0.0,0.7178423404693604,0.918759822845459,0.918759822845459,0.0,0.0,0.0,0.0,0.0,5.0,50.0,6.0,12.0,28.0,10.0,51.0
2020-06-27 08:00:00+00:00,2460297470.0,0.00172265,15.81811408,129177512.0,0.0,0.0,0.0,0.0,0.0,0.0,0.0,0.8842803239822388,0.0,0.0,0.0,0.0,0.8842803239822388,0.0,5.0,74.0,1.0,13.0,32.0,8.0,39.0
2020-06-27 10:00:00+00:00,2448457413.0,0.00171735,15.74199021,126851232.0,0.0,0.0,0.0,0.0,0.0,0.0,0.0,0.0,0.0,0.0,0.0,0.0,0.0,0.0,0.0,82.0,0.0,15.0,36.0,8.0,40.0
2020-06-27 12:00:00+00:00,2442830811.0,0.00171522,15.70581481,125740055.0,1.6165925860404968,0.0,0.0,0.0,0.0,1.6165925860404968,0.0,0.7298749089241028,0.0,0.0,0.0,0.0,0.7298749089241028,0.0,5.0,123.0,10.0,16.0,34.0,11.0,39.0
2020-06-27 14:00:00+00:00,2437615968.0,0.00171178,15.67228676,121457597.0,2.6488474011421204,0.0,0.0,0.0,0.0,0.0,2.6488474011421204,1.5413588285446167,0.0,0.0,0.7803943157196045,0.0,0.7609645128250122,0.0,11.0,70.0,12.0,28.0,47.0,6.0,65.0
2020-06-27 16:00:00+00:00,2418052934.0,0.00170939,15.54650916,127171962.0,0.8241297602653503,0.0,0.0,0.0,0.0,0.8241297602653503,0.0,0.0,0.0,0.0,0.0,0.0,0.0,0.0,2.0,65.0,19.0,20.0,81.0,8.0,54.0
2020-06-27 18:00:00+00:00,2354203846.0,0.0016776406878358746,15.136001017,139378515.0,2.3728193640708923,0.751961886882782,0.0,0.0,0.0,2.3728193640708923,0.0,0.0,0.0,0.0,0.0,0.0,0.0,0.0,6.0,57.0,10.0,19.0,84.0,10.0,39.0
2020-06-27 20:00:00+00:00,2358997514.0,0.0016797,15.16682119,148421522.0,5.245362222194672,1.6789990067481995,0.7767870426177979,0.0,0.0,3.7567684054374695,0.0,0.0,0.9837155938148499,0.0,0.0,0.0,0.0,0.0,9.0,57.0,7.0,25.0,174.0,13.0,27.0
2020-06-27 22:00:00+00:00,2361864421.0,0.00167878,15.18525354,152435707.0,0.7021905779838562,0.0,0.0,0.0,0.0,0.0,0.7021905779838562,0.0,0.0,0.0,0.0,0.0,0.0,0.0,8.0,24.0,13.0,19.0,102.0,20.0,30.0
2020-06-28 00:00:00+00:00,2343294878.0,0.00166956,15.06586344,151526996.0,1.6866225600242615,0.0,0.0,0.0,0.0,1.6866225600242615,0.0,0.0,0.0,0.0,0.0,0.0,0.0,0.0,2.0,53.0,4.0,21.0,37.0,9.0,11.0
2020-06-28 02:00:00+00:00,2351642341.0,0.00167683,15.1195322,147768301.0,0.7058635354042053,0.0,0.7058635354042053,0.0,0.0,0.0,0.0,0.8942153453826904,0.7789881825447083,0.8942153453826904,0.0,0.0,0.0,0.0,8.0,154.0,5.0,21.0,47.0,7.0,43.0
2020-06-28 04:00:00+00:00,2338311929.0,0.00166858,15.03382632,142289381.0,0.0,0.0,0.0,0.0,0.0,0.0,0.0,0.0,0.0,0.0,0.0,0.0,0.0,0.0,0.0,211.0,5.0,10.0,44.0,3.0,47.0
2020-06-28 06:00:00+00:00,2358741474.0,0.00167887,15.16517502,151885368.0,0.0,0.0,0.0,0.0,0.0,0.0,0.0,0.8666825294494629,0.0,0.0,0.0,0.0,0.0,0.8666825294494629,2.0,218.0,6.0,23.0,35.0,4.0,57.0
2020-06-28 08:00:00+00:00,2387178701.0,0.0016881847088043038,15.3480079071,155613406.0,0.0,0.8225082159042358,0.0,0.0,0.0,0.0,0.0,0.0,0.0,0.0,0.0,0.0,0.0,0.0,1.0,238.0,2.0,7.0,12.0,4.0,42.0
2020-06-28 10:00:00+00:00,2377467702.0,0.00168842,15.28557249,158122912.0,4.908664643764496,0.0,0.0,0.0,0.0,4.908664643764496,0.0,0.0,0.7119591236114502,0.0,0.0,0.0,0.0,0.0,18.0,251.0,0.0,16.0,19.0,22.0,55.0
2020-06-28 12:00:00+00:00,2370970194.0,0.0016828,15.24379774,159077291.0,0.7412810325622559,0.0,0.0,0.0,0.7412810325622559,0.0,0.0,0.0,0.0,0.0,0.0,0.0,0.0,0.0,4.0,198.0,6.0,12.0,46.0,16.0,51.0
2020-06-28 14:00:00+00:00,2393410321.0,0.00168319,15.38807318,160640914.0,5.892987132072449,0.0,0.0,0.0,0.0,5.892987132072449,0.0,0.7361201643943787,0.0,0.0,0.0,0.0,0.7361201643943787,0.0,12.0,232.0,7.0,16.0,177.0,12.0,82.0
2020-06-28 16:00:00+00:00,2395352435.0,0.00168329,15.40055971,157624113.0,1.4748200178146362,6.614868521690369,0.0,0.0,0.7288120985031128,0.7460079193115234,0.0,0.0,0.0,0.0,0.0,0.0,0.0,0.0,3.0,256.0,8.0,36.0,50.0,23.0,64.0
2020-06-28 18:00:00+00:00,2399802674.0,0.00168884,15.42917185,156525643.0,4.821798264980316,0.9161466360092163,0.0,0.0,0.0,3.1889628171920776,0.7166888117790222,0.7595163583755493,0.0,0.0,0.0,0.0,0.7595163583755493,0.0,14.0,194.0,5.0,26.0,34.0,12.0,56.0
2020-06-28 20:00:00+00:00,2398354771.0,0.00168889,15.41986278,153632113.0,2.5795077085494995,0.8976932168006897,0.0,0.0,0.0,0.7605917453765869,0.9212227463722229,0.0,0.0,0.0,0.0,0.0,0.0,0.0,13.0,152.0,1.0,19.0,39.0,17.0,44.0
2020-06-28 22:00:00+00:00,2398389948.0,0.00168644,15.42008894,159817886.0,1.4595818519592285,0.8557040691375732,0.0,0.0,0.0,0.7242459654808044,0.7353358864784241,0.7650613188743591,0.0,0.0,0.0,0.0,0.7650613188743591,0.0,6.0,93.0,6.0,27.0,71.0,15.0,33.0
2020-06-29 00:00:00+00:00,2410225746.0,0.001694856391472319,15.4961854298,164535785.0,0.0,0.0,0.0,0.0,0.0,0.0,0.0,0.0,0.0,0.0,0.0,0.0,0.0,0.0,3.0,81.0,8.0,30.0,68.0,9.0,10.0
2020-06-29 02:00:00+00:00,2402633297.0,0.0016917264006096697,15.4473709184,173382698.0,0.8777077198028564,0.8191388249397278,0.0,0.0,0.0,0.8777077198028564,0.0,0.0,0.0,0.0,0.0,0.0,0.0,0.0,5.0,215.0,25.0,19.0,51.0,6.0,38.0
2020-06-29 04:00:00+00:00,2398269475.0,0.0016909313610076972,15.4193143801,175431202.0,3.231057643890381,2.345342755317688,0.0,0.0,0.0,1.6233025193214417,0.7490325570106506,0.8648700714111328,0.0,0.0,0.0,0.0,0.0,0.8648700714111328,9.0,224.0,3.0,12.0,29.0,15.0,22.0
2020-06-29 06:00:00+00:00,2388921685.0,0.00168222,15.35921416,170263043.0,0.0,1.5298407077789307,0.0,0.0,0.0,0.0,0.0,0.0,0.0,0.0,0.0,0.0,0.0,0.0,2.0,218.0,3.0,18.0,51.0,7.0,37.0
2020-06-29 08:00:00+00:00,2398395454.0,0.00168298,15.42012434,169679624.0,0.83470618724823,0.0,0.0,0.0,0.0,0.83470618724823,0.0,0.0,0.0,0.0,0.0,0.0,0.0,0.0,6.0,214.0,4.0,11.0,30.0,6.0,28.0
2020-06-29 10:00:00+00:00,2382082473.0,0.00168556,15.31524247,167416130.0,0.9169892072677612,0.8111817240715027,0.0,0.0,0.0,0.0,0.9169892072677612,0.7003037929534912,0.0,0.0,0.7003037929534912,0.0,0.0,0.0,4.0,211.0,7.0,8.0,55.0,7.0,32.0
2020-06-29 12:00:00+00:00,2381213998.0,0.00168927,15.30965874,169049147.0,3.5787144899368286,0.0,0.0,0.966356635093689,0.0,2.6123578548431396,0.0,1.644210398197174,0.7751338481903076,0.0,0.8273156881332397,0.0,0.8168947100639343,0.0,11.0,235.0,7.0,15.0,245.0,18.0,19.0
2020-06-29 14:00:00+00:00,2391568544.0,0.00168817,15.37623174,170655516.0,1.6080677509307861,0.9006223082542419,0.0,0.0,0.0,1.6080677509307861,0.0,0.0,0.0,0.0,0.0,0.0,0.0,0.0,3.0,206.0,3.0,15.0,65.0,11.0,25.0
2020-06-29 16:00:00+00:00,2397828007.0,0.00168468,15.41647603,175003905.0,2.510933041572571,0.9320913553237915,0.0,0.0,0.0,0.7872508764266968,0.7915908098220825,0.0,0.0,0.0,0.0,0.0,0.0,0.0,7.0,232.0,5.0,23.0,88.0,27.0,38.0
2020-06-29 18:00:00+00:00,2401058051.0,0.00168546,15.43724311,169970498.0,1.629341185092926,0.0,0.0,0.0,0.0,0.8219184875488281,0.8074226975440979,1.6097575426101685,0.8953901529312134,0.0,0.0,0.0,0.7143673896789551,0.0,7.0,184.0,3.0,15.0,37.0,15.0,33.0
2020-06-29 20:00:00+00:00,2419610917.0,0.00168814,15.55652598,170704468.0,0.0,0.0,0.0,0.0,0.0,0.0,0.0,0.0,0.0,0.0,0.0,0.0,0.0,0.0,0.0,125.0,7.0,14.0,19.0,17.0,28.0
2020-06-29 22:00:00+00:00,2411632830.0,0.00168703,15.50523207,167963469.0,0.0,0.0,0.0,0.0,0.0,0.0,0.0,0.0,0.9979546070098877,0.0,0.0,0.0,0.0,0.0,0.0,95.0,9.0,8.0,54.0,14.0,23.0
2020-06-30 00:00:00+00:00,2414141231.0,0.001691465740838254,15.5213594545,162569543.0,0.0,0.0,0.0,0.0,0.0,0.0,0.0,0.8513598442077637,0.9299436211585999,0.0,0.8513598442077637,0.0,0.0,0.0,5.0,67.0,4.0,13.0,42.0,12.0,15.0
2020-06-30 02:00:00+00:00,2411332967.0,0.0016923277820746695,15.5033041444,165506475.0,0.758272111415863,0.758272111415863,0.0,0.0,0.0,0.0,0.0,0.0,0.7481521368026733,0.0,0.0,0.0,0.0,0.0,2.0,210.0,11.0,10.0,26.0,8.0,14.0
2020-06-30 04:00:00+00:00,2393150300.0,0.0016845896086529232,15.3864014102,168228930.0,2.3488897681236267,0.0,0.0,0.0,0.7308823466300964,1.6180074214935303,0.0,0.0,0.0,0.0,0.0,0.0,0.0,0.0,6.0,231.0,4.0,13.0,58.0,8.0,22.0
2020-06-30 06:00:00+00:00,2394332154.0,0.00168556,15.39399996,167704190.0,2.266615152359009,1.5492048859596252,0.0,0.0,0.0,0.7174102663993835,0.0,0.0,0.0,0.0,0.0,0.0,0.0,0.0,11.0,236.0,8.0,20.0,31.0,4.0,30.0
2020-06-30 08:00:00+00:00,2409608475.0,0.00168798,15.49221678,165188643.0,0.0,0.7555616497993469,0.0,0.0,0.0,0.0,0.0,0.0,0.0,0.0,0.0,0.0,0.0,0.0,1.0,170.0,4.0,9.0,11.0,5.0,25.0
2020-06-30 10:00:00+00:00,2410688701.0,0.00168918,15.49916193,165152468.0,0.0,0.0,0.0,0.0,0.0,0.0,0.0,0.0,0.0,0.0,0.0,0.0,0.0,0.0,3.0,168.0,3.0,18.0,15.0,8.0,17.0
2020-06-30 12:00:00+00:00,2392471344.0,0.00168433,15.38203616,164857736.0,1.6725070476531982,0.0,0.0,0.0,0.8976932168006897,0.7748138308525085,0.0,0.0,0.0,0.0,0.0,0.0,0.0,0.0,7.0,202.0,11.0,11.0,60.0,13.0,44.0
2020-06-30 14:00:00+00:00,2397552876.0,0.0016834,15.41470711,159583710.0,3.3401337265968323,0.0,0.0,0.0,0.0,2.4424405097961426,0.8976932168006897,0.0,0.0,0.0,0.0,0.0,0.0,0.0,8.0,121.0,2.0,14.0,56.0,31.0,40.0
2020-06-30 16:00:00+00:00,2393346735.0,0.00168398,15.38766436,155197230.0,0.8980823755264282,0.0,0.0,0.0,0.0,0.8980823755264282,0.0,0.0,0.8950530290603638,0.0,0.0,0.0,0.0,0.0,9.0,68.0,1.0,20.0,44.0,7.0,30.0
2020-06-30 18:00:00+00:00,2407283910.0,0.00168394,15.47727134,159169639.0,0.8165686726570129,1.6395488381385803,0.0,0.0,0.0,0.8165686726570129,0.0,0.0,0.0,0.0,0.0,0.0,0.0,0.0,2.0,45.0,7.0,33.0,58.0,3.0,30.0
2020-06-30 20:00:00+00:00,2400497100.0,0.00168441,15.43363656,155958948.0,0.0,0.0,0.0,0.0,0.0,0.0,0.0,0.0,0.9788156747817993,0.0,0.0,0.0,0.0,0.0,3.0,43.0,5.0,17.0,35.0,19.0,21.0
2020-06-30 22:00:00+00:00,2397377912.0,0.00168676,15.41358221,151582461.0,3.992270350456238,0.0,0.0,0.0,0.0,3.992270350456238,0.0,0.0,0.0,0.0,0.0,0.0,0.0,0.0,7.0,39.0,5.0,15.0,25.0,14.0,20.0
2020-07-01 00:00:00+00:00,2396191517.0,0.00169078,15.40595446,152842505.0,0.0,0.8585080504417419,0.0,0.0,0.0,0.0,0.0,0.7171059250831604,0.0,0.0,0.0,0.0,0.7171059250831604,0.0,3.0,40.0,5.0,11.0,38.0,18.0,9.0
2020-07-01 02:00:00+00:00,2392521722.0,0.00168744,15.38236006,149742679.0,0.0,0.0,0.0,0.0,0.0,0.0,0.0,0.0,0.0,0.0,0.0,0.0,0.0,0.0,0.0,99.0,2.0,11.0,45.0,15.0,18.0
2020-07-01 04:00:00+00:00,2397258096.0,0.00168591,15.41281187,146129937.0,0.0,0.0,0.0,0.0,0.0,0.0,0.0,0.0,0.0,0.0,0.0,0.0,0.0,0.0,0.0,108.0,8.0,10.0,45.0,10.0,28.0
2020-07-01 06:00:00+00:00,2394111833.0,0.00167845,15.39258344,144889505.0,1.6128891110420227,0.7340841889381409,0.0,0.0,0.0,0.0,1.6128891110420227,0.0,0.0,0.0,0.0,0.0,0.0,0.0,4.0,115.0,3.0,7.0,33.0,10.0,37.0
2020-07-01 08:00:00+00:00,2417896546.0,0.00169969,15.54550369,152145203.0,19.085814595222473,1.6601009368896484,0.0,0.0,0.8088722825050354,17.403136074543,0.8738062381744385,4.211962878704071,0.0,0.0,0.0,0.0,4.211962878704071,0.0,63.0,126.0,6.0,21.0,29.0,8.0,31.0
2020-07-01 10:00:00+00:00,2450084281.0,0.00171791,15.75244991,157409092.0,3.0294229984283447,0.8131175637245178,0.0,0.0,0.0,2.216305434703827,0.0,0.7551788687705994,0.0,0.0,0.0,0.0,0.7551788687705994,0.0,13.0,129.0,5.0,19.0,67.0,4.0,25.0
2020-07-01 12:00:00+00:00,2452005880.0,0.00170821,15.76480454,155936987.0,4.129857122898102,0.7667831182479858,0.0,0.0,0.0,4.129857122898102,0.0,1.631977915763855,1.5004024505615234,0.0,0.0,0.0,0.8685106039047241,0.0,20.0,142.0,5.0,24.0,49.0,12.0,33.0
2020-07-01 14:00:00+00:00,2450491755.0,0.00170478,15.7550697,155647222.0,1.4650084376335144,1.4870871901512146,0.0,0.0,0.0,1.4650084376335144,0.0,3.085245668888092,0.8878380656242371,0.0,0.0,0.0,1.435480773448944,0.7619268298149109,6.0,117.0,5.0,28.0,59.0,14.0,56.0
2020-07-01 16:00:00+00:00,2463237547.0,0.00170366,15.83701687,161418600.0,3.0770345330238342,0.8148573637008667,0.0,0.7111772298812866,0.0,1.5236135125160217,0.8422437906265259,0.0,0.0,0.0,0.0,0.0,0.0,0.0,12.0,151.0,8.0,29.0,69.0,11.0,56.0
2020-07-01 18:00:00+00:00,2454686500.0,0.00170625,15.78203919,160368673.0,1.483710765838623,0.7263965606689453,0.0,0.0,0.0,0.7573142051696777,0.0,1.4700441360473633,0.7686582207679749,0.0,0.7013859152793884,0.0,0.0,0.0,11.0,121.0,6.0,15.0,31.0,20.0,32.0
2020-07-01 20:00:00+00:00,2462396282.0,0.00171471,15.83160808,159274450.0,1.7514364123344421,1.6396030187606812,0.0,0.0,0.0,1.7514364123344421,0.0,0.0,0.7410971522331238,0.0,0.0,0.0,0.0,0.0,6.0,96.0,9.0,17.0,69.0,13.0,36.0
2020-07-01 22:00:00+00:00,2460596906.0,0.0017137688142743746,15.8200392579,159862612.0,2.2990769743919373,3.103766977787018,0.0,0.0,0.0,0.8492265939712524,0.0,1.6439080834388733,0.7616576552391052,0.0,0.0,0.0,0.8822504281997681,0.0,12.0,71.0,3.0,16.0,55.0,23.0,17.0
2020-07-02 00:00:00+00:00,2481799506.0,0.0017283185330489387,15.9563581997,160261998.0,2.543126881122589,0.0,0.0,0.8285912275314331,0.0,1.714535653591156,0.0,0.0,0.0,0.0,0.0,0.0,0.0,0.0,7.0,44.0,3.0,11.0,37.0,12.0,23.0
2020-07-02 02:00:00+00:00,2478063380.0,0.0017260394139165514,15.9323373408,161511855.0,0.8879101276397705,0.0,0.0,0.0,0.0,0.8879101276397705,0.0,0.7857797741889954,0.0,0.0,0.7857797741889954,0.0,0.0,0.0,3.0,102.0,3.0,9.0,32.0,7.0,17.0
2020-07-02 04:00:00+00:00,2463362334.0,0.00171182,15.83781917,167595838.0,0.9116325378417969,0.0,0.0,0.0,0.0,0.9116325378417969,0.0,0.0,0.0,0.0,0.0,0.0,0.0,0.0,6.0,128.0,3.0,13.0,38.0,12.0,19.0
2020-07-02 06:00:00+00:00,2469599634.0,0.00171691,15.87792095,170269003.0,0.8351561427116394,0.0,0.0,0.0,0.0,0.8351561427116394,0.0,0.0,0.0,0.0,0.0,0.0,0.0,0.0,4.0,120.0,11.0,22.0,42.0,7.0,35.0
2020-07-02 08:00:00+00:00,2454357295.0,0.00171117,15.77992262,164468293.0,1.7312437891960144,0.0,0.0,0.0,0.0,1.7312437891960144,0.0,0.0,0.0,0.0,0.0,0.0,0.0,0.0,9.0,126.0,6.0,13.0,35.0,8.0,26.0
2020-07-02 10:00:00+00:00,2443156843.0,0.00170701,15.70791099,158582667.0,0.7710819840431213,0.0,0.0,0.0,0.0,0.7710819840431213,0.0,0.0,0.0,0.0,0.0,0.0,0.0,0.0,5.0,180.0,6.0,17.0,36.0,7.0,35.0
2020-07-02 12:00:00+00:00,2470351903.0,0.0017161432346203464,15.8827575529,155938086.0,0.8494498133659363,0.0,0.0,0.0,0.0,0.0,0.8494498133659363,0.0,0.0,0.0,0.0,0.0,0.0,0.0,3.0,160.0,14.0,16.0,50.0,10.0,45.0
2020-07-02 14:00:00+00:00,2412651949.0,0.0017012994775883576,15.5117843412,159900599.0,5.7206485867500305,0.0,0.0,0.0,0.0,5.7206485867500305,0.0,0.8389009833335876,0.0,0.0,0.0,0.0,0.8389009833335876,0.0,15.0,205.0,10.0,23.0,71.0,13.0,40.0
2020-07-02 16:00:00+00:00,2392727990.0,0.00168932,15.38368623,162318179.0,1.6266075372695923,0.0,0.0,0.0,0.0,0.8305369019508362,0.7960706353187561,0.0,0.0,0.0,0.0,0.0,0.0,0.0,9.0,211.0,6.0,22.0,76.0,11.0,39.0
2020-07-02 18:00:00+00:00,2380358046.0,0.00168538,15.30415553,160461475.0,2.3323744535446167,1.412255883216858,0.0,0.0,0.0,1.6262465119361877,0.0,0.0,0.0,0.0,0.0,0.0,0.0,0.0,7.0,171.0,4.0,14.0,105.0,10.0,35.0
2020-07-02 20:00:00+00:00,2395549792.0,0.00168573,15.40182858,156204425.0,0.0,0.0,0.0,0.0,0.0,0.0,0.0,0.0,0.0,0.0,0.0,0.0,0.0,0.0,2.0,60.0,3.0,22.0,65.0,19.0,31.0
2020-07-02 22:00:00+00:00,2416482630.0,0.0017024939986730392,15.5364131302,151802439.0,3.7640811800956726,0.0,0.0,0.0,0.0,2.9647023677825928,0.7993788123130798,0.7675372958183289,0.0,0.0,0.0,0.0,0.7675372958183289,0.0,7.0,33.0,4.0,21.0,60.0,21.0,24.0
2020-07-03 00:00:00+00:00,2414721071.0,0.00169567,15.525087450000001,150278816.0,0.0,0.0,0.0,0.0,0.0,0.0,0.0,0.8067415356636047,0.0,0.0,0.0,0.0,0.0,0.8067415356636047,3.0,17.0,1.0,14.0,56.0,14.0,14.0
2020-07-03 02:00:00+00:00,2398476076.0,0.0016914603140394413,15.4206426874,149584468.0,0.7716918587684631,0.0,0.0,0.0,0.0,0.7716918587684631,0.0,0.8405313491821289,0.0,0.0,0.0,0.0,0.8405313491821289,0.0,6.0,57.0,3.0,12.0,38.0,9.0,14.0
2020-07-03 04:00:00+00:00,2395725556.0,0.0016881778220622212,15.4029586335,143989333.0,0.819185197353363,0.7946357727050781,0.0,0.0,0.0,0.0,0.819185197353363,0.7754482626914978,0.7754482626914978,0.0,0.0,0.0,0.0,0.0,7.0,49.0,10.0,13.0,43.0,3.0,16.0
2020-07-03 06:00:00+00:00,2397237412.0,0.00169141,15.41267888,148380388.0,4.831360101699829,0.0,0.0,0.0,0.783768892288208,4.047591209411621,0.0,0.8713964819908142,0.9146436452865601,0.0,0.0,0.0,0.8713964819908142,0.0,18.0,68.0,8.0,16.0,28.0,5.0,40.0
2020-07-03 08:00:00+00:00,2390596421.0,0.00169166,15.36998162,145964212.0,0.819438636302948,0.7306048274040222,0.0,0.0,0.0,0.819438636302948,0.0,0.0,0.0,0.0,0.0,0.0,0.0,0.0,4.0,98.0,7.0,20.0,27.0,6.0,22.0
2020-07-03 10:00:00+00:00,2388763538.0,0.00168957,15.35819738,146238246.0,2.2896966338157654,0.0,0.0,0.0,0.0,2.2896966338157654,0.0,0.0,0.0,0.0,0.0,0.0,0.0,0.0,5.0,127.0,2.0,13.0,31.0,20.0,25.0
2020-07-03 12:00:00+00:00,2402381254.0,0.00169137,15.44575044,144843009.0,1.5195384621620178,0.0,0.0,0.0,0.0,1.5195384621620178,0.0,0.0,0.0,0.0,0.0,0.0,0.0,0.0,7.0,119.0,16.0,13.0,50.0,13.0,48.0
2020-07-03 14:00:00+00:00,2396435915.0,0.00169075,15.40752578,142014647.0,1.7113515734672546,0.0,0.0,0.0,0.0,1.7113515734672546,0.0,0.0,0.0,0.0,0.0,0.0,0.0,0.0,3.0,95.0,5.0,24.0,35.0,15.0,40.0
2020-07-03 16:00:00+00:00,2394340009.0,0.00169226,15.39405046,140204528.0,4.36421674489975,0.9215427041053772,0.0,0.0,0.0,2.697981536388397,0.7446925044059753,0.0,0.0,0.0,0.0,0.0,0.0,0.0,7.0,114.0,8.0,25.0,48.0,8.0,37.0
2020-07-03 18:00:00+00:00,2390001453.0,0.00169077,15.36615637,139879275.0,6.0792587995529175,0.0,0.0,0.8747972249984741,0.0,4.332402169704437,0.8720594048500061,0.7036459445953369,1.457761526107788,0.0,0.0,0.0,0.0,0.0,16.0,72.0,5.0,24.0,63.0,26.0,30.0
2020-07-03 20:00:00+00:00,2387871323.0,0.0016882001288076197,15.3524610161,139371468.0,0.0,0.0,0.0,0.0,0.0,0.0,0.0,1.6007667183876038,0.0,0.0,0.0,0.0,1.6007667183876038,0.0,6.0,50.0,10.0,23.0,52.0,19.0,22.0
2020-07-03 22:00:00+00:00,2378829490.0,0.0016836123281797307,15.2943279071,138569813.0,1.7461381554603577,0.0,0.0,0.0,0.0,0.0,1.7461381554603577,0.0,0.0,0.0,0.0,0.0,0.0,0.0,4.0,28.0,9.0,17.0,113.0,11.0,28.0
2020-07-04 00:00:00+00:00,2391884847.0,0.00169032,15.37826537,139150563.0,2.498494803905487,0.8378985524177551,0.0,0.0,0.0,2.498494803905487,0.0,0.0,0.0,0.0,0.0,0.0,0.0,0.0,6.0,25.0,0.0,15.0,29.0,16.0,13.0
2020-07-04 02:00:00+00:00,2386841604.0,0.00169049,15.34584059,136000148.0,1.7526960372924805,0.7163947224617004,0.0,0.0,0.0,1.7526960372924805,0.0,0.0,0.0,0.0,0.0,0.0,0.0,0.0,3.0,74.0,11.0,14.0,39.0,8.0,19.0
2020-07-04 04:00:00+00:00,2381578541.0,0.00168892,15.31200252,139302019.0,0.8686291575431824,0.8666313886642456,0.0,0.0,0.0,0.8686291575431824,0.0,0.0,0.0,0.0,0.0,0.0,0.0,0.0,5.0,66.0,7.0,10.0,40.0,4.0,11.0
2020-07-04 06:00:00+00:00,2383428527.0,0.00169186,15.32389672,134488616.0,0.7174287438392639,0.7174287438392639,0.0,0.0,0.0,0.0,0.0,1.6324476599693298,0.0,0.0,0.0,0.0,0.899264395236969,0.7331832647323608,5.0,96.0,4.0,16.0,28.0,10.0,22.0
2020-07-04 08:00:00+00:00,2391084685.0,0.00169665,15.37312085,132709366.0,3.1283130645751953,0.9131300449371338,0.0,0.7226025462150574,0.0,0.7327314019203186,0.7598490715026855,2.461166799068451,1.756727159023285,0.0,0.0,0.704439640045166,0.0,0.0,12.0,101.0,3.0,9.0,26.0,4.0,37.0
2020-07-04 10:00:00+00:00,2393555521.0,0.0016970930327634614,15.3890067157,133729066.0,3.2843313217163086,0.0,0.0,0.0,0.7395012378692627,2.544830083847046,0.0,0.0,0.8227360844612122,0.0,0.0,0.0,0.0,0.0,9.0,116.0,8.0,22.0,26.0,6.0,33.0
2020-07-04 12:00:00+00:00,2395071203.0,0.00169607,15.39875157,135433777.0,0.0,1.412255883216858,0.0,0.0,0.0,0.0,0.0,0.0,0.0,0.0,0.0,0.0,0.0,0.0,4.0,163.0,7.0,14.0,35.0,4.0,31.0
2020-07-04 14:00:00+00:00,2387683124.0,0.00169497,15.35125102,135619450.0,1.504765510559082,0.0,0.7083520293235779,0.0,0.0,0.0,0.7964134812355042,0.0,0.0,0.0,0.0,0.0,0.0,0.0,5.0,96.0,2.0,21.0,34.0,4.0,41.0
2020-07-04 16:00:00+00:00,2419479991.0,0.00169756,15.55568421,137285457.0,2.6111305356025696,0.0,0.0,0.0,0.0,1.8370115160942078,0.7741190195083618,0.0,0.0,0.0,0.0,0.0,0.0,0.0,8.0,141.0,14.0,10.0,102.0,5.0,49.0
2020-07-04 18:00:00+00:00,2414443678.0,0.00170041,15.523304,140347178.0,6.119008183479309,0.0,0.0,0.0,0.7308823466300964,5.388125836849213,0.0,0.8805704116821289,0.8805704116821289,0.0,0.0,0.0,0.0,0.0,13.0,122.0,10.0,25.0,39.0,3.0,32.0
2020-07-04 20:00:00+00:00,2415557522.0,0.00170181,15.53046528,139924570.0,1.8163939118385315,0.0,0.0,0.0,0.0,0.0,1.8163939118385315,0.8084070682525635,0.0,0.0,0.0,0.8084070682525635,0.0,0.0,6.0,47.0,12.0,24.0,29.0,26.0,18.0
2020-07-04 22:00:00+00:00,2419059513.0,0.00170304,15.55298081,146316736.0,0.9250735640525818,0.0,0.0,0.0,0.0,0.0,0.9250735640525818,0.0,1.7355822920799255,0.0,0.0,0.0,0.0,0.0,4.0,41.0,9.0,17.0,30.0,8.0,24.0
2020-07-05 00:00:00+00:00,2419888111.0,0.00170577,15.55830816,146955550.0,0.0,0.0,0.0,0.0,0.0,0.0,0.0,0.0,0.0,0.0,0.0,0.0,0.0,0.0,0.0,43.0,7.0,9.0,33.0,8.0,12.0
2020-07-05 02:00:00+00:00,2404941202.0,0.00169898,15.46220925,145486949.0,0.0,0.0,0.0,0.0,0.0,0.0,0.0,0.0,0.0,0.0,0.0,0.0,0.0,0.0,0.0,142.0,10.0,16.0,31.0,8.0,43.0
2020-07-05 04:00:00+00:00,2408541286.0,0.0017018995883121368,15.485355449,146569831.0,1.7716026306152344,0.9562563896179199,0.0,0.0,0.0,0.8153462409973145,0.0,0.7709301710128784,2.646757185459137,0.0,0.0,0.0,0.0,0.0,6.0,193.0,5.0,15.0,35.0,15.0,35.0
2020-07-05 06:00:00+00:00,2397306912.0,0.00170077,15.41312572,145827808.0,0.0,0.0,0.0,0.0,0.0,0.0,0.0,0.0,0.0,0.0,0.0,0.0,0.0,0.0,3.0,196.0,5.0,12.0,33.0,28.0,27.0
2020-07-05 08:00:00+00:00,2383574835.0,0.00169694,15.32483739,143709029.0,0.0,3.1420758962631226,0.0,0.0,0.0,0.0,0.0,0.0,0.8375627398490906,0.0,0.0,0.0,0.0,0.0,2.0,165.0,4.0,22.0,29.0,6.0,28.0
2020-07-05 10:00:00+00:00,2388676083.0,0.00169859,15.3576351,143661690.0,1.4274446964263916,0.7278769016265869,0.0,0.0,0.0,0.7240625023841858,0.7033821940422058,0.0,0.0,0.0,0.0,0.0,0.0,0.0,4.0,133.0,11.0,17.0,55.0,9.0,30.0
2020-07-05 12:00:00+00:00,2382803037.0,0.00169908,15.31987523,140392643.0,1.743770956993103,0.0,0.0,0.0,0.0,0.8543038368225098,0.8894671201705933,0.0,0.0,0.0,0.0,0.0,0.0,0.0,5.0,116.0,6.0,20.0,60.0,13.0,42.0
2020-07-05 14:00:00+00:00,2394383950.0,0.0017032570706969408,15.3943329793,140729878.0,2.4051716327667236,0.8762356638908386,0.0,0.0,0.0,2.4051716327667236,0.0,0.0,0.0,0.0,0.0,0.0,0.0,0.0,6.0,104.0,18.0,15.0,54.0,87.0,60.0
2020-07-05 16:00:00+00:00,2397699492.0,0.00170331,15.41564976,137031503.0,0.7241417169570923,0.0,0.0,0.0,0.0,0.0,0.7241417169570923,0.0,0.0,0.0,0.0,0.0,0.0,0.0,4.0,84.0,10.0,25.0,30.0,46.0,61.0
2020-07-05 18:00:00+00:00,2393753271.0,0.0017026,15.39027812,138313724.0,0.0,0.8279238939285278,0.0,0.0,0.0,0.0,0.0,0.8729780316352844,0.0,0.0,0.0,0.0,0.8729780316352844,0.0,4.0,68.0,9.0,21.0,25.0,24.0,48.0
2020-07-05 20:00:00+00:00,2395830021.0,0.00170506,15.40363027,142890372.0,0.885823130607605,0.0,0.0,0.0,0.0,0.885823130607605,0.0,0.7959173321723938,1.5382298827171326,0.0,0.0,0.0,0.0,0.0,8.0,52.0,7.0,25.0,115.0,33.0,23.0
2020-07-05 22:00:00+00:00,2407743527.0,0.00170601,15.48022637,138494209.0,0.0,0.0,0.0,0.0,0.0,0.0,0.0,1.6583582162857056,1.6636570692062378,0.0,0.0,0.0,0.7702276706695557,0.0,6.0,33.0,4.0,23.0,126.0,20.0,22.0
2020-07-06 00:00:00+00:00,2420572291.0,0.00171445,15.56270699,140831933.0,0.952233612537384,0.848405122756958,0.952233612537384,0.0,0.0,0.0,0.0,0.0,0.0,0.0,0.0,0.0,0.0,0.0,7.0,29.0,11.0,17.0,45.0,10.0,4.0
2020-07-06 02:00:00+00:00,2420109877.0,0.00171262,15.55973397,142280982.0,2.505831778049469,0.876757025718689,0.0,0.0,0.0,2.505831778049469,0.0,0.0,0.0,0.0,0.0,0.0,0.0,0.0,4.0,117.0,4.0,17.0,21.0,20.0,9.0
2020-07-06 04:00:00+00:00,2427876545.0,0.001715625011521241,15.609668598,139091602.0,1.6478411555290222,0.7795350551605225,0.0,0.0,0.0,1.6478411555290222,0.0,0.0,0.8878414630889893,0.0,0.0,0.0,0.0,0.0,6.0,112.0,17.0,12.0,36.0,17.0,9.0
2020-07-06 06:00:00+00:00,2449254325.0,0.00171347,15.74711383,143499090.0,0.8284448385238647,0.7379228472709656,0.0,0.0,0.0,0.8284448385238647,0.0,1.6628365516662598,0.0,0.0,0.7202317714691162,0.0,0.9426047801971436,0.0,6.0,152.0,16.0,8.0,204.0,30.0,21.0
2020-07-06 08:00:00+00:00,2441487576.0,0.00170972,15.69717869,145096331.0,2.242881715297699,0.0,0.0,0.0,0.7281416654586792,1.5147400498390198,0.0,1.7597877383232117,0.0,0.0,0.0,0.0,0.8596314787864685,0.9001562595367432,14.0,168.0,0.0,15.0,31.0,11.0,32.0
2020-07-06 10:00:00+00:00,2444567404.0,0.00170745,15.71697998,146979411.0,1.4773802757263184,0.0,0.0,0.0,0.0,0.7130251526832581,0.7643551230430603,0.0,0.0,0.0,0.0,0.0,0.0,0.0,5.0,158.0,4.0,19.0,36.0,12.0,19.0
2020-07-06 12:00:00+00:00,2443516834.0,0.00169956,15.7102255,155407282.0,1.6193511486053467,2.4392257928848267,0.0,0.0,0.0,1.6193511486053467,0.0,0.0,0.8447697162628174,0.0,0.0,0.0,0.0,0.0,7.0,89.0,5.0,23.0,62.0,14.0,28.0
2020-07-06 14:00:00+00:00,2445560291.0,0.0016954,15.7233636,157686453.0,0.7014343738555908,0.8681297302246094,0.0,0.0,0.0,0.7014343738555908,0.0,0.921866238117218,0.8455982208251953,0.0,0.0,0.0,0.921866238117218,0.0,8.0,132.0,6.0,19.0,65.0,26.0,38.0
2020-07-06 16:00:00+00:00,2450461384.0,0.00169375,15.75487444,158884073.0,0.791126549243927,0.0,0.0,0.0,0.0,0.791126549243927,0.0,0.72514408826828,0.0,0.0,0.0,0.72514408826828,0.0,0.0,7.0,106.0,9.0,29.0,81.0,18.0,45.0
2020-07-06 18:00:00+00:00,2455013229.0,0.0017029720298686365,15.7841398477,159012152.0,1.7291568517684937,1.7556174397468567,0.0,0.0,0.0,0.8677574396133423,0.8613994121551514,0.8839558362960815,0.8273531794548035,0.0,0.0,0.0,0.0,0.8839558362960815,6.0,107.0,2.0,34.0,75.0,12.0,32.0
2020-07-06 20:00:00+00:00,2491201387.0,0.00172466,16.01680619,162768375.0,0.0,0.0,0.0,0.0,0.0,0.0,0.0,0.0,0.0,0.0,0.0,0.0,0.0,0.0,8.0,95.0,14.0,28.0,62.0,14.0,22.0
2020-07-06 22:00:00+00:00,2534746174.0,0.00173823,16.29677087,172232440.0,1.723708987236023,0.7530349493026733,0.0,0.0,0.0,0.908746063709259,0.8149629235267639,0.0,0.0,0.0,0.0,0.0,0.0,0.0,4.0,66.0,12.0,14.0,206.0,39.0,18.0
2020-07-07 00:00:00+00:00,2530622691.0,0.00174667,16.27025955,177026038.0,2.4735774397850037,1.6337308287620544,0.7190738320350647,1.754503607749939,0.0,0.0,0.0,0.0,0.8669038414955139,0.0,0.0,0.0,0.0,0.0,7.0,63.0,7.0,18.0,40.0,7.0,10.0
2020-07-07 02:00:00+00:00,2519002447.0,0.00174089,16.19554894,180446401.0,0.7388688325881958,0.0,0.0,0.7388688325881958,0.0,0.0,0.0,0.0,0.0,0.0,0.0,0.0,0.0,0.0,6.0,112.0,0.0,25.0,42.0,13.0,22.0
2020-07-07 04:00:00+00:00,2515957146.0,0.00174446,16.17596963,179795409.0,0.7308823466300964,0.0,0.0,0.0,0.7308823466300964,0.0,0.0,0.0,0.8065188527107239,0.0,0.0,0.0,0.0,0.0,6.0,118.0,4.0,22.0,30.0,5.0,16.0
2020-07-07 06:00:00+00:00,2494146312.0,0.0017260840511390322,16.0357401397,174252216.0,3.300029754638672,0.0,0.0,0.0,0.783768892288208,2.516260862350464,0.0,0.0,0.0,0.0,0.0,0.0,0.0,0.0,12.0,161.0,2.0,15.0,41.0,7.0,39.0
2020-07-07 08:00:00+00:00,2515479536.0,0.00174596,16.17289891,175734171.0,8.518152832984924,0.715652585029602,0.0,0.0,0.7520560622215271,7.766096770763397,0.0,0.0,0.0,0.0,0.0,0.0,0.0,0.0,23.0,152.0,15.0,29.0,49.0,14.0,44.0
2020-07-07 10:00:00+00:00,2559970779.0,0.00177614,16.45894869,178981321.0,4.8724119663238525,0.7075450420379639,0.0,0.0,0.0,4.0289146900177,0.8434972763061523,0.9097325801849365,1.7289470434188843,0.0,0.0,0.0,0.9097325801849365,0.0,28.0,160.0,3.0,19.0,36.0,6.0,33.0
2020-07-07 12:00:00+00:00,2607057599.0,0.00181097,16.76168635,187823660.0,3.3133615851402283,3.021959662437439,0.0,0.0,0.0,3.3133615851402283,0.0,0.0,0.0,0.0,0.0,0.0,0.0,0.0,21.0,167.0,10.0,20.0,59.0,12.0,63.0
2020-07-07 14:00:00+00:00,2595324784.0,0.00179953,16.68625197,199249290.0,5.570929288864136,5.720213174819946,1.5206435322761536,0.0,0.0,2.3618533611297607,0.8756822347640991,1.6524425148963928,0.9114580154418945,0.0,0.7409844994544983,0.0,0.0,0.0,41.0,190.0,15.0,31.0,41.0,11.0,50.0
2020-07-07 16:00:00+00:00,2616293942.0,0.00181198,16.82107003,202383988.0,3.946617007255554,0.0,0.0,0.8439816236495972,0.0,2.2245572805404663,0.8780781030654907,0.8432468771934509,0.0,0.0,0.0,0.0,0.8432468771934509,0.0,21.0,168.0,9.0,23.0,53.0,11.0,48.0
2020-07-07 18:00:00+00:00,2579269525.0,0.00179274,16.58302709,207712824.0,2.2483532428741455,2.3278005123138428,0.0,0.0,0.7752606868743896,0.7692452669143677,0.0,0.0,0.0,0.0,0.0,0.0,0.0,0.0,14.0,160.0,3.0,37.0,73.0,9.0,41.0
2020-07-07 20:00:00+00:00,2575087364.0,0.0017901415376881755,16.5561385121,202228842.0,1.5786688327789307,0.0,0.0,0.0,0.0,0.7227020859718323,0.8559667468070984,0.8380918502807617,0.0,0.0,0.8380918502807617,0.0,0.0,0.0,10.0,140.0,3.0,33.0,158.0,24.0,41.0
2020-07-07 22:00:00+00:00,2608385875.0,0.00181255,16.7702263,196296818.0,0.7109436392784119,0.0,0.0,0.0,0.0,0.0,0.7109436392784119,0.0,0.0,0.0,0.0,0.0,0.0,0.0,8.0,144.0,19.0,22.0,87.0,15.0,19.0
2020-07-08 00:00:00+00:00,2635594193.0,0.00182325,16.94515811,198660561.0,0.8239160180091858,0.8550835847854614,0.0,0.0,0.0,0.8239160180091858,0.0,0.0,0.0,0.0,0.0,0.0,0.0,0.0,2.0,145.0,10.0,19.0,53.0,12.0,22.0
2020-07-08 02:00:00+00:00,2637542667.0,0.0018225,16.95768553,208936626.0,2.5116764307022095,1.5533037185668945,0.0,0.0,0.0,2.5116764307022095,0.0,0.7469621896743774,0.7277053594589233,0.0,0.0,0.7469621896743774,0.0,0.0,12.0,115.0,22.0,37.0,97.0,17.0,29.0
2020-07-08 04:00:00+00:00,2636158982.0,0.00182551,16.94878933,212992836.0,2.6321876645088196,1.4970446825027466,0.0,0.0,0.0,1.859524130821228,0.0,0.0,0.0,0.0,0.0,0.0,0.0,0.0,11.0,110.0,30.0,49.0,58.0,15.0,22.0
2020-07-08 06:00:00+00:00,2633951431.0,0.00182662,16.93459621,215488445.0,4.249760448932648,0.7811175584793091,0.0,0.0,0.0,3.3834855556488037,0.866274893283844,0.7507354617118835,0.0,0.0,0.0,0.0,0.7507354617118835,0.0,17.0,179.0,11.0,28.0,51.0,12.0,41.0
2020-07-08 08:00:00+00:00,2682824006.0,0.00185977,17.24881512,225579721.0,3.993314743041992,3.8766615986824036,0.0,0.0,0.8976932168006897,0.811869740486145,0.0,1.5884793400764465,1.5884793400764465,0.0,0.0,0.0,0.0,0.0,34.0,180.0,11.0,20.0,46.0,13.0,30.0
2020-07-08 10:00:00+00:00,2684818702.0,0.0018564636234309191,17.2616397135,228732740.0,9.197819471359253,2.3516957759857178,0.0,0.0,0.715381383895874,8.482438087463379,0.0,1.5951305031776428,0.0,0.0,0.0,0.7474405169487,0.8476899862289429,0.0,31.0,193.0,8.0,32.0,45.0,8.0,41.0
2020-07-08 12:00:00+00:00,2700533324.0,0.00184627,17.36267452,224735244.0,4.941486477851868,3.239087164402008,0.0,0.0,0.0,3.25226628780365,0.0,0.7394487261772156,0.8337838649749756,0.0,0.7394487261772156,0.0,0.0,0.0,18.0,204.0,20.0,47.0,54.0,18.0,30.0
2020-07-08 14:00:00+00:00,2696890083.0,0.0018463,17.33925085,219429487.0,6.44270384311676,0.9226364493370056,0.0,0.7488665580749512,0.0,4.010974049568176,0.7602267861366272,0.7822134494781494,0.0,0.0,0.0,0.0,0.0,0.7822134494781494,17.0,215.0,11.0,55.0,120.0,21.0,41.0
2020-07-08 16:00:00+00:00,2677218101.0,0.00182968,17.21277279,214714805.0,3.9299628734588623,0.0,0.767094075679779,0.0,0.0,3.1628687977790833,0.0,0.0,0.0,0.0,0.0,0.0,0.0,0.0,10.0,107.0,16.0,57.0,58.0,23.0,53.0
2020-07-08 18:00:00+00:00,2669991783.0,0.001822,17.16631226,213406374.0,2.337149202823639,0.0,0.0,0.0,1.4846811890602112,0.8524680137634277,0.0,0.0,0.0,0.0,0.0,0.0,0.0,0.0,9.0,112.0,19.0,46.0,48.0,21.0,39.0
2020-07-08 20:00:00+00:00,2683421327.0,0.00183121,17.2526555,210996807.0,1.7082476615905762,0.0,0.0,0.0,0.0,1.7082476615905762,0.0,0.0,0.0,0.0,0.0,0.0,0.0,0.0,11.0,89.0,38.0,53.0,83.0,22.0,25.0
2020-07-08 22:00:00+00:00,2679533358.0,0.00182722,17.22765839,212383912.0,3.344424247741699,0.9711347222328186,0.0,0.0,0.0,2.5138542652130127,0.8305699825286865,0.0,0.0,0.0,0.0,0.0,0.0,0.0,6.0,71.0,23.0,41.0,78.0,19.0,28.0
2020-07-09 00:00:00+00:00,2640765613.0,0.00180757,16.97840697,206682369.0,2.62811017036438,1.8745931386947632,0.0,0.0,0.0,2.62811017036438,0.0,0.0,0.0,0.0,0.0,0.0,0.0,0.0,8.0,90.0,10.0,50.0,37.0,25.0,17.0
2020-07-09 02:00:00+00:00,2631859723.0,0.00180436,16.92114789,204141496.0,1.7334888577461243,1.4976051449775696,0.0,0.0,0.0,1.7334888577461243,0.0,0.0,0.722104012966156,0.0,0.0,0.0,0.0,0.0,7.0,173.0,5.0,17.0,41.0,14.0,31.0
2020-07-09 04:00:00+00:00,2649500395.0,0.00181415,17.03456595,201495470.0,0.738507091999054,0.7201696038246155,0.0,0.0,0.0,0.738507091999054,0.0,0.0,3.512316048145294,0.0,0.0,0.0,0.0,0.0,5.0,153.0,4.0,26.0,18.0,26.0,21.0
2020-07-09 06:00:00+00:00,2650254681.0,0.00181319,17.03941551,203235929.0,1.418832540512085,0.0,0.0,0.0,0.0,1.418832540512085,0.0,0.0,0.0,0.0,0.0,0.0,0.0,0.0,5.0,198.0,18.0,31.0,33.0,11.0,35.0
2020-07-09 08:00:00+00:00,2639694645.0,0.00180933,16.97152135,190296387.0,3.944576144218445,0.7228031158447266,0.0,0.0,0.0,3.944576144218445,0.0,1.7039133310317993,0.0,0.0,0.0,0.0,1.7039133310317993,0.0,20.0,193.0,6.0,19.0,32.0,20.0,41.0
2020-07-09 10:00:00+00:00,2649566448.0,0.00181545,17.03499062,183018355.0,1.5558022260665894,0.7662060260772705,0.0,0.0,0.0,0.7895961999893188,0.0,0.7846255302429199,1.590056598186493,0.0,0.0,0.0,0.0,0.0,15.0,201.0,2.0,11.0,46.0,15.0,38.0
2020-07-09 12:00:00+00:00,2647445376.0,0.00181503,17.02135351,174594057.0,3.166740894317627,0.0,0.0,0.0,0.0,3.166740894317627,0.0,0.0,0.0,0.0,0.0,0.0,0.0,0.0,11.0,185.0,7.0,41.0,47.0,11.0,65.0
2020-07-09 14:00:00+00:00,2581271619.0,0.00179191,16.59589925,175933564.0,0.8756225109100342,0.0,0.0,0.0,0.0,0.8756225109100342,0.0,0.9318141937255859,1.8296175599098206,0.9318141937255859,0.0,0.0,0.0,0.0,10.0,157.0,15.0,39.0,489.0,82.0,54.0
2020-07-09 16:00:00+00:00,2596473150.0,0.00180568,16.69363522,175761951.0,4.025843143463135,1.5799431800842285,0.8733475804328918,0.0,0.7281416654586792,0.8027732372283936,0.7451725006103516,0.0,0.8869397640228271,0.0,0.0,0.0,0.0,0.0,8.0,196.0,7.0,45.0,48.0,33.0,37.0
2020-07-09 18:00:00+00:00,2599241516.0,0.00180777,16.71143401,174943794.0,0.8623777031898499,0.0,0.0,0.0,0.0,0.8623777031898499,0.0,0.0,0.8314696550369263,0.0,0.0,0.0,0.0,0.0,2.0,163.0,15.0,35.0,60.0,32.0,32.0
2020-07-09 20:00:00+00:00,2627338806.0,0.00182293,16.89208133,175411950.0,0.920745313167572,0.0,0.0,0.0,0.0,0.920745313167572,0.0,0.0,0.0,0.0,0.0,0.0,0.0,0.0,3.0,172.0,10.0,35.0,53.0,19.0,33.0
2020-07-09 22:00:00+00:00,2626216970.0,0.00181989,16.88486866,179705380.0,3.7928767800331116,0.7669894695281982,0.0,0.0,0.0,2.138687312602997,0.8871999979019165,0.9129880666732788,0.9129880666732788,0.0,0.0,0.0,0.0,0.0,9.0,85.0,26.0,42.0,26.0,12.0,16.0
2020-07-10 00:00:00+00:00,2615910366.0,0.00181765,16.81860389,169623692.0,1.7067334055900574,0.8976932168006897,0.0,0.0,0.0,1.7067334055900574,0.0,0.7900717854499817,0.0,0.0,0.0,0.0,0.7900717854499817,0.0,5.0,79.0,10.0,35.0,62.0,10.0,21.0
2020-07-10 02:00:00+00:00,2593968022.0,0.00180672,16.67752887,163584859.0,0.0,0.7702463865280151,0.0,0.0,0.0,0.0,0.0,1.8233373165130615,0.9850059747695923,0.0,0.0,0.0,0.0,0.8383313417434692,6.0,175.0,1.0,24.0,43.0,10.0,29.0
2020-07-10 04:00:00+00:00,2575810153.0,0.00180621,16.56078558,161265084.0,0.0,0.81849604845047,0.0,0.0,0.0,0.0,0.0,0.953685998916626,0.0,0.0,0.0,0.0,0.953685998916626,0.0,5.0,258.0,3.0,11.0,97.0,19.0,20.0
2020-07-10 06:00:00+00:00,2574305057.0,0.00180427,16.55110879,158347187.0,0.0,0.7063457369804382,0.0,0.0,0.0,0.0,0.0,0.8258764147758484,2.4567131400108337,0.0,0.0,0.0,0.0,0.0,9.0,196.0,7.0,17.0,40.0,17.0,26.0
2020-07-10 08:00:00+00:00,2588239350.0,0.00181041,16.64069723,162110439.0,1.6315213441848755,0.0,0.0,0.0,0.0,1.6315213441848755,0.0,0.0,0.0,0.0,0.0,0.0,0.0,0.0,10.0,156.0,6.0,18.0,18.0,5.0,55.0
2020-07-10 10:00:00+00:00,2585225592.0,0.00181073,16.62132073,159903730.0,2.1678366661071777,3.6364688873291016,0.0,0.0,0.0,1.4057015180587769,0.7621351480484009,0.0,1.680330216884613,0.0,0.0,0.0,0.0,0.0,5.0,103.0,8.0,17.0,17.0,10.0,47.0
2020-07-10 12:00:00+00:00,2594180541.0,0.00181726,16.67889524,158434931.0,1.723142921924591,0.0,0.0,0.0,0.0,1.723142921924591,0.0,0.0,0.7634221315383911,0.0,0.0,0.0,0.0,0.0,9.0,163.0,2.0,18.0,22.0,14.0,69.0
2020-07-10 14:00:00+00:00,2646782428.0,0.00184322,17.01709118,158895270.0,4.877682685852051,0.8286683559417725,0.0,0.0,0.0,3.2116824984550476,1.6660001873970032,1.5053173899650574,1.4582148790359497,0.0,0.0,0.7867198586463928,0.7185975313186646,0.0,19.0,185.0,15.0,23.0,35.0,22.0,63.0
2020-07-10 16:00:00+00:00,2654244511.0,0.0018505,17.06506753,160884780.0,0.7776886820793152,0.701226532459259,0.0,0.0,0.0,0.0,0.7776886820793152,0.7332296967506409,0.7332296967506409,0.0,0.0,0.0,0.0,0.0,13.0,207.0,13.0,32.0,45.0,19.0,54.0
2020-07-10 18:00:00+00:00,2668066534.0,0.00185687,17.15393416,165561320.0,0.8855592608451843,1.6143601536750793,0.0,0.0,0.0,0.8855592608451843,0.0,0.0,0.0,0.0,0.0,0.0,0.0,0.0,5.0,236.0,15.0,31.0,48.0,28.0,43.0
2020-07-10 20:00:00+00:00,2654853366.0,0.00185233,17.06898207,168788030.0,0.0,0.7778120040893555,0.0,0.0,0.0,0.0,0.0,0.0,0.0,0.0,0.0,0.0,0.0,0.0,2.0,159.0,16.0,38.0,53.0,25.0,38.0
2020-07-10 22:00:00+00:00,2684758451.0,0.00186029,17.26125234,174222029.0,4.156910300254822,0.0,1.5491794347763062,0.0,0.0,1.7861652970314026,0.821565568447113,0.7206763029098511,0.0,0.0,0.0,0.0,0.0,0.7206763029098511,13.0,155.0,22.0,21.0,75.0,17.0,38.0
2020-07-11 00:00:00+00:00,2716890204.0,0.00188763,17.46783863,181325975.0,0.8274829387664795,0.8816805481910706,0.0,0.0,0.0,0.8274829387664795,0.0,0.0,0.872904360294342,0.0,0.0,0.0,0.0,0.0,8.0,83.0,7.0,11.0,34.0,17.0,17.0
2020-07-11 02:00:00+00:00,2691166691.0,0.00187114,17.30245316,181710331.0,5.021462917327881,0.0,0.0,0.0,1.6584105491638184,2.471006989479065,0.8920453786849976,0.0,0.0,0.0,0.0,0.0,0.0,0.0,20.0,113.0,4.0,8.0,28.0,27.0,22.0
2020-07-11 04:00:00+00:00,2702627101.0,0.0018788,17.37613615,181930668.0,2.4230411648750305,0.7457737326622009,0.0,0.0,0.0,0.0,2.4230411648750305,0.0,0.738440752029419,0.0,0.0,0.0,0.0,0.0,15.0,150.0,3.0,19.0,16.0,17.0,30.0
2020-07-11 06:00:00+00:00,2689773500.0,0.0018694004393176012,17.2934958434,181083357.0,6.1008676290512085,2.285469114780426,2.4567562341690063,0.0,0.0,1.7922338247299194,1.8518775701522827,0.7882784605026245,4.202016532421112,0.7882784605026245,0.0,0.0,0.0,0.0,24.0,186.0,13.0,27.0,45.0,16.0,43.0
2020-07-11 08:00:00+00:00,2675243147.0,0.00186712,17.20007512,183067022.0,2.4182445406913757,0.0,0.7964348793029785,0.7702823281288147,0.0,0.8515273332595825,0.0,0.0,1.759089469909668,0.0,0.0,0.0,0.0,0.0,15.0,217.0,6.0,23.0,24.0,10.0,44.0
2020-07-11 10:00:00+00:00,2673100881.0,0.00186638,17.18630174,182090163.0,2.519511640071869,0.7455207705497742,0.0,0.7917476296424866,0.0,1.7277640104293823,0.0,0.0,1.4249416589736938,0.0,0.0,0.0,0.0,0.0,6.0,238.0,12.0,14.0,56.0,7.0,41.0
2020-07-11 12:00:00+00:00,2696795617.0,0.00188041,17.3386435,184902176.0,0.8485841155052185,2.9717739820480347,0.0,0.0,0.0,0.8485841155052185,0.0,0.0,1.489271342754364,0.0,0.0,0.0,0.0,0.0,7.0,213.0,6.0,16.0,42.0,9.0,48.0
2020-07-11 14:00:00+00:00,2719620491.0,0.00189622,17.4853926,182682846.0,4.259157240390778,1.719851553440094,0.0,0.0,0.0,1.6559683680534363,1.6278297901153564,0.7688928246498108,0.0,0.0,0.7688928246498108,0.0,0.0,0.0,16.0,187.0,11.0,27.0,38.0,18.0,50.0
2020-07-11 16:00:00+00:00,2732200466.0,0.001903,17.56627367,189191116.0,4.990785658359528,1.5716188549995422,0.0,0.0,0.0,4.2335047125816345,0.0,2.4343650341033936,2.268026888370514,1.6000930070877075,0.0,0.0,0.0,0.0,27.0,129.0,5.0,17.0,48.0,28.0,63.0
2020-07-11 18:00:00+00:00,2720703902.0,0.0018967,17.49235823,194685285.0,0.7407466769218445,0.7319782376289368,0.0,0.0,0.0,0.7407466769218445,0.0,0.7352790832519531,0.0,0.0,0.0,0.7352790832519531,0.0,0.0,23.0,67.0,20.0,26.0,15.0,11.0,36.0
2020-07-11 20:00:00+00:00,2731726428.0,0.00190252,17.56322591,195276343.0,0.8327107429504395,0.0,0.0,0.0,0.0,0.0,0.8327107429504395,0.0,0.0,0.0,0.0,0.0,0.0,0.0,5.0,42.0,10.0,24.0,29.0,11.0,40.0
2020-07-11 22:00:00+00:00,2740895828.0,0.00190709,17.6221792,186743534.0,1.6464152336120605,0.0,0.0,0.0,0.0,0.8693733811378479,0.7770418524742126,0.0,0.9788703918457031,0.0,0.0,0.0,0.0,0.0,7.0,34.0,3.0,22.0,35.0,15.0,30.0
2020-07-12 00:00:00+00:00,2772057402.0,0.00192122,17.822527870000002,197052099.0,1.4738091826438904,1.6080838441848755,0.0,0.0,0.0,0.0,0.764654815196991,0.7077248692512512,0.7077248692512512,0.0,0.0,0.0,0.0,0.0,10.0,47.0,7.0,18.0,31.0,18.0,18.0
2020-07-12 02:00:00+00:00,2809183457.0,0.00194621,18.06122428,205537429.0,0.7323523163795471,0.9200491309165955,0.7323523163795471,0.0,0.0,0.0,0.0,0.0,0.9936796426773071,0.0,0.0,0.0,0.0,0.0,8.0,72.0,9.0,12.0,13.0,10.0,23.0
2020-07-12 04:00:00+00:00,2832145565.0,0.00196337,18.20885571,219910020.0,5.748384892940521,3.1988062858581543,0.0,0.0,0.7251696586608887,5.023215234279633,0.0,0.7944032549858093,3.1909903287887573,0.0,0.0,0.0,0.0,0.0,37.0,166.0,4.0,8.0,15.0,7.0,31.0
2020-07-12 06:00:00+00:00,2850062406.0,0.0019787983773744975,18.3240493568,222606171.0,3.6331295371055603,2.505581021308899,0.0,0.0,0.0,2.880400598049164,0.7527289390563965,0.0,0.0,0.0,0.0,0.0,0.0,0.0,14.0,154.0,6.0,14.0,20.0,13.0,45.0
2020-07-12 08:00:00+00:00,2867109562.0,0.00198763,18.43365149,229954505.0,5.605048954486847,8.095425188541412,0.0,0.0,0.7627900242805481,4.109924137592316,0.0,0.8661368489265442,3.065558612346649,0.0,0.0,0.0,0.8661368489265442,0.0,38.0,154.0,2.0,15.0,68.0,9.0,42.0
2020-07-12 10:00:00+00:00,2848257615.0,0.00197643,18.31244572,238855114.0,11.759957373142242,4.6463518142700195,5.848244488239288,0.9434635043144226,0.8153784871101379,3.341193377971649,0.8116775155067444,3.883046865463257,3.8551360368728638,3.1455745697021484,0.7374722957611084,0.0,0.0,0.0,43.0,174.0,7.0,19.0,19.0,9.0,42.0
2020-07-12 12:00:00+00:00,2823698689.0,0.00196619,18.15454779,251018635.0,1.5259484648704529,2.5220619440078735,0.0,0.0,0.0,0.7282530069351196,0.7976954579353333,1.6874967217445374,2.6308003664016724,0.0,0.0,0.0,0.0,0.0,13.0,115.0,5.0,23.0,171.0,30.0,62.0
2020-07-12 14:00:00+00:00,2834494384.0,0.00197418,18.22395709,251179483.0,3.4088577032089233,1.7165623307228088,0.0,0.0,0.812178909778595,0.9735450744628906,0.7961055636405945,1.5919853448867798,5.208898842334747,0.7871170043945312,0.0,0.0,0.0,0.8048683404922485,20.0,161.0,2.0,29.0,90.0,10.0,74.0
2020-07-12 16:00:00+00:00,2837635809.0,0.00197577,18.24415441,237804867.0,2.377884864807129,1.5780185461044312,0.0,0.0,0.0,0.7998663187026978,0.0,0.0,0.8121253252029419,0.0,0.0,0.0,0.0,0.0,12.0,196.0,6.0,23.0,33.0,14.0,70.0
2020-07-12 18:00:00+00:00,2840031568.0,0.00197888,18.25955759,233906167.0,6.902129828929901,3.9888059496879578,1.7881313562393188,0.0,0.0,3.404889702796936,0.9690893888473511,0.7179032564163208,0.7279533743858337,0.0,0.0,0.0,0.7179032564163208,0.0,20.0,106.0,21.0,21.0,40.0,12.0,61.0
2020-07-12 20:00:00+00:00,2833338264.0,0.00196604,18.21652399,228516477.0,2.346135675907135,0.9236498475074768,0.0,0.0,0.7491299510002136,0.8566541075706482,0.7403516173362732,0.0,0.7875064015388489,0.0,0.0,0.0,0.0,0.0,11.0,110.0,14.0,31.0,40.0,14.0,38.0
2020-07-12 22:00:00+00:00,2836452254.0,0.00196589,18.23654493,224015851.0,0.7686311602592468,3.4315560460090637,0.0,0.0,0.0,0.7686311602592468,0.0,0.7494928240776062,1.6039024591445923,0.0,0.0,0.0,0.7494928240776062,0.0,12.0,76.0,20.0,32.0,160.0,31.0,29.0
2020-07-13 00:00:00+00:00,2798194887.0,0.00193887,17.99057492,211753437.0,1.5997883677482605,0.8045045137405396,0.0,0.0,0.0,1.5997883677482605,0.0,0.0,0.9795815348625183,0.0,0.0,0.0,0.0,0.0,19.0,91.0,17.0,31.0,39.0,10.0,15.0
2020-07-13 02:00:00+00:00,2805398429.0,0.00194646,18.03688901,218337028.0,2.4192402958869934,3.928432285785675,0.0,0.0,0.812178909778595,0.0,0.0,0.7138691544532776,2.2399163842201233,0.0,0.0,0.0,0.7138691544532776,0.0,17.0,185.0,18.0,30.0,41.0,12.0,19.0
2020-07-13 04:00:00+00:00,2807650335.0,0.00195077,18.0513673,205688701.0,2.7808802127838135,3.1178893446922302,0.0,0.0,0.0,2.7808802127838135,0.0,2.289595305919647,3.9062626361846924,0.0,0.8785842657089233,1.4110110402107239,0.0,0.0,11.0,156.0,2.0,23.0,21.0,9.0,26.0
2020-07-13 06:00:00+00:00,2812460967.0,0.00195678,18.08229654,206358033.0,4.4986732006073,0.0,0.0,0.0,0.0,4.4986732006073,0.0,0.7158360481262207,1.5522202849388123,0.7158360481262207,0.0,0.0,0.0,0.0,15.0,186.0,9.0,26.0,20.0,9.0,37.0
2020-07-13 08:00:00+00:00,2827676275.0,0.00196311,18.18012108,199526591.0,0.762672483921051,1.71144300699234,0.0,0.0,0.0,0.762672483921051,0.0,0.0,0.9145249128341675,0.0,0.0,0.0,0.0,0.0,12.0,195.0,12.0,19.0,21.0,5.0,46.0
2020-07-13 10:00:00+00:00,2898476238.0,0.0020095,18.63531884,208644599.0,0.0,2.458502769470215,0.0,0.0,0.0,0.0,0.0,0.0,0.8949456214904785,0.0,0.0,0.0,0.0,0.0,10.0,148.0,14.0,20.0,41.0,11.0,47.0
2020-07-13 12:00:00+00:00,2922274166.0,0.0020219,18.78832405,215548852.0,4.177561581134796,3.258857309818268,0.0,0.0,0.8118472695350647,2.4782369136810303,0.8874773979187012,2.4784299731254578,1.786933720111847,0.0,0.0,0.711234986782074,1.7671949863433838,0.0,32.0,236.0,14.0,36.0,33.0,19.0,43.0
2020-07-13 14:00:00+00:00,2901123475.0,0.00201332,18.65233885,221490924.0,1.6714929342269897,2.664221405982971,0.0,0.0,0.0,0.0,1.6714929342269897,0.0,0.0,0.0,0.0,0.0,0.0,0.0,12.0,561.0,15.0,34.0,45.0,10.0,60.0
2020-07-13 16:00:00+00:00,2936892433.0,0.0020292,18.88231001,239220339.0,0.8213046789169312,3.175918996334076,0.0,0.0,0.0,0.8213046789169312,0.0,0.7585934400558472,1.7828763127326965,0.7585934400558472,0.0,0.0,0.0,0.0,9.0,216.0,8.0,56.0,39.0,10.0,40.0
2020-07-13 18:00:00+00:00,2833382610.0,0.00197421,18.21680911,247521932.0,4.163034737110138,2.4586212635040283,0.9292792081832886,0.0,0.0,2.4505560994148254,0.7831994295120239,0.0,0.0,0.0,0.0,0.0,0.0,0.0,12.0,116.0,15.0,29.0,74.0,10.0,40.0
2020-07-13 20:00:00+00:00,2847828733.0,0.00198017,18.30968829,256164678.0,0.0,0.7115036249160767,0.0,0.0,0.0,0.0,0.0,0.0,0.7577424645423889,0.0,0.0,0.0,0.0,0.0,1.0,86.0,10.0,11.0,40.0,5.0,10.0
2020-07-13 22:00:00+00:00,2863363146.0,0.0019916,18.40956447,261690866.0,0.0,0.0,0.0,0.0,0.0,0.0,0.0,0.0,0.0,0.0,0.0,0.0,0.0,0.0,0.0,37.0,1.0,16.0,4.0,4.0,12.0
2020-07-14 00:00:00+00:00,2896153162.0,0.0020164,18.62038297,266377186.0,5.235746204853058,0.749798059463501,3.3466964960098267,0.0,0.0,1.8890497088432312,0.0,4.586146056652069,1.5289422273635864,3.8069487810134888,0.0,0.0,0.0,0.0,17.0,65.0,10.0,12.0,17.0,13.0,13.0
2020-07-14 02:00:00+00:00,2821866316.0,0.0019680071180683155,18.1427668189,254488898.0,12.310726344585419,5.408045828342438,0.0,0.0,0.0,12.310726344585419,0.0,0.7055388689041138,0.8313915133476257,0.7055388689041138,0.0,0.0,0.0,0.0,18.0,75.0,10.0,14.0,26.0,9.0,33.0
2020-07-14 04:00:00+00:00,2830226857.0,0.00198146,18.19651967,257510966.0,3.556938409805298,0.0,0.0,0.0,0.0,3.556938409805298,0.0,0.0,0.0,0.0,0.0,0.0,0.0,0.0,10.0,86.0,5.0,14.0,37.0,5.0,46.0
2020-07-14 06:00:00+00:00,2814661176.0,0.0019699,18.09644245,262894203.0,5.601656496524811,0.9216725826263428,0.0,0.0,0.0,4.124776184558868,1.4768803119659424,0.8554937839508057,0.0,0.0,0.0,0.0,0.8554937839508057,0.0,16.0,70.0,6.0,25.0,11.0,7.0,51.0
2020-07-14 08:00:00+00:00,2859969297.0,0.00199985,18.38774423,267539387.0,3.509018659591675,3.664062201976776,0.0,0.0,0.0,1.799359917640686,1.7096587419509888,3.2475367188453674,0.7592456340789795,3.2475367188453674,0.0,0.0,0.0,0.0,18.0,111.0,13.0,16.0,27.0,19.0,50.0
2020-07-14 10:00:00+00:00,2826263848.0,0.00197106,18.1710401,259619640.0,12.07357132434845,3.5039263367652893,5.051771402359009,0.0,0.0,6.246225953102112,0.0,0.0,0.8414793610572815,0.0,0.0,0.0,0.0,0.0,35.0,83.0,10.0,18.0,421.0,38.0,51.0
2020-07-14 12:00:00+00:00,2791208414.0,0.00194897,17.94565643,245935199.0,3.061367690563202,0.8005329370498657,0.0,0.0,0.0,3.061367690563202,0.0,0.8380156755447388,0.0,0.0,0.0,0.0,0.8380156755447388,0.0,14.0,91.0,5.0,17.0,45.0,19.0,53.0
2020-07-14 14:00:00+00:00,2823357080.0,0.00196958,18.15235146,238143898.0,8.228513479232788,2.250410735607147,0.0,0.0,0.0,7.385485291481018,0.84302818775177,0.7077096700668335,0.9049459099769592,0.0,0.0,0.0,0.7077096700668335,0.0,25.0,77.0,11.0,20.0,29.0,18.0,47.0
2020-07-14 16:00:00+00:00,2831024398.0,0.00196731,18.20164733,228612442.0,8.454109966754913,0.8246258497238159,0.0,0.0,0.0,8.454109966754913,0.0,0.0,0.7169235348701477,0.0,0.0,0.0,0.0,0.0,30.0,93.0,24.0,25.0,31.0,16.0,57.0
2020-07-14 18:00:00+00:00,2826290552.0,0.00196535,18.17121178,215350328.0,5.425986707210541,2.4879735708236694,0.7137401700019836,0.0,0.8633173108100891,3.848929226398468,0.0,0.705010175704956,0.0,0.705010175704956,0.0,0.0,0.0,0.0,19.0,70.0,8.0,28.0,21.0,31.0,52.0
2020-07-14 20:00:00+00:00,2794884591.0,0.00194595,17.96929186,206654043.0,1.6300696730613708,5.0961562395095825,0.0,0.0,0.7323764562606812,0.0,0.0,0.774032711982727,2.4140868186950684,0.0,0.0,0.0,0.774032711982727,0.0,14.0,51.0,15.0,39.0,39.0,15.0,36.0
2020-07-14 22:00:00+00:00,2812556212.0,0.00195634,18.0829089,203397123.0,3.3430519700050354,0.0,0.0,0.0,0.0,1.7394508719444275,1.603601098060608,0.8835790753364563,1.6867682933807373,0.8835790753364563,0.0,0.0,0.0,0.0,13.0,31.0,5.0,16.0,52.0,15.0,30.0
2020-07-15 00:00:00+00:00,2806277859.0,0.00195166,18.04254317,190482454.0,0.9140170812606812,0.9140170812606812,0.0,0.0,0.0,0.0,0.0,0.0,0.0,0.0,0.0,0.0,0.0,0.0,2.0,44.0,19.0,5.0,20.0,13.0,20.0
2020-07-15 02:00:00+00:00,2801675823.0,0.00195157,18.01295507,184167780.0,0.7946624755859375,0.7248407006263733,0.0,0.0,0.0,0.0,0.7946624755859375,0.0,0.7169235348701477,0.0,0.0,0.0,0.0,0.0,6.0,63.0,4.0,15.0,21.0,11.0,20.0
2020-07-15 04:00:00+00:00,2800437038.0,0.00194999,18.00499048,184355216.0,0.8906635642051697,1.418088674545288,0.0,0.0,0.0,0.0,0.8906635642051697,0.0,0.0,0.0,0.0,0.0,0.0,0.0,6.0,65.0,9.0,8.0,18.0,13.0,33.0
2020-07-15 06:00:00+00:00,2774564846.0,0.0019338,17.8386491,182638675.0,3.2622262835502625,1.574406385421753,0.0,0.0,2.4843075275421143,0.0,0.7779187560081482,1.6797229051589966,1.6450899243354797,0.8749485015869141,0.0,0.0,0.0,0.8047744035720825,19.0,68.0,2.0,15.0,18.0,12.0,34.0
2020-07-15 08:00:00+00:00,2735485296.0,0.00191037,17.58739299,183777114.0,0.8124043941497803,1.9151756167411804,0.0,0.0,0.0,0.0,0.8124043941497803,2.6217269897460938,4.653512120246887,0.0,0.0,0.914907693862915,1.7068192958831787,0.0,13.0,98.0,7.0,22.0,65.0,8.0,47.0
2020-07-15 10:00:00+00:00,2748287450.0,0.00191601,17.66970252,183650970.0,0.7036725878715515,0.9760423898696899,0.0,0.0,0.0,0.0,0.7036725878715515,0.981890857219696,1.678768813610077,0.0,0.0,0.0,0.0,0.981890857219696,7.0,83.0,7.0,12.0,31.0,7.0,38.0
2020-07-15 12:00:00+00:00,2766701865.0,0.00193047,17.78809524,179174699.0,0.7451375126838684,0.7362365126609802,0.0,0.0,0.0,0.7451375126838684,0.0,0.7970665097236633,4.149575650691986,0.0,0.0,0.0,0.0,0.0,15.0,104.0,20.0,29.0,29.0,15.0,39.0
2020-07-15 14:00:00+00:00,2741738947.0,0.00191679,17.62759991,176242787.0,0.8976932168006897,1.5982181429862976,0.0,0.0,0.0,0.0,0.0,1.5552744269371033,3.2492951154708862,0.0,1.5552744269371033,0.0,0.0,0.0,10.0,123.0,23.0,25.0,40.0,17.0,47.0
2020-07-15 16:00:00+00:00,2738918522.0,0.0019144824345213355,17.6094664029,170704986.0,0.8211765885353088,0.7598063349723816,0.0,0.0,0.0,0.0,0.8211765885353088,0.0,0.0,0.0,0.0,0.0,0.0,0.0,8.0,102.0,23.0,22.0,44.0,6.0,44.0
2020-07-15 18:00:00+00:00,2719718535.0,0.00190596,17.48602296,171263061.0,3.060335099697113,0.8200933933258057,0.0,0.0,0.7438485026359558,2.3164865970611572,0.0,1.6444881558418274,2.419808089733124,0.0,0.0,0.7517085671424866,0.8927795886993408,0.0,20.0,84.0,9.0,21.0,79.0,16.0,36.0
2020-07-15 20:00:00+00:00,2725022763.0,0.00190127,17.5201257,169751212.0,1.7938498258590698,0.7502875924110413,0.0,0.0,0.9466832876205444,0.0,0.8471665382385254,0.8807456493377686,0.0,0.0,0.0,0.8807456493377686,0.0,0.0,12.0,59.0,10.0,27.0,132.0,25.0,29.0
2020-07-15 22:00:00+00:00,2736079874.0,0.00191358,17.59121574,169152686.0,0.7973200678825378,0.0,0.0,0.0,0.0,0.0,0.7973200678825378,0.0,0.0,0.0,0.0,0.0,0.0,0.0,7.0,25.0,16.0,35.0,68.0,23.0,18.0
2020-07-16 00:00:00+00:00,2745269976.0,0.00191888,17.65030212,169727852.0,0.0,0.0,0.0,0.0,0.0,0.0,0.0,0.0,1.8107975125312805,0.0,0.0,0.0,0.0,0.0,10.0,69.0,7.0,24.0,30.0,16.0,11.0
2020-07-16 02:00:00+00:00,2723281363.0,0.001905413052051471,17.5089296295,167302502.0,0.705724835395813,0.0,0.0,0.0,0.0,0.0,0.705724835395813,0.7846097350120544,0.0,0.0,0.0,0.0,0.0,0.7846097350120544,6.0,69.0,2.0,32.0,11.0,11.0,20.0
2020-07-16 04:00:00+00:00,2722038403.0,0.00190449,17.5009382,163250478.0,1.510864794254303,0.0,0.0,0.0,0.0,0.0,1.510864794254303,0.7679633498191833,0.7679633498191833,0.0,0.0,0.0,0.0,0.0,9.0,42.0,3.0,15.0,17.0,10.0,47.0
2020-07-16 06:00:00+00:00,2636155720.0,0.00185353,16.94876836,196854193.0,4.929227709770203,1.5822258591651917,0.0,0.0,0.7417094707489014,2.4498032331466675,0.9123935103416443,1.513782560825348,3.134009003639221,0.0,0.0,0.0,0.0,0.7415546178817749,14.0,79.0,4.0,14.0,76.0,11.0,37.0
2020-07-16 08:00:00+00:00,2617532743.0,0.00184915,16.82903472,189681360.0,5.442016661167145,3.775775134563446,0.0,0.0,0.0,0.0,3.981221079826355,0.741540789604187,4.1704089641571045,0.0,0.0,0.0,0.0,0.741540789604187,14.0,105.0,7.0,17.0,31.0,4.0,34.0
2020-07-16 10:00:00+00:00,2631475157.0,0.00185728,16.91867538,196479535.0,4.819528222084045,1.5948544144630432,0.0,0.0,0.0,0.0,4.819528222084045,0.0,2.4827720522880554,0.0,0.0,0.0,0.0,0.0,14.0,74.0,6.0,16.0,41.0,6.0,52.0
2020-07-16 12:00:00+00:00,2629795822.0,0.00185424,16.90787835,194890617.0,0.706127941608429,3.5306397080421448,0.0,0.0,0.0,0.0,0.0,0.0,0.0,0.0,0.0,0.0,0.0,0.0,8.0,81.0,9.0,13.0,27.0,9.0,50.0
2020-07-16 14:00:00+00:00,2655678721.0,0.00187151,17.07428857,194268154.0,1.6557742953300476,0.0,0.0,0.0,0.0,0.7453874945640564,0.9103868007659912,0.0,0.8481442332267761,0.0,0.0,0.0,0.0,0.0,7.0,135.0,2.0,33.0,35.0,32.0,48.0
2020-07-16 16:00:00+00:00,2657277746.0,0.00187072,17.08456926,191316052.0,1.5535964965820312,2.60091769695282,0.0,0.0,0.0,1.5535964965820312,0.0,0.8551348447799683,0.0,0.0,0.0,0.0,0.0,0.8551348447799683,7.0,109.0,18.0,24.0,43.0,23.0,40.0
2020-07-16 18:00:00+00:00,2630680719.0,0.0018526,16.91356766,192944199.0,0.8221349120140076,1.757923185825348,0.0,0.0,0.0,0.0,0.0,1.7459572553634644,1.6961120963096619,0.0,0.0,0.7833506464958191,0.0,0.0,4.0,86.0,14.0,28.0,123.0,19.0,33.0
2020-07-16 20:00:00+00:00,2659499970.0,0.00187322,17.09885672,192667128.0,0.0,0.7912701964378357,0.0,0.0,0.0,0.0,0.0,0.9853630661964417,0.0,0.0,0.0,0.0,0.9853630661964417,0.0,3.0,43.0,19.0,24.0,85.0,22.0,22.0
2020-07-16 22:00:00+00:00,2666496807.0,0.00187729,17.14384184,191191483.0,0.0,1.6513670086860657,0.0,0.0,0.0,0.0,0.0,0.7306252717971802,0.8233041167259216,0.0,0.0,0.0,0.7306252717971802,0.0,5.0,37.0,8.0,22.0,37.0,18.0,30.0
2020-07-17 00:00:00+00:00,2663786849.0,0.0018767,17.12641857,187306028.0,0.8514755964279175,0.0,0.0,0.0,0.0,0.0,0.8514755964279175,0.0,0.0,0.0,0.0,0.0,0.0,0.0,4.0,57.0,9.0,22.0,38.0,30.0,30.0
2020-07-17 02:00:00+00:00,2666292053.0,0.00187877,17.1425254,187482656.0,1.6503589749336243,0.0,0.0,0.0,0.0,0.9470939040184021,0.7032650709152222,0.8716288208961487,0.8226417899131775,0.0,0.0,0.0,0.8716288208961487,0.0,9.0,47.0,1.0,16.0,39.0,17.0,35.0
2020-07-17 04:00:00+00:00,2689895770.0,0.00189933,17.29428196,196125587.0,6.681527018547058,4.918031275272369,0.0,0.0,0.0,5.95488053560257,0.0,0.8452029228210449,2.272164523601532,0.0,0.0,0.0,0.8452029228210449,0.0,21.0,70.0,5.0,17.0,33.0,26.0,25.0
2020-07-17 06:00:00+00:00,2708429743.0,0.00191107,17.41344337,161778042.0,1.4694713950157166,5.995844841003418,0.0,0.0,0.0,1.4694713950157166,0.0,0.0,0.0,0.0,0.0,0.0,0.0,0.0,9.0,92.0,3.0,13.0,18.0,22.0,52.0
2020-07-17 08:00:00+00:00,2697315885.0,0.00190381,17.34198848,158274062.0,3.348149538040161,3.182203710079193,0.0,0.0,0.0,0.754472553730011,1.779547095298767,0.0,1.8254305124282837,0.0,0.0,0.0,0.0,0.0,15.0,95.0,3.0,17.0,27.0,13.0,72.0
2020-07-17 10:00:00+00:00,2699268746.0,0.00190191,17.35454411,153259168.0,1.480410873889923,0.0,0.0,0.0,0.0,0.0,1.480410873889923,2.269953429698944,2.2541908621788025,0.0,0.0,1.4718126058578491,0.0,0.0,8.0,124.0,5.0,13.0,45.0,27.0,55.0
2020-07-17 12:00:00+00:00,2691224629.0,0.00189018,17.30282566,153087915.0,5.565647900104523,0.0,0.0,0.0,0.0,4.672238051891327,0.8934098482131958,0.8426710367202759,0.0,0.0,0.0,0.0,0.8426710367202759,0.0,16.0,118.0,18.0,19.0,79.0,23.0,40.0
2020-07-17 14:00:00+00:00,2710860637.0,0.00190716,17.42907243,159123542.0,3.5278369784355164,3.875545620918274,0.0,0.0,0.0,0.9826602935791016,1.825195074081421,1.690023422241211,0.0,0.0,0.0,0.9292005300521851,0.7608228921890259,0.0,11.0,87.0,3.0,19.0,42.0,15.0,43.0
2020-07-17 16:00:00+00:00,2687873411.0,0.00188926,17.28127951,156406990.0,3.303986132144928,0.7938520908355713,0.0,0.0,0.7849491834640503,0.7435930967330933,1.7754438519477844,0.0,0.0,0.0,0.0,0.0,0.0,0.0,12.0,104.0,8.0,25.0,52.0,18.0,48.0
2020-07-17 18:00:00+00:00,2674476203.0,0.00187812,17.19514417,158388756.0,1.5034886598587036,1.7232091426849365,0.0,0.7456769347190857,0.0,0.0,0.0,0.7758636474609375,1.53749680519104,0.0,0.0,0.0,0.0,0.7758636474609375,9.0,69.0,13.0,45.0,43.0,22.0,38.0
2020-07-17 20:00:00+00:00,2663766077.0,0.0018686,17.12628501,155605294.0,0.8438213467597961,2.4075549840927124,0.0,0.0,0.0,0.8438213467597961,0.0,0.0,0.0,0.0,0.0,0.0,0.0,0.0,15.0,50.0,11.0,33.0,45.0,18.0,16.0
2020-07-17 22:00:00+00:00,2657340752.0,0.00186693,17.08497435,153498441.0,0.7893558740615845,0.0,0.0,0.0,0.0,0.0,0.7893558740615845,0.0,0.0,0.0,0.0,0.0,0.0,0.0,9.0,42.0,14.0,23.0,42.0,11.0,36.0
2020-07-18 00:00:00+00:00,2652313047.0,0.00186634,17.05264947,155781715.0,2.2004631757736206,0.0,0.7005986571311951,0.0,0.0,1.4998645186424255,0.0,1.6894038319587708,0.0,0.0,0.9399110078811646,0.0,0.7494928240776062,0.0,10.0,46.0,21.0,26.0,34.0,11.0,12.0
2020-07-18 02:00:00+00:00,2649535681.0,0.00186631,17.03479281,152337981.0,1.593889832496643,3.184680998325348,0.0,0.0,0.0,1.593889832496643,0.0,2.9006161093711853,2.4516220688819885,0.0,0.0,0.72514408826828,2.1754720211029053,0.0,23.0,112.0,16.0,17.0,31.0,14.0,32.0
2020-07-18 04:00:00+00:00,2648083219.0,0.00186542,17.02545443,145212768.0,3.1467654705047607,1.4677210450172424,0.0,0.0,0.0,2.3360769152641296,0.8106885552406311,2.693187117576599,0.9420508742332458,0.0,0.0,0.9779208302497864,1.7152662873268127,0.0,12.0,64.0,4.0,18.0,23.0,8.0,34.0
2020-07-18 06:00:00+00:00,2646242167.0,0.00186355,17.01361766,141540559.0,5.887753963470459,1.6036877036094666,0.0,0.0,0.0,5.040931940078735,0.8468220233917236,0.8541840314865112,0.0,0.0,0.0,0.0,0.8541840314865112,0.0,38.0,117.0,2.0,21.0,38.0,21.0,44.0
2020-07-18 08:00:00+00:00,2654096964.0,0.00186277,17.0641189,145987605.0,1.618021011352539,4.869274437427521,0.0,0.0,0.7402850389480591,0.0,0.87773597240448,0.7053752541542053,3.395700991153717,0.0,0.0,0.0,0.7053752541542053,0.0,16.0,86.0,5.0,10.0,71.0,12.0,47.0
2020-07-18 10:00:00+00:00,2659903699.0,0.00186699,17.10145243,146462593.0,3.259865641593933,2.693079650402069,0.0,0.0,0.0,0.0,1.4644792079925537,2.3730167150497437,2.429050862789154,0.0,0.0,0.0,0.8433074355125427,0.0,24.0,74.0,3.0,22.0,77.0,17.0,52.0
2020-07-18 12:00:00+00:00,2648369562.0,0.001859,17.02729543,144412822.0,0.0,0.7511646747589111,0.0,0.0,0.0,0.0,0.0,1.6914161443710327,0.7045343518257141,0.0,0.0,0.0,0.9868817925453186,0.0,10.0,105.0,14.0,24.0,24.0,22.0,60.0
2020-07-18 14:00:00+00:00,2668712309.0,0.00186262,17.15808607,139142836.0,2.475431203842163,1.6918461322784424,0.0,0.0,0.804128885269165,1.671302318572998,0.0,0.7316523194313049,0.0,0.0,0.0,0.7316523194313049,0.0,0.0,13.0,106.0,7.0,23.0,80.0,17.0,58.0
2020-07-18 16:00:00+00:00,2670119138.0,0.001875,17.16713107,138034409.0,0.8976932168006897,0.0,0.0,0.0,0.8976932168006897,0.0,0.0,0.0,0.0,0.0,0.0,0.0,0.0,0.0,10.0,92.0,32.0,21.0,41.0,19.0,51.0
2020-07-18 18:00:00+00:00,2668290515.0,0.00187417,17.15537421,139347184.0,1.6313474774360657,0.8947611451148987,0.0,0.0,0.0,0.8188201189041138,0.8125273585319519,0.8820253610610962,1.8319756388664246,0.0,0.0,0.8820253610610962,0.0,0.0,9.0,68.0,7.0,27.0,81.0,18.0,45.0
2020-07-18 20:00:00+00:00,2669653331.0,0.00187451,17.16413623,143798012.0,2.2953588366508484,0.8054484128952026,0.0,0.0,0.8438156247138977,0.7220318913459778,0.7295113205909729,2.4161917567253113,0.7494019865989685,0.0,0.0,0.0,1.6667897701263428,0.0,13.0,48.0,9.0,28.0,42.0,41.0,45.0
2020-07-18 22:00:00+00:00,2663832333.0,0.00186992,17.126711,149402466.0,1.6555911898612976,0.9295741319656372,0.0,0.0,0.0,0.8097795248031616,0.845811665058136,2.3566314578056335,0.0,0.0,0.8285014629364014,0.0,0.8114990592002869,0.7166309356689453,10.0,42.0,9.0,21.0,41.0,10.0,20.0
2020-07-19 00:00:00+00:00,2653146796.0,0.00186442,17.05800994,147217309.0,0.7440106868743896,0.0,0.0,0.0,0.0,0.7440106868743896,0.0,0.0,0.0,0.0,0.0,0.0,0.0,0.0,2.0,60.0,5.0,24.0,36.0,16.0,22.0
2020-07-19 02:00:00+00:00,2637261236.0,0.0018540319540483379,16.9558761119,151163710.0,1.725663959980011,0.9503889083862305,0.0,0.0,0.0,1.725663959980011,0.0,0.0,3.1956831216812134,0.0,0.0,0.0,0.0,0.0,3.0,66.0,4.0,15.0,42.0,13.0,38.0
2020-07-19 04:00:00+00:00,2712328413.0,0.00190745,17.43850928,161102160.0,3.1886460185050964,0.0,0.0,0.0,3.1886460185050964,0.0,0.0,0.0,0.7198061943054199,0.0,0.0,0.0,0.0,0.0,12.0,72.0,4.0,11.0,30.0,8.0,29.0
2020-07-19 06:00:00+00:00,2766203856.0,0.00194332,17.78489337,180779894.0,7.618698835372925,4.695013761520386,5.2548054456710815,1.4745893478393555,0.0,0.8893040418624878,0.0,3.5409399271011353,5.713269650936127,3.5409399271011353,0.0,0.0,0.0,0.0,32.0,114.0,5.0,19.0,33.0,6.0,68.0
2020-07-19 08:00:00+00:00,2766234572.0,0.00194397,17.78509085,193321280.0,2.3492021560668945,1.5619159936904907,0.0,0.7929546236991882,0.0,0.7829063534736633,0.773341178894043,0.0,3.081815004348755,0.0,0.0,0.0,0.0,0.0,10.0,124.0,3.0,21.0,39.0,8.0,72.0
2020-07-19 10:00:00+00:00,2780607223.0,0.00195856,17.87749766,203663585.0,0.0,2.183312237262726,0.0,0.0,0.0,0.0,0.0,4.727652609348297,7.472678959369659,0.0,0.0,3.9720149636268616,0.0,0.0,26.0,155.0,6.0,29.0,85.0,8.0,55.0
2020-07-19 12:00:00+00:00,2771349304.0,0.00195398,17.81797526,206591755.0,1.717967450618744,1.7953864336013794,0.0,0.0,0.0,0.0,1.717967450618744,0.0,0.0,0.0,0.0,0.0,0.0,0.0,11.0,256.0,7.0,19.0,50.0,10.0,76.0
2020-07-19 14:00:00+00:00,2738502432.0,0.0019325285231537438,17.6067912162,210877909.0,8.117805123329163,1.6338980793952942,0.0,0.0,1.640033781528473,6.47777134180069,0.0,0.7546968460083008,0.899411678314209,0.0,0.0,0.0,0.7546968460083008,0.0,21.0,226.0,35.0,36.0,29.0,13.0,78.0
2020-07-19 16:00:00+00:00,2770928217.0,0.00195196,17.81526794,218488945.0,2.578717350959778,0.7111002802848816,0.0,0.0,0.0,0.0,2.578717350959778,0.0,1.6453115940093994,0.0,0.0,0.0,0.0,0.0,13.0,227.0,3.0,27.0,88.0,16.0,82.0
2020-07-19 18:00:00+00:00,2765776004.0,0.00194725,17.78214256,217950191.0,0.753318727016449,0.8880552053451538,0.0,0.0,0.0,0.0,0.753318727016449,0.9368752241134644,0.0,0.0,0.0,0.0,0.9368752241134644,0.0,9.0,144.0,13.0,29.0,40.0,14.0,55.0
2020-07-19 20:00:00+00:00,2767769677.0,0.0019455991068588801,17.7949605823,213807521.0,2.3330350518226624,0.0,0.0,0.0,0.7498456239700317,0.0,1.5831894278526306,0.7425808310508728,0.0,0.0,0.0,0.0,0.0,0.7425808310508728,15.0,166.0,15.0,35.0,93.0,9.0,50.0
2020-07-19 22:00:00+00:00,2792782900.0,0.00195473,17.95577936,213342724.0,1.6023266315460205,0.0,0.8185577392578125,0.0,0.0,0.783768892288208,0.0,0.7940648198127747,0.0,0.0,0.0,0.0,0.7940648198127747,0.0,11.0,126.0,5.0,19.0,179.0,19.0,47.0
2020-07-20 00:00:00+00:00,2799699907.0,0.00196253,18.00025121,221806779.0,0.8664922118186951,0.0,0.0,0.0,0.0,0.8664922118186951,0.0,0.8363133668899536,0.0,0.8363133668899536,0.0,0.0,0.0,0.0,3.0,194.0,12.0,24.0,101.0,12.0,22.0
2020-07-20 02:00:00+00:00,2821388801.0,0.00197886,18.13969671,227817044.0,1.7015424370765686,2.301932990550995,0.0,0.0,0.0,0.893591046333313,0.0,0.0,0.8833145499229431,0.0,0.0,0.0,0.0,0.0,7.0,257.0,1.0,16.0,64.0,14.0,36.0
2020-07-20 04:00:00+00:00,2834007863.0,0.00198756,18.22082908,218877311.0,3.168498694896698,0.0,0.0,0.0,1.5825518369674683,0.8369569778442383,0.7489898800849915,0.0,0.7714922428131104,0.0,0.0,0.0,0.0,0.0,10.0,190.0,12.0,16.0,49.0,12.0,52.0
2020-07-20 06:00:00+00:00,2824268078.0,0.00198182,18.15820859,208037108.0,1.7018067240715027,0.0,0.0,0.0,0.0,1.7018067240715027,0.0,0.0,0.7290369272232056,0.0,0.0,0.0,0.0,0.0,5.0,334.0,5.0,23.0,75.0,7.0,91.0
2020-07-20 08:00:00+00:00,2808116206.0,0.00196912,18.05436255,203527593.0,2.504256784915924,3.546460509300232,0.0,0.0,0.7088703513145447,0.0,0.0,0.0,0.0,0.0,0.0,0.0,0.0,0.0,8.0,253.0,12.0,14.0,92.0,19.0,75.0
2020-07-20 10:00:00+00:00,2784880633.0,0.00195827,17.90497291,194504181.0,1.4610997438430786,0.0,0.0,0.0,0.0,1.4610997438430786,0.0,0.7622168064117432,1.7060510516166687,0.0,0.0,0.7622168064117432,0.0,0.0,10.0,257.0,9.0,25.0,217.0,25.0,64.0
2020-07-20 12:00:00+00:00,2759977082.0,0.00194139,17.74485926,194098180.0,4.822738170623779,0.0,0.0,0.0,0.0,0.8279917240142822,3.994746446609497,3.173924505710602,0.827009379863739,0.0,0.0,0.72514408826828,2.4487804174423218,0.0,37.0,312.0,11.0,22.0,145.0,33.0,82.0
2020-07-20 14:00:00+00:00,2754339654.0,0.00193327,17.70861426,200034731.0,0.776869535446167,0.0,0.0,0.0,0.0,0.776869535446167,0.0,0.7873979210853577,1.7660751938819885,0.0,0.7873979210853577,0.0,0.0,0.0,12.0,317.0,15.0,30.0,165.0,19.0,75.0
2020-07-20 16:00:00+00:00,2744593238.0,0.00192215,17.64595114,196695007.0,0.7710205316543579,0.0,0.0,0.0,0.0,0.0,0.7710205316543579,1.443833351135254,1.64890456199646,0.0,0.0,0.0,0.0,1.443833351135254,15.0,204.0,12.0,29.0,173.0,32.0,69.0
2020-07-20 18:00:00+00:00,2713605627.0,0.00190688,17.44672093,203512144.0,2.6724385023117065,0.0,0.0,0.0,0.0,1.7787867784500122,0.8936517238616943,0.0,2.454705774784088,0.0,0.0,0.0,0.0,0.0,11.0,248.0,14.0,24.0,148.0,27.0,61.0
2020-07-20 20:00:00+00:00,2719396865.0,0.0019088,17.48395484,208099146.0,0.7979584336280823,0.8221948146820068,0.0,0.0,0.0,0.7979584336280823,0.0,0.0,0.0,0.0,0.0,0.0,0.0,0.0,11.0,292.0,5.0,37.0,239.0,14.0,36.0
2020-07-20 22:00:00+00:00,2719514136.0,0.00190793,17.48470881,203143854.0,0.0,0.0,0.0,0.0,0.0,0.0,0.0,0.8322732448577881,0.7566305994987488,0.0,0.0,0.8322732448577881,0.0,0.0,8.0,215.0,21.0,25.0,68.0,13.0,50.0
2020-07-21 00:00:00+00:00,2747710704.0,0.00192612,17.66599442,196909265.0,2.415900707244873,0.0,0.0,0.0,0.7482603788375854,1.6676403284072876,0.0,0.0,0.0,0.0,0.0,0.0,0.0,0.0,6.0,176.0,9.0,18.0,58.0,10.0,15.0
2020-07-21 02:00:00+00:00,2734046657.0,0.00191752,17.57814348,190281560.0,3.2347570061683655,1.738913655281067,0.0,0.0,0.0,2.458876371383667,0.0,0.0,0.0,0.0,0.0,0.0,0.0,0.0,5.0,304.0,11.0,14.0,61.0,22.0,34.0
2020-07-21 04:00:00+00:00,2727101769.0,0.00191236,17.53349236,193703797.0,2.5343117713928223,0.8051704168319702,0.0,0.0,0.0,1.729141354560852,0.0,0.0,0.0,0.0,0.0,0.0,0.0,0.0,6.0,213.0,2.0,18.0,66.0,14.0,35.0
2020-07-21 06:00:00+00:00,2758652940.0,0.00190707,17.73634589,201311046.0,0.7575924396514893,0.0,0.0,0.0,0.0,0.7575924396514893,0.0,0.0,1.4482461214065552,0.0,0.0,0.0,0.0,0.0,7.0,261.0,5.0,18.0,85.0,14.0,49.0
2020-07-21 08:00:00+00:00,2775749383.0,0.00191756,17.84626491,206425672.0,2.354876399040222,0.0,0.0,0.0,0.0,2.354876399040222,0.0,0.7408120632171631,0.0,0.0,0.0,0.7408120632171631,0.0,0.0,13.0,186.0,3.0,14.0,51.0,12.0,55.0
2020-07-21 10:00:00+00:00,2764835309.0,0.00190634,17.7760945,202241201.0,1.6080169081687927,0.7767062783241272,0.0,0.0,0.0,0.0,0.8313106298446655,0.0,0.0,0.0,0.0,0.0,0.0,0.0,9.0,140.0,5.0,19.0,36.0,11.0,66.0
2020-07-21 12:00:00+00:00,2771232268.0,0.00189699,17.8172228,201581959.0,1.625862181186676,0.7182581424713135,0.0,0.0,0.0,1.625862181186676,0.0,0.0,0.0,0.0,0.0,0.0,0.0,0.0,5.0,213.0,10.0,16.0,98.0,18.0,70.0
2020-07-21 14:00:00+00:00,2768225647.0,0.00190486,17.79789217,196640012.0,2.7250216007232666,0.0,0.0,0.0,0.0,2.7250216007232666,0.0,0.8221521973609924,1.6853012442588806,0.0,0.8221521973609924,0.0,0.0,0.0,8.0,221.0,23.0,25.0,88.0,16.0,67.0
2020-07-21 16:00:00+00:00,2750887011.0,0.00188783,17.68641601,195765591.0,3.6391835808753967,1.4659737944602966,0.0,0.0,0.7021185159683228,1.4710912704467773,0.0,0.9360567927360535,2.5416547656059265,0.9360567927360535,0.0,0.0,0.0,0.0,10.0,242.0,9.0,31.0,96.0,26.0,56.0
2020-07-21 18:00:00+00:00,2735431359.0,0.0018804,17.58704621,186614881.0,0.7128190398216248,1.5105900764465332,0.0,0.0,0.0,0.0,0.0,0.8093489408493042,0.8093489408493042,0.0,0.0,0.0,0.0,0.0,7.0,166.0,4.0,39.0,48.0,23.0,63.0
2020-07-21 20:00:00+00:00,2736005070.0,0.00187858,17.5907348,184927930.0,2.59940642118454,0.757100522518158,0.0,0.0,0.0,0.921670138835907,1.6777362823486328,0.0,0.0,0.0,0.0,0.0,0.0,0.0,9.0,173.0,11.0,27.0,79.0,18.0,58.0
2020-07-21 22:00:00+00:00,2755396351.0,0.00188967,17.71540814,187854335.0,1.6220847964286804,0.7490317821502686,0.0,0.8730530142784119,0.0,0.0,0.0,0.0,0.7920491099357605,0.0,0.0,0.0,0.0,0.0,8.0,125.0,12.0,23.0,94.0,17.0,46.0
2020-07-22 00:00:00+00:00,2746636254.0,0.0018864,17.65908641,189379094.0,0.0,0.0,0.0,0.0,0.0,0.0,0.0,0.9626253843307495,0.0,0.0,0.0,0.0,0.9626253843307495,0.0,2.0,182.0,4.0,23.0,79.0,9.0,27.0
2020-07-22 02:00:00+00:00,2756158688.0,0.0018924832161542908,17.7203094674,186294559.0,1.6443427801132202,0.7901638150215149,0.0,0.0,0.0,0.8541789650917053,0.0,0.0,0.0,0.0,0.0,0.0,0.0,0.0,5.0,234.0,2.0,13.0,69.0,11.0,24.0
2020-07-22 04:00:00+00:00,2740049433.0,0.0018854586380092873,17.6167374271,178818537.0,0.0,0.0,0.0,0.0,0.0,0.0,0.0,0.0,0.0,0.0,0.0,0.0,0.0,0.0,2.0,189.0,7.0,20.0,94.0,15.0,53.0
2020-07-22 06:00:00+00:00,2730306087.0,0.0018808992187931046,17.5540940407,171434251.0,0.0,0.0,0.0,0.0,0.0,0.0,0.0,0.7030118703842163,0.0,0.0,0.0,0.0,0.0,0.7030118703842163,8.0,258.0,4.0,26.0,148.0,34.0,48.0
2020-07-22 08:00:00+00:00,2739815509.0,0.00188814,17.61523344,167557616.0,0.0,0.0,0.0,0.0,0.0,0.0,0.0,0.7712469100952148,0.9714134335517883,0.0,0.0,0.0,0.0,0.7712469100952148,4.0,238.0,16.0,15.0,132.0,13.0,52.0
2020-07-22 10:00:00+00:00,2748598629.0,0.0018894383122850815,17.6717032011,164993570.0,4.206122398376465,2.5765408873558044,0.0,0.0,0.0,0.0,4.206122398376465,0.9612645506858826,0.0,0.0,0.9612645506858826,0.0,0.0,0.0,15.0,228.0,6.0,18.0,105.0,15.0,54.0
2020-07-22 12:00:00+00:00,2738797876.0,0.0018851266306478826,17.6086907296,158972528.0,1.735731065273285,0.9021949768066406,0.0,0.0,0.0,0.0,0.8335360884666443,0.8618710041046143,0.0,0.0,0.0,0.0,0.0,0.8618710041046143,9.0,231.0,8.0,36.0,134.0,9.0,67.0
2020-07-22 14:00:00+00:00,2557231927.0,0.00189442,17.70855789,163120874.0,0.8386831283569336,3.880932092666626,0.0,0.0,0.0,0.8386831283569336,0.0,0.0,0.8215742707252502,0.0,0.0,0.0,0.0,0.0,14.0,237.0,14.0,40.0,183.0,20.0,57.0
2020-07-22 16:00:00+00:00,2562168873.0,0.00189494,17.74274571,161214006.0,2.242042064666748,0.0,0.0,0.0,0.0,2.242042064666748,0.0,0.0,0.0,0.0,0.0,0.0,0.0,0.0,17.0,225.0,6.0,34.0,159.0,22.0,73.0
2020-07-22 18:00:00+00:00,2552382733.0,0.0018856859330737322,17.6749777342,161489050.0,0.7597399353981018,0.0,0.0,0.7597399353981018,0.0,0.0,0.0,0.7587618231773376,0.0,0.0,0.0,0.0,0.7587618231773376,0.0,7.0,226.0,6.0,26.0,137.0,31.0,39.0
2020-07-22 20:00:00+00:00,2556641404.0,0.00189028,17.70446858,165886004.0,2.3663098216056824,0.7556626796722412,0.0,0.0,0.0,2.3663098216056824,0.0,0.0,0.0,0.0,0.0,0.0,0.0,0.0,7.0,196.0,21.0,17.0,107.0,16.0,29.0
2020-07-22 22:00:00+00:00,2612590172.0,0.00189934,18.09190782,191909868.0,0.0,2.5980698466300964,0.0,0.0,0.0,0.0,0.0,3.4755154252052307,0.9345402121543884,1.718250572681427,0.0,0.0,1.7572648525238037,0.0,7.0,186.0,28.0,20.0,1014.0,151.0,36.0
2020-07-23 00:00:00+00:00,2642243397.0,0.00192188,18.29725324,213892784.0,1.6439592838287354,1.6246758699417114,0.0,0.0,0.8730980753898621,0.0,0.7708612084388733,0.0,0.0,0.0,0.0,0.0,0.0,0.0,3.0,189.0,8.0,28.0,93.0,26.0,29.0
2020-07-23 02:00:00+00:00,2634676777.0,0.0019202820926585314,18.2448552016,218652955.0,6.525059759616852,0.7324936985969543,0.0,0.0,1.585020124912262,3.3133862018585205,0.894159734249115,1.6170472502708435,0.8006938695907593,0.0,0.8163533806800842,0.0,0.0,0.0,18.0,248.0,17.0,28.0,75.0,15.0,35.0
2020-07-23 04:00:00+00:00,2617320958.0,0.00190875,18.12466801,216789898.0,0.0,0.0,0.0,0.0,0.0,0.0,0.0,0.0,0.9446130990982056,0.0,0.0,0.0,0.0,0.0,10.0,178.0,3.0,21.0,66.0,6.0,49.0
2020-07-23 06:00:00+00:00,2629745886.0,0.00191615,18.21070931,215846095.0,2.4879881143569946,0.8859368562698364,0.0,0.0,0.0,1.6020512580871582,0.0,0.0,0.0,0.0,0.0,0.0,0.0,0.0,11.0,250.0,5.0,14.0,36.0,22.0,50.0
2020-07-23 08:00:00+00:00,2626857581.0,0.00191386,18.1907081,215342052.0,0.7150606513023376,0.7057163119316101,0.0,0.0,0.0,0.7150606513023376,0.0,1.515969693660736,0.0,0.0,0.0,0.0,1.515969693660736,0.0,5.0,240.0,3.0,25.0,40.0,25.0,61.0
2020-07-23 10:00:00+00:00,2631834958.0,0.00191695,18.2251759,217510670.0,2.3716971278190613,0.7107493281364441,0.0,0.0,0.0,1.6609477996826172,0.0,0.0,0.0,0.0,0.0,0.0,0.0,0.0,11.0,217.0,7.0,17.0,29.0,10.0,35.0
2020-07-23 12:00:00+00:00,2642183779.0,0.00192631,18.29684038,220263479.0,2.5038312673568726,1.6109653115272522,0.0,0.0,0.0,0.7677159309387207,0.9329512715339661,1.4501706957817078,0.0,0.0,0.0,0.7462730407714844,0.0,0.7038976550102234,15.0,245.0,11.0,22.0,67.0,21.0,53.0
2020-07-23 14:00:00+00:00,2633356626.0,0.00191646,18.23571329,227066526.0,0.8240528702735901,0.0,0.0,0.0,0.0,0.8240528702735901,0.0,0.7003914713859558,0.0,0.0,0.7003914713859558,0.0,0.0,0.0,15.0,241.0,23.0,37.0,182.0,42.0,50.0
2020-07-23 16:00:00+00:00,2661319661.0,0.00192123,18.42935433,235044075.0,1.558299958705902,0.0,0.0,0.0,0.0,0.7943743467330933,0.7639256119728088,0.7612406015396118,1.9506385326385498,0.0,0.0,0.0,0.0,0.7612406015396118,11.0,125.0,12.0,23.0,270.0,25.0,47.0
2020-07-23 18:00:00+00:00,2681361428.0,0.0019396,18.56814142,237912749.0,3.375969648361206,0.0,0.0,0.0,0.0,2.5144194960594177,0.8615501523017883,0.0,0.0,0.0,0.0,0.0,0.0,0.0,21.0,128.0,21.0,29.0,67.0,25.0,45.0
2020-07-23 20:00:00+00:00,2678802291.0,0.00193488,18.55041967,237460905.0,0.857778787612915,0.9401760101318359,0.0,0.0,0.0,0.0,0.857778787612915,0.9014114737510681,0.0,0.0,0.0,0.0,0.9014114737510681,0.0,7.0,96.0,11.0,36.0,65.0,38.0,29.0
2020-07-23 22:00:00+00:00,2696546476.0,0.00194898,18.67329626,220207323.0,2.3821473717689514,1.4576128721237183,0.0,0.0,0.0,2.3821473717689514,0.0,0.7494928240776062,0.0,0.0,0.0,0.0,0.7494928240776062,0.0,13.0,103.0,16.0,34.0,59.0,26.0,42.0
2020-07-24 00:00:00+00:00,2690339420.0,0.00194866,18.63031305,206891947.0,1.6147842407226562,0.0,0.8638666272163391,0.0,0.0,0.7509176135063171,0.0,2.6987446546554565,0.0,0.0,0.0,1.7291961908340454,0.9695484638214111,0.0,11.0,168.0,23.0,19.0,26.0,17.0,23.0
2020-07-24 02:00:00+00:00,2681984407.0,0.00194453,18.57245549,205735779.0,1.5862476229667664,0.807975172996521,0.0,0.0,0.0,0.0,0.7782724499702454,0.7136486768722534,0.0,0.0,0.7136486768722534,0.0,0.0,0.0,15.0,220.0,14.0,21.0,103.0,24.0,44.0
2020-07-24 04:00:00+00:00,2661734921.0,0.00193205,18.43222996,211889552.0,0.7001951336860657,0.8431045413017273,0.0,0.0,0.0,0.0,0.7001951336860657,0.7866795063018799,0.7866795063018799,0.0,0.0,0.0,0.0,0.0,6.0,182.0,4.0,20.0,41.0,11.0,34.0
2020-07-24 06:00:00+00:00,2655062494.0,0.00193547,18.38602411,215310334.0,0.0,0.0,0.0,0.0,0.0,0.0,0.0,2.151011109352112,0.0,0.0,0.0,0.0,1.4358313083648682,0.7151798009872437,17.0,207.0,11.0,17.0,65.0,18.0,58.0
2020-07-24 08:00:00+00:00,2663664597.0,0.00193937,18.44559275,217285682.0,2.4530961513519287,0.0,0.0,0.0,0.0,0.8282157182693481,1.6248804330825806,1.601404070854187,0.7527307868003845,0.0,0.0,0.0,0.0,1.601404070854187,17.0,199.0,5.0,11.0,31.0,9.0,61.0
2020-07-24 10:00:00+00:00,2659105348.0,0.00193355,18.41402045,220217765.0,0.724652886390686,0.7941986322402954,0.0,0.0,0.0,0.724652886390686,0.0,0.8032398223876953,0.0,0.0,0.0,0.8032398223876953,0.0,0.0,8.0,188.0,0.0,16.0,51.0,8.0,61.0
2020-07-24 12:00:00+00:00,2668493437.0,0.00194367,18.47903195,220036030.0,1.6331780552864075,1.5345759987831116,0.0,0.0,0.8453912138938904,0.0,0.7877868413925171,0.0,0.0,0.0,0.0,0.0,0.0,0.0,10.0,236.0,11.0,32.0,34.0,16.0,86.0
2020-07-24 14:00:00+00:00,2742682306.0,0.00199189,18.99278195,235403430.0,8.912030160427094,3.9606136083602905,0.0,0.0,0.8715805411338806,3.2834194898605347,2.4477949738502502,1.7998390197753906,0.0,0.0,0.0,0.9121068120002747,0.0,0.887732207775116,36.0,202.0,9.0,32.0,47.0,14.0,63.0
2020-07-24 16:00:00+00:00,2765509182.0,0.00200758,19.15085562,237723863.0,3.3072935938835144,0.7052536606788635,0.0,0.0,0.0,2.519845187664032,0.7874484062194824,6.106425166130066,0.9387125968933105,4.4570817947387695,0.7106307744979858,0.0,0.0,0.0,31.0,153.0,27.0,39.0,44.0,23.0,66.0
2020-07-24 18:00:00+00:00,2802466285.0,0.00202684,19.406779620000002,246825087.0,5.678356230258942,0.7979931235313416,3.1649451851844788,0.0,0.7672581076622009,0.0,1.746152937412262,2.8819541931152344,0.0,1.4272060990333557,0.0,0.0,0.0,1.4547480940818787,34.0,122.0,17.0,26.0,39.0,15.0,51.0
2020-07-24 20:00:00+00:00,2795939613.0,0.002018,19.36158311,250555052.0,2.2541750073432922,1.4230816960334778,0.0,0.0,0.8091434240341187,0.7327319383621216,0.712299644947052,0.0,0.0,0.0,0.0,0.0,0.0,0.0,12.0,162.0,20.0,23.0,188.0,23.0,36.0
2020-07-24 22:00:00+00:00,2765804467.0,0.0020083,19.15290045,248008823.0,0.7245356440544128,0.0,0.0,0.0,0.0,0.0,0.7245356440544128,0.758470356464386,0.8114763498306274,0.0,0.0,0.0,0.758470356464386,0.0,8.0,110.0,11.0,22.0,181.0,31.0,39.0
2020-07-25 00:00:00+00:00,2787244821.0,0.00202129,19.3013726,247689219.0,0.7438793182373047,1.733055591583252,0.0,0.0,0.0,0.0,0.7438793182373047,0.0,0.0,0.0,0.0,0.0,0.0,0.0,4.0,151.0,4.0,25.0,27.0,18.0,35.0
2020-07-25 02:00:00+00:00,2850668751.0,0.00206002,19.74057654,258074562.0,3.384248912334442,2.493387997150421,0.0,0.0,1.7419300079345703,0.8006154298782349,0.0,0.9330778121948242,0.9333236217498779,0.0,0.9330778121948242,0.0,0.0,0.0,17.0,293.0,11.0,21.0,51.0,8.0,58.0
2020-07-25 04:00:00+00:00,2847988351.0,0.00205806,19.72201506,257889565.0,0.843218207359314,0.8130612373352051,0.0,0.0,0.0,0.843218207359314,0.0,0.0,0.938420832157135,0.0,0.0,0.0,0.0,0.0,5.0,131.0,7.0,28.0,40.0,9.0,52.0
2020-07-25 06:00:00+00:00,2870525989.0,0.00207497,19.87808579,263447891.0,0.7583540081977844,0.0,0.0,0.0,0.0,0.0,0.7583540081977844,0.0,1.9459422826766968,0.0,0.0,0.0,0.0,0.0,4.0,202.0,5.0,19.0,31.0,18.0,52.0
2020-07-25 08:00:00+00:00,2837177963.0,0.00205179,19.64715428,268602563.0,4.689158082008362,4.8593767285346985,0.0,0.0,0.0,2.348351001739502,0.7574589848518372,0.0,0.9147483706474304,0.0,0.0,0.0,0.0,0.0,10.0,177.0,6.0,14.0,51.0,22.0,58.0
2020-07-25 10:00:00+00:00,2836993731.0,0.00205104,19.64587849,267593245.0,3.164101481437683,1.471320629119873,0.0,0.0,0.0,1.6349263787269592,0.7805619835853577,2.499536156654358,0.7375735640525818,0.0,0.0,1.5176662802696228,0.9818698763847351,0.0,15.0,137.0,3.0,15.0,30.0,14.0,65.0
2020-07-25 12:00:00+00:00,2828899891.0,0.00204583,19.58982951,267759888.0,1.6242749691009521,0.8533554673194885,0.0,0.0,0.0,0.0,1.6242749691009521,0.0,0.0,0.0,0.0,0.0,0.0,0.0,5.0,160.0,11.0,35.0,45.0,17.0,49.0
2020-07-25 14:00:00+00:00,2840742054.0,0.00205266,19.67183522,247659944.0,2.389939844608307,1.618631660938263,0.0,0.0,0.0,2.389939844608307,0.0,0.8295015692710876,1.586913287639618,0.0,0.0,0.0,0.0,0.8295015692710876,6.0,134.0,13.0,29.0,37.0,18.0,72.0
2020-07-25 16:00:00+00:00,2830548677.0,0.002026559922115518,19.6012471798,245259400.0,3.807603597640991,2.213759124279022,0.0,0.0,0.7336857318878174,0.8193963170051575,0.782362699508667,0.8048109412193298,0.0,0.0,0.0,0.0,0.0,0.8048109412193298,17.0,167.0,32.0,33.0,185.0,17.0,72.0
2020-07-25 18:00:00+00:00,2867861739.0,0.00205614,19.85963615,240583518.0,2.3927534222602844,1.6007219552993774,0.0,0.0,0.0,1.6145911812782288,0.0,0.0,2.285103738307953,0.0,0.0,0.0,0.0,0.0,11.0,128.0,28.0,30.0,68.0,14.0,45.0
2020-07-25 20:00:00+00:00,2854137250.0,0.00204258,19.76459553,243391231.0,0.7726191282272339,0.0,0.0,0.0,0.0,0.7726191282272339,0.0,0.8004859685897827,0.9344485402107239,0.0,0.0,0.0,0.8004859685897827,0.0,7.0,125.0,17.0,41.0,294.0,47.0,37.0
2020-07-25 22:00:00+00:00,2855845136.0,0.00204363,19.77642246,257057785.0,1.653414785861969,3.4588900208473206,0.0,0.0,0.0,1.653414785861969,0.0,0.0,0.8110830783843994,0.0,0.0,0.0,0.0,0.0,5.0,103.0,13.0,31.0,85.0,6.0,33.0
2020-07-26 00:00:00+00:00,2833105436.0,0.00203184,19.61895246,252341949.0,0.0,0.0,0.0,0.0,0.0,0.0,0.0,0.807424783706665,0.0,0.0,0.807424783706665,0.0,0.0,0.0,3.0,92.0,13.0,20.0,41.0,16.0,41.0
2020-07-26 02:00:00+00:00,2849077229.0,0.00204027,19.72955542,248047391.0,1.4262028932571411,2.224305748939514,0.0,0.0,0.0,0.0,0.0,0.0,0.0,0.0,0.0,0.0,0.0,0.0,3.0,130.0,19.0,21.0,49.0,9.0,62.0
2020-07-26 04:00:00+00:00,2832239282.0,0.00202958,19.61295444,241897508.0,0.8421969413757324,0.0,0.0,0.0,0.0,0.8421969413757324,0.0,1.5609195828437805,0.0,0.0,0.0,1.5609195828437805,0.0,0.0,11.0,136.0,14.0,20.0,46.0,6.0,88.0
2020-07-26 06:00:00+00:00,2867219162.0,0.00204375,19.85518637,245357442.0,2.4710928201675415,0.0,0.0,0.0,0.0,1.6775497794151306,0.7935430407524109,2.5639522075653076,1.7221017479896545,0.8418504595756531,0.0,0.0,0.0,0.0,8.0,182.0,3.0,20.0,49.0,11.0,75.0
2020-07-26 08:00:00+00:00,2908886667.0,0.00205605,20.14372939,264878966.0,1.6349856853485107,0.9748098254203796,0.8527384400367737,0.0,0.0,0.7822472453117371,0.0,0.0,0.0,0.0,0.0,0.0,0.0,0.0,11.0,151.0,6.0,29.0,83.0,17.0,93.0
2020-07-26 10:00:00+00:00,2843822981.0,0.00197778,19.69317032,288485719.0,0.0,1.8051910996437073,0.0,0.0,0.0,0.0,0.0,0.7197807431221008,0.747351884841919,0.0,0.7197807431221008,0.0,0.0,0.0,6.0,129.0,10.0,23.0,271.0,17.0,109.0
2020-07-26 12:00:00+00:00,2810934626.0,0.00197284,19.46542197,292312880.0,1.6707520484924316,2.4119263291358948,0.0,0.0,0.0,1.6707520484924316,0.0,0.0,1.887069046497345,0.0,0.0,0.0,0.0,0.0,13.0,217.0,8.0,28.0,85.0,11.0,118.0
2020-07-26 14:00:00+00:00,2809658169.0,0.00195727,19.45658265,293903544.0,1.5876548290252686,1.736055314540863,0.0,0.8531513214111328,0.0,0.0,0.7345035076141357,0.0,0.0,0.0,0.0,0.0,0.0,0.0,8.0,177.0,11.0,26.0,60.0,32.0,154.0
2020-07-26 16:00:00+00:00,2810598939.0,0.00196782,19.46309738,286169097.0,1.6637566685676575,0.0,0.0,0.0,0.0,0.9077377319335938,0.7560189366340637,0.0,0.8113753795623779,0.0,0.0,0.0,0.0,0.0,4.0,182.0,5.0,34.0,67.0,12.0,112.0
2020-07-26 18:00:00+00:00,2806600184.0,0.00197216,19.43540642,281666857.0,0.7444391250610352,0.0,0.0,0.0,0.0,0.7444391250610352,0.0,1.518548309803009,0.0,0.0,0.7485387325286865,0.7700095772743225,0.0,0.0,11.0,176.0,17.0,26.0,65.0,8.0,84.0
2020-07-26 20:00:00+00:00,2817524128.0,0.0019729,19.51105357,270024299.0,0.0,0.0,0.0,0.0,0.0,0.0,0.0,0.0,0.7410483360290527,0.0,0.0,0.0,0.0,0.0,3.0,119.0,1.0,30.0,78.0,22.0,66.0
2020-07-26 22:00:00+00:00,2818964003.0,0.00197079,19.52102455,248581857.0,0.0,0.0,0.0,0.0,0.0,0.0,0.0,0.0,0.0,0.0,0.0,0.0,0.0,0.0,1.0,80.0,3.0,27.0,91.0,14.0,51.0
2020-07-27 00:00:00+00:00,2805739950.0,0.00193719,19.4294494,263002618.0,0.7202393412590027,0.0,0.0,0.7202393412590027,0.0,0.0,0.0,0.0,0.9623424410820007,0.0,0.0,0.0,0.0,0.0,6.0,97.0,7.0,48.0,130.0,10.0,27.0
2020-07-27 02:00:00+00:00,2772227013.0,0.0018746,19.19737588,272545345.0,2.4314002990722656,1.742548644542694,0.0,0.0,0.7346595525741577,0.8845683932304382,0.0,0.0,0.0,0.0,0.0,0.0,0.0,0.0,5.0,145.0,3.0,29.0,129.0,20.0,29.0
2020-07-27 04:00:00+00:00,2768643815.0,0.0018653,19.17256263,277012698.0,1.5298950672149658,0.0,0.0,0.0,0.0,1.5298950672149658,0.0,1.602899968624115,1.6440221667289734,0.0,0.0,0.7034449577331543,0.0,0.0,7.0,186.0,15.0,37.0,122.0,14.0,30.0
2020-07-27 06:00:00+00:00,2776840947.0,0.00188758,19.22932689,278074645.0,0.0,0.0,0.0,0.0,0.0,0.0,0.0,0.0,1.67575603723526,0.0,0.0,0.0,0.0,0.0,1.0,140.0,22.0,22.0,71.0,12.0,48.0
2020-07-27 08:00:00+00:00,2798276118.0,0.00189502,19.37776315,260876256.0,1.455235481262207,0.7204806208610535,0.0,0.0,0.0,0.7347548604011536,0.0,0.0,0.0,0.0,0.0,0.0,0.0,0.0,6.0,165.0,8.0,17.0,91.0,8.0,54.0
2020-07-27 10:00:00+00:00,2790053342.0,0.00188633,19.32082131,234555294.0,1.5717642307281494,6.149941623210907,0.0,0.0,0.0,0.0,1.5717642307281494,0.0,0.7148439884185791,0.0,0.0,0.0,0.0,0.0,7.0,191.0,7.0,17.0,71.0,14.0,47.0
2020-07-27 12:00:00+00:00,2759383421.0,0.00184792,19.10843539,231083404.0,0.0,0.7272162437438965,0.0,0.0,0.0,0.0,0.0,0.0,0.0,0.0,0.0,0.0,0.0,0.0,4.0,198.0,19.0,47.0,268.0,41.0,45.0
2020-07-27 14:00:00+00:00,2709289099.0,0.0018184,18.76153756,252691832.0,0.7677063941955566,2.3771079778671265,0.0,0.0,0.0,0.7677063941955566,0.0,0.0,0.750226616859436,0.0,0.0,0.0,0.0,0.0,11.0,201.0,10.0,36.0,164.0,20.0,52.0
2020-07-27 16:00:00+00:00,2802859541.0,0.00179804,19.40950287,282378002.0,2.346342444419861,1.6032853722572327,0.0,0.0,0.0,1.4839006066322327,0.8624418377876282,0.0,3.1553561687469482,0.0,0.0,0.0,0.0,0.0,9.0,207.0,14.0,48.0,323.0,47.0,45.0
2020-07-27 18:00:00+00:00,2822120416.0,0.001817253474767932,19.5428823709,296760271.0,1.5590676665306091,0.7055466175079346,0.0,0.7138005495071411,0.0,0.845267117023468,0.0,1.5692036151885986,0.9086263179779053,0.7401317358016968,0.0,0.0,0.8290718793869019,0.0,17.0,185.0,11.0,38.0,91.0,14.0,51.0
2020-07-27 20:00:00+00:00,2830174727.0,0.00177798,19.59865762,303552921.0,2.370206117630005,1.6643361449241638,0.0,0.0,0.0,2.370206117630005,0.0,0.0,0.0,0.0,0.0,0.0,0.0,0.0,9.0,145.0,15.0,41.0,187.0,34.0,34.0
2020-07-27 22:00:00+00:00,2833304045.0,0.00178515,19.62032781,325386899.0,0.0,0.0,0.0,0.0,0.0,0.0,0.0,0.0,0.0,0.0,0.0,0.0,0.0,0.0,4.0,129.0,23.0,45.0,1730.0,148.0,34.0
2020-07-28 00:00:00+00:00,2954112118.0,0.00183148,20.45691081,338509020.0,0.0,0.0,0.0,0.0,0.0,0.0,0.0,0.7774628400802612,0.0,0.0,0.0,0.7774628400802612,0.0,0.0,5.0,134.0,18.0,39.0,130.0,23.0,18.0
2020-07-28 02:00:00+00:00,2900550674.0,0.00183503,20.08600353,325116424.0,0.9420695304870605,2.3914953470230103,0.0,0.0,0.0,0.0,0.9420695304870605,0.0,0.0,0.0,0.0,0.0,0.0,0.0,5.0,201.0,13.0,30.0,70.0,19.0,33.0
2020-07-28 04:00:00+00:00,2893337854.0,0.00184031,20.03605552,320189676.0,1.4510588645935059,0.8417794704437256,0.0,0.0,0.0,1.4510588645935059,0.0,0.0,0.9380878210067749,0.0,0.0,0.0,0.0,0.0,2.0,219.0,10.0,15.0,75.0,13.0,40.0
2020-07-28 06:00:00+00:00,2903575146.0,0.00184846,20.10694767,321132446.0,0.0,1.7340470552444458,0.0,0.0,0.0,0.0,0.0,0.0,2.9584884643554688,0.0,0.0,0.0,0.0,0.0,1.0,232.0,3.0,14.0,69.0,11.0,48.0
2020-07-28 08:00:00+00:00,2842759668.0,0.00182813,19.68580699,317438795.0,0.0,0.0,0.0,0.0,0.0,0.0,0.0,0.0,0.0,0.0,0.0,0.0,0.0,0.0,3.0,181.0,8.0,19.0,102.0,15.0,55.0
2020-07-28 10:00:00+00:00,2874697652.0,0.00181714,19.90697411,322572906.0,0.7431665062904358,0.0,0.0,0.0,0.0,0.7431665062904358,0.0,0.0,0.8817849159240723,0.0,0.0,0.0,0.0,0.0,3.0,235.0,2.0,16.0,126.0,52.0,59.0
2020-07-28 12:00:00+00:00,2864736217.0,0.00180875,19.83799224,321080874.0,0.0,0.0,0.0,0.0,0.0,0.0,0.0,0.0,0.0,0.0,0.0,0.0,0.0,0.0,2.0,262.0,11.0,29.0,69.0,42.0,68.0
2020-07-28 14:00:00+00:00,2941591963.0,0.00182785,20.37021007,304627828.0,0.7197953462600708,1.6392722129821777,0.0,0.0,0.0,0.7197953462600708,0.0,0.0,0.0,0.0,0.0,0.0,0.0,0.0,9.0,291.0,22.0,36.0,117.0,22.0,73.0
2020-07-28 16:00:00+00:00,2912226106.0,0.00183959,20.16685465,284697810.0,0.9131518006324768,0.7198914289474487,0.0,0.0,0.0,0.9131518006324768,0.0,0.0,0.8092353343963623,0.0,0.0,0.0,0.0,0.0,8.0,223.0,17.0,36.0,149.0,26.0,56.0
2020-07-28 18:00:00+00:00,2940847236.0,0.00185454,20.36505292,288044048.0,1.5601356029510498,1.6140625476837158,0.7044404745101929,0.0,0.0,0.8556951284408569,0.0,0.0,0.0,0.0,0.0,0.0,0.0,0.0,9.0,226.0,1.0,19.0,78.0,20.0,45.0
2020-07-28 20:00:00+00:00,2942842736.0,0.00185201,20.37887154,288358549.0,0.0,0.0,0.0,0.0,0.0,0.0,0.0,0.8046759366989136,0.0,0.8046759366989136,0.0,0.0,0.0,0.0,11.0,205.0,48.0,40.0,105.0,14.0,40.0
2020-07-28 22:00:00+00:00,2913192575.0,0.00184861,20.17354734,284409544.0,0.0,0.0,0.0,0.0,0.0,0.0,0.0,0.0,0.0,0.0,0.0,0.0,0.0,0.0,5.0,163.0,13.0,34.0,173.0,27.0,46.0
2020-07-29 00:00:00+00:00,2908962520.0,0.00185017,20.14425467,269932974.0,0.0,0.0,0.0,0.0,0.0,0.0,0.0,0.0,0.0,0.0,0.0,0.0,0.0,0.0,4.0,187.0,18.0,13.0,104.0,14.0,18.0
2020-07-29 02:00:00+00:00,2911061168.0,0.00183846,20.15878758,263414114.0,0.7419589757919312,0.8221948146820068,0.0,0.0,0.0,0.7419589757919312,0.0,0.0,0.0,0.0,0.0,0.0,0.0,0.0,3.0,245.0,7.0,17.0,48.0,18.0,27.0
2020-07-29 04:00:00+00:00,2897357427.0,0.00183013,20.06389064,257075872.0,0.0,0.0,0.0,0.0,0.0,0.0,0.0,0.0,0.0,0.0,0.0,0.0,0.0,0.0,9.0,196.0,17.0,22.0,60.0,9.0,26.0
2020-07-29 06:00:00+00:00,2904722592.0,0.00182466,20.11489362,252906014.0,2.5197598338127136,1.4728633761405945,0.0,0.0,0.0,2.5197598338127136,0.0,0.0,0.8185454607009888,0.0,0.0,0.0,0.0,0.0,4.0,200.0,14.0,21.0,53.0,15.0,25.0
2020-07-29 08:00:00+00:00,2894146273.0,0.00181448,20.04165374,247695556.0,1.6391367316246033,0.7027315497398376,0.0,0.0,0.0,1.6391367316246033,0.0,0.0,0.0,0.0,0.0,0.0,0.0,0.0,3.0,185.0,7.0,20.0,53.0,7.0,31.0
2020-07-29 10:00:00+00:00,2909920456.0,0.00181831,20.15088827,240304073.0,0.0,0.7798656821250916,0.0,0.0,0.0,0.0,0.0,0.8465523719787598,1.4621577858924866,0.0,0.0,0.0,0.0,0.8465523719787598,3.0,146.0,13.0,34.0,54.0,13.0,46.0
2020-07-29 12:00:00+00:00,2894128160.0,0.00180907,20.04152831,235459976.0,1.6793342232704163,1.7977679371833801,0.8375270366668701,0.0,0.0,0.8418071866035461,0.0,0.7000425457954407,0.0,0.0,0.0,0.0,0.0,0.7000425457954407,7.0,254.0,7.0,30.0,57.0,11.0,47.0
2020-07-29 14:00:00+00:00,2886957712.0,0.00179195,19.99187372,231308672.0,2.4276856780052185,1.7306635975837708,0.0,0.0,0.0,2.4276856780052185,0.0,0.0,0.0,0.0,0.0,0.0,0.0,0.0,4.0,227.0,12.0,30.0,83.0,24.0,47.0
2020-07-29 16:00:00+00:00,2880545436.0,0.00178243,19.94746939,225993704.0,0.0,0.8883460760116577,0.0,0.0,0.0,0.0,0.0,0.0,3.022269129753113,0.0,0.0,0.0,0.0,0.0,1.0,180.0,18.0,26.0,75.0,12.0,23.0
2020-07-29 18:00:00+00:00,2893291696.0,0.00179051,20.03573588,215112718.0,3.174046814441681,0.0,0.0,0.0,0.0,3.174046814441681,0.0,0.9229937791824341,0.0,0.0,0.0,0.0,0.9229937791824341,0.0,11.0,160.0,15.0,45.0,70.0,18.0,32.0
2020-07-29 20:00:00+00:00,2898688995.0,0.00177569,20.07311161,210035589.0,1.5672858953475952,0.0,0.0,0.0,0.0,0.777876079082489,0.7894098162651062,0.0,0.0,0.0,0.0,0.0,0.0,0.0,3.0,171.0,25.0,42.0,111.0,9.0,27.0
2020-07-29 22:00:00+00:00,2873053585.0,0.00179232,19.89558913,204440432.0,0.0,0.0,0.0,0.0,0.0,0.0,0.0,0.8290656208992004,0.0,0.0,0.8290656208992004,0.0,0.0,0.0,5.0,124.0,26.0,41.0,174.0,25.0,28.0
2020-07-30 00:00:00+00:00,2864771648.0,0.00179222,19.8382376,206673304.0,0.7920162081718445,0.0,0.0,0.0,0.0,0.7920162081718445,0.0,0.0,0.0,0.0,0.0,0.0,0.0,0.0,3.0,109.0,3.0,16.0,64.0,15.0,16.0
2020-07-30 02:00:00+00:00,2861129154.0,0.00180024,19.81301372,206382042.0,1.6976503133773804,0.0,0.0,0.0,0.0,1.6976503133773804,0.0,0.7403973937034607,0.0,0.0,0.7403973937034607,0.0,0.0,0.0,6.0,153.0,6.0,17.0,58.0,17.0,17.0
2020-07-30 04:00:00+00:00,2871987765.0,0.00180799,19.88820844,207672904.0,0.0,0.0,0.0,0.0,0.0,0.0,0.0,0.0,0.0,0.0,0.0,0.0,0.0,0.0,2.0,178.0,2.0,19.0,51.0,17.0,40.0
2020-07-30 06:00:00+00:00,2856454123.0,0.001811197187508422,19.7806396236,202195037.0,0.7580296397209167,0.0,0.0,0.0,0.0,0.7580296397209167,0.0,0.851865828037262,0.0,0.0,0.0,0.851865828037262,0.0,0.0,4.0,216.0,4.0,19.0,91.0,8.0,43.0
2020-07-30 08:00:00+00:00,2862404934.0,0.00180648,19.82184836,195828505.0,0.7296931147575378,0.8417794704437256,0.0,0.0,0.0,0.7296931147575378,0.0,0.8160179257392883,0.0,0.0,0.0,0.0,0.8160179257392883,0.0,5.0,193.0,7.0,20.0,85.0,12.0,33.0
2020-07-30 10:00:00+00:00,2848910197.0,0.00180485,19.72839875,194629918.0,6.03012353181839,0.0,0.0,0.0,0.0,6.03012353181839,0.0,0.0,0.0,0.0,0.0,0.0,0.0,0.0,13.0,229.0,9.0,15.0,76.0,16.0,42.0
2020-07-30 12:00:00+00:00,2856239847.0,0.00179476,19.77915579,197521586.0,1.6671668887138367,0.0,0.0,0.0,0.0,1.6671668887138367,0.0,0.0,0.7908509969711304,0.0,0.0,0.0,0.0,0.0,8.0,215.0,2.0,24.0,115.0,13.0,44.0
2020-07-30 14:00:00+00:00,2848692108.0,0.00179316,19.7268885,191120147.0,1.6802361607551575,0.0,0.0,0.0,0.0,1.6802361607551575,0.0,0.0,0.0,0.0,0.0,0.0,0.0,0.0,7.0,204.0,7.0,39.0,68.0,12.0,52.0
2020-07-30 16:00:00+00:00,2840973919.0,0.00178281,19.67344087,188672282.0,3.262597918510437,0.8663914203643799,0.0,0.0,0.0,2.396206498146057,0.0,0.0,0.9307308793067932,0.0,0.0,0.0,0.0,0.0,10.0,200.0,9.0,23.0,72.0,18.0,55.0
2020-07-30 18:00:00+00:00,2880388812.0,0.00179528,19.94638479,194915711.0,0.0,1.4761778116226196,0.0,0.0,0.0,0.0,0.0,0.7029196619987488,2.5848339796066284,0.7029196619987488,0.0,0.0,0.0,0.0,5.0,189.0,10.0,18.0,149.0,26.0,43.0
2020-07-30 20:00:00+00:00,2881577890.0,0.001799228883538882,19.9546190317,203318502.0,0.0,0.0,0.0,0.0,0.0,0.0,0.0,0.972561776638031,0.8327468633651733,0.0,0.0,0.0,0.972561776638031,0.0,7.0,172.0,12.0,32.0,204.0,16.0,34.0
2020-07-30 22:00:00+00:00,2889970345.0,0.00179919,20.01273589,200436410.0,0.0,0.0,0.0,0.0,0.0,0.0,0.0,0.797020435333252,0.797020435333252,0.0,0.0,0.0,0.0,0.0,3.0,164.0,5.0,17.0,90.0,13.0,43.0
2020-07-31 00:00:00+00:00,2910778047.0,0.0018304,20.15682699,201295056.0,0.0,0.0,0.0,0.0,0.0,0.0,0.0,0.0,0.7752912044525146,0.0,0.0,0.0,0.0,0.0,0.0,177.0,2.0,11.0,56.0,13.0,18.0
2020-07-31 02:00:00+00:00,2887373074.0,0.00181961,19.99475006,195746808.0,0.8082964420318604,0.0,0.0,0.0,0.0,0.8082964420318604,0.0,0.0,0.0,0.0,0.0,0.0,0.0,0.0,2.0,141.0,8.0,21.0,41.0,9.0,36.0
2020-07-31 04:00:00+00:00,2967052332.0,0.0018603990912853417,20.5465204101,218249110.0,0.0,0.7207739353179932,0.0,0.0,0.0,0.0,0.0,0.0,0.0,0.0,0.0,0.0,0.0,0.0,2.0,128.0,12.0,21.0,49.0,7.0,29.0
2020-07-31 06:00:00+00:00,2975869591.0,0.00184952,20.60757899,223086821.0,0.7813593149185181,0.0,0.0,0.0,0.0,0.0,0.7813593149185181,0.7701947093009949,0.0,0.0,0.7701947093009949,0.0,0.0,0.0,6.0,173.0,11.0,20.0,77.0,8.0,43.0
2020-07-31 08:00:00+00:00,2979732620.0,0.00185697,20.63433005,224774716.0,0.7101520299911499,0.0,0.0,0.0,0.0,0.0,0.7101520299911499,0.0,0.0,0.0,0.0,0.0,0.0,0.0,6.0,155.0,5.0,21.0,89.0,17.0,46.0
2020-07-31 10:00:00+00:00,2972455869.0,0.001837911259749935,20.583939324,233214538.0,4.5970577001571655,1.5639152526855469,0.0,0.0,0.0,1.5609794855117798,1.4721629619598389,0.0,0.0,0.0,0.0,0.0,0.0,0.0,7.0,193.0,2.0,22.0,53.0,14.0,42.0
2020-07-31 12:00:00+00:00,2980731410.0,0.00185298,20.64124656,233214504.0,0.7370479702949524,0.8417794704437256,0.0,0.0,0.0,0.7370479702949524,0.0,0.0,0.0,0.0,0.0,0.0,0.0,0.0,6.0,253.0,3.0,36.0,71.0,25.0,51.0
2020-07-31 14:00:00+00:00,2946597186.0,0.00180176,20.40487071,238397999.0,4.9632110595703125,0.0,0.0,0.0,0.0,4.9632110595703125,0.0,1.5091903805732727,1.630457580089569,0.0,0.0,0.7169437408447266,0.0,0.0,14.0,192.0,16.0,31.0,105.0,33.0,72.0
2020-07-31 16:00:00+00:00,2968982254.0,0.00182232,20.55988491,244810987.0,59.295657217502594,0.753999650478363,0.0,0.0,0.0,58.54165756702423,0.0,0.72514408826828,0.0,0.0,0.0,0.72514408826828,0.0,0.0,155.0,169.0,16.0,31.0,181.0,32.0,39.0
2020-07-31 18:00:00+00:00,2956597287.0,0.00181152,20.47412034,236975939.0,34.830172300338745,0.8694984912872314,0.7031295895576477,0.0,0.0,32.40459257364273,0.8529516458511353,0.0,0.7630293369293213,0.0,0.0,0.0,0.0,0.0,111.0,105.0,10.0,30.0,51.0,20.0,43.0
2020-07-31 20:00:00+00:00,2968977427.0,0.00180424,20.55985149,234877929.0,15.428973615169525,2.2504395842552185,0.0,0.0,0.0,14.686315894126892,0.0,0.7523815631866455,0.0,0.7523815631866455,0.0,0.0,0.0,0.0,49.0,61.0,15.0,44.0,216.0,19.0,39.0
2020-07-31 22:00:00+00:00,2984615923.0,0.00182525,20.6681464,229781080.0,10.87764847278595,0.0,0.0,0.0,0.7118102312088013,10.165838241577148,0.0,0.7034449577331543,0.0,0.0,0.0,0.7034449577331543,0.0,0.0,47.0,43.0,8.0,33.0,103.0,16.0,29.0
2020-08-01 00:00:00+00:00,2988679082.0,0.0018365546130742027,20.6962833379,227169358.0,17.856914937496185,0.7702609896659851,0.0,0.0,0.0,17.856914937496185,0.0,0.0,0.0,0.0,0.0,0.0,0.0,0.0,53.0,103.0,7.0,22.0,31.0,19.0,14.0
2020-08-01 02:00:00+00:00,2992376896.0,0.00182472,20.7218903,233893820.0,16.03467947244644,0.0,0.0,0.0,0.0,16.03467947244644,0.0,0.0,0.9826862812042236,0.0,0.0,0.0,0.0,0.0,38.0,177.0,6.0,15.0,45.0,14.0,17.0
2020-08-01 04:00:00+00:00,3024467500.0,0.00181043,20.94411431,223867519.0,26.970819175243378,2.5194679498672485,0.0,0.0,0.0,26.970819175243378,0.0,0.0,0.0,0.0,0.0,0.0,0.0,0.0,60.0,153.0,6.0,22.0,67.0,7.0,28.0
2020-08-01 06:00:00+00:00,3036005893.0,0.00180596,21.02401645,232280677.0,18.533119201660156,0.8160849809646606,0.0,0.0,0.0,18.533119201660156,0.0,0.0,1.594604730606079,0.0,0.0,0.0,0.0,0.0,46.0,217.0,16.0,21.0,139.0,9.0,48.0
2020-08-01 08:00:00+00:00,3043878465.0,0.001810658497244962,21.0785331679,234742312.0,13.794390678405762,0.0,0.0,0.0,0.0,13.794390678405762,0.0,0.0,0.0,0.0,0.0,0.0,0.0,0.0,30.0,165.0,14.0,32.0,69.0,11.0,43.0
2020-08-01 10:00:00+00:00,3023649449.0,0.00179898,20.9384494,232665019.0,13.442715048789978,0.9511989951133728,0.0,0.0,0.0,12.71970933675766,0.7230057120323181,0.8102957606315613,0.0,0.0,0.0,0.0,0.0,0.8102957606315613,35.0,202.0,10.0,20.0,48.0,14.0,39.0
2020-08-01 12:00:00+00:00,2983148774.0,0.00179004,20.65798655,236157892.0,7.122301280498505,0.0,0.0,0.0,0.0,7.122301280498505,0.0,0.7647930383682251,0.8574487566947937,0.0,0.0,0.0,0.7647930383682251,0.0,31.0,209.0,11.0,35.0,46.0,31.0,41.0
2020-08-01 14:00:00+00:00,3012132232.0,0.001798,20.8586939,236899019.0,10.758579730987549,0.7551774382591248,0.0,0.0,0.0,10.003402292728424,0.0,0.9395518898963928,0.0,0.0,0.9395518898963928,0.0,0.0,0.0,31.0,159.0,14.0,34.0,63.0,23.0,67.0
2020-08-01 16:00:00+00:00,3036377469.0,0.00180421,21.02658957,240718708.0,13.771222412586212,0.0,0.0,0.0,0.9123917818069458,12.858830630779266,0.0,0.8535321354866028,0.0,0.0,0.0,0.8535321354866028,0.0,0.0,42.0,189.0,22.0,35.0,92.0,34.0,45.0
2020-08-01 18:00:00+00:00,3060422564.0,0.00180679,21.19309929,249408556.0,7.5862234234809875,0.0,0.0,0.0,0.0,6.655876338481903,0.9303470849990845,1.9306708574295044,0.701346755027771,0.9688600301742554,0.0,0.0,0.961810827255249,0.0,27.0,179.0,16.0,53.0,113.0,21.0,30.0
2020-08-01 20:00:00+00:00,3095025176.0,0.00182807,21.43271868,266060069.0,3.9572898149490356,0.0,0.0,0.0,0.7687380909919739,3.1885517239570618,0.0,0.0,0.0,0.0,0.0,0.0,0.0,0.0,14.0,180.0,29.0,44.0,232.0,37.0,48.0
2020-08-01 22:00:00+00:00,3109135453.0,0.00183088,21.53043084,264604008.0,4.380641281604767,1.6644979119300842,0.0,0.0,0.0,4.380641281604767,0.0,0.0,0.0,0.0,0.0,0.0,0.0,0.0,10.0,117.0,19.0,36.0,158.0,24.0,45.0
2020-08-02 00:00:00+00:00,3158447306.0,0.00184301,21.87191016,272278298.0,2.485102117061615,0.0,0.0,0.0,0.0,2.485102117061615,0.0,0.0,0.0,0.0,0.0,0.0,0.0,0.0,9.0,139.0,9.0,37.0,97.0,20.0,16.0
2020-08-02 02:00:00+00:00,3170762291.0,0.00184257,21.95719011,284067952.0,7.465428948402405,0.0,0.0,0.0,0.0,6.622844099998474,0.8425848484039307,0.0,1.7347913980484009,0.0,0.0,0.0,0.0,0.0,21.0,191.0,25.0,36.0,73.0,8.0,30.0
2020-08-02 04:00:00+00:00,2994354048.0,0.0018391378251252598,20.7355818759,330701985.0,8.167876958847046,0.0,0.0,0.0,0.0,8.167876958847046,0.0,0.0,0.7236616015434265,0.0,0.0,0.0,0.0,0.0,21.0,191.0,23.0,81.0,352.0,33.0,36.0
2020-08-02 06:00:00+00:00,3019114563.0,0.00184635,20.9070458,330316907.0,4.576858699321747,0.0,0.0,0.0,0.0,4.576858699321747,0.0,0.0,0.0,0.0,0.0,0.0,0.0,0.0,16.0,180.0,17.0,36.0,72.0,13.0,53.0
2020-08-02 08:00:00+00:00,3004065209.0,0.00184568,20.80283062,334580294.0,5.096035718917847,0.8446170091629028,0.0,0.0,0.0,5.096035718917847,0.0,0.8255910277366638,0.8255910277366638,0.0,0.0,0.0,0.0,0.0,17.0,154.0,5.0,35.0,37.0,12.0,56.0
2020-08-02 10:00:00+00:00,2910069490.0,0.00182039,20.15192031,328041509.0,5.037440121173859,0.9338955879211426,0.0,0.9251912236213684,0.0,2.522965967655182,1.5892829298973083,0.8028981685638428,1.8686954379081726,0.0,0.0,0.0,0.0,0.8028981685638428,14.0,174.0,11.0,21.0,337.0,79.0,58.0
2020-08-02 12:00:00+00:00,2937524389.0,0.0018341113518262067,20.3420425541,327073804.0,3.2655490040779114,0.0,0.0,0.0,0.0,3.2655490040779114,0.0,0.0,0.0,0.0,0.0,0.0,0.0,0.0,15.0,158.0,6.0,28.0,76.0,10.0,45.0
2020-08-02 14:00:00+00:00,2944038484.0,0.00183946,20.38715197,324493065.0,3.177367150783539,0.7680515050888062,0.0,0.0,0.0,3.177367150783539,0.0,0.0,0.0,0.0,0.0,0.0,0.0,0.0,11.0,131.0,19.0,30.0,41.0,20.0,74.0
2020-08-02 16:00:00+00:00,3012416966.0,0.00185411,20.86066565,323674778.0,2.4698545336723328,1.4885594248771667,0.0,0.0,0.0,0.8016933798789978,1.668161153793335,1.6687980890274048,0.9325776696205139,0.0,0.8186990022659302,0.0,0.0,0.8500990867614746,16.0,118.0,5.0,39.0,73.0,23.0,75.0
2020-08-02 18:00:00+00:00,2997388269.0,0.00185767,20.75659353,316539399.0,3.1933842301368713,1.6603708267211914,0.0,0.0,0.0,2.44560843706131,0.7477757930755615,0.0,0.9039201736450195,0.0,0.0,0.0,0.0,0.0,17.0,81.0,11.0,25.0,84.0,10.0,62.0
2020-08-02 20:00:00+00:00,3008568349.0,0.00187547,20.83401439,301743063.0,2.579015374183655,0.0,0.0,0.0,0.0,2.579015374183655,0.0,0.0,0.0,0.0,0.0,0.0,0.0,0.0,8.0,53.0,12.0,24.0,148.0,24.0,32.0
2020-08-02 22:00:00+00:00,3024579087.0,0.00189485,20.94488704,299350525.0,1.5676036477088928,2.5903661251068115,0.0,0.0,0.0,1.5676036477088928,0.0,0.8226277232170105,0.0,0.0,0.0,0.0,0.8226277232170105,0.0,7.0,37.0,27.0,22.0,106.0,13.0,39.0
2020-08-03 00:00:00+00:00,3051341337.0,0.0019008807218120756,21.1302127595,298106399.0,2.47507244348526,0.0,0.0,0.0,0.0,2.47507244348526,0.0,0.0,0.0,0.0,0.0,0.0,0.0,0.0,8.0,105.0,10.0,22.0,64.0,9.0,15.0
2020-08-03 02:00:00+00:00,3026240658.0,0.00188495,20.95639324,282194261.0,1.6874790787696838,0.0,0.0,0.0,0.0,0.8985761404037476,0.7889029383659363,0.0,0.0,0.0,0.0,0.0,0.0,0.0,11.0,90.0,6.0,11.0,43.0,11.0,21.0
2020-08-03 04:00:00+00:00,3051981347.0,0.00189499,21.13464476,219356036.0,2.4059255719184875,0.921241283416748,0.0,0.0,0.0,2.4059255719184875,0.0,0.0,0.0,0.0,0.0,0.0,0.0,0.0,9.0,108.0,15.0,24.0,30.0,7.0,27.0
2020-08-03 06:00:00+00:00,3117877471.0,0.00193155,21.59096838,225208656.0,1.548287034034729,0.840167224407196,0.0,0.0,0.0,0.7011622190475464,0.8471248149871826,0.0,1.4562838077545166,0.0,0.0,0.0,0.0,0.0,10.0,193.0,6.0,19.0,40.0,11.0,39.0
2020-08-03 08:00:00+00:00,3128446226.0,0.00194262,21.66415588,229732386.0,4.058070719242096,1.4310086369514465,0.0,0.0,0.0,1.5513247847557068,2.506745934486389,0.0,0.0,0.0,0.0,0.0,0.0,0.0,13.0,221.0,10.0,20.0,64.0,10.0,32.0
2020-08-03 10:00:00+00:00,3229774119.0,0.00200061,22.36584071,241901699.0,4.6702892780303955,3.995478928089142,2.2277389764785767,0.0,0.0,2.442550301551819,0.0,0.0,2.3730412125587463,0.0,0.0,0.0,0.0,0.0,23.0,255.0,2.0,25.0,64.0,15.0,38.0
2020-08-03 12:00:00+00:00,3211791233.0,0.00198135,22.24131115,249017544.0,6.308642148971558,4.70818293094635,0.0,0.0,0.0,4.824843227863312,0.736589252948761,0.8300527930259705,1.5512858033180237,0.0,0.0,0.0,0.0,0.0,20.0,258.0,11.0,37.0,69.0,11.0,41.0
2020-08-03 14:00:00+00:00,3194842227.0,0.00194922,22.1239411,259887423.0,3.2477627992630005,1.5637127161026,0.0,0.8274080753326416,0.0,2.420354723930359,0.0,0.0,0.7212330102920532,0.0,0.0,0.0,0.0,0.0,17.0,205.0,34.0,38.0,120.0,20.0,44.0
2020-08-03 16:00:00+00:00,3224224762.0,0.00195413,22.32741201,266590689.0,4.649820923805237,1.5894882082939148,0.7285794019699097,0.0,0.0,3.921241521835327,0.0,0.0,0.0,0.0,0.0,0.0,0.0,0.0,26.0,204.0,16.0,38.0,127.0,13.0,45.0
2020-08-03 18:00:00+00:00,3208335572.0,0.0019463,22.21738107,262817623.0,3.091609477996826,0.0,0.0,0.8614721298217773,0.0,2.230137348175049,0.0,0.8336135149002075,0.0,0.0,0.8336135149002075,0.0,0.0,0.0,14.0,203.0,12.0,36.0,90.0,6.0,30.0
2020-08-03 20:00:00+00:00,3161060643.0,0.00193366,21.89000723,259567748.0,0.8470799326896667,0.0,0.0,0.0,0.0,0.8470799326896667,0.0,0.0,0.0,0.0,0.0,0.0,0.0,0.0,5.0,137.0,28.0,52.0,97.0,14.0,32.0
2020-08-03 22:00:00+00:00,3184888210.0,0.00196108,22.05501059,265708949.0,3.3812708258628845,3.4044867157936096,0.0,0.0,0.0,3.3812708258628845,0.0,0.0,0.0,0.0,0.0,0.0,0.0,0.0,12.0,107.0,13.0,39.0,207.0,31.0,27.0
2020-08-04 00:00:00+00:00,3202292675.0,0.00195513,22.17553465,269969144.0,0.8426943421363831,1.4372172355651855,0.0,0.0,0.0,0.8426943421363831,0.0,0.0,0.0,0.0,0.0,0.0,0.0,0.0,6.0,163.0,8.0,28.0,119.0,11.0,19.0
2020-08-04 02:00:00+00:00,3170695000.0,0.00195094,21.95672413,268212122.0,1.8102174997329712,1.572045624256134,0.0,0.8791195154190063,0.0,0.9310979843139648,0.0,0.0,0.7204617261886597,0.0,0.0,0.0,0.0,0.0,8.0,163.0,15.0,33.0,61.0,11.0,31.0
2020-08-04 04:00:00+00:00,3190478993.0,0.00195785,22.09372616,272752850.0,5.223567605018616,2.4942423701286316,0.0,0.0,0.0,5.223567605018616,0.0,0.0,1.5341747403144836,0.0,0.0,0.0,0.0,0.0,9.0,152.0,1.0,32.0,32.0,12.0,25.0
2020-08-04 06:00:00+00:00,3219396683.0,0.00197137,22.29397808,265833352.0,3.2838810086250305,1.5967522263526917,0.0,0.0,0.0,3.2838810086250305,0.0,0.7229313254356384,0.7440027594566345,0.0,0.0,0.0,0.7229313254356384,0.0,8.0,216.0,0.0,24.0,35.0,13.0,41.0
2020-08-04 08:00:00+00:00,3191078223.0,0.00196144,22.09787577,255383515.0,1.820336103439331,0.9110037088394165,0.0,0.0,0.0,0.9093323945999146,0.0,0.0,0.8723597526550293,0.0,0.0,0.0,0.0,0.0,11.0,228.0,4.0,25.0,27.0,7.0,40.0
2020-08-04 10:00:00+00:00,3122602877.0,0.00194114,21.62369131,240667958.0,4.04650753736496,0.8399081230163574,0.0,0.0,0.0,3.2065994143486023,0.0,1.6372830867767334,1.783634901046753,0.0,0.0,0.0,0.716598629951477,0.0,12.0,239.0,7.0,34.0,86.0,14.0,35.0
2020-08-04 12:00:00+00:00,3159742862.0,0.00196381,21.88088174,234310285.0,1.6091116070747375,3.214605689048767,0.0,0.0,0.0,0.8100436329841614,0.0,0.7648845911026001,0.0,0.0,0.0,0.0,0.0,0.7648845911026001,11.0,304.0,6.0,39.0,118.0,8.0,37.0
2020-08-04 14:00:00+00:00,3172575856.0,0.00195914,21.96974885,224709829.0,3.765256106853485,0.0,0.0,0.0,0.0,3.765256106853485,0.0,0.0,0.0,0.0,0.0,0.0,0.0,0.0,12.0,182.0,16.0,34.0,76.0,23.0,49.0
2020-08-04 16:00:00+00:00,3172842538.0,0.00195566,21.9715956,226116044.0,0.7362474799156189,0.0,0.0,0.0,0.0,0.7362474799156189,0.0,0.0,0.8378564715385437,0.0,0.0,0.0,0.0,0.0,11.0,176.0,11.0,47.0,82.0,18.0,50.0
2020-08-04 18:00:00+00:00,3169320163.0,0.00195162,21.94720353,225012703.0,0.0,0.7953423857688904,0.0,0.0,0.0,0.0,0.0,0.846388578414917,0.0,0.0,0.0,0.0,0.846388578414917,0.0,6.0,116.0,17.0,27.0,60.0,19.0,44.0
2020-08-04 20:00:00+00:00,3225276321.0,0.00198615,22.33469394,237130655.0,2.751555860042572,0.0,0.0,0.0,0.0,0.8617573976516724,1.8897984623908997,0.859836995601654,0.0,0.859836995601654,0.0,0.0,0.0,0.0,14.0,104.0,13.0,28.0,83.0,12.0,27.0
2020-08-04 22:00:00+00:00,3217751647.0,0.00198847,22.28258638,241931958.0,1.7205289602279663,0.0,0.773335337638855,0.0,0.0,0.9471936225891113,0.0,0.0,0.0,0.0,0.0,0.0,0.0,0.0,11.0,71.0,13.0,37.0,96.0,14.0,45.0
2020-08-05 00:00:00+00:00,3203468220.0,0.00198301,22.18367517,234607728.0,0.0,0.0,0.0,0.0,0.0,0.0,0.0,0.0,0.0,0.0,0.0,0.0,0.0,0.0,4.0,152.0,11.0,24.0,62.0,13.0,12.0
2020-08-05 02:00:00+00:00,3301202473.0,0.00203211,22.86047444,254799366.0,0.7951117157936096,4.748475790023804,0.0,0.0,0.0,0.7951117157936096,0.0,0.0,0.0,0.0,0.0,0.0,0.0,0.0,8.0,164.0,2.0,33.0,50.0,15.0,15.0
2020-08-05 04:00:00+00:00,3346660372.0,0.00205364,23.17526553,292508141.0,5.094049334526062,2.4797749519348145,1.5995544791221619,0.0,0.0,3.4944948554039,0.0,3.366282343864441,2.446888267993927,0.0,0.0,0.0,3.366282343864441,0.0,18.0,153.0,13.0,13.0,33.0,12.0,12.0
2020-08-05 06:00:00+00:00,3325895412.0,0.00203914,23.0314704,296349085.0,5.45492947101593,2.437398314476013,0.0,0.0,0.0,4.550625264644623,0.9043042063713074,1.7199501991271973,0.0,0.0,0.0,0.8858778476715088,0.8340723514556885,0.0,17.0,192.0,3.0,21.0,43.0,6.0,23.0
2020-08-05 08:00:00+00:00,3401805650.0,0.00206584,23.55714068,314850068.0,10.79939603805542,14.213628947734833,2.3629900217056274,0.0,0.0,8.436406016349792,0.0,0.0,2.593121290206909,0.0,0.0,0.0,0.0,0.0,21.0,181.0,13.0,18.0,31.0,9.0,30.0
2020-08-05 10:00:00+00:00,3389720987.0,0.00205328,23.47345569,323706106.0,14.516044437885284,39.90790694952011,0.0,0.0,0.0,14.516044437885284,0.0,0.9453418254852295,1.8292720317840576,0.0,0.0,0.0,0.0,0.9453418254852295,31.0,205.0,10.0,18.0,62.0,13.0,22.0
2020-08-05 12:00:00+00:00,3359683817.0,0.00200322,23.26545149,337496991.0,16.405211925506592,12.305257797241211,0.0,0.0,0.0,15.589543044567108,0.8156688809394836,1.5290369391441345,1.694269597530365,0.0,0.0,0.0,1.5290369391441345,0.0,26.0,186.0,13.0,24.0,98.0,14.0,32.0
2020-08-05 14:00:00+00:00,3346691819.0,0.00198593,23.1754833,347244744.0,12.9999298453331,21.223727583885193,0.0,0.0,0.0,12.258824706077576,0.7411051392555237,0.703515887260437,2.404461681842804,0.0,0.0,0.0,0.703515887260437,0.0,25.0,178.0,8.0,42.0,94.0,18.0,34.0
2020-08-05 16:00:00+00:00,3377313583.0,0.00200154,23.38753574,349550677.0,6.209025144577026,13.108238220214844,0.0,0.0,0.0,6.209025144577026,0.0,0.0,0.9717196226119995,0.0,0.0,0.0,0.0,0.0,16.0,187.0,19.0,44.0,76.0,13.0,32.0
2020-08-05 18:00:00+00:00,3363944659.0,0.00199526,23.29495737,353574101.0,3.240630805492401,17.255147755146027,0.0,0.7915117144584656,0.0,2.4491190910339355,0.0,2.1394426226615906,0.7704418897628784,0.0,0.0,0.7103089690208435,1.429133653640747,0.0,26.0,146.0,8.0,42.0,39.0,10.0,22.0
2020-08-05 20:00:00+00:00,3356309094.0,0.00197494,23.2420819,345889088.0,4.418382227420807,5.667528033256531,0.0,0.0,0.0,4.418382227420807,0.0,0.0,0.0,0.0,0.0,0.0,0.0,0.0,11.0,104.0,16.0,38.0,99.0,22.0,33.0
2020-08-05 22:00:00+00:00,3369902765.0,0.00198656,23.33621662,344072749.0,10.998932898044586,14.152936398983002,0.0,0.0,0.0,10.101239681243896,0.0,0.0,0.0,0.0,0.0,0.0,0.0,0.0,18.0,97.0,19.0,39.0,475.0,53.0,21.0
2020-08-06 00:00:00+00:00,3329663696.0,0.00197386,23.05756536,340161044.0,4.133359730243683,7.2203768491744995,0.0,0.0,0.0,4.133359730243683,0.0,0.8371696472167969,0.0,0.0,0.0,0.8371696472167969,0.0,0.0,21.0,88.0,13.0,24.0,66.0,12.0,8.0
2020-08-06 02:00:00+00:00,3320357597.0,0.00197037,22.99312162,322293787.0,8.674158155918121,11.032567858695984,0.0,0.0,0.0,8.674158155918121,0.0,0.0,0.9149266481399536,0.0,0.0,0.0,0.0,0.0,30.0,120.0,15.0,14.0,46.0,13.0,14.0
2020-08-06 04:00:00+00:00,3302425196.0,0.0019666,22.86894166,287935944.0,10.750124454498291,16.33829802274704,0.0,0.7027187943458557,0.0,10.047405660152435,0.0,0.724821150302887,0.7167667150497437,0.0,0.0,0.724821150302887,0.0,0.0,33.0,170.0,4.0,19.0,61.0,19.0,27.0
2020-08-06 06:00:00+00:00,3321244750.0,0.00197411,22.99926506,284175802.0,11.789780497550964,10.874665141105652,0.0,0.0,0.0,11.789780497550964,0.0,0.0,0.0,0.0,0.0,0.0,0.0,0.0,28.0,195.0,1.0,26.0,29.0,14.0,40.0
2020-08-06 08:00:00+00:00,3337183537.0,0.001968163649054107,23.1096394559,273755049.0,2.524082124233246,17.81839942932129,0.0,0.0,0.0,2.524082124233246,0.0,0.8938853144645691,1.603155255317688,0.0,0.0,0.0,0.0,0.0,17.0,167.0,11.0,15.0,63.0,16.0,32.0
2020-08-06 10:00:00+00:00,3333622779.0,0.0019715,23.08498159,259042952.0,6.779620289802551,21.655840814113617,0.0,0.0,0.0,6.779620289802551,0.0,0.0,1.6434988379478455,0.0,0.0,0.0,0.0,0.0,14.0,171.0,2.0,17.0,46.0,22.0,36.0
2020-08-06 12:00:00+00:00,3344307629.0,0.00195152,23.15897304,245863106.0,4.404193580150604,15.639529347419739,0.0,0.0,0.0,4.404193580150604,0.0,0.746013879776001,0.8951043486595154,0.0,0.0,0.0,0.0,0.746013879776001,16.0,162.0,23.0,36.0,71.0,36.0,33.0
2020-08-06 14:00:00+00:00,3333986970.0,0.0019491864575850901,23.0875035766,243591265.0,8.663463413715363,8.312195241451263,0.0,0.0,0.0,6.051704168319702,0.0,0.0,1.7534100413322449,0.0,0.0,0.0,0.0,0.0,19.0,158.0,14.0,42.0,88.0,20.0,38.0
2020-08-06 16:00:00+00:00,3323369184.0,0.00193857,23.01397654,240536751.0,6.655346870422363,8.048178136348724,1.4801304340362549,0.0,0.0,5.175216436386108,0.0,0.0,0.0,0.0,0.0,0.0,0.0,0.0,15.0,170.0,13.0,67.0,72.0,21.0,35.0
2020-08-06 18:00:00+00:00,3313566817.0,0.00193378,22.9460962,245305619.0,5.305604517459869,13.412685930728912,0.0,0.0,0.0,1.8590605854988098,2.490675628185272,0.7946507930755615,2.1917689442634583,0.0,0.7946507930755615,0.0,0.0,0.0,9.0,120.0,1.0,60.0,70.0,12.0,32.0
2020-08-06 20:00:00+00:00,3291363085.0,0.00193813,22.79233773,248641849.0,3.925010919570923,5.797999739646912,0.0,0.0,0.0,3.925010919570923,0.0,0.7403120398521423,0.0,0.0,0.0,0.0,0.0,0.7403120398521423,11.0,96.0,11.0,47.0,98.0,25.0,36.0
2020-08-06 22:00:00+00:00,3281117993.0,0.0019289918912720233,22.7213915589,246716529.0,3.5046963691711426,5.809530198574066,0.0,0.0,0.0,1.7495009303092957,0.0,0.0,0.0,0.0,0.0,0.0,0.0,0.0,14.0,54.0,16.0,28.0,89.0,11.0,31.0
2020-08-07 00:00:00+00:00,3284952847.0,0.00192166,22.74794751,244625835.0,7.132467806339264,9.68125432729721,0.0,0.0,0.0,7.132467806339264,0.0,0.0,4.024065017700195,0.0,0.0,0.0,0.0,0.0,12.0,79.0,11.0,23.0,35.0,22.0,16.0
2020-08-07 02:00:00+00:00,3297249800.0,0.00192668,22.83310259,245128168.0,9.26257610321045,1.5287041664123535,0.0,0.0,0.0,9.26257610321045,0.0,0.0,1.4987027645111084,0.0,0.0,0.0,0.0,0.0,18.0,153.0,9.0,26.0,94.0,14.0,14.0
2020-08-07 04:00:00+00:00,3270465685.0,0.00192121,22.64762546,239601958.0,1.7433444261550903,4.792576789855957,0.0,0.0,0.0,0.8589019179344177,0.8844425082206726,0.0,0.7510716319084167,0.0,0.0,0.0,0.0,0.0,7.0,166.0,7.0,24.0,47.0,11.0,21.0
2020-08-07 06:00:00+00:00,3274685324.0,0.00192254758755763,22.6768460103,239856764.0,7.864327132701874,4.657097518444061,0.0,0.0,0.0,7.864327132701874,0.0,0.0,3.9968748092651367,0.0,0.0,0.0,0.0,0.0,12.0,317.0,10.0,25.0,43.0,7.0,53.0
2020-08-07 08:00:00+00:00,3293779300.0,0.0019334350426437636,22.8090697571,256067379.0,8.581227242946625,8.212880551815033,0.0,0.0,0.0,7.741594433784485,0.8396328091621399,0.8212248086929321,0.0,0.0,0.8212248086929321,0.0,0.0,0.0,17.0,231.0,6.0,26.0,77.0,19.0,35.0
2020-08-07 10:00:00+00:00,3286173073.0,0.00193558,22.75639745,272455711.0,3.5649457573890686,0.7922992706298828,0.0,0.0,0.0,3.5649457573890686,0.0,0.0,0.7642340660095215,0.0,0.0,0.0,0.0,0.0,7.0,218.0,8.0,18.0,32.0,19.0,62.0
2020-08-07 12:00:00+00:00,3284612332.0,0.00193675,22.74558948,293453737.0,3.242834210395813,5.693452060222626,0.0,0.0,0.0,2.4747356176376343,0.0,0.0,0.0,0.0,0.0,0.0,0.0,0.0,11.0,238.0,16.0,36.0,59.0,24.0,56.0
2020-08-07 14:00:00+00:00,3271285110.0,0.00194334,22.65329989,299588507.0,8.616709351539612,12.578100621700287,0.0,0.0,0.0,8.616709351539612,0.0,0.0,0.0,0.0,0.0,0.0,0.0,0.0,18.0,113.0,7.0,28.0,154.0,26.0,70.0
2020-08-07 16:00:00+00:00,3182533861.0,0.0019076,22.03870697,321824850.0,3.326262950897217,7.899941682815552,0.0,0.0,0.0,0.8721516728401184,0.9573377370834351,0.0,2.627072334289551,0.0,0.0,0.0,0.0,0.0,14.0,143.0,16.0,38.0,64.0,21.0,44.0
2020-08-07 18:00:00+00:00,3167727960.0,0.00190612,21.93617769,329119719.0,1.594700574874878,6.523289799690247,0.0,0.0,0.0,0.8072632551193237,0.7874373197555542,0.0,0.0,0.0,0.0,0.0,0.0,0.0,5.0,90.0,13.0,21.0,64.0,31.0,43.0
2020-08-07 20:00:00+00:00,3213298905.0,0.00191695,22.25175162,325890159.0,0.0,0.8400536179542542,0.0,0.0,0.0,0.0,0.0,0.0,0.0,0.0,0.0,0.0,0.0,0.0,3.0,81.0,11.0,29.0,116.0,29.0,41.0
2020-08-07 22:00:00+00:00,3221933538.0,0.00192316,22.31154553,326409994.0,0.8418753743171692,2.508732855319977,0.0,0.0,0.0,0.0,0.0,0.0,0.0,0.0,0.0,0.0,0.0,0.0,5.0,105.0,17.0,26.0,89.0,23.0,42.0
2020-08-08 00:00:00+00:00,3196727609.0,0.00190293,22.13699716,323915938.0,3.3102872371673584,2.493661344051361,0.0,0.0,0.0,3.3102872371673584,0.0,0.8389087319374084,0.8389087319374084,0.0,0.0,0.0,0.0,0.0,6.0,177.0,8.0,24.0,39.0,22.0,18.0
2020-08-08 02:00:00+00:00,3178062898.0,0.00190308,22.00774603,319330475.0,2.6326642632484436,4.966018617153168,0.0,0.0,0.0,2.6326642632484436,0.0,0.7440301179885864,0.0,0.0,0.0,0.0,0.7440301179885864,0.0,6.0,252.0,17.0,10.0,32.0,20.0,21.0
2020-08-08 04:00:00+00:00,3198013446.0,0.00190614,22.14590144,320973783.0,0.0,7.158671259880066,0.0,0.0,0.0,0.0,0.0,0.7487872242927551,0.0,0.7487872242927551,0.0,0.0,0.0,0.0,2.0,138.0,15.0,22.0,31.0,15.0,21.0
2020-08-08 06:00:00+00:00,3196645249.0,0.0019061892041883175,22.1364268316,322203135.0,1.5800654888153076,8.116793096065521,0.0,0.0,0.0,0.0,1.5800654888153076,0.0,0.0,0.0,0.0,0.0,0.0,0.0,4.0,203.0,13.0,33.0,30.0,22.0,47.0
2020-08-08 08:00:00+00:00,3218898912.0,0.0018973741187858838,22.2905310641,310732466.0,1.6049832105636597,10.632347583770752,0.0,0.0,0.0,1.6049832105636597,0.0,0.0,0.7334222197532654,0.0,0.0,0.0,0.0,0.0,6.0,279.0,8.0,13.0,45.0,10.0,44.0
2020-08-08 10:00:00+00:00,3253950312.0,0.0019130087466491038,22.5332582681,296192660.0,2.4798003435134888,8.406228125095367,0.0,0.0,0.0,1.578224778175354,0.9015755653381348,0.0,0.0,0.0,0.0,0.0,0.0,0.0,11.0,206.0,3.0,41.0,45.0,12.0,36.0
2020-08-08 12:00:00+00:00,3257433202.0,0.0019176,22.55737691,271775145.0,3.294864535331726,20.06386089324951,0.0,0.0,0.0,1.6407833695411682,1.6540811657905579,0.0,0.0,0.0,0.0,0.0,0.0,0.0,11.0,182.0,3.0,49.0,48.0,22.0,48.0
2020-08-08 14:00:00+00:00,3273980911.0,0.00192769,22.67196802,261334446.0,4.439656972885132,5.885081470012665,0.0,0.0,0.0,2.6654271483421326,1.7742298245429993,0.0,0.7559840679168701,0.0,0.0,0.0,0.0,0.0,23.0,159.0,24.0,36.0,28.0,14.0,38.0
2020-08-08 16:00:00+00:00,3264281843.0,0.00192848,22.60480301,231577466.0,2.4387943744659424,7.593296766281128,0.0,0.0,0.0,2.4387943744659424,0.0,0.0,1.7240508794784546,0.0,0.0,0.0,0.0,0.0,10.0,116.0,16.0,38.0,60.0,23.0,40.0
2020-08-08 18:00:00+00:00,3264620905.0,0.00192704,22.60715098,222714915.0,5.17075377702713,3.0957104563713074,0.0,0.0,0.0,4.374340295791626,0.7964134812355042,0.0,2.173432946205139,0.0,0.0,0.0,0.0,0.0,6.0,148.0,33.0,45.0,55.0,15.0,42.0
2020-08-08 20:00:00+00:00,3274961271.0,0.00192576,22.67875691,229868131.0,2.5894904732704163,0.7911903262138367,0.0,0.0,0.0,2.5894904732704163,0.0,0.0,1.5760462284088135,0.0,0.0,0.0,0.0,0.0,8.0,94.0,16.0,34.0,40.0,28.0,37.0
2020-08-08 22:00:00+00:00,3303750487.0,0.0019464,22.87811916,236392685.0,2.3345688581466675,9.35187143087387,0.0,0.8067465424537659,0.0,1.5278223156929016,0.0,0.0,0.0,0.0,0.0,0.0,0.0,0.0,7.0,63.0,22.0,23.0,62.0,24.0,28.0
2020-08-09 00:00:00+00:00,3287761869.0,0.0019433,22.76739969,234341181.0,2.5130555033683777,3.280236780643463,0.0,0.0,0.7026498317718506,1.810405671596527,0.0,0.0,0.7230677604675293,0.0,0.0,0.0,0.0,0.0,7.0,97.0,29.0,20.0,37.0,11.0,10.0
2020-08-09 02:00:00+00:00,3302491162.0,0.00194557,22.86939847,240377855.0,2.5582209825515747,1.5751004219055176,0.0,0.0,0.0,2.5582209825515747,0.0,0.0,0.8652579188346863,0.0,0.0,0.0,0.0,0.0,6.0,95.0,5.0,18.0,23.0,13.0,17.0
2020-08-09 04:00:00+00:00,3273453601.0,0.00194081,22.66831646,238883059.0,0.7482056617736816,8.073158502578735,0.0,0.0,0.0,0.0,0.7482056617736816,0.0,0.9458990097045898,0.0,0.0,0.0,0.0,0.0,3.0,84.0,13.0,16.0,26.0,13.0,28.0
2020-08-09 06:00:00+00:00,3284322819.0,0.00194242,22.74358463,236368317.0,2.6522775292396545,4.784000277519226,0.0,0.0,0.0,2.6522775292396545,0.0,0.810238242149353,0.0,0.0,0.0,0.0,0.0,0.810238242149353,9.0,168.0,4.0,15.0,31.0,20.0,39.0
2020-08-09 08:00:00+00:00,3248074041.0,0.00192646,22.49256572,234285274.0,1.8143444657325745,4.055804789066315,0.0,0.0,0.0,0.8721516728401184,0.942192792892456,0.0,0.9509236812591553,0.0,0.0,0.0,0.0,0.0,3.0,167.0,15.0,21.0,50.0,12.0,37.0
2020-08-09 10:00:00+00:00,3259575200.0,0.00192894,22.57221002,233069536.0,1.7886288166046143,4.952759504318237,0.0,0.0,0.0,1.7886288166046143,0.0,0.0,0.749210000038147,0.0,0.0,0.0,0.0,0.0,6.0,142.0,21.0,22.0,31.0,13.0,44.0
2020-08-09 12:00:00+00:00,3236324965.0,0.00192585,22.41120462,231250366.0,3.4249883890151978,8.613874197006226,0.0,0.0,0.0,2.5787203907966614,0.8462679982185364,0.7415579557418823,1.678364872932434,0.0,0.7415579557418823,0.0,0.0,0.0,7.0,176.0,14.0,33.0,40.0,7.0,42.0
2020-08-09 14:00:00+00:00,3220226125.0,0.00192069,22.29972188,229605364.0,1.6815899014472961,2.496092736721039,0.0,0.0,0.0,1.6815899014472961,0.0,1.464021384716034,0.0,0.0,0.0,1.464021384716034,0.0,0.0,12.0,101.0,27.0,20.0,43.0,22.0,52.0
2020-08-09 16:00:00+00:00,3224770573.0,0.00193178,22.33119169,228543515.0,10.052600264549255,4.969787359237671,0.0,0.0,0.9065024256706238,8.338489651679993,0.0,1.7207221388816833,0.0,0.0,0.0,0.0,1.7207221388816833,0.0,23.0,157.0,34.0,39.0,58.0,21.0,61.0
2020-08-09 18:00:00+00:00,3250228268.0,0.00193306,22.50748351,226362269.0,7.8309202790260315,2.5827406644821167,0.0,0.0,0.0,7.8309202790260315,0.0,0.0,0.9719989895820618,0.0,0.0,0.0,0.0,0.0,14.0,177.0,4.0,32.0,48.0,22.0,42.0
2020-08-09 20:00:00+00:00,3239939991.0,0.00192514,22.43623829,222886613.0,4.368433058261871,4.498028993606567,0.0,0.0,0.0,4.368433058261871,0.0,0.7650734186172485,0.8561260104179382,0.0,0.0,0.0,0.7650734186172485,0.0,8.0,129.0,16.0,41.0,64.0,20.0,23.0
2020-08-09 22:00:00+00:00,3245614914.0,0.00192498,22.47553653,216694610.0,0.8896204829216003,3.3884673714637756,0.0,0.0,0.0,0.8896204829216003,0.0,0.7296192646026611,0.0,0.0,0.7296192646026611,0.0,0.0,0.0,10.0,105.0,13.0,33.0,79.0,24.0,26.0
2020-08-10 00:00:00+00:00,3261847299.0,0.0019104717952411134,22.587944056,224466259.0,5.191243231296539,1.6595084071159363,0.0,0.0,0.0,5.191243231296539,0.0,0.0,0.0,0.0,0.0,0.0,0.0,0.0,9.0,109.0,13.0,32.0,75.0,22.0,13.0
2020-08-10 02:00:00+00:00,3293471749.0,0.00189922,22.80694,231045602.0,2.432966470718384,0.7558819055557251,0.0,0.0,0.0,1.6109884977340698,0.821977972984314,0.0,0.8282989263534546,0.0,0.0,0.0,0.0,0.0,8.0,163.0,10.0,31.0,89.0,23.0,15.0
2020-08-10 04:00:00+00:00,3267924397.0,0.00189036,22.63002732,231918238.0,13.191482603549957,6.282365560531616,1.7153899669647217,0.0,0.0,11.476092636585236,0.0,0.8396551609039307,0.8396551609039307,0.0,0.0,0.0,0.0,0.0,18.0,171.0,18.0,24.0,31.0,14.0,22.0
2020-08-10 06:00:00+00:00,3263009895.0,0.00188659,22.59599491,229320398.0,4.206580817699432,4.868653893470764,0.0,0.7326620817184448,0.0,2.698544979095459,0.7753737568855286,0.0,1.533445656299591,0.0,0.0,0.0,0.0,0.0,10.0,220.0,2.0,13.0,22.0,10.0,33.0
2020-08-10 08:00:00+00:00,3255327761.0,0.00188003,22.54279696,225361511.0,4.364269852638245,6.586565613746643,0.0,0.0,0.0,3.5509150624275208,0.8133547902107239,0.0,0.0,0.0,0.0,0.0,0.0,0.0,11.0,228.0,4.0,16.0,54.0,10.0,34.0
2020-08-10 10:00:00+00:00,3243685765.0,0.00191123,22.46217738,235414450.0,4.353096306324005,1.5747131705284119,0.0,0.0,0.0,4.353096306324005,0.0,0.0,0.9193544983863831,0.0,0.0,0.0,0.0,0.0,9.0,230.0,16.0,26.0,142.0,15.0,33.0
2020-08-10 12:00:00+00:00,3264942869.0,0.00189772,22.60938055,238327644.0,2.5778552293777466,3.916908085346222,0.0,0.0,0.0,1.7495009303092957,0.8283542990684509,3.233171224594116,2.3970970511436462,0.0,0.7305974960327148,0.0,0.0,0.8793458938598633,11.0,257.0,11.0,43.0,86.0,16.0,52.0
2020-08-10 14:00:00+00:00,3256768323.0,0.00189185,22.55277269,239360936.0,1.6996365785598755,4.2930431962013245,0.0,0.0,0.0,0.8727105259895325,0.826926052570343,0.0,0.0,0.0,0.0,0.0,0.0,0.0,7.0,160.0,9.0,41.0,64.0,22.0,51.0
2020-08-10 16:00:00+00:00,3254304361.0,0.00189485,22.53571002,237771613.0,5.002055823802948,0.7469881772994995,0.0,0.0,1.58135986328125,1.6874364018440247,1.7332595586776733,0.0,0.0,0.0,0.0,0.0,0.0,0.0,15.0,220.0,11.0,27.0,85.0,19.0,44.0
2020-08-10 18:00:00+00:00,3251327727.0,0.00189624,22.51509715,235990873.0,6.406087219715118,5.776840329170227,0.0,0.0,0.0,6.406087219715118,0.0,0.0,0.0,0.0,0.0,0.0,0.0,0.0,12.0,173.0,13.0,33.0,51.0,26.0,29.0
2020-08-10 20:00:00+00:00,3243457483.0,0.0018971217145194138,22.4605965485,236471789.0,7.121631622314453,1.8491240739822388,0.0,0.0,0.0,7.121631622314453,0.0,0.0,0.0,0.0,0.0,0.0,0.0,0.0,11.0,137.0,19.0,34.0,178.0,45.0,18.0
2020-08-10 22:00:00+00:00,3265580526.0,0.00190382,22.61379626,239664308.0,5.130550563335419,2.638241410255432,0.0,0.0,0.0,4.329020023345947,0.8015305399894714,0.0,0.8902977705001831,0.0,0.0,0.0,0.0,0.0,6.0,114.0,34.0,33.0,65.0,21.0,21.0
2020-08-11 00:00:00+00:00,3274709323.0,0.0019018978643906104,22.6770121984,242416193.0,0.0,0.8552829027175903,0.0,0.0,0.0,0.0,0.0,0.0,0.0,0.0,0.0,0.0,0.0,0.0,1.0,116.0,27.0,41.0,41.0,13.0,11.0
2020-08-11 02:00:00+00:00,3238205939.0,0.00189387,22.42423017,252338758.0,0.8727105259895325,4.024796485900879,0.0,0.0,0.0,0.8727105259895325,0.0,0.0,0.8076854348182678,0.0,0.0,0.0,0.0,0.0,7.0,179.0,22.0,24.0,65.0,17.0,24.0
2020-08-11 04:00:00+00:00,3242811434.0,0.00189268,22.45612273,263707837.0,3.376955211162567,1.6676876544952393,0.0,0.0,0.0,3.376955211162567,0.0,0.0,0.0,0.0,0.0,0.0,0.0,0.0,5.0,177.0,7.0,19.0,34.0,12.0,21.0
2020-08-11 06:00:00+00:00,3214753042.0,0.00189121,22.26182136,268828809.0,1.4976728558540344,2.4772151112556458,0.0,0.0,0.0,0.7789409756660461,0.7187318801879883,1.634455144405365,0.8076854348182678,0.0,0.0,0.0,1.634455144405365,0.0,8.0,222.0,8.0,29.0,65.0,22.0,23.0
2020-08-11 08:00:00+00:00,3176174060.0,0.0018729063655554938,21.9946660348,273115153.0,0.0,4.204866051673889,0.0,0.0,0.0,0.0,0.0,0.0,0.7120092511177063,0.0,0.0,0.0,0.0,0.0,1.0,178.0,4.0,17.0,28.0,17.0,37.0
2020-08-11 10:00:00+00:00,3194872142.0,0.00188263,22.12414825,268993588.0,6.492585182189941,0.0,0.0,0.0,0.0,4.86392068862915,1.628664493560791,0.0,0.0,0.0,0.0,0.0,0.0,0.0,12.0,202.0,5.0,37.0,52.0,16.0,24.0
2020-08-11 12:00:00+00:00,3137705305.0,0.00186227,21.72827402,277508661.0,2.4160143733024597,4.89824241399765,0.0,0.7440251708030701,0.0,0.8088793754577637,0.0,0.795293927192688,0.9515480399131775,0.0,0.0,0.0,0.795293927192688,0.0,15.0,355.0,15.0,29.0,106.0,17.0,42.0
2020-08-11 14:00:00+00:00,3106456658.0,0.001865,21.51188047,286113403.0,10.486068546772003,4.988372623920441,0.0,0.0,0.0,10.486068546772003,0.0,0.7246344089508057,0.7246344089508057,0.0,0.0,0.0,0.0,0.0,16.0,259.0,8.0,29.0,90.0,19.0,45.0
2020-08-11 16:00:00+00:00,3111154754.0,0.00187371,21.54441429,295944898.0,1.5664455890655518,0.8400536179542542,0.0,0.0,0.0,1.5664455890655518,0.0,0.8122386336326599,0.0,0.0,0.8122386336326599,0.0,0.0,0.0,7.0,239.0,25.0,28.0,136.0,19.0,35.0
2020-08-11 18:00:00+00:00,3086498886.0,0.00187006,21.37367504,296202382.0,3.1081595420837402,2.411173105239868,0.0,0.0,0.0,2.320168435573578,0.7879911065101624,0.0,0.784456729888916,0.0,0.0,0.0,0.0,0.0,10.0,169.0,18.0,35.0,53.0,24.0,23.0
2020-08-11 20:00:00+00:00,3062179938.0,0.00187393,21.20526891,304289699.0,1.72346431016922,6.570385694503784,0.0,0.0,0.0,0.8896204829216003,0.0,0.8350561261177063,2.5190840363502502,0.8350561261177063,0.0,0.0,0.0,0.0,9.0,164.0,23.0,36.0,957.0,239.0,18.0
2020-08-11 22:00:00+00:00,3069642355.0,0.00186292,21.25694535,310846749.0,2.4762327075004578,1.621651291847229,0.0,0.0,0.0,1.5910358428955078,0.88519686460495,0.0,0.7186982035636902,0.0,0.0,0.0,0.0,0.0,6.0,135.0,14.0,19.0,88.0,13.0,29.0
2020-08-12 00:00:00+00:00,3048620668.0,0.0018581,21.11137242,305564135.0,1.6706060767173767,1.6379491686820984,0.0,0.0,0.0,0.8727105259895325,0.0,0.8511549830436707,0.0,0.0,0.0,0.0,0.8511549830436707,0.0,11.0,135.0,9.0,21.0,49.0,11.0,18.0
2020-08-12 02:00:00+00:00,3024069289.0,0.001841220986262738,20.9413567405,289072228.0,2.651951491832733,0.7911903262138367,0.0,0.0,0.0,2.651951491832733,0.0,0.8511549830436707,0.7188853621482849,0.0,0.0,0.0,0.8511549830436707,0.0,8.0,207.0,20.0,24.0,80.0,17.0,16.0
2020-08-12 04:00:00+00:00,2989262088.0,0.0018312765524300144,20.7003205962,273977111.0,0.7062289714813232,3.2010767459869385,0.0,0.0,0.0,0.7062289714813232,0.0,0.0,0.0,0.0,0.0,0.0,0.0,0.0,2.0,216.0,4.0,18.0,39.0,18.0,23.0
2020-08-12 06:00:00+00:00,3103327919.0,0.0018741,21.49021429,302044572.0,5.9261375069618225,3.4699934124946594,0.0,0.0,0.8961254954338074,5.030012011528015,0.0,1.449547529220581,4.1671746373176575,0.7112222909927368,0.0,0.7383252382278442,0.0,0.0,25.0,285.0,9.0,11.0,58.0,16.0,55.0
2020-08-12 08:00:00+00:00,3159997117.0,0.00190369,21.88264243,313930709.0,0.7297196388244629,0.7287575006484985,0.7297196388244629,0.0,0.0,0.0,0.0,1.9762232303619385,0.0,1.9762232303619385,0.0,0.0,0.0,0.0,16.0,233.0,12.0,24.0,54.0,5.0,45.0
2020-08-12 10:00:00+00:00,3143021322.0,0.0018925569494280155,21.7650868629,311444648.0,0.0,0.0,0.0,0.0,0.0,0.0,0.0,0.0,0.0,0.0,0.0,0.0,0.0,0.0,5.0,185.0,17.0,20.0,49.0,19.0,45.0
2020-08-12 12:00:00+00:00,3164847959.0,0.00189354,21.91623399,300124274.0,0.0,1.8273651599884033,0.0,0.0,0.0,0.0,0.0,0.7067975997924805,0.0,0.0,0.7067975997924805,0.0,0.0,0.0,9.0,246.0,20.0,27.0,57.0,18.0,40.0
2020-08-12 14:00:00+00:00,3161673655.0,0.00188895,21.89425227,290782739.0,1.4599546194076538,0.7436453104019165,0.0,0.7163093090057373,0.0,0.0,0.0,0.0,0.8335915207862854,0.0,0.0,0.0,0.0,0.0,10.0,199.0,53.0,37.0,55.0,27.0,50.0
2020-08-12 16:00:00+00:00,3188513869.0,0.00191084,22.08011789,282808137.0,0.8438916802406311,0.0,0.0,0.0,0.0,0.0,0.8438916802406311,0.0,0.7682602405548096,0.0,0.0,0.0,0.0,0.0,6.0,248.0,23.0,36.0,86.0,23.0,48.0
2020-08-12 18:00:00+00:00,3139488133.0,0.00187483,21.74061991,276645131.0,3.356809616088867,1.5980318784713745,0.0,0.0,0.0,1.7667883038520813,0.8273583650588989,2.428058445453644,0.0,0.0,0.0,1.5584485530853271,0.8696098923683167,0.0,15.0,195.0,8.0,47.0,41.0,19.0,31.0
2020-08-12 20:00:00+00:00,3150559315.0,0.0018901619962306273,21.8172866563,264455531.0,0.0,0.0,0.0,0.0,0.0,0.0,0.0,0.0,0.0,0.0,0.0,0.0,0.0,0.0,3.0,127.0,29.0,54.0,76.0,30.0,35.0
2020-08-12 22:00:00+00:00,3141052138.0,0.00187756,21.75145048,256078366.0,3.0880240201950073,2.974480628967285,0.0,0.0,0.0,0.9102880358695984,0.0,0.0,0.0,0.0,0.0,0.0,0.0,0.0,7.0,102.0,37.0,44.0,103.0,10.0,26.0
2020-08-13 00:00:00+00:00,3103580803.0,0.0018490999364191196,21.4919654801,256353566.0,0.7270633578300476,0.0,0.0,0.0,0.0,0.7270633578300476,0.0,0.0,0.0,0.0,0.0,0.0,0.0,0.0,4.0,136.0,28.0,40.0,120.0,24.0,21.0
2020-08-13 02:00:00+00:00,3140900898.0,0.00187864,21.75040316,255171536.0,1.6751814484596252,0.0,0.0,0.0,0.0,0.7676656246185303,0.907515823841095,0.0,0.7637158036231995,0.0,0.0,0.0,0.0,0.0,7.0,245.0,18.0,43.0,59.0,25.0,16.0
2020-08-13 04:00:00+00:00,3122281706.0,0.00187124,21.62146724,251363375.0,3.124800205230713,0.8835334777832031,0.0,0.0,0.0,0.0,3.124800205230713,0.0,0.8133116364479065,0.0,0.0,0.0,0.0,0.0,9.0,269.0,9.0,32.0,53.0,14.0,21.0
2020-08-13 06:00:00+00:00,3106460824.0,0.00186329,21.51190932,235147053.0,1.5040377974510193,1.6379021406173706,0.0,0.0,0.0,1.5040377974510193,0.0,2.1735836267471313,2.2689197659492493,0.0,0.731606662273407,0.0,0.7099865674972534,0.731990396976471,14.0,236.0,44.0,45.0,32.0,12.0,55.0
2020-08-13 08:00:00+00:00,3036748395.0,0.00184635,21.0291582,240380184.0,0.0,0.0,0.0,0.0,0.0,0.0,0.0,0.0,2.4928720593452454,0.0,0.0,0.0,0.0,0.0,6.0,248.0,19.0,40.0,122.0,16.0,37.0
2020-08-13 10:00:00+00:00,3099043109.0,0.00185587,21.46054244,252103303.0,3.8013110756874084,0.0,0.0,0.0,0.0,3.8013110756874084,0.0,0.7310633659362793,0.0,0.0,0.0,0.0,0.0,0.7310633659362793,17.0,239.0,15.0,28.0,97.0,23.0,40.0
2020-08-13 12:00:00+00:00,3069035696.0,0.00184392,21.25274431,257658243.0,3.0840466618537903,0.810583770275116,0.0,0.0,0.0,0.7687579393386841,2.315288722515106,0.0,0.0,0.0,0.0,0.0,0.0,0.0,16.0,169.0,18.0,35.0,65.0,27.0,45.0
2020-08-13 14:00:00+00:00,3059767514.0,0.00184173,21.18856314,258961628.0,3.097168207168579,0.0,0.0,0.0,0.0,2.3409348726272583,0.7562333345413208,0.7543789744377136,1.6487669348716736,0.0,0.0,0.0,0.7543789744377136,0.0,17.0,185.0,27.0,50.0,70.0,28.0,67.0
2020-08-13 16:00:00+00:00,3127626512.0,0.00187821,21.65847945,269490689.0,2.417383074760437,0.0,0.0,0.0,0.0,0.7823296785354614,1.6350533962249756,2.71330463886261,0.9429832100868225,0.0,0.0,0.0,1.7703214287757874,0.0,11.0,240.0,39.0,46.0,73.0,25.0,47.0
2020-08-13 18:00:00+00:00,3128242564.0,0.00187717,21.66274554,271776306.0,1.6536368131637573,0.0,0.0,0.8071672320365906,0.0,0.8464695811271667,0.0,0.9970496296882629,0.9970496296882629,0.0,0.0,0.0,0.0,0.0,7.0,204.0,42.0,46.0,51.0,39.0,30.0
2020-08-13 20:00:00+00:00,3162240284.0,0.00187201,21.89817612,288352487.0,4.815462231636047,2.3370493054389954,0.0,0.0,0.8985790014266968,1.64970862865448,1.4783170223236084,1.7210212349891663,0.7857208847999573,0.0,0.0,0.7752071619033813,0.9458140730857849,0.0,11.0,171.0,21.0,42.0,216.0,42.0,37.0
2020-08-13 22:00:00+00:00,3187853579.0,0.00187333,22.07554545,299981376.0,0.7922530770301819,0.0,0.0,0.0,0.7922530770301819,0.0,0.0,0.0,0.0,0.0,0.0,0.0,0.0,0.0,11.0,118.0,28.0,39.0,213.0,33.0,31.0
2020-08-14 00:00:00+00:00,3140908793.0,0.00184362,21.75045783,292370390.0,0.8812845349311829,0.0,0.0,0.0,0.8812845349311829,0.0,0.0,0.0,0.0,0.0,0.0,0.0,0.0,0.0,7.0,116.0,15.0,28.0,64.0,15.0,23.0
2020-08-14 02:00:00+00:00,3159492087.0,0.0018601430048102627,21.8791451537,295977553.0,0.8492509722709656,0.0,0.0,0.0,0.0,0.8492509722709656,0.0,0.0,0.0,0.0,0.0,0.0,0.0,0.0,3.0,226.0,6.0,32.0,49.0,17.0,38.0
2020-08-14 04:00:00+00:00,3146296384.0,0.00185214,21.78776632,294324077.0,0.0,2.302032947540283,0.0,0.0,0.0,0.0,0.0,0.0,0.0,0.0,0.0,0.0,0.0,0.0,5.0,202.0,23.0,25.0,30.0,14.0,42.0
2020-08-14 06:00:00+00:00,3158071996.0,0.00186053,21.86931117,288101644.0,0.7943181395530701,2.46723872423172,0.0,0.0,0.0,0.0,0.0,2.5136661529541016,2.4670408368110657,0.909927487373352,0.0,0.0,0.0,0.0,11.0,230.0,15.0,39.0,34.0,14.0,38.0
2020-08-14 08:00:00+00:00,3255203708.0,0.0019238681890793542,22.5419379005,302557606.0,5.462812662124634,0.7378574013710022,0.0,0.7651737332344055,0.0,4.697638928890228,0.0,2.5913455486297607,2.5505701899528503,1.6650338768959045,0.0,0.0,0.9263116717338562,0.0,31.0,241.0,15.0,37.0,29.0,13.0,44.0
2020-08-14 10:00:00+00:00,3287408711.0,0.00193345,22.76495411,330668704.0,10.349700808525085,5.428419351577759,1.5319704413414001,0.8527913689613342,0.0,7.162932753562927,0.0,0.9037443995475769,3.2434040904045105,0.0,0.0,0.0,0.0,0.9037443995475769,35.0,250.0,29.0,32.0,30.0,18.0,53.0
2020-08-14 12:00:00+00:00,3339031882.0,0.00197163,23.12243905,364269638.0,2.4666388630867004,4.154045581817627,0.8122843503952026,0.0,0.0,1.6543545126914978,0.0,0.0,3.2072675824165344,0.0,0.0,0.0,0.0,0.0,28.0,223.0,11.0,36.0,47.0,24.0,52.0
2020-08-14 14:00:00+00:00,3334033914.0,0.00196753,23.08782866,376776109.0,3.3644545674324036,2.4756614565849304,0.0,0.0,0.0,3.3644545674324036,0.0,3.243591606616974,2.7060288786888123,0.0,1.5189748406410217,0.9896500110626221,0.0,0.7349667549133301,24.0,235.0,8.0,43.0,44.0,24.0,71.0
2020-08-14 16:00:00+00:00,3325161992.0,0.00194923,23.02639154,382860282.0,4.326173782348633,1.7634871006011963,0.0,0.0,0.0,3.347198784351349,0.0,0.0,0.0,0.0,0.0,0.0,0.0,0.0,23.0,200.0,8.0,57.0,101.0,19.0,51.0
2020-08-14 18:00:00+00:00,3332031739.0,0.0019516235731366863,23.0739638075,382189963.0,3.6106801629066467,0.0,0.0,0.0,0.0,3.6106801629066467,0.0,0.0,0.0,0.0,0.0,0.0,0.0,0.0,11.0,194.0,31.0,46.0,60.0,19.0,28.0
2020-08-14 20:00:00+00:00,3314697210.0,0.00194738,22.95392405,363979651.0,4.4458407163619995,0.0,0.0,0.0,0.8628373742103577,3.583003342151642,0.0,0.7034449577331543,0.0,0.0,0.0,0.7034449577331543,0.0,0.0,15.0,147.0,32.0,31.0,141.0,23.0,39.0
2020-08-14 22:00:00+00:00,3331429313.0,0.00196024,23.06979207,357386067.0,2.542966604232788,0.0,0.0,0.0,0.0,1.7640805840492249,0.7788860201835632,0.0,0.0,0.0,0.0,0.0,0.0,0.0,5.0,114.0,15.0,45.0,36.0,18.0,32.0
2020-08-15 00:00:00+00:00,3359469737.0,0.0019527,23.26396901,368584232.0,0.7014343738555908,0.0,0.0,0.0,0.0,0.7014343738555908,0.0,1.6933214664459229,0.0,0.0,0.0,0.0,1.6933214664459229,0.0,12.0,117.0,15.0,20.0,64.0,23.0,18.0
2020-08-15 02:00:00+00:00,3332833604.0,0.00194268,23.07951664,364875886.0,0.0,2.430570602416992,0.0,0.0,0.0,0.0,0.0,0.0,0.9572991132736206,0.0,0.0,0.0,0.0,0.0,1.0,168.0,19.0,28.0,60.0,24.0,26.0
2020-08-15 04:00:00+00:00,3417560400.0,0.00199255,23.66624064,397943210.0,3.285031318664551,3.1708847284317017,0.0,0.0,0.0,3.285031318664551,0.0,0.0,1.959079623222351,0.0,0.0,0.0,0.0,0.0,15.0,187.0,26.0,20.0,33.0,11.0,32.0
2020-08-15 06:00:00+00:00,3383423586.0,0.00196957,23.42984686,399646029.0,1.6961447596549988,0.0,0.0,0.0,0.0,1.6961447596549988,0.0,0.0,1.5974007844924927,0.0,0.0,0.0,0.0,0.0,6.0,186.0,5.0,22.0,24.0,25.0,38.0
2020-08-15 08:00:00+00:00,3378252517.0,0.00196476,23.39403775,375919914.0,3.326501786708832,1.748437225818634,0.0,0.0,0.0,2.399451732635498,0.9270500540733337,0.0,0.0,0.0,0.0,0.0,0.0,0.0,11.0,252.0,19.0,16.0,70.0,30.0,35.0
2020-08-15 10:00:00+00:00,3373753386.0,0.001969373513863289,23.3628817556,339983261.0,4.023057043552399,1.7091293931007385,0.0,0.8183252811431885,0.7346595525741577,1.6220203042030334,0.848051905632019,0.8458166718482971,0.0,0.0,0.0,0.0,0.0,0.8458166718482971,12.0,220.0,10.0,18.0,32.0,22.0,59.0
2020-08-15 12:00:00+00:00,3358872164.0,0.00196881,23.25983088,306818749.0,4.041419267654419,0.7785080075263977,0.0,0.0,0.0,4.041419267654419,0.0,0.8082679510116577,0.0,0.0,0.0,0.8082679510116577,0.0,0.0,11.0,332.0,52.0,28.0,321.0,68.0,59.0
2020-08-15 14:00:00+00:00,3380619142.0,0.00197501,23.41042638,290077572.0,10.15825492143631,1.4973507523536682,0.0,1.580159306526184,0.0,7.811120450496674,0.0,2.3724448680877686,1.8885710835456848,0.0,0.0,0.0,2.3724448680877686,0.0,52.0,259.0,26.0,46.0,40.0,34.0,64.0
2020-08-15 16:00:00+00:00,3351902540.0,0.00195973,23.21156698,274619269.0,8.713468492031097,0.8215309977531433,0.0,0.0,4.368733763694763,3.523203730583191,0.0,2.336910307407379,0.8807443380355835,0.0,0.0,0.7271125316619873,0.7290534377098083,0.0,27.0,245.0,25.0,53.0,45.0,28.0,49.0
2020-08-15 18:00:00+00:00,3356259516.0,0.00196222,23.24173857,268855576.0,4.4509376883506775,2.337195336818695,0.0,0.0,0.7259060740470886,2.9880536794662476,0.0,0.0,0.0,0.0,0.0,0.0,0.0,0.0,14.0,211.0,34.0,43.0,61.0,18.0,45.0
2020-08-15 20:00:00+00:00,3312689911.0,0.00192809,22.94002371,270041042.0,2.2907389998435974,0.8433273434638977,0.0,0.0,0.0,2.2907389998435974,0.0,0.0,0.0,0.0,0.0,0.0,0.0,0.0,7.0,183.0,23.0,29.0,98.0,34.0,34.0
2020-08-15 22:00:00+00:00,3324491959.0,0.00194019,23.02175164,269746412.0,1.6182040572166443,3.19870924949646,0.0,0.0,0.0,0.8354327082633972,0.0,0.0,0.0,0.0,0.0,0.0,0.0,0.0,3.0,167.0,20.0,28.0,113.0,26.0,41.0
2020-08-16 00:00:00+00:00,3350849331.0,0.0019562072791374,23.2042736187,268006570.0,0.7994354367256165,0.0,0.0,0.0,0.0,0.7994354367256165,0.0,1.729971170425415,0.8155926465988159,0.0,0.0,0.9143785238265991,0.0,0.0,7.0,186.0,8.0,34.0,55.0,7.0,20.0
2020-08-16 02:00:00+00:00,3319381318.0,0.00192937,22.986361,262510724.0,0.761038601398468,1.7234262228012085,0.0,0.0,0.0,0.761038601398468,0.0,0.0,0.0,0.0,0.0,0.0,0.0,0.0,3.0,189.0,11.0,21.0,42.0,12.0,27.0
2020-08-16 04:00:00+00:00,3336186454.0,0.00194167,23.10273477,238563649.0,2.397023856639862,0.0,0.0,0.0,0.0,2.397023856639862,0.0,1.7105991840362549,1.8034394979476929,0.0,0.0,0.0,0.7560503482818604,0.0,16.0,164.0,18.0,28.0,23.0,7.0,30.0
2020-08-16 06:00:00+00:00,3367675716.0,0.00196445,23.32079454,241458608.0,3.975247859954834,0.0,0.0,0.0,0.0,3.2629204988479614,0.7123273611068726,0.9801443815231323,0.9801443815231323,0.0,0.0,0.0,0.0,0.0,14.0,179.0,29.0,41.0,37.0,11.0,42.0
2020-08-16 08:00:00+00:00,3354492575.0,0.0019552,23.2295027,246046628.0,3.1816813945770264,0.0,0.0,0.0,0.0,3.1816813945770264,0.0,0.7783529162406921,0.9120796322822571,0.0,0.0,0.0,0.7783529162406921,0.0,10.0,187.0,22.0,27.0,60.0,10.0,29.0
2020-08-16 10:00:00+00:00,3317101055.0,0.00194935,22.97057042,246852383.0,0.0,0.7268255352973938,0.0,0.0,0.0,0.0,0.0,0.0,0.0,0.0,0.0,0.0,0.0,0.0,4.0,136.0,15.0,25.0,65.0,6.0,45.0
2020-08-16 12:00:00+00:00,3325010527.0,0.00194794,23.02534266,245877646.0,1.5810672044754028,0.0,0.0,0.0,0.0,1.5810672044754028,0.0,0.0,0.0,0.0,0.0,0.0,0.0,0.0,6.0,201.0,43.0,25.0,49.0,18.0,66.0
2020-08-16 14:00:00+00:00,3356384415.0,0.00195943,23.24260349,253375947.0,2.595778465270996,0.9082888960838318,0.0,0.0,0.0,2.595778465270996,0.0,0.0,0.0,0.0,0.0,0.0,0.0,0.0,17.0,213.0,25.0,36.0,77.0,22.0,62.0
2020-08-16 16:00:00+00:00,3409501698.0,0.0019941,23.61043499,260281039.0,5.441953539848328,0.7581648230552673,0.0,0.0,1.560599446296692,2.3541484475135803,1.5272056460380554,1.6328972578048706,0.7561694383621216,0.0,0.0,0.0,0.876727819442749,0.0,21.0,209.0,24.0,49.0,48.0,16.0,48.0
2020-08-16 18:00:00+00:00,3418837218.0,0.00200086,23.67508248,275264492.0,4.689799964427948,1.8762872815132141,0.0,0.0,0.0,4.689799964427948,0.0,0.7529577016830444,0.7133220434188843,0.0,0.0,0.0,0.7529577016830444,0.0,17.0,209.0,15.0,35.0,32.0,25.0,50.0
2020-08-16 20:00:00+00:00,3406214155.0,0.00198727,23.58766912,271076626.0,3.1682050824165344,0.0,0.0,0.7778056859970093,0.0,2.390399396419525,0.0,0.0,0.0,0.0,0.0,0.0,0.0,0.0,10.0,161.0,22.0,31.0,73.0,13.0,39.0
2020-08-16 22:00:00+00:00,3393135634.0,0.00197574,23.49710175,271264839.0,1.4752224683761597,0.0,0.0,0.7405271530151367,0.0,0.734695315361023,0.0,0.0,0.0,0.0,0.0,0.0,0.0,0.0,3.0,138.0,33.0,51.0,91.0,23.0,34.0
2020-08-17 00:00:00+00:00,3362601712.0,0.00196582,23.2856576,266312784.0,0.7697015404701233,0.8233515620231628,0.0,0.0,0.0,0.7697015404701233,0.0,0.0,0.0,0.0,0.0,0.0,0.0,0.0,4.0,106.0,22.0,35.0,65.0,10.0,16.0
2020-08-17 02:00:00+00:00,3359503493.0,0.00196328,23.26420277,268390546.0,2.4297332167625427,0.0,0.0,0.0,0.8298459053039551,1.5998873114585876,0.0,1.558004379272461,0.0,0.0,0.0,1.558004379272461,0.0,0.0,12.0,225.0,15.0,24.0,36.0,12.0,18.0
2020-08-17 04:00:00+00:00,3338534524.0,0.00195505,23.1189949,269145610.0,0.0,0.8976932168006897,0.0,0.0,0.0,0.0,0.0,0.0,0.0,0.0,0.0,0.0,0.0,0.0,2.0,161.0,12.0,27.0,33.0,20.0,23.0
2020-08-17 06:00:00+00:00,3348211961.0,0.00196114,23.18601012,267625138.0,1.5604467988014221,1.4730348587036133,0.0,0.0,0.0,1.5604467988014221,0.0,0.0,0.901814341545105,0.0,0.0,0.0,0.0,0.0,8.0,226.0,12.0,14.0,40.0,15.0,36.0
2020-08-17 08:00:00+00:00,3353464938.0,0.00195896,23.22238642,258125028.0,2.878679037094116,0.8490059971809387,0.0,0.0,0.0,2.143961191177368,0.734717845916748,1.8510452508926392,0.8072918653488159,0.911196231842041,0.0,0.0,0.9398490190505981,0.0,12.0,262.0,13.0,26.0,37.0,14.0,40.0
2020-08-17 10:00:00+00:00,3356025006.0,0.00195323,23.24011462,249975696.0,0.7437898516654968,0.0,0.0,0.0,0.0,0.0,0.7437898516654968,0.8206280469894409,0.8206280469894409,0.0,0.0,0.0,0.0,0.0,5.0,291.0,16.0,32.0,52.0,8.0,49.0
2020-08-17 12:00:00+00:00,3346581108.0,0.00191932,23.17471663,257000354.0,1.7615001201629639,3.3995192646980286,0.0,0.0,0.0,0.0,0.0,0.0,1.5654293894767761,0.0,0.0,0.0,0.0,0.0,5.0,330.0,26.0,34.0,475.0,93.0,46.0
2020-08-17 14:00:00+00:00,3369454349.0,0.0018893393110055758,23.3331113868,267132882.0,2.7137484550476074,0.7168198227882385,0.0,0.0,0.0,0.0,2.7137484550476074,0.8422255516052246,0.9424975514411926,0.0,0.0,0.8422255516052246,0.0,0.0,10.0,256.0,25.0,37.0,114.0,28.0,55.0
2020-08-17 16:00:00+00:00,3442875712.0,0.00193293,23.84154648,282068247.0,2.3454227447509766,0.7213277816772461,0.0,0.0,0.0,2.3454227447509766,0.0,0.0,0.7305514216423035,0.0,0.0,0.0,0.0,0.0,12.0,305.0,35.0,50.0,112.0,35.0,51.0
2020-08-17 18:00:00+00:00,3415519657.0,0.00192444,23.65210872,269253975.0,3.893933415412903,1.6177281737327576,0.0,0.7913785576820374,0.0,0.0,1.484826683998108,0.0,0.0,0.0,0.0,0.0,0.0,0.0,14.0,241.0,15.0,46.0,65.0,30.0,44.0
2020-08-17 20:00:00+00:00,3439433279.0,0.00194103,23.817708,269437548.0,1.6112034320831299,0.0,0.0,0.7698892951011658,0.0,0.8413141369819641,0.0,0.873929500579834,0.7030282616615295,0.0,0.873929500579834,0.0,0.0,0.0,7.0,178.0,20.0,43.0,86.0,16.0,40.0
2020-08-17 22:00:00+00:00,3395013043.0,0.0019185,23.51010261,264606385.0,0.7518415451049805,2.3422810435295105,0.0,0.0,0.0,0.0,0.0,0.0,0.0,0.0,0.0,0.0,0.0,0.0,7.0,177.0,44.0,36.0,77.0,26.0,43.0
2020-08-18 00:00:00+00:00,3396451687.0,0.0019185888135894466,23.5200650655,258382147.0,0.0,0.0,0.0,0.0,0.0,0.0,0.0,0.0,0.0,0.0,0.0,0.0,0.0,0.0,5.0,159.0,27.0,40.0,50.0,16.0,14.0
2020-08-18 02:00:00+00:00,3385429174.0,0.00190711,23.44373534,261067912.0,0.0,0.9098703265190125,0.0,0.0,0.0,0.0,0.0,0.0,0.0,0.0,0.0,0.0,0.0,0.0,4.0,421.0,17.0,20.0,62.0,18.0,24.0
2020-08-18 04:00:00+00:00,3390166537.0,0.00191603,23.47654107,264822397.0,4.79443222284317,0.7502674460411072,0.0,0.0,0.7288180589675903,2.403024911880493,1.6625892519950867,0.0,0.7155566811561584,0.0,0.0,0.0,0.0,0.0,8.0,291.0,6.0,20.0,43.0,12.0,37.0
2020-08-18 06:00:00+00:00,3395261289.0,0.00191727,23.51182169,260455081.0,2.1926530599594116,1.4860180616378784,0.7201529741287231,0.0,0.0,0.7239492535591125,0.7485508322715759,0.0,0.0,0.0,0.0,0.0,0.0,0.0,11.0,319.0,17.0,24.0,85.0,16.0,31.0
2020-08-18 08:00:00+00:00,3376274213.0,0.00191015,23.38033821,259300359.0,0.7633368372917175,0.7508037686347961,0.0,0.0,0.0,0.7633368372917175,0.0,0.0,1.8037128448486328,0.0,0.0,0.0,0.0,0.0,7.0,290.0,11.0,30.0,48.0,7.0,45.0
2020-08-18 10:00:00+00:00,3370795041.0,0.00190493,23.34239554,263866013.0,0.720736563205719,1.5249252915382385,0.0,0.0,0.0,0.0,0.0,0.9649034738540649,0.0,0.0,0.0,0.0,0.0,0.9649034738540649,6.0,288.0,10.0,49.0,57.0,11.0,42.0
2020-08-18 12:00:00+00:00,3335781264.0,0.00189176,23.09992887,257811942.0,0.7465551495552063,0.0,0.0,0.0,0.7465551495552063,0.0,0.0,0.7021453976631165,0.7021453976631165,0.0,0.0,0.0,0.0,0.0,7.0,304.0,45.0,52.0,59.0,22.0,46.0
2020-08-18 14:00:00+00:00,3304726299.0,0.0019078,22.88487655,268000007.0,0.9391962289810181,2.377302050590515,0.0,0.0,0.0,0.9391962289810181,0.0,0.8226683735847473,0.0,0.0,0.0,0.0,0.8226683735847473,0.0,13.0,313.0,36.0,50.0,109.0,22.0,56.0
2020-08-18 16:00:00+00:00,3360879225.0,0.00193468,23.27372956,262896516.0,3.6496217250823975,2.1340269446372986,1.4510658383369446,0.0,0.0,0.7844764590263367,0.0,0.0,0.0,0.0,0.0,0.0,0.0,0.0,11.0,317.0,29.0,49.0,43.0,35.0,60.0
2020-08-18 18:00:00+00:00,3342803415.0,0.00192768,23.14855651,260788857.0,1.722505807876587,0.8610783815383911,0.0,0.0,0.8614274263381958,0.0,0.0,0.0,0.8565179705619812,0.0,0.0,0.0,0.0,0.0,6.0,279.0,27.0,46.0,42.0,19.0,33.0
2020-08-18 20:00:00+00:00,3354722419.0,0.00192328,23.23109435,262907703.0,0.0,0.0,0.0,0.0,0.0,0.0,0.0,0.0,0.0,0.0,0.0,0.0,0.0,0.0,5.0,179.0,15.0,41.0,84.0,17.0,29.0
2020-08-18 22:00:00+00:00,3331052285.0,0.00192367,23.06718119,259152684.0,0.8852906823158264,0.0,0.0,0.0,0.0,0.8852906823158264,0.0,0.0,0.0,0.0,0.0,0.0,0.0,0.0,5.0,158.0,35.0,24.0,53.0,19.0,38.0
2020-08-19 00:00:00+00:00,3338678042.0,0.00192636,23.11998875,260761405.0,0.0,0.0,0.0,0.0,0.0,0.0,0.0,0.0,0.0,0.0,0.0,0.0,0.0,0.0,3.0,221.0,6.0,28.0,26.0,6.0,11.0
2020-08-19 02:00:00+00:00,3267996445.0,0.0018995,22.630526240000002,257313599.0,0.0,0.0,0.0,0.0,0.0,0.0,0.0,0.7755177617073059,0.8311252593994141,0.0,0.0,0.0,0.7755177617073059,0.0,9.0,436.0,9.0,26.0,53.0,13.0,16.0
2020-08-19 04:00:00+00:00,3246412355.0,0.00190734,22.48105872,262567112.0,0.8288186192512512,3.1689688563346863,0.0,0.0,0.0,0.8288186192512512,0.0,0.0,0.7601462006568909,0.0,0.0,0.0,0.0,0.0,10.0,293.0,21.0,16.0,68.0,16.0,27.0
2020-08-19 06:00:00+00:00,3268065523.0,0.00191157,22.6310046,274701813.0,0.0,0.0,0.0,0.0,0.0,0.0,0.0,0.0,0.7191584706306458,0.0,0.0,0.0,0.0,0.0,5.0,264.0,10.0,24.0,85.0,16.0,41.0
2020-08-19 08:00:00+00:00,3281687024.0,0.00192059,22.72533204,273353082.0,1.601511836051941,0.763018012046814,0.0,0.0,0.0,0.8654819130897522,0.7360299229621887,0.0,0.0,0.0,0.0,0.0,0.0,0.0,4.0,259.0,6.0,25.0,32.0,13.0,48.0
2020-08-19 10:00:00+00:00,3270263361.0,0.00191066,22.64622439,269635949.0,0.7241021394729614,1.6835589408874512,0.0,0.0,0.0,0.0,0.7241021394729614,3.7892830967903137,2.818814992904663,0.0,0.0,0.0,0.0,0.9704681038856506,14.0,249.0,11.0,31.0,67.0,18.0,37.0
2020-08-19 12:00:00+00:00,3267028543.0,0.00190664,22.62382362,254736230.0,0.8696309328079224,2.637428402900696,0.0,0.0,0.0,0.8696309328079224,0.0,0.0,0.7989271879196167,0.0,0.0,0.0,0.0,0.0,7.0,291.0,11.0,32.0,137.0,23.0,63.0
2020-08-19 14:00:00+00:00,3256501986.0,0.00191413,22.55092834,229199984.0,3.1930190324783325,1.6679338216781616,0.0,0.7111121416091919,0.0,1.726797342300415,0.7551095485687256,0.72514408826828,2.3480987548828125,0.0,0.0,0.72514408826828,0.0,0.0,12.0,177.0,4.0,40.0,50.0,25.0,58.0
2020-08-19 16:00:00+00:00,3253991471.0,0.00190918,22.53354329,221134993.0,2.4623830318450928,2.7700729966163635,0.0,1.5963996052742004,0.0,0.0,0.8659834265708923,0.7368326783180237,0.703749418258667,0.0,0.0,0.7368326783180237,0.0,0.0,7.0,244.0,12.0,30.0,57.0,15.0,37.0
2020-08-19 18:00:00+00:00,3198089151.0,0.00188903,22.1464257,220520056.0,0.8181440830230713,1.7389258742332458,0.0,0.8181440830230713,0.0,0.0,0.0,0.0,0.0,0.0,0.0,0.0,0.0,0.0,11.0,227.0,10.0,37.0,77.0,14.0,34.0
2020-08-19 20:00:00+00:00,3221246086.0,0.00190035,22.306785,223509234.0,0.0,0.0,0.0,0.0,0.0,0.0,0.0,1.5259692668914795,0.0,0.0,0.7948908805847168,0.7310783863067627,0.0,0.0,4.0,191.0,9.0,26.0,465.0,32.0,40.0
2020-08-19 22:00:00+00:00,3221767589.0,0.00189742,22.31039635,224754805.0,0.0,0.9390605092048645,0.0,0.0,0.0,0.0,0.0,0.7492129802703857,0.0,0.7492129802703857,0.0,0.0,0.0,0.0,7.0,176.0,23.0,24.0,119.0,16.0,51.0
2020-08-20 00:00:00+00:00,3249957822.0,0.0019101,22.5056107,223242922.0,1.749766230583191,0.8417794704437256,0.0,0.0,0.0,1.749766230583191,0.0,0.0,0.7731966972351074,0.0,0.0,0.0,0.0,0.0,6.0,179.0,10.0,28.0,141.0,17.0,38.0
2020-08-20 02:00:00+00:00,3215506484.0,0.00189805,22.26703886,212775193.0,2.358281195163727,0.0,0.0,0.8466354012489319,0.0,1.511645793914795,0.0,0.9012871980667114,0.0,0.0,0.9012871980667114,0.0,0.0,0.0,6.0,236.0,20.0,19.0,114.0,14.0,40.0
2020-08-20 04:00:00+00:00,3212738183.0,0.00189787,22.24786867,203214353.0,0.7678539752960205,0.0,0.0,0.0,0.0,0.7678539752960205,0.0,0.0,0.8795390129089355,0.0,0.0,0.0,0.0,0.0,8.0,218.0,11.0,21.0,67.0,11.0,34.0
2020-08-20 06:00:00+00:00,3212456305.0,0.001896372083196755,22.2459167032,192898241.0,0.7153469324111938,0.7891697287559509,0.0,0.0,0.0,0.0,0.7153469324111938,1.734710693359375,0.0,0.0,0.0,0.0,1.734710693359375,0.0,11.0,230.0,18.0,23.0,97.0,15.0,58.0
2020-08-20 08:00:00+00:00,3237762423.0,0.0019008078122087395,22.421158866,196214662.0,0.8617990612983704,0.0,0.0,0.0,0.0,0.0,0.8617990612983704,0.0,0.0,0.0,0.0,0.0,0.0,0.0,2.0,197.0,14.0,18.0,83.0,11.0,51.0
2020-08-20 10:00:00+00:00,3234597341.0,0.00189604,22.39924101,191137599.0,0.0,0.0,0.0,0.0,0.0,0.0,0.0,0.0,0.0,0.0,0.0,0.0,0.0,0.0,2.0,157.0,14.0,28.0,114.0,24.0,64.0
2020-08-20 12:00:00+00:00,3341842544.0,0.00195718,23.14190258,228033476.0,5.75992077589035,6.386414289474487,0.769239604473114,0.0,1.6707873940467834,2.4828513264656067,0.0,3.8283695578575134,6.090135455131531,0.7794217467308044,1.5608523488044739,0.0,1.488095462322235,0.0,30.0,218.0,12.0,33.0,142.0,37.0,73.0
2020-08-20 14:00:00+00:00,3359254911.0,0.00196078,23.26248136,237360367.0,10.236423552036285,1.5965081453323364,2.495616376399994,0.0,4.6430593729019165,2.2822020649909973,0.8155457377433777,4.0972060561180115,3.9958900213241577,0.9003533124923706,0.0,0.8809909820556641,0.7741127014160156,1.5417490601539612,32.0,137.0,14.0,52.0,193.0,17.0,88.0
2020-08-20 16:00:00+00:00,3330632281.0,0.0019448,23.06427271,241330037.0,0.8706753253936768,0.0,0.0,0.0,0.0,0.8706753253936768,0.0,1.41382497549057,0.0,0.0,0.0,0.7136063575744629,0.0,0.7002186179161072,12.0,141.0,24.0,45.0,154.0,23.0,48.0
2020-08-20 18:00:00+00:00,3340462701.0,0.00194775,23.13234732,237354743.0,1.6574045419692993,4.702580571174622,0.0,0.0,0.0,0.9268329739570618,0.0,0.7125930190086365,0.7125930190086365,0.0,0.0,0.0,0.0,0.0,13.0,140.0,28.0,52.0,145.0,20.0,54.0
2020-08-20 20:00:00+00:00,3329892503.0,0.001944,23.05914983,234538152.0,2.5201398730278015,1.60252845287323,0.88253253698349,0.0,0.0,0.0,0.8711566925048828,0.9696297645568848,3.4376553297042847,0.0,0.0,0.0,0.0,0.0,13.0,133.0,25.0,38.0,133.0,19.0,46.0
2020-08-20 22:00:00+00:00,3336428970.0,0.0019451391425885007,23.1044141632,240174329.0,2.2258432507514954,0.7729626297950745,0.0,0.0,0.7139853239059448,0.0,0.7388952970504761,0.9439786672592163,0.0,0.0,0.0,0.0,0.0,0.9439786672592163,7.0,210.0,8.0,40.0,64.0,17.0,36.0
2020-08-21 00:00:00+00:00,3307520941.0,0.00193536,22.90422915,243139397.0,0.0,0.8105891346931458,0.0,0.0,0.0,0.0,0.0,0.0,0.8302879333496094,0.0,0.0,0.0,0.0,0.0,3.0,200.0,10.0,40.0,71.0,16.0,31.0
2020-08-21 02:00:00+00:00,3334736587.0,0.0019461,23.09269459,251341286.0,2.400466501712799,0.864537239074707,0.0,0.0,0.7824556231498718,1.6180108785629272,0.0,0.0,0.0,0.0,0.0,0.0,0.0,0.0,12.0,231.0,30.0,32.0,66.0,13.0,34.0
2020-08-21 04:00:00+00:00,3341552136.0,0.00195043,23.13989154,254815474.0,0.0,1.5764749646186829,0.0,0.0,0.0,0.0,0.0,0.0,0.9804219007492065,0.0,0.0,0.0,0.0,0.0,1.0,226.0,26.0,25.0,101.0,12.0,47.0
2020-08-21 06:00:00+00:00,3318688408.0,0.00193835,22.98156267,256260470.0,2.397577404975891,4.170558273792267,0.0,0.0,0.0,1.5995196104049683,0.7980577945709229,2.5019705295562744,1.7259650230407715,0.0,0.0,0.0,0.7760055065155029,0.0,10.0,196.0,15.0,36.0,90.0,9.0,69.0
2020-08-21 08:00:00+00:00,3295726126.0,0.00193193,22.82255131,254695429.0,0.0,1.8150158524513245,0.0,0.0,0.0,0.0,0.0,0.0,0.7673739790916443,0.0,0.0,0.0,0.0,0.0,3.0,197.0,6.0,31.0,52.0,8.0,49.0
2020-08-21 10:00:00+00:00,3255456667.0,0.00192005,22.54368962,261961894.0,2.5359501242637634,0.8272872567176819,0.0,0.0,0.7950934767723083,0.0,1.740856647491455,0.8173587322235107,0.7435865998268127,0.0,0.8173587322235107,0.0,0.0,0.0,11.0,176.0,19.0,31.0,72.0,15.0,54.0
2020-08-21 12:00:00+00:00,3262641061.0,0.00192311,22.59344078,239352871.0,8.697192966938019,4.620953559875488,0.0,0.0,0.7092256546020508,4.884181916713715,0.823102593421936,0.7377141714096069,1.487293004989624,0.0,0.0,0.0,0.0,0.0,24.0,201.0,12.0,31.0,57.0,14.0,65.0
2020-08-21 14:00:00+00:00,3266734269.0,0.00192243,22.6217858,230313734.0,4.891365706920624,0.0,0.0,0.7822145223617554,0.0,2.4555158019065857,1.6536353826522827,1.6347174644470215,0.0,0.0,1.6347174644470215,0.0,0.0,0.0,14.0,246.0,21.0,49.0,40.0,26.0,59.0
2020-08-21 16:00:00+00:00,3237985128.0,0.0019117,22.42270107,225483243.0,0.8193963170051575,2.2880748510360718,0.0,0.0,0.0,0.8193963170051575,0.0,0.0,1.6778410077095032,0.0,0.0,0.0,0.0,0.0,7.0,258.0,24.0,47.0,104.0,11.0,53.0
2020-08-21 18:00:00+00:00,3249194963.0,0.00192021,22.50032798,236694073.0,3.2200236916542053,0.0,0.0,0.8935597538948059,0.0,2.3264639377593994,0.0,0.0,0.0,0.0,0.0,0.0,0.0,0.0,10.0,256.0,28.0,33.0,106.0,33.0,40.0
2020-08-21 20:00:00+00:00,3162893271.0,0.00189388,21.90269799,239442453.0,0.0,0.7346595525741577,0.0,0.0,0.0,0.0,0.0,0.0,0.9329978823661804,0.0,0.0,0.0,0.0,0.0,4.0,122.0,10.0,31.0,146.0,21.0,37.0
2020-08-21 22:00:00+00:00,3193575927.0,0.001908870137896055,22.1151720983,245310954.0,0.0,0.0,0.0,0.0,0.0,0.0,0.0,2.2506545782089233,1.5909202694892883,0.0,0.0,0.0,1.5060570240020752,0.0,7.0,115.0,33.0,32.0,142.0,15.0,29.0
2020-08-22 00:00:00+00:00,3141597680.0,0.00189233,21.7552283,246975202.0,0.0,0.8947202563285828,0.0,0.0,0.0,0.0,0.0,0.703287661075592,0.0,0.0,0.0,0.703287661075592,0.0,0.0,5.0,109.0,15.0,26.0,175.0,105.0,18.0
2020-08-22 02:00:00+00:00,3175565361.0,0.00190991,21.99045085,246282210.0,0.0,0.0,0.0,0.0,0.0,0.0,0.0,0.8211175203323364,0.0,0.0,0.0,0.0,0.0,0.8211175203323364,3.0,132.0,14.0,32.0,108.0,8.0,34.0
2020-08-22 04:00:00+00:00,3155983072.0,0.0018988014868449035,21.8548455966,242126985.0,0.7814997434616089,0.7970040440559387,0.0,0.0,0.0,0.7814997434616089,0.0,0.0,0.0,0.0,0.0,0.0,0.0,0.0,3.0,102.0,19.0,10.0,91.0,9.0,52.0
2020-08-22 06:00:00+00:00,3180715411.0,0.00190054,22.0261144,228281920.0,2.3261176347732544,0.7684777975082397,0.7504815459251404,0.0,0.0,1.575636088848114,0.0,0.0,0.0,0.0,0.0,0.0,0.0,0.0,6.0,185.0,19.0,19.0,117.0,19.0,98.0
2020-08-22 08:00:00+00:00,3182935183.0,0.0019007,22.04148609,242167093.0,0.7077738642692566,6.844837665557861,0.0,0.0,0.0,0.0,0.0,0.0,0.0,0.0,0.0,0.0,0.0,0.0,4.0,160.0,7.0,25.0,103.0,12.0,63.0
2020-08-22 10:00:00+00:00,3167049824.0,0.0018941644540178765,21.9314816722,231422735.0,1.495926856994629,0.0,0.0,0.0,0.7731950283050537,0.0,0.7227318286895752,0.0,0.0,0.0,0.0,0.0,0.0,0.0,16.0,161.0,4.0,26.0,67.0,11.0,68.0
2020-08-22 12:00:00+00:00,3206693494.0,0.00191288,22.20600985,227846280.0,4.049692392349243,0.8291316628456116,0.0,0.0,0.7829371094703674,2.437623620033264,0.0,1.5291016697883606,3.273238182067871,0.0,0.0,0.0,0.0,0.0,16.0,172.0,5.0,23.0,194.0,36.0,52.0
2020-08-22 14:00:00+00:00,3188172327.0,0.00189983,22.07775275,227078357.0,15.205819249153137,0.8064101934432983,0.0,0.0,0.0,14.399409055709839,0.0,2.620612919330597,0.7677512168884277,0.0,0.0,0.0,2.620612919330597,0.0,41.0,155.0,12.0,23.0,110.0,44.0,92.0
2020-08-22 16:00:00+00:00,3177137390.0,0.0018953,22.00133699,222437098.0,7.917517244815826,1.5389755368232727,0.0,0.0,0.8327240347862244,7.084793210029602,0.0,0.7175517678260803,1.931624948978424,0.0,0.0,0.0,0.7175517678260803,0.0,22.0,165.0,14.0,36.0,60.0,18.0,73.0
2020-08-22 18:00:00+00:00,3164923374.0,0.00188772,21.91675623,209378184.0,10.741274654865265,0.7609692811965942,0.0,0.0,0.0,10.741274654865265,0.0,0.0,2.4935622811317444,0.0,0.0,0.0,0.0,0.0,19.0,154.0,27.0,35.0,110.0,18.0,60.0
2020-08-22 20:00:00+00:00,3184715981.0,0.00189091,22.05381792,199912323.0,4.427488625049591,0.0,0.0,0.0,0.7465347647666931,3.680953860282898,0.0,0.0,0.0,0.0,0.0,0.0,0.0,0.0,14.0,85.0,18.0,22.0,106.0,24.0,27.0
2020-08-22 22:00:00+00:00,3211575905.0,0.0019038,22.23982002,208053381.0,1.6494759321212769,0.0,0.0,0.0,0.0,1.6494759321212769,0.0,0.0,0.8851397633552551,0.0,0.0,0.0,0.0,0.0,7.0,72.0,28.0,33.0,58.0,25.0,38.0
2020-08-23 00:00:00+00:00,3198162616.0,0.0018990199754821367,22.1469344309,200351300.0,3.5802908539772034,0.0,0.0,0.8141829371452332,0.0,2.76610791683197,0.0,1.4304609894752502,1.4304609894752502,0.0,0.0,0.0,0.0,0.0,12.0,90.0,29.0,22.0,50.0,14.0,21.0
2020-08-23 02:00:00+00:00,3180816000.0,0.0018949,22.02681097,198322905.0,16.789694607257843,0.8160779476165771,0.0,0.0,0.0,15.054903388023376,0.9187132716178894,0.0,1.6996335983276367,0.0,0.0,0.0,0.0,0.0,22.0,148.0,9.0,25.0,76.0,18.0,25.0
2020-08-23 04:00:00+00:00,3163060933.0,0.00188894,21.90385903,195709445.0,2.401059865951538,1.6851969957351685,0.0,0.0,0.0,2.401059865951538,0.0,0.0,0.0,0.0,0.0,0.0,0.0,0.0,10.0,174.0,12.0,21.0,23.0,16.0,36.0
2020-08-23 06:00:00+00:00,3187486239.0,0.00189617,22.07300166,192636803.0,5.13277280330658,0.7868940830230713,0.0,0.0,0.0,4.37666118144989,0.7561116218566895,1.4222006797790527,0.0,0.0,1.4222006797790527,0.0,0.0,0.0,9.0,163.0,2.0,31.0,16.0,21.0,34.0
2020-08-23 08:00:00+00:00,3159569495.0,0.00188458,21.8796812,202220010.0,3.906288266181946,0.7249569296836853,0.0,0.0,0.0,2.445004940032959,0.7363263964653015,0.7473375201225281,1.513891875743866,0.0,0.0,0.0,0.0,0.7473375201225281,15.0,177.0,2.0,15.0,72.0,22.0,48.0
2020-08-23 10:00:00+00:00,3123424619.0,0.00186839,21.62938179,203511988.0,5.266508996486664,2.246042251586914,0.0,0.0,0.0,4.501876652240753,0.0,0.832744836807251,0.0,0.832744836807251,0.0,0.0,0.0,0.0,12.0,154.0,2.0,20.0,22.0,8.0,48.0
2020-08-23 12:00:00+00:00,3152459654.0,0.00188087,21.83044631,206094353.0,0.934825599193573,0.0,0.0,0.0,0.0,0.934825599193573,0.0,0.0,0.8560784459114075,0.0,0.0,0.0,0.0,0.0,7.0,174.0,9.0,28.0,24.0,20.0,61.0
2020-08-23 14:00:00+00:00,3151931747.0,0.00187244,21.8267906,205437706.0,1.6758443713188171,0.7346595525741577,0.0,0.0,0.0,1.6758443713188171,0.0,0.0,0.0,0.0,0.0,0.0,0.0,0.0,8.0,234.0,7.0,28.0,34.0,27.0,75.0
2020-08-23 16:00:00+00:00,3158497667.0,0.00187645,21.8722589,203449659.0,2.3080433011054993,0.0,0.0,0.0,0.0,2.3080433011054993,0.0,2.4727901816368103,0.8243684768676758,0.0,0.0,1.7518982887268066,0.7208918929100037,0.0,14.0,230.0,8.0,32.0,29.0,17.0,65.0
2020-08-23 18:00:00+00:00,3164962003.0,0.00187578,21.91702374,202868224.0,2.424470067024231,0.7795039415359497,0.0,0.0,0.0,2.424470067024231,0.0,1.904806137084961,3.0932384729385376,1.904806137084961,0.0,0.0,0.0,0.0,6.0,179.0,14.0,24.0,48.0,21.0,56.0
2020-08-23 20:00:00+00:00,3166683878.0,0.00187819,21.92894754,201339821.0,2.5989001989364624,0.8839667439460754,0.0,0.0,0.0,2.5989001989364624,0.0,0.741978645324707,0.0,0.0,0.0,0.0,0.0,0.741978645324707,6.0,137.0,11.0,37.0,61.0,18.0,68.0
2020-08-23 22:00:00+00:00,3158293019.0,0.00187494,21.87084173,181970641.0,0.734695315361023,0.0,0.0,0.0,0.0,0.734695315361023,0.0,0.0,0.0,0.0,0.0,0.0,0.0,0.0,5.0,134.0,6.0,45.0,37.0,23.0,56.0
2020-08-24 00:00:00+00:00,3173522357.0,0.00188646,21.97630327,180313603.0,1.7598385214805603,0.8327338695526123,0.0,0.0,0.0,1.7598385214805603,0.0,0.8531271815299988,0.7324230074882507,0.0,0.0,0.0,0.8531271815299988,0.0,4.0,105.0,9.0,25.0,61.0,8.0,21.0
2020-08-24 02:00:00+00:00,3210148340.0,0.00190243,22.22993429,185210199.0,1.7556780576705933,0.0,0.0,0.0,0.0,1.7556780576705933,0.0,0.0,0.0,0.0,0.0,0.0,0.0,0.0,7.0,110.0,6.0,25.0,31.0,7.0,30.0
2020-08-24 04:00:00+00:00,3210497053.0,0.0019047222765167329,22.2323490934,184170080.0,3.179729998111725,0.7346595525741577,0.7786502838134766,0.0,0.8104820847511292,1.5905976295471191,0.0,0.7624257206916809,0.0,0.7624257206916809,0.0,0.0,0.0,0.0,9.0,117.0,2.0,21.0,16.0,7.0,27.0
2020-08-24 06:00:00+00:00,3246933449.0,0.00191342,22.48466724,194360160.0,4.233951151371002,0.9869704842567444,0.0,0.0,0.0,4.233951151371002,0.0,0.0,1.6208794116973877,0.0,0.0,0.0,0.0,0.0,7.0,134.0,8.0,13.0,44.0,10.0,41.0
2020-08-24 08:00:00+00:00,3265249010.0,0.00192134,22.61150054,181833260.0,0.8791167140007019,0.0,0.0,0.0,0.0,0.8791167140007019,0.0,0.0,0.0,0.0,0.0,0.0,0.0,0.0,5.0,192.0,7.0,18.0,58.0,15.0,41.0
2020-08-24 10:00:00+00:00,3280559060.0,0.00192834,22.717521,190597530.0,0.0,1.510115623474121,0.0,0.0,0.0,0.0,0.0,2.1812021136283875,3.888874113559723,0.0,0.0,2.1812021136283875,0.0,0.0,11.0,230.0,13.0,28.0,49.0,25.0,39.0
2020-08-24 12:00:00+00:00,3278898799.0,0.00192841,22.70602387,188920931.0,3.3511272072792053,0.7238785624504089,1.719250738620758,0.0,0.0,1.6318764686584473,0.0,0.0,0.7024483680725098,0.0,0.0,0.0,0.0,0.0,12.0,152.0,11.0,21.0,49.0,32.0,40.0
2020-08-24 14:00:00+00:00,3251177571.0,0.0019155,22.51405733,188369767.0,0.0,2.2719510793685913,0.0,0.0,0.0,0.0,0.0,0.7925221920013428,0.7526413798332214,0.0,0.0,0.7925221920013428,0.0,0.0,10.0,166.0,19.0,26.0,63.0,22.0,57.0
2020-08-24 16:00:00+00:00,3249053222.0,0.00191461,22.49934644,190434562.0,4.2677863240242,0.7931250333786011,0.0,0.0,0.0,4.2677863240242,0.0,0.0,4.350540935993195,0.0,0.0,0.0,0.0,0.0,8.0,167.0,23.0,26.0,37.0,28.0,49.0
2020-08-24 18:00:00+00:00,3246204327.0,0.00191387,22.47961815,190853843.0,1.6113024353981018,0.0,0.0,0.0,0.0,1.6113024353981018,0.0,0.0,0.0,0.0,0.0,0.0,0.0,0.0,5.0,152.0,18.0,34.0,39.0,27.0,43.0
2020-08-24 20:00:00+00:00,3239993580.0,0.00190639,22.43660939,189317635.0,2.5673641562461853,0.0,0.0,0.0,0.0,1.7318827509880066,0.8354814052581787,0.0,0.0,0.0,0.0,0.0,0.0,0.0,5.0,144.0,34.0,23.0,85.0,20.0,43.0
2020-08-24 22:00:00+00:00,3264433403.0,0.00191988,22.60585255,192633739.0,0.8230412006378174,0.0,0.0,0.0,0.0,0.0,0.8230412006378174,0.7224463224411011,0.0,0.0,0.0,0.0,0.0,0.7224463224411011,6.0,159.0,8.0,41.0,100.0,11.0,50.0
2020-08-25 00:00:00+00:00,3253885139.0,0.0019136,22.53280695,192116158.0,1.6696578860282898,0.0,0.0,0.0,0.0,1.6696578860282898,0.0,0.0,0.0,0.0,0.0,0.0,0.0,0.0,3.0,151.0,13.0,21.0,39.0,15.0,27.0
2020-08-25 02:00:00+00:00,3222471742.0,0.00190479,22.31527253,193073156.0,0.8945901989936829,0.7400868535041809,0.0,0.0,0.0,0.8945901989936829,0.0,0.0,0.0,0.0,0.0,0.0,0.0,0.0,3.0,141.0,10.0,17.0,27.0,8.0,34.0
2020-08-25 04:00:00+00:00,3225751325.0,0.00191034,22.33798329,194965746.0,0.0,0.7313679456710815,0.0,0.0,0.0,0.0,0.0,0.8805474042892456,1.7003965973854065,0.0,0.0,0.0,0.0,0.0,3.0,147.0,4.0,15.0,53.0,10.0,25.0
2020-08-25 06:00:00+00:00,3199308973.0,0.00190846,22.15487283,193423725.0,4.213579058647156,0.8655001521110535,0.0,0.0,0.0,3.35117644071579,0.862402617931366,0.0,0.0,0.0,0.0,0.0,0.0,0.0,6.0,137.0,7.0,15.0,57.0,12.0,50.0
2020-08-25 08:00:00+00:00,3220514891.0,0.0019214,22.30172155,194791126.0,0.9107112884521484,0.0,0.0,0.0,0.0,0.9107112884521484,0.0,0.7417550683021545,0.0,0.0,0.0,0.0,0.7417550683021545,0.0,9.0,206.0,13.0,25.0,38.0,8.0,53.0
2020-08-25 10:00:00+00:00,3242296557.0,0.0019289,22.45255726,185800951.0,1.6176848411560059,0.7968732714653015,0.0,0.0,0.0,1.6176848411560059,0.0,0.8243387341499329,2.351888656616211,0.0,0.0,0.0,0.0,0.0,10.0,184.0,13.0,20.0,37.0,8.0,56.0
2020-08-25 12:00:00+00:00,3185574493.0,0.00192081,22.05976302,193283115.0,0.9639908671379089,0.0,0.0,0.0,0.0,0.9639908671379089,0.0,0.0,3.343747913837433,0.0,0.0,0.0,0.0,0.0,3.0,123.0,3.0,34.0,116.0,29.0,51.0
2020-08-25 14:00:00+00:00,3153015678.0,0.00190531,21.83429671,201633020.0,1.5217793583869934,0.740818977355957,0.0,0.0,0.0,1.5217793583869934,0.0,0.0,3.0657646656036377,0.0,0.0,0.0,0.0,0.0,5.0,130.0,13.0,27.0,85.0,22.0,53.0
2020-08-25 16:00:00+00:00,3070351789.0,0.00188374,21.26185811,215761786.0,7.0730849504470825,0.0,0.0,0.0,0.0,5.487796366214752,1.5852885842323303,1.4900645017623901,3.3330599665641785,0.7729181051254272,0.0,0.0,0.0,0.7171463966369629,18.0,120.0,41.0,36.0,122.0,71.0,59.0
2020-08-25 18:00:00+00:00,3086414093.0,0.00188329,21.37308785,228182742.0,6.175211429595947,0.7634264826774597,0.0,0.0,0.0,4.528108656406403,0.883676290512085,0.0,0.0,0.0,0.0,0.0,0.0,0.0,26.0,105.0,11.0,42.0,98.0,87.0,63.0
2020-08-25 20:00:00+00:00,3092525169.0,0.00188828,21.4154064,235231608.0,2.193440079689026,0.0,0.0,0.0,0.0,2.193440079689026,0.0,0.8958473205566406,1.678026258945465,0.0,0.0,0.0,0.8958473205566406,0.0,6.0,89.0,9.0,24.0,81.0,43.0,38.0
2020-08-25 22:00:00+00:00,3101183769.0,0.00188942,21.47536628,234877041.0,5.204964339733124,0.0,0.0,0.0,0.0,3.5558170676231384,1.6491472721099854,0.0,0.0,0.0,0.0,0.0,0.0,0.0,12.0,68.0,14.0,33.0,129.0,35.0,24.0
2020-08-26 00:00:00+00:00,3157841891.0,0.00192593,21.86771772,248490063.0,4.868047118186951,0.0,0.0,0.8162143230438232,0.0,3.2699546217918396,0.7818781733512878,0.7953085899353027,0.0,0.0,0.7953085899353027,0.0,0.0,0.0,8.0,69.0,10.0,26.0,34.0,23.0,15.0
2020-08-26 02:00:00+00:00,3166087037.0,0.00192795,21.92481447,253503956.0,1.7437655329704285,2.4765241742134094,0.0,0.0,0.924369215965271,0.8193963170051575,0.0,1.7074441313743591,3.3277758955955505,0.0,0.0,0.940493643283844,0.7669504880905151,0.0,18.0,80.0,13.0,12.0,34.0,17.0,17.0
2020-08-26 04:00:00+00:00,3222767950.0,0.00195989,22.31732374,269200712.0,7.105795085430145,2.430239975452423,1.5497713685035706,0.0,1.614284634590149,3.095054566860199,0.0,1.789952039718628,2.552528202533722,0.0,0.0,0.0,1.789952039718628,0.0,20.0,62.0,9.0,11.0,39.0,40.0,28.0
2020-08-26 06:00:00+00:00,3188374072.0,0.0019415963937925852,22.0791498134,266055277.0,3.7333422899246216,0.0,0.0,0.0,0.0,2.8928229808807373,0.8405193090438843,0.9049785137176514,0.0,0.0,0.0,0.0,0.0,0.9049785137176514,12.0,63.0,8.0,18.0,46.0,33.0,40.0
2020-08-26 08:00:00+00:00,3203517913.0,0.00194891,22.18401929,269846730.0,6.42650043964386,2.2760759592056274,0.0,0.0,0.0,4.061650991439819,1.546744167804718,1.6187813878059387,0.7876822352409363,0.0,0.0,0.0,0.0,0.8310991525650024,16.0,119.0,3.0,21.0,32.0,22.0,40.0
2020-08-26 10:00:00+00:00,3212052862.0,0.00195105,22.2431229,275314904.0,2.422993779182434,0.804256796836853,0.0,0.0,0.0,1.608339250087738,0.814654529094696,1.6717711687088013,0.0,0.0,0.0,0.8434235453605652,0.0,0.8283476233482361,15.0,151.0,18.0,23.0,21.0,38.0,49.0
2020-08-26 12:00:00+00:00,3174651392.0,0.00193527,21.98412172,267228975.0,3.085724115371704,0.0,0.0,0.0,0.0,2.272235691547394,0.8134884238243103,0.8660930395126343,0.0,0.0,0.0,0.0,0.8660930395126343,0.0,11.0,106.0,2.0,27.0,85.0,35.0,59.0
2020-08-26 14:00:00+00:00,3223780049.0,0.001943,22.32433242,268131428.0,1.559727132320404,0.0,0.0,0.0,0.0,0.7605907917022705,0.7991363406181335,0.0,0.0,0.0,0.0,0.0,0.0,0.0,13.0,101.0,30.0,31.0,54.0,31.0,64.0
2020-08-26 16:00:00+00:00,3240127420.0,0.001954609143646746,22.4375362192,255302041.0,1.6799883246421814,0.8025341033935547,0.0,0.7413259744644165,0.0,0.0,0.9386623501777649,0.9561164975166321,0.9561164975166321,0.0,0.0,0.0,0.0,0.0,10.0,93.0,35.0,41.0,54.0,24.0,60.0
2020-08-26 18:00:00+00:00,3234622273.0,0.00194988,22.39941366,247546089.0,5.253713548183441,0.7975335121154785,0.0,0.0,0.0,5.253713548183441,0.0,0.0,0.0,0.0,0.0,0.0,0.0,0.0,13.0,52.0,19.0,32.0,28.0,19.0,47.0
2020-08-26 20:00:00+00:00,3234265323.0,0.00194892,22.39694182,248283521.0,3.173460006713867,0.703027069568634,0.0,0.0,0.0,3.173460006713867,0.0,0.919984757900238,0.0,0.0,0.0,0.0,0.919984757900238,0.0,10.0,60.0,31.0,40.0,57.0,29.0,30.0
2020-08-26 22:00:00+00:00,3216988911.0,0.00193912,22.27730452,255812854.0,1.5193345546722412,1.6159854531288147,0.0,0.0,0.7031649351119995,0.8161696195602417,0.0,0.0,0.0,0.0,0.0,0.0,0.0,0.0,5.0,63.0,11.0,28.0,48.0,14.0,39.0
2020-08-27 00:00:00+00:00,3207672144.0,0.00194325,22.2127869,249179996.0,1.4868118166923523,1.4874861240386963,0.7785925269126892,0.0,0.0,0.0,0.7082192897796631,0.0,0.0,0.0,0.0,0.0,0.0,0.0,5.0,63.0,9.0,40.0,46.0,19.0,21.0
2020-08-27 02:00:00+00:00,3226546540.0,0.0019574,22.34349007,243201267.0,1.6781200170516968,1.611823558807373,0.0,0.0,0.0,1.6781200170516968,0.0,0.0,0.0,0.0,0.0,0.0,0.0,0.0,7.0,88.0,5.0,23.0,26.0,14.0,32.0
2020-08-27 04:00:00+00:00,3195275477.0,0.00194586,22.1269413,230731853.0,0.8905059099197388,0.0,0.0,0.0,0.0,0.8905059099197388,0.0,0.0,0.0,0.0,0.0,0.0,0.0,0.0,4.0,105.0,9.0,19.0,41.0,12.0,25.0
2020-08-27 06:00:00+00:00,3224882767.0,0.00195541,22.33196862,233660828.0,2.4206636548042297,0.0,0.0,0.0,0.0,2.4206636548042297,0.0,0.0,0.0,0.0,0.0,0.0,0.0,0.0,7.0,111.0,4.0,9.0,30.0,18.0,46.0
2020-08-27 08:00:00+00:00,3317704806.0,0.00200853,22.97475133,253096328.0,0.7712404727935791,0.0,0.0,0.0,0.0,0.7712404727935791,0.0,0.8041737675666809,0.0,0.0,0.0,0.8041737675666809,0.0,0.0,8.0,153.0,6.0,23.0,34.0,11.0,51.0
2020-08-27 10:00:00+00:00,3268759531.0,0.001990325744592881,22.6358105286,257692967.0,3.905559480190277,1.5831319689750671,0.7044146060943604,0.0,0.7495686411857605,1.7067638039588928,0.0,1.7234356999397278,3.2758936285972595,0.0,0.0,0.0,0.0,0.0,13.0,121.0,16.0,27.0,21.0,20.0,47.0
2020-08-27 12:00:00+00:00,3271840637.0,0.00198183,22.65714686,268193139.0,1.852763056755066,0.9227879047393799,0.0,0.0,0.0,0.929975152015686,0.0,1.844946563243866,0.0,0.0,0.0,0.9204175472259521,0.9245290160179138,0.0,12.0,126.0,17.0,29.0,176.0,31.0,38.0
2020-08-27 14:00:00+00:00,3261795498.0,0.00199037,22.58758535,269982415.0,3.1434566378593445,1.4459683299064636,0.0,0.0,0.0,3.1434566378593445,0.0,1.620201289653778,0.0,1.620201289653778,0.0,0.0,0.0,0.0,12.0,113.0,27.0,22.0,37.0,15.0,78.0
2020-08-27 16:00:00+00:00,3181019602.0,0.0019666668745279142,22.0282208941,277747046.0,4.1758018136024475,0.0,0.8497671484947205,0.0,0.0,2.489119827747345,0.8369148373603821,0.0,0.0,0.0,0.0,0.0,0.0,0.0,12.0,88.0,12.0,35.0,61.0,23.0,53.0
2020-08-27 18:00:00+00:00,3213952585.0,0.00197571,22.25627828,278917095.0,0.0,0.0,0.0,0.0,0.0,0.0,0.0,0.0,0.0,0.0,0.0,0.0,0.0,0.0,7.0,95.0,9.0,34.0,39.0,15.0,53.0
2020-08-27 20:00:00+00:00,3253059354.0,0.00199334,22.52708848,282547863.0,3.2604711651802063,0.9302710294723511,0.7113713622093201,0.0,0.7545515298843384,0.9263350367546082,0.8682132363319397,1.5861625671386719,0.0,0.0,0.0,0.8393533825874329,0.0,0.746809184551239,9.0,66.0,8.0,20.0,53.0,23.0,36.0
2020-08-27 22:00:00+00:00,3333012206.0,0.00203832,23.08075344,296206828.0,1.7055665850639343,0.7648565769195557,0.0,0.0,0.0,0.0,0.9407100081443787,0.0,0.7113873958587646,0.0,0.0,0.0,0.0,0.0,7.0,54.0,15.0,27.0,50.0,16.0,35.0
2020-08-28 00:00:00+00:00,3358669350.0,0.00204314,23.25842642,313797240.0,0.7071229219436646,1.5918275117874146,0.7071229219436646,0.0,0.0,0.0,0.0,0.0,1.5729637145996094,0.0,0.0,0.0,0.0,0.0,4.0,91.0,6.0,15.0,14.0,13.0,16.0
2020-08-28 02:00:00+00:00,3373749333.0,0.00205254,23.36285369,322514241.0,3.320213735103607,4.935656905174255,0.0,0.0,0.0,2.4712180495262146,0.8489956855773926,0.0,0.0,0.0,0.0,0.0,0.0,0.0,6.0,81.0,8.0,17.0,22.0,15.0,31.0
2020-08-28 04:00:00+00:00,3355767375.0,0.00203807,23.23833055,324768739.0,2.3084147572517395,1.826864778995514,0.0,0.0,0.0,2.3084147572517395,0.0,0.0,0.0,0.0,0.0,0.0,0.0,0.0,3.0,64.0,6.0,11.0,34.0,13.0,45.0
2020-08-28 06:00:00+00:00,3315289540.0,0.0020132,22.95802587,332756600.0,0.8121228218078613,2.436217248439789,0.0,0.0,0.0,0.0,0.0,0.0,0.7255975604057312,0.0,0.0,0.0,0.0,0.0,3.0,93.0,10.0,21.0,76.0,20.0,61.0
2020-08-28 08:00:00+00:00,3339786538.0,0.00201801830132587,23.1276649651,323129866.0,0.0,0.0,0.0,0.0,0.0,0.0,0.0,0.0,0.0,0.0,0.0,0.0,0.0,0.0,7.0,126.0,7.0,17.0,37.0,14.0,64.0
2020-08-28 10:00:00+00:00,3296515097.0,0.00198919,22.82801486,314580988.0,0.7964084148406982,0.7003503441810608,0.0,0.0,0.0,0.7964084148406982,0.0,10.272109806537628,0.0,0.0,0.0,8.756472170352936,0.0,1.5156376361846924,22.0,122.0,6.0,13.0,25.0,9.0,49.0
2020-08-28 12:00:00+00:00,3301179843.0,0.00199325,22.86031772,302047823.0,3.1914159655570984,0.7015271186828613,0.0,0.0,0.0,1.6792563796043396,0.8106324672698975,0.0,0.0,0.0,0.0,0.0,0.0,0.0,13.0,116.0,2.0,28.0,40.0,19.0,87.0
2020-08-28 14:00:00+00:00,3321506517.0,0.00199557,23.00107777,302921876.0,4.0703582763671875,0.7381365299224854,0.0,0.0,0.0,3.226282238960266,0.8440760374069214,0.0,0.0,0.0,0.0,0.0,0.0,0.0,13.0,102.0,18.0,19.0,49.0,35.0,70.0
2020-08-28 16:00:00+00:00,3331175845.0,0.002007502590745706,23.0680368326,285036117.0,0.0,0.9675458073616028,0.0,0.0,0.0,0.0,0.0,0.93996661901474,2.722141206264496,0.0,0.0,0.0,0.0,0.0,8.0,107.0,26.0,32.0,60.0,33.0,60.0
2020-08-28 18:00:00+00:00,3324397341.0,0.00199735,23.02109642,281064524.0,1.667806327342987,0.0,0.0,0.0,0.0,0.7146274447441101,0.953178882598877,0.0,0.8604745864868164,0.0,0.0,0.0,0.0,0.0,5.0,84.0,21.0,17.0,39.0,20.0,54.0
2020-08-28 20:00:00+00:00,3323221648.0,0.00199815840507322,23.0129548702,276657825.0,0.8407962918281555,0.0,0.0,0.0,0.0,0.0,0.8407962918281555,0.0,0.0,0.0,0.0,0.0,0.0,0.0,3.0,87.0,14.0,36.0,16.0,15.0,40.0
2020-08-28 22:00:00+00:00,3340674193.0,0.00200423,23.13381188,260086579.0,0.8059192895889282,0.0,0.0,0.0,0.0,0.8059192895889282,0.0,0.0,0.863557755947113,0.0,0.0,0.0,0.0,0.0,5.0,63.0,13.0,18.0,43.0,11.0,45.0
2020-08-29 00:00:00+00:00,3311454429.0,0.00199306,22.93146814,238956725.0,0.0,0.0,0.0,0.0,0.0,0.0,0.0,0.0,0.0,0.0,0.0,0.0,0.0,0.0,2.0,91.0,7.0,16.0,17.0,13.0,15.0
2020-08-29 02:00:00+00:00,3324102522.0,0.00199815,23.01905483,227924786.0,0.0,1.5261285305023193,0.0,0.0,0.0,0.0,0.0,0.7203103303909302,0.0,0.0,0.0,0.7203103303909302,0.0,0.0,2.0,101.0,3.0,11.0,30.0,10.0,17.0
2020-08-29 04:00:00+00:00,3359600183.0,0.00201904,23.26487233,224024145.0,0.710111141204834,0.0,0.0,0.0,0.0,0.710111141204834,0.0,0.7915657758712769,0.0,0.0,0.0,0.0,0.0,0.7915657758712769,6.0,93.0,5.0,15.0,18.0,7.0,27.0
2020-08-29 06:00:00+00:00,3376776470.0,0.00202045,23.38381629,212563155.0,1.6632390022277832,0.7903294563293457,0.0,0.0,0.0,0.8729095458984375,0.0,1.525140106678009,1.7011475563049316,0.0,0.0,0.0,0.7491329908370972,0.0,8.0,78.0,10.0,13.0,19.0,16.0,44.0
2020-08-29 08:00:00+00:00,3371691384.0,0.00201879,23.34860261,209832054.0,4.12553346157074,0.0,0.0,0.0,0.0,3.354351818561554,0.7711816430091858,0.0,0.0,0.0,0.0,0.0,0.0,0.0,8.0,102.0,1.0,10.0,33.0,6.0,28.0
2020-08-29 10:00:00+00:00,3341256290.0,0.00201417,23.13784284,199839745.0,3.2280179262161255,0.0,0.0,0.0,0.0,1.7542225122451782,1.4737954139709473,0.0,0.0,0.0,0.0,0.0,0.0,0.0,6.0,91.0,2.0,10.0,45.0,12.0,43.0
2020-08-29 12:00:00+00:00,3337462736.0,0.00201473,23.11157288,195199808.0,0.0,0.0,0.0,0.0,0.0,0.0,0.0,0.0,0.0,0.0,0.0,0.0,0.0,0.0,6.0,134.0,16.0,24.0,20.0,17.0,54.0
2020-08-29 14:00:00+00:00,3348798305.0,0.002014410989386888,23.190070485,192170180.0,0.0,0.0,0.0,0.0,0.0,0.0,0.0,0.0,0.9366368651390076,0.0,0.0,0.0,0.0,0.0,4.0,146.0,14.0,25.0,36.0,12.0,47.0
2020-08-29 16:00:00+00:00,3382437783.0,0.00203076,23.42302028,196012093.0,0.0,0.0,0.0,0.0,0.0,0.0,0.0,0.0,0.8094311952590942,0.0,0.0,0.0,0.0,0.0,4.0,125.0,14.0,28.0,40.0,17.0,37.0
2020-08-29 18:00:00+00:00,3369641042.0,0.00202222,23.33440422,200354420.0,0.7841429114341736,0.0,0.7841429114341736,0.0,0.0,0.0,0.0,0.0,0.0,0.0,0.0,0.0,0.0,0.0,4.0,104.0,14.0,21.0,42.0,14.0,34.0
2020-08-29 20:00:00+00:00,3352496271.0,0.0020136,23.21567851,200519835.0,1.4324429631233215,1.5095221400260925,0.0,0.0,0.0,0.7307719588279724,0.0,0.774456799030304,1.7044978737831116,0.0,0.0,0.0,0.0,0.0,7.0,78.0,4.0,22.0,30.0,16.0,35.0
2020-08-29 22:00:00+00:00,3322978734.0,0.00199979,23.01127272,213897145.0,2.5428013801574707,1.6253506541252136,0.0,0.0,0.0,0.9174507260322571,0.0,2.43775737285614,2.43775737285614,0.0,0.0,0.0,0.0,0.0,9.0,102.0,8.0,22.0,33.0,18.0,27.0
2020-08-30 00:00:00+00:00,3341301211.0,0.001993749442414987,23.1381539133,220720852.0,0.7574065923690796,0.7574065923690796,0.0,0.0,0.0,0.0,0.0,4.180245816707611,2.7439722418785095,0.0,0.0,1.4362735748291016,0.0,0.0,13.0,106.0,29.0,18.0,25.0,11.0,18.0
2020-08-30 02:00:00+00:00,3340762574.0,0.00199112,23.13442391,222583533.0,0.0,0.0,0.0,0.0,0.0,0.0,0.0,0.0,0.0,0.0,0.0,0.0,0.0,0.0,5.0,103.0,4.0,26.0,28.0,11.0,21.0
2020-08-30 04:00:00+00:00,3323773307.0,0.00198201,23.01677505,222899670.0,0.0,0.0,0.0,0.0,0.0,0.0,0.0,0.0,0.0,0.0,0.0,0.0,0.0,0.0,2.0,84.0,17.0,19.0,31.0,15.0,23.0
2020-08-30 06:00:00+00:00,3335673386.0,0.00198877,23.09918183,219532980.0,2.4072009325027466,0.0,0.7371121048927307,0.0,0.0,1.6700888276100159,0.0,0.0,0.0,0.0,0.0,0.0,0.0,0.0,9.0,94.0,18.0,22.0,34.0,15.0,53.0
2020-08-30 08:00:00+00:00,3341394931.0,0.00199374,23.13880291,216669739.0,2.3820868730545044,0.7876325845718384,0.0,0.0,0.0,1.594454288482666,0.0,0.0,0.0,0.0,0.0,0.0,0.0,0.0,5.0,143.0,9.0,29.0,38.0,9.0,43.0
2020-08-30 10:00:00+00:00,3345755027.0,0.00199509,23.16899611,214284431.0,0.7090392112731934,0.7090392112731934,0.0,0.0,0.0,0.0,0.0,0.0,0.0,0.0,0.0,0.0,0.0,0.0,3.0,173.0,14.0,20.0,28.0,11.0,32.0
2020-08-30 12:00:00+00:00,3352469914.0,0.00199478,23.21549598,218883176.0,1.4675530791282654,0.0,0.0,0.0,0.0,0.7435930967330933,0.7239599823951721,0.0,0.0,0.0,0.0,0.0,0.0,0.0,4.0,150.0,12.0,21.0,40.0,7.0,47.0
2020-08-30 14:00:00+00:00,3373138677.0,0.00200909,23.35862496,226698719.0,0.7236136794090271,0.7881407737731934,0.0,0.0,0.0,0.7236136794090271,0.0,0.0,0.0,0.0,0.0,0.0,0.0,0.0,3.0,150.0,11.0,26.0,29.0,17.0,59.0
2020-08-30 16:00:00+00:00,3438422925.0,0.00204256,23.8107114,234862600.0,2.6530210375785828,0.0,0.8439269065856934,0.0,0.0,0.8634968996047974,0.945597231388092,0.9206804037094116,0.0,0.0,0.0,0.0,0.9206804037094116,0.0,8.0,165.0,19.0,19.0,28.0,9.0,43.0
2020-08-30 18:00:00+00:00,3429292174.0,0.00203682,23.74748193,235082453.0,0.8594699501991272,2.3981130719184875,0.0,0.0,0.0,0.0,0.0,0.0,0.0,0.0,0.0,0.0,0.0,0.0,3.0,101.0,11.0,34.0,26.0,20.0,48.0
2020-08-30 20:00:00+00:00,3405089529.0,0.00202774,23.5798812,236298051.0,0.8909539580345154,1.6536076068878174,0.0,0.0,0.0,0.0,0.8909539580345154,0.0,0.0,0.0,0.0,0.0,0.0,0.0,2.0,80.0,14.0,25.0,33.0,16.0,37.0
2020-08-30 22:00:00+00:00,3414480811.0,0.00201895,23.64491482,228141192.0,1.6198007464408875,0.0,0.0,0.0,0.0,0.734695315361023,0.8851054310798645,0.0,0.0,0.0,0.0,0.0,0.0,0.0,5.0,71.0,12.0,28.0,44.0,17.0,21.0
2020-08-31 00:00:00+00:00,3428332652.0,0.00202915,23.74083734,229698340.0,1.5130121111869812,2.3982467651367188,0.0,0.0,0.0,0.8047403693199158,0.7082717418670654,0.0,0.0,0.0,0.0,0.0,0.0,0.0,3.0,83.0,11.0,21.0,67.0,9.0,8.0
2020-08-31 02:00:00+00:00,3404311664.0,0.0020158,23.57449456,226908800.0,0.0,0.0,0.0,0.0,0.0,0.0,0.0,0.0,0.0,0.0,0.0,0.0,0.0,0.0,5.0,86.0,4.0,20.0,56.0,17.0,18.0
2020-08-31 04:00:00+00:00,3388576702.0,0.00200767,23.465531640000002,222844415.0,1.5524089336395264,0.0,0.0,0.0,0.0,1.5524089336395264,0.0,0.0,0.0,0.0,0.0,0.0,0.0,0.0,5.0,100.0,1.0,23.0,29.0,16.0,15.0
2020-08-31 06:00:00+00:00,3359663799.0,0.00199943,23.26531287,223928114.0,0.0,2.759440243244171,0.0,0.0,0.0,0.0,0.0,0.7593063712120056,0.0,0.0,0.0,0.0,0.0,0.7593063712120056,3.0,139.0,5.0,23.0,15.0,14.0,34.0
2020-08-31 08:00:00+00:00,3357327928.0,0.00199942,23.24913722,224931172.0,0.0,0.0,0.0,0.0,0.0,0.0,0.0,0.0,0.0,0.0,0.0,0.0,0.0,0.0,4.0,134.0,2.0,21.0,40.0,8.0,41.0
2020-08-31 10:00:00+00:00,3378777798.0,0.00199793,23.39767527,232225096.0,0.747555673122406,0.0,0.0,0.0,0.0,0.0,0.747555673122406,1.719639778137207,2.6189501881599426,0.0,0.0,0.0,0.0,0.0,10.0,95.0,10.0,30.0,54.0,12.0,32.0
2020-08-31 12:00:00+00:00,3366935296.0,0.00198715,23.31566721,234716041.0,3.5370126962661743,0.0,0.0,0.0,0.0,2.6492849588394165,0.8877277374267578,0.0,0.0,0.0,0.0,0.0,0.0,0.0,8.0,196.0,13.0,27.0,63.0,17.0,47.0
2020-08-31 14:00:00+00:00,3350843227.0,0.00197422,23.20423135,227098477.0,2.3769288659095764,0.8080547451972961,0.8017783164978027,0.0,0.0,0.7670958042144775,0.0,1.758140206336975,0.0,0.0,1.758140206336975,0.0,0.0,0.0,10.0,145.0,11.0,39.0,39.0,21.0,54.0
2020-08-31 16:00:00+00:00,3374785468.0,0.00199249,23.37002881,219991402.0,1.5684949159622192,0.8729986548423767,0.0,0.0,0.0,0.0,1.5684949159622192,2.439380943775177,0.7849143147468567,0.0,0.7001088261604309,0.0,0.768244206905365,0.9710279107093811,8.0,130.0,11.0,40.0,37.0,24.0,45.0
2020-08-31 18:00:00+00:00,3375389983.0,0.001990320503719743,23.3742150127,217993805.0,0.0,5.989427387714386,0.0,0.0,0.0,0.0,0.0,0.9138639569282532,1.7296832203865051,0.0,0.0,0.0,0.0,0.0,5.0,151.0,14.0,24.0,33.0,29.0,45.0
2020-08-31 20:00:00+00:00,3331577087.0,0.00197773,23.07081539,216971442.0,0.7304859161376953,0.0,0.0,0.0,0.0,0.0,0.7304859161376953,0.0,0.0,0.0,0.0,0.0,0.0,0.0,5.0,138.0,11.0,28.0,188.0,16.0,33.0
2020-08-31 22:00:00+00:00,3349228654.0,0.00198557,23.19305061,215511200.0,0.9315392971038818,0.0,0.0,0.9315392971038818,0.0,0.0,0.0,0.0,0.0,0.0,0.0,0.0,0.0,0.0,4.0,121.0,12.0,29.0,32.0,11.0,49.0
2020-09-01 00:00:00+00:00,3350106482.0,0.00199392,23.19912947,216401130.0,0.752781867980957,0.0,0.0,0.0,0.0,0.752781867980957,0.0,0.0,0.0,0.0,0.0,0.0,0.0,0.0,5.0,112.0,7.0,17.0,54.0,25.0,18.0
2020-09-01 02:00:00+00:00,3351012505.0,0.00198362,23.20540358,219691328.0,1.6612414121627808,0.0,0.0,0.0,0.0,1.6612414121627808,0.0,0.911189615726471,0.969770610332489,0.0,0.0,0.0,0.911189615726471,0.0,5.0,122.0,6.0,25.0,16.0,18.0,19.0
2020-09-01 04:00:00+00:00,3345607797.0,0.001967073405817023,23.1679765577,225416099.0,1.6754417419433594,0.0,0.0,0.0,0.0,1.6754417419433594,0.0,0.784815788269043,0.9016745686531067,0.0,0.0,0.0,0.784815788269043,0.0,6.0,104.0,5.0,27.0,34.0,19.0,25.0
2020-09-01 06:00:00+00:00,3381932391.0,0.00196598,23.41952049,235842940.0,2.2960497736930847,0.7180877327919006,0.0,0.0,0.0,0.7337081432342529,0.8442538976669312,0.7788980603218079,0.0,0.0,0.0,0.0,0.7788980603218079,0.0,8.0,105.0,7.0,25.0,50.0,11.0,35.0
2020-09-01 08:00:00+00:00,3423401076.0,0.0019852,23.7066867,245592436.0,1.609636664390564,1.7966869473457336,0.0,0.0,0.0,0.7850931286811829,0.0,0.814214825630188,2.572226643562317,0.0,0.0,0.0,0.0,0.0,10.0,137.0,12.0,33.0,27.0,24.0,35.0
2020-09-01 10:00:00+00:00,3340373514.0,0.00194238,23.13172971,260789224.0,0.0,0.7972826361656189,0.0,0.0,0.0,0.0,0.0,0.0,0.0,0.0,0.0,0.0,0.0,0.0,4.0,160.0,14.0,29.0,93.0,24.0,37.0
2020-09-01 12:00:00+00:00,3370318008.0,0.00196277,23.33909213,284715541.0,5.088225841522217,0.0,0.0,0.0,0.0,5.088225841522217,0.0,1.4779476523399353,0.7561609148979187,0.0,0.0,1.4779476523399353,0.0,0.0,19.0,129.0,18.0,46.0,40.0,26.0,38.0
2020-09-01 14:00:00+00:00,3410872959.0,0.00196083,23.61993084,316114049.0,0.0,0.7689529657363892,0.0,0.0,0.0,0.0,0.0,0.0,0.820428729057312,0.0,0.0,0.0,0.0,0.0,6.0,142.0,20.0,34.0,74.0,13.0,60.0
2020-09-01 16:00:00+00:00,3417301141.0,0.00197344,23.66444531,333048091.0,5.798910737037659,0.0,1.6626484990119934,0.0,2.4567598700523376,1.6795023679733276,0.0,2.3706501722335815,0.0,2.3706501722335815,0.0,0.0,0.0,0.0,19.0,148.0,22.0,45.0,34.0,22.0,39.0
2020-09-01 18:00:00+00:00,3587695575.0,0.00207238,24.84440856,393663525.0,7.671056270599365,0.0,2.7284810543060303,0.0,2.4188987016677856,2.5236765146255493,0.0,1.9647784233093262,0.0,1.9647784233093262,0.0,0.0,0.0,0.0,26.0,148.0,22.0,30.0,30.0,26.0,31.0
2020-09-01 20:00:00+00:00,3612652180.0,0.0020784,25.01723038,433266112.0,1.516857385635376,0.0,0.0,0.0,0.0,1.516857385635376,0.0,0.0,0.7571114897727966,0.0,0.0,0.0,0.0,0.0,10.0,123.0,16.0,35.0,59.0,23.0,30.0
2020-09-01 22:00:00+00:00,3584473534.0,0.00207361,24.82209627,450200844.0,0.0,0.0,0.0,0.0,0.0,0.0,0.0,0.0,0.9326721429824829,0.0,0.0,0.0,0.0,0.0,2.0,88.0,26.0,35.0,76.0,14.0,24.0
2020-09-02 00:00:00+00:00,3669223072.0,0.00213424,25.40897776,505987816.0,1.706012785434723,0.0,0.0,0.0,1.706012785434723,0.0,0.0,0.7752842307090759,0.0,0.0,0.0,0.7752842307090759,0.0,0.0,9.0,94.0,11.0,33.0,27.0,16.0,20.0
2020-09-02 02:00:00+00:00,3643561302.0,0.00212613,25.23127275,534153633.0,1.7691507935523987,0.0,0.0,0.0,0.0,1.7691507935523987,0.0,0.7310329675674438,2.482027232646942,0.0,0.0,0.0,0.0,0.0,8.0,101.0,11.0,27.0,0.0,23.0,19.0
2020-09-02 04:00:00+00:00,3637592565.0,0.00211941,25.18993988,544042895.0,0.9742128849029541,1.5478521585464478,0.0,0.0,0.0,0.9742128849029541,0.0,1.5286880135536194,0.0,1.5286880135536194,0.0,0.0,0.0,0.0,5.0,83.0,13.0,29.0,0.0,16.0,14.0
2020-09-02 06:00:00+00:00,3623372462.0,0.0021321,25.09146719,554393668.0,4.144220590591431,0.0,0.8976932168006897,0.0,0.0,2.4148253202438354,0.8317020535469055,0.0,0.0,0.0,0.0,0.0,0.0,0.0,15.0,114.0,8.0,26.0,0.0,18.0,37.0
2020-09-02 08:00:00+00:00,3723765009.0,0.00219409,25.78667485,575085082.0,2.4564526677131653,0.0,0.0,0.0,0.0,0.8105754256248474,1.6458772420883179,0.0,0.0,0.0,0.0,0.0,0.0,0.0,10.0,121.0,8.0,20.0,0.0,19.0,41.0
2020-09-02 10:00:00+00:00,3479312683.0,0.00211111,24.09386861,595077692.0,3.236874520778656,4.015399396419525,0.0,0.0,0.0,1.644081473350525,0.8473861813545227,0.0,0.8858767151832581,0.0,0.0,0.0,0.0,0.0,16.0,180.0,15.0,21.0,0.0,29.0,44.0
2020-09-02 12:00:00+00:00,3483988098.0,0.00212257,24.12624536,617688510.0,2.2243984937667847,0.0,0.7387595772743225,0.0,0.0,0.7650589346885681,0.720579981803894,0.0,0.0,0.0,0.0,0.0,0.0,0.0,6.0,115.0,18.0,27.0,0.0,21.0,38.0
2020-09-02 14:00:00+00:00,3560934114.0,0.00217069,24.6590883,653134764.0,4.065540671348572,2.378612995147705,0.0,0.0,0.0,3.160441517829895,0.9050991535186768,1.4726733565330505,1.6320729851722717,0.7303507924079895,0.0,0.0,0.0,0.0,15.0,98.0,12.0,34.0,0.0,22.0,57.0
2020-09-02 16:00:00+00:00,3536206488.0,0.00215381,24.48785213,656858213.0,0.0,0.9017695784568787,0.0,0.0,0.0,0.0,0.0,0.0,0.0,0.0,0.0,0.0,0.0,0.0,6.0,96.0,19.0,38.0,0.0,10.0,40.0
2020-09-02 18:00:00+00:00,3527508615.0,0.00214312,24.42762029,616095035.0,0.9384391903877258,2.581486940383911,0.0,0.0,0.0,0.0,0.9384391903877258,0.0,0.0,0.0,0.0,0.0,0.0,0.0,5.0,79.0,9.0,31.0,0.0,28.0,47.0
2020-09-02 20:00:00+00:00,3550113164.0,0.00216031,24.58415438,586784352.0,0.8960186243057251,0.900725781917572,0.0,0.0,0.0,0.8960186243057251,0.0,0.7518587708473206,0.0,0.7518587708473206,0.0,0.0,0.0,0.0,6.0,60.0,17.0,26.0,0.0,20.0,38.0
2020-09-02 22:00:00+00:00,3565450183.0,0.00216316,24.6903616,577817197.0,1.5202512741088867,0.0,0.0,0.0,0.0,0.7080252766609192,0.8122259974479675,0.7744929194450378,0.7744929194450378,0.0,0.0,0.0,0.0,0.0,8.0,28.0,4.0,44.0,0.0,21.0,30.0
2020-09-03 00:00:00+00:00,3675703316.0,0.00222704,25.45385276,590444429.0,0.0,0.0,0.0,0.0,0.0,0.0,0.0,0.0,0.7850350141525269,0.0,0.0,0.0,0.0,0.0,3.0,42.0,8.0,32.0,0.0,10.0,13.0
2020-09-03 02:00:00+00:00,3636267891.0,0.00221282,25.18076666,586104565.0,2.429624617099762,0.0,0.0,0.0,0.0,2.429624617099762,0.0,0.0,0.0,0.0,0.0,0.0,0.0,0.0,6.0,59.0,7.0,33.0,0.0,23.0,24.0
2020-09-03 04:00:00+00:00,3542949340.0,0.00216907,24.53454566,592251470.0,0.0,0.0,0.0,0.0,0.0,0.0,0.0,0.0,0.0,0.0,0.0,0.0,0.0,0.0,3.0,77.0,4.0,24.0,0.0,19.0,34.0
2020-09-03 06:00:00+00:00,3565618115.0,0.00216639,24.6915245,594936782.0,0.0,0.0,0.0,0.0,0.0,0.0,0.0,0.0,0.0,0.0,0.0,0.0,0.0,0.0,9.0,96.0,6.0,39.0,0.0,22.0,38.0
2020-09-03 08:00:00+00:00,3602915722.0,0.00218862,24.94980645,595312671.0,0.0,0.0,0.0,0.0,0.0,0.0,0.0,0.0,0.0,0.0,0.0,0.0,0.0,0.0,1.0,78.0,6.0,25.0,0.0,12.0,35.0
2020-09-03 10:00:00+00:00,3468904488.0,0.00213099,24.02179297,537584245.0,0.0,0.7742722034454346,0.0,0.0,0.0,0.0,0.0,0.7330899834632874,0.0,0.0,0.0,0.0,0.7330899834632874,0.0,11.0,99.0,16.0,34.0,0.0,25.0,45.0
2020-09-03 12:00:00+00:00,3392806671.0,0.0021484,23.49482372,563122078.0,0.7664715647697449,2.327011466026306,0.0,0.0,0.0,0.0,0.7664715647697449,2.442054510116577,2.4950239658355713,0.0,0.0,0.0,1.6365838050842285,0.8054707050323486,19.0,156.0,23.0,39.0,31.0,24.0,59.0
2020-09-03 14:00:00+00:00,3219971975.0,0.00208059,22.29796192,544437264.0,0.0,0.0,0.0,0.0,0.0,0.0,0.0,0.7084421515464783,0.7084421515464783,0.0,0.0,0.0,0.0,0.0,6.0,118.0,22.0,59.0,207.0,51.0,38.0
2020-09-03 16:00:00+00:00,3228540930.0,0.00208054,22.35730101,557581141.0,2.292823553085327,2.403268814086914,0.0,0.0,0.0,1.5880441665649414,0.0,0.7046194672584534,0.0,0.7046194672584534,0.0,0.0,0.0,0.0,8.0,139.0,27.0,38.0,42.0,33.0,59.0
2020-09-03 18:00:00+00:00,3217391043.0,0.00207771,22.28008924,566554788.0,1.5736775398254395,0.8090938329696655,0.0,0.0,0.0,0.0,0.7645837068557739,0.7482680678367615,0.0,0.0,0.0,0.0,0.0,0.7482680678367615,5.0,80.0,38.0,35.0,25.0,17.0,42.0
2020-09-03 20:00:00+00:00,3206508210.0,0.00206648,22.20472678,572951903.0,1.4901886582374573,0.0,0.0,1.4901886582374573,0.0,0.0,0.0,0.7011395692825317,0.0,0.0,0.7011395692825317,0.0,0.0,0.0,5.0,65.0,31.0,33.0,43.0,23.0,25.0
2020-09-03 22:00:00+00:00,2977646779.0,0.00201262,20.61988582,574956638.0,0.0,0.0,0.0,0.0,0.0,0.0,0.0,0.0,0.0,0.0,0.0,0.0,0.0,0.0,2.0,65.0,38.0,36.0,46.0,14.0,31.0
2020-09-04 00:00:00+00:00,2992988562.0,0.00200946,20.72612603,590533108.0,0.8584519028663635,2.3802531957626343,0.0,0.0,0.0,0.0,0.0,0.0,0.0,0.0,0.0,0.0,0.0,0.0,1.0,57.0,22.0,32.0,0.0,24.0,13.0
2020-09-04 02:00:00+00:00,2989033664.0,0.00200828,20.69873878,593733873.0,0.7733309864997864,0.0,0.0,0.0,0.0,0.7733309864997864,0.0,0.0,0.0,0.0,0.0,0.0,0.0,0.0,3.0,45.0,19.0,28.0,15.0,35.0,31.0
2020-09-04 04:00:00+00:00,2965546070.0,0.00199108,20.5360897,574164566.0,0.7758550643920898,0.7758550643920898,0.0,0.0,0.0,0.0,0.0,0.0,0.0,0.0,0.0,0.0,0.0,0.0,2.0,54.0,7.0,28.0,0.0,12.0,31.0
2020-09-04 06:00:00+00:00,2932883750.0,0.00196959,20.30990663,575630865.0,0.0,0.0,0.0,0.0,0.0,0.0,0.0,0.7089430093765259,0.0,0.0,0.0,0.0,0.7089430093765259,0.0,8.0,70.0,9.0,24.0,8.0,14.0,43.0
2020-09-04 08:00:00+00:00,3105698361.0,0.0020451,21.50662935,625033896.0,1.5368362665176392,0.7465819716453552,0.0,0.0,0.0,1.5368362665176392,0.0,0.8337631225585938,1.5835598707199097,0.0,0.0,0.0,0.0,0.0,12.0,85.0,10.0,23.0,10.0,6.0,47.0
2020-09-04 10:00:00+00:00,3093887283.0,0.00204992,21.42483889,608781360.0,1.5907016396522522,0.0,0.0,0.0,0.0,0.0,1.5907016396522522,0.8031351566314697,0.7811573147773743,0.8031351566314697,0.0,0.0,0.0,0.0,8.0,86.0,24.0,23.0,24.0,22.0,49.0
2020-09-04 12:00:00+00:00,3113951673.0,0.00206061,21.56378265,552215459.0,1.6544155478477478,0.0,0.0,0.0,0.0,1.6544155478477478,0.0,0.0,0.8158135414123535,0.0,0.0,0.0,0.0,0.0,3.0,95.0,7.0,33.0,3.0,20.0,61.0
2020-09-04 14:00:00+00:00,2962668654.0,0.00197018,20.5161639,540038766.0,0.8951323628425598,1.526629388332367,0.0,0.0,0.0,0.0,0.8951323628425598,0.0,0.8237512707710266,0.0,0.0,0.0,0.0,0.0,2.0,91.0,16.0,38.0,28.0,18.0,58.0
2020-09-04 16:00:00+00:00,2997098350.0,0.00198705,20.75458587,528278815.0,0.9320278763771057,0.0,0.0,0.0,0.0,0.0,0.9320278763771057,0.0,0.0,0.0,0.0,0.0,0.0,0.0,7.0,99.0,21.0,41.0,21.0,22.0,63.0
2020-09-04 18:00:00+00:00,3081213222.0,0.00201438,21.33707237,538131795.0,0.7751781940460205,0.0,0.0,0.0,0.0,0.7751781940460205,0.0,0.0,0.0,0.0,0.0,0.0,0.0,0.0,5.0,56.0,20.0,24.0,13.0,23.0,44.0
2020-09-04 20:00:00+00:00,3099825476.0,0.00202435,21.46596024,537606092.0,0.9165357947349548,0.0,0.0,0.0,0.0,0.9165357947349548,0.0,0.9456562399864197,0.0,0.0,0.0,0.0,0.9456562399864197,0.0,2.0,47.0,24.0,28.0,0.0,15.0,30.0
2020-09-04 22:00:00+00:00,3040639911.0,0.00200309,21.05610653,489923568.0,0.8373520970344543,0.8709912300109863,0.8373520970344543,0.0,0.0,0.0,0.0,0.0,0.0,0.0,0.0,0.0,0.0,0.0,2.0,36.0,8.0,19.0,12.0,18.0,27.0
2020-09-05 00:00:00+00:00,3071697188.0,0.00202202,21.27117485,453792377.0,0.8873528838157654,0.0,0.0,0.8873528838157654,0.0,0.0,0.0,0.0,0.0,0.0,0.0,0.0,0.0,0.0,4.0,72.0,9.0,25.0,0.0,21.0,27.0
2020-09-05 02:00:00+00:00,3045502858.0,0.00201418,21.08978192,415460922.0,3.3423216938972473,0.0,0.0,0.0,0.0,3.3423216938972473,0.0,0.0,0.0,0.0,0.0,0.0,0.0,0.0,7.0,48.0,31.0,21.0,1.0,12.0,18.0
2020-09-05 04:00:00+00:00,3008207015.0,0.00199235697219046,20.8315121923,401345406.0,1.661095142364502,0.0,0.0,0.0,0.0,1.661095142364502,0.0,0.0,0.0,0.0,0.0,0.0,0.0,0.0,4.0,35.0,9.0,12.0,0.0,11.0,27.0
2020-09-05 06:00:00+00:00,2983042257.0,0.00197989,20.65724893,386829709.0,2.5795053839683533,1.604983150959015,0.0,0.0,0.0,0.8085775375366211,0.9735188484191895,0.8481802940368652,0.7079219222068787,0.0,0.0,0.0,0.8481802940368652,0.0,4.0,68.0,4.0,18.0,7.0,11.0,33.0
2020-09-05 08:00:00+00:00,2909454762.0,0.00194694,20.14766339,358296235.0,1.7439327239990234,0.0,0.0,0.0,0.0,1.7439327239990234,0.0,0.7942755818367004,0.7785391807556152,0.0,0.0,0.0,0.7942755818367004,0.0,10.0,69.0,13.0,16.0,31.0,58.0,55.0
2020-09-05 10:00:00+00:00,2820195558.0,0.00191071,19.52955294,358228817.0,2.470940411090851,0.0,0.0,0.0,0.0,0.776472806930542,1.6944676041603088,0.9226851463317871,1.7452295422554016,0.0,0.0,0.0,0.0,0.0,13.0,129.0,11.0,20.0,10.0,52.0,41.0
2020-09-05 12:00:00+00:00,2851701074.0,0.00191917,19.74772527,394907042.0,0.7873863577842712,0.0,0.0,0.0,0.0,0.7873863577842712,0.0,0.843380331993103,1.6139422059059143,0.0,0.0,0.0,0.843380331993103,0.0,12.0,126.0,25.0,32.0,38.0,40.0,55.0
2020-09-05 14:00:00+00:00,2843462634.0,0.0019122,19.690674950000002,345040990.0,0.0,0.0,0.0,0.0,0.0,0.0,0.0,0.0,0.9994415044784546,0.0,0.0,0.0,0.0,0.0,3.0,103.0,24.0,21.0,14.0,51.0,67.0
2020-09-05 16:00:00+00:00,2725376860.0,0.00185676,18.87294359,341635678.0,1.6433002352714539,1.6991694569587708,0.0,0.0,0.0,0.0,0.7386267185211182,0.7405077219009399,0.0,0.0,0.0,0.7405077219009399,0.0,0.0,7.0,129.0,12.0,25.0,5.0,48.0,45.0
2020-09-05 18:00:00+00:00,2640589401.0,0.00183502,18.28579949,358878520.0,0.8305938243865967,0.0,0.0,0.0,0.0,0.8305938243865967,0.0,0.0,0.0,0.0,0.0,0.0,0.0,0.0,3.0,123.0,26.0,36.0,24.0,27.0,39.0
2020-09-05 20:00:00+00:00,2731104072.0,0.00187016,18.91260392,380907914.0,0.0,0.0,0.0,0.0,0.0,0.0,0.0,0.0,0.938129723072052,0.0,0.0,0.0,0.0,0.0,2.0,86.0,10.0,30.0,66.0,22.0,33.0
2020-09-05 22:00:00+00:00,2812861769.0,0.0019154,19.47876723,399969033.0,0.0,0.0,0.0,0.0,0.0,0.0,0.0,0.0,0.0,0.0,0.0,0.0,0.0,0.0,0.0,52.0,17.0,27.0,34.0,17.0,21.0
2020-09-06 00:00:00+00:00,2788642488.0,0.0018995370734351893,19.3110512967,402418051.0,5.374626815319061,0.7587793469429016,0.0,0.0,0.0,5.374626815319061,0.0,0.7432032227516174,0.0,0.0,0.0,0.7432032227516174,0.0,0.0,10.0,29.0,7.0,24.0,8.0,17.0,9.0
2020-09-06 02:00:00+00:00,2744359108.0,0.00186345,19.00439363,413873900.0,0.9133639931678772,0.0,0.0,0.0,0.0,0.9133639931678772,0.0,0.0,0.0,0.0,0.0,0.0,0.0,0.0,5.0,47.0,3.0,11.0,0.0,15.0,34.0
2020-09-06 04:00:00+00:00,2769001794.0,0.0018909962439712417,19.1750415922,432623614.0,3.4314064383506775,0.7034714818000793,0.0,0.0,0.0,3.4314064383506775,0.0,0.7541622519493103,0.0,0.0,0.0,0.0,0.7541622519493103,0.0,5.0,53.0,6.0,7.0,1.0,8.0,30.0
2020-09-06 06:00:00+00:00,2877568436.0,0.00194381,19.92685399,479722370.0,2.428566336631775,0.7220743298530579,0.0,0.0,0.0,1.6936782598495483,0.7348880767822266,0.0,0.9587284922599792,0.0,0.0,0.0,0.0,0.0,3.0,67.0,13.0,18.0,3.0,10.0,37.0
2020-09-06 08:00:00+00:00,3219056818.0,0.0021803,22.29162455,663735806.0,6.146422266960144,4.685279071331024,0.7480438351631165,0.0,0.0,5.398378431797028,0.0,2.454603135585785,2.382519781589508,0.0,0.0,0.0,2.454603135585785,0.0,34.0,86.0,7.0,14.0,2.0,14.0,43.0
2020-09-06 10:00:00+00:00,3225210942.0,0.00217895,22.3342412,693781634.0,3.3984671235084534,0.8590075969696045,0.0,0.7917979955673218,0.0,2.6066691279411316,0.0,0.836529552936554,0.8477526903152466,0.836529552936554,0.0,0.0,0.0,0.0,20.0,66.0,6.0,11.0,1.0,13.0,62.0
2020-09-06 12:00:00+00:00,3224098392.0,0.0021789,22.32653691,683652010.0,3.4858238697052,1.5949310660362244,0.0,0.0,0.0,1.7390223145484924,1.7468015551567078,0.0,0.0,0.0,0.0,0.0,0.0,0.0,15.0,94.0,6.0,23.0,5.0,15.0,56.0
2020-09-06 14:00:00+00:00,3264297211.0,0.00221628,22.60490944,735036040.0,6.499316573143005,6.555363118648529,0.0,0.0,0.0,5.633646190166473,0.865670382976532,2.489993691444397,0.8004252910614014,2.489993691444397,0.0,0.0,0.0,0.0,31.0,99.0,7.0,21.0,8.0,36.0,46.0
2020-09-06 16:00:00+00:00,3303124689.0,0.00223443,22.87378558,755380492.0,3.2713056802749634,4.28840970993042,0.0,0.0,0.0,1.6483178734779358,0.7071329355239868,0.0,1.6478652954101562,0.0,0.0,0.0,0.0,0.0,13.0,111.0,13.0,32.0,4.0,7.0,52.0
2020-09-06 18:00:00+00:00,3353032377.0,0.00225832,23.21939098,742184494.0,3.1464102268218994,0.9004867672920227,0.8016517758369446,0.0,0.0,1.6242369413375854,0.7205215096473694,0.0,0.7715134620666504,0.0,0.0,0.0,0.0,0.0,19.0,109.0,8.0,13.0,4.0,13.0,46.0
2020-09-06 20:00:00+00:00,3368770655.0,0.00225557,23.32837688,746130891.0,4.955316424369812,3.2469894886016846,1.6251423358917236,0.7132084965705872,0.0,0.8920772075653076,0.0,0.784965455532074,0.784965455532074,0.0,0.0,0.0,0.0,0.0,24.0,51.0,21.0,18.0,3.0,13.0,29.0
2020-09-06 22:00:00+00:00,3348883884.0,0.00225582,23.19066311,740680573.0,0.0,1.902795672416687,0.0,0.0,0.0,0.0,0.0,1.472323477268219,1.472323477268219,0.0,0.0,0.0,0.0,0.0,12.0,48.0,11.0,17.0,3.0,19.0,30.0
2020-09-07 00:00:00+00:00,3335416128.0,0.0022446,23.09740034,738639184.0,1.453175127506256,2.3006665110588074,0.0,0.0,0.0,0.0,0.0,0.0,1.452866017818451,0.0,0.0,0.0,0.0,0.0,6.0,37.0,19.0,15.0,5.0,8.0,19.0
2020-09-07 02:00:00+00:00,3232572427.0,0.0021876,22.3852187,742999777.0,2.5101420283317566,1.7544955611228943,0.0,0.0,0.0,1.6782804131507874,0.0,0.0,0.7424764037132263,0.0,0.0,0.0,0.0,0.0,8.0,47.0,3.0,8.0,1.0,9.0,16.0
2020-09-07 04:00:00+00:00,3161584396.0,0.00215607,21.89363417,735660950.0,1.7841883897781372,2.5148549675941467,0.963357150554657,0.0,0.0,0.0,0.0,0.0,0.0,0.0,0.0,0.0,0.0,0.0,13.0,57.0,17.0,18.0,4.0,8.0,26.0
2020-09-07 06:00:00+00:00,3197178068.0,0.0021836,22.14011654,737737230.0,0.7165907025337219,0.0,0.0,0.0,0.0,0.7165907025337219,0.0,0.8788626194000244,0.0,0.8788626194000244,0.0,0.0,0.0,0.0,14.0,77.0,9.0,17.0,5.0,10.0,45.0
2020-09-07 08:00:00+00:00,3198730269.0,0.00218305,22.150865369999998,604635940.0,3.265728175640106,1.6543399095535278,0.0,0.0,0.0,2.516241490840912,0.7494866847991943,0.0,0.0,0.0,0.0,0.0,0.0,0.0,17.0,110.0,17.0,14.0,0.0,13.0,53.0
2020-09-07 10:00:00+00:00,3099058532.0,0.00213665,21.46064924,560917589.0,0.7694058418273926,0.0,0.0,0.0,0.0,0.0,0.7694058418273926,0.7724126577377319,0.8245313167572021,0.0,0.0,0.0,0.7724126577377319,0.0,7.0,70.0,6.0,17.0,0.0,18.0,39.0
2020-09-07 12:00:00+00:00,3112409306.0,0.00213485,21.55310192,600292864.0,1.5770695209503174,0.0,0.841027557849884,0.0,0.0,0.7360419631004333,0.0,0.0,2.2841047048568726,0.0,0.0,0.0,0.0,0.0,7.0,102.0,18.0,25.0,38.0,18.0,39.0
2020-09-07 14:00:00+00:00,3156255984.0,0.00214941,21.85673549,588889444.0,0.0,0.9446006417274475,0.0,0.0,0.0,0.0,0.0,0.0,0.0,0.0,0.0,0.0,0.0,0.0,6.0,100.0,29.0,18.0,1.0,10.0,54.0
2020-09-07 16:00:00+00:00,3128864647.0,0.00212677,21.6670534,566477577.0,0.0,0.0,0.0,0.0,0.0,0.0,0.0,0.0,0.0,0.0,0.0,0.0,0.0,0.0,8.0,92.0,12.0,32.0,3.0,23.0,58.0
2020-09-07 18:00:00+00:00,3113632932.0,0.00212149,21.5615754,557182473.0,1.7277233004570007,2.5811594128608704,0.0,0.0,0.0,1.7277233004570007,0.0,1.4555434584617615,0.0,0.0,0.0,1.4555434584617615,0.0,0.0,9.0,83.0,12.0,20.0,22.0,20.0,31.0
2020-09-07 20:00:00+00:00,3150426988.0,0.00214346,21.81637031,548098944.0,0.0,4.006348490715027,0.0,0.0,0.0,0.0,0.0,0.0,0.7368175387382507,0.0,0.0,0.0,0.0,0.0,5.0,59.0,13.0,21.0,5.0,15.0,24.0
2020-09-07 22:00:00+00:00,3233740277.0,0.00215952,22.39330593,555588378.0,0.7489079833030701,0.7067643404006958,0.0,0.0,0.0,0.7489079833030701,0.0,0.0,0.0,0.0,0.0,0.0,0.0,0.0,3.0,50.0,8.0,16.0,0.0,57.0,25.0
2020-09-08 00:00:00+00:00,3237723803.0,0.00216868,22.42089142,565203580.0,0.7248588800430298,0.8784866333007812,0.0,0.0,0.0,0.0,0.7248588800430298,0.0,0.0,0.0,0.0,0.0,0.0,0.0,4.0,46.0,7.0,17.0,0.0,15.0,17.0
2020-09-08 02:00:00+00:00,3249150994.0,0.0021782405097012414,22.5000235032,557425541.0,0.731469988822937,0.0,0.0,0.0,0.0,0.731469988822937,0.0,0.0,0.0,0.0,0.0,0.0,0.0,0.0,4.0,57.0,7.0,13.0,0.0,8.0,19.0
2020-09-08 04:00:00+00:00,3228661509.0,0.0021793,22.35813601,553717194.0,0.7516067624092102,0.0,0.0,0.0,0.0,0.7516067624092102,0.0,0.8722618818283081,1.6635101437568665,0.0,0.0,0.0,0.0,0.8722618818283081,3.0,76.0,8.0,10.0,0.0,7.0,19.0
2020-09-08 06:00:00+00:00,3256306367.0,0.00219229,22.54957369,541892228.0,0.0,0.7399483323097229,0.0,0.0,0.0,0.0,0.0,0.0,0.9666491150856018,0.0,0.0,0.0,0.0,0.0,1.0,83.0,1.0,12.0,0.0,55.0,27.0
2020-09-08 08:00:00+00:00,3172091500.0,0.00217562,21.96639474,538382661.0,1.5562170147895813,0.7963287830352783,0.0,0.0,0.0,0.0,0.759888231754303,0.0,0.0,0.0,0.0,0.0,0.0,0.0,10.0,88.0,6.0,9.0,0.0,54.0,30.0
2020-09-08 10:00:00+00:00,3105241524.0,0.0021523105463644087,21.5034657971,525703240.0,1.6128419041633606,0.768517792224884,0.0,0.0,0.0,0.8443241119384766,0.0,0.0,0.0,0.0,0.0,0.0,0.0,0.0,6.0,85.0,12.0,21.0,0.0,42.0,23.0
2020-09-08 12:00:00+00:00,3163355733.0,0.00219132,21.90590049,481441608.0,0.0,1.70610111951828,0.0,0.0,0.0,0.0,0.0,0.0,0.0,0.0,0.0,0.0,0.0,0.0,3.0,93.0,10.0,22.0,2.0,12.0,37.0
2020-09-08 14:00:00+00:00,3338982728.0,0.00228821,23.12209867,503367172.0,4.052725076675415,1.77728271484375,0.0,0.0,0.0,4.052725076675415,0.0,0.7528230547904968,0.0,0.0,0.0,0.0,0.0,0.7528230547904968,15.0,110.0,19.0,27.0,5.0,30.0,39.0
2020-09-08 16:00:00+00:00,3345927593.0,0.00227917,23.17019111,514967314.0,0.0,2.4919496178627014,0.0,0.0,0.0,0.0,0.0,0.0,0.7571008205413818,0.0,0.0,0.0,0.0,0.0,10.0,94.0,11.0,27.0,14.0,18.0,38.0
2020-09-08 18:00:00+00:00,3235805553.0,0.00223505,22.40760775,517785894.0,6.791604995727539,0.0,0.0,0.0,0.0,5.869419813156128,0.9221851825714111,0.0,0.0,0.0,0.0,0.0,0.0,0.0,13.0,101.0,11.0,19.0,1.0,30.0,36.0
2020-09-08 20:00:00+00:00,3283970554.0,0.0022654245072381814,22.7411452357,530461855.0,0.0,0.0,0.0,0.0,0.0,0.0,0.0,0.0,0.0,0.0,0.0,0.0,0.0,0.0,1.0,59.0,11.0,31.0,0.0,7.0,31.0
2020-09-08 22:00:00+00:00,3348824083.0,0.00228892,23.19024899,555422363.0,2.22223037481308,0.8230700492858887,0.0,0.0,0.0,2.22223037481308,0.0,0.0,0.0,0.0,0.0,0.0,0.0,0.0,7.0,45.0,12.0,21.0,0.0,18.0,33.0
2020-09-09 00:00:00+00:00,3378379728.0,0.00230996,23.39491868,582102957.0,3.2754213213920593,2.408627450466156,0.0,0.0,0.0,3.2754213213920593,0.0,1.5886679887771606,0.0,0.0,0.0,0.0,1.5886679887771606,0.0,10.0,40.0,8.0,13.0,4.0,24.0,12.0
2020-09-09 02:00:00+00:00,3312166588.0,0.0022845453970623533,22.9363997584,567022281.0,4.861202955245972,1.492836356163025,0.0,0.0,0.0,4.861202955245972,0.0,0.9567848443984985,0.0,0.0,0.0,0.0,0.9567848443984985,0.0,18.0,68.0,12.0,15.0,23.0,9.0,18.0
2020-09-09 04:00:00+00:00,3371041370.0,0.00230922,23.34410133,563942867.0,0.7833486795425415,1.774096667766571,0.0,0.0,0.0,0.7833486795425415,0.0,0.7860029935836792,0.7305190563201904,0.0,0.0,0.0,0.7860029935836792,0.0,9.0,47.0,7.0,10.0,0.0,8.0,22.0
2020-09-09 06:00:00+00:00,3455125619.0,0.00234651,23.92637577,573033115.0,0.8635496497154236,1.5824386477470398,0.0,0.0,0.0,0.8635496497154236,0.0,0.0,1.7866109013557434,0.0,0.0,0.0,0.0,0.0,6.0,67.0,6.0,17.0,0.0,24.0,30.0
2020-09-09 08:00:00+00:00,3398023927.0,0.0023075183685542133,23.5309526583,552551202.0,3.2797974944114685,0.706188976764679,0.0,0.0,0.0,3.2797974944114685,0.0,0.0,0.9028165936470032,0.0,0.0,0.0,0.0,0.0,6.0,67.0,5.0,17.0,0.0,19.0,31.0
2020-09-09 10:00:00+00:00,3414390485.0,0.00231088,23.64428932,535959929.0,2.4997798204421997,2.4037633538246155,0.0,0.8976932168006897,0.0,1.60208660364151,0.0,0.0,0.0,0.0,0.0,0.0,0.0,0.0,10.0,70.0,4.0,20.0,0.0,26.0,28.0
2020-09-09 12:00:00+00:00,3382376654.0,0.00228812,23.42259696,511099768.0,4.862970471382141,0.8341416120529175,0.0,0.0,0.0,4.862970471382141,0.0,0.0,0.0,0.0,0.0,0.0,0.0,0.0,11.0,87.0,5.0,21.0,1.0,28.0,42.0
2020-09-09 14:00:00+00:00,3420153437.0,0.0023037416296613424,23.6841971522,491943078.0,6.530364036560059,0.9627934694290161,0.8080875277519226,0.7773532867431641,0.7637597918510437,4.181163430213928,0.0,4.647874593734741,2.4066076278686523,1.6074357628822327,0.0,0.0,3.0404388308525085,0.0,29.0,115.0,14.0,25.0,5.0,24.0,47.0
2020-09-09 16:00:00+00:00,3457125058.0,0.00232899,23.94022168,496318251.0,7.922544181346893,0.0,0.0,0.0,0.0,7.922544181346893,0.0,0.0,0.0,0.0,0.0,0.0,0.0,0.0,30.0,127.0,21.0,33.0,2.0,27.0,50.0
2020-09-09 18:00:00+00:00,3478226853.0,0.00233529,24.08634935,479374548.0,2.2979184985160828,0.0,0.0,0.0,0.0,1.5310975909233093,0.7668209075927734,0.7529732584953308,0.0,0.0,0.0,0.0,0.7529732584953308,0.0,10.0,44.0,13.0,22.0,4.0,11.0,30.0
2020-09-09 20:00:00+00:00,3512995267.0,0.00236836,24.3271169,475023864.0,1.5491398572921753,0.0,0.0,0.0,0.0,1.5491398572921753,0.0,0.0,0.0,0.0,0.0,0.0,0.0,0.0,7.0,46.0,15.0,18.0,1.0,24.0,35.0
2020-09-09 22:00:00+00:00,3542334928.0,0.00239499,24.53029092,456284484.0,2.401616871356964,0.0,0.757712721824646,0.0,0.0,1.6439041495323181,0.0,3.4026030898094177,0.0,2.609846532344818,0.0,0.0,0.7927565574645996,0.0,20.0,41.0,7.0,29.0,0.0,12.0,19.0
2020-09-10 00:00:00+00:00,3556506693.0,0.0023701,24.62842888,429889403.0,0.0,3.399694800376892,0.0,0.0,0.0,0.0,0.0,0.8212296962738037,0.7138819098472595,0.0,0.8212296962738037,0.0,0.0,0.0,5.0,33.0,3.0,18.0,0.0,25.0,15.0
2020-09-10 02:00:00+00:00,3528294983.0,0.00235323,24.43306581,422520106.0,2.560744524002075,0.0,0.0,0.0,0.0,2.560744524002075,0.0,0.0,0.7781016230583191,0.0,0.0,0.0,0.0,0.0,8.0,47.0,8.0,20.0,0.0,11.0,24.0
2020-09-10 04:00:00+00:00,3514093438.0,0.00233859,24.33472162,425381898.0,1.5643913745880127,3.0423733592033386,0.0,0.0,0.0,1.5643913745880127,0.0,0.0,0.0,0.0,0.0,0.0,0.0,0.0,5.0,45.0,17.0,12.0,0.0,7.0,25.0
2020-09-10 06:00:00+00:00,3505370801.0,0.00235868,24.27431829,409950113.0,2.581407308578491,0.8075741529464722,0.0,0.0,0.0,2.581407308578491,0.0,0.0,0.0,0.0,0.0,0.0,0.0,0.0,11.0,71.0,2.0,16.0,0.0,8.0,43.0
2020-09-10 08:00:00+00:00,3589497230.0,0.002409188313970654,24.8568848288,423282950.0,8.121678829193115,0.0,0.9271025061607361,0.0,0.0,6.397340297698975,0.7972360253334045,2.258377432823181,0.8764992952346802,0.0,1.4831111431121826,0.0,0.7752662897109985,0.0,24.0,95.0,9.0,14.0,0.0,20.0,41.0
2020-09-10 10:00:00+00:00,3636179784.0,0.00244157,25.18015653,427080723.0,4.812468945980072,3.839207649230957,0.0,0.8398267030715942,0.0,2.5301092863082886,1.4425329566001892,2.6875985860824585,0.0,0.0,0.0,0.0,2.6875985860824585,0.0,24.0,76.0,9.0,18.0,13.0,15.0,48.0
2020-09-10 12:00:00+00:00,3680383038.0,0.00244877,25.48625934,446411329.0,2.495863437652588,0.0,0.7034258246421814,0.0,0.0,0.0,1.7924376130104065,0.0,1.5578227639198303,0.0,0.0,0.0,0.0,0.0,18.0,104.0,13.0,23.0,38.0,10.0,45.0
2020-09-10 14:00:00+00:00,3633357940.0,0.002418371013573866,25.1606155572,449055521.0,1.5496171116828918,0.8680609464645386,0.7307009696960449,0.0,0.0,0.0,0.8189161419868469,1.5026815533638,1.5026815533638,0.0,0.0,0.0,0.0,0.0,12.0,125.0,9.0,25.0,24.0,14.0,60.0
2020-09-10 16:00:00+00:00,3625344624.0,0.00242026,25.1051242,457624814.0,32.65910094976425,6.559256732463837,0.0,0.0,0.0,26.808660626411438,0.0,2.391553819179535,1.435010552406311,0.0,0.7694174647331238,0.0,0.9110620617866516,0.0,63.0,152.0,19.0,22.0,19.0,15.0,31.0
2020-09-10 18:00:00+00:00,3548394979.0,0.00238799,24.57225613,459090093.0,12.662738978862762,0.7429519295692444,0.8976932168006897,0.0,0.0,10.81405222415924,0.950993537902832,1.713653802871704,0.7177596688270569,0.0,0.0,0.0,1.713653802871704,0.0,28.0,94.0,25.0,27.0,6.0,24.0,45.0
2020-09-10 20:00:00+00:00,3566959171.0,0.00239402,24.70081118,461730310.0,4.9975510239601135,1.4982287883758545,0.0,0.0,0.0,3.499322235584259,0.0,0.8293631672859192,0.0,0.0,0.0,0.0,0.8293631672859192,0.0,15.0,61.0,23.0,22.0,2.0,21.0,33.0
2020-09-10 22:00:00+00:00,3546608927.0,0.00236993,24.55988791,456365135.0,0.0,0.8595545887947083,0.0,0.0,0.0,0.0,0.0,0.8918443918228149,0.0,0.0,0.0,0.0,0.8918443918228149,0.0,4.0,23.0,9.0,23.0,0.0,17.0,25.0
2020-09-11 00:00:00+00:00,3415222004.0,0.00229933,23.65004751,437485945.0,5.116326034069061,0.7905900478363037,0.8797345757484436,0.0,0.0,4.236591458320618,0.0,0.7249641418457031,0.7424085140228271,0.7249641418457031,0.0,0.0,0.0,0.0,12.0,39.0,33.0,28.0,0.0,18.0,8.0
2020-09-11 02:00:00+00:00,3341709244.0,0.00228196,23.1409795,422643550.0,1.7681792974472046,0.0,0.0,0.0,0.0,1.7681792974472046,0.0,0.7466818690299988,1.7378356456756592,0.0,0.0,0.0,0.7466818690299988,0.0,4.0,49.0,10.0,16.0,1.0,14.0,31.0
2020-09-11 04:00:00+00:00,3407334065.0,0.00229827,23.59542437,423737921.0,1.658841609954834,0.7753794193267822,0.0,0.0,0.0,1.658841609954834,0.0,0.7634220719337463,0.9994406700134277,0.0,0.0,0.0,0.7634220719337463,0.0,5.0,65.0,5.0,14.0,0.0,10.0,33.0
2020-09-11 06:00:00+00:00,3455665916.0,0.0023242,23.93011727,422899284.0,1.8004265427589417,0.9693131446838379,0.0,0.0,0.0,0.8311133980751038,0.0,0.0,0.0,0.0,0.0,0.0,0.0,0.0,5.0,70.0,15.0,12.0,12.0,7.0,47.0
2020-09-11 08:00:00+00:00,3416639811.0,0.00229902,23.65986567,407446320.0,3.291633129119873,0.0,0.0,0.0,0.8373587727546692,0.7020572423934937,1.7522171139717102,1.543193280696869,0.0,0.8183721303939819,0.0,0.724821150302887,0.0,0.0,16.0,75.0,28.0,13.0,21.0,3.0,55.0
2020-09-11 10:00:00+00:00,3385216034.0,0.00227682,23.44225937,396822336.0,6.980507552623749,3.355216860771179,0.7301970720291138,0.0,0.0,4.622193992137909,1.628116488456726,0.0,0.0,0.0,0.0,0.0,0.0,0.0,17.0,123.0,3.0,13.0,36.0,6.0,46.0
2020-09-11 12:00:00+00:00,3509070401.0,0.00235705,24.29993763,396801265.0,3.365057349205017,0.8100329041481018,0.0,0.0,0.0,2.4322288036346436,0.9328285455703735,1.7892895936965942,1.5313290357589722,0.0,0.0,0.0,0.9716201424598694,0.0,17.0,162.0,3.0,21.0,29.0,16.0,40.0
2020-09-11 14:00:00+00:00,3503463550.0,0.00235238,24.26111079,383912697.0,1.7989009022712708,0.8268757462501526,0.0,0.0,0.0,1.7989009022712708,0.0,0.0,1.450265884399414,0.0,0.0,0.0,0.0,0.0,10.0,162.0,15.0,20.0,8.0,12.0,57.0
2020-09-11 16:00:00+00:00,3557047687.0,0.00238935,24.63217521,359823793.0,1.5657833814620972,0.0,1.5657833814620972,0.0,0.0,0.0,0.0,0.0,0.0,0.0,0.0,0.0,0.0,0.0,7.0,161.0,7.0,20.0,38.0,13.0,47.0
2020-09-11 18:00:00+00:00,3586826154.0,0.00240277,24.83838791,362559013.0,3.8293723464012146,0.7227302193641663,0.0,0.0,0.7273027896881104,3.1020695567131042,0.0,0.0,0.7764182686805725,0.0,0.0,0.0,0.0,0.0,14.0,121.0,4.0,28.0,28.0,16.0,29.0
2020-09-11 20:00:00+00:00,3643210828.0,0.0024387,25.22884575,379188212.0,0.8527911901473999,1.5660812258720398,0.0,0.0,0.0,0.8527911901473999,0.0,0.9383477568626404,0.0,0.9383477568626404,0.0,0.0,0.0,0.0,6.0,89.0,3.0,17.0,23.0,21.0,39.0
2020-09-11 22:00:00+00:00,3675351150.0,0.00244704,25.45141405,420689466.0,1.6937625408172607,3.3577998876571655,0.0,0.0,0.0,1.6937625408172607,0.0,0.0,0.0,0.0,0.0,0.0,0.0,0.0,12.0,110.0,10.0,21.0,107.0,25.0,23.0
2020-09-12 00:00:00+00:00,3777620147.0,0.00252279,26.15961593,473956580.0,3.0334895253181458,2.282938539981842,1.5649191737174988,0.0,0.0,0.0,0.0,0.0,0.0,0.0,0.0,0.0,0.0,0.0,24.0,126.0,7.0,10.0,20.0,13.0,23.0
2020-09-12 02:00:00+00:00,3850739891.0,0.00257286,26.66596234,519759657.0,0.7711846828460693,3.392243266105652,0.0,0.0,0.0,0.7711846828460693,0.0,0.7023878693580627,2.3035541772842407,0.0,0.0,0.0,0.7023878693580627,0.0,11.0,97.0,8.0,12.0,17.0,6.0,20.0
2020-09-12 04:00:00+00:00,3822676036.0,0.00254802,26.47162314,549245681.0,3.1581095457077026,1.487667441368103,0.0,0.0,0.0,2.403011679649353,0.0,0.0,0.0,0.0,0.0,0.0,0.0,0.0,21.0,101.0,4.0,6.0,11.0,10.0,39.0
2020-09-12 06:00:00+00:00,3872984264.0,0.00259252,26.82000225,573182996.0,1.8053222298622131,2.4532121419906616,0.0,0.0,0.0,1.8053222298622131,0.0,0.7435897588729858,0.0,0.0,0.0,0.0,0.0,0.7435897588729858,9.0,150.0,6.0,14.0,13.0,12.0,28.0
2020-09-12 08:00:00+00:00,3977131738.0,0.00266271,27.54121238,625713004.0,1.6745960116386414,5.558113873004913,1.6745960116386414,0.0,0.0,0.0,0.0,0.7581183314323425,2.326733946800232,0.0,0.0,0.0,0.0,0.7581183314323425,20.0,151.0,4.0,16.0,0.0,7.0,39.0
2020-09-12 10:00:00+00:00,4000938107.0,0.00267371,27.70606895,670860187.0,0.8431141376495361,2.295759677886963,0.8431141376495361,0.0,0.0,0.0,0.0,1.6616581678390503,3.0789021253585815,0.954131007194519,0.0,0.0,0.7075271606445312,0.0,14.0,159.0,6.0,9.0,0.0,15.0,46.0
2020-09-12 12:00:00+00:00,3925330892.0,0.00261579,27.18249706,683789537.0,1.6636716723442078,2.522132396697998,0.0,0.0,0.0,1.6636716723442078,0.0,0.8976159691810608,1.7929094433784485,0.0,0.0,0.0,0.0,0.0,13.0,164.0,11.0,13.0,3.0,9.0,36.0
2020-09-12 14:00:00+00:00,3975601658.0,0.00264863,27.53061674,705429972.0,0.7338074445724487,1.453511893749237,0.0,0.0,0.0,0.0,0.7338074445724487,1.525242269039154,0.0,1.525242269039154,0.0,0.0,0.0,0.0,27.0,153.0,9.0,19.0,1.0,21.0,52.0
2020-09-12 16:00:00+00:00,3927349126.0,0.00263393,27.19647311,703282449.0,0.0,0.0,0.0,0.0,0.0,0.0,0.0,2.3687013387680054,0.0,1.662473976612091,0.0,0.0,0.0,0.7062273621559143,17.0,153.0,12.0,26.0,1.0,14.0,56.0
2020-09-12 18:00:00+00:00,4002834394.0,0.00263078,27.71920052,709644076.0,10.071599006652832,3.2653942704200745,1.4638236165046692,0.8966813683509827,0.0,6.959835052490234,0.0,1.731493890285492,0.0,1.731493890285492,0.0,0.0,0.0,0.0,24.0,176.0,6.0,24.0,1.0,5.0,37.0
2020-09-12 20:00:00+00:00,4105722913.0,0.00270742,28.43169253,725355365.0,7.65262097120285,0.0,0.9666432738304138,0.0,0.0,4.869194865226746,1.816782832145691,4.859792470932007,0.7045554518699646,2.378002166748047,0.0,0.0,0.0,1.7772348523139954,31.0,160.0,8.0,22.0,1.0,12.0,23.0
2020-09-12 22:00:00+00:00,4119897328.0,0.00273218,28.52984884,688007352.0,3.0002023577690125,0.7929989099502563,0.0,0.0,0.7419254183769226,0.8201838731765747,1.4380930662155151,0.0,0.0,0.0,0.0,0.0,0.0,0.0,10.0,147.0,1.0,18.0,7.0,21.0,21.0
2020-09-13 00:00:00+00:00,4326906580.0,0.002870765853213431,29.9633657927,714013472.0,3.7782996892929077,7.187267184257507,0.7063876390457153,0.0,0.7621398568153381,1.5094268321990967,0.0,0.8810222744941711,3.1331088542938232,0.8810222744941711,0.0,0.0,0.0,0.0,17.0,133.0,13.0,13.0,0.0,4.0,21.0
2020-09-13 02:00:00+00:00,4525026703.0,0.00297195,31.33532647,804202068.0,4.062661111354828,6.0179696679115295,0.8066560626029968,0.0,0.0,3.256005048751831,0.0,1.7407624125480652,2.4984453916549683,0.8588857054710388,0.0,0.0,0.8818767070770264,0.0,29.0,101.0,17.0,11.0,0.0,11.0,12.0
2020-09-13 04:00:00+00:00,4473218400.0,0.00293629,30.97655952,814205420.0,4.582319557666779,1.6064064502716064,1.5377129316329956,0.0,0.0,3.044606626033783,0.0,6.401953101158142,3.133409321308136,1.6179932355880737,0.76735919713974,0.0,1.6705292463302612,0.0,47.0,128.0,24.0,15.0,2.0,7.0,23.0
2020-09-13 06:00:00+00:00,4514752223.0,0.0029613689656608298,31.2641767998,839047687.0,1.6951655149459839,3.118923544883728,0.7807003855705261,0.0,0.0,0.9144651293754578,0.0,1.444472312927246,2.263424336910248,0.7066753506660461,0.0,0.0,0.0,0.7377969622612,22.0,173.0,13.0,11.0,16.0,9.0,36.0
2020-09-13 08:00:00+00:00,4589943608.0,0.00301655,31.78486911,867145853.0,3.1760010719299316,5.4171881675720215,0.0,0.7181819677352905,0.0,1.6232123374938965,0.0,1.5360693335533142,2.730838894844055,0.0,0.0,0.7676152586936951,0.0,0.7684540748596191,44.0,157.0,7.0,10.0,10.0,10.0,44.0
2020-09-13 10:00:00+00:00,4238536381.0,0.00283142,29.3514116,867725880.0,8.496537923812866,2.952148199081421,0.7299286127090454,0.7181819677352905,0.0,7.04842734336853,0.0,4.010038316249847,1.6842818856239319,0.8490012884140015,1.7138985395431519,0.0,0.746853232383728,0.7002852559089661,39.0,143.0,18.0,11.0,40.0,9.0,45.0
2020-09-13 12:00:00+00:00,4451443308.0,0.00298424,30.82576933,942647766.0,4.592053055763245,2.2423751950263977,0.0,0.8274831771850586,0.0,3.764569878578186,0.0,1.7076930403709412,4.041473388671875,0.0,0.0,0.0,0.9512621760368347,0.7564308643341064,21.0,160.0,6.0,14.0,78.0,14.0,61.0
2020-09-13 14:00:00+00:00,4323058737.0,0.002895386246175065,29.9367198891,963082910.0,10.441103756427765,0.7060160040855408,3.349125385284424,0.8976932168006897,0.7792008519172668,5.4150843024253845,0.0,0.7423782348632812,0.8416403532028198,0.0,0.0,0.0,0.0,0.7423782348632812,40.0,199.0,8.0,15.0,29.0,16.0,55.0
2020-09-13 16:00:00+00:00,4381034510.0,0.00295696,30.33819592,1046061106.0,6.478289186954498,0.0,2.42054146528244,0.0,0.0,4.057747721672058,0.0,3.4559215903282166,1.5479952692985535,1.882498025894165,0.0,0.7500438094139099,0.0,0.0,35.0,208.0,17.0,18.0,47.0,13.0,58.0
2020-09-13 18:00:00+00:00,4393857013.0,0.00294683,30.42699039,1067643023.0,2.39936763048172,0.8585905432701111,0.0,0.9312267303466797,0.0,1.4681409001350403,0.0,1.4456823468208313,1.7882297039031982,0.7211111187934875,0.0,0.0,0.0,0.7245712280273438,25.0,129.0,2.0,22.0,24.0,11.0,38.0
2020-09-13 20:00:00+00:00,4480598091.0,0.0030012,31.02766309,1116421370.0,4.5253443121910095,1.6681452989578247,0.0,0.0,0.0,3.7650837302207947,0.0,2.444323718547821,0.8116040825843811,0.0,0.0,0.72514408826828,1.719179630279541,0.0,20.0,99.0,5.0,22.0,26.0,11.0,28.0
2020-09-13 22:00:00+00:00,4485069875.0,0.00300846,31.05862971,1144638251.0,3.944204092025757,0.0,0.7843942046165466,0.8761696219444275,0.0,2.2836402654647827,0.0,0.0,4.111567497253418,0.0,0.0,0.0,0.0,0.0,9.0,58.0,3.0,15.0,38.0,11.0,30.0
2020-09-14 00:00:00+00:00,4305194381.0,0.00286984,29.81301114,1090637421.0,0.0,0.8044437766075134,0.0,0.0,0.0,0.0,0.0,1.611206591129303,0.7949814796447754,0.0,0.0,1.611206591129303,0.0,0.0,9.0,61.0,13.0,20.0,35.0,7.0,18.0
2020-09-14 02:00:00+00:00,4360052642.0,0.00290983,30.19289873,1012659775.0,2.68277645111084,0.9867242574691772,0.0,0.0,0.8216685652732849,1.861107885837555,0.0,2.4001277089118958,1.6587040424346924,0.7262941002845764,0.0,0.9319852590560913,0.0,0.0,15.0,95.0,20.0,14.0,15.0,14.0,30.0
2020-09-14 04:00:00+00:00,4379577827.0,0.00292179,30.32810855,967287180.0,0.7677486538887024,0.7753794193267822,0.0,0.0,0.0,0.7677486538887024,0.0,3.2695454359054565,0.9137331247329712,0.7594353556632996,1.5963769555091858,0.0,0.0,0.0,15.0,68.0,1.0,14.0,111.0,8.0,33.0
2020-09-14 06:00:00+00:00,4371433585.0,0.00291916,30.27171055,950882420.0,4.6182830929756165,1.5003827810287476,0.0,0.0,0.0,2.2587990760803223,0.8591012358665466,0.8728160858154297,0.8976159691810608,0.0,0.0,0.0,0.0,0.8728160858154297,17.0,78.0,6.0,14.0,5.0,5.0,45.0
2020-09-14 08:00:00+00:00,4627817446.0,0.0030621,32.04714139,1023625945.0,7.926958441734314,6.402519226074219,0.9660733938217163,0.0,0.7695794701576233,5.467630505561829,0.0,0.0,3.1899993419647217,0.0,0.0,0.0,0.0,0.0,23.0,127.0,5.0,21.0,6.0,8.0,58.0
2020-09-14 10:00:00+00:00,4728022564.0,0.00313393,32.74105113,1009542686.0,16.598365545272827,4.840098857879639,1.7268651723861694,0.8677411675453186,1.5620939135551453,9.403780281543732,1.5953742265701294,2.9650970101356506,3.918839395046234,1.4735466241836548,0.0,0.72514408826828,0.0,0.7664062976837158,59.0,116.0,4.0,18.0,102.0,15.0,67.0
2020-09-14 12:00:00+00:00,4666828756.0,0.0030048817200273893,32.3172905418,979272994.0,2.385964810848236,4.757935881614685,0.7872041463851929,0.0,0.0,0.0,0.7783704996109009,3.122705399990082,0.0,0.0,0.7606975436210632,0.0,2.3620078563690186,0.0,21.0,143.0,3.0,29.0,20.0,12.0,48.0
2020-09-14 14:00:00+00:00,4821818306.0,0.00311428,33.39057662,995030938.0,0.7140024900436401,0.8454040884971619,0.0,0.0,0.0,0.0,0.7140024900436401,4.658608078956604,0.9177188873291016,0.0,1.4387197494506836,0.0,3.2198883295059204,0.0,23.0,170.0,0.0,36.0,0.0,7.0,77.0
2020-09-14 16:00:00+00:00,4404492840.0,0.00285051,30.50064235,972113493.0,1.433433473110199,2.268825352191925,0.0,0.0,0.0,0.0,0.0,1.4703961610794067,3.2388397455215454,0.0,0.0,0.7334323525428772,0.7369638085365295,0.0,16.0,202.0,0.0,30.0,0.0,14.0,54.0
2020-09-14 18:00:00+00:00,4469384516.0,0.0028943212807223473,30.9500102745,1003200084.0,3.1322746872901917,1.522792398929596,0.0,0.0,0.0,2.3259751200675964,0.0,0.0,1.6542942523956299,0.0,0.0,0.0,0.0,0.0,19.0,137.0,0.0,20.0,1.0,11.0,44.0
2020-09-14 20:00:00+00:00,4463916498.0,0.00288326,30.91214484,974851307.0,1.441908061504364,2.4988609552383423,0.0,0.0,0.0,1.441908061504364,0.0,1.6335623264312744,0.0,0.0,0.9320945739746094,0.701467752456665,0.0,0.0,17.0,127.0,0.0,23.0,1.0,15.0,21.0
2020-09-14 22:00:00+00:00,4502400574.0,0.00291912,31.17864295,1009392260.0,0.8307911157608032,0.0,0.8307911157608032,0.0,0.0,0.0,0.0,1.745946228504181,0.0,0.0,0.0,1.745946228504181,0.0,0.0,15.0,119.0,10.0,15.0,1.0,14.0,22.0
2020-09-15 00:00:00+00:00,4307347424.0,0.00278162,29.82792073,990195719.0,0.8905106782913208,0.7650319933891296,0.0,0.0,0.0,0.8905106782913208,0.0,0.0,0.722607433795929,0.0,0.0,0.0,0.0,0.0,12.0,131.0,3.0,20.0,0.0,10.0,32.0
2020-09-15 02:00:00+00:00,4187959306.0,0.00269349,29.00117076,1028929326.0,0.784843385219574,0.7237177491188049,0.0,0.0,0.0,0.784843385219574,0.0,0.0,0.0,0.0,0.0,0.0,0.0,0.0,5.0,111.0,3.0,14.0,1.0,16.0,28.0
2020-09-15 04:00:00+00:00,4152405264.0,0.00267239,28.75496282,1090274802.0,4.06569242477417,2.2840176224708557,0.0,0.0,0.0,4.06569242477417,0.0,1.6031849384307861,0.7594356536865234,0.7013506293296814,0.9018343091011047,0.0,0.0,0.0,14.0,93.0,0.0,6.0,0.0,12.0,37.0
2020-09-15 06:00:00+00:00,4099857291.0,0.00263981,28.39107372,1101577940.0,0.835936427116394,3.239575684070587,0.0,0.0,0.0,0.835936427116394,0.0,0.0,3.9946311712265015,0.0,0.0,0.0,0.0,0.0,5.0,112.0,7.0,14.0,1.0,10.0,40.0
2020-09-15 08:00:00+00:00,4252817586.0,0.00275136,29.45030743,1117588202.0,4.385711371898651,4.161353588104248,0.9778864979743958,0.0,0.0,3.4078248739242554,0.0,0.9205125570297241,1.6565608382225037,0.0,0.0,0.0,0.9205125570297241,0.0,18.0,159.0,5.0,8.0,2.0,15.0,42.0
2020-09-15 10:00:00+00:00,4199605014.0,0.00268009,29.08181605,1087272144.0,3.0878870487213135,2.2639381885528564,0.0,0.0,0.0,2.3578341007232666,0.0,1.5049251317977905,0.0,0.0,0.0,1.5049251317977905,0.0,0.0,12.0,138.0,4.0,10.0,2.0,16.0,50.0
2020-09-15 12:00:00+00:00,4197955900.0,0.00267361,29.07039611,1058892223.0,1.6209051609039307,2.96895968914032,0.0,0.0,0.0,1.6209051609039307,0.0,0.8363223671913147,4.951850712299347,0.0,0.0,0.0,0.8363223671913147,0.0,14.0,188.0,2.0,28.0,2.0,37.0,64.0
2020-09-15 14:00:00+00:00,4085997375.0,0.00262095,28.29509529,1029757868.0,0.8627753257751465,1.6650859117507935,0.0,0.0,0.0,0.8627753257751465,0.0,1.6016610264778137,0.9662559628486633,0.7521937489509583,0.0,0.0,0.8494672775268555,0.0,23.0,137.0,6.0,19.0,0.0,23.0,59.0
2020-09-15 16:00:00+00:00,4065119382.0,0.0026032,28.15051741,933975309.0,1.55586177110672,0.0,0.0,0.0,0.0,0.7320403456687927,0.8238214254379272,2.388930916786194,0.0,0.0,0.0,0.0,2.388930916786194,0.0,9.0,191.0,6.0,14.0,2.0,17.0,70.0
2020-09-15 18:00:00+00:00,4011865907.0,0.00257522,27.78174279,904076224.0,2.4699000120162964,2.445258140563965,0.0,0.0,0.0,1.7665899991989136,0.7033100128173828,0.8233258724212646,0.0,0.0,0.0,0.0,0.8233258724212646,0.0,9.0,122.0,12.0,33.0,2.0,16.0,35.0
2020-09-15 20:00:00+00:00,3987968429.0,0.00254256,27.61625531,904037216.0,2.429623603820801,2.440825939178467,1.6306037306785583,0.0,0.0,0.7990198731422424,0.0,0.9190841317176819,0.0,0.9190841317176819,0.0,0.0,0.0,0.0,13.0,142.0,5.0,21.0,0.0,21.0,27.0
2020-09-15 22:00:00+00:00,3928203643.0,0.00251945,27.20239055,861821910.0,0.0,0.7236750721931458,0.0,0.0,0.0,0.0,0.0,0.0,0.7196597456932068,0.0,0.0,0.0,0.0,0.0,0.0,113.0,4.0,18.0,4.0,20.0,18.0
2020-09-16 00:00:00+00:00,3922156316.0,0.002527545708035996,27.1605134593,853900661.0,0.0,1.6427105069160461,0.0,0.0,0.0,0.0,0.0,0.0,2.6705785393714905,0.0,0.0,0.0,0.0,0.0,8.0,102.0,10.0,14.0,24.0,5.0,13.0
2020-09-16 02:00:00+00:00,3868355258.0,0.00248544,26.78794687,783465720.0,0.7320363521575928,2.4923617839813232,0.0,0.0,0.0,0.7320363521575928,0.0,2.2245147824287415,0.7727301716804504,0.0,0.0,1.4816626906394958,0.0,0.7428520917892456,5.0,102.0,7.0,13.0,21.0,14.0,23.0
2020-09-16 04:00:00+00:00,3937376519.0,0.00252773,27.26591173,1086232307.0,0.8952469825744629,2.416921555995941,0.0,0.0,0.0,0.0,0.8952469825744629,0.0,0.7571761012077332,0.0,0.0,0.0,0.0,0.0,2.0,137.0,7.0,15.0,42.0,15.0,30.0
2020-09-16 06:00:00+00:00,3929883544.0,0.00249285,27.21402368,1072049058.0,1.7063392996788025,0.784958004951477,0.0,0.0,0.0,0.9292858242988586,0.7770534753799438,0.7606936097145081,1.4706904888153076,0.0,0.0,0.0,0.7606936097145081,0.0,10.0,124.0,3.0,14.0,22.0,11.0,55.0
2020-09-16 08:00:00+00:00,3868593216.0,0.00245954,26.78959471,1009776718.0,5.666155457496643,1.4662466645240784,0.0,0.0,1.4995818734169006,4.166573584079742,0.0,1.5535524487495422,0.0,0.0,0.0,0.7665467262268066,0.7870057225227356,0.0,17.0,139.0,3.0,20.0,29.0,16.0,44.0
2020-09-16 10:00:00+00:00,3890419086.0,0.00247104,26.94073653,951172428.0,2.4603993892669678,1.5777908563613892,0.0,0.0,0.0,2.4603993892669678,0.0,0.0,1.6553659439086914,0.0,0.0,0.0,0.0,0.0,9.0,136.0,15.0,21.0,48.0,17.0,32.0
2020-09-16 12:00:00+00:00,4016526031.0,0.00254471,27.81401365,1004924919.0,0.865714430809021,6.707952499389648,0.0,0.0,0.0,0.0,0.865714430809021,3.9291311502456665,5.366488397121429,1.446919023990631,0.7403323650360107,0.0,1.7418797612190247,0.0,16.0,126.0,6.0,38.0,25.0,20.0,63.0
2020-09-16 14:00:00+00:00,4052320935.0,0.00255031,28.06188954,1019347108.0,2.2139108777046204,4.189387738704681,1.46012943983078,0.0,0.0,0.7537814378738403,0.0,1.5075026750564575,2.6557818055152893,0.7749409079551697,0.0,0.0,0.0,0.7325617671012878,22.0,153.0,5.0,32.0,35.0,34.0,55.0
2020-09-16 16:00:00+00:00,4036749351.0,0.00253371,27.95405798,1028922661.0,0.7521235942840576,3.190379798412323,0.0,0.0,0.0,0.7521235942840576,0.0,0.0,0.7901012301445007,0.0,0.0,0.0,0.0,0.0,6.0,125.0,5.0,18.0,66.0,27.0,52.0
2020-09-16 18:00:00+00:00,3997631779.0,0.002516134102811279,27.6831729712,695562349.0,0.8437573909759521,0.0,0.0,0.0,0.0,0.8437573909759521,0.0,0.0,0.0,0.0,0.0,0.0,0.0,0.0,7.0,104.0,7.0,28.0,51.0,13.0,49.0
2020-09-16 20:00:00+00:00,4016142240.0,0.00252497,27.81135594,966287680.0,1.4246206879615784,0.716481626033783,0.0,0.0,0.0,0.7081390619277954,0.0,0.0,0.0,0.0,0.0,0.0,0.0,0.0,10.0,79.0,3.0,20.0,56.0,18.0,37.0
2020-09-16 22:00:00+00:00,4028139170.0,0.00254166,27.8944334,946539975.0,0.8303611278533936,0.0,0.0,0.0,0.0,0.0,0.8303611278533936,0.0,0.0,0.0,0.0,0.0,0.0,0.0,1.0,70.0,1.0,16.0,39.0,12.0,22.0
2020-09-17 00:00:00+00:00,4115574348.0,0.00259529,28.49991267,664659574.0,0.7527453899383545,0.0,0.0,0.7527453899383545,0.0,0.0,0.0,0.0,0.9874256253242493,0.0,0.0,0.0,0.0,0.0,7.0,81.0,2.0,13.0,35.0,10.0,20.0
2020-09-17 02:00:00+00:00,4002952292.0,0.0025436,27.72001695,667721112.0,0.0,0.0,0.0,0.0,0.0,0.0,0.0,0.0,0.0,0.0,0.0,0.0,0.0,0.0,6.0,115.0,0.0,17.0,32.0,12.0,23.0
2020-09-17 04:00:00+00:00,3997959489.0,0.00253183,27.68544233,646581988.0,0.0,0.0,0.0,0.0,0.0,0.0,0.0,0.0,0.0,0.0,0.0,0.0,0.0,0.0,3.0,118.0,10.0,17.0,18.0,5.0,22.0
2020-09-17 06:00:00+00:00,3895073513.0,0.00247503,26.97296794,626358218.0,2.402845859527588,1.5614732503890991,0.0,0.0,0.0,2.402845859527588,0.0,0.754805862903595,0.7327921986579895,0.0,0.754805862903595,0.0,0.0,0.0,11.0,96.0,0.0,21.0,22.0,16.0,38.0
2020-09-17 08:00:00+00:00,3921190812.0,0.00249222,27.15382745,603536246.0,4.313054263591766,3.0615747570991516,0.9629464149475098,0.0,0.7582893371582031,0.0,2.5918185114860535,0.72514408826828,2.7254780530929565,0.0,0.0,0.72514408826828,0.0,0.0,17.0,154.0,3.0,17.0,20.0,51.0,39.0
2020-09-17 10:00:00+00:00,3880511405.0,0.00246882,26.8721269,603147303.0,0.9339585900306702,0.0,0.0,0.0,0.0,0.9339585900306702,0.0,0.0,0.7743687033653259,0.0,0.0,0.0,0.0,0.0,3.0,157.0,9.0,17.0,37.0,24.0,43.0
2020-09-17 12:00:00+00:00,3835904664.0,0.00245551,26.56322998,565727264.0,3.0032690167427063,2.675488233566284,0.0,0.0,0.0,1.4322834610939026,1.5709855556488037,0.0,0.0,0.0,0.0,0.0,0.0,0.0,10.0,147.0,4.0,19.0,29.0,28.0,67.0
2020-09-17 14:00:00+00:00,3827479987.0,0.0024419427338739134,26.5048899904,523287987.0,0.0,0.7108548283576965,0.0,0.0,0.0,0.0,0.0,0.0,1.7458780407905579,0.0,0.0,0.0,0.0,0.0,4.0,142.0,2.0,26.0,38.0,16.0,56.0
2020-09-17 16:00:00+00:00,3810619845.0,0.00242633,26.38813531,495141211.0,0.0,2.3325871229171753,0.0,0.0,0.0,0.0,0.0,0.0,0.7157595753669739,0.0,0.0,0.0,0.0,0.0,8.0,166.0,8.0,31.0,44.0,29.0,67.0
2020-09-17 18:00:00+00:00,3847424760.0,0.00243727,26.64300541,496950191.0,1.6163941621780396,0.0,0.0,0.0,0.0,1.6163941621780396,0.0,0.7255163788795471,1.6999234557151794,0.0,0.0,0.0,0.7255163788795471,0.0,8.0,165.0,2.0,26.0,19.0,34.0,45.0
2020-09-17 20:00:00+00:00,3857145427.0,0.00243425,26.71031999,506869306.0,3.3068206310272217,2.24617999792099,0.0,0.0,0.0,2.536907374858856,0.7699132561683655,0.0,1.6398870944976807,0.0,0.0,0.0,0.0,0.0,10.0,103.0,13.0,26.0,34.0,20.0,40.0
2020-09-17 22:00:00+00:00,3897985086.0,0.00246535,26.99313027,512578971.0,1.442622184753418,0.0,0.0,0.0,0.0,0.7283806204795837,0.7142415642738342,0.0,0.0,0.0,0.0,0.0,0.0,0.0,14.0,87.0,14.0,27.0,37.0,12.0,28.0
2020-09-18 00:00:00+00:00,4011738749.0,0.0025438713008429565,27.7808622347,513460512.0,0.0,0.0,0.0,0.0,0.0,0.0,0.0,0.7293167114257812,0.8952092528343201,0.7293167114257812,0.0,0.0,0.0,0.0,7.0,85.0,19.0,31.0,24.0,11.0,25.0
2020-09-18 02:00:00+00:00,4027898336.0,0.00254782,27.89276565,495395612.0,0.0,1.469987154006958,0.0,0.0,0.0,0.0,0.0,0.7069129347801208,0.0,0.0,0.0,0.0,0.0,0.7069129347801208,3.0,84.0,28.0,24.0,17.0,6.0,41.0
2020-09-18 04:00:00+00:00,3986085360.0,0.00252491,27.60321526,483256578.0,0.7434869408607483,0.0,0.0,0.0,0.0,0.7434869408607483,0.0,0.0,0.0,0.0,0.0,0.0,0.0,0.0,6.0,122.0,6.0,20.0,25.0,13.0,39.0
2020-09-18 06:00:00+00:00,4011322994.0,0.00253159,27.77798317,475481737.0,2.516453981399536,0.8976932168006897,0.0,0.890835702419281,0.0,1.6256182789802551,0.0,1.7412316799163818,0.7747050523757935,0.0,0.7770467400550842,0.9641849398612976,0.0,0.0,9.0,126.0,4.0,23.0,23.0,26.0,61.0
2020-09-18 08:00:00+00:00,4141540772.0,0.00260221,28.67972738,499817608.0,6.474978268146515,1.437427282333374,0.0,0.0,0.0,4.798634767532349,1.6763435006141663,0.0,0.0,0.0,0.0,0.0,0.0,0.0,23.0,138.0,15.0,15.0,35.0,32.0,44.0
2020-09-18 10:00:00+00:00,4079012847.0,0.0025654076813548497,28.2467281722,505750977.0,3.2433891892433167,2.4948670864105225,0.0,0.0,0.0,3.2433891892433167,0.0,1.4673795700073242,0.0,0.0,0.0,0.0,1.4673795700073242,0.0,17.0,244.0,8.0,19.0,21.0,26.0,51.0
2020-09-18 12:00:00+00:00,4036978286.0,0.00255419,27.95564333,493760901.0,5.891831398010254,0.0,0.0,0.0,0.0,5.044540226459503,0.8472911715507507,1.7201594114303589,1.5085301995277405,0.0,0.9576641917228699,0.0,0.762495219707489,0.0,15.0,146.0,15.0,14.0,35.0,22.0,80.0
2020-09-18 14:00:00+00:00,3986484667.0,0.00252574,27.60598042,488633626.0,2.3083860278129578,1.439986765384674,0.0,0.0,0.0,1.5894708037376404,0.0,0.842387855052948,0.842387855052948,0.0,0.0,0.0,0.0,0.0,4.0,190.0,2.0,34.0,33.0,29.0,62.0
2020-09-18 16:00:00+00:00,3900391137.0,0.00248442,27.00979192,487167665.0,0.7647106647491455,0.7162756323814392,0.0,0.0,0.0,0.7647106647491455,0.0,2.4853014945983887,1.6708399057388306,0.0,0.0,0.0,1.5583481788635254,0.0,7.0,166.0,7.0,39.0,44.0,28.0,62.0
2020-09-18 18:00:00+00:00,3966030372.0,0.00252102,27.46433661,495814699.0,2.4109174013137817,0.8313425183296204,0.0,0.8637823462486267,0.0,0.0,0.7157925367355347,0.0,0.0,0.0,0.0,0.0,0.0,0.0,11.0,159.0,11.0,46.0,25.0,34.0,55.0
2020-09-18 20:00:00+00:00,3911305182.0,0.00247652,27.08537051,490702868.0,2.2962759137153625,0.7570672035217285,0.0,0.0,0.0,1.539208710193634,0.0,0.0,0.7808762192726135,0.0,0.0,0.0,0.0,0.0,11.0,111.0,9.0,32.0,57.0,38.0,58.0
2020-09-18 22:00:00+00:00,3974333211.0,0.0025147612184723816,27.5218328801,484086307.0,0.987585186958313,0.0,0.0,0.0,0.0,0.987585186958313,0.0,0.8073798418045044,0.0,0.0,0.0,0.0,0.8073798418045044,0.0,10.0,123.0,7.0,16.0,18.0,26.0,35.0
2020-09-19 00:00:00+00:00,3913456727.0,0.00247277,27.10026973,462713331.0,3.377415180206299,4.408848941326141,0.0,0.0,0.0,3.377415180206299,0.0,0.0,0.9827837944030762,0.0,0.0,0.0,0.0,0.0,9.0,106.0,11.0,17.0,9.0,11.0,29.0
2020-09-19 02:00:00+00:00,3937465821.0,0.002482457359148027,27.2665301419,446089408.0,0.0,0.0,0.0,0.0,0.0,0.0,0.0,0.0,0.0,0.0,0.0,0.0,0.0,0.0,2.0,134.0,8.0,18.0,11.0,23.0,61.0
2020-09-19 04:00:00+00:00,3901937898.0,0.00246529,27.02050307,435839714.0,2.549029767513275,0.0,0.8144356608390808,0.0,0.0,0.7903053760528564,0.9442887306213379,0.0,0.734394907951355,0.0,0.0,0.0,0.0,0.0,7.0,135.0,17.0,10.0,11.0,12.0,61.0
2020-09-19 06:00:00+00:00,3881478095.0,0.00245537,26.87882112,427626153.0,2.4644768834114075,0.7813524603843689,0.0,0.0,0.0,1.622556209564209,0.8419206738471985,1.5282689332962036,0.7845253944396973,0.0,0.0,0.0,0.7437435388565063,0.0,18.0,153.0,9.0,8.0,11.0,68.0,53.0
2020-09-19 08:00:00+00:00,3898019394.0,0.00246193,26.99336785,405922291.0,0.8204637169837952,1.5767818689346313,0.0,0.0,0.0,0.8204637169837952,0.0,0.0,0.0,0.0,0.0,0.0,0.0,0.0,4.0,209.0,6.0,13.0,18.0,48.0,83.0
2020-09-19 10:00:00+00:00,3955311818.0,0.00246587,27.39011176,381441069.0,4.875002026557922,0.0,0.0,0.0,0.0,4.875002026557922,0.0,6.216676831245422,0.0,0.0,0.0,1.5356374382972717,4.681039392948151,0.0,46.0,166.0,4.0,10.0,53.0,84.0,81.0
2020-09-19 12:00:00+00:00,3991166816.0,0.00248812,27.6384038,389300976.0,1.7907432913780212,0.966964602470398,0.0,0.0,0.0,1.7907432913780212,0.0,1.6928076148033142,0.7229721546173096,0.0,0.0,0.0,0.9030489921569824,0.7897586226463318,14.0,189.0,2.0,26.0,55.0,36.0,59.0
2020-09-19 14:00:00+00:00,3957137478.0,0.00246595,27.40275427,375139692.0,5.705835819244385,0.9701658487319946,0.0,0.0,0.0,5.705835819244385,0.0,1.6987532377243042,2.3988146781921387,0.0,0.0,0.0,0.7595083117485046,0.0,17.0,176.0,3.0,29.0,76.0,49.0,64.0
2020-09-19 16:00:00+00:00,3944065135.0,0.00246264,27.31222969,358243080.0,10.653285562992096,0.8304454684257507,1.6002333760261536,0.0,0.0,9.053052186965942,0.0,0.7740387320518494,0.0,0.7740387320518494,0.0,0.0,0.0,0.0,26.0,182.0,5.0,21.0,28.0,42.0,76.0
2020-09-19 18:00:00+00:00,3929302057.0,0.00245497,27.20999695,343029136.0,1.7161527276039124,0.86392742395401,0.0,0.0,0.0,1.7161527276039124,0.0,0.0,0.770411491394043,0.0,0.0,0.0,0.0,0.0,4.0,172.0,8.0,24.0,27.0,24.0,53.0
2020-09-19 20:00:00+00:00,3952592597.0,0.00247392,27.37128145,336424828.0,2.355108320713043,0.807253360748291,0.0,0.7436949014663696,0.0,1.6114134192466736,0.0,0.0,0.9517436027526855,0.0,0.0,0.0,0.0,0.0,9.0,120.0,14.0,20.0,66.0,23.0,38.0
2020-09-19 22:00:00+00:00,3935239344.0,0.00245631,27.25111203,331216806.0,0.782334566116333,0.0,0.0,0.0,0.0,0.782334566116333,0.0,0.0,0.0,0.0,0.0,0.0,0.0,0.0,4.0,120.0,4.0,19.0,58.0,11.0,28.0
2020-09-20 00:00:00+00:00,3905589991.0,0.00246891,27.04579342,304470660.0,1.7007802724838257,0.0,0.0,0.0,0.0,0.841396152973175,0.8593841195106506,0.0,0.0,0.0,0.0,0.0,0.0,0.0,9.0,140.0,2.0,18.0,78.0,43.0,27.0
2020-09-20 02:00:00+00:00,3898598118.0,0.00246277,26.99737545,303816009.0,0.7324888706207275,0.0,0.0,0.0,0.0,0.7324888706207275,0.0,0.0,0.0,0.0,0.0,0.0,0.0,0.0,4.0,132.0,9.0,18.0,83.0,17.0,50.0
2020-09-20 04:00:00+00:00,3899827527.0,0.00246334,27.00588898,301764969.0,0.0,0.0,0.0,0.0,0.0,0.0,0.0,0.9799865484237671,0.0,0.0,0.0,0.0,0.0,0.9799865484237671,3.0,142.0,8.0,11.0,28.0,12.0,93.0
2020-09-20 06:00:00+00:00,3935805539.0,0.00247912,27.25503287,300439061.0,0.7763354778289795,0.0,0.0,0.0,0.0,0.7763354778289795,0.0,0.851410448551178,0.851410448551178,0.0,0.0,0.0,0.0,0.0,3.0,163.0,4.0,15.0,82.0,6.0,90.0
2020-09-20 08:00:00+00:00,3913976000.0,0.00246964,27.10386564,300628739.0,3.2740635871887207,0.0,0.0,0.0,0.0,2.4799978733062744,0.7940657138824463,0.9486638903617859,0.0,0.0,0.0,0.0,0.9486638903617859,0.0,11.0,192.0,4.0,16.0,45.0,21.0,98.0
2020-09-20 10:00:00+00:00,3919445898.0,0.00247463,27.1417441,295462715.0,1.4398146867752075,0.0,1.4398146867752075,0.0,0.0,0.0,0.0,2.70441073179245,3.013507604598999,1.9842259287834167,0.0,0.0,0.7201848030090332,0.0,8.0,254.0,7.0,8.0,55.0,13.0,116.0
2020-09-20 12:00:00+00:00,3827409565.0,0.00243765,26.50440233,301609957.0,0.8218843340873718,0.74745774269104,0.0,0.0,0.0,0.8218843340873718,0.0,0.7562125325202942,1.7466351389884949,0.0,0.0,0.0,0.0,0.0,9.0,151.0,4.0,24.0,138.0,62.0,135.0
2020-09-20 14:00:00+00:00,3804553259.0,0.00242379,26.34612485,306454055.0,2.4400137066841125,2.186254620552063,0.0,0.0,0.0,2.4400137066841125,0.0,1.6684091687202454,0.0,0.0,0.0,0.0,1.6684091687202454,0.0,12.0,161.0,6.0,26.0,89.0,34.0,119.0
2020-09-20 16:00:00+00:00,3764207732.0,0.00239097,26.06673639,316843616.0,1.7893285751342773,0.7798221707344055,0.0,0.0,0.0,0.8980417847633362,0.8912867903709412,0.0,2.6940292716026306,0.0,0.0,0.0,0.0,0.0,6.0,193.0,9.0,17.0,99.0,55.0,146.0
2020-09-20 18:00:00+00:00,3762288445.0,0.00239348,26.05344553,312065800.0,0.7672761082649231,0.0,0.0,0.7672761082649231,0.0,0.0,0.0,0.0,0.8116137385368347,0.0,0.0,0.0,0.0,0.0,6.0,139.0,1.0,26.0,90.0,23.0,78.0
2020-09-20 20:00:00+00:00,3664596239.0,0.00232895,25.37693744,315431894.0,1.636026680469513,0.7562702894210815,0.0,0.0,0.0,0.845150351524353,0.7908763289451599,0.0,0.0,0.0,0.0,0.0,0.0,0.0,8.0,138.0,6.0,26.0,70.0,8.0,48.0
2020-09-20 22:00:00+00:00,3811197212.0,0.00241282,26.39213351,343197520.0,5.559674561023712,0.7169584035873413,0.0,0.0,0.0,4.6467286348342896,0.9129459261894226,0.0,1.5430194735527039,0.0,0.0,0.0,0.0,0.0,10.0,89.0,6.0,19.0,43.0,34.0,41.0
2020-09-21 00:00:00+00:00,3820087117.0,0.00241322,26.45369516,362968518.0,0.0,2.4623968601226807,0.0,0.0,0.0,0.0,0.0,0.8264483213424683,0.8550481200218201,0.0,0.8264483213424683,0.0,0.0,0.0,3.0,84.0,5.0,21.0,26.0,20.0,23.0
2020-09-21 02:00:00+00:00,3847738831.0,0.0024296,26.64518033,366791413.0,0.7943743467330933,0.0,0.0,0.0,0.0,0.7943743467330933,0.0,0.0,0.0,0.0,0.0,0.0,0.0,0.0,10.0,107.0,2.0,11.0,24.0,6.0,49.0
2020-09-21 04:00:00+00:00,3802334102.0,0.002401,26.33075743,354517134.0,0.0,0.9156367182731628,0.0,0.0,0.0,0.0,0.0,0.0,0.0,0.0,0.0,0.0,0.0,0.0,3.0,112.0,4.0,14.0,39.0,10.0,21.0
2020-09-21 06:00:00+00:00,3752546153.0,0.00237951,25.9859812,348035598.0,2.265674352645874,1.522037148475647,0.0,0.0,0.0,0.7905036211013794,0.7270817756652832,0.0,0.9145249128341675,0.0,0.0,0.0,0.0,0.0,7.0,156.0,8.0,15.0,20.0,19.0,50.0
2020-09-21 08:00:00+00:00,3561250425.0,0.00229188,24.66127872,362777061.0,0.9058429002761841,0.0,0.0,0.0,0.0,0.9058429002761841,0.0,0.0,0.0,0.0,0.0,0.0,0.0,0.0,12.0,189.0,2.0,13.0,26.0,18.0,44.0
2020-09-21 10:00:00+00:00,3474276051.0,0.00226206,24.05899047,418136494.0,0.7423877716064453,1.6213565468788147,0.0,0.0,0.0,0.7423877716064453,0.0,2.3488048911094666,2.1973606944084167,0.0,0.0,0.0,1.604905903339386,0.7438989877700806,7.0,199.0,1.0,19.0,41.0,26.0,57.0
2020-09-21 12:00:00+00:00,3474793755.0,0.00226582,24.06257552,434375909.0,0.0,0.8256091475486755,0.0,0.0,0.0,0.0,0.0,0.7734313011169434,1.6975950598716736,0.0,0.0,0.0,0.7734313011169434,0.0,4.0,165.0,0.0,19.0,60.0,26.0,47.0
2020-09-21 14:00:00+00:00,3378354519.0,0.00224101,23.39474411,466686192.0,4.7272829413414,0.0,0.7756547927856445,0.0,0.0,2.4050102829933167,1.546617865562439,0.7420985698699951,0.0,0.0,0.0,0.0,0.7420985698699951,0.0,12.0,172.0,4.0,44.0,60.0,20.0,55.0
2020-09-21 16:00:00+00:00,3367364681.0,0.002238980363603352,23.3186406574,459827896.0,0.0,0.0,0.0,0.0,0.0,0.0,0.0,0.0,0.0,0.0,0.0,0.0,0.0,0.0,5.0,161.0,9.0,33.0,41.0,21.0,47.0
2020-09-21 18:00:00+00:00,3401523712.0,0.00224448,23.5551883,468354520.0,0.0,0.0,0.0,0.0,0.0,0.0,0.0,0.0,0.0,0.0,0.0,0.0,0.0,0.0,5.0,124.0,9.0,27.0,38.0,23.0,34.0
2020-09-21 20:00:00+00:00,3493208415.0,0.00229658,24.19009507,477045684.0,1.6215007305145264,1.5358577966690063,0.0,0.0,0.0,1.6215007305145264,0.0,0.9424988627433777,0.0,0.0,0.9424988627433777,0.0,0.0,0.0,7.0,137.0,2.0,23.0,122.0,21.0,30.0
2020-09-21 22:00:00+00:00,3360034461.0,0.00222398,23.26787967,462503299.0,0.0,0.0,0.0,0.0,0.0,0.0,0.0,0.8699045777320862,1.4061856865882874,0.8699045777320862,0.0,0.0,0.0,0.0,4.0,92.0,16.0,22.0,111.0,11.0,24.0
2020-09-22 00:00:00+00:00,3382910339.0,0.0022425,23.42629267,474145197.0,0.0,0.0,0.0,0.0,0.0,0.0,0.0,0.0,0.0,0.0,0.0,0.0,0.0,0.0,3.0,104.0,16.0,16.0,101.0,22.0,15.0
2020-09-22 02:00:00+00:00,3395686737.0,0.00224642,23.51476787,469682975.0,0.7006412744522095,0.7464897632598877,0.0,0.0,0.0,0.7006412744522095,0.0,0.0,0.0,0.0,0.0,0.0,0.0,0.0,3.0,117.0,2.0,11.0,76.0,8.0,28.0
2020-09-22 04:00:00+00:00,3419714201.0,0.00226036,23.68115549,474522490.0,0.0,0.0,0.0,0.0,0.0,0.0,0.0,1.67802494764328,0.0,0.0,1.67802494764328,0.0,0.0,0.0,7.0,134.0,12.0,8.0,61.0,41.0,40.0
2020-09-22 06:00:00+00:00,3340223405.0,0.00222299,23.13069022,482417120.0,0.0,1.6516456007957458,0.0,0.0,0.0,0.0,0.0,0.9276362061500549,0.9276362061500549,0.0,0.0,0.0,0.0,0.0,3.0,151.0,0.0,13.0,127.0,28.0,48.0
2020-09-22 08:00:00+00:00,3411045447.0,0.00225481,23.6211253,467062685.0,0.8458321690559387,0.0,0.0,0.8458321690559387,0.0,0.0,0.0,0.0,0.8847559690475464,0.0,0.0,0.0,0.0,0.0,8.0,159.0,5.0,13.0,91.0,23.0,48.0
2020-09-22 10:00:00+00:00,3469050324.0,0.00229283,24.02280287,438192051.0,2.319733142852783,0.7795368432998657,0.7022212743759155,0.0,0.0,1.6175118684768677,0.0,0.0,0.0,0.0,0.0,0.0,0.0,0.0,6.0,155.0,9.0,25.0,91.0,26.0,57.0
2020-09-22 12:00:00+00:00,3493769174.0,0.00230791,24.19397827,420161291.0,1.5572660565376282,1.5811445116996765,0.0,0.7273499369621277,0.0,0.0,0.0,0.0,1.593757688999176,0.0,0.0,0.0,0.0,0.0,10.0,141.0,5.0,16.0,160.0,40.0,71.0
2020-09-22 14:00:00+00:00,3466887315.0,0.00229368,24.00782426,376540426.0,2.418905198574066,0.0,0.0,0.0,0.0,0.0,2.418905198574066,0.0,0.0,0.0,0.0,0.0,0.0,0.0,8.0,174.0,16.0,24.0,172.0,17.0,102.0
2020-09-22 16:00:00+00:00,3494071983.0,0.00230502,24.19607519,369027594.0,3.5035337805747986,0.0,0.0,0.0,0.0,1.8471741676330566,1.656359612941742,1.5995910167694092,0.7574765682220459,0.0,0.8421144485473633,0.0,0.0,0.0,13.0,154.0,7.0,24.0,115.0,41.0,88.0
2020-09-22 18:00:00+00:00,3465831393.0,0.00228688,24.00051211,366537879.0,2.394151031970978,4.696137249469757,0.0,0.0,0.0,0.0,0.7474128007888794,0.0,0.0,0.0,0.0,0.0,0.0,0.0,6.0,125.0,3.0,28.0,142.0,15.0,56.0
2020-09-22 20:00:00+00:00,3481626377.0,0.00228487,24.1098907,359803983.0,1.8235324621200562,0.0,0.0,0.0,0.0,1.8235324621200562,0.0,0.0,0.0,0.0,0.0,0.0,0.0,0.0,2.0,83.0,11.0,19.0,107.0,47.0,34.0
2020-09-22 22:00:00+00:00,3480304977.0,0.00228693,24.10074014,340023558.0,0.0,0.8218267560005188,0.0,0.0,0.0,0.0,0.0,0.7062727808952332,0.7062727808952332,0.0,0.0,0.0,0.0,0.0,3.0,74.0,6.0,21.0,58.0,26.0,20.0
2020-09-23 00:00:00+00:00,3486608523.0,0.00229532,24.14439152,320045289.0,0.0,0.0,0.0,0.0,0.0,0.0,0.0,0.0,0.0,0.0,0.0,0.0,0.0,0.0,3.0,90.0,3.0,28.0,53.0,27.0,15.0
2020-09-23 02:00:00+00:00,3474344410.0,0.00229361,24.05946385,459696769.0,1.5745572447776794,0.7712894678115845,0.0,0.0,0.0,0.803267776966095,0.0,0.0,0.0,0.0,0.0,0.0,0.0,0.0,6.0,93.0,2.0,14.0,51.0,28.0,18.0
2020-09-23 04:00:00+00:00,3427824511.0,0.00226269,23.73731852,466515004.0,1.5618453621864319,1.743999183177948,0.0,0.0,0.0,0.8095376491546631,0.7523077130317688,0.7029369473457336,0.0,0.0,0.0,0.0,0.0,0.7029369473457336,6.0,104.0,12.0,10.0,30.0,11.0,33.0
2020-09-23 06:00:00+00:00,3384421379.0,0.00224691,23.43675647,454549617.0,0.7264209389686584,0.0,0.0,0.0,0.0,0.7264209389686584,0.0,0.0,0.0,0.0,0.0,0.0,0.0,0.0,5.0,140.0,2.0,25.0,63.0,17.0,45.0
2020-09-23 08:00:00+00:00,3423739240.0,0.00226303,23.70902845,474043433.0,5.078116834163666,4.872691571712494,0.0,0.0,0.8513685464859009,3.375379741191864,0.0,0.8968257904052734,0.7079193592071533,0.0,0.0,0.0,0.8968257904052734,0.0,21.0,144.0,3.0,21.0,32.0,15.0,45.0
2020-09-23 10:00:00+00:00,3441098827.0,0.00227206,23.82924174,440824725.0,7.632763147354126,0.0,0.0,0.0,0.8903918266296387,5.963970363140106,0.7784009575843811,1.6312874555587769,0.9225747585296631,0.0,0.0,0.0,0.7087126970291138,0.0,25.0,134.0,15.0,22.0,34.0,15.0,41.0
2020-09-23 12:00:00+00:00,3483051383.0,0.002293,24.11975871,424151528.0,6.786091148853302,1.5846877098083496,0.9088547229766846,0.0,0.8513685464859009,5.0258678793907166,0.0,0.0,0.0,0.0,0.0,0.0,0.0,0.0,16.0,174.0,2.0,29.0,21.0,11.0,51.0
2020-09-23 14:00:00+00:00,3430536810.0,0.00227124,23.7561009,412313583.0,3.2487674951553345,1.5483095049858093,0.0,0.0,0.0,2.451005756855011,0.7977617383003235,0.7039414644241333,0.7039414644241333,0.0,0.0,0.0,0.0,0.0,10.0,149.0,6.0,27.0,14.0,13.0,49.0
2020-09-23 16:00:00+00:00,3442791905.0,0.00227666,23.840966129999998,407449554.0,4.06219744682312,1.6150792241096497,0.0,0.7492942810058594,0.0,3.3129031658172607,0.0,0.0,0.0,0.0,0.0,0.0,0.0,0.0,7.0,158.0,4.0,31.0,20.0,31.0,37.0
2020-09-23 18:00:00+00:00,3341575503.0,0.00224675,23.14005336,413072645.0,2.440406620502472,1.5986909866333008,0.0,0.0,0.0,2.440406620502472,0.0,1.6341181993484497,0.0,0.0,0.8432585000991821,0.7908596992492676,0.0,0.0,8.0,145.0,0.0,27.0,28.0,19.0,33.0
2020-09-23 20:00:00+00:00,3344119477.0,0.00225599,23.1576701,439418214.0,0.9236639142036438,0.0,0.0,0.0,0.0,0.9236639142036438,0.0,0.0,0.9091825485229492,0.0,0.0,0.0,0.0,0.0,10.0,129.0,5.0,26.0,347.0,93.0,37.0
2020-09-23 22:00:00+00:00,3300697550.0,0.00223078,22.85697789,446713264.0,0.0,1.6889678239822388,0.0,0.0,0.0,0.0,0.0,0.8278088569641113,0.8924605250358582,0.0,0.0,0.0,0.8278088569641113,0.0,11.0,76.0,4.0,21.0,49.0,14.0,23.0
2020-09-24 00:00:00+00:00,3338741769.0,0.00224563,23.12043005,449393550.0,0.0,1.6995964646339417,0.0,0.0,0.0,0.0,0.0,0.0,0.0,0.0,0.0,0.0,0.0,0.0,5.0,83.0,7.0,22.0,22.0,25.0,18.0
2020-09-24 02:00:00+00:00,3352593268.0,0.00225282,23.2163502,442379697.0,2.511419415473938,0.0,2.511419415473938,0.0,0.0,0.0,0.0,0.0,0.0,0.0,0.0,0.0,0.0,0.0,3.0,123.0,15.0,17.0,18.0,12.0,32.0
2020-09-24 04:00:00+00:00,3336703508.0,0.00224644,23.10631531,428163215.0,2.5016121864318848,0.8453623056411743,0.0,0.0,0.8422316908836365,1.6593804955482483,0.0,0.0,0.0,0.0,0.0,0.0,0.0,0.0,4.0,132.0,7.0,11.0,16.0,12.0,28.0
2020-09-24 06:00:00+00:00,3418686986.0,0.00228921,23.67404214,423023872.0,3.23478901386261,0.899807333946228,0.0,0.0,0.0,3.23478901386261,0.0,0.0,1.7125219702720642,0.0,0.0,0.0,0.0,0.0,16.0,118.0,19.0,13.0,12.0,32.0,38.0
2020-09-24 08:00:00+00:00,3434258054.0,0.0023021,23.78187012,413650645.0,5.306559681892395,0.8147145509719849,0.0,0.0,0.0,4.591849386692047,0.7147102952003479,0.0,0.0,0.0,0.0,0.0,0.0,0.0,13.0,136.0,0.0,8.0,14.0,25.0,34.0
2020-09-24 10:00:00+00:00,3440879322.0,0.0022926,23.82772169,446198473.0,2.2973088026046753,0.8104839324951172,0.0,0.0,0.0,2.2973088026046753,0.0,0.8122143149375916,0.7514144778251648,0.0,0.0,0.0,0.8122143149375916,0.0,7.0,149.0,1.0,18.0,28.0,17.0,37.0
2020-09-24 12:00:00+00:00,3423063894.0,0.00229004,23.70435175,451143725.0,1.6543680429458618,1.6782580614089966,0.0,0.0,0.0,0.8502359986305237,0.0,0.7342312932014465,0.7748249173164368,0.0,0.0,0.0,0.7342312932014465,0.0,8.0,119.0,4.0,24.0,44.0,17.0,55.0
2020-09-24 14:00:00+00:00,3476277161.0,0.00229101,24.07284795,459174920.0,0.7937361598014832,0.0,0.0,0.0,0.7937361598014832,0.0,0.0,0.7115786671638489,0.72820645570755,0.0,0.0,0.0,0.0,0.7115786671638489,5.0,91.0,2.0,22.0,70.0,29.0,59.0
2020-09-24 16:00:00+00:00,3503463508.0,0.00227165,24.26111049,486783426.0,1.4945437908172607,0.0,0.0,0.0,0.0,0.0,1.4945437908172607,0.0,0.0,0.0,0.0,0.0,0.0,0.0,9.0,91.0,7.0,34.0,51.0,35.0,33.0
2020-09-24 18:00:00+00:00,3490209849.0,0.00226861,24.16933032,468800601.0,1.6026130318641663,2.512392818927765,0.0,0.7541289329528809,0.0,0.0,0.8484840989112854,0.0,0.0,0.0,0.0,0.0,0.0,0.0,6.0,67.0,4.0,18.0,65.0,18.0,30.0
2020-09-24 20:00:00+00:00,3496337583.0,0.00227107,24.21176422,462332655.0,0.703942060470581,0.0,0.703942060470581,0.0,0.0,0.0,0.0,0.0,0.8479890823364258,0.0,0.0,0.0,0.0,0.0,9.0,71.0,2.0,18.0,27.0,23.0,28.0
2020-09-24 22:00:00+00:00,3554397706.0,0.00228752,24.61382437,475917196.0,0.8420534133911133,0.0,0.0,0.0,0.0,0.0,0.8420534133911133,0.0,0.7810736298561096,0.0,0.0,0.0,0.0,0.0,6.0,45.0,6.0,19.0,233.0,46.0,24.0
2020-09-25 00:00:00+00:00,3564538570.0,0.00230608,24.68404877,484587573.0,0.0,0.0,0.0,0.0,0.0,0.0,0.0,0.0,0.8426018357276917,0.0,0.0,0.0,0.0,0.0,6.0,48.0,1.0,15.0,36.0,14.0,13.0
2020-09-25 02:00:00+00:00,3556749030.0,0.0023037,24.63010704,493923067.0,0.9475428462028503,1.9173100590705872,0.0,0.0,0.0,0.0,0.0,0.7770002484321594,0.0,0.0,0.0,0.7770002484321594,0.0,0.0,3.0,63.0,11.0,15.0,10.0,9.0,38.0
2020-09-25 04:00:00+00:00,3527471442.0,0.00229115,24.42736287,493694513.0,0.9094506502151489,0.0,0.0,0.0,0.0,0.9094506502151489,0.0,0.7856708765029907,0.0,0.0,0.0,0.0,0.7856708765029907,0.0,4.0,78.0,0.0,11.0,20.0,11.0,45.0
2020-09-25 06:00:00+00:00,3550333750.0,0.00229756,24.58568191,488874878.0,0.0,2.4069793224334717,0.0,0.0,0.0,0.0,0.0,0.0,0.0,0.0,0.0,0.0,0.0,0.0,3.0,97.0,3.0,10.0,72.0,20.0,30.0
2020-09-25 08:00:00+00:00,3474945016.0,0.0022732,24.06362298,469493888.0,0.8513685464859009,1.6815752387046814,0.0,0.0,0.0,0.0,0.0,0.0,0.7546607255935669,0.0,0.0,0.0,0.0,0.0,12.0,114.0,3.0,12.0,14.0,12.0,37.0
2020-09-25 10:00:00+00:00,3498257487.0,0.0022769,24.22505935,449899995.0,3.1675435304641724,0.0,0.7068248987197876,0.0,0.0,1.6630748510360718,0.797643780708313,0.8110283017158508,0.0,0.8110283017158508,0.0,0.0,0.0,0.0,10.0,102.0,1.0,11.0,26.0,7.0,40.0
2020-09-25 12:00:00+00:00,3506585604.0,0.0022861,24.28273067,437136917.0,2.3776962757110596,0.7856997847557068,0.0,0.0,0.0,0.8278793096542358,0.7641171813011169,0.0,0.0,0.0,0.0,0.0,0.0,0.0,15.0,108.0,7.0,30.0,23.0,17.0,61.0
2020-09-25 14:00:00+00:00,3529059904.0,0.00229321,24.4383628,437505519.0,2.550759494304657,1.6136730313301086,0.0,0.0,0.0,1.6865403056144714,0.8642191886901855,1.688327670097351,0.0,0.0,0.0,1.688327670097351,0.0,0.0,12.0,112.0,1.0,35.0,23.0,22.0,59.0
2020-09-25 16:00:00+00:00,3537975969.0,0.00228946,24.5001056,439424187.0,0.903108537197113,2.3762967586517334,0.0,0.0,0.0,0.903108537197113,0.0,0.0,0.0,0.0,0.0,0.0,0.0,0.0,8.0,108.0,4.0,23.0,32.0,27.0,37.0
2020-09-25 18:00:00+00:00,3573032070.0,0.0023088,24.74286535,450256685.0,0.7866657972335815,0.74964439868927,0.0,0.7866657972335815,0.0,0.0,0.0,0.7462802529335022,0.0,0.0,0.0,0.0,0.7462802529335022,0.0,8.0,81.0,15.0,12.0,48.0,19.0,34.0
2020-09-25 20:00:00+00:00,3583169237.0,0.00230923,24.81306415,448797251.0,0.0,1.7738502621650696,0.0,0.0,0.0,0.0,0.0,0.0,0.7800543904304504,0.0,0.0,0.0,0.0,0.0,0.0,57.0,4.0,21.0,68.0,15.0,30.0
2020-09-25 22:00:00+00:00,3561555011.0,0.00230656,24.66338794,442583904.0,0.8324075937271118,0.8324075937271118,0.0,0.0,0.0,0.0,0.0,0.0,0.0,0.0,0.0,0.0,0.0,0.0,8.0,46.0,2.0,10.0,24.0,12.0,28.0
2020-09-26 00:00:00+00:00,3565261552.0,0.00230615,24.68905535,418393231.0,0.0,0.8700574636459351,0.0,0.0,0.0,0.0,0.0,0.0,0.0,0.0,0.0,0.0,0.0,0.0,0.0,67.0,6.0,14.0,19.0,17.0,24.0
2020-09-26 02:00:00+00:00,3568437760.0,0.00230447,24.71105025,418722293.0,0.0,1.519359827041626,0.0,0.0,0.0,0.0,0.0,0.0,0.0,0.0,0.0,0.0,0.0,0.0,4.0,66.0,3.0,11.0,18.0,10.0,34.0
2020-09-26 04:00:00+00:00,3585627680.0,0.0023076,24.8300886,420945470.0,1.6554575562477112,0.0,0.0,0.0,0.0,0.7954729199409485,0.8599846363067627,0.7034449577331543,0.0,0.0,0.0,0.7034449577331543,0.0,0.0,7.0,77.0,4.0,13.0,17.0,11.0,50.0
2020-09-26 06:00:00+00:00,3583808427.0,0.00231619,24.81749047,424823585.0,0.9305624961853027,1.7265894412994385,0.0,0.0,0.0,0.0,0.9305624961853027,0.0,1.7815707325935364,0.0,0.0,0.0,0.0,0.0,4.0,87.0,5.0,9.0,18.0,13.0,55.0
2020-09-26 08:00:00+00:00,3648147723.0,0.00235983,25.26303322,434365521.0,0.7356693744659424,2.4180073738098145,0.0,0.0,0.0,0.0,0.0,0.0,0.0,0.0,0.0,0.0,0.0,0.0,8.0,84.0,4.0,9.0,27.0,16.0,63.0
2020-09-26 10:00:00+00:00,3683271876.0,0.00238001,25.50626423,436132282.0,0.7591645121574402,4.095970451831818,0.0,0.0,0.0,0.7591645121574402,0.0,0.0,0.8158135414123535,0.0,0.0,0.0,0.0,0.0,9.0,99.0,0.0,12.0,58.0,10.0,62.0
2020-09-26 12:00:00+00:00,3620820717.0,0.00234668,25.07379663,445783711.0,1.5874412059783936,3.334780752658844,0.0,0.0,0.0,1.5874412059783936,0.0,0.0,0.0,0.0,0.0,0.0,0.0,0.0,7.0,116.0,2.0,25.0,14.0,21.0,72.0
2020-09-26 14:00:00+00:00,3670254855.0,0.00236962,25.41612275,448508652.0,4.561406850814819,4.890396535396576,0.0,0.0,0.0,3.135094463825226,1.4263123869895935,0.0,1.648416519165039,0.0,0.0,0.0,0.0,0.0,14.0,92.0,1.0,20.0,11.0,31.0,77.0
2020-09-26 16:00:00+00:00,3744411756.0,0.00241495,25.92965137,456527019.0,0.0,0.0,0.0,0.0,0.0,0.0,0.0,0.0,0.0,0.0,0.0,0.0,0.0,0.0,5.0,114.0,3.0,26.0,31.0,9.0,83.0
2020-09-26 18:00:00+00:00,3723867501.0,0.00240474,25.78738459,455690765.0,0.8491105437278748,0.0,0.0,0.0,0.0,0.0,0.8491105437278748,0.812563419342041,0.8719898462295532,0.0,0.0,0.0,0.0,0.812563419342041,12.0,65.0,2.0,13.0,39.0,15.0,45.0
2020-09-26 20:00:00+00:00,3801004374.0,0.00244971,26.3215492,471831353.0,0.7687218189239502,1.5163649916648865,0.0,0.0,0.0,0.0,0.0,1.7161299586296082,0.9719181060791016,0.0,0.8409260511398315,0.8752039074897766,0.0,0.0,8.0,72.0,1.0,16.0,43.0,10.0,44.0
2020-09-26 22:00:00+00:00,3786510684.0,0.00243902,26.22118195,490827676.0,0.0,5.7340545654296875,0.0,0.0,0.0,0.0,0.0,0.0,2.5861348509788513,0.0,0.0,0.0,0.0,0.0,3.0,73.0,2.0,22.0,17.0,14.0,37.0
2020-09-27 00:00:00+00:00,3829971339.0,0.00246069,26.52214234,528541627.0,0.0,7.713371455669403,0.0,0.0,0.0,0.0,0.0,1.5119706988334656,0.7849813103675842,0.0,0.792874276638031,0.0,0.7190964221954346,0.0,7.0,80.0,4.0,13.0,5.0,9.0,15.0
2020-09-27 02:00:00+00:00,3828036416.0,0.00245859,26.5087432,539211649.0,2.1723267436027527,1.5532333850860596,0.0,0.0,0.0,1.4438384771347046,0.7284882664680481,0.0,0.0,0.0,0.0,0.0,0.0,0.0,6.0,93.0,1.0,18.0,62.0,17.0,38.0
2020-09-27 04:00:00+00:00,3860293416.0,0.0024786,26.73211948,546713032.0,1.5739659667015076,3.4331368803977966,0.0,0.0,0.0,0.7851425409317017,0.7888234257698059,0.0,0.7746299505233765,0.0,0.0,0.0,0.0,0.0,5.0,138.0,5.0,14.0,11.0,9.0,37.0
2020-09-27 06:00:00+00:00,3803243834.0,0.00246465,26.33705723,552845902.0,0.7441095113754272,3.911912739276886,0.0,0.0,0.0,0.7441095113754272,0.0,0.7059909701347351,1.4498998522758484,0.0,0.0,0.0,0.0,0.7059909701347351,10.0,143.0,4.0,14.0,23.0,23.0,44.0
2020-09-27 08:00:00+00:00,3772975974.0,0.00245308,26.12745553,548746449.0,1.632042407989502,9.38712590932846,0.0,0.0,0.0,1.632042407989502,0.0,0.0,3.331641912460327,0.0,0.0,0.0,0.0,0.0,10.0,138.0,1.0,13.0,46.0,9.0,42.0
2020-09-27 10:00:00+00:00,3771924055.0,0.0024559,26.1201711,356103150.0,3.780487895011902,2.5641191601753235,0.0,0.0,0.0,1.5425053238868713,2.2379825711250305,1.6601095795631409,7.33394992351532,0.0,0.0,0.9125669002532959,0.0,0.747542679309845,17.0,135.0,0.0,10.0,36.0,35.0,41.0
2020-09-27 12:00:00+00:00,3782103140.0,0.00245337,26.19066018,523581364.0,0.9377798438072205,0.848134458065033,0.0,0.0,0.0,0.0,0.9377798438072205,0.0,1.6675073504447937,0.0,0.0,0.0,0.0,0.0,13.0,146.0,3.0,16.0,29.0,27.0,50.0
2020-09-27 14:00:00+00:00,3801393420.0,0.00244633,26.32424331,516831818.0,4.6556127071380615,2.3953620195388794,0.0,0.0,0.7099488973617554,1.6098787188529968,1.5398179292678833,0.0,0.0,0.0,0.0,0.0,0.0,0.0,12.0,121.0,5.0,26.0,22.0,30.0,50.0
2020-09-27 16:00:00+00:00,3754713618.0,0.00242021,26.00099066,490092479.0,7.387482821941376,0.0,0.0,0.7677651643753052,0.0,6.619717657566071,0.0,0.0,0.0,0.0,0.0,0.0,0.0,0.0,21.0,130.0,3.0,24.0,33.0,17.0,46.0
2020-09-27 18:00:00+00:00,3769853449.0,0.00243165,26.10583238,487443246.0,2.3168930411338806,0.0,0.0,0.0,0.0,2.3168930411338806,0.0,0.0,0.0,0.0,0.0,0.0,0.0,0.0,9.0,92.0,6.0,31.0,42.0,18.0,47.0
2020-09-27 20:00:00+00:00,3744907127.0,0.00241378,25.93308176,464436216.0,0.8594560027122498,0.9170029163360596,0.0,0.0,0.0,0.8594560027122498,0.0,0.0,0.0,0.0,0.0,0.0,0.0,0.0,9.0,110.0,4.0,29.0,46.0,30.0,24.0
2020-09-27 22:00:00+00:00,3783338709.0,0.00243142,26.19921636,435755666.0,3.1677176356315613,3.1221079230308533,0.0,0.0,0.0,1.5449763536453247,1.6227412819862366,0.8115509748458862,3.185934007167816,0.0,0.0,0.0,0.0,0.8115509748458862,9.0,82.0,7.0,26.0,30.0,27.0,26.0
2020-09-28 00:00:00+00:00,3838509936.0,0.00243352,26.58127121,414230639.0,1.512753427028656,0.8075741529464722,0.0,0.0,0.0,0.0,0.7051792740821838,0.0,0.0,0.0,0.0,0.0,0.0,0.0,5.0,49.0,0.0,19.0,83.0,10.0,13.0
2020-09-28 02:00:00+00:00,3828312859.0,0.0024312,26.51065755,408714009.0,0.0,0.0,0.0,0.0,0.0,0.0,0.0,0.0,0.0,0.0,0.0,0.0,0.0,0.0,0.0,7.0,0.0,0.0,0.0,0.0,0.0
2020-09-28 04:00:00+00:00,3831584736.0,0.0024378,26.53331494,417508771.0,0.0,0.0,0.0,0.0,0.0,0.0,0.0,0.0,0.0,0.0,0.0,0.0,0.0,0.0,0.0,11.0,0.0,0.0,0.0,0.0,0.0
2020-09-28 06:00:00+00:00,3752847698.0,0.00238863,25.98806937,425368247.0,0.0,0.0,0.0,0.0,0.0,0.0,0.0,0.0,0.0,0.0,0.0,0.0,0.0,0.0,0.0,11.0,0.0,1.0,0.0,0.0,2.0
2020-09-28 08:00:00+00:00,3811008582.0,0.0024352,26.39082728,438318541.0,5.775130748748779,6.134341478347778,0.0,0.8964837193489075,0.0,4.878647029399872,0.0,0.0,4.532187461853027,0.0,0.0,0.0,0.0,0.0,14.0,105.0,9.0,17.0,16.0,28.0,41.0
2020-09-28 10:00:00+00:00,3838404669.0,0.00244099,26.58054225,450560167.0,2.32513427734375,0.7548123598098755,0.0,0.7286878824234009,0.0,1.5964463949203491,0.0,0.7348707318305969,0.7348707318305969,0.0,0.0,0.0,0.0,0.0,8.0,107.0,5.0,20.0,36.0,42.0,56.0
2020-09-28 12:00:00+00:00,3867959026.0,0.00246089,26.78520301,471292852.0,0.7357633113861084,0.0,0.0,0.0,0.0,0.7357633113861084,0.0,0.0,0.9264973998069763,0.0,0.0,0.0,0.0,0.0,9.0,117.0,2.0,35.0,26.0,32.0,39.0
2020-09-28 14:00:00+00:00,3932110430.0,0.00249664,27.22944463,485669480.0,2.2100594639778137,0.0,0.0,0.0,0.0,0.7084653973579407,1.501594066619873,0.0,0.0,0.0,0.0,0.0,0.0,0.0,11.0,91.0,9.0,38.0,29.0,35.0,71.0
2020-09-28 16:00:00+00:00,3929517593.0,0.00249831,27.21148951,490993260.0,2.4789950847625732,1.7061273455619812,0.0,0.0,0.0,1.658604919910431,0.0,1.5769758224487305,1.6419639587402344,0.0,0.8653672337532043,0.0,0.0,0.7116085886955261,28.0,119.0,10.0,41.0,17.0,25.0,66.0
2020-09-28 18:00:00+00:00,3971317682.0,0.00253222,27.50095067,500559620.0,1.9062767624855042,0.7470534443855286,0.0,0.0,0.0,0.0,1.9062767624855042,0.0,0.0,0.0,0.0,0.0,0.0,0.0,13.0,116.0,7.0,37.0,11.0,15.0,51.0
2020-09-28 20:00:00+00:00,3989088644.0,0.00253663,27.62401268,500917514.0,0.0,0.7415285706520081,0.0,0.0,0.0,0.0,0.0,0.7681458592414856,0.7005053162574768,0.0,0.0,0.0,0.0,0.7681458592414856,9.0,72.0,4.0,35.0,14.0,23.0,26.0
2020-09-28 22:00:00+00:00,3896032265.0,0.00251919,26.9796072,530311672.0,0.8992369174957275,2.781312942504883,0.0,0.0,0.0,0.8992369174957275,0.0,0.8517972826957703,0.7669683694839478,0.0,0.0,0.0,0.8517972826957703,0.0,5.0,64.0,7.0,32.0,88.0,23.0,31.0
2020-09-29 00:00:00+00:00,3917147365.0,0.00253482,27.12582701,535468486.0,0.7291065454483032,0.0,0.0,0.0,0.0,0.0,0.7291065454483032,0.7624539732933044,0.7512019872665405,0.0,0.0,0.7624539732933044,0.0,0.0,6.0,46.0,7.0,27.0,33.0,18.0,19.0
2020-09-29 02:00:00+00:00,3915069360.0,0.00253323,27.11143705,532398212.0,0.7518339157104492,0.0,0.0,0.0,0.0,0.7518339157104492,0.0,0.0,0.0,0.0,0.0,0.0,0.0,0.0,3.0,83.0,2.0,25.0,11.0,20.0,19.0
2020-09-29 04:00:00+00:00,3943132760.0,0.00255459,27.30577309,534290880.0,0.0,0.0,0.0,0.0,0.0,0.0,0.0,0.0,0.0,0.0,0.0,0.0,0.0,0.0,2.0,112.0,0.0,15.0,21.0,34.0,27.0
2020-09-29 06:00:00+00:00,4004152964.0,0.00258525,27.72833148,521905750.0,0.7314307689666748,0.8977406024932861,0.0,0.0,0.0,0.7314307689666748,0.0,0.0,0.0,0.0,0.0,0.0,0.0,0.0,8.0,152.0,8.0,24.0,24.0,21.0,44.0
2020-09-29 08:00:00+00:00,4095225735.0,0.00264359,28.35900069,562454257.0,7.964406132698059,5.7776118516922,0.7165071964263916,0.0,0.0,7.2478989362716675,0.0,0.8437247276306152,2.7055715322494507,0.0,0.0,0.0,0.8437247276306152,0.0,38.0,149.0,11.0,20.0,45.0,16.0,44.0
2020-09-29 10:00:00+00:00,4139253654.0,0.00266067,28.66388933,595316090.0,4.583928167819977,17.74803513288498,0.0,0.0,0.0,2.9949578046798706,0.8592036962509155,1.5556138157844543,2.5894030928611755,0.8006026148796082,0.0,0.0,0.7550112009048462,0.0,25.0,163.0,5.0,23.0,33.0,30.0,38.0
2020-09-29 12:00:00+00:00,4075271690.0,0.00262251,28.22082106,600209705.0,9.74330997467041,4.803170621395111,4.862051367759705,0.8983861207962036,0.0,2.5121400356292725,0.7488638758659363,0.741600513458252,0.0,0.0,0.741600513458252,0.0,0.0,0.0,30.0,174.0,2.0,34.0,26.0,20.0,39.0
2020-09-29 14:00:00+00:00,4090998857.0,0.00263588,28.32973001,599007850.0,1.7050683498382568,3.544405519962311,0.0,0.7542669177055359,0.0,0.950801432132721,0.0,1.6852134466171265,2.832053005695343,0.0,1.6852134466171265,0.0,0.0,0.0,11.0,171.0,7.0,32.0,17.0,20.0,47.0
2020-09-29 16:00:00+00:00,4046307300.0,0.00262135,28.02024575,608257719.0,3.3995089530944824,4.332462012767792,0.9727656841278076,0.7561927437782288,0.0,0.0,0.0,0.0,0.0,0.0,0.0,0.0,0.0,0.0,12.0,177.0,1.0,28.0,46.0,50.0,38.0
2020-09-29 18:00:00+00:00,4117946816.0,0.0026518,28.51634175,623990665.0,4.7150998711586,4.183926701545715,0.0,0.701809287071228,0.0,4.013290584087372,0.0,0.0,0.8242067694664001,0.0,0.0,0.0,0.0,0.0,13.0,133.0,6.0,25.0,36.0,35.0,37.0
2020-09-29 20:00:00+00:00,4118318428.0,0.0026496,28.51891513,625860940.0,0.0,3.16022789478302,0.0,0.0,0.0,0.0,0.0,0.0,2.375047206878662,0.0,0.0,0.0,0.0,0.0,8.0,114.0,1.0,17.0,39.0,27.0,28.0
2020-09-29 22:00:00+00:00,4165115470.0,0.00265965,28.84297964,612454595.0,0.0,1.6213435530662537,0.0,0.0,0.0,0.0,0.0,0.0,0.0,0.0,0.0,0.0,0.0,0.0,2.0,69.0,0.0,25.0,20.0,46.0,26.0
2020-09-30 00:00:00+00:00,4102729324.0,0.00263138,28.41096224,595881343.0,0.779845654964447,0.760066568851471,0.0,0.0,0.0,0.779845654964447,0.0,0.0,0.0,0.0,0.0,0.0,0.0,0.0,5.0,79.0,1.0,20.0,19.0,23.0,12.0
2020-09-30 02:00:00+00:00,4115622940.0,0.00264557,28.50024915,597380923.0,0.0,3.5224453806877136,0.0,0.0,0.0,0.0,0.0,0.0,0.8960716128349304,0.0,0.0,0.0,0.0,0.0,4.0,131.0,0.0,16.0,28.0,19.0,15.0
2020-09-30 04:00:00+00:00,4108801214.0,0.00265366,28.45300943,603561284.0,0.8940632939338684,8.07871150970459,0.0,0.0,0.0,0.0,0.0,0.0,0.7115497589111328,0.0,0.0,0.0,0.0,0.0,4.0,102.0,0.0,13.0,40.0,19.0,30.0
2020-09-30 06:00:00+00:00,4095966385.0,0.00265212,28.36412961,609640593.0,8.051275491714478,7.089218318462372,0.0,0.0,0.0,3.137023389339447,0.0,2.5330938696861267,4.172120809555054,0.0,0.7440471053123474,0.0,0.0,0.0,37.0,108.0,0.0,12.0,20.0,14.0,39.0
2020-09-30 08:00:00+00:00,4063583214.0,0.0026334,28.13987961,575344155.0,4.921762824058533,6.547782301902771,0.0,0.0,0.0,1.7336493730545044,0.0,0.7228421568870544,1.475229561328888,0.0,0.0,0.0,0.0,0.0,34.0,119.0,1.0,18.0,21.0,18.0,33.0
2020-09-30 10:00:00+00:00,4062151201.0,0.00263095,28.12996308,544559556.0,8.696705043315887,10.061030447483063,0.0,0.0,0.0,2.4853700399398804,0.0,1.6514165997505188,2.4939303398132324,0.0,0.0,0.0,0.0,0.0,37.0,105.0,4.0,14.0,27.0,22.0,35.0
2020-09-30 12:00:00+00:00,4114379154.0,0.00265336,28.49163608,520323971.0,3.8589161038398743,5.191246747970581,0.0,0.0,0.0,0.8583539128303528,0.0,4.159332513809204,2.3616827726364136,0.0,0.0,0.0,1.7976497411727905,0.0,45.0,126.0,3.0,20.0,23.0,29.0,36.0
2020-09-30 14:00:00+00:00,4194001206.0,0.00269106,29.04301027,531371868.0,10.870157063007355,6.779862701892853,0.0,0.701257050037384,0.9041099548339844,4.129187285900116,0.7453747987747192,4.253136157989502,2.4554864168167114,0.0,0.0,0.0,1.7976497411727905,0.0,47.0,115.0,1.0,31.0,27.0,23.0,60.0
2020-09-30 16:00:00+00:00,4174520332.0,0.0026814,28.9081073,515715311.0,12.882278740406036,6.610550403594971,0.0,2.3536362648010254,2.4131635427474976,3.232805609703064,0.0,1.5090932846069336,2.181338131427765,0.0,0.0,0.0,0.7722874879837036,0.0,43.0,107.0,5.0,37.0,29.0,24.0,44.0
2020-09-30 18:00:00+00:00,4177833623.0,0.00269383,28.93105149,520753065.0,1.7857621908187866,0.7048310041427612,0.0,0.0,0.0,1.7857621908187866,0.0,0.9714482426643372,3.349837362766266,0.0,0.0,0.0,0.0,0.0,21.0,85.0,7.0,29.0,13.0,32.0,34.0
2020-09-30 20:00:00+00:00,4206924938.0,0.00271705,29.13250574,540910761.0,2.9862614274024963,2.1223042011260986,0.0,0.0,0.0,0.8639572262763977,0.0,1.6965224742889404,0.8368522524833679,0.0,0.0,0.0,0.8596702218055725,0.0,14.0,79.0,3.0,31.0,29.0,27.0,36.0
2020-09-30 22:00:00+00:00,4229794764.0,0.00271602,29.29087684,566560144.0,0.8021780848503113,0.0,0.0,0.0,0.0,0.8021780848503113,0.0,0.9771584272384644,2.623396337032318,0.9771584272384644,0.0,0.0,0.0,0.0,10.0,66.0,5.0,15.0,54.0,12.0,34.0
2020-10-01 00:00:00+00:00,4209628572.0,0.00268534,29.15122812,584912105.0,0.8403046131134033,0.8403046131134033,0.0,0.0,0.0,0.0,0.0,0.7119645476341248,2.95723032951355,0.0,0.0,0.0,0.0,0.0,12.0,72.0,4.0,25.0,22.0,16.0,21.0
2020-10-01 02:00:00+00:00,4181885449.0,0.002676,28.95910995,594714556.0,0.0,0.0,0.0,0.0,0.0,0.0,0.0,0.0,0.0,0.0,0.0,0.0,0.0,0.0,2.0,71.0,4.0,14.0,14.0,7.0,32.0
2020-10-01 04:00:00+00:00,4174251202.0,0.00266468,28.90624361,588698000.0,0.0,0.0,0.0,0.0,0.0,0.0,0.0,0.0,0.0,0.0,0.0,0.0,0.0,0.0,9.0,60.0,1.0,19.0,12.0,5.0,34.0
2020-10-01 06:00:00+00:00,4199582052.0,0.0026801,29.08165704,572721948.0,0.9426519274711609,2.5048285126686096,0.0,0.0,0.0,0.9426519274711609,0.0,0.0,0.8668220639228821,0.0,0.0,0.0,0.0,0.0,2.0,60.0,1.0,21.0,36.0,18.0,29.0
2020-10-01 08:00:00+00:00,4191388345.0,0.002657,29.02491649,553767310.0,2.402166783809662,1.4811928868293762,0.0,0.0,0.0,2.402166783809662,0.0,0.0,0.0,0.0,0.0,0.0,0.0,0.0,9.0,70.0,2.0,8.0,51.0,19.0,40.0
2020-10-01 10:00:00+00:00,4199805372.0,0.00266304,29.0832035,552692744.0,4.6734519600868225,0.8240224719047546,0.0,0.0,0.0,3.849429488182068,0.0,0.0,0.0,0.0,0.0,0.0,0.0,0.0,12.0,141.0,1.0,30.0,16.0,16.0,46.0
2020-10-01 12:00:00+00:00,4137878569.0,0.00263256,28.65436701,556771270.0,1.4783964157104492,1.4783964157104492,0.0,0.0,0.0,0.0,0.0,4.329323410987854,3.6960076093673706,0.8005667328834534,0.0,0.0,0.0,0.7962709665298462,18.0,167.0,1.0,34.0,17.0,18.0,51.0
2020-10-01 14:00:00+00:00,4046010838.0,0.00260282,28.01819279,558840627.0,2.677829146385193,1.930172860622406,0.0,0.0,0.0,0.7476562857627869,0.0,0.0,0.0,0.0,0.0,0.0,0.0,0.0,16.0,170.0,11.0,29.0,30.0,12.0,46.0
2020-10-01 16:00:00+00:00,3846718056.0,0.00253745,26.63811156,643848843.0,3.270713686943054,0.7556717991828918,0.0,3.270713686943054,0.0,0.0,0.0,0.7296640276908875,0.7621616125106812,0.0,0.0,0.7296640276908875,0.0,0.0,23.0,115.0,2.0,42.0,163.0,27.0,64.0
2020-10-01 18:00:00+00:00,3929918072.0,0.00257062,27.21426279,673499801.0,1.796199381351471,3.4225701093673706,0.0,0.0,0.0,0.9225940108299255,0.0,1.7007912993431091,0.0,0.0,0.0,0.0,0.0,1.7007912993431091,15.0,100.0,2.0,31.0,52.0,18.0,36.0
2020-10-01 20:00:00+00:00,3952107634.0,0.00257643,27.36792313,661197487.0,0.0,0.0,0.0,0.0,0.0,0.0,0.0,0.0,0.7118353843688965,0.0,0.0,0.0,0.0,0.0,7.0,67.0,3.0,28.0,33.0,20.0,33.0
2020-10-01 22:00:00+00:00,3961356701.0,0.00258318,27.43197193,630087805.0,0.0,0.0,0.0,0.0,0.0,0.0,0.0,0.8092119097709656,0.0,0.0,0.0,0.8092119097709656,0.0,0.0,5.0,102.0,5.0,26.0,35.0,10.0,40.0
2020-10-02 00:00:00+00:00,3983498876.0,0.00260354,27.58530413,614426615.0,0.742897093296051,0.742897093296051,0.0,0.0,0.0,0.0,0.0,0.0,0.0,0.0,0.0,0.0,0.0,0.0,2.0,84.0,0.0,28.0,38.0,13.0,14.0
2020-10-02 02:00:00+00:00,4043710476.0,0.00263368,28.00226303,651984647.0,1.8084552884101868,1.8084552884101868,0.0,0.0,0.0,0.0,0.0,0.0,0.0,0.0,0.0,0.0,0.0,0.0,2.0,68.0,4.0,16.0,29.0,12.0,11.0
2020-10-02 04:00:00+00:00,3873061937.0,0.00256945,26.82054012,689524102.0,1.5262068510055542,1.614161729812622,0.0,0.0,0.0,0.8167186379432678,0.0,0.0,1.5516509413719177,0.0,0.0,0.0,0.0,0.0,6.0,81.0,8.0,15.0,63.0,26.0,34.0
2020-10-02 06:00:00+00:00,3899336154.0,0.00257636,27.00248627,709489749.0,2.3680344820022583,0.8667975068092346,0.7498735785484314,0.0,0.7513633966445923,0.0,0.0,1.4661235213279724,2.2736486196517944,0.0,0.0,0.0,0.0,0.0,13.0,73.0,5.0,14.0,25.0,16.0,34.0
2020-10-02 08:00:00+00:00,3804358128.0,0.00251884,26.34477359,730470741.0,0.7103393077850342,0.0,0.7103393077850342,0.0,0.0,0.0,0.0,1.9391587972640991,1.9391587972640991,0.0,0.0,0.0,0.0,0.0,17.0,102.0,2.0,13.0,25.0,8.0,39.0
2020-10-02 10:00:00+00:00,3783947596.0,0.00250532,26.20343283,762708597.0,0.7425682544708252,0.7663543224334717,0.0,0.0,0.0,0.7425682544708252,0.0,0.0,0.7916833162307739,0.0,0.0,0.0,0.0,0.0,4.0,139.0,4.0,19.0,57.0,11.0,42.0
2020-10-02 12:00:00+00:00,3854432667.0,0.00253403,26.69153442,778335417.0,1.4933066964149475,1.6373642086982727,0.0,0.0,0.0,1.4933066964149475,0.0,0.9110424518585205,0.0,0.0,0.9110424518585205,0.0,0.0,0.0,7.0,143.0,5.0,21.0,31.0,15.0,47.0
2020-10-02 14:00:00+00:00,3892624434.0,0.00256084,26.95600833,778936322.0,4.019830763339996,1.6206095218658447,0.0,0.0,1.657943606376648,0.7412776350975037,0.0,0.0,0.0,0.0,0.0,0.0,0.0,0.0,13.0,138.0,6.0,22.0,17.0,19.0,59.0
2020-10-02 16:00:00+00:00,3941759151.0,0.00259026,27.29626099,680809974.0,0.8582030534744263,5.561781346797943,0.0,0.0,0.0,0.0,0.8582030534744263,0.0,1.5779547095298767,0.0,0.0,0.0,0.0,0.0,8.0,96.0,2.0,31.0,35.0,18.0,39.0
2020-10-02 18:00:00+00:00,3903221585.0,0.00256714,27.02939247,640563621.0,0.7464431524276733,0.7464431524276733,0.0,0.0,0.0,0.0,0.0,0.7534111738204956,1.5648804903030396,0.0,0.0,0.0,0.0,0.0,11.0,77.0,2.0,16.0,36.0,11.0,27.0
2020-10-02 20:00:00+00:00,3879219303.0,0.00256218,26.86317923,635335882.0,1.6836447715759277,1.6269221305847168,0.0,0.0,0.0,0.837853729724884,0.0,0.7860410213470459,0.0,0.0,0.0,0.0,0.0,0.7860410213470459,6.0,67.0,3.0,16.0,43.0,12.0,20.0
2020-10-02 22:00:00+00:00,3940231194.0,0.00257997,27.28568005,638940976.0,0.7225139737129211,0.0,0.0,0.0,0.0,0.7225139737129211,0.0,0.0,0.0,0.0,0.0,0.0,0.0,0.0,1.0,78.0,1.0,19.0,111.0,8.0,29.0
2020-10-03 00:00:00+00:00,3939719346.0,0.00258935,27.28213556,639972734.0,0.0,0.7694188356399536,0.0,0.0,0.0,0.0,0.0,0.829297661781311,0.0,0.829297661781311,0.0,0.0,0.0,0.0,1.0,92.0,5.0,16.0,14.0,13.0,21.0
2020-10-03 02:00:00+00:00,3959094748.0,0.00259916,27.41630815,600143939.0,1.8202075958251953,2.5613697171211243,0.0,0.0,0.0,0.0,0.0,0.8691845536231995,1.6474708914756775,0.0,0.0,0.0,0.0,0.0,10.0,86.0,1.0,13.0,23.0,14.0,25.0
2020-10-03 04:00:00+00:00,3998425037.0,0.00262607,27.6886662,554854279.0,1.713493525981903,0.0,0.0,0.0,0.0,1.713493525981903,0.0,0.0,0.0,0.0,0.0,0.0,0.0,0.0,6.0,81.0,3.0,11.0,71.0,5.0,32.0
2020-10-03 06:00:00+00:00,3995660153.0,0.00262711,27.66951967,539245975.0,0.8841685056686401,1.6912720203399658,0.0,0.0,0.0,0.8841685056686401,0.0,0.8779709935188293,0.8779709935188293,0.0,0.0,0.0,0.0,0.0,8.0,62.0,2.0,11.0,58.0,14.0,23.0
2020-10-03 08:00:00+00:00,3968319813.0,0.00261036,27.48019074,499467444.0,3.080336332321167,0.7903289794921875,1.440660834312439,0.0,0.0,0.0,0.8493465185165405,0.0,0.0,0.0,0.0,0.0,0.0,0.0,9.0,73.0,6.0,9.0,44.0,4.0,47.0
2020-10-03 10:00:00+00:00,3985637242.0,0.00261763,27.60011209,462293749.0,1.8185733556747437,0.9147007465362549,0.9038726091384888,0.0,0.0,0.0,0.0,0.0,0.0,0.0,0.0,0.0,0.0,0.0,4.0,78.0,3.0,13.0,91.0,7.0,32.0
2020-10-03 12:00:00+00:00,3994986365.0,0.00262508,27.66485377,436707899.0,0.8912530541419983,1.768466293811798,0.0,0.0,0.0,0.0,0.0,0.0,2.218189060688019,0.0,0.0,0.0,0.0,0.0,3.0,131.0,1.0,6.0,13.0,16.0,51.0
2020-10-03 14:00:00+00:00,4063044199.0,0.00266609,28.13614699,460109712.0,2.3954299092292786,3.295218288898468,0.0,0.0,0.0,0.7561448812484741,0.8242788314819336,0.0,0.0,0.0,0.0,0.0,0.0,0.0,9.0,143.0,0.0,35.0,15.0,17.0,65.0
2020-10-03 16:00:00+00:00,4065943053.0,0.00265931,28.15622125,453229462.0,2.5280036330223083,7.4571656584739685,0.0,0.0,0.0,0.0,0.9363812208175659,0.0,0.8124778270721436,0.0,0.0,0.0,0.0,0.0,15.0,146.0,3.0,25.0,16.0,18.0,40.0
2020-10-03 18:00:00+00:00,4059103588.0,0.00265413,28.10885868,457144550.0,4.11116361618042,2.420346438884735,0.0,0.0,0.0,0.9479671716690063,0.7428500056266785,0.0,0.7018535137176514,0.0,0.0,0.0,0.0,0.0,10.0,120.0,1.0,27.0,8.0,32.0,32.0
2020-10-03 20:00:00+00:00,4048620611.0,0.00264977,28.03626519,449784243.0,1.4602659344673157,1.5481033325195312,0.0,0.0,0.0,0.7379167675971985,0.0,1.6274337768554688,1.6274337768554688,0.0,0.0,0.0,0.0,0.0,10.0,62.0,3.0,22.0,12.0,22.0,26.0
2020-10-03 22:00:00+00:00,4072598561.0,0.00267337,28.20230993,495908650.0,0.7878865599632263,0.872758686542511,0.0,0.0,0.0,0.0,0.7878865599632263,0.0,0.7577667832374573,0.0,0.0,0.0,0.0,0.0,4.0,52.0,4.0,26.0,61.0,13.0,25.0
2020-10-04 00:00:00+00:00,4072876296.0,0.00267367,28.20423322,502328328.0,3.956824004650116,3.074324905872345,0.0,0.882499098777771,0.0,0.0,0.0,0.0,0.0,0.0,0.0,0.0,0.0,0.0,12.0,118.0,5.0,18.0,14.0,18.0,15.0
2020-10-04 02:00:00+00:00,4083591756.0,0.00267962,28.27843663,502412198.0,6.299609065055847,1.5047864317893982,0.0,2.3278064131736755,0.0,2.4670162200927734,0.0,2.6116085052490234,1.8860051035881042,0.0,0.7256034016609192,0.0,0.0,0.0,19.0,136.0,0.0,20.0,25.0,10.0,14.0
2020-10-04 04:00:00+00:00,4108038446.0,0.00269019,28.44772735,486989868.0,0.861403226852417,0.0,0.0,0.0,0.0,0.861403226852417,0.0,2.786088705062866,1.9480104446411133,0.8380782604217529,0.0,0.0,0.0,0.0,11.0,106.0,1.0,21.0,10.0,7.0,32.0
2020-10-04 06:00:00+00:00,4120857002.0,0.00268759,28.53649448,481012323.0,4.10108882188797,0.7536982297897339,0.0,0.0,0.0,3.347390592098236,0.0,0.0,0.0,0.0,0.0,0.0,0.0,0.0,9.0,116.0,2.0,27.0,20.0,3.0,41.0
2020-10-04 08:00:00+00:00,4085003996.0,0.00266886,28.28821624,473385899.0,2.5577415227890015,2.4342538118362427,0.0,0.0,0.0,0.8415969610214233,0.0,3.347903549671173,3.347903549671173,0.0,0.0,0.0,0.0,0.0,18.0,130.0,0.0,20.0,29.0,18.0,42.0
2020-10-04 10:00:00+00:00,4130136599.0,0.00269694,28.60075469,475153946.0,0.7395387291908264,0.7231999635696411,0.0,0.0,0.0,0.7395387291908264,0.0,0.8083093762397766,0.9209155440330505,0.8083093762397766,0.0,0.0,0.0,0.0,8.0,112.0,0.0,18.0,21.0,6.0,40.0
2020-10-04 12:00:00+00:00,4193127305.0,0.00273646,29.03695861,505804886.0,3.8689051270484924,2.8856377005577087,0.0,0.0,0.0,2.438489258289337,0.0,2.555854082107544,1.8466986417770386,1.6887369751930237,0.0,0.0,0.0,0.0,25.0,143.0,2.0,25.0,5.0,16.0,49.0
2020-10-04 14:00:00+00:00,4182081071.0,0.0027315904002799744,28.9604646119889,496985067.0,3.3945469856262207,0.7285361886024475,0.0,0.0,0.0,0.0,2.666010797023773,0.0,0.815814733505249,0.0,0.0,0.0,0.0,0.0,14.0,153.0,3.0,24.0,15.0,16.0,58.0
2020-10-04 16:00:00+00:00,4186733506.0,0.00273338,28.99268223,503854502.0,2.388344645500183,4.081089735031128,0.0,0.0,0.0,0.741302490234375,1.647042155265808,0.0,0.0,0.0,0.0,0.0,0.0,0.0,11.0,154.0,4.0,33.0,34.0,8.0,63.0
2020-10-04 18:00:00+00:00,4189443144.0,0.0027174,29.01144618,506470261.0,1.71730637550354,3.3227338790893555,0.8162460327148438,0.0,0.0,0.0,0.9010603427886963,0.7114463448524475,4.0279998779296875,0.0,0.0,0.0,0.0,0.0,9.0,116.0,1.0,27.0,17.0,9.0,45.0
2020-10-04 20:00:00+00:00,4191217180.0,0.00272475,29.02373119,512818818.0,0.7664865255355835,2.3643097281455994,0.0,0.0,0.0,0.0,0.7664865255355835,1.6255155205726624,0.0,0.0,0.7715891003608704,0.0,0.0,0.853926420211792,8.0,76.0,2.0,31.0,41.0,11.0,25.0
2020-10-04 22:00:00+00:00,4179682323.0,0.00271274,28.94385354,514574736.0,2.362666964530945,1.409924030303955,0.0,0.0,0.0,1.6292102336883545,0.7334567308425903,0.0,0.0,0.0,0.0,0.0,0.0,0.0,6.0,60.0,0.0,20.0,77.0,7.0,32.0
2020-10-05 00:00:00+00:00,4216456398.0,0.00272755,29.19851008,532375454.0,0.0,0.8671531677246094,0.0,0.0,0.0,0.0,0.0,0.0,0.0,0.0,0.0,0.0,0.0,0.0,2.0,53.0,4.0,16.0,21.0,14.0,23.0
2020-10-05 02:00:00+00:00,4226840391.0,0.00273882,29.27041812,540785797.0,1.6157305240631104,1.6460894346237183,0.0,0.0,0.0,0.8335182666778564,0.0,0.0,0.0,0.0,0.0,0.0,0.0,0.0,7.0,84.0,2.0,17.0,10.0,12.0,20.0
2020-10-05 04:00:00+00:00,4194507439.0,0.00271876,29.04651588,551315618.0,0.880515992641449,1.522329032421112,0.0,0.0,0.0,0.880515992641449,0.0,0.0,0.0,0.0,0.0,0.0,0.0,0.0,2.0,92.0,3.0,12.0,14.0,4.0,20.0
2020-10-05 06:00:00+00:00,4159669337.0,0.00269457,28.80526575,564805811.0,1.6886771321296692,0.8723734617233276,0.0,0.0,0.7297666668891907,0.0,0.9589104652404785,0.7549337148666382,2.6457051038742065,0.7549337148666382,0.0,0.0,0.0,0.0,12.0,141.0,7.0,7.0,45.0,5.0,26.0
2020-10-05 08:00:00+00:00,4114064800.0,0.0026656,28.4894592,565837236.0,2.503080129623413,2.489668369293213,0.7076936960220337,0.8976932168006897,0.0,0.0,0.0,0.0,0.0,0.0,0.0,0.0,0.0,0.0,13.0,135.0,6.0,9.0,10.0,12.0,35.0
2020-10-05 10:00:00+00:00,4100643929.0,0.00265826,28.3965211,570260795.0,0.7968433499336243,0.8039260506629944,0.0,0.0,0.0,0.7968433499336243,0.0,0.7108190655708313,0.7108190655708313,0.0,0.0,0.0,0.0,0.0,18.0,119.0,3.0,20.0,13.0,9.0,44.0
2020-10-05 12:00:00+00:00,4119883357.0,0.00265945,28.52975209,555598582.0,3.835404932498932,0.7417882680892944,0.0,0.7090795040130615,0.0,2.384537160396576,0.0,4.014455139636993,2.5128435492515564,0.0,1.501611590385437,0.0,0.0,0.0,17.0,134.0,5.0,12.0,15.0,19.0,51.0
2020-10-05 14:00:00+00:00,4118396724.0,0.0026599,28.51945731,526382566.0,0.7455787658691406,0.7534801363945007,0.7455787658691406,0.0,0.0,0.0,0.0,0.0,0.0,0.0,0.0,0.0,0.0,0.0,4.0,176.0,5.0,22.0,15.0,18.0,59.0
2020-10-05 16:00:00+00:00,4111233695.0,0.0026561,28.4698541,503048521.0,0.9038538932800293,1.7908029556274414,0.0,0.0,0.0,0.0,0.0,0.7576453685760498,0.7576453685760498,0.0,0.0,0.0,0.0,0.0,7.0,160.0,8.0,21.0,59.0,18.0,47.0
2020-10-05 18:00:00+00:00,4111478771.0,0.00265151,28.47155123,491960518.0,2.509732723236084,1.6071627140045166,0.0,0.0,0.8982095122337341,0.8982095122337341,0.7133136987686157,0.8715212941169739,0.8715212941169739,0.0,0.0,0.0,0.0,0.0,13.0,128.0,8.0,24.0,43.0,20.0,41.0
2020-10-05 20:00:00+00:00,4140097366.0,0.00266934,28.66973194,480632441.0,0.0,0.8244370818138123,0.0,0.0,0.0,0.0,0.0,0.0,0.0,0.0,0.0,0.0,0.0,0.0,6.0,127.0,2.0,38.0,33.0,25.0,27.0
2020-10-05 22:00:00+00:00,4138562603.0,0.00265526,28.65910387,425642119.0,0.8068464994430542,2.550288438796997,0.0,0.0,0.0,0.0,0.0,0.0,0.7596160173416138,0.0,0.0,0.0,0.0,0.0,5.0,96.0,2.0,28.0,36.0,11.0,32.0
2020-10-06 00:00:00+00:00,4100606192.0,0.00263613,28.39625978,407316255.0,0.0,0.0,0.0,0.0,0.0,0.0,0.0,0.0,0.0,0.0,0.0,0.0,0.0,0.0,1.0,98.0,5.0,23.0,28.0,6.0,20.0
2020-10-06 02:00:00+00:00,4137857354.0,0.00265827,28.6542201,395383668.0,0.7311837077140808,0.8781272768974304,0.0,0.0,0.0,0.7311837077140808,0.0,0.0,1.4973177313804626,0.0,0.0,0.0,0.0,0.0,2.0,112.0,0.0,19.0,39.0,4.0,23.0
2020-10-06 04:00:00+00:00,4122814908.0,0.00265495,28.55005277,405673681.0,1.515456736087799,1.5915750861167908,0.0,0.0,0.0,0.7945836782455444,0.7208730578422546,0.0,0.9536784887313843,0.0,0.0,0.0,0.0,0.0,4.0,133.0,6.0,12.0,19.0,4.0,27.0
2020-10-06 06:00:00+00:00,4165546121.0,0.00268962,28.84596185,408145770.0,8.430431544780731,4.150642812252045,0.0,0.0,0.8566892743110657,6.635346233844757,0.0,0.7447152733802795,1.4915432333946228,0.0,0.0,0.0,0.0,0.0,18.0,121.0,11.0,10.0,31.0,16.0,37.0
2020-10-06 08:00:00+00:00,4177638379.0,0.00269017,28.92969945,408791247.0,3.8735556602478027,1.4119089245796204,0.0,0.0,0.0,1.7552394270896912,0.7064073085784912,3.706111490726471,0.0,1.4713382720947266,0.0,0.0,2.2347732186317444,0.0,21.0,122.0,6.0,15.0,12.0,15.0,34.0
2020-10-06 10:00:00+00:00,4081504506.0,0.00264193,28.26398265,420497441.0,1.6925830841064453,0.0,0.0,0.8239937424659729,0.0,0.0,0.8685893416404724,0.0,0.0,0.0,0.0,0.0,0.0,0.0,6.0,129.0,3.0,14.0,37.0,16.0,29.0
2020-10-06 12:00:00+00:00,4020625075.0,0.00260386,27.84239909,417686429.0,5.44448322057724,4.795389175415039,0.0,0.0,0.0,4.593242645263672,0.0,0.0,0.0,0.0,0.0,0.0,0.0,0.0,13.0,142.0,2.0,16.0,19.0,16.0,30.0
2020-10-06 14:00:00+00:00,4061809598.0,0.00262416,28.12759751,461618616.0,9.012808501720428,2.2374480962753296,0.0,0.0,0.0,8.306626081466675,0.0,1.799326777458191,0.8633710145950317,0.0,0.0,0.0,1.799326777458191,0.0,18.0,157.0,2.0,28.0,25.0,21.0,48.0
2020-10-06 16:00:00+00:00,4049121581.0,0.00261711,28.03973435,472447955.0,6.285831987857819,0.7506940364837646,0.0,0.0,0.0,4.700102984905243,0.835034966468811,0.7539723515510559,0.0,0.0,0.0,0.0,0.7539723515510559,0.0,16.0,133.0,0.0,25.0,10.0,18.0,35.0
2020-10-06 18:00:00+00:00,3984530388.0,0.00260977,27.59244724,482590360.0,0.8787297606468201,0.0,0.0,0.0,0.0,0.8787297606468201,0.0,0.0,0.0,0.0,0.0,0.0,0.0,0.0,3.0,129.0,3.0,24.0,54.0,21.0,41.0
2020-10-06 20:00:00+00:00,3979702449.0,0.00260657,27.55901428,495849312.0,6.101447284221649,0.7341026663780212,0.0,0.0,0.0,5.209761381149292,0.8916859030723572,0.7926511168479919,1.5985164642333984,0.0,0.7926511168479919,0.0,0.0,0.0,15.0,96.0,3.0,22.0,47.0,11.0,18.0
2020-10-06 22:00:00+00:00,4002159704.0,0.00261349,27.71452837,505088690.0,0.9854048490524292,0.0,0.0,0.0,0.0,0.9854048490524292,0.0,0.0,0.0,0.0,0.0,0.0,0.0,0.0,3.0,83.0,1.0,23.0,1.0,14.0,26.0
2020-10-07 00:00:00+00:00,3952795340.0,0.00258814,27.37268542,507316851.0,2.3101901412010193,0.0,0.0,0.0,0.0,2.3101901412010193,0.0,0.9298983812332153,0.0,0.0,0.9298983812332153,0.0,0.0,0.0,6.0,89.0,6.0,24.0,1.0,12.0,17.0
2020-10-07 02:00:00+00:00,3947239721.0,0.00258211,27.33421335,510722428.0,8.940434098243713,0.8378663659095764,0.0,0.7869353294372559,0.0,7.341311931610107,0.8121868371963501,0.0,1.8923930525779724,0.0,0.0,0.0,0.0,0.0,16.0,98.0,8.0,14.0,45.0,9.0,45.0
2020-10-07 04:00:00+00:00,3979349880.0,0.00259594,27.55657277,499236423.0,2.303158760070801,0.7071899175643921,0.7141947746276855,0.0,0.0,1.5889639854431152,0.0,1.7506811022758484,2.526008725166321,0.0,0.0,0.0,0.8921565413475037,0.0,6.0,100.0,3.0,13.0,36.0,13.0,43.0
2020-10-07 06:00:00+00:00,3956777550.0,0.00258152,27.4002618,481990457.0,3.337256968021393,1.519842803478241,0.0,0.0,0.0,2.582623541355133,0.0,0.0,0.0,0.0,0.0,0.0,0.0,0.0,9.0,98.0,3.0,11.0,27.0,13.0,39.0
2020-10-07 08:00:00+00:00,3944460981.0,0.00257602,27.31497088,478642407.0,2.442097544670105,1.5666659474372864,0.0,0.0,0.0,2.442097544670105,0.0,2.698799431324005,3.5564894676208496,0.0,0.0,0.0,0.0,0.8130358457565308,13.0,116.0,5.0,11.0,25.0,3.0,36.0
2020-10-07 10:00:00+00:00,3907281040.0,0.00255031,27.05750376,461404956.0,5.375576853752136,0.0,0.0,0.0,0.0,4.607133448123932,0.7684434056282043,0.7786611914634705,0.8892756104469299,0.0,0.0,0.0,0.7786611914634705,0.0,13.0,144.0,4.0,14.0,9.0,7.0,45.0
2020-10-07 12:00:00+00:00,3973917787.0,0.00259114,27.51895611,453720460.0,1.751705527305603,0.7586337924003601,0.0,0.7688964605331421,0.0,0.9828090667724609,0.0,2.7912280559539795,2.778502643108368,0.0,0.8801549673080444,0.0,0.0,0.0,12.0,169.0,3.0,24.0,83.0,14.0,60.0
2020-10-07 14:00:00+00:00,3983661161.0,0.00259641,27.58642794,422700044.0,2.54432475566864,0.8438936471939087,0.0,0.9551761746406555,0.0,0.7452549338340759,0.0,0.9479126334190369,0.9479126334190369,0.0,0.0,0.0,0.0,0.0,16.0,168.0,5.0,29.0,1.0,21.0,64.0
2020-10-07 16:00:00+00:00,3974783636.0,0.00258681,27.52495202,413450387.0,1.64279305934906,1.64279305934906,0.0,0.0,0.0,0.0,0.0,1.583751618862152,0.7724995017051697,0.0,0.0,0.0,0.0,0.8112521171569824,19.0,185.0,5.0,45.0,3.0,23.0,62.0
2020-10-07 18:00:00+00:00,4004111173.0,0.00260056,27.72804208,403685913.0,0.8968879580497742,0.9293180704116821,0.0,0.0,0.0,0.8968879580497742,0.0,0.7650578022003174,0.7650578022003174,0.0,0.0,0.0,0.0,0.0,12.0,179.0,4.0,38.0,0.0,25.0,62.0
2020-10-07 20:00:00+00:00,4014100110.0,0.00260597,27.7972144,397135536.0,3.257200598716736,1.8294283151626587,0.0,1.53219074010849,0.0,1.7250098586082458,0.0,0.0,0.0,0.0,0.0,0.0,0.0,0.0,5.0,138.0,6.0,32.0,34.0,12.0,24.0
2020-10-07 22:00:00+00:00,4000760079.0,0.00259677,27.70483612,394557518.0,0.0,0.7333077788352966,0.0,0.0,0.0,0.0,0.0,0.7087889313697815,0.0,0.0,0.7087889313697815,0.0,0.0,0.0,3.0,137.0,0.0,25.0,15.0,14.0,18.0
2020-10-08 00:00:00+00:00,3958315780.0,0.00257799,27.41091388,394402234.0,0.0,0.0,0.0,0.0,0.0,0.0,0.0,0.0,0.0,0.0,0.0,0.0,0.0,0.0,0.0,118.0,3.0,22.0,12.0,10.0,22.0
2020-10-08 02:00:00+00:00,3962647251.0,0.00257796,27.44090886,397758750.0,4.831445097923279,0.0,0.0,0.8502192497253418,0.0,3.0671021938323975,0.9141236543655396,0.0,0.0,0.0,0.0,0.0,0.0,0.0,7.0,100.0,0.0,13.0,16.0,9.0,32.0
2020-10-08 04:00:00+00:00,3926197197.0,0.00256035,27.18849612,382349364.0,0.0,0.0,0.0,0.0,0.0,0.0,0.0,0.7718163728713989,2.466430962085724,0.0,0.0,0.0,0.0,0.0,9.0,99.0,4.0,17.0,19.0,10.0,25.0
2020-10-08 06:00:00+00:00,3870640873.0,0.00252873,26.80377452,395679278.0,4.42491739988327,2.4420230388641357,0.0,0.9283097386360168,0.0,3.4966076612472534,0.0,0.7441100478172302,2.233726382255554,0.0,0.0,0.0,0.7441100478172302,0.0,11.0,164.0,1.0,24.0,31.0,13.0,24.0
2020-10-08 08:00:00+00:00,3867674834.0,0.00253296,26.78323501,403088930.0,2.5382522344589233,0.0,0.0,0.0,0.0,2.5382522344589233,0.0,0.0,4.057702004909515,0.0,0.0,0.0,0.0,0.0,6.0,148.0,1.0,23.0,6.0,9.0,46.0
2020-10-08 10:00:00+00:00,3880753436.0,0.00253234,26.87380293,399578069.0,7.227130591869354,6.694461107254028,0.0,0.7627100944519043,0.0,4.908833801746368,0.7359139323234558,0.0,2.1887656450271606,0.0,0.0,0.0,0.0,0.0,17.0,126.0,4.0,14.0,76.0,7.0,46.0
2020-10-08 12:00:00+00:00,3958626610.0,0.0025553,27.41306634,412284227.0,3.2964834570884705,1.667560338973999,0.0,0.0,0.0,1.6289231181144714,0.0,0.7419053912162781,0.7419053912162781,0.0,0.0,0.0,0.0,0.0,10.0,144.0,1.0,21.0,31.0,19.0,47.0
2020-10-08 14:00:00+00:00,3970956760.0,0.00252627,27.49845132,432722370.0,6.920450389385223,2.391256034374237,0.0,0.7818819880485535,0.0,3.8365423679351807,0.7113977074623108,1.713022232055664,0.8552438020706177,0.0,0.0,0.0,0.8577784299850464,0.0,23.0,147.0,2.0,38.0,65.0,26.0,69.0
2020-10-08 16:00:00+00:00,3977296355.0,0.00253136,27.54235233,436611727.0,1.6204925775527954,0.9213906526565552,0.0,0.0,0.0,1.6204925775527954,0.0,0.7238244414329529,0.0,0.0,0.0,0.0,0.7238244414329529,0.0,10.0,134.0,6.0,40.0,48.0,19.0,37.0
2020-10-08 18:00:00+00:00,3970614869.0,0.00252355,27.49608376,437981059.0,6.295804560184479,3.4271766543388367,0.0,0.0,0.7520560622215271,4.015593349933624,0.7310912013053894,1.5939302444458008,1.6100926399230957,0.0,0.0,0.0,0.8126553893089294,0.0,14.0,87.0,4.0,38.0,13.0,11.0,42.0
2020-10-08 20:00:00+00:00,3961843106.0,0.00251864,27.43534023,432639406.0,1.608123004436493,1.596753180027008,0.0,0.7466309070587158,0.0,0.8614920973777771,0.0,1.9041020274162292,0.7082986235618591,0.0,0.0,0.0,1.9041020274162292,0.0,6.0,74.0,7.0,30.0,42.0,12.0,19.0
2020-10-08 22:00:00+00:00,4000828629.0,0.00253812,27.70531082,431553686.0,0.0,0.782293975353241,0.0,0.0,0.0,0.0,0.0,0.0,1.652461290359497,0.0,0.0,0.0,0.0,0.0,3.0,83.0,4.0,19.0,32.0,5.0,20.0
2020-10-09 00:00:00+00:00,4029981940.0,0.002559,27.90719438,462747608.0,0.7779664993286133,0.8698588609695435,0.0,0.0,0.0,0.0,0.7779664993286133,0.0,0.0,0.0,0.0,0.0,0.0,0.0,4.0,101.0,8.0,19.0,21.0,8.0,10.0
2020-10-09 02:00:00+00:00,4039854212.0,0.00256466,27.97555881,462992818.0,0.0,2.1366498470306396,0.0,0.0,0.0,0.0,0.0,0.0,0.0,0.0,0.0,0.0,0.0,0.0,4.0,116.0,6.0,22.0,21.0,8.0,30.0
2020-10-09 04:00:00+00:00,4020875942.0,0.00255992,27.84413632,462955686.0,0.7771427631378174,1.4244332313537598,0.0,0.0,0.0,0.7771427631378174,0.0,0.0,1.7829568982124329,0.0,0.0,0.0,0.0,0.0,2.0,112.0,3.0,14.0,28.0,7.0,16.0
2020-10-09 06:00:00+00:00,4072205373.0,0.00258732,28.19958714,456045005.0,0.0,0.0,0.0,0.0,0.0,0.0,0.0,0.0,1.582782506942749,0.0,0.0,0.0,0.0,0.0,2.0,84.0,0.0,19.0,19.0,8.0,40.0
2020-10-09 08:00:00+00:00,4033072997.0,0.00256582,27.92859962,454367318.0,5.174485266208649,0.0,0.0,0.0,0.0,5.174485266208649,0.0,1.5577887892723083,0.8388490676879883,0.0,0.0,0.0,1.5577887892723083,0.0,15.0,116.0,0.0,14.0,15.0,5.0,26.0
2020-10-09 10:00:00+00:00,4090780374.0,0.00256659,28.32821704,479764436.0,1.4978401064872742,2.9298473596572876,0.0,0.0,0.0,0.7741594910621643,0.7236806154251099,0.0,0.712754487991333,0.0,0.0,0.0,0.0,0.0,10.0,112.0,2.0,16.0,64.0,12.0,41.0
2020-10-09 12:00:00+00:00,4110481763.0,0.00256558,28.46464706,483464483.0,3.0769693851470947,0.7901452779769897,0.0,0.0,0.0,2.286824107170105,0.0,0.0,0.0,0.0,0.0,0.0,0.0,0.0,8.0,138.0,3.0,26.0,31.0,15.0,43.0
2020-10-09 14:00:00+00:00,4120446525.0,0.00257044,28.53365197,469008764.0,5.485802412033081,1.5799071192741394,0.0,0.0,0.0,3.9647194743156433,0.7339895367622375,0.0,0.0,0.0,0.0,0.0,0.0,0.0,13.0,124.0,6.0,35.0,16.0,10.0,54.0
2020-10-09 16:00:00+00:00,4107922861.0,0.00256891,28.44692694,449215648.0,2.555709183216095,3.1796457171440125,0.0,0.0,0.0,0.8918085098266602,0.8090311884880066,0.0,0.9483255743980408,0.0,0.0,0.0,0.0,0.0,6.0,135.0,7.0,20.0,14.0,21.0,45.0
2020-10-09 18:00:00+00:00,4081245098.0,0.00255899,28.26218627,455467270.0,3.243426024913788,0.7082313895225525,0.0,0.0,0.0,1.6804696321487427,0.8547250032424927,0.0,0.0,0.0,0.0,0.0,0.0,0.0,12.0,107.0,4.0,13.0,31.0,16.0,29.0
2020-10-09 20:00:00+00:00,4094599558.0,0.00256491,28.35466448,458795765.0,0.0,0.0,0.0,0.0,0.0,0.0,0.0,0.0,0.0,0.0,0.0,0.0,0.0,0.0,2.0,97.0,4.0,27.0,40.0,17.0,18.0
2020-10-09 22:00:00+00:00,4107649100.0,0.00257085,28.44503117,465984452.0,0.8597266674041748,2.4612173438072205,0.0,0.0,0.0,0.0,0.8597266674041748,0.0,0.0,0.0,0.0,0.0,0.0,0.0,3.0,85.0,8.0,20.0,38.0,10.0,25.0
2020-10-10 00:00:00+00:00,4162168572.0,0.00259814,28.82257269,445849312.0,0.8918085098266602,0.0,0.0,0.0,0.0,0.8918085098266602,0.0,0.0,2.3179893493652344,0.0,0.0,0.0,0.0,0.0,1.0,73.0,1.0,15.0,13.0,23.0,14.0
2020-10-10 02:00:00+00:00,4191289133.0,0.00254053,29.02422946,487613848.0,0.7100160121917725,0.0,0.0,0.0,0.0,0.7100160121917725,0.0,0.9587293267250061,1.7646704316139221,0.0,0.0,0.0,0.0,0.0,3.0,129.0,1.0,14.0,67.0,23.0,20.0
2020-10-10 04:00:00+00:00,4155632688.0,0.00252985,28.77731239,507483135.0,0.0,2.1326977610588074,0.0,0.0,0.0,0.0,0.0,0.8168686628341675,1.6782398223876953,0.0,0.0,0.8168686628341675,0.0,0.0,5.0,108.0,8.0,7.0,32.0,9.0,30.0
2020-10-10 06:00:00+00:00,4172484054.0,0.00253914,28.8940063,504550070.0,1.555730402469635,1.495590627193451,0.0,0.0,0.0,1.555730402469635,0.0,0.0,0.7058923244476318,0.0,0.0,0.0,0.0,0.0,4.0,132.0,0.0,13.0,20.0,10.0,40.0
2020-10-10 08:00:00+00:00,4134889010.0,0.00253043,28.63366463,493366045.0,0.0,3.081888437271118,0.0,0.0,0.0,0.0,0.0,0.0,0.0,0.0,0.0,0.0,0.0,0.0,5.0,135.0,6.0,10.0,55.0,14.0,45.0
2020-10-10 10:00:00+00:00,4118732218.0,0.00251762,28.52178057,480626908.0,1.7065294981002808,1.5161719918251038,0.0,0.0,0.0,1.7065294981002808,0.0,1.619161307811737,1.6412659883499146,0.0,0.7669315338134766,0.0,0.0,0.0,6.0,155.0,0.0,16.0,17.0,22.0,42.0
2020-10-10 12:00:00+00:00,4148255854.0,0.00253178,28.7262286,469769768.0,0.0,0.0,0.0,0.0,0.0,0.0,0.0,0.7034449577331543,0.9136883616447449,0.0,0.0,0.7034449577331543,0.0,0.0,6.0,138.0,3.0,17.0,10.0,10.0,57.0
2020-10-10 14:00:00+00:00,4115633082.0,0.00250989,28.50031939,448265847.0,1.8555447459220886,0.957996666431427,0.0,0.8975480794906616,0.0,0.0,0.0,0.0,0.7906321287155151,0.0,0.0,0.0,0.0,0.0,7.0,130.0,1.0,16.0,12.0,9.0,60.0
2020-10-10 16:00:00+00:00,4107113469.0,0.00250508,28.44132198,441839263.0,1.493548035621643,2.567311942577362,0.0,0.0,0.0,0.0,0.7661694884300232,0.7267694473266602,3.1113412976264954,0.0,0.0,0.0,0.0,0.7267694473266602,11.0,129.0,0.0,27.0,12.0,18.0,44.0
2020-10-10 18:00:00+00:00,4099375707.0,0.00249748,28.38773881,429546434.0,3.00192129611969,2.1953933238983154,0.0,0.0,0.0,0.8065279722213745,0.0,0.9632609486579895,0.9632609486579895,0.0,0.0,0.0,0.0,0.0,12.0,112.0,8.0,20.0,10.0,18.0,59.0
2020-10-10 20:00:00+00:00,4122644963.0,0.00251009,28.54887592,421558411.0,0.917547345161438,0.8909165263175964,0.0,0.0,0.0,0.917547345161438,0.0,0.0,0.0,0.0,0.0,0.0,0.0,0.0,6.0,81.0,4.0,23.0,7.0,18.0,44.0
2020-10-10 22:00:00+00:00,4088508780.0,0.00250634,28.3124865,426434526.0,1.6109951734542847,0.0,0.0,0.0,0.0,1.6109951734542847,0.0,0.0,0.0,0.0,0.0,0.0,0.0,0.0,4.0,77.0,9.0,12.0,14.0,16.0,27.0
2020-10-11 00:00:00+00:00,4075273451.0,0.00248302,28.22083325,428918538.0,0.0,0.0,0.0,0.0,0.0,0.0,0.0,2.344193756580353,2.344193756580353,0.0,0.0,0.0,0.0,0.0,7.0,66.0,2.0,17.0,82.0,9.0,13.0
2020-10-11 02:00:00+00:00,4048183535.0,0.00247334,28.03323849,386900823.0,0.7889299392700195,0.0,0.0,0.0,0.0,0.0,0.7889299392700195,1.7608283758163452,3.2013856768608093,0.0,0.0,0.0,0.0,0.0,3.0,117.0,10.0,8.0,20.0,15.0,30.0
2020-10-11 04:00:00+00:00,4055589888.0,0.00247672,28.08452669,362766964.0,1.4526758193969727,1.4810457229614258,0.0,0.0,0.0,0.0,0.7375001907348633,0.0,0.0,0.0,0.0,0.0,0.0,0.0,5.0,120.0,2.0,15.0,7.0,12.0,27.0
2020-10-11 06:00:00+00:00,4061923176.0,0.00247641,28.12838403,358408565.0,2.4554953575134277,2.4554953575134277,0.0,0.0,0.0,0.0,0.0,1.5095515251159668,2.9806624054908752,0.0,0.0,0.0,0.0,0.0,21.0,121.0,0.0,14.0,37.0,17.0,32.0
2020-10-11 08:00:00+00:00,4070121074.0,0.00248444,28.18515359,359814449.0,1.5936630964279175,0.0,0.0,0.7378450036048889,0.0,0.8558180928230286,0.0,0.0,2.472117304801941,0.0,0.0,0.0,0.0,0.0,6.0,140.0,3.0,12.0,35.0,9.0,45.0
2020-10-11 10:00:00+00:00,4102900166.0,0.00249844,28.41214531,346037279.0,0.796751856803894,0.7306603193283081,0.0,0.0,0.0,0.796751856803894,0.0,0.0,0.0,0.0,0.0,0.0,0.0,0.0,6.0,135.0,1.0,15.0,28.0,14.0,44.0
2020-10-11 12:00:00+00:00,4135965138.0,0.00251854,28.6411167,344399217.0,0.7822321057319641,0.0,0.0,0.0,0.0,0.7822321057319641,0.0,1.678114652633667,0.0,0.0,0.8741862773895264,0.0,0.8039283752441406,0.0,6.0,136.0,2.0,35.0,28.0,11.0,46.0
2020-10-11 14:00:00+00:00,4115737190.0,0.00249985,28.50104032,352141671.0,0.9080950617790222,0.0,0.0,0.0,0.0,0.9080950617790222,0.0,0.8457976579666138,0.8457976579666138,0.0,0.0,0.0,0.0,0.0,9.0,132.0,3.0,21.0,25.0,8.0,43.0
2020-10-11 16:00:00+00:00,4147515316.0,0.00251633,28.72110045,360924737.0,0.0,0.0,0.0,0.0,0.0,0.0,0.0,0.0,0.742591381072998,0.0,0.0,0.0,0.0,0.0,5.0,130.0,3.0,39.0,31.0,22.0,61.0
2020-10-11 18:00:00+00:00,4106171764.0,0.00250705,28.43480077,369887053.0,2.6171311140060425,0.8967422842979431,0.0,0.7463567852973938,0.0,0.9740320444107056,0.0,0.9405485987663269,0.9405485987663269,0.0,0.0,0.0,0.0,0.0,9.0,100.0,1.0,33.0,18.0,15.0,43.0
2020-10-11 20:00:00+00:00,4124444364.0,0.00251458,28.56133658,393468228.0,0.0,0.8749741315841675,0.0,0.0,0.0,0.0,0.0,0.0,0.0,0.0,0.0,0.0,0.0,0.0,2.0,91.0,1.0,21.0,40.0,13.0,23.0
2020-10-11 22:00:00+00:00,4123613065.0,0.00250836,28.55557992,408482939.0,0.8109835386276245,0.0,0.0,0.8109835386276245,0.0,0.0,0.0,0.0,0.0,0.0,0.0,0.0,0.0,0.0,5.0,84.0,4.0,17.0,31.0,10.0,22.0
2020-10-12 00:00:00+00:00,4222184610.0,0.00256639,29.23817734,448222504.0,0.8105475902557373,5.414713621139526,0.0,0.0,0.0,0.0,0.0,0.0,1.7495037913322449,0.0,0.0,0.0,0.0,0.0,5.0,74.0,3.0,20.0,13.0,8.0,27.0
2020-10-12 02:00:00+00:00,4182517714.0,0.00254238,28.96348832,445454588.0,0.0,0.0,0.0,0.0,0.0,0.0,0.0,0.7639526724815369,2.3803319334983826,0.0,0.7639526724815369,0.0,0.0,0.0,8.0,86.0,3.0,20.0,16.0,5.0,23.0
2020-10-12 04:00:00+00:00,4230458454.0,0.0025712,29.29547283,458760805.0,3.0799542665481567,0.8524887561798096,0.0,1.6192190647125244,0.0,1.4607352018356323,0.0,0.0,0.8668742179870605,0.0,0.0,0.0,0.0,0.0,13.0,76.0,1.0,21.0,21.0,9.0,67.0
2020-10-12 06:00:00+00:00,4296958186.0,0.00261182,29.75597618,486703059.0,0.0,0.0,0.0,0.0,0.0,0.0,0.0,0.0,1.6526730060577393,0.0,0.0,0.0,0.0,0.0,3.0,88.0,1.0,14.0,13.0,8.0,97.0
2020-10-12 08:00:00+00:00,4379255326.0,0.0026738,30.32587507,587455183.0,1.5036685466766357,5.408948302268982,0.0,0.0,0.0,0.7836843132972717,0.719984233379364,0.7630295753479004,1.7119360566139221,0.0,0.0,0.0,0.0,0.7630295753479004,16.0,124.0,2.0,11.0,32.0,18.0,89.0
2020-10-12 10:00:00+00:00,4334282667.0,0.00266794,30.01444422,632560801.0,2.5395747423171997,3.6499162316322327,0.0,0.0,0.0,0.9007285237312317,1.638846218585968,2.1897473335266113,1.6012102961540222,0.0,0.0,2.1897473335266113,0.0,0.0,12.0,99.0,0.0,13.0,20.0,5.0,84.0
2020-10-12 12:00:00+00:00,4438831034.0,0.00267651,30.73843048,694203735.0,34.905193984508514,1.6948866844177246,0.0,0.0,0.0,3.9469568133354187,30.958237171173096,0.8570460081100464,0.8570460081100464,0.0,0.0,0.0,0.0,0.0,57.0,119.0,5.0,20.0,73.0,23.0,70.0
2020-10-12 14:00:00+00:00,4436197885.0,0.00266472,30.72019621,715778584.0,70.61759173870087,0.9214766621589661,0.0,0.0,0.0,0.7724525332450867,69.84513920545578,0.0,3.8178159594535828,0.0,0.0,0.0,0.0,0.0,105.0,103.0,2.0,30.0,56.0,20.0,89.0
2020-10-12 16:00:00+00:00,4487873661.0,0.00269002,31.07804544,740196779.0,44.14561575651169,1.7153756022453308,0.0,0.0,0.0,2.4064860939979553,41.73912966251373,0.0,1.6121212244033813,0.0,0.0,0.0,0.0,0.0,70.0,125.0,6.0,33.0,18.0,15.0,72.0
2020-10-12 18:00:00+00:00,4454554462.0,0.00267032,30.847313540000002,743039083.0,12.755034446716309,0.773834764957428,0.0,0.0,0.0,0.7893319129943848,11.965702533721924,0.0,0.0,0.0,0.0,0.0,0.0,0.0,16.0,67.0,7.0,27.0,6.0,8.0,50.0
2020-10-12 20:00:00+00:00,4471012241.0,0.00265122,30.9612819,724649589.0,9.414055049419403,0.7028679847717285,0.0,0.0,0.0,2.3242992758750916,6.386887788772583,0.8497673273086548,2.441310167312622,0.0,0.0,0.0,0.0,0.0,17.0,77.0,1.0,34.0,60.0,10.0,30.0
2020-10-12 22:00:00+00:00,4435401470.0,0.00265805,30.71468112,718406691.0,6.963189899921417,0.0,0.0,0.0,0.0,0.7356774806976318,6.227512419223785,0.7193019986152649,0.0,0.7193019986152649,0.0,0.0,0.0,0.0,14.0,93.0,1.0,32.0,40.0,17.0,28.0
2020-10-13 00:00:00+00:00,4458342865.0,0.00268228,30.87354783,704108129.0,10.900491952896118,0.0,0.0,0.0,0.0,0.0,10.900491952896118,0.7683204412460327,0.7124873995780945,0.0,0.0,0.0,0.0,0.7683204412460327,17.0,61.0,3.0,22.0,16.0,8.0,25.0
2020-10-13 02:00:00+00:00,4530359318.0,0.00273464,31.37225407,776648184.0,8.898922860622406,0.0,0.0,0.8086979389190674,0.0,0.8510013818740845,7.239223539829254,0.7508493065834045,0.0,0.0,0.7508493065834045,0.0,0.0,0.0,17.0,79.0,1.0,24.0,4.0,5.0,46.0
2020-10-13 04:00:00+00:00,4587084241.0,0.00275666,31.7650681,811959243.0,13.420625388622284,3.262125551700592,0.0,0.8336988687515259,0.0,0.7191934585571289,11.86773306131363,0.9590001702308655,0.0,0.0,0.9590001702308655,0.0,0.0,0.0,23.0,99.0,1.0,23.0,3.0,13.0,60.0
2020-10-13 06:00:00+00:00,4487278637.0,0.00271145,31.07392496,799071570.0,8.55286705493927,3.294692873954773,0.0,0.0,0.0,1.4815312623977661,7.071335792541504,0.8721038103103638,3.155999481678009,0.0,0.0,0.0,0.0,0.0,24.0,93.0,0.0,19.0,11.0,12.0,59.0
2020-10-13 08:00:00+00:00,4491248516.0,0.0027105,31.10141595,710937838.0,11.31170666217804,0.9748703837394714,0.0,0.8105252385139465,0.7560607194900513,0.8159211874008179,7.954329133033752,0.0,0.7823957204818726,0.0,0.0,0.0,0.0,0.0,16.0,137.0,0.0,19.0,8.0,18.0,68.0
2020-10-13 10:00:00+00:00,4494254672.0,0.00270327,31.12223326,675961489.0,4.8638758063316345,1.4397781491279602,0.0,0.0,0.0,0.0,4.8638758063316345,1.5725791454315186,2.7096128463745117,0.0,0.0,0.8230383992195129,0.7495407462120056,0.0,10.0,120.0,1.0,24.0,47.0,9.0,52.0
2020-10-13 12:00:00+00:00,4386235766.0,0.00267727,30.37421388,633271472.0,9.11203384399414,1.6080366373062134,0.0,0.8252343535423279,0.0,1.6899261474609375,6.596873342990875,0.7455536723136902,4.192888975143433,0.0,0.0,0.0,0.7455536723136902,0.0,17.0,125.0,3.0,33.0,19.0,15.0,65.0
2020-10-13 14:00:00+00:00,4448740760.0,0.00270387,30.80705428,641108830.0,12.475988030433655,3.8679049611091614,0.0,0.0,0.0,0.8595141768455505,8.577996134757996,1.7572644352912903,0.0,0.0,0.9118813872337341,0.0,0.8453830480575562,0.0,31.0,123.0,5.0,45.0,19.0,22.0,88.0
2020-10-13 16:00:00+00:00,4422045207.0,0.00269246,30.62219043,623540416.0,4.82125198841095,2.3556846380233765,0.0,0.8636587262153625,0.0,0.0,3.957593262195587,0.0,0.0,0.0,0.0,0.0,0.0,0.0,10.0,149.0,6.0,31.0,19.0,19.0,85.0
2020-10-13 18:00:00+00:00,4468915004.0,0.00271463,30.94675876,634352231.0,4.911588788032532,2.253377914428711,0.0,0.0,0.0,0.0,4.911588788032532,0.8410392999649048,2.4441235065460205,0.0,0.8410392999649048,0.0,0.0,0.0,12.0,83.0,0.0,21.0,5.0,17.0,100.0
2020-10-13 20:00:00+00:00,4444937165.0,0.0026875,30.78071479,626738861.0,3.8958752155303955,0.0,0.0,0.0,0.0,3.1111961603164673,0.7846790552139282,0.8024520874023438,0.7740956544876099,0.0,0.8024520874023438,0.0,0.0,0.0,13.0,68.0,0.0,32.0,13.0,20.0,55.0
2020-10-13 22:00:00+00:00,4434255414.0,0.00268747,30.7067448,600050050.0,1.5194860100746155,0.0,0.0,0.7429940700531006,0.0,0.0,0.7764919400215149,0.0,0.8942320942878723,0.0,0.0,0.0,0.0,0.0,3.0,67.0,3.0,21.0,64.0,10.0,37.0
2020-10-14 00:00:00+00:00,4466056156.0,0.0027023,30.92696155,572931462.0,2.314123034477234,0.8896515965461731,0.0,0.7692692279815674,0.0,0.0,1.5448538064956665,0.0,0.7235718965530396,0.0,0.0,0.0,0.0,0.0,4.0,75.0,3.0,21.0,59.0,7.0,34.0
2020-10-14 02:00:00+00:00,4463117875.0,0.0026976,30.90661426,508678539.0,0.0,0.0,0.0,0.0,0.0,0.0,0.0,0.7727120518684387,0.0,0.0,0.0,0.0,0.7727120518684387,0.0,5.0,78.0,2.0,28.0,13.0,14.0,52.0
2020-10-14 04:00:00+00:00,4448354098.0,0.00270017,30.80437669,476569720.0,7.128124892711639,2.3504181504249573,0.0,0.0,0.0,2.390745520591736,2.3869612216949463,0.0,1.4655681848526,0.0,0.0,0.0,0.0,0.0,15.0,63.0,2.0,22.0,12.0,8.0,70.0
2020-10-14 06:00:00+00:00,4476876974.0,0.00271575,31.00189455,471421705.0,8.608007490634918,0.8602250814437866,0.0,0.7950994968414307,0.0,4.435986340045929,2.516696572303772,0.0,0.0,0.0,0.0,0.0,0.0,0.0,17.0,102.0,8.0,18.0,14.0,12.0,78.0
2020-10-14 08:00:00+00:00,4457796370.0,0.00270335,30.86976341,479519582.0,3.141106367111206,1.9046829342842102,0.0,0.0,0.0,1.6402115225791931,1.500894844532013,0.0,2.3902716040611267,0.0,0.0,0.0,0.0,0.0,14.0,75.0,2.0,12.0,33.0,5.0,74.0
2020-10-14 10:00:00+00:00,4412668747.0,0.00268359,30.55725945,468743341.0,10.907158434391022,4.20822536945343,0.0,0.0,0.0,7.691143095493317,3.216015338897705,0.0,2.303760528564453,0.0,0.0,0.0,0.0,0.0,27.0,113.0,1.0,19.0,35.0,22.0,76.0
2020-10-14 12:00:00+00:00,4482564166.0,0.00269396,31.04127775,469099172.0,2.3014116883277893,0.7150687575340271,0.0,0.0,0.0,1.5099759101867676,0.7914357781410217,0.0,0.0,0.0,0.0,0.0,0.0,0.0,11.0,105.0,3.0,20.0,32.0,12.0,83.0
2020-10-14 14:00:00+00:00,4408463154.0,0.00269715,30.52813616,445444295.0,1.58452308177948,0.7109450101852417,0.0,0.0,0.0,0.0,1.58452308177948,0.0,0.9041897654533386,0.0,0.0,0.0,0.0,0.0,9.0,103.0,2.0,27.0,15.0,22.0,72.0
2020-10-14 16:00:00+00:00,4433847013.0,0.00270432,30.70391667,449778777.0,3.238324522972107,0.7964250445365906,0.0,0.0,0.0,0.0,3.238324522972107,0.0,0.7974854111671448,0.0,0.0,0.0,0.0,0.0,13.0,102.0,1.0,27.0,46.0,13.0,66.0
2020-10-14 18:00:00+00:00,4409217531.0,0.00268846,30.53336014,428767169.0,1.6076264381408691,0.8955397009849548,0.0,0.7120867371559143,0.0,0.0,0.0,0.0,0.0,0.0,0.0,0.0,0.0,0.0,9.0,76.0,1.0,31.0,21.0,12.0,57.0
2020-10-14 20:00:00+00:00,4443646318.0,0.00270295,30.77177581,441023814.0,1.6599542498588562,0.7045251727104187,0.0,0.0,0.0,0.8185067772865295,0.8414474725723267,1.6727730631828308,0.8220592141151428,0.0,0.850713849067688,0.0,0.0,0.0,7.0,54.0,4.0,27.0,30.0,19.0,41.0
2020-10-14 22:00:00+00:00,4463912580.0,0.00270459,30.91211751,460297911.0,0.8757922649383545,0.0,0.0,0.0,0.0,0.0,0.8757922649383545,0.8927856087684631,0.821519136428833,0.0,0.0,0.0,0.8927856087684631,0.0,9.0,39.0,1.0,23.0,74.0,19.0,28.0
2020-10-15 00:00:00+00:00,4454436891.0,0.00270871,30.84649938,455063906.0,0.0,0.0,0.0,0.0,0.0,0.0,0.0,0.0,0.7256050109863281,0.0,0.0,0.0,0.0,0.0,2.0,49.0,3.0,29.0,8.0,12.0,26.0
2020-10-15 02:00:00+00:00,4455720464.0,0.00271016,30.85538798,455692277.0,0.0,0.0,0.0,0.0,0.0,0.0,0.0,1.5933789014816284,0.8466560244560242,0.0,0.7467228770256042,0.0,0.0,0.0,6.0,39.0,4.0,18.0,17.0,10.0,28.0
2020-10-15 04:00:00+00:00,4471275406.0,0.00271239,30.96310429,446660602.0,2.3620526790618896,0.7265976667404175,0.0,0.0,0.0,0.7481480836868286,0.8873069286346436,2.6112197637557983,2.6112197637557983,0.0,0.0,0.0,0.0,0.0,14.0,579.0,6.0,13.0,10.0,11.0,38.0
2020-10-15 06:00:00+00:00,4471346058.0,0.00271564,30.96359355,435860385.0,2.5129010677337646,1.7254679203033447,0.0,0.0,0.0,0.8634876608848572,0.7980303764343262,0.8913163542747498,0.8913163542747498,0.0,0.0,0.0,0.0,0.0,10.0,695.0,3.0,9.0,12.0,13.0,38.0
2020-10-15 08:00:00+00:00,4426005396.0,0.00270614,30.64961432,424478875.0,0.8482669591903687,0.0,0.0,0.0,0.0,0.0,0.8482669591903687,0.9155279397964478,1.7934059500694275,0.0,0.0,0.0,0.0,0.0,9.0,479.0,3.0,13.0,25.0,7.0,61.0
2020-10-15 10:00:00+00:00,4452139301.0,0.00272256,30.83058881,419904038.0,3.1786537170410156,0.0,0.0,0.0,0.0,3.1786537170410156,0.0,0.0,0.0,0.0,0.0,0.0,0.0,0.0,27.0,285.0,2.0,12.0,52.0,18.0,52.0
2020-10-15 12:00:00+00:00,4487927422.0,0.00272388,31.07841773,431187504.0,2.2773892879486084,0.0,0.0,0.0,0.7569195628166199,1.5204697251319885,0.0,0.919745922088623,0.919745922088623,0.0,0.0,0.0,0.0,0.0,12.0,837.0,0.0,20.0,64.0,18.0,68.0
2020-10-15 14:00:00+00:00,4558165988.0,0.00276748,31.56481229,461433724.0,3.279166340827942,0.9475286602973938,0.0,0.0,0.0,3.279166340827942,0.0,2.541712999343872,0.0,0.0,0.8598071336746216,0.8809909820556641,0.8009148836135864,0.0,18.0,116.0,1.0,31.0,44.0,33.0,62.0
2020-10-15 16:00:00+00:00,4537596411.0,0.00273949,31.42237016,487430459.0,2.317221224308014,1.7743385434150696,0.0,0.0,0.7545515298843384,0.0,0.7699570655822754,0.8748302459716797,1.5728582739830017,0.0,0.0,0.0,0.8748302459716797,0.0,13.0,108.0,5.0,44.0,55.0,23.0,58.0
2020-10-15 18:00:00+00:00,4529251376.0,0.00272165,31.36458169,501059183.0,1.6828206181526184,0.9194475412368774,0.0,0.0,0.0,0.0,1.6828206181526184,0.8390771150588989,0.0,0.0,0.0,0.8390771150588989,0.0,0.0,9.0,56.0,3.0,32.0,46.0,23.0,51.0
2020-10-15 20:00:00+00:00,4508920162.0,0.00271378,31.22379021,498159147.0,1.6582980155944824,3.375046133995056,0.0,0.0,0.0,0.0,0.0,0.0,0.8276482820510864,0.0,0.0,0.0,0.0,0.0,8.0,37.0,4.0,33.0,165.0,28.0,36.0
2020-10-15 22:00:00+00:00,4519328173.0,0.00272248,31.29586457,504135680.0,0.7570542097091675,0.0,0.7570542097091675,0.0,0.0,0.0,0.0,0.0,0.9494701623916626,0.0,0.0,0.0,0.0,0.0,2.0,48.0,2.0,24.0,21.0,1.0,25.0
2020-10-16 00:00:00+00:00,4598124059.0,0.00276095,31.84151766,538822703.0,0.8717814683914185,0.0,0.0,0.0,0.0,0.0,0.8717814683914185,0.9012434482574463,0.0,0.0,0.9012434482574463,0.0,0.0,0.0,4.0,48.0,6.0,30.0,13.0,27.0,14.0
2020-10-16 02:00:00+00:00,4574982529.0,0.00275309,31.68126504,549907883.0,0.7586004734039307,0.0,0.0,0.0,0.0,0.7586004734039307,0.0,0.0,0.0,0.0,0.0,0.0,0.0,0.0,4.0,251.0,1.0,18.0,33.0,9.0,42.0
2020-10-16 04:00:00+00:00,4373598718.0,0.00266907,30.28670367,652151902.0,0.7603837847709656,0.0,0.0,0.0,0.0,0.0,0.7603837847709656,0.9092525839805603,1.8437011241912842,0.0,0.0,0.0,0.0,0.0,4.0,876.0,3.0,23.0,126.0,10.0,36.0
2020-10-16 06:00:00+00:00,4398091311.0,0.00268986,30.45631226,654201822.0,0.0,0.7925721406936646,0.0,0.0,0.0,0.0,0.0,0.0,1.6904584765434265,0.0,0.0,0.0,0.0,0.0,3.0,663.0,1.0,27.0,15.0,11.0,66.0
2020-10-16 08:00:00+00:00,4336105768.0,0.00267052,30.027069,657120473.0,2.5244542956352234,0.7304496169090271,0.7611636519432068,0.0,0.0,0.9404162168502808,0.8228744268417358,0.0,0.8218861818313599,0.0,0.0,0.0,0.0,0.0,17.0,830.0,2.0,14.0,13.0,15.0,49.0
2020-10-16 10:00:00+00:00,4397929282.0,0.00267707,30.45519022,670564077.0,1.6757678985595703,0.0,0.0,0.0,0.0,0.8939738869667053,0.781794011592865,0.0,0.0,0.0,0.0,0.0,0.0,0.0,8.0,625.0,5.0,15.0,45.0,28.0,49.0
2020-10-16 12:00:00+00:00,4376768921.0,0.00267313,30.30865699,656966941.0,1.7103960514068604,0.0,0.0,0.0,0.0,1.7103960514068604,0.0,0.0,0.0,0.0,0.0,0.0,0.0,0.0,4.0,288.0,3.0,21.0,47.0,21.0,69.0
2020-10-16 14:00:00+00:00,4378482854.0,0.00267907,30.32052579,625880618.0,2.52703058719635,1.64972722530365,0.0,0.8522063493728638,0.0,1.6748242378234863,0.0,0.7374290227890015,0.8328150510787964,0.0,0.0,0.0,0.7374290227890015,0.0,7.0,122.0,3.0,34.0,17.0,25.0,50.0
2020-10-16 16:00:00+00:00,4367147685.0,0.00266916,30.24203095,587801051.0,2.284144878387451,0.8199880123138428,0.0,0.0,0.0,1.498165488243103,0.7859793901443481,0.0,1.8155044317245483,0.0,0.0,0.0,0.0,0.0,8.0,142.0,3.0,23.0,29.0,17.0,57.0
2020-10-16 18:00:00+00:00,4355090336.0,0.00266085,30.1585351,565103222.0,3.3736307621002197,0.0,0.0,0.0,0.0,1.6669619679450989,1.7066687941551208,0.8681368231773376,1.6266252994537354,0.0,0.0,0.0,0.0,0.0,16.0,118.0,4.0,39.0,41.0,27.0,39.0
2020-10-16 20:00:00+00:00,4313479867.0,0.00263704,29.87038705,562867309.0,0.0,0.7323510646820068,0.0,0.0,0.0,0.0,0.0,0.0,0.8470816016197205,0.0,0.0,0.0,0.0,0.0,6.0,81.0,3.0,18.0,76.0,13.0,22.0
2020-10-16 22:00:00+00:00,4331460193.0,0.00264923,29.99489889,546849696.0,1.5647243857383728,0.0,0.0,0.0,0.0,0.7755985260009766,0.7891258597373962,0.0,0.7794460654258728,0.0,0.0,0.0,0.0,0.0,7.0,75.0,6.0,9.0,21.0,9.0,41.0
2020-10-17 00:00:00+00:00,4341379980.0,0.00264972,30.06359235,531957051.0,0.0,0.7664545178413391,0.0,0.0,0.0,0.0,0.0,0.0,0.0,0.0,0.0,0.0,0.0,0.0,1.0,80.0,0.0,16.0,39.0,13.0,32.0
2020-10-17 02:00:00+00:00,4381601944.0,0.00267181,30.34212515,533377610.0,0.7539398074150085,0.0,0.7539398074150085,0.0,0.0,0.0,0.0,0.0,0.0,0.0,0.0,0.0,0.0,0.0,4.0,274.0,1.0,15.0,2.0,8.0,36.0
2020-10-17 04:00:00+00:00,4371685166.0,0.00266647,30.27345253,417072138.0,0.0,0.0,0.0,0.0,0.0,0.0,0.0,0.0,0.0,0.0,0.0,0.0,0.0,0.0,2.0,773.0,1.0,26.0,33.0,19.0,32.0
2020-10-17 06:00:00+00:00,4369999514.0,0.00266658,30.26177957,409234263.0,0.0,0.7517244219779968,0.0,0.0,0.0,0.0,0.0,0.8604069948196411,1.5639591813087463,0.0,0.0,0.0,0.0,0.0,3.0,620.0,0.0,14.0,2.0,7.0,34.0
2020-10-17 08:00:00+00:00,4383114645.0,0.00267677,30.35260045,399426165.0,3.3863054513931274,0.8976932168006897,0.0,0.0,0.0,2.653652012348175,0.7326534390449524,2.3504478335380554,2.400156080722809,0.0,0.0,0.7028637528419495,0.0,0.0,20.0,742.0,0.0,30.0,14.0,16.0,34.0
2020-10-17 10:00:00+00:00,4393408500.0,0.00268291,30.42388429,384238970.0,8.162998616695404,0.0,0.7068244218826294,0.0,0.0,5.893329560756683,1.5628446340560913,0.7806031107902527,0.0,0.7806031107902527,0.0,0.0,0.0,0.0,26.0,868.0,0.0,15.0,35.0,9.0,47.0
2020-10-17 12:00:00+00:00,4371480201.0,0.00267368,30.27203317,377995860.0,1.4384662508964539,1.670535385608673,0.0,0.0,0.0,0.0,0.7056339383125305,0.7439343929290771,0.8019973635673523,0.0,0.7439343929290771,0.0,0.0,0.0,6.0,649.0,10.0,22.0,61.0,14.0,57.0
2020-10-17 14:00:00+00:00,4373178598.0,0.00267308,30.28379438,372862652.0,1.5271673798561096,0.797193706035614,0.0,0.0,0.0,0.7219142913818359,0.8052530884742737,0.8735501766204834,1.4604761600494385,0.0,0.8735501766204834,0.0,0.0,0.0,7.0,99.0,5.0,45.0,23.0,9.0,51.0
2020-10-17 16:00:00+00:00,4377016180.0,0.0026747,30.31036923,395954565.0,4.918138682842255,0.0,0.0,1.726555049419403,0.0,1.5349957346916199,1.6565878987312317,2.310017764568329,1.6822739839553833,0.0,0.0,0.8159427046775818,1.494075059890747,0.0,18.0,105.0,4.0,27.0,37.0,18.0,56.0
2020-10-17 18:00:00+00:00,4365941718.0,0.00266636,30.23367976,389524951.0,0.8586251735687256,0.0,0.0,0.8586251735687256,0.0,0.0,0.0,1.4265477657318115,0.7193577289581299,0.0,0.0,0.0,0.0,0.7071900367736816,12.0,79.0,1.0,27.0,21.0,18.0,30.0
2020-10-17 20:00:00+00:00,4360747938.0,0.0026621,30.19771339,381065725.0,2.348030984401703,1.8060144782066345,0.0,1.548665463924408,0.0,0.0,0.7993655204772949,1.8221736550331116,0.0,0.0,0.0,0.0,0.8841598033905029,0.9380138516426086,15.0,68.0,0.0,22.0,10.0,18.0,43.0
2020-10-17 22:00:00+00:00,4368043546.0,0.00266314,30.2482347,377026508.0,0.7106838226318359,0.0,0.0,0.0,0.0,0.0,0.7106838226318359,0.0,0.0,0.0,0.0,0.0,0.0,0.0,8.0,52.0,2.0,21.0,21.0,6.0,40.0
2020-10-18 00:00:00+00:00,4445600939.0,0.00270479,30.78531135,392941383.0,1.6167262196540833,0.0,0.0,0.0,0.0,1.6167262196540833,0.0,0.8962571024894714,0.0,0.8962571024894714,0.0,0.0,0.0,0.0,6.0,43.0,1.0,18.0,4.0,11.0,15.0
2020-10-18 02:00:00+00:00,4414157845.0,0.00268948,30.56757129,392105562.0,1.5860114693641663,0.0,0.0,0.0,0.0,0.8153625726699829,0.7706488966941833,1.6144366264343262,0.0,0.0,1.6144366264343262,0.0,0.0,0.0,12.0,314.0,5.0,29.0,9.0,12.0,26.0
2020-10-18 04:00:00+00:00,4410285808.0,0.00268227,30.54075785,395386133.0,0.8796960115432739,0.8796960115432739,0.0,0.0,0.0,0.0,0.0,0.0,0.0,0.0,0.0,0.0,0.0,0.0,6.0,781.0,5.0,12.0,21.0,18.0,48.0
2020-10-18 06:00:00+00:00,4428499626.0,0.00268057,30.66688659,394682187.0,1.7496747970581055,0.0,0.0,0.0,0.0,0.9096881747245789,0.8399866223335266,0.0,0.0,0.0,0.0,0.0,0.0,0.0,7.0,670.0,1.0,13.0,46.0,13.0,48.0
2020-10-18 08:00:00+00:00,4442995433.0,0.00269628,30.76726851,415809261.0,1.4954754710197449,0.0,0.0,0.0,0.0,0.716120719909668,0.7793547511100769,0.0,0.0,0.0,0.0,0.0,0.0,0.0,7.0,855.0,2.0,11.0,26.0,17.0,38.0
2020-10-18 10:00:00+00:00,4438025138.0,0.00269205,30.73284974,428572306.0,0.7577964067459106,0.0,0.0,0.0,0.0,0.0,0.7577964067459106,0.0,0.0,0.0,0.0,0.0,0.0,0.0,7.0,937.0,11.0,8.0,40.0,11.0,44.0
2020-10-18 12:00:00+00:00,4422662394.0,0.00267852,30.62646438,440633121.0,4.27925032377243,2.373170852661133,0.0,0.0,0.0,0.0,3.4833158254623413,0.0,0.9942315220832825,0.0,0.0,0.0,0.0,0.0,10.0,686.0,1.0,23.0,10.0,17.0,48.0
2020-10-18 14:00:00+00:00,4443497109.0,0.00269026,30.77074256,454067299.0,0.9037182927131653,0.0,0.0,0.0,0.0,0.0,0.9037182927131653,0.7352111339569092,0.7352111339569092,0.0,0.0,0.0,0.0,0.0,9.0,93.0,1.0,37.0,39.0,18.0,63.0
2020-10-18 16:00:00+00:00,4422521063.0,0.00267412,30.62548568,438076882.0,0.0,0.0,0.0,0.0,0.0,0.0,0.0,1.7889240980148315,0.924102783203125,0.0,0.0,0.0,1.7889240980148315,0.0,8.0,107.0,1.0,40.0,18.0,32.0,76.0
2020-10-18 18:00:00+00:00,4408966807.0,0.00266957,30.5316239,446274094.0,2.3445234894752502,0.8953471779823303,0.0,0.0,0.0,0.855133593082428,1.4893898963928223,0.0,0.0,0.0,0.0,0.0,0.0,0.0,16.0,112.0,0.0,24.0,8.0,16.0,56.0
2020-10-18 20:00:00+00:00,4417456366.0,0.00267226,30.59041319,441527881.0,0.0,0.0,0.0,0.0,0.0,0.0,0.0,0.0,0.0,0.0,0.0,0.0,0.0,0.0,0.0,88.0,3.0,26.0,17.0,5.0,40.0
2020-10-18 22:00:00+00:00,4427436309.0,0.00266991,30.65952324,440840685.0,0.0,0.0,0.0,0.0,0.0,0.0,0.0,0.0,0.0,0.0,0.0,0.0,0.0,0.0,1.0,60.0,4.0,22.0,30.0,10.0,32.0
2020-10-19 00:00:00+00:00,4377005959.0,0.00264447,30.31029845,420568284.0,0.8582673668861389,0.0,0.0,0.0,0.0,0.0,0.8582673668861389,0.0,0.9670835733413696,0.0,0.0,0.0,0.0,0.0,2.0,83.0,3.0,20.0,32.0,10.0,24.0
2020-10-19 02:00:00+00:00,4319360295.0,0.00261779,29.91110839,423490068.0,1.611776888370514,1.4474441409111023,0.0,0.0,0.0,1.611776888370514,0.0,0.0,0.97719407081604,0.0,0.0,0.0,0.0,0.0,3.0,393.0,1.0,12.0,22.0,16.0,30.0
2020-10-19 04:00:00+00:00,4332655439.0,0.00262411,30.00317584,431290442.0,0.8730494379997253,1.6929652690887451,0.0,0.0,0.0,0.0,0.0,0.0,0.7898697853088379,0.0,0.0,0.0,0.0,0.0,1.0,789.0,2.0,20.0,24.0,10.0,43.0
2020-10-19 06:00:00+00:00,4339413188.0,0.00262683,30.04997253,439908698.0,2.2842869758605957,1.6261971592903137,0.0,0.0,0.0,0.0,1.5719587802886963,0.0,0.0,0.0,0.0,0.0,0.0,0.0,8.0,819.0,2.0,12.0,46.0,18.0,50.0
2020-10-19 08:00:00+00:00,4345291534.0,0.00262502,30.09067944,405638366.0,0.0,1.8673360347747803,0.0,0.0,0.0,0.0,0.0,0.0,0.7663865685462952,0.0,0.0,0.0,0.0,0.0,6.0,724.0,5.0,21.0,7.0,17.0,62.0
2020-10-19 10:00:00+00:00,4362138546.0,0.00262831,30.2073432,390420985.0,1.7209041714668274,0.0,0.0,0.0,0.0,1.7209041714668274,0.0,1.6615626215934753,0.0,0.0,1.6615626215934753,0.0,0.0,0.0,18.0,681.0,2.0,46.0,15.0,18.0,44.0
2020-10-19 12:00:00+00:00,4387521077.0,0.00260867,30.38311452,398250645.0,7.133520603179932,1.6136793494224548,0.0,0.0,0.0,4.8120728731155396,2.321447730064392,0.8751749992370605,0.9061094522476196,0.0,0.0,0.0,0.8751749992370605,0.0,22.0,736.0,1.0,28.0,64.0,24.0,65.0
2020-10-19 14:00:00+00:00,4379616323.0,0.00257205,30.32837494,392021652.0,4.047683835029602,3.1630168557167053,0.0,0.0,0.0,1.591128945350647,1.7299888730049133,1.4462698101997375,1.4862239360809326,0.0,0.0,1.4462698101997375,0.0,0.0,19.0,177.0,0.0,31.0,40.0,27.0,57.0
2020-10-19 16:00:00+00:00,4357685044.0,0.00257409,30.17650318,393952774.0,1.5542743802070618,0.0,0.0,0.0,0.0,0.7359997630119324,0.8182746171951294,0.0,0.0,0.0,0.0,0.0,0.0,0.0,9.0,141.0,2.0,34.0,24.0,27.0,64.0
2020-10-19 18:00:00+00:00,4342898032.0,0.00257556,30.0741047,395667269.0,2.314814507961273,4.1328389048576355,0.0,0.7997043132781982,0.0,0.7386182546615601,0.7764919400215149,1.6874680519104004,8.807357549667358,0.0,0.0,0.0,0.800292432308197,0.8871756196022034,13.0,116.0,3.0,26.0,43.0,20.0,49.0
2020-10-19 20:00:00+00:00,4335153798.0,0.00255686,30.02047671,389417111.0,0.9274876713752747,0.0,0.0,0.0,0.0,0.0,0.9274876713752747,0.7125615477561951,0.0,0.0,0.0,0.0,0.0,0.7125615477561951,6.0,73.0,4.0,33.0,73.0,17.0,27.0
2020-10-19 22:00:00+00:00,4321376045.0,0.00254854,29.92506724,385913101.0,1.5646405816078186,0.0,0.0,0.7612307071685791,0.0,0.0,0.8034098744392395,0.7743313908576965,0.0,0.0,0.7743313908576965,0.0,0.0,0.0,5.0,79.0,3.0,30.0,96.0,9.0,36.0
2020-10-20 00:00:00+00:00,4317114041.0,0.00255468,29.89555332,367145604.0,0.7533548474311829,0.0,0.0,0.0,0.0,0.7533548474311829,0.0,0.9764165282249451,1.8932971954345703,0.0,0.0,0.0,0.0,0.0,5.0,62.0,4.0,25.0,48.0,14.0,32.0
2020-10-20 02:00:00+00:00,4334041511.0,0.00255502,30.01277424,351670057.0,0.0,0.0,0.0,0.0,0.0,0.0,0.0,0.0,0.0,0.0,0.0,0.0,0.0,0.0,8.0,278.0,2.0,33.0,54.0,15.0,39.0
2020-10-20 04:00:00+00:00,4316948042.0,0.00254543,29.89440379,356955043.0,1.6206499338150024,0.0,0.0,0.0,0.0,0.0,1.6206499338150024,0.0,0.0,0.0,0.0,0.0,0.0,0.0,6.0,822.0,4.0,18.0,46.0,9.0,58.0
2020-10-20 06:00:00+00:00,4262277989.0,0.00251539,29.51581952,359684632.0,0.7987539768218994,0.9122380614280701,0.0,0.0,0.0,0.0,0.7987539768218994,0.8503400087356567,1.5633452534675598,0.0,0.0,0.0,0.8503400087356567,0.0,16.0,778.0,3.0,19.0,125.0,24.0,63.0
2020-10-20 08:00:00+00:00,4259331376.0,0.00249948,29.49541454,393799002.0,0.7859793901443481,0.767451286315918,0.0,0.0,0.0,0.0,0.7859793901443481,0.0,3.8925565481185913,0.0,0.0,0.0,0.0,0.0,8.0,723.0,4.0,27.0,111.0,10.0,55.0
2020-10-20 10:00:00+00:00,4223624755.0,0.00248554,29.24815,427564281.0,0.0,0.0,0.0,0.0,0.0,0.0,0.0,0.7034242153167725,0.7683375477790833,0.0,0.0,0.7034242153167725,0.0,0.0,9.0,882.0,0.0,23.0,117.0,68.0,71.0
2020-10-20 12:00:00+00:00,4170900442.0,0.00243212,28.88303977,459810067.0,4.697696506977081,0.0,0.0,0.7192268967628479,0.0,0.8571110367774963,3.121358573436737,0.8123912215232849,0.8725534081459045,0.0,0.8123912215232849,0.0,0.0,0.0,15.0,707.0,2.0,27.0,178.0,33.0,97.0
2020-10-20 14:00:00+00:00,4166283315.0,0.0024226,28.85106666,472693744.0,1.6007235050201416,0.8982853293418884,0.0,0.0,0.0,0.7030302882194519,0.8976932168006897,0.0,0.7066742181777954,0.0,0.0,0.0,0.0,0.0,9.0,178.0,2.0,36.0,189.0,35.0,101.0
2020-10-20 16:00:00+00:00,4125044617.0,0.00238292,28.56549309,474842001.0,0.7817155718803406,0.0,0.0,0.0,0.0,0.0,0.7817155718803406,4.001534998416901,5.64966082572937,0.0,0.0,0.0,0.7100040316581726,0.7081846594810486,17.0,152.0,0.0,37.0,128.0,44.0,115.0
2020-10-20 18:00:00+00:00,4142098753.0,0.00240519,28.68359115,488581492.0,1.5226402878761292,3.0689157247543335,0.0,0.0,0.0,0.736660897731781,0.7859793901443481,0.0,0.0,0.0,0.0,0.0,0.0,0.0,4.0,111.0,2.0,46.0,127.0,23.0,82.0
2020-10-20 20:00:00+00:00,4157400299.0,0.00241605,28.78955273,494859799.0,1.5300439596176147,0.7798364758491516,0.0,0.0,0.0,0.7353691458702087,0.794674813747406,0.0,0.0,0.0,0.0,0.0,0.0,0.0,10.0,88.0,9.0,33.0,178.0,14.0,52.0
2020-10-20 22:00:00+00:00,4159406132.0,0.00241714,28.80344291,493774162.0,0.7431631684303284,0.9185361862182617,0.0,0.0,0.0,0.7431631684303284,0.0,0.7623336911201477,0.7623336911201477,0.0,0.0,0.0,0.0,0.0,5.0,66.0,3.0,26.0,55.0,13.0,42.0
2020-10-21 00:00:00+00:00,4196713491.0,0.00242432,29.06179238,522147276.0,0.0,0.0,0.0,0.0,0.0,0.0,0.0,0.0,1.6160184741020203,0.0,0.0,0.0,0.0,0.0,2.0,56.0,5.0,21.0,48.0,9.0,37.0
2020-10-21 02:00:00+00:00,4260754117.0,0.0024193,29.50526687,550860875.0,0.0,0.7496076822280884,0.0,0.0,0.0,0.0,0.0,0.0,0.7872970700263977,0.0,0.0,0.0,0.0,0.0,4.0,126.0,4.0,30.0,59.0,13.0,54.0
2020-10-21 04:00:00+00:00,4280997778.0,0.00242068,29.64545206,568039797.0,0.0,0.0,0.0,0.0,0.0,0.0,0.0,2.406043291091919,0.8001405596733093,0.0,0.776814877986908,0.0,0.8290878534317017,0.0,5.0,714.0,2.0,25.0,54.0,11.0,55.0
2020-10-21 06:00:00+00:00,4257394109.0,0.00241829,29.48199917,552530369.0,7.261442303657532,3.448983609676361,0.0,0.0,0.0,3.8124586939811707,0.0,0.0,0.0,0.0,0.0,0.0,0.0,0.0,11.0,727.0,3.0,22.0,28.0,17.0,69.0
2020-10-21 08:00:00+00:00,4257524270.0,0.00242788,29.48290053,515099071.0,1.730948030948639,0.0,0.0,0.0,0.0,1.730948030948639,0.0,0.0,0.7463776469230652,0.0,0.0,0.0,0.0,0.0,7.0,896.0,5.0,31.0,38.0,16.0,76.0
2020-10-21 10:00:00+00:00,4247862610.0,0.00238711,29.41599456,482032258.0,0.7189246416091919,0.751666784286499,0.0,0.0,0.0,0.0,0.7189246416091919,0.0,0.0,0.0,0.0,0.0,0.0,0.0,4.0,557.0,0.0,32.0,79.0,6.0,69.0
2020-10-21 12:00:00+00:00,4280364065.0,0.00238279,29.64106366,476102318.0,3.094793975353241,0.0,0.0,0.0,0.0,1.461638629436493,1.633155345916748,3.8346734642982483,0.0,0.0,0.0,2.297162175178528,1.5375112891197205,0.0,17.0,342.0,4.0,53.0,71.0,34.0,108.0
2020-10-21 14:00:00+00:00,4364927270.0,0.00237828,30.22665482,491174425.0,1.7006286978721619,0.8586106896400452,0.0,0.0,0.0,0.8420180082321167,0.0,0.0,0.0,0.0,0.0,0.0,0.0,0.0,16.0,142.0,4.0,45.0,1071.0,138.0,95.0
2020-10-21 16:00:00+00:00,4346988181.0,0.00235319,30.10242855,480150580.0,8.502138674259186,0.8226211667060852,0.0,0.0,0.7526723742485046,7.021294713020325,0.7281715869903564,0.0,3.3651273250579834,0.0,0.0,0.0,0.0,0.0,24.0,147.0,5.0,38.0,64.0,30.0,96.0
2020-10-21 18:00:00+00:00,4322604892.0,0.00235961,29.93357688,466194799.0,5.933752596378326,0.0,0.0,0.0,0.0,5.933752596378326,0.0,0.7284476161003113,0.0,0.0,0.0,0.0,0.0,0.7284476161003113,15.0,117.0,5.0,48.0,54.0,28.0,119.0
2020-10-21 20:00:00+00:00,4333656823.0,0.00232302,30.01011031,477046356.0,2.2258487343788147,0.708891749382019,0.0,0.0,0.0,0.7190088033676147,0.7979481816291809,0.0,1.4552509784698486,0.0,0.0,0.0,0.0,0.0,10.0,107.0,4.0,33.0,213.0,26.0,76.0
2020-10-21 22:00:00+00:00,4299323300.0,0.00232167,29.77235434,510855830.0,0.8769521117210388,0.8178909420967102,0.0,0.0,0.0,0.8769521117210388,0.0,0.9702558517456055,0.9702558517456055,0.0,0.0,0.0,0.0,0.0,5.0,69.0,0.0,36.0,711.0,96.0,65.0
2020-10-22 00:00:00+00:00,4376935381.0,0.00235169,30.3098097,500131167.0,1.7339957356452942,0.0,0.0,0.8489047884941101,0.0,0.8850909471511841,0.0,0.0,0.0,0.0,0.0,0.0,0.0,0.0,3.0,62.0,2.0,28.0,61.0,26.0,55.0
2020-10-22 02:00:00+00:00,4347258975.0,0.00235483,30.10430377,482876468.0,0.0,0.0,0.0,0.0,0.0,0.0,0.0,2.2842225432395935,1.6136234998703003,0.0,0.0,0.0,1.578880786895752,0.0,6.0,333.0,3.0,26.0,108.0,39.0,90.0
2020-10-22 04:00:00+00:00,4361619758.0,0.0023661,30.20375065,470037525.0,1.5771613121032715,0.0,0.0,0.0,0.0,0.7149441242218018,0.8622171878814697,0.8101733326911926,0.8585787415504456,0.0,0.0,0.0,0.8101733326911926,0.0,9.0,486.0,3.0,15.0,95.0,21.0,104.0
2020-10-22 06:00:00+00:00,4467912834.0,0.00242615,30.93981885,527348805.0,3.1773707270622253,0.0,0.0,0.0,1.6060394644737244,0.7741199731826782,0.7972112894058228,0.0,0.7341687679290771,0.0,0.0,0.0,0.0,0.0,13.0,708.0,2.0,20.0,88.0,19.0,99.0
2020-10-22 08:00:00+00:00,4436677830.0,0.00238872,30.72351978,550666906.0,0.9078323841094971,0.9078323841094971,0.0,0.0,0.0,0.0,0.0,2.578236997127533,0.0,0.0,0.0,0.0,2.578236997127533,0.0,11.0,736.0,4.0,26.0,159.0,42.0,117.0
2020-10-22 10:00:00+00:00,4490243936.0,0.00240071,31.09445934,580413184.0,1.6685531735420227,0.0,0.0,0.0,0.0,0.9293598532676697,0.739193320274353,0.0,0.0,0.0,0.0,0.0,0.0,0.0,10.0,650.0,2.0,25.0,167.0,29.0,81.0
2020-10-22 12:00:00+00:00,4499299906.0,0.00240876,31.15717096,593814626.0,2.5965428352355957,0.0,0.0,0.0,0.0,1.6863886713981628,0.9101541638374329,3.4124752283096313,0.0,0.0,1.7932471632957458,0.0,0.7309532165527344,0.8882748484611511,13.0,427.0,4.0,39.0,131.0,26.0,133.0
2020-10-22 14:00:00+00:00,4468095300.0,0.00239337,30.9410824,574249704.0,2.9890002012252808,0.7346595525741577,0.0,0.0,0.0,0.0,2.9890002012252808,0.0,4.027625679969788,0.0,0.0,0.0,0.0,0.0,11.0,161.0,5.0,44.0,148.0,29.0,123.0
2020-10-22 16:00:00+00:00,4461164982.0,0.0023661,30.89309069,562268907.0,1.7147247791290283,0.0,0.0,0.0,0.0,0.0,1.7147247791290283,1.565755546092987,0.8061558604240417,0.0,0.0,0.0,0.8302472829818726,0.7355082631111145,10.0,122.0,4.0,38.0,159.0,33.0,91.0
2020-10-22 18:00:00+00:00,4425023039.0,0.00234147,30.64281159,565157708.0,4.128341615200043,0.0,0.0,0.0,0.0,2.54036283493042,1.5879787802696228,0.7089109420776367,0.0,0.0,0.0,0.0,0.0,0.7089109420776367,12.0,113.0,4.0,44.0,134.0,35.0,83.0
2020-10-22 20:00:00+00:00,4447179978.0,0.00235783,30.79624603,563411006.0,0.0,0.0,0.0,0.0,0.0,0.0,0.0,0.0,0.0,0.0,0.0,0.0,0.0,0.0,3.0,65.0,3.0,40.0,136.0,39.0,53.0
2020-10-22 22:00:00+00:00,4427243882.0,0.00236453,30.6581907,530907796.0,0.0,0.0,0.0,0.0,0.0,0.0,0.0,0.724288821220398,0.724288821220398,0.0,0.0,0.0,0.0,0.0,8.0,62.0,5.0,29.0,161.0,39.0,55.0
2020-10-23 00:00:00+00:00,4419051282.0,0.00237,30.60145782,532377426.0,0.857097327709198,1.8362387418746948,0.0,0.0,0.0,0.0,0.0,0.0,0.9424216151237488,0.0,0.0,0.0,0.0,0.0,3.0,74.0,1.0,12.0,27.0,13.0,34.0
2020-10-23 02:00:00+00:00,4443607411.0,0.00237503,30.77150638,531942779.0,1.6505470275878906,0.8976932168006897,0.0,0.0,0.0,0.7528538107872009,0.0,0.0,0.0,0.0,0.0,0.0,0.0,0.0,9.0,133.0,6.0,19.0,48.0,33.0,59.0
2020-10-23 04:00:00+00:00,4442098352.0,0.00237015,30.76105631,656398425.0,0.0,1.4553841352462769,0.0,0.0,0.0,0.0,0.0,0.0,0.0,0.0,0.0,0.0,0.0,0.0,3.0,505.0,4.0,11.0,18.0,9.0,38.0
2020-10-23 06:00:00+00:00,4439588204.0,0.00238655,30.74367381,607573327.0,0.0,0.0,0.0,0.0,0.0,0.0,0.0,0.0,0.0,0.0,0.0,0.0,0.0,0.0,7.0,575.0,1.0,26.0,32.0,53.0,49.0
2020-10-23 08:00:00+00:00,4468388607.0,0.00238999,30.94311352,586979836.0,3.325319230556488,0.0,0.0,2.452398896217346,0.0,0.8729203343391418,0.0,1.492480218410492,0.7462202310562134,0.0,0.7619742155075073,0.0,0.0,0.7305060029029846,9.0,474.0,1.0,32.0,73.0,13.0,51.0
2020-10-23 10:00:00+00:00,4476623925.0,0.00238787,31.00014221,561434199.0,3.3775599598884583,0.0,0.0,0.0,0.0,1.6818200945854187,1.6957398653030396,0.7973054051399231,0.7686133980751038,0.0,0.0,0.0,0.0,0.7973054051399231,7.0,466.0,4.0,28.0,15.0,25.0,57.0
2020-10-23 12:00:00+00:00,4479199858.0,0.00239362,31.01798028,523364569.0,3.4503772854804993,0.0,0.0,0.0,0.0,1.8056907653808594,1.64468652009964,0.7214598655700684,0.8844670057296753,0.0,0.0,0.0,0.7214598655700684,0.0,22.0,665.0,1.0,46.0,19.0,16.0,71.0
2020-10-23 14:00:00+00:00,4435271873.0,0.00237671,30.71378368,526747820.0,3.214444875717163,0.8316452503204346,0.0,0.0,0.0,3.214444875717163,0.0,0.0,0.7168974280357361,0.0,0.0,0.0,0.0,0.0,10.0,275.0,2.0,55.0,24.0,21.0,71.0
2020-10-23 16:00:00+00:00,4372935854.0,0.00236623,30.28211341,539468392.0,9.060896098613739,0.8166376352310181,0.0,0.0,0.0,7.3946115374565125,0.8496469259262085,0.0,0.811340868473053,0.0,0.0,0.0,0.0,0.0,20.0,108.0,4.0,34.0,2.0,28.0,52.0
2020-10-23 18:00:00+00:00,4390588006.0,0.00235592,30.40435267,529267354.0,0.7666042447090149,0.0,0.0,0.0,0.0,0.0,0.7666042447090149,0.0,1.4878389835357666,0.0,0.0,0.0,0.0,0.0,4.0,103.0,2.0,17.0,0.0,19.0,52.0
2020-10-23 20:00:00+00:00,4409466271.0,0.00236476,30.53508264,518404350.0,0.8408403396606445,0.0,0.0,0.0,0.0,0.8408403396606445,0.0,1.9479543566703796,0.0,0.0,0.9576534032821655,0.0,0.9903009533882141,0.0,4.0,78.0,3.0,31.0,1.0,22.0,41.0
2020-10-23 22:00:00+00:00,4423744907.0,0.00236893,30.63396067,514504830.0,0.7770360708236694,0.0,0.0,0.0,0.0,0.0,0.7770360708236694,0.0,0.0,0.0,0.0,0.0,0.0,0.0,2.0,55.0,4.0,25.0,13.0,12.0,28.0
2020-10-24 00:00:00+00:00,4433742221.0,0.00236822,30.703191,511698909.0,0.775884211063385,0.0,0.0,0.0,0.0,0.775884211063385,0.0,0.0,0.0,0.0,0.0,0.0,0.0,0.0,3.0,47.0,5.0,19.0,12.0,10.0,19.0
2020-10-24 02:00:00+00:00,4429649329.0,0.00236542,30.67484816,485852292.0,4.839195966720581,0.0,0.0,0.0,0.0,3.9999589323997498,0.8392370343208313,0.0,0.0,0.0,0.0,0.0,0.0,0.0,8.0,474.0,1.0,21.0,27.0,8.0,37.0
2020-10-24 04:00:00+00:00,4429483203.0,0.00236694,30.67369775,499754745.0,1.4878312349319458,0.9178202152252197,0.0,0.0,0.7788072824478149,0.0,0.7090239524841309,0.0,0.0,0.0,0.0,0.0,0.0,0.0,3.0,515.0,8.0,20.0,14.0,6.0,38.0
2020-10-24 06:00:00+00:00,4416483073.0,0.00236371,30.58367325,483972378.0,0.9598463177680969,0.0,0.0,0.0,0.0,0.0,0.9598463177680969,0.0,0.0,0.0,0.0,0.0,0.0,0.0,5.0,591.0,1.0,15.0,0.0,3.0,53.0
2020-10-24 08:00:00+00:00,4418647559.0,0.00236279,30.59866208,479848224.0,3.118782639503479,1.5722033381462097,0.0,0.0,0.7946742177009583,0.0,0.751905083656311,0.8042668104171753,0.8042668104171753,0.0,0.0,0.0,0.0,0.0,10.0,593.0,2.0,18.0,34.0,7.0,65.0
2020-10-24 10:00:00+00:00,4432384176.0,0.002363,30.69378668,462587661.0,0.9081082344055176,0.0,0.0,0.0,0.0,0.0,0.9081082344055176,0.0,0.0,0.0,0.0,0.0,0.0,0.0,5.0,388.0,3.0,22.0,14.0,17.0,40.0
2020-10-24 12:00:00+00:00,4425648208.0,0.0023597,30.64714082,444506272.0,3.2230464816093445,0.7114867568016052,0.0,0.0,0.0,1.7255803346633911,0.7859793901443481,0.7067815661430359,1.4730506539344788,0.0,0.0,0.0,0.0,0.0,20.0,150.0,6.0,27.0,9.0,16.0,62.0
2020-10-24 14:00:00+00:00,4439326432.0,0.00234103,30.74186106,422001794.0,6.038804590702057,2.703692615032196,0.0,0.0,0.0,1.5763623714447021,1.7587496042251587,0.7406352758407593,0.7406352758407593,0.0,0.0,0.0,0.0,0.0,24.0,96.0,1.0,34.0,55.0,14.0,56.0
2020-10-24 16:00:00+00:00,4436137636.0,0.00234101,30.719778990000002,401944209.0,4.002877771854401,4.443280935287476,0.0,0.0,0.0,2.5163272619247437,0.7355682849884033,0.8477714657783508,2.394593358039856,0.0,0.0,0.0,0.0,0.0,15.0,94.0,3.0,25.0,38.0,10.0,38.0
2020-10-24 18:00:00+00:00,4425446685.0,0.00233603,30.6457453,400610094.0,0.8070258498191833,2.6873785257339478,0.0,0.0,0.0,0.8070258498191833,0.0,0.8093366622924805,0.0,0.8093366622924805,0.0,0.0,0.0,0.0,12.0,71.0,7.0,43.0,16.0,9.0,64.0
2020-10-24 20:00:00+00:00,4405436839.0,0.00233485,30.50717925,401492890.0,0.7432605028152466,0.0,0.0,0.0,0.0,0.7432605028152466,0.0,0.0,0.0,0.0,0.0,0.0,0.0,0.0,6.0,88.0,1.0,39.0,18.0,11.0,22.0
2020-10-24 22:00:00+00:00,4417226481.0,0.00233359,30.58882127,407454460.0,3.304377257823944,0.0,0.0,0.0,0.0,3.304377257823944,0.0,0.0,0.0,0.0,0.0,0.0,0.0,0.0,9.0,46.0,1.0,26.0,19.0,3.0,29.0
2020-10-25 00:00:00+00:00,4431104761.0,0.00233606,30.684926869999998,417287729.0,0.0,0.0,0.0,0.0,0.0,0.0,0.0,1.5552851557731628,0.0,0.0,0.0,0.0,1.5552851557731628,0.0,6.0,37.0,1.0,24.0,26.0,6.0,38.0
2020-10-25 02:00:00+00:00,4441521648.0,0.00231218,30.7570627,432666593.0,2.4145015478134155,0.8304185271263123,0.0,0.0,0.0,1.5840830206871033,0.0,0.0,0.0,0.0,0.0,0.0,0.0,0.0,4.0,122.0,1.0,18.0,36.0,7.0,35.0
2020-10-25 04:00:00+00:00,4405036317.0,0.00235268,30.50440568,437471823.0,0.8037745952606201,1.5402672290802002,0.0,0.0,0.0,0.8037745952606201,0.0,0.8714351654052734,0.0,0.0,0.0,0.0,0.8714351654052734,0.0,7.0,596.0,3.0,23.0,82.0,17.0,71.0
2020-10-25 06:00:00+00:00,4414899642.0,0.00234552,30.57270815,439585391.0,1.5147110223770142,0.7135401964187622,0.0,0.801170825958252,0.0,0.0,0.0,0.0,0.0,0.0,0.0,0.0,0.0,0.0,10.0,457.0,6.0,24.0,41.0,4.0,54.0
2020-10-25 08:00:00+00:00,4379256660.0,0.00233152,30.32588432,435925666.0,0.0,1.7366663217544556,0.0,0.0,0.0,0.0,0.0,0.0,0.0,0.0,0.0,0.0,0.0,0.0,9.0,531.0,3.0,24.0,12.0,8.0,36.0
2020-10-25 10:00:00+00:00,4336255156.0,0.00231754,30.02810349,449314290.0,8.668365597724915,2.559335231781006,0.0,0.0,0.0,7.82140326499939,0.0,0.9461588859558105,0.0,0.0,0.0,0.0,0.9461588859558105,0.0,23.0,663.0,2.0,13.0,64.0,5.0,62.0
2020-10-25 12:00:00+00:00,4350631433.0,0.00231778,30.12765767,457449510.0,3.12816059589386,3.2043750286102295,0.0,0.0,0.0,0.7715266346931458,2.356633961200714,0.9592620730400085,1.609849750995636,0.0,0.9592620730400085,0.0,0.0,0.0,7.0,442.0,1.0,35.0,3.0,14.0,66.0
2020-10-25 14:00:00+00:00,4334383761.0,0.00231647,30.01514428,444638047.0,4.9403504729270935,0.0,0.0,0.0,0.0,4.028245687484741,0.9121047854423523,4.06387197971344,0.0,0.0,0.0,0.0,4.06387197971344,0.0,16.0,84.0,0.0,46.0,2.0,15.0,106.0
2020-10-25 16:00:00+00:00,4360125530.0,0.00232002,30.19340328,424832456.0,13.889836311340332,0.0,0.0,0.0,0.0,12.07804387807846,1.8117924332618713,1.6687797904014587,0.0,0.0,0.8220688700675964,0.0,0.0,0.8467109203338623,25.0,76.0,1.0,24.0,14.0,24.0,77.0
2020-10-25 18:00:00+00:00,4364918262.0,0.00231838,30.22659244,413337939.0,7.191005289554596,0.0,0.0,0.0,0.0,7.191005289554596,0.0,0.7714149355888367,0.9223246574401855,0.0,0.0,0.0,0.7714149355888367,0.0,20.0,61.0,2.0,46.0,33.0,16.0,56.0
2020-10-25 20:00:00+00:00,4356609266.0,0.00231505,30.16905353,408672453.0,0.7105977535247803,0.0,0.0,0.0,0.0,0.7105977535247803,0.0,0.7495831251144409,0.0,0.0,0.0,0.0,0.7495831251144409,0.0,6.0,65.0,1.0,37.0,26.0,13.0,56.0
2020-10-25 22:00:00+00:00,4347726477.0,0.00231042,30.10754117,391997739.0,3.8594881296157837,0.0,0.0,0.0,0.0,2.309338688850403,1.5501494407653809,0.0,0.0,0.0,0.0,0.0,0.0,0.0,11.0,53.0,3.0,27.0,19.0,10.0,54.0
2020-10-26 00:00:00+00:00,4373079605.0,0.00231616,30.28310887,390948046.0,1.6456308364868164,0.0,0.0,0.0,0.0,1.6456308364868164,0.0,0.0,0.0,0.0,0.0,0.0,0.0,0.0,6.0,50.0,6.0,26.0,122.0,9.0,31.0
2020-10-26 02:00:00+00:00,4388392586.0,0.00232059,30.38914962,384890621.0,1.646023452281952,0.8573175668716431,0.0,0.0,0.0,1.646023452281952,0.0,0.0,1.776731789112091,0.0,0.0,0.0,0.0,0.0,4.0,287.0,2.0,18.0,8.0,7.0,61.0
2020-10-26 04:00:00+00:00,4388932400.0,0.00231887,30.39288778,364033746.0,0.7167072296142578,0.0,0.0,0.0,0.0,0.0,0.7167072296142578,0.0,0.0,0.0,0.0,0.0,0.0,0.0,3.0,493.0,2.0,20.0,22.0,4.0,50.0
2020-10-26 06:00:00+00:00,4426005888.0,0.00234919,30.64961772,365325155.0,0.7531397342681885,0.7531397342681885,0.0,0.0,0.0,0.0,0.0,0.0,0.0,0.0,0.0,0.0,0.0,0.0,8.0,486.0,2.0,20.0,20.0,9.0,72.0
2020-10-26 08:00:00+00:00,4471133045.0,0.00236506,30.96211846,410256032.0,6.504778444766998,3.4462051391601562,0.0,0.0,0.8321816921234131,5.672596752643585,0.0,0.0,0.7583605647087097,0.0,0.0,0.0,0.0,0.0,14.0,546.0,7.0,26.0,69.0,17.0,71.0
2020-10-26 10:00:00+00:00,4461424041.0,0.00235319,30.89488465,413269663.0,7.239241302013397,3.8398839831352234,0.0,0.0,0.0,7.239241302013397,0.0,0.0,0.0,0.0,0.0,0.0,0.0,0.0,15.0,569.0,1.0,27.0,2.0,23.0,84.0
2020-10-26 12:00:00+00:00,4500148594.0,0.00236197,31.16304803,481629091.0,6.715276718139648,0.0,0.0,0.0,0.0,5.2049092054367065,1.510367512702942,0.0,0.0,0.0,0.0,0.0,0.0,0.0,17.0,527.0,4.0,25.0,21.0,14.0,100.0
2020-10-26 14:00:00+00:00,4418973192.0,0.00235516,30.60091705,520493934.0,2.4491043090820312,0.0,0.0,0.0,0.0,0.0,2.4491043090820312,0.836754560470581,0.0,0.0,0.0,0.0,0.0,0.836754560470581,17.0,84.0,6.0,32.0,34.0,19.0,116.0
2020-10-26 16:00:00+00:00,4398797954.0,0.00236816,30.46120569,563933493.0,1.473034143447876,0.8758237957954407,0.0,0.0,0.0,1.473034143447876,0.0,0.8452941179275513,0.0,0.0,0.0,0.0,0.0,0.8452941179275513,8.0,103.0,1.0,32.0,52.0,25.0,90.0
2020-10-26 18:00:00+00:00,4491217595.0,0.00239294,31.10120182,599071817.0,0.0,0.0,0.0,0.0,0.0,0.0,0.0,0.0,0.0,0.0,0.0,0.0,0.0,0.0,8.0,97.0,8.0,33.0,16.0,12.0,68.0
2020-10-26 20:00:00+00:00,4500041607.0,0.00239155,31.16230716,613635149.0,1.7518641948699951,0.949596107006073,0.0,0.0,0.0,0.8299813270568848,0.9218828678131104,0.0,0.0,0.0,0.0,0.0,0.0,0.0,8.0,67.0,7.0,32.0,46.0,25.0,39.0
2020-10-26 22:00:00+00:00,4498922939.0,0.00238271,31.1545605,624224136.0,0.0,0.0,0.0,0.0,0.0,0.0,0.0,1.5405536890029907,1.5405536890029907,0.0,0.0,0.0,0.0,0.0,9.0,68.0,1.0,22.0,48.0,10.0,41.0
2020-10-27 00:00:00+00:00,4545464329.0,0.00240296,31.47685466,657706004.0,0.7238757014274597,0.0,0.0,0.0,0.0,0.0,0.7238757014274597,0.0,0.9035933613777161,0.0,0.0,0.0,0.0,0.0,2.0,103.0,0.0,36.0,7.0,11.0,29.0
2020-10-27 02:00:00+00:00,4537133966.0,0.00240056,31.41916779,697970463.0,0.7696822285652161,1.8176336288452148,0.0,0.0,0.0,0.0,0.7696822285652161,0.8313360810279846,0.8313360810279846,0.0,0.0,0.0,0.0,0.0,6.0,297.0,5.0,22.0,11.0,11.0,74.0
2020-10-27 04:00:00+00:00,4543452100.0,0.00240253,31.46292018,694355992.0,0.7423567771911621,0.0,0.0,0.0,0.0,0.7423567771911621,0.0,0.7160186171531677,0.0,0.0,0.0,0.0,0.0,0.7160186171531677,6.0,720.0,6.0,13.0,10.0,6.0,71.0
2020-10-27 06:00:00+00:00,4566397046.0,0.00240467,31.62181148,685313734.0,2.360957980155945,0.0,0.0,0.0,0.0,0.0,2.360957980155945,0.0,0.7920277714729309,0.0,0.0,0.0,0.0,0.0,7.0,639.0,10.0,19.0,11.0,13.0,52.0
2020-10-27 08:00:00+00:00,4519355979.0,0.00238232,31.29605713,676180081.0,10.069217920303345,1.6781483888626099,0.0,0.0,0.0,9.278798997402191,0.7904189229011536,0.0,0.0,0.0,0.0,0.0,0.0,0.0,23.0,487.0,4.0,22.0,85.0,7.0,70.0
2020-10-27 10:00:00+00:00,4520446976.0,0.00233096,31.30361216,688655249.0,2.3993836641311646,0.0,0.0,0.788820743560791,0.0,0.8085775375366211,0.8019853830337524,0.0,2.4859503507614136,0.0,0.0,0.0,0.0,0.0,9.0,741.0,3.0,23.0,332.0,42.0,76.0
2020-10-27 12:00:00+00:00,4607671899.0,0.00238575,31.90763543,673825868.0,3.4487967491149902,1.6218371987342834,0.0,0.0,0.0,0.843352198600769,2.605444550514221,2.719139337539673,0.7761455178260803,0.0,0.0,0.8625389933586121,1.8566003441810608,0.0,15.0,139.0,7.0,42.0,52.0,31.0,89.0
2020-10-27 14:00:00+00:00,4620678547.0,0.00235482,31.99770508,700514571.0,0.0,2.321975350379944,0.0,0.0,0.0,0.0,0.0,0.0,0.0,0.0,0.0,0.0,0.0,0.0,5.0,119.0,0.0,39.0,93.0,27.0,94.0
2020-10-27 16:00:00+00:00,4618150504.0,0.00233708,31.98019865,694099415.0,0.9224592447280884,0.8288158774375916,0.0,0.0,0.0,0.0,0.9224592447280884,0.0,2.503268241882324,0.0,0.0,0.0,0.0,0.0,6.0,128.0,6.0,64.0,45.0,22.0,99.0
2020-10-27 18:00:00+00:00,4603721966.0,0.00233517,31.88028257,691261702.0,0.7041569948196411,0.0,0.0,0.0,0.0,0.7041569948196411,0.0,1.4092460870742798,0.7054752111434937,0.0,0.0,0.0,0.0,0.7037708759307861,10.0,77.0,7.0,52.0,92.0,28.0,67.0
2020-10-27 20:00:00+00:00,4557206238.0,0.00230499,31.55816612,691348453.0,0.7405380606651306,0.0,0.0,0.0,0.0,0.7405380606651306,0.0,0.8660019040107727,1.7659128308296204,0.0,0.0,0.0,0.0,0.0,4.0,69.0,2.0,50.0,104.0,10.0,62.0
2020-10-27 22:00:00+00:00,4568839011.0,0.00231714,31.63872183,715978374.0,0.7931897640228271,0.0,0.0,0.0,0.0,0.0,0.7931897640228271,0.0,0.0,0.0,0.0,0.0,0.0,0.0,4.0,43.0,3.0,39.0,82.0,21.0,40.0
2020-10-28 00:00:00+00:00,4595153068.0,0.00231904,31.82094386,685288756.0,0.0,0.0,0.0,0.0,0.0,0.0,0.0,0.0,0.0,0.0,0.0,0.0,0.0,0.0,4.0,55.0,0.0,20.0,5.0,8.0,50.0
2020-10-28 02:00:00+00:00,4572679566.0,0.00229629,31.66531726,686846161.0,0.7840953469276428,0.0,0.0,0.0,0.0,0.0,0.7840953469276428,0.7068383097648621,0.0,0.0,0.0,0.0,0.7068383097648621,0.0,5.0,258.0,4.0,36.0,23.0,3.0,52.0
2020-10-28 04:00:00+00:00,4560690932.0,0.00230101,31.58229725,697304998.0,0.9107196927070618,0.0,0.0,0.0,0.0,0.9107196927070618,0.0,0.9452552795410156,0.8921706080436707,0.0,0.0,0.0,0.0,0.9452552795410156,3.0,662.0,4.0,22.0,27.0,9.0,84.0
2020-10-28 06:00:00+00:00,4503952249.0,0.00228371,31.18938794,715445526.0,1.6252551674842834,0.7569831609725952,0.0,0.0,0.0,0.8682720065116882,0.0,1.5424348711967468,0.0,0.0,0.0,0.7740769386291504,0.0,0.7683579325675964,6.0,596.0,5.0,28.0,19.0,13.0,92.0
2020-10-28 08:00:00+00:00,4479649051.0,0.00227846,31.02109089,685808447.0,2.5439282655715942,1.5529872179031372,0.0,0.0,0.0,0.9150400757789612,0.8704009652137756,0.7464653849601746,0.0,0.0,0.0,0.0,0.0,0.7464653849601746,7.0,494.0,3.0,25.0,62.0,11.0,89.0
2020-10-28 10:00:00+00:00,4430636937.0,0.00230047,30.68168724,687722684.0,2.6121556758880615,0.9467840790748596,0.0,0.0,0.0,2.6121556758880615,0.0,1.6555659174919128,0.0,0.0,0.0,0.0,1.6555659174919128,0.0,10.0,462.0,2.0,28.0,67.0,19.0,108.0
2020-10-28 12:00:00+00:00,4378041432.0,0.00230504,30.31746899,667176112.0,2.397854804992676,1.5277884006500244,0.0,0.0,0.0,1.6253670454025269,0.0,0.0,0.0,0.0,0.0,0.0,0.0,0.0,9.0,453.0,5.0,31.0,81.0,36.0,105.0
2020-10-28 14:00:00+00:00,4401752019.0,0.00230572,30.48166227,655458715.0,0.7873483896255493,0.0,0.0,0.0,0.0,0.0,0.7873483896255493,0.8379913568496704,0.0,0.0,0.0,0.0,0.0,0.8379913568496704,6.0,184.0,3.0,35.0,98.0,15.0,99.0
2020-10-28 16:00:00+00:00,4392637846.0,0.00230513,30.4185476,624784777.0,0.8426483273506165,0.0,0.0,0.0,0.0,0.8426483273506165,0.0,0.0,0.0,0.0,0.0,0.0,0.0,0.0,5.0,117.0,1.0,41.0,34.0,15.0,125.0
2020-10-28 18:00:00+00:00,4367904841.0,0.00229855,30.24727418,608446543.0,0.7203129529953003,0.0,0.0,0.0,0.0,0.7203129529953003,0.0,0.0,0.0,0.0,0.0,0.0,0.0,0.0,11.0,108.0,1.0,35.0,25.0,11.0,92.0
2020-10-28 20:00:00+00:00,4371051394.0,0.00229403,30.26906372,603998204.0,6.137183725833893,0.7727239727973938,0.0,1.802895724773407,0.0,1.6587238311767578,2.675564169883728,0.0,0.0,0.0,0.0,0.0,0.0,0.0,10.0,96.0,3.0,23.0,17.0,11.0,60.0
2020-10-28 22:00:00+00:00,4384689479.0,0.00228791,30.363506,477279858.0,4.193441987037659,0.0,0.0,0.9169095754623413,0.0,0.9092233180999756,2.367309093475342,0.0,0.9629150032997131,0.0,0.0,0.0,0.0,0.0,8.0,102.0,2.0,30.0,64.0,14.0,51.0
2020-10-29 00:00:00+00:00,4383487738.0,0.00228651,30.35518408,475404612.0,0.0,0.0,0.0,0.0,0.0,0.0,0.0,0.0,1.759551763534546,0.0,0.0,0.0,0.0,0.0,4.0,73.0,1.0,16.0,13.0,8.0,45.0
2020-10-29 02:00:00+00:00,4369267184.0,0.0022815,30.25670826,462370004.0,1.480324923992157,0.7713009715080261,0.0,0.0,0.0,0.0,0.7090239524841309,0.0,0.0,0.0,0.0,0.0,0.0,0.0,4.0,81.0,1.0,17.0,32.0,20.0,39.0
2020-10-29 04:00:00+00:00,4388936790.0,0.00228942,30.39291818,457144608.0,0.7954700589179993,0.0,0.0,0.0,0.0,0.7954700589179993,0.0,0.0,0.0,0.0,0.0,0.0,0.0,0.0,2.0,378.0,0.0,24.0,26.0,17.0,42.0
2020-10-29 06:00:00+00:00,4337466773.0,0.00228635,30.03649381,444080685.0,2.543793559074402,0.0,0.0,0.0,0.0,0.8732581734657288,1.670535385608673,0.0,0.7068859934806824,0.0,0.0,0.0,0.0,0.0,6.0,736.0,3.0,23.0,18.0,6.0,64.0
2020-10-29 08:00:00+00:00,4358557037.0,0.00229146,30.18254164,428896229.0,13.540907859802246,0.0,0.0,0.0,0.744585394859314,10.523449957370758,2.272872507572174,0.7702312469482422,0.0,0.7702312469482422,0.0,0.0,0.0,0.0,21.0,517.0,13.0,15.0,7.0,4.0,55.0
2020-10-29 10:00:00+00:00,4318674251.0,0.00228559,29.90635761,409926784.0,39.51149755716324,0.0,0.0,0.0,0.0,38.735005617141724,0.7764919400215149,0.0,0.0,0.0,0.0,0.0,0.0,0.0,55.0,803.0,1.0,32.0,0.0,8.0,60.0
2020-10-29 12:00:00+00:00,4358009728.0,0.00228201,30.17875158,412438648.0,17.370717406272888,0.9877865314483643,0.0,0.0,0.0,17.370717406272888,0.0,0.7709362506866455,0.0,0.0,0.7709362506866455,0.0,0.0,0.0,26.0,577.0,0.0,25.0,0.0,27.0,81.0
2020-10-29 14:00:00+00:00,4357336198.0,0.00224678,30.17408746,399032465.0,18.245230197906494,0.9051584601402283,0.0,0.0,0.0,18.245230197906494,0.0,0.0,0.0,0.0,0.0,0.0,0.0,0.0,33.0,170.0,2.0,38.0,1.0,18.0,71.0
2020-10-29 16:00:00+00:00,4360535393.0,0.00222395,30.19624154,400488919.0,0.7136587500572205,0.0,0.0,0.0,0.0,0.0,0.7136587500572205,0.0,1.6186792254447937,0.0,0.0,0.0,0.0,0.0,11.0,171.0,1.0,28.0,11.0,27.0,79.0
2020-10-29 18:00:00+00:00,4317860595.0,0.00221415,29.90072313,410082447.0,3.7241170406341553,0.0,0.0,0.0,0.0,2.2538642287254333,1.470252811908722,0.0,0.7817127704620361,0.0,0.0,0.0,0.0,0.0,13.0,207.0,2.0,33.0,55.0,13.0,64.0
2020-10-29 20:00:00+00:00,4303437499.0,0.00220397,29.80084473,405983301.0,2.487218141555786,0.739273190498352,0.0,0.0,0.0,1.6416435837745667,0.8455745577812195,1.430648922920227,4.764452934265137,0.0,0.0,0.0,0.7057210803031921,0.0,11.0,76.0,6.0,21.0,98.0,22.0,33.0
2020-10-29 22:00:00+00:00,4309449684.0,0.00222077,29.84247846,426303252.0,3.4275283217430115,0.0,0.0,0.8630724549293518,0.0,0.0,2.5644558668136597,1.6649731397628784,0.0,0.0,0.9514911770820618,0.0,0.7134819626808167,0.0,13.0,90.0,4.0,25.0,105.0,23.0,34.0
2020-10-30 00:00:00+00:00,4293997282.0,0.00219227,29.73547223,450983644.0,1.7244274616241455,0.0,0.0,0.0,0.0,0.0,1.7244274616241455,0.7887114882469177,0.0,0.0,0.7887114882469177,0.0,0.0,0.0,3.0,85.0,0.0,21.0,40.0,19.0,27.0
2020-10-30 02:00:00+00:00,4179579495.0,0.00215683,28.94314129,469548358.0,0.0,0.0,0.0,0.0,0.0,0.0,0.0,0.9740908145904541,0.0,0.0,0.0,0.0,0.9740908145904541,0.0,4.0,384.0,4.0,21.0,12.0,4.0,42.0
2020-10-30 04:00:00+00:00,4093462311.0,0.00214549,28.34678899,485343890.0,1.8102591633796692,0.9011682868003845,0.0,0.0,0.0,0.8641810417175293,0.9460781216621399,0.8288456201553345,0.0,0.0,0.8288456201553345,0.0,0.0,0.0,6.0,562.0,5.0,22.0,39.0,11.0,29.0
2020-10-30 06:00:00+00:00,4062327782.0,0.00213047,28.13118571,516096470.0,0.7271572947502136,0.0,0.0,0.0,0.0,0.7271572947502136,0.0,0.0,2.3890340328216553,0.0,0.0,0.0,0.0,0.0,6.0,448.0,1.0,16.0,24.0,7.0,46.0
2020-10-30 08:00:00+00:00,4038928476.0,0.00210711,27.96914801,537551157.0,1.651976227760315,0.0,0.0,0.0,1.651976227760315,0.0,0.0,1.5973049998283386,0.0,0.0,0.797855794429779,0.0,0.7994492053985596,0.0,10.0,395.0,3.0,17.0,39.0,15.0,48.0
2020-10-30 10:00:00+00:00,4066054391.0,0.00210879,28.15699208,562294919.0,0.7404310703277588,0.7716475129127502,0.0,0.7404310703277588,0.0,0.0,0.0,0.0,0.7306655645370483,0.0,0.0,0.0,0.0,0.0,2.0,223.0,2.0,11.0,13.0,4.0,44.0
2020-10-30 12:00:00+00:00,4092127168.0,0.00213698,28.33754327,574909087.0,3.99339759349823,1.6007412672042847,0.0,0.0,0.0,3.99339759349823,0.0,0.9703984260559082,0.0,0.0,0.9703984260559082,0.0,0.0,0.0,11.0,582.0,2.0,28.0,10.0,15.0,52.0
2020-10-30 14:00:00+00:00,4113355138.0,0.0021083,28.48454469,567032921.0,16.484843611717224,0.8200704455375671,0.0,0.0,0.0,14.863346874713898,1.6214967370033264,0.9820885062217712,0.0,0.0,0.9820885062217712,0.0,0.0,0.0,23.0,246.0,5.0,26.0,28.0,17.0,93.0
2020-10-30 16:00:00+00:00,4129257286.0,0.00211638,28.59466537,567616304.0,4.1572630405426025,3.4090232849121094,0.0,0.0,0.0,2.535567820072174,1.6216952204704285,0.8119271397590637,1.6975815892219543,0.0,0.0,0.0,0.0,0.0,12.0,107.0,1.0,40.0,30.0,15.0,62.0
2020-10-30 18:00:00+00:00,4110191012.0,0.00210586,28.46263346,545935983.0,1.6879647970199585,0.0,0.0,0.0,0.0,0.0,1.6879647970199585,0.7644627690315247,2.2406070232391357,0.0,0.0,0.0,0.0,0.0,6.0,74.0,1.0,32.0,26.0,10.0,63.0
2020-10-30 20:00:00+00:00,4120778543.0,0.00210522,28.53595098,547485072.0,4.102804183959961,0.9547284841537476,0.0,0.0,0.0,3.284863293170929,0.817940890789032,0.0,0.0,0.0,0.0,0.0,0.0,0.0,9.0,56.0,4.0,32.0,154.0,27.0,39.0
2020-10-30 22:00:00+00:00,4116801767.0,0.00210448,28.50841223,531974962.0,2.304756820201874,0.0,0.0,0.0,0.0,0.7736453413963318,1.531111478805542,0.0,0.0,0.0,0.0,0.0,0.0,0.0,8.0,40.0,1.0,29.0,57.0,5.0,47.0
2020-10-31 00:00:00+00:00,4142493808.0,0.00210486,28.68632687,514182709.0,0.8731281161308289,0.0,0.0,0.0,0.0,0.8731281161308289,0.0,0.0,0.0,0.0,0.0,0.0,0.0,0.0,2.0,50.0,3.0,17.0,12.0,15.0,24.0
2020-10-31 02:00:00+00:00,4118270204.0,0.00211539,28.518581,485953284.0,0.7859793901443481,0.0,0.0,0.0,0.0,0.0,0.7859793901443481,0.0,0.7694529891014099,0.0,0.0,0.0,0.0,0.0,3.0,508.0,2.0,36.0,35.0,7.0,24.0
2020-10-31 04:00:00+00:00,4085458419.0,0.00209898,28.2913629,463777753.0,0.0,0.0,0.0,0.0,0.0,0.0,0.0,0.8954762816429138,0.0,0.8954762816429138,0.0,0.0,0.0,0.0,4.0,591.0,1.0,10.0,20.0,4.0,36.0
2020-10-31 06:00:00+00:00,4095617627.0,0.00209026,28.36171432,412924466.0,0.8325127363204956,0.0,0.0,0.0,0.0,0.8325127363204956,0.0,0.0,0.0,0.0,0.0,0.0,0.0,0.0,2.0,455.0,0.0,11.0,15.0,5.0,46.0
2020-10-31 08:00:00+00:00,4147444188.0,0.00206895,28.72060772,405854951.0,1.5863879919052124,0.7285207509994507,0.0,0.0,0.0,1.5863879919052124,0.0,0.0,3.5715104937553406,0.0,0.0,0.0,0.0,0.0,7.0,471.0,10.0,15.0,18.0,10.0,43.0
2020-10-31 10:00:00+00:00,4133701291.0,0.00205552,28.62543963,392807616.0,2.242663562297821,1.716278076171875,0.0,1.4414024353027344,0.0,0.8012611269950867,0.0,0.0,0.0,0.0,0.0,0.0,0.0,0.0,4.0,428.0,1.0,23.0,21.0,14.0,32.0
2020-10-31 12:00:00+00:00,4150243857.0,0.00207497,28.73999513,364660220.0,4.974728107452393,0.7281990647315979,0.0,0.0,0.0,4.974728107452393,0.0,0.8496637940406799,2.4684271216392517,0.0,0.0,0.0,0.0,0.0,12.0,542.0,0.0,37.0,16.0,14.0,47.0
2020-10-31 14:00:00+00:00,4128538893.0,0.00206852,28.58969057,355152928.0,2.505411207675934,0.0,0.0,0.0,0.0,2.505411207675934,0.0,0.0,0.0,0.0,0.0,0.0,0.0,0.0,7.0,224.0,0.0,24.0,57.0,12.0,45.0
2020-10-31 16:00:00+00:00,4102157889.0,0.0020627,28.40700494,345132202.0,0.7711383700370789,0.8327808976173401,0.0,0.0,0.0,0.7711383700370789,0.0,1.5319931507110596,1.5704642534255981,0.0,0.7332621812820435,0.0,0.0,0.0,5.0,44.0,1.0,29.0,16.0,21.0,48.0
2020-10-31 18:00:00+00:00,4104295534.0,0.00206242,28.4218079,338081591.0,1.5994367599487305,0.0,0.0,0.0,0.0,0.0,1.5994367599487305,0.0,0.0,0.0,0.0,0.0,0.0,0.0,3.0,48.0,3.0,15.0,8.0,17.0,39.0
2020-10-31 20:00:00+00:00,4083914115.0,0.00204499,28.28066876,342323534.0,0.8508504629135132,0.0,0.0,0.0,0.0,0.0,0.8508504629135132,0.7178893685340881,0.8797253966331482,0.0,0.0,0.0,0.0,0.7178893685340881,4.0,34.0,2.0,14.0,33.0,15.0,34.0
2020-10-31 22:00:00+00:00,4105653935.0,0.00206307,28.43121469,360596998.0,0.9241090416908264,0.0,0.0,0.0,0.0,0.0,0.9241090416908264,0.8645756244659424,0.0,0.0,0.0,0.0,0.8645756244659424,0.0,3.0,26.0,1.0,16.0,64.0,6.0,33.0
2020-11-01 00:00:00+00:00,4126719927.0,0.00207766,28.57709443,366913967.0,0.0,0.0,0.0,0.0,0.0,0.0,0.0,0.0,0.989650547504425,0.0,0.0,0.0,0.0,0.0,4.0,34.0,2.0,12.0,18.0,6.0,25.0
2020-11-01 02:00:00+00:00,4104796383.0,0.00207568,28.42527623,359269346.0,0.0,0.0,0.0,0.0,0.0,0.0,0.0,0.8476687073707581,0.8175089359283447,0.0,0.0,0.0,0.0,0.8476687073707581,4.0,21.0,8.0,14.0,33.0,8.0,23.0
2020-11-01 04:00:00+00:00,4081381513.0,0.00206371,28.26313076,363259812.0,4.955951452255249,0.7145965695381165,0.0,0.0,0.0,4.241354882717133,0.0,0.9967279434204102,0.9967279434204102,0.0,0.0,0.0,0.0,0.0,11.0,46.0,2.0,19.0,8.0,43.0,35.0
2020-11-01 06:00:00+00:00,4102664006.0,0.00206037,28.41050975,362525341.0,0.879452109336853,0.0,0.0,0.0,0.0,0.0,0.879452109336853,0.0,0.860837996006012,0.0,0.0,0.0,0.0,0.0,2.0,77.0,3.0,11.0,27.0,20.0,42.0
2020-11-01 08:00:00+00:00,4093901609.0,0.00206735,28.34983109,345638897.0,0.0,0.0,0.0,0.0,0.0,0.0,0.0,1.6191102266311646,0.0,0.735300600528717,0.0,0.0,0.0,0.8838096261024475,7.0,96.0,1.0,19.0,2.0,12.0,46.0
2020-11-01 10:00:00+00:00,4065903268.0,0.00205955,28.15594557,328287031.0,0.776634931564331,0.7359791994094849,0.0,0.0,0.0,0.776634931564331,0.0,0.0,0.8620496988296509,0.0,0.0,0.0,0.0,0.0,4.0,86.0,0.0,27.0,17.0,17.0,49.0
2020-11-01 12:00:00+00:00,4069206946.0,0.00204628,28.17882318,322795599.0,2.4638140201568604,0.0,0.0,0.782313883304596,0.0,0.7769200801849365,0.9045800566673279,0.0,0.0,0.0,0.0,0.0,0.0,0.0,16.0,106.0,8.0,24.0,34.0,11.0,62.0
2020-11-01 14:00:00+00:00,4077821057.0,0.00204511,28.23847498,323681596.0,1.540853500366211,0.0,0.0,0.0,0.0,1.540853500366211,0.0,0.0,0.0,0.0,0.0,0.0,0.0,0.0,4.0,121.0,7.0,39.0,18.0,15.0,66.0
2020-11-01 16:00:00+00:00,4068511579.0,0.00203951,28.17400784,329440086.0,0.0,0.0,0.0,0.0,0.0,0.0,0.0,0.0,0.0,0.0,0.0,0.0,0.0,0.0,2.0,103.0,0.0,44.0,39.0,9.0,62.0
2020-11-01 18:00:00+00:00,4066922588.0,0.00204369,28.16300425,337986387.0,0.7730517387390137,0.0,0.0,0.0,0.0,0.0,0.7730517387390137,0.0,0.0,0.0,0.0,0.0,0.0,0.0,5.0,106.0,1.0,25.0,10.0,11.0,55.0
2020-11-01 20:00:00+00:00,4083163880.0,0.00204989,28.27547346,342760186.0,1.42092627286911,0.0,0.0,0.0,0.0,0.7025815844535828,0.7183446884155273,0.0,0.0,0.0,0.0,0.0,0.0,0.0,6.0,65.0,0.0,26.0,46.0,18.0,34.0
2020-11-01 22:00:00+00:00,4110036786.0,0.00207187,28.46156546,338657898.0,1.6504943370819092,0.7643926739692688,0.0,0.7135872840881348,0.9369070529937744,0.0,0.0,0.0,0.0,0.0,0.0,0.0,0.0,0.0,5.0,57.0,4.0,15.0,219.0,31.0,30.0
2020-11-02 00:00:00+00:00,4176330365.0,0.00210271,28.92064141,359062320.0,0.0,0.9010421633720398,0.0,0.0,0.0,0.0,0.0,0.0,0.0,0.0,0.0,0.0,0.0,0.0,1.0,169.0,6.0,14.0,8.0,10.0,32.0
2020-11-02 02:00:00+00:00,4140653851.0,0.00209442,28.67358536,360527732.0,0.0,0.0,0.0,0.0,0.0,0.0,0.0,0.0,0.0,0.0,0.0,0.0,0.0,0.0,1.0,289.0,6.0,25.0,28.0,7.0,25.0
2020-11-02 04:00:00+00:00,4144026670.0,0.00209738,28.69694178,357184822.0,1.7479637265205383,0.0,0.0,0.0,0.0,1.7479637265205383,0.0,0.0,0.0,0.0,0.0,0.0,0.0,0.0,4.0,641.0,1.0,18.0,10.0,9.0,45.0
2020-11-02 06:00:00+00:00,4176369676.0,0.00210716,28.92091364,356899474.0,0.0,0.0,0.0,0.0,0.0,0.0,0.0,0.0,0.0,0.0,0.0,0.0,0.0,0.0,0.0,615.0,3.0,17.0,12.0,12.0,35.0
2020-11-02 08:00:00+00:00,4150838306.0,0.00212435,28.74411163,398197731.0,3.2967905402183533,0.792447030544281,0.0,0.0,0.0,3.2967905402183533,0.0,0.0,0.0,0.0,0.0,0.0,0.0,0.0,8.0,717.0,2.0,24.0,32.0,19.0,54.0
2020-11-02 10:00:00+00:00,4145173791.0,0.0021408856065810505,28.70488546563677,400999650.0,3.4415018558502197,0.9315961003303528,0.0,0.0,0.0,2.6187678575515747,0.822733998298645,2.9436665177345276,0.7389496564865112,0.0,0.0,1.4679689407348633,0.0,0.7367479205131531,10.0,698.0,10.0,13.0,120.0,13.0,46.0
2020-11-02 12:00:00+00:00,4109627541.0,0.0021251454129173997,28.45873148235176,416988856.0,2.2944359183311462,0.0,0.0,0.0,0.0,0.7070034146308899,1.5874325037002563,0.0,0.0,0.0,0.0,0.0,0.0,0.0,7.0,534.0,1.0,23.0,61.0,19.0,60.0
2020-11-02 14:00:00+00:00,4092205863.0,0.00210062,28.33808823,420391018.0,0.7894678115844727,0.0,0.0,0.0,0.0,0.7894678115844727,0.0,0.0,2.5873088240623474,0.0,0.0,0.0,0.0,0.0,3.0,165.0,2.0,31.0,23.0,14.0,83.0
2020-11-02 16:00:00+00:00,4060011016.0,0.00208496,28.11514235,413197819.0,0.0,0.8068162798881531,0.0,0.0,0.0,0.0,0.0,0.7868242263793945,1.604433536529541,0.0,0.0,0.0,0.0,0.0,8.0,157.0,3.0,37.0,16.0,18.0,85.0
2020-11-02 18:00:00+00:00,4064174823.0,0.0020803,28.14397627,403681343.0,0.0,0.0,0.0,0.0,0.0,0.0,0.0,0.0,0.0,0.0,0.0,0.0,0.0,0.0,2.0,101.0,0.0,42.0,26.0,19.0,55.0
2020-11-02 20:00:00+00:00,4063097354.0,0.00206883,28.13651491,390607487.0,0.8213430643081665,0.0,0.0,0.8213430643081665,0.0,0.0,0.0,0.0,0.7682933211326599,0.0,0.0,0.0,0.0,0.0,1.0,77.0,5.0,25.0,190.0,31.0,55.0
2020-11-02 22:00:00+00:00,4026622517.0,0.00205778,27.88393056,390864652.0,0.0,0.7016103863716125,0.0,0.0,0.0,0.0,0.0,0.0,0.0,0.0,0.0,0.0,0.0,0.0,0.0,70.0,1.0,22.0,3.0,22.0,37.0
2020-11-03 00:00:00+00:00,3951374513.0,0.00201894,27.36284618,374551718.0,0.0,0.0,0.0,0.0,0.0,0.0,0.0,0.7583628296852112,0.7168879508972168,0.0,0.7583628296852112,0.0,0.0,0.0,2.0,121.0,0.0,26.0,8.0,4.0,21.0
2020-11-03 02:00:00+00:00,3777276005.0,0.001954382524404065,26.15723261557011,419932225.0,3.290221393108368,0.8914335370063782,0.0,1.6204103827476501,0.0,0.9622293710708618,0.707581639289856,0.0,2.375202715396881,0.0,0.0,0.0,0.0,0.0,9.0,260.0,5.0,21.0,33.0,13.0,39.0
2020-11-03 04:00:00+00:00,3833964588.0,0.001982604802351378,26.5497949950511,461301739.0,5.6274453997612,1.5247988104820251,0.0,0.0,0.8783846497535706,4.030062019824982,0.7189987301826477,0.0,2.335072100162506,0.0,0.0,0.0,0.0,0.0,15.0,865.0,0.0,19.0,15.0,7.0,61.0
2020-11-03 06:00:00+00:00,3861273132.0,0.00198808,26.73890375,476567509.0,4.558949828147888,0.0,0.0,0.0,0.0,4.558949828147888,0.0,0.0,0.7641291618347168,0.0,0.0,0.0,0.0,0.0,15.0,812.0,8.0,20.0,13.0,9.0,52.0
2020-11-03 08:00:00+00:00,3865889361.0,0.00197299,26.77087064,451932890.0,3.103931427001953,0.7770880460739136,0.0,0.0,0.0,3.103931427001953,0.0,1.6784659624099731,0.0,0.0,0.0,0.0,1.6784659624099731,0.0,13.0,531.0,2.0,20.0,15.0,11.0,55.0
2020-11-03 10:00:00+00:00,3875438564.0,0.00198412,26.83699785,454632532.0,3.802979052066803,3.705944538116455,0.0,0.0,0.0,1.4731355905532837,1.5591660737991333,0.8038601875305176,1.7181633114814758,0.0,0.0,0.0,0.0,0.0,56.0,537.0,0.0,18.0,21.0,53.0,75.0
2020-11-03 12:00:00+00:00,3880323987.0,0.00196674,26.87082888,451878206.0,1.632849395275116,0.7645566463470459,0.0,0.0,0.0,0.8065381050109863,0.8263112902641296,0.8588417172431946,0.0,0.0,0.8588417172431946,0.0,0.0,0.0,9.0,316.0,0.0,25.0,22.0,17.0,105.0
2020-11-03 14:00:00+00:00,3832765790.0,0.00194004,26.54149345,451868770.0,3.2251699566841125,0.0,0.0,0.0,0.0,3.2251699566841125,0.0,0.0,0.0,0.0,0.0,0.0,0.0,0.0,14.0,125.0,5.0,21.0,126.0,20.0,84.0
2020-11-03 16:00:00+00:00,3829028973.0,0.00193421,26.51561639,452831913.0,3.2598695158958435,0.7127823829650879,0.0,0.9327771663665771,0.0,1.5315362215042114,0.7955561280250549,0.0,1.5763109922409058,0.0,0.0,0.0,0.0,0.0,12.0,135.0,1.0,34.0,53.0,9.0,95.0
2020-11-03 18:00:00+00:00,3852936211.0,0.00194537,26.68117146,455512984.0,4.187712490558624,2.366400897502899,0.0,0.0,0.930851399898529,3.256861090660095,0.0,0.8573678135871887,3.4569824934005737,0.0,0.0,0.0,0.8573678135871887,0.0,11.0,93.0,0.0,24.0,46.0,14.0,68.0
2020-11-03 20:00:00+00:00,3879422342.0,0.00195883,26.86458509,462624882.0,3.2639172077178955,0.0,0.7158637642860413,0.0,0.0,2.5480534434318542,0.0,0.8319064378738403,0.0,0.0,0.0,0.8319064378738403,0.0,0.0,9.0,82.0,0.0,34.0,71.0,8.0,34.0
2020-11-03 22:00:00+00:00,3878334077.0,0.00192519,26.85704897,457901613.0,0.7480367422103882,0.0,0.0,0.0,0.0,0.0,0.7480367422103882,0.0,0.0,0.0,0.0,0.0,0.0,0.0,5.0,66.0,1.0,32.0,269.0,51.0,33.0
2020-11-04 00:00:00+00:00,3845853983.0,0.00193077,26.63212779,440325379.0,0.7196609377861023,0.7459166049957275,0.0,0.0,0.0,0.7196609377861023,0.0,0.0,0.0,0.0,0.0,0.0,0.0,0.0,3.0,102.0,2.0,23.0,21.0,16.0,33.0
2020-11-04 02:00:00+00:00,3823783469.0,0.00190453,26.47929183,385017497.0,0.738964855670929,0.0,0.0,0.0,0.0,0.738964855670929,0.0,0.0,0.8384929299354553,0.0,0.0,0.0,0.0,0.0,2.0,444.0,1.0,10.0,29.0,15.0,39.0
2020-11-04 04:00:00+00:00,3823822448.0,0.00192255,26.47956176,347433218.0,1.7142465114593506,0.0,0.0,0.0,0.0,1.7142465114593506,0.0,0.0,0.8121059536933899,0.0,0.0,0.0,0.0,0.0,2.0,521.0,5.0,11.0,38.0,15.0,49.0
2020-11-04 06:00:00+00:00,3785626416.0,0.00193035,26.21505832,333211263.0,2.4696019291877747,0.0,0.0,0.0,0.0,2.4696019291877747,0.0,0.0,0.0,0.0,0.0,0.0,0.0,0.0,5.0,477.0,7.0,17.0,24.0,14.0,55.0
2020-11-04 08:00:00+00:00,3818351705.0,0.00193321,26.44167745,322811590.0,3.289818525314331,0.8239977359771729,0.0,0.0,0.0,3.289818525314331,0.0,1.465038537979126,3.2886804938316345,0.0,0.0,0.7201257944107056,0.7449127435684204,0.0,17.0,458.0,0.0,6.0,30.0,12.0,66.0
2020-11-04 10:00:00+00:00,3792706677.0,0.00191335,26.26408837,323065401.0,0.0,0.0,0.0,0.0,0.0,0.0,0.0,0.7363883256912231,0.0,0.0,0.0,0.0,0.7363883256912231,0.0,2.0,504.0,0.0,14.0,22.0,15.0,73.0
2020-11-04 12:00:00+00:00,3837995790.0,0.00191898,26.57771064,330061600.0,0.903303861618042,0.0,0.0,0.0,0.0,0.903303861618042,0.0,0.7835868000984192,0.8463227152824402,0.0,0.0,0.0,0.7835868000984192,0.0,9.0,407.0,3.0,23.0,44.0,45.0,77.0
2020-11-04 14:00:00+00:00,3763554871.0,0.0018758,26.06221523,339933887.0,1.728803038597107,0.882802426815033,0.0,0.0,0.0,1.728803038597107,0.0,0.0,0.8778683543205261,0.0,0.0,0.0,0.0,0.0,10.0,505.0,2.0,27.0,61.0,23.0,96.0
2020-11-04 16:00:00+00:00,3876336939.0,0.00190351,26.843219,377267632.0,1.8930345177650452,0.9673259854316711,0.0,0.0,0.0,0.9479525089263916,0.9450820088386536,0.0,1.7594168782234192,0.0,0.0,0.0,0.0,0.0,8.0,174.0,0.0,36.0,116.0,34.0,111.0
2020-11-04 18:00:00+00:00,3876942552.0,0.00190394,26.8474128,386602012.0,1.8507940769195557,0.0,0.0,0.0,0.0,1.8507940769195557,0.0,0.0,0.0,0.0,0.0,0.0,0.0,0.0,3.0,102.0,7.0,32.0,24.0,19.0,78.0
2020-11-04 20:00:00+00:00,3853817154.0,0.00190464,26.68727189,387242628.0,1.6090697646141052,0.0,0.0,0.0,0.8190549612045288,0.7900148034095764,0.0,0.0,0.0,0.0,0.0,0.0,0.0,0.0,6.0,78.0,1.0,30.0,205.0,18.0,30.0
2020-11-04 22:00:00+00:00,3889087338.0,0.00190548,26.93151415,383972480.0,2.472735285758972,0.0,0.0,0.9184540510177612,0.0,0.8374216556549072,0.7168595790863037,0.8255898952484131,1.6719126105308533,0.0,0.0,0.0,0.0,0.0,6.0,66.0,3.0,15.0,120.0,23.0,48.0
2020-11-05 00:00:00+00:00,3946884345.0,0.00193323,27.33175225,400825487.0,0.0,0.0,0.0,0.0,0.0,0.0,0.0,0.8638487458229065,0.0,0.0,0.8638487458229065,0.0,0.0,0.0,2.0,93.0,0.0,21.0,22.0,10.0,23.0
2020-11-05 02:00:00+00:00,3954318629.0,0.00191465,27.38323387,402832577.0,0.0,0.0,0.0,0.0,0.0,0.0,0.0,0.0,0.0,0.0,0.0,0.0,0.0,0.0,4.0,348.0,4.0,24.0,67.0,12.0,23.0
2020-11-05 04:00:00+00:00,3969853346.0,0.00192129,27.49081012,408378465.0,0.0,0.0,0.0,0.0,0.0,0.0,0.0,0.0,0.0,0.0,0.0,0.0,0.0,0.0,3.0,392.0,3.0,23.0,34.0,7.0,41.0
2020-11-05 06:00:00+00:00,3965830646.0,0.0018958,27.46295336,417255361.0,0.88954758644104,0.7796035408973694,0.0,0.0,0.0,0.0,0.88954758644104,0.0,0.0,0.0,0.0,0.0,0.0,0.0,5.0,353.0,1.0,21.0,43.0,14.0,59.0
2020-11-05 08:00:00+00:00,3925696457.0,0.00187884,27.18502838,427040315.0,2.6022897958755493,0.7453961968421936,0.0,0.0,0.0,0.0,2.6022897958755493,1.8639118075370789,0.0,0.0,0.0,0.0,1.8639118075370789,0.0,9.0,334.0,2.0,35.0,44.0,7.0,50.0
2020-11-05 10:00:00+00:00,3936002824.0,0.00185267,27.25639887,287362238.0,18.82903629541397,1.4285035729408264,0.0,0.0,0.8147872686386108,15.658062398433685,2.356186628341675,3.64882355928421,0.0,0.0,0.0,0.0,3.64882355928421,0.0,54.0,318.0,3.0,34.0,97.0,27.0,57.0
2020-11-05 12:00:00+00:00,3889050001.0,0.00181373,26.93125559,292082002.0,14.315340638160706,0.0,0.0,0.0,0.0,13.544644892215729,0.7706957459449768,0.8072794079780579,0.0,0.0,0.0,0.0,0.0,0.8072794079780579,27.0,385.0,5.0,32.0,114.0,33.0,75.0
2020-11-05 14:00:00+00:00,3978470442.0,0.00182664,27.55048259,307239160.0,11.189572930335999,0.0,0.0,0.0,0.0,9.399340867996216,1.7902320623397827,1.7171308994293213,0.0,0.0,0.0,0.0,1.7171308994293213,0.0,34.0,170.0,5.0,51.0,84.0,24.0,81.0
2020-11-05 16:00:00+00:00,3994131915.0,0.00184021,27.65893662,297296377.0,6.16723245382309,2.245796024799347,0.0,0.0,0.0,5.229727625846863,0.9375048279762268,0.0,0.0,0.0,0.0,0.0,0.0,0.0,16.0,82.0,1.0,57.0,89.0,25.0,72.0
2020-11-05 18:00:00+00:00,3982680106.0,0.00182957,27.57963406,291994828.0,8.705065786838531,0.0,0.0,0.0,0.0,6.015025496482849,2.6900402903556824,0.0,0.0,0.0,0.0,0.0,0.0,0.0,19.0,81.0,1.0,26.0,53.0,33.0,51.0
2020-11-05 20:00:00+00:00,3965160799.0,0.00180197,27.45831474,288707619.0,2.7108171582221985,0.0,0.0,0.0,0.0,2.7108171582221985,0.0,0.0,0.0,0.0,0.0,0.0,0.0,0.0,8.0,42.0,1.0,43.0,105.0,29.0,37.0
2020-11-05 22:00:00+00:00,3996575588.0,0.00177639,27.67585879,299236756.0,0.9423516988754272,1.5522207617759705,0.0,0.0,0.0,0.9423516988754272,0.0,0.0,0.0,0.0,0.0,0.0,0.0,0.0,4.0,46.0,3.0,56.0,779.0,76.0,33.0
2020-11-06 00:00:00+00:00,4127270386.0,0.0018094,28.5809063,331527751.0,2.520814836025238,1.4580997824668884,0.0,0.8140242695808411,0.0,1.706790566444397,0.0,0.0,0.0,0.0,0.0,0.0,0.0,0.0,8.0,54.0,0.0,41.0,69.0,14.0,26.0
2020-11-06 02:00:00+00:00,4055368858.0,0.0018117,28.08299591,334374708.0,3.8351768255233765,0.0,0.0,0.7272982001304626,0.7557143568992615,0.7557143568992615,1.5964499115943909,0.0,0.7324638962745667,0.0,0.0,0.0,0.0,0.0,9.0,84.0,1.0,35.0,65.0,15.0,28.0
2020-11-06 04:00:00+00:00,4119714886.0,0.00182343,28.52858527,344472243.0,1.6073099374771118,0.0,0.0,0.0,0.0,1.6073099374771118,0.0,0.0,1.5505529046058655,0.0,0.0,0.0,0.0,0.0,8.0,449.0,1.0,30.0,27.0,18.0,37.0
2020-11-06 06:00:00+00:00,4160293403.0,0.0018319,28.80958716,344356736.0,3.9493257999420166,2.23384165763855,0.0,0.0,0.0,3.2491983771324158,0.0,2.5881345868110657,2.5174583792686462,0.0,0.9198740720748901,0.0,0.7861915230751038,0.0,14.0,376.0,1.0,36.0,28.0,8.0,39.0
2020-11-06 08:00:00+00:00,4140299126.0,0.001858,28.67112893,344551162.0,9.592703819274902,1.5304384231567383,0.0,0.7822184562683105,0.0,8.810485363006592,0.0,0.7708961367607117,0.0,0.0,0.0,0.0,0.0,0.7708961367607117,18.0,375.0,10.0,26.0,65.0,5.0,50.0
2020-11-06 10:00:00+00:00,4221976313.0,0.0018787394380893974,29.23673472252183,356645926.0,4.286648690700531,0.7076711654663086,0.0,0.7796726226806641,0.0,1.8596137166023254,1.6473623514175415,2.4197149872779846,0.0,1.5141099691390991,0.0,0.0,0.9056050181388855,0.0,19.0,174.0,5.0,30.0,31.0,8.0,46.0
2020-11-06 12:00:00+00:00,4231873213.0,0.00187367,29.3052697,356857149.0,2.6247076988220215,0.0,0.0,0.0,0.0,2.6247076988220215,0.0,0.9377552270889282,0.0,0.0,0.9377552270889282,0.0,0.0,0.0,12.0,78.0,4.0,29.0,15.0,21.0,52.0
2020-11-06 14:00:00+00:00,4173751454.0,0.00186767,28.90278273,325376057.0,4.154187321662903,6.7146260142326355,0.0,0.7563704252243042,0.0,0.0,1.7102850675582886,0.0,1.4759577512741089,0.0,0.0,0.0,0.0,0.0,13.0,80.0,3.0,25.0,6.0,38.0,68.0
2020-11-06 16:00:00+00:00,4178143305.0,0.00186987,28.93319583,321932643.0,2.580595910549164,2.3407115936279297,0.0,0.0,0.0,0.9122424125671387,0.960070013999939,0.0,0.0,0.0,0.0,0.0,0.0,0.0,6.0,85.0,2.0,32.0,72.0,18.0,60.0
2020-11-06 18:00:00+00:00,4153692256.0,0.00186529,28.76387493,323994367.0,2.512753665447235,0.0,0.0,0.0,0.0,0.9591774940490723,1.5535761713981628,0.7139233350753784,0.0,0.0,0.0,0.0,0.0,0.7139233350753784,12.0,60.0,9.0,32.0,30.0,25.0,58.0
2020-11-06 20:00:00+00:00,4166721288.0,0.00185735,28.85409958,339691969.0,1.6845714449882507,0.8413589000701904,0.0,0.0,0.0,0.8005297183990479,0.8840417265892029,0.0,0.0,0.0,0.0,0.0,0.0,0.0,9.0,50.0,0.0,32.0,480.0,36.0,42.0
2020-11-06 22:00:00+00:00,4190389442.0,0.00186421,29.01799902,343104562.0,0.0,0.8031644821166992,0.0,0.0,0.0,0.0,0.0,0.0,0.0,0.0,0.0,0.0,0.0,0.0,5.0,40.0,6.0,38.0,84.0,18.0,45.0
2020-11-07 00:00:00+00:00,4220848285.0,0.00186402,29.22892325,321772690.0,0.85731440782547,0.0,0.0,0.0,0.0,0.85731440782547,0.0,0.7696011662483215,0.7696011662483215,0.0,0.0,0.0,0.0,0.0,8.0,59.0,4.0,34.0,31.0,20.0,33.0
2020-11-07 02:00:00+00:00,4186769050.0,0.00186597,28.99292819,321499257.0,0.0,0.0,0.0,0.0,0.0,0.0,0.0,0.9149680733680725,0.9789126515388489,0.0,0.9149680733680725,0.0,0.0,0.0,5.0,65.0,1.0,28.0,26.0,15.0,31.0
2020-11-07 04:00:00+00:00,4203373586.0,0.00187153,29.10791283,344207797.0,1.5351958870887756,0.0,0.0,0.0,0.0,0.0,1.5351958870887756,0.0,0.0,0.0,0.0,0.0,0.0,0.0,4.0,689.0,3.0,31.0,68.0,8.0,37.0
2020-11-07 06:00:00+00:00,4175522179.0,0.00187132,28.91504481,339822829.0,1.8108389377593994,0.7651005983352661,0.0,0.8483824133872986,0.0,0.9624565243721008,0.0,1.547825276851654,0.0,0.0,0.7442618608474731,0.0,0.8035634160041809,0.0,8.0,720.0,1.0,19.0,32.0,5.0,29.0
2020-11-07 08:00:00+00:00,4215455358.0,0.00188669,29.1915778,337098266.0,0.0,0.0,0.0,0.0,0.0,0.0,0.0,0.0,0.723132312297821,0.0,0.0,0.0,0.0,0.0,6.0,712.0,1.0,42.0,23.0,8.0,56.0
2020-11-07 10:00:00+00:00,4256872774.0,0.00189945,29.47838898,333587968.0,5.220461010932922,0.0,0.0,0.0,0.0,3.4050480127334595,1.815412998199463,0.0,0.0,0.0,0.0,0.0,0.0,0.0,11.0,535.0,4.0,39.0,20.0,16.0,55.0
2020-11-07 12:00:00+00:00,4292757534.0,0.00191697,29.72688711,334706944.0,6.130192995071411,0.0,0.0,0.0,0.0,6.130192995071411,0.0,0.7560948729515076,0.0,0.0,0.0,0.0,0.7560948729515076,0.0,14.0,522.0,10.0,37.0,24.0,12.0,61.0
2020-11-07 14:00:00+00:00,4165568895.0,0.00187849,28.84611938,348170751.0,3.503275692462921,0.0,0.0,0.0,0.0,2.6196926832199097,0.8835830092430115,0.0,0.0,0.0,0.0,0.0,0.0,0.0,6.0,242.0,6.0,23.0,76.0,20.0,79.0
2020-11-07 16:00:00+00:00,4104714485.0,0.0018627,28.4247091,349535692.0,3.243587851524353,3.5558910369873047,0.0,0.0,0.0,1.7280369997024536,0.7206078171730042,0.0,0.7736445069313049,0.0,0.0,0.0,0.0,0.0,12.0,78.0,3.0,24.0,83.0,19.0,65.0
2020-11-07 18:00:00+00:00,3955255375.0,0.00186899,27.38972074,365962714.0,0.8450316190719604,0.0,0.0,0.0,0.0,0.8450316190719604,0.0,0.9123983383178711,0.0,0.0,0.0,0.0,0.9123983383178711,0.0,8.0,53.0,2.0,35.0,120.0,23.0,40.0
2020-11-07 20:00:00+00:00,4008136230.0,0.00187239,27.755915,371815912.0,0.0,0.0,0.0,0.0,0.0,0.0,0.0,0.0,0.0,0.0,0.0,0.0,0.0,0.0,0.0,57.0,3.0,24.0,865.0,152.0,32.0
2020-11-07 22:00:00+00:00,4005562956.0,0.00186993,27.73809536,362934993.0,0.0,0.0,0.0,0.0,0.0,0.0,0.0,0.0,0.0,0.0,0.0,0.0,0.0,0.0,4.0,47.0,4.0,34.0,117.0,24.0,41.0
2020-11-08 00:00:00+00:00,4067443565.0,0.00187304,28.16661196,355946619.0,0.0,0.0,0.0,0.0,0.0,0.0,0.0,0.0,0.0,0.0,0.0,0.0,0.0,0.0,0.0,58.0,0.0,17.0,44.0,9.0,19.0
2020-11-08 02:00:00+00:00,4055214608.0,0.00187327,28.08192774,354847224.0,3.98512065410614,4.702091634273529,0.0,0.0,0.0,0.0,0.0,1.542868971824646,0.0,0.0,0.0,0.0,0.0,1.542868971824646,8.0,48.0,0.0,21.0,24.0,11.0,33.0
2020-11-08 04:00:00+00:00,4065239288.0,0.00186886,28.15134758,360022046.0,3.179675877094269,1.627859890460968,0.0,0.0,0.0,1.5518159866333008,0.0,0.0,0.0,0.0,0.0,0.0,0.0,0.0,6.0,73.0,3.0,16.0,22.0,5.0,44.0
2020-11-08 06:00:00+00:00,4025340618.0,0.00186394,27.87505355,360483055.0,0.7846994996070862,0.0,0.0,0.0,0.0,0.7846994996070862,0.0,0.8582344651222229,0.0,0.0,0.8582344651222229,0.0,0.0,0.0,6.0,78.0,3.0,17.0,14.0,7.0,70.0
2020-11-08 08:00:00+00:00,4045399604.0,0.00186429,28.01395988,360909382.0,2.392440974712372,0.0,0.0,0.0,0.0,1.589998185634613,0.8024427890777588,0.0,0.748170793056488,0.0,0.0,0.0,0.0,0.0,9.0,103.0,1.0,15.0,22.0,5.0,69.0
2020-11-08 10:00:00+00:00,4091643087.0,0.00187004,28.33419106,364953079.0,3.297232151031494,0.0,0.0,0.0,0.0,0.0,3.297232151031494,0.0,0.0,0.0,0.0,0.0,0.0,0.0,7.0,85.0,1.0,27.0,33.0,5.0,72.0
2020-11-08 12:00:00+00:00,4086535677.0,0.0018625,28.29882279,358104663.0,0.8630955219268799,0.0,0.0,0.0,0.0,0.0,0.8630955219268799,0.9889693260192871,0.0,0.0,0.0,0.0,0.9889693260192871,0.0,3.0,130.0,8.0,32.0,61.0,11.0,94.0
2020-11-08 14:00:00+00:00,4118564114.0,0.00185962,28.5206163,339051141.0,0.8193768262863159,1.616400957107544,0.0,0.0,0.0,0.0,0.0,0.0,0.0,0.0,0.0,0.0,0.0,0.0,8.0,134.0,2.0,29.0,35.0,14.0,94.0
2020-11-08 16:00:00+00:00,4135423315.0,0.00184039,28.63736446,337923039.0,0.0,0.0,0.0,0.0,0.0,0.0,0.0,0.0,0.0,0.0,0.0,0.0,0.0,0.0,5.0,105.0,4.0,33.0,43.0,12.0,77.0
2020-11-08 18:00:00+00:00,4089415456.0,0.00184677,28.31876495,318518808.0,3.3587889671325684,0.0,0.0,0.0,0.0,0.8459464311599731,2.512842535972595,2.438161849975586,0.0,0.0,0.0,0.0,0.8739588856697083,1.5642029643058777,11.0,76.0,5.0,32.0,63.0,20.0,69.0
2020-11-08 20:00:00+00:00,4061149249.0,0.00183568,28.12302449,311222237.0,1.6136138439178467,0.0,0.0,0.0,0.7345312833786011,0.0,0.8790825605392456,0.0,1.507063388824463,0.0,0.0,0.0,0.0,0.0,7.0,47.0,5.0,35.0,78.0,10.0,55.0
2020-11-08 22:00:00+00:00,4087444400.0,0.00182855,28.3051156,321186882.0,3.288619875907898,0.0,0.0,0.0,0.0,0.0,3.288619875907898,0.0,0.0,0.0,0.0,0.0,0.0,0.0,8.0,57.0,9.0,27.0,130.0,18.0,50.0
2020-11-09 00:00:00+00:00,4138715146.0,0.00185867,28.66016004,331167584.0,3.2712902426719666,2.349803388118744,0.0,0.0,0.0,1.6772419810295105,0.0,0.8996564745903015,0.7860356569290161,0.0,0.0,0.0,0.0,0.8996564745903015,6.0,56.0,1.0,28.0,30.0,10.0,38.0
2020-11-09 02:00:00+00:00,4111406507.0,0.00184223,28.47105063,329971602.0,0.7505585551261902,0.7505585551261902,0.0,0.0,0.0,0.0,0.0,0.0,0.0,0.0,0.0,0.0,0.0,0.0,3.0,93.0,8.0,12.0,24.0,10.0,48.0
2020-11-09 04:00:00+00:00,4106774681.0,0.00183815,28.43897573,333229506.0,0.8373136520385742,0.0,0.0,0.0,0.0,0.8373136520385742,0.0,0.0,0.0,0.0,0.0,0.0,0.0,0.0,4.0,53.0,7.0,10.0,33.0,19.0,49.0
2020-11-09 06:00:00+00:00,4057091087.0,0.00183374,28.09492215,331629764.0,2.375737488269806,1.6377790570259094,0.0,0.0,0.0,0.7198399305343628,1.6558975577354431,0.705100417137146,0.705100417137146,0.0,0.0,0.0,0.0,0.0,7.0,80.0,2.0,18.0,33.0,14.0,56.0
2020-11-09 08:00:00+00:00,4094950706.0,0.0018352,28.35709597,338270401.0,3.213828444480896,0.0,0.8268091678619385,0.0,0.0,0.8182740807533264,1.568745195865631,0.0,0.0,0.0,0.0,0.0,0.0,0.0,11.0,99.0,4.0,17.0,125.0,21.0,56.0
2020-11-09 10:00:00+00:00,4132975878.0,0.00181522,28.62041622,342408160.0,0.0,0.0,0.0,0.0,0.0,0.0,0.0,0.7146899700164795,0.0,0.0,0.0,0.0,0.0,0.7146899700164795,5.0,105.0,5.0,21.0,45.0,9.0,98.0
2020-11-09 12:00:00+00:00,4060837927.0,0.00183991,28.12086862,351290322.0,0.7149302959442139,0.7149302959442139,0.0,0.0,0.0,0.0,0.0,1.5827174186706543,1.5827174186706543,0.0,0.0,0.0,0.0,0.0,8.0,154.0,5.0,22.0,125.0,16.0,105.0
2020-11-09 14:00:00+00:00,3989902024.0,0.00183936,27.62964507,355117252.0,4.718069493770599,0.0,0.0,0.0,0.0,4.718069493770599,0.0,0.8190519213676453,0.7151311635971069,0.0,0.0,0.0,0.0,0.8190519213676453,11.0,92.0,2.0,30.0,11.0,9.0,95.0
2020-11-09 16:00:00+00:00,4035266907.0,0.00183703,27.94379204,359253587.0,1.6203622817993164,0.7370852828025818,0.0,0.0,0.0,1.6203622817993164,0.0,0.0,0.0,0.0,0.0,0.0,0.0,0.0,5.0,114.0,0.0,37.0,5.0,21.0,94.0
2020-11-09 18:00:00+00:00,4048742224.0,0.00182491,28.03710717,349627915.0,0.0,0.0,0.0,0.0,0.0,0.0,0.0,0.8020926713943481,0.0,0.0,0.8020926713943481,0.0,0.0,0.0,2.0,100.0,2.0,38.0,0.0,17.0,71.0
2020-11-09 20:00:00+00:00,4036482710.0,0.00181867,27.95221135,346980569.0,0.962611734867096,0.0,0.0,0.0,0.0,0.0,0.962611734867096,0.0,0.8855102062225342,0.0,0.0,0.0,0.0,0.0,6.0,62.0,5.0,31.0,1.0,17.0,56.0
2020-11-09 22:00:00+00:00,4045986040.0,0.00182738,28.01802089,335957338.0,0.7914357781410217,0.0,0.0,0.0,0.0,0.0,0.7914357781410217,0.0,0.0,0.0,0.0,0.0,0.0,0.0,2.0,67.0,4.0,19.0,13.0,21.0,40.0
2020-11-10 00:00:00+00:00,4050978330.0,0.00182327,28.05259197,331389183.0,0.0,0.0,0.0,0.0,0.0,0.0,0.0,0.0,0.0,0.0,0.0,0.0,0.0,0.0,0.0,46.0,1.0,35.0,41.0,5.0,35.0
2020-11-10 02:00:00+00:00,4042624969.0,0.00182564,27.99474583,330592129.0,0.0,1.6111633777618408,0.0,0.0,0.0,0.0,0.0,0.9108325839042664,0.0,0.9108325839042664,0.0,0.0,0.0,0.0,4.0,64.0,3.0,22.0,19.0,7.0,58.0
2020-11-10 04:00:00+00:00,4052552152.0,0.00182782,28.06349051,329088412.0,0.0,0.0,0.0,0.0,0.0,0.0,0.0,0.0,1.8849168419837952,0.0,0.0,0.0,0.0,0.0,0.0,60.0,5.0,26.0,1.0,7.0,55.0
2020-11-10 06:00:00+00:00,4058562402.0,0.00183815,28.10511085,334119995.0,3.392542600631714,0.0,0.0,0.0,0.0,0.0,3.392542600631714,0.0,0.0,0.0,0.0,0.0,0.0,0.0,10.0,90.0,6.0,25.0,10.0,14.0,51.0
2020-11-10 08:00:00+00:00,4107875850.0,0.00184909,28.44660121,334653724.0,0.0,0.0,0.0,0.0,0.0,0.0,0.0,0.0,1.8093435168266296,0.0,0.0,0.0,0.0,0.0,8.0,129.0,5.0,30.0,3.0,7.0,80.0
2020-11-10 10:00:00+00:00,4072215606.0,0.0018446642774200635,28.1996578308346,334611887.0,6.732363700866699,0.7080220580101013,0.0,0.0,0.0,5.935744941234589,0.7966187596321106,0.7037227153778076,1.72858327627182,0.0,0.0,0.0,0.7037227153778076,0.0,17.0,91.0,0.0,18.0,58.0,14.0,81.0
2020-11-10 12:00:00+00:00,4069217284.0,0.001845330689094484,28.17889477019767,318361197.0,10.490583419799805,1.6142208576202393,0.0,0.0,0.7906813621520996,7.917168319225311,0.8702727556228638,0.7681354880332947,3.37676602602005,0.0,0.7681354880332947,0.0,0.0,0.0,26.0,129.0,2.0,33.0,29.0,16.0,95.0
2020-11-10 14:00:00+00:00,4039433373.0,0.0018450760264245162,27.972644370420362,304305512.0,9.903491497039795,0.8953539133071899,0.0,0.0,0.0,7.4729501605033875,1.5351874232292175,1.5445322394371033,0.0,0.0,0.8186655640602112,0.7258666753768921,0.0,0.0,28.0,155.0,0.0,45.0,39.0,19.0,98.0
2020-11-10 16:00:00+00:00,4064701302.0,0.00183714,28.14762208,299299089.0,1.726576805114746,0.0,0.0,0.0,0.0,1.726576805114746,0.0,0.7173516750335693,0.0,0.0,0.0,0.0,0.0,0.7173516750335693,15.0,121.0,4.0,50.0,54.0,25.0,105.0
2020-11-10 18:00:00+00:00,4067238245.0,0.00183984,28.16519014,299319251.0,3.4551411271095276,0.0,0.0,0.0,0.0,1.7414309978485107,1.7137101292610168,0.0,0.0,0.0,0.0,0.0,0.0,0.0,8.0,87.0,6.0,40.0,29.0,34.0,74.0
2020-11-10 20:00:00+00:00,4083862951.0,0.00183952,28.28031445,307114539.0,1.4448872208595276,0.0,0.0,0.0,0.0,1.4448872208595276,0.0,0.0,0.0,0.0,0.0,0.0,0.0,0.0,8.0,77.0,1.0,41.0,31.0,10.0,54.0
2020-11-10 22:00:00+00:00,4071303515.0,0.0018438,28.1933417,310738349.0,0.0,0.0,0.0,0.0,0.0,0.0,0.0,0.0,0.0,0.0,0.0,0.0,0.0,0.0,6.0,66.0,7.0,22.0,43.0,20.0,32.0
2020-11-11 00:00:00+00:00,4113653401.0,0.00184531,28.48661013,287039399.0,3.1583603620529175,0.0,0.0,0.8245784640312195,0.0,1.5399506092071533,0.7938312888145447,0.0,0.0,0.0,0.0,0.0,0.0,0.0,7.0,68.0,3.0,30.0,55.0,12.0,39.0
2020-11-11 02:00:00+00:00,4091941854.0,0.00183673,28.33625999,316283429.0,0.0,0.0,0.0,0.0,0.0,0.0,0.0,0.0,0.0,0.0,0.0,0.0,0.0,0.0,2.0,62.0,4.0,26.0,34.0,20.0,48.0
2020-11-11 04:00:00+00:00,4066121618.0,0.00183136,28.15745761,309794844.0,0.7225819230079651,0.0,0.0,0.0,0.0,0.7225819230079651,0.0,0.0,0.0,0.0,0.0,0.0,0.0,0.0,2.0,39.0,3.0,23.0,10.0,13.0,52.0
2020-11-11 06:00:00+00:00,4064883452.0,0.00182727,28.14888345,303363023.0,0.8613508939743042,0.0,0.0,0.0,0.0,0.0,0.8613508939743042,1.685325801372528,0.0,0.0,0.0,0.0,0.9756262302398682,0.7096995711326599,6.0,54.0,12.0,22.0,16.0,12.0,54.0
2020-11-11 08:00:00+00:00,4049443819.0,0.00181853,28.04196564,300287603.0,1.6311752200126648,0.0,0.0,0.0,0.0,1.6311752200126648,0.0,0.9586588144302368,1.7794662714004517,0.0,0.0,0.0,0.0,0.0,11.0,80.0,3.0,17.0,27.0,16.0,64.0
2020-11-11 10:00:00+00:00,4053741097.0,0.00180001,28.07172383,294432829.0,1.4916122555732727,0.8175841569900513,0.0,0.0,0.0,0.7348946332931519,0.7567176222801208,0.980621337890625,0.0,0.0,0.0,0.0,0.980621337890625,0.0,15.0,77.0,0.0,22.0,41.0,25.0,68.0
2020-11-11 12:00:00+00:00,4054540601.0,0.001798,28.07726031,286052563.0,8.267635703086853,0.0,0.0,0.0,0.7140000462532043,5.916609108448029,1.6370265483856201,0.0,0.0,0.0,0.0,0.0,0.0,0.0,16.0,87.0,6.0,36.0,92.0,18.0,97.0
2020-11-11 14:00:00+00:00,4053763949.0,0.00179101,28.07188208,278011240.0,0.7062300443649292,0.0,0.0,0.0,0.0,0.7062300443649292,0.0,3.3540266156196594,0.8691728711128235,0.0,0.0,0.0,1.775502860546112,0.7093508839607239,14.0,93.0,2.0,46.0,29.0,29.0,116.0
2020-11-11 16:00:00+00:00,4070291886.0,0.0017761,28.18633627,285608977.0,2.4963331818580627,0.0,0.0,0.0,0.0,1.7240674495697021,0.7722657322883606,0.0,0.0,0.0,0.0,0.0,0.0,0.0,7.0,107.0,3.0,54.0,64.0,24.0,88.0
2020-11-11 18:00:00+00:00,4063088066.0,0.00178114,28.13645059,293553489.0,0.8075741529464722,0.0,0.0,0.0,0.0,0.0,0.8075741529464722,0.0,1.593777596950531,0.0,0.0,0.0,0.0,0.0,5.0,58.0,0.0,30.0,50.0,25.0,92.0
2020-11-11 20:00:00+00:00,4051376763.0,0.00177706,28.05535107,289137242.0,0.8082773685455322,0.7550413012504578,0.0,0.0,0.0,0.8082773685455322,0.0,0.7130733132362366,0.0,0.0,0.0,0.0,0.7130733132362366,0.0,3.0,34.0,7.0,35.0,303.0,42.0,46.0
2020-11-11 22:00:00+00:00,4037055489.0,0.0017805,27.95617778,279645463.0,1.7065929770469666,0.0,0.0,0.0,0.0,0.8641536235809326,0.8424393534660339,0.8916310667991638,0.9111143350601196,0.0,0.0,0.0,0.0,0.8916310667991638,5.0,23.0,3.0,34.0,96.0,23.0,47.0
2020-11-12 00:00:00+00:00,4031027062.0,0.0017850802467675956,27.91443156887604,268018632.0,0.7157508134841919,0.743628740310669,0.0,0.0,0.0,0.0,0.7157508134841919,0.0,0.0,0.0,0.0,0.0,0.0,0.0,1.0,28.0,8.0,35.0,30.0,15.0,28.0
2020-11-12 02:00:00+00:00,4032401422.0,0.00178471,27.92394886,264985209.0,0.754420816898346,0.754420816898346,0.0,0.0,0.0,0.0,0.0,0.0,0.0,0.0,0.0,0.0,0.0,0.0,1.0,19.0,2.0,26.0,22.0,5.0,19.0
2020-11-12 04:00:00+00:00,4045441270.0,0.00177855,28.01424842,268139227.0,4.050603210926056,1.4716007709503174,0.0,0.0,0.0,3.187221050262451,0.8633821606636047,0.9316539764404297,8.961735606193542,0.0,0.0,0.0,0.9316539764404297,0.0,13.0,58.0,2.0,13.0,33.0,19.0,33.0
2020-11-12 06:00:00+00:00,4047281784.0,0.00176781,28.02699378,272745684.0,20.236194014549255,0.0,0.0,0.0,0.0,18.662741661071777,1.573452353477478,0.0,0.0,0.0,0.0,0.0,0.0,0.0,34.0,32.0,2.0,24.0,26.0,8.0,44.0
2020-11-12 08:00:00+00:00,4051445120.0,0.00175094,28.05582443,273277365.0,1.613919198513031,0.7362916469573975,0.0,0.0,0.0,0.7111319899559021,0.9027872085571289,0.8822158575057983,0.0,0.0,0.0,0.0,0.8822158575057983,0.0,16.0,67.0,3.0,24.0,39.0,27.0,55.0
2020-11-12 10:00:00+00:00,4020021744.0,0.00176238,27.83822092,278762959.0,3.242410182952881,0.0,0.0,0.753468930721283,0.0,0.8750737905502319,1.613867461681366,1.8983959555625916,1.6350204348564148,0.0,0.0,0.0,1.8983959555625916,0.0,17.0,70.0,3.0,22.0,170.0,24.0,55.0
2020-11-12 12:00:00+00:00,4018233873.0,0.00174416,27.8258401,276785728.0,3.8066712021827698,0.912273108959198,0.0,0.0,0.0,1.6022691130638123,2.2044020891189575,0.0,0.0,0.0,0.0,0.0,0.0,0.0,15.0,81.0,4.0,41.0,8.0,14.0,70.0
2020-11-12 14:00:00+00:00,3993537713.0,0.00171767,27.65482183,282391538.0,5.94523149728775,0.0,0.0,0.0,0.0,5.156535029411316,0.7886964678764343,0.8140842318534851,0.8140842318534851,0.0,0.0,0.0,0.0,0.0,16.0,91.0,7.0,43.0,5.0,32.0,66.0
2020-11-12 16:00:00+00:00,3956802878.0,0.00171671,27.40043703,281134106.0,5.806622326374054,1.593328595161438,0.0,0.7489825487136841,0.0,2.5210517048835754,2.5365880727767944,0.0,0.8280177116394043,0.0,0.0,0.0,0.0,0.0,15.0,81.0,6.0,47.0,0.0,17.0,90.0
2020-11-12 18:00:00+00:00,3964708575.0,0.00171306,27.45518313,272880077.0,0.9702585339546204,0.0,0.0,0.0,0.0,0.9702585339546204,0.0,0.0,0.0,0.0,0.0,0.0,0.0,0.0,7.0,58.0,3.0,35.0,0.0,23.0,46.0
2020-11-12 20:00:00+00:00,3969380199.0,0.00170311,27.48753363,265006438.0,1.6289892196655273,0.0,0.0,0.7515455484390259,0.0,0.8774436712265015,0.0,0.7111672759056091,0.0,0.0,0.7111672759056091,0.0,0.0,0.0,6.0,48.0,4.0,39.0,0.0,23.0,35.0
2020-11-12 22:00:00+00:00,3987759263.0,0.00169662,27.61480668,266092376.0,1.738127052783966,0.0,0.0,0.8394461274147034,0.0,0.0,0.8986809253692627,0.0,0.933960497379303,0.0,0.0,0.0,0.0,0.0,9.0,42.0,5.0,48.0,161.0,61.0,41.0
2020-11-13 00:00:00+00:00,4007927277.0,0.00169004,27.754468029999998,268511470.0,0.0,0.0,0.0,0.0,0.0,0.0,0.0,0.8655262589454651,0.0,0.0,0.8655262589454651,0.0,0.0,0.0,2.0,41.0,8.0,36.0,60.0,16.0,23.0
2020-11-13 02:00:00+00:00,4022525251.0,0.00169477,27.85555744,272516607.0,0.8032900094985962,0.0,0.0,0.0,0.0,0.0,0.8032900094985962,0.9220629334449768,0.9220629334449768,0.0,0.0,0.0,0.0,0.0,4.0,31.0,2.0,28.0,22.0,12.0,24.0
2020-11-13 04:00:00+00:00,4024015191.0,0.00171465,27.86587511,274495873.0,1.5244715809822083,0.9482178688049316,0.0,0.0,0.0,1.5244715809822083,0.0,0.0,0.9027469754219055,0.0,0.0,0.0,0.0,0.0,2.0,27.0,3.0,28.0,39.0,21.0,32.0
2020-11-13 06:00:00+00:00,4022157184.0,0.00171306,27.85300861,269541684.0,1.6721753478050232,0.0,0.0,0.0,0.0,1.6721753478050232,0.0,0.0,0.0,0.0,0.0,0.0,0.0,0.0,4.0,29.0,4.0,28.0,27.0,29.0,23.0
2020-11-13 08:00:00+00:00,4065444897.0,0.00172479,28.1527714,291153591.0,1.676106333732605,0.960640013217926,0.0,0.0,0.0,1.676106333732605,0.0,0.0,0.9158249497413635,0.0,0.0,0.0,0.0,0.0,6.0,54.0,3.0,22.0,94.0,29.0,55.0
2020-11-13 10:00:00+00:00,4050601852.0,0.00172928,28.04998489,283081198.0,3.2095959186553955,0.0,0.0,0.0,0.7870550751686096,2.422540843486786,0.0,0.0,0.0,0.0,0.0,0.0,0.0,0.0,8.0,121.0,7.0,26.0,29.0,19.0,63.0
2020-11-13 12:00:00+00:00,4094690173.0,0.00174573,28.35529181,294755166.0,4.629889369010925,0.8430721759796143,0.0,0.0,0.0,3.0583542585372925,0.7284629344940186,0.0,1.6567482352256775,0.0,0.0,0.0,0.0,0.0,10.0,109.0,15.0,26.0,35.0,24.0,53.0
2020-11-13 14:00:00+00:00,4055100436.0,0.00174221,28.08113711,296833128.0,2.3854323029518127,0.7360557317733765,0.0,0.0,0.0,1.4834946990013123,0.9019376039505005,0.7665694952011108,0.0,0.0,0.0,0.0,0.7665694952011108,0.0,11.0,65.0,0.0,32.0,3.0,34.0,48.0
2020-11-13 16:00:00+00:00,4056278685.0,0.00172923,28.08929636,294478154.0,3.9624125957489014,0.0,0.0,0.0,0.0,3.0521095991134644,0.910302996635437,0.0,0.0,0.0,0.0,0.0,0.0,0.0,15.0,38.0,2.0,35.0,1.0,19.0,59.0
2020-11-13 18:00:00+00:00,4042886916.0,0.00171965,27.99655979,295460972.0,2.961528241634369,0.0,0.0,0.0,0.0,2.213651180267334,0.7478770613670349,0.0,0.0,0.0,0.0,0.0,0.0,0.0,7.0,43.0,1.0,32.0,1.0,19.0,64.0
2020-11-13 20:00:00+00:00,4038992044.0,0.00171893,27.96958821,294384110.0,3.139495849609375,0.0,0.0,0.0,0.0,1.533331036567688,1.606164813041687,0.708322286605835,0.0,0.0,0.0,0.0,0.708322286605835,0.0,11.0,40.0,5.0,43.0,0.0,19.0,50.0
2020-11-13 22:00:00+00:00,4069690555.0,0.00172708,28.18217212,292737428.0,4.093719065189362,0.0,0.0,0.0,0.0,0.8409469127655029,3.2527721524238586,0.996634304523468,0.0,0.0,0.996634304523468,0.0,0.0,0.0,8.0,44.0,4.0,34.0,62.0,19.0,46.0
2020-11-14 00:00:00+00:00,4037841670.0,0.00172688,27.961622,290255901.0,0.7262264490127563,0.0,0.0,0.0,0.0,0.7262264490127563,0.0,0.8146279454231262,0.0,0.0,0.0,0.8146279454231262,0.0,0.0,3.0,38.0,14.0,23.0,20.0,7.0,47.0
2020-11-14 02:00:00+00:00,4029102815.0,0.00172365,27.90110636,285457769.0,0.8639795184135437,0.0,0.0,0.0,0.0,0.0,0.8639795184135437,0.783164918422699,0.0,0.0,0.783164918422699,0.0,0.0,0.0,6.0,26.0,2.0,21.0,5.0,8.0,26.0
2020-11-14 04:00:00+00:00,4025233624.0,0.00172856,27.87431263,283564105.0,0.0,0.0,0.0,0.0,0.0,0.0,0.0,0.0,0.0,0.0,0.0,0.0,0.0,0.0,1.0,37.0,7.0,13.0,34.0,5.0,47.0
2020-11-14 06:00:00+00:00,4005098133.0,0.00172474,27.73487651,286389536.0,2.3853914737701416,0.0,0.0,0.0,0.0,2.3853914737701416,0.0,0.8426704406738281,0.0,0.0,0.8426704406738281,0.0,0.0,0.0,8.0,53.0,1.0,14.0,46.0,7.0,35.0
2020-11-14 08:00:00+00:00,3964922451.0,0.00173842,27.4566642,270092064.0,1.720741868019104,0.0,0.0,0.0,0.0,1.720741868019104,0.0,0.0,0.0,0.0,0.0,0.0,0.0,0.0,8.0,65.0,2.0,20.0,3.0,11.0,60.0
2020-11-14 10:00:00+00:00,3970251048.0,0.00172676,27.49356416,268131911.0,7.231810390949249,0.0,2.4713600873947144,0.795069694519043,0.0,3.965380609035492,0.0,0.7854160070419312,0.0,0.7854160070419312,0.0,0.0,0.0,0.0,20.0,58.0,16.0,13.0,27.0,14.0,64.0
2020-11-14 12:00:00+00:00,3976070055.0,0.00173114,27.53386017,257295026.0,5.5385037660598755,0.0,0.0,0.0,0.0,5.5385037660598755,0.0,0.0,0.0,0.0,0.0,0.0,0.0,0.0,12.0,63.0,7.0,30.0,0.0,18.0,81.0
2020-11-14 14:00:00+00:00,3992429764.0,0.00173492,27.64714941,246833530.0,0.7727512717247009,0.0,0.0,0.0,0.0,0.7727512717247009,0.0,0.0,0.7225390076637268,0.0,0.0,0.0,0.0,0.0,8.0,60.0,6.0,30.0,16.0,21.0,74.0
2020-11-14 16:00:00+00:00,4000801272.0,0.00174488,27.7051212,246043964.0,2.5552045702934265,0.8923696279525757,0.0,0.0,0.0,2.5552045702934265,0.0,0.9106433987617493,0.0,0.0,0.0,0.9106433987617493,0.0,0.0,10.0,65.0,9.0,60.0,109.0,18.0,86.0
2020-11-14 18:00:00+00:00,4011346651.0,0.00174932,27.77814683,245768908.0,1.5023928880691528,0.0,0.0,0.0,0.0,0.7045060992240906,0.7978867888450623,0.0,0.0,0.0,0.0,0.0,0.0,0.0,7.0,42.0,8.0,33.0,24.0,12.0,62.0
2020-11-14 20:00:00+00:00,4023033160.0,0.00174548,27.85907465,248279902.0,2.530525267124176,0.0,0.0,1.7261006236076355,0.0,0.8044246435165405,0.0,0.0,0.0,0.0,0.0,0.0,0.0,0.0,4.0,30.0,8.0,38.0,1.0,18.0,43.0
2020-11-14 22:00:00+00:00,4034170650.0,0.00173861,27.93620058,254114574.0,0.9236087203025818,0.8188127875328064,0.0,0.0,0.0,0.0,0.9236087203025818,0.0,0.0,0.0,0.0,0.0,0.0,0.0,4.0,31.0,1.0,30.0,46.0,7.0,45.0
2020-11-15 00:00:00+00:00,4052198147.0,0.00175711,28.06103907,259928146.0,0.0,0.0,0.0,0.0,0.0,0.0,0.0,0.0,0.0,0.0,0.0,0.0,0.0,0.0,3.0,21.0,9.0,22.0,50.0,5.0,23.0
2020-11-15 02:00:00+00:00,4029637755.0,0.00175523,27.90481076,262612399.0,1.7517836689949036,2.4083016514778137,0.0,0.0,0.0,1.7517836689949036,0.0,0.0,0.0,0.0,0.0,0.0,0.0,0.0,2.0,40.0,2.0,27.0,6.0,8.0,71.0
2020-11-15 04:00:00+00:00,4025458760.0,0.00174283,27.87587167,257133740.0,0.7022957801818848,0.9206659197807312,0.0,0.0,0.0,0.0,0.7022957801818848,0.0,0.0,0.0,0.0,0.0,0.0,0.0,5.0,42.0,9.0,18.0,16.0,4.0,60.0
2020-11-15 06:00:00+00:00,4044463125.0,0.00174811,28.00747487,252347967.0,0.7177323698997498,0.0,0.0,0.7177323698997498,0.0,0.0,0.0,0.0,0.0,0.0,0.0,0.0,0.0,0.0,4.0,42.0,14.0,27.0,6.0,6.0,71.0
2020-11-15 08:00:00+00:00,4061222951.0,0.0017512,28.12353487,245477059.0,4.130615055561066,0.0,0.0,0.0,0.0,3.3250803351402283,0.8055347204208374,0.0,0.0,0.0,0.0,0.0,0.0,0.0,7.0,63.0,0.0,25.0,4.0,5.0,56.0
2020-11-15 10:00:00+00:00,4022295838.0,0.00174481,27.85396878,247792210.0,3.2337141633033752,0.739189863204956,0.0,0.0,0.0,2.4078659415245056,0.8258482217788696,0.0,0.0,0.0,0.0,0.0,0.0,0.0,8.0,79.0,0.0,19.0,67.0,7.0,58.0
2020-11-15 12:00:00+00:00,4032350743.0,0.00174,27.92359791,252416149.0,3.689113140106201,0.0,0.0,0.0,0.0,3.689113140106201,0.0,0.0,0.0,0.0,0.0,0.0,0.0,0.0,8.0,108.0,7.0,33.0,58.0,13.0,109.0
2020-11-15 14:00:00+00:00,4029288527.0,0.00174238,27.90239239,254361912.0,2.630873441696167,0.7991047501564026,0.0,0.0,0.0,0.0,2.630873441696167,0.9712700247764587,0.9712700247764587,0.0,0.0,0.0,0.0,0.0,17.0,87.0,7.0,39.0,24.0,13.0,136.0
2020-11-15 16:00:00+00:00,3988203622.0,0.00173774,27.61788382,253047035.0,1.5040611028671265,0.0,0.0,0.0,0.0,0.7224330306053162,0.7816280722618103,0.9003031253814697,0.0,0.0,0.0,0.0,0.9003031253814697,0.0,13.0,93.0,9.0,49.0,1.0,36.0,112.0
2020-11-15 18:00:00+00:00,3970009309.0,0.00173312,27.49189015,253102003.0,0.8229110240936279,0.0,0.0,0.0,0.0,0.0,0.8229110240936279,1.6066028475761414,0.0,0.0,0.7110276818275452,0.0,0.0,0.8955751657485962,12.0,82.0,6.0,35.0,1.0,18.0,57.0
2020-11-15 20:00:00+00:00,3963045100.0,0.00173151,27.44366374,254798555.0,1.5159856677055359,0.0,0.0,0.0,0.0,0.7645388245582581,0.7514468431472778,0.0,0.0,0.0,0.0,0.0,0.0,0.0,7.0,41.0,0.0,43.0,6.0,19.0,51.0
2020-11-15 22:00:00+00:00,3988657963.0,0.00173112,27.62103009,254946427.0,0.7689806222915649,0.804996132850647,0.0,0.0,0.0,0.7689806222915649,0.0,0.7162916660308838,0.9642221331596375,0.0,0.0,0.0,0.0,0.7162916660308838,4.0,29.0,2.0,38.0,206.0,20.0,45.0
2020-11-16 00:00:00+00:00,3980888629.0,0.00172896,27.56722828,249454730.0,1.843046247959137,0.8485761880874634,0.0,0.0,0.0,0.9944700598716736,0.0,0.0,0.0,0.0,0.0,0.0,0.0,0.0,10.0,41.0,7.0,28.0,35.0,19.0,25.0
2020-11-16 02:00:00+00:00,3992612564.0,0.00172577,27.64841527,246833066.0,0.0,0.0,0.0,0.0,0.0,0.0,0.0,0.0,0.0,0.0,0.0,0.0,0.0,0.0,64.0,43.0,5.0,26.0,23.0,14.0,60.0
2020-11-16 04:00:00+00:00,3998388660.0,0.00171931,27.68841412,248203691.0,0.0,0.0,0.0,0.0,0.0,0.0,0.0,0.0,0.0,0.0,0.0,0.0,0.0,0.0,0.0,123.0,7.0,24.0,25.0,7.0,62.0
2020-11-16 06:00:00+00:00,4005256618.0,0.0017077,27.735974,253528792.0,1.499188482761383,0.0,0.0,0.0,0.0,0.0,1.499188482761383,0.0,0.0,0.0,0.0,0.0,0.0,0.0,6.0,61.0,6.0,25.0,48.0,13.0,53.0
2020-11-16 08:00:00+00:00,4003348695.0,0.00171123,27.72276183,254233169.0,1.5882811546325684,0.0,0.0,0.8117892146110535,0.0,0.0,0.7764919400215149,0.0,0.0,0.0,0.0,0.0,0.0,0.0,8.0,110.0,3.0,29.0,18.0,7.0,64.0
2020-11-16 10:00:00+00:00,4022932206.0,0.00171142,27.85837555,254877182.0,1.61689954996109,0.7413066625595093,0.0,0.8352714776992798,0.0,0.0,0.7816280722618103,0.0,0.0,0.0,0.0,0.0,0.0,0.0,9.0,129.0,5.0,25.0,62.0,13.0,95.0
2020-11-16 12:00:00+00:00,4055658956.0,0.00172062,28.0850048,264141935.0,0.7466144561767578,0.7466144561767578,0.0,0.0,0.0,0.0,0.0,0.7192883491516113,0.0,0.0,0.0,0.0,0.0,0.7192883491516113,8.0,106.0,8.0,24.0,1.0,10.0,104.0
2020-11-16 14:00:00+00:00,4041234336.0,0.00170615,27.98511585,272572485.0,5.69377863407135,0.0,0.0,0.0,0.0,2.654119312763214,3.039659321308136,0.0,0.0,0.0,0.0,0.0,0.0,0.0,12.0,117.0,0.0,43.0,2.0,12.0,108.0
2020-11-16 16:00:00+00:00,4045577707.0,0.00168051,28.01519323,276760828.0,0.7961862087249756,0.0,0.0,0.0,0.0,0.7961862087249756,0.0,0.0,0.0,0.0,0.0,0.0,0.0,0.0,7.0,91.0,2.0,72.0,2.0,33.0,78.0
2020-11-16 18:00:00+00:00,4045596810.0,0.00167077,28.01532551,276259482.0,1.6225504875183105,0.7661329507827759,0.0,0.0,0.0,1.6225504875183105,0.0,0.814355731010437,0.0,0.0,0.0,0.814355731010437,0.0,0.0,8.0,89.0,1.0,71.0,54.0,24.0,59.0
2020-11-16 20:00:00+00:00,4021140795.0,0.00166867,27.84597022,277051177.0,3.067447602748871,0.763271689414978,0.0,0.7591174244880676,0.0,2.3083301782608032,0.0,0.7259324789047241,0.0,0.0,0.0,0.0,0.7259324789047241,0.0,10.0,51.0,6.0,62.0,126.0,23.0,57.0
2020-11-16 22:00:00+00:00,4038527693.0,0.00167341,27.96637264,274455668.0,3.061875879764557,0.0,0.0,0.0,0.7438468933105469,2.31802898645401,0.0,0.7069125175476074,0.0,0.0,0.0,0.7069125175476074,0.0,0.0,11.0,40.0,2.0,47.0,109.0,18.0,44.0
2020-11-17 00:00:00+00:00,4068135847.0,0.00168807,28.17140594,280237017.0,0.7445538640022278,0.0,0.0,0.0,0.0,0.7445538640022278,0.0,0.0,0.0,0.0,0.0,0.0,0.0,0.0,4.0,58.0,7.0,55.0,32.0,20.0,46.0
2020-11-17 02:00:00+00:00,4090850220.0,0.00170798,28.32870054,285286713.0,0.0,0.0,0.0,0.0,0.0,0.0,0.0,0.0,0.0,0.0,0.0,0.0,0.0,0.0,3.0,50.0,4.0,30.0,39.0,17.0,63.0
2020-11-17 04:00:00+00:00,4098944978.0,0.0017094,28.38475587,291385991.0,2.291256308555603,0.0,0.0,0.0,0.0,0.0,2.291256308555603,0.0,0.0,0.0,0.0,0.0,0.0,0.0,3.0,101.0,7.0,26.0,16.0,9.0,66.0
2020-11-17 06:00:00+00:00,4126696232.0,0.00170728,28.57693034,296435520.0,0.0,0.8276340365409851,0.0,0.0,0.0,0.0,0.0,0.8271239995956421,1.6885703206062317,0.0,0.0,0.0,0.8271239995956421,0.0,4.0,131.0,1.0,23.0,30.0,10.0,74.0
2020-11-17 08:00:00+00:00,4101989497.0,0.00170804,28.40583884,298733530.0,0.0,0.0,0.0,0.0,0.0,0.0,0.0,0.0,0.742912769317627,0.0,0.0,0.0,0.0,0.0,5.0,126.0,6.0,33.0,37.0,10.0,74.0
2020-11-17 10:00:00+00:00,4144070640.0,0.00169205,28.69724626,304099871.0,0.0,0.0,0.0,0.0,0.0,0.0,0.0,0.0,0.0,0.0,0.0,0.0,0.0,0.0,2.0,89.0,5.0,25.0,181.0,21.0,78.0
2020-11-17 12:00:00+00:00,4101977369.0,0.00167461,28.40575486,303535443.0,3.3860586285591125,0.0,0.0,0.0,0.0,0.0,3.3860586285591125,1.516283631324768,0.0,0.0,0.7848479151725769,0.0,0.7314357161521912,0.0,9.0,151.0,2.0,50.0,62.0,21.0,103.0
2020-11-17 14:00:00+00:00,4120857874.0,0.00165122,28.53650034,305112496.0,6.189268231391907,0.0,0.0,0.0,0.0,5.451123833656311,0.7381443977355957,0.8248009085655212,0.8410072922706604,0.0,0.0,0.0,0.8248009085655212,0.0,11.0,113.0,2.0,70.0,95.0,30.0,122.0
2020-11-17 16:00:00+00:00,4111697215.0,0.00160209,28.47306375,312421624.0,21.10304892063141,0.0,0.0,0.0,0.0,18.726009130477905,2.3770397901535034,0.7675250768661499,0.7675250768661499,0.0,0.0,0.0,0.0,0.0,38.0,86.0,4.0,93.0,93.0,34.0,105.0
2020-11-17 18:00:00+00:00,4136375851.0,0.00162195,28.64396067,319776211.0,4.953252792358398,0.0,0.0,0.0,0.0,4.017173230648041,0.9360795617103577,1.61973237991333,1.714563250541687,0.0,0.0,0.0,1.61973237991333,0.0,13.0,57.0,4.0,75.0,81.0,33.0,58.0
2020-11-17 20:00:00+00:00,4123731331.0,0.00162416,28.55639872,317249297.0,6.594625234603882,0.7720162868499756,0.0,0.7479667663574219,0.0,4.192670822143555,1.6539876461029053,0.0,1.725910246372223,0.0,0.0,0.0,0.0,0.0,16.0,64.0,6.0,72.0,101.0,27.0,66.0
2020-11-17 22:00:00+00:00,4120003069.0,0.00161688,28.5305809,320321793.0,8.302335441112518,0.0,0.0,0.0,0.0,8.302335441112518,0.0,0.0,0.8180904984474182,0.0,0.0,0.0,0.0,0.0,12.0,39.0,5.0,59.0,162.0,23.0,48.0
2020-11-18 00:00:00+00:00,4121964343.0,0.00161243,28.54416252,321901389.0,9.762561440467834,0.0,0.0,0.0,0.0,8.90764594078064,0.8549154996871948,0.9627314209938049,0.0,0.0,0.9627314209938049,0.0,0.0,0.0,17.0,57.0,2.0,41.0,60.0,20.0,35.0
2020-11-18 02:00:00+00:00,4098874020.0,0.00158148,28.3842645,319626950.0,7.3628122210502625,0.7744854688644409,0.0,0.8632074594497681,0.0,4.853808045387268,1.6457967162132263,0.7262958884239197,1.5254564881324768,0.0,0.0,0.0,0.0,0.7262958884239197,12.0,60.0,2.0,41.0,41.0,30.0,37.0
2020-11-18 04:00:00+00:00,4036957581.0,0.00159086,27.95549978,344165619.0,2.3409680128097534,0.0,0.0,0.0,0.0,2.3409680128097534,0.0,0.0,0.0,0.0,0.0,0.0,0.0,0.0,8.0,131.0,1.0,48.0,161.0,29.0,49.0
2020-11-18 06:00:00+00:00,4077449823.0,0.00157113,28.23590423,351049662.0,3.3416329622268677,0.0,0.0,0.0,0.0,1.7835129499435425,1.5581200122833252,0.0,0.0,0.0,0.0,0.0,0.0,0.0,8.0,93.0,1.0,29.0,66.0,11.0,60.0
2020-11-18 08:00:00+00:00,4060969979.0,0.00155589,28.12178307,352473993.0,4.428534924983978,0.0,0.0,0.0,0.0,4.428534924983978,0.0,0.8056266903877258,0.0,0.0,0.0,0.0,0.8056266903877258,0.0,9.0,97.0,4.0,42.0,98.0,18.0,75.0
2020-11-18 10:00:00+00:00,4072977155.0,0.00155058,28.20493148,353272475.0,13.699282228946686,0.0,0.0,0.8703189492225647,0.0,9.385386645793915,3.4435766339302063,0.849392294883728,0.0,0.0,0.0,0.0,0.0,0.849392294883728,24.0,125.0,1.0,35.0,54.0,12.0,84.0
2020-11-18 12:00:00+00:00,4024393667.0,0.00155997,27.86849601,346978810.0,4.28949248790741,0.0,0.0,0.0,0.0,4.28949248790741,0.0,0.7853256464004517,0.0,0.0,0.0,0.0,0.7853256464004517,0.0,14.0,131.0,0.0,53.0,43.0,20.0,101.0
2020-11-18 14:00:00+00:00,4035378442.0,0.00156416,27.94456441,351411409.0,2.7070719599723816,1.602293312549591,0.0,0.0,0.0,1.8810968399047852,0.8259751200675964,0.0,0.8150449395179749,0.0,0.0,0.0,0.0,0.0,15.0,130.0,4.0,56.0,277.0,55.0,99.0
2020-11-18 16:00:00+00:00,4033176197.0,0.00156109,27.9293141,340804537.0,3.8876457810401917,0.0,0.0,0.0,0.0,1.5486825108528137,2.338963270187378,0.0,0.0,0.0,0.0,0.0,0.0,0.0,14.0,127.0,2.0,55.0,89.0,35.0,87.0
2020-11-18 18:00:00+00:00,4000462859.0,0.00157211,27.70277773,332691275.0,4.152013957500458,0.0,0.0,0.0,0.0,2.528790533542633,1.6232234239578247,0.0,0.7960140109062195,0.0,0.0,0.0,0.0,0.0,15.0,99.0,4.0,62.0,64.0,21.0,112.0
2020-11-18 20:00:00+00:00,4019546005.0,0.00156677,27.83492648,331210012.0,3.2478193044662476,0.0,0.0,0.0,0.0,1.6089918613433838,1.6388274431228638,1.570481300354004,0.0,0.0,0.0,0.0,0.7029702067375183,0.8675110936164856,11.0,64.0,3.0,56.0,162.0,33.0,59.0
2020-11-18 22:00:00+00:00,4054382129.0,0.00157696,28.07616291,327690836.0,3.264519989490509,0.0,0.0,0.7370057106018066,0.0,0.9298207759857178,1.5976935029029846,0.0,0.7229729294776917,0.0,0.0,0.0,0.0,0.0,8.0,45.0,4.0,42.0,106.0,14.0,44.0
2020-11-19 00:00:00+00:00,4052469174.0,0.00157409,28.0629159,322392102.0,0.7674130797386169,0.0,0.0,0.0,0.0,0.7674130797386169,0.0,0.0,0.0,0.0,0.0,0.0,0.0,0.0,1.0,46.0,1.0,33.0,34.0,10.0,23.0
2020-11-19 02:00:00+00:00,4051739866.0,0.00156941,28.05786552,320683824.0,6.680781900882721,0.0,0.0,0.0,0.0,6.680781900882721,0.0,0.7568521499633789,0.0,0.0,0.0,0.7568521499633789,0.0,0.0,13.0,61.0,4.0,41.0,34.0,7.0,26.0
2020-11-19 04:00:00+00:00,4052715243.0,0.00156916,28.0646199,290649664.0,2.3033058643341064,0.7115447521209717,0.0,0.0,0.0,0.8145864009857178,0.777174711227417,0.7364212870597839,0.0,0.0,0.0,0.0,0.7364212870597839,0.0,10.0,79.0,1.0,24.0,57.0,16.0,38.0
2020-11-19 06:00:00+00:00,4026218422.0,0.00157956,27.88113225,282043458.0,2.475105881690979,0.0,0.0,0.0,0.0,0.8121120929718018,1.6629937887191772,1.487995684146881,0.0,0.0,0.0,0.0,0.0,1.487995684146881,15.0,98.0,8.0,42.0,51.0,13.0,39.0
2020-11-19 08:00:00+00:00,3994176924.0,0.00159038,27.6592483,276144519.0,4.920333504676819,0.0,0.0,0.0,0.0,2.469344675540924,2.4509888291358948,0.0,0.0,0.0,0.0,0.0,0.0,0.0,18.0,85.0,5.0,29.0,93.0,16.0,49.0
2020-11-19 10:00:00+00:00,4059091193.0,0.00158768,28.10877267,278056423.0,0.7764919400215149,0.0,0.0,0.0,0.0,0.0,0.7764919400215149,0.0,0.0,0.0,0.0,0.0,0.0,0.0,7.0,98.0,7.0,34.0,53.0,9.0,50.0
2020-11-19 12:00:00+00:00,4080828366.0,0.00157402,28.25930027,280484857.0,5.94254207611084,3.9310880303382874,0.0,0.0,0.0,2.599958658218384,1.74853515625,1.574645459651947,0.0,0.0,0.0,0.0,1.574645459651947,0.0,11.0,109.0,3.0,44.0,116.0,25.0,66.0
2020-11-19 14:00:00+00:00,4081718659.0,0.001566,28.26546546,274480625.0,17.497447431087494,16.063479244709015,0.0,0.0,0.0,0.725329577922821,1.6286593675613403,0.0,0.0,0.0,0.0,0.0,0.0,0.0,29.0,117.0,5.0,47.0,75.0,28.0,76.0
2020-11-19 16:00:00+00:00,4066681866.0,0.00156902,28.16133727,271291675.0,3.211434304714203,0.0,0.0,0.0,0.0,0.7227084040641785,2.4887259006500244,0.7326367497444153,0.0,0.0,0.0,0.0,0.0,0.7326367497444153,18.0,97.0,5.0,55.0,44.0,18.0,98.0
2020-11-19 18:00:00+00:00,4066651661.0,0.00156827,28.1611281,272103286.0,4.290245592594147,0.797024130821228,0.0,0.0,0.0,1.9122196435928345,1.5810018181800842,0.0,0.8006389141082764,0.0,0.0,0.0,0.0,0.0,13.0,71.0,2.0,45.0,15.0,17.0,68.0
2020-11-19 20:00:00+00:00,4039628435.0,0.00156335,27.97399516,275166541.0,2.582821011543274,0.797024130821228,0.0,0.9169067740440369,0.0,0.8478474020957947,0.8180668354034424,0.0,0.0,0.0,0.0,0.0,0.0,0.0,7.0,86.0,5.0,47.0,53.0,16.0,60.0
2020-11-19 22:00:00+00:00,4056972965.0,0.00157681,28.09410417,282317319.0,1.612088918685913,0.0,0.0,0.0,0.0,0.0,1.612088918685913,0.0,0.0,0.0,0.0,0.0,0.0,0.0,5.0,47.0,4.0,42.0,90.0,33.0,44.0
2020-11-20 00:00:00+00:00,4084537525.0,0.00157939,28.2849858,285278938.0,0.0,0.0,0.0,0.0,0.0,0.0,0.0,0.0,0.0,0.0,0.0,0.0,0.0,0.0,3.0,57.0,5.0,37.0,49.0,31.0,28.0
2020-11-20 02:00:00+00:00,4091692510.0,0.00158074,28.33453331,290128042.0,0.0,0.0,0.0,0.0,0.0,0.0,0.0,0.0,0.0,0.0,0.0,0.0,0.0,0.0,1.0,55.0,15.0,35.0,28.0,22.0,41.0
2020-11-20 04:00:00+00:00,4082421708.0,0.00156181,28.270334,287493316.0,0.0,0.0,0.0,0.0,0.0,0.0,0.0,0.8016077876091003,0.0,0.0,0.0,0.0,0.8016077876091003,0.0,5.0,60.0,0.0,27.0,33.0,38.0,51.0
2020-11-20 06:00:00+00:00,4079834149.0,0.00155411,28.25241543,288106157.0,3.3654847145080566,0.0,0.0,0.0,0.0,2.5838566422462463,0.7816280722618103,0.8843749165534973,0.0,0.0,0.0,0.0,0.8843749165534973,0.0,7.0,71.0,3.0,23.0,93.0,59.0,65.0
2020-11-20 08:00:00+00:00,4078759350.0,0.00155564,28.24497256,292885871.0,0.8073133826255798,0.0,0.0,0.0,0.0,0.0,0.8073133826255798,0.0,0.0,0.0,0.0,0.0,0.0,0.0,6.0,71.0,5.0,33.0,52.0,21.0,86.0
2020-11-20 10:00:00+00:00,4181781191.0,0.00158617,28.95838779,311795507.0,2.4664876461029053,0.0,0.0,0.0,0.0,2.4664876461029053,0.0,1.8730082511901855,0.0,0.0,0.9743914008140564,0.0,0.8986168503761292,0.0,15.0,88.0,3.0,22.0,37.0,20.0,81.0
2020-11-20 12:00:00+00:00,4194065093.0,0.00159179,29.0434525,317134908.0,0.9393804669380188,0.8892401456832886,0.0,0.0,0.0,0.0,0.9393804669380188,0.0,0.7988055348396301,0.0,0.0,0.0,0.0,0.0,6.0,96.0,7.0,55.0,58.0,41.0,111.0
2020-11-20 14:00:00+00:00,4186104303.0,0.0015535,28.98832489,326277168.0,8.996607184410095,0.0,0.0,0.0,0.0,5.052531540393829,3.944075644016266,1.6908794045448303,0.0,0.0,0.0,1.6908794045448303,0.0,0.0,24.0,105.0,5.0,63.0,98.0,69.0,111.0
2020-11-20 16:00:00+00:00,4194912511.0,0.0015584,29.04932078,325893948.0,0.0,0.0,0.0,0.0,0.0,0.0,0.0,0.0,0.0,0.0,0.0,0.0,0.0,0.0,0.0,96.0,11.0,56.0,49.0,57.0,93.0
2020-11-20 18:00:00+00:00,4164381334.0,0.00154987,28.83789565,325795785.0,1.5076538920402527,0.0,0.0,0.0,0.0,0.8033856749534607,0.704268217086792,0.0,0.8260638117790222,0.0,0.0,0.0,0.0,0.0,2.0,92.0,8.0,40.0,63.0,47.0,71.0
2020-11-20 20:00:00+00:00,4151860905.0,0.00154877,28.75119301,322658080.0,1.5236261487007141,0.0,0.0,0.0,0.0,0.0,1.5236261487007141,0.0,0.0,0.0,0.0,0.0,0.0,0.0,7.0,63.0,10.0,58.0,106.0,15.0,56.0
2020-11-20 22:00:00+00:00,4172193980.0,0.00155156,28.89199739,321436881.0,0.0,0.0,0.0,0.0,0.0,0.0,0.0,0.0,0.0,0.0,0.0,0.0,0.0,0.0,6.0,44.0,6.0,48.0,145.0,16.0,46.0
2020-11-21 00:00:00+00:00,4184357983.0,0.00153945,28.97623181,321104588.0,3.9742785692214966,0.0,0.0,0.0,0.0,3.9742785692214966,0.0,0.0,0.7503240704536438,0.0,0.0,0.0,0.0,0.0,7.0,62.0,2.0,42.0,58.0,17.0,40.0
2020-11-21 02:00:00+00:00,4117608509.0,0.0015318,28.51399884,327401278.0,0.0,0.0,0.0,0.0,0.0,0.0,0.0,0.8534853458404541,2.210987865924835,0.0,0.0,0.0,0.8534853458404541,0.0,1.0,65.0,0.0,42.0,58.0,15.0,50.0
2020-11-21 04:00:00+00:00,4121473339.0,0.00153215,28.54076237,328218276.0,4.13340163230896,1.6930385828018188,0.0,0.0,0.0,3.3077491521835327,0.8256524801254272,0.0,0.0,0.0,0.0,0.0,0.0,0.0,7.0,51.0,1.0,38.0,42.0,7.0,58.0
2020-11-21 06:00:00+00:00,4163510891.0,0.00154577,28.83186792,326419835.0,0.7090471982955933,0.7607120871543884,0.0,0.0,0.0,0.7090471982955933,0.0,0.968671441078186,0.0,0.0,0.0,0.0,0.968671441078186,0.0,9.0,64.0,8.0,34.0,27.0,12.0,56.0
2020-11-21 08:00:00+00:00,4226330981.0,0.00157174,29.26689033,333312615.0,4.199808359146118,0.0,0.0,0.0,0.0,4.199808359146118,0.0,0.0,1.6840265393257141,0.0,0.0,0.0,0.0,0.0,11.0,73.0,6.0,43.0,41.0,13.0,72.0
2020-11-21 10:00:00+00:00,4173408582.0,0.00156178,28.90040837,327065574.0,1.5755322575569153,0.8049314618110657,0.0,0.0,0.0,0.8362770676612854,0.7392551898956299,0.0,0.0,0.0,0.0,0.0,0.0,0.0,7.0,73.0,2.0,30.0,62.0,9.0,89.0
2020-11-21 12:00:00+00:00,4233264110.0,0.00156267,29.31490151,330014234.0,2.5922441482543945,0.0,0.0,0.0,0.0,1.8821667432785034,0.7100774049758911,0.0,0.0,0.0,0.0,0.0,0.0,0.0,8.0,96.0,5.0,50.0,44.0,23.0,102.0
2020-11-21 14:00:00+00:00,4384358557.0,0.00161956,30.36121441,359386908.0,4.973150610923767,0.7466175556182861,0.0,0.0,0.0,2.5721287727355957,2.4010218381881714,0.0,0.7066284418106079,0.0,0.0,0.0,0.0,0.0,13.0,114.0,3.0,78.0,64.0,21.0,92.0
2020-11-21 16:00:00+00:00,4381847966.0,0.00162193,30.34382883,395391499.0,4.466586589813232,0.0,0.0,0.0,1.5379210710525513,1.4921156167984009,1.4365499019622803,0.7851972579956055,2.98584121465683,0.0,0.0,0.7851972579956055,0.0,0.0,31.0,149.0,8.0,71.0,49.0,22.0,134.0
2020-11-21 18:00:00+00:00,4371954806.0,0.00162366,30.27531976,404492005.0,2.444395899772644,0.0,0.0,0.0,0.0,1.5151492357254028,0.9292466640472412,0.0,0.0,0.0,0.0,0.0,0.0,0.0,4.0,130.0,7.0,49.0,61.0,35.0,88.0
2020-11-21 20:00:00+00:00,4391103543.0,0.00163282,30.40792271,410737015.0,0.0,0.8258049488067627,0.0,0.0,0.0,0.0,0.0,0.0,0.0,0.0,0.0,0.0,0.0,0.0,5.0,107.0,7.0,57.0,78.0,32.0,59.0
2020-11-21 22:00:00+00:00,4388701800.0,0.00163024,30.3912909,419204706.0,0.0,0.0,0.0,0.0,0.0,0.0,0.0,0.80328768491745,0.0,0.0,0.0,0.0,0.0,0.80328768491745,4.0,92.0,6.0,55.0,146.0,32.0,33.0
2020-11-22 00:00:00+00:00,4335261997.0,0.00163481,30.02122598,450535053.0,1.4716609716415405,0.0,0.0,0.0,0.0,1.4716609716415405,0.0,1.7092463970184326,0.0,0.0,0.0,0.8932728171348572,0.8159735798835754,0.0,10.0,86.0,6.0,72.0,43.0,56.0,57.0
2020-11-22 02:00:00+00:00,4388433924.0,0.00164235,30.38943589,455585526.0,2.4033308625221252,0.0,0.0,0.7206651568412781,0.0,1.6826657056808472,0.0,0.0,0.0,0.0,0.0,0.0,0.0,0.0,5.0,100.0,3.0,55.0,34.0,9.0,97.0
2020-11-22 04:00:00+00:00,4342464370.0,0.00162956,30.07110164,454367373.0,1.5913187265396118,0.7786058187484741,0.0,0.0,0.0,0.0,1.5913187265396118,2.5805468559265137,0.0,2.5805468559265137,0.0,0.0,0.0,0.0,11.0,112.0,6.0,38.0,16.0,10.0,102.0
2020-11-22 06:00:00+00:00,4317351566.0,0.0016228,29.89719816,467207270.0,0.0,0.0,0.0,0.0,0.0,0.0,0.0,0.0,0.0,0.0,0.0,0.0,0.0,0.0,2.0,95.0,3.0,22.0,36.0,36.0,110.0
2020-11-22 08:00:00+00:00,4356289767.0,0.00165327,30.16684103,474278110.0,1.606801688671112,0.0,0.0,0.0,0.0,0.8303097486495972,0.7764919400215149,0.0,0.9249099493026733,0.0,0.0,0.0,0.0,0.0,4.0,123.0,2.0,31.0,94.0,81.0,110.0
2020-11-22 10:00:00+00:00,4207921979.0,0.00164544,29.13940996,470014764.0,0.0,0.7241266965866089,0.0,0.0,0.0,0.0,0.0,0.0,1.5204468369483948,0.0,0.0,0.0,0.0,0.0,3.0,146.0,1.0,30.0,281.0,246.0,145.0
2020-11-22 12:00:00+00:00,4277248762.0,0.00163084,29.61949052,478361400.0,3.401239037513733,0.0,0.0,0.0,0.0,0.8773351311683655,2.5239039063453674,1.5782517790794373,0.0,0.0,0.0,0.0,1.5782517790794373,0.0,12.0,147.0,3.0,33.0,63.0,59.0,190.0
2020-11-22 14:00:00+00:00,4299245840.0,0.00162818,29.77181793,455363265.0,0.0,0.0,0.0,0.0,0.0,0.0,0.0,0.7435100078582764,0.0,0.0,0.0,0.0,0.0,0.7435100078582764,8.0,161.0,5.0,46.0,36.0,39.0,174.0
2020-11-22 16:00:00+00:00,4340486788.0,0.00162996,30.05740709,428487540.0,0.822043776512146,0.0,0.0,0.0,0.0,0.822043776512146,0.0,0.0,0.9395726919174194,0.0,0.0,0.0,0.0,0.0,3.0,108.0,6.0,53.0,69.0,50.0,187.0
2020-11-22 18:00:00+00:00,4410580191.0,0.00164881,30.54279642,429693670.0,0.783284068107605,6.754114210605621,0.0,0.0,0.0,0.783284068107605,0.0,0.0,1.4174695014953613,0.0,0.0,0.0,0.0,0.0,4.0,86.0,5.0,56.0,72.0,18.0,102.0
2020-11-22 20:00:00+00:00,4399749393.0,0.00164024,30.4677943,433821077.0,0.0,0.0,0.0,0.0,0.0,0.0,0.0,1.6396819353103638,0.0,0.0,0.8526583313941956,0.7870236039161682,0.0,0.0,6.0,68.0,1.0,71.0,146.0,43.0,95.0
2020-11-22 22:00:00+00:00,4321376636.0,0.00162902,29.92507133,426289161.0,0.0,0.0,0.0,0.0,0.0,0.0,0.0,0.0,0.0,0.0,0.0,0.0,0.0,0.0,3.0,62.0,4.0,51.0,113.0,42.0,57.0
2020-11-23 00:00:00+00:00,4415254842.0,0.001682,30.57516788,421669950.0,0.0,0.0,0.0,0.0,0.0,0.0,0.0,1.563536822795868,0.0,0.0,0.800508975982666,0.7630278468132019,0.0,0.0,5.0,84.0,0.0,37.0,62.0,20.0,37.0
2020-11-23 02:00:00+00:00,4404979471.0,0.00165788,30.50401203,420923896.0,0.0,0.0,0.0,0.0,0.0,0.0,0.0,0.0,0.0,0.0,0.0,0.0,0.0,0.0,7.0,152.0,3.0,43.0,42.0,20.0,41.0
2020-11-23 04:00:00+00:00,4408206373.0,0.00165418,30.52635798,425825390.0,0.0,0.0,0.0,0.0,0.0,0.0,0.0,0.0,0.0,0.0,0.0,0.0,0.0,0.0,3.0,119.0,3.0,35.0,29.0,8.0,56.0
2020-11-23 06:00:00+00:00,4406307386.0,0.00165341,30.5132077,422093212.0,0.0,0.8372701406478882,0.0,0.0,0.0,0.0,0.0,0.0,0.0,0.0,0.0,0.0,0.0,0.0,7.0,201.0,3.0,34.0,22.0,16.0,42.0
2020-11-23 08:00:00+00:00,4465669607.0,0.00166436,30.92428473,422847796.0,0.7381675243377686,0.8203316330909729,0.0,0.0,0.0,0.7381675243377686,0.0,0.0,3.3936901688575745,0.0,0.0,0.0,0.0,0.0,3.0,196.0,7.0,35.0,40.0,24.0,73.0
2020-11-23 10:00:00+00:00,4424477919.0,0.00164923,30.6390367,412156118.0,1.7208059430122375,0.0,0.0,0.0,0.0,0.8895464539527893,0.8312594890594482,0.0,0.8392351865768433,0.0,0.0,0.0,0.0,0.0,4.0,209.0,1.0,46.0,56.0,12.0,73.0
2020-11-23 12:00:00+00:00,4377032648.0,0.00163787,30.31048327,407708788.0,0.8957638740539551,0.0,0.0,0.0,0.0,0.0,0.8957638740539551,0.714181661605835,0.0,0.0,0.0,0.0,0.714181661605835,0.0,12.0,243.0,3.0,50.0,120.0,31.0,78.0
2020-11-23 14:00:00+00:00,4348002262.0,0.00165016,30.10945095,423564400.0,0.7008885741233826,0.0,0.0,0.0,0.0,0.0,0.7008885741233826,0.7631081342697144,1.583864986896515,0.0,0.0,0.7631081342697144,0.0,0.0,7.0,151.0,2.0,94.0,102.0,37.0,106.0
2020-11-23 16:00:00+00:00,4378423032.0,0.0016553,30.32011153,429419364.0,0.8177443146705627,0.0,0.0,0.0,0.8177443146705627,0.0,0.0,0.8881281614303589,0.0,0.0,0.0,0.8881281614303589,0.0,0.0,10.0,219.0,8.0,73.0,48.0,47.0,110.0
2020-11-23 18:00:00+00:00,4385314504.0,0.00165163,30.36783424,422544341.0,0.0,0.0,0.0,0.0,0.0,0.0,0.0,0.0,0.0,0.0,0.0,0.0,0.0,0.0,6.0,160.0,7.0,83.0,38.0,23.0,72.0
2020-11-23 20:00:00+00:00,4415896956.0,0.00166165,30.57961445,426059777.0,0.0,0.0,0.0,0.0,0.0,0.0,0.0,0.0,0.0,0.0,0.0,0.0,0.0,0.0,6.0,125.0,5.0,48.0,80.0,21.0,52.0
2020-11-23 22:00:00+00:00,4471602512.0,0.00168619,30.96536947,433686948.0,2.417752504348755,0.0,0.0,0.7766568660736084,0.8976932168006897,0.0,0.7434024214744568,0.0,0.7131478786468506,0.0,0.0,0.0,0.0,0.0,6.0,116.0,5.0,81.0,51.0,12.0,39.0
2020-11-24 00:00:00+00:00,4595547653.0,0.00172435,31.82367632,466485528.0,0.7609327435493469,8.715809881687164,0.7609327435493469,0.0,0.0,0.0,0.0,2.4291998147964478,7.371182799339294,0.0,2.4291998147964478,0.0,0.0,0.0,9.0,146.0,4.0,66.0,36.0,20.0,30.0
2020-11-24 02:00:00+00:00,4759595241.0,0.00180289,32.95968834,534585344.0,0.7084256410598755,3.907409906387329,0.0,0.0,0.0,0.0,0.0,0.0,1.4708811044692993,0.0,0.0,0.0,0.0,0.0,11.0,176.0,13.0,70.0,26.0,12.0,48.0
2020-11-24 04:00:00+00:00,4819019676.0,0.00182235,33.3711962,581604872.0,1.6048489809036255,2.58064204454422,0.0,0.0,0.0,0.7615025043487549,0.0,1.7161722779273987,0.0,0.9443044066429138,0.0,0.7718678712844849,0.0,0.0,13.0,138.0,8.0,57.0,39.0,17.0,38.0
2020-11-24 06:00:00+00:00,4785744974.0,0.00180385,33.14077244,630653773.0,0.7788861989974976,0.0,0.0,0.0,0.0,0.7788861989974976,0.0,0.8493018746376038,0.0,0.0,0.8493018746376038,0.0,0.0,0.0,7.0,207.0,9.0,47.0,61.0,26.0,63.0
2020-11-24 08:00:00+00:00,4867141200.0,0.00177808,33.70443261,707628398.0,3.104850649833679,1.5464508533477783,0.0,0.7042534947395325,0.0,2.4005971550941467,0.0,0.0,1.463999629020691,0.0,0.0,0.0,0.0,0.0,11.0,215.0,4.0,46.0,97.0,11.0,38.0
2020-11-24 10:00:00+00:00,4779822999.0,0.00174601,33.0997634,758637957.0,0.7622570395469666,0.0,0.0,0.0,0.0,0.7622570395469666,0.0,0.0,6.609120786190033,0.0,0.0,0.0,0.0,0.0,8.0,181.0,4.0,32.0,84.0,31.0,57.0
2020-11-24 12:00:00+00:00,4806285242.0,0.00173686,33.2830116,792252290.0,1.525475800037384,0.0,0.0,0.0,0.7659996151924133,0.0,0.7594761848449707,0.0,0.0,0.0,0.0,0.0,0.0,0.0,17.0,210.0,4.0,59.0,93.0,30.0,86.0
2020-11-24 14:00:00+00:00,4781073493.0,0.0017170965880321859,33.10842293796491,794939561.0,1.4460009932518005,0.0,0.0,0.0,0.0,0.7231265306472778,0.7228744626045227,0.7219487428665161,0.0,0.0,0.0,0.0,0.0,0.7219487428665161,11.0,175.0,2.0,86.0,57.0,30.0,67.0
2020-11-24 16:00:00+00:00,4816180417.0,0.00174254,33.35153463,815701299.0,1.5597246289253235,2.9833374619483948,0.0,0.0,0.8268757462501526,0.7328488826751709,0.0,1.5594279766082764,0.8976805806159973,0.0,0.8515626192092896,0.7078653573989868,0.0,0.0,11.0,189.0,2.0,98.0,53.0,42.0,92.0
2020-11-24 18:00:00+00:00,4773314349.0,0.00172805,33.0546917,813795431.0,3.993547022342682,0.0,0.0,0.0,0.0,1.5132344961166382,2.4803125262260437,1.5624117851257324,0.0,0.0,0.0,0.7142183184623718,0.8481934666633606,0.0,20.0,167.0,10.0,89.0,63.0,38.0,60.0
2020-11-24 20:00:00+00:00,4768722717.0,0.00175196,33.02289513,819173153.0,0.7686627507209778,2.321067750453949,0.0,0.0,0.0,0.0,0.7686627507209778,0.0,0.0,0.0,0.0,0.0,0.0,0.0,8.0,114.0,2.0,82.0,557.0,59.0,46.0
2020-11-24 22:00:00+00:00,4881396848.0,0.00176911,33.80315145,840230024.0,3.110637903213501,0.0,0.0,0.0,0.0,1.5387654304504395,1.5718724727630615,0.9781439304351807,2.2755032181739807,0.0,0.0,0.9781439304351807,0.0,0.0,13.0,102.0,9.0,61.0,122.0,20.0,56.0
2020-11-25 00:00:00+00:00,4992019588.0,0.00181577,34.5692021,880842250.0,0.0,0.0,0.0,0.0,0.0,0.0,0.0,0.0,0.8008705973625183,0.0,0.0,0.0,0.0,0.0,20.0,82.0,13.0,71.0,66.0,20.0,33.0
2020-11-25 02:00:00+00:00,4707818733.0,0.00173535,32.60114155,819480757.0,1.6790778636932373,0.0,0.0,0.0,0.0,1.6790778636932373,0.0,0.9545493721961975,1.4521044492721558,0.0,0.0,0.0,0.9545493721961975,0.0,15.0,74.0,9.0,54.0,58.0,28.0,37.0
2020-11-25 04:00:00+00:00,4754785786.0,0.00174617,32.92638338,817474979.0,4.252400636672974,0.0,0.0,0.0,0.0,3.3655431270599365,0.8868575096130371,0.0,0.0,0.0,0.0,0.0,0.0,0.0,7.0,73.0,3.0,40.0,25.0,26.0,35.0
2020-11-25 06:00:00+00:00,4779206151.0,0.00174642,33.09549179,768483463.0,0.8466846942901611,0.0,0.0,0.0,0.0,0.8466846942901611,0.0,0.0,0.0,0.0,0.0,0.0,0.0,0.0,7.0,84.0,8.0,38.0,18.0,20.0,66.0
2020-11-25 08:00:00+00:00,4826091727.0,0.00174963,33.4201694,704859821.0,2.6502575874328613,0.0,0.0,1.8447272181510925,0.0,0.0,0.8055303692817688,0.9941284656524658,0.9941284656524658,0.0,0.0,0.0,0.0,0.0,7.0,83.0,5.0,58.0,40.0,18.0,59.0
2020-11-25 10:00:00+00:00,4865995923.0,0.00174922,33.69650169,659029264.0,0.8628155589103699,0.0,0.0,0.0,0.0,0.8628155589103699,0.0,0.0,0.0,0.0,0.0,0.0,0.0,0.0,7.0,90.0,4.0,57.0,45.0,24.0,72.0
2020-11-25 12:00:00+00:00,4736248564.0,0.00170661,32.7980151,619186955.0,0.0,0.0,0.0,0.0,0.0,0.0,0.0,0.0,0.0,0.0,0.0,0.0,0.0,0.0,4.0,117.0,5.0,56.0,46.0,27.0,68.0
2020-11-25 14:00:00+00:00,4751119507.0,0.0017207,32.90099479,603458584.0,0.9219920635223389,0.0,0.0,0.0,0.0,0.9219920635223389,0.0,0.9958065748214722,0.8117265105247498,0.0,0.9958065748214722,0.0,0.0,0.0,8.0,113.0,2.0,79.0,35.0,29.0,78.0
2020-11-25 16:00:00+00:00,4754762315.0,0.00173296,32.92622084,593271835.0,0.7217018008232117,0.0,0.0,0.0,0.0,0.0,0.7217018008232117,1.7228158712387085,1.6234530210494995,0.0,0.0,1.7228158712387085,0.0,0.0,11.0,141.0,4.0,91.0,72.0,22.0,74.0
2020-11-25 18:00:00+00:00,4692264208.0,0.00171381,32.49342813,587471759.0,0.0,1.4894858002662659,0.0,0.0,0.0,0.0,0.0,0.0,0.0,0.0,0.0,0.0,0.0,0.0,6.0,140.0,12.0,70.0,35.0,25.0,84.0
2020-11-25 20:00:00+00:00,4639833481.0,0.00170451,32.13035095,596910051.0,1.615026831626892,0.0,0.0,0.8192190527915955,0.0,0.0,0.7958077788352966,0.7906562685966492,0.0,0.0,0.0,0.7906562685966492,0.0,0.0,7.0,115.0,4.0,62.0,343.0,57.0,39.0
2020-11-25 22:00:00+00:00,4526129072.0,0.00167322,31.34296007,599500600.0,0.0,0.0,0.0,0.0,0.0,0.0,0.0,0.9164599180221558,0.0,0.0,0.0,0.0,0.9164599180221558,0.0,3.0,86.0,2.0,52.0,247.0,27.0,22.0
2020-11-26 00:00:00+00:00,4550712267.0,0.00167615,31.51319607,547446701.0,0.752251386642456,0.0,0.0,0.0,0.0,0.0,0.752251386642456,0.0,1.4963905215263367,0.0,0.0,0.0,0.0,0.0,1.0,73.0,2.0,47.0,52.0,15.0,32.0
2020-11-26 02:00:00+00:00,4312361282.0,0.00166254,29.86264097,564323456.0,0.7404701709747314,0.7404701709747314,0.0,0.0,0.0,0.0,0.0,0.7061437368392944,0.0,0.0,0.0,0.7061437368392944,0.0,0.0,6.0,69.0,2.0,37.0,170.0,38.0,41.0
2020-11-26 04:00:00+00:00,4278142098.0,0.00165577,29.62567678,567138880.0,1.6770606637001038,0.0,0.0,0.0,0.0,1.6770606637001038,0.0,0.0,0.7944522500038147,0.0,0.0,0.0,0.0,0.0,4.0,68.0,5.0,31.0,138.0,16.0,42.0
2020-11-26 06:00:00+00:00,4224989474.0,0.00166716,29.25760054,574619361.0,2.466292083263397,0.0,0.0,0.0,0.0,0.7953159213066101,1.670976161956787,0.7707984447479248,0.0,0.0,0.0,0.0,0.7707984447479248,0.0,8.0,100.0,5.0,42.0,53.0,18.0,57.0
2020-11-26 08:00:00+00:00,4084001747.0,0.00166096,28.2812756,619576696.0,2.4888702630996704,0.0,0.0,0.0,0.0,0.0,2.4888702630996704,0.0,0.826887309551239,0.0,0.0,0.0,0.0,0.0,9.0,140.0,6.0,62.0,156.0,38.0,60.0
2020-11-26 10:00:00+00:00,4100138761.0,0.00165925,28.39302269,629211583.0,0.7390183806419373,0.7390183806419373,0.0,0.0,0.0,0.0,0.0,1.5588709712028503,0.9490730166435242,0.0,0.0,0.0,0.8560938835144043,0.702777087688446,6.0,170.0,4.0,40.0,79.0,14.0,63.0
2020-11-26 12:00:00+00:00,4060277942.0,0.00163805,28.11699078,633131990.0,0.0,1.5834239721298218,0.0,0.0,0.0,0.0,0.0,0.0,0.0,0.0,0.0,0.0,0.0,0.0,3.0,161.0,6.0,47.0,106.0,22.0,106.0
2020-11-26 14:00:00+00:00,4054126064.0,0.00165835,28.07438969,647183177.0,3.2564664483070374,0.0,0.0,0.0,0.0,0.717157781124115,2.5393086671829224,1.6459771990776062,0.0,0.0,0.0,0.8260080814361572,0.819969117641449,0.0,10.0,131.0,6.0,51.0,79.0,29.0,112.0
2020-11-26 16:00:00+00:00,3978503938.0,0.00165205,27.55071455,655487443.0,1.5383362770080566,0.8727256655693054,0.0,0.0,0.0,0.737330436706543,0.8010058403015137,0.8967775702476501,0.0,0.0,0.8967775702476501,0.0,0.0,0.0,9.0,116.0,6.0,68.0,91.0,42.0,90.0
2020-11-26 18:00:00+00:00,3899338304.0,0.00162915,27.002501,669938188.0,3.967157244682312,0.0,0.0,0.0,0.0,3.967157244682312,0.0,0.7526805400848389,0.0,0.0,0.0,0.0,0.0,0.7526805400848389,11.0,118.0,8.0,72.0,84.0,23.0,76.0
2020-11-26 20:00:00+00:00,4027982764.0,0.00162636,27.89335013,678638481.0,3.1640843749046326,0.0,0.0,0.0,0.0,3.1640843749046326,0.0,0.8354059457778931,0.0,0.0,0.0,0.0,0.8354059457778931,0.0,21.0,79.0,5.0,42.0,343.0,39.0,51.0
2020-11-26 22:00:00+00:00,4072974928.0,0.00164454,28.20491606,659590250.0,1.6532548666000366,0.0,0.0,0.0,0.0,0.8260059952735901,0.8272488713264465,0.984266996383667,0.7229778170585632,0.0,0.0,0.984266996383667,0.0,0.0,5.0,69.0,4.0,41.0,87.0,7.0,33.0
2020-11-27 00:00:00+00:00,4119444198.0,0.00164546,28.52671079,661004203.0,1.6839370131492615,0.0,0.0,0.0,0.0,0.8647680282592773,0.8191689848899841,0.0,0.0,0.0,0.0,0.0,0.0,0.0,3.0,113.0,1.0,44.0,43.0,17.0,21.0
2020-11-27 02:00:00+00:00,4105781849.0,0.00166334,28.43210048,593220283.0,0.8187675476074219,0.0,0.0,0.0,0.0,0.8187675476074219,0.0,0.0,0.0,0.0,0.0,0.0,0.0,0.0,5.0,209.0,0.0,25.0,42.0,12.0,34.0
2020-11-27 04:00:00+00:00,4117591575.0,0.0016493,28.51388157,564859782.0,2.229114592075348,0.0,0.0,0.0,0.0,2.229114592075348,0.0,0.0,0.0,0.0,0.0,0.0,0.0,0.0,6.0,150.0,2.0,24.0,38.0,16.0,53.0
2020-11-27 06:00:00+00:00,4082948486.0,0.0016543,28.27398188,537653391.0,0.8029420375823975,1.734618365764618,0.0,0.0,0.0,0.8029420375823975,0.0,0.0,0.0,0.0,0.0,0.0,0.0,0.0,6.0,148.0,2.0,42.0,32.0,23.0,55.0
2020-11-27 08:00:00+00:00,3988523614.0,0.00165332,27.62009973,476752469.0,0.8072874546051025,0.8072874546051025,0.0,0.0,0.0,0.0,0.0,0.9246023893356323,0.0,0.0,0.0,0.0,0.0,0.9246023893356323,4.0,176.0,2.0,16.0,68.0,24.0,41.0
2020-11-27 10:00:00+00:00,3998413382.0,0.00164353,27.68858532,460646855.0,0.0,0.0,0.0,0.0,0.0,0.0,0.0,0.0,0.0,0.0,0.0,0.0,0.0,0.0,3.0,181.0,2.0,28.0,26.0,14.0,56.0
2020-11-27 12:00:00+00:00,4043993878.0,0.00165369,28.00422538,444295201.0,3.456539750099182,6.029504656791687,0.0,0.0,0.9292901158332825,2.5272496342658997,0.0,0.8737642168998718,0.8737642168998718,0.0,0.0,0.0,0.0,0.0,12.0,200.0,9.0,35.0,25.0,10.0,81.0
2020-11-27 14:00:00+00:00,3966992945.0,0.00165867,27.47100215,423198310.0,1.7397640347480774,0.9225214719772339,0.0,0.0,0.0,1.7397640347480774,0.0,2.3597940802574158,0.9761336445808411,0.0,0.0,0.0,2.3597940802574158,0.0,16.0,186.0,3.0,28.0,65.0,30.0,96.0
2020-11-27 16:00:00+00:00,4024815838.0,0.00166463,27.871419500000002,397855349.0,6.537655293941498,2.6685083508491516,0.0,0.0,0.0,4.91098940372467,1.6266658902168274,0.7331199049949646,0.8858333826065063,0.0,0.0,0.0,0.7331199049949646,0.0,13.0,179.0,7.0,46.0,42.0,18.0,69.0
2020-11-27 18:00:00+00:00,4046405460.0,0.00166531,28.02092533,373347212.0,4.809276819229126,1.5450974106788635,0.0,0.0,0.0,1.646777331829071,3.162499487400055,0.0,2.519944965839386,0.0,0.0,0.0,0.0,0.0,10.0,154.0,3.0,32.0,27.0,21.0,63.0
2020-11-27 20:00:00+00:00,4076043534.0,0.00165739,28.22616582,360697573.0,4.2115859389305115,3.405271828174591,0.0,0.0,0.0,4.2115859389305115,0.0,0.0,3.205599308013916,0.0,0.0,0.0,0.0,0.0,10.0,153.0,2.0,39.0,232.0,39.0,51.0
2020-11-27 22:00:00+00:00,4112003794.0,0.0016644,28.47518678,361093513.0,1.7001548409461975,4.155254304409027,0.0,0.0,0.0,1.7001548409461975,0.0,0.0,0.966643214225769,0.0,0.0,0.0,0.0,0.0,6.0,140.0,2.0,40.0,42.0,12.0,34.0
2020-11-28 00:00:00+00:00,4115286674.0,0.001661,28.49792037,353402989.0,1.8457648158073425,0.0,0.0,0.0,0.0,1.8457648158073425,0.0,0.7496044635772705,0.8444275856018066,0.0,0.0,0.0,0.7496044635772705,0.0,5.0,121.0,1.0,38.0,27.0,15.0,31.0
2020-11-28 02:00:00+00:00,4077741350.0,0.00165912,28.23792302,341983425.0,0.7665927410125732,0.819426417350769,0.0,0.0,0.0,0.7665927410125732,0.0,0.8925101161003113,0.7717736959457397,0.0,0.0,0.0,0.0,0.8925101161003113,6.0,126.0,1.0,41.0,19.0,16.0,59.0
2020-11-28 04:00:00+00:00,4058436316.0,0.00165523,28.10423772,331305870.0,0.0,0.0,0.0,0.0,0.0,0.0,0.0,0.0,0.8607448935508728,0.0,0.0,0.0,0.0,0.0,9.0,141.0,4.0,20.0,34.0,12.0,70.0
2020-11-28 06:00:00+00:00,4075755036.0,0.00165617,28.22416801,327500313.0,0.0,1.6541963815689087,0.0,0.0,0.0,0.0,0.0,0.0,0.0,0.0,0.0,0.0,0.0,0.0,3.0,153.0,8.0,20.0,36.0,19.0,97.0
2020-11-28 08:00:00+00:00,4069500861.0,0.00166241,28.18085851,305555175.0,1.593111515045166,0.0,0.0,0.0,0.0,1.593111515045166,0.0,0.0,0.7212750315666199,0.0,0.0,0.0,0.0,0.0,5.0,150.0,3.0,30.0,32.0,5.0,74.0
2020-11-28 10:00:00+00:00,4140668262.0,0.00166957,28.67368516,303816764.0,0.7997662425041199,0.0,0.0,0.7997662425041199,0.0,0.0,0.0,0.0,0.0,0.0,0.0,0.0,0.0,0.0,5.0,126.0,7.0,25.0,28.0,12.0,66.0
2020-11-28 12:00:00+00:00,4199436300.0,0.00167783,29.08064754,303944865.0,0.8007055521011353,0.9522220492362976,0.0,0.0,0.0,0.8007055521011353,0.0,0.0,0.0,0.0,0.0,0.0,0.0,0.0,15.0,190.0,6.0,35.0,43.0,19.0,136.0
2020-11-28 14:00:00+00:00,4252538778.0,0.00168873,29.44837653,310849235.0,4.15353786945343,1.6293525099754333,0.0,0.0,0.0,3.24426805973053,0.9092698097229004,1.530346155166626,0.0,0.7025976181030273,0.0,0.0,0.8277485370635986,0.0,15.0,168.0,11.0,58.0,51.0,27.0,95.0
2020-11-28 16:00:00+00:00,4246608172.0,0.00165883,29.40730771,321796591.0,0.8517376184463501,0.0,0.0,0.0,0.0,0.8517376184463501,0.0,0.0,0.7457717061042786,0.0,0.0,0.0,0.0,0.0,10.0,283.0,2.0,59.0,79.0,22.0,130.0
2020-11-28 18:00:00+00:00,4235072566.0,0.00164539,29.32742487,336701004.0,2.3948596119880676,0.9063003063201904,0.0,0.0,0.0,0.8833339810371399,1.5115256309509277,0.0,0.0,0.0,0.0,0.0,0.0,0.0,11.0,134.0,9.0,40.0,33.0,21.0,93.0
2020-11-28 20:00:00+00:00,4224967169.0,0.00164864,29.25744608,334790308.0,2.7062251567840576,1.5620478987693787,0.0,0.0,0.0,1.7519898414611816,0.954235315322876,1.5009435415267944,1.4585665464401245,0.0,0.0,0.0,0.7607158422470093,0.0,12.0,157.0,4.0,37.0,217.0,42.0,54.0
2020-11-28 22:00:00+00:00,4208572006.0,0.00164493,29.14391133,338275296.0,1.4815061688423157,0.0,0.0,0.0,0.0,0.7071389555931091,0.7743672132492065,0.0,0.0,0.0,0.0,0.0,0.0,0.0,4.0,123.0,1.0,23.0,125.0,21.0,46.0
2020-11-29 00:00:00+00:00,4204372512.0,0.00165611,29.11483028,342341623.0,3.321347177028656,0.0,0.0,0.0,0.0,0.8193963170051575,2.5019508600234985,0.7422581315040588,0.0,0.0,0.0,0.0,0.0,0.7422581315040588,7.0,120.0,2.0,27.0,58.0,13.0,43.0
2020-11-29 02:00:00+00:00,4242159081.0,0.00165223,29.37649823,346902446.0,0.0,0.0,0.0,0.0,0.0,0.0,0.0,0.0,0.0,0.0,0.0,0.0,0.0,0.0,2.0,146.0,0.0,28.0,65.0,15.0,77.0
2020-11-29 04:00:00+00:00,4206292118.0,0.00163656,29.12812334,347106198.0,2.6215209364891052,0.0,0.0,0.0,0.0,0.0,2.6215209364891052,0.0,0.0,0.0,0.0,0.0,0.0,0.0,7.0,159.0,0.0,26.0,76.0,12.0,96.0
2020-11-29 06:00:00+00:00,4218695612.0,0.00163276,29.21401622,353457094.0,0.0,0.0,0.0,0.0,0.0,0.0,0.0,0.0,0.0,0.0,0.0,0.0,0.0,0.0,5.0,139.0,2.0,12.0,28.0,6.0,83.0
2020-11-29 08:00:00+00:00,4288836492.0,0.00164124,29.69973432,367283506.0,3.5421677827835083,0.0,0.0,0.0,0.0,3.5421677827835083,0.0,0.0,0.0,0.0,0.0,0.0,0.0,0.0,10.0,170.0,1.0,24.0,50.0,16.0,109.0
2020-11-29 10:00:00+00:00,4276689133.0,0.00163417,29.61561515,370614091.0,6.6774619817733765,0.0,0.0,0.0,0.0,0.8814449310302734,5.796017050743103,0.7346392273902893,0.0,0.0,0.0,0.0,0.7346392273902893,0.0,21.0,153.0,4.0,27.0,39.0,18.0,113.0
2020-11-29 12:00:00+00:00,4308076085.0,0.00165079,29.83296644,367635485.0,17.6506667137146,0.0,0.0,0.0,0.0,16.078953206539154,1.5717135071754456,0.0,0.0,0.0,0.0,0.0,0.0,0.0,161.0,160.0,5.0,39.0,61.0,864.0,182.0
2020-11-29 14:00:00+00:00,4305175440.0,0.00164692,29.81287978,353577255.0,6.617879688739777,0.0,0.0,0.0,0.0,6.617879688739777,0.0,0.0,0.0,0.0,0.0,0.0,0.0,0.0,38.0,181.0,3.0,53.0,47.0,261.0,254.0
2020-11-29 16:00:00+00:00,4319334575.0,0.00165178,29.91093028,352427322.0,15.75953072309494,0.7422221899032593,0.0,0.0,0.0,15.75953072309494,0.0,0.0,0.8356675505638123,0.0,0.0,0.0,0.0,0.0,64.0,177.0,1.0,47.0,42.0,240.0,186.0
2020-11-29 18:00:00+00:00,4300360128.0,0.00165047,29.77953426,343677522.0,6.224850654602051,0.838001012802124,0.0,0.0,0.0,5.354062795639038,0.8707878589630127,0.0,0.0,0.0,0.0,0.0,0.0,0.0,47.0,167.0,4.0,47.0,19.0,134.0,115.0
2020-11-29 20:00:00+00:00,4377789342.0,0.00166267,30.3157233,348163284.0,3.8376296162605286,0.0,0.0,0.0,0.0,2.930647611618042,0.9069820046424866,0.822212278842926,0.0,0.0,0.0,0.0,0.0,0.822212278842926,30.0,163.0,1.0,35.0,127.0,94.0,61.0
2020-11-29 22:00:00+00:00,4349179641.0,0.00165686,30.11760417,347773041.0,3.8127660155296326,0.8321036696434021,0.0,0.0,0.0,3.0001317262649536,0.812634289264679,0.0,1.6204251050949097,0.0,0.0,0.0,0.0,0.0,33.0,110.0,0.0,55.0,142.0,106.0,71.0
2020-11-30 00:00:00+00:00,4394806874.0,0.00164972,30.43356789,352035493.0,1.584118127822876,0.710118293762207,0.0,0.0,0.0,1.584118127822876,0.0,0.0,0.756905734539032,0.0,0.0,0.0,0.0,0.0,14.0,121.0,2.0,44.0,59.0,80.0,38.0
2020-11-30 02:00:00+00:00,4375284046.0,0.00163557,30.29837438,355842944.0,2.2320005297660828,0.8500362038612366,0.0,0.0,0.0,2.2320005297660828,0.0,0.0,0.0,0.0,0.0,0.0,0.0,0.0,19.0,131.0,4.0,33.0,27.0,61.0,45.0
2020-11-30 04:00:00+00:00,4349430988.0,0.0016305,30.11934473,356797383.0,5.283744931221008,0.0,0.0,0.0,0.0,5.283744931221008,0.0,0.0,0.0,0.0,0.0,0.0,0.0,0.0,12.0,155.0,3.0,18.0,22.0,61.0,50.0
2020-11-30 06:00:00+00:00,4375913653.0,0.00163089,30.30273434,348952530.0,2.2368841767311096,0.0,0.0,0.0,0.0,2.2368841767311096,0.0,0.7609333992004395,0.0,0.0,0.0,0.0,0.7609333992004395,0.0,22.0,181.0,1.0,25.0,29.0,61.0,48.0
2020-11-30 08:00:00+00:00,4331249871.0,0.00162372,29.99344243,337272773.0,5.364823937416077,0.0,0.0,0.0,0.0,5.364823937416077,0.0,0.8195664882659912,2.651499629020691,0.0,0.0,0.0,0.0,0.0,28.0,160.0,3.0,36.0,29.0,56.0,68.0
2020-11-30 10:00:00+00:00,4385548613.0,0.00163084,30.36945542,333529544.0,2.4206643104553223,0.0,0.0,0.8765392899513245,0.0,0.7612098455429077,0.7829151749610901,0.0,0.0,0.0,0.0,0.0,0.0,0.0,15.0,152.0,2.0,20.0,45.0,44.0,73.0
2020-11-30 12:00:00+00:00,4436900298.0,0.0016051,30.72506034,348574776.0,11.43111938238144,0.0,0.0,0.79697585105896,0.0,9.201125025749207,1.4330185055732727,0.7570570111274719,0.0,0.0,0.0,0.0,0.7570570111274719,0.0,40.0,155.0,3.0,38.0,75.0,74.0,107.0
2020-11-30 14:00:00+00:00,4447782849.0,0.0015939148435191546,30.8004208475588,377080599.0,3.829831123352051,0.0,0.0,0.0,0.0,3.0876410603523254,0.7421900629997253,0.9024693369865417,0.0,0.0,0.0,0.0,0.0,0.9024693369865417,18.0,180.0,4.0,82.0,152.0,62.0,93.0
2020-11-30 16:00:00+00:00,4516152747.0,0.00161431,31.27387508,394431311.0,4.886218547821045,0.8555859923362732,0.0,0.0,0.0,3.209049701690674,1.677168846130371,0.8637000918388367,0.0,0.0,0.0,0.0,0.8637000918388367,0.0,30.0,143.0,4.0,96.0,85.0,36.0,106.0
2020-11-30 18:00:00+00:00,4496900800.0,0.00162315,31.14055741,390640634.0,2.4857437014579773,0.0,0.0,0.0,0.8151388764381409,0.8259937763214111,0.8446110486984253,0.0,0.0,0.0,0.0,0.0,0.0,0.0,11.0,145.0,1.0,77.0,56.0,47.0,75.0
2020-11-30 20:00:00+00:00,4515915561.0,0.00161608,31.2722326,393379299.0,1.6029902696609497,0.7584338784217834,0.0,0.0,0.0,0.0,1.6029902696609497,0.0,1.924320638179779,0.0,0.0,0.0,0.0,0.0,13.0,137.0,0.0,61.0,140.0,34.0,57.0
2020-11-30 22:00:00+00:00,4533324240.0,0.00159956,31.39278584,389608481.0,0.9006547331809998,0.0,0.0,0.0,0.0,0.9006547331809998,0.0,0.0,0.0,0.0,0.0,0.0,0.0,0.0,7.0,83.0,2.0,47.0,111.0,29.0,40.0
2020-12-01 00:00:00+00:00,4516286294.0,0.0015982,31.27479988,387486826.0,0.0,0.0,0.0,0.0,0.0,0.0,0.0,0.0,0.0,0.0,0.0,0.0,0.0,0.0,3.0,107.0,0.0,35.0,40.0,25.0,26.0
2020-12-01 02:00:00+00:00,4514412282.0,0.00160472,31.26182255,388527066.0,3.49941486120224,0.0,0.0,0.0,0.0,2.5544185042381287,0.9449963569641113,0.0,0.0,0.0,0.0,0.0,0.0,0.0,5.0,138.0,6.0,49.0,35.0,14.0,28.0
2020-12-01 04:00:00+00:00,4540167891.0,0.00161468,31.44017739,396246855.0,0.7548918724060059,0.0,0.0,0.0,0.0,0.0,0.7548918724060059,0.0,0.0,0.0,0.0,0.0,0.0,0.0,7.0,118.0,4.0,34.0,21.0,10.0,28.0
2020-12-01 06:00:00+00:00,4580342277.0,0.00162759,31.71838072,418290115.0,0.714698851108551,0.0,0.0,0.0,0.0,0.714698851108551,0.0,0.0,0.0,0.0,0.0,0.0,0.0,0.0,5.0,126.0,8.0,29.0,23.0,13.0,28.0
2020-12-01 08:00:00+00:00,4544316294.0,0.00161011,31.46890464,422466292.0,0.0,0.0,0.0,0.0,0.0,0.0,0.0,0.7983493804931641,0.0,0.0,0.7983493804931641,0.0,0.0,0.0,6.0,125.0,2.0,38.0,10.0,17.0,38.0
2020-12-01 10:00:00+00:00,4528536261.0,0.00161312,31.35962959,453275724.0,2.1912732124328613,0.0,0.0,0.0,0.0,2.1912732124328613,0.0,0.0,1.8391469717025757,0.0,0.0,0.0,0.0,0.0,9.0,149.0,4.0,54.0,424.0,54.0,45.0
2020-12-01 12:00:00+00:00,4357431393.0,0.00160504,30.17474667,487354423.0,0.9193301796913147,0.0,0.0,0.0,0.0,0.0,0.9193301796913147,0.0,0.8121567964553833,0.0,0.0,0.0,0.0,0.0,5.0,138.0,1.0,55.0,165.0,32.0,93.0
2020-12-01 14:00:00+00:00,4423250314.0,0.00158842,30.63053567,483965137.0,0.7629908919334412,0.0,0.0,0.7629908919334412,0.0,0.0,0.0,0.0,0.0,0.0,0.0,0.0,0.0,0.0,6.0,125.0,4.0,75.0,70.0,51.0,82.0
2020-12-01 16:00:00+00:00,4376925211.0,0.00159099,30.30973928,469090054.0,14.298926293849945,0.0,0.0,0.0,0.0,12.764632403850555,1.5342938899993896,0.0,0.0,0.0,0.0,0.0,0.0,0.0,22.0,137.0,1.0,50.0,131.0,25.0,79.0
2020-12-01 18:00:00+00:00,4394022370.0,0.00159521,30.42813528,473287353.0,0.7220957279205322,0.0,0.0,0.0,0.0,0.0,0.7220957279205322,0.0,0.8180774450302124,0.0,0.0,0.0,0.0,0.0,5.0,138.0,5.0,46.0,52.0,17.0,66.0
2020-12-01 20:00:00+00:00,4395153171.0,0.00159677,30.43596595,469146666.0,3.872302770614624,0.0,0.0,0.0,0.0,2.2449623942375183,1.6273403763771057,0.0,0.0,0.0,0.0,0.0,0.0,0.0,10.0,99.0,8.0,38.0,88.0,20.0,38.0
2020-12-01 22:00:00+00:00,4347836463.0,0.00160125,30.10830281,467818960.0,2.342069625854492,0.0,0.0,0.0,0.0,1.540478229522705,0.8015913963317871,1.5376118421554565,0.7603777647018433,0.8299368619918823,0.0,0.0,0.7076749801635742,0.0,9.0,83.0,2.0,33.0,113.0,10.0,33.0
2020-12-02 00:00:00+00:00,4379365301.0,0.00160663,30.32663664,441081330.0,0.7934979796409607,0.0,0.0,0.0,0.0,0.7934979796409607,0.0,0.0,0.0,0.0,0.0,0.0,0.0,0.0,1.0,94.0,4.0,46.0,34.0,22.0,21.0
2020-12-02 02:00:00+00:00,4350090122.0,0.00162187,30.12390916,446543256.0,0.7716901302337646,0.7716901302337646,0.0,0.0,0.0,0.0,0.0,0.0,0.7214378118515015,0.0,0.0,0.0,0.0,0.0,1.0,94.0,2.0,36.0,34.0,14.0,39.0
2020-12-02 04:00:00+00:00,4363298614.0,0.00162089,30.21537655,445746858.0,1.490377962589264,0.0,0.0,0.0,0.0,1.490377962589264,0.0,0.801487386226654,0.0,0.0,0.801487386226654,0.0,0.0,0.0,5.0,64.0,2.0,27.0,25.0,12.0,36.0
2020-12-02 06:00:00+00:00,4399200477.0,0.0015973,30.46399312,445480164.0,0.0,2.404292047023773,0.0,0.0,0.0,0.0,0.0,0.0,0.0,0.0,0.0,0.0,0.0,0.0,3.0,95.0,1.0,24.0,27.0,10.0,32.0
2020-12-02 08:00:00+00:00,4427648949.0,0.0016067,30.66099574,455798483.0,0.0,0.0,0.0,0.0,0.0,0.0,0.0,0.0,0.0,0.0,0.0,0.0,0.0,0.0,5.0,87.0,6.0,28.0,33.0,17.0,53.0
2020-12-02 10:00:00+00:00,4408349256.0,0.00159794,30.52734743,433570794.0,0.7738726735115051,0.7738726735115051,0.0,0.0,0.0,0.0,0.0,0.0,0.0,0.0,0.0,0.0,0.0,0.0,6.0,90.0,3.0,32.0,35.0,16.0,57.0
2020-12-02 12:00:00+00:00,4402073433.0,0.0015937,30.48388803,386287830.0,2.220426619052887,0.715898334980011,0.0,0.0,0.0,1.504528284072876,0.0,0.0,0.0,0.0,0.0,0.0,0.0,0.0,5.0,116.0,6.0,43.0,91.0,54.0,68.0
2020-12-02 14:00:00+00:00,4365661897.0,0.00160012,30.23174204,374327508.0,1.5438706874847412,0.0,0.0,0.0,0.0,1.5438706874847412,0.0,0.0,0.7565404176712036,0.0,0.0,0.0,0.0,0.0,10.0,161.0,2.0,51.0,50.0,125.0,65.0
2020-12-02 16:00:00+00:00,4368303562.0,0.00159472,30.25003528,376029657.0,1.592578649520874,0.0,0.0,0.0,0.0,1.592578649520874,0.0,0.0,0.0,0.0,0.0,0.0,0.0,0.0,8.0,130.0,5.0,42.0,51.0,122.0,69.0
2020-12-02 18:00:00+00:00,4378994574.0,0.00158748,30.3240694,372748970.0,7.178191006183624,0.0,1.6082786917686462,1.5583603978157043,0.8602270483970642,2.4375444650650024,0.713780403137207,0.0,0.0,0.0,0.0,0.0,0.0,0.0,13.0,172.0,6.0,46.0,49.0,130.0,65.0
2020-12-02 20:00:00+00:00,4388917452.0,0.00158824,30.39278427,371225136.0,1.5937340259552002,0.0,0.0,0.0,0.0,1.5937340259552002,0.0,0.0,0.0,0.0,0.0,0.0,0.0,0.0,5.0,101.0,2.0,35.0,59.0,125.0,44.0
2020-12-02 22:00:00+00:00,4375137745.0,0.0015779,30.29736127,371441750.0,0.7445896863937378,0.0,0.0,0.0,0.0,0.7445896863937378,0.0,0.884307324886322,0.0,0.0,0.0,0.0,0.884307324886322,0.0,5.0,80.0,9.0,39.0,153.0,132.0,40.0
2020-12-03 00:00:00+00:00,4368138543.0,0.00158899,30.24889254,366007165.0,2.149823844432831,0.0,0.0,0.0,0.0,2.149823844432831,0.0,0.0,0.0,0.0,0.0,0.0,0.0,0.0,6.0,57.0,7.0,32.0,38.0,127.0,26.0
2020-12-03 02:00:00+00:00,4382430798.0,0.00158738,30.34786488,356617034.0,0.944893479347229,0.0,0.0,0.0,0.0,0.944893479347229,0.0,0.0,0.0,0.0,0.0,0.0,0.0,0.0,2.0,62.0,4.0,39.0,22.0,123.0,29.0
2020-12-03 04:00:00+00:00,4333772575.0,0.00158375,30.01091188,355558714.0,0.826641857624054,0.0,0.0,0.0,0.0,0.0,0.826641857624054,0.0,0.0,0.0,0.0,0.0,0.0,0.0,6.0,89.0,11.0,25.0,35.0,87.0,32.0
2020-12-03 06:00:00+00:00,4369871544.0,0.00157509,30.26089339,361275129.0,2.40350204706192,0.7963078022003174,0.0,0.0,0.0,1.6071942448616028,0.0,0.792706310749054,0.792706310749054,0.0,0.0,0.0,0.0,0.0,5.0,89.0,1.0,39.0,27.0,79.0,44.0
2020-12-03 08:00:00+00:00,4382960144.0,0.00157261,30.35153054,351205491.0,1.7512627840042114,0.0,0.0,0.0,0.0,0.8609974980354309,0.8902652859687805,0.0,0.8407332897186279,0.0,0.0,0.0,0.0,0.0,6.0,84.0,7.0,30.0,78.0,102.0,47.0
2020-12-03 10:00:00+00:00,4435064230.0,0.00158581,30.71234577,354233701.0,3.4888948798179626,1.7652742266654968,0.0,0.0,0.0,2.534180462360382,0.9547144174575806,0.0,0.7951279878616333,0.0,0.0,0.0,0.0,0.0,7.0,143.0,1.0,26.0,64.0,62.0,79.0
2020-12-03 12:00:00+00:00,4404215296.0,0.00158211,30.4987202,348223676.0,3.9335886240005493,23.184062600135803,0.0,0.0,0.783768892288208,3.1498197317123413,0.0,0.0,0.0,0.0,0.0,0.0,0.0,0.0,15.0,121.0,4.0,36.0,74.0,23.0,70.0
2020-12-03 14:00:00+00:00,4427408811.0,0.00157513,30.65933281,339128290.0,1.6815412044525146,3.0611796379089355,0.0,0.0,0.0,0.9550691246986389,0.0,1.4918276071548462,0.7404587864875793,0.0,0.0,0.0,0.7513688206672668,0.0,11.0,92.0,2.0,59.0,38.0,34.0,85.0
2020-12-03 16:00:00+00:00,4401730071.0,0.00157826,30.48151028,338353751.0,2.3346667289733887,0.0,0.0,0.0,0.0,2.3346667289733887,0.0,0.0,0.8763091564178467,0.0,0.0,0.0,0.0,0.0,13.0,93.0,3.0,54.0,47.0,36.0,63.0
2020-12-03 18:00:00+00:00,4395186972.0,0.00156745,30.43620002,329980466.0,1.7362574338912964,0.0,0.8115816712379456,0.0,0.0,0.9246757626533508,0.0,0.7556532621383667,0.0,0.7556532621383667,0.0,0.0,0.0,0.0,7.0,100.0,4.0,33.0,33.0,23.0,66.0
2020-12-03 20:00:00+00:00,4403924236.0,0.00156792,30.49670464,324050913.0,1.613158941268921,0.0,0.0,0.0,0.0,1.613158941268921,0.0,0.7060823440551758,0.8692047595977783,0.0,0.0,0.0,0.0,0.7060823440551758,5.0,63.0,11.0,63.0,48.0,12.0,32.0
2020-12-03 22:00:00+00:00,4433921194.0,0.00157901,30.70443037,324897560.0,0.9338165521621704,0.0,0.0,0.0,0.0,0.9338165521621704,0.0,1.636686086654663,0.9301357865333557,0.0,1.636686086654663,0.0,0.0,0.0,4.0,61.0,5.0,53.0,64.0,39.0,37.0
2020-12-04 00:00:00+00:00,4450020415.0,0.00159208,30.81591575,328656572.0,0.0,0.0,0.0,0.0,0.0,0.0,0.0,0.0,0.8103582859039307,0.0,0.0,0.0,0.0,0.0,2.0,47.0,4.0,41.0,11.0,21.0,19.0
2020-12-04 02:00:00+00:00,4382825642.0,0.00158189,30.35059913,331064327.0,0.0,0.0,0.0,0.0,0.0,0.0,0.0,0.0,0.0,0.0,0.0,0.0,0.0,0.0,8.0,67.0,4.0,30.0,26.0,19.0,41.0
2020-12-04 04:00:00+00:00,4373997292.0,0.00157532,30.28946375,326802369.0,0.0,0.0,0.0,0.0,0.0,0.0,0.0,0.7041409611701965,0.0,0.0,0.0,0.7041409611701965,0.0,0.0,5.0,76.0,6.0,18.0,12.0,11.0,45.0
2020-12-04 06:00:00+00:00,4373307009.0,0.001568,30.28468362,320159546.0,0.0,0.0,0.0,0.0,0.0,0.0,0.0,0.7357384562492371,0.0,0.0,0.0,0.0,0.7357384562492371,0.0,3.0,61.0,8.0,33.0,23.0,16.0,53.0
2020-12-04 08:00:00+00:00,4387407989.0,0.00156835,30.382331399999998,322419340.0,0.0,0.0,0.0,0.0,0.0,0.0,0.0,0.0,0.0,0.0,0.0,0.0,0.0,0.0,4.0,76.0,3.0,21.0,47.0,14.0,68.0
2020-12-04 10:00:00+00:00,4248304617.0,0.00155589,29.41905541,337643428.0,0.0,1.5635531544685364,0.0,0.0,0.0,0.0,0.0,0.0,0.7866585850715637,0.0,0.0,0.0,0.0,0.0,2.0,101.0,0.0,47.0,74.0,20.0,62.0
2020-12-04 12:00:00+00:00,4273533790.0,0.0015574,29.59376474,345970750.0,4.7431729435920715,2.5374568104743958,0.0,0.0,0.0,4.024079382419586,0.0,0.0,0.0,0.0,0.0,0.0,0.0,0.0,17.0,82.0,2.0,50.0,63.0,31.0,84.0
2020-12-04 14:00:00+00:00,4256335381.0,0.00155268,29.47466759,348187064.0,5.815383434295654,1.6959500312805176,0.0,0.0,0.0,5.029311418533325,0.0,2.6324586272239685,0.0,0.0,0.0,0.0,1.6797145009040833,0.9527441263198853,23.0,85.0,7.0,46.0,42.0,24.0,87.0
2020-12-04 16:00:00+00:00,4263343515.0,0.00155468,29.52319817,345076907.0,1.7407838106155396,1.61483633518219,0.0,0.0,0.0,1.7407838106155396,0.0,1.4399034976959229,2.4999717473983765,0.0,0.0,0.0,1.4399034976959229,0.0,26.0,162.0,2.0,59.0,27.0,32.0,87.0
2020-12-04 18:00:00+00:00,4288493335.0,0.00156005,29.69735799,346243085.0,4.361550152301788,0.7279172539710999,0.0,0.0,0.0,4.361550152301788,0.0,0.0,0.0,0.0,0.0,0.0,0.0,0.0,11.0,78.0,6.0,45.0,6.0,20.0,69.0
2020-12-04 20:00:00+00:00,4239302340.0,0.00155938,29.3567156,349972396.0,2.2277234196662903,0.0,0.0,0.0,0.0,2.2277234196662903,0.0,0.0,0.0,0.0,0.0,0.0,0.0,0.0,6.0,63.0,3.0,45.0,76.0,28.0,37.0
2020-12-04 22:00:00+00:00,4198217551.0,0.00155468,29.07220783,362626786.0,0.9278269410133362,0.0,0.0,0.0,0.0,0.9278269410133362,0.0,0.0,0.7532063126564026,0.0,0.0,0.0,0.0,0.0,8.0,71.0,3.0,43.0,286.0,64.0,49.0
2020-12-05 00:00:00+00:00,4170599777.0,0.00154523,28.8809577,367587817.0,1.6536669731140137,0.0,0.0,0.821635901927948,0.0,0.8320310711860657,0.0,0.0,0.0,0.0,0.0,0.0,0.0,0.0,5.0,61.0,2.0,42.0,15.0,10.0,33.0
2020-12-05 02:00:00+00:00,4212621935.0,0.0015486,29.17195665,376348990.0,0.73619544506073,0.0,0.0,0.0,0.0,0.73619544506073,0.0,0.0,0.0,0.0,0.0,0.0,0.0,0.0,4.0,46.0,4.0,33.0,8.0,25.0,56.0
2020-12-05 04:00:00+00:00,4225996465.0,0.00154381,29.26457384,384416478.0,0.9145682454109192,1.4427894353866577,0.0,0.0,0.0,0.9145682454109192,0.0,0.0,0.0,0.0,0.0,0.0,0.0,0.0,2.0,67.0,2.0,21.0,9.0,14.0,53.0
2020-12-05 06:00:00+00:00,4215281319.0,0.001541,29.19037261,382836995.0,2.541686177253723,0.0,0.0,0.0,0.0,1.743898093700409,0.7977880835533142,0.0,0.8664036989212036,0.0,0.0,0.0,0.0,0.0,9.0,53.0,4.0,20.0,13.0,12.0,107.0
2020-12-05 08:00:00+00:00,4311736046.0,0.00156298,29.85831128,391909182.0,1.44049072265625,0.0,0.0,0.0,0.0,1.44049072265625,0.0,0.0,0.9365975260734558,0.0,0.0,0.0,0.0,0.0,7.0,70.0,2.0,19.0,21.0,4.0,77.0
2020-12-05 10:00:00+00:00,4283880719.0,0.00156213,29.66541612,365096957.0,1.5106871128082275,0.0,0.0,0.7100415229797363,0.0,0.8006455898284912,0.0,0.0,0.0,0.0,0.0,0.0,0.0,0.0,7.0,72.0,2.0,24.0,7.0,12.0,94.0
2020-12-05 12:00:00+00:00,4259807034.0,0.0015523,29.49870842,342637174.0,1.6557270288467407,0.0,0.0,0.0,0.0,1.6557270288467407,0.0,3.0685383677482605,0.7143180966377258,0.0,0.0,0.0,3.0685383677482605,0.0,26.0,34.0,2.0,17.0,12.0,44.0,103.0
2020-12-05 14:00:00+00:00,4263844943.0,0.00154628,29.52667051,337577875.0,3.4427857398986816,0.0,0.0,0.0,0.0,3.4427857398986816,0.0,3.0473597645759583,0.0,0.0,0.0,0.0,2.30489319562912,0.7424665689468384,22.0,74.0,3.0,35.0,10.0,54.0,123.0
2020-12-05 16:00:00+00:00,4257311734.0,0.00154292,29.48142873,335442368.0,6.431733250617981,0.0,0.0,1.6759341359138489,1.673988938331604,2.3628114461898804,0.7189987301826477,0.7861617207527161,0.0,0.0,0.0,0.0,0.7861617207527161,0.0,17.0,69.0,2.0,29.0,17.0,35.0,103.0
2020-12-05 18:00:00+00:00,4275508576.0,0.00154917,29.60743992,336525450.0,2.290139675140381,0.7572690844535828,0.0,0.0,0.0,2.290139675140381,0.0,0.8814327120780945,0.0,0.0,0.0,0.0,0.8814327120780945,0.0,9.0,94.0,6.0,24.0,10.0,29.0,82.0
2020-12-05 20:00:00+00:00,4262159821.0,0.00155081,29.51500122,330222444.0,0.7027284502983093,0.0,0.0,0.0,0.0,0.7027284502983093,0.0,0.0,0.0,0.0,0.0,0.0,0.0,0.0,4.0,53.0,3.0,46.0,42.0,45.0,69.0
2020-12-05 22:00:00+00:00,4293133190.0,0.00155211,29.72948849,307895991.0,0.7192270159721375,0.7894253134727478,0.0,0.0,0.0,0.0,0.7192270159721375,0.0,0.0,0.0,0.0,0.0,0.0,0.0,4.0,54.0,2.0,44.0,82.0,22.0,53.0
2020-12-06 00:00:00+00:00,4318357891.0,0.00155244,29.90416685,303953750.0,0.708467423915863,0.0,0.0,0.0,0.0,0.708467423915863,0.0,0.0,0.0,0.0,0.0,0.0,0.0,0.0,3.0,50.0,1.0,31.0,102.0,24.0,37.0
2020-12-06 02:00:00+00:00,4289463506.0,0.00154768,29.70407632,285574053.0,2.6636127829551697,0.7242335677146912,0.0,0.0,0.0,2.6636127829551697,0.0,0.0,0.0,0.0,0.0,0.0,0.0,0.0,4.0,59.0,3.0,45.0,84.0,18.0,87.0
2020-12-06 04:00:00+00:00,4268041194.0,0.00154238,29.5557291,271051157.0,0.785811185836792,0.0,0.0,0.0,0.0,0.785811185836792,0.0,1.5714505910873413,0.9508553743362427,0.0,0.0,0.0,1.5714505910873413,0.0,8.0,65.0,5.0,18.0,80.0,12.0,82.0
2020-12-06 06:00:00+00:00,4282758626.0,0.00154213,29.65764574,271825690.0,0.8283517956733704,0.0,0.0,0.0,0.0,0.8283517956733704,0.0,0.0,0.0,0.0,0.0,0.0,0.0,0.0,4.0,75.0,5.0,24.0,21.0,14.0,94.0
2020-12-06 08:00:00+00:00,4262553813.0,0.00154973,29.51772957,260647689.0,0.7398874759674072,0.0,0.0,0.0,0.0,0.7398874759674072,0.0,0.0,0.7240831851959229,0.0,0.0,0.0,0.0,0.0,3.0,70.0,3.0,21.0,29.0,20.0,123.0
2020-12-06 10:00:00+00:00,4264047784.0,0.00154731,29.52807516,254440326.0,1.6430310010910034,0.7526137828826904,0.0,0.0,0.0,1.6430310010910034,0.0,0.0,2.6307156085968018,0.0,0.0,0.0,0.0,0.0,9.0,89.0,2.0,22.0,18.0,20.0,95.0
2020-12-06 12:00:00+00:00,4208553478.0,0.00153785,29.14378302,251185404.0,4.925675451755524,0.8091094493865967,0.0,0.0,0.0,4.925675451755524,0.0,0.0,0.0,0.0,0.0,0.0,0.0,0.0,13.0,84.0,5.0,23.0,5.0,15.0,126.0
2020-12-06 14:00:00+00:00,4240630659.0,0.00153437,29.36591407,252864566.0,0.0,0.0,0.0,0.0,0.0,0.0,0.0,0.7524810433387756,0.0,0.0,0.7524810433387756,0.0,0.0,0.0,5.0,96.0,2.0,43.0,54.0,28.0,166.0
2020-12-06 16:00:00+00:00,4240176290.0,0.00153345,29.36276761,251413552.0,1.527299702167511,5.147906124591827,0.0,0.0,0.0,1.527299702167511,0.0,0.0,0.0,0.0,0.0,0.0,0.0,0.0,4.0,113.0,2.0,38.0,49.0,28.0,156.0
2020-12-06 18:00:00+00:00,4234993036.0,0.00153101,29.32687414,245615410.0,0.8551337122917175,0.8470366597175598,0.0,0.0,0.0,0.8551337122917175,0.0,0.0,0.0,0.0,0.0,0.0,0.0,0.0,7.0,91.0,8.0,36.0,47.0,20.0,100.0
2020-12-06 20:00:00+00:00,4241027844.0,0.00152572,29.36866454,244820696.0,0.0,0.0,0.0,0.0,0.0,0.0,0.0,0.0,0.808508038520813,0.0,0.0,0.0,0.0,0.0,5.0,86.0,3.0,28.0,47.0,15.0,69.0
2020-12-06 22:00:00+00:00,4265885903.0,0.00152704,29.54080394,249993855.0,0.8315085172653198,0.0,0.0,0.0,0.0,0.0,0.8315085172653198,0.0,0.0,0.0,0.0,0.0,0.0,0.0,5.0,94.0,12.0,45.0,183.0,21.0,52.0
2020-12-07 00:00:00+00:00,4236956723.0,0.00152036,29.34047246,237742512.0,0.816599428653717,0.8136641383171082,0.0,0.0,0.0,0.816599428653717,0.0,0.0,0.9762732982635498,0.0,0.0,0.0,0.0,0.0,3.0,62.0,6.0,42.0,12.0,17.0,27.0
2020-12-07 02:00:00+00:00,4234744240.0,0.00152076,29.32515125,235216688.0,1.4795283675193787,3.8635712265968323,0.0,0.701988697052002,0.0,0.0,0.0,0.0,0.0,0.0,0.0,0.0,0.0,0.0,4.0,78.0,4.0,28.0,9.0,17.0,39.0
2020-12-07 04:00:00+00:00,4236727918.0,0.00152326,29.33888801,236307933.0,1.531469702720642,0.0,0.0,0.7698796987533569,0.0,0.7615900039672852,0.0,0.0,0.0,0.0,0.0,0.0,0.0,0.0,5.0,59.0,2.0,23.0,4.0,8.0,45.0
2020-12-07 06:00:00+00:00,4256780948.0,0.0015209,29.4777531,229666768.0,1.684607207775116,0.0,0.0,0.0,0.0,1.684607207775116,0.0,0.0,0.0,0.0,0.0,0.0,0.0,0.0,7.0,78.0,9.0,40.0,9.0,9.0,56.0
2020-12-07 08:00:00+00:00,4235635553.0,0.00152672,29.3313235,224078331.0,2.3324121236801147,0.0,0.0,0.0,0.0,1.5117666721343994,0.8206454515457153,0.0,0.0,0.0,0.0,0.0,0.0,0.0,7.0,92.0,7.0,21.0,9.0,19.0,60.0
2020-12-07 10:00:00+00:00,4219286799.0,0.00152692,29.21811012,224100588.0,1.6388483047485352,0.0,0.0,0.0,0.0,1.6388483047485352,0.0,1.6178858876228333,0.0,0.0,0.0,0.0,0.7785416841506958,0.8393442034721375,8.0,94.0,1.0,23.0,4.0,7.0,58.0
2020-12-07 12:00:00+00:00,4277147862.0,0.00154171,29.6187918,227463682.0,7.322521150112152,0.0,0.0,0.0,0.0,5.624348223209381,1.698172926902771,0.8706743717193604,0.0,0.0,0.8706743717193604,0.0,0.0,0.0,15.0,109.0,3.0,40.0,1.0,12.0,90.0
2020-12-07 14:00:00+00:00,4260064134.0,0.00153465,29.50048881,228661583.0,9.17280513048172,0.7235960960388184,0.0,0.0,0.0,9.17280513048172,0.0,1.5451918840408325,0.0,0.0,0.8223342299461365,0.0,0.722857654094696,0.0,27.0,139.0,2.0,43.0,1.0,24.0,125.0
2020-12-07 16:00:00+00:00,4245575273.0,0.00153397,29.400155,229324300.0,13.202437460422516,0.7928759455680847,0.0,0.0,0.0,13.202437460422516,0.0,0.9821248054504395,0.8969254493713379,0.9821248054504395,0.0,0.0,0.0,0.0,28.0,131.0,4.0,40.0,3.0,27.0,108.0
2020-12-07 18:00:00+00:00,4207411432.0,0.00153465,29.13587448,238243346.0,27.840892434120178,0.7229934930801392,0.0,0.0,0.0,27.11789894104004,0.0,0.0,0.0,0.0,0.0,0.0,0.0,0.0,36.0,100.0,4.0,34.0,138.0,38.0,67.0
2020-12-07 20:00:00+00:00,4226069885.0,0.0015332,29.26508227,238954445.0,3.4219852685928345,0.0,0.0,0.0,0.0,3.4219852685928345,0.0,0.0,0.0,0.0,0.0,0.0,0.0,0.0,7.0,127.0,8.0,52.0,37.0,18.0,52.0
2020-12-07 22:00:00+00:00,4242395534.0,0.00153078,29.37813565,238972454.0,6.681593477725983,0.0,0.0,0.0,0.0,6.681593477725983,0.0,0.0,1.6427502632141113,0.0,0.0,0.0,0.0,0.0,21.0,84.0,4.0,32.0,34.0,10.0,40.0
2020-12-08 00:00:00+00:00,4237504724.0,0.0015267,29.34426731,237950423.0,4.413421034812927,0.0,0.0,0.0,0.0,4.413421034812927,0.0,0.0,1.7066227197647095,0.0,0.0,0.0,0.0,0.0,5.0,75.0,8.0,32.0,11.0,14.0,17.0
2020-12-08 02:00:00+00:00,4229624053.0,0.00152717,29.2896945,238547580.0,4.9345898032188416,0.0,0.0,0.0,0.0,4.9345898032188416,0.0,0.9731233716011047,0.0,0.0,0.0,0.0,0.9731233716011047,0.0,9.0,81.0,1.0,33.0,13.0,10.0,28.0
2020-12-08 04:00:00+00:00,4236211837.0,0.00152641,29.3353142,238422529.0,4.157175779342651,0.8653717041015625,0.0,0.0,0.0,4.157175779342651,0.0,0.8871177434921265,0.0,0.0,0.0,0.0,0.8871177434921265,0.0,10.0,82.0,7.0,26.0,3.0,17.0,43.0
2020-12-08 06:00:00+00:00,4220921501.0,0.00152485,29.22943026,245801798.0,3.723979651927948,0.0,0.0,0.0,0.0,3.723979651927948,0.0,0.0,0.0,0.0,0.0,0.0,0.0,0.0,6.0,117.0,13.0,18.0,30.0,11.0,55.0
2020-12-08 08:00:00+00:00,4094895551.0,0.00150703,28.35671403,269717027.0,1.6224326491355896,0.0,0.0,0.0,0.0,1.6224326491355896,0.0,0.0,0.0,0.0,0.0,0.0,0.0,0.0,5.0,112.0,4.0,19.0,30.0,17.0,46.0
2020-12-08 10:00:00+00:00,4088624627.0,0.00150728,28.31328855,287831486.0,1.7781844735145569,0.0,0.0,0.0,0.0,1.7781844735145569,0.0,0.0,0.0,0.0,0.0,0.0,0.0,0.0,3.0,113.0,3.0,14.0,24.0,10.0,39.0
2020-12-08 12:00:00+00:00,4123431606.0,0.00150877,28.55432316,299591735.0,2.458115875720978,0.0,0.0,0.0,0.0,2.458115875720978,0.0,0.0,1.624017357826233,0.0,0.0,0.0,0.0,0.0,6.0,139.0,0.0,29.0,56.0,24.0,67.0
2020-12-08 14:00:00+00:00,4064039709.0,0.00149723,28.14304062,300585406.0,0.0,0.8159194588661194,0.0,0.0,0.0,0.0,0.0,0.8884643316268921,0.8517811298370361,0.0,0.8884643316268921,0.0,0.0,0.0,6.0,140.0,3.0,47.0,20.0,15.0,68.0
2020-12-08 16:00:00+00:00,4065265622.0,0.00148824,28.15152993,313475052.0,4.41479754447937,0.8140468597412109,0.0,0.7952831387519836,0.0,2.8742106556892395,0.745303750038147,2.4899478554725647,1.765268087387085,0.8386862277984619,0.8246011734008789,0.0,0.0,0.0,12.0,146.0,2.0,33.0,20.0,24.0,85.0
2020-12-08 18:00:00+00:00,4047621634.0,0.00149053,28.0293472,303869546.0,2.3104403614997864,0.8756149411201477,0.0,0.0,0.0,2.3104403614997864,0.0,0.0,0.0,0.0,0.0,0.0,0.0,0.0,10.0,131.0,6.0,47.0,32.0,17.0,54.0
2020-12-08 20:00:00+00:00,4020712335.0,0.00148265,27.84300318,315870014.0,2.518505573272705,0.0,0.0,0.0,0.0,2.518505573272705,0.0,0.9202466011047363,0.0,0.0,0.9202466011047363,0.0,0.0,0.0,9.0,122.0,2.0,32.0,163.0,28.0,39.0
2020-12-08 22:00:00+00:00,3990863862.0,0.00150844,27.6363057,323672206.0,1.6637744903564453,1.7088634967803955,0.0,0.0,0.0,0.0,0.849610447883606,0.7989299297332764,0.0,0.0,0.0,0.0,0.7989299297332764,0.0,7.0,106.0,2.0,26.0,784.0,117.0,26.0
2020-12-09 00:00:00+00:00,3964700755.0,0.00150614,27.45512898,325331075.0,0.7809162735939026,0.0,0.0,0.7809162735939026,0.0,0.0,0.0,0.9212503433227539,0.0,0.0,0.9212503433227539,0.0,0.0,0.0,7.0,95.0,6.0,39.0,83.0,21.0,20.0
2020-12-09 02:00:00+00:00,4014569021.0,0.00151996,27.80046139,334986629.0,4.0792980790138245,0.8113524913787842,0.0,0.0,0.0,4.0792980790138245,0.0,0.0,1.4622756838798523,0.0,0.0,0.0,0.0,0.0,9.0,112.0,5.0,29.0,12.0,24.0,42.0
2020-12-09 04:00:00+00:00,3993911979.0,0.0015194,27.65741358,340692560.0,1.7706674337387085,0.0,0.0,0.0,0.0,1.7706674337387085,0.0,0.0,0.0,0.0,0.0,0.0,0.0,0.0,5.0,100.0,3.0,26.0,15.0,13.0,32.0
2020-12-09 06:00:00+00:00,3947746381.0,0.00152162,27.33772175,340954192.0,0.7481735348701477,0.0,0.0,0.0,0.0,0.7481735348701477,0.0,0.0,1.880037784576416,0.0,0.0,0.0,0.0,0.0,4.0,96.0,2.0,20.0,35.0,19.0,39.0
2020-12-09 08:00:00+00:00,3978060242.0,0.00153295,27.547642,334965819.0,3.8009737730026245,0.0,0.0,0.0,0.0,3.0657978653907776,0.7351759076118469,0.0,0.0,0.0,0.0,0.0,0.0,0.0,8.0,103.0,4.0,20.0,150.0,29.0,24.0
2020-12-09 10:00:00+00:00,4043914818.0,0.00153199,28.0036779,333006088.0,0.7164342403411865,0.0,0.0,0.0,0.0,0.7164342403411865,0.0,0.0,0.0,0.0,0.0,0.0,0.0,0.0,6.0,112.0,0.0,17.0,34.0,23.0,43.0
2020-12-09 12:00:00+00:00,4059912264.0,0.00152454,28.1144585,331939644.0,0.7503895163536072,0.0,0.0,0.0,0.0,0.7503895163536072,0.0,0.0,0.0,0.0,0.0,0.0,0.0,0.0,3.0,126.0,1.0,33.0,28.0,17.0,70.0
2020-12-09 14:00:00+00:00,4044059973.0,0.00152597,28.00468308,332668216.0,1.525311827659607,0.0,0.0,0.0,0.7386151552200317,0.7866966724395752,0.0,0.0,0.0,0.0,0.0,0.0,0.0,0.0,9.0,147.0,0.0,62.0,43.0,25.0,85.0
2020-12-09 16:00:00+00:00,4056213348.0,0.0015331,28.08884391,326071124.0,0.8351407051086426,0.8362951874732971,0.0,0.0,0.0,0.8351407051086426,0.0,0.0,0.0,0.0,0.0,0.0,0.0,0.0,2.0,179.0,11.0,46.0,31.0,11.0,70.0
2020-12-09 18:00:00+00:00,4052681841.0,0.00153574,28.0643886,330390621.0,3.2913801074028015,0.0,0.0,0.0,0.0,2.3213600516319275,0.970020055770874,0.0,0.0,0.0,0.0,0.0,0.0,0.0,6.0,153.0,1.0,45.0,52.0,21.0,37.0
2020-12-09 20:00:00+00:00,4088796825.0,0.00153312,28.314481,324802732.0,0.9748620986938477,0.910221517086029,0.0,0.0,0.0,0.9748620986938477,0.0,0.9456171989440918,0.0,0.0,0.0,0.0,0.9456171989440918,0.0,3.0,140.0,5.0,36.0,101.0,20.0,37.0
2020-12-09 22:00:00+00:00,4062056065.0,0.00151608,28.1293041,323390504.0,0.0,0.0,0.0,0.0,0.0,0.0,0.0,0.0,0.0,0.0,0.0,0.0,0.0,0.0,0.0,86.0,3.0,39.0,180.0,21.0,21.0
2020-12-10 00:00:00+00:00,4069029334.0,0.00153054,28.17759324,320829157.0,0.7104625105857849,0.0,0.0,0.0,0.0,0.7104625105857849,0.0,0.0,0.0,0.0,0.0,0.0,0.0,0.0,3.0,77.0,4.0,39.0,122.0,16.0,17.0
2020-12-10 02:00:00+00:00,4046892238.0,0.00152119,28.02429621,313987649.0,2.454135298728943,0.7847038507461548,0.0,0.0,0.8681342005729675,1.5860010981559753,0.0,1.701008141040802,0.0,0.0,0.0,0.0,1.701008141040802,0.0,13.0,100.0,9.0,18.0,93.0,14.0,25.0
2020-12-10 04:00:00+00:00,4030746581.0,0.00152151,27.91248926,308935847.0,3.9445692896842957,0.0,0.0,0.0,0.0,3.9445692896842957,0.0,0.0,0.0,0.0,0.0,0.0,0.0,0.0,7.0,85.0,2.0,30.0,99.0,11.0,64.0
2020-12-10 06:00:00+00:00,4025985491.0,0.00151917,27.87951922,309129335.0,2.5466005206108093,0.7860720157623291,0.0,0.0,0.0,1.7605285048484802,0.0,0.0,0.0,0.0,0.0,0.0,0.0,0.0,8.0,153.0,1.0,11.0,27.0,32.0,66.0
2020-12-10 08:00:00+00:00,4024118165.0,0.00152468,27.86658819,291646035.0,2.315803647041321,0.0,0.0,0.0,0.0,2.315803647041321,0.0,0.0,0.0,0.0,0.0,0.0,0.0,0.0,9.0,105.0,3.0,14.0,23.0,29.0,49.0
2020-12-10 10:00:00+00:00,3988976352.0,0.00151674,27.62323489,286116746.0,0.893038809299469,0.0,0.0,0.0,0.0,0.0,0.893038809299469,0.72514408826828,0.0,0.0,0.0,0.72514408826828,0.0,0.0,7.0,109.0,3.0,21.0,10.0,25.0,54.0
2020-12-10 12:00:00+00:00,4001208437.0,0.00152295,27.70794078,280431833.0,1.6987440586090088,0.0,0.0,0.0,0.0,1.6987440586090088,0.0,0.0,0.0,0.0,0.0,0.0,0.0,0.0,3.0,124.0,10.0,24.0,13.0,14.0,79.0
2020-12-10 14:00:00+00:00,4008732677.0,0.00153069,27.76004534,283034945.0,3.9903745651245117,0.0,0.0,0.0,0.0,3.9903745651245117,0.0,0.0,0.863369882106781,0.0,0.0,0.0,0.0,0.0,9.0,118.0,2.0,22.0,86.0,26.0,67.0
2020-12-10 16:00:00+00:00,4000370149.0,0.0015214,27.70213572,279142328.0,1.7757012844085693,0.0,0.0,0.0,0.0,1.7757012844085693,0.0,0.7889809012413025,0.0,0.0,0.7889809012413025,0.0,0.0,0.0,8.0,50.0,0.0,29.0,48.0,22.0,61.0
2020-12-10 18:00:00+00:00,4008553284.0,0.00151022,27.75880305,277801933.0,2.363056480884552,0.0,0.0,0.0,0.7636011242866516,1.5994553565979004,0.0,0.0,0.0,0.0,0.0,0.0,0.0,0.0,5.0,6.0,4.0,39.0,20.0,24.0,63.0
2020-12-10 20:00:00+00:00,4004252638.0,0.00151187,27.72902154,272630017.0,0.8976932168006897,0.0,0.0,0.0,0.8976932168006897,0.0,0.0,0.0,0.0,0.0,0.0,0.0,0.0,0.0,7.0,75.0,9.0,19.0,62.0,33.0,36.0
2020-12-10 22:00:00+00:00,3999511565.0,0.00151635,27.69619012,263890750.0,4.774109065532684,0.0,0.0,0.0,0.0,4.774109065532684,0.0,0.0,0.0,0.0,0.0,0.0,0.0,0.0,7.0,110.0,6.0,15.0,43.0,17.0,31.0
2020-12-11 00:00:00+00:00,3924151111.0,0.00151669,27.17432703,266674957.0,0.8119998574256897,0.0,0.0,0.0,0.0,0.8119998574256897,0.0,0.0,0.0,0.0,0.0,0.0,0.0,0.0,2.0,118.0,7.0,32.0,76.0,18.0,35.0
2020-12-11 02:00:00+00:00,3934015051.0,0.00151394,27.24263376,271239737.0,2.4847854375839233,0.0,0.0,0.0,0.0,1.6468512415885925,0.8379341959953308,0.0,0.0,0.0,0.0,0.0,0.0,0.0,3.0,170.0,3.0,20.0,11.0,15.0,41.0
2020-12-11 04:00:00+00:00,3920436311.0,0.00151533,27.14860243,266528273.0,0.8092367053031921,0.0,0.0,0.0,0.0,0.8092367053031921,0.0,0.0,0.0,0.0,0.0,0.0,0.0,0.0,2.0,158.0,7.0,24.0,17.0,11.0,63.0
2020-12-11 06:00:00+00:00,3902236441.0,0.00151898,27.02257028,265760325.0,0.7246450185775757,0.0,0.0,0.0,0.0,0.0,0.7246450185775757,0.8470366597175598,0.8470366597175598,0.0,0.0,0.0,0.0,0.0,4.0,187.0,1.0,22.0,19.0,19.0,54.0
2020-12-11 08:00:00+00:00,3895795774.0,0.00151682,26.97796935,259644687.0,0.7557532787322998,0.0,0.0,0.0,0.0,0.0,0.7557532787322998,0.7437199950218201,0.0,0.0,0.0,0.0,0.7437199950218201,0.0,5.0,173.0,11.0,13.0,22.0,14.0,62.0
2020-12-11 10:00:00+00:00,3875974154.0,0.00151894,26.84070675,264424635.0,2.343954026699066,2.5910565853118896,0.0,0.0,0.0,1.5823156237602234,0.0,0.0,0.0,0.0,0.0,0.0,0.0,0.0,5.0,196.0,3.0,30.0,169.0,30.0,49.0
2020-12-11 12:00:00+00:00,3926067532.0,0.00151286,27.18759804,271517951.0,0.9591306447982788,0.0,0.0,0.0,0.0,0.9591306447982788,0.0,0.0,0.7198926210403442,0.0,0.0,0.0,0.0,0.0,5.0,206.0,12.0,37.0,25.0,16.0,70.0
2020-12-11 14:00:00+00:00,3950278040.0,0.00151162,27.35525322,262982747.0,2.540530741214752,0.0,0.0,0.0,0.0,2.540530741214752,0.0,0.0,0.0,0.0,0.0,0.0,0.0,0.0,4.0,192.0,4.0,23.0,23.0,38.0,89.0
2020-12-11 16:00:00+00:00,3935828185.0,0.00151406,27.25518952,268912641.0,2.4439914226531982,0.0,0.0,0.0,0.0,2.4439914226531982,0.0,0.0,0.0,0.0,0.0,0.0,0.0,0.0,12.0,191.0,4.0,33.0,20.0,22.0,99.0
2020-12-11 18:00:00+00:00,3941766554.0,0.00151798,27.29631209,269483715.0,2.366386294364929,0.8052681088447571,0.0,0.0,0.0,1.6494680047035217,0.7169182896614075,0.8536077737808228,0.0,0.0,0.0,0.0,0.0,0.8536077737808228,18.0,182.0,20.0,43.0,22.0,43.0,61.0
2020-12-11 20:00:00+00:00,3952489175.0,0.00151126,27.37056509,275799223.0,1.6983490586280823,0.0,0.0,0.0,0.0,1.6983490586280823,0.0,0.0,1.4495413303375244,0.0,0.0,0.0,0.0,0.0,5.0,165.0,5.0,35.0,66.0,27.0,38.0
2020-12-11 22:00:00+00:00,3951108419.0,0.0015151,27.36100351,278060132.0,0.7798181772232056,0.0,0.0,0.0,0.0,0.7798181772232056,0.0,0.0,0.0,0.0,0.0,0.0,0.0,0.0,2.0,144.0,3.0,38.0,82.0,32.0,31.0
2020-12-12 00:00:00+00:00,4009025023.0,0.00151682,27.7620698,278269307.0,2.3468080163002014,0.0,0.0,0.0,0.0,2.3468080163002014,0.0,0.7353896498680115,0.0,0.0,0.0,0.7353896498680115,0.0,0.0,7.0,167.0,5.0,33.0,221.0,30.0,29.0
2020-12-12 02:00:00+00:00,4007115070.0,0.00151662,27.74884358,279446362.0,0.8954036831855774,1.7076722979545593,0.0,0.0,0.0,0.8954036831855774,0.0,0.0,0.0,0.0,0.0,0.0,0.0,0.0,2.0,153.0,6.0,19.0,44.0,43.0,56.0
2020-12-12 04:00:00+00:00,4016721988.0,0.00151731,27.81537046,286970158.0,0.0,0.0,0.0,0.0,0.0,0.0,0.0,0.0,0.0,0.0,0.0,0.0,0.0,0.0,2.0,183.0,8.0,24.0,66.0,11.0,55.0
2020-12-12 06:00:00+00:00,4049409526.0,0.00152695,28.04172817,281636834.0,0.0,0.0,0.0,0.0,0.0,0.0,0.0,0.0,0.0,0.0,0.0,0.0,0.0,0.0,3.0,181.0,5.0,22.0,27.0,15.0,74.0
2020-12-12 08:00:00+00:00,4026770428.0,0.0015133,27.88495483,278799775.0,0.7469200491905212,0.0,0.0,0.0,0.0,0.7469200491905212,0.0,0.0,0.0,0.0,0.0,0.0,0.0,0.0,7.0,159.0,6.0,25.0,30.0,74.0,84.0
2020-12-12 10:00:00+00:00,4044755050.0,0.00151418,28.00949642,264777533.0,3.9322093725204468,0.7409358024597168,0.0,0.0,0.0,1.5382667779922485,2.3939425945281982,0.0,0.0,0.0,0.0,0.0,0.0,0.0,6.0,185.0,3.0,17.0,39.0,15.0,66.0
2020-12-12 12:00:00+00:00,4016434165.0,0.0015102,27.81337731,253698564.0,1.625029444694519,0.0,0.0,0.0,0.0,0.8903260827064514,0.7347033619880676,0.0,1.651531457901001,0.0,0.0,0.0,0.0,0.0,8.0,216.0,1.0,30.0,19.0,11.0,106.0
2020-12-12 14:00:00+00:00,4014691133.0,0.00151041,27.80130701,254628154.0,0.862758219242096,0.0,0.0,0.0,0.0,0.862758219242096,0.0,0.0,0.0,0.0,0.0,0.0,0.0,0.0,6.0,252.0,13.0,25.0,33.0,23.0,102.0
2020-12-12 16:00:00+00:00,4020955639.0,0.00150459,27.84468804,244034677.0,0.9160087704658508,0.0,0.0,0.0,0.0,0.9160087704658508,0.0,0.0,0.0,0.0,0.0,0.0,0.0,0.0,6.0,221.0,1.0,32.0,22.0,24.0,111.0
2020-12-12 18:00:00+00:00,4048389274.0,0.00149558,28.03466303,248059037.0,1.9376006126403809,0.0,0.0,0.0,0.0,1.9376006126403809,0.0,0.7025119662284851,0.0,0.0,0.0,0.0,0.0,0.7025119662284851,11.0,182.0,1.0,29.0,303.0,62.0,88.0
2020-12-12 20:00:00+00:00,4068663057.0,0.00150059,28.17505681,243413965.0,1.6865092515945435,0.0,0.0,0.0,0.0,1.6865092515945435,0.0,0.7232723236083984,0.0,0.0,0.7232723236083984,0.0,0.0,0.0,5.0,178.0,3.0,40.0,67.0,18.0,52.0
2020-12-12 22:00:00+00:00,4067131459.0,0.00149782,28.16445065,238973887.0,0.0,0.0,0.0,0.0,0.0,0.0,0.0,0.0,0.0,0.0,0.0,0.0,0.0,0.0,3.0,163.0,1.0,28.0,234.0,70.0,44.0
2020-12-13 00:00:00+00:00,4065927504.0,0.00149844,28.1561134,230886002.0,0.941856861114502,0.0,0.0,0.0,0.0,0.941856861114502,0.0,0.0,0.0,0.0,0.0,0.0,0.0,0.0,3.0,173.0,3.0,20.0,37.0,14.0,25.0
2020-12-13 02:00:00+00:00,4074746891.0,0.00150244,28.21718671,227849980.0,1.5459043383598328,0.0,0.0,0.0,0.0,1.5459043383598328,0.0,0.0,0.0,0.0,0.0,0.0,0.0,0.0,3.0,190.0,1.0,20.0,13.0,11.0,57.0
2020-12-13 04:00:00+00:00,4092555191.0,0.00150236,28.34050728,226720487.0,0.902083694934845,0.0,0.0,0.0,0.0,0.0,0.902083694934845,0.0,0.0,0.0,0.0,0.0,0.0,0.0,4.0,167.0,6.0,33.0,32.0,13.0,73.0
2020-12-13 06:00:00+00:00,4155618048.0,0.00149691,28.77721083,239436981.0,0.7257844805717468,0.0,0.0,0.0,0.7257844805717468,0.0,0.0,0.0,0.0,0.0,0.0,0.0,0.0,0.0,2.0,129.0,3.0,21.0,115.0,14.0,56.0
2020-12-13 08:00:00+00:00,4166707345.0,0.00150023,28.85400303,241898134.0,1.5912242531776428,0.0,0.0,0.0,0.0,1.5912242531776428,0.0,0.0,0.0,0.0,0.0,0.0,0.0,0.0,6.0,139.0,3.0,20.0,6.0,12.0,82.0
2020-12-13 10:00:00+00:00,4194992470.0,0.00150773,29.0498745,252820270.0,7.32087242603302,0.0,0.0,0.0,0.0,7.32087242603302,0.0,0.0,0.0,0.0,0.0,0.0,0.0,0.0,12.0,150.0,1.0,14.0,40.0,8.0,62.0
2020-12-13 12:00:00+00:00,4171123669.0,0.00149666,28.8845856,255440212.0,59.127197325229645,0.0,0.0,0.0,0.0,59.127197325229645,0.0,0.0,1.8317589163780212,0.0,0.0,0.0,0.0,0.0,102.0,261.0,4.0,29.0,41.0,26.0,110.0
2020-12-13 14:00:00+00:00,4191265231.0,0.00151304,29.02406376,252953332.0,44.313224613666534,0.0,0.0,0.830958366394043,0.0,43.48226624727249,0.0,0.0,0.0,0.0,0.0,0.0,0.0,0.0,87.0,233.0,10.0,31.0,39.0,29.0,114.0
2020-12-13 16:00:00+00:00,4218228340.0,0.00151943,29.21078041,260483302.0,39.30358290672302,0.0,0.0,0.0,0.0,39.30358290672302,0.0,4.988719642162323,0.0,0.0,0.8610810041427612,0.0,4.127638638019562,0.0,96.0,214.0,10.0,39.0,60.0,40.0,125.0
2020-12-13 18:00:00+00:00,4208087850.0,0.00151924,29.1405586,252085824.0,17.45343440771103,0.0,0.0,0.0,0.0,16.672523260116577,0.7809111475944519,0.7102696299552917,0.7102696299552917,0.0,0.0,0.0,0.0,0.0,48.0,209.0,1.0,36.0,27.0,27.0,60.0
2020-12-13 20:00:00+00:00,4199188954.0,0.00151758,29.07893469,249966409.0,7.36913800239563,0.0,0.0,0.717422604560852,0.0,4.924724817276001,1.7269905805587769,0.8300439715385437,0.0,0.0,0.0,0.0,0.8300439715385437,0.0,18.0,189.0,5.0,30.0,89.0,27.0,56.0
2020-12-13 22:00:00+00:00,4202475239.0,0.00152028,29.10169187,265728020.0,6.975751101970673,0.7353463172912598,0.0,0.9050662517547607,0.0,6.070684850215912,0.0,1.6306924223899841,0.0,0.0,0.0,0.0,1.6306924223899841,0.0,19.0,142.0,2.0,42.0,258.0,44.0,43.0
2020-12-14 00:00:00+00:00,4192321027.0,0.00152264,29.03137503,271486566.0,5.108238935470581,0.716431200504303,0.0,0.0,0.0,5.108238935470581,0.0,0.0,0.0,0.0,0.0,0.0,0.0,0.0,12.0,161.0,5.0,18.0,40.0,12.0,40.0
2020-12-14 02:00:00+00:00,4207430612.0,0.00151496,29.1360073,275434208.0,9.214836716651917,0.0,0.0,0.0,0.0,9.214836716651917,0.0,0.0,0.0,0.0,0.0,0.0,0.0,0.0,18.0,172.0,9.0,26.0,41.0,8.0,80.0
2020-12-14 04:00:00+00:00,4162659891.0,0.00150997,28.82597484,267118888.0,3.540534198284149,0.0,0.0,0.0,0.0,3.540534198284149,0.0,0.0,0.0,0.0,0.0,0.0,0.0,0.0,10.0,181.0,0.0,22.0,49.0,16.0,70.0
2020-12-14 06:00:00+00:00,4159830512.0,0.00150489,28.80638169,255768513.0,7.317890465259552,0.0,0.0,0.0,0.0,7.317890465259552,0.0,0.0,0.0,0.0,0.0,0.0,0.0,0.0,15.0,159.0,1.0,21.0,23.0,14.0,44.0
2020-12-14 08:00:00+00:00,4173162811.0,0.00150838,28.89870643,251661756.0,7.300409257411957,0.0,0.0,0.0,0.0,6.416560411453247,0.8838488459587097,0.0,0.0,0.0,0.0,0.0,0.0,0.0,13.0,176.0,7.0,10.0,22.0,15.0,57.0
2020-12-14 10:00:00+00:00,4174804982.0,0.0015128,28.91007829,267031914.0,9.801665842533112,1.4149225950241089,0.7073990106582642,0.0,0.0,9.094266831874847,0.0,1.619365394115448,0.0,0.0,0.0,0.0,0.8445757627487183,0.7747896313667297,27.0,225.0,8.0,18.0,28.0,13.0,83.0
2020-12-14 12:00:00+00:00,4193843268.0,0.00151559,29.04191639,272565743.0,5.819557547569275,0.8103017210960388,0.0,0.0,0.0,5.819557547569275,0.0,0.0,1.7048673629760742,0.0,0.0,0.0,0.0,0.0,19.0,223.0,6.0,27.0,4.0,29.0,98.0
2020-12-14 14:00:00+00:00,4297049477.0,0.00155047,29.75660836,306158713.0,4.038801372051239,0.0,0.0,0.0,0.0,3.2598595023155212,0.7789418697357178,1.6709161400794983,0.7245630025863647,0.0,0.0,0.0,0.7477240562438965,0.9231920838356018,14.0,198.0,2.0,28.0,6.0,21.0,146.0
2020-12-14 16:00:00+00:00,4315605032.0,0.00156152,29.88510359,318996612.0,8.856826841831207,2.288845121860504,0.0,0.0,0.0,7.950094282627106,0.9067325592041016,0.0,0.0,0.0,0.0,0.0,0.0,0.0,18.0,153.0,7.0,28.0,0.0,30.0,118.0
2020-12-14 18:00:00+00:00,4308221071.0,0.00155588,29.83397045,331364311.0,2.505896508693695,0.0,0.0,0.0,0.8279917240142822,1.6779047846794128,0.0,0.0,0.0,0.0,0.0,0.0,0.0,0.0,5.0,170.0,10.0,41.0,1.0,24.0,91.0
2020-12-14 20:00:00+00:00,4323932935.0,0.00156196,29.94277343,337555430.0,2.4337544441223145,0.8750039339065552,0.0,0.0,0.0,2.4337544441223145,0.0,0.0,0.0,0.0,0.0,0.0,0.0,0.0,6.0,215.0,12.0,46.0,5.0,23.0,46.0
2020-12-14 22:00:00+00:00,4336468154.0,0.00156025,30.02957848,335453986.0,1.5728647112846375,0.8378280997276306,0.0,0.0,0.0,1.5728647112846375,0.0,0.0,0.0,0.0,0.0,0.0,0.0,0.0,3.0,178.0,8.0,31.0,96.0,12.0,33.0
2020-12-15 00:00:00+00:00,4338389891.0,0.00155077,30.04288631,343383632.0,3.4942147731781006,0.892787754535675,0.0,0.0,0.0,3.4942147731781006,0.0,0.0,0.0,0.0,0.0,0.0,0.0,0.0,7.0,170.0,1.0,32.0,28.0,16.0,19.0
2020-12-15 02:00:00+00:00,4326534981.0,0.00154054,29.96079232,348375122.0,1.6686456799507141,0.0,0.0,0.0,0.0,1.6686456799507141,0.0,0.714756965637207,0.0,0.0,0.0,0.0,0.714756965637207,0.0,5.0,177.0,2.0,25.0,36.0,16.0,47.0
2020-12-15 04:00:00+00:00,4286130895.0,0.00155291,29.68099834,355060545.0,4.887456774711609,0.0,0.0,0.0,0.0,4.887456774711609,0.0,0.0,0.0,0.0,0.0,0.0,0.0,0.0,7.0,160.0,5.0,22.0,42.0,13.0,42.0
2020-12-15 06:00:00+00:00,4323099867.0,0.00156023,29.93700453,362289189.0,5.8874735832214355,0.0,0.0,0.0,0.0,5.0432374477386475,0.8442361354827881,0.0,0.0,0.0,0.0,0.0,0.0,0.0,16.0,164.0,6.0,15.0,19.0,9.0,67.0
2020-12-15 08:00:00+00:00,4310595300.0,0.00155643,29.85041174,369003347.0,7.021941721439362,0.7368754148483276,0.0,0.0,0.0,5.483794987201691,1.538146734237671,0.0,3.148001730442047,0.0,0.0,0.0,0.0,0.0,16.0,181.0,2.0,23.0,17.0,9.0,54.0
2020-12-15 10:00:00+00:00,4283948684.0,0.00153723,29.66588677,352849305.0,2.1958526968955994,2.435229182243347,0.0,0.0,0.7225613594055176,1.4732913374900818,0.0,1.5659793019294739,0.0,0.0,0.0,0.0,1.5659793019294739,0.0,12.0,189.0,6.0,22.0,33.0,17.0,47.0
2020-12-15 12:00:00+00:00,4289425791.0,0.00153879,29.70381514,356011050.0,8.281151115894318,0.8933530449867249,0.0,0.0,0.9708088040351868,5.783622741699219,1.526719570159912,0.8128365278244019,2.3620457649230957,0.0,0.0,0.0,0.0,0.8128365278244019,20.0,191.0,5.0,31.0,28.0,13.0,80.0
2020-12-15 14:00:00+00:00,4277341673.0,0.0015292,29.62013392,331533678.0,3.7931522727012634,0.0,0.0,0.0,0.0,3.7931522727012634,0.0,1.5540964007377625,0.0,0.0,0.0,0.7803494334220886,0.0,0.7737469673156738,24.0,176.0,12.0,28.0,48.0,14.0,103.0
2020-12-15 16:00:00+00:00,4293059770.0,0.00153325,29.72898006,317784041.0,2.973929524421692,1.8516583442687988,0.0,0.0,0.0,2.973929524421692,0.0,0.0,2.3959169387817383,0.0,0.0,0.0,0.0,0.0,16.0,176.0,2.0,37.0,46.0,28.0,92.0
2020-12-15 18:00:00+00:00,4268723318.0,0.00151543,29.56045273,309878944.0,5.3593103885650635,0.0,0.0,0.0,0.0,5.3593103885650635,0.0,1.5594934225082397,0.7832721471786499,0.0,0.0,0.0,0.7762212753295898,0.0,29.0,149.0,5.0,49.0,50.0,26.0,47.0
2020-12-15 20:00:00+00:00,4247840719.0,0.00151398,29.41584297,306743395.0,3.987874686717987,0.7085009217262268,0.0,0.0,0.0,2.5227821469306946,1.4650925397872925,0.0,0.9058982133865356,0.0,0.0,0.0,0.0,0.0,12.0,141.0,8.0,43.0,104.0,17.0,38.0
2020-12-15 22:00:00+00:00,4266821620.0,0.00152172,29.54728368,294288115.0,1.6130681037902832,0.0,0.0,0.0,0.0,1.6130681037902832,0.0,0.0,0.0,0.0,0.0,0.0,0.0,0.0,4.0,114.0,7.0,31.0,68.0,39.0,38.0
2020-12-16 00:00:00+00:00,4226359355.0,0.00151163,29.26708682,282003204.0,0.840692400932312,0.0,0.0,0.0,0.0,0.840692400932312,0.0,0.0,3.970322549343109,0.0,0.0,0.0,0.0,0.0,4.0,121.0,8.0,35.0,29.0,30.0,27.0
2020-12-16 02:00:00+00:00,4221910448.0,0.00151281,29.23627861,271012704.0,0.0,1.594361424446106,0.0,0.0,0.0,0.0,0.0,0.0,0.0,0.0,0.0,0.0,0.0,0.0,0.0,143.0,9.0,25.0,23.0,14.0,28.0
2020-12-16 04:00:00+00:00,4223542059.0,0.00151076,29.24757734,259869483.0,0.0,0.8384706377983093,0.0,0.0,0.0,0.0,0.0,0.0,0.0,0.0,0.0,0.0,0.0,0.0,2.0,142.0,8.0,24.0,21.0,15.0,30.0
2020-12-16 06:00:00+00:00,4233745492.0,0.00151084,29.31823503,256128676.0,1.7506415843963623,1.621317446231842,0.0,0.0,0.0,1.7506415843963623,0.0,0.0,1.6856383085250854,0.0,0.0,0.0,0.0,0.0,3.0,188.0,5.0,22.0,21.0,53.0,70.0
2020-12-16 08:00:00+00:00,4220572312.0,0.0015009,29.22701216,257818702.0,0.0,0.8199072480201721,0.0,0.0,0.0,0.0,0.0,0.0,0.7669515609741211,0.0,0.0,0.0,0.0,0.0,7.0,233.0,3.0,29.0,21.0,12.0,57.0
2020-12-16 10:00:00+00:00,4243124013.0,0.00149138,29.38318028,260598873.0,0.7141806483268738,0.0,0.0,0.0,0.0,0.7141806483268738,0.0,0.0,0.0,0.0,0.0,0.0,0.0,0.0,7.0,211.0,5.0,32.0,82.0,30.0,51.0
2020-12-16 12:00:00+00:00,4284592601.0,0.00146368,29.67034582,266201160.0,1.5432674288749695,0.0,0.0,0.0,0.0,1.5432674288749695,0.0,0.7755354046821594,0.80722576379776,0.0,0.0,0.0,0.7755354046821594,0.0,11.0,138.0,2.0,53.0,99.0,27.0,77.0
2020-12-16 14:00:00+00:00,4351831658.0,0.00146069,30.1359691,305494093.0,3.9514068961143494,0.7190647125244141,0.0,0.0,0.0,2.402317762374878,0.8300244212150574,0.0,0.0,0.0,0.0,0.0,0.0,0.0,27.0,235.0,3.0,60.0,135.0,55.0,117.0
2020-12-16 16:00:00+00:00,4342409961.0,0.00145694,30.07072486,323701731.0,0.8119531869888306,0.0,0.0,0.0,0.0,0.0,0.8119531869888306,1.5753750205039978,0.0,0.0,1.5753750205039978,0.0,0.0,0.0,13.0,274.0,6.0,82.0,69.0,52.0,86.0
2020-12-16 18:00:00+00:00,4379319071.0,0.00146298,30.3263165,328481854.0,7.257009327411652,1.659322202205658,0.0,0.0,0.7149330973625183,3.8916966319084167,2.6503795981407166,1.7829723954200745,0.0,0.0,0.0,0.0,0.9308841824531555,0.852088212966919,15.0,212.0,6.0,60.0,47.0,43.0,62.0
2020-12-16 20:00:00+00:00,4399546121.0,0.00143654,30.46638667,334878344.0,2.386204719543457,0.0,0.0,0.0,0.0,1.601853847503662,0.7843508720397949,0.788521409034729,0.0,0.0,0.0,0.0,0.788521409034729,0.0,10.0,215.0,4.0,69.0,123.0,34.0,56.0
2020-12-16 22:00:00+00:00,4402984095.0,0.00143075,30.49019426,347039607.0,1.4796623587608337,0.0,0.0,0.0,0.0,1.4796623587608337,0.0,1.5593687891960144,0.9890361428260803,0.0,1.5593687891960144,0.0,0.0,0.0,7.0,197.0,3.0,65.0,619.0,82.0,33.0
2020-12-17 00:00:00+00:00,4462874040.0,0.00142386,30.90492573,366393048.0,1.703927218914032,0.0,0.0,0.0,0.0,0.7620034217834473,0.9419237971305847,0.0,0.8864073157310486,0.0,0.0,0.0,0.0,0.0,8.0,192.0,5.0,60.0,61.0,21.0,25.0
2020-12-17 02:00:00+00:00,4402128965.0,0.00140325,30.48427258,387137461.0,2.2483638525009155,0.7024233341217041,0.0,0.0,0.7371447086334229,1.5112191438674927,0.0,0.0,0.8934057950973511,0.0,0.0,0.0,0.0,0.0,11.0,200.0,10.0,66.0,81.0,42.0,30.0
2020-12-17 04:00:00+00:00,4423388943.0,0.00138316,30.63149566,400030971.0,2.1851099729537964,0.0,0.0,1.4134398102760315,0.0,0.7716701626777649,0.0,0.7051874995231628,0.0,0.0,0.7051874995231628,0.0,0.0,0.0,8.0,184.0,0.0,41.0,31.0,26.0,31.0
2020-12-17 06:00:00+00:00,4421615911.0,0.0013684,30.6192176,413630926.0,1.6783958077430725,0.8557554483413696,0.0,0.0,0.0,0.8226403594017029,0.0,0.0,0.7064891457557678,0.0,0.0,0.0,0.0,0.0,6.0,111.0,11.0,49.0,77.0,29.0,50.0
2020-12-17 08:00:00+00:00,4399885252.0,0.00134886,30.46873511,442188061.0,10.034278988838196,0.0,0.0,1.7028492093086243,0.0,7.537837624549866,0.7935921549797058,2.3903310894966125,3.9388811588287354,0.0,0.9147514700889587,0.0,0.0,1.4755796194076538,19.0,203.0,4.0,52.0,178.0,36.0,106.0
2020-12-17 10:00:00+00:00,4523701659.0,0.00137744,31.3261505,479497961.0,8.34130334854126,0.0,0.0,0.7777740955352783,0.0,7.5635292530059814,0.0,0.9126268625259399,0.0,0.0,0.0,0.0,0.9126268625259399,0.0,26.0,215.0,7.0,36.0,86.0,15.0,60.0
2020-12-17 12:00:00+00:00,4469502475.0,0.0013586,30.95082694,477909896.0,15.875914692878723,0.0,0.0,0.0,0.0,15.090112507343292,0.7858021855354309,1.4514526724815369,0.7316087484359741,0.0,0.0,0.0,0.7198439240455627,0.0,34.0,182.0,1.0,68.0,86.0,47.0,74.0
2020-12-17 14:00:00+00:00,4486715464.0,0.00133399,31.07002504,452572959.0,8.455608367919922,0.0,0.0,0.0,0.0,7.665674984455109,0.7899333834648132,0.0,0.0,0.0,0.0,0.0,0.0,0.0,16.0,196.0,4.0,85.0,87.0,44.0,67.0
2020-12-17 16:00:00+00:00,4470116451.0,0.00132481,30.95507866,455800570.0,7.389486908912659,0.0,0.0,0.0,1.4557682275772095,5.0714046359062195,0.8623140454292297,0.8668845891952515,2.6152958273887634,0.0,0.0,0.0,0.0,0.8668845891952515,19.0,194.0,4.0,93.0,115.0,38.0,79.0
2020-12-17 18:00:00+00:00,4384063383.0,0.00132625,30.35917036,472782411.0,5.013630509376526,0.0,0.0,0.0,0.0,5.013630509376526,0.0,0.0,0.0,0.0,0.0,0.0,0.0,0.0,17.0,220.0,2.0,67.0,152.0,51.0,56.0
2020-12-17 20:00:00+00:00,4344717146.0,0.00132218,30.08670187,481935992.0,2.606005609035492,0.8172067999839783,0.0,0.0,0.0,2.606005609035492,0.0,0.0,1.7611388564109802,0.0,0.0,0.0,0.0,0.0,6.0,153.0,8.0,76.0,815.0,61.0,48.0
2020-12-17 22:00:00+00:00,4358786912.0,0.00132357,30.1841335,479985920.0,3.9270118474960327,0.8154894113540649,0.0,0.0,0.0,3.138656497001648,0.7883553504943848,0.0,0.0,0.0,0.0,0.0,0.0,0.0,6.0,149.0,7.0,56.0,372.0,47.0,31.0
2020-12-18 00:00:00+00:00,4364440523.0,0.00131551,30.22328415,472759726.0,0.0,0.0,0.0,0.0,0.0,0.0,0.0,0.0,0.0,0.0,0.0,0.0,0.0,0.0,4.0,142.0,3.0,53.0,81.0,35.0,30.0
2020-12-18 02:00:00+00:00,4369122672.0,0.00132571,30.25570753,466095737.0,4.10553777217865,0.8580324649810791,0.0,0.7492910623550415,0.0,1.7331979870796204,0.7650162577629089,0.0,0.0,0.0,0.0,0.0,0.0,0.0,9.0,145.0,1.0,60.0,52.0,28.0,47.0
2020-12-18 04:00:00+00:00,4393544289.0,0.00132535,30.42482462,471524839.0,4.130618035793304,1.5615572929382324,0.0,0.0,0.0,2.569060742855072,0.0,0.7289851307868958,0.0,0.0,0.0,0.0,0.7289851307868958,0.0,12.0,150.0,8.0,43.0,33.0,18.0,62.0
2020-12-18 06:00:00+00:00,4418344499.0,0.0013291,30.59656342,472755958.0,4.08966600894928,1.6565075516700745,0.0,0.0,0.0,1.6038995385169983,0.829258918762207,0.7358027696609497,0.0,0.0,0.0,0.0,0.7358027696609497,0.0,22.0,149.0,10.0,42.0,49.0,14.0,63.0
2020-12-18 08:00:00+00:00,4485572085.0,0.00134221,31.06210727,459900298.0,2.31523734331131,1.502099871635437,0.0,0.0,0.0,1.5220574736595154,0.7931798696517944,0.7649805545806885,0.0,0.0,0.7649805545806885,0.0,0.0,0.0,7.0,169.0,11.0,46.0,37.0,15.0,70.0
2020-12-18 10:00:00+00:00,4445682586.0,0.00134653,30.78587675,434759359.0,7.126403570175171,1.4518586993217468,0.0,0.0,0.0,6.414114773273468,0.0,0.0,0.0,0.0,0.0,0.0,0.0,0.0,11.0,177.0,16.0,24.0,64.0,11.0,59.0
2020-12-18 12:00:00+00:00,4394630856.0,0.00134486,30.43234898,426657704.0,5.026419579982758,1.4761147499084473,0.0,0.7095004916191101,0.0,4.3169190883636475,0.0,0.0,0.0,0.0,0.0,0.0,0.0,0.0,11.0,157.0,8.0,19.0,69.0,25.0,91.0
2020-12-18 14:00:00+00:00,4400644553.0,0.00134839,30.47399319,419205040.0,1.7100253701210022,0.0,0.0,0.0,0.0,1.7100253701210022,0.0,0.7234804034233093,0.0,0.0,0.0,0.0,0.0,0.7234804034233093,9.0,205.0,2.0,57.0,53.0,20.0,80.0
2020-12-18 16:00:00+00:00,4421404942.0,0.00134437,30.61775666,402905496.0,3.549484431743622,1.6850581765174866,0.0,0.0,0.0,2.6387733817100525,0.0,0.0,1.4320306777954102,0.0,0.0,0.0,0.0,0.0,11.0,158.0,10.0,81.0,41.0,26.0,89.0
2020-12-18 18:00:00+00:00,4424479768.0,0.0013469,30.6390495,375135145.0,1.6741129755973816,0.0,0.0,0.0,0.0,1.6741129755973816,0.0,0.0,0.0,0.0,0.0,0.0,0.0,0.0,4.0,167.0,5.0,58.0,37.0,31.0,74.0
2020-12-18 20:00:00+00:00,4446163974.0,0.00134481,30.78921031,362484630.0,0.9445772767066956,0.0,0.0,0.0,0.0,0.9445772767066956,0.0,0.0,0.0,0.0,0.0,0.0,0.0,0.0,3.0,153.0,2.0,48.0,85.0,9.0,56.0
2020-12-18 22:00:00+00:00,4467702132.0,0.00133713,30.93835975,359055461.0,2.310141086578369,0.0,0.0,0.0,0.0,2.310141086578369,0.0,0.0,0.0,0.0,0.0,0.0,0.0,0.0,11.0,148.0,5.0,57.0,81.0,31.0,46.0
2020-12-19 00:00:00+00:00,4633583063.0,0.00139204,32.08706747,379350058.0,3.3202520608901978,0.7250789403915405,0.0,0.0,0.8279917240142822,2.4922603368759155,0.0,0.0,0.9871701002120972,0.0,0.0,0.0,0.0,0.0,8.0,135.0,1.0,43.0,23.0,20.0,38.0
2020-12-19 02:00:00+00:00,4595533261.0,0.00137407,31.82357666,378034200.0,0.9207468032836914,0.0,0.0,0.0,0.0,0.9207468032836914,0.0,0.0,0.0,0.0,0.0,0.0,0.0,0.0,4.0,162.0,8.0,37.0,26.0,8.0,43.0
2020-12-19 04:00:00+00:00,4658779507.0,0.00140456,32.26155015,390111979.0,4.09262079000473,0.0,0.0,0.0,0.0,4.09262079000473,0.0,0.0,0.9241046905517578,0.0,0.0,0.0,0.0,0.0,5.0,141.0,15.0,38.0,42.0,18.0,64.0
2020-12-19 06:00:00+00:00,4625628468.0,0.00139925,32.03198275,401675645.0,5.604305446147919,0.0,0.0,0.0,0.0,4.873031914234161,0.7312735319137573,0.7922531366348267,2.667049288749695,0.0,0.0,0.0,0.0,0.0,15.0,144.0,5.0,25.0,37.0,13.0,62.0
2020-12-19 08:00:00+00:00,4686990862.0,0.00141242,32.45691077,404782157.0,4.121290504932404,0.7321245074272156,0.0,0.0,0.0,2.4853981137275696,0.9037678837776184,0.0,0.0,0.0,0.0,0.0,0.0,0.0,7.0,177.0,4.0,26.0,18.0,8.0,63.0
2020-12-19 10:00:00+00:00,4664388635.0,0.00140871,32.30039276,398386110.0,5.351588547229767,0.0,0.0,0.0,0.0,5.351588547229767,0.0,0.7229708433151245,0.0,0.0,0.0,0.0,0.7229708433151245,0.0,25.0,170.0,5.0,25.0,45.0,21.0,83.0
2020-12-19 12:00:00+00:00,4807189051.0,0.00143653,33.28927038,440999365.0,19.546284914016724,2.46867698431015,0.0,0.0,0.0,18.76568591594696,0.0,3.770714044570923,2.632675528526306,0.0,0.0,0.0,3.770714044570923,0.0,84.0,233.0,8.0,47.0,18.0,27.0,107.0
2020-12-19 14:00:00+00:00,4884880902.0,0.00143549,33.82727815,488018393.0,4.740015089511871,0.0,0.794344425201416,0.0,0.7482946515083313,3.197376012802124,0.0,0.0,0.8329541683197021,0.0,0.0,0.0,0.0,0.0,29.0,183.0,2.0,54.0,77.0,23.0,145.0
2020-12-19 16:00:00+00:00,4909971682.0,0.00142268,34.00102912,529546049.0,3.0449893474578857,0.7931670546531677,0.0,0.0,0.0,2.251822292804718,0.0,1.6572760939598083,0.8850325345993042,0.0,0.0,0.0,1.6572760939598083,0.0,13.0,195.0,4.0,63.0,168.0,36.0,118.0
2020-12-19 18:00:00+00:00,4869399199.0,0.00141517,33.72006901,535442711.0,2.5171254873275757,0.7321844696998596,0.0,0.0,0.0,2.5171254873275757,0.0,3.3215688467025757,1.7492831945419312,0.0,0.0,0.0,1.5722856521606445,0.0,13.0,215.0,5.0,75.0,53.0,24.0,100.0
2020-12-19 20:00:00+00:00,4889578646.0,0.00141191,33.85980952,537681029.0,0.0,0.0,0.0,0.0,0.0,0.0,0.0,1.5326164960861206,0.755466878414154,0.0,0.7771496176719666,0.0,0.0,0.0,8.0,151.0,3.0,81.0,99.0,34.0,86.0
2020-12-19 22:00:00+00:00,4808212174.0,0.00139491,33.2963554,534843839.0,0.838767409324646,0.838767409324646,0.0,0.0,0.0,0.0,0.0,0.0,0.9270430207252502,0.0,0.0,0.0,0.0,0.0,5.0,135.0,4.0,61.0,119.0,18.0,78.0
2020-12-20 00:00:00+00:00,4802327238.0,0.00141453,33.25560285,530843391.0,4.213107585906982,0.7237333059310913,0.0,0.0,0.0,4.213107585906982,0.0,0.0,0.0,0.0,0.0,0.0,0.0,0.0,9.0,126.0,3.0,45.0,316.0,51.0,80.0
2020-12-20 02:00:00+00:00,4759479046.0,0.00141174,32.9588837,520543318.0,3.2351789474487305,0.7720252275466919,0.0,0.0,0.0,1.6289117932319641,1.6062671542167664,0.7204126119613647,0.0,0.0,0.0,0.0,0.0,0.7204126119613647,10.0,141.0,9.0,43.0,58.0,37.0,108.0
2020-12-20 04:00:00+00:00,4786042799.0,0.00140842,33.14283485,511719569.0,56.51917105913162,0.0,0.0,0.0,0.0,56.51917105913162,0.0,0.7390413284301758,0.0,0.7390413284301758,0.0,0.0,0.0,0.0,90.0,143.0,2.0,58.0,35.0,49.0,114.0
2020-12-20 06:00:00+00:00,4862926306.0,0.00142663,33.67524492,505756117.0,80.9597584605217,0.0,0.0,0.0,0.0,79.49140357971191,1.468354880809784,0.872672438621521,0.872672438621521,0.0,0.0,0.0,0.0,0.0,127.0,136.0,10.0,41.0,26.0,19.0,114.0
2020-12-20 08:00:00+00:00,5022416850.0,0.00147532,34.77969989,560574592.0,74.98644840717316,0.0,0.0,0.0,1.495432436466217,72.71914684772491,0.7718691229820251,0.0,0.0,0.0,0.0,0.0,0.0,0.0,130.0,128.0,7.0,45.0,58.0,55.0,121.0
2020-12-20 10:00:00+00:00,5023400610.0,0.00147639,34.78651232,573096273.0,73.65554714202881,0.0,0.0,0.0,0.0,72.80125778913498,0.8542893528938293,0.755466878414154,1.5657436847686768,0.0,0.0,0.0,0.0,0.0,127.0,203.0,16.0,45.0,33.0,27.0,137.0
2020-12-20 12:00:00+00:00,5069843951.0,0.0014907,35.10812749,561239888.0,6.465515732765198,0.0,0.0,0.8184130191802979,0.0,5.6471027135849,0.0,0.0,0.0,0.0,0.0,0.0,0.0,0.0,20.0,208.0,8.0,41.0,63.0,29.0,216.0
2020-12-20 14:00:00+00:00,5057260880.0,0.00146903,35.02099107,545750226.0,14.121515274047852,0.0,0.0,0.0,0.0,12.48075658082962,1.6407586932182312,0.7342511415481567,0.0,0.0,0.0,0.0,0.7342511415481567,0.0,37.0,218.0,9.0,42.0,55.0,54.0,299.0
2020-12-20 16:00:00+00:00,5001752465.0,0.0014587,34.63660123,508345880.0,3.3821650743484497,0.7272641658782959,0.0,0.0,0.0,2.5378476977348328,0.8443173766136169,0.9478425979614258,0.0,0.0,0.0,0.0,0.0,0.9478425979614258,14.0,254.0,11.0,51.0,54.0,37.0,301.0
2020-12-20 18:00:00+00:00,5003703769.0,0.00144729,34.6501138,520204986.0,5.968398034572601,0.0,0.0,0.0,0.0,5.968398034572601,0.0,1.4558499455451965,0.7841843366622925,1.4558499455451965,0.0,0.0,0.0,0.0,27.0,196.0,9.0,57.0,27.0,40.0,156.0
2020-12-20 20:00:00+00:00,4871663090.0,0.00143397,33.73574621,539376162.0,3.2662691473960876,0.7380782961845398,0.0,0.0,0.0,2.4482439160346985,0.8180252313613892,0.0,0.0,0.0,0.0,0.0,0.0,0.0,13.0,193.0,5.0,69.0,398.0,115.0,102.0
2020-12-20 22:00:00+00:00,4932970916.0,0.00145504,34.16029635,583559932.0,2.6765701174736023,1.7103209495544434,0.0,0.0,0.0,2.6765701174736023,0.0,0.0,0.0,0.0,0.0,0.0,0.0,0.0,8.0,151.0,8.0,59.0,577.0,64.0,60.0
2020-12-21 00:00:00+00:00,5094006109.0,0.00148933,35.27544785,608088119.0,0.7184132933616638,0.0,0.0,0.0,0.0,0.7184132933616638,0.0,0.0,0.0,0.0,0.0,0.0,0.0,0.0,4.0,135.0,4.0,45.0,79.0,18.0,54.0
2020-12-21 02:00:00+00:00,5111758926.0,0.00147684,35.39838421,639486371.0,3.9105716347694397,0.8131464719772339,0.0,0.0,0.0,3.9105716347694397,0.0,0.8040507435798645,0.0,0.0,0.0,0.0,0.8040507435798645,0.0,12.0,139.0,7.0,49.0,48.0,27.0,70.0
2020-12-21 04:00:00+00:00,5027822174.0,0.00145687,34.81713118,645174527.0,1.527805745601654,0.9560317993164062,0.0,0.0,0.0,1.527805745601654,0.0,0.9084445238113403,1.7693707942962646,0.0,0.0,0.0,0.0,0.0,9.0,201.0,2.0,36.0,42.0,20.0,60.0
2020-12-21 06:00:00+00:00,4984955743.0,0.00144195,34.52028572,649860932.0,1.616856575012207,0.0,0.0,0.0,0.0,0.730072021484375,0.886784553527832,0.0,0.868585467338562,0.0,0.0,0.0,0.0,0.0,8.0,247.0,3.0,37.0,42.0,14.0,93.0
2020-12-21 08:00:00+00:00,4876285958.0,0.00144397,33.76775908,627016452.0,6.321513295173645,0.0,0.0,0.0,0.0,6.321513295173645,0.0,0.0,1.5809649229049683,0.0,0.0,0.0,0.0,0.0,27.0,255.0,6.0,34.0,41.0,26.0,78.0
2020-12-21 10:00:00+00:00,4661924761.0,0.00142773,32.2833307,670053853.0,4.176227867603302,0.9104712009429932,0.0,0.0,0.0,3.265756666660309,0.0,0.0,0.0,0.0,0.0,0.0,0.0,0.0,13.0,311.0,4.0,35.0,130.0,18.0,64.0
2020-12-21 12:00:00+00:00,4668312015.0,0.00142588,32.32756175,710800764.0,2.502328872680664,1.6158942580223083,0.0,0.0,0.0,2.502328872680664,0.0,0.7502421736717224,2.64241760969162,0.0,0.0,0.7502421736717224,0.0,0.0,11.0,340.0,3.0,48.0,190.0,26.0,129.0
2020-12-21 14:00:00+00:00,4665832548.0,0.00140299,32.31039171,345550669.0,6.529437601566315,1.5987686514854431,0.0,1.4885759353637695,0.0,3.4636080861091614,1.5772535800933838,0.7309678196907043,3.023730993270874,0.0,0.0,0.0,0.0,0.7309678196907043,17.0,300.0,5.0,48.0,57.0,31.0,154.0
2020-12-21 16:00:00+00:00,4655575925.0,0.00141633,32.23936569,330753623.0,4.102629721164703,0.0,0.0,0.0,0.0,3.355329394340515,0.7473003268241882,2.5024949312210083,2.5309308767318726,0.0,0.0,0.0,1.6478618383407593,0.0,17.0,341.0,10.0,61.0,128.0,53.0,144.0
2020-12-21 18:00:00+00:00,4667087371.0,0.00141733,32.31908122,639155214.0,0.769739031791687,1.557918667793274,0.0,0.0,0.0,0.769739031791687,0.0,1.7518206238746643,2.560167670249939,0.0,0.0,0.0,0.8308379054069519,0.9209827184677124,6.0,271.0,7.0,61.0,61.0,27.0,99.0
2020-12-21 20:00:00+00:00,4652796974.0,0.0014113386321220234,32.22012175122979,634385733.0,4.226700663566589,1.6342102885246277,0.0,0.853676974773407,0.0,3.3730236887931824,0.0,3.351705014705658,1.548858880996704,0.0,0.0,0.0,2.614035487174988,0.0,14.0,294.0,8.0,51.0,69.0,26.0,54.0
2020-12-21 22:00:00+00:00,4659931518.0,0.00141514,32.26952771,583000547.0,0.9752404689788818,0.0,0.0,0.9752404689788818,0.0,0.0,0.0,0.7542611360549927,4.09645140171051,0.0,0.0,0.0,0.7542611360549927,0.0,4.0,267.0,3.0,54.0,94.0,28.0,55.0
2020-12-22 00:00:00+00:00,4608104054.0,0.00140043,31.91062806,579332737.0,0.0,0.0,0.0,0.0,0.0,0.0,0.0,0.755466878414154,0.755466878414154,0.0,0.0,0.0,0.0,0.0,2.0,232.0,4.0,46.0,53.0,50.0,41.0
2020-12-22 02:00:00+00:00,4680083426.0,0.00141707,32.40907752,570898079.0,0.0,0.0,0.0,0.0,0.0,0.0,0.0,0.7084421515464783,1.456441879272461,0.0,0.0,0.0,0.0,0.0,2.0,233.0,11.0,39.0,45.0,54.0,65.0
2020-12-22 04:00:00+00:00,4615779605.0,0.00140801,31.96378043,562961514.0,0.0,1.5115308165550232,0.0,0.0,0.0,0.0,0.0,0.8582714796066284,0.8093482851982117,0.0,0.8582714796066284,0.0,0.0,0.0,5.0,214.0,11.0,38.0,49.0,52.0,53.0
2020-12-22 06:00:00+00:00,4513811093.0,0.0013797,31.25765938,569890567.0,1.7028166055679321,11.255264699459076,0.0,0.0,0.0,0.9551867246627808,0.7476298809051514,1.6849987506866455,0.8459513187408447,0.0,0.0,0.0,0.8390474319458008,0.0,5.0,250.0,2.0,46.0,45.0,41.0,33.0
2020-12-22 08:00:00+00:00,4582949643.0,0.00139454,31.73643645,567707761.0,2.7362303733825684,1.6356818079948425,0.0,0.0,0.0,2.7362303733825684,0.0,0.0,7.485230028629303,0.0,0.0,0.0,0.0,0.0,9.0,247.0,8.0,39.0,27.0,54.0,87.0
2020-12-22 10:00:00+00:00,4679901600.0,0.00140286,32.40781839,520265788.0,7.349096298217773,4.043365061283112,0.0,0.8578051924705505,0.0,5.718812882900238,0.0,2.5648860931396484,5.09241509437561,0.0,0.0,0.0,2.5648860931396484,0.0,24.0,260.0,9.0,31.0,40.0,65.0,69.0
2020-12-22 12:00:00+00:00,4751574898.0,0.00140099,32.90414832,493364380.0,5.651731789112091,0.0,0.0,0.0,0.0,5.651731789112091,0.0,0.0,0.0,0.0,0.0,0.0,0.0,0.0,18.0,236.0,7.0,49.0,57.0,86.0,100.0
2020-12-22 14:00:00+00:00,4837791281.0,0.0014283,33.50118755,545645836.0,4.829798102378845,3.11431622505188,0.0,0.0,0.0,4.829798102378845,0.0,0.0,4.041197299957275,0.0,0.0,0.0,0.0,0.0,16.0,293.0,4.0,62.0,58.0,82.0,128.0
2020-12-22 16:00:00+00:00,4777901890.0,0.00141945,33.08645993,579338455.0,3.3239434957504272,2.286345899105072,0.0,0.0,0.0,2.577999711036682,0.7459437847137451,0.7423532009124756,0.8349144458770752,0.0,0.0,0.0,0.7423532009124756,0.0,12.0,272.0,11.0,62.0,40.0,57.0,118.0
2020-12-22 18:00:00+00:00,4773036637.0,0.001407825101321473,33.05276856544595,562570816.0,9.149326801300049,0.0,0.0,0.0,0.0,8.407030642032623,0.7422961592674255,1.5660209655761719,0.9520740509033203,0.0,0.0,0.0,0.8129027485847473,0.7531182169914246,20.0,270.0,8.0,78.0,39.0,41.0,88.0
2020-12-22 20:00:00+00:00,,,,,4.5252586007118225,0.8606338500976562,0.0,0.0,0.0,4.5252586007118225,0.0,2.3438992500305176,0.0,0.0,0.8371323943138123,0.0,1.5067668557167053,0.0,13.0,237.0,5.0,69.0,73.0,30.0,44.0
2020-12-22 22:00:00+00:00,,,,,4.142012417316437,0.0,0.0,0.0,0.8068733811378479,3.335139036178589,0.0,0.0,0.0,0.0,0.0,0.0,0.0,0.0,9.0,236.0,9.0,57.0,194.0,55.0,50.0
2020-12-23 00:00:00+00:00,,,,,1.7023708820343018,0.8136206865310669,0.0,0.0,0.0,1.7023708820343018,0.0,0.0,0.0,0.0,0.0,0.0,0.0,0.0,9.0,242.0,3.0,44.0,53.0,26.0,26.0
2020-12-23 02:00:00+00:00,4883281575.0,0.00142873,33.81620298,571250270.0,4.80536276102066,1.5944669842720032,0.0,1.60689377784729,0.0,2.3739739060401917,0.8244950771331787,0.0,0.0,0.0,0.0,0.0,0.0,0.0,10.0,269.0,13.0,52.0,50.0,12.0,46.0
2020-12-23 04:00:00+00:00,4821870009.0,0.00142304,33.39093445,584311074.0,0.0,0.8349189162254333,0.0,0.0,0.0,0.0,0.0,3.3621252179145813,2.542356312274933,0.0,0.0,0.8197689056396484,0.0,0.0,11.0,246.0,19.0,53.0,116.0,12.0,50.0
2020-12-23 06:00:00+00:00,4834850205.0,0.00142212,33.48082092,584673807.0,2.250265121459961,1.4291784763336182,0.0,0.0,0.7569308876991272,1.4933342337608337,0.0,0.0,0.0,0.0,0.0,0.0,0.0,0.0,9.0,242.0,2.0,38.0,34.0,18.0,43.0
2020-12-23 08:00:00+00:00,4778301368.0,0.00140062,33.08922627,557850657.0,2.363681197166443,0.0,0.0,0.0,0.0,1.570507824420929,0.7931733727455139,0.7167498469352722,0.7466813325881958,0.0,0.0,0.0,0.7167498469352722,0.0,5.0,248.0,6.0,46.0,57.0,25.0,66.0
2020-12-23 10:00:00+00:00,4613872694.0,0.00138257,31.95057527,570156207.0,4.702345252037048,2.233876585960388,0.0,0.0,0.0,3.978363573551178,0.0,0.8877142667770386,1.607260286808014,0.0,0.0,0.0,0.8877142667770386,0.0,21.0,295.0,6.0,49.0,115.0,25.0,54.0
2020-12-23 12:00:00+00:00,4666442238.0,0.00137274,32.31461375,589171635.0,3.989501476287842,0.7877179980278015,0.0,0.0,0.0,3.989501476287842,0.0,1.8528844714164734,1.6919357180595398,0.0,0.0,0.0,0.918449342250824,0.0,17.0,253.0,4.0,69.0,169.0,35.0,83.0
2020-12-23 14:00:00+00:00,4588386556.0,0.00135476,31.77408649,573799323.0,2.689681053161621,0.0,0.0,0.0,0.0,2.689681053161621,0.0,0.0,1.4416162371635437,0.0,0.0,0.0,0.0,0.0,15.0,268.0,5.0,68.0,53.0,45.0,76.0
2020-12-23 16:00:00+00:00,4676168389.0,0.00137086,32.3819663,576088019.0,2.3873886466026306,0.0,0.0,0.0,0.0,1.6375762224197388,0.7498124241828918,0.7747140526771545,0.0,0.0,0.7747140526771545,0.0,0.0,0.0,9.0,282.0,11.0,89.0,34.0,34.0,91.0
2020-12-23 18:00:00+00:00,4679147982.0,0.00137521,32.40259967,574874291.0,2.702386200428009,0.0,0.0,0.0,0.0,1.833273470401764,0.8691127300262451,0.789598286151886,0.0,0.0,0.0,0.0,0.789598286151886,0.0,14.0,224.0,1.0,69.0,26.0,31.0,70.0
2020-12-23 20:00:00+00:00,4543272232.0,0.00134917,31.46167462,564995035.0,0.8148198127746582,0.75633305311203,0.0,0.0,0.0,0.8148198127746582,0.0,1.6192631721496582,0.0,0.0,0.7866529226303101,0.0,0.8326102495193481,0.0,9.0,224.0,10.0,98.0,108.0,46.0,49.0
2020-12-23 22:00:00+00:00,4490740605.0,0.00133804,31.09789872,582613805.0,0.0,2.4232874512672424,0.0,0.0,0.0,0.0,0.0,0.917129635810852,0.0,0.0,0.917129635810852,0.0,0.0,0.0,9.0,245.0,2.0,87.0,859.0,102.0,40.0
2020-12-24 00:00:00+00:00,4537829391.0,0.00135513,31.42398353,596385966.0,0.7036893963813782,0.773248016834259,0.0,0.0,0.0,0.7036893963813782,0.0,0.0,0.0,0.0,0.0,0.0,0.0,0.0,4.0,211.0,5.0,71.0,63.0,70.0,30.0
2020-12-24 02:00:00+00:00,4484745615.0,0.00135526,31.05638405,605289786.0,3.3903269171714783,0.0,0.0,0.8785142302513123,0.0,1.595465064048767,0.9163476228713989,0.0,0.0,0.0,0.0,0.0,0.0,0.0,5.0,199.0,5.0,65.0,54.0,42.0,50.0
2020-12-24 04:00:00+00:00,4519358234.0,0.00135397,31.29607274,594105184.0,2.2987186312675476,1.8879932761192322,0.0,0.788424551486969,0.0,0.7620034217834473,0.7482906579971313,0.8286397457122803,0.8286397457122803,0.0,0.0,0.0,0.0,0.0,7.0,242.0,3.0,48.0,31.0,24.0,88.0
2020-12-24 06:00:00+00:00,4533626860.0,0.00135228,31.39488145,594162694.0,0.7408884763717651,0.0,0.0,0.0,0.7408884763717651,0.0,0.0,4.234538733959198,0.9579666256904602,0.0,0.0,2.4776045083999634,0.7989675998687744,0.0,29.0,241.0,9.0,32.0,19.0,18.0,68.0
2020-12-24 08:00:00+00:00,4607180971.0,0.00136849,31.90423581,599152877.0,1.5016987919807434,1.5332736372947693,0.0,0.0,0.7522152066230774,0.0,0.0,0.755466878414154,1.4942654371261597,0.0,0.0,0.0,0.0,0.0,9.0,202.0,2.0,44.0,31.0,45.0,68.0
2020-12-24 10:00:00+00:00,4588925984.0,0.00136777,31.77782197,556613692.0,19.502981901168823,0.0,0.0,0.0,0.0,19.502981901168823,0.0,3.2388628721237183,1.5613511800765991,0.0,0.0,0.0,3.2388628721237183,0.0,78.0,212.0,5.0,45.0,22.0,47.0,63.0
2020-12-24 12:00:00+00:00,4644711953.0,0.00137627,32.16413385,548269570.0,13.691393554210663,1.5753688216209412,0.0,1.6024653911590576,0.0,12.088928163051605,0.0,1.7227275967597961,0.8360996246337891,0.0,0.0,0.0,1.7227275967597961,0.0,44.0,253.0,12.0,28.0,28.0,46.0,88.0
2020-12-24 14:00:00+00:00,4630660976.0,0.00137861,32.06683233,537885579.0,8.363566756248474,0.0,0.0,0.9120290875434875,0.0,6.590750575065613,0.8607870936393738,0.7066401839256287,0.7681335806846619,0.0,0.0,0.0,0.7066401839256287,0.0,48.0,216.0,12.0,61.0,21.0,40.0,108.0
2020-12-24 16:00:00+00:00,4621794366.0,0.00136899,32.00543201,527784119.0,3.3580987453460693,0.0,0.0,0.0,0.0,3.3580987453460693,0.0,4.002013683319092,0.0,0.0,1.527479350566864,0.0,2.474534332752228,0.0,24.0,202.0,4.0,68.0,16.0,55.0,127.0
2020-12-24 18:00:00+00:00,4637668549.0,0.00137806,32.11535902,529537897.0,6.247039020061493,0.0,0.0,2.3184606432914734,0.0,3.9285783767700195,0.0,0.0,0.0,0.0,0.0,0.0,0.0,0.0,16.0,187.0,6.0,59.0,23.0,26.0,72.0
2020-12-24 20:00:00+00:00,4664780412.0,0.00137807,32.30310578,520909078.0,4.284089982509613,0.743923544883728,0.0,0.0,0.9116420149803162,2.6067848205566406,0.7656631469726562,2.362346589565277,0.0,0.0,0.0,0.0,2.362346589565277,0.0,20.0,169.0,9.0,67.0,115.0,44.0,41.0
2020-12-24 22:00:00+00:00,4693298909.0,0.00136926,32.50059333,488263504.0,1.521499514579773,0.0,0.0,0.0,0.0,1.521499514579773,0.0,0.0,1.4402979612350464,0.0,0.0,0.0,0.0,0.0,11.0,184.0,7.0,55.0,165.0,52.0,31.0
2020-12-25 00:00:00+00:00,4692294703.0,0.00137625,32.4936393,467514408.0,0.0,0.0,0.0,0.0,0.0,0.0,0.0,0.7449843883514404,0.0,0.7449843883514404,0.0,0.0,0.0,0.0,6.0,166.0,9.0,62.0,28.0,15.0,14.0
2020-12-25 02:00:00+00:00,4646493287.0,0.00136974,32.17646939,426554678.0,2.2318089604377747,0.0,0.0,0.0,0.0,2.2318089604377747,0.0,0.8127704858779907,0.0,0.0,0.8127704858779907,0.0,0.0,0.0,11.0,166.0,8.0,34.0,17.0,18.0,41.0
2020-12-25 04:00:00+00:00,4660343663.0,0.00136855,32.27238176,413702762.0,4.93085914850235,0.0,0.0,0.0,0.7520560622215271,3.389032781124115,0.7897703051567078,2.6244285702705383,0.0,0.0,0.0,0.8079082369804382,1.8165203332901,0.0,16.0,187.0,4.0,47.0,27.0,20.0,42.0
2020-12-25 06:00:00+00:00,4723971624.0,0.00138208,32.7129986,422403552.0,4.804253578186035,0.0,0.0,0.0,0.0,3.206967771053314,1.597285807132721,0.876136839389801,0.7038987874984741,0.0,0.0,0.0,0.876136839389801,0.0,17.0,173.0,4.0,24.0,17.0,10.0,65.0
2020-12-25 08:00:00+00:00,4779118216.0,0.00138177,33.09488285,414813475.0,5.930112779140472,0.905619740486145,0.0,0.0,0.0,5.0709341168403625,0.8591786623001099,0.9651532769203186,2.452991008758545,0.0,0.0,0.0,0.9651532769203186,0.0,12.0,189.0,2.0,26.0,30.0,14.0,56.0
2020-12-25 10:00:00+00:00,4802703436.0,0.00135316,33.25820798,421393662.0,3.4200910329818726,0.7876325845718384,0.0,0.0,0.0,3.4200910329818726,0.0,0.0,14.976396918296814,0.0,0.0,0.0,0.0,0.0,8.0,175.0,7.0,29.0,38.0,60.0,66.0
2020-12-25 12:00:00+00:00,4774909711.0,0.00135092,33.06573941,407287911.0,0.9037744402885437,0.7010546922683716,0.0,0.0,0.9037744402885437,0.0,0.0,0.0,4.08928257226944,0.0,0.0,0.0,0.0,0.0,13.0,190.0,6.0,28.0,54.0,26.0,79.0
2020-12-25 14:00:00+00:00,4680489823.0,0.00134997,32.41189177,403835190.0,3.113002121448517,2.2562363147735596,0.0,0.0,0.0,3.113002121448517,0.0,0.0,0.0,0.0,0.0,0.0,0.0,0.0,14.0,194.0,5.0,46.0,38.0,20.0,82.0
2020-12-25 16:00:00+00:00,4660410046.0,0.00133395,32.27284146,417614117.0,2.524789869785309,1.6448942422866821,0.0,0.0,0.0,1.5727112293243408,0.952078640460968,0.8670758605003357,0.0,0.0,0.0,0.0,0.8670758605003357,0.0,12.0,188.0,1.0,56.0,45.0,39.0,111.0
2020-12-25 18:00:00+00:00,4689795341.0,0.00132854,32.47633149,418604750.0,2.669768810272217,0.0,0.0,0.0,0.0,1.7123122811317444,0.9574565291404724,1.5859626531600952,0.8862242698669434,0.0,0.0,0.0,0.0,1.5859626531600952,15.0,95.0,9.0,43.0,35.0,56.0,67.0
2020-12-25 20:00:00+00:00,4667476958.0,0.00132481,32.32177907,414194446.0,3.5325726866722107,0.0,0.0,0.0,0.0,3.5325726866722107,0.0,1.531579613685608,0.0,0.0,0.0,0.7590625882148743,0.0,0.7725170254707336,10.0,83.0,5.0,41.0,63.0,39.0,47.0
2020-12-25 22:00:00+00:00,4789239871.0,0.00134463,33.16497423,421026462.0,1.5606845021247864,0.0,0.0,0.0,0.0,0.8193963170051575,0.7412881851196289,2.5067326426506042,0.821243166923523,0.0,0.8075670003890991,0.0,0.0,0.8779224753379822,12.0,79.0,6.0,42.0,163.0,33.0,37.0
2020-12-26 00:00:00+00:00,4833399371.0,0.00134565,33.47077405,435064594.0,0.0,0.0,0.0,0.0,0.0,0.0,0.0,0.0,0.0,0.0,0.0,0.0,0.0,0.0,3.0,71.0,15.0,35.0,46.0,23.0,26.0
2020-12-26 02:00:00+00:00,4838991669.0,0.00134764,33.50950012,455259367.0,0.0,0.0,0.0,0.0,0.0,0.0,0.0,0.0,0.0,0.0,0.0,0.0,0.0,0.0,9.0,147.0,6.0,42.0,46.0,19.0,47.0
2020-12-26 04:00:00+00:00,4770167394.0,0.0013359,33.03289936,459401065.0,0.8019928932189941,0.0,0.0,0.0,0.0,0.8019928932189941,0.0,1.5044254660606384,0.9388781189918518,0.0,0.0,0.0,1.5044254660606384,0.0,10.0,172.0,10.0,49.0,30.0,12.0,59.0
2020-12-26 06:00:00+00:00,4796212957.0,0.00134041,33.21326211,450503053.0,0.0,0.7074123024940491,0.0,0.0,0.0,0.0,0.0,0.0,0.7956587672233582,0.0,0.0,0.0,0.0,0.0,4.0,170.0,3.0,36.0,21.0,7.0,74.0
2020-12-26 08:00:00+00:00,4759067904.0,0.00132502,32.95603658,443348299.0,1.607458472251892,0.0,0.0,0.0,0.0,0.7954700589179993,0.8119884133338928,0.0,2.6845792531967163,0.0,0.0,0.0,0.0,0.0,8.0,207.0,3.0,22.0,30.0,17.0,64.0
2020-12-26 10:00:00+00:00,4753632127.0,0.00132434,32.91839441,430744846.0,4.122198700904846,0.9282600283622742,0.0,0.0,0.0,4.122198700904846,0.0,0.0,0.8161274194717407,0.0,0.0,0.0,0.0,0.0,14.0,182.0,6.0,36.0,29.0,19.0,80.0
2020-12-26 12:00:00+00:00,4793579830.0,0.00133096,33.19502798,431074502.0,7.307105481624603,1.591458797454834,0.0,0.0,0.0,6.423757195472717,0.883348286151886,0.0,1.6427335739135742,0.0,0.0,0.0,0.0,0.0,28.0,182.0,6.0,38.0,31.0,38.0,75.0
2020-12-26 14:00:00+00:00,4797078622.0,0.00129725,33.21925675,430384388.0,2.3528814911842346,1.6118708848953247,0.0,0.0,0.0,2.3528814911842346,0.0,0.0,1.5802531838417053,0.0,0.0,0.0,0.0,0.0,12.0,198.0,4.0,46.0,60.0,40.0,102.0
2020-12-26 16:00:00+00:00,4855030604.0,0.00130549,33.62056803,437998783.0,1.40823233127594,0.8841098546981812,0.0,0.0,0.0,0.7019273638725281,0.7063049674034119,0.8076988458633423,0.0,0.0,0.0,0.0,0.0,0.8076988458633423,16.0,184.0,7.0,83.0,74.0,45.0,134.0
2020-12-26 18:00:00+00:00,4834375133.0,0.00129323,33.4775311,430036796.0,4.125330686569214,0.9837086200714111,0.0,0.0,0.0,3.1416220664978027,0.0,1.5092056393623352,3.400501072406769,0.0,0.0,0.0,1.5092056393623352,0.0,15.0,167.0,5.0,74.0,35.0,44.0,81.0
2020-12-26 20:00:00+00:00,4879231411.0,0.00126711,33.78815602,442405986.0,4.069683492183685,0.0,0.0,0.0,0.0,4.069683492183685,0.0,0.0,0.9183411002159119,0.0,0.0,0.0,0.0,0.0,16.0,173.0,2.0,77.0,622.0,124.0,80.0
2020-12-26 22:00:00+00:00,4834318541.0,0.0012663,33.4771392,434464851.0,4.099219620227814,0.0,0.0,0.0,0.0,3.158306360244751,0.9409132599830627,0.0,0.0,0.0,0.0,0.0,0.0,0.0,11.0,182.0,3.0,97.0,548.0,58.0,36.0
2020-12-27 00:00:00+00:00,4830444242.0,0.00125726,33.4503101,424303064.0,0.0,0.0,0.0,0.0,0.0,0.0,0.0,0.9768237471580505,1.7674782276153564,0.0,0.0,0.0,0.9768237471580505,0.0,2.0,146.0,5.0,73.0,178.0,31.0,28.0
2020-12-27 02:00:00+00:00,4910588859.0,0.00128039,34.005303,440862371.0,0.0,0.8967790007591248,0.0,0.0,0.0,0.0,0.0,0.9023239612579346,0.0,0.0,0.9023239612579346,0.0,0.0,0.0,5.0,149.0,4.0,48.0,43.0,29.0,43.0
2020-12-27 04:00:00+00:00,4886256230.0,0.00125813,33.83680215,438991203.0,0.9303667545318604,1.6502630114555359,0.0,0.0,0.0,0.9303667545318604,0.0,0.0,1.715050458908081,0.0,0.0,0.0,0.0,0.0,6.0,150.0,1.0,69.0,28.0,33.0,50.0
2020-12-27 06:00:00+00:00,4866348742.0,0.00122067,33.69894492,446134614.0,2.400492250919342,2.1758349537849426,0.0,0.0,0.0,2.400492250919342,0.0,0.0,0.0,0.0,0.0,0.0,0.0,0.0,7.0,167.0,2.0,60.0,58.0,22.0,72.0
2020-12-27 08:00:00+00:00,4781721514.0,0.00119309,33.11291041,449981888.0,9.382363498210907,0.0,0.0,0.0,1.5254325866699219,7.856930911540985,0.0,1.6285459995269775,0.8091374039649963,0.0,0.0,0.0,1.6285459995269775,0.0,27.0,183.0,7.0,47.0,58.0,25.0,56.0
2020-12-27 10:00:00+00:00,4709963632.0,0.00118314,32.61599475,472322215.0,5.249853253364563,0.0,0.0,0.0,0.0,4.420353412628174,0.8294998407363892,2.5203083157539368,0.0,0.0,0.0,0.0,2.5203083157539368,0.0,12.0,201.0,9.0,44.0,84.0,21.0,73.0
2020-12-27 12:00:00+00:00,4798377458.0,0.00120853,33.22825105,497975529.0,4.921112358570099,0.8256050944328308,0.0,0.0,0.0,4.095507264137268,0.0,0.0,3.2543742060661316,0.0,0.0,0.0,0.0,0.0,14.0,186.0,6.0,54.0,92.0,43.0,115.0
2020-12-27 14:00:00+00:00,4989313528.0,0.00126355,34.55046292,558286905.0,3.9908947348594666,2.391199469566345,0.0,0.0,0.0,3.0496795773506165,0.9412151575088501,0.0,2.2918850779533386,0.0,0.0,0.0,0.0,0.0,15.0,193.0,4.0,79.0,98.0,55.0,101.0
2020-12-27 16:00:00+00:00,4913046934.0,0.00127449,34.02232491,559823622.0,5.040095746517181,0.7642399668693542,0.0,0.7813059687614441,0.0,4.258789777755737,0.0,1.8809328079223633,1.6370488405227661,0.0,0.0,0.0,1.8809328079223633,0.0,15.0,201.0,11.0,77.0,97.0,30.0,100.0
2020-12-27 18:00:00+00:00,4962851450.0,0.00126914,34.36721586,572657409.0,3.6918338537216187,0.7218624949455261,1.4603628516197205,0.0,0.0,2.231471002101898,0.0,0.0,0.0,0.0,0.0,0.0,0.0,0.0,10.0,166.0,3.0,64.0,41.0,33.0,87.0
2020-12-27 20:00:00+00:00,4828587390.0,0.00126753,33.43745159,570700424.0,2.634467124938965,2.4579038619995117,0.0,0.0,0.0,2.634467124938965,0.0,0.0,0.0,0.0,0.0,0.0,0.0,0.0,8.0,151.0,11.0,85.0,949.0,86.0,55.0
2020-12-27 22:00:00+00:00,4839330614.0,0.00127556,33.51184727,567285548.0,0.7845639586448669,0.0,0.0,0.7845639586448669,0.0,0.0,0.0,0.7752883434295654,3.2983270287513733,0.0,0.0,0.0,0.0,0.7752883434295654,8.0,160.0,5.0,69.0,222.0,29.0,50.0
2020-12-28 00:00:00+00:00,4953392054.0,0.00127017,34.30171055,585678381.0,0.7457133531570435,0.0,0.0,0.7457133531570435,0.0,0.0,0.0,0.0,0.0,0.0,0.0,0.0,0.0,0.0,3.0,149.0,4.0,72.0,93.0,26.0,59.0
2020-12-28 02:00:00+00:00,4991439052.0,0.00127227,34.56518195,578730651.0,1.63577401638031,0.8023019433021545,0.0,0.0,0.0,0.7718673944473267,0.8639066219329834,3.0611221194267273,0.755466878414154,0.0,0.8669297695159912,0.0,1.438725471496582,0.0,9.0,161.0,10.0,68.0,48.0,17.0,50.0
2020-12-28 04:00:00+00:00,5024861521.0,0.00129204,34.79662898,612126592.0,2.577350378036499,0.0,0.0,0.8098596334457397,0.0,0.9459685683250427,0.8215221762657166,0.0,0.0,0.0,0.0,0.0,0.0,0.0,6.0,162.0,3.0,41.0,51.0,13.0,52.0
2020-12-28 06:00:00+00:00,5089374892.0,0.001302832917042244,35.24337717066727,627422529.0,0.7499049305915833,1.7197148203849792,0.0,0.0,0.0,0.7499049305915833,0.0,2.463082790374756,0.0,0.0,2.463082790374756,0.0,0.0,0.0,4.0,172.0,13.0,39.0,48.0,19.0,67.0
2020-12-28 08:00:00+00:00,5108543508.0,0.00131747,35.37611779,640231143.0,9.222755670547485,2.5026569962501526,0.0,0.7451908588409424,0.0,4.389428079128265,3.1489322781562805,0.0,0.0,0.0,0.0,0.0,0.0,0.0,19.0,193.0,5.0,31.0,37.0,16.0,68.0
2020-12-28 10:00:00+00:00,5103362858.0,0.001318,35.34024234,663106753.0,0.7015470862388611,2.286923408508301,0.0,0.0,0.0,0.0,0.0,0.0,0.7016544342041016,0.0,0.0,0.0,0.0,0.0,5.0,181.0,1.0,36.0,47.0,14.0,83.0
2020-12-28 12:00:00+00:00,5101821890.0,0.00129993,35.32957131,656069319.0,1.5486472845077515,2.3827773332595825,0.0,0.0,0.0,1.5486472845077515,0.0,0.0,1.6160169839859009,0.0,0.0,0.0,0.0,0.0,6.0,216.0,2.0,44.0,48.0,26.0,104.0
2020-12-28 14:00:00+00:00,5069441990.0,0.00130288,35.10534396,608259142.0,65.43889164924622,2.336734414100647,0.0,0.0,0.0,65.43889164924622,0.0,4.969679832458496,2.306139647960663,0.0,0.0,0.0,4.969679832458496,0.0,180.0,188.0,4.0,72.0,48.0,63.0,117.0
2020-12-28 16:00:00+00:00,5183225629.0,0.00132318,35.89328349,605336252.0,584.3905470967293,2.2009500861167908,0.0,0.884489893913269,0.0,583.506057202816,0.0,38.631263256073,0.0,0.0,0.8006710410118103,0.0,37.83059221506119,0.0,1496.0,170.0,8.0,81.0,41.0,167.0,130.0
2020-12-28 18:00:00+00:00,5154402703.0,0.00132395,35.69368781,612759402.0,222.8377183675766,0.7336500287055969,0.0,0.0,0.0,222.8377183675766,0.0,17.17462021112442,0.7634425759315491,0.0,0.0,0.0,17.17462021112442,0.0,530.0,199.0,14.0,94.0,3.0,106.0,76.0
2020-12-28 20:00:00+00:00,5114416317.0,0.00132636,35.41678637,595305304.0,115.07653903961182,0.0,0.0,0.0,0.0,115.07653903961182,0.0,10.617242515087128,0.0,0.0,0.0,0.0,10.617242515087128,0.0,309.0,161.0,4.0,97.0,4.0,74.0,56.0
2020-12-28 22:00:00+00:00,5176189132.0,0.00132342,35.8445565,611476292.0,97.09307312965393,0.8838981986045837,0.0,4.177956938743591,0.0,92.00741237401962,0.9077038168907166,7.138426601886749,0.0,0.0,0.0,0.0,7.138426601886749,0.0,228.0,168.0,10.0,116.0,7.0,91.0,57.0
2020-12-29 00:00:00+00:00,5221350221.0,0.00134845,36.15729222,633171397.0,88.63092911243439,0.0,0.0,2.9721491932868958,0.0,85.65877991914749,0.0,5.1729456782341,0.0,0.0,0.9450597763061523,0.0,4.227885901927948,0.0,225.0,163.0,11.0,117.0,6.0,62.0,18.0
2020-12-29 02:00:00+00:00,5640777718.0,0.0014727,39.06178281,802295467.0,92.31924194097519,3.7983752489089966,0.0,1.5308798551559448,0.0,90.78836208581924,0.0,3.867338240146637,3.9671130776405334,0.0,0.0,0.0,3.867338240146637,0.0,271.0,161.0,10.0,80.0,6.0,56.0,33.0
2020-12-29 04:00:00+00:00,5497312567.0,0.00144297,38.06830197,899808768.0,87.65627461671829,5.59201043844223,0.0,1.6548662185668945,0.0,83.5941413640976,0.0,9.542943358421326,3.1399866342544556,0.0,0.0,0.0,7.9093592166900635,0.0,223.0,187.0,8.0,60.0,0.0,49.0,37.0
2020-12-29 06:00:00+00:00,5461517142.0,0.00143391,37.82042248,913461021.0,95.03982788324356,1.7423720955848694,0.0,0.0,0.0,95.03982788324356,0.0,7.646354377269745,2.2847009897232056,0.0,0.0,0.0,7.646354377269745,0.0,220.0,225.0,7.0,66.0,2.0,56.0,36.0
2020-12-29 08:00:00+00:00,5538341057.0,0.00144019,38.35241988,930445241.0,58.139677464962006,3.8789138197898865,0.0,0.7631402611732483,0.0,56.47884398698807,0.8976932168006897,4.022193133831024,0.7805715799331665,0.9383660554885864,0.0,0.0,3.0838270783424377,0.0,155.0,198.0,15.0,61.0,6.0,47.0,37.0
2020-12-29 10:00:00+00:00,5532650605.0,0.00143415,38.31301411,897767671.0,48.79077970981598,0.7420425415039062,0.0,1.585604190826416,0.8662355542182922,46.33893996477127,0.0,3.92911434173584,1.8334010243415833,0.0,0.0,0.0,3.92911434173584,0.0,134.0,188.0,6.0,73.0,1.0,52.0,62.0
2020-12-29 12:00:00+00:00,5511362045.0,0.0014201,38.16559311,891711921.0,47.85943132638931,0.0,0.0,0.0,0.8027911186218262,47.05664020776749,0.0,2.972634255886078,0.8083205819129944,0.0,0.0,0.0,2.972634255886078,0.0,120.0,181.0,5.0,85.0,1.0,59.0,59.0
2020-12-29 14:00:00+00:00,5417593042.0,0.00140981,37.51625278,886479275.0,39.54075062274933,2.576287090778351,0.0,0.0,0.0,39.54075062274933,0.0,2.241002857685089,2.1643999218940735,0.0,0.0,0.0,2.241002857685089,0.0,90.0,235.0,9.0,79.0,5.0,64.0,78.0
2020-12-29 16:00:00+00:00,5422538418.0,0.00141391,37.55049898,897158418.0,60.42651504278183,0.0,0.0,1.5505383610725403,0.0,58.13980394601822,0.7361727356910706,4.943597137928009,1.5904139876365662,0.0,1.8505600690841675,0.0,3.0930370688438416,0.0,159.0,221.0,5.0,126.0,7.0,69.0,86.0
2020-12-29 18:00:00+00:00,5505428107.0,0.00141891,38.12450122,922254272.0,45.87753373384476,4.0420814752578735,0.0,0.0,0.0,43.64686983823776,2.2306638956069946,3.3509687781333923,2.7893606424331665,0.0,0.9914126396179199,0.0,2.3595561385154724,0.0,117.0,133.0,2.0,88.0,4.0,80.0,82.0
2020-12-29 20:00:00+00:00,5496560576.0,0.00141551,38.06309451,925727715.0,30.802193343639374,2.8600805401802063,0.0,0.0,0.0,29.96821027994156,0.8339830636978149,3.097162187099457,0.8373326063156128,0.0,0.0,0.0,2.259829580783844,0.0,73.0,105.0,6.0,71.0,5.0,68.0,47.0
2020-12-29 22:00:00+00:00,5625044698.0,0.00142359,38.95283333,938849532.0,26.201114237308502,0.0,1.790332555770874,0.0,1.4981701374053955,22.912611544132233,0.0,2.3417744040489197,0.0,0.0,0.0,0.7710128426551819,1.5707615613937378,0.0,68.0,104.0,6.0,84.0,7.0,54.0,50.0
2020-12-30 00:00:00+00:00,5546290015.0,0.00138985,38.40746556,918095823.0,22.664621651172638,0.0,0.0,0.0,0.0,22.664621651172638,0.0,4.009449779987335,1.6455299854278564,0.0,0.8107303977012634,0.0,1.5531893968582153,0.0,67.0,116.0,1.0,73.0,5.0,37.0,36.0
2020-12-30 02:00:00+00:00,5445772212.0,0.00134952,37.71139053,784167043.0,14.557417750358582,1.5486169457435608,0.0,0.0,0.0,14.557417750358582,0.0,0.7639495134353638,1.4778457880020142,0.0,0.0,0.0,0.7639495134353638,0.0,52.0,178.0,12.0,64.0,2.0,173.0,44.0
2020-12-30 04:00:00+00:00,5474566592.0,0.00135186,37.91078853,665552819.0,32.30368894338608,0.0,0.0,0.0,0.0,32.30368894338608,0.0,4.671641945838928,1.5824492573738098,0.0,0.0,0.0,3.8710198402404785,0.0,64.0,194.0,8.0,42.0,1.0,127.0,54.0
2020-12-30 06:00:00+00:00,5460124707.0,0.00133316,37.81078002,641434864.0,32.679093182086945,0.8313857316970825,0.0,0.0,0.0,31.91150575876236,0.767587423324585,1.6176470518112183,0.7474032640457153,0.0,0.0,0.0,1.6176470518112183,0.0,68.0,248.0,0.0,50.0,5.0,45.0,56.0
2020-12-30 08:00:00+00:00,5350050193.0,0.00132923,37.04852577,623106140.0,29.31202882528305,0.0,0.0,0.0,0.0,28.570508301258087,0.7415205240249634,0.7424736618995667,0.9359824061393738,0.0,0.0,0.0,0.7424736618995667,0.0,78.0,232.0,8.0,47.0,2.0,35.0,49.0
2020-12-30 10:00:00+00:00,5385721451.0,0.00134449,37.29554542,607852841.0,19.55061584711075,3.9459028244018555,0.0,0.0,0.0,19.55061584711075,0.0,0.7443617582321167,3.769830882549286,0.0,0.0,0.0,0.7443617582321167,0.0,48.0,211.0,9.0,56.0,0.0,29.0,72.0
2020-12-30 12:00:00+00:00,5390826455.0,0.00133455,37.33089703,628401321.0,19.202586591243744,0.0,0.0,0.0,0.0,19.202586591243744,0.0,0.750510573387146,3.822620689868927,0.0,0.0,0.0,0.750510573387146,0.0,46.0,219.0,6.0,49.0,1.0,32.0,66.0
2020-12-30 14:00:00+00:00,5416965133.0,0.0013327155573114517,37.51190457835862,570593192.0,30.132600903511047,2.5545464158058167,0.0,0.0,0.0,30.132600903511047,0.0,1.4825595617294312,2.4076923727989197,0.0,0.7476698756217957,0.0,0.0,0.0,64.0,212.0,9.0,99.0,8.0,61.0,68.0
2020-12-30 16:00:00+00:00,5426946888.0,0.00133016,37.58102717,538510044.0,29.082573354244232,0.0,0.0,0.0,0.0,29.082573354244232,0.0,1.4641560316085815,1.5053200721740723,0.0,0.0,0.0,0.7086891531944275,0.0,62.0,180.0,11.0,87.0,3.0,52.0,83.0
2020-12-30 18:00:00+00:00,5453961968.0,0.00131175,37.76810371,519555340.0,16.523510575294495,0.0,0.0,0.7081353664398193,0.0,14.348979651927948,1.4663955569267273,0.7175712585449219,3.3199299573898315,0.0,0.0,0.0,0.7175712585449219,0.0,39.0,210.0,8.0,107.0,5.0,122.0,78.0
2020-12-30 20:00:00+00:00,5454263161.0,0.00130919,37.77018944,506390442.0,10.136876225471497,0.0,0.0,0.7246560454368591,0.0,9.412220180034637,0.0,0.7028768658638,0.0,0.0,0.0,0.0,0.7028768658638,0.0,37.0,186.0,6.0,119.0,15.0,76.0,47.0
2020-12-30 22:00:00+00:00,5507131905.0,0.0013223,38.13629984,501223201.0,17.465743601322174,0.0,0.0,0.7605918049812317,0.0,15.184609293937683,1.5205425024032593,0.0,0.0,0.0,0.0,0.0,0.0,0.0,30.0,142.0,10.0,97.0,3.0,35.0,43.0
2020-12-31 00:00:00+00:00,5366274111.0,0.00129045,37.16087467,489246432.0,5.615902245044708,0.7713164687156677,0.0,0.0,0.0,5.615902245044708,0.0,0.9841240644454956,0.7051956653594971,0.0,0.0,0.0,0.9841240644454956,0.0,18.0,134.0,4.0,117.0,1.0,30.0,25.0
2020-12-31 02:00:00+00:00,5397898887.0,0.00128633,37.37987287,468047933.0,14.743123829364777,0.0,0.0,0.0,0.0,14.743123829364777,0.0,1.5648596286773682,0.0,0.0,0.0,0.0,1.5648596286773682,0.0,37.0,150.0,4.0,79.0,1.0,40.0,21.0
2020-12-31 04:00:00+00:00,5394638864.0,0.00128977,37.35729755,450425279.0,11.296215832233429,0.0,0.0,0.8227498531341553,0.0,10.473465979099274,0.0,0.83028644323349,0.0,0.0,0.83028644323349,0.0,0.0,0.0,38.0,150.0,9.0,75.0,1.0,29.0,22.0
2020-12-31 06:00:00+00:00,5444213467.0,0.00129339,37.70059638,434270329.0,14.567244946956635,0.9581657648086548,0.0,0.7796211838722229,0.0,13.787623763084412,0.0,0.9046587944030762,0.0,0.0,0.0,0.0,0.9046587944030762,0.0,34.0,189.0,3.0,72.0,1.0,19.0,41.0
2020-12-31 08:00:00+00:00,5434129234.0,0.00129697,37.63076415,418817811.0,21.84344834089279,0.0,0.0,2.5216352343559265,0.0,18.60749065876007,0.7143224477767944,5.577351808547974,0.0,0.0,1.6974438428878784,0.0,3.879907965660095,0.0,70.0,196.0,8.0,63.0,1.0,20.0,46.0
2020-12-31 10:00:00+00:00,5469538813.0,0.00130565,37.8759717,416800040.0,21.478116631507874,0.7350468039512634,0.0,0.0,0.0,21.478116631507874,0.0,5.671681582927704,0.8963062763214111,0.0,0.0,0.0,5.671681582927704,0.0,65.0,219.0,11.0,67.0,1.0,26.0,68.0
2020-12-31 12:00:00+00:00,5392037745.0,0.00131011,37.33928508,425467248.0,32.91138607263565,0.8858069181442261,0.0,0.0,0.0,32.91138607263565,0.0,4.080026149749756,0.9196996688842773,0.0,0.7101361155509949,0.0,3.369890034198761,0.0,69.0,206.0,1.0,81.0,3.0,53.0,90.0
2020-12-31 14:00:00+00:00,5357343522.0,0.00128793,37.09903129,434833486.0,18.139392852783203,0.0,0.0,0.8196569085121155,0.0,17.319735944271088,0.0,0.8098204135894775,4.92645788192749,0.0,0.8098204135894775,0.0,0.0,0.0,54.0,191.0,4.0,77.0,2.0,29.0,82.0
2020-12-31 16:00:00+00:00,5359092863.0,0.00129848,37.11114529,439355084.0,22.470139741897583,0.8974847197532654,0.0,0.0,0.0,20.718006312847137,0.8546487092971802,1.488099455833435,0.0,0.0,0.0,0.0,1.488099455833435,0.0,61.0,206.0,5.0,77.0,2.0,46.0,97.0
2020-12-31 18:00:00+00:00,5359342378.0,0.00128293,37.11287316,422080577.0,8.740563690662384,0.0,0.0,0.0,0.0,8.740563690662384,0.0,1.4905790090560913,3.2440643310546875,0.0,0.0,0.0,1.4905790090560913,0.0,25.0,156.0,4.0,83.0,4.0,22.0,80.0
2020-12-31 20:00:00+00:00,5346191654.0,0.001276,37.0218058,411849981.0,29.850907146930695,0.7887290120124817,0.0,0.0,0.0,29.850907146930695,0.0,2.425308048725128,1.7011634707450867,0.0,0.753339946269989,0.0,1.6719681024551392,0.0,85.0,153.0,2.0,82.0,1.0,65.0,27.0
2020-12-31 22:00:00+00:00,5397344408.0,0.00128875,37.37603315,404140896.0,23.201568126678467,,,,,,,2.3600693941116333,,,,,,,54.0,,,,,,
