priceUsd,sentiment_positive_reddit,sentiment_positive_twitter,sentiment_negative_reddit,sentiment_negative_twitter,social_volume_reddit,social_volume_twitter,priceDirection,priceT+1
13.7996254757,0.0,3.170556128025055,0.0,0.0,0.0,5.0,positive,13.847729063
13.847729063,0.0,1.6716662049293518,0.0,0.0,0.0,2.0,negative,13.8162999023
13.8162999023,0.0,1.629436731338501,0.0,0.0,0.0,3.0,negative,13.7918896511
13.7918896511,0.0,1.696390450000763,0.0,0.0,0.0,3.0,positive,13.7994272035
13.7994272035,0.0,1.5999024510383606,0.0,0.0,0.0,5.0,positive,13.8244446979
13.8244446979,0.0,4.808510959148407,0.0,0.0,0.0,11.0,negative,13.7615046121
13.7615046121,0.0,13.104209423065186,0.0,0.0,0.0,21.0,negative,13.7271928501
13.7271928501,0.0,2.4023983478546143,0.0,0.0,0.0,6.0,negative,13.7171305611
13.7171305611,0.0,1.8457586169242857,0.0,0.0,1.0,5.0,positive,13.743326056
13.743326056,0.0,0.0,0.0,0.0,0.0,2.0,negative,13.7277650102
13.7277650102,0.0,7.43443489074707,0.0,0.7831245064735413,0.0,17.0,positive,13.8015804735
13.8015804735,0.0,5.136976182460785,0.0,0.0,0.0,8.0,positive,13.8371227167
13.8371227167,0.0,9.05954098701477,0.0,0.738730251789093,0.0,15.0,positive,13.8378031024
13.8378031024,0.0,8.320194482803345,0.0,0.0,0.0,16.0,negative,13.830656357
13.830656357,0.0,2.280214250087738,0.0,0.93463933467865,0.0,7.0,positive,13.8562246353
13.8562246353,0.0,7.768855452537537,0.0,0.0,0.0,10.0,negative,13.8049220708
13.8049220708,0.0,2.2929938435554504,0.0,0.0,0.0,11.0,negative,13.7231269692
13.7231269692,0.0,3.4937583804130554,0.0,0.0,0.0,5.0,positive,13.7343113951
13.7343113951,0.0,5.750278115272522,0.0,0.0,0.0,8.0,positive,13.7475403323
13.7475403323,0.0,0.0,0.0,0.0,0.0,1.0,positive,13.7527230953
13.7527230953,0.0,4.439757943153381,0.0,0.0,0.0,6.0,negative,13.679015929
13.679015929,0.0,0.0,0.0,0.0,0.0,0.0,positive,13.6850963309
13.6850963309,0.0,4.864903748035431,0.0,0.0,0.0,6.0,positive,13.7032017935
13.7032017935,0.0,2.2449673414230347,0.0,0.0,0.0,7.0,negative,13.6681006062
13.6681006062,0.0,2.3594784140586853,0.0,0.0,0.0,3.0,negative,13.5894524845
13.5894524845,0.0,0.8259032964706421,0.0,0.0,0.0,2.0,negative,13.5354927181
13.5354927181,0.0,2.1651556491851807,0.0,0.0,0.0,4.0,positive,13.5377142701
13.5377142701,0.0,5.5261624455451965,0.0,0.0,0.0,9.0,negative,13.5204734306
13.5204734306,0.0,4.926229119300842,0.0,0.0,0.0,12.0,negative,13.4877734482
13.4877734482,0.0,6.997462451457977,0.0,0.0,0.0,14.0,negative,13.4569083687
13.4569083687,0.0,9.74191302061081,0.0,0.0,0.0,14.0,positive,13.5261880335
13.5261880335,0.0,1.6458027362823486,0.0,0.0,0.0,4.0,positive,13.532062481
13.532062481,0.0,10.957770347595217,0.0,0.7218713164329529,0.0,23.0,positive,13.5402861449
13.5402861449,0.0,6.221047103404999,0.0,0.7224854230880737,0.0,9.0,negative,13.5055291207
13.5055291207,0.0,12.942709743976591,0.0,0.0,0.0,21.0,negative,13.5014675311
13.5014675311,0.0,7.940367519855499,0.0,0.0,0.0,12.0,negative,13.4357360154
13.4357360154,0.0,5.575434982776642,0.0,1.455698013305664,0.0,10.0,positive,13.4513825734
13.4513825734,0.0,1.6139580607414246,0.0,0.0,0.0,3.0,negative,13.4288680864
13.4288680864,0.0,6.00335431098938,0.0,0.8552155494689941,0.0,10.0,negative,13.272917194
13.272917194,0.0,9.175425410270693,0.0,0.879063069820404,0.0,19.0,negative,13.0770967321
13.0770967321,0.0,19.22819262742996,0.0,0.7676393389701843,0.0,29.0,positive,13.0892794669
13.0892794669,0.0,11.851720929145811,0.0,0.0,0.0,15.0,negative,13.0709718638
13.0709718638,0.0,0.0,0.0,0.0,0.0,3.0,negative,13.0272938885
13.0272938885,0.0,1.650504469871521,0.0,0.0,0.0,2.0,positive,13.0526358954
13.0526358954,0.0,0.7465789318084717,0.0,0.0,0.0,1.0,positive,13.0547943657
13.0547943657,0.0,0.7250877022743225,0.0,0.0,0.0,1.0,negative,13.027010708
13.027010708,0.0,1.630559325218201,0.0,0.0,0.0,4.0,positive,13.0419887667
13.0419887667,0.0,0.0,0.0,0.0,0.0,0.0,negative,13.0416041342
13.0416041342,0.0,0.0,0.0,0.0,0.0,0.0,positive,13.2252210904
13.2252210904,0.0,0.0,0.0,0.0,0.0,0.0,negative,13.1836148662
13.1836148662,0.0,0.7611615657806396,0.0,0.0,0.0,3.0,positive,13.560116374
13.560116374,0.0,0.862089991569519,0.0,0.0,0.0,1.0,negative,13.543402271
13.543402271,0.0,1.4245654344558716,0.0,0.0,0.0,2.0,negative,13.5208477653
13.5208477653,0.0,0.0,0.0,0.0,0.0,0.0,positive,13.5252926084
13.5252926084,0.0,0.0,0.0,0.0,0.0,0.0,positive,13.5904365801
13.5904365801,0.0,2.3443102836608887,0.0,0.0,0.0,4.0,positive,13.6570449689
13.6570449689,0.0,0.7287020683288574,0.0,0.0,0.0,2.0,negative,13.6083188629
13.6083188629,0.0,0.862089991569519,0.0,0.0,0.0,2.0,positive,13.6592868844
13.6592868844,0.0,0.8304417133331299,0.0,0.0,0.0,1.0,negative,13.614029854
13.614029854,0.0,0.7435930967330933,0.0,0.0,0.0,1.0,positive,13.6986499861
13.6986499861,0.0,0.0,0.0,0.0,0.0,0.0,negative,13.5683783086
13.5683783086,0.0,0.0,0.7261347770690918,0.0,1.0,1.0,positive,13.6662461495
13.6662461495,0.0,0.0,0.0,0.0,2.0,0.0,positive,13.7098912045
13.7098912045,0.0,0.0,0.0,0.0,1.0,0.0,positive,13.7118152117
13.7118152117,0.0,0.0,0.0,0.0,0.0,2.0,negative,13.7054853643
13.7054853643,0.0,0.0,0.0,0.0,0.0,1.0,negative,13.6651324768
13.6651324768,0.0,0.0,0.0,0.0,0.0,0.0,negative,13.6361150999
13.6361150999,0.0,0.0,0.0,0.0,0.0,0.0,negative,13.5981089432
13.5981089432,0.0,0.0,0.0,0.0,0.0,0.0,negative,13.5464834009
13.5464834009,0.0,0.0,0.0,0.0,0.0,0.0,positive,13.6760315906
13.6760315906,0.0,0.0,0.0,0.0,0.0,0.0,positive,13.7931978678
13.7931978678,0.0,0.828296959400177,0.0,0.0,0.0,1.0,negative,13.584919157
13.584919157,0.0,0.0,0.0,0.0,1.0,0.0,positive,13.6223458707
13.6223458707,0.0,0.0,0.0,0.0,0.0,0.0,positive,13.7040737056
13.7040737056,0.0,0.0,0.0,0.0,0.0,0.0,positive,13.7098637343
13.7098637343,0.0,0.7964612245559692,0.0,0.0,0.0,3.0,negative,13.707237312
13.707237312,0.0,0.0,0.0,0.0,0.0,0.0,positive,13.730921667
13.730921667,0.0,0.0,0.0,0.0,0.0,0.0,positive,13.756286609
13.756286609,0.0,0.0,0.0,0.0,0.0,0.0,positive,13.8257866918
13.8257866918,0.0,0.0,0.0,0.0,0.0,0.0,positive,13.8655123854
13.8655123854,0.0,0.0,0.0,0.0,0.0,0.0,positive,13.8690795088
13.8690795088,0.0,0.0,0.0,0.0,0.0,0.0,negative,13.8113960118
13.8113960118,0.0,0.0,0.0,0.0,0.0,0.0,negative,13.7216010585
13.7216010585,0.0,0.8183687925338745,0.0,0.0,0.0,1.0,negative,13.6902043861
13.6902043861,0.0,0.8176035284996033,0.0,0.9605916142463684,0.0,2.0,positive,13.7415493207
13.7415493207,0.0,0.8369634747505188,0.0,0.0,0.0,1.0,positive,13.7630800406
13.7630800406,0.0,0.791295051574707,0.0,0.0,0.0,4.0,positive,13.7835543881
13.7835543881,0.0,0.8023452162742615,0.0,0.7347639799118042,0.0,3.0,positive,13.8105025778
13.8105025778,0.0,0.0,0.0,0.0,0.0,0.0,negative,13.7753581804
13.7753581804,0.0,0.0,0.0,0.0,0.0,1.0,positive,13.8327109999
13.8327109999,0.0,0.8705215454101562,0.0,0.0,0.0,1.0,positive,13.88328239
13.88328239,0.0,0.0,0.0,0.0,1.0,1.0,negative,13.8488695994
13.8488695994,0.0,0.0,0.0,0.0,0.0,0.0,positive,13.883764279
13.883764279,0.0,0.0,0.0,0.0,0.0,0.0,positive,13.8883396753
13.8883396753,0.0,0.7784441709518433,0.0,0.0,0.0,1.0,positive,13.90881647
13.90881647,0.0,1.528203547000885,0.0,0.0,0.0,2.0,positive,14.0563960928
14.0563960928,0.0,0.0,0.0,0.0,0.0,1.0,negative,14.0501523325
14.0501523325,0.0,0.0,0.0,0.0,0.0,1.0,positive,14.0986471876
14.0986471876,0.0,0.0,0.0,0.0,0.0,0.0,negative,14.0618233549
14.0618233549,0.0,0.0,0.0,0.0,0.0,0.0,positive,14.1438467109
14.1438467109,0.0,0.0,0.0,0.0,0.0,1.0,positive,14.1749843111
14.1749843111,0.0,0.7508131861686707,0.0,0.0,0.0,2.0,positive,14.1854347783
14.1854347783,0.0,1.6492088437080383,0.0,0.0,0.0,2.0,negative,14.1082292276
14.1082292276,0.0,0.0,0.0,0.0,0.0,0.0,negative,14.055110329
14.055110329,0.0,0.0,0.0,0.8122080564498901,0.0,2.0,negative,14.0450823668
14.0450823668,0.0,0.0,0.0,0.0,0.0,1.0,positive,14.1116791407
14.1116791407,0.0,0.0,0.0,0.0,0.0,0.0,positive,14.203272152
14.203272152,0.0,2.3985148668289185,0.0,0.0,0.0,3.0,negative,14.1872832383
14.1872832383,0.0,0.0,0.0,0.708014190196991,0.0,1.0,positive,14.2569592511
14.2569592511,0.0,0.0,0.0,0.0,0.0,0.0,positive,14.3158833599
14.3158833599,0.0,0.9369290471076964,0.0,0.0,0.0,1.0,positive,14.3299139768
14.3299139768,0.0,0.862089991569519,0.0,0.0,0.0,3.0,positive,14.3892083213
14.3892083213,0.0,0.7816742658615112,0.0,0.0,0.0,1.0,negative,14.3836016987
14.3836016987,0.0,0.0,0.0,0.0,0.0,0.0,negative,14.2933594837
14.2933594837,0.9266955256462096,0.0,0.0,0.0,1.0,0.0,positive,14.2968103836
14.2968103836,0.7461651563644409,0.9007912874221802,0.0,0.0,1.0,1.0,negative,14.1627245804
14.1627245804,0.0,0.0,0.0,0.0,0.0,0.0,negative,14.0743682986
14.0743682986,0.0,0.0,0.0,0.0,1.0,0.0,positive,14.1057287786
14.1057287786,0.0,0.7786126136779785,0.0,0.0,0.0,2.0,positive,14.1576156535
14.1576156535,0.0,0.0,0.0,0.0,0.0,0.0,positive,14.215588063
14.215588063,0.0,0.0,0.0,0.0,0.0,0.0,positive,14.438313394
14.438313394,0.0,0.7363965511322021,0.0,0.0,0.0,2.0,negative,14.4113209091
14.4113209091,0.0,0.0,0.0,0.0,0.0,0.0,positive,14.4629058704
14.4629058704,0.0,1.5471271276474,0.0,0.0,0.0,2.0,negative,14.3987455134
14.3987455134,0.0,0.0,0.0,0.0,0.0,0.0,positive,14.4178552553
14.4178552553,0.0,0.7079471349716187,0.0,0.0,0.0,1.0,negative,14.4177887862
14.4177887862,0.0,0.0,0.0,0.0,0.0,0.0,positive,14.4751231813
14.4751231813,0.0,0.0,0.0,0.0,0.0,1.0,positive,14.4859983595
14.4859983595,0.0,0.0,0.0,0.0,0.0,0.0,positive,14.7792948254
14.7792948254,0.0,1.7318699955940249,0.0,0.0,0.0,2.0,negative,14.692531434
14.692531434,0.0,0.0,0.0,0.0,0.0,2.0,positive,14.8299003287
14.8299003287,0.0,0.7025588750839233,0.0,0.0,0.0,3.0,negative,14.7796331276
14.7796331276,0.0,0.8763418793678284,0.0,0.0,0.0,2.0,negative,14.6725618353
14.6725618353,0.0,0.0,0.0,0.0,0.0,0.0,negative,14.6317562685
14.6317562685,0.0,0.7460348010063171,0.0,0.0,3.0,2.0,positive,14.7297772639
14.7297772639,0.0,1.510913968086243,0.0,0.0,0.0,2.0,positive,14.7466373514
14.7466373514,0.0,0.0,0.0,0.0,0.0,0.0,negative,14.6893224725
14.6893224725,0.0,2.4347420930862427,0.0,0.0,0.0,4.0,positive,14.769542422
14.769542422,0.0,0.0,0.0,0.0,0.0,0.0,negative,14.7674114377
14.7674114377,0.0,0.0,0.789135217666626,0.0,1.0,0.0,positive,14.769882558
14.769882558,0.0,0.8140778541564941,0.0,0.0,0.0,1.0,positive,14.8283046003
14.8283046003,0.0,0.0,0.0,0.0,0.0,1.0,positive,14.9585121581
14.9585121581,0.0,0.9027315974235536,0.0,0.0,0.0,1.0,positive,15.0188578167
15.0188578167,0.0,0.0,0.0,0.0,0.0,0.0,negative,14.9786180059
14.9786180059,0.0,0.0,0.0,0.0,0.0,0.0,positive,15.0267665043
15.0267665043,0.0,0.0,0.0,0.0,0.0,0.0,negative,15.011641544
15.011641544,0.0,0.7388728857040405,0.0,0.0,0.0,1.0,negative,14.7810140395
14.7810140395,0.0,0.0,0.0,0.0,0.0,0.0,positive,14.9349644456
14.9349644456,0.0,0.0,0.0,0.0,0.0,1.0,negative,14.8586166899
14.8586166899,0.0,0.852363646030426,0.0,0.0,0.0,1.0,positive,14.9142555261
14.9142555261,0.0,0.0,0.0,0.0,0.0,0.0,positive,14.91928147
14.91928147,0.0,0.0,0.0,0.0,0.0,0.0,negative,14.8859145
14.8859145,0.0,0.0,0.0,0.0,0.0,0.0,positive,14.93707682
14.93707682,0.0,0.829521894454956,0.0,0.9452558755874634,0.0,2.0,positive,14.9670620481
14.9670620481,0.0,0.7568314075469971,0.0,0.0,0.0,1.0,negative,14.81601335
14.81601335,0.0,0.0,0.0,0.0,0.0,0.0,negative,14.73857499
14.73857499,0.0,0.0,0.0,0.0,0.0,0.0,negative,14.68974531
14.68974531,0.0,0.0,0.0,0.0,0.0,1.0,negative,14.57072663
14.57072663,0.0,0.0,0.0,0.0,0.0,0.0,positive,14.824462
14.824462,0.0,0.0,0.0,0.0,0.0,0.0,positive,14.9608312302
14.9608312302,0.0,0.851463794708252,0.0,0.0,0.0,1.0,positive,15.10445344
15.10445344,0.0,0.8535385131835938,0.0,0.0,0.0,5.0,negative,15.0651356
15.0651356,0.0,0.713640034198761,0.0,0.0,0.0,2.0,positive,15.07921138
15.07921138,0.0,0.7636763453483582,0.0,0.0,0.0,1.0,negative,14.94664655
14.94664655,0.0,0.0,0.0,0.0,0.0,0.0,negative,14.90269271
14.90269271,0.0,0.0,0.0,0.0,0.0,0.0,positive,15.0222637348
15.0222637348,0.0,10.26272165775299,0.0,0.0,0.0,11.0,positive,15.09608028
15.09608028,0.0,1.5419206023216248,0.0,0.0,0.0,2.0,positive,15.13337416
15.13337416,0.0,0.0,0.0,0.0,0.0,0.0,negative,14.96530117
14.96530117,0.0,0.7853911519050598,0.0,0.0,0.0,1.0,positive,14.98762335
14.98762335,0.0,0.0,0.0,0.0,0.0,0.0,positive,15.06665696
15.06665696,0.0,1.5857735872268677,0.0,0.0,0.0,2.0,positive,15.07489959
15.07489959,0.0,0.0,0.0,0.0,0.0,0.0,positive,15.1298262
15.1298262,0.0,0.7157785296440125,0.0,0.0,0.0,1.0,negative,14.97172177
14.97172177,0.0,0.0,0.0,0.0,0.0,0.0,positive,15.02025417
15.02025417,0.0,1.7292908430099487,0.0,0.0,0.0,2.0,negative,14.97541932
14.97541932,0.0,0.0,0.0,0.0,0.0,0.0,positive,15.03818186
15.03818186,0.0,0.0,0.0,0.0,0.0,0.0,negative,15.0144843
15.0144843,0.0,0.7514809370040894,0.0,0.0,0.0,1.0,negative,14.95765338
14.95765338,0.0,0.0,0.0,0.0,0.0,2.0,negative,14.90501542
14.90501542,0.0,0.0,0.0,0.0,0.0,0.0,negative,14.75625308
14.75625308,0.0,2.781320571899414,0.8864884972572327,0.0,2.0,3.0,positive,14.77013003
14.77013003,0.0,0.7094357013702393,0.0,0.0,1.0,3.0,negative,14.42856554
14.42856554,0.0,0.7438931465148926,0.0,0.0,0.0,3.0,positive,14.52423535
14.52423535,0.0,0.0,0.0,0.0,0.0,0.0,positive,14.5334093213
14.5334093213,0.0,1.5883158445358276,0.0,0.0,0.0,2.0,negative,14.41236515
14.41236515,0.0,0.0,0.0,0.0,0.0,0.0,positive,14.4530612
14.4530612,0.0,0.0,0.0,0.0,0.0,0.0,negative,14.43917384
14.43917384,0.0,0.0,0.0,0.0,0.0,0.0,positive,14.56479433
14.56479433,0.0,0.8140778541564941,0.0,0.0,0.0,1.0,positive,14.60293427
14.60293427,0.0,0.0,0.7830938696861267,0.0,1.0,0.0,negative,14.50146875
14.50146875,0.0,0.0,0.0,0.0,0.0,0.0,positive,14.51661555
14.51661555,0.0,0.0,0.0,0.0,1.0,0.0,positive,14.5435926177
14.5435926177,0.0,0.0,0.0,0.0,0.0,0.0,negative,14.47494072
14.47494072,0.0,0.0,0.0,0.0,0.0,0.0,negative,14.46805573
14.46805573,0.0,0.0,0.0,0.0,1.0,0.0,negative,14.4471141
14.4471141,0.0,0.0,0.0,0.0,0.0,0.0,positive,14.5060001
14.5060001,0.0,0.0,0.0,0.0,0.0,0.0,positive,14.53852745
14.53852745,0.0,0.0,0.0,0.0,0.0,0.0,negative,14.49625629
14.49625629,0.0,0.0,0.0,0.0,0.0,0.0,negative,14.42864853
14.42864853,0.0,1.5772430300712583,0.0,0.0,0.0,2.0,positive,14.47135928
14.47135928,0.0,0.0,0.0,0.0,0.0,0.0,negative,14.46806448
14.46806448,0.7475537061691284,0.0,0.0,0.0,1.0,0.0,positive,14.5090031
14.5090031,0.0,0.7375127077102661,0.0,0.0,1.0,2.0,positive,14.53699187
14.53699187,0.0,0.0,0.0,0.0,0.0,1.0,negative,14.49774137
14.49774137,0.0,0.7727187871932983,0.8808416128158569,0.0,1.0,1.0,negative,14.46250244
14.46250244,0.0,0.0,0.0,0.0,0.0,1.0,negative,14.3846668027
14.3846668027,0.9656449556350708,0.7102721333503723,0.0,0.0,1.0,1.0,negative,14.33656005
14.33656005,0.0,0.0,0.0,0.0,0.0,0.0,positive,14.34329989
14.34329989,0.0,0.0,0.0,0.0,0.0,0.0,positive,14.4351981
14.4351981,0.0,0.0,0.0,0.0,1.0,0.0,negative,14.37739985
14.37739985,0.0,0.0,0.0,0.0,0.0,0.0,negative,14.3590072121
14.3590072121,0.0,0.0,0.0,0.0,0.0,0.0,positive,14.42452077
14.42452077,0.0,0.0,0.0,0.0,0.0,0.0,positive,14.49831409
14.49831409,0.0,0.0,0.0,0.0,0.0,0.0,negative,14.46120398
14.46120398,0.0,0.0,0.0,0.0,0.0,0.0,negative,14.42814106
14.42814106,0.0,0.0,0.0,0.0,0.0,0.0,negative,14.42293652
14.42293652,0.0,0.0,0.0,0.0,0.0,0.0,negative,14.39263225
14.39263225,0.0,0.0,0.0,0.0,0.0,0.0,negative,14.3891841306
14.3891841306,0.0,2.4403346180915837,0.0,0.7642141580581665,0.0,5.0,negative,14.34203397
14.34203397,0.0,0.7478660941123962,0.0,0.0,1.0,2.0,negative,14.31151236
14.31151236,0.0,0.0,0.0,0.0,0.0,0.0,positive,14.31893081
14.31893081,0.0,1.5897871851921082,0.0,0.0,0.0,3.0,negative,14.237028
14.237028,0.0,0.0,0.0,0.7985262870788574,0.0,3.0,negative,14.22603771
14.22603771,0.0,0.0,0.0,0.0,0.0,0.0,positive,14.2315171351
14.2315171351,0.0,0.0,0.0,0.0,0.0,0.0,positive,14.38155964
14.38155964,0.7103105783462524,0.0,0.0,0.0,2.0,0.0,positive,14.502704
14.502704,0.0,0.0,0.0,0.0,0.0,1.0,positive,14.56069962
14.56069962,0.7758459448814392,0.7296187877655029,0.0,0.0,2.0,1.0,positive,14.6928013492
14.6928013492,0.0,0.0,0.0,0.0,0.0,0.0,positive,14.77546812
14.77546812,0.0,0.0,0.0,0.0,0.0,0.0,negative,14.77201219
14.77201219,0.0,0.0,0.0,0.0,0.0,0.0,negative,14.74816074
14.74816074,0.0,0.0,0.0,0.0,0.0,0.0,positive,14.85211053
14.85211053,0.0,0.0,0.0,0.0,1.0,0.0,positive,14.93842798
14.93842798,0.0,0.0,0.0,0.0,0.0,1.0,positive,14.95668334
14.95668334,0.0,0.0,0.0,0.0,0.0,0.0,negative,14.91746983
14.91746983,0.0,0.0,0.0,0.0,0.0,0.0,positive,14.94080292
14.94080292,0.0,0.0,0.0,0.0,0.0,0.0,positive,15.02582581
15.02582581,0.0,0.8978360891342163,0.0,0.0,0.0,1.0,negative,14.97608963
14.97608963,0.0,0.0,0.0,0.0,1.0,0.0,positive,15.03192833
15.03192833,0.0,0.0,0.0,0.0,0.0,0.0,negative,14.97705105
14.97705105,0.0,0.7940446138381958,0.0,0.0,1.0,1.0,negative,14.88863
14.88863,0.0,0.9027840495109558,0.0,0.0,0.0,2.0,negative,14.7985700024
14.7985700024,0.0,0.0,0.0,0.0,0.0,0.0,positive,14.81960389
14.81960389,0.0,0.0,0.0,0.0,0.0,0.0,positive,14.92053347
14.92053347,0.0,0.7514472603797913,0.0,0.0,0.0,1.0,negative,14.89693827
14.89693827,0.0,0.0,0.0,0.0,0.0,0.0,positive,14.9603441
14.9603441,0.0,1.5515796542167664,0.0,0.0,0.0,2.0,positive,14.96955634
14.96955634,0.0,0.0,0.0,0.0,0.0,1.0,negative,14.91917071
14.91917071,0.0,0.0,0.0,0.0,0.0,0.0,positive,14.93832779
14.93832779,0.0,0.0,0.0,0.0,0.0,0.0,negative,14.91508807
14.91508807,0.0,0.0,0.0,0.0,0.0,0.0,positive,14.9592027933
14.9592027933,0.0,0.0,0.0,0.0,0.0,0.0,negative,14.90301723
14.90301723,0.0,0.0,0.7873963117599487,0.0,1.0,0.0,positive,14.90302982
14.90302982,0.0,0.0,0.0,0.0,0.0,0.0,positive,15.16004945
15.16004945,0.0,0.0,0.0,0.0,1.0,0.0,negative,15.14080685
15.14080685,0.0,0.0,0.0,0.0,0.0,0.0,positive,15.14747979
15.14747979,0.0,0.7987884879112244,0.0,0.0,1.0,1.0,positive,15.1536217727
15.1536217727,0.0,0.0,0.0,0.0,0.0,0.0,negative,15.14391013
15.14391013,0.0,0.0,0.0,0.0,0.0,0.0,negative,15.07766204
15.07766204,0.0,0.0,0.0,0.0,0.0,0.0,negative,15.03021054
15.03021054,0.0,0.0,0.0,0.0,0.0,0.0,negative,14.94632753
14.94632753,0.0,0.0,0.0,0.0,0.0,0.0,positive,14.97065059
14.97065059,0.0,0.0,0.0,0.0,0.0,0.0,positive,15.03639309
15.03639309,0.0,0.0,0.0,0.0,0.0,0.0,positive,15.14727027
15.14727027,0.0,0.0,0.0,0.0,1.0,0.0,positive,15.18231549
15.18231549,0.0,0.0,0.0,0.0,0.0,0.0,positive,15.26489408
15.26489408,0.0,0.7736446857452393,0.0,0.0,0.0,1.0,negative,15.21954454
15.21954454,0.0,0.0,0.0,0.0,0.0,1.0,positive,15.27141189
15.27141189,0.0,0.8546148538589478,0.0,0.0,0.0,1.0,positive,15.302739
15.302739,0.0,0.0,0.0,0.0,1.0,0.0,positive,15.43915096
15.43915096,0.0,0.0,0.0,0.0,1.0,0.0,negative,15.35090178
15.35090178,0.0,0.7354551553726196,0.0,0.0,0.0,2.0,negative,15.34021686
15.34021686,0.0,0.0,0.0,0.0,0.0,0.0,negative,15.32770297
15.32770297,0.0,0.0,0.0,0.0,0.0,0.0,negative,15.31050023
15.31050023,0.0,0.0,0.0,0.0,1.0,0.0,positive,15.33169782
15.33169782,0.7519497871398926,0.0,0.0,0.0,2.0,0.0,negative,15.30295983
15.30295983,0.0,0.0,0.0,0.0,0.0,0.0,positive,15.30644197
15.30644197,0.0,0.0,0.0,0.0,0.0,0.0,negative,15.24878909
15.24878909,0.0,0.7601548433303833,0.0,0.0,0.0,1.0,negative,15.2336737322
15.2336737322,0.0,0.0,0.0,0.0,0.0,0.0,negative,15.20752306
15.20752306,0.0,0.0,0.0,0.0,0.0,0.0,positive,15.2193999
15.2193999,0.0,0.0,0.0,0.0,0.0,0.0,positive,15.25109128
15.25109128,0.0,0.0,0.0,0.0,0.0,0.0,positive,15.26484914
15.26484914,0.0,0.0,0.0,0.0,0.0,0.0,negative,15.2539751
15.2539751,0.0,0.0,0.0,0.0,0.0,2.0,positive,15.3222609476
15.3222609476,0.0,0.7097377181053162,0.0,0.0,0.0,1.0,negative,15.20880228
15.20880228,0.0,0.0,0.0,0.0,0.0,0.0,positive,15.32408977
15.32408977,0.0,0.0,0.0,0.0,0.0,0.0,negative,15.15109926
15.15109926,0.0,0.0,0.0,0.0,0.0,0.0,negative,15.11743619
15.11743619,0.0,0.0,0.0,0.0,0.0,0.0,positive,15.13797911
15.13797911,0.0,0.0,0.0,0.0,0.0,0.0,negative,15.04382815
15.04382815,0.0,0.0,0.0,0.0,0.0,0.0,positive,15.04762463
15.04762463,0.0,0.0,0.0,0.0,0.0,0.0,positive,15.0565695
15.0565695,0.0,0.0,0.0,0.0,0.0,0.0,positive,15.07588581
15.07588581,0.0,0.0,0.0,0.0,0.0,0.0,positive,15.08220248
15.08220248,0.0,0.0,0.0,0.0,0.0,0.0,positive,15.10966454
15.10966454,0.0,0.801332414150238,0.0,0.0,0.0,2.0,negative,15.10307733
15.10307733,0.0,0.0,0.0,0.0,0.0,0.0,negative,15.05016024
15.05016024,0.0,0.0,0.0,0.0,0.0,0.0,positive,15.08527204
15.08527204,0.0,0.8709893822669983,0.0,0.0,0.0,1.0,negative,15.0380021
15.0380021,0.0,0.0,0.0,0.0,0.0,0.0,negative,15.03131131
15.03131131,0.0,0.0,0.0,0.0,0.0,0.0,negative,15.02484813
15.02484813,0.0,0.7544804811477661,0.0,0.0,0.0,1.0,positive,15.08499385
15.08499385,0.0,0.0,0.0,0.9504300951957704,0.0,1.0,positive,15.086901
15.086901,0.0,0.8483530282974243,0.0,0.0,1.0,2.0,negative,15.07491844
15.07491844,0.0,0.7497896552085876,0.0,0.0,0.0,1.0,positive,15.14571549
15.14571549,0.0,0.0,0.0,0.0,3.0,0.0,positive,15.1657452235
15.1657452235,0.0,0.0,0.0,0.0,0.0,0.0,positive,15.1775563702
15.1775563702,0.0,0.0,0.0,0.0,0.0,0.0,positive,15.22727232
15.22727232,0.8307271003723145,0.0,0.0,0.0,1.0,0.0,positive,15.30908238
15.30908238,0.0,0.0,0.0,0.0,0.0,1.0,positive,15.58273655
15.58273655,0.0,0.0,0.0,0.0,0.0,0.0,negative,15.50847344
15.50847344,0.0,0.0,0.0,0.0,0.0,0.0,positive,15.51140344
15.51140344,0.0,0.7405651211738586,0.0,0.0,0.0,1.0,negative,15.4953188557
15.4953188557,0.0,0.0,0.0,0.0,0.0,0.0,negative,15.4752752763
15.4752752763,0.0,1.8700395226478577,0.0,0.7460190057754517,0.0,3.0,negative,15.46346944
15.46346944,0.0,0.0,0.0,0.0,0.0,0.0,positive,15.54577136
15.54577136,0.0,0.0,0.0,0.0,0.0,1.0,negative,15.48442012
15.48442012,0.0,0.8209173679351807,0.0,0.0,0.0,1.0,positive,15.57404426
15.57404426,0.0,0.7611609101295471,0.0,0.0,0.0,1.0,positive,15.60122041
15.60122041,0.0,0.7460857629776001,0.0,0.0,0.0,1.0,positive,15.72044958
15.72044958,0.0,0.0,0.0,0.0,0.0,0.0,negative,15.6164935742
15.6164935742,0.0,0.0,0.0,0.0,0.0,0.0,positive,15.7426683289
15.7426683289,0.0,0.0,0.0,0.0,0.0,0.0,positive,15.96237015
15.96237015,0.0,0.0,0.0,0.8039191961288452,0.0,1.0,positive,16.1263867
16.1263867,0.0,0.0,0.0,0.0,0.0,0.0,negative,16.0815336
16.0815336,0.0,0.0,0.0,0.0,0.0,0.0,positive,16.57345166
16.57345166,0.0,0.0,0.0,0.0,0.0,1.0,negative,16.39747673
16.39747673,0.0,0.0,0.0,0.0,0.0,0.0,positive,16.63253105
16.63253105,0.0,0.9320874810218812,0.0,0.0,0.0,2.0,negative,16.4763952
16.4763952,0.0,0.0,0.0,0.0,0.0,0.0,positive,16.50850951
16.50850951,0.0,0.0,0.0,0.0,0.0,0.0,positive,16.6390564146
16.6390564146,0.0,0.0,0.0,0.0,0.0,0.0,negative,16.6038666403
16.6038666403,0.0,0.8319737911224365,0.0,0.8098719120025635,0.0,2.0,positive,16.89864722
16.89864722,0.0,0.0,0.0,0.0,0.0,0.0,negative,16.7936973714
16.7936973714,0.0,0.853445291519165,0.0,0.0,0.0,1.0,positive,16.96084337
16.96084337,0.0,0.0,0.0,0.0,0.0,0.0,positive,17.0436608616
17.0436608616,0.0,0.0,0.0,0.0,0.0,0.0,negative,16.5944144979
16.5944144979,0.0,0.0,0.0,0.0,0.0,0.0,positive,16.6436311997
16.6436311997,0.0,0.0,0.0,0.0,0.0,0.0,negative,16.580176206
16.580176206,0.0,0.0,0.0,0.0,0.0,0.0,negative,16.57198039
16.57198039,0.0,0.701945424079895,0.0,0.0,0.0,1.0,positive,16.7278576
16.7278576,0.0,0.0,0.0,0.0,0.0,1.0,positive,17.08981742
17.08981742,0.0,0.0,0.0,0.0,0.0,0.0,positive,18.04475782
18.04475782,0.0,0.0,0.0,0.0,0.0,0.0,negative,17.73235406
17.73235406,0.0,0.0,0.0,0.0,0.0,0.0,negative,17.6033473528
17.6033473528,0.0,0.0,0.0,0.0,0.0,0.0,positive,17.70101804
17.70101804,0.0,0.0,0.0,0.0,0.0,1.0,negative,17.58673818
17.58673818,0.0,0.9623985290527344,0.0,0.0,0.0,6.0,negative,17.38505076
17.38505076,0.0,0.0,0.0,0.826974630355835,0.0,2.0,positive,17.53143338
17.53143338,0.0,0.0,0.0,0.0,0.0,0.0,positive,17.69822637
17.69822637,0.0,0.8341043591499329,0.0,0.0,0.0,2.0,negative,17.55209586
17.55209586,0.8946776390075684,0.0,0.0,0.0,1.0,0.0,positive,17.6289701
17.6289701,0.0,0.0,0.0,0.0,0.0,0.0,negative,17.62211367
17.62211367,0.0,0.839878499507904,0.0,0.0,0.0,1.0,positive,17.64162152
17.64162152,0.0,0.8771448731422424,0.0,0.0,0.0,1.0,positive,17.70686621
17.70686621,0.0,0.0,0.0,0.0,0.0,0.0,negative,17.65481175
17.65481175,0.0,0.0,0.0,0.0,0.0,0.0,negative,17.21509469
17.21509469,0.0,0.0,0.0,0.0,0.0,0.0,negative,16.78032332
16.78032332,0.0,0.0,0.0,0.0,1.0,1.0,positive,16.80088459
16.80088459,0.0,0.0,0.7691177129745483,0.0,1.0,0.0,negative,16.54519502
16.54519502,0.0,0.0,0.0,0.0,0.0,0.0,positive,16.67698457
16.67698457,0.0,0.0,0.0,0.0,0.0,0.0,positive,16.84917862
16.84917862,0.0,0.0,0.0,0.0,0.0,0.0,positive,16.91080293
16.91080293,0.0,0.0,0.0,0.0,0.0,0.0,negative,16.7385242592
16.7385242592,0.0,0.0,0.0,0.0,0.0,1.0,negative,16.68970422
16.68970422,0.0,0.9317750930786132,0.0,0.0,0.0,1.0,negative,16.5590775954
16.5590775954,0.0,0.0,0.0,0.0,0.0,0.0,positive,16.6725733799
16.6725733799,0.0,0.0,0.0,0.0,0.0,0.0,positive,16.7145891837
16.7145891837,0.0,0.9005939960479736,0.0,0.0,0.0,1.0,positive,16.94272367
16.94272367,0.0,0.0,0.0,0.9283583760261536,0.0,1.0,negative,16.84381854
16.84381854,0.0,0.0,0.0,0.829125165939331,0.0,1.0,positive,16.87499835
16.87499835,0.0,0.0,0.0,0.7461833953857422,1.0,2.0,positive,16.93121912
16.93121912,0.0,0.7636926770210266,0.0,0.0,0.0,1.0,negative,16.77215562
16.77215562,0.0,0.0,0.0,0.0,0.0,0.0,positive,16.83721115
16.83721115,0.0,0.0,0.0,0.0,0.0,0.0,positive,16.93259954
16.93259954,0.0,0.0,0.0,0.0,0.0,0.0,positive,17.1724505342
17.1724505342,0.0,0.7101339101791382,0.0,0.0,0.0,3.0,positive,17.2527393776
17.2527393776,0.0,0.0,0.0,0.0,0.0,0.0,negative,17.0427237462
17.0427237462,0.0,0.0,0.0,0.0,1.0,0.0,negative,16.94656624
16.94656624,0.0,0.0,0.0,0.0,2.0,0.0,positive,17.07694553
17.07694553,0.0,0.0,0.0,0.0,0.0,0.0,positive,17.2481543347
17.2481543347,0.0,0.0,0.0,0.0,0.0,0.0,positive,17.44677205
17.44677205,0.0,0.8279917240142822,0.0,0.0,0.0,2.0,positive,17.86209035
17.86209035,0.0,0.0,0.0,0.0,0.0,1.0,positive,18.01112908
18.01112908,0.0,0.0,0.0,0.0,0.0,0.0,positive,18.15533343
18.15533343,0.0,0.0,0.0,0.0,0.0,0.0,positive,18.15724034
18.15724034,0.0,0.0,0.0,0.0,0.0,0.0,negative,17.87689028
17.87689028,0.0,0.0,0.0,0.0,0.0,0.0,positive,18.07945167
18.07945167,0.0,0.7887662649154663,0.0,0.8934637308120728,0.0,3.0,negative,17.91962731
17.91962731,0.0,0.0,0.0,0.0,0.0,1.0,positive,18.08889811
18.08889811,0.0,4.689253568649292,0.0,0.7952362298965454,0.0,16.0,negative,17.90954204
17.90954204,0.0,1.722168207168579,0.0,0.0,0.0,10.0,negative,17.77774621
17.77774621,0.0,1.6390578746795654,0.0,0.0,0.0,7.0,negative,17.57957567
17.57957567,0.0,2.347175717353821,0.0,0.0,0.0,3.0,positive,17.645036831
17.645036831,0.0,0.7585752010345459,0.0,0.708004355430603,0.0,6.0,negative,17.554661
17.554661,0.0,1.7077948451042175,0.0,0.0,0.0,2.0,positive,17.76291775
17.76291775,0.0,6.719156324863434,0.0,1.7408085465431211,0.0,21.0,positive,17.95085137
17.95085137,0.0,6.279191911220551,0.0,0.0,0.0,12.0,negative,17.94666415
17.94666415,0.0,5.343449056148529,0.0,0.0,0.0,11.0,positive,18.08734427
18.08734427,0.0,4.764663398265839,0.0,0.0,0.0,6.0,negative,17.89840505
17.89840505,0.0,5.853300452232361,0.0,0.0,0.0,11.0,positive,17.99601842
17.99601842,0.0,0.84329754114151,0.0,0.0,0.0,2.0,negative,17.98434755
17.98434755,0.0,1.55629301071167,0.0,0.0,0.0,5.0,positive,18.25883997
18.25883997,0.0,0.0,0.0,0.9374302625656128,0.0,2.0,negative,18.13519908
18.13519908,0.0,1.6924492120742798,0.0,0.0,0.0,2.0,positive,18.184562085
18.184562085,0.0,2.3388627767562866,0.0,0.0,0.0,4.0,negative,18.11517999
18.11517999,0.0,1.5639121532440186,0.0,0.0,0.0,3.0,negative,17.9834093
17.9834093,0.0,0.9739614725112916,0.0,0.0,0.0,2.0,negative,17.9546749827
17.9546749827,0.0,0.0,0.0,0.0,0.0,0.0,negative,17.80004636
17.80004636,0.0,2.325557053089142,0.0,0.7852607369422913,0.0,6.0,negative,17.62927109
17.62927109,0.0,0.714576780796051,0.0,1.8145297765731807,0.0,3.0,positive,17.70152891
17.70152891,0.0,0.0,0.0,0.0,0.0,0.0,positive,17.72508404
17.72508404,0.0,0.7909319400787354,0.0,0.0,0.0,2.0,positive,17.7411129
17.7411129,0.0,0.0,0.0,0.0,0.0,4.0,positive,17.83360372
17.83360372,0.0,1.6480940580368042,0.0,0.0,0.0,2.0,positive,17.94064219
17.94064219,0.0,0.0,0.0,0.0,0.0,1.0,negative,17.80229314
17.80229314,0.0,0.9501311182975768,0.0,0.0,0.0,2.0,positive,17.9678065909
17.9678065909,0.0,2.4164284467697144,0.0,0.0,0.0,4.0,positive,18.07024036
18.07024036,0.0,2.777936339378357,0.0,0.0,0.0,3.0,positive,18.16235207
18.16235207,0.0,0.0,0.0,0.0,0.0,1.0,negative,17.93512829
17.93512829,0.0,0.8330041170120239,0.0,0.0,0.0,1.0,negative,17.91423714
17.91423714,0.0,0.8308086395263672,0.0,0.0,0.0,3.0,negative,17.91297239
17.91297239,0.0,0.0,0.0,0.0,0.0,0.0,negative,17.85717274
17.85717274,0.0,0.0,0.0,0.0,0.0,0.0,negative,17.84946032
17.84946032,0.0,0.0,0.0,0.0,0.0,0.0,positive,17.89152151
17.89152151,0.0,0.9513084888458252,0.0,0.7821804285049438,0.0,3.0,positive,17.95400393
17.95400393,0.0,6.826075851917267,0.0,1.4976630210876465,0.0,31.0,negative,17.91313504
17.91313504,0.0,3.2247679233551025,0.0,0.8558050990104675,0.0,14.0,negative,17.8309888625
17.8309888625,0.0,3.2158361673355103,0.0,0.0,0.0,4.0,positive,17.92285076
17.92285076,0.0,2.510190010070801,0.0,0.0,0.0,4.0,positive,18.20350663
18.20350663,0.0,0.9472895264625548,0.0,0.0,0.0,4.0,positive,18.3703923
18.3703923,0.0,2.4345508813858032,0.0,0.0,0.0,7.0,negative,18.1303248358
18.1303248358,0.0,0.9543051719665528,0.8598048090934753,0.0,1.0,5.0,negative,18.07649637
18.07649637,0.0,0.7644669413566589,0.0,0.7159463167190552,0.0,6.0,negative,18.06133059
18.06133059,0.0,1.6760329008102417,0.0,0.0,0.0,3.0,negative,17.97263921
17.97263921,0.0,2.3773340582847595,0.0,0.0,0.0,4.0,positive,18.00068207
18.00068207,0.0,0.802263081073761,0.0,0.0,0.0,2.0,positive,18.00574547
18.00574547,0.0,0.7152629494667053,0.0,0.7775217890739441,0.0,5.0,negative,17.98357541
17.98357541,0.0,0.7598840594291687,0.0,0.0,0.0,6.0,negative,17.87484176
17.87484176,0.0,0.0,0.0,0.9130057692527772,0.0,1.0,negative,17.24278483
17.24278483,0.0,0.7303812503814697,0.0,0.0,0.0,2.0,negative,17.07431484
17.07431484,0.0,0.0,0.8433382511138916,0.8095448613166809,1.0,2.0,negative,17.01031592
17.01031592,0.0,0.0,0.0,0.0,0.0,1.0,negative,16.96560206
16.96560206,0.0,0.0,0.0,0.0,0.0,0.0,negative,16.96074748
16.96074748,0.0,2.6192909479141235,0.0,0.0,0.0,4.0,positive,17.10708929
17.10708929,0.0,0.9227805137634276,0.0,0.0,0.0,2.0,positive,17.1997465
17.1997465,0.0,0.9193703532218932,0.0,0.0,0.0,2.0,negative,17.16305911
17.16305911,0.0,0.0,0.0,0.0,0.0,0.0,positive,17.1632582969
17.1632582969,0.0,0.0,0.0,0.0,0.0,0.0,negative,17.09337396
17.09337396,0.0,0.0,0.0,0.8339869379997253,0.0,1.0,positive,17.32023845
17.32023845,0.0,0.7545263171195984,0.0,0.0,0.0,1.0,negative,17.24961237
17.24961237,0.0,0.0,0.0,0.0,0.0,0.0,positive,17.36925357
17.36925357,0.0,0.0,0.0,0.0,0.0,0.0,negative,17.33723566
17.33723566,0.0,1.917612612247467,0.0,0.0,0.0,2.0,negative,17.14958448
17.14958448,0.0,0.0,0.0,0.0,0.0,0.0,positive,17.15031954
17.15031954,0.0,0.0,0.0,0.0,0.0,0.0,positive,17.150833222
17.150833222,0.0,0.0,0.0,0.0,0.0,1.0,negative,17.11537663
17.11537663,0.0,0.8810769319534302,0.0,0.0,1.0,2.0,positive,17.1644263839
17.1644263839,0.0,0.0,0.0,0.0,0.0,0.0,positive,17.23778776
17.23778776,0.0,0.0,0.0,0.0,0.0,1.0,negative,17.17045185
17.17045185,0.0,0.0,0.0,0.0,0.0,0.0,negative,17.12936477
17.12936477,0.0,0.8004408478736877,0.0,0.0,0.0,2.0,negative,17.11728127
17.11728127,0.0,1.8340907096862795,0.0,0.0,0.0,2.0,positive,17.15239508
17.15239508,0.0,1.6163519024848938,0.0,0.0,0.0,2.0,positive,17.16805928
17.16805928,0.0,1.5173325538635254,0.0,0.0,0.0,4.0,negative,16.98035863
16.98035863,0.0,0.0,0.0,0.0,0.0,0.0,positive,17.09734019
17.09734019,0.0,0.8259702920913696,0.0,0.8050552010536194,0.0,2.0,positive,17.1993357
17.1993357,0.0,0.0,0.0,0.0,0.0,1.0,positive,17.3045426597
17.3045426597,0.0,0.8873372077941895,0.0,0.0,0.0,2.0,positive,17.38725061
17.38725061,0.0,0.0,0.0,0.0,0.0,1.0,negative,17.32978229
17.32978229,0.0,0.7430587410926819,0.0,0.0,0.0,1.0,positive,17.414656094
17.414656094,0.0,0.0,0.0,0.0,0.0,0.0,negative,17.3821596627
17.3821596627,0.0,0.0,0.0,0.0,1.0,0.0,positive,17.43943441
17.43943441,0.0,0.0,0.0,0.0,1.0,0.0,positive,17.44041744
17.44041744,0.0,0.0,0.0,0.0,1.0,0.0,negative,17.41021639
17.41021639,0.0,0.0,0.0,0.0,0.0,0.0,negative,17.32527607
17.32527607,0.0,0.0,0.0,0.0,0.0,0.0,negative,17.29976155
17.29976155,0.0,0.7780317664146423,0.0,0.0,0.0,1.0,positive,17.4214455
17.4214455,0.0,0.0,0.0,1.433003067970276,0.0,4.0,positive,17.43266314
17.43266314,0.0,0.0,0.0,0.0,0.0,0.0,positive,17.57076736
17.57076736,0.0,1.805209755897522,0.0,0.0,0.0,3.0,negative,17.51260197
17.51260197,0.0,0.0,0.0,0.0,0.0,1.0,negative,17.4089808964
17.4089808964,0.0,0.0,0.0,0.0,0.0,5.0,negative,17.3123702921
17.3123702921,0.0,0.0,0.0,0.0,1.0,6.0,positive,17.39340777
17.39340777,0.0,0.778846263885498,0.0,0.0,0.0,1.0,positive,17.43463924
17.43463924,0.0,0.0,0.0,0.0,1.0,1.0,negative,17.40714166
17.40714166,0.0,0.7975460886955261,0.0,0.0,0.0,5.0,positive,17.4934331722
17.4934331722,0.0,1.70188570022583,0.0,0.7158495187759399,0.0,4.0,negative,17.4855233326
17.4855233326,0.0,0.8295803666114807,0.0,0.0,0.0,2.0,positive,17.69209572
17.69209572,0.0,0.0,0.0,0.0,0.0,1.0,negative,17.6734143117
17.6734143117,0.0,1.786710262298584,0.0,0.0,0.0,11.0,positive,17.72906302
17.72906302,0.0,2.258533775806427,0.0,0.0,0.0,9.0,positive,17.82277877
17.82277877,0.0,1.5903165936470032,0.0,0.849741518497467,0.0,5.0,negative,17.6742866
17.6742866,0.0,1.4928008317947388,0.0,1.5408613085746763,0.0,6.0,positive,17.74219372
17.74219372,0.0,0.0,0.0,0.0,0.0,0.0,positive,17.76514984
17.76514984,0.0,1.4587438106536863,0.0,0.0,0.0,2.0,negative,17.6511192407
17.6511192407,0.0,0.0,0.0,0.0,0.0,1.0,positive,18.02678102
18.02678102,0.0,0.8177838325500488,0.0,2.44009017944336,1.0,4.0,negative,18.01600295
18.01600295,0.0,0.8716002702713013,0.0,0.0,0.0,1.0,negative,17.9222547575
17.9222547575,0.0,0.0,0.0,0.0,0.0,0.0,positive,18.1242316265
18.1242316265,0.0,0.0,0.0,0.0,0.0,1.0,positive,18.24885093
18.24885093,0.0,0.9058684706687928,0.0,0.0,0.0,1.0,positive,18.29395928
18.29395928,0.0,0.0,0.0,0.0,0.0,1.0,negative,18.16000415
18.16000415,0.0,0.0,0.0,0.0,0.0,0.0,positive,18.16592717
18.16592717,0.0,0.0,0.0,0.0,0.0,2.0,positive,18.21172849
18.21172849,0.0,0.7852444648742676,0.0,0.0,0.0,1.0,negative,18.21007191
18.21007191,0.0,0.0,0.0,0.0,0.0,0.0,positive,18.2486577
18.2486577,0.0,0.0,0.0,0.0,0.0,0.0,positive,18.31480254
18.31480254,0.0,0.0,0.0,0.0,0.0,1.0,negative,18.01903809
18.01903809,0.0,0.0,0.0,0.712454080581665,0.0,1.0,positive,18.1331336561
18.1331336561,0.0,0.0,0.0,0.7158495187759399,0.0,1.0,positive,18.1331702
18.1331702,0.0,1.6465305089950562,0.0,0.0,0.0,2.0,negative,17.81244749
17.81244749,0.0,0.0,0.0,0.0,0.0,0.0,negative,17.787305365599998
17.787305365599998,0.0,0.708398699760437,0.0,0.0,0.0,1.0,negative,17.65119231
17.65119231,0.0,0.0,0.0,1.42490816116333,0.0,3.0,positive,17.65981179
17.65981179,0.0,0.0,0.0,0.0,0.0,0.0,positive,17.70202126
17.70202126,0.0,0.8193963170051575,0.0,0.712454080581665,0.0,2.0,positive,17.75160359
17.75160359,0.0,0.7048723697662354,0.0,0.0,0.0,2.0,negative,17.7502509235
17.7502509235,0.0,0.0,0.0,0.0,0.0,0.0,negative,17.71133226
17.71133226,0.0,0.0,0.0,0.0,0.0,1.0,negative,17.70121627
17.70121627,0.0,0.0,0.0,0.0,0.0,0.0,negative,17.6783328195
17.6783328195,0.0,0.924621045589447,0.0,0.0,0.0,1.0,negative,17.64875118
17.64875118,0.0,2.414765238761902,0.0,0.0,1.0,3.0,positive,17.67887362
17.67887362,0.0,0.0,0.0,0.0,0.0,0.0,positive,17.79836028
17.79836028,0.0,0.0,0.0,0.0,0.0,0.0,negative,17.66889831
17.66889831,0.0,0.0,0.0,0.0,0.0,0.0,negative,17.513117049999998
17.513117049999998,0.0,0.8543474078178406,0.0,0.0,0.0,2.0,negative,17.44101741
17.44101741,0.0,1.7097249627113342,0.0,0.0,0.0,2.0,positive,17.44694361
17.44694361,0.0,0.0,0.0,0.0,0.0,1.0,negative,17.38025938
17.38025938,0.0,0.0,0.0,0.0,0.0,1.0,negative,17.28492671
17.28492671,0.0,0.8817183375358582,0.0,0.7158495187759399,0.0,3.0,negative,17.22920053
17.22920053,0.0,0.7149573564529419,0.0,0.0,0.0,1.0,positive,17.3988294
17.3988294,0.0,1.6209732294082642,0.0,2.14075767993927,0.0,5.0,negative,17.31724068
17.31724068,0.0,1.6654547452926636,0.0,1.43169903755188,0.0,4.0,negative,17.09367643
17.09367643,0.0,0.7026478052139282,0.0,0.0,0.0,1.0,negative,17.0848615885
17.0848615885,0.0,0.0,0.0,0.0,0.0,0.0,positive,17.16399829
17.16399829,0.0,0.8017550706863403,0.0,0.7158495187759399,0.0,2.0,negative,17.13354398
17.13354398,0.0,0.0,0.0,0.0,0.0,0.0,negative,16.96696444
16.96696444,0.0,0.8882092833518982,0.0,0.7158495187759399,0.0,2.0,negative,16.9584027209
16.9584027209,0.0,0.0,0.0,0.0,0.0,1.0,positive,17.04199648
17.04199648,0.0,0.0,0.0,0.0,0.0,0.0,negative,16.97843125
16.97843125,0.0,0.0,0.0,0.0,0.0,0.0,negative,16.90520309
16.90520309,0.0,0.0,0.0,0.0,0.0,1.0,negative,16.8123624288
16.8123624288,0.0,0.0,0.0,0.0,0.0,0.0,positive,16.87299478
16.87299478,0.0,0.0,0.0,0.0,1.0,0.0,negative,16.8667259
16.8667259,0.0,0.0,0.0,0.0,0.0,0.0,positive,17.10129863
17.10129863,0.0,0.0,0.0,0.0,0.0,0.0,negative,17.04390747
17.04390747,0.0,0.8363204598426819,0.0,0.0,0.0,1.0,negative,17.02140494
17.02140494,0.0,0.0,0.0,0.0,0.0,0.0,positive,17.11103115
17.11103115,0.0,0.0,0.0,0.0,0.0,0.0,negative,16.9447178974
16.9447178974,0.0,0.0,0.0,0.0,0.0,0.0,negative,16.5486898864
16.5486898864,0.0,0.0,0.0,1.43169903755188,0.0,2.0,positive,16.6864641297
16.6864641297,0.0,1.761516809463501,0.0,0.0,0.0,3.0,negative,16.5379655509
16.5379655509,0.0,2.528029978275299,0.0,0.7158495187759399,0.0,4.0,positive,16.61197799
16.61197799,0.0,1.570154309272766,0.0,0.0,0.0,2.0,positive,16.69104687
16.69104687,0.0,0.8194001317024231,0.0,0.0,0.0,1.0,negative,16.6446799612
16.6446799612,0.0,1.6120895147323608,0.0,0.0,0.0,2.0,negative,16.64176906
16.64176906,0.0,1.6476880311965942,0.0,0.712454080581665,0.0,4.0,negative,16.52926652
16.52926652,0.0,0.0,0.0,1.43169903755188,0.0,3.0,negative,16.51622703
16.51622703,0.0,0.0,0.0,0.0,0.0,1.0,positive,16.98470101
16.98470101,0.0,2.6002029180526733,0.0,0.0,0.0,3.0,positive,17.21625527
17.21625527,0.0,0.0,0.0,0.0,0.0,1.0,positive,17.23909013
17.23909013,0.0,0.8666037321090698,0.0,0.0,0.0,1.0,positive,17.3611825673
17.3611825673,0.0,0.0,0.0,0.0,0.0,1.0,negative,17.343206
17.343206,0.0,1.6286360621452332,0.0,0.0,0.0,2.0,negative,17.20975003
17.20975003,0.0,0.7126879692077637,0.0,0.0,0.0,2.0,positive,17.22659332
17.22659332,0.0,0.0,0.0,1.43169903755188,0.0,2.0,positive,17.2380045914
17.2380045914,0.0,0.0,0.0,0.0,0.0,0.0,positive,17.294779169999998
17.294779169999998,0.0,0.0,0.0,0.0,0.0,1.0,negative,17.2147153
17.2147153,0.0,0.0,0.0,0.0,0.0,0.0,negative,17.20269439
17.20269439,0.0,0.0,0.0,0.0,0.0,1.0,negative,17.1311844541
17.1311844541,0.0,0.8366878032684326,0.0,0.0,0.0,1.0,negative,17.04741025
17.04741025,0.0,0.0,0.0,0.0,0.0,0.0,negative,16.75510743
16.75510743,0.0,0.0,0.0,0.0,0.0,0.0,negative,16.61552394
16.61552394,0.0,0.0,0.0,0.0,0.0,0.0,positive,16.72716723
16.72716723,0.0,0.0,0.0,0.0,0.0,0.0,negative,16.7201376933
16.7201376933,0.0,0.0,0.0,0.0,0.0,0.0,negative,16.6822712449
16.6822712449,0.0,0.0,0.0,0.0,0.0,1.0,positive,16.7099346617
16.7099346617,0.0,0.0,0.0,0.0,0.0,0.0,positive,16.79989527
16.79989527,0.0,0.0,0.0,0.0,0.0,0.0,positive,16.83222291
16.83222291,0.0,0.0,0.0,0.0,0.0,2.0,positive,16.92591205
16.92591205,0.0,0.0,0.0,0.0,0.0,0.0,positive,16.98435916
16.98435916,0.0,0.0,0.0,0.0,0.0,0.0,negative,16.86455698
16.86455698,0.0,0.0,0.0,0.0,0.0,0.0,negative,16.84715648
16.84715648,0.0,0.0,0.0,0.0,0.0,0.0,negative,16.7601578248
16.7601578248,0.0,0.93722265958786,0.0,0.7158495187759399,0.0,2.0,positive,16.87540347
16.87540347,0.0,0.0,0.0,0.0,0.0,1.0,positive,16.90144951
16.90144951,0.0,0.0,0.0,0.7158495187759399,0.0,1.0,positive,16.90174718
16.90174718,0.0,0.7388246059417725,0.0,0.0,0.0,2.0,positive,16.96125539
16.96125539,0.0,0.0,0.0,0.0,0.0,0.0,negative,16.92339662
16.92339662,0.0,0.0,0.0,0.0,0.0,1.0,negative,16.9155853984
16.9155853984,0.0,0.0,0.0,0.0,0.0,1.0,positive,16.99042831
16.99042831,0.0,0.0,0.0,0.0,0.0,0.0,negative,16.98539208
16.98539208,0.0,0.0,0.0,0.0,0.0,0.0,positive,17.031764358
17.031764358,0.0,0.8574216961860657,0.0,0.0,0.0,1.0,negative,16.94972236
16.94972236,0.0,0.0,0.0,0.0,1.0,0.0,positive,16.97610562
16.97610562,0.0,0.0,0.0,0.0,0.0,0.0,negative,16.93516995
16.93516995,0.0,0.0,0.0,0.0,0.0,0.0,positive,17.0243396092
17.0243396092,0.0,0.0,0.0,0.0,0.0,0.0,negative,16.92148332
16.92148332,0.0,0.0,0.0,0.0,0.0,0.0,positive,17.05488989
17.05488989,0.0,0.0,0.0,0.0,0.0,0.0,positive,17.0808304594
17.0808304594,0.0,0.0,0.0,0.0,0.0,0.0,positive,17.09185066
17.09185066,0.0,0.7266502976417542,0.0,2.86339807510376,0.0,5.0,negative,17.02614883
17.02614883,0.0,0.0,0.0,0.0,0.0,0.0,positive,17.08095599
17.08095599,0.0,0.0,0.0,0.0,0.0,0.0,positive,17.18466025
17.18466025,0.0,0.0,0.0,1.43169903755188,0.0,3.0,negative,17.14378318
17.14378318,0.0,0.7036387324333191,0.0,0.0,0.0,1.0,positive,17.20840713
17.20840713,0.0,1.7545759081840515,0.0,2.144153118133545,0.0,5.0,positive,17.24670814
17.24670814,0.0,0.0,0.0,0.0,0.0,0.0,positive,17.3211329
17.3211329,0.0,0.0,0.0,0.0,0.0,0.0,negative,17.22012729
17.22012729,0.0,0.0,0.0,0.0,0.0,0.0,negative,17.21553749
17.21553749,0.0,0.0,0.0,0.0,0.0,0.0,positive,17.21572645
17.21572645,0.0,0.0,0.0,0.0,0.0,0.0,positive,17.27623352
17.27623352,0.0,0.0,0.0,0.0,0.0,0.0,positive,17.41874
17.41874,0.0,0.0,0.0,0.0,0.0,0.0,positive,17.4381283906
17.4381283906,0.0,0.0,0.0,0.0,0.0,0.0,negative,17.33975791
17.33975791,0.0,0.727109432220459,0.0,0.0,0.0,1.0,positive,17.385529
17.385529,0.0,0.0,0.0,0.0,0.0,0.0,positive,17.4375475669
17.4375475669,0.0,0.8017550706863403,0.0,0.0,0.0,1.0,negative,17.37690246
17.37690246,0.0,0.0,0.0,0.0,0.0,0.0,positive,17.4386329
17.4386329,0.0,0.0,0.0,0.0,0.0,0.0,positive,17.50795172
17.50795172,0.0,0.0,0.0,0.0,0.0,0.0,positive,17.5371031791
17.5371031791,0.0,0.0,0.0,0.0,0.0,0.0,negative,17.51360172
17.51360172,0.0,0.8257084488868713,0.0,0.0,0.0,1.0,positive,17.57014991
17.57014991,0.0,0.0,0.0,0.0,0.0,1.0,negative,17.54191468
17.54191468,0.0,0.0,0.0,0.0,0.0,0.0,negative,17.53347954
17.53347954,0.0,0.0,0.0,0.0,0.0,1.0,negative,17.52451236
17.52451236,0.0,0.7051529288291931,0.0,0.0,0.0,1.0,negative,17.5043661
17.5043661,0.0,0.0,0.0,0.0,0.0,1.0,negative,17.29156123
17.29156123,0.0,0.0,0.0,0.0,0.0,0.0,positive,17.35886582
17.35886582,0.0,0.0,0.0,0.0,1.0,0.0,negative,17.3254148
17.3254148,0.0,0.7620478272438049,0.0,0.0,0.0,1.0,positive,17.54597302
17.54597302,0.0,0.0,0.0,0.0,0.0,0.0,negative,17.52365313
17.52365313,0.0,0.0,0.0,0.0,0.0,0.0,positive,17.52574136
17.52574136,0.0,0.0,0.0,0.0,0.0,0.0,negative,17.51710801
17.51710801,0.0,0.0,0.0,0.0,0.0,0.0,positive,17.66466918
17.66466918,0.0,0.0,0.0,0.0,0.0,1.0,positive,17.69880457
17.69880457,0.0,0.0,0.0,0.0,0.0,0.0,negative,17.59501584
17.59501584,0.0,0.8717060685157776,0.0,0.0,0.0,1.0,positive,17.62235644
17.62235644,0.0,0.0,0.0,0.0,0.0,1.0,positive,17.72482568
17.72482568,0.0,0.0,0.0,0.0,0.0,0.0,negative,17.7217489755
17.7217489755,0.0,0.0,0.0,0.0,1.0,1.0,positive,17.78610429
17.78610429,0.0,0.0,0.0,0.0,0.0,0.0,negative,17.7023912
17.7023912,0.0,0.0,0.0,0.0,0.0,0.0,negative,17.69134088
17.69134088,0.0,0.0,0.0,0.0,0.0,0.0,positive,17.81931311
17.81931311,0.0,0.0,0.0,0.0,0.0,0.0,positive,17.91945498
17.91945498,0.0,0.0,0.0,0.0,0.0,0.0,negative,17.77101253
17.77101253,0.0,0.0,0.0,0.0,0.0,0.0,positive,17.7998420937
17.7998420937,0.0,0.0,0.0,0.0,0.0,0.0,negative,17.77377694
17.77377694,0.0,0.0,0.0,0.0,0.0,2.0,negative,17.7362154477
17.7362154477,0.0,0.0,0.0,0.0,0.0,0.0,negative,17.65181593
17.65181593,0.0,0.0,0.0,0.0,1.0,0.0,positive,17.75902837
17.75902837,0.0,0.0,0.0,0.0,0.0,0.0,positive,17.79442785
17.79442785,0.0,0.7426621913909912,0.0,0.0,0.0,1.0,negative,17.71129287
17.71129287,0.0,0.0,0.0,0.0,0.0,0.0,positive,17.7984356
17.7984356,0.0,0.0,0.0,0.0,0.0,0.0,positive,17.80260091
17.80260091,0.0,0.0,0.0,0.0,0.0,1.0,negative,17.75302133
17.75302133,0.0,0.0,0.0,0.0,0.0,0.0,positive,17.83810439
17.83810439,0.0,0.0,0.0,0.0,1.0,0.0,positive,17.86617096
17.86617096,0.0,0.0,0.0,0.0,0.0,0.0,negative,17.68212832
17.68212832,0.0,0.0,0.0,0.0,1.0,0.0,negative,17.66577053
17.66577053,0.0,0.7897787094116211,0.0,0.0,0.0,1.0,negative,17.6596348815
17.6596348815,0.0,0.0,0.0,0.0,0.0,1.0,negative,17.63825559
17.63825559,0.0,0.0,0.0,0.0,0.0,0.0,positive,17.68436866
17.68436866,0.0,0.0,0.0,0.0,0.0,0.0,positive,17.70959196
17.70959196,0.0,0.0,0.0,0.0,0.0,1.0,positive,17.7161801466
17.7161801466,0.0,0.0,0.0,0.0,0.0,1.0,positive,17.78752778
17.78752778,0.0,0.0,0.0,0.0,0.0,0.0,positive,18.0662443525
18.0662443525,0.0,0.0,0.0,0.0,0.0,0.0,negative,18.05142642
18.05142642,0.0,0.0,0.0,0.0,0.0,0.0,positive,18.07367454
18.07367454,0.0,0.0,0.0,0.0,0.0,0.0,positive,18.10222355
18.10222355,0.0,0.0,0.0,0.0,0.0,0.0,positive,18.20426287
18.20426287,0.0,0.9392883777618408,0.7339316606521606,0.0,1.0,1.0,positive,18.21640791
18.21640791,0.0,0.0,0.0,0.0,0.0,1.0,negative,18.20900627
18.20900627,0.0,0.7505403757095337,0.0,0.0,0.0,1.0,positive,18.3901903
18.3901903,0.0,0.0,0.0,0.0,0.0,0.0,negative,18.33506977
18.33506977,0.0,0.0,0.0,0.0,0.0,0.0,positive,18.33559431
18.33559431,0.0,0.0,0.0,0.0,0.0,0.0,negative,18.20064654
18.20064654,0.0,0.7014343738555908,0.0,0.0,0.0,1.0,positive,18.29465881
18.29465881,0.0,1.7647612690925598,0.0,0.0,0.0,3.0,negative,17.98625636
17.98625636,0.0,0.0,0.0,0.0,0.0,0.0,negative,17.98368894
17.98368894,0.8101567029953003,0.0,0.0,0.0,1.0,0.0,positive,18.04804155
18.04804155,0.0,0.0,0.0,0.0,0.0,0.0,negative,18.0390009
18.0390009,0.0,0.0,0.0,0.0,0.0,0.0,negative,17.9978845
17.9978845,0.0,1.5966035723686218,0.0,0.0,0.0,2.0,positive,18.14133183
18.14133183,0.0,0.785457193851471,0.0,0.0,0.0,1.0,negative,18.10750367
18.10750367,0.7704336047172546,1.6540006399154663,0.0,0.0,1.0,2.0,negative,18.07523273
18.07523273,0.0,0.8757818341255188,0.0,0.0,0.0,1.0,positive,18.16274133
18.16274133,0.0,0.8200552463531494,0.0,0.0,0.0,1.0,negative,18.11726632
18.11726632,0.0,0.0,0.0,0.0,1.0,0.0,negative,18.03535622
18.03535622,0.0,0.0,0.0,0.0,1.0,0.0,negative,17.99802632
17.99802632,0.0,0.7841984629631042,0.0,0.0,0.0,1.0,negative,17.920179953999998
17.920179953999998,0.0,0.0,0.0,0.0,0.0,0.0,negative,17.85018273
17.85018273,0.0,0.0,0.0,0.0,0.0,0.0,negative,17.84842166
17.84842166,0.0,0.0,0.0,0.0,0.0,0.0,negative,17.7668492358
17.7668492358,0.0,0.0,0.0,0.0,1.0,1.0,positive,17.78527698
17.78527698,0.0,0.0,0.0,0.0,0.0,0.0,positive,17.91038097
17.91038097,0.0,0.0,0.0,0.0,0.0,1.0,positive,17.92174828
17.92174828,0.0,0.0,0.8534898161888123,0.0,1.0,0.0,positive,18.00209551
18.00209551,0.0,0.8780052661895752,0.0,0.0,0.0,3.0,positive,18.213005398
18.213005398,0.0,0.0,0.0,0.0,0.0,0.0,negative,18.18472168
18.18472168,0.0,0.0,0.0,0.0,0.0,0.0,negative,18.09926871
18.09926871,0.0,0.0,0.0,0.0,0.0,0.0,negative,18.07454601
18.07454601,0.0,0.9356749653816224,0.0,0.0,0.0,1.0,positive,18.11940287
18.11940287,0.0,0.0,0.0,0.0,0.0,2.0,positive,18.1933244161
18.1933244161,0.0,0.7229692339897156,0.7292149066925049,0.0,1.0,1.0,negative,18.16395388
18.16395388,0.0,0.8744229674339294,0.0,0.0,0.0,1.0,negative,18.03083766
18.03083766,0.0,0.0,0.0,0.0,0.0,0.0,positive,18.19051799
18.19051799,0.0,0.0,0.7023546099662781,0.0,1.0,1.0,negative,18.1146494337
18.1146494337,0.0,0.0,0.0,0.0,0.0,0.0,positive,18.21701018
18.21701018,0.0,0.0,0.0,0.0,0.0,1.0,positive,18.29743097
18.29743097,0.0,0.0,0.0,0.0,0.0,0.0,positive,18.30712216
18.30712216,0.0,0.0,0.0,0.0,0.0,1.0,positive,18.47616952
18.47616952,0.0,0.0,0.0,0.0,0.0,0.0,positive,18.54176391
18.54176391,0.0,0.0,0.0,0.0,1.0,2.0,positive,18.61324235
18.61324235,0.0,0.0,0.7800909876823425,0.0,1.0,0.0,negative,18.5904079
18.5904079,0.0,0.0,0.0,0.0,0.0,2.0,negative,18.52898521
18.52898521,0.0,0.0,0.0,0.0,2.0,0.0,positive,18.54054322
18.54054322,0.7743358612060547,0.0,0.0,0.0,1.0,1.0,negative,18.44464661
18.44464661,0.0,0.0,0.0,0.0,1.0,0.0,positive,18.82503383
18.82503383,0.0,0.0,0.0,0.0,1.0,0.0,negative,18.55718161
18.55718161,0.0,0.0,0.0,0.0,0.0,0.0,negative,18.44941471
18.44941471,0.0,0.0,0.0,0.0,0.0,0.0,positive,18.45059407
18.45059407,0.0,0.0,0.0,0.0,1.0,0.0,negative,18.3484916302
18.3484916302,0.0,0.0,0.0,0.0,0.0,0.0,positive,18.36619652
18.36619652,0.0,0.0,0.0,0.0,0.0,1.0,positive,18.4377161611
18.4377161611,0.0,0.0,0.0,0.0,0.0,0.0,negative,18.28555445
18.28555445,0.0,0.0,0.0,0.0,0.0,1.0,negative,18.28486695
18.28486695,0.0,0.0,0.0,0.0,0.0,0.0,negative,18.06364542
18.06364542,0.0,0.0,0.0,0.0,0.0,0.0,negative,18.0556723
18.0556723,0.0,0.0,0.0,0.0,0.0,0.0,negative,17.9714696
17.9714696,0.0,0.0,0.0,0.0,0.0,0.0,positive,18.01146075
18.01146075,0.0,0.0,0.0,0.0,0.0,1.0,positive,18.04967306
18.04967306,0.0,0.0,0.0,0.0,0.0,0.0,negative,18.0351083
18.0351083,0.0,0.0,0.0,0.0,0.0,0.0,positive,18.13929589
18.13929589,0.0,0.0,0.0,0.7868543863296509,0.0,1.0,negative,18.09894554
18.09894554,0.0,0.0,0.8508647680282593,0.0,1.0,0.0,negative,18.09514477
18.09514477,0.0,0.0,0.0,0.0,0.0,0.0,positive,18.14317495
18.14317495,0.0,0.0,0.0,0.0,0.0,0.0,positive,18.2077525
18.2077525,0.0,0.0,0.0,0.0,0.0,0.0,positive,18.21098044
18.21098044,0.0,0.7728074193000793,0.0,0.0,0.0,1.0,positive,18.35705936
18.35705936,0.0,0.0,0.0,0.0,0.0,0.0,positive,18.44548583
18.44548583,0.0,0.0,0.0,0.0,0.0,0.0,positive,18.52454598
18.52454598,0.0,0.0,0.0,0.0,0.0,0.0,negative,18.41368977
18.41368977,0.0,0.0,0.0,0.0,0.0,1.0,negative,18.35434681
18.35434681,0.0,0.0,0.0,0.0,0.0,0.0,negative,18.3516002424
18.3516002424,0.0,0.0,0.0,0.0,0.0,0.0,positive,18.37424419
18.37424419,0.0,0.0,0.0,0.0,0.0,0.0,positive,18.43138532
18.43138532,0.0,0.0,0.0,0.0,0.0,1.0,negative,18.2440151209
18.2440151209,0.0,0.0,1.4308163523674011,0.0,2.0,0.0,negative,18.22615016
18.22615016,0.0,0.0,0.0,0.0,1.0,0.0,negative,18.19200981
18.19200981,0.0,0.7078816294670105,0.0,0.0,0.0,1.0,negative,18.11318015
18.11318015,0.0,0.0,0.0,0.0,0.0,0.0,negative,18.07048244
18.07048244,0.0,0.0,0.0,0.0,1.0,0.0,positive,18.17269449
18.17269449,0.0,0.0,0.0,0.0,0.0,0.0,negative,18.14216145
18.14216145,0.0,0.0,0.0,0.0,0.0,0.0,negative,18.13846998
18.13846998,0.0,0.0,0.0,0.0,0.0,1.0,positive,18.22290676
18.22290676,0.0,0.0,0.0,0.0,0.0,0.0,negative,18.17722268
18.17722268,0.0,0.0,0.0,0.0,0.0,0.0,positive,18.19171606
18.19171606,0.0,0.0,0.0,0.0,0.0,0.0,negative,18.15932009
18.15932009,0.0,0.0,0.0,0.0,0.0,0.0,positive,18.17467508
18.17467508,0.0,1.6212115287780762,0.0,0.0,0.0,2.0,negative,18.1536002206
18.1536002206,0.0,0.0,0.0,0.0,0.0,0.0,positive,18.17985961
18.17985961,0.0,0.0,0.0,0.0,0.0,0.0,positive,18.21832054
18.21832054,0.0,0.8252039551734924,0.0,0.0,0.0,1.0,negative,18.13477187
18.13477187,0.0,0.874252200126648,0.0,0.0,0.0,1.0,negative,18.1179507011
18.1179507011,0.0,0.0,0.0,0.0,0.0,1.0,negative,18.0304457
18.0304457,0.0,0.0,0.0,0.0,0.0,0.0,negative,18.01083662
18.01083662,0.0,0.0,0.0,0.0,0.0,0.0,positive,18.0559473
18.0559473,0.0,1.4724802374839785,0.0,0.0,0.0,3.0,positive,18.17371641
18.17371641,0.0,0.0,0.0,0.0,0.0,0.0,positive,18.20823018
18.20823018,0.0,0.8382464647293091,0.0,0.0,0.0,1.0,negative,18.1971448344
18.1971448344,0.0,0.0,0.0,0.702873170375824,0.0,2.0,positive,18.25337995
18.25337995,0.0,0.0,0.0,0.7478721141815186,0.0,2.0,positive,18.37577414
18.37577414,0.0,0.0,0.0,0.0,0.0,0.0,positive,18.48709083
18.48709083,0.0,1.560491681098938,0.0,0.0,0.0,2.0,negative,18.480224509
18.480224509,0.0,0.0,0.0,0.0,0.0,0.0,negative,18.42342437
18.42342437,0.0,0.0,0.0,0.0,0.0,0.0,positive,18.4485509
18.4485509,0.0,0.0,0.0,0.0,0.0,0.0,positive,18.53397925
18.53397925,0.0,0.742588460445404,0.0,0.0,0.0,1.0,positive,18.66716948
18.66716948,0.0,0.0,0.0,0.0,0.0,0.0,negative,18.62540494
18.62540494,0.0,0.0,0.0,0.0,0.0,1.0,positive,18.66041454
18.66041454,0.0,0.7456673979759216,0.0,0.0,0.0,2.0,positive,18.7142357138
18.7142357138,0.0,0.0,0.0,0.0,1.0,2.0,negative,18.68680992
18.68680992,0.0,0.0,0.0,0.0,0.0,0.0,positive,18.72346221
18.72346221,0.0,0.0,0.0,0.0,0.0,0.0,positive,18.76156488
18.76156488,0.0,0.7661076188087463,0.0,0.0,0.0,1.0,negative,18.53765913
18.53765913,0.0,0.0,0.0,0.0,0.0,1.0,negative,18.4481845
18.4481845,0.0,0.891925036907196,0.0,0.0,0.0,1.0,positive,18.56592662
18.56592662,0.0,0.0,0.0,0.0,0.0,0.0,positive,18.69830881
18.69830881,0.0,0.0,0.0,0.0,0.0,0.0,negative,18.56711985
18.56711985,0.0,0.0,0.0,0.0,0.0,0.0,negative,18.41921083
18.41921083,0.0,0.0,0.0,0.0,0.0,0.0,positive,18.44859133
18.44859133,0.0,0.0,0.0,0.0,0.0,0.0,negative,18.40010089
18.40010089,0.0,0.0,0.0,0.0,0.0,0.0,positive,18.55010663
18.55010663,0.0,0.7388964891433716,0.0,1.7695568799972534,0.0,6.0,negative,18.47712729
18.47712729,0.0,0.0,0.0,0.0,0.0,2.0,negative,18.4696088
18.4696088,0.0,0.7435930967330933,0.0,0.0,0.0,1.0,negative,18.39956842
18.39956842,0.0,1.6541582942008972,0.0,0.0,0.0,3.0,negative,18.23614109
18.23614109,0.0,0.0,0.0,0.0,0.0,0.0,positive,18.37766069
18.37766069,0.0,2.3722768425941467,0.0,0.0,0.0,3.0,positive,18.38588372
18.38588372,0.0,0.0,0.0,0.0,0.0,0.0,negative,18.30564675
18.30564675,0.0,0.0,0.0,0.0,0.0,2.0,positive,18.37573818
18.37573818,0.0,0.0,0.0,0.0,0.0,0.0,negative,18.26880523
18.26880523,0.0,0.0,0.0,0.0,0.0,2.0,positive,18.28943372
18.28943372,0.0,0.0,0.0,0.0,0.0,0.0,positive,18.32657468
18.32657468,0.0,0.0,0.0,0.0,0.0,0.0,positive,18.34447592
18.34447592,0.0,0.0,0.0,0.0,1.0,1.0,positive,18.34817845
18.34817845,0.0,0.0,0.0,0.0,0.0,0.0,positive,18.414733152
18.414733152,0.0,0.0,0.0,0.0,0.0,0.0,negative,18.3649346925
18.3649346925,0.0,0.0,0.0,0.0,0.0,0.0,positive,18.440105463
18.440105463,0.0,0.0,0.0,0.0,0.0,0.0,positive,18.4661257768
18.4661257768,0.0,0.0,0.0,0.0,0.0,0.0,positive,18.57711271
18.57711271,0.0,0.0,0.0,0.0,1.0,0.0,negative,18.49039325
18.49039325,0.0,0.894802451133728,0.0,0.0,0.0,1.0,negative,18.48675382
18.48675382,0.0,0.0,0.0,0.0,1.0,0.0,negative,18.45606211
18.45606211,0.0,0.0,0.0,0.0,0.0,1.0,negative,18.37089384
18.37089384,0.0,0.0,0.0,0.0,1.0,0.0,negative,18.3411187
18.3411187,0.0,0.0,0.0,0.0,0.0,0.0,negative,18.3340817
18.3340817,0.0,0.8160804510116577,0.0,0.0,1.0,1.0,positive,18.3794653
18.3794653,0.0,0.8595253825187683,0.0,0.0,0.0,1.0,negative,18.29617504
18.29617504,0.0,0.0,0.0,0.7433711886405945,0.0,2.0,negative,18.05182937
18.05182937,0.0,0.0,0.0,0.0,1.0,1.0,positive,18.05956213
18.05956213,0.0,0.0,0.0,0.0,0.0,0.0,positive,18.08828621
18.08828621,0.0,0.0,0.0,0.0,1.0,0.0,negative,17.95830691
17.95830691,0.0,0.0,0.0,0.0,0.0,0.0,negative,17.94578126
17.94578126,0.0,0.0,0.0,0.0,0.0,0.0,negative,17.94575118
17.94575118,0.0,0.0,0.0,0.0,0.0,0.0,positive,18.17546215
18.17546215,0.0,0.0,0.0,0.0,0.0,0.0,positive,18.22955083
18.22955083,0.0,1.6008549332618711,0.0,0.0,0.0,2.0,negative,18.2208094458
18.2208094458,0.0,2.359146773815155,0.0,0.0,0.0,3.0,negative,18.18010939
18.18010939,0.0,0.0,0.0,0.0,0.0,0.0,positive,18.1803847187
18.1803847187,0.0,0.0,0.0,0.0,0.0,0.0,negative,18.16319181
18.16319181,0.0,0.0,0.0,0.0,0.0,0.0,positive,18.19564355
18.19564355,0.0,0.0,0.0,0.0,1.0,0.0,positive,18.20766241
18.20766241,0.0,0.0,0.0,0.0,0.0,0.0,negative,18.1953035141
18.1953035141,0.0,0.0,0.0,0.0,0.0,0.0,positive,18.328125216
18.328125216,0.0,0.0,0.0,0.7399497032165527,0.0,1.0,negative,18.3251017511
18.3251017511,0.0,0.0,0.0,0.9231896996498108,1.0,1.0,positive,18.8048718652
18.8048718652,0.0,0.7789285778999329,0.0,0.0,0.0,1.0,negative,18.6830848
18.6830848,0.0,1.599963903427124,0.0,0.0,0.0,2.0,negative,18.67812952
18.67812952,0.0,0.86419278383255,0.0,0.0,0.0,1.0,negative,18.6481253773
18.6481253773,0.0,0.0,0.0,0.0,0.0,0.0,positive,18.70471579
18.70471579,0.0,0.0,1.5812569856643677,0.0,2.0,0.0,positive,18.73483202
18.73483202,0.0,0.0,0.0,0.0,0.0,0.0,negative,18.67930066
18.67930066,0.0,1.4543522000312803,0.0,0.0,0.0,2.0,positive,18.8711307466
18.8711307466,0.0,0.7849957942962646,0.0,0.0,0.0,1.0,positive,19.0060567835
19.0060567835,0.0,0.0,0.0,0.0,0.0,1.0,negative,18.95625456
18.95625456,0.0,0.0,0.0,0.0,0.0,0.0,positive,18.98876296
18.98876296,0.0,2.5611692667007446,0.0,0.0,1.0,3.0,positive,19.05922285
19.05922285,0.0,0.0,0.0,0.0,1.0,0.0,negative,19.03498774
19.03498774,0.0,0.0,0.0,0.0,0.0,0.0,positive,19.14297759
19.14297759,0.0,0.0,0.0,0.0,0.0,0.0,positive,19.31902769
19.31902769,0.0,0.0,0.0,0.0,0.0,0.0,positive,19.32668253
19.32668253,0.0,0.0,0.0,0.0,0.0,0.0,negative,19.32176714
19.32176714,0.0,0.0,0.0,0.0,0.0,0.0,negative,19.18433492
19.18433492,0.0,0.0,0.0,0.0,0.0,0.0,positive,19.19780695
19.19780695,0.0,0.0,0.0,0.0,0.0,0.0,positive,19.33895603
19.33895603,0.0,0.0,0.0,0.0,0.0,0.0,negative,19.2590939253
19.2590939253,0.0,0.0,0.0,0.0,0.0,0.0,negative,19.229057305
19.229057305,0.0,0.0,0.0,0.0,0.0,0.0,negative,19.09480293
19.09480293,0.0,0.0,0.0,0.0,1.0,0.0,positive,19.2141838
19.2141838,0.0,0.0,0.0,0.0,0.0,0.0,negative,19.10068548
19.10068548,0.0,0.0,0.0,0.0,0.0,0.0,positive,19.20173923
19.20173923,0.0,0.0,0.0,0.0,0.0,0.0,positive,19.32006909
19.32006909,0.0,0.0,0.0,0.0,0.0,0.0,negative,19.27993241
19.27993241,0.0,0.0,0.0,0.0,0.0,0.0,positive,19.37378712
19.37378712,0.0,0.0,0.0,0.0,0.0,0.0,positive,19.53139986
19.53139986,0.0,0.0,0.0,0.0,0.0,0.0,negative,19.51657572
19.51657572,0.0,0.0,0.0,0.0,0.0,0.0,positive,19.718553837
19.718553837,0.0,0.0,0.0,0.0,0.0,0.0,positive,19.8707596
19.8707596,0.0,0.0,0.0,0.0,0.0,0.0,positive,19.88626763
19.88626763,0.0,0.0,0.0,0.0,1.0,3.0,positive,20.21256502
20.21256502,0.0,3.2363303303718567,0.0,0.9119045734405518,0.0,7.0,negative,20.0171057821
20.0171057821,0.0,4.2336602210998535,0.0,0.0,0.0,9.0,positive,20.30790378
20.30790378,0.0,1.837393939495087,0.0,0.0,0.0,2.0,positive,20.5440452
20.5440452,0.0,6.756142973899841,0.0,1.6436001658439636,0.0,17.0,positive,20.619379
20.619379,0.0,4.767090320587158,0.0,0.0,0.0,11.0,negative,20.45219869
20.45219869,0.0,5.842221558094025,0.0,0.7550943493843079,0.0,8.0,positive,20.452442
20.452442,0.0,0.7685229182243347,0.0,0.0,0.0,2.0,positive,20.5472975495
20.5472975495,0.0,4.060677587985992,0.8019229173660278,0.0,2.0,5.0,positive,20.5837341
20.5837341,0.0,0.8767178654670715,0.0,0.0,1.0,2.0,negative,20.54438102
20.54438102,0.0,1.4434720277786257,0.0,0.0,0.0,2.0,negative,20.45407321
20.45407321,0.0,0.0,0.0,0.0,0.0,0.0,positive,20.59526283
20.59526283,0.0,0.0,0.0,0.0,0.0,1.0,negative,20.58385771
20.58385771,0.0,0.0,0.7597411870956421,0.0,1.0,0.0,positive,20.68144621
20.68144621,0.0,0.9542165398597716,0.0,0.0,0.0,2.0,positive,20.75932389
20.75932389,0.0,1.637528121471405,0.0,0.0,0.0,3.0,positive,20.88331777
20.88331777,0.0,0.0,0.0,0.7862117290496826,1.0,2.0,positive,20.96076201
20.96076201,0.0,0.0,0.0,0.0,0.0,0.0,negative,20.956452
20.956452,0.0,0.0,0.0,0.0,0.0,1.0,positive,21.20616498
21.20616498,0.0,0.0,0.0,0.0,0.0,1.0,positive,21.39179004
21.39179004,0.0,0.8401315808296204,0.0,0.0,0.0,3.0,negative,21.20195141
21.20195141,0.0,0.0,0.0,0.0,0.0,2.0,positive,21.60874045
21.60874045,0.0,0.7019747495651245,0.0,0.0,0.0,3.0,positive,22.07589407
22.07589407,0.0,7.951400518417358,0.0,0.0,1.0,15.0,negative,22.0206274163
22.0206274163,0.0,1.6671454310417175,0.0,0.0,0.0,4.0,negative,21.7532967288
21.7532967288,0.0,0.0,0.0,0.0,0.0,5.0,positive,22.03450061
22.03450061,0.0,0.8356372117996216,0.0,0.0,0.0,2.0,negative,22.01700379
22.01700379,0.0,0.7056421637535095,0.0,0.0,0.0,1.0,negative,21.90733394
21.90733394,0.0,0.0,0.0,0.0,0.0,0.0,negative,21.80788985
21.80788985,0.0,0.0,0.0,0.0,0.0,0.0,positive,21.90934202
21.90934202,0.0,0.0,0.0,0.0,0.0,0.0,positive,21.93091657
21.93091657,0.0,0.0,0.0,0.0,0.0,0.0,positive,22.24295829
22.24295829,0.0,0.0,0.0,0.0,1.0,0.0,negative,22.03360191
22.03360191,0.0,0.0,0.0,0.0,1.0,0.0,negative,21.96065999
21.96065999,0.0,0.0,0.0,0.0,1.0,0.0,positive,22.0015354
22.0015354,0.0,0.0,0.0,0.0,0.0,0.0,positive,22.0622572
22.0622572,0.0,0.0,0.0,0.0,0.0,0.0,negative,21.57923004
21.57923004,0.0,0.0,0.0,0.0,0.0,1.0,negative,21.50675675
21.50675675,0.0,0.0,0.0,0.0,0.0,0.0,negative,21.15225677
21.15225677,0.0,0.0,0.0,0.0,0.0,0.0,positive,21.3263862
21.3263862,0.0,0.7058414816856384,0.0,0.0,0.0,1.0,positive,21.5876497
21.5876497,0.0,0.0,0.0,0.0,0.0,0.0,positive,21.68350687
21.68350687,0.0,1.461525797843933,0.0,0.0,0.0,3.0,positive,21.78490633
21.78490633,0.0,1.450028359889984,0.0,0.0,0.0,3.0,positive,21.81323702
21.81323702,0.0,0.0,0.0,0.0,0.0,0.0,positive,22.10004232
22.10004232,0.0,0.0,0.0,0.0,0.0,0.0,negative,21.95574536
21.95574536,0.0,0.7969841957092285,0.0,0.0,0.0,2.0,positive,21.97466373
21.97466373,0.0,0.7823445200920105,0.0,0.0,0.0,1.0,negative,21.8434211
21.8434211,0.0,0.0,0.0,0.0,0.0,0.0,positive,21.90948967
21.90948967,0.0,0.0,0.0,0.0,0.0,0.0,negative,21.85868578
21.85868578,0.0,0.7454845905303955,0.0,0.0,0.0,2.0,negative,21.8365575468
21.8365575468,0.0,0.0,0.0,0.0,0.0,1.0,negative,21.7768537
21.7768537,0.0,1.4528207182884216,0.0,0.0,0.0,2.0,negative,21.76256399
21.76256399,0.0,0.0,0.0,0.0,0.0,1.0,negative,21.57123955
21.57123955,0.0,0.0,0.0,0.0,0.0,1.0,positive,21.68647696
21.68647696,0.0,0.0,0.0,0.0,0.0,2.0,positive,21.6998909446
21.6998909446,0.0,0.0,0.0,0.7356637716293335,0.0,1.0,positive,21.75275082
21.75275082,0.0,0.720446765422821,0.0,0.0,0.0,1.0,negative,21.71603017
21.71603017,0.0,0.8706214427947998,0.0,0.0,0.0,1.0,positive,21.78180767
21.78180767,0.0,0.0,0.0,0.0,0.0,0.0,positive,21.78241904
21.78241904,0.0,0.0,0.0,0.0,0.0,0.0,positive,22.087480877
22.087480877,0.0,0.0,0.0,0.0,0.0,1.0,positive,22.10921914
22.10921914,0.0,0.0,0.0,0.0,0.0,0.0,negative,22.0964069
22.0964069,0.0,0.0,0.0,0.0,0.0,0.0,positive,23.12423594
23.12423594,0.0,1.6307187676429749,0.0,0.0,0.0,2.0,positive,23.29716891
23.29716891,0.0,0.8946995735168457,0.0,0.0,0.0,2.0,positive,23.3386391
23.3386391,0.0,0.0,0.0,0.0,0.0,0.0,positive,23.33970845
23.33970845,0.0,0.0,0.0,0.0,0.0,0.0,negative,23.28378736
23.28378736,0.0,0.0,0.0,0.0,0.0,0.0,negative,23.0733529237
23.0733529237,0.0,2.515156507492065,0.0,0.0,0.0,3.0,negative,22.99436066
22.99436066,0.0,0.0,0.0,0.0,0.0,0.0,negative,22.98966223
22.98966223,0.0,1.7867406606674194,0.0,0.0,0.0,2.0,positive,22.99533698
22.99533698,0.0,0.0,0.0,0.0,0.0,1.0,positive,23.05263827
23.05263827,0.0,1.6923044323921204,0.0,0.0,0.0,2.0,negative,22.9374343185
22.9374343185,0.0,0.0,0.0,0.0,0.0,0.0,positive,23.0260424583
23.0260424583,0.0,0.0,0.0,0.0,0.0,0.0,positive,23.39457174
23.39457174,0.0,0.724713146686554,0.0,0.0,0.0,1.0,positive,23.78304307
23.78304307,0.0,0.7273081541061401,0.0,0.0,0.0,3.0,positive,23.96687071
23.96687071,0.0,0.0,0.0,0.0,3.0,0.0,negative,23.61868993
23.61868993,0.0,0.7598096132278442,0.0,0.0,0.0,1.0,positive,23.73575216
23.73575216,0.0,0.0,0.0,0.0,0.0,0.0,positive,23.81324691
23.81324691,0.0,0.0,0.0,0.0,0.0,0.0,positive,23.97825777
23.97825777,0.0,0.0,0.0,0.0,0.0,0.0,negative,23.8230506251
23.8230506251,0.0,0.7759702205657959,0.0,0.0,1.0,1.0,positive,24.30856174
24.30856174,0.0,0.0,0.0,0.0,1.0,0.0,negative,24.21487516
24.21487516,0.0,0.0,0.0,0.0,0.0,0.0,positive,24.24521119
24.24521119,0.0,0.0,0.0,0.0,0.0,0.0,negative,23.96086168
23.96086168,0.0,0.0,0.0,0.0,3.0,0.0,negative,23.90013497
23.90013497,0.0,0.0,0.0,0.0,0.0,1.0,negative,23.86591122
23.86591122,0.0,0.0,0.0,0.0,0.0,0.0,negative,23.7712774218
23.7712774218,0.0,1.596042275428772,0.0,0.0,0.0,3.0,positive,24.65502623
24.65502623,0.0,0.72447270154953,0.0,0.0,1.0,1.0,positive,24.82215175
24.82215175,0.0,0.0,0.0,0.0,0.0,1.0,positive,25.07988621
25.07988621,0.0,1.4471582770347595,0.0,0.7410013675689697,1.0,6.0,negative,24.50411
24.50411,0.0,0.0,0.0,0.0,1.0,0.0,positive,24.54600163
24.54600163,0.0,0.0,0.0,0.0,0.0,0.0,negative,24.37255834
24.37255834,0.0,0.0,0.0,0.0,0.0,0.0,positive,24.82957278
24.82957278,0.0,0.7097996473312378,0.0,0.0,0.0,6.0,positive,24.94796329
24.94796329,0.0,0.0,0.0,0.0,0.0,0.0,negative,24.85043261
24.85043261,0.0,0.0,0.0,0.0,1.0,4.0,positive,25.1601340659
25.1601340659,0.0,0.0,0.0,0.7337635159492493,1.0,1.0,positive,25.22363907
25.22363907,0.0,0.8164324164390564,0.0,0.0,2.0,1.0,positive,25.30621562
25.30621562,0.0,10.790226340293884,0.0,4.080071568489075,0.0,29.0,negative,25.27848077
25.27848077,0.0,2.237769663333893,0.0,0.7562881708145142,0.0,10.0,positive,25.3885091251
25.3885091251,0.0,1.478833258152008,0.0,0.7135933041572571,0.0,7.0,positive,25.42777077
25.42777077,0.0,1.639012575149536,0.0,0.9397479295730592,0.0,6.0,negative,25.21417757
25.21417757,0.0,0.969933271408081,0.0,0.0,0.0,1.0,negative,25.07293866
25.07293866,0.0,0.7781225442886353,0.0,0.0,1.0,4.0,positive,25.2616068773
25.2616068773,0.0,0.8157708048820496,0.0,0.0,0.0,3.0,negative,25.0871261609
25.0871261609,0.0,0.7961635589599609,0.0,0.0,1.0,3.0,negative,24.87412449
24.87412449,0.0,0.0,0.0,0.0,0.0,3.0,negative,24.53489035
24.53489035,0.0,0.7613426446914673,0.0,0.8135849237442017,0.0,4.0,positive,24.62426802
24.62426802,0.0,0.8144356608390808,0.0,0.0,0.0,4.0,negative,24.30464385
24.30464385,0.0,0.9373083710670472,0.0,0.0,0.0,3.0,positive,24.32051419
24.32051419,0.0,0.7492804527282715,0.0,0.0,0.0,1.0,negative,24.23811962
24.23811962,0.0,0.7882429361343384,0.0,0.0,0.0,2.0,positive,24.53430705
24.53430705,0.0,0.0,0.0,0.0,0.0,1.0,positive,24.63472466
24.63472466,0.0,0.0,0.0,0.0,0.0,1.0,positive,24.83794356
24.83794356,0.0,3.136642336845398,0.0,0.0,0.0,5.0,positive,24.92634705
24.92634705,0.0,0.0,0.0,0.0,0.0,0.0,negative,24.90668836
24.90668836,0.0,0.0,0.0,0.0,0.0,0.0,positive,25.11644422
25.11644422,0.0,0.7457461357116699,0.0,0.0,0.0,2.0,negative,24.94182779
24.94182779,0.7239635586738586,0.0,0.0,0.0,1.0,1.0,negative,24.77279062
24.77279062,0.0,0.0,0.0,0.0,1.0,0.0,positive,24.88127705
24.88127705,0.0,0.0,0.0,0.7479932904243469,0.0,1.0,positive,24.8894442536
24.8894442536,0.0,0.927371084690094,0.0,0.0,0.0,1.0,positive,25.4829034562
25.4829034562,0.8629050850868225,0.0,0.0,0.0,1.0,0.0,negative,25.0983535
25.0983535,0.0,0.0,0.0,0.0,0.0,0.0,positive,25.40591039
25.40591039,0.0,0.940394639968872,0.0,0.0,2.0,2.0,positive,25.44366488
25.44366488,0.0,0.0,0.0,0.0,3.0,0.0,negative,25.24242508
25.24242508,0.0,0.0,0.0,0.0,0.0,1.0,positive,25.45133406
25.45133406,0.0,1.6327645778656006,0.0,0.0,0.0,2.0,positive,25.63740358
25.63740358,0.0,0.0,0.0,0.0,0.0,0.0,positive,25.70098847
25.70098847,0.8649635910987854,0.0,0.0,0.0,1.0,0.0,negative,25.6114401731
25.6114401731,0.0,0.7480950951576233,0.0,0.0,0.0,2.0,negative,25.5843696035
25.5843696035,0.0,0.0,0.0,0.0,0.0,0.0,negative,25.53174222
25.53174222,0.0,0.0,0.0,0.0,0.0,1.0,positive,25.56439561
25.56439561,0.0,1.5783603191375732,0.0,0.0,0.0,2.0,positive,25.64162506
25.64162506,0.0,0.0,0.0,0.0,0.0,0.0,negative,25.51927483
25.51927483,0.0,0.0,0.0,0.0,0.0,1.0,positive,25.8748810105
25.8748810105,0.0,0.0,0.0,0.0,0.0,0.0,negative,25.82755827
25.82755827,0.0,0.713922917842865,0.0,0.0,0.0,1.0,negative,25.6399802089
25.6399802089,0.0,0.754136323928833,0.0,0.0,1.0,1.0,positive,25.68142948
25.68142948,0.0,0.7707987427711487,0.0,0.0,0.0,1.0,positive,25.74558648
25.74558648,0.0,0.0,0.0,0.0,0.0,0.0,negative,25.6468459738
25.6468459738,0.0,0.0,0.0,0.0,0.0,0.0,positive,25.80556848
25.80556848,0.0,0.7954828143119812,0.0,0.0,0.0,1.0,negative,25.64340869
25.64340869,0.0,0.0,0.0,0.0,0.0,0.0,negative,25.48897147
25.48897147,0.0,0.0,0.0,0.0,0.0,0.0,positive,25.56902461
25.56902461,0.0,0.0,0.0,0.0,1.0,0.0,negative,25.55653662
25.55653662,0.0,0.0,0.0,0.0,0.0,1.0,positive,25.6994127023
25.6994127023,0.0,0.0,0.0,0.0,0.0,0.0,positive,25.73693214
25.73693214,0.0,0.7525038719177246,0.0,0.0,0.0,1.0,negative,25.73379002
25.73379002,0.0,0.0,0.0,0.0,1.0,0.0,positive,26.45690817
26.45690817,0.0,0.0,0.0,0.0,0.0,0.0,positive,26.7563226
26.7563226,0.0,0.0,0.0,0.0,1.0,0.0,negative,26.4634993142
26.4634993142,0.0,0.0,0.0,0.0,0.0,0.0,positive,27.03503953
27.03503953,0.0,0.0,0.0,0.0,1.0,0.0,negative,26.91078859
26.91078859,0.0,0.8437355160713196,0.0,0.0,0.0,1.0,negative,26.59753541
26.59753541,0.0,0.0,0.0,0.0,0.0,0.0,negative,26.37661903
26.37661903,0.0,0.7271052002906799,0.0,0.0,0.0,1.0,positive,26.46774366
26.46774366,0.0,0.0,0.0,0.0,0.0,0.0,negative,26.25640762
26.25640762,0.0,0.0,0.0,0.0,0.0,0.0,negative,25.99408974
25.99408974,0.0,0.0,0.0,0.0,0.0,0.0,negative,25.97580581
25.97580581,0.0,0.0,0.0,0.0,0.0,0.0,negative,25.2011702907
25.2011702907,0.0,0.0,0.0,0.0,0.0,1.0,negative,25.1285525
25.1285525,0.0,0.0,0.0,0.0,0.0,0.0,positive,25.37039569
25.37039569,0.0,0.0,0.0,0.0,0.0,1.0,negative,25.00440576
25.00440576,0.0,0.0,0.0,0.0,0.0,1.0,positive,25.41050824
25.41050824,0.0,0.0,0.0,0.0,0.0,0.0,positive,26.07655615
26.07655615,0.0,0.0,0.0,0.0,0.0,0.0,negative,25.85526088
25.85526088,0.0,3.085169076919556,0.8047046065330505,0.0,1.0,5.0,negative,25.80567861
25.80567861,0.0,0.0,0.0,0.0,1.0,1.0,negative,25.441657466
25.441657466,0.0,0.0,0.0,0.0,0.0,0.0,negative,25.39965185
25.39965185,0.0,0.912544310092926,0.0,0.0,1.0,1.0,positive,25.5275329
25.5275329,0.0,0.0,0.0,0.0,0.0,0.0,negative,25.4765717736
25.4765717736,0.0,0.0,0.0,0.0,0.0,0.0,negative,25.27316607
25.27316607,0.0,0.0,0.0,0.0,0.0,0.0,negative,25.07461903
25.07461903,0.0,0.0,0.0,0.0,0.0,0.0,positive,25.42080683
25.42080683,0.0,0.0,0.0,0.0,0.0,0.0,positive,25.434447631
25.434447631,0.0,0.0,0.0,0.0,0.0,0.0,positive,25.57451161
25.57451161,0.0,0.0,0.0,0.0,0.0,0.0,negative,25.55244322
25.55244322,0.0,0.8085775375366211,0.0,0.0,0.0,2.0,positive,25.84091619
25.84091619,0.0,0.0,0.0,0.0,1.0,0.0,negative,25.79388339
25.79388339,0.0,0.0,0.0,0.0,1.0,0.0,negative,25.54994395
25.54994395,0.0,4.104406893253326,0.9411332607269288,0.7060885429382324,1.0,9.0,negative,25.38811276
25.38811276,0.0,1.646563172340393,0.0,0.0,0.0,4.0,negative,25.37312419
25.37312419,0.0,1.5274995565414429,0.0,0.0,2.0,4.0,negative,25.22346367
25.22346367,0.0,0.0,0.0,0.0,2.0,2.0,positive,25.34404135
25.34404135,0.0,0.0,0.0,0.0,0.0,2.0,positive,25.6326523967
25.6326523967,0.0,4.224111795425415,0.0,0.9418330788612366,0.0,16.0,negative,25.62767586
25.62767586,0.0,1.5135337710380554,0.0,0.0,0.0,4.0,negative,25.5589515717
25.5589515717,0.0,0.0,0.0,0.0,0.0,3.0,positive,25.68544061
25.68544061,0.0,4.932381451129913,0.0,0.7540197372436523,0.0,8.0,negative,25.60491651
25.60491651,0.0,13.344823002815248,0.0,0.0,2.0,22.0,positive,25.7512271838
25.7512271838,0.0,12.304193437099457,0.0,0.7519941926002502,0.0,25.0,positive,25.77437514
25.77437514,0.0,6.962374806404114,0.0,0.0,0.0,15.0,positive,26.01819215
26.01819215,0.0,4.180783808231354,0.0,0.777445375919342,0.0,7.0,positive,26.15352577
26.15352577,0.0,3.228500485420227,0.0,0.0,2.0,5.0,positive,26.4484166
26.4484166,0.0,7.344987750053406,0.0,1.4376914501190186,1.0,13.0,negative,26.21929029
26.21929029,0.0,1.8915880918502808,0.0,0.0,0.0,4.0,negative,26.1025346276
26.1025346276,0.0,3.871963918209076,0.0,0.0,0.0,6.0,positive,26.11743556
26.11743556,0.0,0.9256221652030944,0.0,0.0,1.0,1.0,positive,26.2150888
26.2150888,0.0,0.8841577172279358,0.0,0.0,0.0,2.0,positive,26.29695844
26.29695844,0.0,1.89471447467804,0.0,0.0,0.0,2.0,negative,26.28142741
26.28142741,0.0,0.7297734618186951,0.0,0.0,0.0,1.0,negative,26.05847634
26.05847634,0.0,0.0,0.0,0.0,0.0,2.0,negative,25.66554289
25.66554289,0.0,0.0,0.0,0.0,0.0,1.0,positive,25.77258655
25.77258655,0.0,1.660560131072998,0.0,0.0,0.0,3.0,negative,25.7134682029
25.7134682029,0.0,1.5419432520866394,0.0,0.0,0.0,3.0,negative,25.641571796
25.641571796,0.0,1.6428003311157229,0.0,0.0,0.0,2.0,positive,25.82789285
25.82789285,0.0,0.7528951168060303,0.0,0.0,0.0,1.0,negative,25.66388451
25.66388451,0.0,3.233011126518249,0.0,0.7322248220443726,0.0,6.0,positive,25.83865371
25.83865371,0.0,3.40998649597168,0.0,0.0,0.0,5.0,positive,25.89432319
25.89432319,0.0,0.0,0.0,0.0,0.0,1.0,positive,26.0968481
26.0968481,0.0,1.5567519068717957,0.0,0.0,0.0,2.0,positive,26.2839770684
26.2839770684,0.0,0.0,0.0,0.0,0.0,1.0,negative,26.02038489
26.02038489,0.0,0.9010544419288636,0.0,0.0,1.0,1.0,positive,26.21566603
26.21566603,0.0,1.4354376792907717,0.0,0.0,0.0,4.0,positive,26.3351648575
26.3351648575,0.0,0.7490629553794861,0.0,0.0,0.0,1.0,negative,25.43174104
25.43174104,0.0,1.4662163853645325,0.0,0.0,0.0,2.0,negative,24.47865643
24.47865643,0.0,0.0,0.0,0.0,0.0,1.0,negative,24.28871958
24.28871958,0.0,0.957581102848053,0.0,0.0,0.0,2.0,negative,24.2036065574
24.2036065574,0.0,0.0,0.0,0.0,0.0,0.0,negative,24.10167689
24.10167689,0.0,0.8402151465415955,0.0,0.0,0.0,1.0,positive,24.23999204
24.23999204,0.0,0.0,0.0,0.0,0.0,0.0,positive,24.2946537928
24.2946537928,0.0,0.0,0.0,0.0,0.0,0.0,negative,24.25922355
24.25922355,0.0,0.0,0.0,0.0,3.0,0.0,negative,24.14965041
24.14965041,0.0,0.0,0.0,0.0,0.0,1.0,positive,24.285225
24.285225,0.0,0.0,0.0,0.0,2.0,0.0,positive,24.94321835
24.94321835,0.8118170499801636,0.0,0.0,0.0,5.0,0.0,positive,25.05599604
25.05599604,0.7114980220794678,0.0,0.0,0.0,1.0,0.0,negative,24.94709162
24.94709162,0.0,1.661077320575714,0.0,0.0,1.0,3.0,negative,24.8654286462
24.8654286462,0.0,0.0,0.0,0.0,0.0,0.0,negative,24.7316837391
24.7316837391,0.7082195281982422,0.0,0.0,0.0,1.0,0.0,positive,24.7895613688
24.7895613688,0.0,0.7932727336883545,0.0,0.0,0.0,1.0,negative,24.68177806
24.68177806,0.0,0.0,0.0,0.0,0.0,0.0,positive,24.80102667
24.80102667,0.0,0.0,0.0,0.0,0.0,1.0,negative,24.59306396
24.59306396,0.0,0.0,0.0,0.0,0.0,1.0,negative,24.26341571
24.26341571,0.0,0.0,0.0,0.0,1.0,0.0,positive,24.3086307128
24.3086307128,0.0,0.0,0.0,0.0,0.0,0.0,negative,24.07707345
24.07707345,0.0,0.0,0.0,0.0,0.0,0.0,negative,23.93338927
23.93338927,0.0,0.0,0.0,0.0,0.0,0.0,negative,23.67920567
23.67920567,0.0,0.0,0.0,0.0,0.0,0.0,negative,23.37181409
23.37181409,0.0,0.0,0.0,0.0,1.0,0.0,negative,22.1171304551
22.1171304551,0.0,0.9491252899169922,0.0,0.0,1.0,1.0,positive,22.87969605
22.87969605,0.0,0.7360311150550842,0.0,0.0,0.0,2.0,positive,23.24246907
23.24246907,0.0,0.0,0.0,0.0,0.0,0.0,negative,22.89801123
22.89801123,0.0,0.7891035676002502,0.0,0.0,0.0,2.0,negative,22.86307711
22.86307711,0.0,0.0,0.0,0.0,0.0,0.0,negative,22.81789564
22.81789564,0.0,0.0,0.0,0.0,0.0,1.0,positive,23.13702794
23.13702794,0.0,0.0,0.0,0.0,0.0,0.0,positive,23.46638847
23.46638847,0.0,1.597729206085205,0.0,0.0,0.0,2.0,negative,22.95950597
22.95950597,0.0,0.0,0.0,0.0,0.0,0.0,negative,22.85981282
22.85981282,0.0,0.0,0.0,0.0,0.0,0.0,negative,22.83822142
22.83822142,0.0,0.0,0.0,0.0,0.0,0.0,negative,22.46235312
22.46235312,0.0,0.0,0.0,0.0,1.0,0.0,negative,22.24913195
22.24913195,0.0,0.0,0.0,0.0,0.0,0.0,positive,22.63568389
22.63568389,0.0,0.0,0.0,0.0,0.0,0.0,positive,22.7933508483
22.7933508483,0.7327601313591003,0.0,0.0,0.0,2.0,0.0,negative,22.65328438
22.65328438,0.0,0.0,0.0,0.0,0.0,0.0,positive,22.84354519
22.84354519,0.0,0.0,0.0,0.0,0.0,0.0,negative,22.81057176
22.81057176,0.0,0.0,0.0,0.0,0.0,1.0,negative,22.30265151
22.30265151,0.0,0.0,0.0,0.0,0.0,0.0,negative,22.1668992837
22.1668992837,0.0,0.0,0.0,0.0,0.0,0.0,negative,22.15149897
22.15149897,0.0,0.0,0.0,0.0,0.0,0.0,negative,21.84997068
21.84997068,0.0,0.7162151336669922,0.0,0.0,0.0,2.0,positive,22.31610386
22.31610386,0.0,0.0,0.0,0.0,0.0,0.0,positive,22.54057959
22.54057959,0.0,0.7148801684379578,0.0,0.0,0.0,1.0,positive,23.2180940115
23.2180940115,0.0,2.2182003259658813,0.0,0.0,0.0,3.0,negative,23.00599366
23.00599366,0.7183497548103333,0.0,0.0,0.0,2.0,0.0,negative,22.97647806
22.97647806,0.7677316069602966,0.0,0.0,0.7110291123390198,2.0,5.0,positive,23.05646901
23.05646901,0.8113779425621033,0.0,0.0,0.0,2.0,0.0,positive,23.1425550094
23.1425550094,0.0,0.0,0.0,0.0,0.0,0.0,negative,23.01587061
23.01587061,0.0,0.0,0.0,0.0,0.0,0.0,positive,23.20438029
23.20438029,0.0,0.0,0.0,0.0,0.0,2.0,positive,23.55137912
23.55137912,0.0,0.0,0.0,0.0,0.0,0.0,negative,23.20058203
23.20058203,0.0,0.0,0.0,0.0,0.0,0.0,positive,23.36932148
23.36932148,0.0,0.0,0.0,0.0,0.0,0.0,positive,23.58302436
23.58302436,0.0,0.0,0.0,0.0,0.0,0.0,negative,23.5685206
23.5685206,0.0,0.0,0.0,0.0,0.0,0.0,positive,23.9862943402
23.9862943402,0.0,0.0,0.0,0.0,0.0,1.0,negative,23.7581505837
23.7581505837,0.0,0.0,0.0,0.0,0.0,0.0,negative,23.43793906
23.43793906,0.0,0.0,0.0,0.0,1.0,0.0,positive,23.74746909
23.74746909,0.0,0.0,0.0,0.0,0.0,0.0,negative,23.53664609
23.53664609,0.0,0.0,0.0,0.0,0.0,0.0,negative,23.30399327
23.30399327,0.0,0.0,0.0,0.0,0.0,0.0,positive,23.36315835
23.36315835,0.0,0.0,0.0,0.0,0.0,1.0,positive,23.43446572
23.43446572,0.0,0.0,0.0,0.0,0.0,0.0,negative,23.13358957
23.13358957,0.0,0.0,0.0,0.0,1.0,0.0,negative,23.02897583
23.02897583,0.0,0.0,0.0,0.0,0.0,0.0,positive,23.20748597
23.20748597,0.7947619557380676,0.858635663986206,0.0,0.0,5.0,4.0,positive,23.49671558
23.49671558,0.0,0.0,0.0,0.0,0.0,1.0,positive,23.80938537
23.80938537,1.5115322470664978,0.0,0.0,0.0,3.0,0.0,negative,23.7768870679
23.7768870679,0.8920063376426697,0.0,0.751603901386261,0.0,5.0,0.0,positive,23.83565513
23.83565513,0.0,0.9718912839889526,0.0,0.0,3.0,2.0,positive,24.00386252
24.00386252,0.7392704486846924,0.7825559973716736,0.0,0.0,5.0,1.0,positive,24.12517777
24.12517777,0.0,0.7854421138763428,0.0,0.0,0.0,1.0,negative,23.93484588
23.93484588,0.0,0.0,0.0,0.0,3.0,0.0,positive,23.97297266
23.97297266,0.0,0.0,0.0,0.0,1.0,0.0,positive,24.05817845
24.05817845,0.0,0.0,0.0,0.0,1.0,0.0,negative,23.86698176
23.86698176,0.0,0.0,0.0,0.0,2.0,0.0,positive,23.94601437
23.94601437,1.7610138058662417,0.0,0.0,0.0,3.0,0.0,positive,24.2042723009
24.2042723009,0.0,0.0,0.0,0.0,0.0,0.0,negative,24.16026977
24.16026977,0.0,0.7399718165397644,0.0,0.7015730142593384,0.0,3.0,negative,23.96370946
23.96370946,0.0,0.0,0.0,0.0,0.0,0.0,positive,24.1789954
24.1789954,0.0,0.0,0.0,0.0,0.0,0.0,negative,23.91125261
23.91125261,0.0,0.0,0.0,0.0,0.0,0.0,negative,23.83404782
23.83404782,0.0,0.8501216769218445,0.0,0.0,0.0,1.0,positive,24.02197519
24.02197519,0.0,0.0,0.0,0.0,1.0,0.0,negative,23.939082208
23.939082208,0.0,0.8509015440940857,0.0,0.748558521270752,0.0,2.0,positive,24.00769587
24.00769587,0.0,0.0,0.0,0.0,0.0,0.0,positive,24.0455073772
24.0455073772,0.0,0.0,0.0,0.0,0.0,0.0,positive,24.09944789
24.09944789,0.0,0.0,0.0,0.0,0.0,0.0,negative,23.9349301
23.9349301,0.0,0.8165457248687744,0.0,0.0,0.0,2.0,positive,23.94222053
23.94222053,0.0,0.0,0.0,0.0,0.0,0.0,negative,23.91064332
23.91064332,0.0,0.783768892288208,0.0,0.0,0.0,1.0,positive,23.95931827
23.95931827,0.0,0.7433133125305176,0.0,0.0,1.0,1.0,negative,23.92412788
23.92412788,0.0,0.0,0.0,0.0,0.0,2.0,positive,23.9858646
23.9858646,0.0,0.0,0.0,0.0,2.0,0.0,positive,24.00480455
24.00480455,0.0,0.0,0.0,0.0,0.0,0.0,negative,23.62675413
23.62675413,1.5279598832130432,0.0,0.0,0.0,4.0,1.0,negative,22.7474155
22.7474155,0.0,0.0,0.0,0.0,0.0,0.0,negative,22.57070023
22.57070023,0.0,0.8033224940299988,0.0,0.0,0.0,2.0,negative,22.33351088
22.33351088,0.0,0.0,0.0,0.0,2.0,0.0,positive,22.42469115
22.42469115,0.0,0.0,0.0,0.0,0.0,0.0,negative,22.32453322
22.32453322,0.0,0.0,0.0,0.0,0.0,0.0,negative,22.14345308
22.14345308,0.0,0.0,0.0,0.0,0.0,0.0,positive,22.26566089
22.26566089,0.0,0.0,0.0,0.0,0.0,0.0,negative,22.2510664949
22.2510664949,0.0,0.0,0.0,0.0,0.0,0.0,negative,22.05316577
22.05316577,0.0,0.0,0.0,0.0,0.0,0.0,positive,22.24707139
22.24707139,0.0,1.800464153289795,0.0,0.0,0.0,2.0,negative,22.2326053271
22.2326053271,0.0,0.0,0.0,0.0,0.0,0.0,negative,22.07072564
22.07072564,0.0,0.0,0.0,0.9092997908592224,0.0,1.0,positive,22.10395576
22.10395576,0.9099825620651244,0.0,0.0,0.0,1.0,0.0,positive,22.1445095044
22.1445095044,0.7228868007659912,0.0,0.7788590788841248,0.0,2.0,0.0,negative,22.0504582
22.0504582,0.0,0.7638315558433533,0.0,0.0,0.0,1.0,negative,21.54300635
21.54300635,0.0,0.0,0.0,0.0,1.0,0.0,positive,21.7411275
21.7411275,0.893431544303894,0.0,0.0,0.0,1.0,1.0,positive,21.89989159
21.89989159,0.0,0.0,0.0,0.0,0.0,0.0,negative,21.7153113
21.7153113,0.0,0.0,0.0,0.0,0.0,0.0,negative,21.6741351
21.6741351,0.0,0.8723666667938232,0.0,0.0,0.0,1.0,positive,21.84997039
21.84997039,0.0,0.764469563961029,0.0,0.0,0.0,1.0,negative,21.78680047
21.78680047,0.0,0.8292887210845947,0.0,0.0,0.0,1.0,positive,21.87007903
21.87007903,0.0,0.7948610782623291,0.0,0.0,0.0,1.0,positive,21.92174742
21.92174742,0.0,0.0,0.0,0.0,1.0,0.0,positive,22.0170215722
22.0170215722,0.0,0.0,0.0,0.9269437193870544,0.0,1.0,positive,22.1943617712
22.1943617712,0.0,0.0,0.0,0.0,0.0,0.0,positive,22.22914705
22.22914705,0.0,0.0,0.0,0.0,0.0,0.0,positive,22.23359468
22.23359468,0.0,0.0,0.0,0.0,0.0,0.0,positive,22.30300192
22.30300192,0.0,0.0,0.0,0.0,0.0,0.0,positive,22.53508971
22.53508971,0.0,0.0,0.0,0.0,0.0,0.0,positive,22.67456744
22.67456744,0.0,0.0,0.0,0.0,0.0,0.0,negative,22.2760562
22.2760562,0.0,0.0,0.0,0.0,0.0,0.0,positive,22.36211173
22.36211173,0.0,0.0,0.0,0.0,0.0,0.0,negative,22.3376136
22.3376136,0.0,0.0,0.0,0.0,0.0,0.0,negative,22.17110664
22.17110664,0.0,0.0,0.0,0.0,0.0,0.0,negative,22.040449818
22.040449818,0.0,0.0,0.0,0.0,0.0,0.0,positive,22.21885861
22.21885861,0.0,0.0,0.0,0.0,0.0,0.0,positive,22.3317167448
22.3317167448,0.0,0.0,0.0,0.0,0.0,0.0,negative,22.15993759
22.15993759,0.0,0.0,0.0,0.0,0.0,0.0,positive,22.3656085
22.3656085,0.0,4.1906391978263855,0.0,0.0,0.0,10.0,negative,22.29676782
22.29676782,0.0,1.7711749076843262,0.0,0.0,0.0,6.0,negative,22.26108689
22.26108689,0.0,0.7786484360694885,0.8105246424674988,0.914269208908081,1.0,5.0,negative,22.2330205773
22.2330205773,0.0,0.0,0.0,0.0,0.0,1.0,positive,22.33483264
22.33483264,0.0,0.0,0.0,0.0,0.0,1.0,negative,22.16784111
22.16784111,0.0,2.398205518722534,0.0,0.0,1.0,3.0,positive,22.30255936
22.30255936,0.0,0.7759574055671692,0.0,0.0,0.0,1.0,negative,22.15891214
22.15891214,0.0,0.0,0.7473375201225281,0.0,1.0,1.0,positive,22.17847096
22.17847096,0.0,0.0,0.0,0.0,5.0,0.0,negative,21.9295206534
21.9295206534,0.0,0.0,0.0,0.0,1.0,0.0,positive,21.9775688202
21.9775688202,0.0,0.0,0.0,0.0,0.0,1.0,positive,22.1927506322
22.1927506322,0.0,0.0,0.0,0.0,0.0,0.0,positive,22.1976658
22.1976658,0.0,0.0,0.0,0.0,0.0,0.0,negative,22.04894045
22.04894045,0.0,0.0,0.0,0.0,0.0,0.0,negative,22.02038579
22.02038579,0.0,0.0,0.0,0.0,0.0,1.0,positive,22.11219408
22.11219408,0.0,0.0,0.0,0.0,0.0,0.0,negative,21.97551273
21.97551273,0.0,0.0,0.0,0.0,0.0,0.0,negative,21.8186659
21.8186659,0.0,0.727016270160675,0.0,0.0,0.0,1.0,negative,21.8181544621
21.8181544621,0.0,0.0,0.0,0.0,0.0,0.0,negative,21.7913414
21.7913414,0.0,0.0,0.0,0.0,0.0,1.0,positive,21.8167304
21.8167304,0.0,0.0,0.0,0.0,0.0,0.0,negative,21.73336129
21.73336129,0.0,0.8260581493377686,0.0,0.0,0.0,1.0,positive,22.13990403
22.13990403,0.0,0.0,0.0,0.0,0.0,0.0,negative,21.96931705
21.96931705,0.0,0.8680538535118103,0.0,0.0,0.0,2.0,positive,22.12411159
22.12411159,0.0,0.7111239433288574,0.0,0.0,0.0,1.0,positive,22.18147196
22.18147196,0.0,0.0,0.0,0.0,0.0,0.0,negative,22.1811755085
22.1811755085,0.0,0.0,0.0,0.0,0.0,1.0,negative,22.02946018
22.02946018,0.0,0.0,0.0,0.0,1.0,4.0,negative,21.9183144
21.9183144,0.0,0.0,0.0,0.0,0.0,0.0,positive,21.9308893
21.9308893,0.0,1.437280297279358,0.0,0.0,0.0,3.0,positive,21.97646743
21.97646743,0.0,0.0,0.0,0.0,0.0,1.0,negative,21.9197064
21.9197064,0.0,0.0,0.0,0.0,0.0,2.0,positive,22.07704224
22.07704224,0.0,0.91051185131073,0.0,0.0,0.0,2.0,negative,22.03822387
22.03822387,0.0,0.0,0.0,0.0,0.0,0.0,positive,22.07704124
22.07704124,0.0,0.0,0.0,0.0,0.0,0.0,negative,21.96848234
21.96848234,0.0,0.0,0.0,0.0,0.0,0.0,positive,22.03641644
22.03641644,0.0,0.7896850109100342,0.0,0.0,0.0,1.0,positive,22.10700344
22.10700344,0.0,0.0,0.0,0.0,0.0,1.0,positive,22.20177676
22.20177676,0.0,0.0,0.0,0.0,0.0,0.0,positive,22.47792621
22.47792621,0.0,0.0,0.0,0.0,1.0,0.0,negative,22.364256084
22.364256084,0.0,0.0,0.0,0.0,0.0,1.0,positive,22.55617715
22.55617715,0.0,0.0,0.0,0.0,0.0,0.0,positive,22.73395269
22.73395269,0.0,0.7111239433288574,0.0,0.0,0.0,1.0,negative,22.73168461
22.73168461,0.0,0.0,0.0,0.0,0.0,1.0,negative,22.57499732
22.57499732,0.0,0.0,0.0,0.0,0.0,0.0,positive,22.60618854
22.60618854,0.7378720641136169,2.2864916920661926,0.0,0.0,1.0,3.0,positive,22.79039445
22.79039445,0.0,0.0,0.0,0.0,0.0,0.0,negative,22.77062105
22.77062105,0.0,0.0,0.0,0.0,0.0,0.0,negative,22.63456517
22.63456517,0.0,0.0,0.0,0.0,0.0,0.0,positive,22.79239371
22.79239371,0.0,2.1352254152297974,0.0,0.0,0.0,4.0,positive,22.92003459
22.92003459,0.0,0.0,0.0,0.0,0.0,0.0,negative,22.72955631
22.72955631,0.0,0.0,0.0,0.0,0.0,0.0,positive,22.79709944
22.79709944,0.0,0.0,0.0,0.0,0.0,0.0,positive,22.80039022
22.80039022,0.0,1.5917685627937317,0.0,0.0,0.0,2.0,negative,22.76460132
22.76460132,0.0,0.0,0.0,0.0,0.0,2.0,positive,22.81067182
22.81067182,0.0,0.0,0.0,0.0,1.0,0.0,negative,22.73222398
22.73222398,0.0,0.0,0.0,0.0,1.0,0.0,negative,22.68648676
22.68648676,0.0,0.0,0.0,0.0,0.0,1.0,positive,22.8481050475
22.8481050475,0.0,0.0,0.0,0.0,0.0,0.0,negative,22.8249189017
22.8249189017,0.0,0.725824236869812,0.0,0.0,0.0,2.0,positive,23.08205031
23.08205031,0.0,0.0,0.0,0.0,0.0,0.0,positive,23.08603001
23.08603001,0.0,0.0,0.0,0.0,0.0,1.0,negative,22.65739889
22.65739889,0.0,3.275552272796631,0.0,0.0,0.0,7.0,positive,22.7052467
22.7052467,0.0,10.997006714344025,0.0,0.0,0.0,17.0,negative,22.66698521
22.66698521,0.0,8.564853250980377,0.0,0.0,0.0,11.0,negative,22.58321331
22.58321331,0.0,4.914687991142273,0.0,0.0,0.0,7.0,negative,22.50528728
22.50528728,0.0,5.267402708530426,0.0,0.0,0.0,8.0,negative,22.42415702
22.42415702,0.0,4.448795855045319,0.0,0.0,0.0,9.0,positive,22.56457423
22.56457423,0.0,6.459977507591248,0.0,0.0,0.0,11.0,negative,22.54807553
22.54807553,0.0,3.493957102298737,0.0,0.0,0.0,4.0,positive,22.6456863998
22.6456863998,0.0,4.006051599979401,0.0,0.0,0.0,7.0,positive,22.77796972
22.77796972,0.0,4.987803101539612,0.0,0.722373366355896,0.0,8.0,negative,22.7539093
22.7539093,0.0,2.641540467739105,0.0,0.0,0.0,5.0,negative,22.68900819
22.68900819,0.870958685874939,6.100406885147095,0.0,0.0,1.0,10.0,negative,22.61146248
22.61146248,0.0,2.4438140392303467,0.0,0.0,0.0,9.0,negative,22.40761404
22.40761404,0.0,1.675547420978546,0.0,0.0,0.0,8.0,positive,22.41737709
22.41737709,0.0,0.8391273021697998,0.0,0.0,0.0,3.0,negative,21.93448315
21.93448315,0.0,3.3766967058181763,0.0,0.0,1.0,4.0,negative,21.84832974
21.84832974,0.0,2.461760938167572,0.7289031147956848,0.7007348537445068,2.0,6.0,positive,21.87475869
21.87475869,0.0,0.0,0.0,0.0,0.0,0.0,negative,21.72484647
21.72484647,0.0,0.0,0.0,0.0,0.0,2.0,negative,21.72426461
21.72426461,0.0,1.589739978313446,0.0,0.0,1.0,2.0,positive,21.8721383
21.8721383,0.0,1.7840039134025574,0.0,0.0,0.0,2.0,positive,22.04412619
22.04412619,0.0,0.0,0.0,0.0,0.0,0.0,negative,21.8515556667
21.8515556667,0.0,1.7306548357009888,0.0,0.0,0.0,2.0,negative,21.75179664
21.75179664,0.0,1.6034079790115356,0.0,0.0,0.0,2.0,positive,21.85196256
21.85196256,0.0,0.9622277617454528,0.0,0.0,0.0,3.0,negative,21.79270335
21.79270335,0.0,0.712954044342041,0.0,0.0,0.0,2.0,negative,21.65560741
21.65560741,0.0,0.7111239433288574,0.0,0.0,0.0,2.0,negative,21.16535533
21.16535533,0.0,0.0,0.0,0.0,0.0,2.0,negative,21.14168904
21.14168904,0.0,0.0,0.0,0.0,0.0,0.0,negative,21.11646187
21.11646187,0.0,2.307908058166504,0.0,0.0,0.0,3.0,positive,21.25291249
21.25291249,0.0,0.0,0.0,0.0,0.0,0.0,negative,21.24225562
21.24225562,0.0,0.0,0.0,0.0,0.0,0.0,negative,21.19709879
21.19709879,0.0,0.0,0.0,0.0,0.0,0.0,positive,21.25718469
21.25718469,0.0,0.0,0.0,0.0,0.0,0.0,positive,21.3703576992
21.3703576992,0.0,12.388776004314424,0.0,0.8852041363716125,0.0,15.0,negative,21.28711917
21.28711917,0.0,43.56138390302658,0.0,0.0,0.0,49.0,negative,20.81199029
20.81199029,0.0,22.43727469444275,0.0,0.0,0.0,25.0,negative,20.6504617
20.6504617,0.0,6.455634117126465,0.0,0.0,0.0,7.0,negative,20.3483691011
20.3483691011,0.0,4.455789685249329,0.0,0.0,0.0,5.0,negative,20.34648827
20.34648827,0.0,11.432885885238647,0.0,0.0,0.0,13.0,positive,20.40540343
20.40540343,0.0,9.69981449842453,0.0,0.0,1.0,13.0,negative,20.24608291
20.24608291,0.0,7.4262383580207825,0.0,0.0,0.0,10.0,positive,20.27152997
20.27152997,0.0,1.673603117465973,0.0,0.0,0.0,4.0,positive,20.50241072
20.50241072,0.0,1.679096758365631,0.8825981616973877,0.0,1.0,2.0,positive,20.60584206
20.60584206,0.0,0.0,0.0,0.0,1.0,0.0,negative,20.34247012
20.34247012,0.0,0.0,0.0,0.0,0.0,1.0,negative,20.31637946
20.31637946,0.0,0.0,0.0,0.0,0.0,0.0,negative,19.68184455
19.68184455,0.0,7.547353863716125,0.0,0.0,0.0,10.0,negative,19.4500563
19.4500563,0.0,0.7874389886856079,0.0,0.0,0.0,2.0,positive,19.45856557
19.45856557,0.0,2.666907489299774,0.0,0.0,0.0,4.0,positive,19.7532061
19.7532061,0.0,0.9621879458427428,0.0,0.0,0.0,4.0,negative,19.68998754
19.68998754,0.0,0.0,0.0,0.0,0.0,0.0,negative,19.56948236
19.56948236,0.0,1.7083608508110046,0.0,0.0,0.0,3.0,negative,19.30817917
19.30817917,0.0,2.4160268902778625,0.0,0.0,0.0,4.0,negative,19.17259703
19.17259703,0.0,9.12956303358078,0.0,0.0,0.0,10.0,negative,18.9335500982
18.9335500982,0.0,0.7966437339782715,0.0,0.0,0.0,1.0,positive,19.30759717
19.30759717,0.0,1.806709051132202,0.0,0.0,0.0,2.0,negative,19.19089123
19.19089123,0.0,0.0,0.0,0.0,1.0,1.0,positive,19.54887524
19.54887524,0.0,0.9585466384887696,0.0,0.0,1.0,2.0,negative,19.1369944172
19.1369944172,0.0,0.7026478052139282,0.0,0.0,0.0,1.0,negative,18.89936802
18.89936802,0.0,0.0,0.0,0.0,0.0,2.0,negative,18.8264789064
18.8264789064,0.0,0.0,0.0,0.0,0.0,0.0,negative,18.30029656
18.30029656,0.0,1.4581952095031738,0.0,0.0,0.0,3.0,positive,18.36561781
18.36561781,0.0,0.9585466384887696,0.0,0.0,0.0,1.0,positive,18.7654975393
18.7654975393,0.0,0.7473284006118774,0.0,0.0,0.0,1.0,negative,18.71465584
18.71465584,0.0,0.0,0.0,0.0,0.0,1.0,negative,18.40034062
18.40034062,0.0,0.0,0.0,0.0,0.0,0.0,negative,18.32774431
18.32774431,0.0,0.0,0.0,0.0,1.0,0.0,positive,18.51897744
18.51897744,0.0,0.0,0.0,0.0,1.0,0.0,positive,18.79913235
18.79913235,0.0,0.7310821413993835,0.0,0.0,1.0,1.0,negative,18.05051208
18.05051208,0.0,0.7960032820701599,0.0,0.0,0.0,1.0,positive,18.3551381
18.3551381,0.0,0.0,0.0,0.7460975646972656,0.0,1.0,positive,18.36839722
18.36839722,0.0,0.7556798458099365,0.0,0.0,0.0,1.0,positive,18.45419685
18.45419685,0.0,0.8863142132759094,0.0,0.0,0.0,1.0,negative,18.39831652
18.39831652,0.0,0.0,0.0,0.0,0.0,0.0,positive,18.52748127
18.52748127,0.0,0.0,0.0,0.0,1.0,0.0,positive,18.5967624213
18.5967624213,0.0,0.8171153664588928,0.0,0.0,0.0,3.0,positive,18.62000535
18.62000535,0.0,0.0,0.0,0.0,0.0,0.0,positive,18.7543702517
18.7543702517,0.0,1.5196137428283691,0.0,0.0,0.0,3.0,positive,18.7725975809
18.7725975809,0.0,0.0,0.0,0.0,0.0,1.0,positive,18.86460114
18.86460114,0.0,1.537596046924591,0.0,0.0,1.0,2.0,positive,18.98395706
18.98395706,0.0,0.0,0.0,0.0,0.0,0.0,negative,18.97126862
18.97126862,0.0,1.535125553607941,0.0,0.0,0.0,2.0,positive,19.34524309
19.34524309,0.0,0.7527345418930054,0.0,0.0,0.0,1.0,negative,19.25153676
19.25153676,0.0,0.0,0.0,0.0,0.0,0.0,negative,19.09095492
19.09095492,0.0,2.4976935386657715,0.0,0.0,0.0,4.0,positive,19.50715869
19.50715869,0.0,4.084625661373138,0.0,0.0,0.0,6.0,positive,19.59430962
19.59430962,0.0,1.4970903992652893,0.0,0.0,0.0,3.0,negative,19.41868992
19.41868992,0.0,3.2092393040657043,0.0,0.0,0.0,5.0,negative,19.4136342905
19.4136342905,0.0,0.7994548082351685,0.0,0.0,0.0,2.0,positive,19.42328641
19.42328641,0.0,0.8557950854301453,0.0,0.0,0.0,1.0,negative,18.97689339
18.97689339,0.0,1.568821370601654,0.0,0.0,0.0,2.0,positive,19.04238565
19.04238565,0.0,0.0,0.0,0.0,0.0,0.0,positive,19.12256927
19.12256927,0.0,0.0,0.0,0.0,0.0,0.0,positive,19.5301639858
19.5301639858,0.0,0.0,0.0,0.0,0.0,0.0,positive,19.67118068
19.67118068,0.0,0.7427221536636353,0.0,0.0,1.0,2.0,negative,19.57582737
19.57582737,0.0,0.0,0.0,0.0,0.0,0.0,negative,19.3908549535
19.3908549535,0.0,0.0,0.0,0.0,0.0,1.0,negative,19.37438437
19.37438437,0.0,1.4718106985092163,0.0,0.0,0.0,2.0,negative,19.20346464
19.20346464,0.0,0.8487358093261719,0.0,0.0,0.0,1.0,negative,18.99198199
18.99198199,0.0,0.0,0.0,0.0,0.0,1.0,negative,18.81532473
18.81532473,0.0,0.7860633134841919,0.0,0.0,0.0,1.0,positive,18.92307177
18.92307177,0.0,0.8510056138038635,0.0,0.0,0.0,1.0,negative,18.3301607371
18.3301607371,0.0,0.8384671211242676,0.0,0.0,0.0,1.0,positive,18.39173921
18.39173921,0.0,0.0,0.0,0.0,0.0,0.0,negative,18.29566659
18.29566659,0.0,0.0,0.8797102570533752,0.0,1.0,0.0,positive,18.43407835
18.43407835,0.0,0.0,0.0,0.0,0.0,0.0,positive,18.71151161
18.71151161,0.0,0.0,0.0,0.0,0.0,0.0,negative,18.6477183
18.6477183,0.0,0.0,0.0,0.0,0.0,1.0,positive,18.72292219
18.72292219,0.0,0.9181179404258728,0.0,0.0,0.0,2.0,positive,18.82117564
18.82117564,0.0,0.0,0.0,0.0,0.0,0.0,negative,18.63122837
18.63122837,0.0,0.0,0.0,0.0,0.0,0.0,negative,18.62897234
18.62897234,0.0,0.8953756093978882,0.0,0.0,0.0,1.0,negative,18.55088909
18.55088909,0.0,0.0,0.0,0.0,0.0,0.0,positive,18.59699807
18.59699807,0.0,0.0,0.0,0.0,0.0,0.0,positive,18.77231925
18.77231925,0.0,0.0,0.0,0.0,0.0,0.0,positive,19.04059662
19.04059662,0.0,0.0,0.0,0.0,0.0,1.0,negative,18.8548385
18.8548385,0.0,0.0,0.0,0.0,0.0,0.0,positive,19.13150544
19.13150544,0.0,0.811942458152771,0.0,0.0,0.0,1.0,negative,18.88633972
18.88633972,0.0,0.8544260263442993,0.0,0.0,0.0,2.0,positive,19.10759525
19.10759525,0.0,0.0,0.0,0.0,0.0,0.0,negative,19.00836952
19.00836952,0.0,0.0,0.0,0.0,0.0,0.0,positive,19.11803221
19.11803221,0.0,0.0,0.0,0.0,0.0,0.0,positive,19.2504557
19.2504557,0.0,0.0,0.0,0.0,0.0,0.0,negative,19.07017385
19.07017385,0.0,0.0,0.0,0.0,0.0,0.0,positive,19.15443445
19.15443445,0.0,0.7898387908935547,0.0,0.0,0.0,1.0,negative,19.10341066
19.10341066,0.0,0.83263099193573,0.0,0.0,1.0,2.0,negative,19.00886636
19.00886636,0.0,0.0,0.0,0.0,0.0,0.0,negative,18.97237897
18.97237897,0.0,0.0,0.0,0.0,0.0,0.0,positive,20.12901505
20.12901505,0.0,0.8771697878837585,0.0,0.0,0.0,1.0,negative,19.80425179
19.80425179,0.0,0.0,0.0,0.0,0.0,0.0,negative,19.62740565
19.62740565,0.0,0.0,0.0,0.0,0.0,0.0,negative,19.508304074
19.508304074,0.0,0.8797644972801208,0.0,0.0,0.0,3.0,positive,19.67213444
19.67213444,0.0,6.682597219944,0.0,0.7801876068115234,0.0,11.0,negative,19.42188582
19.42188582,0.0,0.8247990608215332,0.0,0.0,0.0,2.0,positive,19.68819923
19.68819923,0.0,1.5429566502571106,0.0,0.0,0.0,2.0,negative,19.6068827
19.6068827,0.0,2.577000677585602,0.0,0.0,5.0,3.0,positive,19.75890813
19.75890813,0.0,0.0,0.0,0.0,2.0,0.0,negative,19.59897281
19.59897281,0.0,2.184995412826538,0.0,0.0,1.0,3.0,positive,19.7153348619
19.7153348619,0.0,0.0,0.0,0.0,0.0,0.0,negative,19.5642640162
19.5642640162,0.0,0.0,0.0,0.0,0.0,0.0,positive,19.58409138
19.58409138,0.0,0.0,0.0,0.0,1.0,0.0,negative,19.537106
19.537106,0.0,0.8773568868637085,0.9375240802764891,0.0,1.0,1.0,negative,19.43617126
19.43617126,0.0,0.0,0.0,0.0,0.0,0.0,positive,19.98087433
19.98087433,0.0,0.0,0.0,0.0,0.0,0.0,negative,19.57921768
19.57921768,0.0,1.725918531417847,0.0,0.0,0.0,3.0,negative,19.50313024
19.50313024,0.0,0.0,0.0,0.0,0.0,0.0,negative,19.43251923
19.43251923,0.0,0.0,0.0,0.0,1.0,0.0,negative,19.27181926
19.27181926,0.0,0.0,0.0,0.0,1.0,0.0,negative,19.15971352
19.15971352,0.0,0.7161486148834229,0.0,0.0,0.0,1.0,positive,19.29304587
19.29304587,0.0,0.0,0.0,0.0,0.0,1.0,negative,19.26692683
19.26692683,0.0,0.0,0.0,0.0,0.0,1.0,positive,19.5580165267
19.5580165267,0.0,0.0,0.0,0.0,0.0,0.0,positive,19.5707525087
19.5707525087,0.0,0.0,0.0,0.0,0.0,0.0,negative,19.4852535137
19.4852535137,0.0,0.9464987516403198,0.0,0.0,0.0,1.0,positive,19.53688643
19.53688643,0.0,0.0,0.0,0.0,0.0,0.0,negative,19.31080387
19.31080387,0.0,0.0,0.0,0.0,0.0,0.0,negative,19.23478494
19.23478494,0.0,0.0,0.0,0.0,1.0,0.0,negative,18.75004167
18.75004167,0.0,0.0,0.0,0.0,0.0,0.0,positive,18.77944293
18.77944293,0.0,0.0,0.0,0.0,0.0,0.0,negative,18.61936686
18.61936686,0.0,0.0,0.0,0.823574423789978,1.0,1.0,positive,18.93424269
18.93424269,0.0,0.0,0.0,0.0,0.0,0.0,negative,18.784158644
18.784158644,0.0,0.8143362402915955,0.0,0.0,0.0,2.0,negative,18.7590655614
18.7590655614,0.0,0.0,0.9208972454071044,0.0,1.0,0.0,positive,19.08637944
19.08637944,0.0,0.0,0.0,0.0,0.0,0.0,negative,18.96323236
18.96323236,0.0,0.0,0.0,0.0,1.0,0.0,positive,19.19979523
19.19979523,0.0,0.0,0.0,0.0,0.0,0.0,negative,19.08867932
19.08867932,0.0,0.0,0.0,0.0,0.0,0.0,positive,19.33685007
19.33685007,0.0,0.0,0.0,0.0,0.0,0.0,negative,19.1355922357
19.1355922357,0.0,0.0,0.0,0.0,0.0,0.0,positive,19.34736498
19.34736498,0.0,0.8033007979393005,0.0,0.0,0.0,1.0,positive,19.4089418764
19.4089418764,0.0,0.0,0.0,0.0,0.0,0.0,negative,19.3923905926
19.3923905926,0.0,0.0,0.0,0.0,0.0,0.0,negative,19.3389143424
19.3389143424,0.0,0.0,0.0,0.0,0.0,0.0,positive,19.42590612
19.42590612,0.0,0.8307426571846008,0.0,0.0,0.0,2.0,positive,19.47620465
19.47620465,0.0,0.0,0.0,0.0,1.0,0.0,positive,19.64369066
19.64369066,0.0,0.0,0.0,0.0,0.0,0.0,negative,19.60883033
19.60883033,0.0,0.0,0.0,0.0,0.0,0.0,negative,19.5366315999
19.5366315999,0.0,0.0,0.0,0.0,0.0,0.0,positive,19.67773821
19.67773821,0.0,0.0,0.0,0.0,0.0,0.0,positive,19.74006812
19.74006812,0.0,0.7556504607200623,0.0,0.7181270122528076,0.0,2.0,negative,19.57857035
19.57857035,0.0,2.5909557342529297,0.0,1.6594601273536682,0.0,9.0,positive,19.83862144
19.83862144,0.0,0.0,0.0,0.0,0.0,2.0,negative,19.7770726213
19.7770726213,0.0,1.6512330770492554,0.0,0.0,0.0,2.0,positive,19.899373
19.899373,0.0,0.0,0.0,0.0,1.0,2.0,negative,19.8955209
19.8955209,0.0,0.0,0.0,0.0,1.0,1.0,positive,20.01697779
20.01697779,0.0,0.0,0.0,0.0,0.0,0.0,positive,20.0204056183
20.0204056183,0.0,0.0,0.0,0.0,0.0,0.0,negative,19.85295189
19.85295189,0.0,0.0,0.0,0.0,0.0,0.0,negative,19.81406385
19.81406385,0.0,0.0,0.0,0.0,0.0,0.0,positive,19.83407895
19.83407895,0.0,0.0,0.0,0.0,0.0,0.0,negative,19.69200205
19.69200205,0.0,0.0,0.0,0.0,0.0,0.0,positive,19.80714383
19.80714383,0.0,0.7225536108016968,0.0,0.0,0.0,3.0,negative,19.78798784
19.78798784,0.0,0.0,0.0,0.0,0.0,0.0,positive,19.8216687224
19.8216687224,0.0,0.0,0.0,0.0,0.0,0.0,negative,19.78541582
19.78541582,0.0,0.0,0.0,0.0,0.0,0.0,negative,19.78224676
19.78224676,0.0,0.0,0.7964145541191101,0.0,1.0,0.0,negative,19.77263595
19.77263595,0.0,0.0,0.0,0.8275289535522461,0.0,1.0,negative,19.7086467
19.7086467,0.0,0.0,0.0,0.0,1.0,0.0,positive,19.744571
19.744571,0.0,0.9276006817817688,0.0,0.0,0.0,3.0,positive,19.97987352
19.97987352,0.0,0.0,0.8650940656661987,0.0,1.0,0.0,positive,20.17770018
20.17770018,0.0,0.8212983012199402,0.0,0.0,0.0,1.0,negative,20.04946677
20.04946677,0.0,0.0,0.0,0.0,0.0,0.0,negative,19.80936524
19.80936524,0.0,0.0,0.0,0.0,0.0,1.0,negative,19.62362839
19.62362839,0.0,0.0,0.0,0.0,1.0,0.0,positive,19.72699835
19.72699835,0.0,1.6598269939422607,0.0,0.0,0.0,2.0,negative,19.51280849
19.51280849,0.0,0.0,0.0,0.0,0.0,0.0,negative,19.37036761
19.37036761,0.0,0.9377579092979432,0.0,0.0,0.0,2.0,positive,19.37474452
19.37474452,0.0,0.9087695479393004,0.0,0.0,0.0,3.0,positive,19.54497504
19.54497504,0.0,0.7313234806060791,0.0,0.0,1.0,1.0,negative,19.47631305
19.47631305,0.0,0.0,0.0,0.0,0.0,0.0,positive,19.52728257
19.52728257,0.0,0.0,0.0,0.0,0.0,0.0,negative,19.50025509
19.50025509,0.0,0.0,0.0,0.0,0.0,0.0,positive,19.63718997
19.63718997,0.0,0.0,0.0,0.0,0.0,0.0,positive,19.75472635
19.75472635,0.0,0.0,0.0,0.0,0.0,1.0,positive,19.87460584
19.87460584,0.0,0.0,0.0,0.0,0.0,0.0,negative,19.83550395
19.83550395,0.0,0.0,0.0,0.0,0.0,0.0,positive,19.89766047
19.89766047,0.0,0.0,0.0,0.0,0.0,0.0,negative,19.89013681
19.89013681,0.0,0.0,0.0,0.0,1.0,0.0,positive,20.07759182
20.07759182,0.0,0.8581499457359314,0.0,0.0,0.0,1.0,positive,20.081223855
20.081223855,0.0,0.9067222476005554,0.0,0.0,0.0,1.0,negative,20.0802623268
20.0802623268,0.0,0.0,0.0,0.0,1.0,0.0,negative,20.0050311676
20.0050311676,0.0,0.7191001176834106,0.0,0.0,1.0,2.0,negative,19.8762155657
19.8762155657,0.0,0.0,0.0,0.8078539371490479,0.0,1.0,positive,19.8866661299
19.8866661299,0.0,0.0,0.0,0.0,0.0,0.0,positive,19.8904555
19.8904555,0.0,0.0,0.0,0.0,0.0,1.0,positive,20.01223789
20.01223789,0.0,0.0,0.0,0.0,1.0,0.0,negative,19.97684771
19.97684771,0.0,0.0,0.0,0.0,0.0,0.0,negative,19.8668618385
19.8668618385,0.0,0.7347105741500854,0.0,0.9189941883087158,0.0,2.0,negative,19.79916636
19.79916636,0.0,0.0,0.0,0.0,0.0,1.0,positive,19.80328289
19.80328289,0.0,0.0,0.0,0.0,0.0,0.0,negative,19.7895212
19.7895212,0.0,2.678414225578308,0.0,0.0,1.0,10.0,negative,19.70169418
19.70169418,0.0,2.189362108707428,0.0,0.0,0.0,9.0,positive,19.72002524
19.72002524,0.0,0.8993766903877258,0.0,0.0,0.0,7.0,negative,19.70778262
19.70778262,0.0,3.249568998813629,0.0,0.0,0.0,4.0,positive,19.81037435
19.81037435,0.0,0.7014343738555908,0.0,0.0,1.0,3.0,positive,19.87599873
19.87599873,0.0,0.0,0.0,0.0,0.0,2.0,positive,19.95918779
19.95918779,0.0,0.8493989706039429,0.0,0.0,0.0,2.0,positive,20.14125559
20.14125559,0.0,2.6889902353286743,0.0,0.0,0.0,4.0,positive,20.19483463
20.19483463,0.0,1.5358529090881348,1.4092544317245483,0.0,2.0,7.0,positive,20.44404243
20.44404243,0.0,1.7237666249275208,0.0,0.0,1.0,5.0,positive,20.5040203
20.5040203,0.0,2.427340269088745,0.0,0.0,0.0,6.0,positive,20.81182252
20.81182252,0.0,1.7817133069038391,0.0,0.0,0.0,7.0,positive,20.8276054281
20.8276054281,0.0,1.5714535117149353,0.0,0.0,0.0,2.0,negative,20.77297973
20.77297973,0.0,0.0,0.0,0.0,0.0,3.0,negative,20.76486417
20.76486417,0.0,0.9306640625,0.0,0.0,0.0,2.0,positive,20.7999424
20.7999424,0.0,0.0,0.0,0.0,0.0,1.0,positive,21.14707964
21.14707964,0.0,0.0,0.0,0.0,1.0,3.0,positive,21.29574408
21.29574408,0.0,0.7204681634902954,0.0,0.0,0.0,7.0,positive,21.33907227
21.33907227,0.0,5.067156970500946,0.0,0.0,0.0,7.0,negative,21.30121278
21.30121278,0.0,3.2967449426651,0.0,0.0,0.0,9.0,negative,21.1776577557
21.1776577557,0.0,0.0,0.0,0.0,0.0,9.0,negative,20.98323445
20.98323445,0.0,0.0,0.0,0.0,0.0,1.0,positive,21.13830892
21.13830892,0.0,1.6725828647613523,0.0,0.0,0.0,3.0,positive,21.28773068
21.28773068,0.0,0.7040694355964661,0.0,0.0,0.0,3.0,positive,21.30032624
21.30032624,0.0,0.9423499703407288,0.0,0.0,0.0,3.0,negative,21.12795052
21.12795052,0.0,1.5397834777832031,0.0,0.0,0.0,2.0,positive,21.1596214647
21.1596214647,0.0,0.9745858907699584,0.0,0.0,0.0,4.0,negative,20.91972085
20.91972085,0.0,0.8449430465698242,0.0,0.0,0.0,2.0,negative,20.89285599
20.89285599,0.0,0.0,0.0,0.0,0.0,1.0,positive,20.9172735051
20.9172735051,0.0,0.0,0.0,0.0,0.0,1.0,negative,20.80203146
20.80203146,0.0,0.0,0.0,0.0,1.0,0.0,positive,20.85952582
20.85952582,0.0,0.0,0.0,0.0,0.0,0.0,negative,20.85521245
20.85521245,0.0,0.0,0.0,0.0,0.0,0.0,positive,21.20761266
21.20761266,0.0,0.0,0.0,0.0,0.0,0.0,negative,21.07816226
21.07816226,0.0,0.0,0.0,0.0,0.0,1.0,positive,21.14238916
21.14238916,0.0,1.5233923196792605,0.0,0.0,0.0,3.0,positive,21.27781713
21.27781713,0.0,0.0,0.8533393740653992,0.0,1.0,1.0,negative,21.22027475
21.22027475,0.0,0.0,0.0,0.0,0.0,0.0,positive,21.26707395
21.26707395,0.0,0.0,0.0,0.0,1.0,0.0,negative,21.24360701
21.24360701,0.0,0.0,0.0,0.0,0.0,1.0,positive,21.25406654
21.25406654,0.0,1.4719136953353882,0.0,0.0,0.0,3.0,positive,21.67257332
21.67257332,0.0,0.0,0.0,0.0,0.0,0.0,negative,21.61964811
21.61964811,0.0,0.0,0.9589993357658386,0.0,1.0,0.0,negative,21.43637245
21.43637245,0.0,0.0,0.0,0.0,0.0,1.0,negative,21.2817678
21.2817678,0.0,0.0,0.0,0.0,0.0,0.0,positive,21.2915322524
21.2915322524,0.0,0.0,0.0,0.0,0.0,0.0,negative,21.08245116
21.08245116,0.0,0.0,0.0,0.0,1.0,0.0,negative,21.0745895464
21.0745895464,0.0,0.0,0.0,0.0,0.0,7.0,positive,21.230678
21.230678,0.0,0.0,0.0,0.0,0.0,8.0,negative,21.15720543
21.15720543,0.0,0.0,0.0,0.0,0.0,5.0,positive,21.18965888
21.18965888,0.0,0.0,0.0,0.0,1.0,5.0,positive,21.2131631586
21.2131631586,0.0,0.0,0.0,0.0,0.0,14.0,positive,21.2139835
21.2139835,0.0,0.0,0.0,0.0,0.0,8.0,positive,21.2840942674
21.2840942674,0.0,0.8329094648361206,0.0,0.0,0.0,6.0,positive,21.28838939
21.28838939,0.0,0.0,0.0,0.0,0.0,2.0,negative,21.2394319397
21.2394319397,0.0,0.0,0.0,0.0,0.0,5.0,negative,21.06350761
21.06350761,0.0,0.7587307095527649,0.0,0.0,0.0,10.0,positive,21.09134015
21.09134015,0.7395973205566406,0.0,0.0,0.0,1.0,1.0,negative,21.06670078
21.06670078,0.0,0.7843399047851562,0.0,0.0,0.0,3.0,negative,21.02436657
21.02436657,0.0,0.0,0.0,0.0,0.0,5.0,negative,21.00972061
21.00972061,0.0,0.7606125473976135,0.0,0.0,0.0,19.0,negative,21.0074346112
21.0074346112,0.0,0.7022823691368103,0.0,0.0,0.0,9.0,positive,21.02843773
21.02843773,0.0,0.0,0.0,0.0,0.0,6.0,positive,21.1401511792
21.1401511792,0.0,0.0,0.0,0.0,0.0,1.0,positive,21.15317438
21.15317438,0.0,0.7213326692581177,0.0,0.0,0.0,1.0,negative,21.0876896346
21.0876896346,0.0,0.0,0.0,0.0,0.0,2.0,positive,21.14122803
21.14122803,0.0,0.0,0.0,0.0,0.0,0.0,negative,21.09779881
21.09779881,0.0,0.0,0.0,0.0,0.0,0.0,negative,20.99734461
20.99734461,0.0,0.0,0.0,0.0,0.0,0.0,positive,21.052600034
21.052600034,0.0,0.0,0.0,0.0,0.0,1.0,negative,21.00248774
21.00248774,0.0,0.0,0.0,0.0,1.0,0.0,negative,20.74399278
20.74399278,0.0,0.0,0.0,0.0,0.0,1.0,negative,20.18748219
20.18748219,0.0,0.0,0.0,0.0,0.0,1.0,negative,20.11328063
20.11328063,0.0,0.9438416957855223,0.0,0.0,0.0,2.0,negative,20.04198436
20.04198436,0.0,0.0,0.0,0.0,0.0,0.0,positive,20.06645364
20.06645364,0.0,0.0,0.0,0.0,0.0,1.0,positive,20.1643283327
20.1643283327,0.0,0.7210705876350403,0.0,0.0,0.0,1.0,negative,20.13056962
20.13056962,0.0,0.0,0.0,0.0,1.0,0.0,positive,20.17956838
20.17956838,0.0,0.0,0.0,0.0,1.0,0.0,negative,19.95416939
19.95416939,0.0,0.0,0.0,0.0,0.0,0.0,negative,19.75583662
19.75583662,0.0,0.0,0.0,0.0,0.0,2.0,negative,19.5380389459
19.5380389459,0.0,0.0,0.0,0.0,0.0,0.0,negative,19.32142307
19.32142307,0.0,0.0,0.0,0.0,0.0,2.0,positive,19.57453641
19.57453641,0.0,0.0,0.0,0.0,0.0,1.0,positive,19.59299141
19.59299141,0.0,0.0,0.0,0.0,2.0,1.0,negative,19.45705977
19.45705977,0.0,0.8213264346122742,0.0,0.0,0.0,2.0,negative,19.4431434907
19.4431434907,0.0,0.0,0.0,0.0,1.0,0.0,negative,19.41648892
19.41648892,0.0,0.7685229182243347,0.0,0.0,0.0,1.0,positive,19.4429072545
19.4429072545,0.0,0.0,0.0,0.0,0.0,0.0,negative,19.326819
19.326819,0.0,0.0,0.0,0.0,0.0,0.0,negative,19.294642504
19.294642504,0.0,0.0,0.0,0.0,0.0,0.0,negative,18.96685029
18.96685029,0.0,0.0,0.0,0.0,0.0,0.0,negative,18.8822082
18.8822082,0.0,0.0,0.0,0.0,1.0,1.0,negative,18.73686954
18.73686954,0.0,0.8005807399749756,0.0,0.0,0.0,1.0,negative,18.5013119167
18.5013119167,0.0,0.0,0.0,0.0,0.0,0.0,negative,18.25949757
18.25949757,0.0,0.0,0.0,0.0,0.0,0.0,negative,18.08342849
18.08342849,0.0,0.0,0.0,0.0,0.0,1.0,positive,18.10555444
18.10555444,0.0,0.0,0.0,0.0,0.0,0.0,positive,18.1271650181
18.1271650181,0.0,0.0,0.0,0.0,0.0,0.0,negative,17.9640561
17.9640561,0.0,0.0,0.0,0.0,0.0,0.0,negative,17.87250123
17.87250123,0.0,0.0,0.0,0.0,0.0,0.0,negative,17.68791911
17.68791911,0.0,0.8117868304252625,0.0,0.0,0.0,1.0,negative,16.97406534
16.97406534,0.0,0.0,0.0,0.968711793422699,0.0,2.0,positive,17.26454032
17.26454032,0.0,0.0,0.0,0.0,0.0,0.0,positive,17.40621154
17.40621154,0.0,0.0,0.0,0.0,1.0,0.0,negative,16.9545229
16.9545229,0.0,0.0,0.0,0.0,0.0,0.0,negative,16.91282574
16.91282574,0.0,0.0,0.0,0.0,0.0,2.0,negative,16.72685715
16.72685715,0.911305606365204,0.0,0.0,0.0,1.0,0.0,positive,16.93140335
16.93140335,0.0,0.0,0.0,0.0,0.0,0.0,positive,17.16317815
17.16317815,0.0,0.814042329788208,0.0,0.0,0.0,2.0,positive,17.26272407
17.26272407,0.0,0.0,0.0,0.0,0.0,1.0,positive,17.30054683
17.30054683,0.0,0.0,0.0,0.0,0.0,0.0,negative,17.03707275
17.03707275,0.0,0.0,0.0,0.0,0.0,1.0,negative,17.02214475
17.02214475,0.0,0.0,0.0,0.0,0.0,2.0,negative,16.73402115
16.73402115,0.0,4.270731568336487,0.0,0.0,0.0,6.0,positive,17.01894748
17.01894748,0.0,4.284367918968201,0.0,0.0,0.0,6.0,negative,16.41549059
16.41549059,0.0,0.0,0.0,0.0,0.0,0.0,negative,16.27567547
16.27567547,0.0,0.0,0.0,0.0,1.0,0.0,negative,15.8975209604
15.8975209604,0.0,0.0,0.0,0.0,1.0,0.0,positive,16.33566175
16.33566175,0.0,0.0,0.0,0.0,0.0,0.0,negative,15.97047509
15.97047509,0.0,0.0,0.0,0.0,0.0,0.0,positive,15.97237903
15.97237903,0.0,0.7364569902420044,0.0,0.0,0.0,1.0,positive,16.35865172
16.35865172,0.0,0.0,0.0,0.0,0.0,0.0,positive,16.43427509
16.43427509,0.0,0.0,0.0,0.0,0.0,0.0,negative,16.3676612853
16.3676612853,0.0,0.0,0.0,0.0,0.0,0.0,positive,16.48828607
16.48828607,0.0,0.8853779435157776,0.0,0.0,0.0,3.0,positive,16.57074383
16.57074383,0.0,0.0,0.0,0.0,0.0,0.0,positive,16.84950452
16.84950452,0.0,0.0,0.8506713509559631,0.0,1.0,0.0,negative,16.646511
16.646511,0.0,0.0,0.0,0.0,1.0,1.0,negative,16.64443912
16.64443912,0.0,0.0,0.0,0.0,0.0,1.0,negative,16.57982673
16.57982673,0.0,0.0,0.0,0.0,0.0,0.0,positive,16.78227705
16.78227705,0.0,0.0,0.0,0.0,0.0,0.0,positive,16.86499105
16.86499105,0.0,2.444583475589752,0.0,0.0,0.0,5.0,negative,16.7166237586
16.7166237586,0.0,0.0,0.0,0.0,0.0,0.0,negative,16.64309599
16.64309599,0.0,0.0,0.0,0.0,0.0,0.0,positive,16.70222009
16.70222009,0.0,0.0,0.0,0.0,0.0,0.0,negative,16.62644727
16.62644727,0.0,0.0,0.0,0.0,0.0,0.0,positive,17.07656822
17.07656822,0.0,0.828985869884491,0.0,0.0,0.0,2.0,negative,17.05552885
17.05552885,0.0,0.0,0.0,0.0,0.0,0.0,positive,17.32354887
17.32354887,0.0,0.0,0.0,0.0,0.0,2.0,negative,17.22486187
17.22486187,0.7720978856086731,0.8167041540145874,0.0,0.0,1.0,1.0,negative,17.19278082
17.19278082,0.0,1.637154757976532,0.0,0.0,0.0,2.0,negative,16.58212488
16.58212488,0.0,0.0,0.0,0.0,0.0,0.0,positive,16.67788838
16.67788838,0.0,0.8510647416114807,0.0,0.0,0.0,2.0,negative,16.63751358
16.63751358,0.0,0.0,0.0,0.0,0.0,0.0,positive,16.74733614
16.74733614,0.0,0.8701890110969543,0.0,0.0,0.0,1.0,positive,16.915767549999998
16.915767549999998,0.0,0.0,0.0,0.0,0.0,5.0,positive,17.0024569879
17.0024569879,0.0,0.0,0.0,0.0,0.0,0.0,positive,17.01210936
17.01210936,0.0,0.0,0.0,0.0,0.0,0.0,positive,17.07437352
17.07437352,0.0,0.0,0.0,0.7156173586845398,0.0,1.0,negative,16.87565474
16.87565474,0.0,0.7264004349708557,0.0,0.0,0.0,1.0,positive,17.0449105
17.0449105,0.0,0.0,0.0,0.0,0.0,0.0,positive,17.06754639
17.06754639,0.0,0.0,0.0,0.0,0.0,0.0,negative,16.97138359
16.97138359,0.0,0.0,0.0,0.0,0.0,0.0,negative,16.917923411
16.917923411,0.0,0.0,0.0,0.0,0.0,0.0,positive,16.9197921
16.9197921,0.0,0.0,0.0,0.0,0.0,0.0,negative,16.69053617
16.69053617,0.0,0.0,0.0,0.0,0.0,1.0,negative,16.68563726
16.68563726,0.0,0.0,0.0,0.0,0.0,1.0,positive,16.70728989
16.70728989,0.0,0.0,0.0,0.0,0.0,0.0,negative,16.64772065
16.64772065,0.0,0.0,0.0,0.0,0.0,0.0,negative,16.50372623
16.50372623,0.0,0.0,0.0,0.0,0.0,1.0,negative,16.41472393
16.41472393,0.0,0.0,0.0,0.0,0.0,0.0,positive,16.48976334
16.48976334,0.0,0.8797347545623779,0.0,0.0,0.0,1.0,negative,16.45543846
16.45543846,0.0,0.0,0.0,0.0,0.0,0.0,positive,16.51109957
16.51109957,0.0,0.839809775352478,0.0,0.0,0.0,3.0,negative,16.42298825
16.42298825,0.0,0.0,0.0,0.0,0.0,0.0,negative,16.17827872
16.17827872,0.0,0.0,0.0,0.0,0.0,2.0,positive,16.22701173
16.22701173,0.0,0.0,0.0,0.0,0.0,0.0,negative,15.80859332
15.80859332,0.0,0.0,0.0,0.0,0.0,1.0,positive,15.98908205
15.98908205,0.0,0.7207932472229004,0.0,0.0,0.0,1.0,positive,16.15118882
16.15118882,0.0,0.8272145986557007,0.0,0.0,0.0,1.0,positive,16.2804403
16.2804403,0.0,0.0,0.0,0.0,0.0,0.0,negative,16.0889542
16.0889542,0.0,0.0,0.0,0.0,0.0,0.0,positive,16.38564288
16.38564288,0.0,0.0,0.0,0.0,0.0,0.0,positive,16.52483329
16.52483329,0.0,0.0,0.0,0.0,0.0,0.0,negative,16.37011307
16.37011307,0.0,1.55908465385437,0.0,0.0,0.0,2.0,negative,15.98004955
15.98004955,0.0,0.0,0.0,0.0,0.0,0.0,negative,15.70983392
15.70983392,0.0,0.0,0.0,0.0,0.0,0.0,negative,15.58012194
15.58012194,0.0,0.0,0.0,0.0,0.0,0.0,negative,15.51556396
15.51556396,0.0,0.0,0.0,0.0,0.0,0.0,negative,15.37758791
15.37758791,0.0,0.0,0.0,0.0,0.0,0.0,negative,14.96546056
14.96546056,0.0,0.0,0.7986774444580078,0.0,1.0,0.0,negative,14.83883837
14.83883837,0.0,0.0,0.0,0.0,0.0,1.0,negative,14.5806506224
14.5806506224,0.0,0.0,0.0,0.0,0.0,0.0,negative,14.41845906
14.41845906,0.7154391407966614,0.0,0.0,0.0,1.0,0.0,negative,12.30236788
12.30236788,0.0,0.0,0.0,0.0,0.0,0.0,negative,11.24487652
11.24487652,0.0,0.0,0.0,0.0,0.0,0.0,positive,11.9412623029
11.9412623029,0.0,0.896679699420929,0.0,0.0,0.0,1.0,negative,11.4626183153
11.4626183153,0.0,0.0,0.0,0.8136149048805237,0.0,1.0,positive,12.00584176
12.00584176,0.0,0.0,0.0,0.0,0.0,0.0,positive,12.10786567
12.10786567,0.0,0.0,0.0,0.0,0.0,0.0,negative,11.88403907
11.88403907,0.0,0.0,0.0,0.0,0.0,0.0,positive,12.1306075
12.1306075,0.0,0.0,0.0,0.0,0.0,1.0,negative,11.89462729
11.89462729,0.0,0.0,0.0,0.0,0.0,1.0,positive,12.0198560028
12.0198560028,0.0,0.0,0.0,0.0,0.0,2.0,negative,11.3121244024
11.3121244024,0.0,0.0,0.0,0.8556462526321411,0.0,2.0,positive,11.4210040073
11.4210040073,0.0,0.0,0.0,0.0,0.0,0.0,negative,11.37461824
11.37461824,0.0,0.0,0.0,0.0,0.0,1.0,negative,9.52091990904
9.52091990904,0.0,0.0,0.0,0.0,1.0,0.0,positive,9.54973608
9.54973608,0.0,0.0,0.9134837985038756,0.7943310141563416,2.0,2.0,negative,8.39586373
8.39586373,0.0,0.0,0.0,0.7967710494995117,0.0,1.0,positive,8.89032888
8.89032888,0.7685519456863403,0.0,0.0,0.9495682716369628,2.0,1.0,negative,8.84828196
8.84828196,0.7061322927474976,0.0,0.0,0.0,1.0,1.0,negative,8.46394926
8.46394926,0.0,0.0,0.0,0.0,0.0,0.0,positive,9.17392141
9.17392141,0.0,0.0,0.0,0.0,0.0,1.0,positive,9.3340533
9.3340533,0.0,0.0,0.0,0.0,1.0,0.0,positive,10.14105889
10.14105889,0.0,1.6389201879501345,0.0,0.7863631844520569,0.0,3.0,positive,10.3079531
10.3079531,0.0,0.9534881711006165,0.0,0.0,0.0,1.0,positive,10.78870922
10.78870922,0.0,0.0,0.0,0.0,0.0,0.0,negative,10.48710175
10.48710175,0.0,0.0,0.0,0.0,0.0,0.0,negative,10.20627815
10.20627815,0.0,0.0,0.0,0.0,0.0,0.0,positive,10.64635742
10.64635742,0.0,0.0,0.0,0.0,0.0,0.0,positive,11.06277438
11.06277438,0.0,0.0,0.0,0.0,0.0,2.0,negative,10.62019304
10.62019304,0.0,1.6267633438110352,0.0,0.0,0.0,2.0,negative,9.69706469
9.69706469,0.0,0.0,0.0,0.0,0.0,1.0,positive,10.0741201
10.0741201,0.0,0.0,0.0,0.0,1.0,1.0,negative,9.9621432
9.9621432,0.0,0.0,0.0,0.0,1.0,0.0,negative,9.45017344397
9.45017344397,0.0,0.0,0.0,0.0,0.0,0.0,positive,10.2011412551
10.2011412551,0.0,0.7198531627655029,0.0,0.0,0.0,1.0,positive,10.40416863
10.40416863,0.0,0.0,0.0,0.0,0.0,0.0,positive,10.57427536
10.57427536,0.0,0.0,0.0,0.0,0.0,1.0,positive,10.85970016
10.85970016,0.0,0.0,0.0,0.0,1.0,0.0,negative,10.83305705
10.83305705,0.0,0.0,0.0,0.0,0.0,0.0,negative,10.82714716
10.82714716,0.0,0.0,0.0,0.0,0.0,0.0,positive,10.96420633
10.96420633,0.0,0.0,0.0,0.0,0.0,0.0,positive,11.03832898
11.03832898,0.0,0.0,0.0,0.0,0.0,0.0,positive,11.23324689
11.23324689,0.0,0.0,0.0,0.0,0.0,0.0,negative,11.04840536
11.04840536,0.0,0.0,0.0,0.0,0.0,0.0,negative,10.91838767
10.91838767,0.0,0.0,0.0,0.0,0.0,0.0,negative,10.90165904
10.90165904,0.0,0.7682666182518005,0.0,0.0,0.0,1.0,negative,10.82671027
10.82671027,0.0,0.7889826893806458,0.0,0.0,0.0,1.0,negative,10.71340275
10.71340275,0.0,0.903252124786377,0.0,0.0,0.0,1.0,negative,10.42453925
10.42453925,0.0,0.0,0.0,0.0,0.0,0.0,positive,10.70039541
10.70039541,0.0,1.677098274230957,0.0,0.0,0.0,2.0,positive,10.93685365
10.93685365,0.0,0.0,0.0,0.0,0.0,1.0,negative,10.81033201
10.81033201,0.0,0.0,0.0,0.0,0.0,0.0,negative,10.59813257
10.59813257,0.0,7.681225478649139,0.0,0.0,0.0,12.0,positive,10.63029137
10.63029137,0.0,8.472093403339386,0.0,0.0,0.0,19.0,negative,10.60168456
10.60168456,0.0,5.755926489830017,0.0,0.0,0.0,10.0,positive,10.68350645
10.68350645,0.0,6.384168922901154,0.0,2.47941255569458,0.0,12.0,positive,10.70588975
10.70588975,0.0,4.12037056684494,0.0,0.0,1.0,8.0,positive,10.78982373
10.78982373,0.8814692497253418,0.7597694993019104,0.0,0.0,1.0,1.0,negative,10.7589785576
10.7589785576,0.0,6.728072702884674,0.0,0.0,0.0,9.0,negative,10.5904155246
10.5904155246,0.0,1.5792195796966553,0.0,0.0,0.0,3.0,negative,10.5163927
10.5163927,0.0,1.6039106845855713,0.0,0.0,1.0,2.0,negative,10.425649
10.425649,0.0,0.7656760811805725,0.0,0.0,0.0,1.0,negative,10.14044949
10.14044949,0.0,1.613860845565796,0.0,0.0,0.0,2.0,positive,10.20660183
10.20660183,0.0,0.0,0.0,0.0,0.0,0.0,negative,10.04041773
10.04041773,0.0,0.0,0.0,0.0,0.0,0.0,positive,10.14534959
10.14534959,0.0,1.5894166231155396,0.0,0.0,0.0,2.0,negative,10.1150376626
10.1150376626,0.0,1.4426872730255127,0.0,0.0,0.0,2.0,positive,10.28185347
10.28185347,0.0,3.096549093723297,0.0,0.0,0.0,4.0,positive,10.32591938
10.32591938,0.0,3.067815840244293,0.0,0.0,0.0,5.0,positive,10.55649074
10.55649074,0.0,3.410520613193512,0.0,0.8723552227020264,0.0,6.0,negative,10.45722203
10.45722203,0.0,2.5344536900520325,0.0,0.0,0.0,4.0,negative,10.2942939836
10.2942939836,0.0,0.8539798259735107,0.854219377040863,0.0,1.0,1.0,negative,10.26360116
10.26360116,0.0,0.780007541179657,0.0,0.0,0.0,3.0,positive,10.69564006
10.69564006,0.0,0.7036243677139282,0.0,0.0,0.0,1.0,positive,10.69994809
10.69994809,0.0,3.238857388496399,0.0,0.0,0.0,4.0,negative,10.50425649
10.50425649,0.0,0.721860408782959,0.8918941617012024,0.0,1.0,1.0,positive,10.52460466
10.52460466,0.0,0.7213436365127563,0.0,0.0,0.0,1.0,negative,10.41232898
10.41232898,0.0,0.0,0.0,0.0,0.0,0.0,positive,10.44419923
10.44419923,0.0,0.0,0.0,0.0,0.0,1.0,positive,10.48392591
10.48392591,0.0,0.0,0.0,0.0,0.0,1.0,positive,10.51272132
10.51272132,0.0,0.0,0.0,0.0,0.0,0.0,negative,10.50905423
10.50905423,0.0,1.6754284501075745,0.0,0.8264708518981934,0.0,3.0,positive,10.52502384
10.52502384,0.0,0.0,0.0,0.0,0.0,1.0,negative,10.2328537917
10.2328537917,0.0,0.0,0.0,0.0,0.0,0.0,positive,11.0803643928
11.0803643928,0.0,0.0,0.0,0.0,0.0,0.0,negative,10.45438403
10.45438403,0.0,0.7213436365127563,0.0,0.0,0.0,1.0,negative,10.43601765
10.43601765,0.0,0.0,0.0,0.0,0.0,0.0,negative,10.14670986
10.14670986,0.0,0.7213436365127563,0.0,0.0,0.0,2.0,positive,10.24300489
10.24300489,0.0,0.0,0.0,0.0,0.0,0.0,positive,10.28516997
10.28516997,0.0,0.0,0.0,0.0,0.0,1.0,negative,10.16001728
10.16001728,0.0,0.0,0.0,0.7275914549827576,0.0,1.0,negative,10.1188126564
10.1188126564,0.0,0.0,0.0,0.0,0.0,3.0,negative,9.7977562
9.7977562,0.0,0.7213436365127563,0.0,0.0,0.0,3.0,negative,9.5592689
9.5592689,0.0,0.8836240172386169,0.0,0.0,0.0,1.0,negative,9.31627776243
9.31627776243,0.0,0.7081677913665771,0.0,0.7431249022483826,0.0,2.0,positive,9.33192622
9.33192622,0.0,0.0,0.0,0.0,0.0,0.0,negative,9.16643889
9.16643889,0.0,0.0,0.0,0.0,0.0,0.0,negative,8.75117737
8.75117737,0.0,0.0,0.0,0.7115161418914795,0.0,1.0,positive,8.814595851850001
8.814595851850001,0.0,0.7213436365127563,0.0,0.0,1.0,1.0,positive,9.10091633
9.10091633,0.0,1.553003966808319,0.0,0.0,0.0,2.0,positive,9.40173589
9.40173589,0.0,0.0,0.0,0.0,0.0,1.0,positive,9.53730017
9.53730017,0.0,0.8773170709609985,0.0,0.0,0.0,1.0,negative,9.52420801454
9.52420801454,0.0,0.7722220420837402,0.0,0.0,0.0,1.0,negative,9.47568508
9.47568508,0.0,0.0,0.0,0.0,0.0,0.0,positive,9.63138799
9.63138799,0.0,0.0,0.0,0.0,0.0,1.0,positive,9.6519891
9.6519891,0.0,0.0,0.0,0.0,0.0,0.0,negative,9.46550379055
9.46550379055,0.0,0.7213436365127563,0.0,0.0,0.0,1.0,negative,9.43500751
9.43500751,0.0,0.0,0.0,0.0,0.0,0.0,negative,9.3125093
9.3125093,0.0,0.0,0.0,0.0,0.0,0.0,negative,9.2964941
9.2964941,0.0,0.0,0.0,0.0,0.0,0.0,positive,9.3860504
9.3860504,0.0,0.0,0.0,0.0,0.0,1.0,positive,9.5201165
9.5201165,0.0,0.0,0.0,0.0,0.0,0.0,positive,9.69999736
9.69999736,0.0,0.0,0.0,0.0,0.0,0.0,negative,9.62776877
9.62776877,0.0,0.0,0.0,0.0,0.0,1.0,positive,9.70338883
9.70338883,0.0,0.7213436365127563,0.0,0.0,0.0,1.0,positive,9.81387227
9.81387227,0.0,1.4207095503807068,0.0,0.0,0.0,4.0,positive,9.84656607
9.84656607,0.0,0.0,0.0,0.0,0.0,0.0,positive,9.9685075
9.9685075,0.0,0.0,0.0,0.0,0.0,0.0,positive,10.38340983
10.38340983,0.0,0.9736155271530152,0.0,0.0,1.0,2.0,negative,10.25233527
10.25233527,0.0,0.7764246463775635,0.0,0.0,0.0,1.0,negative,10.04818924
10.04818924,0.0,0.0,0.0,0.0,0.0,0.0,positive,10.12173622
10.12173622,0.0,0.8235639333724976,0.0,0.0,0.0,2.0,negative,9.99813367
9.99813367,0.0,0.0,0.0,0.0,0.0,2.0,positive,10.10384837
10.10384837,0.0,1.611980378627777,0.0,0.0,0.0,3.0,negative,9.85423754
9.85423754,0.0,0.964431643486023,0.0,0.0,0.0,2.0,positive,10.05014334
10.05014334,0.0,0.0,0.0,0.0,0.0,0.0,negative,9.95543696361
9.95543696361,0.0,0.0,0.0,0.0,0.0,0.0,positive,10.05845874
10.05845874,0.0,0.0,0.0,0.0,0.0,0.0,positive,10.15339551
10.15339551,0.0,0.0,0.0,0.0,0.0,0.0,negative,10.08472105
10.08472105,0.7641075253486633,0.0,0.0,0.0,1.0,0.0,positive,10.13418514
10.13418514,0.0,0.0,0.0,0.0,0.0,0.0,negative,10.12014437
10.12014437,0.0,0.0,0.0,0.0,1.0,0.0,negative,10.09248709
10.09248709,0.0,0.7501428127288818,0.0,0.0,0.0,1.0,negative,10.04553758
10.04553758,0.0,0.0,0.0,0.0,1.0,1.0,positive,10.07717473
10.07717473,0.0,0.0,0.0,0.0,0.0,0.0,positive,10.10354681
10.10354681,0.0,0.0,0.0,0.0,0.0,0.0,positive,10.12327647
10.12327647,0.0,0.7619901299476624,0.0,0.0,0.0,1.0,negative,10.09911798
10.09911798,0.0,0.0,0.0,0.0,0.0,0.0,positive,10.21605183
10.21605183,0.0,0.0,0.0,0.0,0.0,0.0,negative,10.20930798
10.20930798,0.0,0.0,0.0,0.0,0.0,2.0,negative,10.01247535
10.01247535,0.0,0.0,0.0,0.0,0.0,0.0,negative,9.96742428
9.96742428,0.0,0.0,0.0,0.0,0.0,0.0,negative,9.91188342
9.91188342,0.0,1.8170650601387024,0.0,0.0,0.0,2.0,positive,10.03913598
10.03913598,0.0,0.0,0.0,0.0,0.0,0.0,negative,10.03154523
10.03154523,0.0,0.0,0.0,0.0,0.0,0.0,negative,9.94919111
9.94919111,0.0,0.0,0.0,0.0,0.0,0.0,positive,10.01419724
10.01419724,0.0,0.0,0.0,0.0,0.0,0.0,negative,9.9809493
9.9809493,0.0,0.0,0.0,0.0,0.0,0.0,positive,9.99171279
9.99171279,0.0,0.0,0.0,0.0,0.0,0.0,positive,10.10906817
10.10906817,0.0,0.0,0.0,0.0,0.0,1.0,negative,10.0799367573
10.0799367573,0.0,0.0,0.0,0.0,0.0,0.0,negative,10.0171905056
10.0171905056,0.0,0.0,0.0,0.9438053965568542,0.0,2.0,negative,9.96107423
9.96107423,0.0,0.0,0.0,0.0,0.0,0.0,positive,10.00764005
10.00764005,0.0,0.0,0.0,0.0,0.0,1.0,positive,10.07393704
10.07393704,0.0,0.0,0.0,0.0,0.0,1.0,positive,10.07700078
10.07700078,0.0,0.0,0.0,0.0,1.0,0.0,positive,10.12414116
10.12414116,0.0,0.0,0.0,0.0,0.0,1.0,negative,10.1158412
10.1158412,0.0,0.0,0.0,0.0,0.0,0.0,positive,10.11913689
10.11913689,0.0,0.0,0.0,0.0,0.0,0.0,positive,10.29313441
10.29313441,0.0,0.0,0.0,0.0,0.0,0.0,positive,10.36119585
10.36119585,0.0,0.0,0.0,0.0,0.0,0.0,negative,10.3078316
10.3078316,0.0,0.0,0.0,0.0,0.0,0.0,positive,10.34251267
10.34251267,0.0,0.0,0.0,0.0,0.0,1.0,positive,10.37061735
10.37061735,0.0,0.0,0.0,0.0,1.0,0.0,negative,10.356308
10.356308,0.0,0.0,0.0,0.0,0.0,0.0,positive,10.38643134
10.38643134,0.0,0.0,0.0,0.0,0.0,0.0,positive,10.48723705
10.48723705,0.0,0.0,0.0,0.0,0.0,0.0,positive,10.60143358
10.60143358,0.0,0.0,0.0,0.0,0.0,0.0,positive,10.89302888
10.89302888,0.0,0.0,0.0,0.0,0.0,0.0,negative,10.71853099
10.71853099,0.0,0.0,0.8380693197250366,0.0,1.0,0.0,positive,10.80674897
10.80674897,0.0,0.0,0.0,0.0,0.0,1.0,positive,11.36133639
11.36133639,0.0,0.0,0.0,0.0,0.0,0.0,negative,11.19163646
11.19163646,0.0,0.7908880114555359,0.0,0.0,0.0,1.0,negative,11.1530116
11.1530116,0.0,0.0,0.0,0.0,1.0,1.0,negative,11.14658588
11.14658588,0.0,0.0,0.0,0.0,0.0,0.0,positive,11.56087976
11.56087976,0.0,0.0,0.7248424887657166,0.0,1.0,1.0,positive,12.41438025
12.41438025,0.0,0.0,0.0,0.0,1.0,1.0,negative,11.98137377
11.98137377,0.0,0.0,0.0,0.0,0.0,2.0,positive,12.0093697439
12.0093697439,0.0,0.0,0.0,0.0,0.0,0.0,positive,12.08371715
12.08371715,0.0,0.0,0.0,0.0,0.0,0.0,positive,12.0967407554
12.0967407554,0.0,0.0,0.0,0.0,0.0,0.0,positive,12.58024151
12.58024151,0.0,0.0,0.0,0.0,0.0,0.0,negative,12.27964009
12.27964009,0.0,0.0,0.0,0.0,0.0,0.0,negative,12.10608721
12.10608721,0.0,0.0,0.0,0.0,0.0,0.0,negative,11.8357972838
11.8357972838,0.0,0.0,0.0,0.0,0.0,0.0,positive,11.85970811
11.85970811,0.0,0.0,0.0,0.0,0.0,0.0,negative,11.7922526624
11.7922526624,0.0,0.7729501128196716,0.0,0.0,0.0,1.0,positive,11.90627496
11.90627496,0.0,0.0,0.0,0.0,0.0,0.0,positive,11.98438364
11.98438364,0.0,0.0,0.0,0.0,0.0,0.0,positive,12.37413329
12.37413329,0.0,0.7014343738555908,0.0,0.0,0.0,1.0,positive,12.54247267
12.54247267,0.0,0.0,0.0,0.0,0.0,0.0,positive,13.038264926
13.038264926,0.0,0.0,0.0,0.0,0.0,0.0,positive,13.38226251
13.38226251,0.0,0.0,0.0,0.0,0.0,0.0,positive,13.5904535677
13.5904535677,0.0,0.0,0.0,0.0,0.0,0.0,negative,12.95283023
12.95283023,0.0,0.0,0.0,0.0,1.0,0.0,positive,13.0528453
13.0528453,0.0,0.0,0.0,0.0,0.0,0.0,negative,12.48240905
12.48240905,0.0,0.0,0.0,0.0,0.0,0.0,positive,12.81617068
12.81617068,0.0,0.0,0.0,0.0,0.0,0.0,negative,12.79928764
12.79928764,0.0,0.0,0.0,0.0,0.0,0.0,negative,12.4099119359
12.4099119359,0.0,0.0,0.0,0.0,0.0,0.0,negative,12.37639234
12.37639234,0.0,0.0,0.0,0.0,0.0,0.0,negative,11.75687471
11.75687471,0.0,0.0,0.0,0.0,0.0,0.0,positive,11.78293504
11.78293504,0.0,0.0,0.0,0.0,0.0,0.0,negative,10.99519986
10.99519986,0.0,0.0,0.0,0.0,0.0,0.0,positive,11.85754225
11.85754225,0.0,0.0,0.0,0.0,0.0,0.0,negative,11.85288409
11.85288409,0.0,0.0,0.0,0.0,0.0,0.0,positive,11.87586653
11.87586653,0.0,0.0,0.0,0.0,0.0,1.0,negative,11.84569015
11.84569015,0.0,0.0,0.0,0.0,0.0,0.0,positive,12.0155444274
12.0155444274,0.0,0.0,0.0,0.0,0.0,0.0,positive,12.0677933936
12.0677933936,0.0,0.0,0.0,0.0,0.0,0.0,negative,12.0091138861
12.0091138861,0.0,0.0,0.0,0.0,0.0,0.0,negative,11.9225934017
11.9225934017,0.0,0.0,0.0,0.0,0.0,0.0,negative,11.720467749
11.720467749,0.0,0.0,0.0,0.0,0.0,0.0,positive,11.92218106
11.92218106,0.0,0.0,0.0,0.0,0.0,0.0,negative,11.81120401
11.81120401,0.0,0.0,0.0,0.0,0.0,0.0,negative,11.72115431
11.72115431,0.0,0.0,0.0,0.0,0.0,0.0,negative,11.65735226
11.65735226,0.0,0.0,0.0,0.0,0.0,3.0,negative,11.59054399
11.59054399,0.0,0.0,0.0,0.0,0.0,0.0,positive,11.62097168
11.62097168,0.0,0.0,0.0,0.0,0.0,0.0,positive,11.79385094
11.79385094,0.0,0.0,0.0,0.0,0.0,0.0,positive,11.92972531
11.92972531,0.0,0.0,0.0,0.0,0.0,0.0,positive,11.93366393
11.93366393,0.0,0.0,0.0,0.0,0.0,0.0,positive,12.00857381
12.00857381,0.0,5.0219444036483765,0.0,0.7096216678619385,0.0,21.0,negative,11.93578232
11.93578232,0.0,4.142694234848023,0.0,0.0,0.0,16.0,negative,11.7688480265
11.7688480265,0.0,2.626960039138794,0.0,0.0,0.0,12.0,positive,11.94299557
11.94299557,0.0,3.43303120136261,0.0,0.0,0.0,31.0,positive,12.01950502
12.01950502,0.0,0.0,0.0,0.0,0.0,19.0,positive,12.19242767
12.19242767,0.0,0.0,0.0,0.0,0.0,0.0,negative,12.03054446
12.03054446,0.0,2.512915313243866,0.0,0.0,0.0,4.0,positive,12.04378175
12.04378175,0.0,1.7408044934272766,0.0,0.0,0.0,2.0,positive,12.05799123
12.05799123,0.0,0.0,0.0,0.0,0.0,2.0,positive,12.05871439
12.05871439,0.0,0.0,0.0,0.0,0.0,0.0,positive,12.11995337
12.11995337,0.0,0.0,0.0,0.0,0.0,1.0,positive,12.15683857
12.15683857,0.0,0.0,0.0,0.0,0.0,1.0,positive,12.25356751
12.25356751,0.0,0.0,0.0,0.0,0.0,1.0,positive,12.25900889
12.25900889,0.0,2.2824320197105408,0.0,0.0,0.0,4.0,positive,12.32975571
12.32975571,0.0,0.0,0.0,0.0,0.0,3.0,negative,12.31222597
12.31222597,0.0,0.9009346961975098,0.0,0.0,0.0,3.0,negative,12.22669916
12.22669916,0.0,0.8551314473152161,0.0,0.0,0.0,1.0,negative,12.06112023
12.06112023,0.0,0.0,0.0,0.0,0.0,1.0,positive,12.21143391
12.21143391,0.0,0.0,0.0,0.0,0.0,1.0,negative,12.16066142
12.16066142,0.0,0.0,0.0,0.0,0.0,1.0,negative,12.07709259
12.07709259,0.0,1.832858383655548,0.0,0.0,0.0,3.0,negative,11.78945701
11.78945701,0.0,0.0,0.0,0.0,0.0,1.0,positive,11.83413833
11.83413833,0.0,0.8813989758491516,0.0,0.0,0.0,2.0,negative,11.75494083
11.75494083,0.0,0.0,0.0,0.7165637016296387,0.0,3.0,positive,11.76633417
11.76633417,0.0,0.7890374660491943,0.0,0.0,1.0,1.0,negative,11.6852639312
11.6852639312,0.0,0.0,0.0,0.0,0.0,1.0,negative,11.62388639
11.62388639,0.0,0.7707365155220032,0.0,0.0,0.0,2.0,negative,11.54029214
11.54029214,0.0,0.0,0.0,0.0,0.0,0.0,negative,11.37627329
11.37627329,0.0,0.0,0.0,0.0,0.0,1.0,negative,11.27694254
11.27694254,0.0,0.0,0.0,0.0,0.0,0.0,positive,11.57684534
11.57684534,0.8992410898208618,0.0,0.0,0.0,1.0,0.0,negative,11.3619266708
11.3619266708,0.0,0.0,0.0,0.0,0.0,0.0,negative,11.15822848
11.15822848,0.0,0.0,0.0,0.0,0.0,0.0,positive,11.22734101
11.22734101,0.0,0.0,0.0,0.0,0.0,0.0,negative,11.1586392
11.1586392,0.0,0.710989773273468,0.0,0.0,0.0,2.0,negative,11.14587757
11.14587757,0.0,0.0,0.0,0.0,0.0,0.0,positive,11.37177431
11.37177431,0.0,0.0,0.0,0.0,1.0,0.0,negative,11.29109977
11.29109977,0.0,0.0,0.0,0.0,0.0,0.0,negative,11.26288233
11.26288233,0.0,1.7423686981201172,0.0,0.0,0.0,4.0,positive,11.30543737
11.30543737,0.0,0.0,0.0,0.0,0.0,0.0,negative,11.2386539873
11.2386539873,0.0,0.0,0.0,0.0,0.0,0.0,negative,11.002712
11.002712,0.0,0.8348272442817688,0.0,0.0,0.0,3.0,positive,11.0870136
11.0870136,0.7900036573410034,0.0,0.0,0.0,1.0,1.0,positive,11.16376542
11.16376542,0.0,0.0,0.0,0.0,0.0,0.0,negative,11.1360469
11.1360469,0.0,0.0,0.0,0.0,0.0,0.0,positive,11.866217
11.866217,0.0,0.0,0.0,0.0,0.0,1.0,negative,11.73717244
11.73717244,0.0,0.7363117933273315,0.0,0.0,0.0,4.0,positive,11.75798145
11.75798145,0.0,0.7832809090614319,0.0,0.0,0.0,1.0,positive,11.76837933
11.76837933,0.0,0.0,0.0,0.0,0.0,0.0,positive,12.01232508
12.01232508,0.0,0.0,0.0,0.0,0.0,0.0,negative,11.86695613
11.86695613,0.0,0.0,0.0,0.0,0.0,0.0,positive,11.89674416
11.89674416,0.0,0.0,0.0,0.0,0.0,0.0,negative,11.89265822
11.89265822,0.0,0.7780347466468811,0.0,0.0,0.0,1.0,positive,11.9608938253
11.9608938253,0.0,0.0,0.0,0.0,0.0,1.0,positive,11.9647705
11.9647705,0.0,0.0,0.0,0.0,0.0,1.0,positive,12.01221614
12.01221614,0.0,0.0,0.0,0.0,0.0,0.0,positive,12.11771507
12.11771507,0.0,0.8321925401687622,0.0,0.0,0.0,1.0,positive,12.22233104
12.22233104,0.0,0.0,0.0,0.0,0.0,0.0,negative,12.13770874
12.13770874,0.0,0.0,0.0,0.0,0.0,0.0,positive,12.18582783
12.18582783,0.0,0.0,0.0,0.0,0.0,1.0,positive,12.25411345
12.25411345,0.0,0.7648645043373108,0.0,0.0,0.0,2.0,negative,11.96297954
11.96297954,0.0,1.6238244771957395,0.0,0.0,0.0,3.0,positive,11.97814071
11.97814071,0.0,0.0,0.0,0.0,0.0,0.0,negative,11.906695
11.906695,0.0,1.6079583168029783,0.0,0.0,0.0,2.0,positive,12.2171079262
12.2171079262,0.0,0.0,0.0,0.0,0.0,0.0,positive,12.29955051
12.29955051,0.0,0.0,0.0,0.0,0.0,0.0,positive,12.44631458
12.44631458,0.0,0.0,0.0,0.0,0.0,0.0,negative,12.4415612342
12.4415612342,0.0,0.0,0.0,0.0,0.0,0.0,positive,12.45977687
12.45977687,0.0,0.8812090754508972,0.0,0.0,0.0,1.0,negative,12.21556922
12.21556922,0.0,0.8753793239593506,0.0,0.0,0.0,1.0,positive,12.3164252
12.3164252,0.0,0.0,0.0,0.0,1.0,0.0,positive,12.32386917
12.32386917,0.0,0.0,0.0,0.0,0.0,0.0,negative,12.1903810133
12.1903810133,0.0,0.0,0.0,0.0,0.0,0.0,positive,12.19191503
12.19191503,0.0,0.9206974506378174,0.0,0.0,0.0,1.0,positive,12.30586947
12.30586947,0.0,1.4994885325431824,0.0,0.0,0.0,4.0,positive,12.3071809
12.3071809,0.0,0.0,0.0,0.0,0.0,0.0,negative,12.27568433
12.27568433,0.0,0.0,0.0,0.8082380294799805,0.0,2.0,negative,12.24237439
12.24237439,0.0,0.7998268604278564,0.0,0.0,0.0,1.0,positive,12.32015
12.32015,0.0,0.7805742025375366,0.0,0.0,0.0,1.0,positive,12.386201515
12.386201515,0.0,0.0,0.0,0.0,0.0,0.0,positive,12.40121968
12.40121968,0.0,0.0,0.0,0.0,0.0,0.0,negative,12.37440496
12.37440496,0.0,0.0,0.0,0.0,0.0,0.0,negative,12.30985265
12.30985265,0.0,0.0,0.0,0.0,0.0,0.0,negative,12.24531177
12.24531177,0.0,0.0,0.0,0.0,0.0,0.0,negative,12.22167096
12.22167096,0.0,0.0,0.0,0.0,0.0,0.0,positive,12.26820642
12.26820642,0.0,0.0,0.0,0.0,0.0,0.0,positive,12.37470342
12.37470342,0.0,0.0,0.0,0.0,0.0,0.0,positive,12.45778021
12.45778021,0.0,0.0,0.0,0.0,0.0,0.0,negative,12.4216598
12.4216598,0.0,0.0,0.0,0.0,1.0,0.0,positive,12.46895222
12.46895222,0.0,0.0,0.0,0.0,0.0,0.0,positive,12.57779824
12.57779824,0.0,0.0,0.0,0.0,0.0,0.0,negative,12.31871371
12.31871371,0.0,0.0,0.0,0.0,0.0,0.0,negative,12.18957248
12.18957248,0.0,0.0,0.0,0.0,0.0,1.0,positive,12.19075169
12.19075169,0.0,0.9210273027420044,0.0,0.0,0.0,1.0,positive,12.28163821
12.28163821,0.0,0.0,0.0,0.7978910803794861,0.0,4.0,positive,12.28608979
12.28608979,0.0,0.0,0.0,0.0,0.0,1.0,negative,12.28575793
12.28575793,0.0,0.8292517066001892,0.0,0.0,0.0,3.0,positive,12.3220764
12.3220764,0.0,0.0,0.0,0.0,0.0,0.0,negative,12.30593886
12.30593886,0.0,0.0,0.0,0.0,0.0,1.0,positive,12.34058465
12.34058465,0.0,0.8216682076454163,0.0,0.0,0.0,2.0,negative,12.25920562
12.25920562,0.0,0.0,0.0,0.0,0.0,0.0,negative,12.22819802
12.22819802,0.0,0.0,0.0,0.0,0.0,0.0,negative,12.20467082
12.20467082,0.0,0.0,0.0,0.0,0.0,0.0,positive,12.3073104
12.3073104,0.0,0.0,0.0,0.0,0.0,0.0,positive,12.3242998
12.3242998,0.0,0.8575587868690491,0.0,0.0,0.0,1.0,positive,12.37882692
12.37882692,0.0,0.0,0.0,0.0,0.0,0.0,negative,12.33802967
12.33802967,0.0,0.0,0.0,0.0,0.0,2.0,positive,12.40705728
12.40705728,0.0,0.0,0.0,0.0,0.0,0.0,negative,12.40385249
12.40385249,0.0,0.0,0.0,0.9296429753303528,0.0,1.0,positive,12.41092583
12.41092583,0.0,0.0,0.0,0.0,0.0,0.0,negative,12.3377455
12.3377455,0.0,0.0,0.0,0.0,0.0,0.0,negative,12.31939306
12.31939306,0.0,0.0,0.0,0.0,0.0,0.0,negative,12.26360081
12.26360081,0.0,0.0,0.0,0.0,0.0,0.0,positive,12.28818388
12.28818388,0.0,0.8863214254379272,0.0,0.0,0.0,1.0,positive,12.3350029
12.3350029,0.0,0.9267060160636902,0.0,0.0,0.0,1.0,negative,12.32217011
12.32217011,0.0,0.705748975276947,0.0,0.0,0.0,1.0,negative,12.32004264
12.32004264,0.0,0.0,0.0,0.0,0.0,0.0,positive,12.32327674
12.32327674,0.0,0.0,0.0,0.0,0.0,0.0,positive,12.34036216
12.34036216,0.0,0.0,0.0,0.7710418105125427,0.0,1.0,negative,12.31263435
12.31263435,0.0,0.0,0.0,0.0,1.0,1.0,positive,12.32944416
12.32944416,0.0,0.0,0.0,0.0,0.0,0.0,positive,12.37550616
12.37550616,0.0,0.0,0.0,0.0,1.0,0.0,negative,12.35880562
12.35880562,0.0,0.0,0.0,0.0,0.0,0.0,positive,12.47047336
12.47047336,0.0,0.7768679261207581,0.0,0.0,0.0,1.0,positive,12.5580808871
12.5580808871,0.0,1.860614001750946,0.0,0.0,1.0,8.0,positive,12.64247608
12.64247608,0.0,1.6814745664596558,0.0,0.0,1.0,4.0,positive,12.90098527
12.90098527,0.0,0.0,0.0,0.0,0.0,2.0,negative,12.86440654
12.86440654,0.0,0.0,0.0,0.0,0.0,0.0,positive,13.21761062
13.21761062,0.0,0.0,0.0,0.0,0.0,0.0,negative,13.1462811
13.1462811,0.7802169919013977,0.0,0.0,0.0,1.0,0.0,negative,13.0851471
13.0851471,0.0,0.0,0.0,0.0,0.0,0.0,negative,13.00652516
13.00652516,0.0,0.0,0.0,0.0,0.0,1.0,positive,13.10520893
13.10520893,0.0,1.4888043403625488,0.0,0.0,0.0,2.0,positive,13.13112797
13.13112797,0.0,0.0,0.0,0.0,0.0,0.0,negative,13.00086199
13.00086199,0.0,0.0,0.0,0.0,0.0,1.0,positive,13.06221559
13.06221559,0.7832318544387817,0.0,0.0,0.0,1.0,0.0,positive,13.19572565
13.19572565,0.0,0.0,0.0,0.0,0.0,1.0,negative,13.12364001
13.12364001,0.0,0.0,0.0,0.0,0.0,0.0,negative,13.1235396
13.1235396,0.0,0.7902679443359375,0.0,0.0,0.0,1.0,negative,13.09754645
13.09754645,0.0,0.0,0.0,0.0,0.0,1.0,negative,13.08431104
13.08431104,0.0,0.0,0.0,0.0,0.0,1.0,negative,13.02077381
13.02077381,0.0,0.0,0.0,0.7982963919639587,0.0,2.0,negative,12.7744367
12.7744367,0.0,0.7444021701812744,0.0,0.0,0.0,1.0,positive,12.86055224
12.86055224,0.0,0.0,0.0,0.0,0.0,0.0,positive,12.94503728
12.94503728,0.0,0.0,0.0,0.0,0.0,0.0,positive,12.98965063
12.98965063,0.0,0.0,0.0,0.0,0.0,0.0,negative,12.97850393
12.97850393,0.0,0.0,0.0,0.0,0.0,1.0,negative,12.95428309
12.95428309,0.0,1.8500787019729612,0.0,0.0,0.0,2.0,negative,12.87043078
12.87043078,0.0,0.0,0.0,0.0,1.0,0.0,positive,12.90301641
12.90301641,0.0,0.0,0.0,0.0,0.0,0.0,negative,12.88971817
12.88971817,0.7113658785820007,0.8223035931587219,0.0,0.0,1.0,1.0,positive,12.90699276
12.90699276,0.0,0.0,0.0,0.0,0.0,0.0,negative,12.52325663
12.52325663,0.0,0.0,0.0,0.0,1.0,0.0,negative,12.23825803
12.23825803,0.0,0.0,0.0,0.0,0.0,0.0,negative,12.23040519
12.23040519,0.0,0.0,0.0,0.0,0.0,0.0,positive,12.2424672
12.2424672,0.0,0.0,0.0,0.0,0.0,0.0,negative,12.00136854
12.00136854,0.0,0.0,0.0,0.0,0.0,0.0,positive,12.14561229
12.14561229,0.0,0.0,0.0,0.0,0.0,0.0,negative,12.14378824
12.14378824,0.0,0.0,0.0,0.0,0.0,0.0,negative,12.10063642
12.10063642,0.7178754806518555,0.0,0.0,0.0,1.0,0.0,positive,12.14163095
12.14163095,0.0,0.0,0.0,0.0,0.0,1.0,positive,12.24858111
12.24858111,0.0,0.762796938419342,0.0,0.0,1.0,2.0,positive,12.29533016
12.29533016,0.0,0.0,0.0,0.0,0.0,0.0,negative,12.27748325
12.27748325,0.7729259729385376,0.0,0.0,0.0,1.0,0.0,negative,12.24009012
12.24009012,0.0,0.9016210436820984,0.0,0.0,0.0,1.0,negative,12.17500181
12.17500181,0.0,0.0,0.0,0.0,0.0,0.0,negative,12.114833
12.114833,0.0,0.0,0.0,0.0,1.0,0.0,positive,12.17389643
12.17389643,0.0,1.6775810718536377,0.0,1.5491933226585388,0.0,4.0,positive,12.18455932
12.18455932,0.0,0.0,0.0,0.0,0.0,0.0,negative,12.15855933
12.15855933,0.0,0.0,0.0,0.7032700777053833,0.0,1.0,negative,11.86736185
11.86736185,0.0,0.0,0.0,0.0,0.0,0.0,positive,12.02103481
12.02103481,0.0,1.4663826823234558,0.0,0.0,0.0,5.0,positive,12.08591483
12.08591483,0.0,0.0,0.0,0.0,1.0,0.0,positive,12.15982021
12.15982021,0.0,0.0,0.0,0.0,0.0,1.0,positive,12.19564674
12.19564674,0.0,0.0,0.0,0.0,0.0,0.0,negative,12.1478139
12.1478139,0.0,0.0,0.0,0.0,0.0,1.0,positive,12.19311281
12.19311281,0.0,0.0,0.0,0.0,0.0,0.0,negative,12.12587422
12.12587422,0.0,0.0,0.0,0.7773199677467346,0.0,1.0,negative,12.09355513
12.09355513,0.0,0.0,0.0,0.0,1.0,0.0,positive,12.09692563
12.09692563,0.0,0.0,0.0,0.0,0.0,1.0,negative,12.08445248
12.08445248,0.0,0.0,0.0,0.0,0.0,1.0,positive,12.11697038
12.11697038,0.0,0.8501560688018799,0.0,0.0,0.0,1.0,negative,12.05664781
12.05664781,0.0,0.0,0.0,0.0,0.0,1.0,negative,12.0195478
12.0195478,0.0,0.0,0.0,0.0,0.0,0.0,negative,11.99038903
11.99038903,0.0,0.0,0.0,0.0,1.0,1.0,negative,11.92676361
11.92676361,0.0,0.7416189908981323,0.0,0.0,0.0,5.0,negative,11.8574487
11.8574487,0.0,2.2840775847435,0.0,0.0,0.0,5.0,positive,11.93240293
11.93240293,0.0,0.8486478328704834,0.0,0.0,0.0,3.0,negative,11.90462407
11.90462407,0.0,0.0,0.0,0.0,0.0,0.0,negative,11.86484395
11.86484395,0.0,1.4804947972297668,0.0,0.0,0.0,2.0,positive,11.90825288
11.90825288,0.0,0.7820754051208496,0.0,0.0,0.0,2.0,positive,11.96771872
11.96771872,0.0,25.170385241508484,0.8532409071922302,2.214134931564331,1.0,120.0,positive,12.04381248
12.04381248,0.0,13.837863624095917,0.926659882068634,2.6964994072914124,1.0,70.0,negative,11.92134355
11.92134355,0.0,9.010583341121674,0.0,1.6139384508132937,2.0,40.0,negative,11.85818756
11.85818756,0.0,4.142473876476288,0.0,1.4734090566635132,0.0,24.0,negative,11.80982521
11.80982521,0.8175526857376099,7.52517569065094,0.8225796818733215,1.5846120715141296,3.0,24.0,negative,11.51045876
11.51045876,0.0,4.229048728942871,0.0,0.0,0.0,20.0,negative,11.47982504
11.47982504,0.0,5.02177494764328,0.0,0.701867938041687,2.0,19.0,positive,11.48039367
11.48039367,0.0,4.864019155502319,0.0,0.8187942504882812,0.0,13.0,negative,11.41648549
11.41648549,0.0,3.863599956035614,0.0,0.7838762402534485,0.0,11.0,positive,11.44122088
11.44122088,0.0,3.1180827617645264,0.7095739841461182,0.0,1.0,6.0,negative,11.37690274
11.37690274,0.0,0.0,0.0,0.0,0.0,6.0,positive,11.48177033
11.48177033,0.0,1.620184600353241,0.0,0.0,0.0,7.0,positive,11.59661248
11.59661248,0.0,1.5264198780059814,0.0,0.0,0.0,9.0,positive,11.63263347
11.63263347,0.0,0.0,0.0,0.0,0.0,3.0,positive,11.68424285
11.68424285,0.0,0.9250642657279968,0.0,0.0,0.0,6.0,positive,11.88371949
11.88371949,0.0,1.62189120054245,0.0,0.0,0.0,3.0,positive,11.9504411
11.9504411,0.0,1.545517921447754,0.0,0.0,0.0,6.0,negative,11.93418508
11.93418508,0.0,0.0,0.0,0.7006141543388367,0.0,7.0,positive,12.10108571
12.10108571,0.0,0.7706097364425659,0.0,0.0,0.0,3.0,negative,12.06778889
12.06778889,0.0,0.0,0.0,0.0,0.0,11.0,positive,12.1314461
12.1314461,0.0,0.8895447850227356,0.0,0.0,0.0,5.0,positive,12.26735397
12.26735397,0.0,0.0,0.0,0.0,0.0,1.0,negative,12.1908219
12.1908219,0.0,0.8201634287834167,0.0,0.0,0.0,4.0,negative,12.09942951
12.09942951,0.0,1.6001341342926023,0.0,0.0,1.0,8.0,positive,12.14905661
12.14905661,0.0,0.0,0.0,0.7267695665359497,0.0,1.0,positive,12.2114275
12.2114275,0.0,0.0,0.0,0.0,0.0,3.0,negative,12.18386674
12.18386674,0.0,0.0,0.0,0.0,1.0,6.0,positive,12.1931838
12.1931838,0.0,0.7720005512237549,0.0,0.0,0.0,3.0,positive,12.23727862
12.23727862,0.0,2.253739595413208,0.0,0.0,0.0,4.0,positive,12.24782422
12.24782422,0.0,0.0,0.0,0.0,0.0,1.0,positive,12.27715987
12.27715987,0.0,0.8292962908744812,0.0,0.0,0.0,1.0,positive,12.32223921
12.32223921,0.0,0.7835255861282349,0.0,0.0,0.0,1.0,negative,12.25024699
12.25024699,0.0,0.0,0.0,0.0,0.0,0.0,positive,12.28684311
12.28684311,0.0,0.0,0.0,0.0,0.0,1.0,positive,12.31621426
12.31621426,0.0,0.8058382272720337,0.0,0.0,0.0,1.0,positive,12.41730506
12.41730506,0.0,0.0,0.0,0.0,0.0,0.0,negative,12.34535887
12.34535887,0.0,0.0,0.0,0.0,0.0,2.0,negative,12.32588917
12.32588917,0.0,0.8546150922775269,0.0,0.0,0.0,1.0,negative,12.26580199
12.26580199,0.0,0.0,0.0,0.0,0.0,0.0,positive,12.32951736
12.32951736,0.0,0.0,0.0,0.0,0.0,0.0,positive,12.40015306
12.40015306,0.0,0.0,0.0,0.9325785040855408,0.0,1.0,positive,12.73218918
12.73218918,0.0,0.0,0.0,0.0,0.0,5.0,negative,12.70496313
12.70496313,0.0,0.7546159625053406,0.0,0.0,1.0,3.0,negative,12.57628008
12.57628008,0.0,0.7370061278343201,0.0,0.0,0.0,1.0,negative,12.55365603
12.55365603,0.8899000287055969,0.7328429818153381,0.8259049654006958,0.8672060370445251,2.0,2.0,negative,12.53291341
12.53291341,0.0,0.7743790149688721,0.0,0.0,0.0,2.0,positive,12.5501205
12.5501205,0.0,1.6714360117912292,0.0,0.0,0.0,3.0,negative,12.51345676
12.51345676,0.7203472852706909,0.8012880086898804,0.0,0.0,1.0,1.0,positive,12.600341
12.600341,0.0,1.6392516493797302,0.7762163877487183,0.0,3.0,2.0,positive,12.63243799
12.63243799,0.846128523349762,0.0,0.0,0.0,1.0,0.0,negative,12.62316897
12.62316897,0.0,0.0,0.0,0.0,0.0,1.0,negative,12.58562181
12.58562181,0.0,1.563038349151611,0.0,0.0,0.0,5.0,positive,12.62182794
12.62182794,0.0,1.5376639366149902,0.0,0.0,1.0,4.0,positive,12.62819257
12.62819257,0.0,0.7113993763923645,0.0,0.0,1.0,2.0,negative,12.613359
12.613359,0.0,0.0,0.0,0.0,1.0,0.0,positive,12.66820213
12.66820213,0.0,0.0,0.0,0.0,0.0,2.0,negative,12.63201173
12.63201173,0.0,0.0,0.0,0.0,0.0,1.0,negative,12.58160603
12.58160603,0.0,0.7762374877929688,0.0,0.0,1.0,1.0,negative,12.32830919
12.32830919,0.0,0.8411198258399963,0.0,0.0,1.0,3.0,negative,12.31226018
12.31226018,0.0,0.0,0.0,0.0,0.0,0.0,positive,12.40484893
12.40484893,0.0,0.0,0.0,0.7325107455253601,0.0,1.0,positive,12.52453674
12.52453674,0.0,0.753494918346405,0.0,0.0,0.0,1.0,negative,12.51995852
12.51995852,0.0,0.0,0.0,0.0,1.0,1.0,negative,12.43824833
12.43824833,0.0,0.0,0.0,0.0,0.0,0.0,negative,12.39856167
12.39856167,0.0,0.0,0.0,0.0,0.0,1.0,negative,12.38856585
12.38856585,0.7944181561470032,0.0,0.0,0.0,2.0,1.0,negative,12.3567573
12.3567573,0.0,0.0,0.0,0.0,0.0,0.0,positive,12.3872364
12.3872364,0.0,1.841158628463745,0.0,0.0,0.0,2.0,positive,12.40946309
12.40946309,0.0,0.0,0.0,0.0,1.0,0.0,negative,12.39447322
12.39447322,0.0,1.651417255401611,0.0,0.0,0.0,3.0,negative,12.30065573
12.30065573,0.0,0.0,0.0,0.0,0.0,0.0,negative,12.22820437
12.22820437,0.0,0.0,0.0,0.0,0.0,0.0,positive,12.32321208
12.32321208,0.0,0.0,0.0,0.0,0.0,1.0,negative,12.29797849
12.29797849,0.0,0.0,0.0,0.0,0.0,0.0,negative,12.09067024
12.09067024,0.0,0.0,0.0,0.0,0.0,0.0,positive,12.11694831
12.11694831,0.0,0.0,0.0,0.0,0.0,1.0,negative,12.11280199
12.11280199,0.0,0.0,0.0,0.0,0.0,0.0,negative,12.1068422
12.1068422,0.0,0.0,0.0,0.0,3.0,0.0,positive,12.29664344
12.29664344,0.0,0.0,0.0,0.0,1.0,0.0,positive,12.35958256
12.35958256,0.7312144041061401,0.0,0.0,0.0,2.0,0.0,positive,12.35997061
12.35997061,0.908094048500061,0.7356583476066589,0.0,0.0,2.0,1.0,positive,12.74160333
12.74160333,0.0,0.0,0.0,0.0,0.0,0.0,negative,12.68376059
12.68376059,0.8272807598114014,0.0,0.0,0.0,1.0,0.0,negative,12.65003528
12.65003528,0.8272898197174072,0.0,0.0,0.0,4.0,0.0,positive,12.68755653
12.68755653,0.0,0.0,0.0,0.0,0.0,0.0,positive,12.70277471
12.70277471,0.0,0.0,0.0,0.0,0.0,0.0,positive,12.73943778
12.73943778,0.0,0.0,0.0,0.0,0.0,0.0,negative,12.6782761241
12.6782761241,0.0,0.0,0.0,0.0,0.0,1.0,positive,12.79939553
12.79939553,0.8739671111106873,0.0,0.7796913981437683,0.0,5.0,0.0,negative,12.7813732
12.7813732,0.0,0.0,0.0,0.0,1.0,0.0,positive,12.82014996
12.82014996,0.0,0.0,0.0,0.0,0.0,0.0,positive,12.8323424256
12.8323424256,0.0,0.0,0.0,0.0,0.0,0.0,positive,12.8905033572
12.8905033572,0.0,0.9891698360443116,0.0,0.0,1.0,1.0,positive,12.91730538
12.91730538,0.0,0.7820951342582703,0.0,0.0,1.0,2.0,negative,12.79326811
12.79326811,0.0,0.7617926001548767,0.0,0.0,0.0,1.0,positive,12.95597516
12.95597516,0.8446342349052429,0.7783138155937195,0.8786783814430237,0.0,7.0,6.0,positive,13.0821283
13.0821283,0.0,3.60938960313797,0.0,0.0,0.0,6.0,positive,13.14266584
13.14266584,0.0,3.1777190566062927,0.0,0.7818514704704285,0.0,9.0,positive,13.25711681
13.25711681,0.0,0.0,0.0,0.0,0.0,4.0,positive,13.4736106
13.4736106,0.0,0.0,0.0,0.0,0.0,1.0,negative,13.0845585
13.0845585,0.0,0.0,0.0,0.0,0.0,1.0,negative,13.08301941
13.08301941,0.0,1.7310763597488403,0.0,0.0,0.0,2.0,negative,13.00194302
13.00194302,0.0,0.0,0.0,0.0,0.0,0.0,positive,13.15859185
13.15859185,0.0,0.0,0.0,0.0,2.0,1.0,positive,13.17952298
13.17952298,1.6044577360153198,0.0,0.0,0.0,2.0,0.0,negative,13.06663892
13.06663892,0.0,0.8321659564971924,0.0,0.0,0.0,1.0,negative,13.02316506
13.02316506,0.0,0.0,0.0,0.0,0.0,0.0,positive,13.18291926
13.18291926,0.0,1.55228990316391,0.0,0.0,0.0,3.0,positive,13.22241433
13.22241433,0.0,0.0,0.0,0.0,0.0,1.0,negative,13.20158066
13.20158066,0.0,2.2719836831092834,0.0,0.0,0.0,4.0,negative,13.17603988
13.17603988,0.0,0.0,0.0,0.0,0.0,1.0,positive,13.22650469
13.22650469,0.756635308265686,1.6619191765785215,0.0,0.7888191938400269,1.0,3.0,positive,13.32914514
13.32914514,0.0,0.0,0.0,0.0,0.0,0.0,positive,13.51650881
13.51650881,0.0,0.0,0.0,0.0,0.0,0.0,negative,13.4852891
13.4852891,0.0,0.0,0.0,0.0,0.0,0.0,positive,13.52982266
13.52982266,0.0,0.0,0.0,0.0,1.0,1.0,negative,13.50573669
13.50573669,0.8056350350379944,0.7366672158241272,0.0,0.0,1.0,3.0,positive,13.53721332
13.53721332,0.0,0.0,0.0,0.0,0.0,0.0,negative,13.41291561
13.41291561,0.0,0.9251574277877808,0.0,0.0,0.0,1.0,negative,13.40260792
13.40260792,0.0,3.26340913772583,0.0,0.0,1.0,7.0,negative,13.20460343
13.20460343,0.0,3.1662102937698364,0.0,0.7136679291725159,0.0,8.0,negative,13.10607455
13.10607455,0.0,0.0,0.0,1.6501893401145935,0.0,2.0,positive,13.145223
13.145223,0.0,1.6445110440254211,0.0,0.0,0.0,6.0,positive,13.15791617
13.15791617,0.7808816432952881,0.0,0.0,0.0,1.0,2.0,positive,13.16343203
13.16343203,0.0,1.6545569896697998,0.0,0.0,1.0,2.0,positive,13.26413028
13.26413028,0.0,1.625296950340271,0.0,0.0,2.0,3.0,negative,13.24210783
13.24210783,0.0,0.7334091067314148,0.0,0.0,0.0,1.0,positive,13.30117128
13.30117128,0.0,0.0,0.0,0.0,1.0,2.0,positive,13.30550775
13.30550775,0.0,0.0,0.0,0.0,0.0,0.0,positive,13.37300773
13.37300773,0.0,1.5132400393486023,0.0,0.0,0.0,2.0,positive,13.47864214
13.47864214,0.0,0.8481295108795166,0.0,0.0,0.0,1.0,negative,13.44045233
13.44045233,0.0,0.0,0.0,0.0,1.0,2.0,negative,13.37215422
13.37215422,0.0,0.0,0.0,0.0,0.0,0.0,negative,13.28255394
13.28255394,0.0,0.0,0.0,0.0,0.0,1.0,positive,13.4063301
13.4063301,0.0,0.0,0.0,0.0,0.0,1.0,positive,13.4215682
13.4215682,0.0,0.0,0.0,0.0,0.0,0.0,positive,13.47068867
13.47068867,0.0,0.9415658712387084,0.0,0.0,0.0,1.0,negative,13.45402825
13.45402825,0.0,1.556413173675537,0.0,0.0,0.0,3.0,positive,13.63149584
13.63149584,0.0,0.0,0.0,0.8087322115898132,0.0,4.0,positive,14.01061074
14.01061074,0.0,0.0,0.0,0.0,0.0,0.0,negative,13.81383424
13.81383424,0.0,0.7472261786460876,0.0,0.0,0.0,2.0,negative,13.601913
13.601913,0.0,0.7163214683532715,0.0,0.0,0.0,1.0,positive,13.67963889
13.67963889,0.0,0.7092746496200562,0.0,0.0,1.0,1.0,positive,13.78098075
13.78098075,0.0,0.0,0.0,0.0,0.0,0.0,negative,13.76400888
13.76400888,0.0,0.785487174987793,0.0,0.0,0.0,2.0,positive,13.8644416
13.8644416,0.0,0.0,0.0,0.0,0.0,1.0,positive,13.91294256
13.91294256,0.8214000463485718,1.5812318921089172,0.0,0.0,1.0,2.0,negative,13.7655891
13.7655891,0.0,14.035987973213196,0.0,0.0,0.0,22.0,positive,13.80476784
13.80476784,0.0,10.229175984859468,0.0,0.7952362298965454,0.0,19.0,negative,13.67733739
13.67733739,0.0,4.1404330134391785,0.0,1.4968595504760742,1.0,14.0,positive,13.78771527
13.78771527,0.0,3.879575133323669,0.0,0.0,0.0,6.0,positive,13.89096585
13.89096585,0.0,3.179582118988037,0.0,0.0,0.0,6.0,positive,13.8958482
13.8958482,0.0,0.9528795480728148,0.0,0.0,0.0,3.0,negative,13.8245279
13.8245279,0.0,1.642788827419281,0.0,0.740360677242279,0.0,5.0,positive,13.86765557
13.86765557,0.0,3.98926454782486,0.0,0.716027021408081,0.0,8.0,positive,13.96199269
13.96199269,0.0,3.557371318340301,0.0,0.0,0.0,6.0,negative,13.9171485
13.9171485,0.0,4.025129795074463,0.0,0.0,0.0,6.0,negative,13.80773189
13.80773189,0.0,0.7223479747772217,0.0,0.0,0.0,3.0,negative,13.75953244
13.75953244,0.0,1.7032859325408936,0.0,0.0,1.0,5.0,positive,13.78781549
13.78781549,0.0,0.9427865743637084,0.0,0.0,0.0,5.0,negative,13.76803881
13.76803881,0.0,2.5510975122451782,0.0,0.0,0.0,3.0,negative,13.75237567
13.75237567,0.0,0.9735341668128968,0.0,0.0,0.0,1.0,negative,13.72400295
13.72400295,0.0,0.9822847843170166,0.0,0.0,1.0,3.0,positive,13.74740514
13.74740514,0.0,1.6185083985328674,0.0,0.0,0.0,2.0,negative,13.67486804
13.67486804,0.0,1.7567183375358582,0.0,0.0,0.0,2.0,positive,13.71403645
13.71403645,0.0,0.9261600971221924,0.0,0.0,0.0,1.0,positive,13.73498733
13.73498733,0.0,0.0,0.0,0.0,0.0,0.0,positive,13.75601721
13.75601721,0.0,0.0,0.0,0.0,0.0,0.0,negative,13.73144965
13.73144965,0.0,0.0,0.0,0.0,0.0,0.0,negative,13.72756255
13.72756255,0.0,0.0,0.0,0.0,1.0,2.0,negative,13.72340374
13.72340374,0.0,0.7154524922370911,0.0,0.0,0.0,1.0,negative,13.63680672
13.63680672,0.0,0.8645966649055481,0.0,0.0,1.0,1.0,negative,13.61917561
13.61917561,0.0,1.6777576804161072,0.0,0.0,0.0,5.0,negative,13.5645536
13.5645536,0.0,0.0,0.0,0.0,0.0,0.0,negative,13.54743335
13.54743335,0.0,0.0,0.0,0.0,0.0,0.0,positive,13.56595184
13.56595184,0.954127073287964,0.7889819741249084,0.0,0.0,2.0,1.0,positive,13.70775523
13.70775523,0.0,0.0,0.0,0.0,0.0,0.0,positive,13.73411627
13.73411627,0.0,0.0,0.0,0.0,0.0,0.0,positive,13.81981162
13.81981162,0.0,0.0,0.0,0.0,0.0,0.0,negative,13.77333222
13.77333222,0.0,0.0,0.0,0.0,0.0,0.0,negative,13.70718037
13.70718037,0.0,0.0,0.0,0.0,0.0,0.0,positive,13.77333693
13.77333693,0.0,7.251403391361237,0.0,0.0,0.0,8.0,positive,13.89333923
13.89333923,0.0,0.0,0.0,0.0,0.0,0.0,positive,13.93261542
13.93261542,0.0,0.0,0.0,0.0,0.0,0.0,positive,14.12381263
14.12381263,0.0,0.8285695314407349,0.0,0.0,0.0,1.0,negative,14.0144478
14.0144478,0.0,0.0,0.0,0.0,0.0,0.0,positive,14.17072264
14.17072264,0.0,0.0,0.0,0.0,0.0,0.0,positive,14.28019072
14.28019072,0.0,0.0,0.0,0.0,0.0,0.0,positive,14.32582879
14.32582879,0.0,0.0,0.0,0.0,0.0,0.0,negative,14.274642925
14.274642925,0.0,0.0,0.0,0.0,0.0,1.0,positive,14.2774158809
14.2774158809,0.0,0.9250319004058838,0.0,0.0,0.0,1.0,positive,14.44048778
14.44048778,0.0,0.7882282733917236,0.0,0.0,0.0,1.0,negative,14.26219692
14.26219692,0.0,0.0,0.0,0.0,1.0,0.0,positive,14.31381298
14.31381298,0.0,0.0,0.0,0.0,0.0,0.0,positive,14.55967418
14.55967418,0.0,1.5323311686515808,0.0,0.0,0.0,3.0,positive,14.74482326
14.74482326,0.0,0.0,0.0,0.0,1.0,0.0,positive,14.91079704
14.91079704,0.0,0.0,0.0,0.0,0.0,0.0,positive,14.9132812
14.9132812,0.0,0.0,0.0,0.0,0.0,0.0,negative,14.72050002
14.72050002,0.0,0.0,0.0,0.0,3.0,0.0,positive,14.90911347
14.90911347,0.0,0.0,0.0,0.0,0.0,0.0,positive,14.9095247
14.9095247,0.0,0.0,0.0,0.0,0.0,0.0,positive,15.08452138
15.08452138,0.0,0.7772931456565857,0.0,2.754925847053528,0.0,4.0,positive,15.1399125
15.1399125,0.0,0.0,0.0,0.0,0.0,1.0,negative,15.11449866
15.11449866,0.0,0.0,0.0,0.0,1.0,0.0,negative,14.92334981
14.92334981,0.0,0.8439287543296814,0.0,0.0,2.0,1.0,positive,14.96792604
14.96792604,0.0,0.0,0.0,0.0,0.0,1.0,negative,14.84093912
14.84093912,0.0,0.0,0.0,0.7467731237411499,0.0,1.0,positive,14.95439208
14.95439208,0.0,0.0,0.0,0.0,0.0,0.0,positive,15.1078007
15.1078007,0.0,0.0,0.0,0.0,0.0,1.0,positive,15.19361978
15.19361978,0.0,0.0,0.0,0.0,0.0,0.0,positive,15.21306139
15.21306139,0.8427442312240601,0.0,0.0,0.0,1.0,1.0,positive,15.27169218
15.27169218,0.0,0.0,0.0,0.0,0.0,0.0,positive,15.41781932
15.41781932,0.0,0.0,0.0,0.0,0.0,0.0,negative,15.28066627
15.28066627,0.0,0.0,0.0,0.0,0.0,1.0,negative,15.13481896
15.13481896,0.0,0.0,0.0,0.0,0.0,0.0,negative,15.07946462
15.07946462,0.0,0.0,0.0,0.0,0.0,0.0,negative,14.74299181
14.74299181,0.0,0.0,0.7898632884025574,0.0,1.0,0.0,positive,14.91705095
14.91705095,0.0,1.4999259114265442,0.0,0.0,0.0,2.0,positive,15.02601666
15.02601666,0.0,0.0,0.0,0.0,1.0,0.0,negative,14.89390181
14.89390181,0.0,0.0,0.0,0.0,0.0,0.0,negative,14.71808261
14.71808261,0.0,0.0,0.0,0.0,0.0,1.0,negative,14.70329894
14.70329894,0.7113814949989319,0.0,0.0,0.0,1.0,1.0,negative,14.41081184
14.41081184,0.0,0.0,0.0,0.0,0.0,0.0,positive,14.56185939
14.56185939,0.0,0.0,0.0,0.0,0.0,0.0,positive,14.59260432
14.59260432,0.0,0.0,0.7551077604293823,0.0,1.0,0.0,positive,14.68154729
14.68154729,0.0,0.0,0.0,0.0,0.0,0.0,negative,14.64120527
14.64120527,0.0,0.8861647248268127,0.0,1.730237066745758,0.0,4.0,negative,14.57035534
14.57035534,0.0,0.0,0.0,0.0,0.0,1.0,positive,14.75914871
14.75914871,0.0,0.0,0.0,0.0,0.0,0.0,positive,15.2038668
15.2038668,0.0,0.0,0.0,0.0,0.0,0.0,negative,15.16239016
15.16239016,0.0,1.5948976278305054,0.0,0.0,0.0,2.0,positive,15.23722182
15.23722182,0.0,0.0,0.8074133992195129,0.0,1.0,0.0,negative,14.98762846
14.98762846,0.0,0.0,0.0,0.0,0.0,0.0,positive,15.15382707
15.15382707,0.0,0.0,0.0,0.0,0.0,0.0,negative,15.03429698
15.03429698,0.0,0.0,0.0,0.0,0.0,0.0,negative,15.02899757
15.02899757,0.0,0.0,0.8397585153579712,0.0,2.0,1.0,negative,14.89728178
14.89728178,0.0,0.0,0.0,0.0,0.0,0.0,positive,14.96751516
14.96751516,0.0,1.7404292821884155,0.0,0.0,0.0,2.0,negative,14.89139375
14.89139375,0.0,0.0,0.0,0.0,1.0,1.0,positive,14.94330759
14.94330759,0.0,0.0,0.0,0.0,0.0,1.0,positive,14.97636578
14.97636578,0.0,0.0,0.0,0.0,1.0,0.0,positive,15.05352459
15.05352459,0.0,0.0,0.0,0.0,0.0,0.0,positive,15.06028396
15.06028396,0.0,0.0,0.0,0.0,0.0,4.0,negative,15.01302798
15.01302798,0.0,0.0,0.0,0.0,0.0,1.0,negative,15.00138669
15.00138669,0.0,0.0,0.0,0.0,0.0,0.0,positive,15.01771764
15.01771764,0.0,0.0,0.0,0.0,0.0,0.0,positive,15.03353635
15.03353635,0.0,0.0,0.0,0.0,0.0,2.0,positive,15.15726222
15.15726222,0.0,0.8677749037742615,0.0,0.0,0.0,1.0,negative,15.08933814
15.08933814,0.0,0.0,0.0,0.0,0.0,2.0,negative,15.0560765
15.0560765,0.0,0.0,0.0,0.0,0.0,0.0,positive,15.10386255
15.10386255,0.0,0.0,0.0,0.0,0.0,0.0,negative,15.01837385
15.01837385,0.0,0.0,0.0,0.0,0.0,0.0,positive,15.03791586
15.03791586,0.0,0.0,0.0,0.0,0.0,0.0,negative,14.98610313
14.98610313,0.0,0.0,0.0,0.0,1.0,1.0,positive,15.05384352
15.05384352,0.0,0.0,0.0,0.0,0.0,0.0,negative,15.05112291
15.05112291,0.0,0.0,0.0,0.0,0.0,0.0,negative,15.0300738303
15.0300738303,0.0,0.0,0.0,0.0,0.0,0.0,positive,15.09597119
15.09597119,0.0,0.0,0.0,0.0,0.0,0.0,positive,15.1726542
15.1726542,0.0,0.8091093301773071,0.0,0.0,0.0,1.0,negative,15.1243197164
15.1243197164,0.0,0.0,0.0,0.0,0.0,0.0,negative,15.1003363495
15.1003363495,0.0,0.0,0.7313594222068787,0.0,1.0,0.0,negative,15.03679466
15.03679466,0.0,0.0,0.0,0.0,0.0,0.0,negative,15.01464094
15.01464094,0.0,0.0,0.0,0.0,0.0,0.0,positive,15.1407952675
15.1407952675,0.0,0.0,0.0,0.0,0.0,0.0,negative,15.1159766088
15.1159766088,0.0,0.82713383436203,0.0,0.0,0.0,1.0,negative,15.01834245
15.01834245,0.0,0.0,0.0,0.0,0.0,0.0,negative,14.97524438
14.97524438,0.0,0.0,0.0,0.0,0.0,0.0,positive,14.98546665
14.98546665,0.0,0.0,0.0,0.0,0.0,0.0,negative,14.92837112
14.92837112,0.0,0.0,0.0,0.0,0.0,0.0,positive,14.98325636
14.98325636,0.0,0.0,0.0,0.0,0.0,0.0,negative,14.98202278
14.98202278,0.0,0.0,0.0,0.0,1.0,0.0,positive,15.0119411231
15.0119411231,0.0,0.0,0.0,0.0,0.0,0.0,positive,15.0221461938
15.0221461938,0.0,0.0,0.0,0.0,0.0,0.0,positive,15.0602276831
15.0602276831,0.0,0.0,0.0,0.0,0.0,0.0,positive,15.0682173
15.0682173,0.0,0.0,0.0,0.0,0.0,0.0,negative,15.03756173
15.03756173,0.0,0.0,0.0,0.0,0.0,0.0,negative,14.89531385
14.89531385,0.0,0.0,0.0,0.0,0.0,0.0,negative,14.56827517
14.56827517,0.0,0.0,0.0,0.0,0.0,0.0,negative,14.54954658
14.54954658,0.0,0.0,0.0,0.0,0.0,0.0,negative,14.18988741
14.18988741,0.0,0.0,0.0,0.0,0.0,0.0,negative,14.13402394
14.13402394,0.0,0.0,0.0,0.0,0.0,1.0,negative,14.017531
14.017531,0.0,0.0,0.0,0.0,0.0,0.0,negative,14.0051942105
14.0051942105,0.0,0.0,0.0,0.0,0.0,0.0,negative,13.9721098894
13.9721098894,0.0,3.997408449649811,0.0,0.0,0.0,34.0,positive,14.08434464
14.08434464,0.0,9.037363648414612,0.0,0.7740076184272766,0.0,29.0,negative,13.99641133
13.99641133,0.0,0.0,0.0,1.6072346568107605,0.0,14.0,negative,13.97649999
13.97649999,0.0,1.7678200006484983,0.0,0.0,0.0,9.0,negative,13.95675073
13.95675073,0.0,3.855420768260956,0.0,0.0,0.0,14.0,negative,13.85330234
13.85330234,0.0,0.7679306864738464,0.0,0.0,0.0,10.0,negative,13.68133065
13.68133065,0.0,2.531034827232361,0.0,0.0,0.0,5.0,positive,13.77656893
13.77656893,0.0,4.3247053027153015,0.0,0.0,0.0,7.0,positive,13.85863606
13.85863606,0.0,0.0,0.0,0.0,0.0,1.0,positive,13.88367195
13.88367195,0.0,1.5770893096923828,0.0,0.0,0.0,2.0,positive,13.93672118
13.93672118,0.0,0.0,0.0,0.0,0.0,2.0,negative,13.89161817
13.89161817,0.0,1.7358421683311462,0.0,0.0,0.0,3.0,positive,13.97789044
13.97789044,0.0,0.0,0.0,0.0,0.0,3.0,negative,13.86913721
13.86913721,0.0,0.0,0.0,0.8120406866073608,0.0,1.0,negative,13.73772352
13.73772352,0.0,0.7633417248725891,0.0,0.0,0.0,2.0,positive,13.79486285
13.79486285,0.0,0.783859372138977,0.0,0.0,0.0,2.0,positive,13.87449929
13.87449929,0.0,0.0,0.0,0.0,0.0,0.0,negative,13.86803485
13.86803485,0.0,0.0,0.0,0.0,0.0,4.0,positive,14.00158614
14.00158614,0.0,0.8141586184501648,0.0,0.0,0.0,2.0,negative,13.95890589
13.95890589,0.0,0.0,0.0,0.0,0.0,1.0,positive,14.05017968
14.05017968,0.0,2.9982675313949585,0.0,0.0,0.0,12.0,positive,14.05531608
14.05531608,0.0,1.462319791316986,0.0,0.0,0.0,10.0,negative,13.94407605
13.94407605,0.0,3.059595763683319,0.0,0.0,0.0,6.0,positive,13.94759768
13.94759768,0.0,0.8326635956764221,0.0,0.0,0.0,5.0,negative,13.85875489
13.85875489,0.0,5.405411243438721,0.0,0.0,0.0,15.0,negative,13.83543961
13.83543961,0.0,0.7755613923072815,0.0,0.0,0.0,1.0,positive,13.95085265
13.95085265,0.0,1.5624655485153198,0.0,0.7326348423957825,0.0,3.0,negative,13.9220369
13.9220369,0.0,1.6942557096481323,0.0,0.0,0.0,6.0,negative,13.86717555
13.86717555,0.0,0.7884732484817505,0.0,0.0,0.0,1.0,negative,13.81384503
13.81384503,0.0,0.8667951822280884,0.0,0.0,0.0,1.0,positive,13.82259418
13.82259418,0.0,0.7865305542945862,0.0,0.0,0.0,2.0,negative,13.77471363
13.77471363,0.0,0.0,0.9845649600028992,0.0,1.0,2.0,negative,13.70387456
13.70387456,0.0,0.0,0.0,0.0,0.0,2.0,negative,13.68864941
13.68864941,0.0,0.0,0.0,0.0,0.0,0.0,positive,13.70066364
13.70066364,0.0,0.0,0.0,0.0,0.0,0.0,negative,13.68740743
13.68740743,0.0,0.0,0.0,0.0,0.0,0.0,positive,13.70517175
13.70517175,0.0,0.0,0.8163594603538513,0.0,1.0,1.0,positive,13.75188976
13.75188976,0.0,0.0,0.0,0.0,0.0,0.0,positive,13.80428786
13.80428786,0.0,0.0,0.0,0.0,0.0,0.0,positive,13.8501345744
13.8501345744,0.0,0.0,0.0,0.0,0.0,1.0,positive,13.92813896
13.92813896,0.0,0.0,0.0,0.0,0.0,0.0,negative,13.783714821
13.783714821,0.0,0.8557408452033997,0.0,0.0,0.0,1.0,positive,13.78501485
13.78501485,0.0,1.5461410284042358,0.0,0.0,0.0,2.0,positive,13.79755386
13.79755386,0.0,2.226376891136169,0.0,0.0,0.0,4.0,positive,13.82024333
13.82024333,0.0,0.0,0.0,0.0,0.0,0.0,positive,13.83532535
13.83532535,0.0,0.7077586650848389,0.0,0.0,0.0,1.0,positive,13.85006117
13.85006117,0.0,1.5293890237808228,0.0,0.0,0.0,2.0,negative,13.83841727
13.83841727,0.0,0.0,0.0,0.0,0.0,0.0,positive,13.9131845915
13.9131845915,0.0,0.0,0.0,0.0,0.0,0.0,negative,13.9075707404
13.9075707404,0.0,1.616058349609375,0.0,0.0,0.0,2.0,positive,13.98766184
13.98766184,0.0,2.4704822301864624,0.0,0.0,0.0,3.0,positive,14.20949796
14.20949796,0.0,0.0,0.0,0.0,0.0,0.0,positive,14.32598729
14.32598729,0.0,0.0,0.0,0.0,0.0,2.0,positive,14.46879503
14.46879503,0.0,0.0,0.0,0.0,0.0,0.0,positive,14.52010773
14.52010773,0.0,4.121830403804779,0.0,0.0,0.0,13.0,positive,14.69082919
14.69082919,0.0,0.0,0.0,0.0,0.0,3.0,negative,14.62076707
14.62076707,0.0,0.0,0.0,0.0,0.0,3.0,negative,14.5039146698
14.5039146698,0.0,0.0,0.0,0.0,0.0,2.0,positive,14.70336873
14.70336873,0.0,0.0,0.0,0.0,0.0,0.0,negative,14.61897158
14.61897158,0.0,0.0,0.0,0.0,0.0,0.0,positive,14.70023515
14.70023515,0.0,0.0,0.0,0.0,0.0,0.0,negative,14.4412853378
14.4412853378,0.0,0.8088528513908386,0.0,0.0,1.0,1.0,negative,14.3751106
14.3751106,0.0,0.0,0.0,0.0,1.0,0.0,negative,13.93810846
13.93810846,0.0,0.0,0.0,0.0,0.0,0.0,negative,13.77764784
13.77764784,0.0,0.0,0.0,0.0,0.0,0.0,positive,13.80395083
13.80395083,0.0,0.0,0.0,0.0,0.0,1.0,negative,13.74789033
13.74789033,0.0,0.0,0.0,0.0,0.0,0.0,positive,13.93157619
13.93157619,0.0,0.7007876634597778,0.0,0.0,0.0,5.0,negative,13.90120114
13.90120114,0.0,0.0,0.0,0.7841870188713074,1.0,2.0,positive,13.9776374808
13.9776374808,0.0,0.8417758941650391,0.0,0.0,0.0,1.0,negative,13.90019616
13.90019616,0.0,0.0,0.0,0.0,0.0,1.0,positive,13.947274254
13.947274254,0.0,0.7872682213783264,0.0,0.0,0.0,2.0,negative,13.87138016
13.87138016,0.0,0.0,0.0,0.0,0.0,1.0,positive,14.5893466369
14.5893466369,0.0,4.003035724163055,0.0,0.0,0.0,8.0,positive,14.7402437194
14.7402437194,0.0,0.8596012592315674,0.0,0.7726463675498962,0.0,6.0,negative,14.44789163
14.44789163,0.0,0.0,0.0,0.0,0.0,2.0,negative,14.31755264
14.31755264,0.0,0.0,0.0,0.0,0.0,2.0,positive,14.41530947
14.41530947,0.0,0.0,0.0,0.0,0.0,0.0,positive,14.62776071
14.62776071,0.0,0.0,0.0,0.7826389074325562,0.0,2.0,negative,14.60832052
14.60832052,0.0,0.0,0.0,0.0,0.0,2.0,positive,14.63823736
14.63823736,0.0,1.475109875202179,0.0,0.0,0.0,2.0,positive,14.6925240849
14.6925240849,0.0,4.039695382118225,0.0,0.963089883327484,0.0,6.0,positive,14.7810687829
14.7810687829,0.0,0.0,0.0,0.0,0.0,1.0,positive,14.78829965
14.78829965,0.0,0.8257963061332703,0.0,0.0,0.0,3.0,negative,14.75665708
14.75665708,0.0,0.0,0.0,0.0,0.0,0.0,positive,14.90691343
14.90691343,0.0,0.0,0.0,0.0,0.0,1.0,positive,15.03442657
15.03442657,0.0,0.0,0.0,0.0,0.0,0.0,negative,14.9380559484
14.9380559484,0.0,0.0,0.0,0.0,0.0,1.0,positive,15.1924832733
15.1924832733,0.0,0.0,0.0,0.0,0.0,0.0,positive,15.2909464903
15.2909464903,0.0,0.0,0.0,0.0,1.0,0.0,positive,15.4308224456
15.4308224456,0.0,0.0,0.0,0.0,0.0,2.0,negative,15.41270695
15.41270695,0.0,1.5464392304420471,0.0,0.7377580404281616,0.0,3.0,negative,15.39891653
15.39891653,0.0,1.5528375506401062,0.0,0.0,0.0,4.0,positive,15.42078182
15.42078182,0.0,3.512695908546448,0.0,0.0,0.0,5.0,negative,15.33181202
15.33181202,0.0,6.3768815994262695,0.0,0.0,0.0,19.0,positive,15.428034
15.428034,0.0,0.73594731092453,0.0,0.0,0.0,3.0,positive,15.46980328
15.46980328,0.0,0.0,0.0,0.0,0.0,0.0,negative,15.4629818175
15.4629818175,0.0,0.0,0.0,0.0,0.0,1.0,positive,15.52175875
15.52175875,0.0,0.0,0.0,0.0,0.0,0.0,positive,15.70090338
15.70090338,0.0,0.0,0.0,0.0,0.0,1.0,positive,15.83094023
15.83094023,0.0,0.707852840423584,0.0,0.0,0.0,2.0,negative,15.78765676
15.78765676,0.0,0.8679723739624023,0.0,0.0,0.0,5.0,negative,15.77301856
15.77301856,0.0,5.080507814884186,0.0,0.0,1.0,7.0,negative,15.7683350797
15.7683350797,0.0,0.0,0.0,0.0,0.0,0.0,negative,15.6723472319
15.6723472319,0.0,1.4891396164894104,0.0,0.9195886254310608,2.0,3.0,positive,15.70653148
15.70653148,0.0,0.9385106563568116,0.0,0.0,0.0,2.0,negative,15.61911504
15.61911504,0.0,0.0,0.0,0.0,0.0,1.0,negative,15.4697576628
15.4697576628,0.0,0.0,0.0,0.0,0.0,0.0,positive,15.5512198054
15.5512198054,0.0,0.0,0.0,0.0,0.0,0.0,positive,15.6106604712
15.6106604712,0.0,2.440993309020996,0.0,0.0,0.0,3.0,negative,15.5426783062
15.5426783062,0.0,0.0,0.0,0.0,0.0,0.0,positive,15.64449404
15.64449404,0.0,0.0,0.806787371635437,0.0,2.0,0.0,positive,15.7420002
15.7420002,0.0,0.0,0.0,0.0,0.0,0.0,positive,15.7837916
15.7837916,0.0,0.0,0.0,0.0,0.0,0.0,negative,15.74550703
15.74550703,0.0,0.7520299553871155,0.0,0.0,0.0,2.0,positive,15.7461293511
15.7461293511,0.0,0.0,0.0,2.5182778239250183,0.0,7.0,negative,15.71333769
15.71333769,0.0,3.312315881252289,0.0,0.0,0.0,7.0,negative,15.6103995
15.6103995,0.0,1.70403254032135,0.0,0.0,0.0,4.0,negative,15.59535996
15.59535996,0.0,0.0,0.0,0.0,0.0,2.0,negative,15.44042414
15.44042414,0.0,1.72627991437912,0.0,0.0,0.0,5.0,negative,15.4384097114
15.4384097114,0.0,0.8475205898284912,0.0,0.0,0.0,2.0,negative,15.37468739
15.37468739,0.0,0.0,0.8597776889801025,0.0,1.0,1.0,negative,15.31359831
15.31359831,0.0,0.8475205898284912,0.0,0.0,0.0,1.0,negative,14.9737092
14.9737092,0.0,1.59199857711792,0.0,0.0,0.0,5.0,positive,15.00994981
15.00994981,0.0,0.7274331450462341,0.0,0.0,0.0,2.0,positive,15.0488501308
15.0488501308,0.0,0.732264518737793,0.0,0.0,0.0,2.0,negative,14.89796134
14.89796134,0.0,0.0,0.0,0.0,0.0,0.0,positive,14.95332126
14.95332126,0.0,0.0,0.0,0.0,0.0,0.0,positive,15.02312168
15.02312168,0.0,0.0,0.0,0.0,0.0,0.0,negative,15.01853619
15.01853619,0.0,0.0,0.0,0.0,0.0,0.0,positive,15.06331819
15.06331819,0.0,0.7086067795753479,0.0,0.0,0.0,1.0,negative,15.02446634
15.02446634,0.0,0.0,0.0,0.0,0.0,0.0,negative,14.96042988
14.96042988,0.0,0.0,0.0,0.0,0.0,1.0,negative,14.94596274
14.94596274,0.0,0.0,0.0,0.0,0.0,0.0,negative,14.59392733
14.59392733,0.0,0.0,0.0,0.0,0.0,0.0,negative,14.44160895
14.44160895,0.0,0.0,0.0,0.0,0.0,0.0,positive,14.60183465
14.60183465,0.0,0.0,0.0,0.0,0.0,1.0,positive,14.61334971
14.61334971,0.0,0.0,0.0,0.0,0.0,1.0,positive,14.67434325
14.67434325,0.0,0.0,0.0,0.0,0.0,1.0,negative,14.67414167
14.67414167,0.0,0.0,0.0,1.6156532764434814,0.0,2.0,negative,14.63123855
14.63123855,0.0,0.7171967029571533,0.0,0.0,0.0,1.0,positive,15.00403851
15.00403851,0.0,0.0,0.0,0.0,0.0,0.0,positive,15.17888643
15.17888643,0.0,4.183947861194611,0.0,0.0,0.0,6.0,positive,15.52009582
15.52009582,0.0,0.0,0.0,0.0,0.0,0.0,negative,15.42800819
15.42800819,0.0,0.0,0.0,0.0,0.0,0.0,negative,15.29246218
15.29246218,0.0,1.6681638956069946,0.0,0.0,0.0,3.0,positive,15.46483516
15.46483516,0.0,0.0,0.0,0.0,0.0,0.0,positive,15.50379593
15.50379593,0.0,0.8308001160621643,0.0,0.0,0.0,1.0,negative,15.42693061
15.42693061,0.0,0.0,0.0,0.0,0.0,1.0,positive,15.48743345
15.48743345,0.0,0.7516864538192749,0.0,0.0,0.0,2.0,positive,15.54367704
15.54367704,0.0,0.7557449340820312,0.0,0.0,0.0,1.0,negative,15.4579434199
15.4579434199,0.7911098003387451,0.0,0.0,0.0,1.0,0.0,negative,15.414590213
15.414590213,0.0,0.0,0.0,0.0,0.0,0.0,positive,15.43307342
15.43307342,0.0,0.0,0.0,0.0,0.0,0.0,negative,15.41421274
15.41421274,0.0,0.0,0.0,0.0,0.0,1.0,positive,15.49164302
15.49164302,0.0,0.0,0.0,0.0,0.0,0.0,negative,15.4354044
15.4354044,0.0,0.0,0.0,0.0,0.0,0.0,positive,15.562983409
15.562983409,0.0,0.0,0.0,0.0,0.0,0.0,positive,15.7009929683
15.7009929683,0.0,0.0,0.0,0.0,0.0,0.0,negative,15.67980761
15.67980761,0.0,0.0,0.0,1.504231572151184,0.0,2.0,positive,15.68159317
15.68159317,0.0,0.0,0.0,0.0,0.0,0.0,negative,15.6098467369
15.6098467369,0.0,0.0,0.0,0.0,0.0,0.0,negative,15.5186148451
15.5186148451,0.0,0.8222614526748657,0.0,0.0,0.0,3.0,negative,15.36955093
15.36955093,0.0,1.7230509519577026,0.0,0.0,0.0,4.0,positive,15.46322582
15.46322582,0.0,0.0,0.0,0.0,0.0,0.0,positive,15.51588134
15.51588134,0.0,0.8720663189888,0.0,0.0,0.0,1.0,positive,15.5622255146
15.5622255146,0.0,0.8229929208755493,0.0,0.0,0.0,3.0,positive,15.74470997
15.74470997,0.0,5.583730161190033,0.0,0.0,1.0,13.0,positive,15.84344135
15.84344135,0.0,1.7812519073486328,0.0,0.0,0.0,2.0,positive,15.87120934
15.87120934,0.0,1.463345468044281,0.0,0.7571786046028137,0.0,4.0,negative,15.72955449
15.72955449,0.0,0.0,0.0,0.0,0.0,0.0,positive,15.80978089
15.80978089,0.0,0.7518063187599182,0.9807168245315552,0.0,2.0,1.0,negative,15.67177161
15.67177161,0.0,0.0,0.0,0.0,0.0,1.0,negative,15.5895630851
15.5895630851,0.0,0.0,0.0,0.0,1.0,1.0,positive,15.69401554
15.69401554,0.0,1.4708545207977295,0.0,0.0,0.0,2.0,positive,15.7136988
15.7136988,0.0,0.0,0.0,0.0,1.0,0.0,negative,15.62690211
15.62690211,0.0,0.7632578015327454,0.0,0.0,0.0,1.0,negative,15.6265058436
15.6265058436,0.0,0.0,0.0,0.0,0.0,1.0,positive,15.69918475
15.69918475,0.0,0.0,0.0,0.0,0.0,0.0,negative,15.67177235
15.67177235,0.0,0.0,0.0,0.0,0.0,0.0,negative,15.61411905
15.61411905,1.6958473324775696,0.0,0.0,0.0,2.0,0.0,positive,15.74920627
15.74920627,0.0,0.0,0.0,0.0,0.0,0.0,negative,15.73508273
15.73508273,0.0,0.0,0.0,0.0,0.0,1.0,positive,15.8986351025
15.8986351025,0.0,0.0,0.0,0.0,0.0,0.0,positive,15.90744331
15.90744331,0.0,1.77829909324646,0.0,0.0,0.0,2.0,positive,16.05908564
16.05908564,0.0,0.0,0.0,0.0,0.0,5.0,negative,16.03413743
16.03413743,0.0,0.8758699893951416,0.0,0.0,0.0,2.0,negative,15.99145671
15.99145671,0.0,0.7260507941246033,0.0,0.0,0.0,3.0,positive,16.04386673
16.04386673,0.0,0.0,0.0,0.0,0.0,0.0,negative,15.94222245
15.94222245,0.0,0.9744334816932678,0.0,0.0,1.0,3.0,positive,15.9826061034
15.9826061034,0.0,0.8114414811134338,0.0,0.0,0.0,2.0,negative,15.95587089
15.95587089,0.0,1.5826111435890198,0.0,0.0,0.0,2.0,positive,16.02745698
16.02745698,0.7853375673294067,0.7705821394920349,0.0,0.0,1.0,1.0,positive,16.06905788
16.06905788,0.0,0.0,0.0,0.0,1.0,1.0,positive,16.07015402
16.07015402,0.0,0.0,0.0,0.0,0.0,0.0,negative,16.01338979
16.01338979,0.0,2.70236998796463,0.0,0.0,0.0,3.0,positive,16.38133602
16.38133602,0.0,3.5146329402923584,0.0,0.8670757412910461,0.0,5.0,positive,16.40329432
16.40329432,0.0,0.7582718133926392,0.0,0.0,0.0,4.0,positive,16.40676115
16.40676115,0.0,1.5431506037712095,0.0,0.0,0.0,3.0,negative,16.37689037
16.37689037,0.0,0.0,0.0,0.0,0.0,3.0,positive,16.4165833185
16.4165833185,0.0,0.0,0.0,0.0,2.0,2.0,positive,16.42453588
16.42453588,0.0,0.0,0.0,0.0,0.0,0.0,negative,16.40962607
16.40962607,0.0,0.8193963170051575,0.0,0.0,0.0,3.0,positive,16.47811893
16.47811893,0.0,0.0,0.0,0.0,0.0,0.0,positive,16.56677108
16.56677108,0.0,0.7624868154525757,0.0,0.0,0.0,2.0,positive,16.63000795
16.63000795,0.0,0.0,0.0,0.0,0.0,0.0,negative,16.59317347
16.59317347,0.8596042990684509,0.0,0.0,0.0,1.0,1.0,negative,16.55561527
16.55561527,0.0,0.0,0.0,0.0,0.0,0.0,negative,16.51886329
16.51886329,0.0,0.0,0.0,0.0,0.0,0.0,positive,16.6228576102
16.6228576102,0.0,0.0,0.0,0.0,0.0,0.0,positive,16.6619411359
16.6619411359,0.0,0.0,0.0,0.0,0.0,0.0,negative,16.55912356
16.55912356,0.0,0.0,0.0,0.0,0.0,1.0,negative,16.30739333
16.30739333,0.0,0.0,0.0,0.700826108455658,0.0,2.0,positive,16.3764296191
16.3764296191,0.0,1.6386166214942932,0.0,0.0,0.0,2.0,negative,16.34087115
16.34087115,0.0,0.0,0.0,0.0,0.0,0.0,positive,16.3448789463
16.3448789463,0.0,1.6541078090667725,0.0,0.0,0.0,2.0,positive,16.3675278421
16.3675278421,0.0,0.7899890542030334,0.0,0.7083722352981567,0.0,2.0,positive,16.48324375
16.48324375,0.0,0.8085775375366211,0.0,0.0,0.0,1.0,negative,16.39793835
16.39793835,0.0,0.0,0.0,0.0,0.0,0.0,positive,16.44724522
16.44724522,0.0,0.0,0.0,0.0,0.0,1.0,negative,16.21246114
16.21246114,0.0,0.8439652323722839,0.0,0.0,0.0,2.0,positive,16.24760277
16.24760277,0.0,0.0,0.0,0.0,1.0,0.0,negative,16.15722655
16.15722655,0.0,0.8550504446029663,0.0,0.0,0.0,2.0,positive,16.25804893
16.25804893,0.0,0.0,0.0,0.0,0.0,0.0,positive,16.31270839
16.31270839,0.0,0.0,0.0,0.0,0.0,2.0,negative,16.2914174841
16.2914174841,0.0,0.0,0.0,0.0,0.0,0.0,negative,16.2601328942
16.2601328942,0.0,0.0,0.0,0.0,0.0,0.0,negative,16.22052746
16.22052746,0.0,0.0,0.0,0.0,0.0,0.0,positive,16.27101556
16.27101556,0.0,0.0,0.0,0.0,0.0,0.0,positive,16.31042658
16.31042658,0.0,0.0,0.0,0.0,0.0,0.0,negative,16.13993174
16.13993174,0.0,1.4258082509040833,0.0,0.0,0.0,4.0,positive,16.28840642
16.28840642,0.0,0.0,0.0,0.0,0.0,0.0,positive,16.30882024
16.30882024,0.0,0.7139066457748413,0.0,0.0,0.0,1.0,positive,16.33609669
16.33609669,0.0,0.0,0.0,0.0,0.0,1.0,positive,16.43056669
16.43056669,0.0,0.0,0.0,0.0,0.0,0.0,negative,16.3989225
16.3989225,0.0,0.0,0.0,0.0,0.0,0.0,negative,16.35386517
16.35386517,0.0,0.8086456656455994,0.0,0.0,0.0,1.0,positive,16.35448002
16.35448002,0.0,0.7134703397750854,0.0,0.0,0.0,15.0,positive,16.37672511
16.37672511,0.0,0.0,0.0,0.0,0.0,0.0,negative,16.27743737
16.27743737,0.0,0.7228326201438904,0.0,0.0,0.0,1.0,negative,16.25954654
16.25954654,0.0,0.0,0.0,0.0,0.0,0.0,negative,16.19498482
16.19498482,0.0,0.7103439569473267,0.0,0.0,1.0,1.0,negative,15.85612438
15.85612438,0.0,0.0,0.0,0.0,0.0,1.0,positive,15.94018584
15.94018584,0.0,0.8046810626983643,0.0,0.0,0.0,1.0,negative,15.88508319
15.88508319,0.0,0.0,0.0,0.946959674358368,0.0,4.0,negative,15.88091498
15.88091498,0.0,0.0,0.0,0.0,0.0,0.0,positive,15.95240963
15.95240963,0.0,0.0,0.0,0.0,1.0,0.0,negative,15.86568744
15.86568744,0.0,0.0,0.0,0.0,1.0,0.0,negative,15.44860125
15.44860125,0.0,1.4997564554214478,0.0,0.0,0.0,4.0,negative,15.33900564
15.33900564,0.0,0.0,0.0,0.0,0.0,0.0,negative,15.11971872
15.11971872,0.0,1.625941276550293,0.0,0.0,0.0,2.0,positive,15.31358348
15.31358348,0.0,0.0,0.0,0.0,0.0,0.0,negative,15.28513521
15.28513521,0.0,0.0,0.0,0.0,0.0,1.0,positive,15.34579247
15.34579247,0.0,0.0,0.0,0.0,0.0,1.0,negative,15.08540326
15.08540326,0.0,0.0,0.0,0.0,0.0,0.0,positive,15.38786367
15.38786367,0.0,0.0,0.0,0.0,0.0,0.0,positive,15.4486656
15.4486656,0.0,0.0,0.0,0.0,0.0,1.0,negative,15.27788723
15.27788723,0.0,0.8154716491699219,0.0,0.0,0.0,1.0,positive,15.34423607
15.34423607,0.0,0.0,0.0,0.0,0.0,0.0,positive,15.3530176947
15.3530176947,0.0,0.0,0.0,0.0,0.0,1.0,positive,15.4424064606
15.4424064606,0.0,0.7556616067886353,0.0,0.0,0.0,1.0,negative,15.36999699
15.36999699,0.0,1.685621976852417,0.0,0.0,0.0,3.0,negative,15.28542227
15.28542227,0.0,0.8545148968696594,0.0,0.0,0.0,2.0,negative,15.21098119
15.21098119,0.0,0.7946701049804688,0.0,0.0,0.0,3.0,negative,15.01586006
15.01586006,0.0,0.0,0.0,0.8371139764785767,0.0,4.0,positive,15.0379207706
15.0379207706,0.0,0.0,0.0,0.0,0.0,1.0,negative,14.90553352
14.90553352,0.0,0.7314196825027466,0.0,0.0,0.0,2.0,positive,14.98117195
14.98117195,0.0,0.8229741454124451,0.0,0.0,0.0,2.0,positive,15.00214723
15.00214723,0.0,0.7314196825027466,0.0,0.0,0.0,1.0,positive,15.0835701086
15.0835701086,0.0,0.7314196825027466,0.0,0.0,0.0,2.0,negative,15.0137898502
15.0137898502,0.0,3.6534883975982666,0.0,0.0,0.0,5.0,positive,15.14521733
15.14521733,0.0,1.5089430212974548,0.0,0.0,0.0,3.0,positive,15.24998988
15.24998988,0.0,4.0215800404548645,0.0,0.0,0.0,6.0,positive,15.2749669805
15.2749669805,0.0,0.7314196825027466,0.0,0.0,0.0,1.0,positive,15.28501645
15.28501645,0.0,1.673107028007507,0.0,0.0,0.0,3.0,positive,15.30404704
15.30404704,0.0,0.0,0.0,0.0,0.0,0.0,positive,15.31160869
15.31160869,0.0,0.0,0.0,0.0,0.0,0.0,negative,15.24257942
15.24257942,0.7521534562110901,0.0,0.0,0.0,1.0,0.0,negative,15.20577221
15.20577221,0.0,0.0,0.0,0.0,0.0,0.0,negative,15.17026321
15.17026321,0.0,0.0,0.0,0.0,0.0,0.0,negative,15.08378529
15.08378529,0.0,0.0,0.0,0.0,0.0,1.0,positive,15.25547751
15.25547751,0.0,2.19425904750824,0.0,0.0,0.0,3.0,negative,15.17042184
15.17042184,0.0,0.0,0.0,0.0,0.0,1.0,positive,15.23343273
15.23343273,0.0,1.5002792477607727,0.0,0.0,0.0,2.0,positive,15.30421348
15.30421348,0.0,0.7314196825027466,0.0,0.0,0.0,1.0,positive,15.38482595
15.38482595,0.0,0.0,0.0,0.0,0.0,0.0,positive,15.48982073
15.48982073,0.0,0.0,0.0,0.0,0.0,0.0,negative,15.3851769562
15.3851769562,0.0,0.8542548418045044,0.0,4.267096757888794,0.0,9.0,positive,15.47530553
15.47530553,0.0,0.7280275821685791,0.0,0.0,0.0,5.0,negative,15.41068799
15.41068799,0.0,0.793662965297699,0.0,0.0,0.0,1.0,positive,15.42777359
15.42777359,0.0,1.6016179323196411,0.0,0.0,0.0,3.0,negative,15.40780036
15.40780036,0.0,0.8174139261245728,0.0,0.0,0.0,1.0,positive,15.56314507
15.56314507,0.0,0.7942768335342407,0.0,0.0,0.0,2.0,positive,15.79883119
15.79883119,0.0,0.0,0.0,0.0,0.0,0.0,positive,15.82753532
15.82753532,0.0,0.0,0.0,0.9858180284500122,0.0,1.0,negative,15.71260839
15.71260839,0.0,0.0,0.0,0.0,0.0,0.0,negative,15.6783351193
15.6783351193,0.0,0.0,0.0,0.0,0.0,0.0,positive,15.74059551
15.74059551,0.0,0.0,0.0,0.0,0.0,0.0,negative,15.72079453
15.72079453,0.0,0.0,0.0,0.0,0.0,1.0,negative,15.67137851
15.67137851,0.0,0.0,0.0,0.0,0.0,0.0,negative,15.62023327
15.62023327,0.0,0.0,0.0,0.0,0.0,0.0,positive,15.67291009
15.67291009,0.0,0.0,0.0,0.0,1.0,0.0,positive,15.69316032
15.69316032,0.0,0.0,0.0,0.0,0.0,2.0,positive,15.72341138
15.72341138,0.0,0.0,0.0,0.0,0.0,0.0,positive,15.75634988
15.75634988,0.0,0.0,0.0,0.0,0.0,0.0,positive,15.82153064
15.82153064,0.0,0.8290063142776489,0.7493879795074463,0.0,1.0,1.0,negative,15.77125289
15.77125289,0.0,0.0,0.0,0.0,0.0,0.0,negative,15.68719442
15.68719442,0.0,0.0,0.0,0.0,0.0,0.0,negative,15.62892287
15.62892287,0.0,0.0,0.0,0.0,0.0,0.0,negative,15.56542319
15.56542319,0.0,0.0,0.0,0.0,0.0,0.0,positive,15.6347742001
15.6347742001,0.0,0.9173738956451416,0.0,0.0,0.0,1.0,negative,15.63115432
15.63115432,0.0,0.0,0.0,0.0,0.0,0.0,negative,15.6253896119
15.6253896119,0.0,0.0,0.0,0.0,0.0,0.0,positive,15.66165563
15.66165563,0.0,0.0,0.0,0.0,0.0,1.0,negative,15.6457367
15.6457367,0.0,0.0,0.0,0.0,1.0,1.0,positive,15.72600784
15.72600784,0.0,0.0,0.0,0.0,0.0,0.0,positive,15.82589917
15.82589917,0.7350468039512634,0.0,0.0,0.0,1.0,0.0,positive,16.00853901
16.00853901,0.0,0.0,0.0,0.0,1.0,0.0,positive,16.08757612
16.08757612,0.0,0.0,0.0,0.0,0.0,0.0,negative,16.05700994
16.05700994,0.0,0.0,0.0,0.0,0.0,0.0,negative,16.0371105259
16.0371105259,0.0,0.7150508165359497,0.0,0.0,1.0,1.0,positive,16.06088981
16.06088981,0.0,0.0,0.0,0.0,0.0,0.0,negative,15.93593835
15.93593835,0.0,0.0,0.0,0.0,1.0,0.0,positive,15.97136518
15.97136518,0.0,0.0,0.0,0.0,0.0,0.0,positive,16.028882259
16.028882259,0.0,0.7995234131813049,0.0,0.0,0.0,3.0,negative,15.9865718602
15.9865718602,0.0,0.0,0.0,0.0,0.0,0.0,positive,16.00620855
16.00620855,0.0,0.9212523102760316,0.0,0.0,0.0,1.0,positive,16.18076967
16.18076967,0.0,0.8111805319786072,0.0,0.0,0.0,1.0,negative,16.1544656
16.1544656,0.0,0.0,0.0,0.0,0.0,0.0,positive,16.19777516
16.19777516,0.0,0.0,0.0,0.0,0.0,0.0,positive,16.2103037017
16.2103037017,0.0,0.0,0.0,0.0,0.0,1.0,positive,16.291054
16.291054,0.0,0.0,0.0,0.0,0.0,0.0,negative,16.28922998
16.28922998,0.0,0.0,0.0,0.0,0.0,0.0,negative,16.28697214
16.28697214,0.0,0.0,0.0,0.0,0.0,0.0,negative,16.28024512
16.28024512,0.0,0.0,0.0,0.0,0.0,0.0,negative,16.25947427
16.25947427,0.0,0.8270676732063293,0.0,0.0,0.0,1.0,negative,16.23298191
16.23298191,0.0,0.0,0.0,0.0,0.0,0.0,negative,16.1958554613
16.1958554613,0.0,0.0,0.0,0.0,0.0,0.0,negative,16.0647339977
16.0647339977,0.0,0.0,0.0,0.0,0.0,0.0,negative,16.03569635
16.03569635,0.0,0.0,0.0,0.0,0.0,0.0,positive,16.10544685
16.10544685,0.0,0.0,0.0,0.0,0.0,1.0,negative,15.98738954
15.98738954,0.0,0.0,0.0,0.0,0.0,0.0,positive,16.0481174461
16.0481174461,0.0,0.0,0.0,0.0,0.0,0.0,positive,16.08576453
16.08576453,0.0,0.8927441835403442,0.0,0.0,0.0,2.0,negative,16.07087593
16.07087593,0.0,0.8898519277572632,0.0,0.0,0.0,2.0,negative,16.05463965
16.05463965,0.0,0.0,0.0,0.0,0.0,0.0,negative,16.02943249
16.02943249,0.0,0.0,0.0,0.0,0.0,1.0,positive,16.0722977456
16.0722977456,0.0,0.0,0.0,0.0,0.0,0.0,positive,16.08276498
16.08276498,0.0,0.0,0.0,0.0,0.0,0.0,negative,16.0041441
16.0041441,0.0,0.8502042293548584,0.0,0.0,0.0,2.0,positive,16.0130184564
16.0130184564,0.0,0.0,0.0,0.0,1.0,0.0,negative,15.97446929
15.97446929,0.0,0.0,0.0,0.0,0.0,0.0,positive,15.99458982
15.99458982,0.0,0.0,0.0,0.0,0.0,0.0,positive,16.12140702
16.12140702,0.0,0.8091030716896057,0.0,0.0,0.0,2.0,negative,16.03482232
16.03482232,0.0,0.0,0.0,0.0,0.0,0.0,positive,16.04728382
16.04728382,0.0,0.0,0.0,0.7398242354393005,0.0,1.0,positive,16.2212184463
16.2212184463,0.0,0.705154538154602,0.0,0.0,0.0,1.0,positive,16.24494677
16.24494677,0.0,0.7725916504859924,0.0,0.0,0.0,1.0,negative,16.21245799
16.21245799,0.0,0.7522382736206055,0.0,0.0,0.0,1.0,positive,16.22481838
16.22481838,0.0,0.0,0.0,0.0,0.0,0.0,positive,16.29422084
16.29422084,0.0,0.0,0.0,0.0,0.0,0.0,negative,16.28179425
16.28179425,0.0,0.0,0.0,0.0,1.0,0.0,negative,16.2770268
16.2770268,0.0,0.0,0.0,0.0,1.0,0.0,negative,16.26117569
16.26117569,0.0,0.0,0.0,0.0,0.0,0.0,negative,16.22348502
16.22348502,0.0,0.725729763507843,0.0,0.0,0.0,2.0,positive,16.2488046023
16.2488046023,0.0,0.0,0.0,0.0,0.0,0.0,positive,16.42373158
16.42373158,0.0,0.0,0.0,0.0,0.0,0.0,negative,16.31964156
16.31964156,0.0,0.0,0.0,0.0,0.0,0.0,negative,16.2753568
16.2753568,0.0,0.0,0.0,0.0,0.0,0.0,negative,16.2103051
16.2103051,0.0,0.0,0.0,0.0,0.0,0.0,positive,16.22816328
16.22816328,0.0,0.0,0.925744652748108,0.0,1.0,0.0,positive,16.27762939
16.27762939,0.0,0.0,0.0,0.0,1.0,0.0,negative,16.21832418
16.21832418,0.0,0.0,0.0,0.0,0.0,0.0,positive,16.26176077
16.26176077,0.0,0.0,0.0,0.7080342769622803,0.0,1.0,positive,16.30541794
16.30541794,0.0,0.0,0.0,0.0,0.0,0.0,positive,16.32670281
16.32670281,0.0,0.0,0.0,0.0,0.0,0.0,positive,16.3716668693
16.3716668693,0.0,0.0,0.0,0.0,0.0,0.0,negative,16.33396573
16.33396573,0.0,0.0,0.0,0.0,0.0,0.0,negative,16.30325179
16.30325179,0.0,0.0,0.0,0.0,0.0,0.0,positive,16.30883895
16.30883895,0.0,0.0,0.0,0.7935351133346558,0.0,2.0,negative,16.27029012
16.27029012,0.0,0.0,0.0,0.0,0.0,0.0,positive,16.29202927
16.29202927,0.0,0.0,0.0,0.0,0.0,0.0,negative,16.26621547
16.26621547,0.0,0.0,0.0,0.0,0.0,0.0,positive,16.32143529
16.32143529,0.0,0.0,0.0,0.0,0.0,0.0,negative,16.27067291
16.27067291,0.0,0.0,0.0,0.0,0.0,0.0,negative,16.23767337
16.23767337,0.0,0.0,0.0,0.0,0.0,0.0,positive,16.32939773
16.32939773,0.0,0.0,0.0,0.0,0.0,0.0,negative,16.32746048
16.32746048,0.0,0.0,0.0,0.0,0.0,0.0,positive,16.35838865
16.35838865,0.0,0.8138200640678406,0.0,0.0,1.0,1.0,positive,16.36852999
16.36852999,0.0,0.0,0.0,0.0,1.0,0.0,negative,16.26718433
16.26718433,0.0,0.0,0.0,0.0,0.0,0.0,negative,16.22966994
16.22966994,0.0,0.0,0.0,0.0,0.0,0.0,positive,16.26989009
16.26989009,0.0,0.0,0.0,0.0,0.0,0.0,positive,16.38596226
16.38596226,0.0,0.0,0.0,0.0,0.0,0.0,negative,16.36275561
16.36275561,0.0,0.7483311295509338,0.0,0.0,0.0,1.0,negative,16.32086477
16.32086477,0.0,0.0,0.0,0.0,0.0,0.0,positive,16.3861509011
16.3861509011,0.0,0.0,0.0,0.0,1.0,0.0,negative,16.37783096
16.37783096,0.0,0.0,0.0,0.7700883150100708,0.0,1.0,positive,16.38376793
16.38376793,0.0,0.0,0.0,0.0,0.0,0.0,positive,16.56123862
16.56123862,0.0,0.7528653740882874,0.0,0.0,0.0,1.0,negative,16.45637329
16.45637329,0.0,0.8006283640861511,0.0,0.0,0.0,1.0,positive,16.50259727
16.50259727,0.0,0.0,0.0,0.0,0.0,0.0,negative,16.49627578
16.49627578,0.0,0.0,0.0,0.0,0.0,1.0,positive,16.51696977
16.51696977,0.0,0.7014343738555908,0.0,0.0,0.0,1.0,negative,16.4523688441
16.4523688441,0.0,0.9132629632949828,0.0,0.733920693397522,0.0,2.0,negative,16.37308821
16.37308821,0.0,0.0,0.0,0.0,0.0,0.0,positive,16.4254548
16.4254548,0.0,11.894739389419556,0.0,0.0,0.0,14.0,negative,16.39299865
16.39299865,0.0,0.8687074780464172,0.0,0.0,0.0,1.0,negative,16.38411573
16.38411573,0.0,0.8475205898284912,0.0,0.0,0.0,2.0,negative,16.36829527
16.36829527,0.0,0.0,0.0,0.0,0.0,0.0,positive,16.41136668
16.41136668,0.0,0.7483311295509338,0.0,0.0,0.0,1.0,negative,16.33002128
16.33002128,0.0,0.0,0.0,0.0,0.0,0.0,negative,16.2819097718
16.2819097718,0.0,1.486674964427948,0.0,0.0,0.0,2.0,negative,16.25417341
16.25417341,0.0,0.7930036187171936,0.0,0.0,0.0,1.0,positive,16.29943989
16.29943989,0.0,0.0,0.0,0.0,0.0,1.0,positive,16.31779923
16.31779923,0.0,0.0,0.0,0.0,0.0,0.0,negative,16.23092132
16.23092132,0.0,0.7852436900138855,0.0,0.0,1.0,2.0,positive,16.29142438
16.29142438,0.0,0.0,0.0,0.0,2.0,0.0,negative,16.25882033
16.25882033,0.0,0.8193963170051575,0.0,0.0,0.0,1.0,positive,16.33065703
16.33065703,0.0,0.0,0.0,0.0,0.0,0.0,negative,16.311381
16.311381,0.0,0.0,0.0,0.0,0.0,0.0,positive,16.41970417
16.41970417,0.0,0.0,0.0,0.0,0.0,0.0,positive,16.46321385
16.46321385,0.0,0.8193963170051575,0.0,0.0,0.0,1.0,positive,16.4862427873
16.4862427873,0.8631852865219116,0.0,0.0,0.0,1.0,1.0,negative,16.38530358
16.38530358,0.0,0.0,0.0,0.0,1.0,0.0,positive,16.40046366
16.40046366,0.0,0.0,0.0,0.0,0.0,0.0,positive,16.42956526
16.42956526,0.0,0.0,0.0,0.9199848175048828,0.0,1.0,negative,16.40048751
16.40048751,0.0,0.0,0.0,0.0,0.0,0.0,positive,16.42140292
16.42140292,0.0,0.0,0.0,0.0,0.0,0.0,positive,16.42230017
16.42230017,0.0,0.0,0.0,0.0,0.0,0.0,negative,16.40669902
16.40669902,0.0,0.0,0.0,0.0,0.0,1.0,negative,16.35309423
16.35309423,0.0,0.0,0.0,0.0,0.0,1.0,positive,16.4428310994
16.4428310994,0.0,0.0,0.0,0.0,0.0,0.0,positive,16.47709755
16.47709755,0.0,0.0,0.0,0.0,1.0,0.0,negative,16.43994925
16.43994925,0.8394656181335449,0.0,0.0,0.0,1.0,1.0,negative,16.41423999
16.41423999,0.0,0.7145353555679321,0.0,0.0,0.0,1.0,negative,16.39222367
16.39222367,0.0,0.0,0.0,0.7562147974967957,0.0,1.0,negative,16.33060903
16.33060903,0.0,0.0,0.0,0.0,0.0,0.0,positive,16.355338539999998
16.355338539999998,0.0,0.0,0.0,0.0,0.0,0.0,negative,16.34259251
16.34259251,0.0,0.0,0.0,0.0,0.0,0.0,positive,16.37923215
16.37923215,0.0,0.7466469407081604,0.0,0.0,0.0,1.0,positive,16.42292832
16.42292832,0.0,0.8622211813926697,0.0,0.0,0.0,2.0,negative,16.39339049
16.39339049,0.0,0.0,0.0,0.0,0.0,2.0,positive,16.41826062
16.41826062,0.0,0.8193963170051575,0.0,0.0,1.0,1.0,negative,16.39559197
16.39559197,0.0,0.0,0.0,0.0,2.0,0.0,positive,16.42220525
16.42220525,0.0,0.0,0.0,0.0,0.0,0.0,positive,16.44428553
16.44428553,0.0,0.0,0.0,0.0,0.0,0.0,positive,16.45184477
16.45184477,0.0,1.6266450881958008,0.0,0.0,0.0,2.0,positive,16.49939929
16.49939929,0.0,0.0,0.0,0.0,0.0,0.0,negative,16.45004142
16.45004142,0.0,0.0,0.0,0.0,0.0,0.0,negative,16.44439511
16.44439511,0.0,0.0,0.0,0.0,0.0,0.0,negative,16.42598812
16.42598812,0.0,0.0,0.0,0.0,0.0,0.0,positive,16.45675793
16.45675793,0.0,0.7264599204063416,0.0,0.0,0.0,1.0,positive,16.55203434
16.55203434,0.0,0.8369757533073425,0.0,0.0,0.0,2.0,positive,16.61498609
16.61498609,0.0,0.7097583413124084,0.0,0.0,2.0,1.0,positive,16.64800766
16.64800766,0.0,0.8363109827041626,0.0,0.0,0.0,2.0,positive,16.69272639
16.69272639,0.0,3.3458542227745056,0.0,0.0,0.0,4.0,positive,16.80138605
16.80138605,0.0,0.834926962852478,0.0,0.8561486601829529,0.0,2.0,negative,16.77735931
16.77735931,0.0,0.0,0.0,0.0,0.0,0.0,positive,16.9054854
16.9054854,0.0,1.6530169248580933,0.7750099301338196,0.0,1.0,2.0,positive,17.04784894
17.04784894,0.0,0.0,0.0,0.0,0.0,0.0,positive,17.08698452
17.08698452,0.0,0.0,0.0,0.0,0.0,0.0,positive,17.11846352
17.11846352,0.0,0.0,0.0,0.0,1.0,0.0,positive,17.25735297
17.25735297,0.0,0.0,0.7487670183181763,0.0,1.0,1.0,positive,17.30741578
17.30741578,0.0,0.0,0.0,0.0,0.0,0.0,negative,17.18385788
17.18385788,0.0,0.7155202627182007,0.0,0.0,0.0,1.0,positive,17.29521477
17.29521477,0.0,0.0,0.0,0.0,1.0,1.0,positive,17.4270373
17.4270373,0.0,0.0,0.0,0.0,0.0,2.0,positive,17.52511427
17.52511427,0.0,0.8706495761871338,0.0,0.0,0.0,3.0,negative,17.36780185
17.36780185,0.0,1.5947131514549255,0.0,0.0,0.0,2.0,positive,17.49377424
17.49377424,0.0,0.0,0.0,0.0,0.0,0.0,positive,17.76923429
17.76923429,0.0,0.7451706528663635,0.0,0.0,0.0,1.0,negative,17.70402377
17.70402377,0.0,0.7240046262741089,0.0,0.0,0.0,1.0,positive,17.87790891
17.87790891,0.0,0.0,0.0,0.0,2.0,0.0,positive,18.00541846
18.00541846,0.0,0.0,0.0,0.0,0.0,1.0,negative,17.9044724319
17.9044724319,0.0,0.8329187631607056,0.0,0.0,0.0,1.0,positive,18.079883
18.079883,0.0,0.0,0.0,0.0,0.0,0.0,negative,17.82473867
17.82473867,0.0,0.8510324954986572,0.0,0.0,0.0,1.0,negative,17.73309285
17.73309285,0.8793140649795532,0.0,0.0,0.0,3.0,1.0,negative,17.57686823
17.57686823,0.0,0.0,0.0,0.7331668138504028,1.0,1.0,negative,16.86288128
16.86288128,0.0,0.0,0.0,0.0,0.0,0.0,positive,17.19892812
17.19892812,0.0,0.0,0.0,0.0,0.0,0.0,positive,17.21430133
17.21430133,0.0,1.813107132911682,0.7753426432609558,0.0,1.0,3.0,negative,16.98902028
16.98902028,0.0,1.6446858644485474,0.0,0.0,0.0,2.0,positive,17.09607813
17.09607813,0.0,0.0,0.0,0.0,0.0,2.0,positive,17.2448304
17.2448304,0.0,0.0,0.8858349919319153,0.0,1.0,1.0,negative,17.18756204
17.18756204,0.0,0.0,0.0,0.0,0.0,0.0,negative,17.14537485
17.14537485,0.0,0.0,0.0,1.5436838269233704,0.0,3.0,negative,16.89667063
16.89667063,0.0,0.8267837166786194,0.0,0.0,0.0,1.0,positive,17.0059410382
17.0059410382,0.0,0.0,0.0,0.0,0.0,0.0,positive,17.22621743
17.22621743,0.0,0.0,0.0,0.0,0.0,0.0,positive,17.23152617
17.23152617,0.0,0.0,0.0,0.0,0.0,0.0,negative,17.20965163
17.20965163,0.0,0.0,0.0,0.0,0.0,0.0,positive,17.22743428
17.22743428,0.0,0.0,0.0,0.0,0.0,0.0,negative,17.03397563
17.03397563,0.0,0.0,0.0,0.0,0.0,0.0,positive,17.2147425216
17.2147425216,0.0,0.706615149974823,0.0,0.0,0.0,1.0,negative,17.17505997
17.17505997,0.0,0.0,0.0,0.0,0.0,0.0,positive,17.25323097
17.25323097,0.0,0.0,0.0,0.0,0.0,0.0,positive,17.27692968
17.27692968,0.0,0.0,0.0,0.0,0.0,1.0,positive,17.51923473
17.51923473,0.0,0.0,0.0,0.0,0.0,0.0,positive,17.7133760643
17.7133760643,0.0,0.0,0.0,0.0,0.0,0.0,negative,17.53238498
17.53238498,0.0,0.7251636981964111,0.0,0.0,1.0,1.0,positive,17.59189825
17.59189825,0.0,0.0,0.0,0.0,0.0,0.0,positive,17.73439071
17.73439071,0.0,0.0,0.0,0.0,0.0,1.0,positive,17.80778342
17.80778342,0.0,0.0,0.0,0.0,0.0,1.0,negative,17.74007392
17.74007392,0.0,0.0,0.0,0.0,0.0,0.0,negative,17.603909690000002
17.603909690000002,0.0,0.0,0.0,0.0,0.0,0.0,negative,17.54663496
17.54663496,0.714906632900238,0.0,0.0,0.0,1.0,0.0,negative,17.510312419999998
17.510312419999998,0.0,0.0,0.0,0.0,0.0,0.0,positive,17.53967159
17.53967159,0.0,0.0,0.0,0.0,0.0,2.0,negative,17.45811139
17.45811139,0.0,0.0,0.0,0.0,0.0,0.0,negative,17.38509108
17.38509108,0.0,0.0,0.0,0.0,0.0,0.0,positive,17.46303856
17.46303856,0.0,0.8198972344398499,0.0,0.0,0.0,1.0,positive,17.48014221
17.48014221,0.0,0.0,0.0,0.0,0.0,0.0,negative,17.3505026
17.3505026,0.0,0.0,0.0,0.0,0.0,1.0,positive,17.41983534
17.41983534,0.0,0.0,0.0,0.0,1.0,1.0,positive,17.61934158
17.61934158,0.0,0.0,0.0,0.0,0.0,0.0,positive,17.65323693
17.65323693,0.0,0.0,0.0,0.0,0.0,0.0,negative,17.56499231
17.56499231,0.0,0.7297171354293823,0.0,0.9745509028434752,0.0,3.0,positive,17.60202626
17.60202626,0.0,0.8457030653953552,0.0,0.0,0.0,1.0,negative,17.53097866
17.53097866,0.0,0.0,0.0,0.0,0.0,0.0,positive,17.5771952601
17.5771952601,0.0,0.0,0.0,0.0,0.0,0.0,positive,17.60332514
17.60332514,0.0,0.0,0.0,0.0,0.0,0.0,negative,17.57475808
17.57475808,0.0,0.0,0.0,0.0,0.0,0.0,positive,17.58208419
17.58208419,0.0,0.0,0.0,0.0,0.0,1.0,negative,17.5475876
17.5475876,0.0,0.0,0.0,0.0,0.0,0.0,negative,17.50761385
17.50761385,0.0,0.0,0.0,0.0,0.0,0.0,negative,17.46171659
17.46171659,0.0,0.0,0.0,0.0,1.0,0.0,positive,17.4957232
17.4957232,0.0,0.0,0.0,0.0,0.0,0.0,positive,17.52663339
17.52663339,0.0,0.0,0.0,0.0,0.0,0.0,positive,17.57105525
17.57105525,0.0,0.8525160551071167,0.0,0.0,1.0,1.0,negative,17.53641634
17.53641634,0.0,0.0,0.0,0.0,0.0,0.0,positive,17.56654138
17.56654138,0.0,0.8915684819221497,0.0,0.0,0.0,1.0,negative,17.5483053648
17.5483053648,0.0,0.8526422381401062,0.0,0.0,0.0,1.0,negative,17.51765228
17.51765228,0.0,0.7076391577720642,0.0,0.0,0.0,1.0,positive,17.53689195
17.53689195,0.8312252163887024,0.0,0.0,0.0,1.0,0.0,positive,17.59790431
17.59790431,0.0,0.0,0.0,0.0,0.0,0.0,negative,17.49288269
17.49288269,0.0,0.0,0.0,0.0,2.0,2.0,negative,17.47829001
17.47829001,0.0,0.0,0.0,0.0,0.0,0.0,negative,17.46150057
17.46150057,0.0,0.0,0.0,0.0,0.0,1.0,positive,17.4687454991
17.4687454991,0.0,0.0,0.0,0.0,0.0,0.0,positive,17.54280211
17.54280211,0.0,0.0,0.0,0.0,0.0,0.0,positive,17.58490333
17.58490333,0.0,0.0,0.0,0.0,2.0,0.0,positive,17.75934092
17.75934092,0.0,0.0,0.0,0.0,2.0,0.0,negative,17.72354332
17.72354332,0.0,0.0,0.0,0.0,1.0,0.0,negative,17.70261229
17.70261229,0.0,0.0,0.0,0.0,0.0,0.0,negative,17.68894143
17.68894143,0.0,0.0,0.0,0.0,0.0,0.0,negative,17.57347277
17.57347277,0.0,0.0,0.0,0.0,0.0,1.0,positive,17.59500814
17.59500814,0.0,0.718805193901062,0.0,0.0,0.0,1.0,negative,17.52390727
17.52390727,0.0,0.0,0.0,0.0,0.0,0.0,positive,17.53120916
17.53120916,0.0,0.8355860114097595,0.0,0.0,0.0,1.0,positive,17.58635988
17.58635988,0.0,0.0,0.0,0.0,0.0,0.0,positive,17.61597391
17.61597391,0.0,0.0,0.0,0.0,0.0,0.0,negative,17.55935982
17.55935982,0.0,0.0,0.0,0.0,0.0,0.0,negative,17.52001124
17.52001124,0.0,0.0,0.0,0.0,0.0,1.0,negative,17.41520693
17.41520693,0.0,0.0,0.0,0.0,0.0,0.0,negative,17.38355756
17.38355756,0.0,0.0,0.0,0.0,0.0,0.0,negative,17.15401511
17.15401511,0.0,0.0,0.0,0.0,0.0,0.0,negative,17.0880435143
17.0880435143,0.0,18.37222307920456,0.0,1.599791944026947,0.0,91.0,positive,17.10162413
17.10162413,0.0,13.972679018974304,0.0,1.560479700565338,0.0,53.0,negative,17.07939569
17.07939569,0.0,10.856715977191923,0.0,3.56957346200943,1.0,39.0,negative,17.05408455
17.05408455,0.0,6.984676659107208,0.0,0.7018519043922424,0.0,14.0,positive,17.103005
17.103005,0.0,4.723438501358032,0.0,0.7408059239387512,0.0,15.0,negative,17.09726219
17.09726219,0.0,6.523818254470825,0.0,0.764768660068512,0.0,15.0,positive,17.12068358
17.12068358,0.0,0.8895447850227356,0.0,0.0,0.0,3.0,negative,17.11987476
17.11987476,0.0,0.7410431504249573,0.0,0.7582991719245911,0.0,4.0,positive,17.12629926
17.12629926,0.0,1.5571921467781067,0.0,0.7121337056159973,0.0,6.0,positive,17.15867567
17.15867567,0.0,0.7369111180305481,0.0,0.0,0.0,2.0,negative,16.7399194
16.7399194,0.0,0.7485244870185852,0.0,0.0,0.0,3.0,positive,16.91260424
16.91260424,0.0,0.8222886323928833,0.0,0.0,0.0,4.0,positive,17.02723214
17.02723214,0.0,1.6383423209190369,0.0,0.0,1.0,4.0,negative,16.94239708
16.94239708,0.0,0.7310240864753723,0.857672929763794,0.0,1.0,4.0,negative,16.61134087
16.61134087,0.0,2.418484926223755,0.0,0.0,0.0,4.0,negative,16.58637451
16.58637451,0.0,0.0,0.0,0.0,0.0,4.0,negative,16.56813907
16.56813907,0.0,0.8741782903671265,0.0,1.4988250136375427,0.0,5.0,positive,16.64223911
16.64223911,0.0,0.7276723384857178,0.0,0.0,1.0,3.0,negative,16.5834336
16.5834336,0.0,1.551797330379486,0.0,0.7597256302833557,0.0,6.0,negative,16.54618451
16.54618451,0.0,0.0,0.0,0.0,0.0,0.0,positive,16.57714938
16.57714938,0.0,0.7648839950561523,0.0,0.78006911277771,0.0,3.0,positive,16.66697781
16.66697781,0.0,0.0,0.0,0.0,1.0,4.0,positive,16.87716179
16.87716179,0.0,6.803512394428253,0.0,0.0,0.0,10.0,positive,16.97065521
16.97065521,0.0,0.0,0.0,0.0,0.0,0.0,positive,17.01995121
17.01995121,0.0,0.8430228233337402,0.0,0.0,0.0,1.0,negative,16.96058889
16.96058889,0.0,0.0,0.0,0.0,0.0,0.0,negative,16.89995736
16.89995736,0.0,0.0,0.0,0.0,1.0,2.0,positive,17.05113814
17.05113814,0.0,0.0,0.0,0.0,1.0,0.0,negative,16.9413990297
16.9413990297,0.0,1.6555724143981934,0.0,0.0,0.0,2.0,positive,17.03356631
17.03356631,0.0,0.0,0.0,0.0,0.0,1.0,positive,17.08522559
17.08522559,0.0,0.0,0.0,0.0,0.0,0.0,negative,17.07524609
17.07524609,0.0,2.380210518836975,0.0,0.0,0.0,6.0,positive,17.10075487
17.10075487,0.0,0.0,0.0,0.0,0.0,0.0,positive,17.15348041
17.15348041,0.0,0.0,0.0,0.0,0.0,0.0,positive,17.1949788
17.1949788,0.0,0.7356059551239014,0.0,0.0,0.0,2.0,positive,17.24381869
17.24381869,0.0,0.0,0.0,0.0,0.0,0.0,negative,17.14619361
17.14619361,0.0,0.0,0.0,0.0,0.0,2.0,positive,17.22571812
17.22571812,0.0,1.7093762159347534,0.0,0.0,0.0,3.0,positive,17.24983041
17.24983041,0.0,4.2462685108184814,0.0,0.0,0.0,7.0,negative,17.17926302
17.17926302,0.0,0.8288290500640869,0.0,0.0,0.0,1.0,negative,17.17778584
17.17778584,0.0,0.8193963170051575,0.0,0.0,0.0,1.0,negative,17.10709346
17.10709346,0.0,0.0,0.0,0.0,0.0,0.0,positive,17.1327541
17.1327541,0.0,0.8210753202438354,0.0,0.0,0.0,1.0,negative,16.75687464
16.75687464,0.0,1.6891723275184631,0.0,0.0,0.0,2.0,positive,16.8877106
16.8877106,0.0,1.440379559993744,0.0,0.0,0.0,5.0,positive,16.89627767
16.89627767,0.0,0.0,0.0,0.0,0.0,0.0,positive,16.99011006
16.99011006,0.0,3.209151566028595,0.0,0.0,0.0,4.0,negative,16.8246789
16.8246789,0.0,0.9443243741989136,0.0,0.0,0.0,2.0,negative,16.81273684
16.81273684,0.0,0.0,0.0,0.0,0.0,1.0,positive,16.88922729
16.88922729,0.0,0.0,0.0,0.0,1.0,1.0,positive,16.88939484
16.88939484,0.0,0.0,0.0,0.0,0.0,0.0,negative,16.87037497
16.87037497,0.0,0.8475205898284912,0.0,0.0,0.0,2.0,negative,16.86431437
16.86431437,0.0,0.0,0.0,0.0,0.0,1.0,positive,16.91843218
16.91843218,0.0,0.7947635054588318,0.0,0.0,1.0,2.0,negative,16.89840941
16.89840941,0.0,0.8508793115615845,0.0,0.0,0.0,1.0,negative,16.88853247
16.88853247,0.0,0.0,0.0,0.0,0.0,0.0,positive,16.91977536
16.91977536,0.0,0.0,0.0,0.0,0.0,0.0,negative,16.7812694252
16.7812694252,0.0,0.7297171354293823,0.0,0.0,0.0,1.0,positive,16.83774622
16.83774622,0.0,0.0,0.0,0.0,1.0,0.0,negative,16.778970372
16.778970372,0.0,1.5104836225509644,0.0,0.0,0.0,2.0,positive,16.85263034
16.85263034,0.0,0.0,0.0,0.0,1.0,0.0,positive,16.88113622
16.88113622,0.0,1.5689512491226196,0.0,0.0,0.0,2.0,positive,16.89394097
16.89394097,0.0,1.7495373487472534,0.0,0.0,0.0,2.0,positive,16.9625259
16.9625259,0.0,0.7948099970817566,0.0,0.0,0.0,6.0,positive,16.9693663
16.9693663,0.0,0.0,0.0,0.0,0.0,1.0,negative,16.9363393029
16.9363393029,0.0,0.0,0.0,0.0,0.0,0.0,positive,16.96144022
16.96144022,0.0,0.7545880675315857,0.0,0.7746310234069824,0.0,2.0,positive,17.13829399
17.13829399,0.8554564118385315,0.8475205898284912,0.0,0.0,2.0,2.0,negative,17.11691588
17.11691588,0.0,0.0,0.0,1.458571195602417,2.0,3.0,negative,17.05501656
17.05501656,0.0,1.4747739434242249,0.0,0.0,0.0,3.0,positive,17.06440328
17.06440328,0.0,0.0,0.0,0.0,0.0,0.0,negative,17.01070472
17.01070472,0.0,0.0,0.0,0.0,0.0,0.0,positive,17.04034984
17.04034984,0.0,0.0,0.0,0.0,0.0,1.0,negative,16.99270148
16.99270148,0.0,0.0,0.0,0.0,0.0,0.0,positive,17.07520309
17.07520309,0.0,0.0,0.0,0.0,0.0,0.0,negative,17.04945186
17.04945186,0.0,0.0,0.0,0.0,0.0,1.0,negative,16.97291575
16.97291575,0.0,0.0,0.0,0.0,0.0,0.0,negative,16.94789007
16.94789007,0.0,0.0,0.0,0.0,0.0,0.0,positive,17.003549
17.003549,0.0,0.0,0.0,0.0,0.0,1.0,negative,16.98808499
16.98808499,0.0,0.0,0.0,0.8066434860229492,0.0,3.0,negative,16.65704527
16.65704527,0.0,0.7424455285072327,0.0,0.0,1.0,2.0,negative,16.48212169
16.48212169,0.0,0.0,0.0,0.0,0.0,0.0,negative,16.39751029
16.39751029,0.0,0.0,0.0,0.0,0.0,0.0,positive,16.45899443
16.45899443,0.0,0.0,0.0,0.0,0.0,1.0,positive,16.51931229
16.51931229,0.0,0.8914891481399536,0.0,0.7229062914848328,0.0,3.0,positive,16.5955400304
16.5955400304,0.0,0.0,0.0,0.7587071657180786,0.0,1.0,positive,16.7066503
16.7066503,0.0,0.0,0.0,0.0,0.0,0.0,negative,16.60056266
16.60056266,0.0,0.0,0.0,0.0,1.0,0.0,positive,16.60950848
16.60950848,0.0,0.0,0.0,0.0,0.0,0.0,positive,16.6175567616
16.6175567616,0.0,0.0,0.0,0.0,0.0,0.0,negative,16.57689144
16.57689144,0.0,0.0,0.0,0.0,0.0,0.0,negative,16.51904368
16.51904368,0.0,0.0,0.0,0.0,0.0,0.0,negative,16.4922631
16.4922631,0.0,1.6603169441223145,0.0,0.7555311322212219,0.0,5.0,positive,16.5172353
16.5172353,0.0,0.8668925762176514,0.0,0.0,0.0,1.0,positive,16.52085081
16.52085081,0.0,0.7903348207473755,0.0,0.0,0.0,1.0,positive,16.5539792732
16.5539792732,0.0,0.0,0.0,0.0,0.0,0.0,positive,16.60138756
16.60138756,0.0,0.0,0.0,0.0,0.0,1.0,positive,16.63965074
16.63965074,0.0,0.8144811987876892,0.0,0.0,0.0,1.0,positive,16.84613796
16.84613796,0.0,0.0,0.0,0.0,0.0,0.0,positive,17.2429878
17.2429878,0.0,0.0,0.0,0.0,0.0,0.0,negative,17.06652016
17.06652016,0.0,0.8090903759002686,0.0,0.0,0.0,1.0,positive,17.11662003
17.11662003,0.0,0.7394197583198547,0.0,0.0,0.0,1.0,positive,17.14616509
17.14616509,0.0,0.0,0.0,0.0,0.0,0.0,negative,17.12845538
17.12845538,0.0,0.8554443717002869,0.0,0.0,0.0,2.0,negative,17.01319882
17.01319882,0.0,0.8551580309867859,0.0,0.0,0.0,1.0,positive,17.17833589
17.17833589,0.0,0.0,0.0,0.0,0.0,0.0,positive,17.24344064
17.24344064,0.0,0.0,0.0,0.0,0.0,0.0,negative,17.2002639893
17.2002639893,0.0,0.0,0.0,0.0,0.0,0.0,negative,17.11935407
17.11935407,0.0,0.0,0.0,0.0,0.0,0.0,negative,17.07280332
17.07280332,0.0,0.8897268176078796,0.0,0.0,0.0,2.0,negative,17.04392058
17.04392058,0.0,0.0,0.0,0.0,0.0,0.0,negative,16.96041435
16.96041435,0.0,0.0,0.0,0.0,0.0,1.0,positive,17.00902443
17.00902443,0.0,0.0,0.0,0.0,0.0,0.0,positive,17.02082829
17.02082829,0.0,0.8475205898284912,0.0,0.8619161248207092,0.0,3.0,negative,16.9267377428
16.9267377428,0.0,0.0,0.0,0.0,0.0,0.0,positive,17.07648989
17.07648989,0.0,0.8475205898284912,0.0,0.0,0.0,1.0,negative,17.06737948
17.06737948,0.0,0.8622461557388306,0.0,0.0,0.0,2.0,negative,16.99031109
16.99031109,0.0,0.0,0.0,0.0,1.0,0.0,negative,16.98534428
16.98534428,0.0,0.0,0.0,0.0,0.0,0.0,positive,17.05681585
17.05681585,0.0,0.0,0.0,0.0,0.0,0.0,positive,17.07016197
17.07016197,0.0,0.0,0.0,0.0,0.0,0.0,positive,17.24941009
17.24941009,0.0,0.7211818695068359,0.0,0.0,0.0,1.0,positive,17.32434372
17.32434372,0.0,0.0,0.0,0.0,0.0,0.0,positive,17.36406108
17.36406108,0.0,0.0,0.0,0.0,0.0,1.0,negative,17.33913481
17.33913481,0.0,2.5250973105430603,0.0,0.0,0.0,3.0,negative,17.2839145932
17.2839145932,0.7243576049804688,0.7240774631500244,0.0,0.0,2.0,1.0,positive,17.31763306
17.31763306,0.0,0.0,0.0,0.0,0.0,0.0,positive,17.35511784
17.35511784,0.0,0.7440183162689209,0.0,0.0,0.0,1.0,negative,17.24147608
17.24147608,0.0,0.8340133428573608,0.0,0.0,1.0,2.0,positive,17.43593587
17.43593587,0.0,0.0,0.0,0.0,1.0,0.0,negative,17.42454048
17.42454048,0.0,0.0,0.0,0.0,0.0,0.0,negative,17.3547794354
17.3547794354,0.0,0.0,0.0,0.0,0.0,0.0,positive,17.42578421
17.42578421,0.0,0.0,0.0,0.0,0.0,0.0,negative,17.31586259
17.31586259,0.0,0.0,0.0,0.0,0.0,3.0,positive,17.33184455
17.33184455,0.0,2.467028796672821,0.0,0.0,0.0,3.0,negative,17.31915477
17.31915477,0.0,0.8475205898284912,0.0,0.0,0.0,1.0,negative,17.14060903
17.14060903,0.0,0.0,0.0,0.0,0.0,0.0,positive,17.14886035
17.14886035,0.0,0.0,0.0,0.0,0.0,1.0,positive,17.1716234
17.1716234,0.0,0.0,0.0,0.0,0.0,2.0,negative,17.07330616
17.07330616,0.0,0.8258705139160156,0.0,1.592437207698822,1.0,4.0,negative,16.94785763
16.94785763,0.0,0.8193963170051575,0.0,0.0,1.0,2.0,positive,17.03506928
17.03506928,0.0,0.0,0.0,0.0,0.0,0.0,positive,17.0768475317
17.0768475317,0.0,0.0,0.0,0.0,0.0,0.0,positive,17.0922895
17.0922895,0.0,0.0,0.0,0.0,1.0,0.0,positive,17.18575569
17.18575569,0.0,0.0,0.0,0.0,1.0,0.0,negative,17.1593999339
17.1593999339,0.0,0.0,0.0,0.0,0.0,0.0,positive,17.20838621
17.20838621,0.0,0.0,0.0,0.0,0.0,0.0,negative,17.0627351
17.0627351,0.0,0.7602124810218811,0.0,0.7167791128158569,0.0,2.0,positive,17.10819405
17.10819405,0.0,0.8475205898284912,0.0,0.0,0.0,1.0,negative,17.06470739
17.06470739,0.0,0.0,0.0,0.0,0.0,0.0,negative,17.05169045
17.05169045,0.0,0.0,0.0,0.0,0.0,2.0,negative,16.94530767
16.94530767,0.0,0.7683302760124207,0.0,0.0,0.0,2.0,negative,16.9371092024
16.9371092024,0.0,0.0,0.0,0.0,0.0,0.0,negative,15.28722127
15.28722127,0.0,0.7297171354293823,0.0,0.0,0.0,1.0,negative,15.17791379
15.17791379,0.0,0.0,0.0,0.0,1.0,0.0,negative,15.04770031
15.04770031,0.0,0.0,0.0,0.0,0.0,0.0,positive,15.06331569
15.06331569,0.0,0.0,0.0,0.0,0.0,1.0,negative,14.99179458
14.99179458,0.0,0.7080097794532776,0.0,0.0,2.0,4.0,positive,15.20722839
15.20722839,0.0,0.0,0.0,0.0,0.0,0.0,negative,15.04435537
15.04435537,0.0,0.0,0.0,0.0,1.0,0.0,positive,15.44808655
15.44808655,0.0,0.0,0.0,0.0,0.0,0.0,negative,15.44484185
15.44484185,0.0,0.0,0.0,0.0,0.0,2.0,positive,15.45652542
15.45652542,0.0,0.0,0.0,0.0,0.0,3.0,positive,15.53218984
15.53218984,0.0,0.0,0.0,0.0,1.0,0.0,negative,15.36775341
15.36775341,0.0,0.0,0.0,0.0,0.0,0.0,negative,15.35651738
15.35651738,0.0,0.0,0.0,0.0,0.0,1.0,positive,15.44902576
15.44902576,0.0,0.0,0.0,0.0,0.0,0.0,negative,15.36014573
15.36014573,0.0,0.0,0.0,0.0,0.0,1.0,negative,15.24894414
15.24894414,0.0,0.0,0.0,0.0,1.0,0.0,negative,14.81642933
14.81642933,0.0,0.0,0.0,0.0,0.0,0.0,positive,14.94026665
14.94026665,0.0,1.4413501024246216,0.0,0.0,1.0,2.0,negative,14.8739458
14.8739458,0.0,0.0,0.0,0.0,0.0,1.0,positive,15.01260909
15.01260909,0.7082169651985168,0.0,0.0,0.0,1.0,0.0,positive,15.2187594797
15.2187594797,0.0,0.0,0.0,0.0,0.0,0.0,positive,15.30722548
15.30722548,0.0,0.0,0.0,0.0,2.0,0.0,negative,15.2850103964
15.2850103964,0.0,0.0,0.0,0.0,0.0,0.0,positive,15.2956693
15.2956693,0.0,0.8475205898284912,0.0,0.0,0.0,1.0,positive,15.41541761
15.41541761,0.0,0.0,0.0,0.0,0.0,0.0,negative,15.366769867
15.366769867,0.0,0.0,0.0,0.0,0.0,0.0,negative,15.36043406
15.36043406,0.0,0.0,0.0,0.0,0.0,1.0,negative,15.3139328333
15.3139328333,0.0,1.62461918592453,0.0,0.0,0.0,3.0,negative,15.23533581
15.23533581,0.0,0.0,0.0,0.0,0.0,0.0,positive,15.27918186
15.27918186,0.0,0.0,0.0,0.0,0.0,0.0,negative,15.23198381
15.23198381,0.0,1.738226294517517,0.0,0.0,0.0,2.0,negative,15.21010912
15.21010912,0.0,0.0,0.0,0.0,0.0,0.0,negative,15.07350514
15.07350514,0.0,0.0,0.0,0.0,0.0,0.0,negative,14.7302755827
14.7302755827,0.0,0.0,0.0,0.0,0.0,0.0,positive,15.04259988
15.04259988,0.0,0.0,0.0,0.913774311542511,0.0,1.0,positive,15.14414303
15.14414303,0.0,0.0,0.0,0.0,0.0,0.0,positive,15.1890433691
15.1890433691,0.0,0.0,0.0,0.90468168258667,0.0,2.0,negative,15.14957856
15.14957856,0.0,0.0,0.0,0.0,0.0,0.0,positive,15.15949799
15.15949799,0.0,0.9151498675346376,0.0,0.0,0.0,1.0,negative,15.09716144
15.09716144,0.0,0.7092493176460266,0.0,0.0,0.0,8.0,negative,14.77068483
14.77068483,0.0,4.691552877426148,0.0,0.0,0.0,25.0,negative,14.68976008
14.68976008,0.0,2.632218599319458,0.0,0.0,0.0,8.0,negative,14.52121544
14.52121544,0.0,4.170106649398804,0.0,0.0,0.0,7.0,positive,14.96264828
14.96264828,0.0,4.066145718097687,0.0,0.834671676158905,0.0,18.0,positive,15.04006888
15.04006888,0.0,2.4152573943138123,0.0,0.0,0.0,5.0,negative,15.0055588322
15.0055588322,0.0,1.73744797706604,0.0,0.8580084443092346,0.0,6.0,negative,14.99049063
14.99049063,0.0,0.8061190247535706,0.0,0.0,0.0,2.0,positive,15.0975448
15.0975448,0.0,0.0,0.0,0.0,1.0,1.0,negative,15.00206938
15.00206938,0.0,0.0,0.0,0.0,0.0,1.0,positive,15.11663232
15.11663232,0.7607522010803223,0.0,0.0,0.0,1.0,0.0,negative,15.10305336
15.10305336,0.0,0.0,0.0,0.0,0.0,1.0,positive,15.18905717
15.18905717,0.0,0.7276010513305664,0.0,0.0,0.0,1.0,positive,15.26581875
15.26581875,0.0,0.0,0.0,0.0,0.0,0.0,positive,15.36274134
15.36274134,0.0,0.7713702917098999,0.0,0.0,0.0,1.0,positive,15.41560293
15.41560293,0.0,14.867470026016235,0.0,0.0,0.0,19.0,positive,15.4558791
15.4558791,0.0,5.061078369617462,0.0,0.0,0.0,8.0,positive,15.83841446
15.83841446,0.0,5.85305917263031,0.0,0.0,0.0,8.0,negative,15.80341533
15.80341533,0.0,0.0,0.0,0.0,0.0,0.0,negative,15.78887399
15.78887399,0.0,1.657947838306427,0.0,0.0,0.0,3.0,positive,15.88730335
15.88730335,0.0,0.0,0.0,0.0,0.0,0.0,positive,15.9109671773
15.9109671773,0.0,0.7070656418800354,0.0,0.0,1.0,1.0,positive,15.93955228
15.93955228,0.0,3.3394709825515747,0.0,0.0,0.0,5.0,positive,16.1187517
16.1187517,0.0,1.72932368516922,0.0,0.0,0.0,3.0,negative,15.99362725
15.99362725,0.0,0.8194001317024231,0.0,0.0,1.0,2.0,negative,15.95390078
15.95390078,0.0,0.0,0.0,0.0,0.0,0.0,negative,15.84355434
15.84355434,0.0,0.83470618724823,0.0,0.0,0.0,2.0,positive,15.84676291
15.84676291,0.0,0.8194001317024231,0.0,0.0,0.0,1.0,negative,15.7890476705
15.7890476705,0.0,0.8475205898284912,0.0,0.0,0.0,1.0,negative,15.71880908
15.71880908,0.0,0.0,0.0,0.0,0.0,0.0,negative,15.6511309
15.6511309,0.0,0.0,0.0,0.0,0.0,0.0,positive,15.79592106
15.79592106,0.0,0.0,0.0,0.0,0.0,1.0,negative,15.74105378
15.74105378,0.0,0.0,0.0,0.0,0.0,0.0,positive,15.9485938104
15.9485938104,0.0,0.0,0.0,0.0,0.0,1.0,negative,15.94407065
15.94407065,0.0,0.0,0.0,0.0,0.0,1.0,positive,16.02093898
16.02093898,0.0,1.6556976437568665,0.0,0.0,0.0,3.0,positive,16.05779934
16.05779934,0.8943564891815186,0.848453938961029,0.0,0.0,1.0,1.0,negative,15.92624293
15.92624293,0.0,0.0,0.0,0.0,0.0,1.0,negative,15.82729749
15.82729749,0.0,1.6787467002868652,0.0,0.0,0.0,2.0,positive,15.86201324
15.86201324,0.0,1.6409907937049866,0.0,0.7842267155647278,0.0,3.0,negative,15.84301487
15.84301487,0.0,0.8366194367408752,0.0,0.0,0.0,1.0,negative,15.81024345
15.81024345,0.0,0.0,0.0,0.0,0.0,0.0,positive,15.81300203
15.81300203,0.0,0.8194001317024231,0.0,0.0,0.0,1.0,positive,15.85255276
15.85255276,0.0,0.7438122034072876,0.0,0.0,0.0,1.0,positive,15.92632985
15.92632985,0.0,0.7112079858779907,0.0,0.0,0.0,1.0,positive,15.99608633
15.99608633,0.0,1.558358907699585,0.0,0.0,0.0,3.0,positive,16.00011489
16.00011489,0.0,0.0,0.0,0.0,0.0,0.0,positive,16.0523392
16.0523392,0.0,0.0,0.0,0.0,0.0,0.0,positive,16.17856384
16.17856384,0.0,0.0,0.0,0.0,2.0,0.0,negative,16.11239393
16.11239393,0.0,0.0,0.0,0.0,0.0,0.0,negative,16.09458397
16.09458397,0.0,1.796475112438202,0.0,0.0,0.0,2.0,positive,16.11169122
16.11169122,0.0,0.0,0.0,0.0,0.0,2.0,positive,16.18479864
16.18479864,0.0,0.8438533544540405,0.0,0.0,0.0,1.0,negative,16.11351113
16.11351113,0.0,0.8622461557388306,0.0,0.0,0.0,2.0,positive,16.22730452
16.22730452,0.0,0.0,0.0,0.0,0.0,0.0,negative,16.13445609
16.13445609,0.0,0.0,0.0,0.0,0.0,0.0,positive,16.13887752
16.13887752,0.0,0.7297171354293823,0.0,0.0,0.0,2.0,negative,16.05163828
16.05163828,0.0,0.8194001317024231,0.0,0.0,0.0,3.0,negative,16.0040931
16.0040931,0.0,0.0,0.0,0.0,0.0,0.0,positive,16.16103172
16.16103172,0.0,0.0,0.0,0.0,1.0,0.0,negative,16.10561251
16.10561251,0.0,0.7863470315933228,0.0,0.0,1.0,1.0,negative,16.07977686
16.07977686,0.0,0.0,0.0,0.0,0.0,0.0,negative,16.07531782
16.07531782,0.0,0.0,0.0,0.0,0.0,0.0,positive,16.17136596
16.17136596,0.0,0.8360130786895752,0.0,0.0,0.0,1.0,positive,16.21141361
16.21141361,0.0,1.584567666053772,0.0,0.0,0.0,2.0,positive,16.22712947
16.22712947,0.0,0.0,0.0,0.0,0.0,0.0,positive,16.45824788
16.45824788,0.0,0.0,0.0,0.0,1.0,1.0,negative,16.43352105
16.43352105,0.0,0.0,0.0,0.0,0.0,1.0,negative,16.39262792
16.39262792,0.0,0.0,0.0,0.0,0.0,1.0,negative,16.29711617
16.29711617,0.0,4.267054080963135,0.0,0.0,1.0,5.0,negative,16.2770796356
16.2770796356,0.0,0.0,0.0,0.0,0.0,0.0,positive,16.3197150776
16.3197150776,0.0,0.0,0.0,0.0,0.0,0.0,positive,16.35632537
16.35632537,0.0,0.7036969065666199,0.0,0.9689789414405824,0.0,4.0,negative,16.34662706
16.34662706,0.0,0.0,0.0,0.0,0.0,0.0,negative,16.25316283
16.25316283,0.0,0.911016881465912,0.7393117547035217,0.0,1.0,3.0,positive,16.35210835
16.35210835,0.0,0.0,0.0,0.0,0.0,0.0,positive,16.40038801
16.40038801,0.0,0.8475205898284912,0.0,0.0,0.0,1.0,negative,16.35110218
16.35110218,0.0,0.8956498503684998,0.0,0.0,0.0,1.0,negative,16.30560647
16.30560647,0.0,0.0,0.0,0.0,0.0,0.0,positive,16.34615313
16.34615313,0.0,0.0,0.0,0.0,0.0,0.0,positive,16.35779976
16.35779976,0.0,0.0,0.0,0.0,0.0,0.0,positive,16.38409834
16.38409834,0.0,0.0,0.0,0.0,0.0,0.0,positive,16.40316149
16.40316149,0.8440402150154114,0.9402023553848268,0.0,0.0,1.0,1.0,negative,16.13138837
16.13138837,0.0,0.0,0.0,0.0,0.0,0.0,positive,16.21449842
16.21449842,0.0,0.8723751902580261,0.0,0.0,0.0,1.0,negative,16.05195522
16.05195522,0.0,0.0,0.0,0.0,0.0,0.0,negative,16.02973604
16.02973604,0.0,0.0,0.0,0.0,0.0,0.0,positive,16.0812223712
16.0812223712,0.0,0.0,0.0,0.7895768880844116,0.0,2.0,negative,16.0812223712
16.0812223712,0.0,0.0,0.0,0.0,0.0,1.0,positive,16.133766859
16.133766859,0.0,0.7613707780838013,0.0,0.0,0.0,1.0,positive,16.16663937
16.16663937,0.0,0.0,0.0,0.0,0.0,0.0,positive,16.19616411
16.19616411,0.0,0.0,0.0,0.0,0.0,2.0,positive,16.24406586
16.24406586,0.0,0.8287269473075867,0.0,0.0,1.0,1.0,negative,16.1683891085
16.1683891085,0.0,0.8775847554206848,0.0,0.0,0.0,1.0,negative,16.14419207
16.14419207,0.0,1.755292892456055,0.0,0.8698077201843262,0.0,4.0,negative,16.13932749
16.13932749,0.0,0.0,0.0,0.0,0.0,3.0,negative,16.02964895
16.02964895,0.0,0.0,0.0,0.0,0.0,0.0,positive,16.11294933
16.11294933,0.0,0.0,0.0,0.0,0.0,2.0,negative,16.08533645
16.08533645,0.0,0.0,0.0,0.0,0.0,1.0,positive,16.10330692
16.10330692,0.8172180652618408,0.8137556910514832,0.0,0.0,1.0,1.0,negative,15.96570452
15.96570452,0.0,0.0,0.0,0.0,0.0,0.0,negative,15.8414158
15.8414158,0.0,0.7541371583938599,0.0,0.0,0.0,3.0,negative,15.83101964
15.83101964,0.0,1.736727237701416,0.0,0.0,0.0,2.0,positive,15.84591843
15.84591843,0.0,0.0,0.0,0.0,0.0,0.0,negative,15.7543745
15.7543745,0.0,0.0,0.0,0.0,1.0,0.0,positive,15.90456455
15.90456455,0.0,0.0,0.0,0.0,0.0,0.0,positive,15.91741142
15.91741142,0.0,0.0,0.0,0.0,0.0,0.0,positive,16.00974379
16.00974379,0.0,0.0,0.0,0.0,0.0,0.0,positive,16.01577122
16.01577122,0.0,0.7741267085075378,0.0,0.0,0.0,2.0,positive,16.16244072
16.16244072,0.0,0.0,0.0,0.0,0.0,0.0,negative,16.10766531
16.10766531,0.0,0.0,0.0,0.0,0.0,0.0,positive,16.1267365692
16.1267365692,0.0,0.8085775375366211,0.0,0.0,0.0,2.0,negative,16.09711276
16.09711276,0.0,0.0,0.0,0.0,0.0,0.0,positive,16.1504697936
16.1504697936,0.0,0.7831676006317139,0.0,0.0,0.0,3.0,negative,16.12659496
16.12659496,0.0,0.0,0.0,0.0,2.0,0.0,positive,16.14519663
16.14519663,0.0,0.0,0.0,0.0,0.0,1.0,negative,16.1345731
16.1345731,0.0,0.0,0.0,0.0,0.0,0.0,positive,16.18746939
16.18746939,0.0,0.0,0.0,0.0,0.0,0.0,negative,16.09834704
16.09834704,0.0,0.7100022435188293,0.0,0.0,0.0,1.0,positive,16.12361592
16.12361592,0.0,0.0,0.0,0.0,0.0,2.0,negative,16.03505939
16.03505939,0.0,0.0,0.0,0.0,0.0,0.0,negative,15.99389559
15.99389559,0.0,0.0,0.0,0.0,0.0,1.0,negative,15.97408532
15.97408532,0.0,3.121611535549164,0.0,0.95005464553833,0.0,17.0,negative,15.91604806
15.91604806,0.0,1.6817907094955444,0.0,0.0,1.0,3.0,positive,15.93799456
15.93799456,0.0,0.7436566948890686,0.0,0.0,0.0,2.0,positive,16.03487577
16.03487577,0.0,0.8438533544540405,0.0,0.0,0.0,2.0,positive,16.07953655
16.07953655,0.0,0.0,0.0,0.0,0.0,0.0,positive,16.09183165
16.09183165,0.0,0.7150058150291443,0.0,0.0,0.0,1.0,negative,16.05178095
16.05178095,0.0,0.0,0.0,0.0,1.0,0.0,positive,16.15369537
16.15369537,0.0,0.0,0.0,0.0,1.0,0.0,positive,16.198562140900002
16.198562140900002,0.0,0.0,0.0,0.0,0.0,0.0,negative,16.15267655
16.15267655,0.0,0.0,0.0,0.0,0.0,0.0,positive,16.22143189
16.22143189,0.0,0.7351198196411133,0.0,0.0,0.0,1.0,negative,16.16540393
16.16540393,0.0,0.0,0.778699517250061,0.0,1.0,4.0,positive,16.17221217
16.17221217,0.0,2.446385383605957,0.0,0.0,1.0,3.0,positive,16.20836093
16.20836093,0.0,0.7743511199951172,0.0,0.0,0.0,1.0,positive,16.29558749
16.29558749,0.0,0.0,0.0,0.0,0.0,0.0,negative,16.2598963405
16.2598963405,0.0,0.0,0.0,0.0,1.0,0.0,negative,16.2555491
16.2555491,0.0,0.0,0.0,0.0,0.0,0.0,positive,16.25748377
16.25748377,0.0,0.0,0.0,0.0,0.0,2.0,negative,16.22426252
16.22426252,0.0,0.9403107762336732,0.0,0.0,0.0,1.0,positive,16.4273215926
16.4273215926,0.0,0.0,0.0,0.0,0.0,0.0,negative,16.39838381
16.39838381,0.0,0.8168435096740723,0.0,0.0,0.0,2.0,positive,16.44907115
16.44907115,0.0,0.0,0.0,0.0,0.0,0.0,negative,16.4417892
16.4417892,0.0,0.0,0.0,0.0,0.0,0.0,negative,16.36799245
16.36799245,0.0,0.0,0.7097311615943909,0.0,1.0,0.0,positive,16.37287478
16.37287478,0.0,0.0,0.8313003778457642,0.7532375454902649,1.0,1.0,negative,16.33126498
16.33126498,0.0,0.0,0.0,0.0,2.0,0.0,positive,16.36431706
16.36431706,0.7981605529785156,0.0,0.0,0.0,2.0,0.0,positive,16.37665324
16.37665324,0.0,0.0,0.0,0.0,2.0,0.0,negative,16.37647241
16.37647241,0.0,0.0,0.0,0.0,0.0,0.0,negative,16.3068321
16.3068321,0.7103555202484131,0.0,0.0,0.0,1.0,0.0,positive,16.31464574
16.31464574,0.0,0.0,0.0,0.0,0.0,0.0,positive,16.51082577
16.51082577,0.0,0.0,0.0,0.0,0.0,0.0,positive,16.59998592
16.59998592,0.0,0.0,0.0,0.0,0.0,1.0,positive,16.75404516
16.75404516,0.0,0.0,0.0,0.0,0.0,0.0,negative,16.72839335
16.72839335,0.0,0.0,0.0,0.0,1.0,0.0,positive,16.77399875
16.77399875,0.0,0.0,0.0,0.0,3.0,0.0,positive,16.81769329
16.81769329,0.0,0.0,1.7803341150283811,0.0,4.0,0.0,negative,16.70138679
16.70138679,0.0,0.0,0.0,0.0,1.0,1.0,negative,16.60668938
16.60668938,0.0,0.0,0.0,0.0,2.0,1.0,negative,16.4846799355
16.4846799355,0.0,0.7846110463142395,0.0,0.0,0.0,3.0,negative,16.37096135
16.37096135,0.0,0.0,0.0,0.0,0.0,0.0,positive,16.3935067118
16.3935067118,0.0,0.0,0.0,0.0,0.0,0.0,positive,16.42759996
16.42759996,0.0,0.0,0.0,0.0,0.0,0.0,negative,16.38176501
16.38176501,0.0,1.490020215511322,0.0,0.0,0.0,2.0,positive,16.50500579
16.50500579,0.0,0.0,0.0,0.0,0.0,1.0,positive,16.56702628
16.56702628,0.0,0.0,0.0,0.0,0.0,0.0,negative,16.54868949
16.54868949,0.0,0.7274681329727173,0.0,0.0,0.0,2.0,negative,16.47358572
16.47358572,0.0,2.204196691513061,0.0,0.0,1.0,4.0,negative,16.43168785
16.43168785,0.0,0.0,0.0,0.0,2.0,0.0,positive,16.4829692
16.4829692,0.0,0.9122740626335144,0.0,0.0,1.0,1.0,positive,16.50866391
16.50866391,0.0,0.7810477614402771,0.0,0.0,0.0,1.0,positive,16.54429319
16.54429319,0.0,0.0,0.0,0.0,1.0,0.0,positive,16.55097493
16.55097493,0.0,0.0,0.0,0.0,0.0,0.0,positive,16.614365553
16.614365553,0.7886698842048645,0.0,0.0,0.0,3.0,0.0,positive,16.6362643
16.6362643,0.0,0.0,0.0,0.0,0.0,1.0,negative,16.53830739
16.53830739,0.0,0.7297171354293823,0.0,0.0,0.0,1.0,negative,16.51126511
16.51126511,0.0,0.0,0.0,0.0,0.0,0.0,negative,16.42914537
16.42914537,0.0,0.0,0.0,0.0,0.0,0.0,negative,16.38455675
16.38455675,0.0,0.0,0.0,0.0,0.0,0.0,positive,16.39690063
16.39690063,0.0,0.0,0.0,0.0,0.0,0.0,positive,16.4999964821
16.4999964821,0.0,0.0,0.0,0.0,0.0,0.0,positive,16.52277702
16.52277702,0.0,1.5310483574867249,0.0,0.0,0.0,2.0,negative,16.48571833
16.48571833,0.0,0.0,0.0,0.0,0.0,1.0,positive,16.64047871
16.64047871,0.0,0.0,0.0,0.0,0.0,0.0,positive,16.75389922
16.75389922,0.0,0.0,0.7258721590042114,0.0,1.0,0.0,positive,16.91064374
16.91064374,0.0,0.0,0.0,0.0,1.0,0.0,positive,17.09924312
17.09924312,0.0,0.0,0.0,0.0,0.0,0.0,negative,16.97894848
16.97894848,0.0,0.0,0.0,0.0,1.0,0.0,positive,17.00109584
17.00109584,0.0,0.9557428359985352,0.0,0.0,0.0,1.0,positive,17.01656455
17.01656455,0.0,0.0,0.0,0.0,1.0,0.0,negative,16.8864153324
16.8864153324,0.0,0.0,0.0,0.0,0.0,1.0,positive,16.9058223
16.9058223,0.0,0.0,0.0,0.0,0.0,0.0,positive,16.92601109
16.92601109,0.0,0.0,0.0,0.0,0.0,0.0,negative,16.91857066
16.91857066,0.0,0.0,0.0,0.0,0.0,0.0,positive,16.91984262
16.91984262,0.0,0.7051778435707092,0.0,0.0,0.0,1.0,positive,16.92658538
16.92658538,0.0,0.0,0.0,0.0,0.0,0.0,positive,16.98467067
16.98467067,0.0,0.7488376498222351,0.0,0.0,0.0,2.0,positive,17.01935407
17.01935407,0.0,0.0,0.0,0.0,0.0,0.0,positive,17.15466419
17.15466419,0.0,0.7616109848022461,0.0,0.0,1.0,1.0,positive,17.23244339
17.23244339,0.0,0.0,0.8024181127548218,0.0,1.0,0.0,positive,17.26486121
17.26486121,0.0,0.8220378756523132,0.0,0.0,0.0,1.0,negative,17.22202141
17.22202141,0.0,0.0,0.0,0.0,0.0,0.0,negative,17.08986675
17.08986675,0.0,0.0,0.0,0.0,0.0,0.0,positive,17.09952331
17.09952331,0.0,0.0,0.0,0.0,0.0,0.0,positive,17.15270298
17.15270298,0.0,0.0,0.0,0.0,0.0,3.0,negative,17.10756699
17.10756699,0.0,3.411344170570373,0.0,0.0,0.0,6.0,positive,17.13679757
17.13679757,0.0,0.8193963170051575,0.0,0.0,0.0,1.0,positive,17.1434738
17.1434738,0.0,0.0,0.0,0.0,0.0,0.0,positive,17.18275277
17.18275277,0.0,1.727458417415619,0.0,0.0,1.0,3.0,positive,17.18547064
17.18547064,0.0,1.8697426319122317,0.0,0.0,0.0,3.0,negative,17.13967459
17.13967459,0.0,0.0,0.0,0.0,0.0,0.0,positive,17.16765359
17.16765359,0.0,0.0,0.0,0.0,0.0,0.0,positive,17.2181557
17.2181557,0.0,4.094673335552216,0.0,0.0,0.0,6.0,positive,17.2191969533
17.2191969533,0.0,0.0,0.0,0.0,0.0,0.0,negative,16.694442204
16.694442204,0.0,0.0,0.0,0.0,0.0,0.0,negative,16.67968244
16.67968244,0.0,0.7563993334770203,0.0,0.0,1.0,1.0,positive,16.80082086
16.80082086,0.0,0.0,0.0,0.0,0.0,0.0,negative,16.80066276
16.80066276,0.0,0.0,0.0,0.0,0.0,0.0,negative,16.757504783
16.757504783,0.0,0.8099512457847595,0.0,0.0,0.0,1.0,positive,16.8909248
16.8909248,0.0,0.0,0.0,0.0,1.0,0.0,positive,16.90803135
16.90803135,0.0,0.0,0.0,0.0,0.0,0.0,positive,16.92477674
16.92477674,0.0,0.0,0.0,0.0,0.0,0.0,negative,16.88802602
16.88802602,0.0,2.715334713459015,0.0,0.0,1.0,3.0,positive,16.99535905
16.99535905,0.0,0.0,0.0,0.0,0.0,0.0,negative,16.9757162
16.9757162,0.7866470813751221,0.0,0.0,0.0,1.0,1.0,negative,16.92010839
16.92010839,0.0,0.0,0.0,0.0,0.0,0.0,negative,16.88897029
16.88897029,0.0,0.0,0.0,0.0,0.0,0.0,negative,16.77106436
16.77106436,0.0,0.0,0.0,0.0,0.0,0.0,positive,16.82930209
16.82930209,0.0,0.0,0.0,0.0,0.0,0.0,positive,16.86532369
16.86532369,0.0,0.0,0.0,0.0,0.0,0.0,negative,16.78531957
16.78531957,0.0,0.0,0.0,0.0,0.0,0.0,negative,16.48982085
16.48982085,0.0,0.0,0.0,0.0,0.0,1.0,positive,16.69749096
16.69749096,0.0,0.0,0.0,0.0,0.0,1.0,negative,16.54862032
16.54862032,0.0,0.0,0.0,0.0,0.0,0.0,positive,16.5908804789
16.5908804789,0.0,0.0,0.0,0.0,0.0,0.0,negative,16.52698703
16.52698703,0.0,0.0,0.0,0.0,0.0,0.0,positive,16.59331257
16.59331257,0.0,0.0,0.0,0.0,0.0,1.0,negative,16.20692189
16.20692189,0.0,3.0713680386543274,0.0,0.0,0.0,5.0,negative,16.18753033
16.18753033,0.0,0.0,0.0,0.0,0.0,0.0,positive,16.21304388
16.21304388,0.0,0.0,0.0,0.835238516330719,0.0,2.0,negative,16.18645156
16.18645156,0.0,1.5949328541755676,0.0,0.0,0.0,2.0,negative,15.89965827
15.89965827,0.0,0.0,0.0,0.0,0.0,2.0,positive,16.1054252739
16.1054252739,0.0,1.5518211126327517,0.0,0.0,0.0,3.0,positive,16.12194459
16.12194459,0.0,0.0,0.0,0.0,0.0,1.0,positive,16.1332243112
16.1332243112,0.0,0.0,0.0,0.0,0.0,0.0,positive,16.21223199
16.21223199,0.0,0.0,0.0,0.0,0.0,0.0,negative,16.12238057
16.12238057,0.0,0.0,0.0,0.0,0.0,0.0,negative,16.0463560437
16.0463560437,0.0,1.547858476638794,0.0,0.0,0.0,2.0,positive,16.1600901285
16.1600901285,0.0,1.6719898581504822,0.0,0.0,0.0,2.0,positive,16.19856246
16.19856246,0.0,0.7006343007087708,0.0,0.0,0.0,2.0,negative,16.11653022
16.11653022,0.0,0.0,0.0,0.0,0.0,0.0,negative,16.06275694
16.06275694,0.0,0.0,0.0,0.0,0.0,0.0,positive,16.06516274
16.06516274,0.0,0.0,0.0,0.7007930874824524,0.0,1.0,positive,16.1983528211
16.1983528211,0.0,0.0,0.0,0.0,0.0,0.0,positive,16.31300578
16.31300578,0.0,0.9245128631591796,0.0,0.0,0.0,1.0,positive,16.36275877
16.36275877,0.0,0.7484809160232544,0.0,0.0,0.0,2.0,positive,16.51010982
16.51010982,0.0,0.0,0.0,0.0,0.0,3.0,positive,16.60467809
16.60467809,0.0,0.0,0.0,0.0,0.0,0.0,negative,16.54092561
16.54092561,0.0,0.0,0.0,0.859643816947937,1.0,2.0,positive,16.5667618099
16.5667618099,0.0,0.0,0.0,0.0,0.0,1.0,negative,16.4290242
16.4290242,0.0,0.7660712599754333,0.0,0.0,0.0,1.0,positive,16.51621128
16.51621128,0.0,0.9094201922416688,0.0,0.0,0.0,1.0,positive,16.61316914
16.61316914,0.0,0.0,0.0,0.0,0.0,0.0,positive,16.71090198
16.71090198,0.0,0.0,0.0,0.0,4.0,0.0,positive,16.72076514
16.72076514,0.0,0.8215614557266235,0.0,0.0,0.0,1.0,positive,16.76473336
16.76473336,0.0,0.0,0.0,0.0,0.0,0.0,negative,16.66470976
16.66470976,0.0,0.8603770136833191,0.0,0.0,2.0,1.0,positive,16.74617959
16.74617959,0.0,0.0,0.0,0.0,0.0,0.0,negative,16.73921614
16.73921614,0.0,0.7213315963745117,0.0,0.0,0.0,1.0,negative,16.72944113
16.72944113,0.0,0.0,0.0,0.0,1.0,0.0,negative,16.63959354
16.63959354,0.0,0.0,0.0,0.0,0.0,0.0,positive,16.74908146
16.74908146,0.0,0.0,0.0,0.0,0.0,0.0,negative,16.67938165
16.67938165,0.0,0.0,0.0,0.0,0.0,0.0,positive,16.81844452
16.81844452,0.0,0.0,0.0,0.0,0.0,0.0,negative,16.80799844
16.80799844,0.0,0.0,0.0,0.0,0.0,0.0,negative,16.702210870000002
16.702210870000002,0.0,0.0,0.0,0.0,0.0,0.0,negative,16.67743779
16.67743779,0.0,0.0,0.0,0.0,0.0,0.0,negative,16.67667705
16.67667705,0.0,0.0,0.0,0.0,0.0,0.0,positive,16.678368120000002
16.678368120000002,0.0,0.8475205898284912,0.0,0.0,0.0,1.0,negative,16.55919151
16.55919151,0.0,0.0,0.0,0.0,0.0,1.0,negative,16.49552914
16.49552914,0.0,0.0,0.0,0.0,0.0,1.0,negative,16.39384837
16.39384837,0.0,2.142404615879059,0.0,0.0,0.0,3.0,positive,16.47343807
16.47343807,0.0,0.8475205898284912,0.0,0.0,0.0,1.0,negative,16.3848022
16.3848022,0.0,0.0,0.0,0.0,0.0,0.0,negative,16.37783346
16.37783346,0.0,0.0,0.0,0.0,0.0,0.0,positive,16.60545341
16.60545341,0.0,0.8475205898284912,0.0,0.0,0.0,1.0,negative,16.54230371
16.54230371,0.0,0.7268043160438538,0.0,0.0,0.0,1.0,negative,16.501529173
16.501529173,0.0,0.8715091943740845,0.0,0.0,0.0,1.0,negative,16.48734771
16.48734771,0.0,0.0,0.0,0.0,0.0,1.0,positive,16.52071651
16.52071651,0.0,0.0,0.0,0.0,0.0,0.0,positive,16.5524927
16.5524927,0.0,0.0,0.0,0.0,0.0,0.0,positive,16.59489727
16.59489727,0.0,0.0,0.0,0.0,0.0,0.0,negative,16.54108092
16.54108092,0.0,0.0,0.0,0.0,0.0,0.0,positive,16.5923694
16.5923694,0.0,0.0,0.0,0.0,0.0,0.0,negative,16.58819346
16.58819346,0.0,0.0,0.0,0.0,0.0,1.0,positive,16.62352243
16.62352243,0.0,0.0,0.0,0.0,0.0,0.0,negative,16.58028447
16.58028447,0.0,0.7297171354293823,0.0,0.8809083104133606,0.0,2.0,positive,16.64281054
16.64281054,0.0,1.6626532077789309,0.0,0.0,0.0,2.0,positive,16.65126781
16.65126781,0.0,0.0,0.0,0.0,0.0,0.0,negative,16.63641047
16.63641047,0.0,0.0,0.0,0.0,0.0,1.0,positive,16.66908182
16.66908182,0.0,2.587718367576599,0.0,0.0,0.0,6.0,positive,16.73416423
16.73416423,0.0,0.8876538276672363,0.0,0.0,0.0,2.0,negative,16.69463741
16.69463741,0.0,1.4714120626449585,0.0,0.0,0.0,3.0,positive,16.73166428
16.73166428,0.0,1.5024913549423218,0.0,0.0,1.0,4.0,positive,16.76306266
16.76306266,0.0,0.7467738389968872,0.0,0.0,0.0,1.0,negative,16.76092992
16.76092992,0.0,0.8475205898284912,0.0,0.0,0.0,2.0,negative,16.57443899
16.57443899,0.0,1.561908781528473,0.0,0.0,0.0,4.0,negative,16.5724461
16.5724461,0.0,0.8475205898284912,0.0,0.0,0.0,2.0,negative,16.52854224
16.52854224,0.0,0.0,0.0,0.0,0.0,0.0,positive,16.54130911
16.54130911,0.0,0.0,0.0,0.0,0.0,0.0,negative,16.4793784
16.4793784,0.0,0.8622461557388306,0.0,0.0,0.0,2.0,negative,16.29781484
16.29781484,0.0,0.0,0.0,0.0,0.0,1.0,negative,16.22883044
16.22883044,0.0,0.0,0.0,0.0,0.0,0.0,positive,16.25660968
16.25660968,0.0,0.0,0.8071112036705017,0.0,1.0,0.0,positive,16.36017876
16.36017876,0.0,0.0,0.0,0.0,0.0,0.0,positive,16.37346803
16.37346803,0.0,0.0,0.0,0.0,0.0,1.0,positive,16.426147190000002
16.426147190000002,0.0,0.0,0.0,0.0,0.0,0.0,positive,16.43947575
16.43947575,0.0,0.0,0.7906660437583923,0.0,2.0,0.0,negative,16.08343771
16.08343771,0.0,0.0,0.0,0.0,0.0,1.0,positive,16.13707598
16.13707598,0.0,0.0,0.0,0.0,0.0,0.0,positive,16.16825596
16.16825596,0.0,0.0,0.0,0.0,0.0,1.0,negative,16.1652439
16.1652439,0.0,0.0,0.0,0.0,0.0,0.0,negative,16.11540017
16.11540017,0.0,0.0,0.0,0.0,1.0,0.0,positive,16.17265861
16.17265861,0.0,0.0,0.0,0.0,0.0,0.0,negative,16.1491838
16.1491838,0.0,0.0,0.0,0.0,0.0,0.0,positive,16.1683797
16.1683797,0.0,0.0,0.0,0.0,1.0,0.0,positive,16.27422056
16.27422056,0.0,0.7435930967330933,0.0,0.0,1.0,2.0,positive,16.27574003
16.27574003,0.0,0.0,0.0,0.0,0.0,0.0,negative,16.1320382
16.1320382,0.0,0.0,0.0,0.0,0.0,2.0,negative,16.1019269
16.1019269,0.0,0.0,0.0,0.0,0.0,0.0,positive,16.10949248
16.10949248,0.0,0.0,0.0,0.0,0.0,0.0,positive,16.19807197
16.19807197,0.0,0.7902165651321411,0.0,0.0,0.0,1.0,positive,16.19956787
16.19956787,0.0,0.0,0.0,0.0,0.0,2.0,positive,16.2914019
16.2914019,0.0,0.0,0.0,0.0,0.0,2.0,negative,16.22627852
16.22627852,0.0,0.0,0.0,0.0,0.0,4.0,positive,16.31203421
16.31203421,0.0,0.8475205898284912,0.0,0.0,0.0,3.0,positive,16.35805356
16.35805356,0.0,0.0,0.7496768832206726,0.8334988355636597,1.0,1.0,positive,16.38133258
16.38133258,0.0,0.8737145066261292,0.0,0.8426710963249207,2.0,3.0,positive,16.41126128
16.41126128,0.0,1.5584819316864014,0.0,0.7288428544998169,1.0,3.0,negative,16.35058286
16.35058286,0.0,0.8893535137176514,0.0,0.0,0.0,3.0,positive,16.37533166
16.37533166,0.0,3.296575248241425,0.0,0.0,0.0,5.0,negative,16.35073891
16.35073891,0.0,0.0,0.0,0.0,0.0,1.0,positive,16.40090662
16.40090662,0.0,0.0,0.0,0.0,0.0,0.0,negative,16.32480955
16.32480955,0.0,0.0,0.0,0.0,0.0,2.0,positive,16.3286823
16.3286823,0.0,0.0,0.0,0.9188597202301024,0.0,3.0,positive,16.37224883
16.37224883,0.0,0.0,0.0,0.9140632152557372,1.0,3.0,positive,16.48413502
16.48413502,0.0,0.0,0.0,0.0,0.0,0.0,negative,16.40898138
16.40898138,0.0,0.0,0.0,0.0,0.0,0.0,positive,16.41005599
16.41005599,0.0,0.8475205898284912,0.0,0.0,0.0,2.0,negative,16.37362824
16.37362824,0.0,0.8517654538154602,0.0,0.0,0.0,1.0,negative,16.37057621
16.37057621,0.0,0.0,0.0,0.0,0.0,2.0,positive,16.46589386
16.46589386,0.0,0.7435930967330933,0.0,0.0,0.0,1.0,negative,16.42379221
16.42379221,0.0,0.0,0.0,0.0,0.0,0.0,negative,16.26225275
16.26225275,0.0,0.7697311639785767,0.0,0.0,0.0,2.0,positive,16.26628313
16.26628313,0.0,0.0,0.0,0.0,1.0,0.0,negative,16.18777121
16.18777121,0.0,0.0,0.0,0.0,0.0,0.0,negative,16.15100005
16.15100005,0.0,0.0,0.0,0.0,0.0,1.0,positive,16.16587296
16.16587296,0.0,0.7919700145721436,0.0,0.0,0.0,1.0,negative,16.08512322
16.08512322,0.0,0.0,0.0,0.0,0.0,0.0,positive,16.12607205
16.12607205,0.0,0.0,0.0,0.0,0.0,0.0,positive,16.18157957
16.18157957,0.0,0.0,0.0,0.0,0.0,0.0,negative,16.17866076
16.17866076,0.0,0.0,0.0,0.0,2.0,0.0,negative,16.12639929
16.12639929,0.869466245174408,0.0,0.0,0.8701167702674866,1.0,1.0,positive,16.13648795
16.13648795,0.7099431753158569,0.8720465302467346,0.0,0.0,1.0,2.0,positive,16.15237541
16.15237541,0.0,0.0,0.0,0.0,1.0,0.0,positive,16.20351042
16.20351042,0.0,0.0,0.0,0.0,0.0,0.0,positive,16.21254824
16.21254824,0.0,0.0,0.0,0.0,0.0,0.0,positive,16.27046129
16.27046129,0.0,0.0,0.0,0.0,0.0,0.0,positive,16.28538805
16.28538805,0.0,0.0,0.0,0.0,1.0,0.0,negative,16.24217005
16.24217005,0.0,0.0,0.0,0.0,0.0,0.0,positive,16.24972377
16.24972377,0.0,0.0,0.0,0.0,0.0,0.0,negative,16.19784543
16.19784543,0.0,0.0,0.0,0.0,0.0,1.0,positive,16.2555222595
16.2555222595,0.0,0.0,0.0,0.0,0.0,0.0,negative,16.25495017
16.25495017,0.0,0.0,0.7268916368484497,0.0,1.0,1.0,positive,16.27460551
16.27460551,0.0,0.0,0.0,0.0,0.0,1.0,positive,16.2932734
16.2932734,0.0,0.924964427947998,0.0,0.0,0.0,1.0,positive,16.34024873
16.34024873,0.0,1.7097667455673218,0.0,0.0,0.0,3.0,positive,16.4975416
16.4975416,0.0,0.0,0.0,0.0,1.0,1.0,negative,16.448397117
16.448397117,0.0,0.0,0.0,0.0,0.0,2.0,positive,16.5227159242
16.5227159242,0.0,0.0,0.0,0.0,0.0,1.0,negative,16.46516792
16.46516792,0.0,0.0,0.0,0.0,0.0,0.0,positive,16.47886788
16.47886788,0.0,0.742851972579956,0.0,0.0,0.0,1.0,negative,16.4613751865
16.4613751865,0.0,0.0,0.0,0.0,0.0,0.0,positive,16.49675095
16.49675095,0.0,0.7442131638526917,0.0,0.0,0.0,1.0,positive,16.5373114354
16.5373114354,0.0,0.0,0.0,0.0,0.0,0.0,positive,16.53741295
16.53741295,0.0,0.0,0.0,0.0,0.0,2.0,negative,16.46242104
16.46242104,0.0,0.0,0.0,0.0,0.0,0.0,positive,16.48576778
16.48576778,0.0,0.0,0.0,0.0,0.0,0.0,negative,16.39538026
16.39538026,0.0,0.7306895852088928,0.0,0.0,0.0,1.0,negative,16.36452382
16.36452382,0.0,0.7839696407318115,0.0,0.0,0.0,1.0,positive,16.49328352
16.49328352,0.0,0.0,0.8794770836830139,0.0,1.0,0.0,positive,16.50168008
16.50168008,0.0,0.0,0.0,0.0,0.0,0.0,positive,16.51366054
16.51366054,0.0,0.0,0.0,0.0,0.0,0.0,positive,16.5736211
16.5736211,0.0,0.0,0.0,0.0,0.0,0.0,negative,16.55733434
16.55733434,0.0,0.9302569031715392,0.0,0.0,1.0,1.0,negative,16.51462728
16.51462728,0.0,0.0,0.0,0.0,0.0,0.0,positive,16.53951068
16.53951068,0.0,0.0,0.0,0.0,0.0,0.0,negative,16.53159464
16.53159464,0.0,0.0,0.0,0.0,0.0,0.0,negative,16.50888554
16.50888554,0.0,0.0,0.0,0.0,0.0,0.0,positive,16.52024461
16.52024461,0.0,0.0,0.0,0.0,0.0,0.0,positive,16.53535034
16.53535034,0.0,0.0,0.0,0.0,0.0,0.0,negative,16.5112266426
16.5112266426,0.0,0.0,0.0,0.0,0.0,1.0,negative,16.4764992
16.4764992,0.0,0.0,0.0,0.0,0.0,0.0,positive,16.63251049
16.63251049,0.0,0.0,0.0,0.0,0.0,0.0,positive,16.67539492
16.67539492,0.0,0.8063557744026184,0.0,0.0,0.0,1.0,positive,16.78195072
16.78195072,0.7784649133682251,0.0,0.0,0.0,1.0,0.0,positive,16.92902674
16.92902674,0.0,0.0,0.0,0.0,0.0,1.0,positive,16.99014896
16.99014896,0.0,0.0,0.0,0.0,0.0,0.0,negative,16.92613119
16.92613119,0.0,0.0,0.0,0.0,0.0,0.0,positive,16.9635225263
16.9635225263,0.0,0.0,0.0,0.0,0.0,0.0,positive,16.9842464897
16.9842464897,0.0,0.0,0.0,0.0,0.0,2.0,negative,16.94968332
16.94968332,0.0,0.0,0.0,0.0,0.0,0.0,positive,16.96142589
16.96142589,0.0,0.0,0.0,0.0,0.0,0.0,positive,17.03242647
17.03242647,0.0,0.0,0.0,0.0,0.0,0.0,positive,17.05933919
17.05933919,0.0,0.0,0.0,0.0,1.0,0.0,positive,17.10158149
17.10158149,0.0,0.0,0.0,0.0,1.0,0.0,positive,17.18245854
17.18245854,0.0,0.7992954254150391,0.0,0.0,0.0,1.0,negative,17.14336004
17.14336004,0.0,0.0,0.0,0.0,0.0,0.0,negative,17.14012955
17.14012955,0.0,0.0,0.0,0.0,0.0,0.0,negative,17.1325027318
17.1325027318,0.0,0.0,0.0,0.0,0.0,0.0,negative,17.08035303
17.08035303,0.0,0.0,0.0,0.0,0.0,0.0,negative,17.06393724
17.06393724,0.0,0.0,0.0,0.0,0.0,0.0,positive,17.0965909
17.0965909,0.0,0.0,0.0,0.0,0.0,0.0,negative,16.92620467
16.92620467,0.0,0.0,0.0,0.0,0.0,0.0,negative,16.87894905
16.87894905,0.0,0.0,0.0,0.0,0.0,0.0,negative,16.7707564313
16.7707564313,0.0,0.0,0.0,0.0,0.0,0.0,positive,16.81884346
16.81884346,0.0,0.0,0.0,0.0,0.0,0.0,positive,16.8480509
16.8480509,0.0,0.0,0.0,0.0,0.0,1.0,negative,16.83454719
16.83454719,0.0,0.0,0.0,0.0,0.0,2.0,positive,17.00277116
17.00277116,0.0,0.7668458819389343,0.0,0.0,0.0,5.0,negative,16.86876483
16.86876483,0.0,0.856049656867981,0.0,0.0,0.0,3.0,positive,16.88033277
16.88033277,0.0,0.0,0.0,0.0,0.0,0.0,positive,16.9252349
16.9252349,0.0,0.0,0.0,0.0,0.0,1.0,negative,16.91812219
16.91812219,0.0,2.272598803043365,0.0,0.0,0.0,5.0,positive,17.05364933
17.05364933,0.0,0.0,0.0,0.9310126900672911,0.0,2.0,positive,17.08733542
17.08733542,0.0,0.7938446998596191,0.0,0.0,0.0,2.0,negative,16.95674215
16.95674215,0.0,0.0,0.0,0.0,0.0,1.0,positive,16.99865137
16.99865137,0.0,0.0,0.0,0.0,0.0,0.0,positive,17.04162867
17.04162867,0.0,0.7297171354293823,0.0,0.0,0.0,2.0,negative,17.03599285
17.03599285,0.0,0.0,0.0,0.0,0.0,0.0,negative,16.99835288
16.99835288,0.0,0.8010717034339905,0.0,0.0,0.0,2.0,negative,16.99037982
16.99037982,0.0,0.0,0.0,0.0,0.0,0.0,positive,17.00343337
17.00343337,0.0,0.0,0.0,0.0,0.0,0.0,positive,17.15934353
17.15934353,0.0,0.0,0.0,0.0,0.0,0.0,positive,17.3170094287
17.3170094287,0.0,0.0,0.0,0.0,0.0,0.0,positive,17.4134903263
17.4134903263,0.0,0.0,0.0,0.0,0.0,0.0,negative,17.35383224
17.35383224,0.0,0.0,0.0,0.0,0.0,0.0,negative,17.30441464
17.30441464,0.0,1.6331987977027893,0.0,0.0,0.0,5.0,negative,17.25523331
17.25523331,0.0,0.0,0.0,0.0,0.0,0.0,positive,17.329151
17.329151,0.0,0.7187651991844177,0.0,0.0,1.0,1.0,positive,17.45381845
17.45381845,0.0,0.0,0.0,0.0,0.0,2.0,positive,17.47008728
17.47008728,0.0,0.0,0.0,0.0,0.0,2.0,negative,17.43513814
17.43513814,0.0,0.0,0.0,0.0,1.0,1.0,positive,17.49071108
17.49071108,0.0,0.0,0.0,0.0,0.0,0.0,negative,17.37390738
17.37390738,0.0,0.0,0.0,0.0,0.0,0.0,positive,17.42140855
17.42140855,0.0,0.8056511282920837,0.0,0.0,0.0,1.0,positive,17.43830464
17.43830464,0.0,0.0,0.0,0.0,0.0,1.0,positive,17.46194417
17.46194417,0.0,0.0,0.0,0.0,1.0,1.0,positive,17.55461558
17.55461558,0.0,0.7509908080101013,0.0,0.0,0.0,2.0,negative,17.37520525
17.37520525,0.0,0.0,0.0,0.0,0.0,0.0,positive,17.50614146
17.50614146,0.0,0.7809116840362549,0.0,0.0,0.0,1.0,positive,17.6964989399
17.6964989399,0.0,0.0,0.0,0.0,0.0,0.0,positive,17.74341775
17.74341775,0.0,0.0,0.0,0.0,0.0,0.0,positive,17.82308216
17.82308216,0.0,0.0,0.0,0.0,1.0,0.0,positive,17.94276319
17.94276319,0.0,2.3569265604019165,0.0,0.0,0.0,3.0,negative,17.92222156
17.92222156,0.0,0.0,0.0,0.0,0.0,0.0,negative,17.65504669
17.65504669,0.0,0.0,0.0,0.0,0.0,0.0,negative,17.61083421
17.61083421,0.0,0.0,0.0,0.0,0.0,0.0,negative,17.60592084
17.60592084,0.0,0.0,0.0,0.0,0.0,0.0,positive,17.616514510000002
17.616514510000002,0.0,0.0,0.0,0.0,0.0,0.0,positive,17.64860351
17.64860351,0.0,0.8980557918548584,0.0,0.0,0.0,1.0,positive,17.65638577
17.65638577,0.0,0.0,0.0,0.0,0.0,0.0,positive,17.75915234
17.75915234,0.0,0.0,0.0,0.7165253758430481,0.0,1.0,positive,17.87028515
17.87028515,0.0,0.0,0.0,0.0,0.0,0.0,negative,17.77730108
17.77730108,0.0,0.0,0.0,0.0,0.0,0.0,negative,17.7053479
17.7053479,0.0,0.0,0.0,0.0,1.0,0.0,negative,17.69324898
17.69324898,0.0,0.7333644032478333,0.0,0.0,0.0,1.0,negative,17.46473265
17.46473265,0.0,0.0,0.0,0.0,0.0,0.0,negative,17.3223034
17.3223034,0.0,0.0,0.0,0.0,0.0,0.0,positive,17.42577765
17.42577765,0.0,0.0,0.0,0.0,0.0,1.0,negative,17.39936454
17.39936454,0.0,0.0,0.0,0.0,0.0,1.0,negative,17.37519347
17.37519347,0.0,0.0,0.0,0.0,0.0,2.0,positive,17.37686718
17.37686718,0.0,0.7992006540298462,0.0,0.0,4.0,1.0,negative,17.36317866
17.36317866,0.0,0.723393976688385,0.0,0.0,1.0,2.0,negative,17.16663929
17.16663929,0.0,0.0,0.0,0.0,0.0,0.0,negative,17.12804824
17.12804824,0.0,0.0,0.0,0.0,0.0,0.0,negative,17.0695305596
17.0695305596,0.0,0.0,0.0,0.0,1.0,0.0,positive,17.18308852
17.18308852,0.0,0.0,0.0,0.0,1.0,0.0,positive,17.3556133
17.3556133,0.0,0.0,0.0,0.8724323511123657,0.0,1.0,positive,17.44200911
17.44200911,0.0,1.7727850675582886,0.0,0.0,0.0,2.0,negative,17.40167563
17.40167563,0.0,0.0,0.0,0.0,0.0,0.0,negative,17.36191544
17.36191544,0.0,0.0,0.0,0.0,0.0,0.0,negative,17.34158883
17.34158883,0.0,0.0,0.0,0.0,0.0,3.0,positive,17.3682068084
17.3682068084,0.0,0.0,0.0,0.0,0.0,0.0,positive,17.40133508
17.40133508,0.0,0.0,0.0,0.0,1.0,1.0,negative,17.39611474
17.39611474,0.0,0.0,0.0,0.0,0.0,0.0,positive,17.42781414
17.42781414,0.0,0.0,0.0,0.0,0.0,0.0,negative,17.3440871965
17.3440871965,0.0,0.0,0.0,0.0,0.0,1.0,negative,17.34181887
17.34181887,0.0,0.0,0.0,0.0,0.0,0.0,positive,17.35886781
17.35886781,0.0,0.0,0.0,0.0,0.0,0.0,negative,17.33741519
17.33741519,0.0,0.0,0.0,0.0,0.0,0.0,positive,17.38017359
17.38017359,0.0,0.0,0.0,0.0,0.0,0.0,negative,17.36003319
17.36003319,0.0,0.0,0.0,0.0,1.0,0.0,positive,17.37807498
17.37807498,0.0,0.0,0.0,0.0,0.0,0.0,positive,17.40735085
17.40735085,0.0,0.0,0.0,0.0,0.0,0.0,negative,17.39556912
17.39556912,0.0,0.0,0.0,0.0,0.0,1.0,positive,17.42618097
17.42618097,0.0,0.0,0.0,0.0,0.0,1.0,negative,17.42316518
17.42316518,0.0,0.0,0.0,0.0,0.0,1.0,positive,17.54448251
17.54448251,0.0,0.0,0.0,0.0,0.0,0.0,positive,17.61549538
17.61549538,0.0,0.0,0.0,0.0,1.0,0.0,positive,17.91494102
17.91494102,0.0,0.0,0.8671116828918457,0.0,2.0,0.0,positive,17.93166797
17.93166797,0.0,0.0,0.0,0.0,1.0,0.0,negative,17.861181170000002
17.861181170000002,0.0,0.0,0.0,0.0,0.0,0.0,positive,17.91426627
17.91426627,0.0,0.0,0.0,0.0,0.0,0.0,negative,17.89970381
17.89970381,0.0,0.0,0.0,0.0,0.0,1.0,positive,17.90719799
17.90719799,0.0,0.0,0.0,0.0,0.0,1.0,positive,17.96878585
17.96878585,0.0,0.7085028886795044,0.0,0.0,0.0,2.0,positive,17.99535984
17.99535984,0.0,0.0,0.0,0.0,0.0,1.0,positive,18.02227353
18.02227353,0.0,0.0,0.0,0.0,0.0,1.0,negative,18.00595725
18.00595725,0.0,0.0,0.0,0.0,0.0,0.0,positive,18.02936988
18.02936988,0.0,0.0,0.0,0.0,1.0,0.0,positive,18.14082628
18.14082628,0.0,0.0,0.0,0.0,0.0,0.0,negative,18.08091639
18.08091639,0.0,0.0,0.0,0.0,1.0,0.0,positive,18.12971883
18.12971883,0.0,0.7023959159851074,0.0,0.0,0.0,1.0,negative,18.1112022051
18.1112022051,0.0,0.0,0.0,0.0,0.0,0.0,negative,17.14593921
17.14593921,0.0,0.0,0.0,0.0,0.0,0.0,negative,17.09665767
17.09665767,0.0,0.0,0.0,0.0,0.0,0.0,positive,17.12011899
17.12011899,0.0,0.0,0.0,0.0,0.0,0.0,positive,17.16944961
17.16944961,0.0,0.0,0.0,0.0,0.0,0.0,negative,17.139960025
17.139960025,0.0,0.0,0.8191983699798584,0.0,1.0,0.0,positive,17.21265131
17.21265131,0.0,0.0,0.0,0.0,0.0,0.0,negative,17.13986219
17.13986219,0.0,0.0,0.0,0.0,0.0,0.0,positive,17.21952039
17.21952039,0.0,0.0,0.0,0.0,0.0,0.0,negative,17.19235628
17.19235628,0.0,0.0,0.0,0.0,1.0,0.0,positive,17.2393039
17.2393039,0.0,0.0,0.0,0.0,0.0,0.0,negative,17.23105104
17.23105104,0.0,0.0,0.0,0.0,0.0,0.0,negative,17.18697475
17.18697475,0.0,0.7830228805541992,0.0,0.0,1.0,1.0,negative,17.17770137
17.17770137,0.0,0.0,0.0,0.0,0.0,0.0,positive,17.18132005
17.18132005,0.0,0.0,0.0,0.0,0.0,1.0,negative,17.1681175899
17.1681175899,0.0,0.0,0.0,0.0,0.0,1.0,positive,17.21572772
17.21572772,0.0,0.7013855576515198,0.0,0.0,0.0,3.0,negative,17.2155421
17.2155421,0.0,0.0,0.0,0.0,0.0,1.0,positive,17.22230673
17.22230673,0.0,0.0,0.0,0.0,0.0,0.0,positive,17.24558238
17.24558238,0.0,0.0,0.0,0.0,0.0,0.0,positive,17.30065811
17.30065811,0.0,0.0,0.0,0.0,0.0,0.0,positive,17.40697274
17.40697274,0.0,0.0,0.0,0.0,0.0,1.0,positive,17.42080828
17.42080828,0.0,0.0,0.0,0.0,0.0,0.0,positive,17.4479153
17.4479153,0.0,0.0,0.0,0.0,0.0,0.0,positive,17.45949371
17.45949371,0.0,0.7294839024543762,0.0,0.0,0.0,2.0,negative,17.41666029
17.41666029,0.0,1.8489630818367004,0.0,0.0,0.0,3.0,negative,17.3716916499
17.3716916499,0.0,0.0,0.0,0.0,0.0,0.0,positive,17.45113239
17.45113239,0.0,0.0,0.0,0.0,0.0,0.0,negative,17.40336722
17.40336722,0.0,0.8405172824859619,0.0,0.0,0.0,1.0,positive,17.50887536
17.50887536,0.0,0.0,0.0,0.0,0.0,0.0,positive,17.53422922
17.53422922,0.0,0.0,0.0,0.0,1.0,1.0,positive,17.53456716
17.53456716,0.0,0.8438213467597961,0.0,0.0,0.0,1.0,negative,17.49834925
17.49834925,0.0,0.0,0.0,0.0,0.0,0.0,negative,17.49672377
17.49672377,0.0,0.0,0.0,0.0,0.0,0.0,positive,17.54540541
17.54540541,0.0,0.0,0.0,0.0,0.0,0.0,negative,17.53208018
17.53208018,0.0,0.0,0.0,0.7934311032295227,0.0,1.0,positive,17.5849009891
17.5849009891,0.0,0.0,0.0,0.0,0.0,0.0,positive,17.60817097
17.60817097,0.0,0.0,0.0,0.0,0.0,0.0,positive,17.63062418
17.63062418,0.0,0.0,0.0,0.0,0.0,1.0,negative,17.51146487
17.51146487,0.0,2.505337417125702,0.0,0.0,1.0,3.0,negative,17.50426015
17.50426015,0.0,0.845827579498291,0.0,0.0,0.0,1.0,positive,17.53675088
17.53675088,0.0,0.0,0.0,0.0,0.0,0.0,positive,17.588667149
17.588667149,0.0,0.8365821838378906,0.0,0.0,0.0,1.0,negative,17.52418462
17.52418462,0.0,0.0,0.0,0.0,0.0,1.0,negative,17.31920501
17.31920501,0.0,0.0,0.0,0.0,0.0,0.0,negative,17.27811703
17.27811703,0.0,0.0,0.0,0.0,0.0,0.0,positive,17.28820285
17.28820285,0.0,0.0,0.0,0.0,0.0,0.0,positive,17.375234120000002
17.375234120000002,0.0,0.0,0.0,0.0,0.0,0.0,positive,17.4428649161
17.4428649161,0.0,0.0,0.0,0.0,0.0,2.0,positive,17.47962628
17.47962628,0.0,0.0,0.0,0.0,0.0,0.0,positive,17.48888134
17.48888134,0.0,0.7323818206787109,0.0,0.0,0.0,1.0,positive,17.50840579
17.50840579,0.0,0.0,0.0,0.0,0.0,1.0,positive,17.53993902
17.53993902,0.0,0.9123966693878174,0.0,0.0,0.0,1.0,positive,17.59496839
17.59496839,0.0,0.8017407059669495,0.0,0.0,0.0,1.0,negative,17.42710367
17.42710367,0.0,0.0,0.0,0.0,1.0,0.0,positive,17.5023654415
17.5023654415,0.0,0.0,0.7873353958129883,0.0,1.0,0.0,positive,17.50755337
17.50755337,0.0,0.8104278445243835,0.0,0.0,0.0,4.0,positive,17.5418059183
17.5418059183,0.0,0.0,0.0,0.0,0.0,1.0,positive,17.56587492
17.56587492,0.0,0.0,0.0,0.0,0.0,0.0,negative,17.51889904
17.51889904,0.0,0.0,0.0,0.0,1.0,0.0,positive,17.59042655
17.59042655,0.0,0.7209011316299438,0.0,0.0,0.0,1.0,positive,17.5941505
17.5941505,0.0,0.0,0.0,0.0,0.0,0.0,negative,17.56899181
17.56899181,0.0,0.0,0.0,0.0,0.0,0.0,negative,17.52594098
17.52594098,0.0,1.532529354095459,0.0,0.0,0.0,2.0,positive,17.77268173
17.77268173,0.0,0.7376806735992432,0.0,0.0,0.0,2.0,positive,17.84113004
17.84113004,0.0,0.0,0.0,0.0,0.0,0.0,negative,17.78421209
17.78421209,0.0,0.0,0.0,0.0,1.0,0.0,positive,17.87340428
17.87340428,0.0,1.626895546913147,0.0,0.0,0.0,2.0,negative,17.80185212
17.80185212,0.0,0.8726754188537598,0.0,0.0,0.0,1.0,negative,17.7230114
17.7230114,0.0,0.0,0.0,0.0,0.0,0.0,negative,17.63312668
17.63312668,0.0,0.0,0.0,0.0,2.0,2.0,negative,17.5867720293
17.5867720293,0.0,0.0,0.0,0.0,0.0,0.0,positive,17.59747855
17.59747855,0.0,0.7976899147033691,0.0,0.0,0.0,2.0,positive,17.6374271
17.6374271,0.0,0.7827634811401367,0.0,0.0,0.0,3.0,positive,17.6596414579
17.6596414579,3.0790514945983887,0.0,0.0,0.0,4.0,0.0,positive,17.75542198
17.75542198,0.0,1.6993418335914612,0.0,0.0,0.0,4.0,positive,17.83020811
17.83020811,0.0,0.0,0.0,0.0,0.0,2.0,positive,17.85792469
17.85792469,0.0,1.582878828048706,0.0,0.0,0.0,2.0,negative,17.78093924
17.78093924,0.0,0.7789833545684814,0.0,0.0,0.0,2.0,negative,17.72778139
17.72778139,0.0,1.541426956653595,0.0,0.0,1.0,4.0,negative,17.72593324
17.72593324,0.0,2.533625304698944,0.0,0.0,0.0,3.0,negative,17.69933019
17.69933019,0.0,0.0,0.0,0.0,0.0,0.0,negative,17.68878612
17.68878612,0.0,0.0,0.0,0.0,0.0,0.0,negative,17.62462478
17.62462478,0.0,0.0,0.0,0.0,0.0,0.0,positive,17.67640424
17.67640424,0.0,0.0,0.0,0.0,1.0,0.0,negative,17.6578014425
17.6578014425,0.0,0.0,0.0,0.0,0.0,0.0,negative,17.6306274366
17.6306274366,0.0,0.8276383876800537,0.0,0.0,0.0,1.0,positive,17.6472771519
17.6472771519,0.0,0.8912711143493652,0.0,0.0,0.0,3.0,positive,17.72111269
17.72111269,0.0,0.7650230526924133,0.0,0.0,0.0,3.0,negative,17.6902838675
17.6902838675,0.0,0.8131170272827148,0.0,0.0,0.0,1.0,negative,17.6827434899
17.6827434899,0.0,0.8663665652275085,0.0,0.0,0.0,2.0,negative,17.600028085799998
17.600028085799998,0.0,0.9438908696174622,0.0,0.0,1.0,3.0,positive,17.7218664633
17.7218664633,0.0,0.0,0.0,0.0,1.0,4.0,positive,17.72650123
17.72650123,0.0,0.0,0.0,0.0,0.0,1.0,positive,17.76816482
17.76816482,0.0,1.6397232413291931,0.0,0.0,0.0,2.0,positive,17.77112083
17.77112083,0.0,0.0,0.0,0.0,0.0,0.0,negative,17.68994842
17.68994842,0.0,0.912004053592682,0.0,0.0,0.0,1.0,negative,17.65940269
17.65940269,0.0,2.5735893845558167,0.0,0.0,1.0,3.0,positive,17.68580589
17.68580589,0.0,0.7354090213775635,0.0,0.0,1.0,1.0,negative,17.63375421
17.63375421,0.0,0.788841187953949,0.0,0.0,0.0,2.0,negative,17.55918019
17.55918019,0.0,0.7435930967330933,0.0,0.0,0.0,1.0,negative,17.55488939
17.55488939,0.0,0.0,0.0,0.0,0.0,1.0,positive,17.56130831
17.56130831,0.0,0.834065318107605,0.0,0.0,0.0,1.0,negative,17.54310322
17.54310322,0.0,3.445858597755432,0.0,0.0,0.0,4.0,positive,17.64296731
17.64296731,0.0,0.0,0.0,0.0,0.0,0.0,negative,17.55548871
17.55548871,0.0,0.0,0.0,0.0,0.0,0.0,negative,17.53593515
17.53593515,0.0,0.0,0.0,0.0,0.0,0.0,positive,17.61827611
17.61827611,0.0,0.0,0.0,0.0,1.0,0.0,negative,17.59103032
17.59103032,0.0,0.0,0.0,0.0,0.0,0.0,positive,17.6146394
17.6146394,0.0,0.0,0.0,0.0,0.0,1.0,negative,17.6067935763
17.6067935763,0.0,0.0,0.0,0.0,0.0,0.0,negative,17.60532957
17.60532957,0.0,0.0,0.0,0.0,1.0,0.0,negative,17.5806698847
17.5806698847,0.0,0.0,0.0,0.0,1.0,1.0,positive,17.5854277
17.5854277,0.0,0.0,0.0,0.0,0.0,0.0,negative,17.51994795
17.51994795,0.0,0.0,0.0,0.0,0.0,0.0,negative,17.47656437
17.47656437,0.0,0.0,0.0,0.0,0.0,2.0,negative,17.4559476844
17.4559476844,0.0,0.0,0.0,0.0,1.0,0.0,negative,17.43962922
17.43962922,0.0,0.0,0.0,0.0,0.0,2.0,negative,17.43923583
17.43923583,0.9538216590881348,0.0,0.0,0.0,1.0,0.0,negative,17.38139138
17.38139138,0.0,0.0,0.0,0.0,0.0,0.0,negative,17.1338586805
17.1338586805,0.0,0.0,0.0,0.0,0.0,0.0,negative,17.0778167966
17.0778167966,0.0,0.0,0.0,0.0,0.0,0.0,positive,17.14513915
17.14513915,0.0,0.0,0.0,0.0,0.0,0.0,negative,17.06319737
17.06319737,0.0,0.7217472791671753,0.0,0.0,0.0,1.0,positive,17.06424198
17.06424198,0.0,0.0,0.0,0.0,0.0,1.0,positive,17.13340441
17.13340441,0.0,0.0,0.0,0.0,0.0,0.0,positive,17.32056989
17.32056989,0.0,0.0,0.0,0.0,0.0,1.0,positive,17.3978830389
17.3978830389,0.0,0.7198176980018616,0.0,0.0,0.0,1.0,negative,17.3923702
17.3923702,0.0,0.0,0.0,0.0,1.0,0.0,negative,17.36540012
17.36540012,0.0,0.0,0.0,0.0,0.0,0.0,positive,17.44703493
17.44703493,0.0,0.0,0.0,0.0,0.0,0.0,positive,17.52794148
17.52794148,0.0,0.0,0.0,0.0,0.0,0.0,negative,17.52676608
17.52676608,0.0,0.0,0.0,0.0,0.0,0.0,negative,17.49973091
17.49973091,0.0,0.8505317568778992,0.0,0.0,0.0,1.0,negative,17.44535752
17.44535752,0.0,0.0,0.0,0.0,0.0,0.0,positive,17.465673146
17.465673146,0.0,0.0,0.0,0.93730229139328,0.0,1.0,positive,17.4856942
17.4856942,0.0,0.0,0.0,0.0,0.0,1.0,negative,17.44481513
17.44481513,0.0,0.9505136013031006,0.0,0.0,0.0,1.0,positive,17.459209219999998
17.459209219999998,0.0,0.0,0.0,0.0,1.0,0.0,negative,17.36857512
17.36857512,0.0,0.0,0.0,0.0,0.0,0.0,positive,17.43788721
17.43788721,0.0,0.0,0.0,0.0,0.0,0.0,positive,17.4476240412
17.4476240412,0.0,0.8062387704849243,0.0,0.9797195196151732,0.0,2.0,negative,17.4434036418
17.4434036418,0.0,0.0,0.0,0.0,0.0,0.0,positive,17.4659603428
17.4659603428,0.0,0.0,0.0,0.0,0.0,2.0,negative,17.40927391
17.40927391,0.0,0.0,0.0,0.0,0.0,0.0,negative,17.3689301
17.3689301,0.0,0.0,0.0,0.0,0.0,1.0,positive,17.3849493497
17.3849493497,0.0,0.9323424100875854,1.5513041019439695,0.0,2.0,2.0,negative,17.35500095
17.35500095,0.0,0.0,0.0,0.0,0.0,0.0,positive,17.3831894703
17.3831894703,0.0,0.0,0.0,0.0,0.0,0.0,negative,17.37222154
17.37222154,0.0,0.0,0.0,0.0,0.0,0.0,negative,17.34851897
17.34851897,0.0,0.0,0.0,0.0,1.0,1.0,positive,17.35355893
17.35355893,0.0,0.0,0.0,0.0,2.0,1.0,negative,17.31163815
17.31163815,0.0,0.0,0.0,0.0,0.0,0.0,negative,17.3092037656
17.3092037656,0.0,0.0,0.0,0.9407679438591005,0.0,1.0,positive,17.4006993109
17.4006993109,0.0,0.0,0.0,0.0,0.0,0.0,negative,17.31335744
17.31335744,0.0,0.0,0.73294597864151,0.0,1.0,0.0,negative,17.30325145
17.30325145,0.0,1.6411526203155518,0.0,0.0,0.0,4.0,positive,17.31260815
17.31260815,0.0,0.0,0.0,0.0,0.0,0.0,negative,17.30332655
17.30332655,0.0,0.0,0.0,0.0,0.0,0.0,negative,17.2804
17.2804,0.0,0.0,0.0,0.0,0.0,0.0,positive,17.29723223
17.29723223,0.0,0.0,0.0,0.0,0.0,0.0,positive,17.33059662
17.33059662,0.0,0.7827664613723755,0.7800214290618896,0.0,1.0,1.0,positive,17.345578928
17.345578928,0.0,0.0,0.0,0.0,0.0,1.0,negative,17.32118948
17.32118948,0.0,0.0,0.0,0.0,0.0,0.0,negative,17.28012684
17.28012684,0.7129411697387695,0.0,0.7420886754989624,0.0,5.0,0.0,negative,17.2555256168
17.2555256168,0.9263843297958374,0.0,0.0,0.0,4.0,0.0,positive,17.31948389
17.31948389,1.655523657798767,0.0,0.0,0.0,5.0,0.0,positive,17.344804946300002
17.344804946300002,0.0,0.729347825050354,0.0,0.0,0.0,1.0,positive,17.35448879
17.35448879,1.4985538721084597,0.0,0.0,0.0,2.0,0.0,positive,17.36078857
17.36078857,2.477521061897278,0.0,0.0,0.0,3.0,0.0,negative,17.34700169
17.34700169,0.0,0.0,0.0,0.0,4.0,0.0,negative,17.32510684
17.32510684,0.0,0.0,0.0,0.0,1.0,0.0,positive,17.3397398747
17.3397398747,0.0,0.0,0.0,0.0,0.0,1.0,positive,17.34490431
17.34490431,0.0,0.0,0.0,0.0,0.0,1.0,negative,17.33552981
17.33552981,0.0,0.0,0.0,0.0,0.0,0.0,positive,17.3488838125
17.3488838125,0.0,0.0,0.0,0.0,0.0,0.0,positive,17.39965243
17.39965243,0.0,0.0,0.0,0.0,0.0,2.0,positive,17.41782
17.41782,0.0,0.0,0.0,0.0,0.0,0.0,positive,17.43537746
17.43537746,0.0,0.0,0.0,0.0,0.0,0.0,negative,17.43525222
17.43525222,0.0,0.0,0.0,0.0,0.0,0.0,positive,17.48939622
17.48939622,0.0,0.0,0.0,0.0,0.0,0.0,negative,17.43851987
17.43851987,0.0,0.0,0.0,0.0,0.0,0.0,positive,17.45166747
17.45166747,0.0,0.0,0.0,0.0,1.0,0.0,negative,17.37618705
17.37618705,0.0,0.7798539400100708,0.0,0.0,0.0,1.0,positive,17.41527723
17.41527723,0.0,0.0,0.0,0.0,0.0,0.0,negative,17.36076522
17.36076522,0.0,0.0,0.0,0.0,0.0,0.0,positive,17.38640555
17.38640555,0.0,0.8744215965270996,0.0,0.0,0.0,2.0,negative,17.35824359
17.35824359,0.0,0.743269145488739,0.0,0.0,0.0,1.0,negative,17.35438532
17.35438532,0.0,0.0,0.0,0.0,0.0,0.0,negative,17.34033844
17.34033844,0.0,0.0,0.0,0.0,0.0,0.0,negative,17.33944224
17.33944224,0.0,0.0,0.0,0.0,0.0,0.0,positive,17.3423106
17.3423106,0.0,0.0,0.0,0.0,0.0,1.0,positive,17.38289337
17.38289337,0.0,0.0,0.0,0.0,0.0,0.0,negative,17.32263247
17.32263247,0.0,0.0,0.0,0.0,0.0,1.0,negative,17.29587327
17.29587327,0.0,0.0,0.0,0.0,0.0,0.0,negative,17.2838337
17.2838337,0.0,1.6787458658218384,0.0,0.7461299896240234,0.0,6.0,positive,17.2877959
17.2877959,0.0,0.0,0.0,0.0,0.0,0.0,positive,17.35977529
17.35977529,0.0,0.0,0.0,0.7384887337684631,0.0,1.0,positive,17.43422096
17.43422096,0.0,0.0,0.0,0.0,0.0,1.0,positive,17.43848443
17.43848443,0.0,0.0,0.0,0.0,0.0,0.0,negative,17.40304471
17.40304471,0.0,0.783390998840332,0.0,0.0,0.0,2.0,positive,17.41584166
17.41584166,0.0,0.0,0.0,0.0,0.0,0.0,negative,17.41046813
17.41046813,0.0,0.8013656735420227,0.0,0.0,0.0,2.0,positive,17.50646709
17.50646709,0.0,0.0,0.0,0.0,0.0,0.0,negative,17.49300838
17.49300838,0.0,0.0,0.0,0.0,0.0,0.0,positive,17.51303825
17.51303825,0.8938557505607605,0.0,0.0,0.0,1.0,0.0,negative,17.48109463
17.48109463,0.0,0.0,0.0,0.0,0.0,0.0,positive,17.49205198
17.49205198,0.0,0.0,0.0,0.0,0.0,0.0,negative,17.45102478
17.45102478,0.0,0.8545941114425659,0.0,0.0,0.0,1.0,negative,17.37057955
17.37057955,0.0,0.0,0.0,0.0,0.0,0.0,negative,17.36318608
17.36318608,0.0,0.8935491442680359,0.0,0.0,0.0,1.0,positive,17.39462861
17.39462861,0.0,0.0,0.0,0.0,0.0,2.0,positive,17.41001305
17.41001305,0.0,0.0,0.0,0.0,0.0,0.0,negative,17.38191223
17.38191223,0.0,0.0,0.0,0.0,0.0,1.0,negative,17.34913859
17.34913859,0.0,0.0,0.0,0.0,0.0,0.0,negative,17.33834655
17.33834655,0.0,0.8349433541297913,0.0,0.0,0.0,1.0,negative,17.17464671
17.17464671,0.0,0.0,0.0,0.0,0.0,1.0,negative,17.13021664
17.13021664,0.0,0.0,0.0,0.7714751958847046,0.0,1.0,negative,17.0338708
17.0338708,0.0,0.7871977686882019,0.0,0.0,0.0,1.0,negative,16.36428953
16.36428953,0.0,0.0,0.0,0.0,0.0,0.0,positive,16.58861744
16.58861744,0.0,0.8421412706375122,0.0,0.0,0.0,1.0,negative,16.45973989
16.45973989,0.0,0.0,0.0,0.0,1.0,0.0,negative,16.37971477
16.37971477,0.0,0.0,0.0,0.0,0.0,0.0,positive,16.43840538
16.43840538,0.0,0.0,0.0,0.0,0.0,0.0,positive,16.52212553
16.52212553,0.0,0.0,0.0,0.0,0.0,0.0,negative,16.3736133885
16.3736133885,0.0,0.0,0.0,0.7817813754081726,0.0,1.0,negative,16.2924549752
16.2924549752,0.0,0.8092483282089233,0.0,0.0,0.0,1.0,positive,16.39195266
16.39195266,0.0,0.814464807510376,0.0,0.0,0.0,1.0,positive,16.49741213
16.49741213,0.0,1.4318293333053589,0.0,0.0,0.0,2.0,negative,16.46916317
16.46916317,0.0,0.0,0.0,0.0,0.0,0.0,positive,16.55305921
16.55305921,0.0,0.0,0.0,0.0,0.0,0.0,negative,16.53783785
16.53783785,0.8445055484771729,0.0,0.0,0.0,1.0,0.0,positive,16.5824311
16.5824311,0.0,0.0,0.0,0.0,0.0,0.0,positive,16.59952615
16.59952615,0.7809076905250549,1.5952805280685425,0.0,0.0,1.0,2.0,positive,16.64963565
16.64963565,0.0,0.0,0.0,0.0,0.0,0.0,positive,16.69271314
16.69271314,0.0,0.0,0.0,0.0,0.0,0.0,negative,16.63970826
16.63970826,0.0,0.0,0.0,0.0,0.0,0.0,positive,16.72405475
16.72405475,0.0,0.0,0.0,0.0,0.0,0.0,positive,16.7365038
16.7365038,0.0,0.0,0.0,0.0,0.0,0.0,negative,16.68873441
16.68873441,0.0,0.0,0.0,0.0,0.0,0.0,positive,16.71835065
16.71835065,0.0,0.0,0.0,0.0,0.0,0.0,negative,16.6458816
16.6458816,0.0,0.0,0.0,0.0,0.0,0.0,negative,16.55199087
16.55199087,0.0,0.0,0.0,0.0,0.0,1.0,negative,16.5459404
16.5459404,0.0,0.0,0.0,0.0,0.0,0.0,negative,16.41532402
16.41532402,0.0,0.0,0.0,0.0,0.0,1.0,positive,16.54606529
16.54606529,0.0,0.0,0.0,0.0,0.0,0.0,positive,16.59942921
16.59942921,0.0,0.8432536721229553,0.0,0.0,0.0,1.0,positive,16.64005364
16.64005364,0.0,0.7273311614990234,0.0,0.0,0.0,2.0,negative,16.60333778
16.60333778,0.0,1.481099009513855,0.0,0.0,0.0,3.0,positive,16.65907033
16.65907033,0.0,0.0,0.0,0.0,0.0,1.0,positive,16.66913979
16.66913979,0.0,0.0,0.0,0.0,3.0,0.0,negative,16.63979553
16.63979553,0.0,0.0,0.0,0.0,0.0,1.0,positive,16.66753706
16.66753706,0.0,0.719685435295105,0.0,0.0,0.0,1.0,negative,16.6088394
16.6088394,0.0,0.0,0.0,0.0,0.0,0.0,positive,16.62634184
16.62634184,0.0,0.0,0.0,0.0,0.0,0.0,negative,16.58108269
16.58108269,0.0,0.0,0.0,0.0,0.0,0.0,negative,16.57944708
16.57944708,0.0,0.0,0.0,0.0,0.0,0.0,positive,16.62369334
16.62369334,0.0,0.0,0.0,0.0,0.0,0.0,positive,16.63070572
16.63070572,0.0,0.0,0.0,0.0,0.0,0.0,positive,16.63467302
16.63467302,0.0,0.0,0.0,0.0,0.0,0.0,negative,16.59522436
16.59522436,0.0,0.0,0.0,0.0,0.0,0.0,positive,16.61188668
16.61188668,0.0,0.0,0.0,0.0,0.0,0.0,negative,16.58004055
16.58004055,0.0,0.0,0.0,0.0,1.0,0.0,positive,16.62231554
16.62231554,0.0,0.0,0.0,0.0,1.0,0.0,negative,16.61590877
16.61590877,0.0,0.7885395884513855,0.0,0.0,0.0,1.0,positive,16.67009033
16.67009033,0.0,0.0,0.0,0.0,0.0,0.0,positive,16.67267064
16.67267064,0.0,0.0,0.0,0.0,0.0,0.0,positive,16.69636392
16.69636392,0.0,0.0,0.0,0.0,0.0,1.0,positive,16.7941811
16.7941811,0.0,0.0,0.0,0.0,0.0,1.0,positive,16.80138271
16.80138271,0.0,0.0,0.0,0.0,0.0,0.0,negative,16.71291115
16.71291115,0.0,0.0,0.0,0.0,0.0,0.0,negative,16.6863478
16.6863478,0.0,0.0,0.0,0.0,0.0,0.0,positive,16.76551835
16.76551835,0.0,0.0,0.0,0.0,0.0,1.0,positive,16.82491031
16.82491031,0.0,0.7830228805541992,0.0,0.0,0.0,1.0,negative,16.82373492
16.82373492,0.0,0.0,0.0,0.0,1.0,0.0,positive,16.85295923
16.85295923,0.0,0.0,0.0,0.9766687750816344,0.0,1.0,negative,16.83734774
16.83734774,0.0,0.0,0.0,0.0,1.0,0.0,positive,16.83841381
16.83841381,0.0,0.0,0.0,0.0,1.0,0.0,negative,16.8217204
16.8217204,0.0,0.0,0.0,0.0,0.0,0.0,negative,16.79523884
16.79523884,0.0,0.0,0.0,0.0,0.0,1.0,positive,16.80388236
16.80388236,0.0,5.276513457298279,0.0,0.0,0.0,7.0,negative,16.70605734
16.70605734,0.0,0.0,0.0,0.9391218423843384,0.0,1.0,positive,16.71449557
16.71449557,0.0,1.8310733437538147,0.0,0.0,0.0,3.0,positive,16.78696753
16.78696753,0.0,0.0,0.0,0.0,0.0,1.0,negative,16.71469262
16.71469262,0.0,0.0,0.0,0.0,0.0,1.0,positive,16.75334962
16.75334962,0.0,2.782420516014099,0.0,0.0,0.0,4.0,positive,16.784928999999998
16.784928999999998,0.0,0.0,0.0,0.0,0.0,2.0,negative,16.76513343
16.76513343,0.0,0.0,0.0,0.0,0.0,0.0,negative,16.69171729
16.69171729,0.0,0.0,0.0,0.0,0.0,0.0,negative,16.62579723
16.62579723,0.0,0.0,0.0,0.0,0.0,0.0,positive,16.73361972
16.73361972,0.0,0.0,0.0,0.0,0.0,0.0,negative,16.67741839
16.67741839,0.0,0.0,0.0,0.0,0.0,0.0,negative,16.66752731
16.66752731,0.0,0.0,0.0,0.0,0.0,1.0,negative,16.64786499
16.64786499,0.0,0.0,0.0,0.0,0.0,0.0,positive,16.68534623
16.68534623,0.0,0.0,0.0,0.0,0.0,0.0,negative,16.66918809
16.66918809,0.0,0.0,0.0,0.0,0.0,1.0,negative,16.62543001
16.62543001,0.0,0.9578669667243958,0.0,0.0,0.0,1.0,positive,16.6279908
16.6279908,0.0,0.0,0.7273677587509155,0.0,1.0,0.0,positive,16.65624291
16.65624291,0.0,0.7329133152961731,0.0,0.0,0.0,1.0,positive,16.6744743895
16.6744743895,0.0,0.0,0.0,0.0,0.0,0.0,negative,16.59499958
16.59499958,0.0,0.0,0.0,0.0,0.0,0.0,negative,16.49112395
16.49112395,0.0,0.0,0.0,0.0,0.0,5.0,negative,16.2471483
16.2471483,0.0,0.0,0.0,0.0,0.0,0.0,positive,16.27374358
16.27374358,0.0,0.0,0.0,0.0,0.0,0.0,negative,15.8593374047
15.8593374047,0.0,0.0,0.0,0.0,0.0,1.0,negative,15.77861092
15.77861092,0.0,0.0,0.7689064741134644,0.0,2.0,0.0,positive,15.9242566
15.9242566,0.0,0.8169465065002441,0.0,0.0,0.0,1.0,positive,15.98100983
15.98100983,0.0,0.0,0.0,0.0,0.0,0.0,negative,15.96262984
15.96262984,0.7524248957633972,0.0,0.0,0.0,1.0,0.0,negative,15.83816257
15.83816257,0.0,0.0,0.0,0.7190471887588501,0.0,1.0,positive,15.92830276
15.92830276,0.0,0.0,0.0,0.0,0.0,2.0,positive,15.94013723
15.94013723,0.0,0.0,0.0,0.0,0.0,0.0,positive,15.96332684
15.96332684,0.0,0.0,0.0,0.9824753403663636,0.0,1.0,positive,16.05653709
16.05653709,0.0,0.0,0.0,0.0,0.0,0.0,positive,16.14650766
16.14650766,0.0,0.0,0.0,0.0,0.0,0.0,positive,16.2795492
16.2795492,0.0,0.0,0.0,0.9092624187469482,0.0,1.0,positive,16.30659967
16.30659967,0.0,0.0,0.0,0.0,0.0,0.0,positive,16.37313931
16.37313931,0.0,0.0,0.0,0.0,0.0,0.0,positive,16.40178159
16.40178159,0.0,0.0,0.0,0.0,1.0,2.0,positive,16.4786261
16.4786261,0.0,0.0,0.0,0.0,0.0,3.0,positive,16.52647085
16.52647085,0.0,0.0,0.0,0.0,0.0,4.0,negative,16.40488025
16.40488025,0.0,0.0,0.0,0.0,0.0,0.0,negative,16.3848018
16.3848018,0.0,0.0,0.0,0.0,0.0,0.0,negative,16.3029699
16.3029699,0.0,0.8633052706718445,0.0,0.0,0.0,1.0,positive,16.48441244
16.48441244,0.0,0.0,0.0,0.0,0.0,0.0,negative,16.4368773
16.4368773,0.0,0.0,0.0,0.0,0.0,1.0,positive,16.5818185
16.5818185,0.0,0.0,0.0,0.0,0.0,0.0,negative,16.49682601
16.49682601,0.0,0.0,0.0,0.0,0.0,0.0,negative,16.492535
16.492535,0.0,0.0,0.0,0.0,0.0,0.0,negative,16.39884862
16.39884862,0.0,0.0,0.0,0.0,0.0,0.0,positive,16.42642789
16.42642789,0.7938913106918335,0.0,0.0,0.0,2.0,0.0,negative,16.35494714
16.35494714,0.0,0.7162008285522461,0.0,0.0,0.0,1.0,positive,16.44383974
16.44383974,0.0,0.0,0.0,0.0,0.0,0.0,positive,16.47061943
16.47061943,0.0,0.0,0.0,0.0,0.0,1.0,negative,16.4287343
16.4287343,0.0,0.8412596583366394,0.0,0.0,0.0,1.0,negative,16.42614117
16.42614117,0.0,0.0,0.0,0.0,0.0,0.0,positive,16.48028285
16.48028285,0.0,0.7143322825431824,0.0,0.0,0.0,1.0,negative,16.28562406
16.28562406,0.0,0.0,0.0,0.0,0.0,1.0,negative,16.26443295
16.26443295,0.0,1.4516449570655825,0.0,0.0,0.0,2.0,positive,16.30234532
16.30234532,0.0,0.0,0.0,0.0,0.0,0.0,positive,16.37333061
16.37333061,0.0,0.0,0.0,0.0,0.0,1.0,positive,16.40919711
16.40919711,0.0,0.0,0.0,0.9137267470359802,0.0,1.0,negative,16.39366257
16.39366257,0.0,0.0,0.0,0.0,0.0,0.0,positive,16.43594768
16.43594768,0.0,0.0,0.0,0.0,0.0,1.0,negative,16.42422229
16.42422229,0.0,0.0,0.0,0.0,0.0,0.0,positive,16.43013268
16.43013268,0.0,0.0,0.0,0.0,0.0,0.0,negative,16.42195674
16.42195674,0.0,0.0,0.0,0.0,0.0,0.0,negative,16.3305091472
16.3305091472,0.0,0.0,0.0,0.0,0.0,0.0,positive,16.38449802
16.38449802,0.0,0.0,0.0,0.0,0.0,0.0,positive,16.3894568316
16.3894568316,0.0,0.0,0.0,0.0,0.0,0.0,positive,16.39774799
16.39774799,0.0,1.6802759170532229,0.0,0.0,0.0,5.0,positive,16.44291725
16.44291725,0.0,2.2070975303649902,0.0,0.0,0.0,4.0,negative,16.377552090000002
16.377552090000002,0.0,0.7802863121032715,0.0,0.0,0.0,3.0,positive,16.42489393
16.42489393,0.0,0.0,0.0,0.0,0.0,2.0,positive,16.4759615751
16.4759615751,0.0,0.724439799785614,0.0,0.0,0.0,1.0,positive,16.48612468
16.48612468,0.0,0.722930371761322,0.0,0.0,0.0,2.0,negative,16.46617788
16.46617788,0.0,0.0,0.0,0.0,1.0,0.0,negative,16.43598355
16.43598355,0.0,0.0,0.0,0.0,0.0,3.0,positive,16.49358052
16.49358052,0.0,2.3527573347091675,0.0,0.0,0.0,10.0,positive,16.55965872
16.55965872,0.0,5.264896273612976,0.0,0.913706123828888,0.0,9.0,negative,16.47318811
16.47318811,0.0,0.8085757493972778,0.0,0.8899543881416321,0.0,2.0,negative,16.41823773
16.41823773,0.0,0.0,0.0,0.0,0.0,0.0,negative,16.35384846
16.35384846,0.0,0.0,0.0,0.0,0.0,1.0,negative,16.2610313
16.2610313,0.0,0.0,0.0,0.0,0.0,0.0,positive,16.30896923
16.30896923,0.0,0.0,0.0,0.0,0.0,1.0,negative,16.30770005
16.30770005,0.0,0.8400692343711853,0.0,0.0,0.0,2.0,negative,16.18325751
16.18325751,0.0,0.0,0.0,0.0,0.0,0.0,positive,16.2308505
16.2308505,0.0,0.0,0.0,0.0,0.0,0.0,positive,16.33554028
16.33554028,0.0,0.0,0.0,0.0,0.0,0.0,positive,16.42300079
16.42300079,0.0,0.0,0.0,0.0,0.0,0.0,negative,16.40254295
16.40254295,0.0,0.0,0.0,0.0,0.0,0.0,negative,16.40069216
16.40069216,0.0,0.0,0.0,0.0,0.0,0.0,positive,16.44370415
16.44370415,0.0,0.0,0.0,0.0,0.0,1.0,positive,16.46022235
16.46022235,0.0,0.0,0.0,0.0,0.0,1.0,positive,16.46253252
16.46253252,0.0,0.0,0.0,1.6927268505096436,0.0,3.0,positive,16.46976955
16.46976955,0.0,0.0,0.0,0.0,0.0,1.0,negative,16.4391667
16.4391667,0.0,0.722930371761322,0.0,0.0,0.0,3.0,positive,16.4694842
16.4694842,0.0,0.7507415413856506,0.0,0.0,0.0,3.0,negative,16.43303237
16.43303237,0.0,0.0,0.0,0.0,1.0,1.0,negative,16.41781407
16.41781407,0.0,0.7679471969604492,0.0,0.0,0.0,1.0,positive,16.45158608
16.45158608,0.0,0.7657350897789001,0.0,0.0,0.0,7.0,negative,16.4352995735
16.4352995735,0.0,0.0,0.0,0.0,0.0,0.0,negative,16.38414395
16.38414395,0.0,0.7119808197021484,0.0,0.0,0.0,1.0,negative,16.37574303
16.37574303,0.0,0.0,0.0,0.0,0.0,0.0,negative,16.26963198
16.26963198,0.0,0.7148460745811462,0.0,0.0,0.0,10.0,positive,16.31812187
16.31812187,0.0,2.3314650654792786,0.0,0.7654552459716797,0.0,20.0,negative,16.25284475
16.25284475,0.0,3.153846085071564,0.0,0.0,0.0,21.0,negative,16.24356212
16.24356212,0.0,5.383727073669434,0.0,0.0,0.0,19.0,negative,16.2288039801
16.2288039801,0.0,3.342768490314484,0.0,0.751470148563385,0.0,10.0,positive,16.24756407
16.24756407,0.0,0.0,0.0,0.0,0.0,2.0,negative,16.17221403
16.17221403,0.0,0.0,0.0,0.0,0.0,0.0,negative,16.08320407
16.08320407,0.0,0.8966603875160217,0.0,0.0,0.0,1.0,positive,16.10329812
16.10329812,0.0,0.0,0.0,0.0,1.0,0.0,positive,16.14226145
16.14226145,0.0,0.0,0.0,0.0,0.0,1.0,positive,16.20859043
16.20859043,0.0,0.8043752312660217,0.0,0.0,0.0,1.0,positive,16.2737611894
16.2737611894,0.0,3.176063776016236,0.0,0.0,0.0,4.0,negative,16.14946978
16.14946978,0.0,0.0,0.0,0.0,0.0,0.0,negative,16.12741521
16.12741521,0.0,0.7342864274978638,0.0,0.0,0.0,2.0,negative,15.97653508
15.97653508,0.0,0.0,0.0,0.0,0.0,0.0,positive,16.07103337
16.07103337,0.0,0.0,0.0,0.0,0.0,0.0,positive,16.11871248
16.11871248,0.0,0.0,0.0,0.0,0.0,2.0,negative,16.06854935
16.06854935,0.0,0.0,0.0,0.0,0.0,2.0,negative,16.0115438658
16.0115438658,0.0,0.0,0.0,0.0,0.0,0.0,positive,16.06674044
16.06674044,0.0,0.0,0.0,0.0,0.0,1.0,positive,16.11164432
16.11164432,0.0,0.0,0.0,0.0,0.0,1.0,positive,16.1707782
16.1707782,0.0,0.0,0.0,0.0,0.0,2.0,negative,16.15674401
16.15674401,0.0,0.0,0.0,0.0,0.0,1.0,negative,16.12611812
16.12611812,0.0,0.0,0.0,0.0,0.0,0.0,positive,16.1276343913
16.1276343913,0.0,0.7263420820236206,0.0,0.0,0.0,1.0,negative,16.11886168
16.11886168,0.0,0.7923167943954468,0.0,0.0,0.0,1.0,negative,16.1018026342
16.1018026342,0.0,0.941026210784912,0.0,0.0,0.0,4.0,positive,16.1080221566
16.1080221566,0.0,1.8097511529922483,0.0,0.0,0.0,3.0,negative,16.00645614
16.00645614,0.0,0.7030853629112244,0.0,0.0,1.0,2.0,negative,15.97219821
15.97219821,0.0,5.103572845458984,0.0,0.0,0.0,6.0,positive,15.98952622
15.98952622,0.0,0.0,0.0,0.0,0.0,3.0,positive,15.99250901
15.99250901,0.0,0.0,0.0,0.885741651058197,0.0,1.0,negative,15.98836364
15.98836364,0.0,0.0,0.0,0.0,0.0,1.0,negative,15.96532889
15.96532889,0.0,0.0,0.0,0.0,0.0,1.0,negative,15.9070859
15.9070859,0.0,0.0,0.0,0.0,0.0,0.0,positive,15.94365021
15.94365021,0.0,0.0,0.0,0.0,0.0,2.0,negative,15.90673309
15.90673309,0.0,0.0,0.0,0.0,0.0,1.0,negative,15.90233831
15.90233831,0.0,0.0,0.0,0.0,0.0,0.0,positive,15.94761215
15.94761215,0.0,0.0,0.0,0.0,0.0,1.0,positive,15.98525246
15.98525246,0.0,0.0,0.0,0.0,0.0,0.0,negative,15.94511293
15.94511293,0.0,0.0,0.0,0.0,0.0,0.0,positive,16.04006826
16.04006826,0.0,0.0,0.0,0.0,0.0,0.0,negative,15.98061558
15.98061558,0.0,0.0,0.0,0.0,0.0,0.0,negative,15.96205561
15.96205561,0.0,0.8075056076049805,0.0,0.0,1.0,1.0,positive,15.97193912
15.97193912,0.0,1.5238803029060364,0.800298273563385,0.0,1.0,4.0,negative,15.9383376339
15.9383376339,0.0,0.777538537979126,0.0,0.0,0.0,1.0,positive,15.96839989
15.96839989,0.8581238389015198,0.0,0.0,0.0,1.0,1.0,negative,15.96091215
15.96091215,0.0,0.0,0.0,0.0,0.0,2.0,negative,15.91434631
15.91434631,0.0,0.0,0.0,0.0,0.0,1.0,positive,15.96878263
15.96878263,0.0,1.6163751482963562,0.0,0.7049999833106995,0.0,4.0,negative,15.91084362
15.91084362,0.0,0.9027279615402222,0.0,0.0,0.0,3.0,negative,15.81440077
15.81440077,0.0,0.0,0.0,0.0,0.0,0.0,positive,15.81848126
15.81848126,0.0,0.0,0.0,0.0,0.0,2.0,positive,15.89586377
15.89586377,0.0,0.9404003024101256,0.0,0.0,0.0,1.0,positive,15.910470229
15.910470229,0.0,0.8000133633613586,0.0,0.0,0.0,2.0,positive,15.97714305
15.97714305,0.0,0.0,0.0,0.0,0.0,0.0,negative,15.96360116
15.96360116,0.0,0.0,0.0,0.0,0.0,0.0,positive,16.07080455
16.07080455,0.0,0.0,0.0,0.9576793909072876,0.0,1.0,negative,16.04755899
16.04755899,0.0,0.0,0.0,0.0,0.0,0.0,positive,16.09152272
16.09152272,0.0,0.0,0.0,0.0,0.0,0.0,positive,16.13820704
16.13820704,0.0,0.0,0.0,0.0,0.0,0.0,positive,16.15962643
16.15962643,0.0,0.0,0.0,0.0,0.0,0.0,positive,16.18462067
16.18462067,0.0,0.0,0.0,0.0,0.0,0.0,negative,16.07008296
16.07008296,0.0,0.7889944314956665,0.0,0.0,0.0,1.0,positive,16.16095818
16.16095818,0.0,0.7759903073310852,0.0,0.0,0.0,1.0,negative,16.0878424
16.0878424,0.0,0.0,0.0,0.0,0.0,0.0,negative,16.08464244
16.08464244,0.0,0.0,0.0,0.0,0.0,2.0,positive,16.10387526
16.10387526,0.0,0.7781714200973511,0.0,0.0,0.0,3.0,positive,16.13430618
16.13430618,0.0,0.0,0.7111899256706238,0.0,1.0,0.0,negative,16.08504741
16.08504741,0.0,0.0,0.0,0.0,0.0,0.0,positive,16.09421249
16.09421249,0.0,0.0,0.0,0.0,0.0,0.0,negative,16.06932461
16.06932461,0.0,0.0,0.0,0.0,0.0,0.0,positive,16.07245753
16.07245753,0.0,0.7187460064888,0.0,2.646934986114502,0.0,8.0,negative,16.0622851
16.0622851,0.0,2.391252994537353,0.0,0.0,0.0,8.0,positive,16.10513485
16.10513485,0.0,1.6137171983718872,0.0,0.8694634437561035,0.0,4.0,negative,16.10043256
16.10043256,0.0,0.0,0.0,0.0,0.0,1.0,negative,16.07275196
16.07275196,0.0,0.0,0.0,0.8976385593414307,0.0,1.0,negative,16.0290697
16.0290697,0.0,0.0,0.0,0.0,0.0,1.0,positive,16.0857236
16.0857236,0.0,0.0,0.0,0.0,0.0,1.0,negative,16.03580747
16.03580747,0.0,0.0,0.0,0.0,0.0,0.0,positive,16.0362012409
16.0362012409,0.0,0.0,0.0,0.0,0.0,0.0,negative,16.01021853
16.01021853,0.0,0.0,0.0,0.0,0.0,0.0,negative,16.00122609
16.00122609,0.0,0.0,0.0,0.0,0.0,0.0,positive,16.08612184
16.08612184,0.0,0.0,0.0,0.7435868978500366,1.0,1.0,positive,16.14839202
16.14839202,0.0,2.4061227440834045,0.7537232637405396,0.0,2.0,4.0,positive,16.15038811
16.15038811,0.0,1.4432711601257324,0.0,0.0,0.0,3.0,negative,16.15018489
16.15018489,0.0,2.174026668071747,0.0,0.9079815149307252,0.0,6.0,positive,16.18938452
16.18938452,0.0,1.4257451891899109,0.0,0.0,0.0,3.0,negative,16.16736926
16.16736926,0.0,0.0,0.0,0.0,0.0,0.0,negative,16.1563910008
16.1563910008,0.0,0.7369997501373291,0.0,0.0,0.0,1.0,negative,16.13834388
16.13834388,0.0,0.0,0.0,0.0,0.0,2.0,positive,16.17139
16.17139,0.0,0.0,0.0,0.0,0.0,0.0,positive,16.20935859
16.20935859,0.0,0.0,0.0,0.9587238430976868,0.0,2.0,positive,16.23050875
16.23050875,0.0,0.0,0.0,0.8961344361305237,0.0,1.0,positive,16.2613043021
16.2613043021,0.0,2.166268527507782,0.0,0.8168387413024902,0.0,5.0,positive,16.31200435
16.31200435,0.0,0.0,0.0,0.0,0.0,0.0,negative,16.2894462
16.2894462,0.0,0.0,0.0,0.0,0.0,2.0,negative,16.2396968525
16.2396968525,0.0,0.8931167125701904,0.0,0.0,0.0,1.0,positive,16.24203472
16.24203472,0.0,4.4394925236701965,0.0,0.0,0.0,7.0,positive,16.3551494002
16.3551494002,0.0,0.0,0.0,0.8676173686981201,0.0,3.0,negative,16.30877144
16.30877144,0.0,0.0,0.0,0.0,0.0,0.0,negative,16.28726709
16.28726709,0.0,0.0,0.0,0.0,0.0,0.0,positive,16.31316361
16.31316361,0.0,2.174026668071747,0.0,0.0,0.0,3.0,positive,16.39889205
16.39889205,0.8294972777366638,0.0,0.0,0.0,1.0,1.0,positive,16.42114296
16.42114296,0.0,0.0,0.0,0.0,0.0,0.0,negative,16.41140934
16.41140934,0.0,0.0,0.0,0.0,3.0,0.0,positive,16.47528922
16.47528922,0.0,0.0,0.0,0.0,0.0,0.0,negative,16.41629402
16.41629402,0.0,0.7830228805541992,0.0,0.743392825126648,0.0,3.0,negative,16.27101518
16.27101518,0.0,0.0,0.0,1.471097469329834,0.0,2.0,positive,16.3381985
16.3381985,0.0,0.7198697924613953,0.0,0.0,0.0,1.0,positive,16.368448565
16.368448565,0.0,0.0,0.0,0.0,0.0,0.0,negative,16.34367936
16.34367936,0.0,0.0,0.0,0.0,0.0,0.0,negative,16.34219437
16.34219437,0.0,0.9352155327796936,0.0,0.0,0.0,1.0,negative,16.27125255
16.27125255,0.0,0.0,0.0,0.0,0.0,2.0,positive,16.39011292
16.39011292,0.0,0.0,0.0,0.0,0.0,0.0,negative,16.31783674
16.31783674,0.0,0.0,0.0,0.0,1.0,0.0,positive,16.34080722
16.34080722,0.0,0.0,0.0,0.0,0.0,1.0,negative,16.30922237
16.30922237,0.0,0.0,0.0,0.0,0.0,1.0,positive,16.35606449
16.35606449,0.0,0.0,0.0,0.0,1.0,1.0,positive,16.36543597
16.36543597,0.0,0.8110697865486145,0.0,0.0,0.0,1.0,positive,16.39694629
16.39694629,0.0,0.8201704025268555,0.0,0.0,0.0,2.0,positive,16.45006206
16.45006206,0.0,0.7968849539756775,0.0,0.0,0.0,1.0,positive,16.46325545
16.46325545,0.0,2.960683763027191,0.0,0.0,0.0,4.0,negative,16.42078331
16.42078331,0.0,0.7946030497550964,0.0,0.0,0.0,1.0,positive,16.45524505
16.45524505,0.0,0.0,0.0,0.0,0.0,1.0,negative,16.43857648
16.43857648,0.0,0.8547892570495605,0.0,0.0,0.0,1.0,positive,16.44733015
16.44733015,0.0,0.0,0.0,0.0,0.0,0.0,negative,16.40774833
16.40774833,0.0,0.7006850838661194,0.0,0.0,1.0,1.0,positive,16.44095244
16.44095244,0.0,1.4961282014846802,0.0,0.0,1.0,2.0,negative,16.39719461
16.39719461,0.0,0.0,0.0,0.0,0.0,0.0,positive,16.42256826
16.42256826,0.0,0.0,0.0,0.0,0.0,1.0,positive,16.45602076
16.45602076,0.0,0.0,0.0,0.0,0.0,0.0,positive,16.47615409
16.47615409,0.0,0.9270601272583008,0.0,0.0,0.0,1.0,positive,16.50789225
16.50789225,0.0,0.0,0.0,0.0,0.0,0.0,negative,16.48651549
16.48651549,0.0,0.866538941860199,0.0,0.0,0.0,1.0,positive,16.56202526
16.56202526,0.0,4.030239999294281,0.0,0.0,0.0,7.0,positive,16.59729437
16.59729437,0.0,1.706162929534912,0.0,0.0,1.0,2.0,positive,16.62459713
16.62459713,0.0,1.637783944606781,0.0,0.0,0.0,4.0,negative,16.3828674387
16.3828674387,0.0,0.0,0.0,0.0,0.0,0.0,positive,16.39805501
16.39805501,0.0,0.0,0.0,0.0,0.0,0.0,negative,16.35223671
16.35223671,0.0,0.0,0.0,0.0,0.0,0.0,negative,16.18550879
16.18550879,0.0,0.0,0.0,0.0,0.0,0.0,negative,16.1121272
16.1121272,0.0,0.0,0.0,0.0,2.0,0.0,positive,16.1981076
16.1981076,0.0,0.0,0.0,0.0,0.0,1.0,negative,16.18704647
16.18704647,0.0,0.0,0.0,0.0,0.0,1.0,negative,16.11546863
16.11546863,0.0,3.9535531997680655,0.0,0.0,0.0,6.0,negative,16.05174328
16.05174328,0.0,0.7342870831489563,0.0,0.0,0.0,1.0,positive,16.09188546
16.09188546,0.0,0.0,0.0,0.0,0.0,2.0,positive,16.16669373
16.16669373,0.0,0.0,0.0,0.0,0.0,0.0,negative,16.12749948
16.12749948,0.0,0.0,0.0,0.0,0.0,0.0,negative,16.09280755
16.09280755,0.0,1.5403104424476624,0.0,0.0,0.0,2.0,negative,16.08590742
16.08590742,0.0,0.0,0.0,0.0,0.0,0.0,positive,16.09353113
16.09353113,0.0,0.0,0.0,0.0,0.0,0.0,positive,16.16654266
16.16654266,0.0,0.0,0.0,0.0,1.0,0.0,negative,16.02675921
16.02675921,0.0,0.0,0.0,0.0,0.0,0.0,negative,15.96720934
15.96720934,0.0,1.5232966542243958,0.0,0.0,0.0,2.0,positive,15.99057149
15.99057149,0.0,0.8666968941688538,0.0,0.0,0.0,3.0,negative,15.941508
15.941508,0.0,0.7014343738555908,0.0,0.0,0.0,2.0,negative,15.76384917
15.76384917,0.0,0.0,0.0,0.0,0.0,0.0,positive,15.7800824812
15.7800824812,0.0,0.0,0.981264352798462,0.0,1.0,0.0,positive,15.79257203
15.79257203,0.0,0.849655032157898,0.0,0.0,0.0,1.0,positive,15.8580250512
15.8580250512,0.0,0.0,0.0,0.0,1.0,0.0,negative,15.8535841108
15.8535841108,0.0,0.0,0.0,0.8587263822555542,0.0,2.0,positive,15.93398
15.93398,0.0,1.4769192337989807,0.0,0.0,0.0,6.0,negative,15.93398
15.93398,0.0,0.0,0.0,0.0,0.0,0.0,negative,15.8185368842
15.8185368842,0.0,0.0,0.0,0.0,0.0,0.0,positive,15.94574609
15.94574609,0.0,0.0,0.0,0.0,0.0,0.0,negative,15.94574609
15.94574609,0.0,0.0,0.0,0.0,0.0,0.0,negative,15.94574609
15.94574609,0.0,0.0,0.0,0.0,0.0,0.0,negative,15.9339628973
15.9339628973,0.0,0.0,0.0,0.0,0.0,0.0,positive,15.94225996
15.94225996,0.0,0.0,0.0,0.0,0.0,0.0,positive,16.01921648
16.01921648,0.0,0.0,0.0,0.0,0.0,0.0,negative,15.99112105
15.99112105,0.0,0.0,0.0,0.0,0.0,0.0,negative,15.97248958
15.97248958,0.0,0.0,0.0,0.0,0.0,0.0,positive,15.98829015
15.98829015,0.0,0.772371232509613,0.0,0.0,0.0,2.0,negative,15.9763487562
15.9763487562,0.0,0.0,0.0,0.0,0.0,0.0,positive,15.99861418
15.99861418,0.0,0.7799514532089233,0.0,0.0,0.0,1.0,negative,15.96034419
15.96034419,0.0,0.0,0.0,0.0,0.0,0.0,negative,15.9167159269
15.9167159269,0.0,0.8126065731048584,0.0,0.0,0.0,1.0,positive,15.97803611
15.97803611,0.0,0.0,0.0,0.0,0.0,0.0,negative,15.96921656
15.96921656,0.0,0.0,0.0,0.0,0.0,0.0,negative,15.85389397
15.85389397,0.0,0.8078926801681519,0.0,0.0,0.0,1.0,positive,15.8891888799
15.8891888799,0.0,0.0,0.0,0.0,0.0,0.0,positive,15.904922986
15.904922986,0.0,0.0,0.0,0.0,0.0,1.0,negative,15.83357769
15.83357769,0.0,0.0,0.0,0.0,0.0,0.0,negative,15.7767074
15.7767074,0.0,0.0,0.0,0.0,1.0,0.0,negative,15.6582885132
15.6582885132,0.0,0.0,0.0,0.0,0.0,0.0,positive,15.67566333
15.67566333,0.0,0.0,0.0,0.0,2.0,0.0,positive,15.76124634
15.76124634,0.0,0.0,0.0,0.0,1.0,0.0,positive,15.7924364524
15.7924364524,0.0,0.0,0.0,0.0,0.0,0.0,negative,15.76481732
15.76481732,0.0,0.0,0.0,0.0,0.0,0.0,positive,15.84792992
15.84792992,0.0,0.8479501008987427,0.0,0.0,0.0,1.0,negative,15.7640587902
15.7640587902,0.0,3.206700921058655,0.0,0.0,0.0,7.0,negative,15.7045633
15.7045633,0.0,1.7380218505859375,0.0,0.0,0.0,6.0,positive,15.73646657
15.73646657,0.0,2.332665205001831,0.0,0.0,0.0,4.0,negative,15.7187512729
15.7187512729,0.0,0.0,0.0,0.0,0.0,0.0,positive,15.73206181
15.73206181,0.0,0.0,0.0,0.0,0.0,0.0,positive,15.74311656
15.74311656,0.0,0.0,0.0,0.0,0.0,0.0,negative,15.72286536
15.72286536,0.0,0.0,0.0,0.0,0.0,1.0,positive,15.7355455068
15.7355455068,0.0,0.0,0.0,0.0,0.0,0.0,positive,15.79044997
15.79044997,0.0,0.0,0.0,0.0,1.0,0.0,negative,15.76068825
15.76068825,0.0,0.0,0.0,0.0,0.0,0.0,negative,15.74922352
15.74922352,0.0,0.0,0.0,0.0,0.0,0.0,positive,15.8140264625
15.8140264625,0.0,0.8057357668876648,0.0,0.0,0.0,1.0,negative,15.74408355
15.74408355,0.0,0.0,0.0,0.0,0.0,0.0,positive,15.7780249
15.7780249,0.0,0.0,0.0,0.0,0.0,0.0,positive,15.8210944639
15.8210944639,0.0,0.7942683100700378,0.0,0.0,0.0,2.0,negative,15.81006527
15.81006527,0.0,0.0,0.0,0.0,0.0,0.0,negative,15.8083866
15.8083866,0.0,0.0,0.0,0.0,0.0,1.0,positive,15.82481187
15.82481187,0.0,0.0,0.0,0.0,0.0,1.0,negative,15.81895171
15.81895171,0.0,0.0,0.0,0.0,0.0,1.0,positive,15.8693137784
15.8693137784,0.0,0.0,0.0,0.8842803239822388,0.0,1.0,negative,15.81811408
15.81811408,0.0,0.0,0.0,0.0,0.0,0.0,negative,15.76828948
15.76828948,0.0,0.0,0.0,0.0,0.0,0.0,negative,15.74199021
15.74199021,0.0,0.0,0.0,0.0,0.0,0.0,negative,15.69842877
15.69842877,0.0,0.83298659324646,0.0,0.7298749089241028,0.0,3.0,positive,15.70581481
15.70581481,0.0,0.7836059927940369,0.0,0.0,0.0,1.0,negative,15.6865705679
15.6865705679,0.0,0.0,0.7803943157196045,0.7609645128250122,1.0,5.0,negative,15.67228676
15.67228676,0.0,0.0,0.0,0.0,0.0,0.0,negative,15.5530856124
15.5530856124,0.0,0.8241297602653503,0.0,0.0,0.0,1.0,negative,15.54650916
15.54650916,0.0,0.0,0.0,0.0,0.0,0.0,negative,15.53628768
15.53628768,0.0,2.3728193640708923,0.0,0.0,0.0,3.0,negative,15.136001017
15.136001017,0.0,0.0,0.0,0.0,0.0,0.0,negative,15.09536596
15.09536596,0.0,0.8601592779159546,0.0,0.0,0.0,1.0,positive,15.16682119
15.16682119,0.0,2.896609127521515,0.0,0.0,0.0,4.0,negative,15.1426952544
15.1426952544,0.0,0.0,0.0,0.0,0.0,0.0,positive,15.18525354
15.18525354,0.0,0.0,0.0,0.0,0.0,3.0,negative,15.12480635
15.12480635,0.0,0.7329328656196594,0.0,0.0,0.0,1.0,negative,15.06586344
15.06586344,0.0,0.953689694404602,0.0,0.0,0.0,1.0,positive,15.1205275095
15.1205275095,0.0,0.0,0.0,0.0,0.0,0.0,negative,15.1195322
15.1195322,0.0,0.0,0.0,0.0,0.0,1.0,negative,15.07522437
15.07522437,0.0,0.0,0.0,0.0,0.0,0.0,negative,15.03382632
15.03382632,0.0,0.0,0.0,0.0,0.0,0.0,positive,15.1757831087
15.1757831087,0.0,0.0,0.0,0.0,0.0,0.0,negative,15.16517502
15.16517502,0.0,0.0,0.0,0.0,0.0,0.0,positive,15.22764293
15.22764293,0.0,0.0,0.0,0.0,0.0,0.0,positive,15.3480079071
15.3480079071,0.0,0.0,0.0,0.0,0.0,0.0,negative,15.31622781
15.31622781,0.0,4.065653026103973,0.0,0.0,0.0,13.0,negative,15.28557249
15.28557249,0.0,0.8430116176605225,0.0,0.0,0.0,3.0,negative,15.2658507064
15.2658507064,0.0,0.0,0.0,0.0,0.0,2.0,negative,15.24379774
15.24379774,0.0,0.0,0.0,0.0,0.0,1.0,positive,15.41201586
15.41201586,0.0,2.5619582533836365,0.0,0.0,0.0,3.0,negative,15.38807318
15.38807318,0.0,3.3310288786888123,0.0,0.7361201643943787,0.0,7.0,positive,15.3895727
15.3895727,0.0,0.7460079193115234,0.0,0.0,0.0,1.0,positive,15.40055971
15.40055971,0.0,0.0,0.0,0.0,0.0,1.0,positive,15.43736516
15.43736516,0.0,0.8615807294845581,0.0,0.0,0.0,3.0,negative,15.42917185
15.42917185,0.0,2.3273820877075195,0.0,0.7595163583755493,1.0,4.0,negative,15.40686995
15.40686995,0.0,0.7605917453765869,0.0,0.0,0.0,4.0,positive,15.41986278
15.41986278,0.0,0.0,0.0,0.0,1.0,0.0,negative,15.41407592
15.41407592,0.0,0.0,0.0,0.0,1.0,0.0,positive,15.42008894
15.42008894,0.0,0.7242459654808044,0.0,0.7650613188743591,0.0,2.0,positive,15.48787483
15.48787483,0.0,0.0,0.0,0.0,0.0,2.0,positive,15.4961854298
15.4961854298,0.0,0.0,0.0,0.0,0.0,0.0,negative,15.4535715367
15.4535715367,0.0,0.8777077198028564,0.0,0.0,0.0,1.0,negative,15.4473709184
15.4473709184,0.0,0.0,0.0,0.0,0.0,1.0,negative,15.3722010144
15.3722010144,0.0,0.8065139651298523,0.0,0.0,0.0,1.0,positive,15.4193143801
15.4193143801,0.0,0.8167885541915894,0.0,0.0,0.0,1.0,negative,15.34870665
15.34870665,0.0,0.0,0.0,0.0,0.0,1.0,positive,15.35921416
15.35921416,0.0,0.0,0.0,0.0,0.0,0.0,negative,15.28060602
15.28060602,0.0,0.0,0.0,0.0,1.0,0.0,positive,15.42012434
15.42012434,0.0,0.83470618724823,0.0,0.0,0.0,2.0,negative,15.34988477
15.34988477,0.0,0.0,0.7003037929534912,0.0,1.0,0.0,negative,15.31524247
15.31524247,0.0,0.0,0.0,0.0,0.0,0.0,positive,15.40394084
15.40394084,0.0,0.8085775375366211,0.8273156881332397,0.8168947100639343,1.0,2.0,negative,15.30965874
15.30965874,0.966356635093689,1.8037803173065183,0.0,0.0,2.0,2.0,negative,15.30194496
15.30194496,0.0,0.0,0.0,0.0,0.0,0.0,positive,15.37623174
15.37623174,0.0,1.608067750930786,0.0,0.0,0.0,3.0,negative,15.3237171
15.3237171,0.0,0.7872508764266968,0.0,0.0,1.0,2.0,positive,15.41647603
15.41647603,0.0,0.0,0.0,0.0,0.0,0.0,negative,15.37102046
15.37102046,0.0,0.8219184875488281,0.0,0.0,0.0,2.0,positive,15.43724311
15.43724311,0.0,0.0,0.0,0.7143673896789551,0.0,3.0,positive,15.49499975
15.49499975,0.0,0.0,0.0,0.0,0.0,0.0,positive,15.55652598
15.55652598,0.0,0.0,0.0,0.0,0.0,0.0,negative,15.53927985
15.53927985,0.0,0.0,0.0,0.0,0.0,0.0,negative,15.50523207
15.50523207,0.0,0.0,0.0,0.0,0.0,0.0,positive,15.52335061
15.52335061,0.0,0.0,0.8513598442077637,0.0,1.0,1.0,negative,15.5213594545
15.5213594545,0.0,0.0,0.0,0.0,0.0,0.0,negative,15.51796477
15.51796477,0.0,0.0,0.0,0.0,0.0,0.0,negative,15.5033041444
15.5033041444,0.0,0.0,0.0,0.0,0.0,1.0,negative,15.47632854
15.47632854,0.0,0.0,0.0,0.0,0.0,0.0,negative,15.3864014102
15.3864014102,0.0,1.6180074214935305,0.0,0.0,0.0,3.0,positive,15.41991194
15.41991194,0.0,0.0,0.0,0.0,2.0,2.0,negative,15.39399996
15.39399996,0.0,0.7174102663993835,0.0,0.0,0.0,1.0,positive,15.40385692
15.40385692,0.0,0.0,0.0,0.0,0.0,0.0,positive,15.49221678
15.49221678,0.0,0.0,0.0,0.0,0.0,0.0,negative,15.45078734
15.45078734,0.0,0.0,0.0,0.0,0.0,0.0,positive,15.49916193
15.49916193,0.0,0.0,0.0,0.0,0.0,1.0,negative,15.40802784
15.40802784,0.0,0.7748138308525085,0.8418282270431519,0.0,1.0,1.0,negative,15.38203616
15.38203616,0.0,0.0,0.0,0.0,0.0,0.0,positive,15.40357837
15.40357837,0.0,1.613748013973236,0.0,0.0,0.0,2.0,positive,15.41470711
15.41470711,0.0,0.8286924958229065,0.0,0.0,0.0,1.0,positive,15.52759494
15.52759494,0.0,0.8980823755264282,0.0,0.0,0.0,2.0,negative,15.38766436
15.38766436,0.0,0.0,0.0,0.0,0.0,0.0,positive,15.39515013
15.39515013,0.0,0.8165686726570129,0.0,0.0,0.0,2.0,positive,15.47727134
15.47727134,0.0,0.0,0.0,0.0,0.0,0.0,negative,15.391949
15.391949,0.0,0.0,0.0,0.0,0.0,0.0,positive,15.43363656
15.43363656,0.0,0.0,0.0,0.0,0.0,0.0,negative,15.38858468
15.38858468,0.0,3.1770328283309937,0.0,0.0,0.0,4.0,positive,15.41358221
15.41358221,0.0,0.8152375221252441,0.0,0.0,0.0,1.0,negative,15.38621016
15.38621016,0.0,0.0,0.0,0.7171059250831604,0.0,2.0,positive,15.40595446
15.40595446,0.0,0.0,0.0,0.0,0.0,0.0,negative,15.38371365
15.38371365,0.0,0.0,0.0,0.0,0.0,0.0,negative,15.38236006
15.38236006,0.0,0.0,0.0,0.0,0.0,0.0,positive,15.43405453
15.43405453,0.0,0.0,0.0,0.0,0.0,0.0,negative,15.41281187
15.41281187,0.0,0.0,0.0,0.0,0.0,0.0,positive,15.44798752
15.44798752,0.0,0.0,0.0,0.0,0.0,0.0,negative,15.39258344
15.39258344,0.0,0.0,0.0,0.0,0.0,0.0,positive,15.4894114155
15.4894114155,0.0,8.823617041110992,0.0,2.543367922306061,0.0,36.0,positive,15.54550369
15.54550369,0.0,8.579519033432007,0.0,1.6685949563980105,0.0,16.0,positive,15.64402632
15.64402632,0.0,1.4597325921058657,0.0,0.7551788687705994,0.0,6.0,positive,15.75244991
15.75244991,0.0,0.7565728425979614,0.0,0.0,0.0,2.0,positive,15.76995355
15.76995355,0.0,3.3654962182044983,0.0,0.8685106039047241,0.0,7.0,negative,15.76480454
15.76480454,0.0,0.7643609046936035,0.0,0.0,1.0,3.0,negative,15.71623465
15.71623465,0.0,0.7134814858436584,0.0,1.435480773448944,0.0,3.0,positive,15.7550697
15.7550697,0.0,0.751526951789856,0.0,0.0,0.0,1.0,positive,15.8131622256
15.8131622256,0.7111772298812866,0.7453688383102417,0.0,0.0,2.0,2.0,positive,15.83701687
15.83701687,0.0,0.77824467420578,0.0,0.0,1.0,2.0,negative,15.7749071147
15.7749071147,0.0,0.7573142051696777,0.7013859152793884,0.0,1.0,1.0,positive,15.78203919
15.78203919,0.0,0.0,0.0,0.0,0.0,1.0,negative,15.7805883775
15.7805883775,0.0,1.751436412334442,0.0,0.0,0.0,3.0,positive,15.83160808
15.83160808,0.0,0.0,0.0,0.0,0.0,2.0,positive,15.85209431
15.85209431,0.0,0.8492265939712524,0.0,0.8822504281997681,0.0,5.0,negative,15.8200392579
15.8200392579,0.0,0.0,0.0,0.0,2.0,0.0,positive,15.86714663
15.86714663,0.8285912275314331,0.7901795506477356,0.0,0.0,2.0,2.0,positive,15.9563581997
15.9563581997,0.0,0.9243561029434204,0.0,0.0,0.0,1.0,negative,15.9385379742
15.9385379742,0.0,0.8879101276397705,0.7857797741889954,0.0,1.0,1.0,negative,15.9323373408
15.9323373408,0.0,0.0,0.0,0.0,0.0,0.0,negative,15.85323817
15.85323817,0.0,0.0,0.0,0.0,0.0,0.0,negative,15.83781917
15.83781917,0.0,0.9116325378417968,0.0,0.0,1.0,1.0,negative,15.82277784
15.82277784,0.0,0.8351561427116394,0.0,0.0,0.0,2.0,positive,15.87792095
15.87792095,0.0,0.0,0.0,0.0,0.0,0.0,negative,15.80417364
15.80417364,0.0,0.8358235955238342,0.0,0.0,0.0,2.0,negative,15.77992262
15.77992262,0.0,0.8954201936721802,0.0,0.0,1.0,2.0,negative,15.74618307
15.74618307,0.0,0.7710819840431213,0.0,0.0,0.0,1.0,negative,15.70791099
15.70791099,0.0,0.0,0.0,0.0,0.0,0.0,positive,15.81553641
15.81553641,0.0,0.0,0.0,0.0,0.0,0.0,positive,15.8827575529
15.8827575529,0.0,0.0,0.0,0.0,1.0,0.0,negative,15.78047493
15.78047493,0.0,4.011230707168579,0.0,0.0,0.0,9.0,negative,15.5117843412
15.5117843412,0.0,1.7094178795814514,0.0,0.8389009833335876,0.0,4.0,negative,15.32784829
15.32784829,0.0,0.8305369019508362,0.0,0.0,0.0,1.0,positive,15.38368623
15.38368623,0.0,0.0,0.0,0.0,0.0,0.0,negative,15.33457497
15.33457497,0.0,0.0,0.0,0.0,0.0,0.0,negative,15.30415553
15.30415553,0.0,1.6262465119361875,0.0,0.0,0.0,3.0,positive,15.33928263
15.33928263,0.0,0.0,0.0,0.0,0.0,0.0,positive,15.40182858
15.40182858,0.0,0.0,0.0,0.0,0.0,0.0,positive,15.5394196997
15.5394196997,0.0,0.0,0.0,0.7675372958183289,0.0,1.0,negative,15.5364131302
15.5364131302,0.0,2.9647023677825928,0.0,0.0,0.0,4.0,positive,15.5442889822
15.5442889822,0.0,0.0,0.0,0.0,0.0,0.0,negative,15.52508745
15.52508745,0.0,0.0,0.0,0.0,1.0,0.0,negative,15.4063733955
15.4063733955,0.0,0.0,0.0,0.8405313491821289,0.0,1.0,positive,15.4206426874
15.4206426874,0.0,0.7716918587684631,0.0,0.0,0.0,1.0,negative,15.370604385
15.370604385,0.0,0.0,0.0,0.0,0.0,0.0,positive,15.4029586335
15.4029586335,0.0,0.0,0.0,0.0,0.0,0.0,positive,15.4097545721
15.4097545721,0.0,2.4326714873313904,0.0,0.0,0.0,8.0,positive,15.41267888
15.41267888,0.0,1.6149197220802307,0.0,0.8713964819908142,0.0,6.0,positive,15.43343927
15.43343927,0.0,0.819438636302948,0.0,0.0,0.0,1.0,negative,15.36998162
15.36998162,0.0,0.0,0.0,0.0,0.0,0.0,negative,15.3247144
15.3247144,0.0,2.2896966338157654,0.0,0.0,0.0,3.0,positive,15.35819738
15.35819738,0.0,0.0,0.0,0.0,0.0,1.0,positive,15.40382546
15.40382546,0.0,0.0,0.0,0.0,1.0,0.0,positive,15.44575044
15.44575044,0.0,1.5195384621620178,0.0,0.0,0.0,4.0,negative,15.38809039
15.38809039,0.0,0.7801655530929565,0.0,0.0,0.0,1.0,positive,15.40752578
15.40752578,0.0,0.931186020374298,0.0,0.0,0.0,1.0,negative,15.37691778
15.37691778,0.0,2.697981536388397,0.0,0.0,0.0,4.0,positive,15.39405046
15.39405046,0.0,0.0,0.0,0.0,0.0,0.0,negative,15.360490617
15.360490617,0.8747972249984741,1.5960949063301086,0.0,0.0,1.0,2.0,positive,15.36615637
15.36615637,0.0,2.7363072633743286,0.0,0.0,0.0,10.0,negative,15.3462652712
15.3462652712,0.0,0.0,0.0,1.6007667183876038,0.0,4.0,positive,15.3524610161
15.3524610161,0.0,0.0,0.0,0.0,0.0,0.0,negative,15.3362793267
15.3362793267,0.0,0.0,0.0,0.0,0.0,0.0,negative,15.2943279071
15.2943279071,0.0,0.0,0.0,0.0,0.0,0.0,positive,15.31443361
15.31443361,0.0,0.8565709590911865,0.0,0.0,0.0,3.0,positive,15.37826537
15.37826537,0.0,1.6419238448143003,0.0,0.0,0.0,2.0,negative,15.33873388
15.33873388,0.0,0.0,0.0,0.0,0.0,0.0,positive,15.34584059
15.34584059,0.0,1.7526960372924805,0.0,0.0,0.0,2.0,negative,15.3318847702
15.3318847702,0.0,0.8686291575431824,0.0,0.0,1.0,1.0,negative,15.31200252
15.31200252,0.0,0.0,0.0,0.0,1.0,0.0,positive,15.31233614
15.31233614,0.0,0.0,0.0,0.899264395236969,0.0,1.0,positive,15.32389672
15.32389672,0.0,0.0,0.0,0.0,0.0,0.0,positive,15.34639828
15.34639828,0.0,0.0,0.0,0.0,0.0,0.0,positive,15.37312085
15.37312085,0.7226025462150574,0.7327314019203186,0.0,0.0,1.0,1.0,negative,15.34138069
15.34138069,0.0,0.7671514749526978,0.0,0.0,0.0,2.0,positive,15.3890067157
15.3890067157,0.0,1.777678608894348,0.0,0.0,0.0,3.0,negative,15.38830176
15.38830176,0.0,0.0,0.0,0.0,0.0,1.0,positive,15.39875157
15.39875157,0.0,0.0,0.0,0.0,1.0,0.0,negative,15.36540976
15.36540976,0.0,0.0,0.0,0.0,0.0,0.0,negative,15.35125102
15.35125102,0.0,0.0,0.0,0.0,0.0,0.0,positive,15.36336624
15.36336624,0.0,1.837011516094208,0.0,0.0,0.0,3.0,positive,15.55568421
15.55568421,0.0,0.0,0.0,0.0,0.0,0.0,negative,15.52522461
15.52522461,0.0,0.0,0.0,0.0,0.0,1.0,negative,15.523304
15.523304,0.0,5.388125836849213,0.0,0.0,0.0,6.0,positive,15.54474963
15.54474963,0.0,0.0,0.0,0.0,0.0,0.0,negative,15.53046528
15.53046528,0.0,0.0,0.0,0.0,0.0,0.0,negative,15.50562623
15.50562623,0.0,0.0,0.0,0.0,1.0,0.0,positive,15.55298081
15.55298081,0.0,0.0,0.0,0.0,0.0,0.0,positive,15.5764361
15.5764361,0.0,0.0,0.0,0.0,0.0,0.0,negative,15.55830816
15.55830816,0.0,0.0,0.0,0.0,0.0,0.0,negative,15.40910247
15.40910247,0.0,0.0,0.0,0.0,0.0,0.0,positive,15.46220925
15.46220925,0.0,0.0,0.0,0.0,0.0,0.0,positive,15.50542927
15.50542927,0.0,0.0,0.0,0.0,0.0,0.0,negative,15.485355449
15.485355449,0.0,0.8153462409973145,0.0,0.0,0.0,2.0,negative,15.48139521
15.48139521,0.0,0.0,0.0,0.0,0.0,0.0,negative,15.41312572
15.41312572,0.0,0.0,0.0,0.0,0.0,1.0,negative,15.39960321
15.39960321,0.0,0.0,0.0,0.0,0.0,0.0,negative,15.32483739
15.32483739,0.0,0.0,0.0,0.0,0.0,0.0,positive,15.34502995
15.34502995,0.0,0.7240625023841858,0.0,0.0,0.0,1.0,positive,15.3576351
15.3576351,0.0,0.0,0.0,0.0,0.0,0.0,positive,15.35904481
15.35904481,0.0,0.0,0.0,0.0,0.0,2.0,negative,15.31987523
15.31987523,0.0,0.8543038368225098,0.0,0.0,0.0,2.0,positive,15.36315319
15.36315319,0.0,1.6274492144584656,0.0,0.0,0.0,4.0,positive,15.3943329793
15.3943329793,0.0,0.7777224183082581,0.0,0.0,0.0,2.0,negative,15.37760114
15.37760114,0.0,0.0,0.0,0.0,0.0,0.0,positive,15.41564976
15.41564976,0.0,0.0,0.0,0.0,0.0,1.0,negative,15.40982353
15.40982353,0.0,0.0,0.0,0.8729780316352844,0.0,3.0,negative,15.39027812
15.39027812,0.0,0.0,0.0,0.0,0.0,0.0,negative,15.3851083
15.3851083,0.0,0.885823130607605,0.0,0.0,0.0,1.0,positive,15.40363027
15.40363027,0.0,0.0,0.0,0.0,0.0,1.0,positive,15.5118133913
15.5118133913,0.0,0.0,0.0,0.0,0.0,2.0,negative,15.48022637
15.48022637,0.0,0.0,0.0,0.7702276706695557,0.0,1.0,negative,15.47000342
15.47000342,0.0,0.0,0.0,0.0,0.0,0.0,positive,15.56270699
15.56270699,0.0,0.0,0.0,0.0,1.0,2.0,negative,15.55235521
15.55235521,0.0,0.768639326095581,0.0,0.0,0.0,1.0,positive,15.55973397
15.55973397,0.0,1.737192451953888,0.0,0.0,0.0,2.0,positive,15.60224093
15.60224093,0.0,0.0,0.0,0.0,0.0,0.0,positive,15.609668598
15.609668598,0.0,1.6478411555290222,0.0,0.0,0.0,4.0,positive,15.7020114
15.7020114,0.0,0.0,0.0,0.0,0.0,1.0,positive,15.74711383
15.74711383,0.0,0.8284448385238647,0.7202317714691162,0.9426047801971436,1.0,2.0,positive,15.80214606
15.80214606,0.0,0.0,0.0,0.8596314787864685,0.0,2.0,negative,15.69717869
15.69717869,0.0,1.5147400498390198,0.0,0.0,0.0,3.0,negative,15.68824444
15.68824444,0.0,0.7130251526832581,0.0,0.0,0.0,2.0,positive,15.71697998
15.71697998,0.0,0.0,0.0,0.0,0.0,1.0,positive,15.7468515106
15.7468515106,0.0,0.850828230381012,0.0,0.0,0.0,1.0,negative,15.7102255
15.7102255,0.0,0.7685229182243347,0.0,0.0,1.0,2.0,negative,15.65687092
15.65687092,0.0,0.0,0.0,0.921866238117218,1.0,3.0,positive,15.7233636
15.7233636,0.0,0.7014343738555908,0.0,0.0,0.0,2.0,positive,15.7936473
15.7936473,0.0,0.791126549243927,0.0,0.0,0.0,1.0,negative,15.75487444
15.75487444,0.0,0.0,0.0,0.0,0.0,0.0,negative,15.7286295
15.7286295,0.0,0.0,0.0,0.0,0.0,0.0,positive,15.7841398477
15.7841398477,0.0,0.8677574396133423,0.0,0.0,0.0,2.0,positive,15.81046187
15.81046187,0.0,0.0,0.0,0.0,0.0,0.0,positive,16.01680619
16.01680619,0.0,0.0,0.0,0.0,0.0,0.0,positive,16.19252813
16.19252813,0.0,0.0,0.0,0.0,0.0,0.0,positive,16.29677087
16.29677087,0.0,0.908746063709259,0.0,0.0,0.0,1.0,positive,16.3421419494
16.3421419494,1.754503607749939,0.0,0.0,0.0,2.0,0.0,negative,16.27025955
16.27025955,0.0,0.0,0.0,0.0,0.0,1.0,negative,16.19069716
16.19069716,0.0,0.0,0.0,0.0,0.0,1.0,positive,16.19554894
16.19554894,0.7388688325881958,0.0,0.0,0.0,2.0,1.0,positive,16.21622292
16.21622292,0.0,0.0,0.0,0.0,0.0,1.0,negative,16.17596963
16.17596963,0.0,0.0,0.0,0.0,0.0,0.0,positive,16.18557654
16.18557654,0.0,0.8402395248413086,0.0,0.0,0.0,4.0,negative,16.0357401397
16.0357401397,0.0,1.6760213375091553,0.0,0.0,0.0,3.0,positive,16.2758559
16.2758559,0.0,0.7578027248382568,0.0,0.0,0.0,2.0,negative,16.17289891
16.17289891,0.0,7.00829404592514,0.0,0.0,0.0,14.0,positive,16.31282394
16.31282394,0.0,1.440977156162262,0.0,0.0,0.0,3.0,positive,16.45894869
16.45894869,0.0,2.5879375338554382,0.0,0.9097325801849364,0.0,7.0,negative,16.39562401
16.39562401,0.0,0.9576530456542968,0.0,0.0,0.0,2.0,positive,16.76168635
16.76168635,0.0,2.3557085394859314,0.0,0.0,0.0,4.0,negative,16.7338655189
16.7338655189,0.0,0.8049200177192688,0.0,0.0,0.0,2.0,negative,16.68625197
16.68625197,0.0,1.556933343410492,0.7409844994544983,0.0,3.0,3.0,negative,16.68282766
16.68282766,0.0,0.7615979313850403,0.0,0.0,1.0,3.0,positive,16.82107003
16.82107003,0.8439816236495972,1.462959349155426,0.0,0.8432468771934509,2.0,6.0,positive,16.8457646873
16.8457646873,0.0,0.0,0.0,0.0,0.0,0.0,negative,16.58302709
16.58302709,0.0,0.7692452669143677,0.0,0.0,0.0,5.0,positive,16.6776216
16.6776216,0.0,0.0,0.8380918502807617,0.0,3.0,0.0,negative,16.5561385121
16.5561385121,0.0,0.7227020859718323,0.0,0.0,0.0,1.0,positive,16.63712841
16.63712841,0.0,0.0,0.0,0.0,1.0,1.0,positive,16.7702263
16.7702263,0.0,0.0,0.0,0.0,0.0,1.0,positive,16.86743989
16.86743989,0.0,0.0,0.0,0.0,0.0,0.0,positive,16.94515811
16.94515811,0.0,0.8239160180091858,0.0,0.0,0.0,2.0,negative,16.92035129
16.92035129,0.0,0.9494876861572266,0.0,0.0,0.0,1.0,positive,16.95768553
16.95768553,0.0,1.562188744544983,0.0,0.0,0.0,4.0,negative,16.8113696612
16.8113696612,0.0,0.9577128887176514,0.0,0.0,1.0,2.0,positive,16.94878933
16.94878933,0.0,0.9018112421035768,0.0,0.0,0.0,2.0,negative,16.86892694
16.86892694,0.0,1.761049211025238,0.0,0.7507354617118835,0.0,4.0,positive,16.93459621
16.93459621,0.0,1.6224363446235657,0.0,0.0,0.0,5.0,positive,17.0081442
17.0081442,0.0,0.0,0.0,0.0,0.0,1.0,positive,17.24881512
17.24881512,0.0,0.811869740486145,0.0,0.0,0.0,1.0,negative,17.22334964
17.22334964,0.0,4.203336954116821,0.0,0.8476899862289429,0.0,13.0,positive,17.2616397135
17.2616397135,0.0,4.279101133346558,0.0,0.0,1.0,9.0,negative,17.14560193
17.14560193,0.0,2.337513566017151,0.7394487261772156,0.0,1.0,4.0,positive,17.36267452
17.36267452,0.0,0.914752721786499,0.0,0.0,0.0,2.0,negative,17.31520149
17.31520149,0.7488665580749512,1.5248249769210815,0.0,0.0,1.0,3.0,positive,17.33925085
17.33925085,0.0,2.4861490726470947,0.0,0.0,0.0,4.0,negative,17.30695821
17.30695821,0.0,1.5854753851890564,0.0,0.0,0.0,2.0,negative,17.21277279
17.21277279,0.0,1.5773934125900269,0.0,0.0,0.0,3.0,negative,17.1270141013
17.1270141013,0.0,0.8524680137634277,0.0,0.0,0.0,2.0,positive,17.16631226
17.16631226,0.0,0.0,0.0,0.0,0.0,2.0,negative,17.15657621
17.15657621,0.0,1.7082476615905762,0.0,0.0,0.0,2.0,positive,17.2526555
17.2526555,0.0,0.0,0.0,0.0,0.0,0.0,negative,17.24882846
17.24882846,0.0,2.5138542652130127,0.0,0.0,0.0,3.0,negative,17.22765839
17.22765839,0.0,0.0,0.0,0.0,0.0,0.0,positive,17.28667111
17.28667111,0.0,2.62811017036438,0.0,0.0,0.0,3.0,negative,16.97840697
16.97840697,0.0,0.0,0.0,0.0,1.0,2.0,negative,16.91939577
16.91939577,0.0,0.0,0.0,0.0,0.0,1.0,positive,16.92114789
16.92114789,0.0,1.7334888577461245,0.0,0.0,0.0,2.0,negative,16.92104485
16.92104485,0.0,0.0,0.0,0.0,0.0,0.0,positive,17.03456595
17.03456595,0.0,0.738507091999054,0.0,0.0,0.0,3.0,positive,17.11696044
17.11696044,0.0,0.7121186852455139,0.0,0.0,0.0,1.0,negative,17.03941551
17.03941551,0.0,0.706713855266571,0.0,0.0,0.0,1.0,negative,16.9281155
16.9281155,0.0,2.3332714438438416,0.0,0.8442083597183228,0.0,10.0,positive,16.97152135
16.97152135,0.0,1.6113047003746033,0.0,0.8597049713134766,0.0,6.0,negative,16.94559987
16.94559987,0.0,0.0,0.0,0.0,0.0,1.0,positive,17.03499062
17.03499062,0.0,0.7895961999893188,0.0,0.0,0.0,5.0,positive,17.14158494
17.14158494,0.0,2.35893589258194,0.0,0.0,1.0,6.0,negative,17.02135351
17.02135351,0.0,0.8078050017356873,0.0,0.0,0.0,1.0,negative,16.8506956
16.8506956,0.0,0.8756225109100342,0.0,0.0,0.0,2.0,negative,16.59589925
16.59589925,0.0,0.0,0.0,0.0,0.0,3.0,positive,16.67809265
16.67809265,0.0,0.0,0.0,0.0,0.0,0.0,positive,16.69363522
16.69363522,0.0,0.8027732372283936,0.0,0.0,0.0,2.0,positive,16.71309257
16.71309257,0.0,0.0,0.0,0.0,0.0,0.0,negative,16.71143401
16.71143401,0.0,0.8623777031898499,0.0,0.0,0.0,1.0,positive,16.84200957
16.84200957,0.0,0.0,0.0,0.0,0.0,0.0,positive,16.89208133
16.89208133,0.0,0.920745313167572,0.0,0.0,0.0,1.0,positive,16.91705385
16.91705385,0.0,2.138687312602997,0.0,0.0,0.0,3.0,negative,16.88486866
16.88486866,0.0,0.0,0.0,0.0,0.0,0.0,negative,16.75996095
16.75996095,0.0,1.7067334055900574,0.0,0.7900717854499817,0.0,3.0,positive,16.81860389
16.81860389,0.0,0.0,0.0,0.0,0.0,1.0,negative,16.70520122
16.70520122,0.0,0.0,0.0,0.0,0.0,1.0,negative,16.67752887
16.67752887,0.0,0.0,0.0,0.0,0.0,2.0,negative,16.55191211
16.55191211,0.0,0.0,0.0,0.953685998916626,0.0,1.0,positive,16.56078558
16.56078558,0.0,0.0,0.0,0.0,0.0,2.0,negative,16.46617262
16.46617262,0.0,0.0,0.0,0.0,1.0,0.0,positive,16.55110879
16.55110879,0.0,0.0,0.0,0.0,1.0,1.0,positive,16.62185261
16.62185261,0.0,0.0,0.0,0.0,0.0,7.0,positive,16.64069723
16.64069723,0.0,1.6315213441848757,0.0,0.0,0.0,2.0,positive,16.70975586
16.70975586,0.0,0.7031517028808594,0.0,0.0,0.0,1.0,negative,16.62132073
16.62132073,0.0,0.7025498151779175,0.0,0.0,0.0,1.0,positive,16.64208841
16.64208841,0.0,0.816567599773407,0.0,0.0,1.0,1.0,positive,16.67889524
16.67889524,0.0,0.906575322151184,0.0,0.0,0.0,2.0,positive,16.93290186
16.93290186,0.0,1.5470182299613953,0.0,0.7185975313186646,1.0,6.0,positive,17.01709118
17.01709118,0.0,1.6646642684936523,0.0,0.0,0.0,3.0,positive,17.03468381
17.03468381,0.0,0.0,0.0,0.0,0.0,2.0,positive,17.06506753
17.06506753,0.0,0.0,0.0,0.0,0.0,1.0,positive,17.07378718
17.07378718,0.0,0.8855592608451843,0.0,0.0,1.0,2.0,positive,17.15393416
17.15393416,0.0,0.0,0.0,0.0,0.0,0.0,negative,17.09548895
17.09548895,0.0,0.0,0.0,0.0,0.0,0.0,negative,17.06898207
17.06898207,0.0,0.0,0.0,0.0,0.0,0.0,positive,17.22101543
17.22101543,0.0,0.0,0.0,0.0,0.0,0.0,positive,17.26125234
17.26125234,0.0,1.7861652970314026,0.0,0.0,0.0,2.0,positive,17.45540084
17.45540084,0.0,0.0,0.0,0.0,0.0,0.0,positive,17.46783863
17.46783863,0.0,0.8274829387664795,0.0,0.0,0.0,2.0,negative,17.36967526
17.36967526,0.0,2.471006989479065,0.0,0.0,0.0,7.0,negative,17.30245316
17.30245316,0.0,0.0,0.0,0.0,0.0,0.0,negative,17.29550219
17.29550219,0.0,0.0,0.0,0.0,0.0,1.0,positive,17.37613615
17.37613615,0.0,0.0,0.0,0.0,0.0,1.0,negative,17.28212661
17.28212661,0.0,0.8741165995597839,0.0,0.0,1.0,3.0,positive,17.2934958434
17.2934958434,0.0,0.9181172251701356,0.0,0.0,1.0,2.0,negative,17.28603181
17.28603181,0.7702823281288147,0.0,0.0,0.0,1.0,1.0,negative,17.20007512
17.20007512,0.0,0.8515273332595825,0.0,0.0,1.0,2.0,negative,17.19284253
17.19284253,0.0,0.8638820052146912,0.0,0.0,0.0,1.0,negative,17.18630174
17.18630174,0.7917476296424866,0.8638820052146912,0.0,0.0,1.0,1.0,positive,17.32355829
17.32355829,0.0,0.8485841155052185,0.0,0.0,0.0,2.0,positive,17.3386435
17.3386435,0.0,0.0,0.0,0.0,0.0,0.0,negative,17.32767566
17.32767566,0.0,0.0,0.7688928246498108,0.0,1.0,0.0,positive,17.4853926
17.4853926,0.0,1.6559683680534365,0.0,0.0,0.0,3.0,positive,17.52390429
17.52390429,0.0,0.909485936164856,0.0,0.0,0.0,2.0,positive,17.56627367
17.56627367,0.0,3.3240187764167786,0.0,0.0,0.0,6.0,positive,17.57568492
17.57568492,0.0,0.7407466769218445,0.0,0.0,0.0,1.0,negative,17.49235823
17.49235823,0.0,0.0,0.0,0.0,0.0,0.0,positive,17.52307256
17.52307256,0.0,0.0,0.0,0.0,0.0,0.0,positive,17.56322591
17.56322591,0.0,0.0,0.0,0.0,0.0,1.0,positive,17.58389664
17.58389664,0.0,0.8693733811378479,0.0,0.0,0.0,3.0,positive,17.6221792
17.6221792,0.0,0.0,0.0,0.0,0.0,0.0,positive,17.79791042
17.79791042,0.0,0.0,0.0,0.0,0.0,0.0,positive,17.822527870000002
17.822527870000002,0.0,0.0,0.0,0.0,1.0,0.0,positive,17.92129659
17.92129659,0.0,0.0,0.0,0.0,0.0,1.0,positive,18.06122428
18.06122428,0.0,0.0,0.0,0.0,0.0,1.0,positive,18.37967934
18.37967934,0.0,0.7851718664169312,0.0,0.0,0.0,2.0,negative,18.20885571
18.20885571,0.0,4.238043367862701,0.0,0.0,1.0,10.0,positive,18.2477913525
18.2477913525,0.0,2.880400598049164,0.0,0.0,1.0,4.0,positive,18.3240493568
18.3240493568,0.0,0.0,0.0,0.0,0.0,4.0,negative,18.30034774
18.30034774,0.0,2.3996018767356877,0.0,0.8661368489265442,0.0,6.0,positive,18.43365149
18.43365149,0.0,1.7103222608566284,0.0,0.0,0.0,5.0,positive,18.57503039
18.57503039,0.0,0.805237352848053,0.7374722957611084,0.0,1.0,5.0,negative,18.31244572
18.31244572,0.9434635043144226,2.535956025123596,0.0,0.0,1.0,5.0,positive,18.37078841
18.37078841,0.0,0.7282530069351196,0.0,0.0,0.0,1.0,negative,18.15454779
18.15454779,0.0,0.0,0.0,0.0,0.0,0.0,positive,18.26900685
18.26900685,0.0,0.0,0.0,0.0,0.0,1.0,negative,18.22395709
18.22395709,0.0,0.9735450744628906,0.0,0.0,0.0,5.0,negative,18.15907113
18.15907113,0.0,0.7998663187026978,0.0,0.0,0.0,1.0,positive,18.24415441
18.24415441,0.0,0.0,0.0,0.0,0.0,0.0,positive,18.32357776
18.32357776,0.0,1.871397078037262,0.0,0.0,1.0,2.0,negative,18.25955759
18.25955759,0.0,1.533492624759674,0.0,0.7179032564163208,0.0,4.0,negative,18.18855436
18.18855436,0.0,0.0,0.0,0.0,1.0,1.0,positive,18.21652399
18.21652399,0.0,0.8566541075706482,0.0,0.0,0.0,2.0,negative,18.19086115
18.19086115,0.0,0.0,0.0,0.7494928240776062,1.0,1.0,positive,18.23654493
18.23654493,0.0,0.7686311602592468,0.0,0.0,1.0,2.0,negative,18.1395046
18.1395046,0.0,0.869247317314148,0.0,0.0,0.0,3.0,negative,17.99057492
17.99057492,0.0,0.7305410504341125,0.0,0.0,0.0,7.0,negative,17.97621449
17.97621449,0.0,0.0,0.0,0.7138691544532776,1.0,2.0,positive,18.03688901
18.03688901,0.0,0.0,0.0,0.0,0.0,1.0,negative,18.01948157
18.01948157,0.0,2.780880212783813,0.8785842657089233,0.0,1.0,3.0,positive,18.0513673
18.0513673,0.0,0.0,0.0,0.0,0.0,0.0,negative,17.946785518
17.946785518,0.0,0.0,0.0,0.0,0.0,2.0,positive,18.08229654
18.08229654,0.0,4.4986732006073,0.0,0.0,0.0,8.0,positive,18.160066864
18.160066864,0.0,0.762672483921051,0.0,0.0,0.0,3.0,positive,18.18012108
18.18012108,0.0,0.0,0.0,0.0,1.0,4.0,positive,18.1905061626
18.1905061626,0.0,0.0,0.0,0.0,0.0,1.0,positive,18.63531884
18.63531884,0.0,0.0,0.0,0.0,0.0,0.0,positive,18.76634197
18.76634197,0.0,0.8394734859466553,0.0,0.0,1.0,1.0,positive,18.78832405
18.78832405,0.0,1.638763427734375,0.0,1.7671949863433838,0.0,6.0,negative,18.64507482
18.64507482,0.0,0.0,0.0,0.0,1.0,1.0,positive,18.65233885
18.65233885,0.0,0.0,0.0,0.0,0.0,2.0,positive,18.8084705
18.8084705,0.0,0.8213046789169312,0.0,0.0,1.0,4.0,positive,18.88231001
18.88231001,0.0,0.0,0.0,0.0,0.0,0.0,negative,18.6189779
18.6189779,0.0,0.8501368165016174,0.0,0.0,0.0,1.0,negative,18.21680911
18.21680911,0.0,1.600419282913208,0.0,0.0,0.0,2.0,positive,18.39631577
18.39631577,0.0,0.0,0.0,0.0,0.0,0.0,negative,18.30968829
18.30968829,0.0,0.0,0.0,0.0,0.0,0.0,negative,18.18595008
18.18595008,0.0,0.0,0.0,0.0,0.0,0.0,positive,18.40956447
18.40956447,0.0,0.0,0.0,0.0,0.0,0.0,positive,18.50739326
18.50739326,0.0,0.0,0.0,0.0,0.0,0.0,positive,18.62038297
18.62038297,0.0,1.8890497088432312,0.0,0.0,0.0,2.0,negative,18.5462709141
18.5462709141,0.0,7.157555878162384,0.0,0.0,0.0,9.0,negative,18.1427668189
18.1427668189,0.0,5.153170466423035,0.0,0.0,0.0,7.0,positive,18.25470512
18.25470512,0.0,0.953709363937378,0.0,0.0,0.0,1.0,negative,18.19651967
18.19651967,0.0,2.60322904586792,0.0,0.0,0.0,3.0,negative,18.16598099
18.16598099,0.0,2.548966467380524,0.0,0.8554937839508057,0.0,9.0,negative,18.09644245
18.09644245,0.0,1.5758097171783447,0.0,0.0,0.0,3.0,positive,18.26770169
18.26770169,0.0,0.8530323505401611,0.0,0.0,0.0,4.0,positive,18.38774423
18.38774423,0.0,0.9463275671005248,0.0,0.0,0.0,4.0,negative,18.15493382
18.15493382,0.0,2.2617973685264587,0.0,0.0,0.0,5.0,positive,18.1710401
18.1710401,0.0,3.984428584575653,0.0,0.0,0.0,8.0,negative,18.09671913
18.09671913,0.0,2.254966735839844,0.0,0.0,0.0,5.0,negative,17.94565643
17.94565643,0.0,0.8064009547233582,0.0,0.8380156755447388,0.0,4.0,positive,18.11187063
18.11187063,0.0,3.14615935087204,0.0,0.7077096700668335,0.0,13.0,positive,18.15235146
18.15235146,0.0,4.239325940608978,0.0,0.0,0.0,6.0,positive,18.15384499
18.15384499,0.0,1.5194489359855652,0.0,0.0,0.0,4.0,positive,18.20164733
18.20164733,0.0,6.934661030769348,0.0,0.0,1.0,14.0,positive,18.265392389
18.265392389,0.0,2.341581642627716,0.0,0.0,0.0,7.0,negative,18.17121178
18.17121178,0.0,1.507347583770752,0.0,0.0,0.0,5.0,negative,18.05572272
18.05572272,0.0,0.0,0.0,0.774032711982727,0.0,3.0,negative,17.96929186
17.96929186,0.0,0.0,0.0,0.0,0.0,1.0,positive,18.03334888
18.03334888,0.0,0.0,0.0,0.0,0.0,0.0,positive,18.0829089
18.0829089,0.0,1.7394508719444275,0.0,0.0,0.0,2.0,negative,18.0445871
18.0445871,0.0,0.0,0.0,0.0,0.0,0.0,negative,18.04254317
18.04254317,0.0,0.0,0.0,0.0,0.0,0.0,negative,18.03855069
18.03855069,0.0,0.0,0.0,0.0,0.0,0.0,negative,18.01295507
18.01295507,0.0,0.0,0.0,0.0,0.0,2.0,negative,17.97253483
17.97253483,0.0,0.0,0.0,0.0,0.0,0.0,positive,18.00499048
18.00499048,0.0,0.0,0.0,0.0,0.0,0.0,negative,17.94501828
17.94501828,0.0,0.0,0.0,0.0,0.0,2.0,negative,17.8386491
17.8386491,0.0,0.0,0.0,0.0,0.0,4.0,negative,17.672767059999998
17.672767059999998,0.0,0.0,0.0,0.9969825148582458,0.0,1.0,negative,17.58739299
17.58739299,0.0,0.0,0.0,0.7098367810249329,0.0,6.0,positive,17.74534182
17.74534182,0.0,0.0,0.0,0.0,0.0,0.0,negative,17.66970252
17.66970252,0.0,0.0,0.0,0.0,0.0,0.0,positive,17.82561639
17.82561639,0.0,0.7451375126838684,0.0,0.0,0.0,1.0,negative,17.78809524
17.78809524,0.0,0.0,0.0,0.0,0.0,1.0,positive,17.85004489
17.85004489,0.0,0.0,1.5552744269371033,0.0,2.0,1.0,negative,17.62759991
17.62759991,0.0,0.0,0.0,0.0,0.0,0.0,positive,17.62792542
17.62792542,0.0,0.0,0.0,0.0,0.0,0.0,negative,17.6094664029
17.6094664029,0.0,0.0,0.0,0.0,0.0,0.0,negative,17.58029428
17.58029428,0.0,0.0,0.0,0.0,0.0,0.0,negative,17.48602296
17.48602296,0.0,2.316486597061157,0.0,0.8927795886993408,0.0,10.0,positive,17.53280993
17.53280993,0.0,0.0,0.0,0.0,0.0,2.0,negative,17.5201257
17.5201257,0.0,0.0,0.0,0.0,0.0,2.0,negative,17.50001408
17.50001408,0.0,0.0,0.0,0.0,0.0,1.0,positive,17.59121574
17.59121574,0.0,0.0,0.0,0.0,0.0,2.0,negative,17.57719501
17.57719501,0.0,0.0,0.0,0.0,0.0,1.0,positive,17.65030212
17.65030212,0.0,0.0,0.0,0.0,0.0,0.0,negative,17.5515022
17.5515022,0.0,0.0,0.0,0.0,1.0,0.0,negative,17.5089296295
17.5089296295,0.0,0.0,0.0,0.0,1.0,0.0,negative,17.4810629
17.4810629,0.0,0.0,0.0,0.0,0.0,0.0,positive,17.5009382
17.5009382,0.0,0.0,0.0,0.0,0.0,0.0,negative,17.19818689
17.19818689,0.0,0.0,0.0,0.0,0.0,1.0,negative,16.94876836
16.94876836,0.0,2.4498032331466675,0.0,0.0,0.0,3.0,negative,16.91439399
16.91439399,0.0,0.0,0.0,0.0,0.0,0.0,negative,16.82903472
16.82903472,0.0,0.0,0.0,0.0,0.0,0.0,positive,16.96790645
16.96790645,0.0,0.0,0.0,0.0,1.0,1.0,negative,16.91867538
16.91867538,0.0,0.0,0.0,0.0,0.0,0.0,positive,16.93652193
16.93652193,0.0,0.0,0.0,0.0,0.0,0.0,negative,16.90787835
16.90787835,0.0,0.0,0.0,0.0,2.0,0.0,positive,16.94113999
16.94113999,0.0,0.7453874945640564,0.0,0.0,0.0,3.0,positive,17.07428857
17.07428857,0.0,0.0,0.0,0.0,0.0,0.0,negative,17.056641781
17.056641781,0.0,1.5535964965820312,0.0,0.0,0.0,2.0,positive,17.08456926
17.08456926,0.0,0.0,0.0,0.0,0.0,0.0,negative,17.05507778
17.05507778,0.0,0.0,0.0,0.0,0.0,0.0,negative,16.91356766
16.91356766,0.0,0.0,0.0,0.0,0.0,0.0,positive,16.94446869
16.94446869,0.0,0.0,0.0,0.0,0.0,0.0,positive,17.09885672
17.09885672,0.0,0.0,0.0,0.9853630661964417,0.0,1.0,positive,17.15901605
17.15901605,0.0,0.0,0.0,0.7306252717971802,0.0,1.0,negative,17.14384184
17.14384184,0.0,0.0,0.0,0.0,0.0,1.0,negative,17.04259096
17.04259096,0.0,0.0,0.0,0.0,0.0,0.0,positive,17.12641857
17.12641857,0.0,0.0,0.0,0.0,0.0,0.0,positive,17.23249572
17.23249572,0.0,0.0,0.0,0.0,1.0,0.0,negative,17.1425254
17.1425254,0.0,0.947093904018402,0.0,0.8716288208961487,0.0,3.0,positive,17.3378700961
17.3378700961,0.0,4.29007625579834,0.0,0.8452029228210449,0.0,11.0,negative,17.29428196
17.29428196,0.0,1.6648042798042295,0.0,0.0,1.0,7.0,positive,17.32611861
17.32611861,0.0,0.7435930967330933,0.0,0.0,0.0,2.0,positive,17.41344337
17.41344337,0.0,0.7258782982826233,0.0,0.0,0.0,2.0,negative,17.38786626
17.38786626,0.0,0.0,0.0,0.0,0.0,0.0,negative,17.34198848
17.34198848,0.0,0.754472553730011,0.0,0.0,0.0,1.0,positive,17.40955837
17.40955837,0.0,0.0,0.0,0.0,0.0,2.0,negative,17.35454411
17.35454411,0.0,0.0,0.0,0.0,0.0,0.0,negative,17.32798261
17.32798261,0.0,1.5148054361343384,0.0,0.0,1.0,2.0,negative,17.30282566
17.30282566,0.0,3.1574326157569885,0.0,0.8426710367202759,0.0,9.0,negative,17.24738105
17.24738105,0.0,0.0,0.0,0.0,0.0,0.0,positive,17.42907243
17.42907243,0.0,0.9826602935791016,0.0,0.7608228921890259,0.0,2.0,negative,17.35366375
17.35366375,0.0,0.7435930967330933,0.0,0.0,1.0,3.0,negative,17.28127951
17.28127951,0.0,0.0,0.0,0.0,0.0,0.0,negative,17.2259267468
17.2259267468,0.7456769347190857,0.0,0.0,0.0,1.0,1.0,negative,17.19514417
17.19514417,0.0,0.0,0.0,0.0,0.0,0.0,negative,17.10896755
17.10896755,0.0,0.8438213467597961,0.0,0.0,2.0,2.0,positive,17.12628501
17.12628501,0.0,0.0,0.0,0.0,0.0,1.0,negative,17.04305377
17.04305377,0.0,0.0,0.0,0.0,0.0,1.0,positive,17.08497435
17.08497435,0.0,0.0,0.0,0.0,0.0,0.0,negative,17.02478103
17.02478103,0.0,1.4998645186424255,0.0,0.7494928240776062,0.0,3.0,positive,17.05264947
17.05264947,0.0,0.0,0.9399110078811646,0.0,3.0,0.0,negative,17.0326434854
17.0326434854,0.0,0.0,0.0,0.0,0.0,0.0,positive,17.03479281
17.03479281,0.0,1.593889832496643,0.0,2.1754720211029053,0.0,12.0,positive,17.06856751
17.06856751,0.0,0.7830613255500793,0.0,0.0,0.0,4.0,negative,17.02545443
17.02545443,0.0,1.5530155897140503,0.0,1.7152662873268127,0.0,4.0,positive,17.02553257
17.02553257,0.0,2.6337215900421143,0.0,0.8541840314865112,1.0,20.0,negative,17.01361766
17.01361766,0.0,2.407210350036621,0.0,0.0,0.0,7.0,negative,16.91585956
16.91585956,0.0,0.0,0.0,0.0,0.0,4.0,positive,17.0641189
17.0641189,0.0,0.0,0.0,0.7053752541542053,0.0,2.0,positive,17.11601143
17.11601143,0.0,0.0,0.0,0.0,0.0,4.0,negative,17.10145243
17.10145243,0.0,0.0,0.0,0.8433074355125427,0.0,7.0,positive,17.11255857
17.11255857,0.0,0.0,0.0,0.9868817925453186,0.0,2.0,negative,17.02729543
17.02729543,0.0,0.0,0.0,0.0,0.0,1.0,positive,17.16087721
17.16087721,0.0,0.0,0.0,0.0,0.0,1.0,negative,17.15808607
17.15808607,0.0,1.671302318572998,0.0,0.0,0.0,4.0,positive,17.22011969
17.22011969,0.0,0.0,0.0,0.0,0.0,1.0,negative,17.16713107
17.16713107,0.0,0.0,0.0,0.0,0.0,1.0,positive,17.25748347
17.25748347,0.0,0.8188201189041138,0.0,0.0,1.0,4.0,negative,17.15537421
17.15537421,0.0,0.0,0.0,0.0,0.0,0.0,positive,17.17816436
17.17816436,0.0,0.0,0.0,1.6667897701263428,0.0,2.0,negative,17.16413623
17.16413623,0.0,0.7220318913459778,0.0,0.0,1.0,2.0,negative,17.11532157
17.11532157,0.0,0.8097795248031616,0.0,0.0,0.0,1.0,positive,17.126711
17.126711,0.0,0.0,0.8285014629364014,0.8114990592002869,2.0,2.0,negative,17.09108186
17.09108186,0.0,0.7440106868743896,0.0,0.0,0.0,1.0,negative,17.05800994
17.05800994,0.0,0.0,0.0,0.0,0.0,1.0,negative,17.02728063
17.02728063,0.0,1.725663959980011,0.0,0.0,0.0,2.0,negative,16.9558761119
16.9558761119,0.0,0.0,0.0,0.0,0.0,0.0,negative,16.9352849
16.9352849,0.0,0.0,0.0,0.0,0.0,0.0,positive,17.43850928
17.43850928,0.0,0.0,0.0,0.0,0.0,0.0,positive,17.82630161
17.82630161,0.708732545375824,0.8893040418624878,0.0,0.0,1.0,1.0,negative,17.78489337
17.78489337,0.7658568024635315,0.0,0.0,0.0,3.0,1.0,negative,17.76701584
17.76701584,0.0,0.7829063534736633,0.0,0.0,0.0,2.0,positive,17.78509085
17.78509085,0.7929546236991882,0.0,0.0,0.0,2.0,1.0,positive,17.93207151
17.93207151,0.0,0.0,0.0,0.0,0.0,0.0,negative,17.87749766
17.87749766,0.0,0.0,0.0,0.0,6.0,1.0,positive,17.89571931
17.89571931,0.0,0.0,0.0,0.0,0.0,3.0,negative,17.81797526
17.81797526,0.0,0.0,0.0,0.0,0.0,1.0,negative,17.71267147
17.71267147,0.0,6.47777134180069,0.0,0.7546968460083008,1.0,12.0,negative,17.6067912162
17.6067912162,0.0,0.0,0.0,0.0,0.0,1.0,positive,17.70838681
17.70838681,0.0,0.0,0.0,0.0,1.0,2.0,positive,17.81526794
17.81526794,0.0,0.0,0.0,0.0,0.0,0.0,positive,17.84828289
17.84828289,0.0,0.0,0.0,0.9368752241134644,1.0,1.0,negative,17.78214256
17.78214256,0.0,0.0,0.0,0.0,0.0,1.0,positive,17.82080947
17.82080947,0.0,0.0,0.0,0.0,0.0,0.0,negative,17.7949605823
17.7949605823,0.0,0.0,0.0,0.0,0.0,1.0,positive,17.85310242
17.85310242,0.0,0.0,0.0,0.0,0.0,0.0,positive,17.95577936
17.95577936,0.0,0.783768892288208,0.0,0.7940648198127747,0.0,2.0,positive,18.1020867
18.1020867,0.0,0.8664922118186951,0.0,0.0,0.0,1.0,negative,18.00025121
18.00025121,0.0,0.0,0.0,0.0,0.0,0.0,positive,18.12749695
18.12749695,0.0,0.0,0.0,0.0,0.0,1.0,positive,18.13969671
18.13969671,0.0,0.893591046333313,0.0,0.0,0.0,2.0,positive,18.1408578
18.1408578,0.0,0.0,0.0,0.0,0.0,0.0,positive,18.22082908
18.22082908,0.0,0.8369569778442383,0.0,0.0,0.0,2.0,negative,18.12705124
18.12705124,0.0,1.701806724071503,0.0,0.0,0.0,3.0,positive,18.15820859
18.15820859,0.0,0.0,0.0,0.0,0.0,0.0,negative,18.08620432
18.08620432,0.0,0.0,0.0,0.0,0.0,2.0,negative,18.05436255
18.05436255,0.0,0.0,0.0,0.0,0.0,1.0,negative,17.87708845
17.87708845,0.0,0.0,0.0,0.0,0.0,1.0,positive,17.90497291
17.90497291,0.0,1.4610997438430786,0.0,0.0,0.0,4.0,negative,17.85832042
17.85832042,0.0,0.0,0.0,2.4487804174423218,0.0,10.0,negative,17.74485926
17.74485926,0.0,0.8279917240142822,0.0,0.0,0.0,9.0,negative,17.65854729
17.65854729,0.7851986289024353,0.776869535446167,0.0,0.0,2.0,1.0,positive,17.70861426
17.70861426,0.0,0.0,0.7873979210853577,0.0,2.0,1.0,negative,17.642954070000002
17.642954070000002,0.820740818977356,0.0,0.0,0.0,5.0,0.0,positive,17.64595114
17.64595114,0.0,0.0,0.786856472492218,0.0,2.0,1.0,negative,17.55280736
17.55280736,0.7470836639404297,0.0,0.7017033696174622,0.0,5.0,1.0,negative,17.44672093
17.44672093,0.8976932168006897,1.7787867784500122,0.0,0.0,5.0,3.0,positive,17.53616257
17.53616257,0.9171156883239746,0.7979584336280823,0.0,0.0,3.0,2.0,negative,17.48395484
17.48395484,0.7070316076278687,0.0,0.0,0.0,2.0,2.0,positive,17.50125953
17.50125953,0.814152181148529,0.0,0.7668924927711487,0.0,2.0,1.0,negative,17.48470881
17.48470881,0.0,0.0,0.0,0.0,3.0,0.0,positive,17.51208821
17.51208821,0.0,0.0,0.0,0.0,0.0,0.0,positive,17.66599442
17.66599442,0.0,1.6676403284072876,0.0,0.0,0.0,2.0,negative,17.617998218
17.617998218,0.0,0.0,0.7705805897712708,0.0,1.0,0.0,negative,17.57814348
17.57814348,0.0,2.458876371383667,0.0,0.0,0.0,3.0,negative,17.50840992
17.50840992,0.0,0.0,0.0,0.0,0.0,0.0,positive,17.53349236
17.53349236,0.0,1.729141354560852,0.0,0.0,0.0,2.0,positive,17.5657902528
17.5657902528,0.0,0.7575924396514893,0.0,0.0,0.0,2.0,positive,17.73634589
17.73634589,0.0,0.0,0.0,0.0,0.0,0.0,positive,17.75771756
17.75771756,0.0,1.517734706401825,0.0,0.0,0.0,4.0,positive,17.84626491
17.84626491,0.0,0.8371416926383972,0.0,0.0,0.0,2.0,positive,17.86239421
17.86239421,0.0,0.0,0.0,0.0,0.0,0.0,negative,17.7760945
17.7760945,0.0,0.0,0.0,0.0,0.0,0.0,positive,17.94118325
17.94118325,0.0,0.8313477039337158,0.0,0.0,0.0,1.0,negative,17.8172228
17.8172228,0.0,0.7945144772529602,0.0,0.0,0.0,1.0,positive,17.832152
17.832152,0.0,0.8090366721153259,0.8221521973609924,0.0,1.0,2.0,negative,17.79789217
17.79789217,0.0,1.915984928607941,0.0,0.0,0.0,3.0,negative,17.6282459
17.6282459,0.0,1.4710912704467771,0.0,0.0,0.0,5.0,positive,17.68641601
17.68641601,0.0,0.0,0.0,0.0,0.0,0.0,positive,17.73469259
17.73469259,0.0,0.0,0.0,0.0,0.0,1.0,negative,17.58704621
17.58704621,0.0,0.0,0.0,0.0,0.0,0.0,positive,17.60649885
17.60649885,0.0,0.921670138835907,0.0,0.0,0.0,1.0,negative,17.5907348
17.5907348,0.0,0.0,0.0,0.0,0.0,0.0,positive,17.63013077
17.63013077,0.0,0.0,0.0,0.0,0.0,1.0,positive,17.71540814
17.71540814,0.8730530142784119,0.0,0.0,0.0,2.0,0.0,negative,17.67896107
17.67896107,0.0,0.0,0.0,0.9626253843307496,0.0,1.0,negative,17.65908641
17.65908641,0.0,0.0,0.0,0.0,0.0,0.0,positive,17.67495
17.67495,0.0,0.8541789650917053,0.0,0.0,1.0,2.0,positive,17.7203094674
17.7203094674,0.0,0.0,0.0,0.0,0.0,0.0,negative,17.6644329843
17.6644329843,0.0,0.0,0.0,0.0,0.0,0.0,negative,17.6167374271
17.6167374271,0.0,0.0,0.0,0.0,0.0,0.0,positive,17.6477248799
17.6477248799,0.0,0.0,0.0,0.0,1.0,0.0,negative,17.5540940407
17.5540940407,0.0,0.0,0.0,0.0,0.0,1.0,negative,17.54132188
17.54132188,0.0,0.0,0.0,0.0,0.0,0.0,positive,17.61523344
17.61523344,0.0,0.0,0.0,0.0,0.0,0.0,positive,17.6458137203
17.6458137203,0.0,0.0,0.0,0.0,0.0,0.0,positive,17.6717032011
17.6717032011,0.0,0.0,0.9612645506858826,0.0,1.0,0.0,negative,17.5707913198
17.5707913198,0.0,0.0,0.0,0.0,0.0,0.0,positive,17.6086907296
17.6086907296,0.0,0.0,0.0,0.0,0.0,0.0,positive,17.76557432
17.76557432,0.0,0.0,0.0,0.0,0.0,0.0,negative,17.70855789
17.70855789,0.0,0.8386831283569336,0.0,0.0,0.0,1.0,positive,17.71304484
17.71304484,0.0,1.5075629353523254,0.0,0.0,0.0,5.0,positive,17.74274571
17.74274571,0.0,0.7344791293144226,0.0,0.0,0.0,4.0,negative,17.70123847
17.70123847,0.7597399353981018,0.0,0.0,0.0,2.0,1.0,negative,17.6749777342
17.6749777342,0.0,0.0,0.0,0.7587618231773376,2.0,1.0,positive,17.76644813
17.76644813,0.0,0.0,0.0,0.0,1.0,1.0,negative,17.70446858
17.70446858,0.0,2.3663098216056824,0.0,0.0,0.0,3.0,positive,17.92034647
17.92034647,0.0,0.0,0.0,1.7572648525238037,0.0,2.0,positive,18.09190782
18.09190782,0.0,0.0,0.0,0.0,0.0,0.0,positive,18.18804178
18.18804178,0.0,0.0,0.0,0.0,0.0,0.0,positive,18.29725324
18.29725324,0.0,0.0,0.0,0.0,0.0,0.0,negative,18.2929334
18.2929334,0.0,2.391401529312134,0.0,0.0,0.0,7.0,negative,18.2448552016
18.2448552016,0.0,0.9219846725463868,0.8163533806800842,0.0,1.0,1.0,negative,18.23296867
18.23296867,0.0,0.0,0.0,0.0,2.0,1.0,negative,18.12466801
18.12466801,0.0,0.0,0.0,0.0,1.0,0.0,positive,18.2089159373
18.2089159373,0.0,0.0,0.0,0.0,2.0,1.0,positive,18.21070931
18.21070931,0.0,1.6020512580871582,0.0,0.0,1.0,2.0,positive,18.22765649
18.22765649,0.0,0.0,0.0,1.515969693660736,0.0,2.0,negative,18.1907081
18.1907081,0.0,0.7150606513023376,0.0,0.0,0.0,1.0,positive,18.23760988
18.23760988,0.0,0.8895447850227356,0.0,0.0,0.0,3.0,negative,18.2251759
18.2251759,0.0,0.7714030146598816,0.0,0.0,0.0,2.0,positive,18.26507171
18.26507171,0.0,0.0,0.0,0.0,2.0,0.0,positive,18.29684038
18.29684038,0.0,0.7677159309387207,0.0,0.0,0.0,1.0,negative,18.22430949
18.22430949,0.0,0.8240528702735901,0.7003914713859558,0.0,1.0,4.0,positive,18.23571329
18.23571329,0.0,0.0,0.0,0.0,1.0,0.0,positive,18.34345834
18.34345834,0.0,0.0,0.0,0.0,0.0,3.0,positive,18.42935433
18.42935433,0.0,0.7943743467330933,0.0,0.0,0.0,3.0,positive,18.45459778
18.45459778,0.0,1.7870408296585083,0.0,0.0,0.0,12.0,positive,18.56814142
18.56814142,0.0,0.7273786664009094,0.0,0.0,0.0,3.0,negative,18.52147744
18.52147744,0.0,0.0,0.0,0.901411473751068,0.0,1.0,positive,18.55041967
18.55041967,0.0,0.0,0.0,0.0,0.0,1.0,positive,18.64454744
18.64454744,0.0,0.741171658039093,0.0,0.0,0.0,1.0,positive,18.67329626
18.67329626,0.0,1.6409757137298584,0.0,0.7494928240776062,0.0,4.0,positive,18.7317567
18.7317567,0.0,0.0,0.0,0.9695484638214112,0.0,1.0,negative,18.63031305
18.63031305,0.0,0.7509176135063171,0.0,0.0,0.0,1.0,negative,18.58850764
18.58850764,0.0,0.0,0.0,0.0,0.0,0.0,negative,18.57245549
18.57245549,0.0,0.0,0.7136486768722534,0.0,1.0,3.0,negative,18.49768474
18.49768474,0.0,0.0,0.0,0.0,0.0,0.0,negative,18.43222996
18.43222996,0.0,0.0,0.0,0.0,0.0,0.0,negative,18.3300255
18.3300255,0.0,0.0,0.0,0.7077547311782837,0.0,2.0,positive,18.38602411
18.38602411,0.0,0.0,0.0,0.7280765771865845,0.0,2.0,positive,18.39347093
18.39347093,0.0,0.8282157182693481,0.0,0.0,0.0,1.0,positive,18.44559275
18.44559275,0.0,0.0,0.0,0.0,0.0,1.0,positive,18.4870578
18.4870578,0.0,0.0,0.0,0.0,0.0,0.0,negative,18.41402045
18.41402045,0.0,0.724652886390686,0.0,0.0,0.0,1.0,negative,18.35820175
18.35820175,0.0,0.0,0.0,0.0,0.0,2.0,positive,18.47903195
18.47903195,0.0,0.0,0.0,0.0,1.0,0.0,positive,18.67938232
18.67938232,0.0,2.4554277658462524,0.0,0.0,0.0,8.0,positive,18.99278195
18.99278195,0.0,0.8279917240142822,0.0,0.0,1.0,1.0,positive,19.04228421
19.04228421,0.0,0.8227831721305847,0.7106307744979858,0.0,1.0,3.0,positive,19.15085562
19.15085562,0.0,1.6970620155334473,0.0,0.0,0.0,7.0,positive,19.3730127
19.3730127,0.0,0.0,0.0,0.0,1.0,3.0,positive,19.40677962
19.40677962,0.0,0.0,0.0,0.0,0.0,0.0,negative,19.25057353
19.25057353,0.0,0.0,0.0,0.0,0.0,2.0,positive,19.36158311
19.36158311,0.0,0.7327319383621216,0.0,0.0,0.0,2.0,negative,19.22844672
19.22844672,0.0,0.0,0.0,0.0,0.0,0.0,negative,19.15290045
19.15290045,0.0,0.0,0.0,0.758470356464386,0.0,1.0,positive,19.28982916
19.28982916,0.0,0.0,0.0,0.0,0.0,1.0,positive,19.3013726
19.3013726,0.0,0.0,0.0,0.0,0.0,0.0,positive,19.50373681
19.50373681,0.0,0.8006154298782349,0.0,0.0,0.0,1.0,positive,19.74057654
19.74057654,0.0,0.0,0.9330778121948242,0.0,3.0,0.0,negative,19.6279735
19.6279735,0.0,0.0,0.0,0.0,0.0,0.0,positive,19.72201506
19.72201506,0.0,0.843218207359314,0.0,0.0,0.0,4.0,positive,19.75970137
19.75970137,0.0,0.0,0.0,0.0,1.0,0.0,positive,19.87808579
19.87808579,0.0,0.0,0.0,0.0,0.0,0.0,negative,19.86818004
19.86818004,0.0,0.0,0.0,0.0,0.0,0.0,negative,19.64715428
19.64715428,0.0,2.348351001739502,0.0,0.0,0.0,3.0,positive,19.75100261
19.75100261,0.0,0.0,0.0,0.0,0.0,0.0,negative,19.64587849
19.64587849,0.0,1.6349263787269592,0.0,0.9818698763847352,2.0,3.0,positive,19.67626316
19.67626316,0.0,0.0,0.0,0.0,0.0,0.0,negative,19.58982951
19.58982951,0.0,0.0,0.0,0.0,0.0,0.0,negative,19.56228853
19.56228853,0.0,1.497628033161163,0.0,0.0,0.0,2.0,positive,19.67183522
19.67183522,0.0,0.8923118114471436,0.0,0.0,0.0,1.0,negative,19.60431097
19.60431097,0.0,0.0,0.0,0.0,0.0,0.0,negative,19.6012471798
19.6012471798,0.0,0.8193963170051575,0.0,0.0,0.0,1.0,positive,19.72308148
19.72308148,0.0,0.0,0.0,0.0,0.0,0.0,positive,19.85963615
19.85963615,0.0,1.6145911812782288,0.0,0.0,0.0,6.0,negative,19.7716772
19.7716772,0.0,0.0,0.0,0.0,0.0,0.0,negative,19.76459553
19.76459553,0.0,0.7726191282272339,0.0,0.8004859685897827,0.0,2.0,positive,19.94200123
19.94200123,0.0,0.8247498273849487,0.0,0.0,0.0,1.0,negative,19.77642246
19.77642246,0.0,0.8286649584770203,0.0,0.0,0.0,3.0,negative,19.65362686
19.65362686,0.0,0.0,0.807424783706665,0.0,2.0,0.0,negative,19.61895246
19.61895246,0.0,0.0,0.0,0.0,0.0,0.0,positive,19.6808423
19.6808423,0.0,0.0,0.0,0.0,0.0,1.0,positive,19.72955542
19.72955542,0.0,0.0,0.0,0.0,0.0,0.0,negative,19.65526086
19.65526086,0.0,0.8421969413757324,0.0,0.0,2.0,2.0,negative,19.61295444
19.61295444,0.0,0.0,0.0,0.0,1.0,1.0,positive,19.66967864
19.66967864,0.0,0.0,0.0,0.0,0.0,1.0,positive,19.85518637
19.85518637,0.0,1.6775497794151306,0.0,0.0,0.0,2.0,positive,20.05942438
20.05942438,0.0,0.0,0.0,0.0,0.0,0.0,positive,20.14372939
20.14372939,0.0,0.7822472453117371,0.0,0.0,1.0,2.0,negative,19.50875798
19.50875798,0.0,0.0,0.7197807431221008,0.0,1.0,1.0,positive,19.69317032
19.69317032,0.0,0.0,0.0,0.0,0.0,0.0,negative,19.6152907593
19.6152907593,0.0,1.6707520484924316,0.0,0.0,1.0,3.0,negative,19.46542197
19.46542197,0.0,0.0,0.0,0.0,1.0,0.0,positive,19.63120236
19.63120236,0.8531513214111328,0.0,0.0,0.0,2.0,0.0,negative,19.45658265
19.45658265,0.0,0.0,0.0,0.0,0.0,0.0,positive,19.49582671
19.49582671,0.0,0.9077377319335938,0.0,0.0,0.0,1.0,negative,19.46309738
19.46309738,0.0,0.0,0.0,0.0,0.0,0.0,negative,19.45914693
19.45914693,0.0,0.0,0.7485387325286865,0.0,1.0,1.0,negative,19.43540642
19.43540642,0.0,0.7444391250610352,0.0,0.0,0.0,2.0,positive,19.45300858
19.45300858,0.0,0.0,0.0,0.0,0.0,0.0,positive,19.51105357
19.51105357,0.0,0.0,0.0,0.0,0.0,0.0,negative,19.49439625
19.49439625,0.0,0.0,0.0,0.0,0.0,0.0,positive,19.52102455
19.52102455,0.0,0.0,0.0,0.0,0.0,0.0,negative,19.40542723
19.40542723,0.0,0.0,0.0,0.0,0.0,0.0,positive,19.4294494
19.4294494,0.7202393412590027,0.0,0.0,0.0,1.0,0.0,negative,19.33985503
19.33985503,0.0,0.0,0.0,0.0,0.0,1.0,negative,19.19737588
19.19737588,0.0,0.8845683932304382,0.0,0.0,0.0,1.0,positive,19.1991414
19.1991414,0.0,1.5298950672149658,0.0,0.0,0.0,2.0,negative,19.17256263
19.17256263,0.0,0.0,0.0,0.0,0.0,2.0,positive,19.28215951
19.28215951,0.0,0.0,0.0,0.0,0.0,0.0,negative,19.22932689
19.22932689,0.0,0.0,0.0,0.0,0.0,0.0,positive,19.23839264
19.23839264,0.0,0.7347548604011536,0.0,0.0,2.0,1.0,positive,19.37776315
19.37776315,0.0,0.0,0.0,0.0,1.0,0.0,positive,19.42988092
19.42988092,0.0,0.0,0.0,0.0,0.0,0.0,negative,19.32082131
19.32082131,0.0,0.0,0.0,0.0,0.0,1.0,positive,19.33282115
19.33282115,0.0,0.0,0.0,0.0,0.0,1.0,negative,19.10843539
19.10843539,0.0,0.0,0.0,0.0,1.0,0.0,negative,18.60283829
18.60283829,0.0,0.7677063941955566,0.0,0.0,0.0,3.0,positive,18.76153756
18.76153756,0.0,0.0,0.0,0.0,0.0,0.0,negative,18.64974249
18.64974249,0.0,0.7104842066764832,0.0,0.0,0.0,3.0,positive,19.40950287
19.40950287,0.0,0.7734163999557495,0.0,0.0,0.0,1.0,positive,19.45257612
19.45257612,0.7138005495071411,0.0,0.0,0.0,1.0,0.0,positive,19.5428823709
19.5428823709,0.0,0.845267117023468,0.0,0.8290718793869019,0.0,3.0,positive,19.74418749
19.74418749,0.0,0.8178540468215942,0.0,0.0,0.0,2.0,negative,19.59865762
19.59865762,0.0,1.5523520708084106,0.0,0.0,0.0,2.0,positive,20.1393883
20.1393883,0.0,0.0,0.0,0.0,0.0,0.0,negative,19.62032781
19.62032781,0.0,0.0,0.0,0.0,0.0,0.0,positive,20.2540866705
20.2540866705,0.0,0.0,0.0,0.0,0.0,0.0,positive,20.45691081
20.45691081,0.0,0.0,0.0,0.0,0.0,0.0,negative,20.26728788
20.26728788,0.0,0.0,0.0,0.0,0.0,0.0,negative,20.08600353
20.08600353,0.0,0.0,0.0,0.0,0.0,1.0,positive,20.10955685
20.10955685,0.0,0.0,0.0,0.0,0.0,0.0,negative,20.03605552
20.03605552,0.0,1.451058864593506,0.0,0.0,0.0,2.0,positive,20.09520828
20.09520828,0.0,0.0,0.0,0.0,0.0,0.0,positive,20.10694767
20.10694767,0.0,0.0,0.0,0.0,0.0,0.0,negative,19.70608003
19.70608003,0.0,0.0,0.0,0.0,0.0,1.0,negative,19.68580699
19.68580699,0.0,0.0,0.0,0.0,0.0,0.0,positive,19.9494709
19.9494709,0.0,0.0,0.0,0.0,0.0,0.0,negative,19.90697411
19.90697411,0.0,0.7431665062904358,0.0,0.0,0.0,1.0,negative,19.82310125
19.82310125,0.0,0.0,0.0,0.0,0.0,0.0,positive,19.83799224
19.83799224,0.0,0.0,0.0,0.0,0.0,0.0,positive,20.00695921
20.00695921,0.0,0.7197953462600708,0.0,0.0,0.0,1.0,positive,20.37021007
20.37021007,0.0,0.0,0.0,0.0,0.0,5.0,negative,20.10749242
20.10749242,0.0,0.9131518006324768,0.0,0.0,0.0,1.0,positive,20.16685465
20.16685465,0.0,0.0,0.0,0.0,1.0,3.0,positive,20.43930675
20.43930675,0.0,0.0,0.0,0.0,0.0,1.0,negative,20.36505292
20.36505292,0.0,0.8556951284408569,0.0,0.0,0.0,5.0,positive,20.42002312
20.42002312,0.0,0.0,0.0,0.0,0.0,1.0,negative,20.37887154
20.37887154,0.0,0.0,0.0,0.0,0.0,3.0,negative,20.23399874
20.23399874,0.0,0.0,0.0,0.0,0.0,2.0,negative,20.17354734
20.17354734,0.0,0.0,0.0,0.0,1.0,0.0,negative,20.15668637
20.15668637,0.0,0.0,0.0,0.0,0.0,0.0,negative,20.14425467
20.14425467,0.0,0.0,0.0,0.0,0.0,0.0,positive,20.18841861
20.18841861,0.0,0.7419589757919312,0.0,0.0,0.0,2.0,negative,20.15878758
20.15878758,0.0,0.0,0.0,0.0,0.0,0.0,negative,20.05057823
20.05057823,0.0,0.0,0.0,0.0,1.0,1.0,positive,20.06389064
20.06389064,0.0,0.0,0.0,0.0,1.0,2.0,positive,20.13201635
20.13201635,0.0,0.8862041234970093,0.0,0.0,0.0,1.0,negative,20.11489362
20.11489362,0.0,1.6335557103157043,0.0,0.0,0.0,2.0,negative,20.05628211
20.05628211,0.0,0.0,0.0,0.0,0.0,0.0,negative,20.04165374
20.04165374,0.0,1.6391367316246033,0.0,0.0,0.0,3.0,positive,20.09883819
20.09883819,0.0,0.0,0.0,0.0,0.0,0.0,positive,20.15088827
20.15088827,0.0,0.0,0.0,0.0,0.0,0.0,negative,20.0820699
20.0820699,0.0,0.0,0.0,0.0,0.0,0.0,negative,20.04152831
20.04152831,0.0,0.8418071866035461,0.0,0.0,0.0,2.0,negative,20.02494301
20.02494301,0.0,0.8186832070350647,0.0,0.0,0.0,1.0,negative,19.99187372
19.99187372,0.0,1.6090024709701538,0.0,0.0,0.0,2.0,positive,20.04076475
20.04076475,0.0,0.0,0.0,0.0,0.0,0.0,negative,19.94746939
19.94746939,0.0,0.0,0.0,0.0,0.0,0.0,positive,20.00878838
20.00878838,0.0,0.0,0.0,0.0,0.0,0.0,positive,20.03573588
20.03573588,0.0,3.174046814441681,0.0,0.922993779182434,1.0,5.0,positive,20.05236149
20.05236149,0.0,0.777876079082489,0.0,0.0,0.0,1.0,positive,20.07311161
20.07311161,0.0,0.0,0.0,0.0,0.0,1.0,negative,19.98454179
19.98454179,0.0,0.0,0.8290656208992004,0.0,1.0,0.0,negative,19.89558913
19.89558913,0.0,0.0,0.0,0.0,0.0,0.0,positive,19.95862334
19.95862334,0.0,0.0,0.0,0.0,1.0,0.0,negative,19.8382376
19.8382376,0.0,0.7920162081718445,0.0,0.0,0.0,1.0,negative,19.81597588
19.81597588,0.0,0.7710819840431213,0.7403973937034607,0.0,1.0,1.0,negative,19.81301372
19.81301372,0.0,0.926568329334259,0.0,0.0,0.0,2.0,positive,19.87121823
19.87121823,0.0,0.0,0.0,0.0,0.0,0.0,positive,19.88820844
19.88820844,0.0,0.0,0.0,0.0,0.0,0.0,positive,19.89529786
19.89529786,0.0,0.0,0.0,0.0,0.0,1.0,negative,19.7806396236
19.7806396236,0.0,0.7580296397209167,0.0,0.0,0.0,1.0,positive,19.86203516
19.86203516,0.0,0.0,0.0,0.0,1.0,1.0,negative,19.82184836
19.82184836,0.0,0.7296931147575378,0.0,0.8160179257392883,0.0,2.0,negative,19.7149974
19.7149974,0.0,1.5503585934638977,0.0,0.0,0.0,3.0,positive,19.72839875
19.72839875,0.0,4.479764938354492,0.0,0.0,0.0,7.0,negative,19.7039491252
19.7039491252,0.0,1.667166888713837,0.0,0.0,0.0,4.0,positive,19.77915579
19.77915579,0.0,0.0,0.0,0.0,0.0,0.0,negative,19.70224157
19.70224157,0.0,1.6802361607551577,0.0,0.0,0.0,4.0,positive,19.7268885
19.7268885,0.0,0.0,0.0,0.0,0.0,0.0,negative,19.67818222
19.67818222,0.0,0.0,0.0,0.0,0.0,1.0,negative,19.67344087
19.67344087,0.0,2.396206498146057,0.0,0.0,0.0,8.0,positive,19.8691803176
19.8691803176,0.0,0.0,0.0,0.0,0.0,0.0,positive,19.94638479
19.94638479,0.0,0.0,0.0,0.0,0.0,0.0,positive,20.02563205
20.02563205,0.0,0.0,0.0,0.972561776638031,0.0,3.0,negative,19.9546190317
19.9546190317,0.0,0.0,0.0,0.0,0.0,0.0,positive,20.04572009
20.04572009,0.0,0.0,0.0,0.0,0.0,0.0,negative,20.01273589
20.01273589,0.0,0.0,0.0,0.0,0.0,0.0,positive,20.14057121
20.14057121,0.0,0.0,0.0,0.0,0.0,0.0,positive,20.15682699
20.15682699,0.0,0.0,0.0,0.0,0.0,0.0,negative,20.07175168
20.07175168,0.0,0.8082964420318604,0.0,0.0,0.0,1.0,negative,19.99475006
19.99475006,0.0,0.0,0.0,0.0,0.0,0.0,positive,20.08208523
20.08208523,0.0,0.0,0.0,0.0,0.0,0.0,positive,20.5465204101
20.5465204101,0.0,0.0,0.0,0.0,1.0,0.0,positive,20.61672881
20.61672881,0.0,0.0,0.7701947093009949,0.0,1.0,1.0,negative,20.60757899
20.60757899,0.0,0.0,0.0,0.0,1.0,1.0,negative,20.60224779
20.60224779,0.0,0.0,0.0,0.0,0.0,1.0,positive,20.63433005
20.63433005,0.0,0.0,0.0,0.0,0.0,1.0,negative,20.62459947
20.62459947,0.0,0.0,0.0,0.0,1.0,0.0,negative,20.583939324
20.583939324,0.0,1.5609794855117798,0.0,0.0,2.0,2.0,positive,20.75453717
20.75453717,0.0,0.7370479702949524,0.0,0.0,3.0,2.0,negative,20.64124656
20.64124656,0.0,0.0,0.0,0.0,0.0,2.0,positive,20.65124155
20.65124155,0.0,0.7708302140235901,0.0,0.0,0.0,1.0,negative,20.40487071
20.40487071,0.0,4.192380845546722,0.0,0.0,0.0,7.0,positive,20.50698796
20.50698796,0.0,30.940816462039948,0.0,0.0,0.0,66.0,positive,20.55988491
20.55988491,0.0,27.600841104984283,0.0,0.0,0.0,83.0,negative,20.42147419
20.42147419,0.0,13.680813491344452,0.0,0.0,0.0,59.0,positive,20.47412034
20.47412034,0.0,18.72377908229828,0.0,0.0,0.0,42.0,negative,20.43753404
20.43753404,0.0,9.812161207199097,0.0,0.0,0.0,30.0,positive,20.55985149
20.55985149,0.0,4.874154686927795,0.0,0.0,0.0,15.0,negative,20.5212419
20.5212419,0.0,3.4461586475372314,0.0,0.0,0.0,12.0,positive,20.6681464
20.6681464,0.0,6.719679594039917,0.0,0.0,0.0,29.0,negative,20.62953302
20.62953302,0.0,11.35709834098816,0.0,0.0,0.0,27.0,positive,20.6962833379
20.6962833379,0.0,6.499816596508026,0.0,0.0,0.0,25.0,positive,20.75765667
20.75765667,0.0,7.386054754257202,0.0,0.0,0.0,18.0,negative,20.7218903
20.7218903,0.0,8.64862471818924,0.0,0.0,0.0,20.0,positive,20.82411594
20.82411594,0.0,17.424495041370392,0.0,0.0,1.0,37.0,positive,20.94411431
20.94411431,0.0,9.546324133872986,0.0,0.0,0.0,20.0,positive,21.09892103
21.09892103,0.0,8.304609715938568,0.0,0.0,0.0,23.0,negative,21.02401645
21.02401645,0.0,10.228509485721588,0.0,0.0,0.0,22.0,positive,21.05587422
21.05587422,0.0,8.692659616470337,0.0,0.0,0.0,17.0,positive,21.0785331679
21.0785331679,0.0,5.101731061935425,0.0,0.0,0.0,10.0,negative,20.98893613
20.98893613,0.0,3.166793644428253,0.0,0.0,0.0,11.0,negative,20.9384494
20.9384494,0.0,9.552915692329409,0.0,0.0,0.0,19.0,negative,20.88304069
20.88304069,0.0,4.00998055934906,0.0,0.7647930383682251,0.0,13.0,negative,20.65798655
20.65798655,0.0,3.1123207211494446,0.0,0.0,0.0,15.0,positive,20.81790655
20.81790655,0.0,4.811467707157135,0.0,0.0,1.0,11.0,positive,20.8586939
20.8586939,0.0,5.191934585571289,0.9395518898963928,0.0,1.0,16.0,positive,20.96370786
20.96370786,0.0,5.4762585163116455,0.0,0.0,1.0,13.0,positive,21.02658957
21.02658957,0.0,7.382572114467621,0.0,0.0,0.0,19.0,negative,20.98091735
20.98091735,0.0,3.461488783359528,0.0,0.0,0.0,8.0,positive,21.19309929
21.19309929,0.0,3.1943875551223755,0.0,0.961810827255249,0.0,11.0,positive,21.56604734
21.56604734,0.0,1.70696359872818,0.0,0.0,1.0,2.0,negative,21.43271868
21.43271868,0.0,1.4815881252288818,0.0,0.0,1.0,4.0,positive,21.48354581
21.48354581,0.0,3.488102972507477,0.0,0.0,1.0,6.0,positive,21.53043084
21.53043084,0.0,0.89253830909729,0.0,0.0,0.0,2.0,negative,21.48848795
21.48848795,0.0,0.0,0.0,0.0,0.0,3.0,positive,21.87191016
21.87191016,0.0,2.485102117061615,0.0,0.0,0.0,4.0,negative,21.79384757
21.79384757,0.0,2.600355803966522,0.0,0.0,3.0,6.0,positive,21.95719011
21.95719011,0.0,4.022488296031952,0.0,0.0,0.0,9.0,negative,20.26919012
20.26919012,0.0,4.268205404281616,0.0,0.0,0.0,12.0,positive,20.7355818759
20.7355818759,0.0,3.8996715545654297,0.0,0.0,0.0,7.0,negative,20.55191755
20.55191755,0.0,4.576858699321747,0.0,0.0,0.0,9.0,positive,20.9070458
20.9070458,0.0,0.0,0.0,0.0,0.0,2.0,negative,20.85247973
20.85247973,0.0,1.62649405002594,0.0,0.0,0.0,5.0,negative,20.80283062
20.80283062,0.0,3.4695416688919067,0.0,0.0,0.0,5.0,negative,20.6081016
20.6081016,0.9251912236213684,0.8470799326896667,0.0,0.0,1.0,5.0,negative,20.15192031
20.15192031,0.0,1.6758860349655151,0.0,0.0,0.0,5.0,negative,20.14676729
20.14676729,0.0,1.5955504775047302,0.0,0.0,0.0,5.0,positive,20.3420425541
20.3420425541,0.0,1.6699985265731812,0.0,0.0,1.0,5.0,positive,20.42922037
20.42922037,0.0,2.393478751182556,0.0,0.0,0.0,5.0,negative,20.38715197
20.38715197,0.0,0.7838883996009827,0.0,0.0,0.0,3.0,positive,20.62387128
20.62387128,0.0,0.8016933798789978,0.8186990022659302,0.0,1.0,3.0,positive,20.86066565
20.86066565,0.0,0.0,0.0,0.0,0.0,3.0,positive,20.88270987
20.88270987,0.0,2.44560843706131,0.0,0.0,0.0,8.0,negative,20.75659353
20.75659353,0.0,0.0,0.0,0.0,0.0,3.0,negative,20.72962132
20.72962132,0.0,0.0,0.0,0.0,0.0,1.0,positive,20.83401439
20.83401439,0.0,2.579015374183655,0.0,0.0,0.0,3.0,negative,20.74868727
20.74868727,0.0,0.7024424076080322,0.0,0.0,0.0,1.0,positive,20.94488704
20.94488704,0.0,0.8651612401008606,0.0,0.8226277232170105,0.0,2.0,positive,21.03989968
21.03989968,0.0,1.745234131813049,0.0,0.0,0.0,2.0,positive,21.1302127595
21.1302127595,0.0,0.7298383116722107,0.0,0.0,0.0,2.0,negative,21.07127428
21.07127428,0.0,0.0,0.0,0.0,2.0,0.0,negative,20.95639324
20.95639324,0.0,0.8985761404037476,0.0,0.0,0.0,3.0,positive,21.07204584
21.07204584,0.0,0.7882590889930725,0.0,0.0,0.0,2.0,positive,21.13464476
21.13464476,0.0,1.617666482925415,0.0,0.0,0.0,5.0,positive,21.2762632
21.2762632,0.0,0.7011622190475464,0.0,0.0,0.0,1.0,positive,21.59096838
21.59096838,0.0,0.0,0.0,0.0,0.0,3.0,positive,21.7963060458
21.7963060458,0.0,0.7938275337219238,0.0,0.0,0.0,4.0,negative,21.66415588
21.66415588,0.0,0.757497251033783,0.0,0.0,0.0,1.0,positive,21.93488801
21.93488801,0.0,1.6088154911994934,0.0,0.0,0.0,4.0,positive,22.36584071
22.36584071,0.0,0.8337348103523254,0.0,0.0,0.0,4.0,negative,22.26951414
22.26951414,0.0,2.44674015045166,0.0,0.0,0.0,4.0,negative,22.24131115
22.24131115,0.0,2.378103077411652,0.0,0.0,2.0,7.0,negative,22.13672541
22.13672541,0.8274080753326416,1.6254491806030271,0.0,0.0,1.0,6.0,negative,22.1239411
22.1239411,0.0,0.7949055433273315,0.0,0.0,0.0,2.0,positive,22.2172341
22.2172341,0.0,3.159967005252838,0.0,0.0,5.0,12.0,positive,22.32741201
22.32741201,0.0,0.761274516582489,0.0,0.0,0.0,3.0,positive,22.33128776
22.33128776,0.8614721298217773,0.7797773480415344,0.8336135149002075,0.0,3.0,5.0,negative,22.21738107
22.21738107,0.0,1.4503600001335144,0.0,0.0,0.0,3.0,negative,22.10886897
22.10886897,0.0,0.8470799326896667,0.0,0.0,0.0,2.0,negative,21.89000723
21.89000723,0.0,0.0,0.0,0.0,0.0,2.0,negative,21.7732628
21.7732628,0.0,1.6391778588294983,0.0,0.0,0.0,2.0,positive,22.05501059
22.05501059,0.0,1.7420929670333862,0.0,0.0,1.0,2.0,positive,22.38288416
22.38288416,0.0,0.0,0.0,0.0,0.0,1.0,negative,22.17553465
22.17553465,0.0,0.8426943421363831,0.0,0.0,0.0,1.0,negative,22.00455305
22.00455305,0.8791195154190063,0.9310979843139648,0.0,0.0,1.0,2.0,negative,21.95672413
21.95672413,0.0,0.0,0.0,0.0,0.0,0.0,positive,22.09354667
22.09354667,0.0,0.7123561501502991,0.0,0.0,0.0,1.0,positive,22.09372616
22.09372616,0.0,4.511211454868317,0.0,0.0,0.0,6.0,positive,22.0992604
22.0992604,0.0,1.623071014881134,0.0,0.0,0.0,2.0,positive,22.29397808
22.29397808,0.0,1.6608099937438965,0.0,0.7229313254356384,0.0,3.0,negative,22.14122875
22.14122875,0.0,0.9093323945999146,0.0,0.0,1.0,4.0,negative,22.09787577
22.09787577,0.0,0.0,0.0,0.0,0.0,0.0,negative,21.98085813
21.98085813,0.0,0.8283466696739197,0.0,0.716598629951477,0.0,2.0,negative,21.62369131
21.62369131,0.0,2.3782527446746826,0.0,0.0,0.0,5.0,positive,21.89815761
21.89815761,0.0,0.0,0.0,0.0,0.0,0.0,negative,21.88088174
21.88088174,0.0,0.8100436329841614,0.0,0.0,0.0,2.0,positive,21.93577379
21.93577379,0.0,0.8058232069015503,0.0,0.0,0.0,3.0,positive,21.96974885
21.96974885,0.0,2.959432899951935,0.0,0.0,0.0,4.0,negative,21.78763513
21.78763513,0.0,0.0,0.0,0.0,0.0,3.0,positive,21.9715956
21.9715956,0.0,0.7362474799156189,0.0,0.0,0.0,4.0,negative,21.8350539284
21.8350539284,0.0,0.0,0.0,0.0,0.0,2.0,positive,21.94720353
21.94720353,0.0,0.0,0.0,0.846388578414917,0.0,4.0,positive,22.11736818
22.11736818,0.0,0.8617573976516724,0.0,0.0,0.0,2.0,positive,22.33469394
22.33469394,0.0,0.0,0.0,0.0,0.0,1.0,positive,22.37659157
22.37659157,0.0,0.0,0.0,0.0,0.0,1.0,negative,22.28258638
22.28258638,0.0,0.9471936225891112,0.0,0.0,1.0,1.0,negative,22.19425186
22.19425186,0.0,0.0,0.0,0.0,0.0,0.0,negative,22.18367517
22.18367517,0.0,0.0,0.0,0.0,0.0,2.0,positive,22.75366549
22.75366549,0.0,0.7951117157936096,0.0,0.0,0.0,3.0,positive,22.86047444
22.86047444,0.0,0.0,0.0,0.0,0.0,1.0,positive,23.17713776
23.17713776,0.0,1.7878656387329102,0.0,2.4591702818870544,0.0,7.0,negative,23.17526553
23.17526553,0.0,1.70662921667099,0.0,0.9071120619773864,0.0,5.0,negative,23.17310545
23.17310545,0.0,1.5351917147636414,0.0,0.8340723514556885,0.0,6.0,negative,23.0314704
23.0314704,0.0,3.015433549880981,0.0,0.0,1.0,5.0,positive,23.28554648
23.28554648,0.0,4.105047523975372,0.0,0.0,0.0,7.0,positive,23.55714068
23.55714068,0.0,4.33135849237442,0.0,0.0,0.0,7.0,negative,23.18104119
23.18104119,0.0,7.691454708576202,0.0,0.0,0.0,14.0,positive,23.47345569
23.47345569,0.0,6.824589729309082,0.0,0.0,0.0,10.0,negative,23.2610757
23.2610757,0.0,9.681175231933594,0.0,0.7637571692466736,0.0,13.0,positive,23.26545149
23.26545149,0.0,5.908367812633514,0.0,0.7652797698974609,0.0,9.0,negative,23.23241745
23.23241745,0.0,7.838816702365875,0.0,0.703515887260437,0.0,12.0,negative,23.1754833
23.1754833,0.0,4.4200080037117,0.0,0.0,0.0,8.0,positive,23.415725247
23.415725247,0.0,3.5997562408447266,0.0,0.0,0.0,4.0,negative,23.38753574
23.38753574,0.0,2.6092689037323,0.0,0.0,0.0,6.0,negative,23.21425435
23.21425435,0.0,0.7304309010505676,0.0,1.429133653640747,0.0,5.0,positive,23.29495737
23.29495737,0.7915117144584656,1.718688189983368,0.0,0.0,1.0,3.0,positive,23.3333081
23.3333081,0.0,2.7034247517585754,0.0,0.0,0.0,3.0,negative,23.2420819
23.2420819,0.0,1.7149574756622314,0.0,0.0,0.0,3.0,negative,23.19603705
23.19603705,0.0,5.145598351955414,0.0,0.0,0.0,6.0,positive,23.33621662
23.33621662,0.0,4.955641329288483,0.0,0.0,0.0,7.0,negative,23.24282897
23.24282897,0.0,2.49259614944458,0.0,0.0,0.0,7.0,negative,23.05756536
23.05756536,0.0,1.6407635807991028,0.0,0.0,0.0,4.0,negative,23.05210859
23.05210859,0.0,7.927008926868439,0.0,0.0,0.0,14.0,negative,22.99312162
22.99312162,0.0,0.7471492290496826,0.0,0.0,0.0,12.0,negative,22.91732372
22.91732372,0.0,5.889884650707245,0.0,0.0,0.0,12.0,negative,22.86894166
22.86894166,0.7027187943458557,4.15752100944519,0.0,0.0,1.0,12.0,positive,22.96653178
22.96653178,0.0,5.147834300994873,0.0,0.0,0.0,13.0,positive,22.99926506
22.99926506,0.0,6.641946196556091,0.0,0.0,0.0,11.0,positive,23.1819233772
23.1819233772,0.0,0.0,0.0,0.0,0.0,6.0,negative,23.1096394559
23.1096394559,0.0,2.524082124233246,0.0,0.0,0.0,4.0,negative,22.97367954
22.97367954,0.0,1.805653274059296,0.0,0.0,0.0,5.0,positive,23.08498159
23.08498159,0.0,4.973967015743256,0.0,0.0,0.0,7.0,positive,23.170845
23.170845,0.0,3.472285032272339,0.0,0.0,0.0,8.0,negative,23.15897304
23.15897304,0.0,0.9319085478782654,0.0,0.0,0.0,3.0,negative,22.99782416
22.99782416,0.0,2.658551871776581,0.0,0.0,1.0,9.0,positive,23.0875035766
23.0875035766,0.0,3.3931522965431213,0.0,0.0,0.0,5.0,negative,23.05209435
23.05209435,0.0,4.421773612499237,0.0,0.0,0.0,5.0,negative,23.01397654
23.01397654,0.0,0.7534428238868713,0.0,0.0,0.0,6.0,negative,22.88935316
22.88935316,0.0,1.8590605854988096,0.7946507930755615,0.0,1.0,3.0,positive,22.9460962
22.9460962,0.0,0.0,0.0,0.0,0.0,1.0,negative,22.89411765
22.89411765,0.0,1.63902348279953,0.0,0.0,0.0,4.0,negative,22.79233773
22.79233773,0.0,2.285987436771393,0.0,0.0,0.0,5.0,negative,22.67584879
22.67584879,0.0,1.7495009303092957,0.0,0.0,2.0,3.0,positive,22.7213915589
22.7213915589,0.0,0.0,0.0,0.0,0.0,4.0,positive,22.75864215
22.75864215,0.0,0.924571931362152,0.0,0.0,0.0,2.0,negative,22.74794751
22.74794751,0.0,6.207895874977112,0.0,0.0,0.0,7.0,positive,22.79018682
22.79018682,0.0,9.26257610321045,0.0,0.0,0.0,12.0,positive,22.83310259
22.83310259,0.0,0.0,0.0,0.0,0.0,0.0,negative,22.7045982826
22.7045982826,0.0,0.0,0.0,0.0,1.0,2.0,negative,22.64762546
22.64762546,0.0,0.8589019179344177,0.0,0.0,0.0,2.0,positive,22.64858067
22.64858067,0.0,3.4802003502845764,0.0,0.0,0.0,6.0,positive,22.6768460103
22.6768460103,0.0,4.384126782417297,0.0,0.0,0.0,5.0,positive,22.89900742
22.89900742,0.0,2.611310839653015,0.0,0.0,0.0,4.0,negative,22.8090697571
22.8090697571,0.0,5.13028359413147,0.8212248086929321,0.0,1.0,7.0,negative,22.7605802742
22.7605802742,0.0,1.8284247517585757,0.0,0.0,0.0,2.0,negative,22.75639745
22.75639745,0.0,1.7365210056304932,0.0,0.0,0.0,3.0,positive,22.7904304
22.7904304,0.0,1.7386003136634829,0.0,0.0,0.0,4.0,negative,22.74558948
22.74558948,0.0,0.7361353039741516,0.0,0.0,0.0,3.0,negative,22.6013866051
22.6013866051,0.0,4.49832546710968,0.0,0.0,0.0,5.0,positive,22.65329989
22.65329989,0.0,4.118383884429932,0.0,0.0,0.0,6.0,negative,22.52110989
22.52110989,0.0,0.8721516728401184,0.0,0.0,1.0,2.0,negative,22.03870697
22.03870697,0.0,0.0,0.0,0.0,0.0,1.0,negative,21.95178442
21.95178442,0.0,0.8072632551193237,0.0,0.0,0.0,2.0,negative,21.93617769
21.93617769,0.0,0.0,0.0,0.0,0.0,0.0,positive,22.17338859
22.17338859,0.0,0.0,0.0,0.0,0.0,1.0,positive,22.25175162
22.25175162,0.0,0.0,0.0,0.0,0.0,0.0,positive,22.33568066
22.33568066,0.0,0.0,0.0,0.0,0.0,0.0,negative,22.31154553
22.31154553,0.0,0.0,0.0,0.0,0.0,0.0,negative,22.11537091
22.11537091,0.0,1.6854154467582705,0.0,0.0,0.0,2.0,positive,22.13699716
22.13699716,0.0,1.624871790409088,0.0,0.0,0.0,2.0,negative,22.13291028
22.13291028,0.0,0.0,0.0,0.7440301179885864,0.0,1.0,negative,22.00774603
22.00774603,0.0,2.632664263248444,0.0,0.0,0.0,4.0,negative,21.96592333
21.96592333,0.0,0.0,0.0,0.0,0.0,0.0,positive,22.14590144
22.14590144,0.0,0.0,0.0,0.0,0.0,1.0,positive,22.19763311
22.19763311,0.0,0.0,0.0,0.0,0.0,0.0,negative,22.1364268316
22.1364268316,0.0,0.0,0.0,0.0,0.0,1.0,negative,22.05862381
22.05862381,0.0,1.6049832105636597,0.0,0.0,0.0,3.0,positive,22.2905310641
22.2905310641,0.0,0.0,0.0,0.0,0.0,1.0,positive,22.35620249
22.35620249,0.0,0.8767904043197632,0.0,0.0,0.0,1.0,positive,22.5332582681
22.5332582681,0.0,0.7014343738555908,0.0,0.0,0.0,3.0,positive,22.69028481
22.69028481,0.0,0.8264926671981812,0.0,0.0,0.0,2.0,negative,22.55737691
22.55737691,0.0,0.8142907023429871,0.0,0.0,1.0,1.0,positive,22.65520743
22.65520743,0.0,0.8067639470100403,0.0,0.0,0.0,7.0,positive,22.67196802
22.67196802,0.0,1.8586632013320925,0.0,0.0,0.0,9.0,negative,22.54683355
22.54683355,0.0,2.4387943744659424,0.0,0.0,0.0,6.0,positive,22.60480301
22.60480301,0.0,0.0,0.0,0.0,0.0,1.0,positive,22.60734599
22.60734599,0.0,1.7069145441055298,0.0,0.0,0.0,2.0,negative,22.60715098
22.60715098,0.0,2.667425751686096,0.0,0.0,0.0,3.0,negative,22.53211512
22.53211512,0.0,0.0,0.0,0.0,0.0,0.0,positive,22.67875691
22.67875691,0.0,2.5894904732704163,0.0,0.0,0.0,5.0,positive,22.9307866969
22.9307866969,0.8067465424537659,1.5278223156929016,0.0,0.0,1.0,4.0,negative,22.87811916
22.87811916,0.0,0.0,0.0,0.0,0.0,0.0,negative,22.79814282
22.79814282,0.0,0.0,0.0,0.0,0.0,0.0,negative,22.76739969
22.76739969,0.0,1.810405671596527,0.0,0.0,0.0,2.0,positive,22.93066408
22.93066408,0.0,0.9213346242904664,0.0,0.0,0.0,1.0,negative,22.86939847
22.86939847,0.0,1.6368863582611084,0.0,0.0,0.0,3.0,negative,22.71286188
22.71286188,0.0,0.0,0.0,0.0,0.0,0.0,negative,22.66831646
22.66831646,0.0,0.0,0.0,0.0,0.0,0.0,negative,22.64080124
22.64080124,0.0,0.0,0.0,0.0,0.0,2.0,positive,22.74358463
22.74358463,0.0,2.6522775292396545,0.0,0.0,0.0,3.0,negative,22.63978309
22.63978309,0.0,0.0,0.0,0.0,0.0,0.0,negative,22.49256572
22.49256572,0.0,0.8721516728401184,0.0,0.0,0.0,1.0,positive,22.5297083125
22.5297083125,0.0,0.8727105259895325,0.0,0.0,0.0,3.0,positive,22.57221002
22.57221002,0.0,0.9159182906150818,0.0,0.0,1.0,1.0,negative,22.43846701
22.43846701,0.0,0.9455375075340272,0.7415579557418823,0.0,1.0,1.0,negative,22.41120462
22.41120462,0.0,1.6331828832626345,0.0,0.0,0.0,3.0,negative,22.20578184
22.20578184,0.0,0.0,0.0,0.0,0.0,0.0,positive,22.29972188
22.29972188,0.0,1.681589901447296,0.0,0.0,0.0,2.0,negative,22.27746239
22.27746239,0.0,0.7116777896881104,0.0,0.0,0.0,2.0,positive,22.33119169
22.33119169,0.0,7.626811861991882,0.0,1.7207221388816831,1.0,11.0,positive,22.45317255
22.45317255,0.0,4.288731575012207,0.0,0.0,1.0,8.0,positive,22.50748351
22.50748351,0.0,3.5421887040138245,0.0,0.0,0.0,4.0,positive,22.50977227
22.50977227,0.0,4.368433058261871,0.0,0.7650734186172485,0.0,6.0,negative,22.43623829
22.43623829,0.0,0.0,0.0,0.0,0.0,0.0,positive,22.4747214
22.4747214,0.0,0.0,0.7296192646026611,0.0,2.0,0.0,positive,22.47553653
22.47553653,0.0,0.8896204829216003,0.0,0.0,0.0,3.0,positive,22.60805412
22.60805412,0.0,2.575852513313293,0.0,0.0,0.0,4.0,negative,22.587944056
22.587944056,0.0,2.615390717983246,0.0,0.0,0.0,3.0,positive,22.6027239
22.6027239,0.0,0.7683218121528625,0.0,0.0,0.0,1.0,positive,22.80694
22.80694,0.0,0.8426666855812073,0.0,0.0,0.0,1.0,negative,22.65888452
22.65888452,0.0,2.648664891719818,0.0,0.0,0.0,3.0,negative,22.63002732
22.63002732,0.0,8.827427744865417,0.0,0.0,0.0,11.0,positive,22.6921165
22.6921165,0.0,0.8767904043197632,0.0,0.0,0.0,3.0,negative,22.59599491
22.59599491,0.7326620817184448,1.821754574775696,0.0,0.0,1.0,2.0,negative,22.55632163
22.55632163,0.0,1.7553434371948242,0.0,0.0,0.0,2.0,negative,22.54279696
22.54279696,0.0,1.7955716252326963,0.0,0.0,0.0,2.0,negative,22.35191331
22.35191331,0.0,0.8655539155006409,0.0,0.0,0.0,1.0,positive,22.46217738
22.46217738,0.0,3.4875423908233643,0.0,0.0,0.0,4.0,positive,22.51513784
22.51513784,0.0,1.7495009303092957,0.7305974960327148,0.0,1.0,2.0,positive,22.60938055
22.60938055,0.0,0.0,0.0,0.0,1.0,1.0,negative,22.54099373
22.54099373,0.0,0.8727105259895325,0.0,0.0,0.0,1.0,positive,22.55277269
22.55277269,0.0,0.0,0.0,0.0,0.0,0.0,negative,22.54493669
22.54493669,0.0,0.8895249366760254,0.0,0.0,0.0,1.0,negative,22.53571002
22.53571002,0.0,0.7979114651679993,0.0,0.0,0.0,2.0,negative,22.50638752
22.50638752,0.0,0.8561623096466064,0.0,0.0,0.0,1.0,positive,22.51509715
22.51509715,0.0,5.549924910068512,0.0,0.0,0.0,6.0,negative,22.44423457
22.44423457,0.0,7.121631622314453,0.0,0.0,0.0,8.0,positive,22.4605965485
22.4605965485,0.0,0.0,0.0,0.0,0.0,1.0,positive,22.4893788
22.4893788,0.0,2.5851959586143494,0.0,0.0,0.0,3.0,positive,22.61379626
22.61379626,0.0,1.743824064731598,0.0,0.0,0.0,2.0,positive,22.65366652
22.65366652,0.0,0.0,0.0,0.0,0.0,0.0,positive,22.6770121984
22.6770121984,0.0,0.0,0.0,0.0,0.0,0.0,negative,22.65162121
22.65162121,0.0,0.0,0.0,0.0,0.0,0.0,negative,22.42423017
22.42423017,0.0,0.8727105259895325,0.0,0.0,1.0,1.0,positive,22.55902105
22.55902105,0.0,1.7448621988296509,0.0,0.0,0.0,2.0,negative,22.45612273
22.45612273,0.0,1.6320930123329165,0.0,0.0,0.0,2.0,negative,22.19467977
22.19467977,0.0,0.0,0.0,0.7499474883079529,0.0,1.0,positive,22.26182136
22.26182136,0.0,0.7789409756660461,0.0,0.8845076560974121,0.0,2.0,negative,22.17258018
22.17258018,0.0,0.0,0.0,0.0,0.0,0.0,negative,21.9946660348
21.9946660348,0.0,0.0,0.0,0.0,0.0,0.0,positive,22.08087921
22.08087921,0.0,0.0,0.0,0.0,0.0,1.0,positive,22.12414825
22.12414825,0.0,4.86392068862915,0.0,0.0,0.0,7.0,negative,21.81649339
21.81649339,0.7440251708030701,0.8088793754577637,0.0,0.0,2.0,2.0,negative,21.72827402
21.72827402,0.0,0.0,0.0,0.795293927192688,0.0,1.0,negative,21.72761673
21.72761673,0.0,10.486068546772003,0.0,0.0,0.0,13.0,negative,21.51188047
21.51188047,0.0,0.0,0.0,0.0,0.0,0.0,negative,21.36400282
21.36400282,0.0,1.5664455890655518,0.8122386336326599,0.0,1.0,4.0,positive,21.54441429
21.54441429,0.0,0.0,0.0,0.0,1.0,0.0,negative,21.3926831604
21.3926831604,0.0,1.4433780312538147,0.0,0.0,0.0,3.0,negative,21.37367504
21.37367504,0.0,0.8767904043197632,0.0,0.0,0.0,1.0,negative,21.0475709835
21.0475709835,0.0,0.0,0.0,0.0,0.0,0.0,positive,21.20526891
21.20526891,0.0,0.8896204829216003,0.0,0.0,0.0,2.0,negative,21.0573271842
21.0573271842,0.0,0.0,0.0,0.0,0.0,0.0,positive,21.25694535
21.25694535,0.0,1.5910358428955078,0.0,0.0,0.0,3.0,negative,21.0152693835
21.0152693835,0.0,0.0,0.0,0.0,0.0,0.0,positive,21.11137242
21.11137242,0.0,0.8727105259895325,0.0,0.8511549830436707,0.0,3.0,negative,20.87587883
20.87587883,0.0,2.651951491832733,0.0,0.0,0.0,3.0,positive,20.9413567405
20.9413567405,0.0,0.0,0.0,0.8511549830436707,0.0,1.0,negative,20.84617801
20.84617801,0.0,0.0,0.0,0.0,0.0,0.0,negative,20.7003205962
20.7003205962,0.0,0.7062289714813232,0.0,0.0,0.0,2.0,positive,20.79024023
20.79024023,0.0,1.703687310218811,0.0,0.0,0.0,3.0,positive,21.49021429
21.49021429,0.0,3.326324701309204,0.0,0.0,0.0,7.0,positive,21.64449256
21.64449256,0.0,0.0,0.0,0.0,0.0,0.0,positive,21.88264243
21.88264243,0.0,0.0,0.0,0.0,0.0,1.0,negative,21.87950799
21.87950799,0.0,0.0,0.0,0.0,0.0,0.0,negative,21.7650868629
21.7650868629,0.0,0.0,0.0,0.0,0.0,0.0,positive,21.78932997
21.78932997,0.0,0.0,0.0,0.0,0.0,1.0,positive,21.91623399
21.91623399,0.0,0.0,0.7067975997924805,0.0,3.0,0.0,positive,22.18027962
22.18027962,0.7163093090057373,0.0,0.0,0.0,1.0,1.0,negative,21.89425227
21.89425227,0.0,0.0,0.0,0.0,0.0,0.0,positive,22.13496913
22.13496913,0.0,0.0,0.0,0.0,0.0,0.0,negative,22.08011789
22.08011789,0.0,0.0,0.0,0.0,0.0,0.0,negative,21.63033929
21.63033929,0.0,0.9123245477676392,0.0,0.0,0.0,3.0,positive,21.74061991
21.74061991,0.0,0.8544637560844421,0.0,0.8696098923683167,0.0,3.0,negative,21.69796891
21.69796891,0.0,0.0,0.0,0.0,0.0,0.0,positive,21.8172866563
21.8172866563,0.0,0.0,0.0,0.0,0.0,0.0,negative,21.75699914
21.75699914,0.0,0.9102880358695984,0.0,0.0,0.0,2.0,negative,21.75145048
21.75145048,0.0,0.0,0.0,0.0,0.0,0.0,negative,21.60321914
21.60321914,0.0,0.0,0.0,0.0,0.0,0.0,negative,21.4919654801
21.4919654801,0.0,0.7270633578300476,0.0,0.0,0.0,1.0,negative,21.33559078
21.33559078,0.0,0.0,0.0,0.0,0.0,0.0,positive,21.75040316
21.75040316,0.0,0.7676656246185303,0.0,0.0,1.0,1.0,negative,21.70945785
21.70945785,0.0,0.0,0.0,0.0,0.0,0.0,negative,21.62146724
21.62146724,0.0,0.0,0.0,0.0,1.0,0.0,negative,21.61363347
21.61363347,0.0,0.7556495666503906,0.0,0.7099865674972534,0.0,5.0,negative,21.51190932
21.51190932,0.0,0.7483882308006287,0.731606662273407,0.0,2.0,1.0,negative,20.9882245
20.9882245,0.0,0.0,0.0,0.0,0.0,0.0,positive,21.0291582
21.0291582,0.0,0.0,0.0,0.0,0.0,0.0,positive,21.19639916
21.19639916,0.0,3.044817805290222,0.0,0.0,0.0,7.0,positive,21.46054244
21.46054244,0.0,0.7564932703971863,0.0,0.0,0.0,4.0,negative,21.3954061
21.3954061,0.0,0.0,0.0,0.0,0.0,1.0,negative,21.25274431
21.25274431,0.0,0.7687579393386841,0.0,0.0,0.0,1.0,positive,21.39201758
21.39201758,0.0,1.6230369210243225,0.0,0.0,0.0,2.0,negative,21.18856314
21.18856314,0.0,0.7178979516029358,0.0,0.7543789744377136,0.0,4.0,positive,21.45195368
21.45195368,0.0,0.7823296785354614,0.0,0.8995389938354492,0.0,4.0,positive,21.65847945
21.65847945,0.0,0.0,0.0,0.8707824349403381,0.0,1.0,negative,21.54985083
21.54985083,0.8071672320365906,0.0,0.0,0.0,1.0,0.0,positive,21.66274554
21.66274554,0.0,0.8464695811271667,0.0,0.0,0.0,1.0,negative,21.63837381
21.63837381,0.0,1.64970862865448,0.0,0.0,0.0,3.0,positive,21.89817612
21.89817612,0.0,0.0,0.0,0.9458140730857848,0.0,2.0,positive,22.10287083
22.10287083,0.0,0.0,0.0,0.0,0.0,2.0,negative,22.07554545
22.07554545,0.0,0.0,0.0,0.0,0.0,0.0,negative,22.0612819782
22.0612819782,0.0,0.0,0.0,0.0,1.0,0.0,negative,21.75045783
21.75045783,0.0,0.0,0.0,0.0,0.0,0.0,negative,21.73072655
21.73072655,0.0,0.8492509722709656,0.0,0.0,0.0,1.0,positive,21.8791451537
21.8791451537,0.0,0.0,0.0,0.0,0.0,0.0,negative,21.82223287
21.82223287,0.0,0.0,0.0,0.0,0.0,0.0,negative,21.78776632
21.78776632,0.0,0.0,0.0,0.0,0.0,1.0,positive,21.7905074604
21.7905074604,0.0,0.0,0.0,0.0,0.0,3.0,positive,21.86931117
21.86931117,0.0,0.0,0.0,0.0,0.0,0.0,negative,21.7486803
21.7486803,0.0,0.8847529888153076,0.0,0.9263116717338562,1.0,4.0,positive,22.5419379005
22.5419379005,0.7651737332344055,3.8128859400749207,0.0,0.0,1.0,12.0,positive,22.74145274
22.74145274,0.8527913689613342,7.162932753562927,0.0,0.0,4.0,19.0,positive,22.76495411
22.76495411,0.0,0.0,0.0,0.0,0.0,0.0,negative,22.6684849713
22.6684849713,0.0,0.7335430979728699,0.0,0.0,1.0,2.0,positive,23.12243905
23.12243905,0.0,0.920811414718628,0.0,0.0,0.0,3.0,positive,23.28994974
23.28994974,0.0,2.435344696044922,0.7700531482696533,0.0,1.0,4.0,negative,23.08782866
23.08782866,0.0,0.9291098713874816,0.7489216923713684,0.0,1.0,2.0,negative,22.91940245
22.91940245,0.0,1.847395658493042,0.0,0.0,0.0,3.0,positive,23.02639154
23.02639154,0.0,1.4998031258583069,0.0,0.0,0.0,5.0,negative,22.90027468
22.90027468,0.0,1.6876590847969055,0.0,0.0,0.0,4.0,positive,23.0739638075
23.0739638075,0.0,1.9230210781097408,0.0,0.0,0.0,3.0,negative,22.84094861
22.84094861,0.0,0.9100873470306396,0.0,0.0,0.0,1.0,positive,22.95392405
22.95392405,0.0,2.672915995121002,0.0,0.0,0.0,5.0,positive,22.9731159795
22.9731159795,0.0,0.0,0.0,0.0,0.0,0.0,positive,23.06979207
23.06979207,0.0,1.7640805840492249,0.0,0.0,0.0,2.0,positive,23.08179559
23.08179559,0.0,0.0,0.0,0.0,0.0,0.0,positive,23.26396901
23.26396901,0.0,0.7014343738555908,0.0,1.6933214664459229,0.0,5.0,negative,23.2463135528
23.2463135528,0.0,0.0,0.0,0.0,0.0,0.0,negative,23.07951664
23.07951664,0.0,0.0,0.0,0.0,0.0,0.0,positive,23.48334637
23.48334637,0.0,0.8225905895233154,0.0,0.0,0.0,5.0,positive,23.66624064
23.66624064,0.0,2.462440729141236,0.0,0.0,1.0,4.0,negative,23.54133206
23.54133206,0.0,0.742074728012085,0.0,0.0,0.0,1.0,negative,23.42984686
23.42984686,0.0,0.9540700316429138,0.0,0.0,1.0,2.0,negative,23.35682461
23.35682461,0.0,1.6323959231376648,0.0,0.0,0.0,3.0,positive,23.39403775
23.39403775,0.0,0.7670558094978333,0.0,0.0,0.0,1.0,negative,23.37273622
23.37273622,0.0,0.7107980847358704,0.0,0.0,0.0,2.0,negative,23.3628817556
23.3628817556,0.8183252811431885,0.9112222194671632,0.0,0.0,2.0,2.0,negative,23.15668004
23.15668004,0.0,3.250571727752685,0.0,0.0,1.0,4.0,positive,23.25983088
23.25983088,0.0,0.7908475399017334,0.0,0.0,0.0,3.0,positive,23.2624943029
23.2624943029,0.0,4.739980161190033,0.0,1.604431450366974,0.0,27.0,positive,23.41042638
23.41042638,1.580159306526184,3.0711402893066406,0.0,0.7680134177207947,4.0,10.0,negative,23.27915801
23.27915801,0.0,1.6772253513336182,0.0,0.0,0.0,5.0,negative,23.21156698
23.21156698,0.0,1.8459783792495728,0.0,0.7290534377098083,0.0,4.0,negative,23.20966661
23.20966661,0.0,1.516318678855896,0.0,0.0,1.0,4.0,positive,23.24173857
23.24173857,0.0,1.4717350006103516,0.0,0.0,0.0,3.0,negative,23.15764267
23.15764267,0.0,0.7790431976318359,0.0,0.0,0.0,4.0,negative,22.94002371
22.94002371,0.0,1.5116958022117617,0.0,0.0,0.0,2.0,positive,23.02855526
23.02855526,0.0,0.0,0.0,0.0,0.0,0.0,negative,23.02175164
23.02175164,0.0,0.8354327082633972,0.0,0.0,0.0,1.0,positive,23.11989946
23.11989946,0.0,0.7994354367256165,0.0,0.0,0.0,1.0,positive,23.2042736187
23.2042736187,0.0,0.0,0.0,0.0,0.0,0.0,negative,23.03436438
23.03436438,0.0,0.0,0.0,0.0,0.0,0.0,negative,22.986361
22.986361,0.0,0.761038601398468,0.0,0.0,0.0,3.0,positive,23.00141233
23.00141233,0.0,0.0,0.0,0.0,0.0,0.0,positive,23.10273477
23.10273477,0.0,2.397023856639862,0.0,0.7560503482818604,0.0,13.0,negative,23.07463961
23.07463961,0.0,1.5491973757743835,0.0,0.0,0.0,7.0,positive,23.32079454
23.32079454,0.0,1.713723123073578,0.0,0.0,1.0,3.0,negative,23.2564022
23.2564022,0.0,1.588766098022461,0.0,0.0,0.0,5.0,negative,23.2295027
23.2295027,0.0,1.5929152965545654,0.0,0.7783529162406921,0.0,5.0,negative,23.07146455
23.07146455,0.0,0.0,0.0,0.0,0.0,1.0,negative,22.97057042
22.97057042,0.0,0.0,0.0,0.0,0.0,1.0,positive,23.0535446
23.0535446,0.0,1.5810672044754028,0.0,0.0,0.0,2.0,negative,23.02534266
23.02534266,0.0,0.0,0.0,0.0,0.0,1.0,positive,23.14224276
23.14224276,0.0,0.0,0.0,0.0,0.0,2.0,positive,23.24260349
23.24260349,0.0,2.595778465270996,0.0,0.0,0.0,11.0,positive,23.29299953
23.29299953,0.0,0.7614448666572571,0.0,0.0,0.0,2.0,positive,23.61043499
23.61043499,0.0,1.5927035808563232,0.0,0.876727819442749,1.0,6.0,positive,23.69599355
23.69599355,0.0,3.2373087406158447,0.0,0.0,1.0,9.0,negative,23.67508248
23.67508248,0.0,1.4524912238121033,0.0,0.7529577016830444,0.0,4.0,negative,23.6209469361
23.6209469361,0.0,1.6015415787696838,0.0,0.0,1.0,2.0,negative,23.58766912
23.58766912,0.7778056859970093,0.7888578176498413,0.0,0.0,1.0,2.0,negative,23.54386977
23.54386977,0.0,0.734695315361023,0.0,0.0,0.0,1.0,negative,23.49710175
23.49710175,0.7405271530151367,0.0,0.0,0.0,1.0,0.0,negative,23.35294555
23.35294555,0.0,0.7697015404701233,0.0,0.0,1.0,1.0,negative,23.2856576
23.2856576,0.0,0.0,0.0,0.0,0.0,0.0,negative,23.21334025
23.21334025,0.0,0.0,0.0,0.0,0.0,1.0,positive,23.26420277
23.26420277,0.0,1.5998873114585876,0.0,0.0,1.0,3.0,negative,23.15188852
23.15188852,0.0,0.0,0.0,0.0,0.0,0.0,negative,23.1189949
23.1189949,0.0,0.0,0.0,0.0,0.0,1.0,negative,23.09438792
23.09438792,0.0,0.7334434390068054,0.0,0.0,0.0,3.0,positive,23.18601012
23.18601012,0.0,0.8270033597946167,0.0,0.0,0.0,1.0,positive,23.24849265
23.24849265,0.0,2.143961191177368,0.0,0.939849019050598,0.0,4.0,negative,23.22238642
23.22238642,0.0,0.0,0.0,0.0,0.0,5.0,positive,23.26588729
23.26588729,0.0,0.0,0.0,0.0,0.0,0.0,negative,23.24011462
23.24011462,0.0,0.0,0.0,0.0,0.0,0.0,negative,23.16459887
23.16459887,0.0,0.0,0.0,0.0,0.0,1.0,positive,23.17471663
23.17471663,0.0,0.0,0.0,0.0,0.0,1.0,positive,23.23745683
23.23745683,0.0,0.0,0.0,0.0,0.0,0.0,positive,23.3331113868
23.3331113868,0.0,0.0,0.0,0.0,0.0,0.0,positive,23.65655079
23.65655079,0.0,2.345422744750977,0.0,0.0,0.0,8.0,positive,23.84154648
23.84154648,0.0,0.0,0.0,0.0,0.0,1.0,negative,23.62110603
23.62110603,0.0,0.0,0.0,0.0,0.0,1.0,positive,23.65210872
23.65210872,0.7913785576820374,0.0,0.0,0.0,1.0,2.0,positive,23.66536622
23.66536622,0.0,0.8413141369819641,0.0,0.0,0.0,1.0,positive,23.817708
23.817708,0.7698892951011658,0.0,0.873929500579834,0.0,3.0,0.0,negative,23.75013722
23.75013722,0.0,0.0,0.0,0.0,0.0,1.0,negative,23.51010261
23.51010261,0.0,0.0,0.0,0.0,0.0,0.0,positive,23.59110406
23.59110406,0.0,0.0,0.0,0.0,0.0,0.0,negative,23.5200650655
23.5200650655,0.0,0.0,0.0,0.0,0.0,0.0,positive,23.56620169
23.56620169,0.0,0.0,0.0,0.0,0.0,0.0,negative,23.44373534
23.44373534,0.0,0.0,0.0,0.0,0.0,1.0,positive,23.45767054
23.45767054,0.0,1.6145269870758057,0.0,0.0,0.0,2.0,positive,23.47654107
23.47654107,0.0,0.7884979248046875,0.0,0.0,0.0,1.0,negative,23.42155285
23.42155285,0.0,0.7239492535591125,0.0,0.0,0.0,5.0,positive,23.51182169
23.51182169,0.0,0.0,0.0,0.0,0.0,2.0,negative,23.45891463
23.45891463,0.0,0.0,0.0,0.0,0.0,0.0,negative,23.38033821
23.38033821,0.0,0.7633368372917175,0.0,0.0,0.0,1.0,positive,23.50112639
23.50112639,0.0,0.0,0.0,0.0,0.0,1.0,negative,23.34239554
23.34239554,0.0,0.0,0.0,0.0,0.0,0.0,positive,23.36946674
23.36946674,0.0,0.0,0.0,0.0,0.0,1.0,negative,23.09992887
23.09992887,0.0,0.0,0.0,0.0,0.0,0.0,negative,22.9235961721
22.9235961721,0.0,0.0,0.0,0.8226683735847473,0.0,1.0,negative,22.88487655
22.88487655,0.0,0.939196228981018,0.0,0.0,1.0,2.0,positive,23.1129804
23.1129804,0.0,0.7844764590263367,0.0,0.0,0.0,1.0,positive,23.27372956
23.27372956,0.0,0.0,0.0,0.0,0.0,0.0,negative,23.19362086
23.19362086,0.0,0.0,0.0,0.0,0.0,0.0,negative,23.14855651
23.14855651,0.0,0.0,0.0,0.0,0.0,0.0,positive,23.2040689
23.2040689,0.0,0.0,0.0,0.0,0.0,0.0,positive,23.23109435
23.23109435,0.0,0.0,0.0,0.0,0.0,0.0,negative,23.22990664
23.22990664,0.0,0.0,0.0,0.0,0.0,0.0,negative,23.06718119
23.06718119,0.0,0.8852906823158264,0.0,0.0,1.0,1.0,positive,23.17360147
23.17360147,0.0,0.0,0.0,0.0,0.0,0.0,negative,23.11998875
23.11998875,0.0,0.0,0.0,0.0,0.0,1.0,negative,22.82379297
22.82379297,0.0,0.0,0.0,0.0,0.0,0.0,negative,22.63052624
22.63052624,0.0,0.0,0.0,0.7755177617073059,0.0,2.0,negative,22.60840353
22.60840353,0.0,0.0,0.0,0.0,0.0,1.0,negative,22.48105872
22.48105872,0.0,0.8288186192512512,0.0,0.0,1.0,4.0,negative,22.43023759
22.43023759,0.0,0.0,0.0,0.0,0.0,0.0,positive,22.6310046
22.6310046,0.0,0.0,0.0,0.0,0.0,1.0,negative,22.59069932
22.59069932,0.0,0.8654819130897522,0.0,0.0,0.0,1.0,positive,22.72533204
22.72533204,0.0,0.0,0.0,0.0,0.0,0.0,negative,22.67874601
22.67874601,0.0,0.0,0.0,0.0,0.0,1.0,negative,22.64622439
22.64622439,0.0,0.0,0.0,0.0,1.0,2.0,positive,22.74795878
22.74795878,0.0,0.0,0.0,0.0,2.0,0.0,negative,22.62382362
22.62382362,0.0,0.8696309328079224,0.0,0.0,0.0,1.0,negative,22.54116021
22.54116021,0.0,0.0,0.0,0.0,1.0,2.0,positive,22.55092834
22.55092834,0.7111121416091919,1.726797342300415,0.0,0.0,1.0,2.0,negative,22.47798623
22.47798623,0.7763190269470215,0.0,0.0,0.0,1.0,0.0,positive,22.53354329
22.53354329,0.820080578327179,0.0,0.0,0.0,2.0,0.0,negative,22.36208482
22.36208482,0.0,0.0,0.0,0.0,4.0,1.0,negative,22.1464257
22.1464257,0.8181440830230713,0.0,0.0,0.0,1.0,0.0,positive,22.1790824
22.1790824,0.0,0.0,0.0,0.0,0.0,0.0,positive,22.306785
22.306785,0.0,0.0,0.7948908805847168,0.0,1.0,0.0,positive,22.45745171
22.45745171,0.0,0.0,0.0,0.0,0.0,1.0,negative,22.31039635
22.31039635,0.0,0.0,0.0,0.0,0.0,1.0,positive,22.55922342
22.55922342,0.0,0.0,0.0,0.0,0.0,0.0,negative,22.5056107
22.5056107,0.0,1.749766230583191,0.0,0.0,0.0,2.0,negative,22.37173809
22.37173809,0.0,0.7868922352790833,0.0,0.0,0.0,1.0,negative,22.26703886
22.26703886,0.8466354012489319,0.7247535586357117,0.9012871980667114,0.0,2.0,1.0,positive,22.27928715
22.27928715,0.0,0.7678539752960205,0.0,0.0,0.0,3.0,negative,22.24786867
22.24786867,0.0,0.0,0.0,0.0,1.0,1.0,positive,22.39242968
22.39242968,0.0,0.0,0.0,0.8042953014373779,0.0,2.0,negative,22.2459167032
22.2459167032,0.0,0.0,0.0,0.9304153919219972,0.0,1.0,positive,22.3047202126
22.3047202126,0.0,0.0,0.0,0.0,0.0,0.0,positive,22.421158866
22.421158866,0.0,0.0,0.0,0.0,0.0,0.0,negative,22.37372024
22.37372024,0.0,0.0,0.0,0.0,0.0,0.0,positive,22.39924101
22.39924101,0.0,0.0,0.0,0.0,0.0,0.0,positive,22.48035553
22.48035553,0.0,0.0,0.0,0.0,0.0,0.0,positive,23.14190258
23.14190258,0.0,2.4828513264656067,1.560852348804474,1.488095462322235,2.0,10.0,negative,23.02534991
23.02534991,0.0,2.2822020649909973,0.0,0.0,1.0,5.0,positive,23.26248136
23.26248136,0.0,0.0,0.0,0.7741127014160156,0.0,3.0,negative,23.04693873
23.04693873,0.0,0.8706753253936768,0.0,0.0,0.0,2.0,positive,23.06427271
23.06427271,0.0,0.0,0.0,0.0,0.0,2.0,positive,23.1446009
23.1446009,0.0,0.0,0.0,0.0,1.0,1.0,negative,23.13234732
23.13234732,0.0,0.9268329739570618,0.0,0.0,0.0,2.0,positive,23.13985949
23.13985949,0.0,0.0,0.0,0.0,0.0,1.0,negative,23.05914983
23.05914983,0.0,0.0,0.0,0.0,0.0,0.0,negative,22.99176889
22.99176889,0.0,0.0,0.0,0.0,0.0,0.0,positive,23.1044141632
23.1044141632,0.0,0.0,0.0,0.0,0.0,0.0,negative,23.0626456
23.0626456,0.0,0.0,0.0,0.0,0.0,2.0,negative,22.90422915
22.90422915,0.0,0.0,0.0,0.0,0.0,0.0,negative,22.8571631
22.8571631,0.0,0.8089479207992554,0.0,0.0,0.0,1.0,positive,23.09269459
23.09269459,0.0,0.8090629577636719,0.0,0.0,0.0,1.0,positive,23.1813598973
23.1813598973,0.0,0.0,0.0,0.0,0.0,0.0,negative,23.13989154
23.13989154,0.0,0.0,0.0,0.0,0.0,1.0,negative,23.01241182
23.01241182,0.0,0.8847581744194031,0.0,0.7760055065155029,0.0,2.0,negative,22.98156267
22.98156267,0.0,0.7147614359855652,0.0,0.0,0.0,1.0,negative,22.91271371
22.91271371,0.0,0.0,0.0,0.0,0.0,0.0,negative,22.82255131
22.82255131,0.0,0.0,0.0,0.0,0.0,0.0,negative,22.69822698
22.69822698,0.0,0.0,0.8173587322235107,0.0,1.0,1.0,negative,22.54368962
22.54368962,0.0,0.0,0.0,0.0,3.0,0.0,positive,22.7098623882
22.7098623882,0.0,4.002305269241333,0.0,0.0,0.0,12.0,negative,22.59344078
22.59344078,0.0,0.8818766474723816,0.0,0.0,0.0,4.0,positive,22.6735239395
22.6735239395,0.7822145223617554,1.611910343170166,1.6347174644470217,0.0,3.0,2.0,negative,22.6217858
22.6217858,0.0,0.8436054587364197,0.0,0.0,0.0,2.0,negative,22.41959959
22.41959959,0.0,0.8193963170051575,0.0,0.0,0.0,3.0,positive,22.42270107
22.42270107,0.0,0.0,0.0,0.0,0.0,1.0,positive,22.4631979591
22.4631979591,0.8935597538948059,2.3264639377593994,0.0,0.0,2.0,5.0,positive,22.50032798
22.50032798,0.0,0.0,0.0,0.0,0.0,0.0,negative,22.35725243
22.35725243,0.0,0.0,0.0,0.0,1.0,1.0,negative,21.90269799
21.90269799,0.0,0.0,0.0,0.0,0.0,2.0,positive,22.25273031
22.25273031,0.0,0.0,0.0,0.0,0.0,0.0,negative,22.1151720983
22.1151720983,0.0,0.0,0.0,1.5060570240020752,0.0,2.0,negative,21.62982099
21.62982099,0.0,0.0,0.0,0.0,0.0,0.0,positive,21.7552283
21.7552283,0.0,0.0,0.0,0.0,0.0,0.0,positive,21.86534375
21.86534375,0.0,0.0,0.0,0.0,0.0,0.0,positive,21.99045085
21.99045085,0.0,0.0,0.0,0.0,0.0,2.0,negative,21.84132562
21.84132562,0.0,0.7814997434616089,0.0,0.0,0.0,1.0,positive,21.8548455966
21.8548455966,0.0,0.0,0.0,0.0,0.0,0.0,positive,22.06107504
22.06107504,0.0,0.0,0.0,0.0,0.0,0.0,negative,22.0261144
22.0261144,0.0,1.575636088848114,0.0,0.0,0.0,2.0,positive,22.12637603
22.12637603,0.0,0.0,0.0,0.0,0.0,1.0,negative,22.04148609
22.04148609,0.0,0.0,0.0,0.0,0.0,2.0,negative,22.0358923321
22.0358923321,0.0,0.0,0.0,0.0,0.0,1.0,negative,21.9314816722
21.9314816722,0.0,0.0,0.0,0.0,0.0,0.0,positive,22.12168198
22.12168198,0.0,1.6903020143508911,0.0,0.0,0.0,2.0,positive,22.20600985
22.20600985,0.0,0.747321605682373,0.0,0.0,0.0,4.0,negative,22.19679504
22.19679504,0.0,11.15699738264084,0.0,2.620612919330597,1.0,29.0,negative,22.07775275
22.07775275,0.0,3.242411673069,0.0,0.0,1.0,6.0,negative,21.98742141
21.98742141,0.0,2.6235889196395874,0.0,0.7175517678260803,0.0,10.0,positive,22.00133699
22.00133699,0.0,4.461204290390015,0.0,0.0,0.0,7.0,positive,22.0033652
22.0033652,0.0,8.121475577354431,0.0,0.0,0.0,11.0,negative,21.91675623
21.91675623,0.0,2.6197990775108337,0.0,0.0,0.0,3.0,negative,21.9087391725
21.9087391725,0.0,0.9005040526390076,0.0,0.0,0.0,2.0,positive,22.05381792
22.05381792,0.0,2.7804498076438904,0.0,0.0,0.0,3.0,positive,22.10893436
22.10893436,0.0,0.0,0.0,0.0,0.0,1.0,positive,22.23982002
22.23982002,0.0,1.6494759321212769,0.0,0.0,0.0,4.0,negative,22.11203356
22.11203356,0.8141829371452332,0.0,0.0,0.0,1.0,1.0,positive,22.1469344309
22.1469344309,0.0,2.76610791683197,0.0,0.0,0.0,3.0,negative,22.12786451
22.12786451,0.0,8.118910074234009,0.0,0.0,0.0,10.0,negative,22.02681097
22.02681097,0.0,6.935993313789368,0.0,0.0,0.0,9.0,positive,22.106691
22.106691,0.0,0.0,0.0,0.0,0.0,3.0,negative,21.90385903
21.90385903,0.0,2.401059865951538,0.0,0.0,0.0,4.0,positive,22.0259908319
22.0259908319,0.0,2.666306495666504,0.0,0.0,0.0,3.0,positive,22.07300166
22.07300166,0.0,1.7103546857833862,1.4222006797790527,0.0,2.0,2.0,negative,21.83433184
21.83433184,0.0,0.0,0.0,0.0,0.0,1.0,positive,21.8796812
21.8796812,0.0,2.445004940032959,0.0,0.0,0.0,5.0,negative,21.6259474831
21.6259474831,0.0,3.5502556562423706,0.0,0.0,0.0,5.0,positive,21.62938179
21.62938179,0.0,0.9516209959983826,0.0,0.0,0.0,2.0,positive,21.74130305
21.74130305,0.0,0.0,0.0,0.0,0.0,1.0,positive,21.83044631
21.83044631,0.0,0.934825599193573,0.0,0.0,0.0,3.0,negative,21.80843082
21.80843082,0.0,1.6758443713188171,0.0,0.0,1.0,4.0,positive,21.8267906
21.8267906,0.0,0.0,0.0,0.0,0.0,0.0,positive,21.8502908
21.8502908,0.0,0.0,0.0,0.0,0.0,0.0,positive,21.8722589
21.8722589,0.0,2.3080433011054997,0.0,0.7208918929100037,0.0,9.0,positive,21.8762206
21.8762206,0.0,2.424470067024231,0.0,0.0,0.0,3.0,positive,21.91702374
21.91702374,0.0,0.0,0.0,0.0,0.0,0.0,positive,21.91989756
21.91989756,0.0,1.6283089518547058,0.0,0.0,0.0,2.0,positive,21.92894754
21.92894754,0.0,0.9705912470817566,0.0,0.0,0.0,1.0,negative,21.82747515
21.82747515,0.0,0.0,0.0,0.0,0.0,1.0,positive,21.87084173
21.87084173,0.0,0.734695315361023,0.0,0.0,0.0,2.0,positive,21.94143357
21.94143357,0.0,0.9025331735610962,0.0,0.0,0.0,1.0,positive,21.97630327
21.97630327,0.0,0.8573053479194641,0.0,0.8531271815299988,0.0,3.0,positive,22.0818855
22.0818855,0.0,0.817199170589447,0.0,0.0,0.0,2.0,positive,22.22993429
22.22993429,0.0,0.9384788870811462,0.0,0.0,0.0,3.0,negative,22.195397
22.195397,0.0,0.75772625207901,0.0,0.0,0.0,1.0,positive,22.2323490934
22.2323490934,0.0,0.8328713774681091,0.0,0.0,0.0,3.0,positive,22.43324831
22.43324831,0.0,3.361069142818451,0.0,0.0,1.0,4.0,positive,22.48466724
22.48466724,0.0,0.8728820085525513,0.0,0.0,0.0,1.0,negative,22.46662466
22.46662466,0.0,0.8791167140007019,0.0,0.0,0.0,2.0,positive,22.61150054
22.61150054,0.0,0.0,0.0,0.0,0.0,3.0,positive,22.75006192
22.75006192,0.0,0.0,0.0,0.0,0.0,1.0,negative,22.717521
22.717521,0.0,0.0,0.0,0.0,0.0,0.0,negative,22.70460291
22.70460291,0.0,1.6318764686584473,0.0,0.0,0.0,2.0,positive,22.70602387
22.70602387,0.0,0.0,0.0,0.0,0.0,0.0,negative,22.5650940256
22.5650940256,0.0,0.0,0.0,0.0,0.0,0.0,negative,22.51405733
22.51405733,0.0,0.0,0.0,0.0,5.0,0.0,positive,22.56506553
22.56506553,0.0,1.7709182500839231,0.0,0.0,0.0,4.0,negative,22.49934644
22.49934644,0.0,2.496868073940277,0.0,0.0,0.0,3.0,negative,22.4725268186
22.4725268186,0.0,0.8284885883331299,0.0,0.0,0.0,1.0,positive,22.47961815
22.47961815,0.0,0.7828138470649719,0.0,0.0,0.0,3.0,negative,22.42869485
22.42869485,0.0,0.0,0.0,0.0,0.0,0.0,positive,22.43660939
22.43660939,0.0,1.7318827509880066,0.0,0.0,0.0,3.0,positive,22.4627310706
22.4627310706,0.0,0.0,0.0,0.0,0.0,0.0,positive,22.60585255
22.60585255,0.0,0.0,0.0,0.0,0.0,0.0,negative,22.49929834
22.49929834,0.0,0.0,0.0,0.0,0.0,0.0,positive,22.53280695
22.53280695,0.0,1.6696578860282898,0.0,0.0,0.0,2.0,negative,22.2820979831
22.2820979831,0.0,0.0,0.0,0.0,0.0,0.0,positive,22.31527253
22.31527253,0.0,0.8945901989936829,0.0,0.0,0.0,1.0,positive,22.38186889
22.38186889,0.0,0.0,0.0,0.0,0.0,0.0,negative,22.33798329
22.33798329,0.0,0.0,0.0,0.0,0.0,1.0,negative,22.16573223
22.16573223,0.0,1.847457468509674,0.0,0.0,0.0,3.0,negative,22.15487283
22.15487283,0.0,1.5037189722061155,0.0,0.0,0.0,2.0,positive,22.24131565
22.24131565,0.0,0.9107112884521484,0.0,0.7417550683021545,2.0,5.0,positive,22.30172155
22.30172155,0.0,0.0,0.0,0.0,1.0,0.0,positive,22.45062656
22.45062656,0.0,0.0,0.0,0.0,0.0,0.0,positive,22.45255726
22.45255726,0.0,1.617684841156006,0.0,0.0,0.0,5.0,negative,22.21327076
22.21327076,0.0,0.9639908671379088,0.0,0.0,0.0,1.0,negative,22.05976302
22.05976302,0.0,0.0,0.0,0.0,0.0,1.0,negative,21.9196961541
21.9196961541,0.0,0.7781627774238586,0.0,0.0,0.0,1.0,negative,21.83429671
21.83429671,0.0,0.7436165809631348,0.0,0.0,0.0,1.0,negative,21.48041695
21.48041695,0.0,0.0,0.0,0.0,0.0,1.0,negative,21.26185811
21.26185811,0.0,5.487796366214752,0.0,0.0,0.0,8.0,positive,21.3966431513
21.3966431513,0.0,3.0659969449043274,0.0,0.0,0.0,10.0,negative,21.37308785
21.37308785,0.0,1.4621117115020752,0.0,0.0,1.0,6.0,negative,21.24983584
21.24983584,0.0,2.193440079689026,0.0,0.8958473205566406,0.0,5.0,positive,21.4154064
21.4154064,0.0,0.0,0.0,0.0,0.0,1.0,positive,21.4556572642
21.4556572642,0.0,0.7803742289543152,0.0,0.0,0.0,3.0,positive,21.47536628
21.47536628,0.0,2.7754428386688232,0.0,0.0,0.0,3.0,negative,21.40032835
21.40032835,0.8162143230438232,0.7160888314247131,0.0,0.0,1.0,1.0,positive,21.86771772
21.86771772,0.0,2.5538657903671265,0.7953085899353027,0.0,1.0,4.0,positive,22.06467676
22.06467676,0.0,0.0,0.0,0.0,0.0,1.0,negative,21.92481447
21.92481447,0.0,0.8193963170051575,0.0,0.7669504880905151,0.0,4.0,positive,22.10089635
22.10089635,0.0,2.2203609347343445,0.0,1.789952039718628,0.0,6.0,positive,22.31732374
22.31732374,0.0,0.8746936321258545,0.0,0.0,1.0,2.0,negative,22.11070842
22.11070842,0.0,0.7485386729240417,0.0,0.0,0.0,1.0,negative,22.0791498134
22.0791498134,0.0,2.144284307956696,0.0,0.0,0.0,4.0,negative,22.07897038
22.07897038,0.0,1.7110811471939087,0.0,0.0,0.0,2.0,positive,22.18401929
22.18401929,0.0,2.35056984424591,0.0,0.0,0.0,3.0,positive,22.33620725
22.33620725,0.0,0.7497140169143677,0.0,0.0,0.0,2.0,negative,22.2431229
22.2431229,0.0,0.8586252331733704,0.0,0.0,0.0,3.0,negative,21.9540560721
21.9540560721,0.0,0.0,0.0,0.0,1.0,0.0,positive,21.98412172
21.98412172,0.0,2.272235691547394,0.0,0.8660930395126343,0.0,6.0,positive,22.18359828
22.18359828,0.0,0.7605907917022705,0.0,0.0,0.0,1.0,positive,22.32433242
22.32433242,0.0,0.0,0.0,0.0,3.0,1.0,negative,22.25159694
22.25159694,0.7413259744644165,0.0,0.0,0.0,1.0,0.0,positive,22.4375362192
22.4375362192,0.0,0.0,0.0,0.0,1.0,1.0,negative,22.40742191
22.40742191,0.0,5.253713548183441,0.0,0.0,1.0,8.0,negative,22.39941366
22.39941366,0.0,0.0,0.0,0.0,0.0,0.0,negative,22.39009501
22.39009501,0.0,2.329106390476227,0.0,0.0,0.0,5.0,positive,22.39694182
22.39694182,0.0,0.8443536162376404,0.0,0.919984757900238,0.0,4.0,negative,22.3219907
22.3219907,0.0,0.8161696195602417,0.0,0.0,0.0,2.0,negative,22.27730452
22.27730452,0.0,0.0,0.0,0.0,0.0,0.0,positive,22.33940087
22.33940087,0.0,0.0,0.0,0.0,0.0,0.0,negative,22.2127869
22.2127869,0.0,0.0,0.0,0.0,0.0,1.0,negative,22.18571951
22.18571951,0.0,0.0,0.0,0.0,0.0,1.0,positive,22.34349007
22.34349007,0.0,1.6781200170516968,0.0,0.0,0.0,6.0,negative,22.2610287365
22.2610287365,0.0,0.8905059099197388,0.0,0.0,0.0,2.0,negative,22.1269413
22.1269413,0.0,0.0,0.0,0.0,0.0,0.0,positive,22.20904721
22.20904721,0.0,0.7431285381317139,0.0,0.0,0.0,1.0,positive,22.33196862
22.33196862,0.0,1.677535116672516,0.0,0.0,0.0,2.0,positive,22.64035366
22.64035366,0.0,0.0,0.0,0.0,0.0,0.0,positive,22.97475133
22.97475133,0.0,0.7712404727935791,0.0,0.0,0.0,2.0,negative,22.87563308
22.87563308,0.0,0.0,0.0,0.0,0.0,0.0,negative,22.6358105286
22.6358105286,0.0,1.7067638039588928,0.0,0.0,0.0,2.0,negative,22.63124551
22.63124551,0.0,0.0,0.0,0.0,0.0,0.0,positive,22.65714686
22.65714686,0.0,0.929975152015686,0.0,0.9245290160179138,0.0,3.0,negative,22.44084025
22.44084025,0.0,2.370419144630432,0.0,0.0,0.0,3.0,positive,22.58758535
22.58758535,0.0,0.7730374932289124,0.0,0.0,0.0,2.0,negative,22.3974260515
22.3974260515,0.0,0.8661469221115112,0.0,0.0,0.0,2.0,negative,22.0282208941
22.0282208941,0.0,1.6229729056358335,0.0,0.0,0.0,2.0,positive,22.23574734
22.23574734,0.0,0.0,0.0,0.0,1.0,0.0,positive,22.25627828
22.25627828,0.0,0.0,0.0,0.0,0.0,0.0,positive,22.38141041
22.38141041,0.0,0.0,0.0,0.0,1.0,0.0,positive,22.52708848
22.52708848,0.0,0.9263350367546082,0.0,0.0,0.0,1.0,positive,22.57937716
22.57937716,0.0,0.0,0.0,0.0,0.0,2.0,positive,23.08075344
23.08075344,0.0,0.0,0.0,0.0,0.0,0.0,positive,23.2070878439
23.2070878439,0.0,0.0,0.0,0.0,0.0,1.0,positive,23.25842642
23.25842642,0.0,0.0,0.0,0.0,0.0,0.0,positive,23.43977963
23.43977963,0.0,0.7936704158782959,0.0,0.0,0.0,1.0,negative,23.36285369
23.36285369,0.0,1.6775476336479187,0.0,0.0,0.0,2.0,negative,23.29330609
23.29330609,0.0,2.3084147572517395,0.0,0.0,0.0,3.0,negative,23.23833055
23.23833055,0.0,0.0,0.0,0.0,0.0,0.0,negative,23.04616266
23.04616266,0.0,0.0,0.0,0.0,0.0,0.0,negative,22.95802587
22.95802587,0.0,0.0,0.0,0.0,0.0,0.0,positive,23.04077565
23.04077565,0.0,0.0,0.0,0.0,0.0,0.0,positive,23.1276649651
23.1276649651,0.0,0.0,0.0,0.0,0.0,0.0,negative,22.85248102
22.85248102,0.0,0.0,0.0,0.0,0.0,0.0,negative,22.82801486
22.82801486,0.0,0.7964084148406982,0.0,0.0,0.0,2.0,negative,22.71460903
22.71460903,0.0,0.0,0.0,0.0,0.0,0.0,positive,22.86031772
22.86031772,0.0,1.6792563796043396,0.0,0.0,0.0,5.0,negative,22.78628096
22.78628096,0.0,1.6071983575820925,0.0,0.0,0.0,3.0,positive,23.00107777
23.00107777,0.0,1.6190838813781738,0.0,0.0,0.0,3.0,positive,23.14192101
23.14192101,0.0,0.0,0.0,0.0,0.0,3.0,negative,23.0680368326
23.0680368326,0.0,0.0,0.0,0.0,0.0,1.0,negative,22.98322219
22.98322219,0.0,0.7146274447441101,0.0,0.0,0.0,1.0,positive,23.02109642
23.02109642,0.0,0.0,0.0,0.0,0.0,0.0,negative,22.93329898
22.93329898,0.0,0.0,0.0,0.0,0.0,0.0,positive,23.0129548702
23.0129548702,0.0,0.0,0.0,0.0,0.0,0.0,negative,22.90048648
22.90048648,0.0,0.8059192895889282,0.0,0.0,0.0,2.0,positive,23.13381188
23.13381188,0.0,0.0,0.0,0.0,0.0,1.0,negative,22.97895583
22.97895583,0.0,0.0,0.0,0.0,0.0,1.0,negative,22.93146814
22.93146814,0.0,0.0,0.0,0.0,1.0,0.0,negative,22.85208565
22.85208565,0.0,0.0,0.0,0.0,0.0,0.0,positive,23.01905483
23.01905483,0.0,0.0,0.0,0.0,0.0,0.0,positive,23.1621995
23.1621995,0.0,0.710111141204834,0.0,0.0,0.0,4.0,positive,23.26487233
23.26487233,0.0,0.0,0.0,0.0,0.0,0.0,positive,23.36899674
23.36899674,0.0,0.8729095458984375,0.0,0.0,0.0,3.0,positive,23.38381629
23.38381629,0.0,0.0,0.0,0.7491329908370972,0.0,1.0,positive,23.48360686
23.48360686,0.0,0.7466628551483154,0.0,0.0,0.0,2.0,negative,23.34860261
23.34860261,0.0,2.6076889634132385,0.0,0.0,0.0,5.0,negative,23.15449199
23.15449199,0.0,0.8173355460166931,0.0,0.0,0.0,2.0,negative,23.13784284
23.13784284,0.0,0.9368869662284852,0.0,0.0,0.0,1.0,negative,23.07889398
23.07889398,0.0,0.0,0.0,0.0,1.0,0.0,positive,23.11157288
23.11157288,0.0,0.0,0.0,0.0,0.0,1.0,positive,23.19493562
23.19493562,0.0,0.0,0.0,0.0,0.0,0.0,negative,23.190070485
23.190070485,0.0,0.0,0.0,0.0,0.0,0.0,positive,23.34331623
23.34331623,0.0,0.0,0.0,0.0,0.0,1.0,positive,23.42302028
23.42302028,0.0,0.0,0.0,0.0,0.0,0.0,positive,23.44590903
23.44590903,0.0,0.0,0.0,0.0,0.0,0.0,negative,23.33440422
23.33440422,0.0,0.0,0.0,0.0,0.0,0.0,positive,23.35328318
23.35328318,0.0,0.0,0.0,0.0,0.0,0.0,negative,23.21567851
23.21567851,0.0,0.7307719588279724,0.0,0.0,0.0,1.0,positive,23.25220251
23.25220251,0.0,0.0,0.0,0.0,0.0,0.0,negative,23.01127272
23.01127272,0.0,0.9174507260322572,0.0,0.0,0.0,1.0,positive,23.10923556
23.10923556,0.0,0.0,0.0,0.0,0.0,0.0,positive,23.1381539133
23.1381539133,0.0,0.0,0.0,0.0,0.0,1.0,negative,23.01167255
23.01167255,0.0,0.0,0.0,0.0,0.0,0.0,positive,23.13442391
23.13442391,0.0,0.0,0.0,0.0,1.0,0.0,negative,23.05750813
23.05750813,0.0,0.0,0.0,0.0,0.0,0.0,negative,23.01677505
23.01677505,0.0,0.0,0.0,0.0,0.0,1.0,negative,22.9654682471
22.9654682471,0.0,0.0,0.0,0.0,0.0,2.0,positive,23.09918183
23.09918183,0.0,1.670088827610016,0.0,0.0,1.0,2.0,negative,23.06084236
23.06084236,0.0,0.8789846301078796,0.0,0.0,0.0,2.0,positive,23.13880291
23.13880291,0.0,0.7154696583747864,0.0,0.0,0.0,1.0,negative,23.0860445
23.0860445,0.0,0.0,0.0,0.0,0.0,0.0,positive,23.16899611
23.16899611,0.0,0.0,0.0,0.0,0.0,0.0,negative,23.16456346
23.16456346,0.0,0.0,0.0,0.0,0.0,0.0,positive,23.21549598
23.21549598,0.0,0.7435930967330933,0.0,0.0,0.0,1.0,positive,23.49559215
23.49559215,0.0,0.0,0.0,0.0,1.0,1.0,negative,23.35862496
23.35862496,0.0,0.7236136794090271,0.0,0.0,0.0,1.0,positive,23.6382787
23.6382787,0.0,0.8634968996047974,0.0,0.9206804037094116,0.0,2.0,positive,23.8107114
23.8107114,0.0,0.0,0.0,0.0,0.0,0.0,negative,23.6765961792
23.6765961792,0.0,0.0,0.0,0.0,0.0,0.0,positive,23.74748193
23.74748193,0.0,0.0,0.0,0.0,1.0,0.0,negative,23.62920641
23.62920641,0.0,0.0,0.0,0.0,0.0,0.0,negative,23.5798812
23.5798812,0.0,0.0,0.0,0.0,0.0,0.0,positive,23.70704397
23.70704397,0.0,0.734695315361023,0.0,0.0,0.0,1.0,negative,23.64491482
23.64491482,0.0,0.0,0.0,0.0,0.0,1.0,positive,23.78500392
23.78500392,0.0,0.0,0.0,0.0,0.0,0.0,negative,23.74083734
23.74083734,0.0,0.8047403693199158,0.0,0.0,0.0,1.0,negative,23.68248193
23.68248193,0.0,0.0,0.0,0.0,0.0,0.0,negative,23.57449456
23.57449456,0.0,0.0,0.0,0.0,0.0,1.0,negative,23.544482623
23.544482623,0.0,0.0,0.0,0.0,0.0,0.0,negative,23.46553164
23.46553164,0.0,1.5524089336395264,0.0,0.0,1.0,2.0,positive,23.51243026
23.51243026,0.0,0.0,0.0,0.0,0.0,0.0,negative,23.26531287
23.26531287,0.0,0.0,0.0,0.0,0.0,0.0,negative,23.2324185681
23.2324185681,0.0,0.0,0.0,0.0,1.0,0.0,positive,23.24913722
23.24913722,0.0,0.0,0.0,0.0,0.0,0.0,negative,23.19544362
23.19544362,0.0,0.0,0.0,0.0,0.0,0.0,positive,23.39767527
23.39767527,0.0,0.0,0.0,0.0,0.0,0.0,negative,23.33635353
23.33635353,0.0,0.9257343411445618,0.0,0.0,0.0,1.0,negative,23.31566721
23.31566721,0.0,1.7235506176948547,0.0,0.0,0.0,4.0,negative,23.23796976
23.23796976,0.0,0.0,1.758140206336975,0.0,3.0,0.0,negative,23.20423135
23.20423135,0.0,0.7670958042144775,0.0,0.0,0.0,1.0,positive,23.27223399
23.27223399,0.0,0.0,0.7001088261604309,0.768244206905365,2.0,1.0,positive,23.37002881
23.37002881,0.0,0.0,0.0,0.0,0.0,0.0,negative,23.31318876
23.31318876,0.0,0.0,0.0,0.0,0.0,1.0,positive,23.3742150127
23.3742150127,0.0,0.0,0.0,0.0,0.0,0.0,negative,23.24942199
23.24942199,0.0,0.0,0.0,0.0,1.0,0.0,negative,23.07081539
23.07081539,0.0,0.0,0.0,0.0,0.0,0.0,positive,23.22757676
23.22757676,0.9315392971038818,0.0,0.0,0.0,1.0,0.0,negative,23.19305061
23.19305061,0.0,0.0,0.0,0.0,0.0,1.0,negative,23.1029774984
23.1029774984,0.0,0.752781867980957,0.0,0.0,0.0,1.0,positive,23.19912947
23.19912947,0.0,0.0,0.0,0.0,0.0,2.0,positive,23.25464764
23.25464764,0.0,0.837278425693512,0.0,0.0,0.0,2.0,negative,23.20540358
23.20540358,0.0,0.8239629864692688,0.0,0.911189615726471,0.0,2.0,positive,23.29791373
23.29791373,0.0,0.860491931438446,0.0,0.784815788269043,0.0,2.0,negative,23.1679765577
23.1679765577,0.0,0.8149498105049133,0.0,0.0,1.0,1.0,positive,23.41775849
23.41775849,0.0,0.0,0.0,0.7788980603218079,0.0,2.0,positive,23.41952049
23.41952049,0.0,0.7337081432342529,0.0,0.0,0.0,1.0,negative,23.40320614
23.40320614,0.0,0.0,0.0,0.0,0.0,0.0,positive,23.7066867
23.7066867,0.0,0.7850931286811829,0.0,0.0,0.0,2.0,negative,23.5950981
23.5950981,0.0,0.0,0.0,0.0,0.0,1.0,negative,23.13172971
23.13172971,0.0,0.0,0.0,0.0,0.0,0.0,positive,23.1442952175
23.1442952175,0.0,0.0,0.0,0.0,1.0,0.0,positive,23.33909213
23.33909213,0.0,5.088225841522217,0.0,0.0,0.0,9.0,positive,23.60021654
23.60021654,0.0,0.0,0.0,0.0,0.0,0.0,positive,23.61993084
23.61993084,0.0,0.0,0.0,0.0,1.0,2.0,positive,23.67251563
23.67251563,0.0,1.6795023679733276,0.0,0.0,1.0,3.0,negative,23.66444531
23.66444531,0.0,0.0,0.0,0.0,0.0,0.0,positive,24.01467858
24.01467858,0.0,0.0,0.0,0.0,0.0,4.0,positive,24.84440856
24.84440856,0.0,2.5236765146255493,0.0,0.0,0.0,5.0,negative,24.81899782
24.81899782,0.0,0.7411292791366577,0.0,0.0,1.0,1.0,positive,25.01723038
25.01723038,0.0,0.7757281064987183,0.0,0.0,0.0,2.0,positive,25.06071042
25.06071042,0.0,0.0,0.0,0.0,0.0,1.0,negative,24.82209627
24.82209627,0.0,0.0,0.0,0.0,0.0,0.0,positive,25.048179809
25.048179809,0.0,0.0,0.0,0.0,0.0,0.0,positive,25.40897776
25.40897776,0.0,0.0,0.0,0.0,1.0,0.0,negative,25.2738414
25.2738414,0.0,1.769150793552399,0.0,0.0,0.0,2.0,negative,25.23127275
25.23127275,0.0,0.0,0.0,0.0,0.0,0.0,positive,25.24774286
25.24774286,0.0,0.0,0.0,0.0,0.0,1.0,negative,25.18993988
25.18993988,0.0,0.974212884902954,0.0,0.0,0.0,1.0,negative,25.14583003
25.14583003,0.0,0.8135331273078918,0.0,0.0,1.0,1.0,negative,25.09146719
25.09146719,0.0,1.6012921929359436,0.0,0.0,0.0,3.0,negative,25.08009956
25.08009956,0.0,0.8105754256248474,0.0,0.0,1.0,1.0,positive,25.78667485
25.78667485,0.0,0.0,0.0,0.0,0.0,4.0,negative,24.90991741
24.90991741,0.0,0.8754895925521851,0.0,0.0,0.0,1.0,negative,24.09386861
24.09386861,0.0,0.7685918807983398,0.0,0.0,1.0,4.0,positive,24.10054424
24.10054424,0.0,0.7650589346885681,0.0,0.0,1.0,2.0,positive,24.12624536
24.12624536,0.0,0.0,0.0,0.0,0.0,0.0,positive,24.20952295
24.20952295,0.0,3.160441517829895,0.0,0.0,0.0,6.0,positive,24.6590883
24.6590883,0.0,0.0,0.0,0.0,0.0,2.0,negative,24.3188725
24.3188725,0.0,0.0,0.0,0.0,0.0,0.0,positive,24.48785213
24.48785213,0.0,0.0,0.0,0.0,1.0,0.0,positive,24.604002
24.604002,0.0,0.0,0.0,0.0,0.0,1.0,negative,24.42762029
24.42762029,0.0,0.0,0.0,0.0,1.0,0.0,positive,24.55348474
24.55348474,0.0,0.0,0.0,0.0,0.0,0.0,positive,24.58415438
24.58415438,0.0,0.8960186243057251,0.0,0.0,0.0,2.0,positive,24.6693540218
24.6693540218,0.0,0.0,0.0,0.0,0.0,1.0,positive,24.6903616
24.6903616,0.0,0.7080252766609192,0.0,0.0,0.0,1.0,positive,25.24269676
25.24269676,0.0,0.0,0.0,0.0,0.0,1.0,positive,25.45385276
25.45385276,0.0,0.0,0.0,0.0,1.0,0.0,negative,25.22054076
25.22054076,0.0,0.0,0.0,0.0,0.0,0.0,negative,25.18076666
25.18076666,0.0,2.429624617099762,0.0,0.0,0.0,5.0,negative,24.86579534
24.86579534,0.0,0.0,0.0,0.0,0.0,1.0,negative,24.53454566
24.53454566,0.0,0.0,0.0,0.0,0.0,0.0,negative,24.41585467
24.41585467,0.0,0.0,0.0,0.0,0.0,0.0,positive,24.6915245
24.6915245,0.0,0.0,0.0,0.0,1.0,1.0,positive,24.71514299
24.71514299,0.0,0.0,0.0,0.0,0.0,0.0,positive,24.94980645
24.94980645,0.0,0.0,0.0,0.0,0.0,0.0,negative,24.3076412812
24.3076412812,0.0,0.0,0.0,0.7330899834632874,1.0,1.0,negative,24.02179297
24.02179297,0.0,0.0,0.0,0.0,2.0,5.0,negative,22.67869381
22.67869381,0.0,0.0,0.0,0.0,0.0,3.0,positive,23.49482372
23.49482372,0.0,0.0,0.0,1.6365838050842283,0.0,6.0,negative,23.31207485
23.31207485,0.0,0.0,0.0,0.0,0.0,0.0,negative,22.29796192
22.29796192,0.0,0.0,0.0,0.0,0.0,1.0,negative,22.057768
22.057768,0.0,0.7884164452552795,0.0,0.0,0.0,1.0,positive,22.35730101
22.35730101,0.0,0.7996277213096619,0.0,0.0,0.0,1.0,negative,22.02389302
22.02389302,0.0,0.0,0.0,0.0,0.0,0.0,positive,22.28008924
22.28008924,0.0,0.0,0.0,0.0,0.0,1.0,positive,22.4439207062
22.4439207062,0.7700089812278748,0.0,0.7011395692825317,0.0,3.0,0.0,negative,22.20472678
22.20472678,0.7201796770095825,0.0,0.0,0.0,1.0,0.0,negative,22.0656054
22.0656054,0.0,0.0,0.0,0.0,0.0,1.0,negative,20.61988582
20.61988582,0.0,0.0,0.0,0.0,0.0,1.0,positive,20.81834468
20.81834468,0.0,0.0,0.0,0.0,0.0,0.0,negative,20.72612603
20.72612603,0.0,0.0,0.0,0.0,0.0,0.0,positive,20.92509795
20.92509795,0.0,0.7733309864997864,0.0,0.0,0.0,1.0,negative,20.69873878
20.69873878,0.0,0.0,0.0,0.0,0.0,0.0,negative,20.4807716813
20.4807716813,0.0,0.0,0.0,0.0,0.0,1.0,positive,20.5360897
20.5360897,0.0,0.0,0.0,0.0,0.0,0.0,negative,20.50199042
20.50199042,0.0,0.0,0.0,0.7089430093765259,0.0,1.0,negative,20.30990663
20.30990663,0.0,0.0,0.0,0.0,0.0,1.0,positive,21.2993386696
21.2993386696,0.0,0.0,0.0,0.0,1.0,1.0,positive,21.50662935
21.50662935,0.0,1.5368362665176392,0.0,0.0,2.0,3.0,negative,21.40054296
21.40054296,0.0,0.0,0.0,0.0,0.0,0.0,positive,21.42483889
21.42483889,0.0,0.0,0.0,0.0,0.0,2.0,positive,21.51379074
21.51379074,0.0,0.0,0.0,0.0,0.0,0.0,positive,21.56378265
21.56378265,0.0,1.6544155478477478,0.0,0.0,0.0,2.0,negative,20.21086941
20.21086941,0.0,0.0,0.0,0.0,0.0,0.0,positive,20.5161639
20.5161639,0.0,0.0,0.0,0.0,0.0,0.0,positive,20.81546655
20.81546655,0.0,0.0,0.0,0.0,0.0,0.0,negative,20.75458587
20.75458587,0.0,0.0,0.0,0.0,0.0,0.0,positive,21.00722414
21.00722414,0.0,0.0,0.0,0.0,0.0,0.0,positive,21.33707237
21.33707237,0.0,0.7751781940460205,0.0,0.0,0.0,1.0,positive,21.5721922036
21.5721922036,0.0,0.9165357947349548,0.0,0.9456562399864196,0.0,2.0,negative,21.46596024
21.46596024,0.0,0.0,0.0,0.0,0.0,0.0,negative,21.24118586
21.24118586,0.0,0.0,0.0,0.0,0.0,0.0,negative,21.05610653
21.05610653,0.0,0.0,0.0,0.0,0.0,0.0,positive,21.39068411
21.39068411,0.8873528838157654,0.0,0.0,0.0,1.0,0.0,negative,21.27117485
21.27117485,0.0,0.0,0.0,0.0,0.0,0.0,negative,21.17813959
21.17813959,0.0,2.535191297531128,0.0,0.0,0.0,6.0,negative,21.08978192
21.08978192,0.0,0.8071303963661194,0.0,0.0,0.0,1.0,positive,21.10524373
21.10524373,0.0,0.8377948999404907,0.0,0.0,0.0,1.0,negative,20.8315121923
20.8315121923,0.0,0.8233002424240112,0.0,0.0,0.0,1.0,positive,20.97378022
20.97378022,0.0,0.8085775375366211,0.0,0.0,0.0,1.0,negative,20.65724893
20.65724893,0.0,0.0,0.0,0.8481802940368652,0.0,1.0,negative,20.48329519
20.48329519,0.0,0.8671926856040955,0.0,0.0,0.0,2.0,negative,20.14766339
20.14766339,0.0,0.876740038394928,0.0,0.7942755818367004,0.0,6.0,negative,19.93993716
19.93993716,0.0,0.776472806930542,0.0,0.0,0.0,3.0,negative,19.52955294
19.52955294,0.0,0.0,0.0,0.0,0.0,2.0,negative,18.85834906
18.85834906,0.0,0.7873863577842712,0.0,0.0,0.0,4.0,positive,19.74772527
19.74772527,0.0,0.0,0.0,0.843380331993103,0.0,2.0,positive,19.77189114
19.77189114,0.0,0.0,0.0,0.0,0.0,0.0,negative,19.69067495
19.69067495,0.0,0.0,0.0,0.0,1.0,0.0,negative,19.34565921
19.34565921,0.0,0.0,0.0,0.0,0.0,2.0,negative,18.87294359
18.87294359,0.0,0.0,0.0,0.0,0.0,0.0,negative,18.67435899
18.67435899,0.0,0.8305938243865967,0.0,0.0,0.0,1.0,negative,18.28579949
18.28579949,0.0,0.0,0.0,0.0,0.0,0.0,positive,18.82927413
18.82927413,0.0,0.0,0.0,0.0,0.0,0.0,positive,18.91260392
18.91260392,0.0,0.0,0.0,0.0,0.0,0.0,negative,18.69723316
18.69723316,0.0,0.0,0.0,0.0,0.0,0.0,positive,19.47876723
19.47876723,0.0,0.0,0.0,0.0,0.0,0.0,negative,19.38272248
19.38272248,0.0,3.8982836604118343,0.0,0.0,0.0,7.0,negative,19.3110512967
19.3110512967,0.0,1.4763431549072266,0.0,0.0,0.0,2.0,negative,19.27754465
19.27754465,0.0,0.0,0.0,0.0,0.0,0.0,negative,19.00439363
19.00439363,0.0,0.9133639931678772,0.0,0.0,0.0,4.0,negative,18.89675946
18.89675946,0.0,3.431406438350677,0.0,0.7541622519493103,0.0,5.0,positive,19.1750415922
19.1750415922,0.0,0.0,0.0,0.0,0.0,0.0,negative,18.95081413
18.95081413,0.0,0.7998387217521667,0.0,0.0,0.0,1.0,positive,19.92685399
19.92685399,0.0,0.8938395380973816,0.0,0.0,0.0,1.0,positive,21.91738994
21.91738994,0.0,2.999406635761261,0.0,0.8072986006736755,1.0,7.0,positive,22.29162455
22.29162455,0.0,2.3989717960357666,0.0,1.6473045349121094,2.0,5.0,negative,22.15235733
22.15235733,0.7917979955673218,0.0,0.0,0.0,1.0,2.0,positive,22.3342412
22.3342412,0.0,2.606669127941132,0.0,0.0,0.0,4.0,positive,22.37650052
22.37650052,0.0,0.0,0.0,0.0,1.0,2.0,negative,22.32653691
22.32653691,0.0,1.7390223145484924,0.0,0.0,0.0,4.0,positive,22.6157356526
22.6157356526,0.0,3.0913862586021423,0.0,0.0,0.0,6.0,negative,22.60490944
22.60490944,0.0,2.542259931564331,0.0,0.0,0.0,4.0,positive,23.1571118
23.1571118,0.0,0.0,0.0,0.0,1.0,0.0,negative,22.87378558
22.87378558,0.0,1.6483178734779358,0.0,0.0,0.0,3.0,positive,23.20411138
23.20411138,0.0,0.8360391855239868,0.0,0.0,0.0,5.0,positive,23.21939098
23.21939098,0.0,0.7881977558135986,0.0,0.0,1.0,1.0,negative,22.66888729
22.66888729,0.0,0.0,0.0,0.0,1.0,0.0,positive,23.32837688
23.32837688,0.7132084965705872,0.8920772075653076,0.0,0.0,2.0,2.0,negative,22.99418721
22.99418721,0.0,0.0,0.0,0.0,0.0,5.0,positive,23.19066311
23.19066311,0.0,0.0,0.0,0.0,0.0,0.0,positive,23.24627908
23.24627908,0.0,0.0,0.0,0.0,0.0,1.0,negative,23.09740034
23.09740034,0.0,0.0,0.0,0.0,0.0,0.0,negative,22.20198335
22.20198335,0.0,0.0,0.0,0.0,0.0,0.0,positive,22.3852187
22.3852187,0.0,1.6782804131507874,0.0,0.0,0.0,2.0,negative,22.27380829
22.27380829,0.0,0.0,0.0,0.0,0.0,1.0,negative,21.89363417
21.89363417,0.0,0.0,0.0,0.0,0.0,3.0,positive,21.91460181
21.91460181,0.0,0.0,0.0,0.0,0.0,1.0,positive,22.14011654
22.14011654,0.0,0.7165907025337219,0.0,0.0,0.0,2.0,positive,22.28464056
22.28464056,0.0,0.9544143080711364,0.0,0.0,1.0,5.0,negative,22.15086537
22.15086537,0.0,1.5618271827697754,0.0,0.0,0.0,4.0,negative,21.95141538
21.95141538,0.0,0.0,0.0,0.0,0.0,1.0,negative,21.46064924
21.46064924,0.0,0.0,0.0,0.7724126577377319,0.0,2.0,negative,20.61740771
20.61740771,0.0,0.0,0.0,0.0,0.0,2.0,positive,21.55310192
21.55310192,0.0,0.7360419631004333,0.0,0.0,0.0,1.0,negative,21.4084854568
21.4084854568,0.0,0.0,0.0,0.0,1.0,1.0,positive,21.85673549
21.85673549,0.0,0.0,0.0,0.0,0.0,0.0,negative,21.7735819
21.7735819,0.0,0.0,0.0,0.0,1.0,1.0,negative,21.6670534
21.6670534,0.0,0.0,0.0,0.0,0.0,0.0,negative,21.53496953
21.53496953,0.0,1.7277233004570007,0.0,0.0,0.0,3.0,positive,21.5615754
21.5615754,0.0,0.0,0.0,0.0,0.0,1.0,positive,21.7793014912
21.7793014912,0.0,0.0,0.0,0.0,2.0,0.0,positive,21.81637031
21.81637031,0.0,0.0,0.0,0.0,0.0,1.0,positive,22.20336303
22.20336303,0.0,0.7489079833030701,0.0,0.0,0.0,2.0,positive,22.39330593
22.39330593,0.0,0.0,0.0,0.0,0.0,0.0,positive,22.51004205
22.51004205,0.0,0.0,0.0,0.0,0.0,0.0,negative,22.42089142
22.42089142,0.0,0.0,0.0,0.0,0.0,0.0,positive,22.94242468
22.94242468,0.0,0.0,0.0,0.0,0.0,0.0,negative,22.5000235032
22.5000235032,0.0,0.731469988822937,0.0,0.0,0.0,1.0,negative,22.4280269334
22.4280269334,0.0,0.0,0.0,0.0,0.0,0.0,negative,22.35813601
22.35813601,0.0,0.7516067624092102,0.0,0.0,0.0,2.0,positive,22.59836165
22.59836165,0.0,0.0,0.0,0.0,0.0,0.0,negative,22.54957369
22.54957369,0.0,0.0,0.0,0.0,0.0,1.0,negative,22.25094663
22.25094663,0.0,0.0,0.0,0.0,0.0,0.0,negative,21.96639474
21.96639474,0.0,0.0,0.0,0.0,0.0,0.0,positive,22.02286012
22.02286012,0.0,0.0,0.0,0.0,0.0,2.0,negative,21.5034657971
21.5034657971,0.0,0.8443241119384766,0.0,0.0,0.0,1.0,positive,21.9052493746
21.9052493746,0.0,0.0,0.0,0.0,0.0,1.0,positive,21.90590049
21.90590049,0.0,0.0,0.0,0.0,0.0,2.0,positive,22.86522711
22.86522711,0.0,3.172361195087433,0.0,0.0,0.0,8.0,positive,23.12209867
23.12209867,0.0,0.8803638815879822,0.0,0.0,0.0,2.0,positive,23.22043146
23.22043146,0.0,0.0,0.0,0.0,0.0,2.0,negative,23.17019111
23.17019111,0.0,0.0,0.0,0.0,0.0,0.0,negative,22.42960528
22.42960528,0.0,1.6353190541267395,0.0,0.0,0.0,2.0,negative,22.40760775
22.40760775,0.0,4.234100759029388,0.0,0.0,0.0,8.0,positive,22.4976432
22.4976432,0.0,0.0,0.0,0.0,0.0,0.0,positive,22.7411452357
22.7411452357,0.0,0.0,0.0,0.0,0.0,0.0,positive,22.81435701
22.81435701,0.0,0.0,0.0,0.0,0.0,0.0,positive,23.19024899
23.19024899,0.0,2.22223037481308,0.0,0.0,0.0,4.0,positive,23.5753553492
23.5753553492,0.0,1.6761568784713743,0.0,0.8564164638519287,0.0,4.0,negative,23.39491868
23.39491868,0.0,1.5992644429206848,0.0,0.7322515249252319,0.0,5.0,negative,22.87662627
22.87662627,0.0,1.6606467366218567,0.0,0.0,0.0,7.0,positive,22.9363997584
22.9363997584,0.0,3.200556218624115,0.0,0.9567848443984984,0.0,8.0,positive,23.17446056
23.17446056,0.0,0.0,0.0,0.7860029935836792,0.0,5.0,positive,23.34410133
23.34410133,0.0,0.7833486795425415,0.0,0.0,0.0,1.0,positive,23.5555309028
23.5555309028,0.0,0.0,0.0,0.0,0.0,1.0,positive,23.92637577
23.92637577,0.0,0.8635496497154236,0.0,0.0,0.0,4.0,negative,23.74890931
23.74890931,0.0,2.5469691157341003,0.0,0.0,0.0,4.0,negative,23.5309526583
23.5309526583,0.0,0.7328283786773682,0.0,0.0,1.0,1.0,negative,23.5025661
23.5025661,0.0,0.8855358958244324,0.0,0.0,0.0,1.0,positive,23.64428932
23.64428932,0.8976932168006897,0.7165507078170776,0.0,0.0,1.0,1.0,negative,23.38273451
23.38273451,1.555404007434845,1.6540671586990356,0.0,0.0,3.0,2.0,positive,23.42259696
23.42259696,0.0,3.208903312683105,0.0,0.0,1.0,5.0,positive,23.4464255
23.4464255,0.7773532867431641,2.514806628227234,0.0,2.3347889184951782,3.0,11.0,positive,23.6841971522
23.6841971522,0.0,1.6663568019866943,0.0,0.7056499123573303,1.0,6.0,positive,24.27258517
24.27258517,0.0,6.453798294067383,0.0,0.0,0.0,19.0,negative,23.94022168
23.94022168,0.0,1.4687458872795105,0.0,0.0,1.0,7.0,positive,24.07901072
24.07901072,0.813251793384552,1.531097590923309,0.0,0.7529732584953308,3.0,3.0,positive,24.08634935
24.08634935,0.0,0.0,0.9114034175872804,0.0,3.0,3.0,negative,24.08412926
24.08412926,0.0,0.7928668260574341,0.0,0.0,2.0,1.0,positive,24.3271169
24.3271169,0.0,0.7562730312347412,0.0,0.0,2.0,2.0,positive,24.45303826
24.45303826,0.0,1.643904149532318,0.8511373400688171,0.7927565574645996,4.0,6.0,positive,24.53029092
24.53029092,0.0,0.0,0.0,0.0,4.0,0.0,positive,24.85055377
24.85055377,0.7851986289024353,0.0,0.0,0.0,2.0,1.0,negative,24.62842888
24.62842888,0.0,0.0,0.8212296962738037,0.0,4.0,0.0,positive,24.6615551304
24.6615551304,0.0,0.0,0.0,0.0,5.0,3.0,negative,24.43306581
24.43306581,0.7061535120010376,2.560744524002075,1.635765790939331,0.0,6.0,5.0,positive,24.44461445
24.44461445,0.7141628265380859,1.5643913745880127,0.0,0.0,3.0,2.0,negative,24.33472162
24.33472162,1.611508071422577,0.0,0.0,0.0,3.0,2.0,negative,24.26079089
24.26079089,0.0,0.7002922296524048,0.0,0.0,0.0,3.0,positive,24.27431829
24.27431829,0.7903431057929993,1.8811150789260864,0.0,0.0,2.0,3.0,positive,24.57068126
24.57068126,0.0,5.5502583384513855,1.4831111431121826,0.7752662897109985,3.0,11.0,positive,24.8568848288
24.8568848288,0.0,0.8470819592475891,0.72036212682724,0.0,1.0,4.0,positive,24.90568164
24.90568164,0.0,0.0,0.0,1.7645907998085022,2.0,2.0,positive,25.18015653
25.18015653,0.8398267030715942,2.530109286308289,0.0,0.9230077862739564,2.0,5.0,positive,25.2673701118
25.2673701118,0.8138619661331177,0.0,0.9872426986694336,0.0,5.0,1.0,positive,25.48625934
25.48625934,0.0,0.0,0.0,0.0,4.0,5.0,negative,25.22670048
25.22670048,0.8088207244873047,0.0,0.0,0.0,5.0,0.0,negative,25.1606155572
25.1606155572,0.0,0.0,0.0,0.0,0.0,0.0,negative,24.90471058
24.90471058,0.0,14.91537457704544,0.0,0.0,2.0,22.0,positive,25.1051242
25.1051242,0.0,11.893286049365996,0.7694174647331238,0.9110620617866516,1.0,23.0,negative,24.50683356
24.50683356,0.7090772390365601,5.926741003990173,0.0,0.7390933632850647,1.0,9.0,positive,24.57225613
24.57225613,0.0,4.887311220169067,0.0,0.9745604395866394,0.0,11.0,negative,24.52540821
24.52540821,0.0,1.7319479584693909,0.7454835176467896,0.0,1.0,3.0,positive,24.70081118
24.70081118,0.0,1.7673742771148682,0.0,0.8293631672859192,0.0,4.0,negative,24.36099104
24.36099104,0.0,0.0,0.0,0.8918443918228149,3.0,1.0,positive,24.55988791
24.55988791,0.0,0.0,0.0,0.0,0.0,2.0,negative,24.20805722
24.20805722,0.0,2.523571193218231,0.0,0.0,1.0,3.0,negative,23.65004751
23.65004751,0.0,1.7130202651023865,0.0,0.0,0.0,4.0,positive,23.653190804
23.653190804,0.0,0.9490270018577576,0.0,0.7466818690299988,0.0,3.0,negative,23.1409795
23.1409795,0.0,0.819152295589447,0.0,0.0,0.0,1.0,positive,23.28077432
23.28077432,0.0,0.0,0.0,0.7634220719337463,0.0,1.0,positive,23.59542437
23.59542437,0.0,1.658841609954834,0.0,0.0,0.0,3.0,positive,23.8717620674
23.8717620674,0.0,0.8311133980751038,0.0,0.0,0.0,1.0,positive,23.93011727
23.93011727,0.0,0.0,0.0,0.0,0.0,0.0,negative,23.77951196
23.77951196,0.0,0.0,0.0,0.0,0.0,0.0,negative,23.65986567
23.65986567,0.0,0.7020572423934937,0.0,0.0,0.0,3.0,positive,23.70187379
23.70187379,0.0,0.8572461009025574,0.0,0.0,0.0,3.0,negative,23.44225937
23.44225937,0.0,3.764947891235352,0.0,0.0,0.0,8.0,positive,23.62522705
23.62522705,0.0,1.722738802433014,0.0,0.0,1.0,4.0,positive,24.29993763
24.29993763,0.0,0.7094900012016296,0.0,0.9716201424598694,0.0,2.0,positive,24.49822785
24.49822785,0.0,1.7989009022712708,0.0,0.0,1.0,4.0,negative,24.26111079
24.26111079,0.0,0.0,0.0,0.0,0.0,1.0,positive,24.45499815
24.45499815,0.0,0.0,0.0,0.0,0.0,0.0,positive,24.63217521
24.63217521,0.0,0.0,0.0,0.0,0.0,0.0,positive,24.83771255
24.83771255,0.0,1.5762664675712583,0.0,0.0,0.0,2.0,positive,24.83838791
24.83838791,0.0,1.5258030891418457,0.0,0.0,0.0,4.0,positive,25.22578843
25.22578843,1.719352304935455,0.0,3.44967120885849,0.0,8.0,1.0,positive,25.22884575
25.22884575,0.0,0.8527911901473999,0.0,0.0,0.0,1.0,positive,25.59795412
25.59795412,0.0,0.0,0.0,0.0,0.0,2.0,negative,25.45141405
25.45141405,0.0,1.6937625408172607,0.0,0.0,0.0,2.0,positive,25.95025657
25.95025657,0.0,0.0,0.0,0.0,0.0,0.0,positive,26.15961593
26.15961593,0.0,0.0,0.0,0.0,0.0,0.0,positive,26.54525149
26.54525149,0.0,0.0,0.7239788770675659,0.0,1.0,0.0,positive,26.66596234
26.66596234,0.0,0.7711846828460693,0.0,0.7023878693580627,0.0,6.0,negative,26.43640708
26.43640708,0.0,2.403011679649353,0.0,0.0,0.0,7.0,positive,26.47162314
26.47162314,0.0,0.0,0.0,0.0,0.0,2.0,positive,26.52128238
26.52128238,0.0,1.8053222298622127,0.0,0.0,0.0,5.0,positive,26.82000225
26.82000225,0.0,0.0,0.0,0.0,0.0,1.0,positive,26.87877025
26.87877025,0.0,0.0,0.0,0.0,0.0,0.0,positive,27.54121238
27.54121238,0.0,0.0,0.0,0.0,1.0,0.0,positive,27.55062317
27.55062317,0.0,0.0,0.0,0.0,0.0,0.0,positive,27.70606895
27.70606895,0.0,0.0,0.0,0.7075271606445312,0.0,4.0,negative,27.17929297
27.17929297,0.0,0.0,0.0,0.0,0.0,1.0,positive,27.18249706
27.18249706,0.0,1.6636716723442078,0.0,0.0,0.0,3.0,positive,27.72379947
27.72379947,0.0,0.0,0.0,0.0,0.0,0.0,negative,27.53061674
27.53061674,0.0,0.0,0.0,0.0,0.0,0.0,negative,27.21979189
27.21979189,0.0,0.0,0.0,0.0,0.0,1.0,negative,27.19647311
27.19647311,0.0,0.0,0.0,0.0,0.0,0.0,positive,27.66179555
27.66179555,0.0,5.241018354892731,0.0,0.0,0.0,8.0,positive,27.71920052
27.71920052,0.8966813683509827,1.7188166975975037,0.0,0.0,1.0,2.0,positive,27.79918723
27.79918723,0.0,2.417680561542511,0.0,0.0,0.0,3.0,positive,28.43169253
28.43169253,0.0,2.4515143036842346,0.0,0.0,0.0,4.0,negative,28.20990191
28.20990191,0.0,0.8201838731765747,0.0,0.0,0.0,1.0,positive,28.52984884
28.52984884,0.0,0.0,0.0,0.0,0.0,0.0,positive,29.34796098
29.34796098,0.0,0.0,0.0,0.0,0.0,0.0,positive,29.9633657927
29.9633657927,0.0,1.509426832199097,0.0,0.0,0.0,2.0,positive,30.06043074
30.06043074,0.0,0.7227562665939331,0.0,0.8818767070770264,0.0,2.0,positive,31.33532647
31.33532647,0.0,2.533248782157898,0.0,0.0,1.0,4.0,negative,30.86952909
30.86952909,0.0,2.331097364425659,0.0,0.960340142250061,0.0,10.0,positive,30.97655952
30.97655952,0.0,0.7135092616081238,0.76735919713974,0.7101891040802002,2.0,4.0,negative,30.62942807
30.62942807,0.0,0.9144651293754578,0.0,0.0,0.0,3.0,positive,31.2641767998
31.2641767998,0.0,0.0,0.0,0.0,0.0,2.0,positive,31.72309334
31.72309334,0.0,0.0,0.0,0.0,0.0,2.0,positive,31.78486911
31.78486911,0.7181819677352905,1.6232123374938965,0.0,0.0,1.0,11.0,negative,30.94030944
30.94030944,0.7181819677352905,3.9740511775016794,0.8317181468009949,0.0,3.0,9.0,negative,29.3514116
29.3514116,0.0,3.074376165866852,0.882180392742157,0.746853232383728,4.0,8.0,positive,29.52855574
29.52855574,0.8274831771850586,2.2249751687049866,0.0,0.0,3.0,5.0,positive,30.82576933
30.82576933,0.0,1.5395947098731997,0.0,0.9512621760368348,0.0,3.0,negative,30.44311059
30.44311059,0.8976932168006897,3.819421768188477,0.0,0.0,2.0,7.0,negative,29.9367198891
29.9367198891,0.0,1.595662534236908,0.0,0.0,0.0,3.0,positive,30.50010145
30.50010145,0.0,4.057747721672058,0.0,0.0,0.0,5.0,negative,30.33819592
30.33819592,0.0,0.0,0.0,0.0,0.0,0.0,negative,29.9209609214
29.9209609214,0.9312267303466796,0.0,0.0,0.0,1.0,1.0,positive,30.42699039
30.42699039,0.0,1.4681409001350405,0.0,0.0,0.0,4.0,positive,30.98284688
30.98284688,0.0,0.7107613682746887,0.0,0.8135403394699097,2.0,3.0,positive,31.02766309
31.02766309,0.0,3.054322361946106,0.0,0.9056392908096312,0.0,6.0,positive,31.26088904
31.26088904,0.0,0.7501156330108643,0.0,0.0,1.0,1.0,negative,31.05862971
31.05862971,0.8761696219444275,1.5335246324539185,0.0,0.0,1.0,2.0,negative,29.7124032601
29.7124032601,0.0,0.0,0.0,0.0,0.0,0.0,positive,29.81301114
29.81301114,0.0,0.0,0.0,0.0,1.0,1.0,negative,29.5659781525
29.5659781525,0.0,1.861107885837555,0.0,0.0,1.0,2.0,positive,30.19289873
30.19289873,0.0,0.0,0.0,0.0,0.0,2.0,negative,29.97479916
29.97479916,0.0,0.7677486538887024,1.5963769555091858,0.0,2.0,2.0,positive,30.32810855
30.32810855,0.0,0.0,0.0,0.0,1.0,1.0,negative,30.02763545
30.02763545,0.0,0.0,0.0,0.0,0.0,0.0,positive,30.27171055
30.27171055,0.0,2.2587990760803223,0.0,0.0,0.0,4.0,positive,31.40472419
31.40472419,0.0,1.7968600988388062,0.0,0.0,0.0,2.0,positive,32.04714139
32.04714139,0.0,3.6707704067230233,0.0,0.0,0.0,8.0,positive,32.5084206463
32.5084206463,0.0,7.790308713912964,0.0,0.0,0.0,14.0,positive,32.74105113
32.74105113,0.8677411675453186,1.6134715676307678,0.0,0.0,2.0,2.0,negative,32.57697031
32.57697031,0.0,0.0,0.0,2.3620078563690186,0.0,5.0,negative,32.3172905418
32.3172905418,0.0,0.0,0.7606975436210632,0.0,2.0,0.0,positive,32.71705366
32.71705366,0.0,0.0,0.0,0.0,0.0,0.0,positive,33.39057662
33.39057662,0.0,0.0,1.4387197494506836,3.2198883295059204,3.0,5.0,negative,32.69334168
32.69334168,0.0,0.0,0.0,0.0,1.0,1.0,negative,30.50064235
30.50064235,0.0,0.0,0.0,0.7369638085365295,1.0,1.0,positive,31.02896619
31.02896619,0.0,0.789246141910553,0.0,0.0,2.0,2.0,negative,30.9500102745
30.9500102745,0.0,1.5367289781570437,0.0,0.0,1.0,3.0,positive,31.20101047
31.20101047,0.0,0.0,0.0,0.0,0.0,0.0,negative,30.91214484
30.91214484,0.0,1.441908061504364,0.9320945739746094,0.0,2.0,3.0,negative,30.75122106
30.75122106,0.0,0.0,0.0,0.0,0.0,2.0,positive,31.17864295
31.17864295,0.0,0.0,0.0,0.0,1.0,0.0,negative,30.39929122
30.39929122,0.0,0.8905106782913208,0.0,0.0,0.0,1.0,negative,29.82792073
29.82792073,0.0,0.0,0.0,0.0,0.0,0.0,positive,30.02107507
30.02107507,0.0,0.784843385219574,0.0,0.0,1.0,1.0,negative,29.00117076
29.00117076,0.0,0.0,0.0,0.0,0.0,0.0,negative,28.9805719338
28.9805719338,0.0,1.54645574092865,0.9018343091011048,0.0,1.0,3.0,negative,28.75496282
28.75496282,0.0,2.51923668384552,0.0,0.0,0.0,3.0,positive,28.96585861
28.96585861,0.0,0.0,0.0,0.0,0.0,0.0,negative,28.39107372
28.39107372,0.0,0.835936427116394,0.0,0.0,0.0,1.0,positive,28.70645439
28.70645439,0.0,2.456644654273987,0.0,0.0,0.0,7.0,positive,29.45030743
29.45030743,0.0,0.9511802196502686,0.0,0.920512557029724,0.0,2.0,positive,29.52804242
29.52804242,0.0,2.3578341007232666,0.0,0.0,0.0,3.0,negative,29.08181605
29.08181605,0.0,0.0,0.0,0.0,0.0,0.0,positive,29.17307293
29.17307293,0.0,0.0,0.0,0.0,1.0,2.0,negative,29.07039611
29.07039611,0.0,1.6209051609039309,0.0,0.8363223671913147,0.0,4.0,negative,27.99016195
27.99016195,0.0,0.8627753257751465,0.0,0.8494672775268555,0.0,3.0,positive,28.29509529
28.29509529,0.0,0.0,0.0,0.0,0.0,4.0,positive,28.55393811
28.55393811,0.0,0.0,0.0,2.388930916786194,0.0,3.0,negative,28.15051741
28.15051741,0.0,0.7320403456687927,0.0,0.0,0.0,1.0,negative,27.95079345
27.95079345,0.0,0.9572262167930604,0.0,0.8233258724212646,0.0,4.0,negative,27.78174279
27.78174279,0.0,0.8093637824058533,0.0,0.0,0.0,3.0,negative,27.53144071
27.53144071,0.0,0.7990198731422424,0.0,0.0,2.0,1.0,positive,27.61625531
27.61625531,0.0,0.0,0.0,0.0,0.0,0.0,negative,27.3174813851
27.3174813851,0.0,0.0,0.0,0.0,0.0,0.0,negative,27.20239055
27.20239055,0.0,0.0,0.0,0.0,0.0,0.0,negative,26.25489997
26.25489997,0.0,0.0,0.0,0.0,0.0,0.0,positive,27.1605134593
27.1605134593,0.0,0.0,0.0,0.0,0.0,1.0,negative,26.80559865
26.80559865,0.0,0.0,0.0,0.0,0.0,0.0,negative,26.78794687
26.78794687,0.0,0.7320363521575928,0.0,0.0,0.0,1.0,negative,26.70534987
26.70534987,0.0,0.0,0.0,0.0,0.0,0.0,positive,27.26591173
27.26591173,0.0,0.0,0.0,0.0,0.0,0.0,negative,27.22820259
27.22820259,0.0,0.9292858242988586,0.0,0.7606936097145081,0.0,2.0,negative,27.21402368
27.21402368,0.0,0.0,0.0,0.0,0.0,2.0,negative,27.09296659
27.09296659,0.0,0.8481331467628479,0.0,0.7870057225227356,0.0,3.0,negative,26.78959471
26.78959471,0.0,3.3184404373168945,0.0,0.0,0.0,5.0,positive,26.86407469
26.86407469,0.0,0.7151667475700378,0.0,0.0,0.0,2.0,positive,26.94073653
26.94073653,0.0,1.74523264169693,0.0,0.0,0.0,3.0,positive,27.45429092
27.45429092,0.0,0.0,0.7403323650360107,0.0,1.0,1.0,positive,27.81401365
27.81401365,0.0,0.0,0.0,1.7418797612190249,0.0,4.0,positive,28.01089438
28.01089438,0.0,0.7537814378738403,0.0,0.0,0.0,2.0,positive,28.06188954
28.06188954,0.0,0.0,0.0,0.0,0.0,3.0,positive,28.28280034
28.28280034,0.0,0.7521235942840576,0.0,0.0,0.0,1.0,negative,27.95405798
27.95405798,0.0,0.0,0.0,0.0,0.0,0.0,positive,27.9720112
27.9720112,0.0,0.8437573909759521,0.0,0.0,1.0,1.0,negative,27.6831729712
27.6831729712,0.0,0.0,0.0,0.0,0.0,0.0,positive,27.81638761
27.81638761,0.0,0.0,0.0,0.0,0.0,0.0,negative,27.81135594
27.81135594,0.0,0.7081390619277954,0.0,0.0,0.0,4.0,positive,27.89342637
27.89342637,0.0,0.0,0.0,0.0,0.0,0.0,positive,27.8944334
27.8944334,0.0,0.0,0.0,0.0,0.0,0.0,positive,28.637307
28.637307,0.0,0.0,0.0,0.0,0.0,0.0,negative,28.49991267
28.49991267,0.7527453899383545,0.0,0.0,0.0,1.0,1.0,negative,28.21362339
28.21362339,0.0,0.0,0.0,0.0,0.0,1.0,negative,27.72001695
27.72001695,0.0,0.0,0.0,0.0,0.0,0.0,negative,27.62515898
27.62515898,0.0,0.0,0.0,0.0,0.0,0.0,positive,27.68544233
27.68544233,0.0,0.0,0.0,0.0,0.0,0.0,negative,27.13575553
27.13575553,0.0,1.6015735268592834,0.0,0.0,0.0,2.0,negative,26.97296794
26.97296794,0.0,0.8012723326683044,0.754805862903595,0.0,1.0,3.0,negative,26.79244758
26.79244758,0.0,0.0,0.0,0.0,0.0,1.0,positive,27.15382745
27.15382745,0.0,0.0,0.0,0.0,1.0,2.0,negative,26.66111627
26.66111627,0.0,0.0,0.0,0.0,0.0,1.0,positive,26.8721269
26.8721269,0.0,0.9339585900306702,0.0,0.0,0.0,2.0,negative,26.5596787
26.5596787,0.0,1.4322834610939026,0.0,0.0,0.0,4.0,positive,26.56322998
26.56322998,0.0,0.0,0.0,0.0,0.0,0.0,negative,26.42529457
26.42529457,0.0,0.0,0.0,0.0,0.0,0.0,positive,26.5048899904
26.5048899904,0.0,0.0,0.0,0.0,1.0,0.0,negative,26.27623761
26.27623761,0.0,0.0,0.0,0.0,1.0,1.0,positive,26.38813531
26.38813531,0.0,0.0,0.0,0.0,0.0,1.0,positive,26.57982606
26.57982606,0.0,1.6163941621780396,0.0,0.7255163788795471,1.0,3.0,positive,26.64300541
26.64300541,0.0,0.0,0.0,0.0,0.0,2.0,positive,26.75234976
26.75234976,0.0,0.0,0.0,0.0,0.0,2.0,negative,26.71031999
26.71031999,0.0,2.536907374858856,0.0,0.0,0.0,5.0,negative,26.6137867754
26.6137867754,0.0,0.7283806204795837,0.0,0.0,0.0,2.0,positive,26.99313027
26.99313027,0.0,0.0,0.0,0.0,0.0,1.0,positive,27.2037587
27.2037587,0.0,0.0,0.0,0.0,0.0,0.0,positive,27.7808622347
27.7808622347,0.0,0.0,0.0,0.0,0.0,3.0,positive,28.06387238
28.06387238,0.0,0.0,0.0,0.0,0.0,0.0,negative,27.89276565
27.89276565,0.0,0.0,0.0,0.0,0.0,0.0,negative,27.3741268581
27.3741268581,0.0,0.7434869408607483,0.0,0.0,0.0,1.0,positive,27.60321526
27.60321526,0.0,0.0,0.0,0.0,0.0,0.0,positive,27.95718936
27.95718936,0.890835702419281,0.0,0.7770467400550842,0.0,2.0,1.0,negative,27.77798317
27.77798317,0.0,1.6256182789802551,0.0,0.0,1.0,2.0,negative,27.3861692352
27.3861692352,0.0,0.7014343738555908,0.0,0.0,0.0,1.0,positive,28.67972738
28.67972738,0.0,4.097200393676758,0.0,0.0,0.0,9.0,negative,28.18379686
28.18379686,0.0,1.611556053161621,0.0,0.7568240165710449,0.0,3.0,positive,28.2467281722
28.2467281722,0.0,1.6318331360816956,0.0,0.7105555534362793,0.0,5.0,negative,28.09024829
28.09024829,0.0,4.270815491676331,0.0,0.0,0.0,6.0,negative,27.95564333
27.95564333,0.0,0.7737247347831726,0.95766419172287,0.762495219707489,1.0,2.0,negative,27.9050569572
27.9050569572,0.0,0.7275761365890503,0.0,0.0,0.0,1.0,negative,27.60598042
27.60598042,0.0,0.8618946671485901,0.0,0.0,0.0,1.0,negative,27.5202903886
27.5202903886,0.0,0.7647106647491455,0.0,1.5583481788635254,0.0,3.0,negative,27.00979192
27.00979192,0.0,0.0,0.0,0.0,1.0,1.0,positive,27.19223569
27.19223569,0.0,0.0,0.0,0.0,2.0,0.0,positive,27.46433661
27.46433661,0.8637823462486267,0.0,0.0,0.0,3.0,1.0,negative,26.92646156
26.92646156,0.0,1.539208710193634,0.0,0.0,1.0,4.0,positive,27.08537051
27.08537051,0.0,0.0,0.0,0.0,0.0,1.0,negative,26.96891101
26.96891101,0.0,0.987585186958313,0.0,0.8073798418045044,0.0,2.0,positive,27.5218328801
27.5218328801,0.0,0.0,0.0,0.0,0.0,1.0,negative,27.28814268
27.28814268,0.0,0.0,0.0,0.0,0.0,1.0,negative,27.10026973
27.10026973,0.0,3.377415180206299,0.0,0.0,1.0,4.0,positive,27.33115978
27.33115978,0.0,0.0,0.0,0.0,0.0,0.0,negative,27.2665301419
27.2665301419,0.0,0.0,0.0,0.0,0.0,0.0,positive,27.30538644
27.30538644,0.0,0.7903053760528564,0.0,0.0,1.0,1.0,negative,27.02050307
27.02050307,0.0,0.0,0.0,0.0,0.0,0.0,positive,27.04790529
27.04790529,0.0,1.622556209564209,0.0,0.7437435388565063,0.0,10.0,negative,26.87882112
26.87882112,0.0,0.0,0.0,0.0,0.0,3.0,negative,26.86566608
26.86566608,0.0,0.8204637169837952,0.0,0.0,0.0,3.0,positive,26.99336785
26.99336785,0.0,0.0,0.0,0.0,0.0,1.0,positive,27.15789692
27.15789692,0.0,4.875002026557922,0.0,3.916825115680695,0.0,39.0,positive,27.39011176
27.39011176,0.0,0.0,0.0,0.764214277267456,0.0,4.0,negative,27.28377614
27.28377614,0.0,1.7907432913780212,0.0,0.9030489921569824,0.0,6.0,positive,27.6384038
27.6384038,0.0,0.0,0.0,0.0,2.0,4.0,negative,27.5074209
27.5074209,0.0,1.5799809098243711,0.0,0.7595083117485046,0.0,4.0,negative,27.40275427
27.40275427,0.0,4.125854909420013,0.0,0.0,0.0,10.0,negative,27.27970461
27.27970461,0.0,4.784980535507202,0.0,0.0,1.0,7.0,positive,27.31222969
27.31222969,0.0,4.26807165145874,0.0,0.0,0.0,6.0,negative,27.17483341
27.17483341,0.0,0.8379597663879395,0.0,0.0,0.0,2.0,positive,27.20999695
27.20999695,0.0,0.8781929612159729,0.0,0.0,0.0,1.0,negative,27.16687752
27.16687752,0.0,0.0,0.0,0.0,0.0,1.0,positive,27.37128145
27.37128145,0.7436949014663696,1.6114134192466736,0.0,0.0,1.0,6.0,negative,27.17483272
27.17483272,0.0,0.0,0.0,0.0,0.0,1.0,positive,27.25111203
27.25111203,0.0,0.782334566116333,0.0,0.0,0.0,2.0,negative,27.15852974
27.15852974,0.0,0.0,0.0,0.0,0.0,1.0,negative,27.04579342
27.04579342,0.0,0.841396152973175,0.0,0.0,0.0,2.0,negative,26.95718126
26.95718126,0.0,0.7324888706207275,0.0,0.0,0.0,1.0,positive,26.99737545
26.99737545,0.0,0.0,0.0,0.0,1.0,1.0,positive,27.0012345173
27.0012345173,0.0,0.0,0.0,0.0,0.0,1.0,positive,27.00588898
27.00588898,0.0,0.0,0.0,0.0,0.0,0.0,negative,26.9904009953
26.9904009953,0.0,0.0,0.0,0.0,0.0,0.0,positive,27.25503287
27.25503287,0.0,0.7763354778289795,0.0,0.0,0.0,1.0,negative,27.10058983
27.10058983,0.0,0.8148242831230164,0.0,0.0,0.0,2.0,positive,27.10386564
27.10386564,0.0,1.665173590183258,0.0,0.948663890361786,0.0,3.0,positive,27.22636282
27.22636282,0.0,0.0,0.0,0.7201848030090332,0.0,1.0,negative,27.1417441
27.1417441,0.0,0.0,0.0,0.0,0.0,0.0,negative,26.48049529
26.48049529,0.0,0.0,0.0,0.0,0.0,1.0,positive,26.50440233
26.50440233,0.0,0.8218843340873718,0.0,0.0,0.0,1.0,negative,26.3484927147
26.3484927147,0.0,1.668171525001526,0.0,1.6684091687202454,2.0,8.0,negative,26.34612485
26.34612485,0.0,0.7718421816825867,0.0,0.0,1.0,1.0,negative,25.90931665
25.90931665,0.0,0.8980417847633362,0.0,0.0,0.0,1.0,positive,26.06673639
26.06673639,0.0,0.0,0.0,0.0,0.0,0.0,positive,26.1514127
26.1514127,0.0,0.0,0.0,0.0,0.0,1.0,negative,26.05344553
26.05344553,0.7672761082649231,0.0,0.0,0.0,1.0,2.0,negative,25.90688748
25.90688748,0.0,0.845150351524353,0.0,0.0,1.0,1.0,negative,25.37693744
25.37693744,0.0,0.0,0.0,0.0,2.0,1.0,positive,25.57875439
25.57875439,0.0,4.6467286348342896,0.0,0.0,0.0,6.0,positive,26.39213351
26.39213351,0.0,0.0,0.0,0.0,0.0,1.0,negative,26.22133571
26.22133571,0.0,0.0,0.0,0.0,1.0,0.0,positive,26.45369516
26.45369516,0.0,0.0,0.8264483213424683,0.0,2.0,0.0,negative,26.40625285
26.40625285,0.0,0.7943743467330933,0.0,0.0,0.0,2.0,positive,26.64518033
26.64518033,0.0,0.0,0.0,0.0,0.0,0.0,negative,26.38392163
26.38392163,0.0,0.0,0.0,0.0,0.0,1.0,negative,26.33075743
26.33075743,0.0,0.0,0.0,0.0,1.0,0.0,negative,26.26257781
26.26257781,0.0,0.0,0.0,0.0,1.0,0.0,negative,25.9859812
25.9859812,0.0,0.7905036211013794,0.0,0.0,0.0,1.0,negative,25.45951999
25.45951999,0.0,0.0,0.0,0.0,1.0,1.0,negative,24.66127872
24.66127872,0.0,0.905842900276184,0.0,0.0,0.0,4.0,negative,23.96267263
23.96267263,0.0,0.0,0.0,0.0,0.0,1.0,positive,24.05899047
24.05899047,0.0,0.7423877716064453,0.0,1.604905903339386,0.0,3.0,negative,23.51387397
23.51387397,0.0,0.0,0.0,0.7734313011169434,1.0,1.0,positive,24.06257552
24.06257552,0.0,0.0,0.0,0.0,0.0,0.0,negative,22.9757579516
22.9757579516,0.0,0.0,0.0,0.7420985698699951,1.0,1.0,positive,23.39474411
23.39474411,0.0,2.4050102829933167,0.0,0.0,0.0,3.0,negative,23.2302463483
23.2302463483,0.0,0.0,0.0,0.0,0.0,0.0,positive,23.3186406574
23.3186406574,0.0,0.0,0.0,0.0,0.0,1.0,negative,23.27305131
23.27305131,0.0,0.0,0.0,0.0,0.0,1.0,positive,23.5551883
23.5551883,0.0,0.0,0.0,0.0,0.0,0.0,positive,23.61729088
23.61729088,0.0,0.7313342094421387,0.9424988627433776,0.0,1.0,2.0,positive,24.19009507
24.19009507,0.0,0.8901665210723877,0.0,0.0,0.0,1.0,negative,23.74188588
23.74188588,0.0,0.0,0.0,0.0,0.0,0.0,negative,23.26787967
23.26787967,0.0,0.0,0.0,0.0,0.0,0.0,positive,23.47210868
23.47210868,0.0,0.0,0.0,0.0,0.0,0.0,negative,23.42629267
23.42629267,0.0,0.0,0.0,0.0,0.0,2.0,positive,23.49708433
23.49708433,0.0,0.0,0.0,0.0,0.0,0.0,positive,23.51476787
23.51476787,0.0,0.7006412744522095,0.0,0.0,0.0,2.0,positive,23.68229171
23.68229171,0.0,0.0,0.9257906079292296,0.0,1.0,0.0,negative,23.68115549
23.68115549,0.0,0.0,0.7522343397140503,0.0,1.0,0.0,negative,23.35415478
23.35415478,0.0,0.0,0.0,0.0,0.0,0.0,negative,23.13069022
23.13069022,0.0,0.0,0.0,0.0,1.0,0.0,positive,23.45458521
23.45458521,0.8458321690559387,0.0,0.0,0.0,1.0,0.0,positive,23.6211253
23.6211253,0.0,0.0,0.0,0.0,0.0,1.0,positive,23.99436768
23.99436768,0.0,0.0,0.0,0.0,0.0,0.0,positive,24.02280287
24.02280287,0.0,1.6175118684768677,0.0,0.0,1.0,2.0,positive,24.45215116
24.45215116,0.7273499369621277,0.0,0.0,0.0,1.0,1.0,negative,24.19397827
24.19397827,0.0,0.0,0.0,0.0,0.0,1.0,negative,23.8930460821
23.8930460821,0.0,0.0,0.0,0.0,0.0,1.0,positive,24.00782426
24.00782426,0.0,0.0,0.0,0.0,0.0,0.0,positive,24.08042732
24.08042732,0.0,0.9235870838165284,0.0,0.0,1.0,1.0,positive,24.19607519
24.19607519,0.0,0.9235870838165284,0.8421144485473633,0.0,3.0,1.0,negative,24.02923607
24.02923607,0.0,0.0,0.0,0.0,1.0,0.0,negative,24.00051211
24.00051211,0.0,0.0,0.0,0.0,1.0,0.0,positive,24.09146479
24.09146479,0.0,1.823532462120056,0.0,0.0,0.0,2.0,positive,24.1098907
24.1098907,0.0,0.0,0.0,0.0,0.0,0.0,negative,24.02327453
24.02327453,0.0,0.0,0.0,0.0,0.0,0.0,positive,24.10074014
24.10074014,0.0,0.0,0.0,0.0,0.0,0.0,positive,24.35326423
24.35326423,0.0,0.0,0.0,0.0,0.0,0.0,negative,24.14439152
24.14439152,0.0,0.0,0.0,0.0,1.0,0.0,negative,24.10701588
24.10701588,0.0,0.0,0.0,0.0,0.0,0.0,negative,24.05946385
24.05946385,0.0,0.803267776966095,0.0,0.0,0.0,2.0,negative,23.81520454
23.81520454,0.0,0.0,0.0,0.0,0.0,1.0,negative,23.73731852
23.73731852,0.0,0.8095376491546631,0.0,0.0,0.0,2.0,negative,23.56579795
23.56579795,0.0,0.0,0.0,0.0,0.0,0.0,negative,23.43675647
23.43675647,0.0,0.7264209389686584,0.0,0.0,0.0,1.0,positive,23.48401037
23.48401037,0.0,2.446312129497528,0.0,0.0,0.0,5.0,positive,23.70902845
23.70902845,0.0,0.929067611694336,0.0,0.8968257904052734,0.0,3.0,positive,23.71849101
23.71849101,0.0,0.0,0.0,0.0,0.0,0.0,positive,23.82924174
23.82924174,0.0,5.963970363140106,0.0,0.7087126970291138,3.0,10.0,positive,23.97915049
23.97915049,0.0,5.0258678793907166,0.0,0.0,0.0,6.0,positive,24.11975871
24.11975871,0.0,0.0,0.0,0.0,0.0,0.0,negative,23.9357457
23.9357457,0.0,2.451005756855011,0.0,0.0,0.0,5.0,negative,23.7561009
23.7561009,0.0,0.0,0.0,0.0,0.0,1.0,positive,23.86787626
23.86787626,0.0,1.608465850353241,0.0,0.0,0.0,2.0,negative,23.84096613
23.84096613,0.7492942810058594,1.7044373154640198,0.0,0.0,1.0,2.0,negative,23.586701
23.586701,0.0,1.5981500148773191,0.0,0.0,1.0,2.0,negative,23.14005336
23.14005336,0.0,0.8422566056251526,0.8432585000991821,0.0,1.0,1.0,negative,22.78601985
22.78601985,0.0,0.9236639142036438,0.0,0.0,0.0,1.0,positive,23.1576701
23.1576701,0.0,0.0,0.0,0.0,0.0,0.0,negative,23.08788445
23.08788445,0.0,0.0,0.0,0.0,0.0,1.0,negative,22.85697789
22.85697789,0.0,0.0,0.0,0.8278088569641113,0.0,5.0,positive,23.04650888
23.04650888,0.0,0.0,0.0,0.0,1.0,0.0,positive,23.12043005
23.12043005,0.0,0.0,0.0,0.0,0.0,1.0,negative,23.10952302
23.10952302,0.0,0.0,0.0,0.0,0.0,0.0,positive,23.2163502
23.2163502,0.0,0.0,0.0,0.0,0.0,0.0,positive,23.22585118
23.22585118,0.0,1.6593804955482483,0.0,0.0,0.0,2.0,negative,23.10631531
23.10631531,0.0,0.0,0.0,0.0,0.0,0.0,positive,23.22724808
23.22724808,0.0,1.506386935710907,0.0,0.0,0.0,5.0,positive,23.67404214
23.67404214,0.0,1.7284020781517029,0.0,0.0,0.0,6.0,negative,23.58278584
23.58278584,0.0,1.667925477027893,0.0,0.0,1.0,2.0,positive,23.78187012
23.78187012,0.0,2.923923909664154,0.0,0.0,0.0,5.0,positive,23.82479884
23.82479884,0.0,1.4599981307983398,0.0,0.8122143149375916,0.0,4.0,positive,23.82772169
23.82772169,0.0,0.8373106718063354,0.0,0.0,0.0,1.0,negative,23.685052
23.685052,0.0,0.0,0.0,0.7342312932014465,0.0,2.0,positive,23.70435175
23.70435175,0.0,0.8502359986305237,0.0,0.0,0.0,2.0,negative,23.70172323
23.70172323,0.0,0.0,0.0,0.0,0.0,2.0,positive,24.07284795
24.07284795,0.0,0.0,0.0,0.0,0.0,0.0,positive,24.23074418
24.23074418,0.0,0.0,0.0,0.0,0.0,3.0,positive,24.26111049
24.26111049,0.0,0.0,0.0,0.0,0.0,0.0,negative,24.14543437
24.14543437,0.7541289329528809,0.0,0.0,0.0,1.0,1.0,positive,24.16933032
24.16933032,0.0,0.0,0.0,0.0,0.0,0.0,positive,24.3032807
24.3032807,0.0,0.0,0.0,0.0,0.0,2.0,negative,24.21176422
24.21176422,0.0,0.0,0.0,0.0,0.0,0.0,positive,24.5584206
24.5584206,0.0,0.0,0.0,0.0,1.0,0.0,positive,24.61382437
24.61382437,0.0,0.0,0.0,0.0,1.0,1.0,positive,24.83848252
24.83848252,0.0,0.0,0.0,0.0,0.0,3.0,negative,24.68404877
24.68404877,0.0,0.0,0.0,0.0,0.0,0.0,positive,24.78778067
24.78778067,0.0,0.0,0.0,0.0,0.0,0.0,negative,24.63010704
24.63010704,0.0,0.0,0.0,0.0,0.0,1.0,negative,24.57489758
24.57489758,0.0,0.0,0.0,0.0,0.0,0.0,negative,24.42736287
24.42736287,0.0,0.9094506502151488,0.0,0.7856708765029907,0.0,2.0,positive,24.44130585
24.44130585,0.0,0.0,0.0,0.0,0.0,0.0,positive,24.58568191
24.58568191,0.0,0.0,0.0,0.0,0.0,0.0,negative,24.23491317
24.23491317,0.0,0.0,0.0,0.0,0.0,2.0,negative,24.06362298
24.06362298,0.0,0.0,0.0,0.0,0.0,0.0,positive,24.09523704
24.09523704,0.0,0.0,0.0,0.0,0.0,0.0,positive,24.22505935
24.22505935,0.0,1.6630748510360718,0.0,0.0,0.0,2.0,positive,24.31079361
24.31079361,0.0,0.0,0.0,0.0,0.0,0.0,negative,24.28273067
24.28273067,0.0,0.8278793096542358,0.0,0.0,0.0,7.0,negative,24.26072314
24.26072314,0.0,1.6865403056144714,0.0,0.0,0.0,3.0,positive,24.4383628
24.4383628,0.0,0.0,0.0,0.0,1.0,0.0,negative,24.40047927
24.40047927,0.0,0.0,0.0,0.0,0.0,0.0,positive,24.5001056
24.5001056,0.0,0.903108537197113,0.0,0.0,0.0,1.0,positive,24.6752758
24.6752758,0.0,0.0,0.0,0.7462802529335022,1.0,1.0,positive,24.74286535
24.74286535,0.7866657972335815,0.0,0.0,0.0,1.0,0.0,positive,24.86748831
24.86748831,0.0,0.0,0.0,0.0,0.0,0.0,negative,24.81306415
24.81306415,0.0,0.0,0.0,0.0,0.0,0.0,negative,24.68089483
24.68089483,0.0,0.0,0.0,0.0,0.0,0.0,negative,24.66338794
24.66338794,0.0,0.0,0.0,0.0,3.0,3.0,negative,24.55058844
24.55058844,0.0,0.0,0.0,0.0,0.0,0.0,positive,24.68905535
24.68905535,0.0,0.0,0.0,0.0,0.0,0.0,negative,24.66025786
24.66025786,0.0,0.0,0.0,0.0,1.0,1.0,positive,24.71105025
24.71105025,0.0,0.0,0.0,0.0,0.0,0.0,negative,24.67152369
24.67152369,0.0,0.0,0.0,0.0,0.0,0.0,positive,24.8300886
24.8300886,0.0,0.7954729199409485,0.0,0.0,1.0,2.0,positive,24.94670701
24.94670701,0.0,0.0,0.0,0.0,0.0,0.0,negative,24.81749047
24.81749047,0.0,0.0,0.0,0.0,0.0,0.0,positive,24.84656698
24.84656698,0.0,0.0,0.0,0.0,0.0,1.0,positive,25.26303322
25.26303322,0.0,0.0,0.0,0.0,0.0,0.0,positive,25.43941194
25.43941194,0.0,0.7591645121574402,0.0,0.0,1.0,2.0,positive,25.50626423
25.50626423,0.0,0.0,0.0,0.0,0.0,0.0,negative,25.18627333
25.18627333,0.0,0.0,0.0,0.0,1.0,0.0,negative,25.07379663
25.07379663,0.0,1.5874412059783936,0.0,0.0,0.0,3.0,positive,25.22872214
25.22872214,0.0,0.800739049911499,0.0,0.0,0.0,2.0,positive,25.41612275
25.41612275,0.0,2.334355413913727,0.0,0.0,0.0,4.0,positive,25.43625441
25.43625441,0.0,0.0,0.0,0.0,1.0,0.0,positive,25.92965137
25.92965137,0.0,0.0,0.0,0.0,1.0,0.0,negative,25.82839937
25.82839937,0.0,0.0,0.0,0.0,0.0,0.0,negative,25.78738459
25.78738459,0.0,0.0,0.0,0.0,0.0,0.0,positive,26.13304611
26.13304611,0.0,0.0,0.0,0.0,1.0,1.0,positive,26.3215492
26.3215492,0.0,0.0,0.8409260511398315,0.0,2.0,0.0,negative,26.17414772
26.17414772,0.0,0.0,0.0,0.0,0.0,0.0,positive,26.22118195
26.22118195,0.0,0.0,0.0,0.0,0.0,0.0,positive,26.74712799
26.74712799,0.0,0.0,0.0,0.0,0.0,2.0,negative,26.52214234
26.52214234,0.0,0.0,0.792874276638031,0.7190964221954346,2.0,1.0,negative,26.49457519
26.49457519,0.0,1.4438384771347046,0.0,0.0,0.0,2.0,positive,26.5087432
26.5087432,0.0,0.0,0.0,0.0,1.0,0.0,negative,26.46286765
26.46286765,0.0,0.7851425409317017,0.0,0.0,0.0,2.0,positive,26.73211948
26.73211948,0.0,0.0,0.0,0.0,0.0,0.0,negative,26.10422065
26.10422065,0.0,0.7441095113754272,0.0,0.0,2.0,2.0,positive,26.33705723
26.33705723,0.0,0.0,0.0,0.0,0.0,0.0,negative,26.31944919
26.31944919,0.0,0.743733286857605,0.0,0.0,0.0,2.0,negative,26.12745553
26.12745553,0.0,0.888309121131897,0.0,0.0,1.0,6.0,positive,26.22216116
26.22216116,0.0,0.0,0.0,0.0,0.0,1.0,negative,26.1201711
26.1201711,0.0,1.5425053238868711,0.0,0.0,0.0,3.0,negative,25.95529224
25.95529224,0.0,0.0,0.0,0.0,1.0,0.0,positive,26.19066018
26.19066018,0.0,0.0,0.0,0.0,0.0,0.0,negative,25.99947029
25.99947029,0.0,0.7281836867332458,0.0,0.0,1.0,1.0,positive,26.32424331
26.32424331,0.0,0.881695032119751,0.0,0.0,0.0,1.0,negative,26.20483242
26.20483242,0.7677651643753052,6.619717657566071,0.0,0.0,1.0,10.0,negative,26.00099066
26.00099066,0.0,0.0,0.0,0.0,0.0,1.0,positive,26.05764712
26.05764712,0.0,0.8594560027122498,0.0,0.0,1.0,1.0,positive,26.10583238
26.10583238,0.0,1.4574370384216309,0.0,0.0,0.0,3.0,negative,26.02283635
26.02283635,0.0,0.8594560027122498,0.0,0.0,0.0,2.0,negative,25.93308176
25.93308176,0.0,0.0,0.0,0.0,1.0,1.0,positive,26.10860767
26.10860767,0.0,1.5449763536453247,0.0,0.0,0.0,2.0,positive,26.19921636
26.19921636,0.0,0.0,0.0,0.0,0.0,0.0,positive,26.29787931
26.29787931,0.0,0.0,0.0,0.0,0.0,0.0,positive,26.58127121
26.58127121,0.0,0.0,0.0,0.0,0.0,0.0,negative,26.48226823
26.48226823,0.0,0.0,0.0,0.0,0.0,0.0,positive,26.51065755
26.51065755,0.0,0.0,0.0,0.0,0.0,0.0,positive,26.79113438
26.79113438,0.0,0.0,0.0,0.0,0.0,0.0,negative,26.53331494
26.53331494,0.0,0.0,0.0,0.0,0.0,0.0,negative,26.35850552
26.35850552,0.0,0.0,0.0,0.0,0.0,0.0,negative,25.98806937
25.98806937,0.0,0.0,0.0,0.0,0.0,0.0,positive,26.22116564
26.22116564,0.0,3.138812482357025,0.0,0.0,0.0,6.0,positive,26.39082728
26.39082728,0.8964837193489075,1.739834547042847,0.0,0.0,1.0,2.0,positive,26.55530711
26.55530711,0.0,0.8006090521812439,0.0,0.0,0.0,3.0,positive,26.58054225
26.58054225,0.7286878824234009,0.7958373427391052,0.0,0.0,1.0,2.0,positive,26.88844857
26.88844857,0.0,0.7357633113861084,0.0,0.0,0.0,2.0,negative,26.78520301
26.78520301,0.0,0.0,0.0,0.0,0.0,0.0,positive,26.89112725
26.89112725,0.0,0.7084653973579407,0.0,0.0,0.0,2.0,positive,27.22944463
27.22944463,0.0,0.0,0.0,0.0,0.0,0.0,positive,27.26452057
27.26452057,0.0,1.658604919910431,0.8653672337532043,0.0,3.0,2.0,negative,27.21148951
27.21148951,0.0,0.0,0.0,0.0,6.0,0.0,positive,27.33433844
27.33433844,0.0,0.0,0.0,0.0,1.0,0.0,positive,27.50095067
27.50095067,0.0,0.0,0.0,0.0,2.0,2.0,positive,27.69442633
27.69442633,0.0,0.0,0.0,0.0,0.0,0.0,negative,27.62401268
27.62401268,0.0,0.0,0.0,0.0,0.0,0.0,negative,27.43331276
27.43331276,0.0,0.0,0.0,0.8517972826957703,0.0,1.0,negative,26.9796072
26.9796072,0.0,0.8992369174957275,0.0,0.0,0.0,1.0,positive,27.15112807
27.15112807,0.0,0.0,0.0,0.0,0.0,0.0,negative,27.12582701
27.12582701,0.0,0.0,0.0,0.0,1.0,0.0,negative,27.05748715
27.05748715,0.0,0.0,0.0,0.0,0.0,1.0,positive,27.11143705
27.11143705,0.0,0.7518339157104492,0.0,0.0,0.0,1.0,positive,27.14764691
27.14764691,0.0,0.0,0.0,0.0,1.0,0.0,positive,27.30577309
27.30577309,0.0,0.0,0.0,0.0,0.0,1.0,positive,27.77061484
27.77061484,0.0,0.7314307689666748,0.0,0.0,1.0,2.0,negative,27.72833148
27.72833148,0.0,0.0,0.0,0.0,0.0,0.0,positive,27.73203381
27.73203381,0.0,3.211094558238983,0.0,0.8437247276306152,1.0,12.0,positive,28.35900069
28.35900069,0.0,4.036804378032684,0.0,0.0,0.0,16.0,positive,28.63368345
28.63368345,0.0,2.2104715704917908,0.0,0.0,0.0,7.0,positive,28.66388933
28.66388933,0.0,0.7844862341880798,0.0,0.7550112009048462,1.0,4.0,negative,28.60088318
28.60088318,0.8983861207962036,1.7392964363098145,0.0,0.0,2.0,6.0,negative,28.22082106
28.22082106,0.0,0.772843599319458,0.741600513458252,0.0,1.0,4.0,positive,28.23763566
28.23763566,0.0,0.950801432132721,0.819071888923645,0.0,6.0,1.0,positive,28.32973001
28.32973001,0.7542669177055359,0.0,0.8661415576934814,0.0,3.0,1.0,negative,27.82193485
27.82193485,0.0,0.0,0.0,0.0,1.0,0.0,positive,28.02024575
28.02024575,0.7561927437782288,0.0,0.0,0.0,1.0,1.0,positive,28.40770375
28.40770375,0.701809287071228,0.0,0.0,0.0,2.0,1.0,positive,28.51634175
28.51634175,0.0,4.013290584087372,0.0,0.0,0.0,6.0,positive,28.57338329
28.57338329,0.0,0.0,0.0,0.0,0.0,0.0,negative,28.51891513
28.51891513,0.0,0.0,0.0,0.0,0.0,0.0,positive,28.81765835
28.81765835,0.0,0.0,0.0,0.0,0.0,0.0,positive,28.84297964
28.84297964,0.0,0.0,0.0,0.0,0.0,1.0,negative,28.55146079
28.55146079,0.0,0.0,0.0,0.0,1.0,1.0,negative,28.41096224
28.41096224,0.0,0.779845654964447,0.0,0.0,1.0,1.0,positive,28.71042459
28.71042459,0.0,0.0,0.0,0.0,0.0,3.0,negative,28.50024915
28.50024915,0.0,0.0,0.0,0.0,0.0,1.0,positive,28.57834138
28.57834138,0.0,0.0,0.0,0.0,0.0,0.0,negative,28.45300943
28.45300943,0.0,0.0,0.0,0.0,0.0,1.0,negative,28.43842909
28.43842909,0.0,2.3271155953407288,0.0,0.0,0.0,4.0,negative,28.36412961
28.36412961,0.0,0.8099077939987183,0.7440471053123474,0.0,1.0,2.0,negative,28.34601341
28.34601341,0.0,1.7336493730545044,0.0,0.0,0.0,2.0,negative,28.13987961
28.13987961,0.0,0.0,0.0,0.0,0.0,0.0,positive,28.37804303
28.37804303,0.0,1.7613475918769836,0.0,0.0,0.0,2.0,negative,28.12996308
28.12996308,0.0,0.7240224480628967,0.0,0.0,0.0,2.0,positive,28.27871586
28.27871586,0.0,0.0,0.0,1.7976497411727903,1.0,2.0,positive,28.49163608
28.49163608,0.0,0.8583539128303528,0.0,0.0,0.0,3.0,positive,28.65557338
28.65557338,0.0,0.0,0.0,0.0,1.0,0.0,positive,29.04301027
29.04301027,0.701257050037384,4.129187285900116,0.0,1.7976497411727903,1.0,10.0,negative,29.03665927
29.03665927,0.0,1.5024263262748718,0.0,0.7722874879837036,0.0,3.0,negative,28.9081073
28.9081073,2.3536362648010254,1.730379283428192,0.0,0.0,6.0,2.0,negative,28.8728677
28.8728677,0.0,0.8971611857414246,0.0,0.0,1.0,3.0,positive,28.93105149
28.93105149,0.0,0.8886010050773621,0.0,0.0,0.0,1.0,positive,28.99297194
28.99297194,0.0,0.8639572262763977,0.0,0.8596702218055725,0.0,3.0,positive,29.13250574
29.13250574,0.0,0.0,0.0,0.0,0.0,1.0,positive,29.43344492
29.43344492,0.0,0.8021780848503113,0.0,0.0,1.0,1.0,negative,29.29087684
29.29087684,0.0,0.0,0.0,0.0,0.0,1.0,negative,29.05535984
29.05535984,0.0,0.0,0.0,0.0,0.0,0.0,positive,29.15122812
29.15122812,0.0,0.0,0.0,0.0,2.0,0.0,positive,29.22311099
29.22311099,0.0,0.0,0.0,0.0,0.0,1.0,negative,28.95910995
28.95910995,0.0,0.0,0.0,0.0,0.0,0.0,negative,28.89080714
28.89080714,0.0,0.0,0.0,0.0,0.0,1.0,positive,28.90624361
28.90624361,0.0,0.0,0.0,0.0,0.0,0.0,positive,29.00276792
29.00276792,0.0,0.0,0.0,0.0,0.0,0.0,positive,29.08165704
29.08165704,0.0,0.9426519274711608,0.0,0.0,0.0,1.0,positive,29.14488396
29.14488396,0.0,0.0,0.0,0.0,0.0,0.0,negative,29.02491649
29.02491649,0.0,2.402166783809662,0.0,0.0,0.0,3.0,negative,28.95178393
28.95178393,0.0,3.849429488182068,0.0,0.0,2.0,5.0,positive,29.0832035
29.0832035,0.0,0.0,0.0,0.0,0.0,1.0,negative,28.96643127
28.96643127,0.0,0.0,0.0,0.0,0.0,0.0,negative,28.65436701
28.65436701,0.0,0.0,0.0,0.0,1.0,0.0,negative,28.49155836
28.49155836,0.0,0.0,0.0,0.0,1.0,0.0,negative,28.01819279
28.01819279,0.0,0.7476562857627869,0.0,0.0,2.0,1.0,negative,26.72707771
26.72707771,3.270713686943054,0.0,0.0,0.0,5.0,0.0,negative,26.63811156
26.63811156,0.0,0.0,0.0,0.0,0.0,1.0,positive,27.09457151
27.09457151,0.0,0.9225940108299256,0.0,0.0,0.0,1.0,positive,27.21426279
27.21426279,0.0,0.0,0.0,0.0,0.0,1.0,negative,27.04341091
27.04341091,0.0,0.0,0.0,0.0,0.0,2.0,positive,27.36792313
27.36792313,0.0,0.0,0.0,0.0,1.0,0.0,positive,27.42454341
27.42454341,0.0,0.0,0.0,0.0,0.0,0.0,positive,27.43197193
27.43197193,0.0,0.0,0.0,0.0,0.0,0.0,negative,27.33264285
27.33264285,0.0,0.0,0.0,0.0,0.0,0.0,positive,27.58530413
27.58530413,0.0,0.0,0.0,0.0,0.0,0.0,positive,27.7254491
27.7254491,0.0,0.0,0.0,0.0,0.0,0.0,positive,28.00226303
28.00226303,0.0,0.0,0.0,0.0,0.0,0.0,negative,27.60018574
27.60018574,0.0,0.0,0.0,0.0,0.0,0.0,negative,26.82054012
26.82054012,0.0,0.8167186379432678,0.0,0.0,0.0,2.0,positive,27.31370635
27.31370635,0.0,0.0,0.0,0.0,0.0,0.0,negative,27.00248627
27.00248627,0.0,0.0,0.0,0.0,0.0,0.0,negative,26.72712662
26.72712662,0.0,0.0,0.0,0.0,0.0,1.0,negative,26.34477359
26.34477359,0.0,0.0,0.0,0.0,0.0,0.0,negative,26.01563406
26.01563406,0.0,0.7425682544708252,0.0,0.0,0.0,1.0,positive,26.20343283
26.20343283,0.0,0.0,0.0,0.0,0.0,0.0,positive,26.50789543
26.50789543,0.0,0.0,0.9110424518585204,0.0,1.0,0.0,positive,26.69153442
26.69153442,0.0,1.4933066964149475,0.0,0.0,0.0,2.0,positive,26.94800164
26.94800164,0.0,0.0,0.0,0.0,1.0,1.0,positive,26.95600833
26.95600833,0.0,0.7412776350975037,0.0,0.0,0.0,2.0,positive,27.445853
27.445853,0.0,0.0,0.0,0.0,0.0,0.0,negative,27.29626099
27.29626099,0.0,0.0,0.0,0.0,0.0,1.0,negative,27.11068785
27.11068785,0.0,0.0,0.0,0.0,0.0,0.0,negative,27.02939247
27.02939247,0.0,0.0,0.0,0.0,0.0,0.0,positive,27.27077525
27.27077525,0.0,0.0,0.0,0.0,0.0,0.0,negative,26.86317923
26.86317923,0.0,0.837853729724884,0.0,0.0,0.0,1.0,positive,27.20263841
27.20263841,0.0,0.7225139737129211,0.0,0.0,0.0,1.0,positive,27.28568005
27.28568005,0.0,0.0,0.0,0.0,0.0,0.0,negative,27.17392501
27.17392501,0.0,0.0,0.0,0.0,0.0,0.0,positive,27.28213556
27.28213556,0.0,0.0,0.0,0.0,0.0,0.0,positive,27.40045458
27.40045458,0.0,0.0,0.0,0.0,0.0,0.0,positive,27.41630815
27.41630815,0.0,0.0,0.0,0.0,1.0,0.0,positive,27.79380251
27.79380251,0.0,0.0,0.0,0.0,0.0,0.0,negative,27.6886662
27.6886662,0.0,1.713493525981903,0.0,0.0,0.0,3.0,positive,27.73042808
27.73042808,0.0,0.0,0.0,0.0,0.0,0.0,negative,27.66951967
27.66951967,0.0,0.8841685056686401,0.0,0.0,0.0,2.0,negative,27.55270439
27.55270439,0.0,0.0,0.0,0.0,0.0,0.0,negative,27.48019074
27.48019074,0.0,0.0,0.0,0.0,0.0,0.0,positive,27.7301287
27.7301287,0.0,0.0,0.0,0.0,0.0,0.0,negative,27.60011209
27.60011209,0.0,0.0,0.0,0.0,0.0,0.0,positive,27.71624166
27.71624166,0.0,0.0,0.0,0.0,0.0,0.0,negative,27.66485377
27.66485377,0.0,0.0,0.0,0.0,0.0,0.0,positive,27.73944418
27.73944418,0.0,0.0,0.0,0.0,0.0,0.0,positive,28.13614699
28.13614699,0.0,0.7561448812484741,0.0,0.0,2.0,1.0,positive,28.13761757
28.13761757,0.0,0.0,0.0,0.0,0.0,0.0,positive,28.15622125
28.15622125,0.0,0.0,0.0,0.0,0.0,0.0,negative,28.14661569
28.14661569,0.0,0.0,0.0,0.0,0.0,0.0,negative,28.10885868
28.10885868,0.0,0.9479671716690063,0.0,0.0,0.0,1.0,negative,27.99711391
27.99711391,0.0,0.7379167675971985,0.0,0.0,1.0,1.0,positive,28.03626519
28.03626519,0.0,0.0,0.0,0.0,0.0,0.0,negative,27.81945028
27.81945028,0.0,0.0,0.0,0.0,0.0,0.0,positive,28.20230993
28.20230993,0.0,0.0,0.0,0.0,0.0,0.0,positive,28.45256031
28.45256031,0.0,0.0,0.0,0.0,0.0,1.0,negative,28.20423322
28.20423322,0.882499098777771,0.0,0.0,0.0,2.0,0.0,positive,28.33100055
28.33100055,1.5622656345367432,2.467016220092773,0.0,0.0,6.0,4.0,negative,28.27843663
28.27843663,0.7655407786369324,0.0,0.7256034016609192,0.0,4.0,0.0,positive,28.47007082
28.47007082,0.0,0.0,0.0,0.0,1.0,0.0,negative,28.44772735
28.44772735,0.0,0.861403226852417,0.0,0.0,1.0,4.0,positive,28.50113923
28.50113923,0.0,0.8590578436851501,0.0,0.0,1.0,1.0,positive,28.53649448
28.53649448,0.0,2.488332748413086,0.0,0.0,0.0,5.0,negative,28.46859799
28.46859799,0.0,0.8415969610214233,0.0,0.0,0.0,1.0,negative,28.28821624
28.28821624,0.0,0.0,0.0,0.0,0.0,1.0,positive,28.33043848
28.33043848,0.0,0.0,0.0,0.0,0.0,1.0,positive,28.60075469
28.60075469,0.0,0.7395387291908264,0.0,0.0,0.0,1.0,positive,28.61810269
28.61810269,0.0,0.7395387291908264,0.0,0.0,0.0,7.0,positive,29.03695861
29.03695861,0.0,1.6989505290985107,0.0,0.0,0.0,2.0,negative,28.81269766
28.81269766,0.0,0.0,0.0,0.0,0.0,0.0,positive,28.9604646119889
28.9604646119889,0.0,0.0,0.0,0.0,0.0,0.0,negative,28.69725009
28.69725009,0.0,0.741302490234375,0.0,0.0,0.0,1.0,positive,28.99268223
28.99268223,0.0,0.0,0.0,0.0,0.0,0.0,positive,29.03743013
29.03743013,0.0,0.0,0.0,0.0,0.0,0.0,negative,29.01144618
29.01144618,0.0,0.0,0.0,0.0,1.0,0.0,negative,28.9407863
28.9407863,0.0,0.0,0.0,0.0,1.0,0.0,positive,29.02373119
29.02373119,0.0,0.0,0.7715891003608704,0.0,1.0,0.0,negative,28.85103081
28.85103081,0.0,0.0,0.0,0.0,1.0,0.0,positive,28.94385354
28.94385354,0.0,1.6292102336883545,0.0,0.0,1.0,2.0,positive,29.03963331
29.03963331,0.0,0.0,0.0,0.0,0.0,0.0,positive,29.19851008
29.19851008,0.0,0.0,0.0,0.0,0.0,0.0,negative,29.19226469
29.19226469,0.0,0.0,0.0,0.0,1.0,2.0,positive,29.27041812
29.27041812,0.0,0.8335182666778564,0.0,0.0,1.0,1.0,negative,29.01395358
29.01395358,0.0,0.880515992641449,0.0,0.0,0.0,1.0,positive,29.04651588
29.04651588,0.0,0.0,0.0,0.0,1.0,0.0,negative,29.02553886
29.02553886,0.0,0.0,0.0,0.0,0.0,0.0,negative,28.80526575
28.80526575,0.0,0.0,0.0,0.0,0.0,1.0,negative,28.66613567
28.66613567,0.8976932168006897,0.0,0.0,0.0,1.0,0.0,negative,28.4894592
28.4894592,0.0,0.0,0.0,0.0,0.0,2.0,positive,28.53700964
28.53700964,0.0,0.0,0.0,0.0,2.0,1.0,negative,28.3965211
28.3965211,0.0,0.7968433499336243,0.0,0.0,0.0,2.0,negative,28.3369195
28.3369195,0.0,1.5849802494049072,0.0,0.0,0.0,3.0,positive,28.52975209
28.52975209,0.7090795040130615,0.7995569109916687,1.501611590385437,0.0,3.0,1.0,negative,28.38593436
28.38593436,0.0,0.0,0.0,0.0,0.0,1.0,positive,28.51945731
28.51945731,0.0,0.0,0.0,0.0,0.0,0.0,positive,28.55481628
28.55481628,0.0,0.0,0.0,0.0,0.0,0.0,negative,28.4698541
28.4698541,0.0,0.0,0.0,0.0,1.0,1.0,negative,28.35577022
28.35577022,0.0,0.0,0.0,0.0,0.0,0.0,positive,28.47155123
28.47155123,0.0,0.8982095122337341,0.0,0.0,1.0,2.0,positive,28.48426499
28.48426499,0.0,0.0,0.0,0.0,0.0,0.0,positive,28.66973194
28.66973194,0.0,0.0,0.0,0.0,0.0,0.0,positive,28.7273141
28.7273141,0.0,0.0,0.0,0.0,1.0,0.0,negative,28.65910387
28.65910387,0.0,0.0,0.0,0.0,0.0,0.0,negative,28.44890967
28.44890967,0.0,0.0,0.0,0.0,0.0,0.0,negative,28.39625978
28.39625978,0.0,0.0,0.0,0.0,0.0,1.0,positive,28.49121028
28.49121028,0.0,0.0,0.0,0.0,0.0,0.0,positive,28.6542201
28.6542201,0.0,0.7311837077140808,0.0,0.0,0.0,1.0,negative,28.62507742
28.62507742,0.0,0.7945836782455444,0.0,0.0,0.0,2.0,negative,28.55005277
28.55005277,0.0,0.0,0.0,0.0,1.0,0.0,positive,28.89639188
28.89639188,0.0,3.353773593902588,0.0,0.0,0.0,6.0,negative,28.84596185
28.84596185,0.0,3.281572639942169,0.0,0.0,0.0,5.0,positive,28.94244822
28.94244822,0.0,0.8786140084266663,0.0,0.0,0.0,2.0,negative,28.92969945
28.92969945,0.0,0.8766254186630249,0.0,2.2347732186317444,0.0,6.0,negative,28.60295391
28.60295391,0.8239937424659729,0.0,0.0,0.0,1.0,2.0,negative,28.26398265
28.26398265,0.0,0.0,0.0,0.0,0.0,1.0,negative,28.22690024
28.22690024,0.0,2.366152584552765,0.0,0.0,0.0,6.0,negative,27.84239909
27.84239909,0.0,2.227090060710907,0.0,0.0,0.0,4.0,negative,27.71216151
27.71216151,0.0,4.860027492046356,0.0,0.0,0.0,7.0,positive,28.12759751
28.12759751,0.0,3.4465985894203186,0.0,1.799326777458191,0.0,6.0,negative,28.09851067
28.09851067,0.0,2.266648411750793,0.0,0.0,3.0,4.0,negative,28.03973435
28.03973435,0.0,2.433454573154449,0.0,0.7539723515510559,1.0,5.0,negative,27.85613392
27.85613392,0.0,0.8787297606468201,0.0,0.0,0.0,3.0,negative,27.59244724
27.59244724,0.0,0.0,0.0,0.0,0.0,0.0,negative,27.48004364
27.48004364,0.0,2.452529489994049,0.7926511168479919,0.0,2.0,5.0,positive,27.55901428
27.55901428,0.0,2.757231891155243,0.0,0.0,1.0,4.0,positive,27.60992103
27.60992103,0.0,0.0,0.0,0.0,1.0,0.0,positive,27.71452837
27.71452837,0.0,0.9854048490524292,0.0,0.0,0.0,1.0,negative,27.55677275
27.55677275,0.0,1.4570931792259216,0.9298983812332152,0.0,1.0,3.0,negative,27.37268542
27.37268542,0.0,0.8530969619750977,0.0,0.0,1.0,1.0,positive,27.50655105
27.50655105,0.0,1.6874665021896362,0.0,0.0,1.0,3.0,negative,27.33421335
27.33421335,0.7869353294372559,5.653845429420471,0.0,0.0,1.0,9.0,negative,27.26659178
27.26659178,0.0,0.0,0.0,0.8921565413475037,0.0,1.0,positive,27.55657277
27.55657277,0.0,1.5889639854431152,0.0,0.0,0.0,3.0,negative,27.51270977
27.51270977,0.0,1.657030701637268,0.0,0.0,0.0,2.0,negative,27.4002618
27.4002618,0.0,0.925592839717865,0.0,0.0,0.0,2.0,negative,27.36524786
27.36524786,0.0,0.8578436374664307,0.0,0.0,0.0,2.0,negative,27.31497088
27.31497088,0.0,1.5842539072036743,0.0,0.0,0.0,2.0,negative,27.01489018
27.01489018,0.0,4.607133448123932,0.0,0.0,0.0,6.0,positive,27.05750376
27.05750376,0.0,0.0,0.0,0.7786611914634705,1.0,1.0,positive,27.43941966
27.43941966,0.7688964605331421,0.9828090667724608,0.8801549673080444,0.0,2.0,1.0,positive,27.51895611
27.51895611,0.0,0.0,0.0,0.0,0.0,0.0,positive,27.67299628
27.67299628,0.9551761746406556,0.0,0.0,0.0,1.0,0.0,negative,27.58642794
27.58642794,0.0,0.7452549338340759,0.0,0.0,0.0,2.0,negative,27.50197241
27.50197241,0.0,0.0,0.0,0.0,7.0,1.0,positive,27.52495202
27.52495202,0.0,0.0,0.0,0.0,0.0,0.0,positive,27.69216629
27.69216629,0.0,0.8968879580497742,0.0,0.0,2.0,1.0,positive,27.72804208
27.72804208,0.0,0.0,0.0,0.0,0.0,2.0,negative,27.64063096
27.64063096,0.7610712051391602,1.7250098586082458,0.0,0.0,1.0,2.0,positive,27.7972144
27.7972144,0.7711195349693298,0.0,0.0,0.0,1.0,0.0,negative,27.62694006
27.62694006,0.0,0.0,0.7087889313697815,0.0,1.0,1.0,positive,27.70483612
27.70483612,0.0,0.0,0.0,0.0,0.0,0.0,negative,27.44418285
27.44418285,0.0,0.0,0.0,0.0,0.0,0.0,negative,27.41091388
27.41091388,0.0,0.0,0.0,0.0,0.0,0.0,positive,27.44229688
27.44229688,0.0,0.0,0.0,0.0,0.0,0.0,negative,27.44090886
27.44090886,0.8502192497253418,3.067102193832397,0.0,0.0,2.0,4.0,negative,27.41162004
27.41162004,0.0,0.0,0.0,0.0,0.0,0.0,negative,27.18849612
27.18849612,0.0,0.0,0.0,0.0,0.0,2.0,negative,27.13882925
27.13882925,0.0,1.7236618399620056,0.0,0.7441100478172302,1.0,3.0,negative,26.80377452
26.80377452,0.9283097386360168,1.7729458212852478,0.0,0.0,1.0,3.0,negative,26.67712957
26.67712957,0.0,0.7962749004364014,0.0,0.0,0.0,1.0,positive,26.78323501
26.78323501,0.0,1.741977334022522,0.0,0.0,0.0,2.0,positive,26.94454689
26.94454689,0.0,3.19699764251709,0.0,0.0,0.0,5.0,negative,26.87380293
26.87380293,0.7627100944519043,1.7118361592292786,0.0,0.0,1.0,2.0,positive,27.20110853
27.20110853,0.0,0.0,0.0,0.0,0.0,1.0,positive,27.41306634
27.41306634,0.0,1.6289231181144714,0.0,0.0,0.0,3.0,positive,27.67218652
27.67218652,0.7818819880485535,0.7755215167999268,0.0,0.0,2.0,2.0,negative,27.49845132
27.49845132,0.0,3.061020851135254,0.0,0.8577784299850464,0.0,8.0,positive,27.60863645
27.60863645,0.0,0.7414118051528931,0.0,0.0,0.0,1.0,negative,27.54235233
27.54235233,0.0,0.8790807723999023,0.0,0.7238244414329529,0.0,2.0,negative,27.43478839
27.43478839,0.0,3.276862859725952,0.0,0.0,0.0,4.0,positive,27.49608376
27.49608376,0.0,0.7387304902076721,0.0,0.8126553893089294,0.0,6.0,negative,27.42218168
27.42218168,0.7466309070587158,0.8614920973777771,0.0,1.9041020274162288,1.0,3.0,positive,27.43534023
27.43534023,0.0,0.0,0.0,0.0,0.0,2.0,positive,27.55238911
27.55238911,0.0,0.0,0.0,0.0,0.0,0.0,positive,27.70531082
27.70531082,0.0,0.0,0.0,0.0,0.0,2.0,positive,27.86581121
27.86581121,0.0,0.0,0.0,0.0,0.0,1.0,positive,27.90719438
27.90719438,0.0,0.0,0.0,0.0,0.0,0.0,positive,28.03313782
28.03313782,0.0,0.0,0.0,0.0,0.0,0.0,negative,27.97555881
27.97555881,0.0,0.0,0.0,0.0,3.0,1.0,negative,27.88284722
27.88284722,0.0,0.7771427631378174,0.0,0.0,0.0,1.0,negative,27.84413632
27.84413632,0.0,0.0,0.0,0.0,0.0,0.0,positive,27.95335844
27.95335844,0.0,0.0,0.0,0.0,0.0,1.0,positive,28.19958714
28.19958714,0.0,0.0,0.0,0.0,0.0,0.0,negative,28.01459661
28.01459661,0.0,1.5483793020248413,0.0,0.7470921874046326,0.0,4.0,negative,27.92859962
27.92859962,0.0,3.626105964183808,0.0,0.8106966018676758,0.0,6.0,positive,28.24826794
28.24826794,0.0,0.0,0.0,0.0,0.0,2.0,positive,28.32821704
28.32821704,0.0,0.7741594910621643,0.0,0.0,0.0,3.0,positive,28.36107138
28.36107138,0.0,1.530425786972046,0.0,0.0,0.0,2.0,positive,28.46464706
28.46464706,0.0,0.7563983201980591,0.0,0.0,0.0,2.0,positive,28.49008878
28.49008878,0.0,3.144914150238037,0.0,0.0,0.0,4.0,positive,28.53365197
28.53365197,0.0,0.8198053240776062,0.0,0.0,1.0,1.0,negative,28.43340783
28.43340783,0.0,0.0,0.0,0.0,0.0,0.0,positive,28.44692694
28.44692694,0.0,0.8918085098266602,0.0,0.0,0.0,2.0,positive,28.493249
28.493249,0.0,0.9012640118598938,0.0,0.0,0.0,2.0,negative,28.26218627
28.26218627,0.0,0.7792056202888489,0.0,0.0,0.0,2.0,positive,28.33010093
28.33010093,0.0,0.0,0.0,0.0,0.0,0.0,positive,28.35466448
28.35466448,0.0,0.0,0.0,0.0,0.0,1.0,positive,28.43747436
28.43747436,0.0,0.0,0.0,0.0,0.0,0.0,positive,28.44503117
28.44503117,0.0,0.0,0.0,0.0,0.0,0.0,positive,28.62118372
28.62118372,0.0,0.0,0.0,0.0,0.0,0.0,positive,28.82257269
28.82257269,0.0,0.8918085098266602,0.0,0.0,0.0,1.0,positive,29.13151949
29.13151949,0.0,0.0,0.0,0.0,0.0,0.0,negative,29.02422946
29.02422946,0.0,0.7100160121917725,0.0,0.0,0.0,1.0,negative,28.91693929
28.91693929,0.0,0.0,0.0,0.0,0.0,1.0,negative,28.77731239
28.77731239,0.0,0.0,0.0,0.0,2.0,0.0,positive,28.82483072
28.82483072,0.0,0.7218350172042847,0.0,0.0,0.0,1.0,positive,28.8940063
28.8940063,0.0,0.8338953852653503,0.0,0.0,0.0,2.0,negative,28.85807885
28.85807885,0.0,0.0,0.0,0.0,0.0,0.0,negative,28.63366463
28.63366463,0.0,0.0,0.0,0.0,0.0,0.0,negative,28.41884643
28.41884643,0.0,0.8209120631217957,0.7669315338134766,0.0,1.0,1.0,positive,28.52178057
28.52178057,0.0,0.8856174349784851,0.0,0.0,0.0,2.0,positive,28.61685842
28.61685842,0.0,0.0,0.0,0.0,0.0,0.0,positive,28.7262286
28.7262286,0.0,0.0,0.0,0.0,0.0,0.0,negative,28.64814598
28.64814598,0.8975480794906616,0.0,0.0,0.0,1.0,1.0,negative,28.50031939
28.50031939,0.0,0.0,0.0,0.0,0.0,1.0,negative,28.4744656
28.4744656,0.0,0.0,0.0,0.0,2.0,1.0,negative,28.44132198
28.44132198,0.0,0.0,0.0,0.0,0.0,0.0,negative,28.41143494
28.41143494,0.0,0.8065279722213745,0.0,0.0,0.0,1.0,negative,28.38773881
28.38773881,0.0,0.0,0.0,0.0,0.0,0.0,positive,28.47372711
28.47372711,0.0,0.0,0.0,0.0,0.0,0.0,positive,28.54887592
28.54887592,0.0,0.917547345161438,0.0,0.0,0.0,1.0,negative,28.45215046
28.45215046,0.0,1.610995173454285,0.0,0.0,0.0,2.0,negative,28.3124865
28.3124865,0.0,0.0,0.0,0.0,0.0,1.0,negative,28.08092868
28.08092868,0.0,0.0,0.0,0.0,0.0,0.0,positive,28.22083325
28.22083325,0.0,0.0,0.0,0.0,0.0,1.0,negative,28.10353398
28.10353398,0.0,0.0,0.0,0.0,0.0,0.0,negative,28.03323849
28.03323849,0.0,0.0,0.0,0.0,0.0,0.0,negative,27.96128398
27.96128398,0.0,0.0,0.0,0.0,0.0,0.0,positive,28.08452669
28.08452669,0.0,0.0,0.0,0.0,1.0,0.0,positive,28.16216001
28.16216001,0.0,0.0,0.0,0.0,0.0,0.0,negative,28.12838403
28.12838403,0.0,0.0,0.0,0.0,0.0,0.0,positive,28.18384897
28.18384897,0.7378450036048889,0.0,0.0,0.0,1.0,0.0,positive,28.18515359
28.18515359,0.0,0.8558180928230286,0.0,0.0,0.0,1.0,positive,28.36652236
28.36652236,0.0,0.0,0.0,0.0,0.0,2.0,positive,28.41214531
28.41214531,0.0,0.796751856803894,0.0,0.0,0.0,2.0,negative,28.40036813
28.40036813,0.0,0.0,0.0,0.8039283752441406,0.0,1.0,positive,28.6411167
28.6411167,0.0,0.7822321057319641,0.8741862773895264,0.0,1.0,2.0,negative,28.55466849
28.55466849,0.0,0.0,0.0,0.0,0.0,1.0,negative,28.50104032
28.50104032,0.0,0.9080950617790222,0.0,0.0,0.0,2.0,positive,28.66248418
28.66248418,0.0,0.0,0.0,0.0,0.0,0.0,positive,28.72110045
28.72110045,0.0,0.0,0.0,0.0,0.0,0.0,negative,28.63790844
28.63790844,0.0,0.9740320444107056,0.0,0.0,0.0,2.0,negative,28.43480077
28.43480077,0.7463567852973938,0.0,0.0,0.0,1.0,0.0,positive,28.48080196
28.48080196,0.0,0.0,0.0,0.0,0.0,0.0,positive,28.56133658
28.56133658,0.0,0.0,0.0,0.0,0.0,0.0,negative,28.43900046
28.43900046,0.0,0.0,0.0,0.0,3.0,1.0,positive,28.55557992
28.55557992,0.8109835386276245,0.0,0.0,0.0,1.0,0.0,positive,28.96524606
28.96524606,0.0,0.0,0.0,0.0,1.0,0.0,positive,29.23817734
29.23817734,0.0,0.0,0.0,0.0,0.0,0.0,negative,29.11336346
29.11336346,0.0,0.0,0.7639526724815369,0.0,1.0,0.0,negative,28.96348832
28.96348832,0.0,0.0,0.0,0.0,1.0,2.0,positive,29.01685468
29.01685468,0.7078913450241089,0.0,0.0,0.0,4.0,1.0,positive,29.29547283
29.29547283,0.9113277196884156,1.4607352018356323,0.0,0.0,5.0,2.0,negative,29.23916012
29.23916012,0.0,0.0,0.0,0.0,0.0,0.0,positive,29.75597618
29.75597618,0.0,0.0,0.0,0.0,0.0,1.0,positive,30.03075501
30.03075501,0.0,0.7836843132972717,0.0,0.0,0.0,1.0,positive,30.32587507
30.32587507,0.0,0.0,0.0,0.0,0.0,2.0,negative,29.79557621
29.79557621,0.0,0.0,0.0,0.0,0.0,1.0,positive,30.01444422
30.01444422,0.0,0.9007285237312316,0.0,0.0,0.0,2.0,positive,30.26984589
30.26984589,0.0,3.246813952922821,0.0,0.0,1.0,5.0,positive,30.73843048
30.73843048,0.0,0.7001428604125977,0.0,0.0,0.0,2.0,negative,30.59433196
30.59433196,0.0,0.0,0.0,0.0,1.0,2.0,positive,30.72019621
30.72019621,0.0,0.7724525332450867,0.0,0.0,1.0,2.0,positive,30.80416295
30.80416295,0.0,0.8454636931419373,0.0,0.0,5.0,1.0,positive,31.07804544
31.07804544,0.0,1.561022400856018,0.0,0.0,0.0,2.0,negative,30.95693436
30.95693436,0.0,0.7893319129943848,0.0,0.0,0.0,1.0,negative,30.84731354
30.84731354,0.0,0.0,0.0,0.0,0.0,0.0,positive,30.92205391
30.92205391,0.0,0.7642571330070496,0.0,0.0,0.0,2.0,positive,30.9612819
30.9612819,0.0,1.560042142868042,0.0,0.0,0.0,2.0,negative,30.62858262
30.62858262,0.0,0.0,0.0,0.0,0.0,1.0,positive,30.71468112
30.71468112,0.0,0.7356774806976318,0.0,0.0,0.0,1.0,positive,31.00030949
31.00030949,0.0,0.0,0.0,0.0,0.0,1.0,negative,30.87354783
30.87354783,0.0,0.0,0.0,0.0,0.0,0.0,positive,31.36280456
31.36280456,0.8086979389190674,0.0,0.7508493065834045,0.0,2.0,1.0,positive,31.37225407
31.37225407,0.0,0.8510013818740845,0.0,0.0,2.0,1.0,negative,31.18473861
31.18473861,0.0,0.7191934585571289,0.9590001702308656,0.0,1.0,2.0,positive,31.7650681
31.7650681,0.8336988687515259,0.0,0.0,0.0,4.0,0.0,negative,31.21171011
31.21171011,0.0,0.7012338042259216,0.0,0.0,2.0,1.0,negative,31.07392496
31.07392496,0.0,0.7802974581718445,0.0,0.0,1.0,3.0,positive,31.13067042
31.13067042,0.0,0.8159211874008179,0.0,0.0,0.0,1.0,negative,31.10141595
31.10141595,0.8105252385139465,0.0,0.0,0.0,2.0,0.0,negative,31.05959029
31.05959029,0.0,0.0,0.0,0.0,1.0,0.0,positive,31.12223326
31.12223326,0.0,0.0,0.0,0.7495407462120056,0.0,1.0,negative,30.82308194
30.82308194,0.0,1.6899261474609375,0.0,0.0,0.0,2.0,negative,30.37421388
30.37421388,0.8252343535423279,0.0,0.0,0.7455536723136902,1.0,1.0,positive,30.69356412
30.69356412,0.0,0.8595141768455505,0.911881387233734,0.8453830480575562,1.0,4.0,positive,30.80705428
30.80705428,0.0,0.0,0.0,0.0,0.0,1.0,positive,30.87054705
30.87054705,0.0,0.0,0.0,0.0,0.0,0.0,negative,30.62219043
30.62219043,0.8636587262153625,0.0,0.0,0.0,1.0,0.0,positive,30.66569157
30.66569157,0.0,0.0,0.8410392999649048,0.0,1.0,1.0,positive,30.94675876
30.94675876,0.0,0.0,0.0,0.0,0.0,1.0,negative,30.80638165
30.80638165,0.0,1.475346922874451,0.8024520874023438,0.0,1.0,2.0,negative,30.78071479
30.78071479,0.0,1.6358492374420166,0.0,0.0,1.0,2.0,negative,30.60750304
30.60750304,0.7429940700531006,0.0,0.0,0.0,1.0,1.0,positive,30.7067448
30.7067448,0.0,0.0,0.0,0.0,0.0,0.0,positive,31.02907795
31.02907795,0.0,0.0,0.0,0.0,0.0,1.0,negative,30.92696155
30.92696155,0.7692692279815674,0.0,0.0,0.0,1.0,0.0,negative,30.76746864
30.76746864,0.0,0.0,0.0,0.0,0.0,1.0,positive,30.90661426
30.90661426,0.0,0.0,0.0,0.7727120518684387,0.0,1.0,negative,30.7497327
30.7497327,0.0,0.8796710968017578,0.0,0.0,1.0,2.0,positive,30.80437669
30.80437669,0.0,1.511074423789978,0.0,0.0,1.0,2.0,positive,30.92888303
30.92888303,0.7950994968414307,0.0,0.0,0.0,3.0,0.0,positive,31.00189455
31.00189455,0.0,4.435986340045929,0.0,0.0,0.0,5.0,positive,31.07702537
31.07702537,0.0,0.778496503829956,0.0,0.0,0.0,3.0,negative,30.86976341
30.86976341,0.0,0.8617150187492371,0.0,0.0,0.0,2.0,negative,30.73088591
30.73088591,0.0,1.8048837780952451,0.0,0.0,0.0,3.0,negative,30.55725945
30.55725945,0.0,5.886259317398071,0.0,0.0,1.0,8.0,positive,30.7177329
30.7177329,0.0,1.5099759101867676,0.0,0.0,0.0,5.0,positive,31.04127775
31.04127775,0.0,0.0,0.0,0.0,0.0,0.0,negative,30.75657517
30.75657517,0.0,0.0,0.0,0.0,0.0,0.0,negative,30.52813616
30.52813616,0.0,0.0,0.0,0.0,1.0,0.0,positive,30.57572202
30.57572202,0.0,0.0,0.0,0.0,0.0,0.0,positive,30.70391667
30.70391667,0.0,0.0,0.0,0.0,2.0,0.0,negative,30.58217419
30.58217419,0.7120867371559143,0.0,0.0,0.0,1.0,0.0,negative,30.53336014
30.53336014,0.0,0.0,0.0,0.0,0.0,0.0,positive,30.67542795
30.67542795,0.0,0.0,0.850713849067688,0.0,1.0,0.0,positive,30.77177581
30.77177581,0.0,0.8185067772865295,0.0,0.0,0.0,1.0,negative,30.71760064
30.71760064,0.0,0.0,0.0,0.0,2.0,1.0,positive,30.91211751
30.91211751,0.0,0.0,0.0,0.8927856087684631,2.0,1.0,negative,30.72581663
30.72581663,0.0,0.0,0.0,0.0,1.0,0.0,positive,30.84649938
30.84649938,0.0,0.0,0.0,0.0,0.0,0.0,negative,30.79591238
30.79591238,0.0,0.0,0.7467228770256042,0.0,2.0,0.0,positive,30.85538798
30.85538798,0.0,0.0,0.0,0.0,1.0,0.0,positive,30.99751757
30.99751757,0.0,0.7481480836868286,0.0,0.0,1.0,2.0,negative,30.96310429
30.96310429,0.0,0.0,0.0,0.0,0.0,0.0,positive,31.04487507
31.04487507,0.0,0.0,0.0,0.0,0.0,1.0,negative,30.96359355
30.96359355,0.0,0.8634876608848572,0.0,0.0,0.0,1.0,negative,30.75360611
30.75360611,0.0,0.0,0.0,0.0,0.0,1.0,negative,30.64961432
30.64961432,0.0,0.0,0.0,0.0,1.0,0.0,positive,30.85583172
30.85583172,0.0,2.456229031085968,0.0,0.0,0.0,13.0,negative,30.83058881
30.83058881,0.0,0.7224246859550476,0.0,0.0,0.0,9.0,positive,30.9769154
30.9769154,0.0,0.7751350998878479,0.0,0.0,0.0,3.0,positive,31.07841773
31.07841773,0.0,0.7453346252441406,0.0,0.0,0.0,2.0,negative,31.04546568
31.04546568,0.0,2.424326002597809,0.0,0.8009148836135864,1.0,6.0,positive,31.56481229
31.56481229,0.0,0.8548403382301331,0.8598071336746216,0.0,2.0,2.0,negative,31.27809409
31.27809409,0.0,0.0,0.0,0.8748302459716797,1.0,2.0,positive,31.42237016
31.42237016,0.0,0.0,0.0,0.0,0.0,1.0,negative,31.27856786
31.27856786,0.0,0.0,0.0,0.0,0.0,1.0,positive,31.36458169
31.36458169,0.0,0.0,0.0,0.0,0.0,0.0,negative,31.3132824
31.3132824,0.0,0.0,0.0,0.0,0.0,4.0,negative,31.22379021
31.22379021,0.0,0.0,0.0,0.0,0.0,1.0,negative,31.16220614
31.16220614,0.0,0.0,0.0,0.0,0.0,0.0,positive,31.29586457
31.29586457,0.0,0.0,0.0,0.0,0.0,0.0,positive,31.84093814
31.84093814,0.0,0.0,0.9012434482574464,0.0,1.0,0.0,positive,31.84151766
31.84151766,0.0,0.0,0.0,0.0,0.0,0.0,negative,31.64806903
31.64806903,0.0,0.0,0.0,0.0,0.0,0.0,positive,31.68126504
31.68126504,0.0,0.7586004734039307,0.0,0.0,1.0,3.0,negative,30.15621659
30.15621659,0.0,0.0,0.0,0.0,0.0,0.0,positive,30.28670367
30.28670367,0.0,0.0,0.0,0.0,0.0,1.0,positive,30.43887846
30.43887846,0.0,0.0,0.0,0.0,0.0,0.0,positive,30.45631226
30.45631226,0.0,0.0,0.0,0.0,0.0,0.0,negative,30.27508419
30.27508419,0.0,0.9404162168502808,0.0,0.0,0.0,7.0,negative,30.027069
30.027069,0.0,0.0,0.0,0.0,0.0,2.0,positive,30.28966484
30.28966484,0.0,0.8939738869667053,0.0,0.0,0.0,1.0,positive,30.45519022
30.45519022,0.0,0.0,0.0,0.0,0.0,0.0,negative,30.39037399
30.39037399,0.0,0.0,0.0,0.0,0.0,0.0,negative,30.30865699
30.30865699,0.0,1.7103960514068604,0.0,0.0,0.0,2.0,negative,30.26359043
30.26359043,0.0,0.0,0.0,0.0,0.0,0.0,positive,30.32052579
30.32052579,0.8522063493728638,1.6748242378234863,0.0,0.7374290227890015,1.0,4.0,negative,30.2704801
30.2704801,0.0,0.0,0.0,0.0,0.0,0.0,negative,30.24203095
30.24203095,0.0,1.498165488243103,0.0,0.0,0.0,2.0,positive,30.30250897
30.30250897,0.0,0.7977116703987122,0.0,0.0,0.0,1.0,negative,30.1585351
30.1585351,0.0,0.8692502975463867,0.0,0.0,1.0,6.0,negative,29.87182741
29.87182741,0.0,0.0,0.0,0.0,0.0,0.0,negative,29.87038705
29.87038705,0.0,0.0,0.0,0.0,0.0,0.0,positive,29.98195133
29.98195133,0.0,0.0,0.0,0.0,0.0,2.0,positive,29.99489889
29.99489889,0.0,0.7755985260009766,0.0,0.0,0.0,1.0,negative,29.7988595
29.7988595,0.0,0.0,0.0,0.0,0.0,0.0,positive,30.06359235
30.06359235,0.0,0.0,0.0,0.0,0.0,0.0,positive,30.30828892
30.30828892,0.0,0.0,0.0,0.0,0.0,1.0,positive,30.34212515
30.34212515,0.0,0.0,0.0,0.0,0.0,0.0,positive,30.37702391
30.37702391,0.0,0.0,0.0,0.0,0.0,0.0,negative,30.27345253
30.27345253,0.0,0.0,0.0,0.0,0.0,0.0,negative,30.23224911
30.23224911,0.0,0.0,0.0,0.0,0.0,0.0,positive,30.26177957
30.26177957,0.0,0.0,0.0,0.0,0.0,0.0,positive,30.33181546
30.33181546,0.0,0.0,0.0,0.0,0.0,0.0,positive,30.35260045
30.35260045,0.0,2.653652012348175,0.0,0.0,0.0,7.0,positive,30.46210234
30.46210234,0.0,1.6199533343315125,0.0,0.0,0.0,3.0,negative,30.42388429
30.42388429,0.0,4.273376226425171,0.0,0.0,0.0,12.0,negative,30.42183411
30.42183411,0.0,0.0,0.0,0.0,0.0,1.0,negative,30.27203317
30.27203317,0.0,0.0,0.7439343929290771,0.0,2.0,0.0,positive,30.40266802
30.40266802,0.0,0.7219142913818359,0.0,0.0,0.0,1.0,negative,30.28379438
30.28379438,0.0,0.0,0.8735501766204834,0.0,1.0,1.0,negative,30.23659244
30.23659244,0.8821749687194824,0.7563477158546448,0.0,0.7439399361610413,2.0,4.0,positive,30.31036923
30.31036923,0.8443800806999207,0.7786480188369751,0.0,0.7501351237297058,1.0,3.0,negative,30.30280203
30.30280203,0.8586251735687256,0.0,0.0,0.0,4.0,1.0,negative,30.23367976
30.23367976,0.0,0.0,0.0,0.0,2.0,0.0,negative,30.22624084
30.22624084,0.7454683184623718,0.0,0.0,0.8841598033905029,2.0,1.0,negative,30.19771339
30.19771339,0.8031971454620361,0.0,0.0,0.0,1.0,0.0,positive,30.21695614
30.21695614,0.0,0.0,0.0,0.0,0.0,1.0,positive,30.2482347
30.2482347,0.0,0.0,0.0,0.0,3.0,0.0,positive,30.31316458
30.31316458,0.0,0.8958171606063843,0.0,0.0,0.0,1.0,positive,30.78531135
30.78531135,0.0,0.720909059047699,0.0,0.0,0.0,1.0,negative,30.69292054
30.69292054,0.0,0.8153625726699829,1.6144366264343262,0.0,3.0,1.0,negative,30.56757129
30.56757129,0.0,0.0,0.0,0.0,2.0,0.0,positive,30.60844051
30.60844051,0.0,0.0,0.0,0.0,0.0,0.0,negative,30.54075785
30.54075785,0.0,0.0,0.0,0.0,0.0,0.0,positive,30.63345859
30.63345859,0.0,0.0,0.0,0.0,0.0,0.0,positive,30.66688659
30.66688659,0.0,0.9096881747245787,0.0,0.0,0.0,1.0,positive,30.9965445
30.9965445,0.0,0.0,0.0,0.0,0.0,0.0,negative,30.76726851
30.76726851,0.0,0.716120719909668,0.0,0.0,0.0,4.0,negative,30.75145478
30.75145478,0.0,0.0,0.0,0.0,0.0,0.0,negative,30.73284974
30.73284974,0.0,0.0,0.0,0.0,0.0,1.0,negative,30.68638734
30.68638734,0.0,0.0,0.0,0.0,0.0,0.0,negative,30.62646438
30.62646438,0.0,0.0,0.0,0.0,0.0,0.0,negative,30.5288642
30.5288642,0.0,0.0,0.0,0.0,1.0,0.0,positive,30.77074256
30.77074256,0.0,0.0,0.0,0.0,0.0,0.0,negative,30.71073645
30.71073645,0.0,0.0,0.0,1.7889240980148315,0.0,2.0,negative,30.62548568
30.62548568,0.0,0.0,0.0,0.0,0.0,0.0,negative,30.61208806
30.61208806,0.0,0.855133593082428,0.0,0.0,1.0,1.0,negative,30.5316239
30.5316239,0.0,0.0,0.0,0.0,0.0,2.0,positive,30.59998462
30.59998462,0.0,0.0,0.0,0.0,0.0,0.0,negative,30.59041319
30.59041319,0.0,0.0,0.0,0.0,0.0,0.0,positive,30.63557823
30.63557823,0.0,0.0,0.0,0.0,0.0,1.0,positive,30.65952324
30.65952324,0.0,0.0,0.0,0.0,0.0,0.0,negative,30.36091037
30.36091037,0.0,0.0,0.0,0.0,1.0,0.0,negative,30.31029845
30.31029845,0.0,0.0,0.0,0.0,0.0,0.0,negative,30.25465478
30.25465478,0.0,0.716915488243103,0.0,0.0,0.0,1.0,negative,29.91110839
29.91110839,0.0,0.8948614001274109,0.0,0.0,0.0,1.0,positive,30.0326388
30.0326388,0.0,0.0,0.0,0.0,0.0,0.0,negative,30.00317584
30.00317584,0.0,0.0,0.0,0.0,0.0,0.0,negative,29.95048969
29.95048969,0.0,0.0,0.0,0.0,0.0,3.0,positive,30.04997253
30.04997253,0.0,0.0,0.0,0.0,0.0,0.0,positive,30.08496632
30.08496632,0.0,0.0,0.0,0.0,0.0,2.0,positive,30.09067944
30.09067944,0.0,0.0,0.0,0.0,0.0,2.0,positive,30.17182994
30.17182994,0.0,0.7994331121444702,0.0,0.0,1.0,3.0,positive,30.2073432
30.2073432,0.0,0.9214710593223572,1.6615626215934751,0.0,4.0,1.0,positive,30.30617688
30.30617688,0.0,4.81207287311554,0.0,0.0,3.0,7.0,positive,30.38311452
30.38311452,0.0,0.0,0.0,0.8751749992370605,0.0,3.0,negative,30.27612966
30.27612966,0.0,0.0,0.0,0.0,0.0,1.0,positive,30.32837494
30.32837494,0.0,1.591128945350647,0.0,0.0,0.0,3.0,negative,30.24575559
30.24575559,0.0,0.7359997630119324,0.0,0.0,0.0,4.0,negative,30.17650318
30.17650318,0.0,0.0,0.0,0.0,0.0,0.0,negative,30.10570213
30.10570213,0.0,0.7386182546615601,0.0,0.0,0.0,2.0,negative,30.0741047
30.0741047,0.7997043132781982,0.0,0.0,0.800292432308197,2.0,2.0,negative,30.05404737
30.05404737,0.0,0.0,0.0,0.0,0.0,0.0,negative,30.02047671
30.02047671,0.0,0.0,0.0,0.0,0.0,1.0,negative,29.97018814
29.97018814,0.7612307071685791,0.0,0.0,0.0,1.0,1.0,negative,29.92506724
29.92506724,0.0,0.0,0.7743313908576965,0.0,1.0,0.0,negative,29.85850656
29.85850656,0.0,0.7533548474311829,0.0,0.0,1.0,1.0,positive,29.89555332
29.89555332,0.0,0.0,0.0,0.0,0.0,0.0,positive,30.06465777
30.06465777,0.0,0.0,0.0,0.0,0.0,1.0,negative,30.01277424
30.01277424,0.0,0.0,0.0,0.0,4.0,3.0,negative,29.88045136
29.88045136,0.0,0.0,0.0,0.0,0.0,1.0,positive,29.89440379
29.89440379,0.0,0.0,0.0,0.0,1.0,1.0,positive,29.89987022
29.89987022,0.0,0.0,0.0,0.0,0.0,3.0,negative,29.51581952
29.51581952,0.0,0.0,0.0,0.8503400087356567,0.0,2.0,negative,29.45292702
29.45292702,0.0,0.0,0.0,0.0,0.0,1.0,positive,29.49541454
29.49541454,0.0,0.0,0.0,0.0,0.0,1.0,positive,29.5677284
29.5677284,0.0,0.0,0.0,0.0,0.0,3.0,negative,29.24815
29.24815,0.0,0.0,0.0,0.0,0.0,0.0,negative,29.09384381
29.09384381,0.7192268967628479,0.8571110367774963,0.0,0.0,1.0,1.0,negative,28.88303977
28.88303977,0.0,0.0,0.8123912215232849,0.0,1.0,1.0,positive,28.90081745
28.90081745,0.0,0.7030302882194519,0.0,0.0,0.0,1.0,negative,28.85106666
28.85106666,0.0,0.0,0.0,0.0,0.0,2.0,negative,28.72307718
28.72307718,0.0,0.0,0.0,0.0,0.0,1.0,negative,28.56549309
28.56549309,0.0,0.0,0.0,0.7100040316581726,0.0,4.0,positive,28.83091662
28.83091662,0.0,0.0,0.0,0.0,1.0,0.0,negative,28.68359115
28.68359115,0.0,0.736660897731781,0.0,0.0,0.0,1.0,positive,28.83460082
28.83460082,0.0,0.7353691458702087,0.0,0.0,0.0,2.0,negative,28.78955273
28.78955273,0.0,0.0,0.0,0.0,0.0,0.0,positive,28.83735298
28.83735298,0.0,0.7431631684303284,0.0,0.0,1.0,1.0,negative,28.80344291
28.80344291,0.0,0.0,0.0,0.0,0.0,0.0,positive,29.22920612
29.22920612,0.0,0.0,0.0,0.0,0.0,0.0,negative,29.06179238
29.06179238,0.0,0.0,0.0,0.0,0.0,0.0,positive,29.07233633
29.07233633,0.0,0.0,0.0,0.0,0.0,2.0,positive,29.50526687
29.50526687,0.0,0.0,0.0,0.0,0.0,2.0,positive,29.58128014
29.58128014,0.0,0.0,0.776814877986908,0.8290878534317017,1.0,2.0,positive,29.64545206
29.64545206,0.0,0.0,0.0,0.0,0.0,0.0,negative,29.60748447
29.60748447,0.0,0.0,0.0,0.0,0.0,1.0,negative,29.48199917
29.48199917,0.0,3.81245869398117,0.0,0.0,0.0,5.0,negative,29.43465393
29.43465393,0.0,0.8420180082321167,0.0,0.0,1.0,2.0,positive,29.48290053
29.48290053,0.0,0.8889300227165222,0.0,0.0,0.0,2.0,positive,29.53043806
29.53043806,0.0,0.0,0.0,0.0,0.0,0.0,negative,29.41599456
29.41599456,0.0,0.0,0.0,0.0,1.0,1.0,negative,29.33170233
29.33170233,0.0,0.0,0.0,1.5375112891197205,0.0,2.0,positive,29.64106366
29.64106366,0.0,1.461638629436493,0.0,0.0,0.0,6.0,positive,29.98347455
29.98347455,0.0,0.0,0.0,0.0,0.0,8.0,positive,30.22665482
30.22665482,0.0,0.8420180082321167,0.0,0.0,1.0,3.0,negative,30.15731578
30.15731578,0.0,1.5779635310173037,0.0,0.0,0.0,2.0,negative,30.10242855
30.10242855,0.0,5.443331182003021,0.0,0.0,0.0,7.0,negative,30.06957674
30.06957674,0.0,4.474819123744965,0.0,0.0,0.0,8.0,negative,29.93357688
29.93357688,0.0,1.4589334726333618,0.0,0.0,0.0,2.0,positive,29.94615427
29.94615427,0.0,0.7190088033676147,0.0,0.0,0.0,2.0,positive,30.01011031
30.01011031,0.0,0.0,0.0,0.0,1.0,0.0,positive,30.05337263
30.05337263,0.0,0.8769521117210388,0.0,0.0,0.0,1.0,negative,29.77235434
29.77235434,0.0,0.0,0.0,0.0,0.0,0.0,positive,29.92346819
29.92346819,0.8489047884941101,0.0,0.0,0.0,1.0,0.0,positive,30.3098097
30.3098097,0.0,0.8850909471511841,0.0,0.0,0.0,1.0,negative,30.045472
30.045472,0.0,0.0,0.0,0.0,1.0,0.0,positive,30.10430377
30.10430377,0.0,0.0,0.0,1.578880786895752,0.0,2.0,positive,30.19284393
30.19284393,0.0,0.0,0.0,0.0,0.0,0.0,positive,30.20375065
30.20375065,0.0,0.7149441242218018,0.0,0.8101733326911926,0.0,2.0,positive,30.40936608
30.40936608,0.0,0.0,0.0,0.0,0.0,0.0,positive,30.93981885
30.93981885,0.0,0.7741199731826782,0.0,0.0,0.0,4.0,negative,30.80400601
30.80400601,0.0,0.0,0.0,2.578236997127533,0.0,3.0,negative,30.72351978
30.72351978,0.0,0.0,0.0,0.0,0.0,0.0,positive,30.84363638
30.84363638,0.0,0.9293598532676696,0.0,0.0,0.0,2.0,positive,31.09445934
31.09445934,0.0,0.0,0.0,0.0,0.0,1.0,negative,30.88266828
30.88266828,0.0,0.8835675716400146,0.0,0.7309532165527344,0.0,2.0,positive,31.15717096
31.15717096,0.0,0.8028210997581482,1.7932471632957458,0.0,2.0,1.0,negative,30.99239934
30.99239934,0.0,0.0,0.0,0.0,0.0,1.0,negative,30.9410824
30.9410824,0.0,0.0,0.0,0.0,0.0,1.0,negative,30.86988618
30.86988618,0.0,0.0,0.0,0.0,2.0,0.0,positive,30.89309069
30.89309069,0.0,0.0,0.0,0.8302472829818726,0.0,1.0,negative,30.84695565
30.84695565,0.0,0.0,0.0,0.0,1.0,0.0,negative,30.64281159
30.64281159,0.0,2.54036283493042,0.0,0.0,0.0,3.0,negative,30.6340686
30.6340686,0.0,0.0,0.0,0.0,0.0,0.0,positive,30.79624603
30.79624603,0.0,0.0,0.0,0.0,1.0,0.0,negative,30.72262983
30.72262983,0.0,0.0,0.0,0.0,0.0,0.0,negative,30.6581907
30.6581907,0.0,0.0,0.0,0.0,0.0,0.0,negative,30.62591731
30.62591731,0.0,0.0,0.0,0.0,0.0,0.0,negative,30.60145782
30.60145782,0.0,0.0,0.0,0.0,0.0,1.0,positive,30.84269977
30.84269977,0.0,0.7528538107872009,0.0,0.0,1.0,1.0,negative,30.77150638
30.77150638,0.0,0.0,0.0,0.0,0.0,2.0,positive,30.79876003
30.79876003,0.0,0.0,0.0,0.0,0.0,0.0,negative,30.76105631
30.76105631,0.0,0.0,0.0,0.0,0.0,1.0,negative,30.73604531
30.73604531,0.0,0.0,0.0,0.0,0.0,0.0,positive,30.74367381
30.74367381,0.0,0.0,0.0,0.0,1.0,1.0,positive,30.77709731
30.77709731,2.452398896217346,0.0,0.7619742155075073,0.0,5.0,1.0,positive,30.94311352
30.94311352,0.0,0.8729203343391418,0.0,0.0,0.0,1.0,positive,31.03060845
31.03060845,0.0,0.0,0.0,0.0,0.0,0.0,negative,31.00014221
31.00014221,0.0,1.6818200945854187,0.0,0.0,0.0,2.0,positive,31.04028819
31.04028819,0.0,0.0,0.0,0.0,0.0,1.0,negative,31.01798028
31.01798028,0.0,1.8056907653808596,0.0,0.7214598655700684,0.0,8.0,negative,30.9091657
30.9091657,0.0,1.4775733947753906,0.0,0.0,0.0,5.0,negative,30.71378368
30.71378368,0.0,1.7368714809417725,0.0,0.0,1.0,4.0,negative,30.28233237
30.28233237,0.0,1.7491204142570496,0.0,0.0,0.0,3.0,negative,30.28211341
30.28211341,0.0,5.645491123199463,0.0,0.0,1.0,10.0,positive,30.33257909
30.33257909,0.0,0.0,0.0,0.0,0.0,0.0,positive,30.40435267
30.40435267,0.0,0.0,0.0,0.0,0.0,1.0,positive,30.44435071
30.44435071,0.0,0.8408403396606445,0.9576534032821656,0.0,1.0,1.0,positive,30.53508264
30.53508264,0.0,0.0,0.0,0.990300953388214,1.0,1.0,negative,30.50131876
30.50131876,0.0,0.0,0.0,0.0,1.0,0.0,positive,30.63396067
30.63396067,0.0,0.0,0.0,0.0,0.0,0.0,negative,30.51942327
30.51942327,0.0,0.775884211063385,0.0,0.0,1.0,1.0,positive,30.703191
30.703191,0.0,0.0,0.0,0.0,0.0,0.0,negative,30.67862831
30.67862831,0.0,0.0,0.0,0.0,0.0,0.0,negative,30.67484816
30.67484816,0.0,3.9999589323997498,0.0,0.0,0.0,7.0,positive,30.83560703
30.83560703,0.0,0.0,0.0,0.0,0.0,0.0,negative,30.67369775
30.67369775,0.0,0.0,0.0,0.0,0.0,0.0,negative,30.6152761
30.6152761,0.0,0.0,0.0,0.0,0.0,1.0,negative,30.58367325
30.58367325,0.0,0.0,0.0,0.0,0.0,0.0,negative,30.5472756
30.5472756,0.0,0.0,0.0,0.0,0.0,1.0,positive,30.59866208
30.59866208,0.0,0.0,0.0,0.0,0.0,0.0,positive,30.691518
30.691518,0.0,0.0,0.0,0.0,0.0,0.0,positive,30.69378668
30.69378668,0.0,0.0,0.0,0.0,0.0,0.0,negative,30.61726131
30.61726131,0.0,1.7255803346633911,0.0,0.0,1.0,9.0,positive,30.64714082
30.64714082,0.0,0.0,0.0,0.0,0.0,4.0,positive,30.69716684
30.69716684,0.0,0.7738362550735474,0.0,0.0,1.0,3.0,positive,30.74186106
30.74186106,0.0,0.8025261163711548,0.0,0.0,0.0,2.0,negative,30.68917734
30.68917734,0.0,0.0,0.0,0.0,0.0,3.0,positive,30.71977899
30.71977899,0.0,2.516327261924744,0.0,0.0,1.0,3.0,negative,30.62659354
30.62659354,0.0,0.0,0.0,0.0,0.0,1.0,positive,30.6457453
30.6457453,0.0,0.8070258498191833,0.0,0.0,2.0,2.0,negative,30.60251012
30.60251012,0.0,0.0,0.0,0.0,1.0,1.0,negative,30.50717925
30.50717925,0.0,0.7432605028152466,0.0,0.0,0.0,1.0,positive,30.54661576
30.54661576,0.0,1.54994797706604,0.0,0.0,0.0,4.0,positive,30.58882127
30.58882127,0.0,1.754429280757904,0.0,0.0,1.0,2.0,positive,30.72729264
30.72729264,0.0,0.0,0.0,0.0,0.0,0.0,negative,30.68492687
30.68492687,0.0,0.0,0.0,1.5552851557731628,0.0,3.0,positive,30.72574485
30.72574485,0.0,1.5840830206871033,0.0,0.0,0.0,3.0,positive,30.7570627
30.7570627,0.0,0.0,0.0,0.0,0.0,0.0,positive,30.8633587
30.8633587,0.0,0.0,0.0,0.8714351654052734,0.0,2.0,negative,30.50440568
30.50440568,0.0,0.8037745952606201,0.0,0.0,0.0,2.0,positive,30.62269911
30.62269911,0.0,0.0,0.0,0.0,0.0,2.0,negative,30.57270815
30.57270815,0.801170825958252,0.0,0.0,0.0,1.0,2.0,negative,30.40542951
30.40542951,0.0,0.0,0.0,0.0,0.0,3.0,negative,30.32588432
30.32588432,0.0,0.0,0.0,0.0,0.0,2.0,negative,30.25664784
30.25664784,0.0,6.9348583817482,0.0,0.0,0.0,10.0,negative,30.02810349
30.02810349,0.0,0.8865448832511902,0.0,0.9461588859558104,1.0,5.0,positive,30.14681602
30.14681602,0.0,0.7715266346931458,0.9592620730400084,0.0,2.0,1.0,negative,30.12765767
30.12765767,0.0,0.0,0.0,0.0,0.0,0.0,positive,30.19856029
30.19856029,0.0,4.028245687484741,0.0,3.1635778546333317,1.0,9.0,negative,30.01514428
30.01514428,0.0,0.0,0.0,0.9002941250801086,0.0,3.0,positive,30.22033479
30.22033479,0.0,3.138576567173004,0.0,0.0,0.0,6.0,negative,30.19340328
30.19340328,0.0,8.939467310905457,0.8220688700675964,0.0,1.0,11.0,negative,30.18884281
30.18884281,0.0,7.191005289554596,0.0,0.0,2.0,13.0,positive,30.22659244
30.22659244,0.0,0.0,0.0,0.7714149355888367,2.0,1.0,positive,30.27457881
30.27457881,0.0,0.7105977535247803,0.0,0.0,0.0,2.0,negative,30.16905353
30.16905353,0.0,0.0,0.0,0.7495831251144409,0.0,1.0,negative,30.07799628
30.07799628,0.0,0.742628276348114,0.0,0.0,2.0,1.0,positive,30.10754117
30.10754117,0.0,1.5667104125022888,0.0,0.0,1.0,3.0,positive,30.1948238
30.1948238,0.0,1.6456308364868164,0.0,0.0,1.0,3.0,positive,30.28310887
30.28310887,0.0,0.0,0.0,0.0,0.0,0.0,positive,30.35126161
30.35126161,0.0,0.8763282299041748,0.0,0.0,0.0,1.0,positive,30.38914962
30.38914962,0.0,0.7696952223777771,0.0,0.0,0.0,2.0,positive,30.39548519
30.39548519,0.0,0.0,0.0,0.0,0.0,0.0,negative,30.39288778
30.39288778,0.0,0.0,0.0,0.0,0.0,0.0,positive,30.40953168
30.40953168,0.0,0.0,0.0,0.0,0.0,1.0,positive,30.64961772
30.64961772,0.0,0.0,0.0,0.0,0.0,0.0,positive,30.82881228
30.82881228,0.0,4.038710653781891,0.0,0.0,0.0,5.0,positive,30.96211846
30.96211846,0.0,1.6338860988616943,0.0,0.0,1.0,4.0,negative,30.81781224
30.81781224,0.0,6.3662291169166565,0.0,0.0,0.0,8.0,positive,30.89488465
30.89488465,0.0,0.8730121850967407,0.0,0.0,2.0,1.0,positive,31.02849917
31.02849917,0.0,5.2049092054367065,0.0,0.0,0.0,7.0,positive,31.16304803
31.16304803,0.0,0.0,0.0,0.0,0.0,1.0,negative,31.02473801
31.02473801,0.0,0.0,0.0,0.0,0.0,1.0,negative,30.60091705
30.60091705,0.0,0.0,0.0,0.0,0.0,1.0,negative,30.3740585
30.3740585,0.0,1.473034143447876,0.0,0.0,0.0,4.0,positive,30.46120569
30.46120569,0.0,0.0,0.0,0.0,0.0,0.0,positive,30.80804484
30.80804484,0.0,0.0,0.0,0.0,0.0,3.0,positive,31.10120182
31.10120182,0.0,0.0,0.0,0.0,0.0,0.0,positive,31.15784308
31.15784308,0.0,0.0,0.0,0.0,0.0,0.0,positive,31.16230716
31.16230716,0.0,0.8299813270568848,0.0,0.0,1.0,1.0,positive,31.22903728
31.22903728,0.0,0.0,0.0,0.0,0.0,1.0,negative,31.1545605
31.1545605,0.0,0.0,0.0,0.0,1.0,0.0,positive,31.51407752
31.51407752,0.0,0.0,0.0,0.0,0.0,1.0,negative,31.47685466
31.47685466,0.0,0.0,0.0,0.0,0.0,0.0,negative,31.41800152
31.41800152,0.0,0.0,0.0,0.0,0.0,0.0,positive,31.41916779
31.41916779,0.0,0.0,0.0,0.0,0.0,0.0,positive,31.59559137
31.59559137,0.0,0.0,0.0,0.0,0.0,0.0,negative,31.46292018
31.46292018,0.0,0.7423567771911621,0.0,0.0,0.0,1.0,negative,31.45861643
31.45861643,0.0,0.0,0.0,0.0,0.0,1.0,positive,31.62181148
31.62181148,0.0,0.0,0.0,0.0,0.0,0.0,negative,31.28636658
31.28636658,0.0,9.278798997402191,0.0,0.0,0.0,11.0,positive,31.29605713
31.29605713,0.0,0.0,0.0,0.0,0.0,2.0,positive,31.42958327
31.42958327,0.0,0.0,0.0,0.0,0.0,1.0,negative,31.30361216
31.30361216,0.788820743560791,0.8085775375366211,0.0,0.0,2.0,1.0,positive,31.39344089
31.39344089,0.0,0.843352198600769,0.0,1.8566003441810608,0.0,5.0,positive,31.90763543
31.90763543,0.0,0.0,0.0,0.0,2.0,1.0,positive,32.10573551
32.10573551,0.0,0.0,0.0,0.0,0.0,1.0,negative,31.99770508
31.99770508,0.0,0.0,0.0,0.0,1.0,0.0,positive,32.14467383
32.14467383,0.0,0.0,0.0,0.0,1.0,0.0,negative,31.98019865
31.98019865,0.0,0.0,0.0,0.0,0.0,0.0,negative,31.86539706
31.86539706,0.0,0.7041569948196411,0.0,0.0,1.0,1.0,positive,31.88028257
31.88028257,0.0,0.0,0.0,0.0,0.0,0.0,negative,31.66198348
31.66198348,0.0,0.0,0.0,0.0,0.0,0.0,negative,31.55816612
31.55816612,0.0,0.7405380606651306,0.0,0.0,0.0,1.0,negative,31.34587739
31.34587739,0.0,0.0,0.0,0.0,0.0,0.0,positive,31.63872183
31.63872183,0.0,0.0,0.0,0.0,0.0,0.0,positive,31.77547711
31.77547711,0.0,0.0,0.0,0.0,0.0,2.0,positive,31.82094386
31.82094386,0.0,0.0,0.0,0.0,0.0,0.0,negative,31.71832793
31.71832793,0.0,0.0,0.0,0.0,0.0,2.0,negative,31.66531726
31.66531726,0.0,0.0,0.0,0.7068383097648621,0.0,2.0,positive,31.78666522
31.78666522,0.0,0.9107196927070618,0.0,0.0,0.0,1.0,negative,31.58229725
31.58229725,0.0,0.0,0.0,0.0,0.0,0.0,negative,31.36538358
31.36538358,0.0,0.8682720065116882,0.0,0.0,0.0,1.0,negative,31.18938794
31.18938794,0.0,0.0,0.0,0.0,0.0,0.0,negative,31.04331115
31.04331115,0.0,0.9150400757789612,0.0,0.0,0.0,1.0,negative,31.02109089
31.02109089,0.0,0.0,0.0,0.0,0.0,0.0,positive,31.12055395
31.12055395,0.0,0.888848602771759,0.0,0.0,0.0,1.0,negative,30.68168724
30.68168724,0.0,1.7233070731163025,0.0,1.6555659174919128,1.0,6.0,negative,30.6285652
30.6285652,0.0,0.7540543675422668,0.0,0.0,0.0,2.0,negative,30.31746899
30.31746899,0.0,0.87131267786026,0.0,0.0,0.0,1.0,negative,30.24997379
30.24997379,0.0,0.0,0.0,0.0,1.0,0.0,positive,30.48166227
30.48166227,0.0,0.0,0.0,0.0,0.0,0.0,negative,30.40503199
30.40503199,0.0,0.8426483273506165,0.0,0.0,0.0,1.0,positive,30.4185476
30.4185476,0.0,0.0,0.0,0.0,0.0,1.0,negative,30.35648927
30.35648927,0.0,0.7203129529953003,0.0,0.0,0.0,2.0,negative,30.24727418
30.24727418,0.0,0.0,0.0,0.0,1.0,1.0,negative,30.11990596
30.11990596,1.802895724773407,0.925212264060974,0.0,0.0,3.0,1.0,positive,30.26906372
30.26906372,0.0,0.7335115671157837,0.0,0.0,0.0,1.0,positive,30.35377599
30.35377599,0.0,0.0,0.0,0.0,0.0,1.0,positive,30.363506
30.363506,0.9169095754623412,0.9092233180999756,0.0,0.0,1.0,1.0,negative,30.18455954
30.18455954,0.0,0.0,0.0,0.0,0.0,2.0,positive,30.35518408
30.35518408,0.0,0.0,0.0,0.0,0.0,0.0,negative,30.28907419
30.28907419,0.0,0.0,0.0,0.0,0.0,0.0,negative,30.25670826
30.25670826,0.0,0.0,0.0,0.0,1.0,0.0,positive,30.34719018
30.34719018,0.0,0.0,0.0,0.0,0.0,1.0,positive,30.39291818
30.39291818,0.0,0.7954700589179993,0.0,0.0,0.0,1.0,negative,30.28180715
30.28180715,0.0,0.0,0.0,0.0,0.0,0.0,negative,30.03649381
30.03649381,0.0,0.8732581734657288,0.0,0.0,0.0,2.0,positive,30.11557234
30.11557234,0.0,2.504835247993469,0.0,0.0,1.0,3.0,positive,30.18254164
30.18254164,0.0,8.018614709377289,0.0,0.0,1.0,10.0,negative,29.98474531
29.98474531,0.0,30.925902605056763,0.0,0.0,0.0,37.0,negative,29.90635761
29.90635761,0.0,7.809103012084961,0.0,0.0,1.0,11.0,negative,29.90072863
29.90072863,0.0,16.641401290893555,0.7709362506866455,0.0,1.0,22.0,positive,30.17875158
30.17875158,0.0,0.7293161153793335,0.0,0.0,0.0,1.0,negative,30.15960452
30.15960452,0.0,12.776036202907562,0.0,0.0,0.0,20.0,positive,30.17408746
30.17408746,0.0,5.469193994998932,0.0,0.0,0.0,11.0,positive,30.19027659
30.19027659,0.0,0.0,0.0,0.0,0.0,0.0,positive,30.19624154
30.19624154,0.0,0.0,0.0,0.0,1.0,0.0,negative,30.13512687
30.13512687,0.0,1.5484598875045776,0.0,0.0,0.0,2.0,negative,29.90072313
29.90072313,0.0,0.7054043412208557,0.0,0.0,0.0,2.0,positive,30.00549588
30.00549588,0.0,1.6416435837745669,0.0,0.0,0.0,5.0,negative,29.80084473
29.80084473,0.0,0.0,0.0,0.7057210803031921,0.0,1.0,negative,29.66526713
29.66526713,0.0,0.0,0.0,0.7134819626808167,0.0,3.0,positive,29.84247846
29.84247846,0.8630724549293518,0.0,0.9514911770820618,0.0,2.0,0.0,positive,30.06446556
30.06446556,0.0,0.0,0.0,0.0,0.0,0.0,negative,29.73547223
29.73547223,0.0,0.0,0.7887114882469177,0.0,1.0,0.0,negative,29.3118747
29.3118747,0.0,0.0,0.0,0.0,0.0,0.0,negative,28.94314129
28.94314129,0.0,0.0,0.0,0.974090814590454,0.0,1.0,negative,28.93969507
28.93969507,0.0,0.0,0.0,0.0,1.0,0.0,negative,28.34678899
28.34678899,0.0,0.8641810417175293,0.8288456201553345,0.0,1.0,1.0,positive,28.35635548
28.35635548,0.0,0.7271572947502136,0.0,0.0,0.0,2.0,negative,28.13118571
28.13118571,0.0,0.0,0.0,0.0,0.0,1.0,negative,27.93924533
27.93924533,0.0,0.0,0.0,0.7994492053985596,0.0,3.0,positive,27.96914801
27.96914801,0.0,0.0,0.797855794429779,0.0,1.0,1.0,positive,28.05634932
28.05634932,0.7404310703277588,0.0,0.0,0.0,1.0,0.0,positive,28.15699208
28.15699208,0.0,0.0,0.0,0.0,0.0,0.0,positive,28.45368248
28.45368248,0.0,0.0,0.0,0.0,0.0,2.0,negative,28.33754327
28.33754327,0.0,3.99339759349823,0.9703984260559082,0.0,2.0,5.0,negative,28.19184503
28.19184503,0.0,7.863678157329559,0.9820885062217712,0.0,1.0,9.0,positive,28.48454469
28.48454469,0.0,6.999668717384338,0.0,0.0,0.0,9.0,positive,28.49055506
28.49055506,0.0,0.8834521174430847,0.0,0.0,1.0,2.0,positive,28.59466537
28.59466537,0.0,1.6521157026290894,0.0,0.0,0.0,2.0,positive,28.63758894
28.63758894,0.0,0.0,0.0,0.0,1.0,0.0,negative,28.46263346
28.46263346,0.0,0.0,0.0,0.0,0.0,1.0,positive,28.61055881
28.61055881,0.0,2.4374614357948303,0.0,0.0,0.0,3.0,negative,28.53595098
28.53595098,0.0,0.8474018573760986,0.0,0.0,1.0,2.0,negative,28.4587444
28.4587444,0.0,0.7736453413963318,0.0,0.0,0.0,1.0,positive,28.50841223
28.50841223,0.0,0.0,0.0,0.0,0.0,1.0,positive,28.80441542
28.80441542,0.0,0.0,0.0,0.0,1.0,0.0,negative,28.68632687
28.68632687,0.0,0.8731281161308289,0.0,0.0,0.0,1.0,positive,28.7130839
28.7130839,0.0,0.0,0.0,0.0,0.0,0.0,negative,28.518581
28.518581,0.0,0.0,0.0,0.0,0.0,0.0,positive,28.60859856
28.60859856,0.0,0.0,0.0,0.0,0.0,2.0,negative,28.2913629
28.2913629,0.0,0.0,0.0,0.0,0.0,0.0,positive,28.36848747
28.36848747,0.0,0.0,0.0,0.0,0.0,0.0,negative,28.36171432
28.36171432,0.0,0.8325127363204956,0.0,0.0,0.0,1.0,positive,28.56867691
28.56867691,0.0,0.7538752555847168,0.0,0.0,0.0,2.0,positive,28.72060772
28.72060772,0.0,0.8325127363204956,0.0,0.0,0.0,1.0,negative,28.57381629
28.57381629,0.0,0.8012611269950867,0.0,0.0,0.0,1.0,positive,28.62543963
28.62543963,1.4414024353027344,0.0,0.0,0.0,2.0,1.0,positive,28.7282796
28.7282796,0.0,1.6851837038993835,0.0,0.0,0.0,3.0,positive,28.73999513
28.73999513,0.0,3.289544403553009,0.0,0.0,0.0,5.0,negative,28.65975764
28.65975764,0.0,1.6916016340255735,0.0,0.0,0.0,3.0,negative,28.58969057
28.58969057,0.0,0.8138095736503601,0.0,0.0,0.0,2.0,negative,28.50321859
28.50321859,0.0,0.7711383700370789,0.7332621812820435,0.0,1.0,1.0,negative,28.40700494
28.40700494,0.0,0.0,0.0,0.0,0.0,1.0,positive,28.41976725
28.41976725,0.0,0.0,0.0,0.0,0.0,0.0,positive,28.4218079
28.4218079,0.0,0.0,0.0,0.0,0.0,0.0,positive,28.44161782
28.44161782,0.0,0.0,0.0,0.0,0.0,0.0,negative,28.28066876
28.28066876,0.0,0.0,0.0,0.0,0.0,0.0,positive,28.55000881
28.55000881,0.0,0.0,0.0,0.8645756244659424,0.0,1.0,negative,28.43121469
28.43121469,0.0,0.0,0.0,0.0,0.0,0.0,negative,28.35652012
28.35652012,0.0,0.0,0.0,0.0,0.0,0.0,positive,28.57709443
28.57709443,0.0,0.0,0.0,0.0,0.0,0.0,negative,28.39026581
