priceUsd,sentiment_positive_reddit,sentiment_positive_twitter,sentiment_negative_reddit,sentiment_negative_twitter,social_volume_reddit,social_volume_twitter,priceDirection,priceT+1
7204.26629337,13.193512260913849,18.106775224208832,11.811183393001556,0.8999236226081848,91.0,48.0,positive,7233.08752236
7233.08752236,10.943121373653412,16.9306218624115,11.485296726226808,1.6673511862754822,83.0,36.0,negative,7218.54109002
7218.54109002,9.549961626529694,15.730023562908173,13.58366358280182,1.6314225792884829,84.0,35.0,negative,7212.44855806
7212.44855806,5.142236948013306,12.367583632469175,9.602353513240814,0.0,70.0,33.0,positive,7215.99309272
7215.99309272,5.396938860416412,7.869971990585327,4.828840017318726,1.611662745475769,49.0,26.0,positive,7220.98268202
7220.98268202,7.431700766086578,6.121593534946442,9.300164997577667,0.7478109002113342,49.0,26.0,negative,7208.64918558
7208.64918558,6.077321350574493,19.587193071842197,9.094276547431946,1.5756686925888062,48.0,40.0,negative,7191.72717209
7191.72717209,4.786186635494232,14.833688616752625,3.329877555370331,1.6148091554641724,34.0,34.0,positive,7196.80967359
7196.80967359,7.021924555301666,7.182940781116486,8.98401153087616,3.4103017449378967,49.0,26.0,positive,7202.78830862
7202.78830862,9.11871087551117,3.891858398914337,6.441509962081909,0.7712427377700806,50.0,15.0,positive,7204.5388118
7204.5388118,8.838714182376862,9.23596316576004,3.294091582298279,0.8094143271446228,44.0,24.0,positive,7219.78191768
7219.78191768,9.736928761005402,6.017071664333344,9.421367824077606,2.546373784542084,65.0,28.0,positive,7236.2047808
7236.2047808,16.01211392879486,14.1780104637146,7.331386208534241,1.6955057978630066,88.0,49.0,negative,7234.702355
7234.702355,14.037872612476349,15.605489075183868,13.739557147026062,4.806371033191681,102.0,50.0,positive,7235.62378992
7235.62378992,15.645370066165924,21.236327409744263,14.789275288581848,7.360981225967407,98.0,54.0,positive,7241.07500787
7241.07500787,13.385833740234377,25.425489962100983,12.819842100143433,4.891265451908112,98.0,72.0,positive,7249.47097147
7249.47097147,18.015198469161987,28.02503252029419,14.6954465508461,7.277192652225494,112.0,80.0,negative,7236.88245412
7236.88245412,12.674496412277222,19.677689254283905,17.651709258556366,3.749659240245819,109.0,68.0,positive,7237.54779816
7237.54779816,20.777432322502136,22.6017182469368,12.783941924571993,8.876427710056305,130.0,76.0,positive,7240.68794812
7240.68794812,15.55945485830307,31.222565054893494,13.57938426733017,5.012829661369324,121.0,78.0,negative,7238.98744803
7238.98744803,16.91116690635681,22.529020130634308,14.982299029827118,3.237812578678131,110.0,69.0,negative,7204.21424526
7204.21424526,9.834201633930206,22.690770387649536,11.366876125335692,4.1111204624176025,79.0,61.0,negative,7200.50136362
7200.50136362,13.182604491710665,14.914156317710876,6.655514240264893,3.504094421863556,86.0,53.0,positive,7208.99835605
7208.99835605,6.286558032035828,21.715126395225525,8.946527242660522,5.208384156227112,79.0,66.0,negative,7189.12452294
7189.12452294,9.860624134540558,10.63949728012085,11.89704805612564,4.057186126708984,91.0,42.0,negative,7169.70790341
7169.70790341,12.037271320819857,14.533507168293,11.832518935203552,3.754541158676148,88.0,37.0,negative,7137.26055931
7137.26055931,11.623014628887177,13.336822509765623,11.324453473091124,0.855156660079956,92.0,28.0,positive,7142.81700022
7142.81700022,7.32262510061264,11.981374859809875,6.670323967933655,3.408131420612335,60.0,31.0,negative,7136.23041472
7136.23041472,6.615824103355408,7.71652340888977,6.400816321372986,2.2349496483802795,56.0,25.0,positive,7139.02018535
7139.02018535,5.666271448135376,10.721678614616394,4.130527436733246,2.415459096431732,41.0,29.0,negative,7122.06798066
7122.06798066,1.444630742073059,11.369801104068756,9.894362390041351,1.5069085955619812,44.0,28.0,positive,7152.47986922
7152.47986922,9.280011773109436,7.6380836963653564,4.896761536598206,5.492529213428497,57.0,45.0,positive,7157.13097638
7157.13097638,6.83467423915863,20.03602015972137,11.43234270811081,5.452363729476929,76.0,67.0,positive,7172.15510694
7172.15510694,8.568864643573761,15.848201096057892,12.936620354652405,2.381532728672028,86.0,35.0,negative,7158.91059072
7158.91059072,11.413313627243042,12.90246957540512,5.753454148769379,2.4180089831352234,61.0,36.0,positive,7165.80516086
7165.80516086,17.777578055858612,14.89961004257202,13.801375210285189,3.5055784583091736,93.0,35.0,negative,7141.77510837
7141.77510837,26.46404141187668,11.872694253921509,22.403147161006927,5.616682350635529,131.0,39.0,positive,7160.98181649
7160.98181649,23.759074568748478,32.08777928352356,17.34944212436676,4.895942807197571,144.0,80.0,negative,7154.79038192
7154.79038192,24.404130935668945,18.57101446390152,16.30778408050537,3.1857173442840576,177.0,63.0,negative,7085.54690792
7085.54690792,12.846538543701172,15.973418176174164,24.42186546325684,7.620355427265167,147.0,62.0,negative,6986.26015609
6986.26015609,16.34037584066391,24.3379145860672,25.25724744796753,5.217990756034851,196.0,80.0,positive,6999.17146043
6999.17146043,26.722915172576904,18.477802753448486,19.16558438539505,5.82971054315567,172.0,79.0,positive,7003.25936738
7003.25936738,17.920317888259888,22.24196839332581,20.934987783432007,5.742090344429016,138.0,56.0,negative,6962.62217996
6962.62217996,18.353478729724884,17.56271094083786,16.086056292057037,1.5710089206695557,159.0,48.0,positive,6994.87950329
6994.87950329,11.855131208896635,27.588859021663666,16.8937406539917,11.498086273670197,136.0,101.0,negative,6992.90690217
6992.90690217,18.99470603466034,17.16221559047699,20.805731177330017,4.054350197315216,141.0,65.0,negative,6985.47000061
6985.47000061,14.390091896057127,19.58542823791504,18.319259822368625,2.601565718650818,105.0,54.0,negative,6962.45820898
6962.45820898,15.427872836589811,22.569325804710388,16.486910223960876,5.733690023422241,103.0,62.0,negative,6924.66667436
6924.66667436,45.39021503925324,15.170075714588164,20.59817045927048,1.5790711045265198,197.0,41.0,positive,6974.39995819
6974.39995819,23.23492032289505,9.116360366344452,16.068027794361115,1.8845051527023315,119.0,26.0,negative,6972.40379644
6972.40379644,13.894551277160645,10.920813620090485,8.239640593528748,1.5134746432304382,88.0,34.0,positive,7208.66252156
7208.66252156,15.798940539360046,16.574028074741364,7.639693796634674,8.908190369606018,71.0,50.0,positive,7215.36229875
7215.36229875,12.189325869083405,11.318130314350128,8.18844997882843,6.403221309185028,73.0,43.0,positive,7219.96382356
7219.96382356,6.85571551322937,13.85476529598236,12.47041803598404,2.317095637321472,84.0,35.0,positive,7220.41673282
7220.41673282,10.799824059009552,7.95066910982132,6.775768339633942,3.5275502800941467,95.0,34.0,positive,7267.63260333
7267.63260333,4.121904134750366,14.307959616184236,10.274010121822355,4.558126509189606,60.0,48.0,positive,7339.98777143
7339.98777143,15.645550668239594,12.797900319099426,6.725854158401489,7.350410461425781,63.0,47.0,negative,7319.09360983
7319.09360983,14.013955175876616,25.109126091003414,11.44674962759018,2.460780799388885,89.0,61.0,positive,7337.60838909
7337.60838909,15.101673185825348,19.88519245386124,8.751243114471436,2.529424726963043,79.0,51.0,negative,7329.53378782
7329.53378782,9.813957810401917,22.121151506900787,13.577975273132324,6.391960620880127,86.0,64.0,positive,7346.78035786
7346.78035786,13.88855093717575,26.23585432767868,12.644009113311768,2.4051413536071777,116.0,76.0,negative,7283.01411665
7283.01411665,19.99134868383408,26.02129453420639,12.77544206380844,10.822893142700195,147.0,86.0,positive,7330.45698654
7330.45698654,19.00422090291977,36.3101042509079,23.318058907985687,7.174864590167999,152.0,88.0,positive,7393.46039282
7393.46039282,28.568365216255188,22.256630957126617,24.43129116296768,5.382869005203247,189.0,72.0,negative,7384.02063724
7384.02063724,22.000457227230072,30.46857470273972,29.37449526786804,10.055677235126495,155.0,99.0,negative,7376.84340884
7376.84340884,24.402118742465973,24.45018869638443,27.563951671123505,8.984890580177307,183.0,70.0,negative,7354.28781746
7354.28781746,19.17961013317108,28.564034163951877,27.04770475625992,7.228118181228638,182.0,83.0,negative,7343.03449159
7343.03449159,21.539436995983124,26.57123029232025,17.27354407310486,4.101200222969055,145.0,87.0,negative,7309.91828975
7309.91828975,16.448670268058777,25.333741664886475,26.961227357387543,4.914091944694519,138.0,71.0,negative,7281.12969368
7281.12969368,16.337980687618256,25.040296733379364,26.57421064376831,6.649138689041138,141.0,82.0,positive,7347.15221902
7347.15221902,14.692488074302672,16.96642643213272,30.25010687112808,6.114618182182312,139.0,61.0,negative,7317.3633307
7317.3633307,12.779377162456512,20.75269091129303,19.39489370584488,7.907470345497131,97.0,48.0,positive,7319.34695466
7319.34695466,14.522583305835724,11.950791537761688,17.411421179771423,1.84028434753418,119.0,35.0,positive,7334.84817821
7334.84817821,17.57847237586975,11.110260307788849,15.124105215072632,0.0,121.0,25.0,positive,7352.31970323
7352.31970323,16.13929933309555,21.49996399879456,18.302908718585968,0.0,127.0,40.0,positive,7355.45720304
7355.45720304,13.182579159736632,9.694818437099457,9.615881264209747,5.092574954032898,96.0,32.0,negative,7345.0463754
7345.0463754,7.169747948646545,16.23562878370285,11.48279345035553,2.3564740419387817,71.0,48.0,positive,7390.72691874
7390.72691874,13.0069437623024,4.804504752159119,11.3409104347229,0.7972483038902283,73.0,16.0,negative,7370.26834286
7370.26834286,8.341258585453033,10.888970255851746,5.666561901569367,2.44414085149765,50.0,30.0,positive,7374.22591026
7374.22591026,9.313984870910645,13.799395620822906,9.123072683811188,3.2669992446899414,65.0,40.0,positive,7385.30373955
7385.30373955,11.576558530330658,12.256099224090576,15.434474289417269,0.8506362438201904,91.0,41.0,negative,7371.47345279
7371.47345279,13.0347238779068,8.731593012809753,12.49737983942032,1.7854632139205933,85.0,27.0,negative,7353.42004445
7353.42004445,14.576067507266998,13.474484860897064,10.30549705028534,1.7611539959907532,78.0,40.0,negative,7340.32362873
7340.32362873,12.373981893062592,11.790899634361269,13.488252222537994,0.0,96.0,31.0,negative,7330.72793084
7330.72793084,11.633605062961578,19.00309294462204,14.455730497837068,5.68453186750412,107.0,61.0,positive,7341.8009628
7341.8009628,14.96482366323471,28.91205382347107,13.18974071741104,5.155738472938538,118.0,98.0,positive,7348.04832962
7348.04832962,25.18889045715332,15.688308775424955,21.94061428308487,5.410616934299469,151.0,60.0,positive,7353.42549387
7353.42549387,15.98484182357788,88.08200484514236,16.015384674072266,8.875612914562225,140.0,197.0,positive,7383.32344113
7383.32344113,14.858094394207,42.99434328079224,9.299084305763245,8.430185794830322,100.0,122.0,negative,7354.83994818
7354.83994818,15.301605641841888,36.94497412443161,21.51175081729889,6.911023736000061,138.0,114.0,positive,7389.88776895
7389.88776895,12.85448306798935,33.374601900577545,22.700728833675385,5.5690518617630005,146.0,98.0,positive,7398.57811833
7398.57811833,23.93774104118347,23.03219997882843,15.404641449451448,3.997894287109375,130.0,83.0,positive,7408.09549304
7408.09549304,14.35971349477768,26.30720174312592,29.049907386302948,5.69096964597702,133.0,77.0,positive,7410.38996438
7410.38996438,24.736607909202576,19.076543033123016,14.690611243247986,4.042834281921387,137.0,58.0,positive,7410.45169373
7410.45169373,14.837494432926178,16.918339431285858,6.90898597240448,7.617369771003723,93.0,58.0,positive,7429.04369377
7429.04369377,10.443423688411713,15.11285537481308,11.712298333644869,9.220569133758543,80.0,59.0,positive,7502.4440048
7502.4440048,19.042607188224792,15.918390274047852,21.669844269752502,8.845260977745056,130.0,69.0,negative,7498.03893182
7498.03893182,19.50306785106659,34.20485031604767,15.47860062122345,8.144373059272766,140.0,81.0,positive,7514.00008912
7514.00008912,17.66043072938919,29.70425480604172,7.140236735343933,15.832628011703491,106.0,95.0,negative,7503.94801433
7503.94801433,17.182302713394165,13.624649941921234,14.013556003570557,2.498647391796112,101.0,49.0,positive,7507.41952223
7507.41952223,14.662701964378355,10.185785293579102,20.082477688789368,4.528392970561981,114.0,40.0,negative,7499.07124983
7499.07124983,14.44947099685669,16.74916297197342,14.34099543094635,5.783558011054993,87.0,50.0,positive,7517.10565956
7517.10565956,12.411721765995026,21.64746516942978,15.768585979938509,8.264904737472534,107.0,62.0,negative,7506.37137435
7506.37137435,14.765583097934725,28.06175267696381,19.08053421974182,4.745764434337616,116.0,70.0,negative,7470.6494846
7470.6494846,12.89884078502655,24.33550614118576,10.108886778354645,1.553535878658295,92.0,50.0,negative,7460.54452571
7460.54452571,15.60186618566513,16.953784346580505,17.36564952135086,0.8303987383842468,127.0,34.0,positive,7487.79542401
7487.79542401,4.041927337646484,21.48714959621429,17.452624320983887,5.561758935451508,88.0,66.0,positive,7506.130648
7506.130648,11.119452476501465,30.935556411743164,16.81825989484787,5.67904657125473,88.0,74.0,negative,7484.71955962
7484.71955962,14.136470556259155,29.886252522468567,22.57863187789917,11.06168496608734,114.0,97.0,positive,7488.598921
7488.598921,19.738499522209167,25.49841618537903,15.618148803710938,4.119397163391113,117.0,71.0,positive,7511.7009125
7511.7009125,19.101298332214355,22.90152335166931,21.80903673171997,4.964452207088471,173.0,72.0,positive,7531.60154178
7531.60154178,23.179598689079285,20.82063114643097,21.438129127025604,7.460196912288666,186.0,82.0,negative,7526.0383195
7526.0383195,21.314144790172577,29.673860907554623,20.10555976629257,5.5473726987838745,134.0,93.0,positive,7542.45473203
7542.45473203,26.031339585781097,20.90231192111969,43.52314108610153,8.868305683135986,205.0,85.0,negative,7489.60913964
7489.60913964,29.60738915205002,34.558863282203674,12.46182930469513,16.343581676483154,138.0,122.0,positive,7493.65843048
7493.65843048,16.761148750782013,25.28395599126816,18.85323989391327,6.563319802284241,131.0,67.0,negative,7466.25883226
7466.25883226,15.765838027000427,44.60071259737015,16.953832924365997,8.953933000564575,97.0,110.0,negative,7412.76697133
7412.76697133,15.62364512681961,49.25907760858536,20.066888630390167,8.512490808963776,102.0,98.0,negative,7410.81254092
7410.81254092,15.204209208488464,22.137510180473328,12.218272984027864,10.44933420419693,107.0,65.0,positive,7424.79404618
7424.79404618,11.945572316646576,11.723149597644806,19.796981036663052,4.108659744262695,101.0,43.0,positive,7453.12632214
7453.12632214,11.426537275314333,22.98620253801346,11.541936159133911,6.354126870632172,74.0,84.0,positive,7562.1081283
7562.1081283,5.595562398433685,20.961048901081085,11.75549042224884,2.2183881402015686,88.0,46.0,negative,7546.30384952
7546.30384952,7.943499624729156,18.29807150363922,12.454806804656982,3.7997477054595943,86.0,51.0,positive,7563.26133647
7563.26133647,12.965301930904388,16.162416219711304,13.114030539989471,1.590702474117279,86.0,37.0,negative,7549.08111696
7549.08111696,5.383699297904968,14.49103742837906,12.43640023469925,4.130376279354096,70.0,44.0,positive,7561.48757321
7561.48757321,7.9820497035980225,18.793299555778503,7.258269667625427,1.8684399127960205,62.0,38.0,negative,7546.77995443
7546.77995443,16.267200708389282,9.711745977401732,8.235069870948792,3.28420227766037,90.0,23.0,positive,7572.46542454
7572.46542454,12.739928603172302,8.959040701389313,13.280562400817873,0.7385897636413574,75.0,22.0,negative,7569.84772893
7569.84772893,10.122046887874603,11.41313463449478,13.159740507602692,3.846285462379456,71.0,33.0,positive,7597.00128139
7597.00128139,11.60598737001419,14.340200304985046,16.707385063171387,0.7158260345458984,83.0,47.0,negative,7574.67267403
7574.67267403,10.073353111743929,16.79521769285202,11.23740780353546,4.673501372337341,77.0,50.0,positive,7584.66906492
7584.66906492,22.187612235546112,25.691990971565247,15.694551825523376,6.51587301492691,145.0,67.0,positive,7606.51437351
7606.51437351,14.683908879756927,29.477579295635223,13.888275682926178,2.761875569820404,116.0,72.0,negative,7597.08292104
7597.08292104,11.652468740940094,18.655936300754547,8.48615312576294,5.49325829744339,113.0,62.0,negative,7583.75182953
7583.75182953,13.101978242397308,40.81101709604263,14.362820386886597,3.0926543474197388,132.0,88.0,positive,7591.81076382
7591.81076382,18.35898792743683,32.126163840293884,19.18736857175827,3.249935746192932,122.0,86.0,negative,7580.25442931
7580.25442931,20.99416106939316,39.5839758515358,8.160910248756409,5.511856973171234,112.0,97.0,positive,7582.79601609
7582.79601609,8.841084003448486,28.86638504266739,10.990340650081636,6.736128926277161,76.0,77.0,positive,7604.68909253
7604.68909253,9.984009146690369,21.902181267738342,13.834968149662018,1.6353371143341064,95.0,53.0,negative,7559.80030962
7559.80030962,12.3604673743248,16.693304657936096,14.862760365009308,3.0713778734207158,97.0,51.0,positive,7611.26704052
7611.26704052,20.98333865404129,21.488306045532227,13.724527359008787,3.096631109714508,117.0,68.0,positive,7712.01012953
7712.01012953,20.38158482313156,30.15243309736252,24.611699879169464,2.5254158973693848,153.0,81.0,positive,7781.86718275
7781.86718275,15.117581307888033,21.71810930967331,22.03522962331772,4.551615238189697,158.0,61.0,positive,7898.38645674
7898.38645674,19.72806590795517,19.35332089662552,24.943822503089905,7.269554257392883,178.0,65.0,positive,7902.41787221
7902.41787221,23.7334378361702,19.068488121032715,13.450907051563265,4.229009389877319,136.0,59.0,positive,7925.36906326
7925.36906326,24.11327022314072,12.566532671451569,23.157111167907715,2.6191059350967407,147.0,43.0,negative,7910.7126853
7910.7126853,11.482954382896423,8.911117136478424,21.250902831554413,4.12101286649704,107.0,41.0,negative,7853.49578939
7853.49578939,13.031814634799955,11.454937398433684,11.509141385555267,2.5762559175491333,86.0,36.0,positive,7896.88553249
7896.88553249,10.77288055419922,20.100843966007236,5.8517919182777405,6.839591324329376,64.0,53.0,positive,7904.92700514
7904.92700514,10.226330637931824,12.055474042892456,9.288081049919128,2.565046489238739,62.0,33.0,positive,7908.08824465
7908.08824465,8.17961436510086,10.740361392498016,11.087909936904907,1.6170433163642883,66.0,28.0,positive,7912.09112335
7912.09112335,12.437623739242554,17.07429814338684,13.107329666614532,5.97712254524231,101.0,48.0,negative,7899.86825478
7899.86825478,7.136602163314819,8.084899961948395,3.2152119874954224,4.758212745189667,50.0,29.0,positive,7911.78437435
7911.78437435,6.80209344625473,17.733883380889893,13.08393681049347,1.7442567944526672,66.0,42.0,positive,7949.68387129
7949.68387129,11.657910346984863,15.10103851556778,12.389805734157562,1.449809491634369,77.0,37.0,negative,7909.08812953
7909.08812953,15.912304401397703,17.015225768089294,18.567690908908844,0.7207655310630798,129.0,43.0,negative,7889.32055663
7889.32055663,22.34442788362503,18.927449643611908,20.276160418987278,5.726684868335724,160.0,66.0,positive,7895.69382091
7895.69382091,25.606518745422363,18.837048709392548,20.74829375743866,8.266851902008057,159.0,64.0,negative,7816.98040904
7816.98040904,27.294862687587734,17.160280227661133,22.36786413192749,3.07633376121521,171.0,64.0,positive,7946.29409835
7946.29409835,26.885721147060394,27.324354588985443,32.47444039583206,3.974790811538696,194.0,71.0,positive,7948.37748526
7948.37748526,19.49453753232956,13.124201953411102,40.19777178764343,1.5776541233062744,206.0,55.0,positive,8115.1047363
8115.1047363,32.30227601528168,22.03993266820908,28.09154123067856,11.85954064130783,242.0,83.0,negative,8095.3168188
8095.3168188,27.57632851600647,27.106645345687863,35.45228683948517,5.863699197769165,256.0,75.0,positive,8154.6171723
8154.6171723,48.019176959991455,15.4230175614357,24.99934554100037,5.913428366184235,259.0,58.0,negative,8030.42304066
8030.42304066,54.39939874410629,18.3888521194458,42.2521248459816,11.545264303684236,330.0,70.0,positive,8050.02345721
8050.02345721,45.32687133550644,15.056826889514925,34.56668728590012,1.6341679692268372,269.0,58.0,positive,8161.93547734
8161.93547734,29.272710859775543,15.577464282512665,33.5702269077301,1.638347029685974,239.0,30.0,positive,8354.88293782
8354.88293782,27.6526620388031,24.98298066854477,44.1381453871727,7.507697820663452,221.0,65.0,negative,8354.49839416
8354.49839416,25.34460949897766,44.31386542320252,34.10214692354202,8.897801697254181,195.0,87.0,negative,8299.93469831
8299.93469831,27.13555872440338,14.719979166984558,37.66932511329651,4.702936351299286,193.0,43.0,negative,8293.7764264
8293.7764264,22.847274243831635,13.420291781425476,19.905769109725952,3.1998132467269897,133.0,43.0,positive,8328.31578578
8328.31578578,18.83526813983917,8.852701365947723,9.828186571598051,3.425476372241974,100.0,34.0,positive,8357.90387185
8357.90387185,7.8901989459991455,9.584777295589449,15.215185821056366,4.241809666156769,75.0,47.0,negative,8353.67488194
8353.67488194,6.011196255683899,10.7106631398201,12.910043239593506,1.6506686806678772,102.0,40.0,negative,8304.07564347
8304.07564347,20.91103410720825,9.35945737361908,24.122417867183685,3.936166524887085,120.0,41.0,positive,8324.21955959
8324.21955959,13.172603785991669,19.09222775697708,12.968756198883057,0.864987850189209,112.0,40.0,negative,8313.97078685
8313.97078685,18.04074227809906,6.9043965339660645,6.887041211128235,0.7691342234611511,93.0,21.0,positive,8336.30239286
8336.30239286,12.888334095478058,12.281326591968536,10.559591233730316,1.5142300724983215,93.0,34.0,positive,8339.72654507
8339.72654507,14.234572410583496,9.8680602312088,20.28474754095077,0.0,93.0,29.0,negative,8329.4760007
8329.4760007,11.604780614376068,9.572030663490295,11.186679065227509,4.204970598220825,103.0,48.0,positive,8391.52039697
8391.52039697,18.382118940353397,13.542672574520113,24.022881627082825,7.015547037124634,143.0,50.0,negative,8331.45610991
8331.45610991,24.644567728042603,14.106074571609495,14.659103751182556,6.34909600019455,160.0,54.0,positive,8341.90658363
8341.90658363,33.98636645078659,14.688022553920746,25.049000680446625,3.3593927025794983,204.0,53.0,negative,8175.89685055
8175.89685055,20.468029856681824,16.69533383846283,19.189070880413052,9.2217538356781,158.0,59.0,negative,8158.61568715
8158.61568715,28.321062445640564,11.446592152118685,20.1392742395401,6.476256251335144,179.0,52.0,negative,8129.79582085
8129.79582085,14.876877069473268,17.946343541145325,19.97090929746628,2.5914559364318848,152.0,56.0,negative,8070.11616004
8070.11616004,19.586521863937374,17.06813782453537,22.49063003063202,3.8733526468276978,134.0,51.0,negative,8036.56963661
8036.56963661,27.054565906524655,13.711377918720244,22.012021362781525,5.152094483375549,146.0,52.0,negative,8013.38901718
8013.38901718,15.910350501537325,11.138049900531769,19.217095851898197,4.016203939914703,143.0,51.0,positive,8079.82433215
8079.82433215,23.074459314346317,15.887132108211516,19.53004080057144,1.6624135375022888,134.0,47.0,positive,8079.86277673
8079.86277673,15.727818191051483,22.995163202285767,9.064403355121613,7.482299864292145,122.0,69.0,negative,7986.71995322
7986.71995322,9.293760895729063,7.980574905872345,16.62410408258438,5.038379073143005,97.0,45.0,positive,8016.8250062
8016.8250062,9.106284439563751,14.345416069030762,7.596516370773315,5.51082056760788,57.0,45.0,negative,7991.990645
7991.990645,19.44990611076355,8.983851075172424,14.260921776294708,2.399182379245758,96.0,32.0,negative,7952.52912223
7952.52912223,9.84069722890854,13.662399649620056,8.293829679489136,2.428678512573242,59.0,54.0,positive,7962.95055116
7962.95055116,6.9080491065979,14.056502223014832,4.14991307258606,2.382591664791107,50.0,56.0,negative,7948.73975674
7948.73975674,9.920575737953186,9.292967557907104,4.191551208496094,3.271186947822571,51.0,30.0,positive,7960.75937757
7960.75937757,8.417191922664642,10.530170798301697,8.191254317760468,0.7168817520141602,62.0,32.0,positive,7965.67345216
7965.67345216,8.506171345710754,17.042229890823364,9.720109164714811,1.7257272601127625,65.0,34.0,negative,7941.74505824
7941.74505824,11.783845901489258,14.7875794172287,8.532379686832428,2.751043975353241,72.0,45.0,negative,7927.65835488
7927.65835488,8.342901229858398,5.727234482765198,7.508408844470978,8.413013637065887,54.0,36.0,negative,7926.94427981
7926.94427981,15.848468005657196,18.04127818346024,9.973886787891388,1.5142152309417725,80.0,51.0,negative,7899.20260602
7899.20260602,10.076947927474976,13.379247069358826,10.947250723838806,3.987130582332611,84.0,36.0,positive,7919.09837432
7919.09837432,14.550974011421204,13.607129335403442,8.596836745738983,1.6777843236923218,93.0,43.0,positive,7948.96305924
7948.96305924,11.883748650550842,21.4674152135849,15.466631412506104,3.217844307422638,84.0,73.0,negative,7906.01007132
7906.01007132,17.682026147842407,19.046010553836823,18.92421758174896,3.935647070407867,128.0,73.0,positive,7923.80668018
7923.80668018,18.59265637397766,25.20816504955292,26.35574758052826,10.369161248207092,138.0,83.0,negative,7873.49901731
7873.49901731,16.517407655715942,20.102441549301147,17.294454872608185,6.2013683915138245,129.0,75.0,negative,7866.62598059
7866.62598059,18.61166560649872,19.99281352758408,19.064356803894043,5.737402558326721,132.0,69.0,negative,7856.66870635
7856.66870635,16.375001072883606,30.73419177532196,14.999821603298187,3.268586039543152,127.0,66.0,positive,7944.67693302
7944.67693302,13.293618500232697,27.96174156665802,16.729114770889282,5.613389849662781,101.0,64.0,negative,7894.9676909
7894.9676909,13.102302968502045,22.980507850646973,14.355387091636658,4.741855382919312,118.0,62.0,negative,7850.00538185
7850.00538185,21.10808956623077,22.49492037296295,13.116733610630035,8.779713809490204,113.0,69.0,positive,7867.58795548
7867.58795548,11.983465373516085,10.808766603469849,11.807955265045166,8.033519327640533,90.0,42.0,positive,7879.07152428
7879.07152428,18.63745790719986,5.956597566604614,7.547384023666382,2.5068360567092896,85.0,35.0,negative,7875.93660946
7875.93660946,9.882683873176576,12.918528020381927,5.297752380371094,5.365692496299744,69.0,42.0,negative,7858.44131007
7858.44131007,9.613723456859589,15.592157661914824,12.680187344551086,2.2135205268859863,67.0,38.0,positive,7870.27898565
7870.27898565,6.325604498386383,12.900548458099363,1.6329543590545654,1.7530572414398191,53.0,35.0,negative,7863.91335549
7863.91335549,6.072932481765747,7.792328119277954,6.766817510128021,4.034876585006714,39.0,33.0,negative,7854.41507143
7854.41507143,6.302272319793701,9.919808506965635,5.788981735706329,2.1447741985321045,48.0,28.0,negative,7833.52516128
7833.52516128,10.791857779026031,8.034581303596497,10.177017450332642,0.8294456601142883,57.0,27.0,negative,7811.2953908
7811.2953908,8.339779019355774,13.042704641819,4.014894604682922,0.8564207553863525,48.0,30.0,negative,7800.12327038
7800.12327038,6.504586696624756,11.089995682239532,1.6977384686470032,3.3092018961906438,45.0,36.0,negative,7766.81915706
7766.81915706,15.50761091709137,11.685047268867493,8.211070537567139,1.6462635397911072,83.0,39.0,negative,7755.26485337
7755.26485337,9.61513763666153,15.939429342746736,5.5418784618377686,2.453637719154358,69.0,36.0,positive,7766.42424754
7766.42424754,17.469917476177216,14.308046519756315,7.526890754699707,7.92460560798645,74.0,54.0,positive,7819.43274748
7819.43274748,9.784083008766174,15.537952363491058,9.021167397499084,3.9829894304275513,82.0,42.0,positive,7863.71593803
7863.71593803,13.871669173240662,9.425621688365936,13.058944761753082,0.7922784090042114,107.0,35.0,positive,7906.35770891
7906.35770891,17.590799272060394,24.23133200407028,9.151717245578766,6.405710339546204,104.0,77.0,positive,7979.58185321
7979.58185321,21.58634454011917,18.169872760772705,11.544137716293337,6.591192901134491,127.0,60.0,positive,8045.7530559
8045.7530559,21.403583586215973,26.53904509544373,24.69093829393387,13.161694288253784,186.0,91.0,negative,7976.17406875
7976.17406875,30.843603432178497,23.31074947118759,22.138099193573,3.013428747653961,184.0,90.0,negative,7939.59681713
7939.59681713,24.745140492916107,26.77920889854431,19.33255797624588,7.732960760593414,166.0,95.0,positive,8040.87452641
8040.87452641,22.210387408733368,31.549596786499023,28.34643316268921,6.204660534858704,206.0,76.0,positive,8063.24100087
8063.24100087,24.82946091890335,25.31557643413544,17.785877764225006,6.303339958190918,161.0,64.0,positive,8075.85883662
8075.85883662,25.67306911945343,15.572133660316467,17.495767414569855,4.8212850689888,153.0,63.0,negative,8055.93817873
8055.93817873,19.38819664716721,29.44965863227844,27.23944860696793,12.373485624790192,159.0,104.0,positive,8075.85848571
8075.85848571,18.788398265838623,30.68354994058609,15.862239241600037,5.3652350306510925,142.0,81.0,positive,8166.55414039
8166.55414039,17.667687356472015,11.958222568035126,14.79744440317154,12.45325005054474,118.0,69.0,positive,8169.06064784
8169.06064784,11.590575814247131,11.046274185180664,9.050524353981018,5.43550431728363,85.0,64.0,positive,8196.5410317
8196.5410317,10.82104754447937,14.835567831993105,10.676235914230348,11.059202551841736,89.0,50.0,negative,8190.76278106
8190.76278106,17.401207983493805,14.06875729560852,9.32350331544876,7.073019981384277,88.0,62.0,negative,8171.98202252
8171.98202252,10.19936329126358,15.80888932943344,8.610453248023987,2.29944509267807,57.0,57.0,negative,8113.58895164
8113.58895164,7.157354891300201,10.260460019111632,10.482395231723784,3.339395582675934,62.0,39.0,negative,8098.97308444
8098.97308444,4.899453341960907,8.744677543640137,4.8478410840034485,2.526269555091858,44.0,23.0,positive,8119.84677543
8119.84677543,7.889719665050507,8.115994989871979,3.915558934211731,0.0,47.0,26.0,negative,8081.37572866
8081.37572866,15.569247364997864,7.125768542289734,8.110555648803711,3.223616063594818,70.0,36.0,positive,8083.16407015
8083.16407015,11.913958132266998,14.162817180156708,7.377674460411072,3.955151855945587,74.0,37.0,positive,8112.22788408
8112.22788408,9.891370475292206,8.000178039073944,7.4382643699646,1.59699147939682,51.0,29.0,negative,8066.63083453
8066.63083453,13.202158212661743,11.97875553369522,10.734229803085327,4.830402076244354,67.0,41.0,positive,8081.73115124
8081.73115124,11.20805597305298,8.887623310089111,3.4292657375335693,3.2444390654563904,70.0,38.0,negative,8060.62500169
8060.62500169,13.09954994916916,21.736869990825653,12.81922709941864,6.530427992343903,104.0,66.0,positive,8085.97654316
8085.97654316,15.918190360069277,11.666138291358948,11.469905197620392,5.121180236339569,89.0,43.0,negative,8069.92106094
8069.92106094,11.68443351984024,17.553223252296448,15.036747574806212,3.846519351005554,100.0,48.0,positive,8085.57752794
8085.57752794,16.086517572402954,18.437735974788666,14.169843196868896,13.9229776263237,120.0,94.0,positive,8129.14530513
8129.14530513,23.05792897939682,38.87542766332626,12.594399273395538,7.334122240543365,129.0,105.0,positive,8138.5061472
8138.5061472,21.39064532518387,27.81002831459045,17.941967248916626,8.040656566619873,146.0,98.0,negative,8125.45082077
8125.45082077,27.29219007492065,21.584453344345093,21.387945115566254,4.673683345317841,184.0,71.0,positive,8136.67490894
8136.67490894,17.18256562948227,20.97668349742889,16.971118330955505,5.303776919841766,151.0,67.0,positive,8153.76599385
8153.76599385,24.188429415225983,19.258938550949097,27.03606480360031,2.30703467130661,187.0,53.0,positive,8154.40080118
8154.40080118,24.28071165084839,48.81912004947662,20.648529648780823,4.803942680358887,174.0,121.0,negative,8083.76987584
8083.76987584,10.515303552150726,21.66762483119965,17.145802795886993,8.054943025112152,100.0,75.0,negative,8037.53738872
8037.53738872,8.782618284225464,12.414437294006348,12.268047273159029,4.207576215267181,80.0,48.0,positive,8062.74725672
8062.74725672,8.788638770580292,15.416207313537598,11.208545446395874,4.151604354381561,68.0,45.0,positive,8065.12723068
8065.12723068,10.49841433763504,9.504133582115172,11.069168031215668,3.85000205039978,78.0,44.0,positive,8113.35178713
8113.35178713,9.597917139530182,14.13342833518982,7.1048818826675415,4.269470989704132,50.0,39.0,negative,8091.59338564
8091.59338564,6.844074070453644,24.675728917121887,4.305522441864014,5.699205935001373,43.0,53.0,negative,8080.22183367
8080.22183367,11.304894030094149,12.999985575675964,4.053624927997589,0.0,51.0,27.0,negative,8073.94697431
8073.94697431,5.524486243724823,21.60323053598404,9.359108209609984,4.798169016838074,63.0,52.0,positive,8105.39220587
8105.39220587,8.276979088783264,13.62759017944336,8.50628787279129,2.3875368237495422,58.0,43.0,positive,8106.25820601
8106.25820601,5.424274265766144,8.388930082321167,7.276694774627685,5.811867296695709,67.0,36.0,positive,8157.04445288
8157.04445288,10.488432705402374,9.037851750850676,7.789060711860657,0.8009018301963806,62.0,27.0,negative,8148.09021831
8148.09021831,8.272214412689209,11.774000644683838,13.261127591133118,1.5082584619522097,75.0,36.0,positive,8149.97743733
8149.97743733,11.864258348941805,15.1830974817276,8.26714426279068,4.690982401371002,69.0,47.0,negative,8135.03958905
8135.03958905,11.492146968841553,23.84528785943985,13.352441787719728,3.401981830596924,68.0,60.0,positive,8151.10911492
8151.10911492,3.908494472503662,10.578600704669952,7.952474296092987,3.921384632587433,64.0,30.0,positive,8164.70151288
8164.70151288,12.122435569763184,23.27542245388031,5.087938904762268,1.681393265724182,85.0,51.0,negative,8157.51100771
8157.51100771,9.692867636680605,22.97706472873688,17.046031773090363,2.4955918192863464,103.0,55.0,positive,8173.15656894
8173.15656894,13.171740531921388,24.2846097946167,23.28752022981644,0.7985161542892456,126.0,58.0,negative,8140.8586244
8140.8586244,18.411739468574524,23.359916031360623,17.903103351593018,7.1921303272247314,112.0,77.0,negative,8139.86378961
8139.86378961,10.070331156253816,19.3537859916687,17.681866466999054,4.000160574913025,116.0,75.0,positive,8148.87597934
8148.87597934,23.646041810512543,20.852883040905,20.9748939871788,7.95923912525177,150.0,60.0,positive,8159.3316613
8159.3316613,18.515669524669647,20.52334481477737,15.870772063732147,1.655337154865265,121.0,50.0,positive,8170.37836931
8170.37836931,19.189128041267395,18.806897461414337,11.528860569000244,2.342761754989624,120.0,54.0,negative,8148.92488672
8148.92488672,10.46347576379776,11.2787464261055,8.13770979642868,2.430680215358734,80.0,41.0,positive,8176.08166448
8176.08166448,16.64627492427826,10.188284933567047,15.393839418888092,3.377474009990692,113.0,43.0,positive,8192.49400532
8192.49400532,14.162518382072449,8.560828864574432,11.500113189220428,3.1980382800102234,82.0,31.0,negative,8178.32239269
8178.32239269,6.835722088813782,10.971659064292908,8.928825795650482,6.663111388683319,64.0,61.0,negative,8175.49460534
8175.49460534,11.049544930458069,11.15784752368927,10.874627768993378,1.6513765454292295,70.0,25.0,negative,8158.87937379
8158.87937379,8.507698893547058,2.4623440504074097,10.990654528141022,3.4710248708724976,61.0,23.0,negative,8152.43721959
8152.43721959,12.29537320137024,4.84272313117981,19.01895636320114,1.6715967059135437,102.0,18.0,positive,8155.72502331
8155.72502331,5.362331986427307,10.792790949344637,9.737226724624634,3.52075332403183,52.0,39.0,negative,8134.7560743
8134.7560743,9.833544611930847,7.069299340248108,4.308060050010681,1.4692677855491638,38.0,20.0,positive,8136.90186683
8136.90186683,8.564835965633392,5.763025641441345,9.85252296924591,3.9516993165016174,49.0,26.0,negative,8126.12559004
8126.12559004,4.054096043109894,6.439460933208466,6.640415787696838,2.1738587617874146,50.0,20.0,positive,8144.25059823
8144.25059823,11.60308676958084,7.356384873390198,9.902844309806824,0.0,71.0,20.0,negative,8138.38265605
8138.38265605,10.712734580039978,11.224266350269318,6.4012569189071655,0.0,83.0,29.0,positive,8141.0858179
8141.0858179,11.732636749744415,14.810860276222227,9.678165078163149,1.7981576919555664,70.0,40.0,negative,8137.72214292
8137.72214292,13.615157127380373,17.77555739879608,11.608384549617767,1.8251075744628904,71.0,43.0,negative,8098.76471045
8098.76471045,19.446808636188507,13.627133667469025,16.276515007019043,3.1030311584472656,108.0,36.0,positive,8114.59328997
8114.59328997,16.715686202049255,13.733290314674376,22.05258220434189,3.222509562969208,139.0,43.0,negative,8094.29314823
8094.29314823,13.989977955818176,26.928766667842865,10.333050549030304,4.027330160140991,132.0,69.0,negative,8090.03297397
8090.03297397,22.134137749671936,17.94924294948578,13.981460750102997,8.036323606967926,130.0,67.0,positive,8092.99899843
8092.99899843,24.284145176410675,26.05067658424377,23.3388569355011,7.156524419784546,154.0,106.0,positive,8134.96794841
8134.96794841,22.20843529701233,45.82002031803131,10.79532128572464,5.91452032327652,142.0,102.0,positive,8136.40827515
8136.40827515,22.904954731464382,26.19911926984787,16.529518365859985,6.315597951412201,132.0,80.0,positive,8138.60457558
8138.60457558,19.43605226278305,19.178153455257416,14.772606194019318,2.482939958572388,110.0,68.0,positive,8150.60892054
8150.60892054,16.150240659713745,25.54247760772705,22.85382902622223,16.148804247379303,168.0,88.0,positive,8156.48717714
8156.48717714,15.76095736026764,23.932825088500977,11.347063720226288,4.786448001861572,122.0,71.0,negative,8143.63720725
8143.63720725,11.981516003608704,15.474068343639374,11.108567833900452,3.8797900080680847,95.0,54.0,positive,8144.19451744
8144.19451744,9.245218753814695,18.2576425075531,9.592793107032776,5.07168835401535,120.0,51.0,positive,8257.61507063
8257.61507063,14.524645686149595,25.52836710214615,12.429390788078308,4.4563108086586,120.0,104.0,positive,8414.85015765
8414.85015765,13.80299162864685,24.5780371427536,18.443609297275543,8.138928711414337,119.0,78.0,negative,8385.98192268
8385.98192268,13.08651727437973,10.381498277187347,14.968237161636353,4.7216477394104,87.0,57.0,positive,8434.67191164
8434.67191164,13.08412116765976,8.33324146270752,12.148883700370789,0.8281957507133484,89.0,31.0,positive,8491.0824467
8491.0824467,13.247130572795868,10.6502605676651,7.45111221075058,2.5934800505638123,90.0,32.0,positive,8499.28651255
8499.28651255,15.068952083587646,17.578543841838837,14.225121319293976,3.019884765148163,95.0,47.0,positive,8499.60241309
8499.60241309,14.638095378875732,11.577367544174194,20.70298832654953,2.5679932832717896,113.0,36.0,positive,8537.93350428
8537.93350428,13.490281462669373,12.338235974311829,15.535447657108309,2.5860689878463745,106.0,32.0,negative,8498.20542199
8498.20542199,16.401489555835724,10.662963509559631,18.28467571735382,1.7053155899047852,120.0,47.0,positive,8508.39937003
8508.39937003,13.29282683134079,14.502532184123991,9.334784626960754,0.7626745700836182,93.0,49.0,positive,8539.01481934
8539.01481934,18.68418377637863,20.23336613178253,4.147912859916687,1.6261686086654663,106.0,44.0,positive,8577.26226727
8577.26226727,17.533854067325592,28.073692739009857,10.629357039928436,0.8148281574249268,106.0,66.0,negative,8549.85105536
8549.85105536,18.145506620407104,26.401118636131287,14.302096724510193,3.9276609420776367,106.0,85.0,positive,8597.82442724
8597.82442724,19.704868853092197,34.32977801561356,27.73132175207138,7.339264214038849,172.0,101.0,positive,8678.45118566
8678.45118566,34.30161952972412,22.310108721256256,29.212723672389984,3.834644377231598,210.0,67.0,positive,8695.44521227
8695.44521227,23.8302099108696,48.37028616666794,31.38315546512604,8.0876384973526,215.0,133.0,negative,8628.49736688
8628.49736688,30.231256365776066,31.837363123893734,24.33977508544922,10.239850759506226,218.0,108.0,positive,8766.2412788
8766.2412788,31.053898453712463,41.25926584005356,25.72308313846588,7.036530554294586,215.0,93.0,negative,8735.3669582
8735.3669582,33.17437356710434,33.85973757505417,31.16832375526428,12.957007765769958,228.0,121.0,positive,8795.13591979
8795.13591979,22.105546832084656,22.317100167274475,29.050253808498383,14.251036584377289,213.0,99.0,negative,8704.91627871
8704.91627871,36.51441758871079,25.044113993644714,20.457612812519077,7.144002974033356,175.0,93.0,positive,8757.0747264
8757.0747264,21.24180567264557,22.67743676900864,27.57221919298172,9.695334792137146,164.0,77.0,positive,8802.16072692
8802.16072692,18.769521594047543,27.975330710411072,17.155588269233704,9.003851056098938,140.0,107.0,positive,8827.76442606
8827.76442606,27.288318812847137,23.70141452550888,28.55096012353897,7.881068408489227,191.0,98.0,positive,8828.36959487
8828.36959487,19.1970289349556,20.42260587215424,22.43341213464737,11.118195652961733,160.0,83.0,negative,8744.51413316
8744.51413316,14.46051800251007,16.07800006866455,26.59061509370804,7.200317621231079,134.0,59.0,positive,8792.86938077
8792.86938077,18.51538729667664,14.803879022598268,18.749006748199463,4.734677731990814,141.0,49.0,positive,8842.47301237
8842.47301237,15.932173550128937,11.475217342376707,9.483444035053251,3.0831368565559387,90.0,35.0,negative,8702.71296104
8702.71296104,11.24009370803833,11.179169476032255,9.389658510684969,0.0,86.0,28.0,negative,8685.90718866
8685.90718866,7.080284118652344,11.995698690414429,11.215114831924438,4.269319176673889,100.0,43.0,positive,8702.28655713
8702.28655713,8.048411309719086,8.733827233314514,5.657026588916779,3.393774390220642,73.0,33.0,negative,8694.54640503
8694.54640503,13.268221139907835,9.57374745607376,6.612920165061951,4.831635296344757,81.0,31.0,positive,8720.08960614
8720.08960614,13.20091164112091,13.782773733139038,13.903842210769652,2.3216578364372253,102.0,32.0,positive,8728.72414096
8728.72414096,20.588068664073944,7.067371249198914,6.750889241695404,1.7114024758338928,110.0,33.0,positive,8770.63898525
8770.63898525,10.333716332912443,11.470003604888916,11.141199469566343,2.424001097679138,112.0,36.0,negative,8745.78214316
8745.78214316,14.198443353176115,11.365675449371338,10.343346655368803,2.390102863311768,124.0,37.0,positive,8754.4846095
8754.4846095,18.978465735912323,16.06843012571335,16.30415588617325,0.7197015881538391,158.0,38.0,positive,8850.18756181
8850.18756181,16.956084072589874,26.114525854587555,28.527755558490757,5.484923183917999,146.0,66.0,positive,8857.32066193
8857.32066193,25.0442596077919,28.279700100421906,22.086725175380707,12.074509382247925,148.0,105.0,negative,8766.39892221
8766.39892221,34.3691001534462,30.221987664699554,24.115205228328705,13.490904092788696,196.0,102.0,positive,8782.40413418
8782.40413418,25.2801713347435,31.97243410348892,30.89581161737442,14.16454017162323,186.0,112.0,negative,8769.47394638
8769.47394638,24.60266250371933,31.2630597949028,28.27044779062271,10.354375004768372,172.0,100.0,negative,8749.48833918
8749.48833918,15.795215129852297,23.396477162837986,23.45106917619705,6.405325174331665,139.0,83.0,positive,8749.7000988
8749.7000988,21.55481904745102,30.845988273620605,11.817416489124298,4.69850766658783,115.0,94.0,positive,8798.99327983
8798.99327983,13.258799016475676,32.27971708774567,14.442063689231873,9.734127223491669,129.0,97.0,positive,8809.21481539
8809.21481539,22.56596827507019,32.32862138748169,16.052974224090576,8.953624904155731,153.0,89.0,positive,8829.21393248
8829.21393248,24.16457688808441,25.20355361700058,24.012231290340424,8.83971482515335,164.0,88.0,negative,8807.01027532
8807.01027532,20.708529770374295,14.264847218990326,11.256909191608427,5.915895283222199,124.0,52.0,negative,8758.76036293
8758.76036293,25.858340442180637,17.915193736553192,16.67351859807968,3.1729061603546143,120.0,57.0,negative,8645.7235005
8645.7235005,11.542759120464323,6.519323229789734,18.968530416488647,8.25894021987915,105.0,45.0,positive,8664.65467125
8664.65467125,7.700023949146271,22.624115586280823,7.703129589557648,5.877932667732239,72.0,59.0,negative,8641.13206728
8641.13206728,7.858145654201508,13.119138836860657,5.795711576938629,0.8542526364326477,52.0,40.0,positive,8649.61732402
8649.61732402,6.258363664150238,6.543864727020264,13.954313158988953,3.6980719566345215,85.0,26.0,positive,8707.56936349
8707.56936349,5.597052693367004,7.844495177268982,3.697747528553009,0.8656901121139526,45.0,27.0,positive,8712.45396774
8712.45396774,10.250670313835144,8.903919219970703,9.797967553138731,5.24775618314743,58.0,28.0,negative,8667.87584575
8667.87584575,18.29847913980484,11.778916835784912,6.0421013832092285,3.718033254146576,82.0,44.0,positive,8668.65276564
8668.65276564,18.68557834625244,11.71314138174057,16.710154950618744,4.916099369525909,113.0,40.0,negative,8640.33337532
8640.33337532,9.78251576423645,4.8006985783576965,10.589500904083252,0.7947360277175903,80.0,20.0,negative,8637.52785487
8637.52785487,11.4310063123703,12.61817193031311,13.857070446014404,3.9150601029396057,81.0,39.0,positive,8680.81038311
8680.81038311,10.738020479679108,15.78635859489441,13.783942222595217,2.290125250816345,101.0,43.0,positive,8755.83588163
8755.83588163,18.761533737182617,14.927116513252258,17.016510605812073,5.788550972938538,119.0,42.0,negative,8686.07480064
8686.07480064,24.985314786434174,16.887819290161133,17.802713334560394,5.042196989059448,126.0,52.0,negative,8667.38200303
8667.38200303,21.902654349803925,16.4623983502388,20.123239398002625,3.411130368709564,159.0,54.0,positive,8693.46257122
8693.46257122,26.185202300548557,18.64302706718445,21.726756811141968,6.723628520965576,149.0,64.0,negative,8643.74699656
8643.74699656,17.716152369976044,29.900174856185917,27.55354815721512,7.3163623213768,163.0,106.0,positive,8687.65449756
8687.65449756,43.78887730836868,30.097122073173523,28.70167481899261,4.238928496837616,231.0,73.0,negative,8686.87139016
8686.87139016,35.466950953006744,17.378417491912842,23.80806714296341,11.395333647727966,191.0,72.0,positive,8699.07587439
8699.07587439,30.127370059490204,21.408523321151733,21.85264259576797,9.162807166576384,198.0,84.0,positive,8729.79334647
8729.79334647,26.11577957868576,17.944853901863098,21.078162252902985,14.753518760204315,151.0,68.0,negative,8697.88218817
8697.88218817,17.5283642411232,17.576037883758545,17.86942219734192,7.255741834640503,144.0,56.0,positive,8721.1192745
8721.1192745,14.2830051779747,24.64753180742264,17.692314326763153,5.437856018543243,109.0,60.0,positive,8723.78576573
8723.78576573,13.775557577610016,49.46828150749207,17.952970445156097,2.343320667743683,109.0,99.0,negative,8681.32987022
8681.32987022,38.54385495185852,20.359659671783447,16.55964159965515,6.43975704908371,127.0,58.0,positive,8717.39421578
8717.39421578,5.089440703392029,14.177891552448273,11.28334414958954,5.094770967960358,69.0,43.0,positive,8756.33134868
8756.33134868,11.777848184108734,8.740325272083282,7.164605915546417,5.557513773441315,92.0,34.0,positive,8791.03626562
8791.03626562,12.088462054729462,8.039513289928436,13.201012253761292,2.4601067900657654,95.0,28.0,negative,8787.81073259
8787.81073259,12.528881072998049,10.634645938873293,8.718479037284851,5.595652043819428,94.0,46.0,positive,8863.36736925
8863.36736925,5.558889389038086,13.777191281318665,15.580995857715608,2.2964821457862854,73.0,38.0,positive,8890.95141471
8890.95141471,15.405620634555817,8.626905739307404,13.47459638118744,6.169657468795776,102.0,43.0,positive,8900.73585126
8900.73585126,12.731766521930696,9.692129850387571,10.7120561003685,0.8934637308120728,95.0,31.0,negative,8897.30405735
8897.30405735,8.106932163238525,6.516070604324341,9.330436050891876,0.7450489401817322,88.0,23.0,positive,8927.15978479
8927.15978479,9.28547376394272,13.401142179965971,7.1449466943740845,3.169498026371002,76.0,49.0,negative,8911.4759177
8911.4759177,13.39692234992981,18.24155390262604,12.44686233997345,2.466772139072418,114.0,50.0,negative,8907.49395589
8907.49395589,10.88891887664795,17.48838996887207,10.05018389225006,1.7618923783302307,70.0,52.0,negative,8838.42040081
8838.42040081,16.92546033859253,18.293013036251068,15.981532514095306,2.201533794403076,121.0,64.0,positive,8839.90244855
8839.90244855,12.559260368347168,22.14330393075943,21.30712640285492,4.547738969326019,116.0,58.0,negative,8788.75058861
8788.75058861,17.291661500930786,18.57618451118469,18.71102613210678,4.624278426170349,122.0,63.0,positive,8843.10444245
8843.10444245,13.307146787643433,21.945378839969635,19.113583743572235,12.454473197460176,123.0,80.0,positive,8885.37067136
8885.37067136,24.62287259101868,16.682663917541504,15.219808876514437,9.66446489095688,143.0,64.0,negative,8874.9168346
8874.9168346,26.18827903270721,28.2075332403183,28.693375945091248,3.859407007694245,174.0,64.0,positive,8918.17270936
8918.17270936,33.03949731588364,14.952313899993896,28.50271737575531,4.18239426612854,233.0,54.0,negative,8877.21630968
8877.21630968,23.85236644744873,16.47326761484146,29.620467603206635,1.52968567609787,208.0,36.0,positive,8893.63650816
8893.63650816,19.2351171374321,20.14848166704178,22.16003906726837,1.8107298612594604,136.0,51.0,positive,8901.28830822
8901.28830822,19.53373551368713,19.48871862888336,24.408385694026947,2.534257471561432,143.0,46.0,positive,8945.24206239
8945.24206239,16.114617943763733,20.367113888263702,14.756952226161957,7.892106771469116,120.0,79.0,negative,8929.0376776
8929.0376776,22.028748393058777,17.83638507127762,17.227417469024658,5.452584505081177,146.0,55.0,positive,8957.47506191
8957.47506191,24.029800236225128,22.09347826242447,32.722651064395905,2.175393223762512,180.0,61.0,negative,8920.94403798
8920.94403798,21.65889835357666,11.340950429439545,21.885285198688507,6.556539237499237,149.0,45.0,negative,8911.94741826
8911.94741826,8.040477633476257,12.600562453269958,13.421372890472412,4.423689484596252,104.0,46.0,positive,8928.91213215
8928.91213215,18.276229560375214,10.955298960208893,11.766483128070831,4.218696892261505,111.0,40.0,negative,8866.44562601
8866.44562601,14.133833587169647,9.381667792797089,18.25877332687378,5.680477261543274,95.0,36.0,negative,8851.61348372
8851.61348372,4.165463626384735,18.235012769699097,15.65434318780899,3.3028884530067444,68.0,40.0,positive,8866.00109858
8866.00109858,6.507607281208038,8.488037586212158,12.746098160743712,3.017503261566162,65.0,31.0,negative,8864.31107483
8864.31107483,12.55535215139389,9.303559482097626,6.675272643566132,4.818881452083588,77.0,29.0,positive,8866.97871301
8866.97871301,7.434517562389374,8.948736190795898,8.16778963804245,2.498776137828827,54.0,30.0,positive,8883.12677951
8883.12677951,5.116188883781433,10.515901625156404,6.90292364358902,2.253196656703949,62.0,37.0,positive,8901.16648606
8901.16648606,5.731522440910339,7.211446523666382,9.307045340538023,2.4128724932670598,52.0,27.0,negative,8861.45442199
8861.45442199,11.128911316394806,10.728293657302856,11.360704123973846,1.4053542017936709,71.0,26.0,positive,8907.50585827
8907.50585827,7.15692526102066,7.968487858772278,15.680471122264862,3.2228981256484985,80.0,33.0,positive,8930.20140617
8930.20140617,13.353172302246094,20.7805849313736,10.194048523902891,3.124997556209564,85.0,53.0,negative,8926.22352005
8926.22352005,16.628484427928925,21.641840517520905,10.606824576854706,6.813286244869232,109.0,56.0,negative,8896.47879761
8896.47879761,18.507066190242767,16.747291266918182,20.08954817056656,9.6431645154953,154.0,67.0,positive,8898.3426303
8898.3426303,24.099659025669094,26.290508687496185,23.207435250282288,4.863753318786621,139.0,73.0,positive,8911.03656093
8911.03656093,21.568467140197757,11.744839370250702,18.400210559368134,7.936633288860321,144.0,61.0,negative,8893.07950229
8893.07950229,25.93216598033905,11.37013864517212,20.13490891456604,6.596002817153931,153.0,54.0,positive,8903.36158959
8903.36158959,21.23535841703415,12.872790455818176,18.724895000457764,0.9378660917282104,139.0,47.0,negative,8899.76048874
8899.76048874,12.138924956321716,16.659373581409454,20.03617513179779,8.197690427303314,116.0,65.0,positive,8918.74738731
8918.74738731,10.696174800395966,16.727948427200317,26.12249886989593,8.600957155227661,123.0,74.0,positive,8947.71006568
8947.71006568,16.63558292388916,14.020080387592316,22.66392415761948,4.853557765483856,134.0,49.0,negative,8941.44574506
8941.44574506,23.105273127555847,12.091230750083923,26.23880296945572,2.2729580402374268,176.0,48.0,positive,8949.61265495
8949.61265495,11.287731885910034,16.07040411233902,8.619508147239685,7.428478360176086,80.0,64.0,positive,9115.05537326
9115.05537326,30.083376049995422,13.516692280769348,34.376275181770325,3.1309128403663635,265.0,46.0,positive,9141.16594282
9141.16594282,26.66002106666565,14.4359410405159,21.081461012363437,4.81022185087204,157.0,50.0,negative,9133.79452852
9133.79452852,20.297584772109985,15.882117211818697,17.33649879693985,2.1910762786865234,119.0,43.0,negative,9120.14481773
9120.14481773,9.07025671005249,15.003826141357422,9.941408276557922,0.776614248752594,103.0,28.0,positive,9126.16464991
9126.16464991,8.949521780014038,8.628555417060852,10.9278883934021,1.6135565638542175,80.0,22.0,negative,9099.14855575
9099.14855575,12.245769023895264,5.772281646728516,18.555801212787628,1.662376046180725,95.0,23.0,negative,9078.44705551
9078.44705551,12.400716543197632,10.14647376537323,16.67877948284149,6.037978887557983,99.0,36.0,positive,9092.15028091
9092.15028091,11.290509045124054,10.24168974161148,14.70205694437027,3.506523549556732,102.0,26.0,negative,9069.90496174
9069.90496174,9.189236342906952,9.982002198696136,8.777339100837708,4.236106395721436,89.0,26.0,negative,9057.28132014
9057.28132014,14.700875699520113,12.142736613750458,8.550403714179993,4.082660019397736,84.0,31.0,negative,8670.5791477
8670.5791477,13.543890416622162,12.872116386890411,19.739051282405853,4.135146200656891,141.0,41.0,negative,8642.69627027
8642.69627027,11.803980708122252,7.000284790992737,17.015393018722534,3.2667505145072937,146.0,28.0,negative,8639.36645338
8639.36645338,15.654479444026949,16.235670030117035,14.09170126914978,4.725763440132141,132.0,43.0,positive,8654.34975722
8654.34975722,18.56910812854767,10.386247754096985,15.87155681848526,3.32643061876297,145.0,29.0,negative,8637.53216947
8637.53216947,21.595852732658383,26.458573877811432,18.28128468990326,9.74573677778244,169.0,81.0,positive,8648.71580627
8648.71580627,25.609973907470703,26.916925728321075,24.4084535241127,23.772671341896057,203.0,114.0,positive,8665.29475825
8665.29475825,20.247880399227142,29.93098282814026,13.102572083473206,15.794845640659332,136.0,109.0,negative,8656.29774536
8656.29774536,17.759463906288147,41.46299487352371,33.056363344192505,13.963497042655945,161.0,105.0,negative,8655.99035351
8655.99035351,20.540878653526303,19.65794825553894,25.070610105991364,11.578510582447052,171.0,71.0,negative,8655.30978478
8655.30978478,24.125821888446808,18.932498693466187,17.07408708333969,4.037749707698822,135.0,48.0,positive,8728.97939009
8728.97939009,21.84424090385437,22.02759289741516,40.06394213438034,9.31016480922699,203.0,63.0,negative,8664.92405611
8664.92405611,21.816270530223846,15.306395649909971,23.244829893112183,7.691338658332825,128.0,55.0,positive,8706.24512993
8706.24512993,15.374299108982086,8.830323874950409,10.035389006137848,6.452893376350403,101.0,52.0,negative,8678.51110448
8678.51110448,9.713186383247375,19.801077365875244,9.001028776168823,6.940238296985626,68.0,63.0,negative,8671.31226624
8671.31226624,4.80848753452301,15.12196797132492,10.831965327262878,10.959105491638184,76.0,66.0,positive,8698.39846257
8698.39846257,7.522876501083374,13.431894421577454,15.30907154083252,11.013095438480375,89.0,49.0,negative,8680.4642232
8680.4642232,8.8241206407547,7.89222264289856,15.493350327014925,9.115935862064362,86.0,34.0,negative,8667.49261673
8667.49261673,11.757661879062653,10.3213432431221,10.478283941745758,8.483761548995972,94.0,37.0,positive,8697.10871515
8697.10871515,7.522744297981262,10.343283653259276,8.838150084018707,0.0,75.0,27.0,negative,8686.62235666
8686.62235666,10.264939427375792,4.549864172935486,11.231715857982635,3.302670657634735,79.0,30.0,negative,8665.28970562
8665.28970562,11.340381026268004,21.716839134693146,9.512758493423462,5.86105352640152,78.0,53.0,negative,8642.93850031
8642.93850031,11.414475619792938,13.940083384513857,8.504753232002258,6.059388220310211,86.0,46.0,positive,8658.31041355
8658.31041355,6.477939128875732,10.5680832862854,7.010436773300171,5.60524183511734,51.0,45.0,positive,8658.89300602
8658.89300602,6.594945549964905,11.275057315826416,13.13236254453659,4.804268658161163,74.0,45.0,negative,8653.8503771
8653.8503771,13.399967908859251,20.181823074817657,8.984041810035706,3.089080929756165,77.0,61.0,negative,8608.39185162
8608.39185162,12.341463387012482,14.093184888362885,7.964251816272736,2.4863359928131104,80.0,42.0,positive,8630.50621447
8630.50621447,15.107378780841827,31.55615282058716,16.39568841457367,3.943493068218231,94.0,81.0,positive,8666.59680986
8666.59680986,13.01084977388382,22.336693465709686,8.582013309001923,11.042353868484495,90.0,83.0,positive,8673.09747597
8673.09747597,7.929794669151306,14.588138699531555,15.567536413669586,13.20677262544632,103.0,70.0,negative,8667.97239955
8667.97239955,17.081390917301178,26.07101058959961,18.568180739879608,5.197324752807617,124.0,81.0,negative,8651.12459916
8651.12459916,17.53861254453659,11.671499013900757,28.12048810720444,7.88773500919342,167.0,50.0,positive,8678.13092929
8678.13092929,20.61140757799149,27.00596123933792,18.37861657142639,4.165612399578095,136.0,77.0,negative,8636.9966564
8636.9966564,18.930292427539825,18.97072911262512,10.570923566818236,8.8539337515831,117.0,53.0,positive,8664.52810436
8664.52810436,8.340554654598236,9.382929861545565,15.702073454856873,10.597891926765442,109.0,51.0,positive,8668.34757531
8668.34757531,15.406739056110382,24.21383970975876,21.65104883909225,12.2255220413208,160.0,90.0,positive,8677.46384314
8677.46384314,19.159707248210907,13.233640551567078,22.258971631526947,5.923180103302002,119.0,48.0,negative,8657.64293942
8657.64293942,8.382476091384888,16.129584670066833,21.644849479198456,8.60135418176651,112.0,50.0,negative,8652.10919082
8652.10919082,17.203060388565063,19.3547625541687,13.213508665561676,7.732662379741669,121.0,54.0,positive,8657.42593633
8657.42593633,17.60620105266571,10.107716143131256,12.812228679656982,4.2894275188446045,124.0,43.0,positive,8666.92039106
8666.92039106,13.043355762958528,14.045647025108336,14.703919231891632,4.185050547122955,87.0,36.0,positive,8672.22797819
8672.22797819,8.00188797712326,10.623166918754578,10.204539239406586,1.768239140510559,81.0,41.0,positive,8679.69896613
8679.69896613,8.236016154289246,6.830128490924835,12.47042328119278,4.027564465999603,65.0,28.0,negative,8662.26752311
8662.26752311,11.2524915933609,10.567210674285889,12.72184431552887,3.0234957933425903,73.0,36.0,negative,8657.19838552
8657.19838552,15.482170641422272,5.497048616409302,10.321527481079102,2.395167708396912,61.0,29.0,negative,8637.77776083
8637.77776083,6.998092830181122,7.112757802009583,4.541587114334106,2.2744110226631165,52.0,21.0,positive,8651.19427057
8651.19427057,10.15340906381607,7.155457556247711,13.014026165008543,0.7393912076950073,70.0,23.0,negative,8641.80177392
8641.80177392,4.744791388511658,14.0455259680748,7.112476408481598,3.377697706222534,60.0,42.0,positive,8662.13329952
8662.13329952,13.649263441562653,13.701872527599336,6.954774439334869,2.4414931535720825,71.0,36.0,negative,8659.07774947
8659.07774947,14.759389758110046,15.494371354579926,9.624769568443298,0.0,75.0,39.0,positive,8661.85783732
8661.85783732,10.89562702178955,23.080766439437863,12.498149812221529,5.551683604717255,100.0,63.0,positive,8663.79984157
8663.79984157,11.717643439769745,16.65290266275406,15.560330629348757,6.560521125793457,96.0,64.0,negative,8660.01817186
8660.01817186,17.635295629501343,15.878997206687927,20.33819842338562,7.278060555458069,127.0,68.0,positive,8669.44252708
8669.44252708,22.15863806009293,20.3032820224762,14.457873284816742,4.48505711555481,133.0,60.0,negative,8645.34848713
8645.34848713,21.85225635766983,13.179843485355375,28.27865558862686,6.398488283157349,170.0,68.0,positive,8649.39566443
8649.39566443,25.861046850681305,29.31183558702469,28.986787736415863,8.051977336406708,184.0,97.0,negative,8636.03113437
8636.03113437,22.554773807525635,26.458991169929504,29.576097786426544,5.2886775732040405,179.0,66.0,negative,8545.89666779
8545.89666779,20.97114336490631,29.84823340177536,30.73606216907501,5.18210244178772,171.0,78.0,positive,8690.64875304
8690.64875304,23.04199171066284,18.567625045776367,28.890183985233307,3.924639642238617,189.0,55.0,positive,8740.46957856
8740.46957856,27.32542371749878,27.314131140708923,19.500636756420132,3.230474531650543,155.0,56.0,negative,8728.90052468
8728.90052468,17.32984185218811,14.974976003170012,32.22835570573807,2.450412511825561,161.0,45.0,positive,8745.89478833
8745.89478833,16.45358633995056,17.135686218738556,37.12550985813141,3.1351019740104675,202.0,45.0,negative,8737.07027215
8737.07027215,17.741738498210907,17.962963700294495,21.419343292713165,3.968904316425324,158.0,43.0,negative,8731.43021158
8731.43021158,19.040696024894714,22.619652450084686,22.833961188793182,7.506485223770142,145.0,57.0,negative,8715.65448124
8715.65448124,15.544643104076384,16.289886116981506,20.90139877796173,1.6974679231643677,117.0,36.0,positive,8723.86755917
8723.86755917,8.973735213279724,17.39376598596573,17.089105427265167,2.285229206085205,99.0,46.0,positive,8737.76217471
8737.76217471,15.728519022464752,6.387266755104065,9.51839119195938,1.6839817762374878,94.0,19.0,negative,8732.39195605
8732.39195605,11.317565441131592,11.101277768611908,10.707820117473602,2.4406508207321167,75.0,33.0,positive,8749.03049332
8749.03049332,15.04493808746338,6.671663463115692,10.307632446289062,1.6403419971466064,91.0,19.0,negative,8736.26675836
8736.26675836,10.635582327842712,9.06134194135666,10.159883737564089,3.220430374145508,67.0,28.0,negative,8684.13171504
8684.13171504,8.917141020298004,11.688122808933258,24.54440802335739,3.0733394026756287,123.0,34.0,positive,8689.61861114
8689.61861114,18.24270576238632,8.824655592441559,21.81874167919159,3.0577951073646545,96.0,27.0,negative,8674.40289883
8674.40289883,7.274802684783935,11.98695456981659,9.725289821624756,2.4492457509040837,68.0,43.0,negative,8664.76434932
8664.76434932,9.485498130321504,14.21051549911499,7.952718496322632,5.471082806587219,88.0,38.0,positive,8673.14165921
8673.14165921,17.65348970890045,11.073289275169373,20.533656299114227,3.3047184348106384,132.0,43.0,negative,8652.28697577
8652.28697577,16.32903343439102,22.03170680999756,16.513719618320465,3.1416484713554382,132.0,58.0,positive,8668.13297202
8668.13297202,12.565390348434448,13.659913420677183,15.303054988384249,6.30011522769928,116.0,55.0,negative,8662.74485376
8662.74485376,16.715795695781708,34.1049879193306,14.15362113714218,2.468804955482483,111.0,78.0,positive,8691.08816366
8691.08816366,25.109766125679016,24.10756278038025,16.07606291770935,8.328027307987213,126.0,74.0,negative,8685.60387366
8685.60387366,29.635657727718357,41.237366795539856,25.46649450063705,4.591988384723663,208.0,98.0,negative,8674.74425895
8674.74425895,30.714760720729828,18.25160902738571,17.54144811630249,5.48325651884079,155.0,73.0,negative,8673.10723866
8673.10723866,27.185133814811707,23.38169240951538,26.853038370609283,5.0446882247924805,180.0,62.0,negative,8670.45630923
8670.45630923,21.13800650835037,14.428227484226229,19.36174297332764,10.031495213508606,158.0,67.0,negative,8666.45039207
8666.45039207,36.502007365226746,18.003803551197052,22.445613622665405,7.960837244987488,206.0,63.0,negative,8664.15722891
8664.15722891,15.131068527698517,13.755119740962982,18.380013942718502,7.162679851055145,127.0,39.0,positive,8680.65055954
8680.65055954,17.318465173244476,12.9392928481102,14.25069522857666,3.341886162757873,125.0,42.0,negative,8663.48728639
8663.48728639,10.591218054294586,6.795289695262909,18.174018561840057,3.328545928001404,130.0,30.0,negative,8626.70369922
8626.70369922,17.06861048936844,20.31387734413147,8.338622033596039,5.919646084308624,101.0,51.0,negative,8606.61228
8606.61228,15.305174589157104,9.022172510623932,17.127007126808167,2.4216910004615784,106.0,35.0,positive,8610.27834801
8610.27834801,10.440322875976562,11.607205152511597,15.090386271476746,3.170342624187469,98.0,36.0,negative,8592.46513831
8592.46513831,12.608286261558533,15.754176437854769,13.777603328227997,4.001963675022125,79.0,39.0,negative,8557.99741459
8557.99741459,3.7501102685928345,8.963316679000854,11.50618290901184,3.0892545580863957,67.0,29.0,negative,8534.27239727
8534.27239727,11.946503818035126,7.984604716300964,11.62921667098999,1.7226063013076782,85.0,22.0,positive,8587.61787334
8587.61787334,10.664161801338196,12.741283416748049,7.371386528015137,3.703195571899414,71.0,37.0,negative,8541.84496864
8541.84496864,6.735602736473084,11.22297739982605,6.626547396183014,9.020709931850432,68.0,47.0,negative,8464.9495601
8464.9495601,10.520459353923798,17.173233091831207,12.056321442127228,3.90110981464386,71.0,45.0,negative,8444.79876591
8444.79876591,15.277935981750488,8.574635207653046,11.254545092582704,1.7566457390785215,94.0,30.0,positive,8449.17525205
8449.17525205,11.508256912231444,7.437930345535278,8.950563967227936,3.2499799728393555,89.0,33.0,negative,8424.90746982
8424.90746982,18.41959148645401,8.774273157119751,13.757247865200045,5.758873283863068,111.0,36.0,negative,8380.61798554
8380.61798554,16.44408541917801,13.100760519504547,14.274711430072784,5.655499577522278,116.0,52.0,negative,8374.04063794
8374.04063794,21.272562325000763,10.20078271627426,20.83174556493759,7.106560587882996,164.0,56.0,positive,8376.53987278
8376.53987278,26.6669060587883,22.20508474111557,35.243230164051056,1.876868486404419,185.0,52.0,negative,8360.85123318
8360.85123318,26.294860780239105,16.384196877479553,18.39043372869492,6.646402776241303,181.0,63.0,negative,8350.87110585
8350.87110585,23.170820116996765,23.272799372673035,37.16919982433319,5.258254826068878,217.0,66.0,positive,8351.89582754
8351.89582754,19.434757947921756,15.237636029720306,15.622811913490295,8.866260051727295,159.0,70.0,positive,8377.20598651
8377.20598651,20.06480747461319,15.625417470932009,25.547154366970062,6.643395483493805,155.0,76.0,negative,8375.14903698
8375.14903698,16.312491178512573,21.267127573490143,22.32057547569275,6.591026604175568,142.0,55.0,positive,8414.30105916
8414.30105916,23.82480013370514,20.907183408737183,22.5990988612175,2.571532666683197,160.0,54.0,positive,8418.95144113
8418.95144113,30.438854098320007,9.954507172107697,19.361904561519623,4.343469500541687,165.0,37.0,negative,8406.5160678
8406.5160678,22.52811336517334,9.567046642303469,11.31757652759552,5.917080640792847,140.0,54.0,positive,8411.75623403
8411.75623403,10.382453203201294,15.44826203584671,18.25130659341812,3.847099244594574,84.0,53.0,negative,8380.84934029
8380.84934029,12.104128658771517,8.030651450157166,8.24163156747818,2.1596259474754333,75.0,29.0,negative,8333.31056745
8333.31056745,4.83037805557251,13.692047655582428,7.515722572803497,3.0245678424835205,70.0,35.0,positive,8350.07657997
8350.07657997,13.728373229503632,15.134578347206116,13.003176510334017,1.7520028948783877,82.0,32.0,negative,8321.71589383
8321.71589383,8.089674949645996,16.89760571718216,7.674891352653503,3.704086899757385,58.0,33.0,positive,8333.50400985
8333.50400985,8.612997055053711,11.81660109758377,14.380167484283447,2.424489438533783,82.0,32.0,positive,8353.51310424
8353.51310424,8.101309895515442,14.82027542591095,6.350079119205475,3.176210582256317,55.0,38.0,negative,8341.91670359
8341.91670359,5.600041389465332,6.464782357215881,5.941499829292297,1.540217101573944,47.0,24.0,positive,8346.37427459
8346.37427459,9.876501560211182,12.846200108528135,3.3052340149879456,3.8768060207366943,41.0,34.0,negative,8291.12796848
8291.12796848,11.04420781135559,13.070045113563538,8.348892331123352,5.449205756187439,65.0,34.0,negative,8275.81787848
8275.81787848,10.243300259113312,8.782187700271606,11.12240844964981,3.1076696515083317,61.0,36.0,positive,8379.67993017
8379.67993017,15.926883816719055,23.991602063179016,5.16621857881546,1.5328287482261658,62.0,66.0,positive,8429.44541233
8429.44541233,13.58036172389984,24.57170993089676,9.193961679935455,3.2302486896514893,66.0,57.0,positive,8442.27499697
8442.27499697,11.391166746616364,31.138358056545258,18.350594639778137,4.030856251716614,99.0,77.0,positive,8481.0935872
8481.0935872,10.494205713272097,28.97302997112274,9.694020450115204,4.732764303684235,80.0,75.0,positive,8497.94712807
8497.94712807,16.685106337070465,24.673819541931152,14.337871968746184,5.842189610004425,115.0,80.0,negative,8478.24627541
8478.24627541,14.13380205631256,29.992814421653748,11.30446082353592,7.114954113960266,120.0,81.0,negative,8471.55036675
8471.55036675,8.796915650367737,14.609576344490051,15.40926158428192,4.87245774269104,121.0,50.0,positive,8490.42892988
8490.42892988,16.419975340366364,17.433910131454468,19.216217637062076,6.44562578201294,127.0,58.0,positive,8505.47584455
8505.47584455,22.45957511663437,10.382120013237,21.140411972999573,4.615220546722412,140.0,51.0,negative,8489.24351717
8489.24351717,14.315307199954988,21.058130145072937,15.105601727962494,2.5706979632377625,121.0,49.0,positive,8510.71760728
8510.71760728,15.379600167274477,14.462720036506653,20.363670349121094,1.8146642446517944,116.0,50.0,negative,8461.96030016
8461.96030016,12.828652322292328,22.31822907924652,20.701027870178223,2.526705205440521,124.0,56.0,negative,8445.43428152
8445.43428152,17.944819152355194,19.67113494873047,21.36640900373459,0.7520704865455627,125.0,39.0,negative,8336.31628774
8336.31628774,18.33414030075073,11.853358447551727,13.13859361410141,0.0,96.0,38.0,negative,8296.50162646
8296.50162646,11.456463634967804,12.0362486243248,12.102769494056702,3.3412230610847478,74.0,35.0,positive,8327.18489543
8327.18489543,8.852146029472351,9.818624079227448,14.782155811786652,1.4861855506896973,72.0,27.0,negative,8308.73590745
8308.73590745,8.330946326255798,11.198975265026093,8.944368064403534,0.0,59.0,24.0,positive,8322.73893625
8322.73893625,2.451354324817657,6.415701925754547,4.750328004360199,2.378198802471161,55.0,22.0,positive,8335.57319644
8335.57319644,7.407421350479126,6.372952878475189,12.795115232467651,1.5318748354911804,74.0,20.0,positive,8340.44686336
8340.44686336,7.1056177616119385,9.436238646507263,10.325921654701231,0.0,55.0,27.0,negative,8328.13001189
8328.13001189,5.541967272758484,12.278605699539185,6.919101119041443,2.726253390312195,59.0,34.0,positive,8362.26826036
8362.26826036,6.473563730716705,9.432503640651705,8.388016879558563,0.9123409390449524,58.0,19.0,negative,8355.15759584
8355.15759584,6.956740915775299,10.49601674079895,12.002813637256622,1.8602933883666992,71.0,22.0,negative,8337.32917632
8337.32917632,7.936247766017914,4.185655355453491,7.879771530628204,1.614067554473877,54.0,19.0,negative,8324.891656
8324.891656,10.425358235836027,6.296076774597168,8.160114884376526,0.9156394004821776,57.0,16.0,negative,8319.78559623
8319.78559623,8.112147629261017,5.489141285419464,8.240626275539398,2.317119061946869,65.0,29.0,positive,8343.37938902
8343.37938902,14.908327281475067,10.893344521522522,13.146446406841278,1.693334877490997,82.0,32.0,negative,8339.60902756
8339.60902756,9.82671880722046,24.342991054058075,8.517648756504059,5.092569887638092,75.0,53.0,positive,8339.76910616
8339.76910616,15.341338455677032,12.095363438129423,12.731971681118011,5.420167803764343,133.0,50.0,positive,8351.39040809
8351.39040809,11.980781078338625,14.382675111293793,10.31668734550476,3.220998466014862,117.0,50.0,negative,8348.78951446
8348.78951446,20.49044668674469,13.572685360908508,22.84902846813202,6.88591206073761,129.0,51.0,positive,8350.82489154
8350.82489154,23.39817452430725,13.82464438676834,17.97812730073929,5.79515278339386,135.0,54.0,positive,8371.5375306
8371.5375306,12.19075071811676,12.377186000347136,11.47051227092743,3.2527533173561096,110.0,43.0,negative,8370.38336752
8370.38336752,14.568363070487976,3.980356752872467,15.250823855400084,3.650166928768158,114.0,24.0,positive,8394.88777225
8394.88777225,16.365440726280212,10.833546817302704,14.481103837490082,1.5290101170539856,115.0,24.0,negative,8365.40888437
8365.40888437,13.300152003765106,9.919820189476011,14.940677464008331,4.823126316070557,111.0,36.0,positive,8367.84777344
8367.84777344,21.87321639060974,18.76304852962494,21.71199113130569,0.8144632577896118,138.0,51.0,negative,8334.56160331
8334.56160331,14.99518781900406,5.343613982200623,20.410487294197083,1.431038737297058,116.0,18.0,positive,8349.08117579
8349.08117579,9.882756531238556,10.106236815452576,15.26874029636383,2.690175712108612,75.0,30.0,negative,8337.50630392
8337.50630392,10.183743238449097,9.558309853076937,10.465745389461516,2.519376277923584,68.0,31.0,positive,8374.93323662
8374.93323662,10.61028289794922,4.840809404850006,9.574297904968262,4.729755401611328,73.0,22.0,negative,8372.90069601
8372.90069601,4.594535887241364,9.847404181957245,4.763931512832642,2.374479055404663,53.0,20.0,positive,8384.42547008
8384.42547008,7.357607007026672,7.674433469772339,4.166049420833588,8.186091125011444,50.0,34.0,negative,8362.63000573
8362.63000573,7.2087900042533875,4.7631396651268005,11.7111634016037,0.0,53.0,19.0,positive,8375.48528102
8375.48528102,6.606350600719452,6.503143072128296,8.445334732532501,1.6125699281692505,56.0,19.0,positive,8431.39379085
8431.39379085,6.4801982045173645,9.556218564510344,6.675916790962219,4.056968808174133,63.0,33.0,negative,8417.95633302
8417.95633302,5.268353700637817,6.341197669506073,10.415580868721008,0.8379946947097778,58.0,23.0,positive,8447.99017333
8447.99017333,3.1962199807167053,8.897149085998535,5.679328620433807,6.366702556610107,50.0,29.0,positive,8469.31128961
8469.31128961,6.891205430030823,6.300195395946503,4.666755795478821,0.0,55.0,18.0,negative,8455.6290396
8455.6290396,11.08601689338684,5.59484726190567,7.930850386619568,0.7185909748077393,72.0,21.0,negative,8440.47444857
8440.47444857,8.294927477836609,8.862397313117981,12.523273169994354,4.216317415237427,79.0,38.0,positive,8463.62387042
8463.62387042,13.504204630851746,20.06398177146912,8.60734236240387,3.838757514953613,113.0,59.0,negative,8463.55211034
8463.55211034,30.64069139957428,18.7331525683403,11.3336963057518,3.762382924556732,133.0,50.0,positive,8490.30253289
8490.30253289,15.40178906917572,10.5464768409729,13.133530735969543,1.618662655353546,150.0,36.0,positive,8577.13343746
8577.13343746,14.818434834480286,20.151537597179413,19.305671393871307,5.0319324135780334,120.0,47.0,positive,8593.75240822
8593.75240822,13.257504284381866,12.319738805294037,11.902783215045927,1.6095518469810486,117.0,32.0,negative,8566.3216753
8566.3216753,15.443578958511353,11.513982355594637,12.40190178155899,0.0,123.0,25.0,positive,8585.4818886
8585.4818886,12.816820740699768,11.265087842941284,15.383723318576813,3.020062863826752,91.0,34.0,positive,8594.6150588
8594.6150588,14.438823461532593,8.944537043571472,18.935112714767456,1.4993387460708618,121.0,23.0,negative,8570.28702543
8570.28702543,23.41811019182205,4.855358123779297,13.150019109249117,3.966943204402924,113.0,33.0,positive,8596.82983316
8596.82983316,18.349639058113095,5.666309237480164,14.09914129972458,0.7542621493339539,113.0,19.0,positive,8656.61679861
8656.61679861,22.7423107624054,6.419683516025543,14.19152706861496,1.4587790966033936,130.0,21.0,positive,8664.69443766
8664.69443766,18.431295335292816,10.426480531692505,8.400878489017487,4.948864459991455,91.0,27.0,negative,8652.88823833
8652.88823833,12.627508282661438,6.3964515924453735,9.491556286811829,2.2495320439338684,68.0,19.0,positive,8666.13055352
8666.13055352,5.776243209838867,4.725732564926148,9.11339032649994,1.5772188305854795,46.0,17.0,negative,8643.72766197
8643.72766197,9.18729704618454,9.66510957479477,4.956546068191528,1.7546346187591553,51.0,23.0,positive,8656.38491566
8656.38491566,4.144805669784546,5.397200286388397,6.662347316741943,1.5608018040657043,55.0,20.0,positive,8658.81395856
8658.81395856,9.860497057437897,4.810499787330627,15.351951837539673,0.7891618013381958,84.0,17.0,positive,8659.96683333
8659.96683333,4.216605305671692,7.572152137756348,10.884743750095367,1.6100091338157654,56.0,16.0,negative,8608.15243709
8608.15243709,10.272937417030334,3.9192033410072327,4.797929465770721,0.0,50.0,14.0,positive,8635.98830435
8635.98830435,12.484863340854645,5.886663973331451,4.928734838962555,0.9024372100830078,74.0,15.0,positive,8637.44675464
8637.44675464,11.374529898166656,8.891953885555267,8.87434035539627,3.1065793633461,63.0,30.0,positive,8708.10076006
8708.10076006,2.6015899181365967,8.824309825897217,4.85122412443161,3.449241876602173,50.0,28.0,positive,8733.26912244
8733.26912244,10.454580247402191,10.735342502593994,13.858425736427307,5.910847783088684,94.0,39.0,positive,8753.23011788
8753.23011788,17.14640963077545,9.0367534160614,15.240995287895204,0.7770885825157166,115.0,38.0,negative,8745.719348
8745.719348,22.986850559711456,18.95357578992844,13.840805530548096,3.4616286754608154,110.0,66.0,positive,8774.58518902
8774.58518902,19.6929743885994,10.910916268825533,30.51170188188553,6.613300025463104,161.0,63.0,positive,8792.58621569
8792.58621569,24.884732484817505,34.51883679628372,27.994738519191745,9.264668703079224,182.0,105.0,negative,8775.8484546
8775.8484546,24.39597052335739,17.32535493373871,19.930960297584534,3.1915003657341003,155.0,56.0,positive,8809.56714142
8809.56714142,21.003087043762207,14.488961815834044,23.13015580177307,3.2241384387016296,171.0,51.0,positive,8916.0767458
8916.0767458,23.751238107681274,16.89066332578659,29.696281850337986,5.818631768226624,182.0,70.0,positive,8955.82396582
8955.82396582,22.81990349292755,20.12085658311844,28.09402096271515,5.54232519865036,167.0,72.0,negative,8930.43708644
8930.43708644,18.03244143724441,36.350327491760254,21.12054967880249,3.13509064912796,145.0,95.0,negative,8899.33200062
8899.33200062,17.850797593593597,18.201948165893555,18.41309189796448,4.855524182319641,142.0,67.0,positive,8909.81917753
8909.81917753,24.643786072731015,19.704721689224243,20.6235985159874,2.337202906608581,147.0,47.0,positive,9031.78784012
9031.78784012,32.690541446208954,14.273117780685425,15.97637003660202,7.541135132312775,167.0,52.0,positive,9088.61497121
9088.61497121,23.519218504428864,26.52879536151886,18.05974566936493,6.232772171497345,163.0,74.0,negative,9040.9874253
9040.9874253,17.54701042175293,16.96654760837555,20.494795739650726,5.045639991760254,161.0,60.0,positive,9074.15897483
9074.15897483,15.037110209465029,9.005595326423645,9.548659920692444,3.298991084098816,131.0,48.0,positive,9078.57058917
9078.57058917,9.051832675933838,14.63775783777237,16.32097691297531,3.232457935810089,90.0,34.0,negative,9057.01962703
9057.01962703,10.89674872159958,9.913732647895811,13.31589287519455,0.7234042882919312,71.0,22.0,negative,9005.04385758
9005.04385758,10.649489760398865,13.961633026599884,7.337357699871063,6.032947778701782,68.0,31.0,positive,9019.7833909
9019.7833909,9.289172947406769,11.487109780311584,12.110588371753693,2.7147388458251958,108.0,35.0,negative,8998.48421538
8998.48421538,22.03827410936356,8.541995286941528,18.704976975917816,1.4685842990875244,111.0,20.0,negative,8991.6317601
8991.6317601,5.897977769374847,14.388041138648989,11.257982850074768,0.7801723480224609,67.0,33.0,positive,9019.48778824
9019.48778824,8.574144721031189,8.326051652431488,8.778027415275574,3.6286487579345694,83.0,35.0,positive,9077.71068074
9077.71068074,7.670413851737976,11.628348886966704,13.43884551525116,1.7766463160514832,61.0,37.0,negative,9051.84937536
9051.84937536,11.70256096124649,17.080277740955353,8.959024250507355,5.740285038948059,83.0,56.0,positive,9085.5667405
9085.5667405,12.566167294979095,14.925158023834229,14.357906818389893,6.388011932373047,107.0,73.0,negative,9069.31154576
9069.31154576,18.92313915491104,31.23586100339889,15.178051710128784,11.339143872261047,121.0,105.0,negative,9028.60222065
9028.60222065,11.423097431659698,20.55952423810959,11.38760495185852,13.697414219379423,75.0,89.0,negative,8994.31408263
8994.31408263,2.583070933818817,21.834007918834686,2.3033722639083862,4.3111191391944885,16.0,82.0,negative,8978.06927749
8978.06927749,13.783022582530975,27.476659178733826,20.793010592460632,6.976169049739838,147.0,75.0,positive,8998.52161316
8998.52161316,23.61910319328308,9.397262394428251,17.384398221969604,3.976953029632568,155.0,40.0,positive,9026.44283185
9026.44283185,14.727787494659424,13.485609591007233,23.14605563879013,3.0412924885749817,134.0,47.0,positive,9055.92096894
9055.92096894,22.211340606212616,20.25739234685898,22.532004237174988,2.170906543731689,151.0,61.0,positive,9072.4237987
9072.4237987,21.245998799800876,24.75165724754333,25.03754311800003,7.464195251464844,175.0,86.0,positive,9142.91445404
9142.91445404,18.722586691379547,15.329439759254456,22.905670523643494,8.580032229423523,152.0,59.0,positive,9357.47037892
9357.47037892,22.831007957458496,28.641954362392426,26.5408775806427,9.16394716501236,200.0,85.0,negative,9327.70643306
9327.70643306,18.4088237285614,26.221071660518646,24.8765361905098,6.6156235337257385,174.0,74.0,positive,9333.24068152
9333.24068152,18.75392067432404,28.025828301906586,18.97244817018509,3.974504411220551,131.0,66.0,negative,9321.16481933
9321.16481933,18.353342592716217,14.746784508228302,16.91831350326538,7.212673723697662,131.0,43.0,positive,9343.23926804
9343.23926804,16.049465775489807,11.094571471214294,16.9024715423584,8.247652292251587,125.0,47.0,negative,9330.94532104
9330.94532104,10.81533682346344,16.270435512065887,14.512317776679993,1.824252247810364,97.0,48.0,positive,9352.70101329
9352.70101329,13.871541142463684,11.912088513374329,12.345201253890991,0.7726084589958191,110.0,40.0,negative,9349.38934207
9349.38934207,8.892368376255035,15.496691584587095,13.445099294185638,3.9863839745521545,82.0,53.0,negative,9347.48572207
9347.48572207,11.170303463935852,13.75462371110916,13.952492654323578,1.5657508969306946,87.0,41.0,positive,9359.67737962
9359.67737962,20.36845976114273,7.110220909118652,15.819307804107666,1.6830146312713623,133.0,26.0,negative,9327.93183249
9327.93183249,12.754880130290983,11.873710930347444,9.276896297931671,3.454120397567749,115.0,46.0,positive,9389.29027859
9389.29027859,8.637610733509064,9.346498489379885,12.117759048938751,3.759031891822815,109.0,38.0,negative,9281.08736635
9281.08736635,14.59843760728836,15.93958294391632,23.55945134162903,2.336053431034088,132.0,43.0,negative,9276.59491832
9276.59491832,20.431219041347504,8.606597542762756,17.531138479709625,1.599559664726257,153.0,43.0,positive,9308.35127617
9308.35127617,14.14310896396637,15.215655505657196,17.86912888288498,5.746753692626953,143.0,59.0,positive,9320.58418184
9320.58418184,41.03671580553055,18.7681188583374,23.52119928598404,3.2102895975112915,202.0,68.0,negative,9290.25109048
9290.25109048,30.436494827270508,27.160165667533875,21.05055034160614,2.3953083157539368,178.0,68.0,positive,9342.48580499
9342.48580499,22.84957718849182,27.527189075946808,31.881171345710754,4.035604000091553,208.0,84.0,negative,9338.33708421
9338.33708421,35.34852594137192,38.29873025417328,26.26468425989151,6.268238842487335,215.0,113.0,positive,9361.99255004
9361.99255004,32.67232978343964,24.552408516407013,26.632950961589813,11.996535241603851,201.0,84.0,positive,9384.87880747
9384.87880747,30.96930992603302,23.76069438457489,30.559544682502747,3.94610995054245,230.0,62.0,negative,9381.91948421
9381.91948421,30.082626044750214,29.26724058389664,18.73141580820084,3.9768691062927246,175.0,72.0,negative,9360.74040532
9360.74040532,19.66365510225296,23.441519916057587,27.759320497512817,7.476591944694519,160.0,64.0,negative,9340.54994657
9340.54994657,17.999446094036102,26.509661316871643,12.018127739429474,5.014044165611267,161.0,70.0,negative,9316.62950445
9316.62950445,20.80634808540344,9.216308951377869,22.45120739936829,0.8578274250030518,162.0,31.0,negative,9274.63542915
9274.63542915,20.122656106948853,19.71444940567017,24.728774666786197,2.332772970199585,140.0,53.0,positive,9279.12957535
9279.12957535,8.054750859737396,25.463031709194183,8.61373370885849,2.303552389144897,84.0,51.0,negative,9257.52932311
9257.52932311,15.544486582279204,12.10438483953476,9.65923124551773,5.679832100868225,101.0,35.0,positive,9267.54026525
9267.54026525,14.90078604221344,12.486265420913696,15.036548912525175,0.8407222628593445,98.0,30.0,positive,9319.58911158
9319.58911158,13.723540306091309,11.105068266391754,15.189651668071749,1.4952329397201538,92.0,27.0,negative,9315.60878403
9315.60878403,8.574956476688385,6.382516384124756,8.735099017620087,3.246689796447754,86.0,27.0,positive,9326.34078054
9326.34078054,8.85131847858429,14.946642935276031,8.559695899486542,0.717776894569397,69.0,37.0,positive,9379.44462869
9379.44462869,12.354213237762451,17.748086154460907,17.524395048618317,4.813543200492859,93.0,51.0,negative,9362.74248576
9362.74248576,6.322549641132355,14.408805012702942,14.660321950912476,3.2329978346824646,100.0,34.0,negative,9348.02943172
9348.02943172,10.416167974472046,10.940541207790377,8.492966949939728,0.0,98.0,27.0,negative,9337.18560034
9337.18560034,11.34782886505127,12.172316789627075,13.07416969537735,1.6825339198112488,111.0,43.0,positive,9339.9492014
9339.9492014,19.98791795969009,9.29778403043747,16.07101196050644,1.730152249336243,136.0,40.0,positive,9367.45909118
9367.45909118,30.20365297794342,17.351419687271118,24.68436658382416,3.1760261058807373,185.0,49.0,positive,9387.97638987
9387.97638987,24.69142907857895,23.612294793128967,15.223418414592745,2.300915598869324,161.0,69.0,negative,9359.0715047
9359.0715047,26.90891695022583,32.26164531707764,23.223748743534088,7.588270366191864,188.0,85.0,positive,9374.30783617
9374.30783617,24.002018630504608,26.83513307571411,26.05344045162201,5.963467180728912,172.0,66.0,negative,9342.25410969
9342.25410969,19.145674765110016,18.114031493663788,23.132223784923557,3.234305679798126,177.0,79.0,positive,9447.50139662
9447.50139662,16.043919146060944,22.549678146839145,18.262843132019043,3.8913453817367554,176.0,73.0,positive,9490.15827294
9490.15827294,34.11030566692352,29.285662591457367,28.81634372472763,7.668709456920624,204.0,72.0,positive,9490.4579232
9490.4579232,22.717342734336853,30.27732622623444,24.54843443632126,7.392342507839203,191.0,87.0,positive,9545.87896737
9545.87896737,25.50422322750092,38.80755525827408,21.75348871946335,7.304382085800171,163.0,101.0,negative,9534.76647763
9534.76647763,24.288292348384857,26.32113516330719,19.857239305973053,12.668386697769163,194.0,79.0,positive,9543.68303799
9543.68303799,33.27415972948074,26.861955285072327,28.747055232524872,2.560678482055664,186.0,63.0,negative,9508.9935947
9508.9935947,14.40520465373993,21.818936228752136,13.199804484844208,10.517122983932495,120.0,65.0,negative,9479.17212457
9479.17212457,12.584720015525818,17.524550139904022,16.012626588344574,7.873121917247772,109.0,52.0,negative,9470.18591487
9470.18591487,20.59372878074646,16.236980259418488,16.34353643655777,6.521152317523956,123.0,54.0,negative,9440.38601665
9440.38601665,20.226557731628414,12.351191937923431,7.159430086612701,1.6915794014930725,99.0,34.0,negative,9439.86608488
9439.86608488,10.358242809772491,7.850091397762299,15.190447330474854,3.936011135578156,77.0,29.0,negative,9414.21941942
9414.21941942,10.074980795383452,12.081920266151428,8.406895279884338,7.878576397895813,86.0,46.0,negative,9362.77124628
9362.77124628,9.466245293617249,10.398801565170288,9.51666647195816,5.013829469680786,65.0,31.0,positive,9366.91856635
9366.91856635,5.920518517494202,4.917160272598267,10.053374886512756,3.4406332969665527,66.0,19.0,negative,9350.89038051
9350.89038051,13.71610140800476,6.641756355762482,12.336151361465454,3.3799890279769897,103.0,27.0,positive,9371.90031181
9371.90031181,9.372783064842224,7.967893481254578,9.7683042883873,0.0,72.0,21.0,positive,9372.42980455
9372.42980455,10.276888251304626,8.861586809158325,12.140690803527832,0.8448213338851929,81.0,37.0,negative,9332.04577687
9332.04577687,9.958704948425291,10.35576033592224,11.501326143741608,3.2728238701820374,61.0,35.0,negative,9326.85195711
9326.85195711,11.976854979991913,9.600479066371918,7.617143750190735,2.599588394165039,66.0,24.0,negative,9277.42763051
9277.42763051,15.645439863204956,9.627532839775084,20.59216272830963,0.0,117.0,30.0,negative,9277.25281561
9277.25281561,7.5990700125694275,13.903736352920532,11.371488809585571,3.227284789085388,80.0,38.0,negative,9259.66209198
9259.66209198,11.15588229894638,22.01191598176956,21.378383338451385,6.474058628082275,133.0,78.0,positive,9308.20237907
9308.20237907,19.84280377626419,23.377341210842133,21.474560737609863,4.398504495620728,146.0,71.0,negative,9284.63659622
9284.63659622,23.594104409217834,23.061271846294403,17.196874856948853,5.622265338897705,160.0,58.0,positive,9287.35099265
9287.35099265,21.95780348777771,21.82883846759796,15.54279398918152,5.532158970832825,144.0,69.0,positive,9307.13733987
9307.13733987,13.748336791992188,39.165080428123474,20.30619776248932,8.70387351512909,122.0,129.0,negative,9301.51282086
9301.51282086,17.93219894170761,38.06955820322037,10.452261090278624,19.40946978330612,119.0,132.0,positive,9312.54665236
9312.54665236,17.648315489292145,35.10758191347122,11.45987504720688,11.109096467494965,121.0,122.0,positive,9349.8271082
9349.8271082,13.531851649284365,22.705312371253967,21.161709785461422,6.207349061965942,116.0,78.0,positive,9388.98490552
9388.98490552,17.454329907894135,20.32682836055756,14.148358643054962,4.952769935131073,131.0,52.0,negative,9350.52936518
9350.52936518,12.236844718456268,15.511442244052889,15.57744836807251,3.971088945865631,102.0,62.0,positive,9374.59259466
9374.59259466,27.01567530632019,7.726217865943909,17.455315947532654,9.630739331245422,115.0,42.0,positive,9390.24001375
9390.24001375,10.263743102550508,7.569933831691742,11.426511883735657,4.990808010101318,92.0,39.0,positive,9423.84865036
9423.84865036,7.340168654918671,7.847704529762268,12.311115622520449,3.0816433429718018,72.0,35.0,negative,9405.38221704
9405.38221704,20.66897290945053,5.569492757320404,11.61914747953415,1.702534258365631,97.0,27.0,positive,9409.03979941
9409.03979941,5.5791385769844055,7.221311092376709,11.757817029953005,4.658307611942291,77.0,32.0,negative,9395.64032899
9395.64032899,7.878261804580688,6.52807343006134,3.9323114156723022,1.602800190448761,54.0,22.0,negative,9393.39003856
9393.39003856,2.387445747852325,9.03188282251358,4.9606316685676575,3.089958250522613,48.0,31.0,positive,9421.22437921
9421.22437921,5.924224257469177,8.633835911750793,6.775349378585815,2.9176953434944157,43.0,30.0,negative,9388.23465954
9388.23465954,7.604245126247406,6.324889421463013,8.16694837808609,3.060128092765808,60.0,26.0,negative,9381.54154021
9381.54154021,9.501016795635223,9.572335243225098,6.010446488857269,4.252037763595581,54.0,33.0,negative,9378.51940379
9378.51940379,9.452866911888124,5.619909644126892,9.238058269023895,0.7374902963638306,59.0,29.0,negative,9351.36245954
9351.36245954,3.2920933961868286,14.403874218463898,8.151609539985657,0.7680239677429199,52.0,31.0,negative,9314.27801669
9314.27801669,14.025754630565643,9.083797872066498,4.8425281047821045,3.1621700525283813,72.0,40.0,positive,9340.18061652
9340.18061652,7.347194790840149,6.542674899101257,18.036259949207302,3.974771559238434,97.0,31.0,negative,9339.54106367
9339.54106367,16.413574635982513,13.03567910194397,13.256931960582731,2.2750473022460938,96.0,56.0,negative,9338.94955964
9338.94955964,17.6866392493248,15.580118954181671,8.653579115867615,6.434311389923096,97.0,53.0,positive,9390.82384066
9390.82384066,13.841041445732117,9.58670300245285,13.581920981407166,2.503311514854431,104.0,42.0,negative,9386.62555479
9386.62555479,11.143321216106417,19.805903017520905,8.1432586312294,2.462882339954376,85.0,50.0,negative,9380.67616027
9380.67616027,11.402581751346588,8.014989733695984,12.957081973552704,4.017924845218658,100.0,46.0,negative,9370.36945654
9370.36945654,19.854853928089145,7.890027344226837,21.60588103532791,3.360864281654358,128.0,37.0,positive,9375.54986477
9375.54986477,11.345562398433684,17.073266863822937,12.25399112701416,3.902286112308502,94.0,42.0,positive,9376.08317414
9376.08317414,7.993010103702545,11.597550213336945,16.60967868566513,3.3588647842407227,89.0,39.0,negative,9373.56932033
9373.56932033,22.10335797071457,12.44147789478302,11.464663922786713,1.700982391834259,111.0,29.0,positive,9392.87536841
9392.87536841,14.96054834127426,14.933544933795927,6.412277638912201,3.3779138922691345,81.0,42.0,negative,9339.10594957
9339.10594957,14.624349594116213,10.11015111207962,5.228145241737366,2.3154942989349365,72.0,32.0,negative,9333.71890671
9333.71890671,10.960711479187012,13.24580043554306,6.364859879016876,2.8864957690238957,77.0,33.0,negative,9282.56029767
9282.56029767,7.375189244747162,13.279586255550385,10.009166181087494,3.983111321926117,61.0,35.0,negative,9265.1192553
9265.1192553,9.78619223833084,57.925311744213104,9.808523654937744,3.196091949939728,83.0,131.0,positive,9317.09176606
9317.09176606,9.343643009662628,64.41730082035065,9.245900094509125,1.5086055994033811,67.0,129.0,negative,9309.53152513
9309.53152513,14.179246187210085,28.775141298770905,14.94098424911499,5.756540417671204,91.0,93.0,positive,9352.54192632
9352.54192632,9.659300684928894,29.106113016605377,12.361048579216003,0.7924214601516724,72.0,68.0,positive,9362.33138457
9362.33138457,15.030387580394745,48.2225182056427,4.841758131980896,4.713358283042908,72.0,130.0,negative,9356.82172649
9356.82172649,14.56297206878662,32.26755863428116,6.71419769525528,7.105850577354431,83.0,82.0,positive,9369.71924816
9369.71924816,14.608208417892456,22.38654601573944,8.294742107391357,3.165738344192505,77.0,74.0,positive,9430.21251971
9430.21251971,16.43371832370758,20.093079388141632,13.328872323036194,2.555618405342102,100.0,61.0,negative,9426.19965586
9426.19965586,13.817709863185884,15.807447969913484,5.746492922306061,1.6634953618049622,67.0,47.0,negative,9411.92946519
9411.92946519,7.868163168430328,17.982543528079987,15.99341493844986,5.9333749413490295,96.0,64.0,positive,9413.9081329
9413.9081329,13.634950816631315,41.24873900413513,12.623451709747314,4.198649346828461,88.0,99.0,positive,9454.99222723
9454.99222723,16.28593122959137,27.50052958726883,9.072466850280762,4.275191903114319,106.0,76.0,negative,9445.408694
9445.408694,18.1351478099823,34.40640765428543,12.054241597652435,7.701675534248352,100.0,105.0,negative,9434.05655652
9434.05655652,18.608119010925293,48.70027041435242,25.853290736675262,12.93639349937439,150.0,128.0,positive,9435.9202727
9435.9202727,13.825060606002808,45.38220417499542,13.854933679103851,16.08214622735977,93.0,138.0,positive,9443.51107555
9443.51107555,13.041544318199158,62.59578627347946,14.223604083061218,7.611441612243652,114.0,159.0,negative,9441.15450539
9441.15450539,19.61927717924118,42.68733769655228,11.504899144172668,3.224484622478485,111.0,105.0,negative,9436.98031932
9436.98031932,12.98941946029663,38.07063454389572,10.953511357307434,9.59688913822174,103.0,118.0,positive,9444.90113702
9444.90113702,11.438127040863035,34.873349606990814,18.71195596456528,15.38506692647934,120.0,104.0,negative,9397.79524567
9397.79524567,13.327015697956083,23.35931360721588,12.969781935214996,3.162257134914398,89.0,59.0,negative,9344.36529292
9344.36529292,12.956408262252808,24.545182824134827,8.72596424818039,6.406806468963623,76.0,72.0,positive,9398.58940807
9398.58940807,10.552317082881927,23.962290823459625,5.574075520038605,1.5751541256904602,71.0,56.0,positive,9533.5956679
9533.5956679,14.50515103340149,16.132863461971283,14.49748545885086,3.146299719810486,83.0,58.0,negative,9393.86775311
9393.86775311,15.698756456375122,17.741517543792725,13.197960376739502,2.5273380875587463,94.0,43.0,negative,9382.14225102
9382.14225102,11.429810047149658,12.036193192005156,11.127988755702972,3.4182267785072327,80.0,34.0,positive,9386.99196285
9386.99196285,12.176990807056429,16.50988644361496,16.13972717523575,2.359479606151581,84.0,51.0,positive,9401.99807714
9401.99807714,20.573699057102203,15.4059876203537,11.603640139102936,6.376401007175446,92.0,53.0,negative,9399.56443486
9399.56443486,6.4035473465919495,21.803760945796967,4.885519564151764,0.7597354054450989,62.0,47.0,negative,9376.40668316
9376.40668316,14.090146362781525,15.690269649028778,8.087600529193878,3.453803241252899,85.0,40.0,negative,9369.81838937
9369.81838937,10.975086510181429,11.833844900131226,6.691702306270599,2.4790506958961487,70.0,38.0,negative,9354.27074157
9354.27074157,13.990643382072449,15.42630136013031,6.623309075832367,4.361834228038788,72.0,43.0,negative,9323.89615817
9323.89615817,9.802959263324738,14.280865669250488,5.579244136810303,3.822785556316376,64.0,40.0,positive,9349.66107732
9349.66107732,6.460058271884918,16.91562306880951,11.173676431179048,3.015639424324036,74.0,42.0,positive,9351.28369355
9351.28369355,8.246017754077911,11.987487494945526,11.82463812828064,4.235402584075928,98.0,41.0,negative,9324.63295649
9324.63295649,14.99122029542923,18.366795122623444,13.470785975456238,4.919202089309692,94.0,53.0,positive,9341.88255699
9341.88255699,11.19725126028061,17.483629643917084,6.412955343723297,4.31585818529129,76.0,41.0,negative,9307.90398296
9307.90398296,9.310552060604095,31.029700219631195,11.299519002437592,4.733331859111786,92.0,83.0,negative,9283.60598437
9283.60598437,13.675089955329897,27.88377970457077,14.761562764644625,9.253126621246338,111.0,86.0,negative,9274.26771063
9274.26771063,23.739740431308743,28.515479028224945,19.12419718503952,7.017643749713898,154.0,81.0,positive,9303.19625204
9303.19625204,21.25403618812561,29.27594393491745,28.34941762685776,3.044830620288849,180.0,81.0,positive,9309.52880804
9309.52880804,19.84321796894073,37.36164540052414,12.150586009025574,3.132092833518982,124.0,82.0,positive,9316.39347676
9316.39347676,16.060797810554504,15.119919061660768,14.387205421924593,4.481902480125427,140.0,55.0,negative,9288.22528118
9288.22528118,22.77428251504898,12.741149365901949,16.461340248584747,5.791962683200836,144.0,49.0,negative,9279.47484032
9279.47484032,9.78120982646942,13.668247163295746,12.833192586898804,4.433664798736572,108.0,40.0,positive,9293.52108908
9293.52108908,12.302658081054688,13.631689965724943,4.857459902763367,1.6171233654022217,87.0,32.0,positive,9318.11075613
9318.11075613,10.704808235168455,18.252605259418488,11.81933730840683,0.0,89.0,42.0,negative,9279.23790942
9279.23790942,11.456210255622864,39.23177379369736,7.398223698139191,5.182444453239441,78.0,71.0,positive,9291.60921342
9291.60921342,12.666780531406404,17.610242903232574,13.116510808467863,2.504410743713379,84.0,42.0,negative,9290.27384978
9290.27384978,18.20507299900055,14.972083389759064,10.413765013217926,1.4483466148376465,100.0,44.0,negative,9277.20948309
9277.20948309,10.81646978855133,6.177745282649994,5.075670063495636,2.568267524242401,49.0,16.0,negative,9275.11362078
9275.11362078,5.9287484884262085,11.509417533874512,8.566551327705383,0.0,54.0,28.0,negative,9260.99399106
9260.99399106,6.477200269699097,12.937699496746063,3.292264759540558,3.865669131278992,49.0,34.0,positive,9277.04597755
9277.04597755,11.651431262493134,10.226907074451448,9.09201729297638,2.26718008518219,86.0,25.0,negative,9259.11548323
9259.11548323,12.27258986234665,6.901058554649353,7.872139930725098,0.7433711886405945,72.0,26.0,negative,9189.55494798
9189.55494798,5.846213281154633,3.9775567650794974,8.436926662921906,0.7131087779998779,60.0,10.0,negative,9185.00828077
9185.00828077,9.660823702812197,7.275084733963013,7.725837469100952,1.5826589465141296,61.0,19.0,positive,9192.71484864
9192.71484864,9.461324453353882,10.237335860729218,9.263435661792755,1.6673681735992432,72.0,18.0,negative,9121.41509044
9121.41509044,13.526317059993744,18.47530031204224,4.106161177158356,1.8677789568901064,89.0,38.0,positive,9126.00519431
9126.00519431,12.233211755752563,24.100437700748444,14.921807527542114,5.808592259883881,108.0,62.0,positive,9136.39343716
9136.39343716,16.842368245124817,25.173043131828308,21.721527636051174,2.3709675669670105,133.0,61.0,positive,9199.09829853
9199.09829853,18.8922758102417,26.17694127559662,21.251145660877228,6.374504506587982,157.0,84.0,positive,9206.32905196
9206.32905196,27.40832358598709,32.754811108112335,21.043161511421204,7.232257425785065,146.0,122.0,negative,9204.8378713
9204.8378713,21.028476119041443,20.794828236103054,21.24750804901123,6.297888159751892,130.0,68.0,negative,9188.38135417
9188.38135417,15.491720139980316,15.25189757347107,19.51374226808548,3.150412142276764,145.0,62.0,negative,9184.57878233
9184.57878233,13.140081703662872,18.90897750854492,15.656389117240906,3.9975584745407104,117.0,70.0,negative,9182.21995383
9182.21995383,8.253210306167603,15.811094045639038,19.89101642370224,5.791721403598785,119.0,56.0,negative,9157.3168426
9157.3168426,18.79383212327957,24.20901244878769,24.20694726705551,6.618097245693207,134.0,75.0,positive,9181.62644195
9181.62644195,15.254917442798616,25.88643062114716,12.713679254055023,6.79902857542038,123.0,94.0,negative,9180.9629665
9180.9629665,13.172865450382233,13.921646177768707,19.167924642562863,9.018800675868988,112.0,52.0,positive,9212.79611008
9212.79611008,11.794584333896635,14.327854037284853,14.754635334014893,4.014625251293182,84.0,45.0,negative,9188.81344764
9188.81344764,10.682356357574465,15.06030535697937,15.6598778963089,5.494505345821381,84.0,48.0,positive,9210.09880229
9210.09880229,6.318217515945435,20.70915299654007,4.342602789402008,8.462903499603271,44.0,58.0,positive,9212.25060463
9212.25060463,7.209151029586792,19.68098419904709,9.09645801782608,1.787099063396454,60.0,52.0,negative,9201.32763919
9201.32763919,8.33739024400711,6.489142298698425,4.143666982650757,0.0,47.0,41.0,positive,9242.8081828
9242.8081828,6.882830500602722,9.430742621421814,6.295029938220978,1.7359113097190857,56.0,37.0,positive,9267.66301824
9267.66301824,8.71816074848175,6.62348747253418,8.023764789104462,3.5772587060928345,62.0,25.0,negative,9265.98435075
9265.98435075,5.774313867092133,16.4728502035141,13.606656193733215,0.7428926825523376,61.0,38.0,negative,9247.3836542
9247.3836542,7.734990656375885,8.052538335323334,9.062110960483553,2.316073179244995,61.0,27.0,positive,9255.03394239
9255.03394239,8.735590755939484,8.882742166519165,7.2404704093933105,2.255462944507599,53.0,34.0,positive,9347.57593067
9347.57593067,12.911321341991425,22.22725510597229,5.020008325576782,3.4274920225143437,88.0,61.0,positive,9396.33901259
9396.33901259,9.02875679731369,11.976247906684875,13.593436598777773,1.6286567449569702,72.0,41.0,positive,9439.99891551
9439.99891551,14.818875432014464,16.77735161781311,13.795832097530363,1.4708051681518557,103.0,46.0,negative,9436.52579359
9436.52579359,11.94291526079178,23.50548660755157,12.082359910011292,8.438144445419312,90.0,57.0,positive,9438.32521828
9438.32521828,22.808100283145905,24.84752506017685,9.355712592601776,7.252354264259338,111.0,73.0,positive,9470.28898375
9470.28898375,24.64858984947205,15.357438623905182,20.520939469337463,4.664510071277618,148.0,55.0,positive,9528.51829233
9528.51829233,17.978366434574127,0.0,12.38962060213089,0.0,141.0,0.0,positive,9536.53118166
9536.53118166,20.729372680187225,0.0,28.36694139242172,0.0,179.0,0.0,positive,9623.03549307
9623.03549307,29.13544464111328,0.0,19.352043569087986,0.0,199.0,0.0,positive,9624.02419624
9624.02419624,25.13075006008148,0.0,24.769766986370087,0.0,205.0,0.0,positive,9628.4081801
9628.4081801,29.95610111951828,0.0,16.394325375556946,0.0,183.0,0.0,positive,9692.24184336
9692.24184336,13.81100207567215,0.0,18.874988675117493,0.0,151.0,0.0,negative,9638.08895003
9638.08895003,26.33294916152954,0.0,29.916946530342106,0.0,201.0,0.0,negative,9617.8210448
9617.8210448,23.912056148052216,0.0,15.901463687419891,0.0,126.0,0.0,negative,9544.32147887
9544.32147887,12.044257462024689,0.0,14.159004032611849,0.0,112.0,0.0,positive,9602.2451699
9602.2451699,12.242669701576231,0.0,23.00163733959198,0.0,123.0,0.0,negative,9573.12478556
9573.12478556,12.112828552722933,0.0,10.80865240097046,0.0,86.0,0.0,positive,9597.79253451
9597.79253451,19.6788689494133,0.0,16.888943195343018,0.0,109.0,0.0,positive,9616.49412057
9616.49412057,16.128938913345337,0.0,13.505974769592283,0.0,115.0,0.0,positive,9629.07955484
9629.07955484,11.329650104045868,0.0,16.88639384508133,0.0,102.0,0.0,positive,9639.32219705
9639.32219705,11.730124950408936,0.0,15.106316089630129,0.0,98.0,0.0,positive,9647.39100694
9647.39100694,9.22426563501358,0.0,17.143355190753937,0.0,97.0,0.0,negative,9625.0948473
9625.0948473,8.414826512336731,0.0,15.901367723941805,0.0,89.0,0.0,negative,9624.40742509
9624.40742509,10.358796775341034,0.0,12.012900352478027,0.0,78.0,0.0,positive,9644.45019914
9644.45019914,12.746393620967863,4.952270805835724,10.723755836486816,0.8278997540473938,84.0,17.0,positive,9665.23471372
9665.23471372,17.03569185733795,17.327303111553192,7.699057161808014,4.653823733329773,97.0,53.0,positive,9760.93074428
9760.93074428,14.487942218780518,21.85963547229767,17.537828862667084,10.143572866916656,131.0,81.0,negative,9719.10207602
9719.10207602,28.29211688041687,19.327172219753265,24.924354076385494,10.231236398220062,211.0,86.0,positive,9790.09190177
9790.09190177,25.67404687404633,73.28514385223389,28.527313888072968,3.143052875995636,198.0,159.0,negative,9782.31595277
9782.31595277,31.978211581707,35.32874047756195,24.0985107421875,4.696189284324646,184.0,98.0,negative,9768.50928583
9768.50928583,25.86866194009781,37.157357692718506,35.629438519477844,3.945776104927063,214.0,85.0,negative,9760.24856354
9760.24856354,19.51562923192978,54.4288929104805,27.509794890880585,7.546393573284149,185.0,151.0,negative,9726.99533629
9726.99533629,24.796416580677032,38.52059650421143,25.984443485736847,7.685680985450745,164.0,107.0,negative,9720.99138681
9720.99138681,19.671199917793277,42.02833890914917,20.33989363908768,5.846243381500244,137.0,104.0,positive,9748.77167323
9748.77167323,19.744941353797916,24.969950735569,20.632843732833862,9.324173212051392,135.0,78.0,negative,9737.65423532
9737.65423532,16.372837245464325,16.636255204677582,28.738503515720367,7.2195016741752625,151.0,80.0,negative,9700.0283755
9700.0283755,13.101625204086304,47.13521200418472,21.02149903774261,8.17021757364273,123.0,96.0,positive,9729.80223149
9729.80223149,11.673773527145386,26.51651936769485,16.947669625282288,6.583533465862274,97.0,65.0,positive,9752.61025844
9752.61025844,18.94728821516037,24.349190771579742,21.2839589715004,10.825478672981262,124.0,75.0,positive,9784.13023767
9784.13023767,24.11705791950226,34.48650473356247,20.77048379182816,12.985925912857056,145.0,124.0,positive,9787.9533309
9787.9533309,15.117122292518616,24.02738833427429,15.725957989692688,6.515821933746338,124.0,70.0,negative,9779.93810269
9779.93810269,12.96464592218399,21.934073746204376,16.355209827423096,9.196346700191498,121.0,65.0,negative,9775.94413685
9775.94413685,23.107811391353607,16.768225491046906,14.976218223571776,3.981786966323853,128.0,43.0,negative,9754.66174607
9754.66174607,12.22834086418152,18.440252363681797,13.500402987003326,3.9754291772842407,104.0,42.0,positive,9761.84333337
9761.84333337,11.34754192829132,10.390898764133452,6.683627724647522,1.8080803155899048,81.0,35.0,positive,9773.30531903
9773.30531903,8.104534685611725,15.53164255619049,10.919283270835876,4.1824822425842285,84.0,44.0,negative,9765.41248004
9765.41248004,12.195957839488983,16.753093719482422,11.6959428191185,5.919884085655212,78.0,48.0,positive,9779.25103058
9779.25103058,12.78725278377533,12.657481908798218,23.429496824741364,2.347599506378174,114.0,39.0,positive,9796.66788261
9796.66788261,11.193612039089205,13.383956015110016,8.127760291099548,1.5958730578422546,77.0,30.0,positive,9814.1874554
9814.1874554,8.684606313705444,27.283351957798004,10.379065096378326,5.819596588611603,66.0,72.0,negative,9756.05090483
9756.05090483,6.603209376335144,15.930891335010529,13.988531827926636,3.3682271242141724,91.0,43.0,positive,9771.00205721
9771.00205721,14.665414690971376,16.833463191986084,20.2789323925972,5.069853186607361,112.0,51.0,positive,9805.47626253
9805.47626253,11.644076704978945,22.37025046348572,11.58918172121048,4.131034255027771,106.0,67.0,negative,9792.00842818
9792.00842818,20.379928648471832,1.6646384000778198,16.492311537265778,1.7000001072883606,149.0,8.0,negative,9784.58448307
9784.58448307,24.58472943305969,0.0,14.681286811828612,0.0,135.0,0.0,negative,9775.30593684
9775.30593684,22.459766924381256,0.0,17.409207701683044,0.0,155.0,0.0,positive,9779.8116279
9779.8116279,17.10876041650772,0.0,12.698698937892914,0.0,118.0,0.0,negative,9762.95990278
9762.95990278,13.699141502380373,0.0,12.476204097270966,0.0,116.0,0.0,negative,9737.81995255
9737.81995255,15.994588851928713,0.0,11.59867626428604,0.0,106.0,0.0,positive,9741.88345762
9741.88345762,17.442807376384735,0.0,16.639936447143555,0.0,117.0,0.0,positive,9767.09082571
9767.09082571,14.317878782749176,0.0,16.18725550174713,0.0,128.0,0.0,positive,9795.94377253
9795.94377253,24.127480566501617,7.263128757476807,17.70989102125168,0.7489372491836548,135.0,12.0,negative,9776.30864525
9776.30864525,6.454593539237976,12.832000494003296,27.635413467884064,1.5482811331748962,100.0,53.0,negative,9761.31074737
9761.31074737,11.499653577804564,14.28024274110794,18.557923316955566,4.316481530666351,102.0,35.0,negative,9725.71931212
9725.71931212,11.532229661941528,11.041414856910706,21.56959313154221,4.784182906150818,120.0,41.0,negative,9688.81879375
9688.81879375,10.479715645313265,13.190997958183289,17.283426821231842,1.641223669052124,102.0,31.0,positive,9724.13984071
9724.13984071,12.921063005924225,24.13597571849823,17.682397186756134,1.6615302562713623,103.0,50.0,positive,9739.1239322
9739.1239322,8.78699392080307,17.78780484199524,9.321070849895476,2.377948582172394,73.0,40.0,positive,9751.16816437
9751.16816437,4.931044578552246,10.844066441059113,20.96773934364319,3.348738253116608,84.0,34.0,negative,9745.09518722
9745.09518722,6.232618987560272,8.194252848625183,15.852335035800934,3.1150416135787964,86.0,32.0,positive,9785.94976174
9785.94976174,14.079292893409727,11.348050892353058,11.823179185390472,2.4784140586853027,92.0,27.0,negative,9778.85927367
9778.85927367,13.624939143657684,15.61332756280899,6.475287616252899,1.8298393487930296,74.0,39.0,positive,9803.10301932
9803.10301932,7.928247034549713,8.732236325740814,8.622279703617096,3.501105546951294,61.0,34.0,negative,9799.05341441
9799.05341441,17.3817018866539,8.039961874485016,12.72212678194046,1.5349099040031433,84.0,24.0,positive,9802.47871548
9802.47871548,8.635657370090485,8.813522636890411,20.767273426055908,1.716888248920441,106.0,26.0,negative,9778.44619898
9778.44619898,14.934884786605837,27.237060844898224,14.971396565437315,6.3716020584106445,102.0,62.0,positive,9805.54565678
9805.54565678,13.424701929092407,26.546689867973328,18.537359416484836,6.634905815124512,124.0,89.0,positive,9812.73805175
9812.73805175,13.826162457466124,26.265382647514343,30.68922644853592,3.969412326812744,158.0,76.0,positive,9822.24105079
9822.24105079,15.569584906101229,18.185303449630737,23.36997497081757,6.038312792778015,132.0,53.0,positive,9841.93815718
9841.93815718,15.39712119102478,22.863540947437286,21.11159110069275,5.984869182109833,157.0,133.0,negative,9830.37420592
9830.37420592,18.544318675994877,15.365342617034912,16.722988843917847,1.6700894236564636,146.0,42.0,positive,9834.55036071
9834.55036071,19.61300331354141,17.23783367872238,19.502803802490234,4.974883735179901,135.0,41.0,negative,9834.14222384
9834.14222384,12.730299055576324,12.667029976844788,15.573207795619965,3.220048725605011,108.0,42.0,positive,9873.46132476
9873.46132476,9.226653158664703,10.35578042268753,11.182615339756012,4.214284658432007,101.0,44.0,negative,9868.24174573
9868.24174573,17.120571970939636,21.250836849212646,17.076325833797455,5.5798463225364685,131.0,78.0,negative,9865.11946905
9865.11946905,24.314839601516724,17.998961806297302,15.591693639755247,1.6540101170539856,136.0,56.0,positive,9888.34307603
9888.34307603,22.12250524759293,14.64928412437439,19.70176601409912,6.150831460952759,158.0,48.0,positive,9901.37242306
9901.37242306,15.53744637966156,12.14870697259903,12.759932160377502,3.9577037692070007,120.0,47.0,positive,9909.11270993
9909.11270993,30.8938347697258,15.776287913322449,17.437677443027496,3.333369731903076,180.0,56.0,positive,9975.15799463
9975.15799463,27.01837813854217,57.35277760028839,31.179067969322205,15.99108386039734,283.0,182.0,positive,10068.6240552
10068.6240552,34.80473601818085,54.32869958877564,34.97992169857025,10.862883746623991,249.0,152.0,positive,10077.1063065
10077.1063065,16.738173067569733,32.53313636779785,26.64908504486084,8.447451889514923,171.0,92.0,negative,10069.4589665
10069.4589665,19.95769023895264,20.306225299835205,16.570507049560547,3.36176598072052,132.0,54.0,positive,10100.0129513
10100.0129513,16.596754550933838,20.55378246307373,20.072440147399902,3.5218820571899414,146.0,69.0,negative,10088.7968266
10088.7968266,19.38100469112396,29.856584668159485,16.4150533080101,4.313729524612427,130.0,72.0,negative,10068.7253592
10068.7253592,17.097822308540344,21.131719052791595,10.653465628623962,3.1931390166282654,97.0,52.0,positive,10088.3854717
10088.3854717,14.654893338680267,22.19232016801834,15.377908051013948,2.4947683215141296,108.0,59.0,positive,10091.7488773
10091.7488773,16.340957462787628,18.89574998617172,20.351124227046967,5.486666440963745,132.0,49.0,positive,10115.6713022
10115.6713022,13.362875699996948,26.170895636081696,11.274085700511932,3.093437969684601,136.0,65.0,negative,10098.6080796
10098.6080796,17.793491303920746,25.755465805530548,20.753997206687927,4.84933602809906,158.0,85.0,negative,10082.0972976
10082.0972976,17.918764114379883,27.613215446472168,18.252807915210724,8.962587594985962,134.0,97.0,negative,10075.0775577
10075.0775577,30.573619544506077,33.920131623744965,19.937170326709747,5.475710332393646,172.0,99.0,positive,10082.1128266
10082.1128266,33.288514137268066,22.49699318408966,26.89622277021408,6.644221603870392,207.0,85.0,negative,10079.5910135
10079.5910135,33.175814509391785,40.79468882083893,24.72352999448776,8.675910949707031,194.0,94.0,negative,10058.880122
10058.880122,23.45947229862213,29.81435024738312,17.359759092330933,5.657008945941925,198.0,97.0,negative,10058.8055776
10058.8055776,30.765630424022675,20.33197546005249,18.876860857009888,3.1119221448898315,202.0,73.0,positive,10061.1822555
10061.1822555,26.094205260276794,20.49186474084854,16.60606873035431,6.2229496240615845,157.0,75.0,positive,10065.3510636
10065.3510636,22.1330047249794,9.054260909557344,21.689548552036285,2.485179126262665,151.0,30.0,positive,10089.2871269
10089.2871269,12.901393353939056,25.02465218305588,14.354049384593964,8.92646735906601,137.0,67.0,positive,10116.673759
10116.673759,16.780162274837494,14.73842865228653,22.054207980632786,4.097137928009033,158.0,42.0,positive,10157.9451768
10157.9451768,16.203568041324615,9.960521638393402,21.791375815868378,2.3127636313438416,128.0,43.0,negative,10144.819263
10144.819263,19.485023319721225,16.909313440322876,13.89249974489212,5.563980937004089,123.0,51.0,negative,10121.9580901
10121.9580901,12.448234558105469,12.75903820991516,14.612907767295836,3.542778253555298,112.0,37.0,negative,10081.0772624
10081.0772624,12.475335359573364,11.840724647045135,10.273252069950104,0.9608239531517028,79.0,32.0,negative,10054.6168604
10054.6168604,10.53933322429657,17.71312254667282,14.795324623584747,2.618335783481598,78.0,45.0,negative,10031.2444037
10031.2444037,13.874240934848784,13.815662443637848,8.311431288719177,0.787989616394043,91.0,41.0,negative,9958.62522707
9958.62522707,8.234131574630737,9.070531725883484,12.156604051589966,0.9709309339523317,109.0,35.0,positive,9961.73757462
9961.73757462,18.242286145687103,9.131125152111052,12.27991783618927,2.237494170665741,98.0,37.0,negative,9913.20935258
9913.20935258,14.630425333976746,17.211638867855072,13.747351169586182,3.476542532444,91.0,40.0,negative,9815.25127621
9815.25127621,16.581052124500275,13.432067632675173,7.555275440216064,23.564500093460083,92.0,52.0,positive,9836.23366908
9836.23366908,12.121648490428925,18.18588936328888,14.602095305919647,2.490396499633789,91.0,42.0,negative,9803.71444384
9803.71444384,16.712632834911346,13.973994612693788,15.074636042118073,1.679559350013733,105.0,48.0,positive,9819.61646556
9819.61646556,10.913247168064116,28.31308126449585,9.161031544208528,8.695470750331879,112.0,84.0,positive,9832.21709041
9832.21709041,21.480373322963715,19.656137883663177,13.829112648963928,0.9093132019042968,128.0,49.0,positive,9849.83880917
9849.83880917,17.365401208400726,17.727046310901642,21.166176557540894,1.476521372795105,164.0,79.0,positive,9877.45295041
9877.45295041,21.40960192680359,30.016349971294403,25.972971379756927,4.038676023483276,197.0,80.0,negative,9835.25107825
9835.25107825,16.17243140935898,22.648985981941223,23.743600726127625,7.142314434051514,159.0,72.0,negative,9828.25343471
9828.25343471,22.606902301311493,16.156228840351105,14.918497443199158,5.079856514930725,144.0,65.0,negative,9823.42137892
9823.42137892,28.459931790828705,15.609299719333649,26.647189676761627,8.243583023548126,195.0,69.0,negative,9822.56112648
9822.56112648,22.53528970479965,25.194010734558105,26.3418510556221,7.076984941959381,191.0,85.0,positive,9855.65409062
9855.65409062,17.792285978794098,17.747856557369232,21.568806648254395,2.6351418495178223,167.0,49.0,negative,9844.03014881
9844.03014881,24.014203369617466,16.67343705892563,22.92336398363113,3.3068240880966187,196.0,44.0,negative,9831.99684901
9831.99684901,24.908892452716827,19.02519935369492,25.08652371168137,3.2197670936584477,155.0,63.0,positive,9855.89170857
9855.89170857,21.95514917373657,24.219151616096497,22.83529806137085,6.126106679439545,158.0,75.0,negative,9804.33797525
9804.33797525,19.002490758895878,15.72147500514984,16.625381767749786,4.7674241065979,122.0,55.0,negative,9799.48529087
9799.48529087,16.540829956531525,23.690589725971225,20.492724537849423,4.665574610233307,136.0,59.0,negative,9762.1153202
9762.1153202,12.164507865905762,37.08994263410568,13.96541690826416,9.737494766712189,112.0,90.0,negative,9736.50641377
9736.50641377,15.44965672492981,16.601073145866394,15.686891555786133,6.105822920799255,91.0,50.0,negative,9735.58541169
9735.58541169,6.678934991359711,10.662376582622528,10.779846847057344,10.77743285894394,83.0,46.0,positive,9753.07608496
9753.07608496,14.454917430877686,20.383293330669403,10.53976958990097,4.8588756918907166,90.0,59.0,positive,9767.21248022
9767.21248022,7.986506938934326,10.586999773979189,8.939241528511047,6.67407101392746,79.0,51.0,negative,9753.61206419
9753.61206419,9.390806376934052,13.761330485343931,9.546574711799622,0.7407139539718628,92.0,49.0,positive,9776.63671841
9776.63671841,11.135875880718231,12.811757028102877,11.40706741809845,2.482675850391388,83.0,41.0,positive,9799.67443281
9799.67443281,14.143266677856444,14.830294668674467,4.516055047512054,1.658323884010315,56.0,46.0,negative,9790.51442806
9790.51442806,9.937662601470947,11.454705774784088,9.353453040122986,5.3783040046691895,67.0,45.0,positive,9793.75877456
9793.75877456,9.00293743610382,30.10934144258499,11.20018231868744,6.453856587409973,68.0,68.0,positive,9848.08906124
9848.08906124,15.838581562042236,27.33732891082764,12.979694068431854,7.374061822891235,96.0,66.0,positive,9856.62030972
9856.62030972,18.84164983034134,18.804130017757416,15.172774732112885,2.362311899662018,104.0,54.0,negative,9850.83609486
9850.83609486,21.47686618566513,12.838062703609468,21.36908197402954,2.565575242042541,131.0,57.0,positive,10069.0852011
10069.0852011,20.965792655944824,23.913031458854675,18.11429244279861,5.756983697414398,150.0,68.0,positive,10122.5110113
10122.5110113,25.544815242290497,32.92867076396942,24.913881361484528,11.779744684696198,184.0,108.0,positive,10175.4202787
10175.4202787,35.449287474155426,25.987471878528595,26.90202033519745,12.4400897026062,223.0,119.0,negative,10139.1225805
10139.1225805,33.09829384088516,27.47559279203415,30.168361842632294,5.367081999778748,224.0,89.0,positive,10160.5790681
10160.5790681,19.822414219379425,25.818040251731876,23.37322574853897,4.92709082365036,157.0,67.0,positive,10185.3153616
10185.3153616,21.20805960893631,29.50341933965683,24.492338120937347,1.6123923659324646,151.0,66.0,negative,10144.6759908
10144.6759908,22.77070617675781,20.12697154283524,24.143779575824738,3.501385509967804,171.0,71.0,positive,10173.2675613
10173.2675613,36.04976463317871,19.76015949249268,34.23301553726196,3.053811490535736,186.0,66.0,positive,10208.2362609
10208.2362609,17.45177000761032,18.32709503173828,31.08020716905594,4.946417033672333,170.0,58.0,positive,10277.7961599
10277.7961599,27.708834648132324,16.17483377456665,21.7653489112854,4.5056504011154175,181.0,57.0,positive,10282.5705499
10282.5705499,18.2934650182724,18.18834811449051,25.86595749855041,2.3898050785064697,181.0,57.0,negative,10259.9160264
10259.9160264,19.03485494852066,14.51603662967682,15.616625905036926,3.613919258117676,131.0,42.0,positive,10260.0326144
10260.0326144,23.005421578884125,15.443056225776672,15.501289188861849,2.3361940383911133,141.0,54.0,positive,10278.9037513
10278.9037513,16.547002017498016,12.172313630580902,18.12310636043549,4.596496999263763,104.0,46.0,positive,10311.4176589
10311.4176589,18.025559306144714,9.089279413223268,18.146319925785065,5.611630856990814,106.0,45.0,negative,10308.5471595
10308.5471595,21.90311008691788,10.59462559223175,19.620862364768985,3.906476676464081,127.0,43.0,positive,10358.5272385
10358.5272385,17.811852991580963,11.997784078121184,18.17266434431076,1.5722827315330503,134.0,42.0,negative,10273.5809179
10273.5809179,11.728045284748076,8.945472776889801,20.782691538333893,1.5519121885299685,127.0,32.0,negative,10268.5075685
10268.5075685,11.9489226937294,12.029911935329435,11.216584265232086,3.274470448493957,81.0,29.0,positive,10291.8464922
10291.8464922,11.167314767837524,10.508661568164824,9.869162499904633,3.4095537662506104,87.0,35.0,positive,10335.0506319
10335.0506319,15.754735469818115,14.013261437416077,16.730777204036713,3.1230247616767883,120.0,50.0,negative,10324.0371263
10324.0371263,19.818700313568115,11.282768368721008,21.41892498731613,3.778567910194397,147.0,50.0,positive,10358.4464757
10358.4464757,18.92944800853729,22.77069628238678,19.132470548152924,1.819287657737732,147.0,61.0,negative,10336.4034905
10336.4034905,12.45176076889038,28.328794181346893,18.600224673748016,2.553551435470581,148.0,90.0,negative,10303.3133084
10303.3133084,32.17056941986084,28.516056716442108,19.99857807159424,5.059570133686066,183.0,95.0,positive,10332.0574762
10332.0574762,30.16106551885605,20.161515951156616,42.37010902166367,6.9370099902153015,227.0,70.0,positive,10337.481475
10337.481475,33.16242182254791,24.814660489559174,34.31137657165527,8.316104590892792,268.0,79.0,negative,10326.0656123
10326.0656123,27.190523207187653,25.42966866493225,33.871814131736755,5.963501334190369,223.0,80.0,negative,10317.5026074
10317.5026074,27.331248104572296,28.48848807811737,36.11658519506455,5.528562128543854,224.0,78.0,positive,10334.5058244
10334.5058244,26.63437819480896,18.746152222156525,17.27874594926834,3.206641912460327,175.0,45.0,negative,10332.5923996
10332.5923996,19.9838103055954,22.9488428235054,22.17541813850403,5.634251296520233,166.0,79.0,negative,10330.781074
10330.781074,16.655462682247162,24.841886937618256,30.137452602386475,4.889605045318604,183.0,87.0,negative,10326.0545246
10326.0545246,25.540457725524902,29.4988175034523,32.10952967405319,2.361635744571686,174.0,80.0,positive,10340.9218341
10340.9218341,20.38343596458435,13.415625810623167,29.37673419713974,3.406911671161652,150.0,48.0,positive,10359.8647193
10359.8647193,16.535805106163025,20.81747281551361,18.523713886737823,0.711400032043457,118.0,53.0,positive,10374.941902
10374.941902,12.38371342420578,48.74978303909302,18.156786382198334,4.800809264183044,118.0,92.0,negative,10366.4967261
10366.4967261,20.330994784832,42.21852815151215,26.17085951566696,4.0626808404922485,136.0,94.0,positive,10373.9151549
10373.9151549,10.326484322547913,15.289408028125765,8.712662875652313,3.376215100288391,85.0,32.0,positive,10402.3346544
10402.3346544,9.818271279335022,11.91618537902832,9.933708250522614,4.972429037094116,78.0,41.0,positive,10417.0447682
10417.0447682,9.741252481937408,9.365056931972504,23.21647691726685,0.0,108.0,26.0,negative,10382.7731505
10382.7731505,14.90857195854187,11.315598845481873,16.975651919841766,0.7470370531082153,97.0,31.0,negative,10210.8246551
10210.8246551,13.829689979553224,14.12637585401535,13.90648591518402,5.638150930404663,99.0,42.0,negative,10172.4406175
10172.4406175,13.927071511745453,9.610119760036469,8.196705043315887,6.39453798532486,81.0,35.0,negative,10166.7356118
10166.7356118,14.83554983139038,14.47957444190979,14.075236201286316,2.4220699071884155,102.0,42.0,negative,10124.2383149
10124.2383149,12.832337141036987,10.60247403383255,5.698007583618164,1.5609511137008667,78.0,26.0,positive,10184.7481544
10184.7481544,8.331471800804138,5.701153993606567,13.5772545337677,3.309522867202759,91.0,31.0,positive,10350.6826538
10350.6826538,12.98605328798294,18.127180874347687,14.31734323501587,3.1763164401054382,122.0,51.0,negative,10236.2031173
10236.2031173,24.158509373664856,17.346466839313507,22.36250913143158,3.932190358638763,192.0,83.0,positive,10254.7046243
10254.7046243,19.18887042999268,27.90698528289795,24.12504816055298,10.901963591575624,181.0,93.0,negative,10181.9087955
10181.9087955,19.58290535211563,39.53600859642029,29.80711078643799,9.099751114845276,191.0,112.0,positive,10185.193181
10185.193181,21.02047961950302,27.15142971277237,16.300520360469818,7.930274724960327,162.0,107.0,positive,10198.1207269
10198.1207269,15.356227576732635,27.664658546447757,21.1952183842659,7.18689900636673,153.0,94.0,positive,10229.0244439
10229.0244439,22.72064733505249,24.67767459154129,29.874735593795776,18.17813527584076,165.0,109.0,negative,10219.5099048
10219.5099048,18.19517427682877,26.69379723072052,21.24956977367401,12.683777689933777,155.0,105.0,negative,10184.4690757
10184.4690757,22.936902105808255,28.10019624233246,28.40614914894104,6.701848030090332,190.0,91.0,positive,10207.7124603
10207.7124603,26.29005241394043,32.03411549329758,27.32691246271133,7.245530545711517,202.0,111.0,positive,10211.5503892
10211.5503892,14.771818697452543,29.49796688556671,31.22086852788925,15.528131127357485,144.0,111.0,negative,10187.4232729
10187.4232729,17.60563236474991,27.760760962963104,19.0035582780838,8.821508586406708,126.0,84.0,positive,10204.0890199
10204.0890199,18.750373780727383,27.30597597360611,23.619859158992767,4.880703687667847,152.0,80.0,positive,10227.979176
10227.979176,13.692537605762482,25.790188908576965,13.56031483411789,9.834748327732086,107.0,74.0,negative,10222.5240381
10222.5240381,16.62203621864319,11.667195796966553,24.37011694908142,3.554167211055756,122.0,36.0,negative,10212.8243894
10212.8243894,14.045260787010193,22.59463721513748,25.391794085502625,2.272089421749115,121.0,59.0,negative,10192.2633979
10192.2633979,17.040467500686646,20.97113972902298,14.773366332054138,1.555299699306488,102.0,49.0,negative,10183.7499032
10183.7499032,16.75436246395111,16.28964799642563,16.369425535202026,1.5467340350151062,98.0,44.0,negative,10131.1545373
10131.1545373,17.286499321460724,11.84290885925293,15.86745584011078,1.7157970666885376,117.0,44.0,positive,10147.8270207
10147.8270207,14.522952914237976,14.172319293022156,16.30050492286682,1.4883643984794617,100.0,43.0,positive,10197.9724727
10197.9724727,10.403933465480804,27.775973081588745,18.10455077886581,4.286682963371277,90.0,68.0,positive,10240.0514688
10240.0514688,17.6691192984581,14.910913527011871,29.562247574329376,5.890876233577728,173.0,47.0,negative,10238.6543433
10238.6543433,14.391084611415865,18.178727328777317,18.27290564775467,3.218086421489716,116.0,40.0,negative,10235.1327601
10235.1327601,17.420437514781952,24.5813552737236,29.93860423564911,3.3225252628326416,161.0,68.0,positive,10239.7074998
10239.7074998,20.945152580738068,27.652782022953037,21.2282954454422,7.567510902881622,161.0,97.0,positive,10240.3638645
10240.3638645,21.26540368795395,48.41398984193802,26.328692376613617,4.517990231513977,161.0,106.0,positive,10245.2111475
10245.2111475,24.041481494903564,37.40960568189621,21.41772329807281,9.026184678077698,182.0,103.0,negative,10244.1344601
10244.1344601,25.525123119354248,20.96237862110138,23.91911870241165,4.8505789041519165,189.0,83.0,positive,10265.6535468
10265.6535468,21.90620344877243,31.81159520149231,25.61820960044861,3.9973164200782776,166.0,86.0,positive,10306.567175
10306.567175,23.435056269168854,34.55009883642197,23.421417951583862,4.127484679222107,177.0,104.0,negative,10294.6463637
10294.6463637,21.844379484653476,20.95955353975296,19.953356504440308,4.752827882766724,193.0,72.0,positive,10302.537416
10302.537416,32.70182186365128,20.071281015872955,28.087487041950222,4.090236783027649,193.0,60.0,negative,10300.4872391
10300.4872391,25.73420751094818,27.562499940395355,20.099299430847168,4.522366464138031,183.0,83.0,positive,10306.0096838
10306.0096838,13.98211508989334,16.29589933156967,21.44851839542389,3.55733722448349,138.0,46.0,positive,10312.1160909
10312.1160909,17.5407355427742,17.88686716556549,26.63068598508835,3.2644988298416138,157.0,55.0,positive,10316.7089996
10316.7089996,18.723838090896606,11.79380077123642,21.976411163806915,1.738734483718872,156.0,44.0,negative,10273.7742109
10273.7742109,16.515435993671417,19.037000119686127,16.97873491048813,6.0153281688690186,112.0,56.0,negative,10236.1143023
10236.1143023,15.37382835149765,12.244723796844482,12.979261934757233,0.8506463170051575,112.0,35.0,positive,10269.6524776
10269.6524776,15.77340716123581,9.711278021335602,9.67003220319748,3.855566620826721,98.0,28.0,negative,10269.0087808
10269.0087808,11.33060747385025,10.354250967502594,4.809133946895599,3.8857423663139343,73.0,34.0,negative,10247.5782245
10247.5782245,5.651021420955658,12.082302808761597,7.678588151931763,0.0,52.0,24.0,negative,10244.9602769
10244.9602769,5.5177706480026245,10.577174246311188,10.88332325220108,0.0,62.0,26.0,negative,10211.093862
10211.093862,15.104351937770844,9.63968163728714,8.051250696182251,0.7151621580123901,80.0,35.0,positive,10234.1739689
10234.1739689,11.78741705417633,12.029224395751951,9.908891797065737,2.539630651473999,92.0,36.0,positive,10235.6660657
10235.6660657,14.106348395347595,11.874248385429382,14.249979555606842,1.5005921721458435,116.0,45.0,negative,10234.2241934
10234.2241934,18.13860434293747,11.15775591135025,7.94908195734024,4.0302735567092896,100.0,39.0,negative,10222.1123767
10222.1123767,10.886291801929474,7.305916547775267,5.158877193927765,1.4708661437034607,70.0,24.0,negative,10222.0620276
10222.0620276,10.29487657546997,9.225221514701843,14.551644265651705,4.452368557453156,88.0,31.0,negative,10221.6651323
10221.6651323,13.999388575553894,16.127381443977356,8.32667863368988,1.6662326455116272,82.0,39.0,positive,10235.7894554
10235.7894554,13.800189971923828,17.808889746665955,13.833924114704132,6.648190677165985,113.0,60.0,negative,10060.6879514
10060.6879514,26.0049689412117,21.371929347515103,14.0974503159523,4.768003344535828,158.0,54.0,negative,9908.76414083
9908.76414083,30.2082422375679,33.68855035305023,26.11082643270493,9.75679075717926,200.0,106.0,negative,9893.51529189
9893.51529189,26.926969707012177,18.862692058086395,21.648521959781647,5.040942907333374,192.0,66.0,positive,9896.66920526
9896.66920526,25.15482783317566,16.710281312465668,25.2518972158432,6.228686273097992,190.0,61.0,positive,9896.8142774
9896.8142774,28.916162848472595,12.212776601314545,22.661396980285645,4.04362678527832,170.0,46.0,positive,9898.63630493
9898.63630493,15.923133254051208,16.953532099723816,20.733248353004456,3.1903745532035828,130.0,44.0,positive,9924.7701891
9924.7701891,19.02213478088379,14.108079016208649,24.777813494205475,3.9589219093322754,142.0,46.0,positive,9926.353408
9926.353408,24.25506407022476,15.432842552661896,29.29039072990417,3.261101186275482,200.0,61.0,negative,9889.42462838
9889.42462838,24.797958254814148,11.967204213142397,21.595267117023468,3.140982687473297,180.0,43.0,positive,9918.46329431
9918.46329431,27.72990053892136,21.111380636692047,25.88286805152893,5.6272013783454895,189.0,60.0,negative,9918.16713989
9918.16713989,18.358566403388977,18.65304017066956,26.45486861467361,2.405144572257996,164.0,44.0,positive,10010.0924171
10010.0924171,19.109119415283203,12.395990192890167,19.109604954719543,4.989729821681976,130.0,46.0,negative,10003.7146396
10003.7146396,24.87833577394485,18.950004756450653,14.74270075559616,1.5568483471870422,151.0,43.0,negative,9999.05482386
9999.05482386,13.34687852859497,10.586518585681915,10.705411851406096,4.436706900596619,100.0,38.0,negative,9957.78877682
9957.78877682,15.491715371608734,8.188859045505524,12.363481283187866,1.6974945068359375,113.0,33.0,positive,9974.82859292
9974.82859292,12.94150698184967,4.2108718156814575,13.372575461864471,2.2969465255737305,97.0,21.0,positive,10024.7667136
10024.7667136,17.010133862495422,7.352391839027405,25.602710127830505,2.2519403100013733,145.0,22.0,negative,10009.4360879
10009.4360879,17.618094205856323,10.407592236995695,16.513679206371307,4.7318137884140015,128.0,27.0,negative,9977.78207165
9977.78207165,14.332433104515076,7.832002401351929,12.716095685958862,2.6335825324058533,90.0,27.0,negative,9958.32853826
9958.32853826,14.074449002742767,6.384251952171326,17.619708001613617,3.30915629863739,112.0,22.0,negative,9943.89355024
9943.89355024,10.089222371578217,7.311241805553436,18.46144425868988,1.5937121510505676,98.0,27.0,negative,9917.91773151
9917.91773151,26.45755171775818,19.137178778648376,13.692850947380066,3.83907949924469,114.0,55.0,positive,9929.96068769
9929.96068769,13.123472034931185,11.762448728084564,14.04238647222519,5.145611226558685,76.0,37.0,negative,9906.34305665
9906.34305665,13.71411383152008,15.319593906402588,17.665114879608154,7.508432507514954,122.0,49.0,negative,9868.26056144
9868.26056144,21.4211203455925,18.047491788864136,19.291080057621,10.2839035987854,162.0,64.0,negative,9728.21927543
9728.21927543,34.46609902381897,21.853413343429565,31.647254943847656,7.162039279937744,252.0,62.0,positive,9792.56440378
9792.56440378,40.53025549650192,17.763549208641052,41.37688148021698,8.192201852798462,302.0,50.0,positive,9815.61648445
9815.61648445,21.21887594461441,20.56529200077057,33.584314465522766,3.9569571018218994,227.0,58.0,negative,9749.36869967
9749.36869967,23.504109859466556,17.53390944004059,35.8664835691452,6.605611562728882,218.0,63.0,positive,9779.31022504
9779.31022504,21.140617072582245,18.326576948165894,35.5467255115509,2.713074743747711,184.0,46.0,negative,9774.08043897
9774.08043897,24.31487876176834,13.947955548763275,21.72350811958313,2.5692854523658752,166.0,55.0,positive,9839.94447629
9839.94447629,30.847087919712067,18.329830408096317,23.72526264190674,7.797918856143951,196.0,69.0,positive,9934.43339025
9934.43339025,29.82941728830337,19.963378965854645,28.842188000679016,2.406998872756958,177.0,50.0,negative,9915.49139686
9915.49139686,18.739659786224365,12.17758458852768,19.1585550904274,4.7991623878479,127.0,36.0,negative,9886.44311864
9886.44311864,13.8645378947258,11.49287623167038,15.23518681526184,2.485764503479004,140.0,33.0,negative,9841.8516814
9841.8516814,15.81403934955597,8.080493450164795,19.139177978038788,1.5097862482070925,106.0,34.0,negative,9820.06502989
9820.06502989,17.978861927986145,20.020609200000763,18.133590579032894,4.231600403785706,120.0,53.0,negative,9751.15736665
9751.15736665,21.202786922454838,16.26674222946167,17.877212941646576,7.275639474391937,115.0,49.0,positive,9777.44542771
9777.44542771,11.96018898487091,13.478646874427795,23.25012028217316,0.806466817855835,106.0,44.0,positive,9800.46526505
9800.46526505,8.698763728141785,10.125163614749908,14.638417303562164,3.097438216209412,91.0,44.0,negative,9782.29092366
9782.29092366,13.41505002975464,5.38868910074234,13.089158594608309,2.598565399646759,109.0,29.0,positive,9806.26010745
9806.26010745,21.19777804613113,12.935641646385193,22.50345194339752,0.7951235175132751,131.0,37.0,positive,9812.04204619
9812.04204619,16.396929442882538,18.97999620437622,13.882705092430117,7.354021906852722,97.0,53.0,negative,9739.19095767
9739.19095767,13.841033518314362,14.47645789384842,12.117451131343842,3.1616095304489136,114.0,39.0,negative,9633.29409666
9633.29409666,20.29777413606644,23.23720878362656,20.929534554481503,1.5245476365089417,127.0,45.0,positive,9658.67054008
9658.67054008,20.20661574602127,17.841304063796997,11.34517365694046,10.420882046222689,133.0,51.0,negative,9581.48692886
9581.48692886,18.085521399974823,20.404478311538696,25.11202335357666,6.433990180492401,166.0,64.0,negative,9573.96178136
9573.96178136,28.78033608198166,14.974895894527435,31.386794984340668,11.70233541727066,212.0,80.0,positive,9633.58574407
9633.58574407,14.596657156944277,33.424142479896545,28.053318321704865,7.43672651052475,165.0,82.0,positive,9681.20307161
9681.20307161,33.240778744220734,20.833312213420868,17.684345304965973,5.694428265094757,212.0,60.0,negative,9613.63831637
9613.63831637,31.812958121299744,33.84830814599991,30.7070255279541,3.713980317115784,245.0,84.0,positive,9626.13089368
9626.13089368,36.132629334926605,25.33094984292984,36.72873795032501,1.5240229964256289,256.0,60.0,positive,9669.39041997
9669.39041997,34.48576045036316,19.23253136873245,27.55778479576111,1.68650621175766,226.0,60.0,negative,9644.76839858
9644.76839858,19.563813507556915,16.07426154613495,28.219470858573917,8.230975568294525,182.0,81.0,positive,9663.08730523
9663.08730523,36.79385471343994,33.03394466638565,27.6543927192688,7.45739471912384,220.0,100.0,negative,9634.20694886
9634.20694886,21.908583223819733,30.838753402233124,33.27577656507492,5.230863928794861,199.0,97.0,positive,9690.14261814
9690.14261814,33.54936158657074,16.550567388534546,25.66026395559311,0.704559326171875,211.0,40.0,negative,9670.20365955
9670.20365955,21.255838632583615,15.703039765357971,21.74980878829956,1.756864845752716,164.0,44.0,positive,9728.30881626
9728.30881626,18.093347012996677,23.01713490486145,14.152234017848969,2.955907642841339,146.0,61.0,negative,9719.55044805
9719.55044805,20.357685923576355,11.299537658691406,33.71086311340332,6.39947509765625,141.0,58.0,positive,9727.26203024
9727.26203024,24.171669960021973,8.484419345855713,15.861611604690552,2.6796252131462097,133.0,28.0,positive,9789.33303147
9789.33303147,20.957086443901066,8.280921936035156,21.146035850048065,0.9398280382156372,146.0,29.0,positive,9793.09879867
9793.09879867,12.127207100391388,10.698426365852356,11.980855345726011,1.6766650676727295,105.0,29.0,negative,9775.15119071
9775.15119071,8.849920332431793,7.420641899108887,14.705977022647858,1.619959592819214,97.0,24.0,positive,9804.72639627
9804.72639627,12.974695324897766,10.9699187874794,9.550095975399016,2.5152427554130554,93.0,39.0,negative,9772.78438225
9772.78438225,15.872443616390228,10.012787997722626,15.33342331647873,3.1326751112937927,112.0,86.0,negative,9731.66967086
9731.66967086,9.58107167482376,11.304885029792786,13.057338297367096,1.490001142024994,103.0,36.0,negative,9725.06120317
9725.06120317,8.954567015171051,18.95099538564682,11.57339346408844,3.169542670249939,80.0,41.0,negative,9720.16406321
9720.16406321,14.463342607021332,9.61975622177124,7.57488089799881,2.538999915122986,90.0,32.0,negative,9697.70251751
9697.70251751,8.922138929367065,10.579176247119904,16.138417184352875,5.83145010471344,114.0,35.0,negative,9643.60019212
9643.60019212,22.07662189006805,6.503088474273682,17.91243004798889,8.221293866634369,143.0,43.0,positive,9695.99039927
9695.99039927,26.653456330299377,13.682924091815948,18.776635825634003,5.3547773361206055,166.0,45.0,positive,9808.31838708
9808.31838708,16.12964367866516,20.47550451755524,16.617815613746643,5.150337398052216,132.0,76.0,positive,9859.57594567
9859.57594567,19.43007761240005,24.983510315418243,23.25318288803101,6.3911197781562805,185.0,92.0,positive,9887.04431563
9887.04431563,15.919944941997528,24.63715559244156,22.899426102638245,4.808958888053894,153.0,78.0,positive,9920.67141135
9920.67141135,26.927170753479004,24.418810725212097,19.66410142183304,9.117815792560576,186.0,86.0,positive,9954.13223439
9954.13223439,23.50187170505524,15.877944588661194,27.02621364593506,5.704523086547852,198.0,59.0,positive,10059.1661119
10059.1661119,21.194568514823917,21.130670368671417,12.823505401611328,1.667861819267273,168.0,57.0,positive,10073.6875012
10073.6875012,35.78104144334793,38.14845585823059,25.4067160487175,4.885020673274994,203.0,101.0,positive,10132.2602693
10132.2602693,22.122532069683075,32.95622617006302,22.666801750659943,11.21275281906128,151.0,83.0,positive,10141.9963705
10141.9963705,23.44350379705429,24.53821343183517,17.338850677013397,8.072008728981018,139.0,94.0,negative,10104.0571369
10104.0571369,18.38003808259964,20.88054579496384,14.663227558135986,1.6674004197120669,146.0,69.0,positive,10125.4958628
10125.4958628,23.14943414926529,15.723041355609894,13.370328605175018,6.33223295211792,130.0,56.0,positive,10150.6532812
10150.6532812,7.972247123718262,12.095678210258484,7.612831115722656,1.728692352771759,91.0,45.0,negative,10148.792305
10148.792305,9.879584431648254,12.848541915416718,13.742083251476288,3.195029854774475,83.0,37.0,negative,10109.300364
10109.300364,8.666093945503235,14.43078351020813,9.91181194782257,1.4395121932029724,92.0,43.0,positive,10115.7439806
10115.7439806,11.393690466880798,5.754128694534302,9.169913411140442,3.3848584294319157,67.0,22.0,negative,10089.8353631
10089.8353631,8.431841790676117,6.810822367668152,9.322061836719511,3.3469417095184326,60.0,30.0,negative,10062.5287715
10062.5287715,10.64590221643448,11.667329847812653,12.412675321102142,1.5215325951576233,77.0,29.0,positive,10129.3992072
10129.3992072,10.81124097108841,8.796367526054382,9.51973271369934,13.089782893657684,84.0,54.0,negative,10116.3491942
10116.3491942,10.607317864894869,7.958429515361786,12.191076278686523,0.0,73.0,33.0,positive,10121.0632133
10121.0632133,10.865975320339205,9.926359832286836,6.225044906139374,1.5207831859588623,80.0,30.0,positive,10157.3999907
10157.3999907,14.052274644374847,20.206953585147858,9.332086563110352,1.688066840171814,83.0,43.0,negative,10133.9962288
10133.9962288,4.781739413738251,18.79592090845108,9.863698363304138,5.10393488407135,62.0,50.0,negative,10126.1210183
10126.1210183,15.960530519485474,22.95451164245605,15.705067098140717,5.852186858654022,109.0,75.0,positive,10137.7179756
10137.7179756,9.374151349067688,26.346544086933136,19.32620257139206,11.766883969306946,118.0,95.0,negative,10119.8330075
10119.8330075,26.02089297771454,22.28791505098343,26.68267405033112,7.490145266056061,171.0,79.0,positive,10148.293665
10148.293665,31.99842047691345,19.05866211652756,28.14554363489151,6.28464663028717,221.0,77.0,positive,10159.4946132
10159.4946132,23.725157618522644,29.379464328289032,21.88891500234604,8.786639392375946,184.0,99.0,positive,10169.470823
10169.470823,20.07971668243408,27.887899339199063,25.019478142261505,4.139114856719971,163.0,85.0,negative,10164.1978461
10164.1978461,27.096973180770878,33.53534722328186,18.254453361034397,4.743659198284149,163.0,85.0,negative,10114.6842672
10114.6842672,17.65249502658844,21.92801123857498,17.66200989484787,4.562072515487671,166.0,72.0,negative,9744.93929742
9744.93929742,21.64351135492325,26.194013833999637,21.29298061132431,6.355402290821075,202.0,87.0,negative,9673.11409258
9673.11409258,31.236552834510803,23.33065938949585,44.383970499038696,8.330959439277649,295.0,90.0,negative,9633.38688518
9633.38688518,32.12467908859253,16.85636681318283,27.60806691646576,11.33655858039856,212.0,65.0,positive,9637.30977745
9637.30977745,20.42787891626358,24.69166499376297,25.80054205656052,6.387805163860321,159.0,70.0,negative,9619.35333091
9619.35333091,9.01351773738861,16.80735993385315,17.655124366283417,9.085165143013,103.0,65.0,negative,9587.26519681
9587.26519681,12.883075296878816,13.072537124156952,11.945938289165497,2.497792601585388,99.0,35.0,positive,9591.49703053
9591.49703053,12.858525335788729,23.26609480381012,16.79745924472809,3.892610013484955,89.0,53.0,positive,9596.00234214
9596.00234214,11.69510555267334,17.693481922149658,12.622681021690369,3.912183821201325,83.0,58.0,negative,9575.77658765
9575.77658765,7.955696582794189,10.840625286102297,10.593307614326475,0.8434430360794067,66.0,36.0,positive,9614.46920805
9614.46920805,11.733562707901,6.969093680381775,8.811623752117157,1.4480392336845398,73.0,25.0,positive,9617.92149067
9617.92149067,8.093798577785492,10.22915655374527,8.965158343315125,0.0,81.0,26.0,negative,9586.19111622
9586.19111622,12.134893774986269,8.153859734535217,12.71385496854782,6.140630304813385,98.0,31.0,positive,9609.14400973
9609.14400973,11.02063798904419,8.288349032402039,5.915034472942352,0.7646114230155945,82.0,26.0,positive,9621.60344917
9621.60344917,14.330574572086334,5.596494853496552,11.302235722541807,3.31925904750824,84.0,31.0,negative,9605.51548241
9605.51548241,9.051421225070952,8.649326205253601,11.770349621772766,3.864237427711487,87.0,32.0,negative,9601.10458982
9601.10458982,15.676777958869934,18.643894970417023,22.248191952705383,4.297543227672577,115.0,52.0,negative,9586.91935621
9586.91935621,16.987250924110413,22.573741376399997,12.493076920509338,4.072211503982544,102.0,63.0,positive,9619.45500756
9619.45500756,16.051840782165527,17.049443006515503,14.115427255630491,3.247933804988861,127.0,62.0,negative,9609.10211939
9609.10211939,17.83102583885193,25.60288828611374,10.234594225883484,4.798687517642975,117.0,84.0,positive,9625.966822
9625.966822,19.99375587701797,35.91862761974335,14.814696848392488,1.7563614249229431,127.0,79.0,negative,9521.94101528
9521.94101528,24.68788450956345,29.10855567455292,17.99372261762619,4.839673340320587,173.0,79.0,positive,9550.52458607
9550.52458607,14.83394968509674,11.830767154693604,17.69241625070572,5.669589459896088,141.0,46.0,positive,9566.36647484
9566.36647484,18.49759256839752,22.14937698841095,17.0994593501091,3.0128380060195923,136.0,55.0,positive,9566.92334394
9566.92334394,19.29738688468933,14.741715788841248,27.199078738689423,5.455006957054138,184.0,52.0,positive,9593.78251664
9593.78251664,29.03807646036148,27.18037521839142,17.187573969364166,4.10490357875824,132.0,76.0,positive,9618.89059382
9618.89059382,12.33979594707489,13.954045355319977,13.959880352020264,2.471582531929016,115.0,47.0,negative,9608.47590343
9608.47590343,17.647077918052673,22.87520706653595,12.937678873538973,4.024954438209534,127.0,56.0,negative,9596.42523947
9596.42523947,15.728755414485931,8.596369683742523,13.09836995601654,1.464967966079712,105.0,27.0,positive,9624.36593152
9624.36593152,13.157350659370422,4.0314361453056335,6.648654162883759,4.145810008049011,77.0,23.0,positive,9637.83665568
9637.83665568,12.273887693881989,8.634141087532043,9.447998225688934,3.270426988601685,99.0,22.0,positive,9669.00190019
9669.00190019,10.1256343126297,38.493410766124725,12.367289900779724,4.183663964271545,77.0,65.0,positive,9673.89288072
9673.89288072,9.006554186344147,24.15550655126572,8.683475077152252,2.4182977080345154,71.0,46.0,negative,9659.1662373
9659.1662373,2.4042956829071045,10.39433205127716,2.431022524833679,1.4576039910316467,27.0,23.0,positive,9683.8226802
9683.8226802,7.051897048950195,8.99248743057251,8.878323316574097,1.726899266242981,67.0,24.0,negative,9676.74119968
9676.74119968,7.465968906879425,12.225749671459198,12.572533190250397,7.795257329940796,62.0,40.0,negative,9650.17022721
9650.17022721,7.717561423778534,7.66686350107193,13.32011091709137,2.4868176579475403,77.0,26.0,positive,9657.35470795
9657.35470795,14.565413236618042,19.57535582780838,9.948882281780245,1.6093549132347107,90.0,40.0,positive,9676.35337675
9676.35337675,11.13422065973282,50.27349126338959,18.303926706314087,2.450128138065338,99.0,75.0,positive,9694.11846308
9694.11846308,14.91316056251526,17.407990872859955,14.820918262004852,2.332286059856415,109.0,43.0,positive,9714.32490374
9714.32490374,17.721639335155487,14.18157184123993,23.18679654598236,3.472253739833832,171.0,50.0,negative,9692.19609676
9692.19609676,11.19749265909195,21.04563689231873,20.3258957862854,4.771604537963867,116.0,62.0,negative,9677.01715169
9677.01715169,12.74342793226242,26.601631999015808,14.855534970760344,9.082637965679169,110.0,81.0,positive,9710.94878442
9710.94878442,17.173838555812836,52.56634098291397,13.72572535276413,12.59807413816452,128.0,122.0,negative,9704.0570164
9704.0570164,20.264113306999207,37.65997767448425,25.89294958114624,2.3174877166748047,153.0,105.0,negative,9703.54511031
9703.54511031,32.796280801296234,27.38994717597961,18.996810913085938,3.160795271396637,155.0,64.0,positive,9709.05136397
9709.05136397,25.24339634180069,29.50967478752136,29.254777193069454,10.568357765674593,177.0,94.0,negative,9685.74253466
9685.74253466,18.55064684152603,35.47846156358719,25.127014815807343,9.20025670528412,157.0,135.0,positive,9703.68793734
9703.68793734,30.265236914157867,19.041444897651672,25.23048967123032,7.272361218929291,171.0,82.0,negative,9658.79432961
9658.79432961,27.791883170604702,23.031324446201324,22.15057682991028,3.321652114391327,175.0,86.0,positive,9662.40442924
9662.40442924,15.632606625556946,18.22397005558014,21.74026280641556,7.150922477245331,121.0,55.0,positive,9686.44119763
9686.44119763,18.379540145397183,18.719774782657623,22.124564945697784,4.232212662696838,155.0,57.0,negative,9682.29035524
9682.29035524,18.667877733707428,27.78799068927765,24.357832551002502,0.0,127.0,49.0,negative,9669.18103724
9669.18103724,12.31678718328476,16.141922533512115,14.35543441772461,1.5504225492477417,98.0,43.0,negative,9650.74508759
9650.74508759,13.805061757564545,16.001702964305878,15.437363266944883,2.4422314763069157,87.0,41.0,positive,9671.9694385
9671.9694385,7.264030396938324,4.82718950510025,8.180425226688385,4.084383070468903,58.0,29.0,negative,9644.42880563
9644.42880563,6.944420278072357,12.768365919589996,12.832064986228945,2.6248512864112854,85.0,42.0,negative,9636.72762818
9636.72762818,6.734686374664307,15.230673670768738,15.094572961330414,2.482585847377777,69.0,37.0,negative,9626.27947319
9626.27947319,2.2994929552078247,7.022911489009857,7.654345273971558,4.185549437999725,59.0,28.0,negative,9621.84117956
9621.84117956,8.594077169895172,15.575489163398744,9.58777153491974,3.9384400844573975,82.0,38.0,positive,9636.66258192
9636.66258192,6.545007526874542,7.873209774494171,10.797684729099274,0.7117948532104492,76.0,24.0,negative,9617.88742484
9617.88742484,8.587574541568756,14.41054391860962,18.327181935310364,4.763874113559723,94.0,42.0,positive,9662.59920056
9662.59920056,15.204985618591309,8.166518092155457,9.56659770011902,1.5200666189193726,88.0,28.0,negative,9632.17979769
9632.17979769,13.134949505329132,2.460912823677063,11.352468371391296,0.8537812829017639,77.0,20.0,positive,9650.78204671
9650.78204671,18.000951051712036,11.277422606945038,7.032382130622864,3.42651891708374,91.0,40.0,positive,9653.09229686
9653.09229686,18.37387990951538,12.4091437458992,21.88070833683014,6.561122238636017,101.0,50.0,negative,9646.19750288
9646.19750288,18.28528523445129,18.42712777853012,20.519012451171875,4.195286393165588,130.0,55.0,negative,9636.78848744
9636.78848744,15.926399230957031,33.920433938503265,16.433204293251038,7.055355966091156,135.0,87.0,negative,9614.60660999
9614.60660999,20.52954149246216,20.389989256858826,20.166791796684265,5.791321098804474,155.0,59.0,positive,9637.93817135
9637.93817135,19.95747977495193,19.905720829963684,21.974467933177948,3.269373118877411,145.0,71.0,positive,9639.23350179
9639.23350179,17.842312395572662,14.32377189397812,22.76891314983368,6.5824058055877686,147.0,52.0,positive,9670.6226004
9670.6226004,26.42538148164749,18.576516211032867,31.242363274097443,3.765600025653839,185.0,56.0,positive,9682.70866106
9682.70866106,15.018583536148071,10.375136077404022,20.9426486492157,7.248505651950836,139.0,49.0,negative,9677.44994251
9677.44994251,17.499592781066895,20.29766982793808,14.1905238032341,0.8603537678718567,109.0,40.0,negative,9672.04233055
9672.04233055,16.005429804325104,14.011462152004242,13.097437024116516,3.82961231470108,120.0,44.0,negative,9663.18182933
9663.18182933,12.1711186170578,40.52224791049957,12.916990220546722,4.1164127588272095,102.0,107.0,positive,9671.09844665
9671.09844665,13.122949600219728,49.19477444887161,19.474482595920563,6.393395781517029,105.0,108.0,negative,9668.78719459
9668.78719459,12.842597901821136,14.20592075586319,11.628483831882477,0.0,99.0,57.0,positive,9678.08725974
9678.08725974,12.904451966285706,26.547662615776066,13.965009093284609,2.5841869115829468,81.0,73.0,positive,9751.48738827
9751.48738827,12.184731185436249,16.806232392787933,10.096147060394289,2.258687734603882,84.0,40.0,positive,9809.75759887
9809.75759887,9.228223383426666,17.11172378063202,7.495116233825684,1.9084140062332156,68.0,46.0,positive,9850.81967473
9850.81967473,14.55749636888504,9.727040946483612,7.1357080936431885,0.9934097528457642,76.0,31.0,positive,9865.21539591
9865.21539591,4.371001839637756,9.12645024061203,7.116411685943604,3.091716408729553,43.0,39.0,negative,9862.14153426
9862.14153426,9.007640957832336,13.31402027606964,6.819471299648285,1.5685675740242004,70.0,34.0,negative,9849.13599092
9849.13599092,15.101305902004242,9.66796451807022,8.356320142745972,1.7055469155311584,92.0,27.0,positive,9860.44559427
9860.44559427,7.492880046367645,13.771154165267944,12.914255797863008,6.97337532043457,82.0,55.0,positive,9880.98480622
9880.98480622,12.192878186702728,8.138418078422546,12.724255919456482,3.897216320037842,88.0,27.0,negative,9834.96080585
9834.96080585,9.58739936351776,16.888254165649414,13.423148810863497,1.6042357683181765,96.0,50.0,positive,9839.37339216
9839.37339216,10.039966940879822,24.99489426612854,11.429219603538511,7.697608828544617,76.0,82.0,positive,9864.65542875
9864.65542875,8.150888979434967,15.815856277942656,10.481792509555817,5.347346127033234,93.0,54.0,positive,9889.96312405
9889.96312405,11.54621821641922,17.10505884885788,12.770430982112885,8.982025146484375,94.0,60.0,negative,9832.94054711
9832.94054711,14.289675235748293,24.480692327022552,14.502636790275574,7.703485429286957,95.0,65.0,positive,9871.88101909
9871.88101909,16.650882482528687,23.508119106292725,16.72969913482666,4.754121720790863,144.0,68.0,positive,9878.58947086
9878.58947086,19.41807532310486,29.62766522169113,26.62157452106476,6.080271244049072,146.0,83.0,positive,9879.94054013
9879.94054013,23.451747238636017,27.16203612089157,21.765202522277832,2.4405829906463623,150.0,73.0,negative,9871.63783904
9871.63783904,17.484836041927338,18.174380898475647,27.031209409236908,3.809733688831329,142.0,52.0,negative,9865.82236178
9865.82236178,21.722868978977203,20.827705025672916,19.004926085472107,5.652785360813141,152.0,69.0,negative,9861.96638318
9861.96638318,17.221517264842987,26.65096479654312,13.178717315196993,3.1571397185325623,116.0,67.0,positive,9889.94545655
9889.94545655,14.527502655982971,19.201491355896,10.283482551574709,7.008311867713928,92.0,55.0,positive,9924.51522822
9924.51522822,14.267443895339966,25.968373596668243,15.192280530929564,1.6311251521110537,123.0,84.0,positive,9932.34983941
9932.34983941,8.846372961997986,19.28622043132782,10.637327492237093,7.307065963745117,80.0,49.0,negative,9893.09566615
9893.09566615,16.189141809940338,19.992660582065582,15.276857316493988,6.981686890125275,102.0,64.0,negative,9773.75586195
9773.75586195,12.946936309337616,27.54836583137512,11.539030492305756,2.399812877178192,92.0,61.0,positive,9781.02570039
9781.02570039,10.001605212688446,14.071596384048462,15.922604858875276,5.399971663951874,94.0,41.0,negative,9772.32903702
9772.32903702,7.893272995948791,12.152746379375458,12.881181240081789,2.365080296993256,71.0,33.0,negative,9759.43034002
9759.43034002,9.890648245811462,12.8669615983963,16.520412266254425,0.0,73.0,32.0,negative,9741.45735504
9741.45735504,12.415969491004944,8.563705146312714,11.764657139778135,0.7941434383392334,64.0,26.0,negative,9733.54166408
9733.54166408,7.831712067127228,10.369067907333374,4.941705226898193,3.847250282764435,52.0,39.0,positive,9756.39844086
9756.39844086,3.058689534664154,5.603588223457336,13.444646954536438,0.0,65.0,18.0,negative,9728.31273845
9728.31273845,13.945307195186617,7.726432859897613,13.350037395954132,1.4993982911109924,86.0,19.0,positive,9755.20325182
9755.20325182,10.64292937517166,15.451104998588562,12.86397898197174,2.270618736743927,89.0,44.0,positive,9774.9375241
9774.9375241,12.40530264377594,17.07128071784973,4.982010722160339,0.0,96.0,34.0,positive,9799.82603431
9799.82603431,15.568094670772552,18.802801370620728,13.408546805381777,3.153589904308319,104.0,52.0,negative,9769.3866111
9769.3866111,17.412373065948486,23.28594881296158,8.556940734386444,7.816756665706634,100.0,61.0,positive,9773.91266694
9773.91266694,16.073488295078278,34.93489080667496,22.21948885917664,5.419854462146759,129.0,103.0,negative,9730.74097289
9730.74097289,14.96805852651596,21.936767578125,20.447559356689453,5.895345509052277,133.0,67.0,negative,9697.6880768
9697.6880768,16.43866455554962,20.951540052890778,26.6546568274498,9.32093107700348,156.0,102.0,negative,9641.33957813
9641.33957813,19.53175789117813,30.73852413892746,19.08613538742065,15.781518161296844,148.0,115.0,negative,9581.44765164
9581.44765164,27.39530026912689,47.72103226184845,16.97553449869156,21.58848440647125,149.0,178.0,positive,9617.81264912
9617.81264912,25.11017471551895,47.095413625240326,12.77239054441452,9.34347438812256,166.0,147.0,negative,9601.05774984
9601.05774984,24.31823480129242,39.48751878738403,26.93348598480225,11.050167798995972,179.0,135.0,positive,9608.09487814
9608.09487814,15.04521894454956,33.944676876068115,14.603586196899414,11.369836211204529,121.0,120.0,positive,9623.60644004
9623.60644004,16.399767458438873,19.30395895242691,8.125374615192413,7.994300901889801,129.0,83.0,positive,9650.17480677
9650.17480677,12.97160530090332,24.634430050849915,10.639469385147097,9.576253056526184,104.0,90.0,negative,9633.77085696
9633.77085696,4.788652300834656,38.762979090213776,11.427598714828491,8.0673907995224,103.0,101.0,negative,9624.52278632
9624.52278632,11.574708878993988,19.50368744134903,10.397735834121704,5.0462533831596375,94.0,67.0,positive,9626.60589977
9626.60589977,8.613751709461212,28.48840022087097,12.080793619155884,8.933047115802765,90.0,69.0,negative,9610.72911267
9610.72911267,10.526847839355469,16.214015066623688,21.96866136789322,1.529149293899536,97.0,51.0,negative,9600.64468807
9600.64468807,5.701232135295868,16.6668741106987,8.136695325374603,6.077380180358887,49.0,49.0,negative,9579.37880391
9579.37880391,4.8424271941185,23.732478380203247,6.594830811023712,6.9186877608299255,44.0,62.0,negative,9561.37632212
9561.37632212,4.181397557258606,14.454982578754423,8.98655253648758,5.0505490899086,61.0,55.0,negative,9549.65228619
9549.65228619,9.378631830215454,19.90608698129654,8.212602317333221,1.7002535462379456,59.0,49.0,positive,9582.55840251
9582.55840251,9.992506504058838,18.25317245721817,11.181125402450562,0.8280508518218994,93.0,45.0,positive,9591.61725327
9591.61725327,13.24957549571991,36.37386620044708,14.701101958751678,5.527342915534973,88.0,70.0,negative,9576.04254618
9576.04254618,8.04460996389389,7.395291805267334,10.505032300949097,3.464784622192383,86.0,28.0,positive,9579.54525962
9579.54525962,17.20775330066681,14.741534113883972,12.11248815059662,0.8180848956108093,82.0,42.0,positive,9596.60449546
9596.60449546,11.49252700805664,20.14804583787918,13.151090323925018,6.663852035999298,95.0,82.0,negative,9582.14840071
9582.14840071,5.964681088924408,38.83486098051071,11.8390531539917,19.0567467212677,92.0,252.0,negative,9454.39001254
9454.39001254,21.288164615631104,37.46624743938446,22.685185253620148,17.05360859632492,135.0,172.0,negative,9428.43161567
9428.43161567,16.103942215442657,26.323548018932343,31.89163470268249,17.4984188079834,179.0,159.0,negative,9369.64802188
9369.64802188,21.2619743347168,46.39165210723877,21.350259721279144,12.546540915966034,174.0,137.0,negative,9352.27447065
9352.27447065,34.91533172130585,26.37041300535202,28.35782140493393,5.806289076805115,205.0,108.0,positive,9383.54786904
9383.54786904,24.814755082130432,35.43566447496414,25.669350028038025,12.94109457731247,172.0,124.0,negative,9356.79072031
9356.79072031,36.07071924209595,38.27076709270477,20.46289879083633,9.618563950061798,205.0,121.0,negative,9313.21657621
9313.21657621,16.718110263347626,28.91667377948761,9.245056688785551,9.469006776809692,129.0,96.0,positive,9357.12471336
9357.12471336,21.691413819789886,38.92757171392441,21.331631183624268,5.015253663063049,148.0,124.0,positive,9361.96102068
9361.96102068,15.894477188587189,11.06535518169403,16.154065191745758,7.420550048351288,116.0,57.0,negative,9341.70516876
9341.70516876,20.21289962530136,12.962592601776125,9.50763314962387,2.281548500061035,105.0,51.0,negative,9321.77709254
9321.77709254,19.40631467103958,11.285081207752228,13.527215123176576,4.919466078281403,119.0,61.0,negative,9257.66546307
9257.66546307,12.12190979719162,19.514301240444183,17.162797212600708,10.819128572940826,148.0,73.0,negative,9233.76850905
9233.76850905,14.665807902812958,13.353681921958923,17.67069262266159,8.219094932079315,133.0,64.0,negative,9184.0731005
9184.0731005,8.449369251728058,19.452771067619324,16.4010888338089,12.141409158706663,82.0,89.0,positive,9192.3915509
9192.3915509,5.353248000144959,18.06551104784012,9.134121656417848,2.7001596689224243,72.0,51.0,positive,9205.56716035
9205.56716035,3.828453361988068,19.722788095474243,7.373248815536499,3.086342871189117,53.0,57.0,positive,9214.07646833
9214.07646833,10.337589383125303,18.932160675525665,8.796126008033752,6.5634084939956665,61.0,74.0,negative,9189.07673712
9189.07673712,10.973439574241638,11.578385651111605,11.604453325271606,7.056519567966461,81.0,58.0,positive,9204.59259932
9204.59259932,6.549286246299744,12.232695639133452,12.16644424200058,4.281107187271118,79.0,55.0,negative,9170.37579786
9170.37579786,4.509890139102936,15.409853756427763,10.88501501083374,2.4248788952827454,70.0,58.0,positive,9203.91000321
9203.91000321,14.401060104370115,108.08183801174164,21.171037793159485,4.085493505001068,103.0,147.0,negative,9168.14164027
9168.14164027,14.67753040790558,18.298938512802124,14.33542287349701,4.552317917346954,116.0,71.0,positive,9222.62200563
9222.62200563,10.201241374015808,44.82175397872925,15.382031679153442,8.671067714691162,107.0,136.0,negative,9143.79862822
9143.79862822,20.649052500724792,30.481917202472687,14.68553388118744,8.221414566040039,135.0,92.0,negative,9050.44651074
9050.44651074,23.155759155750275,32.20986598730087,25.4411558508873,6.440882682800293,151.0,106.0,negative,9036.43355718
9036.43355718,25.74290120601654,28.941050469875336,32.0836883187294,5.72450977563858,192.0,98.0,negative,8785.39831395
8785.39831395,22.951128780841827,25.24247694015503,34.16383111476898,12.740820705890656,200.0,106.0,negative,8715.83266394
8715.83266394,24.035740673542023,37.94157284498215,29.76711183786392,11.656201243400574,239.0,131.0,positive,8798.03899828
8798.03899828,32.779545545578,50.83311027288437,21.55577427148819,16.89267510175705,213.0,144.0,positive,8818.44674622
8818.44674622,27.07991051673889,20.8528436422348,19.62131905555725,7.059821724891663,167.0,90.0,negative,8803.26019175
8803.26019175,24.62188321352005,30.252677619457245,14.634331226348875,5.60012412071228,145.0,92.0,negative,8779.19042156
8779.19042156,23.631214261054996,35.057386219501495,14.045086205005646,6.441544711589813,151.0,94.0,positive,8812.8006982
8812.8006982,27.730834007263184,26.07340633869171,13.09030032157898,6.656963050365448,165.0,80.0,positive,8820.52220005
8820.52220005,14.30242121219635,17.072154879570007,22.748700261116028,1.5324763059616089,131.0,58.0,negative,8658.7150286
8658.7150286,19.00293904542923,14.4929381608963,13.717032313346865,5.41467547416687,130.0,53.0,positive,8676.63039024
8676.63039024,12.333180367946625,18.09767335653305,19.19241923093796,3.4063496589660645,138.0,45.0,positive,8681.58624984
8681.58624984,13.125425159931185,7.65342366695404,16.434664726257324,2.293496012687683,113.0,35.0,positive,8723.57696012
8723.57696012,14.42439329624176,19.046176731586456,20.54102784395218,2.4854379892349243,125.0,58.0,negative,8706.24386098
8706.24386098,11.39226508140564,18.277401566505432,15.281905889511108,3.3570574522018437,108.0,60.0,positive,8749.02377254
8749.02377254,12.410722017288208,10.169955611228945,10.252631783485413,4.144187271595001,69.0,37.0,positive,8775.61607245
8775.61607245,8.628635704517365,14.304380655288696,13.965031087398527,3.049586534500122,83.0,45.0,positive,8801.00768314
8801.00768314,8.169500470161438,17.951509952545166,14.435658752918243,3.2615597248077397,89.0,50.0,positive,8822.38197878
8822.38197878,8.985511481761932,11.490972757339478,13.42975378036499,2.261753559112549,80.0,31.0,negative,8795.12311489
8795.12311489,17.212676107883453,13.693461000919342,7.453217923641205,1.7630209922790527,90.0,38.0,positive,8806.92501874
8806.92501874,8.623288333415985,19.57885468006134,8.082219660282135,6.7448360323905945,83.0,46.0,negative,8802.0944566
8802.0944566,16.19353884458542,13.621310949325562,10.356184124946594,5.4783958196640015,113.0,44.0,negative,8775.45150883
8775.45150883,20.10357022285461,18.605939388275143,18.1954887509346,0.0,134.0,40.0,positive,8835.53137654
8835.53137654,27.698156416416168,25.677002608776093,13.795881688594818,3.890102624893189,130.0,78.0,positive,8846.95161367
8846.95161367,19.84449315071106,32.548880100250244,14.846994280815125,8.815261900424957,148.0,106.0,negative,8842.34552867
8842.34552867,28.769997894763947,26.42880082130432,26.24603259563446,9.84918576478958,205.0,98.0,positive,8926.56910258
8926.56910258,22.1150284409523,20.101371347904205,17.326784908771515,6.642142713069916,165.0,70.0,negative,8919.67801282
8919.67801282,33.67216765880585,26.69659262895584,26.118818938732147,8.41954493522644,167.0,90.0,negative,8889.87086471
8889.87086471,32.07801592350006,27.678311347961422,22.687280654907227,10.23039722442627,178.0,82.0,positive,8907.6316884
8907.6316884,16.872662603855133,22.708767771720886,14.447793841362,6.448123097419739,111.0,74.0,negative,8884.48142589
8884.48142589,24.40880823135376,18.006815016269684,31.027248561382294,5.966667294502258,190.0,59.0,negative,8787.40718304
8787.40718304,20.014120876789093,33.4053076505661,23.67650586366653,6.248584032058716,150.0,84.0,negative,8773.01988762
8773.01988762,21.26485258340836,38.39269179105759,20.08140981197357,9.822970688343048,165.0,105.0,positive,8784.49384867
8784.49384867,8.676178693771362,31.329158544540405,14.152032434940338,5.7297123670578,94.0,105.0,positive,8854.01187325
8854.01187325,14.352070152759552,20.1447793841362,13.184284925460815,5.44052255153656,101.0,72.0,positive,8876.14683097
8876.14683097,14.392384946346285,30.629160225391388,15.226561784744264,5.30208146572113,104.0,84.0,positive,8878.16692828
8878.16692828,23.35020238161087,14.187875807285309,17.168147563934326,4.842880368232727,128.0,42.0,negative,8855.39051357
8855.39051357,24.47687369585037,10.104430258274078,15.994310915470123,2.5235934257507324,160.0,37.0,positive,8860.91090758
8860.91090758,11.18422508239746,11.845622062683104,19.057104229927063,3.5026490092277527,120.0,37.0,negative,8803.66194982
8803.66194982,13.020491540431976,7.829007983207703,13.745128214359283,1.7528356909751892,87.0,22.0,positive,8805.44358228
8805.44358228,11.386746644973757,10.028092324733734,6.851894557476044,4.930278241634369,88.0,37.0,negative,8727.02995382
8727.02995382,14.26387184858322,12.352450251579285,20.540491819381717,4.19413161277771,96.0,43.0,positive,8744.46177218
8744.46177218,11.721893727779388,44.688632905483246,10.487620949745178,4.373901128768921,92.0,81.0,negative,8644.93996146
8644.93996146,13.517134368419647,27.664840281009678,13.193873345851898,2.4316171407699585,93.0,66.0,negative,8592.58108159
8592.58108159,15.212397754192352,22.22679090499878,12.175349235534668,2.35485577583313,84.0,54.0,positive,8600.31264516
8600.31264516,10.90001541376114,13.319976687431335,14.536745250225067,6.364639639854431,110.0,54.0,negative,8530.60665373
8530.60665373,15.64766651391983,14.384499371051788,19.37335139513016,6.646064758300781,136.0,52.0,positive,8662.11432441
8662.11432441,19.080038607120517,20.67618662118912,18.519341588020325,5.731216430664063,125.0,80.0,negative,8644.43963239
8644.43963239,18.613808751106266,44.27367401123047,17.568746626377106,7.533425152301788,137.0,95.0,positive,8690.25459199
8690.25459199,20.16806608438492,42.9270144701004,22.20149308443069,8.55670565366745,161.0,98.0,negative,8660.91498837
8660.91498837,21.388868927955627,34.38229638338089,17.167884826660156,8.479172825813293,141.0,101.0,negative,8567.47373091
8567.47373091,17.536142110824585,26.15052753686905,15.785175800323486,4.811468243598938,125.0,83.0,negative,8561.78815897
8561.78815897,12.6065936088562,19.166205286979675,13.471912026405334,3.3189574480056763,109.0,58.0,negative,8555.26642948
8555.26642948,20.87171447277069,17.883138954639435,21.188921570777893,5.375009536743164,150.0,62.0,positive,8610.73061159
8610.73061159,21.574545979499817,13.50410145521164,12.852355718612673,4.959058105945587,157.0,51.0,positive,8642.77054855
8642.77054855,22.119292318820957,15.536903262138368,14.867503583431244,0.8353659510612488,115.0,54.0,positive,8709.45330358
8709.45330358,22.46359133720398,19.348805487155914,23.84680718183517,4.751095533370972,148.0,82.0,negative,8672.45534996
8672.45534996,14.0111021399498,21.170094668865204,17.235683977603912,4.576694905757904,115.0,53.0,positive,8739.34450165
8739.34450165,14.743994653224943,7.851969242095947,20.22805249691009,3.3490800261497498,120.0,33.0,negative,8714.18374155
8714.18374155,12.456718027591704,21.76426917314529,10.607875287532806,4.094131827354431,91.0,55.0,positive,8729.62664697
8729.62664697,12.372166216373444,22.38125842809677,5.631917893886566,0.8330551385879517,67.0,61.0,negative,8709.68495317
8709.68495317,7.881885349750519,6.967583537101746,11.475555002689362,3.1704766750335693,87.0,33.0,positive,8748.40115171
8748.40115171,7.26838606595993,10.3102325797081,8.387594223022461,7.34433650970459,70.0,48.0,positive,8760.45036482
8760.45036482,9.7168408036232,9.809758961200714,9.873052954673769,3.3111743927001958,78.0,37.0,negative,8729.36085664
8729.36085664,12.19998848438263,12.94268238544464,11.89451938867569,3.8466504216194153,70.0,36.0,positive,8740.89734048
8740.89734048,10.664411306381226,10.853800475597382,9.214687287807465,0.7178105115890503,73.0,27.0,positive,8753.19037177
8753.19037177,12.19398182630539,12.636787354946136,17.574064195156097,3.141748607158661,88.0,43.0,negative,8715.37852797
8715.37852797,7.385714769363403,11.568674445152284,8.051753759384155,0.7304826378822327,58.0,31.0,negative,8680.98667196
8680.98667196,6.562398254871368,7.875508248806,12.37093621492386,1.4364089965820312,76.0,22.0,positive,8698.71856649
8698.71856649,10.312395989894869,14.639975905418396,8.732867658138275,0.0,73.0,35.0,negative,8686.68377574
8686.68377574,8.845371723175049,16.716448545455933,9.106594443321228,4.054359018802643,78.0,47.0,negative,8659.86095366
8659.86095366,11.644809484481812,15.970702230930328,8.139495134353638,12.848223865032196,81.0,74.0,negative,8630.9855965
8630.9855965,15.077380895614624,17.358322203159332,17.604820668697357,7.131194174289703,117.0,53.0,positive,8682.15752674
8682.15752674,21.200110018253326,27.77784889936447,26.145846664905548,6.527461171150208,169.0,71.0,negative,8642.22108737
8642.22108737,15.727241039276125,20.82449185848236,23.500238001346588,3.930751860141754,134.0,61.0,positive,8664.50364207
8664.50364207,8.58783769607544,12.679086744785309,27.65467244386673,3.816218376159668,134.0,52.0,positive,8686.83454929
8686.83454929,16.768376350402832,22.1674821972847,17.962326407432556,4.679628670215607,134.0,54.0,positive,8688.10179736
8688.10179736,18.875912368297577,19.55819547176361,17.020844221115112,4.122528374195099,118.0,42.0,negative,8665.11593578
8665.11593578,15.452228009700775,7.0848724246025085,13.198716342449188,4.087609767913818,104.0,30.0,negative,8647.06593699
8647.06593699,16.19079601764679,9.375750005245209,13.782851457595823,2.4432880878448486,96.0,24.0,positive,8651.93262532
8651.93262532,6.43787956237793,13.803850591182709,9.864136099815369,1.7672196626663208,75.0,24.0,negative,8599.50861972
8599.50861972,10.164197862148283,6.576514661312103,8.374904572963715,4.088494181632996,82.0,24.0,positive,8603.07154008
8603.07154008,8.382259786128998,8.890466630458832,20.498296797275543,0.7612753510475159,87.0,28.0,positive,8639.7606116
8639.7606116,8.912806212902069,16.107996225357056,7.232861280441284,2.2291343808174133,58.0,36.0,positive,8652.37652134
8652.37652134,10.591732919216156,9.804254829883575,7.385953485965729,1.6662558913230896,66.0,26.0,negative,8643.58305485
8643.58305485,9.264264822006226,12.434390306472778,5.922793030738831,5.685824394226074,52.0,35.0,negative,8606.12224954
8606.12224954,5.622811138629913,6.878138065338135,9.403176844120026,1.6230510473251345,59.0,22.0,negative,8595.31127859
8595.31127859,8.879791259765625,5.753507316112518,8.75624281167984,0.80795818567276,72.0,19.0,negative,8569.83964266
8569.83964266,4.602010369300842,7.293555617332458,10.698431551456451,1.7038704752922058,63.0,34.0,negative,8556.52988003
8556.52988003,11.155783295631409,6.344564497470856,9.701170265674593,3.904790461063385,75.0,23.0,positive,8561.0586593
8561.0586593,7.74988853931427,10.83698832988739,10.013955414295197,0.0,57.0,25.0,positive,8566.39993456
8566.39993456,8.194511651992798,5.408899784088135,5.793194115161896,1.5060542225837708,53.0,19.0,positive,8593.94062577
8593.94062577,5.713417589664459,7.185586214065552,3.9998725056648254,1.5463440418243408,47.0,27.0,positive,8652.80275035
8652.80275035,19.731172502040863,6.472381174564362,8.211160957813263,0.0,94.0,23.0,negative,8598.39196304
8598.39196304,11.033840298652647,20.498194217681885,6.375586450099945,5.770942687988281,80.0,49.0,positive,8629.03119814
8629.03119814,14.423403322696686,13.88562709093094,9.921283781528471,4.1503196358680725,89.0,33.0,negative,8586.23852987
8586.23852987,22.19467455148697,16.005799174308777,13.539625465869904,1.5377797484397888,105.0,39.0,negative,8580.54864891
8580.54864891,9.678837895393372,18.413370847702023,18.205262064933777,6.368978917598724,118.0,66.0,negative,8521.12152592
8521.12152592,21.680095434188843,12.242732167243958,16.66364413499832,4.774773061275482,147.0,56.0,positive,8521.19699802
8521.19699802,26.23958146572113,14.888337433338164,19.304991960525516,4.530459642410278,156.0,38.0,negative,8491.63641946
8491.63641946,12.00023066997528,13.84954559803009,15.395545601844788,4.688168585300446,117.0,46.0,positive,8566.15436279
8566.15436279,9.48454976081848,11.798214733600616,16.69656091928482,1.5512803792953491,97.0,33.0,negative,8518.75712937
8518.75712937,15.016885221004486,20.31342911720276,17.183096826076508,4.810342967510223,139.0,58.0,positive,8524.61192342
8524.61192342,20.56123924255371,11.045702636241913,14.467525899410248,4.78220146894455,104.0,43.0,positive,8565.95567749
8565.95567749,12.389966666698456,8.038267493247986,11.537034273147585,3.324958503246308,90.0,32.0,negative,8562.45405008
8562.45405008,14.383731126785278,13.070216953754423,13.814329087734222,1.5527487397193909,115.0,36.0,positive,8574.6330123
8574.6330123,20.30698758363724,9.881550014019012,22.419553637504578,3.0637524724006653,130.0,31.0,negative,8569.4225471
8569.4225471,13.613046407699583,15.5784552693367,16.69937890768051,2.3674363493919373,98.0,36.0,positive,8621.27502194
8621.27502194,10.64395558834076,2.445364534854889,19.315008640289307,1.510832130908966,106.0,16.0,negative,8619.91019877
8619.91019877,16.330089330673218,9.635542809963226,9.23141360282898,2.4433844685554504,89.0,20.0,positive,8637.4526645
8637.4526645,4.906236708164215,7.975975453853607,6.722147285938263,3.227291762828827,49.0,23.0,positive,8637.67205532
8637.67205532,10.4281085729599,6.108065128326416,11.057371258735657,2.5216121077537537,73.0,20.0,positive,8654.38521237
8654.38521237,10.814239859580994,9.15288072824478,9.43296068906784,2.5829864144325256,72.0,22.0,negative,8638.40085726
8638.40085726,9.537512958049774,5.951597571372986,14.817546486854551,1.777290940284729,83.0,17.0,positive,8660.7036648
8660.7036648,4.142609417438507,5.724015831947327,9.164376437664032,3.2123751640319824,56.0,22.0,positive,8691.09673588
8691.09673588,4.891239523887634,6.252447783946991,10.145428121089935,2.63372814655304,67.0,25.0,positive,8721.00565017
8721.00565017,13.87781548500061,5.4553006291389465,15.706911027431488,3.1166809797286987,101.0,25.0,positive,8752.70729726
8752.70729726,8.483499944210052,13.181786954402924,9.277060508728027,2.6701462268829346,98.0,59.0,positive,8763.41512399
8763.41512399,16.37667679786682,16.658721566200256,8.956044554710388,2.5092448592185974,93.0,54.0,positive,8838.04495841
8838.04495841,13.620868623256683,20.941908061504364,20.04876333475113,2.505504846572876,125.0,56.0,negative,8835.29422422
8835.29422422,29.406272172927856,24.859891533851624,20.62489151954651,12.414445519447328,176.0,98.0,negative,8811.59085377
8811.59085377,24.37054055929184,30.27625453472137,18.88824689388275,6.216863751411438,194.0,84.0,positive,8845.58742869
8845.58742869,18.52280282974243,14.53392380475998,23.82980597019196,7.201905369758606,146.0,65.0,positive,8848.93013758
8848.93013758,11.91308981180191,26.38034009933472,13.86050307750702,4.009307444095612,112.0,86.0,negative,8845.84867192
8845.84867192,17.39876013994217,27.462592482566837,17.396070063114166,6.2781208753585815,141.0,83.0,positive,8855.50090241
8855.50090241,9.67295253276825,20.720098733901978,12.06873458623886,9.950427949428558,130.0,73.0,positive,8857.25930981
8857.25930981,24.482333064079285,20.88931953907013,12.262473285198212,2.5380948185920715,142.0,56.0,positive,8899.53042072
8899.53042072,20.31563585996628,21.785979330539703,21.8472153544426,6.655804038047791,147.0,71.0,positive,8910.31460273
8910.31460273,15.40105026960373,25.0527977347374,11.691575944423676,8.073635876178741,129.0,68.0,negative,8869.67031078
8869.67031078,15.012745916843414,28.28343397378921,9.481848657131197,9.543405175209044,106.0,114.0,negative,8861.23852669
8861.23852669,9.906980514526367,16.613809645175934,15.23788356781006,2.489049196243286,96.0,63.0,negative,8835.11181108
8835.11181108,9.91146469116211,10.686102449893951,12.299014568328856,3.3504546880722046,86.0,44.0,positive,8841.71222218
8841.71222218,13.902556538581848,14.639646470546722,11.91247582435608,5.126066565513611,90.0,51.0,positive,8862.87636307
8862.87636307,9.50841200351715,15.450129687786102,8.927266597747803,6.291071653366089,72.0,74.0,negative,8850.53215701
8850.53215701,13.541643679141998,10.909995317459106,16.1468425989151,1.7495726943016052,86.0,41.0,positive,8850.66686628
8850.66686628,7.51510351896286,13.53623241186142,8.850493609905243,4.638986527919769,63.0,56.0,negative,8834.9719894
8834.9719894,11.008609533309937,10.32838660478592,6.854676008224487,3.341959595680237,64.0,34.0,negative,8784.72893778
8784.72893778,16.100313782691956,5.447935581207275,11.26863706111908,2.2963866591453552,104.0,20.0,positive,8798.54269136
8798.54269136,7.355890333652496,5.942127108573914,10.250423550605774,0.7288826107978821,78.0,24.0,positive,8806.37550091
8806.37550091,8.945966005325317,13.88055032491684,11.532445311546326,3.3667800426483154,76.0,40.0,positive,8854.46659575
8854.46659575,7.5912975668907166,18.979941844940186,10.829646229743958,7.498925626277924,69.0,58.0,positive,8879.38821707
8879.38821707,9.324595093727112,14.057235956192017,10.681799471378326,2.50335294008255,78.0,39.0,negative,8850.26215992
8850.26215992,12.098813593387604,19.70331960916519,13.945628643035889,4.754338443279266,100.0,64.0,negative,8802.99635112
8802.99635112,15.647906243801115,13.311736822128296,19.35832589864731,3.103310525417328,137.0,47.0,negative,8765.47619757
8765.47619757,26.829882085323334,26.644953072071075,17.561220347881317,9.04353666305542,160.0,80.0,positive,8777.35265727
8777.35265727,19.56862360239029,27.8978334069252,25.44991368055344,18.563962638378143,174.0,134.0,negative,8734.26623286
8734.26623286,16.627695381641388,21.44602233171463,22.093110263347626,13.533344507217407,140.0,93.0,negative,8732.22809264
8732.22809264,21.30406165122986,33.54288136959076,15.015470385551453,11.66197556257248,126.0,92.0,negative,8722.34627866
8722.34627866,12.447756290435793,28.00747948884964,23.98060405254364,8.035996735095978,116.0,101.0,positive,8728.48581542
8728.48581542,21.902408480644223,39.35156387090683,10.581876158714294,7.325272083282471,132.0,96.0,positive,8744.86686754
8744.86686754,14.671135485172272,20.6536477804184,15.686837911605837,8.320027768611908,119.0,65.0,positive,8749.5358519
8749.5358519,14.127061426639557,30.53594207763672,13.843241930007936,2.6359461545944214,104.0,73.0,positive,8777.30712348
8777.30712348,13.850801765918732,15.046466410160065,12.381629884243011,2.407109498977661,81.0,45.0,positive,8787.78645576
8787.78645576,11.053584933280945,13.469436407089232,9.208958506584167,7.266294240951538,78.0,65.0,positive,8788.26626951
8788.26626951,10.62575751543045,20.002902507781982,9.529035031795502,4.895604968070984,87.0,53.0,positive,8800.22210026
8800.22210026,6.372953593730927,14.212936401367188,16.177169978618622,5.29451584815979,92.0,46.0,positive,8815.75710081
8815.75710081,10.037046074867249,14.358263969421388,18.42067050933838,3.854589879512787,77.0,48.0,negative,8808.22991621
8808.22991621,13.67624717950821,10.323232769966124,12.5943443775177,8.051918864250183,98.0,38.0,positive,8816.76284312
8816.76284312,11.29460209608078,13.466109216213226,13.982657968997955,0.7891266345977783,82.0,33.0,positive,8836.00102837
8836.00102837,19.11062413454056,16.429923236370087,4.953652083873749,3.87554532289505,83.0,47.0,negative,8811.87359183
8811.87359183,15.36768078804016,16.168760359287262,7.719088017940521,5.185264229774475,81.0,46.0,positive,8815.41551328
8815.41551328,8.589147567749023,15.2378072142601,10.73458594083786,3.4490983486175537,78.0,53.0,positive,8819.51905038
8819.51905038,15.55756688117981,20.402786135673523,11.143091022968292,2.4413689374923706,138.0,50.0,negative,8801.2378865
8801.2378865,10.918267488479614,15.80344706773758,15.320576250553133,5.01875627040863,84.0,60.0,negative,8771.12459666
8771.12459666,13.41918444633484,9.29069048166275,4.189417779445648,3.3457782864570618,69.0,26.0,negative,8753.67088705
8753.67088705,8.979720830917358,20.16016298532486,5.92420506477356,3.1099043488502502,60.0,58.0,negative,8751.76429659
8751.76429659,16.196456849575043,40.071344554424286,14.95539289712906,4.886888325214386,92.0,86.0,positive,8763.44716851
8763.44716851,14.53802329301834,22.529501914978027,16.859400928020477,2.2104477286338806,111.0,64.0,negative,8755.9800879
8755.9800879,16.083031177520752,37.68141573667526,19.62810492515564,7.575205683708191,118.0,100.0,negative,8739.55385757
8739.55385757,17.768514096736908,35.6834157705307,16.526290476322174,9.137385606765749,101.0,108.0,negative,8735.96557286
8735.96557286,8.09764188528061,24.986722707748413,14.656944572925568,12.661526381969452,107.0,85.0,positive,8744.70034252
8744.70034252,16.023019671440125,25.814493417739868,18.11834979057312,11.718442380428314,106.0,86.0,positive,8745.83288745
8745.83288745,13.701545357704164,34.45030903816223,15.350844144821169,14.324175000190737,117.0,122.0,positive,8748.67612315
8748.67612315,21.29235416650772,39.40154856443405,14.420368373394012,10.3645521402359,119.0,114.0,negative,8721.71507998
8721.71507998,13.235805332660677,27.773925006389614,12.989107728004456,8.301863729953766,80.0,87.0,negative,8721.43224607
8721.43224607,15.0075141787529,18.25203174352646,12.672061085700989,5.33135586977005,115.0,61.0,positive,8732.0514864
8732.0514864,9.745267868041992,14.694942772388458,8.631524085998535,6.810978293418884,101.0,57.0,positive,8755.24589461
8755.24589461,11.466378092765808,33.634088933467865,9.060290694236755,6.761647880077362,79.0,88.0,positive,8848.77806847
8848.77806847,12.83784431219101,33.023245215415955,10.83375757932663,7.104063510894775,82.0,90.0,positive,8853.07759326
8853.07759326,9.60935527086258,19.05750447511673,14.970486402511597,7.335184216499329,102.0,69.0,positive,8904.08521811
8904.08521811,5.375195562839508,12.32335215806961,6.464676022529602,0.8843361139297485,81.0,36.0,negative,8874.59124065
8874.59124065,8.917270600795746,15.440114796161652,14.91260826587677,4.073737144470215,88.0,44.0,positive,8892.37132655
8892.37132655,7.60963374376297,22.92985570430756,13.44293349981308,4.5517712235450745,71.0,61.0,positive,8920.41679798
8920.41679798,6.789425015449524,19.3610298037529,3.261401891708374,3.050053596496582,50.0,54.0,positive,8926.4364469
8926.4364469,9.187065064907074,18.93840461969376,9.617419719696043,7.18031120300293,59.0,50.0,negative,8906.51132975
8906.51132975,6.779329776763916,17.605551302433014,10.505046010017397,5.58244127035141,60.0,48.0,positive,8917.3940159
8917.3940159,11.09584128856659,15.891453385353088,11.847478806972504,3.6165689826011658,74.0,47.0,positive,9039.81673199
9039.81673199,15.474881827831268,12.795060217380524,14.150695383548737,2.6098814606666565,110.0,51.0,positive,9089.74717226
9089.74717226,16.52706128358841,55.02212971448898,18.236255645751957,10.75116115808487,134.0,114.0,positive,9103.85315953
9103.85315953,15.160398423671722,39.93977427482605,6.545150279998779,6.13201767206192,107.0,90.0,positive,9117.10576701
9117.10576701,18.64509218931198,37.2251170873642,21.252789795398712,5.642203211784363,146.0,82.0,negative,9101.78434153
9101.78434153,15.725392878055573,36.16106486320496,15.028913021087646,5.599818766117096,121.0,87.0,negative,9078.32536811
9078.32536811,17.517686247825623,49.24951934814453,14.187779366970062,14.689590394496918,116.0,133.0,positive,9093.81693902
9093.81693902,29.29829436540604,31.54552859067917,29.377575993537903,9.031718611717224,203.0,101.0,positive,9105.78779344
9105.78779344,31.337049961090088,43.50876849889755,24.76706552505493,8.9204763174057,190.0,113.0,positive,9115.56158629
9115.56158629,22.8263396024704,38.19847470521927,10.860196352005005,8.11653995513916,128.0,99.0,positive,9119.1862981
9119.1862981,21.367341935634613,22.209902226924896,13.102676451206207,3.14473557472229,129.0,62.0,positive,9135.88242759
9135.88242759,11.453779101371763,15.561209321022034,13.114143431186676,2.428259253501892,92.0,44.0,negative,9121.79431836
9121.79431836,13.920621514320374,25.029460966587067,14.74746310710907,3.27223140001297,122.0,59.0,positive,9123.30445399
9123.30445399,14.127519130706789,15.390729546546936,14.24418842792511,5.5704657435417175,122.0,54.0,negative,9106.76386025
9106.76386025,11.271934747695925,12.85797280073166,15.006194174289703,3.2444539070129395,111.0,43.0,negative,9078.76279174
9078.76279174,17.84122109413147,19.522883534431458,9.88788366317749,0.0,116.0,51.0,negative,9035.19484778
9035.19484778,15.160638988018036,12.430735111236572,25.714844942092896,0.829630434513092,147.0,31.0,positive,9037.71552284
9037.71552284,15.787813782691956,22.706511914730072,9.92162573337555,4.700091063976288,100.0,69.0,positive,9070.12799817
9070.12799817,8.367601335048676,15.466620981693268,11.930793404579164,3.310367584228516,81.0,36.0,negative,9061.92127635
9061.92127635,9.628060817718506,5.373822629451752,6.606106877326965,2.235438108444214,76.0,29.0,positive,9063.60894952
9063.60894952,0.8111317157745361,18.014891982078552,5.595001757144928,4.967671453952789,47.0,54.0,positive,9097.06596955
9097.06596955,8.078468918800354,18.473080098629,12.11936891078949,1.5796082615852356,56.0,45.0,positive,9108.00028574
9108.00028574,10.721618354320526,11.518813014030457,5.047919571399689,3.28570693731308,45.0,45.0,positive,9108.59097526
9108.59097526,3.942951858043671,10.909166514873505,8.752427339553833,2.2553226351737976,51.0,32.0,positive,9120.80056934
9120.80056934,9.874212384223938,8.768938958644867,11.521156966686249,0.7020613551139832,83.0,29.0,positive,9134.06972802
9134.06972802,13.199582397937776,12.073884308338164,10.165174543857574,2.575632691383362,94.0,40.0,positive,9151.14198628
9151.14198628,8.352859497070312,12.224911034107208,10.290713369846344,4.3310858607292175,72.0,43.0,positive,9157.4828884
9157.4828884,8.54813265800476,7.963185966014862,12.77044814825058,6.449164092540741,84.0,30.0,negative,9126.12915494
9126.12915494,11.679596841335297,8.155418753623962,13.529996752738953,2.3791921138763428,105.0,35.0,negative,9109.88083597
9109.88083597,6.538019001483917,28.504035890102383,18.684820353984836,4.939051687717438,121.0,83.0,negative,9102.9458343
9102.9458343,15.56323617696762,18.877101182937626,24.126988351345062,4.300074875354767,144.0,58.0,negative,9072.27730597
9072.27730597,12.701219081878662,6.349009990692139,14.419767260551453,3.5282445549964905,116.0,30.0,negative,9067.52287711
9067.52287711,16.286195695400238,7.000577867031097,11.358290791511536,1.63127601146698,109.0,34.0,positive,9082.64926402
9082.64926402,12.087495684623718,17.148964881896973,19.10338544845581,8.382092297077179,99.0,60.0,positive,9086.95734028
9086.95734028,20.67000561952591,9.696827352046968,28.08022892475128,3.875798285007477,156.0,37.0,positive,9100.55990225
9100.55990225,21.26516628265381,26.424067735672,12.91642677783966,3.2948144674301147,121.0,75.0,positive,9108.39780065
9108.39780065,18.77396267652512,24.436155200004578,13.761737406253816,6.3615981340408325,111.0,71.0,positive,9115.02432209
9115.02432209,13.42848527431488,21.037436485290527,18.296078503131863,7.557536721229553,106.0,62.0,negative,9111.2169638
9111.2169638,11.88205111026764,10.289953470230104,14.677755951881409,0.0,88.0,36.0,positive,9122.54557333
9122.54557333,9.710809350013731,12.084212243556976,13.374531388282776,4.004328608512878,108.0,41.0,positive,9130.7881338
9130.7881338,6.452991604804993,11.734544098377228,11.62742131948471,3.2216808199882507,83.0,35.0,negative,9118.43402606
9118.43402606,14.341960489749908,8.03707617521286,8.466369569301605,1.7107614874839785,85.0,30.0,negative,9114.27466443
9114.27466443,12.89404195547104,16.386038661003113,7.519359767436981,2.98340904712677,61.0,43.0,positive,9117.75583478
9117.75583478,5.611358880996704,13.216485917568209,7.982371389865875,3.516413390636444,55.0,36.0,negative,9099.2539257
9099.2539257,10.638991951942444,8.71286129951477,6.300350964069367,2.361798107624054,51.0,21.0,positive,9101.07807515
9101.07807515,3.4544739723205566,12.12560486793518,11.727983593940737,4.65224426984787,50.0,31.0,positive,9104.41250494
9104.41250494,7.339667439460754,5.578383088111877,5.676293075084686,2.4135987162590027,49.0,25.0,positive,9107.6295591
9107.6295591,7.567549347877502,6.456904172897339,5.769258677959442,0.0,43.0,24.0,positive,9128.68340819
9128.68340819,5.647082030773163,13.785236775875092,9.862012445926666,1.523743987083435,55.0,31.0,positive,9134.36755066
9134.36755066,8.691259980201721,13.531607866287231,9.109598517417908,2.2739610075950623,68.0,33.0,negative,9130.07031732
9130.07031732,6.582599639892578,9.647172331809998,4.226577758789063,0.8874506950378418,61.0,24.0,negative,9121.17983868
9121.17983868,7.031548798084259,15.40233677625656,11.67491328716278,2.2887065410614014,67.0,29.0,positive,9121.40917501
9121.40917501,14.364070177078249,11.951976239681244,16.15333592891693,1.6491252183914185,97.0,28.0,negative,9110.27988131
9110.27988131,12.120094776153564,10.50134974718094,11.072100162506104,4.114670991897583,92.0,41.0,positive,9124.07718895
9124.07718895,20.805509626865387,9.86771535873413,15.376619696617126,6.942887604236603,97.0,52.0,positive,9130.01029298
9130.01029298,12.659391105175018,15.628106653690338,18.510830104351044,6.843147099018097,109.0,60.0,negative,9098.75091595
9098.75091595,11.154190361499786,20.50567990541458,16.37178647518158,1.4520082473754885,93.0,83.0,negative,8962.4251613
8962.4251613,9.240516781806946,16.342745304107666,18.516085922718048,2.434037864208221,93.0,55.0,negative,8905.45724613
8905.45724613,11.325977623462675,13.615805566310884,15.7497398853302,9.954355478286743,97.0,54.0,positive,8910.38232185
8910.38232185,7.932759404182434,21.328732907772064,6.530661165714264,4.170523107051849,83.0,65.0,negative,8906.81002438
8906.81002438,17.721139907836914,21.254129707813263,21.423360586166385,12.701572239398956,128.0,82.0,negative,8904.25851737
8904.25851737,14.350456953048706,20.652278006076813,13.405772030353546,7.467012226581573,134.0,62.0,positive,8918.84929225
8918.84929225,20.079142808914185,14.21578985452652,11.645014107227324,8.693113505840302,114.0,63.0,negative,8909.9536515
8909.9536515,14.955601811408997,33.259054720401764,10.65822410583496,5.476675033569336,103.0,74.0,negative,8823.42479178
8823.42479178,18.761392056941983,7.171310663223267,7.354791939258575,4.928126990795136,109.0,44.0,negative,8807.01808524
8807.01808524,10.162295877933502,13.102632284164429,7.904883563518524,2.979976177215576,83.0,37.0,negative,8786.05856605
8786.05856605,21.372230350971225,26.160480260849,9.831536054611206,3.278164267539978,114.0,63.0,negative,8760.34064378
8760.34064378,10.744937539100649,19.308399856090546,11.367715537548063,3.155421257019043,98.0,55.0,negative,8752.75161107
8752.75161107,12.290578544139862,7.805955410003662,7.883895337581634,1.8505027890205383,82.0,27.0,negative,8747.32934735
8747.32934735,11.098798096179962,11.644852459430696,4.635472476482391,3.0939343571662903,72.0,42.0,negative,8742.76631137
8742.76631137,10.252507746219637,7.236338376998901,10.523755311965942,4.590650737285614,82.0,44.0,positive,8759.93020981
8759.93020981,13.425241231918337,10.743924140930176,4.777530014514923,4.398397088050842,79.0,31.0,negative,8749.58775116
8749.58775116,8.823218584060669,8.334624528884888,8.030616521835327,4.727862477302551,74.0,35.0,negative,8745.72609018
8745.72609018,7.534074127674103,6.488368570804596,7.24849933385849,1.6850939393043518,73.0,20.0,positive,8746.97942128
8746.97942128,15.184713184833528,10.732846200466156,9.279853999614716,1.6414397358894348,78.0,31.0,positive,8757.84303614
8757.84303614,13.538043022155762,12.17593365907669,13.05773150920868,4.04506915807724,80.0,29.0,negative,8729.35316816
8729.35316816,14.258423447608948,10.819472014904022,10.308612644672394,0.7989218235015869,84.0,28.0,negative,8681.70109746
8681.70109746,8.163909316062927,16.354288518428802,13.924800038337708,4.138804137706757,100.0,45.0,negative,8637.11180753
8637.11180753,14.035170435905457,11.364592373371124,16.240732789039612,5.499879777431488,124.0,49.0,negative,8465.64204105
8465.64204105,17.99350994825363,12.649928450584412,21.224383771419525,3.4010087847709656,159.0,50.0,negative,8309.54901446
8309.54901446,23.68898969888687,27.176431357860565,39.31169128417969,3.915610134601593,222.0,78.0,positive,8343.03910822
8343.03910822,31.290240108966827,21.739766359329224,30.46395242214203,5.573427200317383,215.0,70.0,positive,8345.59984584
8345.59984584,31.4963441491127,12.346786737442017,23.547888100147247,5.793216347694397,197.0,47.0,negative,8338.86672943
8338.86672943,24.850383043289185,15.128088772296906,29.847671151161197,2.3041990399360657,178.0,45.0,negative,8331.63960421
8331.63960421,29.721425592899323,10.669519364833832,29.92776739597321,7.727806806564331,192.0,46.0,negative,8272.60035671
8272.60035671,27.847401022911072,16.694015562534332,15.99692177772522,4.648923218250275,159.0,50.0,negative,8218.44480253
8218.44480253,23.481525599956512,10.52228558063507,15.567466497421265,8.09620749950409,156.0,51.0,negative,8108.11629101
8108.11629101,22.53182333707809,19.927419245243076,11.312176644802094,16.38833236694336,123.0,81.0,positive,8124.69704628
8124.69704628,15.898740410804749,23.636109352111816,27.36277723312378,7.119125962257385,138.0,74.0,negative,8122.05349093
8122.05349093,19.26026564836502,17.317531764507294,22.308298110961918,4.617977917194367,153.0,59.0,negative,8069.45925986
8069.45925986,19.87612533569336,9.016502618789673,21.97052627801895,3.2838249802589417,169.0,41.0,positive,8081.7652276
8081.7652276,23.778039634227756,15.972780466079712,24.988188445568085,3.3929454684257507,142.0,42.0,negative,7880.40938356
7880.40938356,17.46489727497101,17.776235222816467,21.49865859746933,5.0438860058784485,148.0,54.0,positive,7901.40582248
7901.40582248,12.193293869495392,16.338189840316772,24.282569408416748,1.6811119318008425,124.0,46.0,positive,7920.47270189
7920.47270189,7.547064900398254,12.11860466003418,12.392355799674988,4.28283154964447,86.0,38.0,positive,7937.66752943
7937.66752943,16.126252055168152,11.040522038936617,12.015700936317444,5.596504211425781,118.0,41.0,positive,7971.42746361
7971.42746361,13.937768757343292,18.59374564886093,19.718353867530823,7.424075067043304,119.0,69.0,negative,7936.5049563
7936.5049563,10.607185065746307,13.29670363664627,11.368076920509338,4.81982696056366,97.0,51.0,negative,7932.49985958
7932.49985958,12.340781807899477,13.973094999790192,16.035431742668152,2.3789976239204407,120.0,39.0,negative,7816.18695826
7816.18695826,17.596039593219757,20.503433644771576,15.813191592693329,1.759394288063049,119.0,54.0,positive,7876.39228274
7876.39228274,20.110913395881653,28.10279583930969,16.964302361011505,6.463849604129791,139.0,89.0,negative,7783.68111026
7783.68111026,18.5100559592247,33.96520918607712,25.74802964925766,13.44691663980484,163.0,132.0,negative,7759.88472937
7759.88472937,21.83323973417282,36.2330961227417,25.877845287323,16.279576778411865,169.0,144.0,negative,7725.81145424
7725.81145424,22.404886424541477,23.401443421840668,32.632966101169586,19.79084634780884,194.0,123.0,positive,7817.72986787
7817.72986787,25.208150148391724,22.738043010234836,35.80230140686035,21.53807771205902,207.0,102.0,negative,7753.04467771
7753.04467771,16.924224495887756,40.22156095504761,26.96613734960556,31.96465975046158,176.0,160.0,positive,7767.34183428
7767.34183428,22.22048157453537,37.29042339324951,29.76741701364517,20.892657339572903,177.0,145.0,positive,7864.24064791
7864.24064791,22.85134726762772,30.70498794317245,21.047534108161926,23.21708333492279,163.0,142.0,positive,7869.55836025
7869.55836025,18.368054568767548,21.747748613357544,21.70665246248245,24.527956366539,169.0,123.0,negative,7847.42533502
7847.42533502,22.103860318660736,24.43111538887024,19.486524045467377,21.72592657804489,122.0,117.0,positive,7884.07738693
7884.07738693,24.499312102794647,21.11665123701096,23.18642610311508,15.555162191390991,170.0,85.0,positive,7923.6447033
7923.6447033,17.39218842983246,17.91478604078293,16.473677277565002,9.452155351638794,158.0,61.0,positive,7955.39026102
7955.39026102,15.031066715717316,13.455444812774658,11.459505319595335,9.276783287525175,101.0,60.0,negative,7922.4877276
7922.4877276,8.141937494277954,13.84555846452713,9.27276360988617,9.252439320087433,100.0,54.0,negative,7917.55735276
7917.55735276,7.58662086725235,17.01267558336258,10.950289845466614,12.875643730163574,69.0,63.0,negative,7896.74023474
7896.74023474,14.46925562620163,6.287791132926941,12.399598956108091,4.6822585463523865,86.0,31.0,positive,7946.4445987
7946.4445987,7.838796019554138,6.577412784099579,6.087161004543304,3.0855733156204224,57.0,26.0,positive,7955.33096412
7955.33096412,9.11815720796585,10.909829795360563,10.354783058166504,4.794333398342133,69.0,37.0,negative,7939.47599101
7939.47599101,5.469324886798859,8.309822082519531,7.397464394569397,7.268434941768646,55.0,40.0,negative,7912.63526041
7912.63526041,13.380765318870544,5.807847201824188,16.845796525478363,3.977258920669556,94.0,29.0,positive,7919.71635782
7919.71635782,13.256963849067688,13.374082446098328,19.507094383239743,3.38517165184021,126.0,47.0,negative,7901.64336745
7901.64336745,11.561261296272278,6.244314432144165,14.883589804172516,15.058496594429016,97.0,44.0,positive,8019.01277367
8019.01277367,12.150029599666595,5.613000929355621,17.089661717414856,39.91873574256897,92.0,82.0,positive,8069.42281688
8069.42281688,18.507513523101807,19.13347804546356,21.004372894763947,3.1896114349365234,134.0,46.0,positive,8130.45052754
8130.45052754,17.12132030725479,14.287440419197084,14.693373560905457,7.360047578811645,96.0,59.0,negative,8090.53640588
8090.53640588,14.577909767627716,14.682357430458069,23.63373214006424,7.713725686073303,121.0,71.0,negative,8058.85493584
8058.85493584,17.801992535591125,17.04459273815155,25.845487773418427,8.798441469669342,164.0,78.0,negative,7843.40244743
7843.40244743,23.536336302757263,19.93388032913208,25.63595360517502,9.883918941020966,140.0,71.0,positive,7852.54059116
7852.54059116,15.220835864543917,26.547803044319156,21.654394149780277,11.373529314994812,137.0,79.0,positive,7864.06456155
7864.06456155,12.72988909482956,16.47800612449646,28.18453997373581,8.15665590763092,142.0,67.0,positive,7877.13133886
7877.13133886,17.095027565956116,19.28098803758621,15.794219076633452,5.134327054023743,134.0,56.0,positive,7945.81883351
7945.81883351,13.396597623825071,26.48974847793579,13.25357747077942,6.418708562850952,138.0,82.0,positive,7960.66823614
7960.66823614,17.867044031620026,15.189181208610536,23.950929820537567,4.522298276424408,130.0,47.0,negative,7942.72931854
7942.72931854,10.880465745925903,39.12021321058273,15.7332421541214,3.94309401512146,89.0,92.0,positive,7954.68431712
7954.68431712,18.982783377170563,25.340284168720245,13.045491337776184,7.209712326526642,97.0,71.0,negative,7909.72939346
7909.72939346,9.512030243873596,14.939191043376924,6.795675098896027,4.157929599285126,81.0,46.0,positive,7940.31698989
7940.31698989,12.701993227005005,20.355019629001617,10.10255128145218,8.317849516868591,72.0,63.0,positive,7941.06228821
7941.06228821,18.202154636383057,22.668904721736908,10.72935914993286,5.469324231147766,100.0,95.0,negative,7917.61673016
7917.61673016,13.610723376274109,15.62055492401123,13.486517310142515,7.514368534088135,89.0,58.0,positive,7931.39728079
7931.39728079,14.445249140262604,11.320455610752106,7.843193113803863,3.1509292125701904,93.0,42.0,positive,7931.49165768
7931.49165768,13.17610090970993,8.285217761993408,13.992827594280245,1.4579729437828064,87.0,25.0,negative,7874.72697708
7874.72697708,12.04377943277359,4.705998182296753,17.14813333749771,2.266468465328217,97.0,27.0,negative,7862.00866454
7862.00866454,9.380188226699827,6.978131353855133,6.027870833873749,2.49311238527298,56.0,20.0,positive,7873.3494289
7873.3494289,5.8891549706459045,5.678697764873505,5.1339868903160095,1.5863725543022156,44.0,22.0,negative,7857.90509321
7857.90509321,7.965664327144623,10.15050733089447,9.228358387947084,0.7484574913978577,59.0,29.0,negative,7838.33802951
7838.33802951,9.342029333114624,7.202840805053711,9.41764497756958,1.770595669746399,67.0,26.0,negative,7827.61742525
7827.61742525,12.552729666233065,9.639265656471252,13.103720843791962,5.960465729236603,76.0,41.0,positive,7842.75762662
7842.75762662,14.182199478149414,11.223108291625977,15.190406203269958,0.8155397176742554,93.0,41.0,positive,7852.64231963
7852.64231963,12.47895246744156,25.121632874011997,7.967767357826233,4.629160106182098,79.0,69.0,positive,7867.79577005
7867.79577005,14.17224657535553,30.75100809335709,14.814761102199554,8.950701594352722,129.0,96.0,negative,7823.78180037
7823.78180037,19.920538783073425,24.4750514626503,20.96929377317429,5.056085824966431,162.0,66.0,negative,7791.43523789
7791.43523789,24.92326855659485,32.496216893196106,18.998986899852756,5.830242931842804,170.0,71.0,negative,7780.87910965
7780.87910965,21.151440143585205,16.135179936885834,20.778810143470764,3.8058544397354126,159.0,47.0,negative,7688.98999405
7688.98999405,18.060889959335327,24.29773622751236,29.350727021694183,9.19899958372116,195.0,98.0,positive,7759.88047522
7759.88047522,18.383185386657715,17.0789834856987,23.786914229393005,5.277250409126282,172.0,72.0,positive,7832.60349846
7832.60349846,23.42608904838562,27.1314110159874,23.20664471387863,1.449945867061615,175.0,70.0,positive,7858.28034833
7858.28034833,11.763956785202026,22.500863075256348,22.9070788025856,4.9337703585624695,103.0,63.0,negative,7841.98139803
7841.98139803,11.437441945075989,19.914863109588623,13.61159896850586,4.393216192722321,111.0,80.0,positive,7928.00510152
7928.00510152,21.6589332818985,21.810198426246643,23.14508605003357,14.22718095779419,162.0,96.0,negative,7911.43012933
7911.43012933,23.15788596868515,26.810015201568604,16.90874809026718,15.09662228822708,151.0,91.0,negative,7895.51365213
7895.51365213,11.127943456172943,15.686948478221892,17.502337336540222,9.142422497272491,115.0,63.0,negative,7810.66005919
7810.66005919,9.572738587856293,14.427034378051758,15.954967319965364,10.7344269156456,99.0,56.0,negative,7694.90845028
7694.90845028,14.050786972045898,25.087315320968628,20.62539356946945,3.3924229741096497,116.0,78.0,negative,7684.16120193
7684.16120193,11.471758008003237,26.29707407951355,17.165472388267517,4.934383869171143,102.0,71.0,negative,7647.88608024
7647.88608024,11.660036623477936,14.168611705303192,18.733408987522125,7.312079429626465,93.0,51.0,positive,7655.70949679
7655.70949679,9.457995355129242,10.28328549861908,11.817614793777466,6.44985568523407,87.0,39.0,negative,7553.2195583
7553.2195583,9.112673461437224,9.134052038192747,14.27368938922882,4.927663624286652,105.0,28.0,negative,7511.5695712
7511.5695712,16.750447988510132,8.688735902309418,18.50875526666641,6.989805221557617,129.0,31.0,negative,7405.0143596
7405.0143596,4.845820903778076,15.083613812923431,16.91832399368286,4.974938273429871,93.0,53.0,negative,7385.85481802
7385.85481802,17.142084181308746,7.490531206130981,19.526900470256805,3.9726715683937073,128.0,48.0,negative,6431.74288884
6431.74288884,24.12618100643158,15.298453152179718,40.56857246160507,15.941267848014832,262.0,82.0,negative,6044.9176301
6044.9176301,65.58729147911072,28.51981395483017,114.27347588539124,28.25652277469635,631.0,133.0,positive,6058.03180826
6058.03180826,56.591479539871216,25.02413558959961,80.70474290847778,20.674557209014893,516.0,124.0,negative,5917.97478044
5917.97478044,65.45940637588501,47.23550164699554,81.46886032819748,23.394435703754425,511.0,180.0,positive,6108.06910811
6108.06910811,62.92460149526596,27.65220463275909,92.29881221055984,23.38719320297241,542.0,143.0,positive,6139.53325543
6139.53325543,45.25313776731491,29.414725720882416,68.9244031906128,27.040404558181763,400.0,153.0,negative,6064.43726118
6064.43726118,44.97106319665909,30.13090133666992,67.23188930749893,17.086219370365143,377.0,123.0,positive,6130.63620309
6130.63620309,46.7124969959259,28.85784089565277,54.70650905370712,15.303946554660795,354.0,144.0,negative,6057.73558559
6057.73558559,39.96903210878372,25.918088674545288,57.01762318611145,23.340035557746887,306.0,147.0,positive,6068.15035419
6068.15035419,33.93419003486633,38.25045973062515,49.85911691188812,17.554666817188263,297.0,137.0,negative,5760.23869479
5760.23869479,29.717409372329712,25.973756790161133,49.410185277462006,20.149526059627533,301.0,111.0,negative,5744.98060771
5744.98060771,35.608129143714905,35.60319656133652,82.75368463993073,20.774818778038025,392.0,156.0,positive,5795.50867038
5795.50867038,46.49663144350052,24.25154685974121,51.73889344930649,15.390424072742462,344.0,100.0,negative,5017.83083939
5017.83083939,79.70436489582062,42.046884179115295,138.25677907466888,15.870035350322723,721.0,155.0,negative,4780.23889587
4780.23889587,91.9095573425293,50.9167742729187,162.81367027759552,44.42966639995575,910.0,226.0,negative,4474.74257981
4474.74257981,98.58652120828629,49.95552927255631,146.99472552537918,29.677501440048218,862.0,201.0,positive,4903.04726458
4903.04726458,122.2720714211464,57.55464082956314,169.27323108911514,35.668426871299744,1052.0,243.0,positive,5197.99852428
5197.99852428,80.39477586746216,35.77713197469711,106.94160342216492,24.11344450712204,647.0,167.0,negative,4916.42555549
4916.42555549,44.32541924715042,26.504476010799408,78.25184029340744,22.324936628341675,392.0,136.0,positive,5054.60056397
5054.60056397,31.5756351351738,32.0701590180397,48.85638666152954,15.794946134090424,251.0,129.0,positive,5171.87503747
5171.87503747,22.11432218551636,15.407392024993896,45.89608979225159,13.226426362991331,213.0,95.0,positive,5394.97805856
5394.97805856,37.84706199169159,16.638055860996246,47.78034865856171,17.70766818523407,257.0,78.0,negative,5376.64485918
5376.64485918,27.47415554523468,17.968401789665222,34.39182299375534,9.76130312681198,198.0,75.0,positive,5725.67746125
5725.67746125,17.974835634231567,16.154981553554535,31.4857537150383,15.5861673951149,183.0,74.0,negative,5623.73708544
5623.73708544,30.32642865180969,27.66524201631546,30.09259015321732,21.858768701553345,192.0,103.0,negative,5503.66511805
5503.66511805,24.511023938655853,23.60093504190445,36.51783627271652,18.6246195435524,214.0,101.0,positive,5599.34297505
5599.34297505,29.685807824134827,32.8761026263237,40.03815412521362,13.666293680667875,244.0,119.0,positive,5725.45415646
5725.45415646,34.949493646621704,30.380894362926483,41.15094041824341,19.85219794511795,258.0,154.0,negative,5537.58365928
5537.58365928,35.580057859420776,29.90749943256378,59.17767971754074,19.10207289457321,304.0,144.0,negative,5161.75335297
5161.75335297,45.87618845701218,48.16245752573013,58.32296252250672,37.02609151601792,319.0,225.0,positive,5253.71008009
5253.71008009,34.17013603448868,51.90769726037979,55.77414637804032,41.53883546590805,310.0,237.0,negative,5213.34594208
5213.34594208,31.231480181217197,40.52589976787567,40.22392523288727,18.36133474111557,242.0,154.0,negative,5019.29617114
5019.29617114,34.613077044487,32.228211641311646,42.3579535484314,18.50574362277985,293.0,164.0,positive,5387.35864397
5387.35864397,38.68677151203156,30.86960220336914,40.4421883225441,22.892404437065125,272.0,140.0,positive,5414.69234393
5414.69234393,33.8631237745285,30.822556614875797,44.72965371608734,21.77233213186264,296.0,153.0,positive,5529.90099458
5529.90099458,30.88821142911911,17.121946573257446,32.46320605278015,6.627696812152863,211.0,79.0,positive,5618.04320715
5618.04320715,26.960228323936462,26.62704598903656,37.66735053062439,11.275494277477264,201.0,105.0,negative,5563.70689169
5563.70689169,26.621245563030243,29.1763888001442,30.23235410451889,6.696582555770874,193.0,102.0,negative,5496.67426607
5496.67426607,18.973268687725067,17.590900659561157,19.20525348186493,8.974026441574097,174.0,98.0,negative,5493.90443394
5493.90443394,30.101703345775604,14.286336839199066,20.70131605863571,9.566651463508606,145.0,68.0,positive,5553.35459035
5553.35459035,24.299146354198456,22.297251760959625,17.618636310100555,11.329626858234406,131.0,71.0,positive,5589.21363924
5589.21363924,21.81560707092285,22.604049563407894,18.780841827392575,10.60041618347168,165.0,72.0,negative,5529.68509591
5529.68509591,17.216488003730774,13.12275207042694,19.228696703910828,11.344552874565125,102.0,64.0,negative,5473.87546307
5473.87546307,7.3446164727211,10.311561584472656,11.446157157421112,7.331571280956268,66.0,62.0,negative,5465.63312719
5465.63312719,8.93293285369873,15.84321802854538,11.133972704410551,6.058531284332275,71.0,51.0,positive,5475.59106798
5475.59106798,9.279083847999573,14.80683434009552,8.170519471168518,4.877527356147766,90.0,54.0,negative,5376.26991952
5376.26991952,7.524579346179962,15.846346080303192,12.368181645870209,5.453755557537079,85.0,56.0,negative,5265.26067567
5265.26067567,7.314500153064728,21.45866996049881,10.403377413749697,3.974777638912201,92.0,56.0,positive,5379.39778519
5379.39778519,7.068711698055267,32.636389315128326,12.34588885307312,5.992272198200226,73.0,85.0,positive,5485.39252397
5485.39252397,12.22288817167282,13.017788648605348,12.985246896743774,9.04717606306076,109.0,67.0,negative,5451.52610252
5451.52610252,19.085411190986637,11.54017835855484,13.535077393054962,13.720154345035551,115.0,80.0,negative,5338.1067845
5338.1067845,22.301145911216736,41.41326922178269,24.625080049037933,10.32870066165924,148.0,120.0,positive,5380.5079565
5380.5079565,18.91055339574814,25.698590099811558,22.999883234500885,14.48888212442398,176.0,105.0,negative,5353.92225007
5353.92225007,23.703466773033146,30.02644795179367,36.14545184373856,17.371294677257538,191.0,125.0,positive,5410.58825138
5410.58825138,23.004105150699612,31.06674271821976,34.098879873752594,6.23980450630188,237.0,101.0,positive,5412.04881587
5412.04881587,22.911526143550876,30.83359068632126,28.544146597385406,10.394327700138092,207.0,102.0,positive,5489.49526195
5489.49526195,24.697972416877747,13.173010408878326,29.75648385286331,11.164383172988892,212.0,57.0,negative,5453.50433901
5453.50433901,23.48699283599853,26.281620681285855,18.222117602825165,8.477258503437042,142.0,82.0,negative,5372.03355151
5372.03355151,14.336793780326843,18.4907700419426,24.372723281383514,1.478005588054657,155.0,53.0,negative,5330.39253755
5330.39253755,17.76178538799286,27.31176376342773,28.54371428489685,4.431390821933746,167.0,87.0,negative,5320.86491474
5320.86491474,15.178040087223051,27.768053591251373,22.841355860233307,7.407293260097504,147.0,62.0,negative,5200.36626392
5200.36626392,18.331398487091064,17.528794646263123,28.512841522693638,2.577936589717865,170.0,51.0,positive,5230.21591783
5230.21591783,12.636808454990389,10.463768482208252,31.055818498134613,3.2096645832061768,121.0,50.0,negative,5180.14839018
5180.14839018,14.392274379730225,17.53323620557785,18.29875135421753,6.170468628406525,118.0,51.0,positive,5209.98841362
5209.98841362,18.15647929906845,16.226702392101288,18.606787979602814,6.3483946323394775,109.0,57.0,negative,5206.51221575
5206.51221575,13.772316455841064,14.846912324428558,20.59869629144669,5.592860758304596,100.0,51.0,positive,5277.40606541
5277.40606541,12.256306827068329,10.981822431087494,10.5143683552742,7.956696569919586,87.0,38.0,negative,5276.48669667
5276.48669667,9.844159364700316,8.55582070350647,13.40859991312027,4.783953309059143,85.0,28.0,positive,5303.42986748
5303.42986748,9.378575205802916,16.691245555877686,6.124448657035828,1.5643814206123352,76.0,41.0,negative,5296.06614579
5296.06614579,10.89264863729477,21.92301148176193,12.818016827106476,3.514819622039795,78.0,72.0,negative,5263.35242297
5263.35242297,11.469311773777008,11.878298819065094,13.917203724384308,5.426363587379456,90.0,41.0,positive,5277.54156277
5277.54156277,11.74703049659729,9.522010624408722,19.75183498859405,2.512463629245758,104.0,30.0,positive,5447.8770464
5447.8770464,11.30451226234436,4.882296919822693,10.876376926898956,4.067062020301819,95.0,33.0,positive,5448.67221798
5448.67221798,14.386243879795074,14.313971221446993,15.993765592575071,5.986809849739075,109.0,43.0,negative,5336.61361394
5336.61361394,21.291894137859344,14.288045465946198,31.044621109962463,5.57155704498291,186.0,57.0,positive,5357.68772021
5357.68772021,16.623962461948395,15.86986130475998,29.523283541202545,5.1100547313690186,176.0,58.0,negative,5327.49569787
5327.49569787,27.919917821884155,21.32005524635315,27.43264961242676,5.762850344181061,239.0,66.0,positive,5338.50564934
5338.50564934,39.68763554096222,15.981715321540833,33.1191862821579,7.219401776790619,243.0,70.0,negative,5324.39923273
5324.39923273,21.311226785182956,14.58354127407074,19.65430498123169,8.194821000099182,170.0,60.0,positive,5332.75677159
5332.75677159,24.514368414878845,24.74135810136795,23.00077301263809,6.324487388134003,149.0,65.0,positive,5334.42311255
5334.42311255,21.09111660718918,22.108780920505524,23.764070093631744,3.457983016967773,160.0,65.0,positive,5362.0156281
5362.0156281,16.042953968048096,10.672020494937897,23.440149009227756,5.908688545227051,139.0,58.0,negative,5236.07662724
5236.07662724,15.749277353286743,31.68466204404831,27.85498309135437,11.498397827148438,141.0,78.0,positive,5827.65690471
5827.65690471,19.030400097370148,67.71334207057953,35.19610846042633,41.56257098913193,191.0,271.0,negative,5385.01196356
5385.01196356,31.12272810935974,45.85258227586746,50.64071649312973,33.48885142803192,311.0,208.0,positive,5392.31488002
5392.31488002,23.76982527971268,32.84019321203232,35.635638892650604,20.51492589712143,165.0,141.0,negative,5283.94931202
5283.94931202,17.849766492843628,39.25514084100723,26.613778293132786,25.38149917125702,176.0,159.0,positive,5307.93462946
5307.93462946,17.352679312229156,22.139416992664337,17.05073755979538,10.03556376695633,123.0,97.0,positive,5333.04376907
5333.04376907,11.50527948141098,14.89458793401718,13.71236801147461,10.822004556655884,107.0,83.0,negative,5280.05807702
5280.05807702,15.44898408651352,19.745842278003693,17.377597451210022,11.086064219474792,96.0,85.0,positive,5282.61446702
5282.61446702,7.125482201576233,15.277749478816986,20.609899520874023,5.893625020980835,109.0,48.0,negative,5191.32815568
5191.32815568,12.376882016658785,16.665281653404236,13.120965659618378,5.027827084064484,93.0,50.0,negative,5052.96716002
5052.96716002,9.202009499073029,17.800697088241577,21.909582376480103,4.716330826282501,121.0,51.0,negative,4891.27176497
4891.27176497,20.97047603130341,15.868086278438568,21.55024361610413,8.521029949188232,152.0,69.0,positive,4943.52048782
4943.52048782,13.33948665857315,20.191849529743195,31.07705652713776,16.30103999376297,176.0,78.0,negative,4882.84395143
4882.84395143,12.30571836233139,9.354281306266785,18.960415065288544,3.2826773524284363,126.0,41.0,negative,4612.53486991
4612.53486991,29.52277493476868,9.911451697349548,47.51034951210022,16.07801914215088,267.0,87.0,positive,4656.311535
4656.311535,31.695926189422607,18.73101669549942,48.68022894859314,8.136080205440521,270.0,85.0,positive,4747.96608081
4747.96608081,36.320298850536346,25.646078526973724,68.81272751092911,10.627063035964966,277.0,98.0,positive,4901.38872565
4901.38872565,30.95002353191376,41.21816569566727,43.746302485466,19.64329582452774,268.0,156.0,positive,4982.04291853
4982.04291853,29.34161311388016,23.85437393188477,45.48182380199432,15.872087717056274,307.0,111.0,positive,5057.12680171
5057.12680171,18.692378520965576,19.61821359395981,40.87992423772812,15.366633653640749,274.0,96.0,negative,5031.47440866
5031.47440866,26.40146654844284,29.63637274503708,39.06591480970383,14.740567922592165,228.0,106.0,positive,5058.38115147
5058.38115147,26.9876925945282,16.502267062664032,34.93955188989639,11.063859403133392,215.0,69.0,positive,5100.17803887
5100.17803887,27.32666039466858,25.87251603603363,42.802676022052765,13.765258491039276,225.0,128.0,negative,5009.2929656
5009.2929656,27.34519183635712,18.51582914590836,30.44608604907989,5.647654414176941,199.0,67.0,negative,4987.64850523
4987.64850523,23.73030805587769,19.974695801734924,25.744271993637085,7.216582894325256,170.0,82.0,positive,4997.89299719
4997.89299719,21.895111620426174,15.88927036523819,35.19715291261673,6.518509328365326,184.0,60.0,negative,4971.2142474
4971.2142474,23.26148056983948,5.717997908592224,22.67041462659836,6.258438885211945,134.0,43.0,positive,5014.47997748
5014.47997748,13.449891149997711,15.732337176799774,18.07333868741989,1.856098771095276,131.0,70.0,positive,5036.8288507
5036.8288507,17.912916362285614,23.472310483455654,21.18166083097458,24.789111971855164,135.0,119.0,positive,5170.60636415
5170.60636415,17.59436309337616,15.2008096575737,18.65393602848053,8.980722844600677,149.0,73.0,negative,5092.67446365
5092.67446365,14.088490307331083,8.091738760471344,16.374924421310425,8.194612801074982,118.0,55.0,positive,5094.72266613
5094.72266613,14.375496923923492,6.159709334373474,20.868963181972504,4.136128664016724,142.0,33.0,positive,5114.36861023
5114.36861023,12.691509485244753,13.247831881046295,14.543730080127716,11.59077113866806,95.0,42.0,positive,5124.25478964
5124.25478964,8.745478928089142,11.954948782920836,20.91229277849197,6.557912468910217,89.0,46.0,positive,5170.04435456
5170.04435456,15.638070225715635,12.96527910232544,12.781836330890656,3.2832908034324646,103.0,45.0,positive,5358.18387117
5358.18387117,5.580530762672424,9.830477714538574,13.230544209480286,2.463990330696106,67.0,26.0,negative,5302.03608475
5302.03608475,14.124938905239103,16.230088114738464,12.530941009521484,1.8439089059829712,90.0,40.0,negative,5243.76683599
5243.76683599,14.10781854391098,12.673886477947237,17.683237314224243,3.848153173923493,92.0,31.0,positive,5291.53310164
5291.53310164,12.253163039684296,5.961555778980255,14.146032214164734,3.1220662593841557,77.0,27.0,negative,5220.49060018
5220.49060018,12.281541883945463,10.841952562332152,15.312025010585783,4.341137051582336,111.0,38.0,positive,5298.75100516
5298.75100516,20.16115546226501,14.909288823604584,22.57169783115387,4.031792938709259,135.0,53.0,negative,5171.35807066
5171.35807066,22.13337785005569,38.819730162620544,27.49301028251648,15.264175057411194,177.0,116.0,positive,5239.92046685
5239.92046685,17.262769103050232,19.178041338920597,23.462488770484924,7.648042559623718,146.0,59.0,negative,5201.23105065
5201.23105065,11.44078278541565,27.35154563188553,22.86526721715927,6.227626204490662,148.0,102.0,positive,5252.28234303
5252.28234303,17.54806286096573,27.145663678646088,29.129631400108337,5.844403266906738,165.0,97.0,negative,5237.44292164
5237.44292164,23.06190705299377,26.41828417778015,13.943722367286682,3.78682553768158,148.0,91.0,positive,5249.12046041
5249.12046041,21.881446361541748,33.40837359428406,20.66755831241608,8.567290961742401,145.0,122.0,positive,5255.71473526
5255.71473526,8.19059270620346,49.00954884290695,22.190619945526123,17.20063877105713,122.0,173.0,positive,5279.45759638
5279.45759638,15.732717752456663,37.82417297363281,19.29761177301407,9.542742490768433,155.0,100.0,negative,5268.50294368
5268.50294368,16.359457075595856,11.10356330871582,11.915863692760468,6.5643391609191895,133.0,61.0,positive,5269.37201505
5269.37201505,16.16944009065628,18.24543672800064,18.94595670700073,5.60064971446991,140.0,54.0,negative,5225.62919259
5225.62919259,16.21218067407608,10.498252213001251,18.577161848545074,7.468842148780823,172.0,51.0,positive,5225.7123486
5225.7123486,16.523360192775726,11.675341844558716,17.885591685771942,6.503735542297363,138.0,43.0,positive,5242.75303941
5242.75303941,25.43189561367035,10.517507255077362,30.045670211315155,6.443593084812164,156.0,42.0,positive,5247.6680792
5247.6680792,22.425498604774475,15.183477342128754,15.688668310642242,5.389132797718048,99.0,42.0,positive,5306.25559187
5306.25559187,12.797317266464232,15.529151976108553,12.931533634662628,5.760079026222229,98.0,65.0,positive,5310.08381937
5310.08381937,6.580363690853119,11.498748362064362,16.59836584329605,0.0,88.0,29.0,negative,5242.73212892
5242.73212892,14.15971153974533,11.59264224767685,11.394921064376833,3.3227556347846985,86.0,42.0,negative,5204.19134894
5204.19134894,13.793762505054474,11.2145836353302,13.004766047000883,5.799605369567871,87.0,42.0,negative,5168.85860815
5168.85860815,4.875639140605927,5.746484220027924,12.325830221176147,3.278151035308838,68.0,32.0,positive,5173.45828998
5173.45828998,9.975830256938934,11.70242476463318,7.162151992321014,4.6243550181388855,76.0,33.0,negative,5158.93371953
5158.93371953,11.627230048179626,18.45945531129837,6.479848563671112,5.045658528804779,81.0,71.0,negative,5120.93829408
5120.93829408,12.272328972816467,19.870267868041992,6.811247169971466,10.368327915668488,80.0,83.0,positive,5162.78455495
5162.78455495,19.54778105020523,16.005011200904846,23.903664708137512,7.46778279542923,127.0,72.0,negative,5132.43677085
5132.43677085,19.305917382240292,18.305159091949463,18.92787063121796,8.604130625724792,121.0,87.0,positive,5198.82064325
5198.82064325,18.549828052520752,34.96222513914108,28.850433468818665,14.60106885433197,160.0,133.0,positive,5245.42726585
5245.42726585,29.97877669334412,23.05219036340713,30.60682427883148,7.928103446960449,205.0,103.0,negative,5234.26295529
5234.26295529,23.786054968833923,30.510989367961884,25.77836275100708,20.43609058856964,179.0,119.0,negative,5146.26412777
5146.26412777,13.258572161197662,29.607978224754333,38.29541915655136,11.512794315814972,175.0,94.0,positive,5147.59392024
5147.59392024,20.771693170070648,31.587572932243347,28.948841094970703,17.84909701347351,188.0,131.0,positive,5200.52248077
5200.52248077,32.12258553504944,24.057900428771973,47.04556238651276,11.700796604156494,233.0,94.0,positive,5224.10992626
5224.10992626,20.38860416412353,32.07756876945496,32.839339792728424,14.80030608177185,186.0,131.0,positive,5242.12502719
5242.12502719,15.916914582252502,33.180089592933655,21.745684266090397,9.400732398033142,129.0,106.0,positive,5245.82845281
5245.82845281,24.96881502866745,34.21378928422928,14.19116985797882,7.131653666496277,129.0,106.0,negative,5243.56101492
5243.56101492,20.71172070503235,25.060317933559418,15.836532056331636,8.056604087352753,152.0,78.0,negative,5238.43857664
5238.43857664,19.653296887874603,32.29103296995163,21.837030291557312,8.163734376430511,124.0,96.0,positive,5287.15385255
5287.15385255,11.525815665721892,25.121260821819305,15.91095644235611,6.458559095859528,89.0,81.0,positive,5295.35808281
5295.35808281,5.7249374985694885,13.116639971733091,15.511061370372772,8.702598094940186,87.0,69.0,positive,5297.30344614
5297.30344614,15.139175534248352,23.360651969909668,17.959737300872803,8.75578236579895,113.0,74.0,negative,5293.67341029
5293.67341029,13.930607557296751,21.669535875320435,10.973066985607147,5.084988057613373,96.0,85.0,positive,5310.79740745
5310.79740745,9.858371913433077,7.1701454520225525,12.478319764137268,4.143486797809601,80.0,31.0,negative,5305.62919144
5305.62919144,10.122625470161438,12.00194251537323,18.9850851893425,5.088353753089905,69.0,40.0,positive,5326.16938528
5326.16938528,10.039227783679962,9.589682638645172,15.04887318611145,2.6982229948043823,103.0,34.0,positive,5335.2014249
5335.2014249,16.045389533042908,6.73028177022934,21.821387469768524,3.174623668193817,125.0,34.0,positive,5403.767957
5403.767957,3.1869016885757446,8.593928098678589,17.487781703472137,5.795621693134308,85.0,47.0,positive,5529.71694973
5529.71694973,14.397935628890991,11.145084261894226,16.213531732559204,3.359326004981994,113.0,44.0,negative,5472.06387242
5472.06387242,17.029196083545685,27.69091284275055,25.28303045034409,5.914704740047455,143.0,68.0,positive,5491.45665305
5491.45665305,21.180128753185272,18.783412754535675,18.655962705612183,5.972576856613159,147.0,68.0,positive,5811.83691412
5811.83691412,24.7409805059433,24.03412890434265,28.87916344404221,7.548418819904327,184.0,88.0,positive,5837.36179382
5837.36179382,25.262285351753235,17.438468873500824,33.933402359485626,8.706404387950897,205.0,83.0,negative,5827.88781283
5827.88781283,27.659320175647736,19.45579504966736,37.79719203710556,4.986567735671997,209.0,73.0,negative,5794.1725194
5794.1725194,24.85248327255249,21.406881153583527,21.502298891544346,3.3064180612564087,191.0,71.0,positive,5941.01829237
5941.01829237,40.13789921998978,35.29904019832611,39.08706599473953,9.825548112392426,275.0,116.0,positive,6273.06644961
6273.06644961,30.67948693037033,23.0750624537468,46.3984215259552,10.058262169361116,285.0,86.0,negative,6169.7016047
6169.7016047,33.986606538295746,32.714932918548584,45.13513654470444,7.134096145629883,294.0,88.0,positive,6194.95232622
6194.95232622,26.71520209312439,17.41925346851349,26.22900778055191,7.634405672550201,183.0,66.0,positive,6218.2382077
6218.2382077,14.06253170967102,24.5900736451149,25.05032199621201,9.710494875907898,149.0,70.0,positive,6231.92257771
6231.92257771,24.29631006717682,13.978739082813265,27.060387432575222,4.824842214584351,182.0,49.0,positive,6313.77059436
6313.77059436,14.468610763549805,28.85493618249893,24.385062277317047,5.821379721164703,145.0,76.0,negative,6191.19295222
6191.19295222,19.172383666038517,12.805113434791563,28.596627116203308,3.138253927230835,142.0,49.0,negative,6039.10549908
6039.10549908,16.321775555610657,23.895545482635494,20.30934715270996,10.763581931591034,121.0,109.0,negative,5983.51710227
5983.51710227,18.39515471458435,22.21854078769684,11.572434663772585,6.999094128608704,124.0,68.0,positive,6002.92188247
6002.92188247,12.790959119796751,13.55727732181549,11.688649892807009,7.434711158275604,102.0,54.0,negative,5964.13736108
5964.13736108,22.440491020679477,8.007695376873016,13.641659617424011,1.67100191116333,123.0,31.0,positive,5996.48527498
5996.48527498,13.675268054008484,12.792626559734344,15.829648554325104,3.388611316680908,92.0,39.0,positive,6044.27360872
6044.27360872,9.360919713974,11.516616702079771,10.717405259609222,3.185642182826996,69.0,45.0,positive,6244.85665562
6244.85665562,6.675695776939392,6.208664774894714,11.712910950183868,6.535009920597076,67.0,39.0,positive,6317.09726038
6317.09726038,9.911971688270569,9.647351384162905,10.906871616840364,3.068337380886078,64.0,33.0,positive,6598.34363656
6598.34363656,17.104908525943756,7.908283591270447,14.344480514526367,3.874865293502808,88.0,39.0,positive,6703.4783586
6703.4783586,9.872243702411652,31.426978707313538,12.342142581939695,5.616643667221069,95.0,69.0,positive,6833.38379301
6833.38379301,13.603498935699465,9.731205999851229,18.7586681842804,2.359086513519287,100.0,43.0,negative,6682.60478696
6682.60478696,16.953199863433838,11.22928124666214,24.51272076368332,5.6256362199783325,161.0,45.0,negative,6615.52856355
6615.52856355,14.95092785358429,15.956838011741638,16.00830751657486,3.837952136993408,119.0,73.0,negative,6546.86413154
6546.86413154,23.401133120059967,11.69212031364441,21.2482733130455,6.445988237857819,138.0,56.0,positive,6636.10281544
6636.10281544,29.32053107023239,12.938770413398744,22.629448652267456,6.260191023349762,183.0,50.0,negative,6595.07900637
6595.07900637,23.679279148578644,16.33620983362198,24.052358269691467,3.112196624279022,163.0,52.0,negative,6449.35034161
6449.35034161,20.15368592739105,27.73185086250305,23.24166887998581,4.827527821063995,186.0,93.0,negative,6420.72839759
6420.72839759,23.87959921360016,24.381301760673523,20.05694586038589,12.094267785549164,168.0,88.0,negative,6271.81250844
6271.81250844,18.25150853395462,27.91157102584839,26.625817358493805,6.314533174037933,170.0,87.0,negative,6235.65463708
6235.65463708,15.2078537940979,16.244441211223602,19.660827577114105,9.572545826435087,127.0,60.0,negative,5950.58582076
5950.58582076,21.762032449245453,16.34148669242859,29.65494430065155,6.622505187988281,206.0,58.0,positive,6169.20910199
6169.20910199,23.06669056415558,17.32417219877243,25.03316158056259,6.337075471878052,195.0,54.0,positive,6205.03810407
6205.03810407,20.2720131278038,20.807217121124268,23.29969346523285,8.942626297473907,164.0,80.0,negative,6198.77820508
6198.77820508,13.928044497966766,20.93025642633438,11.385265290737152,2.9171010851860046,116.0,54.0,negative,6177.53149134
6177.53149134,14.313941240310667,10.651520192623138,17.108795940876007,5.6277788281440735,112.0,49.0,positive,6250.56278084
6250.56278084,19.770581364631653,18.24606573581696,15.777312099933624,4.740056276321411,115.0,65.0,positive,6252.78296786
6252.78296786,15.007325053215029,9.429264545440674,23.203538239002228,4.902661144733429,112.0,43.0,negative,6246.84277416
6246.84277416,16.42788189649582,8.658584117889404,13.95263922214508,2.399487018585205,90.0,24.0,negative,6193.8699386
6193.8699386,9.415585577487946,5.668260514736176,7.2127326130867,2.4865737557411194,54.0,20.0,negative,6120.81292989
6120.81292989,3.859983444213867,4.627071797847748,10.926664233207704,0.7043008208274841,54.0,15.0,positive,6215.78105847
6215.78105847,9.568985879421234,3.107204020023346,13.456862926483154,0.8508360981941223,53.0,15.0,negative,6162.66369261
6162.66369261,7.46258145570755,3.0929555892944336,5.110951006412506,2.703844010829925,59.0,17.0,negative,6124.82065617
6124.82065617,9.755482375621796,11.65094804763794,6.062041938304901,0.851661741733551,62.0,29.0,negative,6025.65925929
6025.65925929,6.072455406188965,14.059129297733309,11.80029672384262,1.6539481282234192,61.0,29.0,negative,5990.95814954
5990.95814954,4.941901862621307,6.925683975219727,10.909427225589752,1.6907175183296204,66.0,21.0,positive,6055.40852067
6055.40852067,6.889406263828278,19.539693653583527,10.3386293053627,8.445228397846222,74.0,72.0,positive,6143.50063957
6143.50063957,10.041787564754486,13.010181367397308,9.679992735385897,4.15569543838501,88.0,44.0,positive,6184.78458032
6184.78458032,16.331473886966705,13.285348176956177,23.48435789346695,5.319386422634125,115.0,55.0,negative,6166.07281145
6166.07281145,25.230245113372803,17.29004603624344,22.004971623420715,6.9623289704322815,151.0,58.0,positive,6198.80106038
6198.80106038,16.749291598796844,17.78217262029648,24.74854910373688,10.633229732513428,128.0,77.0,negative,6169.09570362
6169.09570362,17.355056703090668,24.566426634788517,17.49234628677368,8.604881942272186,135.0,86.0,negative,6105.17515508
6105.17515508,16.490332782268524,9.926793932914734,22.68087387084961,8.443710088729858,148.0,56.0,positive,6167.18365582
6167.18365582,19.821106374263763,17.044037580490112,17.97269779443741,7.986604630947113,112.0,81.0,positive,6224.03945331
6224.03945331,17.823199152946472,14.894468545913696,23.053567051887512,6.089570879936218,146.0,50.0,positive,6303.42380287
6303.42380287,17.501156866550446,13.5076385140419,20.481193721294403,4.801917552947998,147.0,55.0,negative,6186.92207416
6186.92207416,13.333132922649384,19.52446961402893,18.133555710315704,11.786167085170746,114.0,73.0,negative,6178.23955824
6178.23955824,9.886081457138062,15.98363471031189,13.935707032680511,6.629294455051422,98.0,84.0,positive,6185.06651501
6185.06651501,10.075206637382507,8.518654942512512,19.59929180145264,3.527647852897644,106.0,48.0,positive,6195.93912602
6195.93912602,16.07535183429718,9.536000609397888,14.302888751029968,7.606962442398071,105.0,40.0,positive,6237.09226795
6237.09226795,7.767436563968658,8.52212643623352,12.50823336839676,3.265302538871765,81.0,36.0,positive,6263.39711667
6263.39711667,6.961794018745422,14.914220690727234,19.39959287643433,3.227528154850006,98.0,43.0,positive,6308.72131965
6308.72131965,9.531771540641785,14.070702075958252,15.96917986869812,0.9978132247924804,76.0,31.0,negative,6303.86702924
6303.86702924,7.640934944152832,24.16006201505661,9.349150240421295,0.0,75.0,48.0,positive,6332.96152655
6332.96152655,5.776451230049133,9.611606061458588,16.875833094120026,0.0,78.0,25.0,positive,6336.85535832
6336.85535832,12.79831439256668,7.330718994140625,11.609918355941772,1.620809257030487,99.0,31.0,negative,6312.25144569
6312.25144569,4.893511950969696,10.540663540363312,3.317209482192993,3.176931858062744,51.0,31.0,negative,6266.01475571
6266.01475571,5.195143282413483,9.892667412757874,9.390687465667725,1.622446596622467,66.0,35.0,positive,6306.10442095
6306.10442095,11.169375240802763,11.970430254936218,6.202664315700531,1.6874979138374329,66.0,29.0,negative,6278.94640784
6278.94640784,15.236859619617462,11.89708948135376,3.8716131448745728,0.9867298007011414,67.0,29.0,negative,6202.5385122
6202.5385122,9.333287954330444,6.729535281658173,9.74235898256302,1.7040027379989624,55.0,27.0,negative,6059.12186989
6059.12186989,13.641138970851898,8.217565178871155,13.05872756242752,6.758011341094971,101.0,31.0,positive,6077.45311624
6077.45311624,9.259325683116913,12.612148523330688,17.62686276435852,3.966348826885224,93.0,45.0,negative,6048.29458431
6048.29458431,15.305942475795746,21.11300331354141,12.817143082618712,6.626150131225586,104.0,67.0,positive,6074.63372114
6074.63372114,10.63128101825714,12.17727118730545,14.317834794521332,4.748462080955505,95.0,51.0,negative,6050.40688191
6050.40688191,19.048134922981266,11.75841760635376,22.854895532131195,6.475530683994293,118.0,61.0,negative,6028.01218278
6028.01218278,16.57483834028244,21.285993814468384,15.709494590759276,8.530431270599365,96.0,89.0,negative,6011.0817711
6011.0817711,18.481981694698334,18.19493800401688,14.394070386886597,7.253870606422424,123.0,67.0,negative,5946.10037179
5946.10037179,17.20393067598343,14.796056807041168,18.200737357139587,5.072534203529358,129.0,58.0,negative,5905.16825091
5905.16825091,20.10646593570709,25.888261377811432,17.719104886054993,7.959682524204254,137.0,83.0,positive,6013.84063314
6013.84063314,18.918305337429047,15.113556027412416,15.232067584991457,17.535089194774628,116.0,81.0,negative,5913.64441208
5913.64441208,15.505360424518583,15.03364086151123,19.86242038011551,7.2619234919548035,117.0,56.0,negative,5830.25479765
5830.25479765,9.473228633403778,14.382077693939207,19.603642284870148,6.960764527320862,94.0,53.0,positive,5892.9954226
5892.9954226,7.790063381195068,29.193194448947903,12.65394651889801,8.121224105358124,86.0,94.0,negative,5886.14061279
5886.14061279,7.913827776908874,14.46735817193985,13.06425815820694,5.329280138015747,86.0,58.0,positive,5886.3008519
5886.3008519,4.928319275379181,10.36534583568573,9.465212047100067,1.6047179102897644,75.0,37.0,positive,5980.68887182
5980.68887182,13.027586579322817,11.442563116550446,10.73938512802124,2.490284502506256,102.0,33.0,negative,5936.49171507
5936.49171507,4.049730896949768,10.280559659004211,12.619277596473694,2.5104187726974487,51.0,35.0,negative,5914.5204514
5914.5204514,5.739878237247467,8.782891631126404,7.538489878177643,2.319185972213745,60.0,29.0,positive,5938.77456517
5938.77456517,7.414704978466034,10.960160315036774,11.45674729347229,3.183517336845398,54.0,42.0,negative,5907.74470871
5907.74470871,5.201192259788513,7.499226093292236,3.887610137462616,4.262779533863068,44.0,30.0,negative,5793.99202295
5793.99202295,2.5884557366371155,13.58013117313385,9.033852458000185,3.1899377703666687,44.0,47.0,positive,5820.22115912
5820.22115912,9.07787036895752,8.878283023834229,7.717106223106384,6.057717084884644,46.0,48.0,positive,5845.74678708
5845.74678708,8.695302188396454,17.162205696105957,7.755133628845215,3.747241675853729,55.0,55.0,positive,5856.63380188
5856.63380188,4.826559066772461,14.996314764022827,8.305510699748993,2.4673044085502625,50.0,43.0,positive,6148.88611199
6148.88611199,12.148600041866302,24.36357200145721,13.52207738161087,6.947735667228699,92.0,81.0,positive,6159.73621752
6159.73621752,8.230895102024078,31.25814497470856,25.13544100522995,2.2498278617858887,134.0,103.0,negative,6150.26480244
6150.26480244,13.734530568122864,18.74511414766312,14.26089471578598,8.846852123737335,117.0,83.0,positive,6201.2760201
6201.2760201,18.240975499153137,18.35419380664825,16.890908002853394,6.624546706676483,132.0,73.0,positive,6337.79305239
6337.79305239,23.66880226135254,25.197257339954376,20.134453892707825,5.730262696743012,163.0,97.0,negative,6281.17990905
6281.17990905,26.638628780841827,26.361993968486782,24.3242084980011,8.15302312374115,161.0,93.0,negative,6269.33356855
6269.33356855,20.861725389957428,13.896999597549438,19.85897105932236,4.172106206417084,144.0,56.0,positive,6282.75962288
6282.75962288,17.420468270778656,23.416665256023407,16.183995068073273,7.006476879119873,115.0,69.0,positive,6356.0020345
6356.0020345,10.6821990609169,11.218804597854614,13.548763275146484,0.8740175366401672,97.0,40.0,positive,6396.52832978
6396.52832978,14.496688187122343,22.19686859846115,17.861015260219574,6.935864746570587,98.0,70.0,negative,6394.6836056
6394.6836056,11.561725676059725,16.524500787258148,14.486005663871763,16.979637622833252,95.0,68.0,positive,6416.31475839
6416.31475839,9.665671467781069,18.09094089269638,11.207705676555634,3.860878586769104,88.0,40.0,positive,6561.79330527
6561.79330527,14.924628257751465,10.73266851902008,23.55200105905533,7.504923641681671,131.0,43.0,negative,6533.49306192
6533.49306192,12.497161269187927,11.442905128002169,19.006030678749084,1.5743541717529297,101.0,38.0,positive,6533.96936133
6533.96936133,14.706363022327425,11.80337768793106,13.941970825195312,5.802168428897858,117.0,46.0,positive,6554.39741717
6554.39741717,9.596866965293884,15.64294171333313,15.271996080875397,2.305727422237396,99.0,31.0,negative,6417.70646831
6417.70646831,10.291126906871796,13.71575289964676,15.043491959571838,6.20685738325119,95.0,41.0,positive,6427.8638869
6427.8638869,11.23925793170929,5.026239097118378,11.852612495422363,1.651294767856598,79.0,25.0,positive,6509.24748472
6509.24748472,13.581773579120636,12.093720972537994,17.605813920497894,1.7449907064437866,92.0,32.0,positive,6566.88368216
6566.88368216,4.642542719841003,5.063837289810181,9.725305557250977,0.8004056811332703,58.0,11.0,positive,6703.0273923
6703.0273923,11.678204357624054,7.103318095207214,8.933989524841309,4.029357373714447,89.0,22.0,positive,6762.20082418
6762.20082418,12.289644718170166,8.68363106250763,12.578280687332152,1.8281846046447756,97.0,19.0,negative,6723.31835025
6723.31835025,12.877493739128113,13.74526309967041,11.290379405021667,4.2733776569366455,101.0,38.0,positive,6745.42790236
6745.42790236,15.89279305934906,15.840114653110504,15.9145467877388,7.198034107685089,90.0,56.0,negative,6636.72707851
6636.72707851,10.585552513599396,20.54471814632416,17.25197684764862,5.385530591011047,96.0,59.0,positive,6721.29041367
6721.29041367,19.685158848762512,15.921536207199097,15.664454877376556,6.754171907901764,116.0,51.0,negative,6688.76094302
6688.76094302,11.40205693244934,19.438419997692108,19.226556837558743,11.613050162792206,124.0,88.0,negative,6584.81326222
6584.81326222,19.571240842342377,22.0497442483902,20.170201241970062,12.240601897239683,135.0,93.0,positive,6607.15790119
6607.15790119,15.74812799692154,27.404511153697968,9.190171837806702,5.884269893169403,91.0,73.0,positive,6648.81306212
6648.81306212,15.424525618553162,23.195418775081635,18.234857141971588,8.140465021133423,115.0,93.0,positive,6653.24114574
6653.24114574,20.072513461112976,24.9834486246109,20.796698927879333,8.313598453998566,117.0,87.0,negative,6652.57143372
6652.57143372,7.655945062637329,21.427210688591003,17.628845393657684,5.863398313522339,99.0,67.0,positive,6726.06822222
6726.06822222,16.545020818710327,27.67614507675171,23.62875604629517,5.041729509830475,118.0,79.0,negative,6680.05891538
6680.05891538,21.340446710586548,26.34092140197754,18.39488035440445,8.10297578573227,146.0,83.0,positive,6750.46054551
6750.46054551,19.18344759941101,28.593828439712524,18.184779226779938,7.23441869020462,131.0,85.0,negative,6734.80378045
6734.80378045,12.4481400847435,32.18505376577377,25.572775542736053,10.421682000160216,122.0,123.0,negative,6705.45282168
6705.45282168,10.952289700508118,34.56967884302139,20.13767236471176,14.35288804769516,118.0,157.0,negative,6653.4044139
6653.4044139,23.723318576812744,17.906624257564545,22.04945993423462,5.713257372379303,123.0,70.0,negative,6598.16831419
6598.16831419,16.65444529056549,20.152617692947388,15.875220477581024,4.2901148200035095,121.0,56.0,negative,6578.99008405
6578.99008405,13.234638035297394,8.94193720817566,21.20988005399704,0.8640117645263672,113.0,42.0,positive,6602.39325685
6602.39325685,12.386740028858185,28.24573713541031,8.154689371585846,6.364729821681976,76.0,76.0,positive,6698.72486578
6698.72486578,7.101433217525482,9.322871506214142,4.710097372531891,4.072754740715027,59.0,55.0,positive,6699.2189796
6699.2189796,8.043316423892975,17.719982266426086,7.937930762767792,6.98180079460144,54.0,74.0,negative,6678.77431297
6678.77431297,9.888601005077362,9.03192549943924,14.743528187274933,2.963995575904846,79.0,46.0,positive,6741.12294145
6741.12294145,4.186253249645233,16.153603672981262,4.8443416357040405,6.638062000274658,52.0,52.0,positive,6868.02807735
6868.02807735,12.742200195789335,17.642490029335022,9.022549986839294,4.000016212463379,86.0,56.0,negative,6623.62987694
6623.62987694,9.14757603406906,8.233512938022614,7.149656772613525,7.66310715675354,72.0,63.0,negative,6551.64115086
6551.64115086,8.912600040435791,19.6018927693367,18.06949156522751,4.938257157802582,98.0,76.0,positive,6582.34161192
6582.34161192,10.441580533981323,29.501263082027435,14.345259189605711,6.774243414402008,94.0,85.0,positive,6647.10851347
6647.10851347,14.89488810300827,27.96824741363525,9.558237135410309,14.591000378131866,109.0,113.0,negative,6622.30835252
6622.30835252,11.24550175666809,29.61358731985092,16.47257000207901,17.045632898807526,118.0,114.0,positive,6628.49195289
6628.49195289,14.953013598918917,28.13030731678009,20.686933159828182,10.917912304401398,122.0,112.0,positive,6667.49795556
6667.49795556,15.542301654815674,20.83075630664825,21.18453758955002,12.188913881778715,118.0,79.0,negative,6665.51209287
6665.51209287,19.41921901702881,17.766610622406006,16.18331068754196,7.274426341056824,122.0,82.0,negative,6660.47710316
6660.47710316,22.125603020191196,18.94278585910797,16.275456488132477,8.076710522174835,124.0,80.0,negative,6636.15352259
6636.15352259,17.693429231643677,17.798323273658752,13.24102246761322,7.061507403850555,128.0,75.0,negative,6617.49089638
6617.49089638,15.2757608294487,22.395358860492703,22.12654590606689,4.805353283882141,109.0,77.0,negative,6594.87822024
6594.87822024,16.136324167251587,17.592830181121826,17.405257403850555,4.267558157444,137.0,62.0,positive,6668.70110922
6668.70110922,16.887260496616364,23.08934915065765,19.379145622253414,6.998789310455322,126.0,60.0,positive,6681.06312656
6681.06312656,14.629932045936584,24.75558984279633,12.247642397880554,9.14058005809784,94.0,71.0,positive,6728.24960961
6728.24960961,6.92291134595871,27.02046799659729,12.110876142978668,4.523221909999847,66.0,93.0,negative,6704.03667924
6704.03667924,12.303419828414915,7.2778156995773315,7.870781064033508,4.245962679386139,71.0,43.0,positive,6704.13531076
6704.13531076,6.350492596626282,13.855889976024628,10.359094142913818,1.6072076559066772,68.0,41.0,positive,6723.76029477
6723.76029477,6.7620954513549805,9.23281717300415,8.411648988723755,7.214751303195953,60.0,45.0,negative,6703.05075952
6703.05075952,6.508195638656616,7.268317878246307,17.436303198337555,4.9769158363342285,95.0,34.0,negative,6664.11904588
6664.11904588,6.557950913906097,6.557912230491638,11.396045565605164,3.53184175491333,76.0,18.0,negative,6659.47921321
6659.47921321,6.803121387958527,10.263063967227936,12.838894605636597,0.0,80.0,34.0,negative,6608.03982638
6608.03982638,12.580639958381653,9.31326788663864,14.113898396492004,1.632842838764191,95.0,25.0,positive,6613.25019976
6613.25019976,13.398160099983215,10.615825414657593,16.178053200244904,5.548953235149384,81.0,26.0,positive,6637.64378358
6637.64378358,11.302740454673769,15.004685819149016,7.1480361223220825,2.557173490524292,90.0,34.0,negative,6626.24190327
6626.24190327,15.491761803627014,11.214092493057253,15.772903263568878,3.3217011094093323,95.0,34.0,negative,6623.12452368
6623.12452368,8.531010389328003,13.14918088912964,10.822623074054718,0.7299631237983704,77.0,45.0,negative,6620.72251265
6620.72251265,14.400071263313292,15.543751180171968,11.773128092288973,9.828892767429352,107.0,82.0,positive,6630.67778966
6630.67778966,25.405728697776794,15.093889892101288,21.881331026554108,6.553764224052429,141.0,83.0,negative,6613.32872331
6613.32872331,16.026953160762787,28.756133198738095,19.730596601963043,7.160820007324219,135.0,76.0,positive,6628.30666831
6628.30666831,19.60523819923401,36.53022313117981,27.806241750717163,13.530140936374664,159.0,116.0,positive,6660.49735938
6660.49735938,15.588512599468231,16.545979857444763,15.968338966369627,3.384008288383484,136.0,69.0,negative,6650.27616926
6650.27616926,14.579844176769257,27.376083493232727,27.622830510139465,6.351803660392761,152.0,86.0,positive,6656.99537723
6656.99537723,12.2532240152359,24.823885023593903,22.858134925365448,6.530016779899597,133.0,86.0,positive,6660.09095962
6660.09095962,15.64652383327484,25.034342885017395,20.637027323246,10.845394730567932,128.0,76.0,positive,6696.53682691
6696.53682691,21.297563195228577,25.807870626449585,20.49698233604431,10.851890981197355,149.0,109.0,positive,6708.657682
6708.657682,13.511971712112429,18.79627650976181,16.160444915294647,7.76575231552124,121.0,62.0,negative,6707.04403445
6707.04403445,15.201084792613983,20.22860556840897,17.10998558998108,7.716600954532623,112.0,56.0,positive,6716.44054866
6716.44054866,14.865736842155457,14.186806440353394,17.240350127220154,2.4033530354499817,104.0,52.0,positive,6761.93374566
6761.93374566,19.263505816459656,15.994910061359406,22.54210913181305,12.728839933872225,133.0,80.0,positive,6768.84298322
6768.84298322,15.942880511283876,14.320104956626892,12.964746177196504,1.555361807346344,90.0,30.0,negative,6760.20505916
6760.20505916,9.486168444156649,19.297255277633667,13.213195562362673,3.0542112588882446,83.0,42.0,positive,6761.31674748
6761.31674748,6.293326258659363,10.047527492046356,10.00263625383377,4.962206780910492,64.0,30.0,positive,6770.47517838
6770.47517838,9.2698695063591,11.140685081481934,6.5414592027664185,3.423103928565979,79.0,31.0,negative,6692.14509461
6692.14509461,8.738357841968536,12.590567648410795,7.992591559886932,2.417574942111969,56.0,51.0,positive,6701.86380134
6701.86380134,8.62056714296341,6.591493725776672,10.67003971338272,1.5029284954071045,70.0,18.0,positive,6720.72112755
6720.72112755,10.207887828350067,10.116943836212158,10.727662801742554,0.8269219994544983,78.0,27.0,negative,6708.65474054
6708.65474054,5.295105338096619,6.674285650253296,9.663079500198364,1.419847309589386,46.0,16.0,negative,6687.17581843
6687.17581843,3.167598247528076,12.976857781410216,3.1701830625534058,0.7558426260948181,60.0,28.0,negative,6674.04925314
6674.04925314,9.485320925712584,12.931065022945404,9.788067936897278,5.6840038895607,63.0,41.0,negative,6671.76076773
6671.76076773,9.92470109462738,13.4286670088768,12.27080374956131,5.028305888175964,103.0,44.0,negative,6659.85098193
6659.85098193,14.97218269109726,24.98099964857101,16.33792805671692,8.469060242176056,102.0,74.0,negative,6620.55968812
6620.55968812,11.43048059940338,19.81396996974945,8.990057826042175,13.14164513349533,84.0,91.0,positive,6635.5861084
6635.5861084,10.28307044506073,13.686785280704498,23.91100513935089,4.796330094337463,133.0,52.0,positive,6649.70526543
6649.70526543,16.437594890594482,29.980243146419525,22.54180532693863,0.7942047119140625,151.0,67.0,positive,6656.30336465
6656.30336465,20.46857273578644,16.19571089744568,28.647406816482544,6.7338889837265015,139.0,55.0,positive,6662.76548083
6662.76548083,16.069293975830078,15.929056107997894,16.604605436325073,4.279029905796051,115.0,61.0,positive,6665.187913
6665.187913,8.394318163394928,18.11146545410156,11.82839149236679,9.56349503993988,78.0,74.0,positive,6667.44780773
6667.44780773,16.259990453720093,18.56554615497589,25.29172056913376,8.346718847751617,125.0,55.0,positive,6676.62308246
6676.62308246,11.528195858001707,14.3913716673851,19.473425030708317,3.1471760272979736,113.0,44.0,negative,6674.87558203
6674.87558203,16.96868062019348,11.914178490638731,24.655747950077057,6.331201493740082,160.0,50.0,positive,6675.86983981
6675.86983981,19.76269966363907,15.683831214904783,29.737723469734192,3.209455370903015,147.0,49.0,negative,6469.79813509
6469.79813509,21.97433638572693,12.546435058116913,30.852078139781952,13.56041795015335,163.0,102.0,negative,6318.64858584
6318.64858584,24.00363403558731,14.636551856994627,42.90265107154846,8.862665832042694,222.0,63.0,negative,6300.24561824
6300.24561824,17.97944837808609,6.907947480678558,41.55964535474777,7.528773307800293,196.0,46.0,negative,6277.98652015
6277.98652015,21.15743070840836,10.903585612773895,33.25800621509552,1.6261675357818604,190.0,34.0,negative,6148.28251353
6148.28251353,14.100181102752686,6.755828559398651,26.95958262681961,3.1668699979782104,139.0,39.0,positive,6196.96219735
6196.96219735,10.58480042219162,5.987836122512817,23.08872699737549,4.830699861049652,129.0,31.0,negative,6190.31061083
6190.31061083,12.683229207992554,11.32833695411682,18.85272842645645,3.0505868196487427,98.0,43.0,negative,6171.29381036
6171.29381036,13.409165799617767,11.945207834243774,14.850430071353912,2.559910774230957,89.0,42.0,positive,6203.12581848
6203.12581848,14.76316612958908,9.416355848312378,14.530242085456848,2.3585283160209656,79.0,25.0,positive,6236.16942508
6236.16942508,8.838857531547546,4.094068467617035,8.837150812149048,0.0,86.0,27.0,positive,6250.38779278
6250.38779278,14.00996482372284,10.335772395133972,11.803470134735107,0.0,91.0,25.0,positive,6260.72552762
6260.72552762,11.059514701366425,3.984795928001404,6.21051812171936,0.7578152418136597,81.0,21.0,positive,6266.86535136
6266.86535136,12.11347395181656,8.001253247261047,18.83349704742432,0.8085154294967651,97.0,32.0,negative,6261.37464711
6261.37464711,14.531315743923187,9.096348583698273,17.371500611305237,2.347316324710846,123.0,33.0,negative,6243.32248781
6243.32248781,16.289861917495728,15.072156727313995,22.366641461849213,8.023999273777008,159.0,59.0,positive,6257.20971478
6257.20971478,25.211313664913177,17.021730363368988,31.275289177894592,4.751661658287048,175.0,55.0,negative,6249.27621177
6249.27621177,21.16877019405365,12.398765683174132,20.119714975357056,6.392218947410584,140.0,54.0,positive,6250.38224712
6250.38224712,20.68050026893616,19.183514654636383,29.90618348121643,7.522252678871155,152.0,78.0,negative,6138.17057937
6138.17057937,12.648010313510897,18.40711969137192,19.324117243289948,5.052056729793549,143.0,71.0,positive,6207.11909262
6207.11909262,12.2360817193985,27.777966916561127,14.927521407604218,11.27314841747284,138.0,84.0,positive,6243.75741078
6243.75741078,21.70062536001205,23.43054485321045,16.779920279979706,4.766592383384705,147.0,55.0,positive,6265.06376474
6265.06376474,10.56816703081131,13.864350378513336,16.347878396511078,1.7876545190811155,119.0,34.0,negative,6235.36936935
6235.36936935,14.56894952058792,4.977250277996063,11.155510306358336,7.357690274715424,125.0,44.0,negative,6205.83505145
6205.83505145,9.998893439769745,13.57473111152649,14.699071109294891,1.718289077281952,101.0,41.0,positive,6242.1938684
6242.1938684,15.03176873922348,11.320941269397736,9.90954852104187,2.2144229412078857,87.0,42.0,negative,6218.65460379
6218.65460379,5.82431173324585,7.408894419670105,6.349140107631683,4.141406536102295,64.0,31.0,positive,6220.44385608
6220.44385608,6.224304616451263,9.047751307487488,5.842575669288635,8.478091657161713,54.0,38.0,positive,6224.16672363
6224.16672363,6.706944704055786,15.91525012254715,11.613413989543917,4.885316789150238,86.0,45.0,positive,6226.35848819
6226.35848819,7.557709276676178,11.92963719367981,8.947463989257812,0.7013458013534546,77.0,32.0,positive,6228.70067638
6228.70067638,4.016675710678101,5.49915337562561,12.670326709747314,0.0,57.0,20.0,negative,6205.45786817
6205.45786817,4.89890730381012,8.377826452255249,10.28464537858963,0.7058310508728027,49.0,25.0,negative,6189.8177081
6189.8177081,5.7578365206718445,6.222981095314026,5.677141964435577,2.4559988975524902,51.0,23.0,negative,6171.62930637
6171.62930637,9.942631125450134,7.4558523297309875,9.60533219575882,1.4593452215194702,75.0,22.0,negative,6156.7387058
6156.7387058,6.552635669708252,7.035526514053345,14.464533805847168,1.5149545073509216,73.0,33.0,negative,6130.03216939
6130.03216939,7.873032033443451,5.345442712306976,13.93559992313385,1.6564908027648926,80.0,30.0,positive,6168.11991019
6168.11991019,10.844737112522123,4.2735952734947205,7.473514795303345,2.55927973985672,64.0,26.0,positive,6169.3598969
6169.3598969,13.081032156944277,14.886705338954926,16.21595811843872,0.871601402759552,104.0,32.0,negative,6147.12949354
6147.12949354,5.571764826774597,18.68901795148849,16.458101391792297,1.7332967519760132,87.0,51.0,positive,6150.659528
6150.659528,7.2743828892707825,16.8611980676651,15.384076416492462,6.938665390014648,101.0,59.0,positive,6165.37248147
6165.37248147,11.304690718650818,41.50110173225403,17.864768862724304,8.02613741159439,89.0,138.0,negative,6160.16025686
6160.16025686,18.184041678905487,16.196384012699127,18.18499457836151,4.203781962394714,112.0,54.0,negative,6119.22274378
6119.22274378,14.07971841096878,21.554552972316745,9.154082715511322,7.3634085059165955,97.0,82.0,positive,6124.11262144
6124.11262144,11.432265877723694,23.79439580440521,12.738943219184875,5.016741454601288,91.0,68.0,negative,6112.05785304
6112.05785304,17.543144702911377,21.060164749622345,18.523233234882355,0.8156529068946838,129.0,60.0,negative,5942.8349885
5942.8349885,11.197357058525084,33.97452139854431,17.977053999900818,6.8229129910469055,99.0,123.0,positive,5954.42629392
5954.42629392,12.204493463039398,14.4821435213089,19.436980843544006,0.9023306369781494,119.0,50.0,negative,5934.37212001
5934.37212001,7.118777394294739,16.064728260040283,19.98699277639389,8.84438419342041,104.0,53.0,negative,5929.77248534
5929.77248534,13.873646855354307,11.58444494009018,17.66913104057312,6.272777080535889,123.0,40.0,negative,5922.0431227
5922.0431227,10.380050003528597,21.51749032735825,14.689149022102356,3.4024033546447754,108.0,56.0,positive,5925.93648606
5925.93648606,12.662793815135956,14.006526708602903,18.99265050888061,3.253168284893036,116.0,52.0,positive,5946.95253994
5946.95253994,9.507969200611116,11.22247475385666,14.93956744670868,2.3470024466514587,105.0,35.0,positive,5983.51523913
5983.51523913,5.602159082889557,8.878643691539764,15.33055055141449,3.355650007724762,81.0,41.0,positive,5997.8811222
5997.8811222,12.256224870681764,9.76528811454773,11.548598647117617,2.3880535364151,82.0,37.0,positive,6037.22069566
6037.22069566,21.585132002830505,16.422626733779907,11.481971323490145,5.8366310596466064,99.0,64.0,positive,6165.96110162
6165.96110162,5.790809452533722,10.359015107154846,8.803252816200256,17.165570855140686,61.0,92.0,positive,6228.85993493
6228.85993493,9.659616947174072,2.701654732227325,4.845137774944305,4.888022124767304,66.0,25.0,positive,6239.087678
6239.087678,10.792998313903809,11.884780287742617,11.670581698417664,11.617898344993591,82.0,81.0,positive,6269.57441529
6269.57441529,3.977907657623291,5.795009911060333,7.384102880954742,1.840057730674744,60.0,19.0,negative,6269.23003636
6269.23003636,15.230210661888124,15.166348338127136,14.42402595281601,0.9521726965904236,79.0,32.0,positive,6282.42144795
6282.42144795,13.361175894737244,11.531345069408417,10.719882309436798,3.1888663172721863,99.0,35.0,positive,6338.7550114
6338.7550114,13.620050847530363,14.31816041469574,8.118737936019897,4.693393707275391,79.0,49.0,negative,6311.10079783
6311.10079783,12.660538733005524,15.527206778526306,15.002905189990996,1.79207581281662,74.0,43.0,positive,6317.0675127
6317.0675127,18.36011290550232,19.094582617282867,11.50155884027481,14.566479504108427,96.0,77.0,positive,6324.74727273
6324.74727273,20.12226688861847,16.528155148029327,14.372373819351196,5.269333600997925,91.0,52.0,positive,6345.6616343
6345.6616343,15.725451707839966,23.61475914716721,10.372688710689545,8.863022863864899,98.0,110.0,positive,6372.83565705
6372.83565705,16.77314805984497,38.58105880022049,10.380455136299132,9.786773204803469,110.0,95.0,negative,6355.4631609
6355.4631609,15.597953021526337,18.14943689107895,13.651095926761627,4.270755290985107,99.0,45.0,positive,6362.73202513
6362.73202513,14.318918943405151,36.39973324537277,8.078128099441528,14.737892210483553,86.0,121.0,positive,6378.65240679
6378.65240679,11.08912479877472,29.584608793258667,9.863928258419037,8.412126898765564,108.0,105.0,positive,6426.45561009
6426.45561009,21.290979087352756,23.4804505109787,23.88417136669159,13.194068431854248,168.0,143.0,positive,6490.82685421
6490.82685421,20.796420514583588,30.40285223722458,15.295421063899994,3.1612784266471863,144.0,111.0,negative,6466.46502371
6466.46502371,21.440826773643494,21.985700130462646,20.01324266195297,8.438788950443268,137.0,83.0,negative,6429.84193389
6429.84193389,18.34364104270935,20.27914720773697,19.78060472011566,3.261529564857483,152.0,74.0,positive,6450.98507932
6450.98507932,16.749003052711487,12.125129282474518,28.580179750919346,1.6557440757751465,152.0,42.0,positive,6501.22177508
6501.22177508,10.481031775474548,9.206871390342712,16.15041846036911,4.058344185352325,113.0,45.0,negative,6480.42057381
6480.42057381,16.29773384332657,18.988068401813507,17.509054362773895,2.5024954080581665,101.0,47.0,negative,6466.34001204
6466.34001204,5.297288596630096,12.35577356815338,13.900848150253296,2.492002010345459,59.0,36.0,negative,6422.97403745
6422.97403745,5.674096345901489,8.676182925701141,13.012471795082092,2.873643338680268,76.0,25.0,positive,6445.6288223
6445.6288223,11.374699413776398,8.144932746887207,10.812632203102112,2.7030048966407776,75.0,21.0,positive,6459.08409899
6459.08409899,9.76487535238266,12.560883939266205,4.953757107257843,2.324537396430969,61.0,44.0,positive,6462.59546846
6462.59546846,8.729234397411346,4.610224545001984,5.048543810844421,3.3265411257743835,70.0,25.0,positive,6490.47666733
6490.47666733,12.34799426794052,6.517287492752075,9.187031388282776,2.493489682674408,90.0,23.0,negative,6459.76560937
6459.76560937,4.7740331292152405,11.492375254631042,8.929273903369904,5.563673973083496,61.0,44.0,negative,6438.71306393
6438.71306393,5.401832640171051,17.521149277687073,7.215079843997955,6.620061874389648,61.0,60.0,negative,6402.89186859
6402.89186859,13.862351953983309,19.36472719907761,16.208659052848816,4.914035499095917,95.0,60.0,positive,6435.75123796
6435.75123796,9.818729281425476,15.459516286849976,12.63174307346344,7.323655366897583,92.0,61.0,positive,6445.81021053
6445.81021053,19.990321338176727,20.26962584257126,21.86515462398529,5.130603611469269,123.0,77.0,positive,6480.31554175
6480.31554175,17.519932687282562,21.725196421146396,28.353113114833832,5.684953391551971,172.0,67.0,negative,6478.53000021
6478.53000021,23.675682604312897,17.083705961704254,13.653743267059326,5.955348491668701,141.0,56.0,negative,6461.92620077
6461.92620077,25.279324650764465,25.180792570114136,11.38407188653946,27.48350340127945,111.0,120.0,negative,6433.36250366
6433.36250366,12.704362392425535,20.350760877132416,17.61174637079239,8.758843004703522,133.0,75.0,positive,6447.54257338
6447.54257338,11.834135055541992,27.843106746673584,22.483315229415894,3.5197548270225525,139.0,76.0,negative,6431.42120115
6431.42120115,23.19292438030243,17.039523780345917,22.52112305164337,1.7686871886253357,158.0,55.0,positive,6432.60609472
6432.60609472,24.43476271629333,17.72927302122116,17.499470472335815,6.193070411682129,170.0,63.0,positive,6450.80426082
6450.80426082,13.462276339530945,16.616056621074677,12.280102252960203,4.179704368114471,118.0,59.0,negative,6429.58802748
6429.58802748,15.43328982591629,18.043184101581573,16.139279007911682,7.217178523540497,93.0,61.0,positive,6438.64476637
6438.64476637,9.970285892486572,20.1879660487175,14.991582036018372,7.918949007987976,97.0,62.0,negative,6338.66936425
6338.66936425,16.749943554401398,9.367584586143494,14.12977248430252,4.00219589471817,100.0,48.0,negative,6318.4375023
6318.4375023,17.24329024553299,9.99279797077179,9.664630591869354,5.708930134773254,98.0,38.0,positive,6326.79082008
6326.79082008,7.754999876022339,13.8548903465271,8.785412073135376,2.433915913105011,69.0,39.0,positive,6369.90803361
6369.90803361,7.753122806549072,12.25926512479782,8.074576616287231,3.366809606552124,74.0,43.0,negative,6353.56107085
6353.56107085,4.935089886188507,4.504956305027008,4.14812970161438,3.287514626979828,50.0,26.0,negative,6327.1175099
6327.1175099,3.2310996651649475,11.459028363227844,7.057607531547546,2.913719058036804,33.0,31.0,negative,6320.69847353
6320.69847353,8.73645269870758,13.911788702011108,4.787621915340424,1.5649094581604004,54.0,37.0,positive,6338.57816084
6338.57816084,9.426357090473177,12.954976201057434,6.609265804290772,2.2298836708068848,69.0,47.0,positive,6341.25751279
6341.25751279,4.122922360897064,9.18402087688446,4.072404265403748,2.6555293202400208,44.0,29.0,positive,6348.82337179
6348.82337179,11.707361161708832,10.459631383419037,4.026421546936035,4.058171510696411,51.0,36.0,negative,6345.59985476
6345.59985476,7.388842582702637,14.296836256980896,4.135671734809876,3.95371276140213,56.0,32.0,positive,6346.84306629
6346.84306629,8.771323680877686,15.02330845594406,14.599179565906525,3.665595591068268,70.0,55.0,negative,6273.76310186
6273.76310186,11.410560131072998,18.382177352905277,5.79755038022995,7.3864816427230835,68.0,77.0,negative,6239.40247413
6239.40247413,12.179763078689575,26.417848527431488,18.35729324817657,10.254435181617737,150.0,100.0,positive,6270.73917878
6270.73917878,16.13967913389206,20.2449164390564,11.654064536094666,3.118969976902008,129.0,53.0,negative,6268.05652241
6268.05652241,22.22414153814316,9.6809504032135,18.841445207595825,2.627047300338745,124.0,36.0,negative,6203.76398687
6203.76398687,22.34963208436966,13.656592071056366,16.644072949886322,5.032580196857452,164.0,57.0,positive,6219.80338962
6219.80338962,18.377080500125885,39.09622287750244,15.951709866523744,6.488777935504913,144.0,96.0,positive,6221.77492406
6221.77492406,13.372898161411284,36.88833266496658,15.182522892951964,3.3634178042411804,128.0,80.0,negative,6219.99500151
6219.99500151,9.882652640342712,31.842986941337585,12.636402130126951,4.749900460243225,100.0,58.0,positive,6339.43720703
6339.43720703,15.261831641197205,28.171735048294067,15.432205021381378,3.764351189136505,99.0,90.0,positive,6341.66778104
6341.66778104,10.427937805652618,17.56697380542755,17.99505716562271,4.668110251426697,105.0,60.0,positive,6372.05401225
6372.05401225,8.542897701263428,17.845499217510223,12.388544201850891,3.7810076475143433,101.0,112.0,positive,6606.77626829
6606.77626829,11.019108951091766,18.45470690727234,9.35885351896286,5.553313612937927,110.0,79.0,positive,6616.09505887
6616.09505887,14.90473049879074,14.618178248405457,18.29114562273025,3.4617241621017456,102.0,89.0,negative,6614.21073367
6614.21073367,10.143929839134216,12.78037804365158,9.633199870586395,3.9094157814979553,84.0,35.0,positive,6625.60498315
6625.60498315,18.924952626228333,7.178046941757202,18.973578333854675,1.439577043056488,104.0,24.0,negative,6608.46950418
6608.46950418,12.06315976381302,9.63156533241272,10.526475727558136,1.7575075030326843,70.0,28.0,positive,6617.93919191
6617.93919191,3.1881259083747864,10.438252389431,6.291441679000855,3.2277820110321045,55.0,29.0,negative,6613.28203337
6613.28203337,5.957041501998901,8.772487998008728,8.47135204076767,4.203339517116547,54.0,34.0,positive,6644.77240168
6644.77240168,13.541228950023651,3.961617350578308,8.479047954082489,3.223960757255554,77.0,25.0,positive,6653.85811912
6653.85811912,11.288874745368958,9.949140727519987,12.512781858444214,4.819883942604065,70.0,33.0,positive,6659.63554419
6659.63554419,11.629677176475523,11.86537790298462,9.41880190372467,3.274836540222168,63.0,37.0,negative,6654.87213305
6654.87213305,13.532200455665588,6.388722658157349,7.266582548618317,2.4028269052505493,79.0,15.0,positive,6657.19039296
6657.19039296,14.490383625030518,11.03401917219162,7.779008328914642,2.3849321603775024,66.0,32.0,positive,6674.32412263
6674.32412263,9.954700469970703,6.425345361232758,12.79277241230011,1.6025764346122742,73.0,33.0,negative,6659.39594353
6659.39594353,15.962071478366852,13.249787271022797,14.277366042137146,3.3307727575302124,101.0,54.0,negative,6643.13214884
6643.13214884,17.484021544456482,10.39086091518402,12.44513499736786,4.254471957683563,102.0,43.0,positive,6745.63595362
6745.63595362,16.29449999332428,18.71078449487686,8.499069929122925,6.316714704036713,109.0,104.0,positive,6771.25144974
6771.25144974,19.336600124835968,22.747907102108,10.707264065742493,8.171466171741486,96.0,74.0,positive,6869.38075602
6869.38075602,23.05295240879059,30.38071674108505,21.744305789470676,9.886127710342407,134.0,129.0,positive,7065.82539226
7065.82539226,35.936647951602936,72.78088557720184,30.965390264987946,6.984982371330261,242.0,442.0,negative,6791.59231506
6791.59231506,29.25458592176437,38.46673583984375,20.74113649129868,9.036255955696106,182.0,122.0,positive,6803.28979806
6803.28979806,21.05466228723526,44.53621596097946,20.27927440404892,6.6398537158966064,141.0,111.0,negative,6747.43861546
6747.43861546,22.820860624313354,29.793678998947144,20.367910861968998,4.304214239120483,143.0,86.0,positive,6829.8778421
6829.8778421,16.335992455482483,30.43469601869583,12.742908239364624,5.845488667488098,123.0,72.0,positive,6841.56950839
6841.56950839,12.660658180713654,24.34507417678833,12.67857712507248,0.7012088298797607,109.0,51.0,negative,6793.62459642
6793.62459642,21.800372838974,13.339608073234558,11.899039328098295,8.771848797798157,117.0,46.0,negative,6752.30527396
6752.30527396,6.415453433990479,14.935002744197844,4.165440618991852,0.0,51.0,48.0,positive,6804.09758727
6804.09758727,12.97626668214798,14.405937373638151,15.1449094414711,1.836040198802948,92.0,42.0,positive,6815.30139253
6815.30139253,11.51205313205719,15.44144868850708,14.487552464008331,1.8004505038261414,77.0,33.0,negative,6800.60650395
6800.60650395,7.780628561973572,22.46465128660202,9.324241280555723,5.636911153793335,67.0,54.0,negative,6795.65918323
6795.65918323,14.442165732383728,16.324564456939697,5.474446713924408,2.309342861175537,63.0,44.0,negative,6787.2007839
6787.2007839,4.102895259857178,14.304147481918337,7.038024961948395,1.7460565567016602,35.0,36.0,positive,6814.41740039
6814.41740039,6.923570156097412,6.409411668777466,6.755242824554443,3.1160539984703064,45.0,27.0,positive,6927.58802594
6927.58802594,5.317578971385956,16.317362427711487,4.794021248817444,5.168907046318054,68.0,56.0,negative,6916.18960576
6916.18960576,14.089060187339784,10.434650480747225,11.719229519367218,1.5861334800720217,69.0,49.0,positive,6945.45071951
6945.45071951,6.874496638774872,10.61572641134262,9.874330699443815,5.78266578912735,66.0,38.0,positive,6985.18095631
6985.18095631,8.117513835430145,24.610351264476776,7.347323715686798,3.8876103162765503,66.0,65.0,positive,6999.96190205
6999.96190205,9.857029736042024,35.01407217979431,12.080554485321043,4.231480360031128,66.0,72.0,negative,6915.4380742
6915.4380742,13.755580484867096,25.01814317703247,12.113775432109833,7.410305798053741,89.0,79.0,negative,6894.54323164
6894.54323164,13.286594569683077,25.162177443504333,8.464185953140259,6.240865826606751,79.0,80.0,negative,6795.00984661
6795.00984661,17.585066437721252,23.605624794960026,14.963566601276398,9.857503294944763,120.0,103.0,negative,6724.22676433
6724.22676433,22.75831711292267,43.75285720825195,16.81252360343933,4.0892322063446045,123.0,118.0,positive,6749.97606406
6749.97606406,20.80997657775879,34.59864103794098,17.650509774684906,5.066289246082306,138.0,110.0,negative,6730.62583163
6730.62583163,27.22892200946808,39.43599456548691,22.62939178943634,5.789311349391937,164.0,111.0,positive,6757.04957043
6757.04957043,14.375043034553528,41.51453256607056,13.34455180168152,5.690775036811829,101.0,109.0,positive,6764.71049188
6764.71049188,13.664508402347565,22.32729840278625,16.593847155570984,4.346602559089661,99.0,56.0,negative,6733.53104981
6733.53104981,14.742579579353333,14.234687685966492,11.84626990556717,4.908112645149231,101.0,53.0,negative,6730.21844429
6730.21844429,13.412294566631315,10.12828892469406,10.091853380203249,7.486531496047974,98.0,46.0,positive,6750.35440035
6750.35440035,9.030305683612823,22.93443316221237,14.176897048950195,1.6437895894050598,84.0,52.0,negative,6733.3873906
6733.3873906,9.70096641778946,11.577300190925598,6.393376290798187,3.6041781306266794,71.0,29.0,positive,6756.77063019
6756.77063019,7.758249640464783,16.003142535686493,10.823453724384308,4.309790670871735,79.0,45.0,positive,6767.34589247
6767.34589247,9.741764187812803,8.99796986579895,11.93491005897522,7.593543350696564,94.0,41.0,negative,6724.61708243
6724.61708243,5.589399516582489,6.223434567451477,13.37809032201767,3.233286142349243,72.0,26.0,negative,6718.07073066
6718.07073066,9.605189561843872,12.94981575012207,8.838679790496826,3.866528153419495,56.0,35.0,positive,6743.46834616
6743.46834616,5.694756031036377,7.287370920181274,6.423817813396454,2.314657688140869,55.0,28.0,positive,6750.70651101
6750.70651101,10.091215133666992,5.46105283498764,9.043016493320463,0.0,56.0,20.0,negative,6750.56708182
6750.56708182,8.189608216285706,5.739744782447815,6.879981875419617,2.337166905403137,66.0,24.0,negative,6726.35948132
6726.35948132,7.45373409986496,8.198848068714142,10.59377819299698,2.9282329082489014,96.0,25.0,positive,6775.55186941
6775.55186941,9.23007345199585,6.480286300182343,9.662293076515198,1.611794888973236,87.0,21.0,positive,6838.8002189
6838.8002189,9.644088745117188,5.452260851860046,10.28793317079544,1.4451507329940796,67.0,30.0,positive,6852.48154646
6852.48154646,12.61381220817566,10.321708798408508,8.95015960931778,0.8223138451576233,76.0,27.0,negative,6747.85483619
6747.85483619,11.871284902095796,5.457815289497376,9.242037415504456,1.8265275359153748,69.0,39.0,negative,6742.47012942
6742.47012942,5.635046422481537,8.436565816402435,11.804232776165009,0.8421168923377991,71.0,30.0,positive,6745.65961556
6745.65961556,10.730263829231262,7.183885514736176,13.713824808597565,1.7807471752166748,105.0,27.0,negative,6729.74514415
6729.74514415,10.110475063323976,19.10630565881729,18.83058732748032,5.707643628120422,112.0,66.0,positive,6739.15288156
6739.15288156,15.27251636981964,25.68002587556839,14.635390639305117,3.288986563682556,101.0,60.0,positive,6795.26819821
6795.26819821,13.469574093818665,11.41074800491333,21.2770733833313,5.834201335906982,126.0,43.0,negative,6765.64254153
6765.64254153,12.532146751880646,21.546624064445496,17.401655972003937,5.35053676366806,133.0,57.0,positive,6785.78692347
6785.78692347,11.417316436767578,20.12220579385757,11.425888538360596,4.402614176273346,87.0,49.0,negative,6754.41057599
6754.41057599,10.104038178920746,11.962483823299408,12.392727077007294,4.742065191268921,90.0,42.0,positive,6834.19942428
6834.19942428,14.884797394275664,10.42863005399704,13.358953297138214,3.054208278656006,97.0,96.0,positive,6858.87272237
6858.87272237,13.253572940826416,17.759283363819122,21.851342737674717,2.220400810241699,104.0,47.0,negative,6857.9046124
6857.9046124,4.856675028800964,15.956421077251434,7.485817790031433,0.7189363837242126,55.0,38.0,positive,6867.52731596
6867.52731596,9.059256613254547,17.60657376050949,5.793229937553406,0.8976233601570129,76.0,36.0,negative,6855.88153134
6855.88153134,6.364806413650513,10.573217630386353,11.983120918273926,0.0,68.0,47.0,negative,6851.99752622
6851.99752622,6.74478417634964,5.225124418735504,14.600870132446287,3.8212390542030334,74.0,27.0,negative,6841.1662656
6841.1662656,15.567565679550173,14.1479731798172,11.53833019733429,2.1874768137931824,76.0,34.0,negative,6810.10730156
6810.10730156,11.620814502239227,5.695829629898071,4.867985188961029,3.913763701915741,71.0,25.0,negative,6790.09488813
6790.09488813,8.449814200401306,3.944711744785309,7.870986461639404,2.4649084210395813,58.0,20.0,positive,6804.969122
6804.969122,4.5999584794044495,5.56817889213562,10.636384427547457,2.423073172569275,54.0,17.0,negative,6781.29728649
6781.29728649,9.090013027191162,4.956182658672333,10.311978995800018,1.4047940373420715,74.0,29.0,negative,6779.92482882
6779.92482882,10.0386021733284,7.198916792869568,6.057369410991669,1.6548103094100952,52.0,31.0,positive,6789.21499136
6789.21499136,6.08995932340622,7.295301854610443,9.416254341602324,2.4861976504325867,55.0,29.0,negative,6784.56579321
6784.56579321,10.398923695087433,8.79378855228424,8.239241182804108,4.199713230133057,72.0,32.0,negative,6772.32207055
6772.32207055,14.152467250823976,8.517923712730408,15.27583646774292,0.8894044756889343,79.0,22.0,positive,6788.00083764
6788.00083764,11.58987158536911,4.108024537563324,7.7673951387405396,1.870631456375122,81.0,16.0,positive,6796.43941867
6796.43941867,8.669286251068115,3.522733986377716,10.361677646636965,0.7430427670478821,60.0,26.0,positive,6805.61822531
6805.61822531,6.61847722530365,13.297248661518095,7.491470396518707,5.666571199893951,60.0,45.0,negative,6790.32608829
6790.32608829,5.926390647888184,17.355631172657013,3.8330015540122986,3.078977882862091,42.0,41.0,positive,6795.7347733
6795.7347733,7.252058327198029,21.840706706047055,18.665380597114563,3.317747294902801,92.0,64.0,negative,6790.05023026
6790.05023026,20.25268757343292,27.18083095550537,14.205826342105864,7.37015026807785,119.0,82.0,negative,6783.81357596
6783.81357596,14.011999011039734,26.16047424077988,18.72594165802002,5.513620018959045,120.0,101.0,positive,6793.20379694
6793.20379694,11.457557201385498,25.117057859897614,12.27595281600952,8.515130817890167,98.0,73.0,positive,6798.97943853
6798.97943853,12.888139307498932,11.29605346918106,9.143688142299652,2.436098098754883,88.0,34.0,negative,6770.3288956
6770.3288956,19.768658876419067,11.613757967948914,16.885668218135834,3.933464884757996,146.0,50.0,positive,6779.49673186
6779.49673186,17.88542950153351,9.566841781139374,15.010082364082336,7.585467219352722,110.0,48.0,positive,6791.069685
6791.069685,10.262885510921478,9.48155814409256,20.061331391334534,2.654947578907013,95.0,37.0,positive,6791.12944093
6791.12944093,15.502681493759155,33.33475124835968,6.992741882801056,3.783338189125061,82.0,75.0,positive,6854.85118212
6854.85118212,9.829401016235352,17.308837473392487,9.630285322666168,0.7081142067909241,81.0,47.0,negative,6839.67698706
6839.67698706,14.193272471427916,15.573017179965971,6.552865505218506,4.268940687179565,61.0,39.0,negative,6829.57052673
6829.57052673,12.39836359024048,9.79957515001297,9.99363499879837,5.491994738578796,60.0,38.0,positive,6842.30825859
6842.30825859,7.370007038116455,14.820594549179075,5.814893484115601,5.021777093410492,51.0,38.0,positive,6911.45130545
6911.45130545,13.16105031967163,19.13559985160828,7.467226445674896,10.116547346115112,65.0,75.0,positive,6971.43425938
6971.43425938,9.043730974197388,9.370623350143433,13.253309547901154,0.8725904822349548,63.0,43.0,positive,7027.0573871
7027.0573871,12.606975078582764,19.221369981765747,8.455339252948761,5.484844326972961,84.0,80.0,positive,7027.96161052
7027.96161052,12.401826441287994,9.978224098682404,3.36746209859848,1.7458637952804563,65.0,32.0,positive,7046.51965214
7046.51965214,7.16974800825119,6.945274174213409,9.222786486148834,0.7259460091590881,68.0,42.0,positive,7085.40384959
7085.40384959,4.162190675735474,4.952764213085175,18.391762495040894,3.0408672094345093,76.0,41.0,positive,7122.70814426
7122.70814426,10.45179682970047,8.25199830532074,14.09308296442032,1.5734543204307556,98.0,40.0,negative,7116.94045672
7116.94045672,7.417758047580719,13.164410769939424,10.523772180080414,2.340154230594635,85.0,32.0,positive,7132.62215864
7132.62215864,9.63270890712738,19.28416633605957,15.977643311023712,11.523927509784698,91.0,67.0,negative,7111.28979505
7111.28979505,16.407069206237793,20.311619997024536,19.86449682712555,7.940639555454254,123.0,76.0,negative,7105.06788636
7105.06788636,13.553931176662443,16.78566402196884,27.23731529712677,4.138235092163086,146.0,45.0,positive,7132.51369606
7132.51369606,22.241032361984253,32.5586217045784,18.874759674072266,6.241803228855133,168.0,92.0,positive,7135.97871656
7135.97871656,33.95272099971771,28.448388755321503,23.326999485492703,5.638287603855133,186.0,104.0,positive,7179.48376637
7179.48376637,27.97087544202805,28.376728117465973,24.213617861270905,4.842368006706238,181.0,117.0,positive,7217.57862964
7217.57862964,20.94546484947205,22.795769214630127,21.09655505418777,8.789666593074799,158.0,79.0,positive,7248.95489179
7248.95489179,15.760298788547516,22.955977022647858,24.622954726219177,10.512113332748411,157.0,112.0,negative,7204.59744571
7204.59744571,19.40352988243103,24.121887147426605,17.94425892829895,9.407026290893556,125.0,83.0,positive,7245.68113685
7245.68113685,17.75185865163803,10.51029759645462,17.286995828151703,3.397128403186798,132.0,36.0,negative,7238.99440065
7238.99440065,17.19421899318695,7.857985258102417,18.701956570148468,3.400392770767212,138.0,30.0,positive,7271.7811527
7271.7811527,15.305395781993866,14.06439471244812,25.188338458538052,1.879102647304535,118.0,57.0,positive,7373.2499313
7373.2499313,17.4817156791687,12.394303560256958,18.51232147216797,2.4084567427635197,146.0,91.0,negative,7361.58778938
7361.58778938,12.984328985214232,11.201517701148989,18.090777218341827,0.0,109.0,39.0,negative,7305.2086545
7305.2086545,9.51415491104126,11.40840232372284,8.961548864841461,1.737104415893555,99.0,37.0,positive,7312.02832306
7312.02832306,13.057036995887756,11.681214153766632,12.006626307964323,1.81017941236496,93.0,26.0,negative,7272.7482612
7272.7482612,9.721800804138184,9.024537563323976,14.744162619113922,7.716783046722412,90.0,35.0,positive,7292.41621284
7292.41621284,13.036522924900057,6.648724675178528,9.951790869235992,3.274810254573822,93.0,20.0,positive,7294.80251663
7294.80251663,10.696352124214172,22.968420207500458,12.882172167301178,1.9700300097465515,90.0,50.0,positive,7374.19274697
7374.19274697,8.440676987171173,15.88208031654358,8.01377010345459,1.6090973019599917,59.0,42.0,negative,7346.42477554
7346.42477554,7.278372764587402,8.478221714496613,13.636490166187286,1.525007963180542,84.0,35.0,positive,7364.22365241
7364.22365241,8.307879507541656,15.61664628982544,9.857319474220276,2.3871663212776184,76.0,36.0,positive,7420.0495179
7420.0495179,11.072952210903168,15.758991122245789,9.875621378421783,5.456232607364655,74.0,42.0,negative,7389.36666084
7389.36666084,12.865491330623628,25.192649245262142,17.59843945503235,4.431429147720337,94.0,80.0,negative,7349.97053782
7349.97053782,13.217156946659088,12.954087138175964,15.590106308460236,5.664795517921448,117.0,61.0,positive,7358.7174607
7358.7174607,18.722975492477417,11.613331973552704,13.93969076871872,8.88337904214859,153.0,61.0,negative,7292.04793474
7292.04793474,21.147964000701904,18.76406574249268,13.358323872089386,5.774369120597839,143.0,60.0,positive,7319.66285223
7319.66285223,14.479982316493988,18.985161900520325,13.693093121051788,6.797401428222656,124.0,77.0,positive,7341.9515096
7341.9515096,13.60938274860382,28.162914037704468,17.310928523540497,9.932216346263884,139.0,85.0,negative,7329.92231626
7329.92231626,12.787621021270752,24.19668734073639,16.707242012023926,6.716250479221344,133.0,67.0,negative,7305.49967461
7305.49967461,17.021430015563965,28.161599218845367,17.474522054195404,5.654940724372864,127.0,71.0,positive,7314.65463149
7314.65463149,16.99978542327881,21.82679712772369,14.05256450176239,6.869959890842438,119.0,80.0,negative,7155.79112688
7155.79112688,11.592925250530245,19.837402939796448,18.1492600440979,4.159561574459076,121.0,130.0,positive,7157.24706344
7157.24706344,12.356050074100494,24.50819569826126,11.575878739356996,5.597296059131622,98.0,65.0,negative,7152.30189999
7152.30189999,15.71909362077713,14.318747699260712,21.47679489850998,2.456660270690918,127.0,60.0,positive,7176.41450049
7176.41450049,12.572113156318665,12.63969713449478,21.76501208543777,6.383433759212494,108.0,55.0,negative,7173.33863833
7173.33863833,8.515246212482452,11.27881395816803,7.432930529117584,2.476790726184845,80.0,38.0,negative,7153.30567428
7153.30567428,14.816282033920288,11.0403613448143,11.04520744085312,2.449212610721588,83.0,31.0,positive,7199.96992155
7199.96992155,7.106113851070404,18.412079513072968,8.236691057682037,2.729490041732788,59.0,48.0,positive,7294.86606229
7294.86606229,10.836357951164246,13.506964564323424,9.727440893650057,5.227876901626587,69.0,69.0,positive,7308.05089911
7308.05089911,12.913997054100037,14.082387268543243,15.869717419147491,2.214231848716736,89.0,43.0,positive,7350.41009152
7350.41009152,6.5446338057518005,9.771733224391935,16.420372545719147,0.7808962464332581,81.0,28.0,negative,7309.44311018
7309.44311018,8.804397106170654,9.829833805561066,8.089200377464294,0.0,55.0,33.0,positive,7333.97660514
7333.97660514,3.64151930809021,14.607458710670471,10.940904259681702,3.131049335002899,58.0,34.0,negative,7287.90994045
7287.90994045,4.882129788398743,8.618831396102905,9.631551384925842,1.4613190293312073,55.0,35.0,positive,7297.34554504
7297.34554504,8.221553027629852,11.11817479133606,6.916480839252472,0.8095656633377075,52.0,53.0,negative,7267.98439814
7267.98439814,1.7429422736167908,18.26916027069092,8.214629113674164,4.231670439243317,48.0,62.0,positive,7282.84513132
7282.84513132,11.736784279346466,16.59040504693985,11.169729590415956,3.14143443107605,87.0,36.0,negative,7260.72307362
7260.72307362,18.06986123323441,15.888573706150057,11.650791466236116,3.092416524887085,87.0,43.0,negative,7255.07437018
7255.07437018,14.10387521982193,18.41687351465225,23.777673184871677,5.158839225769043,139.0,59.0,positive,7274.61922135
7274.61922135,19.503228783607483,11.85439682006836,24.252966046333317,9.178492188453674,136.0,62.0,negative,7264.07898406
7264.07898406,17.73474407196045,15.936566352844238,26.959804832935333,5.264398157596588,150.0,65.0,positive,7294.43033807
7294.43033807,16.235671281814575,17.715859413146973,16.45609623193741,6.632103085517883,116.0,78.0,negative,7289.98000413
7289.98000413,20.073642432689667,16.131523966789246,21.99373835325241,7.221801698207855,144.0,67.0,positive,7297.37038794
7297.37038794,16.759764075279236,17.189571976661682,20.634230256080627,1.529611885547638,115.0,72.0,negative,7291.17142681
7291.17142681,19.27487188577652,26.756644785404205,21.674765646457672,6.145735085010529,125.0,73.0,positive,7303.99841387
7303.99841387,20.201059877872467,9.71833223104477,8.01070499420166,3.14316189289093,114.0,50.0,positive,7323.86426252
7323.86426252,20.66369915008545,21.626195013523105,18.68668270111084,6.1249871253967285,137.0,81.0,positive,7337.08173282
7337.08173282,10.763545155525208,18.5346257686615,13.427080750465391,4.054519057273865,107.0,54.0,negative,7334.09845346
7334.09845346,16.01321452856064,16.250423073768616,11.395814895629885,3.1986594796180725,114.0,42.0,positive,7338.8442268
7338.8442268,15.789605736732485,12.74779576063156,15.940255880355837,4.039698600769043,110.0,39.0,negative,7307.21073403
7307.21073403,13.08490914106369,10.46493136882782,18.46987909078598,1.5130624771118164,149.0,32.0,positive,7307.8718238
7307.8718238,20.639282763004303,9.355828523635864,28.72453361749649,3.2771278023719788,128.0,34.0,negative,7293.09853424
7293.09853424,9.918197453022003,9.65169245004654,17.93109256029129,2.394498348236084,95.0,29.0,positive,7297.39033095
7297.39033095,14.51946061849594,6.607048392295837,24.317857027053837,0.7875312566757202,122.0,27.0,positive,7301.12649384
7301.12649384,9.831191062927246,9.845499455928802,14.168888807296751,4.775481939315796,75.0,31.0,negative,7298.20691001
7298.20691001,9.27173936367035,7.120851278305054,17.17058974504471,8.6617311835289,66.0,35.0,positive,7309.91473256
7309.91473256,5.118836939334869,4.927917540073395,10.167348802089691,0.802955150604248,60.0,20.0,positive,7318.97559291
7318.97559291,6.405396401882172,13.758349597454073,17.63264662027359,1.5244062542915344,77.0,48.0,negative,7310.05316713
7310.05316713,4.788012742996216,7.4336482882499695,17.576146185398102,3.1892825961112976,93.0,43.0,negative,7299.02713949
7299.02713949,6.004462540149689,6.377969980239868,10.494202554225922,0.8665777444839478,60.0,26.0,negative,7243.28725194
7243.28725194,7.920817613601685,16.137354969978333,18.260993123054504,1.7081580758094788,95.0,68.0,positive,7269.08996986
7269.08996986,9.868406295776367,25.81081694364548,17.657985150814056,6.253413677215576,101.0,87.0,positive,7315.83768716
7315.83768716,20.203847229480743,29.160317182540894,22.333102107048035,3.6706075072288513,162.0,88.0,negative,7307.34635238
7307.34635238,24.83611792325973,22.86532235145569,19.06096839904785,10.767111659049988,167.0,101.0,negative,7283.12182411
7283.12182411,14.842353999614716,10.720443606376648,24.19074434041977,16.460322976112366,149.0,62.0,negative,7263.88127785
7263.88127785,15.661760926246645,24.49070942401886,23.486581087112427,7.834781885147095,158.0,81.0,positive,7273.52607395
7273.52607395,15.335386157035828,22.05272287130356,24.73531812429428,2.4701249599456787,154.0,61.0,negative,7273.03122006
7273.03122006,14.846275746822355,8.767956137657166,30.7897447347641,6.415379405021668,169.0,41.0,positive,7277.66518911
7277.66518911,27.378237426280972,14.74508810043335,25.791860044002533,4.585936546325684,209.0,42.0,negative,7250.99003302
7250.99003302,23.988034427165985,16.415993630886078,25.459205269813538,2.6494140028953552,180.0,37.0,positive,7273.9345934
7273.9345934,16.975678503513336,26.00349992513657,20.5398570895195,3.2724167108535767,139.0,56.0,positive,7278.97886488
7278.97886488,17.425378501415253,15.49376493692398,20.37534636259079,3.923287093639374,125.0,48.0,positive,7303.81519824
7303.81519824,9.70481139421463,20.959891140460968,12.066267549991608,2.426458477973938,89.0,47.0,negative,7300.0420831
7300.0420831,12.880042731761932,16.072458863258362,12.96094936132431,9.6636244058609,108.0,47.0,negative,7280.12710067
7280.12710067,8.34535038471222,11.489108145236967,9.929094076156616,5.115782678127289,70.0,41.0,negative,7257.63868096
7257.63868096,15.508895933628082,3.988269150257111,15.443308115005491,7.301799952983856,116.0,32.0,negative,7207.79244032
7207.79244032,10.506884217262268,10.133888959884644,9.946910500526428,5.438910067081451,86.0,35.0,negative,7159.65054054
7159.65054054,13.391209840774536,7.10359650850296,21.36287409067154,6.967226803302765,118.0,54.0,negative,6974.75912363
6974.75912363,7.130591988563538,17.27289491891861,11.71842736005783,8.838571727275848,64.0,186.0,positive,6978.38870055
6978.38870055,16.174218595027924,13.48437112569809,11.678583145141602,4.196650862693787,81.0,40.0,negative,6944.95357818
6944.95357818,8.309012055397034,15.487163364887238,4.830835998058319,2.715547978878021,87.0,66.0,negative,6936.62061619
6936.62061619,9.795207381248474,5.46812379360199,11.02467441558838,2.343278288841248,67.0,35.0,negative,6917.21996599
6917.21996599,11.499216496944427,10.9383442401886,16.95631504058838,2.210223913192749,122.0,66.0,positive,6940.3339087
6940.3339087,10.476094365119934,9.414330244064333,17.160690009593964,0.8602066040039062,89.0,28.0,negative,6918.87986951
6918.87986951,11.311358511447906,17.193675637245178,13.3933265209198,12.093750894069672,131.0,70.0,positive,6927.82827792
6927.82827792,19.263302266597748,13.034772336483002,20.88675731420517,3.8230347633361816,127.0,42.0,negative,6912.87744086
6912.87744086,16.398196935653687,21.467571020126343,21.644469559192657,5.408946394920349,192.0,87.0,negative,6859.67978795
6859.67978795,23.01996314525604,17.651085019111633,39.01644694805145,7.683245897293091,235.0,50.0,negative,6817.67036853
6817.67036853,20.984171390533447,27.473651349544525,32.23785901069641,9.03296971321106,202.0,112.0,positive,6851.77065811
6851.77065811,27.25593274831772,23.553438246250156,37.97528553009033,9.852523386478424,243.0,93.0,positive,6878.6435379
6878.6435379,20.032738626003265,23.87906104326248,25.45604395866394,14.894833743572237,169.0,94.0,positive,6884.6927181
6884.6927181,16.222408711910248,25.066609740257263,18.7602813243866,8.32807070016861,162.0,73.0,positive,6888.44333682
6888.44333682,19.55766308307648,21.20474535226822,13.533513069152832,3.1380576491355896,131.0,60.0,negative,6881.457046
6881.457046,17.034969091415405,11.3140829205513,17.39571487903595,3.794002413749695,140.0,46.0,positive,6900.55876408
6900.55876408,14.852322936058044,29.922301173210144,11.962627291679382,17.012232065200806,114.0,109.0,negative,6864.74715927
6864.74715927,14.52655565738678,23.54453331232071,13.368240475654602,4.701677978038788,94.0,69.0,positive,6865.49337195
6865.49337195,15.484557092189789,8.76554811000824,13.667683064937592,3.1852094531059265,135.0,48.0,positive,6907.41776069
6907.41776069,15.040955007076263,12.454687356948853,11.302865862846376,4.062082946300507,81.0,38.0,positive,6910.25043703
6910.25043703,10.713414788246157,10.929397284984589,9.406129598617554,3.015105128288269,96.0,32.0,negative,6853.80406765
6853.80406765,15.888837039470673,10.15246045589447,15.396683514118196,0.786164402961731,79.0,31.0,positive,6904.20414312
6904.20414312,12.320571660995483,24.7389412522316,13.612696588039398,0.7357964515686035,68.0,44.0,negative,6902.67635887
6902.67635887,2.504325747489929,6.496555805206299,4.90491259098053,0.8644219040870667,46.0,17.0,positive,6919.56444168
6919.56444168,12.33002495765686,4.36889511346817,5.989123165607452,0.8190099596977234,49.0,20.0,negative,6915.81944958
6915.81944958,8.86824107170105,7.625501155853271,6.719956517219544,3.135186731815338,66.0,22.0,negative,6877.8127483
6877.8127483,5.384129047393799,15.959353804588318,5.975091814994812,1.6913477778434751,55.0,65.0,negative,6870.03606925
6870.03606925,5.579451143741608,25.16218572854996,3.4264490604400635,4.533862233161926,39.0,72.0,negative,6856.32139828
6856.32139828,4.071281015872955,34.16955900192261,13.485347509384155,0.7501229047775269,49.0,87.0,negative,6839.57541565
6839.57541565,11.030647575855255,10.785405158996582,10.047725319862366,1.7723525762557983,70.0,35.0,positive,6871.02280905
6871.02280905,10.812346279621124,13.818975329399109,19.36788320541382,3.27076268196106,95.0,42.0,negative,6862.54086741
6862.54086741,19.95392596721649,25.291400909423828,7.22847580909729,4.265981078147888,99.0,68.0,negative,6852.00743669
6852.00743669,17.95300531387329,12.227173566818236,12.638283789157867,5.882269263267517,109.0,59.0,negative,6832.20402936
6832.20402936,10.409356534481049,23.061938524246216,6.533957004547119,4.712915360927582,87.0,86.0,positive,6836.79205464
6836.79205464,15.42662662267685,12.736333906650543,12.26429295539856,7.482421636581421,104.0,65.0,negative,6814.43924536
6814.43924536,10.834762334823608,34.956589102745056,10.437765717506409,2.278558075428009,86.0,73.0,negative,6808.341746
6808.341746,15.847837448120115,27.53277748823166,25.750293850898743,4.859762489795685,147.0,72.0,negative,6805.76153587
6805.76153587,16.785648465156555,14.369946241378784,25.47390079498291,6.807436764240265,134.0,71.0,negative,6800.1809454
6800.1809454,17.146758019924164,15.714276432991028,8.728473961353302,8.90513813495636,109.0,68.0,negative,6798.25843721
6798.25843721,9.42150741815567,13.287640154361725,12.785450994968414,15.536486685276031,96.0,73.0,positive,6834.63148121
6834.63148121,12.526904940605164,14.897981762886047,10.842909097671509,4.295158803462982,100.0,48.0,positive,6846.73837368
6846.73837368,23.010368049144745,12.61460930109024,16.57575899362564,2.4544864892959595,113.0,32.0,positive,6859.08296343
6859.08296343,10.834496557712557,7.13248610496521,5.565813720226288,2.372784912586212,76.0,30.0,positive,6883.13936518
6883.13936518,9.846063911914824,4.620079874992371,3.2942429184913635,1.7085672616958618,60.0,29.0,negative,6877.16151725
6877.16151725,7.074675381183624,3.3343865275383,10.070861876010897,0.0,59.0,16.0,negative,6832.46278783
6832.46278783,6.539428472518921,5.497843146324158,10.483475685119627,2.4454168677330017,60.0,29.0,negative,6828.04934062
6828.04934062,15.7035591006279,6.406946003437042,10.332747340202332,2.34799599647522,78.0,21.0,positive,6831.5763834
6831.5763834,8.974421441555023,3.2924216985702515,5.152612566947937,3.5311357975006104,49.0,25.0,positive,6846.14608346
6846.14608346,4.663085162639618,11.338573336601256,5.542959570884705,1.6056207418441772,42.0,27.0,negative,6839.7087693
6839.7087693,8.368543982505798,7.241963863372803,3.4660486578941345,3.126714527606964,41.0,31.0,positive,6847.76410517
6847.76410517,7.995132505893707,19.617632687091827,7.342049241065979,3.274071753025055,60.0,55.0,negative,6844.67342019
6844.67342019,9.389616787433624,24.330311119556427,6.393740296363831,2.4161970019340515,56.0,74.0,positive,6858.59338315
6858.59338315,10.529624700546265,8.77611392736435,6.399757742881775,0.879423975944519,71.0,31.0,negative,6853.70661278
6853.70661278,3.991325259208679,16.250055968761444,6.407932877540588,3.5341325402259827,55.0,45.0,positive,6867.4825119
6867.4825119,3.006982207298279,4.706162393093109,3.309972047805786,3.2916184663772583,34.0,30.0,positive,6902.0989216
6902.0989216,12.638290405273438,18.511546730995175,7.582880795001984,4.0243159532547,69.0,59.0,positive,6925.49522839
6925.49522839,12.53430598974228,17.045754194259644,4.69685685634613,3.247385799884796,86.0,50.0,positive,6976.02225995
6976.02225995,10.455167472362518,22.272269427776337,9.745880424976349,4.2783262729644775,81.0,115.0,positive,7001.5359601
7001.5359601,15.852204740047457,23.56996953487396,5.0983370542526245,7.858615040779114,71.0,106.0,positive,7068.97833931
7068.97833931,20.829144597053528,17.657866299152374,19.564077258110046,5.631044745445252,120.0,138.0,negative,7064.88211751
7064.88211751,15.01923894882202,22.52953141927719,15.573224008083344,1.522636651992798,129.0,121.0,negative,7050.46700784
7050.46700784,16.819287061691284,24.788906276226044,10.636631906032562,2.466539740562439,127.0,62.0,positive,7099.89413251
7099.89413251,15.465847134590147,13.166276812553406,16.90091562271118,4.061673700809479,120.0,47.0,negative,7084.88526185
7084.88526185,13.92909049987793,13.283413887023926,21.8215845823288,8.509348630905151,114.0,49.0,positive,7087.68712595
7087.68712595,16.242657601833344,11.340780556201937,16.107848703861237,4.97072821855545,116.0,56.0,negative,7013.48983219
7013.48983219,15.70913964509964,10.60732650756836,16.638595044612885,6.38629424571991,102.0,60.0,negative,6971.09159108
6971.09159108,12.192015409469604,11.362997591495514,9.095019161701202,1.7381719946861267,92.0,41.0,negative,6757.20766939
6757.20766939,14.472240567207336,7.970673322677612,19.0520977973938,2.567018985748291,119.0,227.0,negative,6688.25175816
6688.25175816,21.631338953971863,4.200660347938538,14.678416907787325,1.7806473970413208,112.0,31.0,positive,6724.38265241
6724.38265241,20.503673672676086,6.222381949424744,22.468189537525177,5.861356377601624,130.0,41.0,negative,6693.29295419
6693.29295419,16.193617820739746,6.159755289554596,12.49930214881897,2.412781059741974,107.0,25.0,positive,6714.87459044
6714.87459044,16.624788105487823,2.359714150428772,22.909966468811035,0.0,133.0,22.0,negative,6707.82779142
6707.82779142,7.917512476444244,9.193490087985992,10.80261766910553,3.331687331199646,107.0,20.0,positive,6735.76465962
6735.76465962,8.586713373661041,4.948277115821838,8.4768026471138,2.548990249633789,79.0,27.0,negative,6707.25557312
6707.25557312,13.626975655555723,2.5386911630630493,10.883938133716583,1.5564199090003967,83.0,16.0,positive,6712.7492046
6712.7492046,14.52243685722351,8.709563255310059,16.0510812997818,1.46419095993042,108.0,32.0,negative,6698.9252809
6698.9252809,13.310515642166138,10.589693665504456,17.328532695770264,1.749656617641449,113.0,32.0,positive,6722.25924957
6722.25924957,10.421298146247864,10.996153831481934,19.309871673583984,2.498094737529754,124.0,40.0,positive,6802.58810638
6802.58810638,16.266667366027832,31.861220836639404,13.430037438869476,0.0,123.0,71.0,negative,6710.65256143
6710.65256143,15.33859771490097,54.66637843847275,26.573087632656097,2.3957996368408203,157.0,127.0,negative,6696.50193812
6696.50193812,24.5767325758934,30.97464084625244,19.32620483636856,4.145790576934815,147.0,120.0,positive,6713.13345238
6713.13345238,20.7363161444664,31.533064126968384,28.31146198511124,4.104250907897949,166.0,97.0,positive,6770.89615981
6770.89615981,30.17719334363937,27.766486167907715,30.92106235027313,5.570127487182617,214.0,80.0,negative,6761.39323384
6761.39323384,19.180362105369568,35.35205394029617,42.45180559158325,7.294673562049866,176.0,97.0,positive,6765.59455375
6765.59455375,18.04522466659546,25.994634687900543,26.095682859420776,5.8891220688819885,161.0,82.0,positive,6769.47762756
6769.47762756,23.4477179646492,17.56133085489273,23.71522027254105,1.6234684586524963,148.0,63.0,positive,6786.64588165
6786.64588165,26.829060971736908,24.87815648317337,19.471810817718502,4.638779997825623,164.0,62.0,negative,6785.88953375
6785.88953375,20.10300582647324,11.288788676261902,21.59400451183319,3.42547619342804,145.0,41.0,positive,6805.82300382
6805.82300382,18.21185564994812,15.78372210264206,21.572528779506683,2.977141559123993,140.0,52.0,positive,6860.65034073
6860.65034073,10.41079694032669,9.339294970035551,16.214583158493042,3.3996095657348637,93.0,31.0,negative,6845.03769683
6845.03769683,21.55937057733536,19.58483076095581,23.424144327640533,4.182395756244659,131.0,72.0,positive,6848.11637197
6848.11637197,18.73153269290924,16.11476296186447,19.408769011497498,4.06490021944046,118.0,41.0,positive,6853.26982577
6853.26982577,13.747989416122437,10.958492577075958,23.715195953845974,2.303298771381378,124.0,32.0,positive,6863.87756704
6863.87756704,14.169191002845764,4.715609133243561,14.01951789855957,6.278469026088715,87.0,20.0,positive,6891.35912528
6891.35912528,8.521179378032684,7.979238092899322,8.26861947774887,1.5653411746025083,75.0,38.0,positive,6894.09611975
6894.09611975,7.478717505931854,10.09933978319168,5.202553629875183,5.293636620044708,62.0,46.0,positive,6895.97158956
6895.97158956,11.95891696214676,5.699470579624176,13.136382579803469,2.4153823852539062,72.0,31.0,negative,6881.5179037
6881.5179037,9.55936473608017,10.760445475578308,7.505349099636078,5.640627801418304,77.0,41.0,negative,6845.17494914
6845.17494914,8.992104351520538,10.086270034313202,17.956866800785065,1.6493078470230105,91.0,49.0,negative,6803.84001894
6803.84001894,16.14683312177658,10.997704982757568,11.18261456489563,3.157906711101532,90.0,43.0,positive,6831.5642654
6831.5642654,17.156322300434113,8.24201786518097,12.077858746051788,1.6967100501060486,105.0,26.0,positive,6853.95023616
6853.95023616,22.326786398887634,29.77694141864777,9.591901361942291,5.883794844150543,105.0,56.0,negative,6844.84829885
6844.84829885,15.761378467082976,28.899240374565125,10.74994158744812,3.889158010482788,116.0,66.0,positive,6853.49191192
6853.49191192,12.486008167266846,16.09191071987152,22.204755306243896,3.543602466583252,103.0,61.0,positive,6884.04782561
6884.04782561,14.76989197731018,28.070644557476044,19.888478994369507,5.854639172554016,156.0,96.0,positive,6912.12481381
6912.12481381,27.55868136882782,30.880151689052585,21.346132218837734,5.542518317699432,163.0,114.0,positive,6920.69491005
6920.69491005,31.03273034095764,29.87490051984787,26.10974609851837,11.291369557380676,227.0,109.0,positive,6941.40342574
6941.40342574,19.86531925201416,25.0512313246727,22.39318871498108,4.752113521099091,151.0,77.0,negative,6934.57908482
6934.57908482,25.648935198783875,18.867501318454742,26.1204406619072,6.403649687767029,205.0,69.0,negative,6917.43457416
6917.43457416,26.36897647380829,31.15589952468872,19.617415964603424,7.3396220207214355,189.0,78.0,negative,6908.68717245
6908.68717245,21.20748609304428,36.09301829338074,19.62231659889221,2.4489670991897583,158.0,81.0,negative,6875.43209402
6875.43209402,20.17159354686737,21.2829909324646,13.09505945444107,5.252386927604675,129.0,73.0,negative,6874.98736238
6874.98736238,27.57644093036652,14.891740918159485,17.519844472408295,2.3752705454826355,161.0,52.0,negative,6854.67940021
6854.67940021,21.145499885082245,15.09537273645401,17.986168086528778,1.674636721611023,132.0,39.0,negative,6845.56171696
6845.56171696,23.89344823360443,13.578101098537443,14.04247921705246,16.00391525030136,107.0,67.0,negative,6844.05891366
6844.05891366,16.675981402397156,6.86867880821228,16.64014494419098,4.059099614620209,103.0,40.0,positive,6867.28448969
6867.28448969,14.523266434669496,10.244863986968994,15.89906758069992,1.5601476430892944,100.0,24.0,positive,6902.28395992
6902.28395992,8.077797591686249,8.037460386753082,10.941681921482086,2.296376049518585,97.0,36.0,positive,6911.14023689
6911.14023689,10.983059167861938,14.16176414489746,9.843990325927734,1.6831321120262146,106.0,37.0,positive,6911.22723682
6911.22723682,13.644447684288023,9.841852962970734,5.4597479701042175,0.7051780819892883,92.0,29.0,positive,6914.81833903
6914.81833903,12.133662283420565,11.48207688331604,21.33580684661865,0.0,102.0,24.0,negative,6903.67784171
6903.67784171,13.605512738227844,13.26839166879654,17.93048107624054,2.268778383731842,102.0,34.0,negative,6876.09089035
6876.09089035,10.576211214065552,12.625893712043762,10.378404438495636,1.6766735315322876,76.0,34.0,negative,6868.70071497
6868.70071497,14.76963210105896,12.214554369449615,16.2757448554039,0.7954890131950378,93.0,26.0,negative,6855.72479494
6855.72479494,18.15644186735153,9.68982881307602,12.205476880073547,8.243723928928375,108.0,33.0,negative,6807.18583308
6807.18583308,13.113637745380402,8.164967358112335,12.373823046684263,3.0955777168273926,78.0,34.0,negative,6792.06227232
6792.06227232,13.287903368473051,8.448235094547272,12.85716336965561,5.849345624446869,86.0,27.0,negative,6723.93111502
6723.93111502,19.164346635341644,23.098602294921875,23.83317214250565,4.233061194419861,126.0,83.0,positive,6731.23604025
6731.23604025,23.43577998876572,24.930584192276,18.428971648216248,7.860403060913086,163.0,94.0,positive,6736.51198322
6736.51198322,25.912421464920044,29.02585911750793,26.404273331165317,5.589527189731598,192.0,93.0,negative,6720.18901153
6720.18901153,15.826275527477264,24.614172041416168,21.46785539388657,18.164412021636963,166.0,87.0,positive,6727.54789361
6727.54789361,17.679088056087494,20.800788581371307,24.1872820854187,3.371717691421509,148.0,59.0,negative,6722.37508565
6722.37508565,20.50155246257782,13.780387043952942,31.492557048797607,3.416196823120117,169.0,40.0,positive,6734.04659988
6734.04659988,20.939968585968018,14.244734585285189,28.92247629165649,3.831799566745758,152.0,43.0,positive,6741.71286312
6741.71286312,11.90709501504898,13.341359734535216,15.95444256067276,2.558388352394104,133.0,43.0,negative,6720.74549364
6720.74549364,15.40731942653656,16.200668573379517,17.618196606636047,1.5613307356834412,121.0,42.0,positive,6739.93748068
6739.93748068,27.56314492225647,16.368524312973022,22.41423863172531,5.673361957073212,158.0,40.0,negative,6727.14583742
6727.14583742,28.843101799488068,21.237100303173065,19.09073680639267,3.322457253932953,167.0,52.0,negative,6642.10989286
6642.10989286,16.090692162513733,11.210963308811188,24.67888605594635,5.906524837017059,157.0,107.0,negative,6583.78488555
6583.78488555,19.19387269020081,3.898267924785614,20.462179839611053,5.481629967689514,161.0,197.0,positive,6627.74876497
6627.74876497,16.95037353038788,14.970501959323885,16.024416387081146,6.9223952293396,118.0,58.0,positive,6643.06305435
6643.06305435,19.85027050971985,7.612556219100952,22.01073515415192,0.778110146522522,142.0,24.0,positive,6657.9784975
6657.9784975,9.271535098552704,13.244740426540377,12.444870591163635,6.575789332389832,71.0,54.0,negative,6641.85107875
6641.85107875,12.24880176782608,8.556361436843872,16.367585361003876,1.6121407747268677,75.0,25.0,negative,6639.48699625
6639.48699625,9.045389652252195,6.867797136306763,7.908430635929108,2.4616702795028687,74.0,30.0,positive,6684.70073708
6684.70073708,15.339282929897308,4.853010654449463,12.86741030216217,13.816291987895966,86.0,40.0,positive,6883.95931663
6883.95931663,22.47501391172409,10.672985255718231,15.87460172176361,9.623032093048096,108.0,226.0,positive,7021.54703841
7021.54703841,8.971937358379364,8.775047898292542,10.312639713287354,4.033177018165588,85.0,173.0,positive,7025.23046891
7025.23046891,12.809064626693726,15.120596706867218,7.360745966434479,2.5313207507133484,77.0,48.0,negative,6957.61781136
6957.61781136,6.348913788795471,9.65094769001007,17.444396674633026,6.620197117328644,77.0,57.0,positive,7019.38647056
7019.38647056,16.7966530919075,10.187536656856537,12.29856413602829,4.13375598192215,106.0,44.0,positive,7035.34101818
7035.34101818,15.284462213516235,22.892334282398224,10.537157118320463,6.553927004337311,113.0,68.0,negative,7000.16404413
7000.16404413,14.609780550003052,27.07089072465897,23.57103556394577,2.2852615118026733,136.0,74.0,positive,7024.41869383
7024.41869383,20.647031486034397,41.80849194526672,20.55445122718811,15.068199276924132,154.0,127.0,positive,7053.47970086
7053.47970086,23.320884466171265,41.58826845884323,20.267613410949707,5.784388542175293,157.0,118.0,negative,7023.67530202
7023.67530202,12.086779654026031,30.134927093982697,19.4718074798584,13.949312329292296,163.0,97.0,negative,7021.34204247
7021.34204247,17.99834156036377,22.47278106212616,23.945976555347443,7.416747748851776,145.0,68.0,positive,7021.86975458
7021.86975458,10.60767251253128,21.22274786233902,22.236224055290226,3.389287054538727,135.0,66.0,positive,7035.30198652
7035.30198652,32.69325000047684,20.00567102432251,24.689480662345886,5.680556893348694,196.0,72.0,positive,7050.00424268
7050.00424268,15.541547238826752,22.409178912639614,26.633044362068176,5.37578159570694,148.0,73.0,negative,7033.18008498
7033.18008498,13.348596334457396,26.77200883626938,19.810675740242004,1.5492839217185974,127.0,68.0,positive,7111.34127528
7111.34127528,22.94060981273651,9.47151505947113,24.96775984764099,5.175585150718689,173.0,71.0,positive,7116.55260865
7116.55260865,14.521751999855042,20.85151767730713,22.090579509735107,7.003881275653839,139.0,65.0,negative,7106.29873018
7106.29873018,20.866077303886414,13.371273756027222,16.384667217731476,2.3619760274887085,117.0,56.0,positive,7115.03617523
7115.03617523,33.99551051855087,20.18493890762329,16.94924086332321,2.379964411258697,157.0,57.0,positive,7119.96050378
7119.96050378,14.565573036670685,17.11431586742401,14.14759385585785,5.479168117046356,118.0,53.0,negative,7119.96050378
7119.96050378,17.57290208339691,14.326974332332613,16.016450881958008,2.3319128155708317,111.0,46.0,negative,7095.35769237
7095.35769237,9.676199078559875,9.821325361728668,12.265783429145811,3.343464434146881,92.0,32.0,negative,7089.8759135
7089.8759135,12.495642244815826,5.79911196231842,16.600184559822083,0.0,97.0,18.0,negative,7089.8759135
7089.8759135,11.973066091537476,10.330863356590273,19.53411996364593,0.9677820801734924,106.0,28.0,positive,7106.63949916
7106.63949916,15.322951912879944,15.259163320064545,18.79907238483429,1.5418680310249329,116.0,40.0,negative,7084.55041026
7084.55041026,8.615968346595764,16.978958308696747,9.998088121414185,3.910885810852051,73.0,47.0,positive,7100.15481768
7100.15481768,14.053982377052307,14.86834067106247,7.29831463098526,3.187803149223328,81.0,56.0,negative,7097.02831223
7097.02831223,13.694530129432678,17.302220463752747,9.341556310653688,3.2704599499702454,78.0,44.0,positive,7102.02547187
7102.02547187,12.729728698730469,13.283102333545685,14.03050309419632,1.4716340899467468,88.0,43.0,positive,7115.43916259
7115.43916259,14.392251014709473,11.062761962413788,13.06598663330078,2.3205907344818115,100.0,47.0,negative,7071.60494701
7071.60494701,18.30918198823929,24.87852078676224,20.242740213871,5.6943382024765015,141.0,92.0,negative,7052.87259052
7052.87259052,21.507104814052585,25.0137312412262,23.4855672121048,7.69810688495636,166.0,85.0,positive,7086.01922395
7086.01922395,21.527363419532776,25.7813703417778,20.36458706855774,8.012207925319672,146.0,82.0,positive,7088.54941214
7088.54941214,24.47637712955475,41.2595374584198,15.944595694541931,8.353279948234558,143.0,119.0,negative,7081.47060324
7081.47060324,20.25694090127945,29.60578048229217,15.737941145896912,11.57783728837967,135.0,92.0,negative,7074.1071902
7074.1071902,18.21697729825973,25.793039679527283,19.23620587587357,5.5641292333602905,126.0,88.0,positive,7107.2159666
7107.2159666,20.470959961414337,10.778187572956083,20.355493307113647,5.665009260177612,147.0,47.0,negative,7097.5218006
7097.5218006,12.96800047159195,18.86338496208191,14.19893765449524,4.098764002323151,110.0,60.0,negative,7078.29459168
7078.29459168,10.929305911064148,14.779048144817352,23.13754349946976,3.060045659542084,116.0,60.0,positive,7100.29474669
7100.29474669,16.388145089149475,17.449957609176636,15.981597542762756,4.439773738384247,129.0,60.0,negative,7096.18465879
7096.18465879,12.76587563753128,17.170352399349213,16.713080644607544,1.7375637292861938,105.0,50.0,positive,7112.59221606
7112.59221606,14.22493541240692,21.620716154575348,20.47827386856079,3.142876982688904,122.0,53.0,positive,7115.46200892
7115.46200892,14.629560112953186,18.25109302997589,14.990146160125732,5.443443834781647,81.0,47.0,positive,7131.14908109
7131.14908109,17.63388442993164,26.16937226057053,15.502705991268158,2.298367500305176,94.0,52.0,positive,7132.39685659
7132.39685659,11.436999678611755,15.412427067756653,14.45064491033554,1.5240271091461182,98.0,36.0,positive,7134.06018798
7134.06018798,12.725583255290983,10.354148268699646,11.030269622802734,3.408230721950531,73.0,38.0,positive,7155.73598374
7155.73598374,11.91959136724472,9.493301212787628,14.99859356880188,0.0,85.0,25.0,negative,7146.05772317
7146.05772317,11.105979561805723,10.330615043640137,13.63103812932968,3.4518786668777466,99.0,31.0,positive,7146.74461353
7146.74461353,16.884382784366608,13.905961573123932,9.745065927505491,0.8099356293678284,72.0,36.0,positive,7147.05093378
7147.05093378,16.702888906002045,13.265137255191805,3.755586564540863,1.5927196145057678,73.0,34.0,positive,7148.05811614
7148.05811614,11.77396523952484,21.05308359861374,7.303985297679901,4.600740134716034,50.0,59.0,negative,7141.03860842
7141.03860842,12.049864530563354,32.98379868268967,7.28250253200531,2.3562121391296387,53.0,59.0,negative,7140.7882613
7140.7882613,7.642995119094849,19.955673098564148,7.362894952297211,10.541199386119844,69.0,60.0,positive,7143.92356159
7143.92356159,16.705805778503418,19.50625991821289,8.720053732395172,0.7613996267318726,79.0,65.0,positive,7232.45734682
7232.45734682,16.222535371780396,29.75736433267593,13.780941486358644,6.210227072238922,121.0,105.0,negative,7229.66135792
7229.66135792,13.156665444374084,21.867607474327087,19.92081850767136,4.186922788619995,142.0,73.0,positive,7233.65671843
7233.65671843,21.731905341148376,25.924893379211422,10.858429312705994,6.054171621799469,137.0,78.0,negative,7232.30173483
7232.30173483,16.530785620212555,26.0867919921875,14.405317485332487,5.969761252403259,142.0,88.0,negative,7229.9021128
7229.9021128,23.642395317554477,28.83954292535782,30.60789054632187,2.517738997936249,194.0,70.0,positive,7235.90739019
7235.90739019,25.23476332426071,18.040488719940186,25.991111874580383,4.849543750286102,163.0,50.0,negative,7229.30136786
7229.30136786,15.614252507686617,10.44470340013504,13.69126832485199,3.148652136325836,134.0,40.0,positive,7233.99243676
7233.99243676,13.762220323085783,26.167181074619293,21.08795750141144,0.876444399356842,152.0,65.0,negative,7231.7716654
7231.7716654,27.144307911396027,16.389570713043213,31.88487648963928,9.505876243114471,167.0,59.0,positive,7260.4011375
7260.4011375,27.70650255680084,23.75750505924225,21.33943212032318,4.851419746875763,154.0,69.0,negative,7257.66485847
7257.66485847,8.862407207489014,15.737209796905518,9.853805720806122,2.311611235141754,99.0,36.0,positive,7269.27430331
7269.27430331,16.022638738155365,16.87423688173294,15.408678889274595,0.7969689965248108,113.0,36.0,negative,7259.54501424
7259.54501424,12.07524871826172,6.909597396850586,12.378541767597198,2.6741536259651184,112.0,27.0,positive,7271.4405159
7271.4405159,18.716917514801025,16.043667674064636,24.659065186977383,1.6113495826721191,162.0,29.0,negative,7262.31832088
7262.31832088,21.27815455198288,12.123093008995056,15.334088027477264,2.293668270111084,145.0,41.0,negative,7261.44376948
7261.44376948,17.017203211784363,7.994538009166717,23.206508219242096,0.7550527453422546,148.0,25.0,negative,7211.54826048
7211.54826048,13.55330753326416,8.120624423027039,17.974935173988342,0.0,101.0,44.0,positive,7220.52683474
7220.52683474,9.489503562450407,9.861603438854218,21.92612886428833,0.7733098268508911,108.0,32.0,negative,7211.14204447
7211.14204447,17.0431307554245,6.2266175746917725,11.455746173858644,9.16114729642868,121.0,36.0,positive,7212.20455645
7212.20455645,9.828947186470032,13.769825160503387,14.36842042207718,7.169473052024841,67.0,43.0,positive,7221.6042689
7221.6042689,11.16172093153,8.910625278949738,7.34895384311676,0.7865952849388123,82.0,25.0,positive,7231.89598353
7231.89598353,5.616868913173676,17.90483170747757,14.714905560016632,11.893825590610504,91.0,49.0,negative,7216.44310523
7216.44310523,11.450245916843414,9.545672059059145,15.565944373607635,4.75482577085495,75.0,33.0,positive,7231.37535771
7231.37535771,19.74353301525116,16.904277563095093,13.046439945697784,2.342448472976685,100.0,37.0,negative,7195.03941407
7195.03941407,13.931546092033386,21.33713126182556,7.666945219039917,3.117130756378174,88.0,78.0,negative,7185.67571323
7185.67571323,21.124841392040253,19.3572558760643,27.27138262987137,6.32257604598999,168.0,60.0,negative,7176.10261633
7176.10261633,24.20742690563202,26.84307038784027,32.29653424024582,9.188382089138033,197.0,84.0,positive,7186.72320161
7186.72320161,19.96232908964157,20.4205983877182,28.312803268432617,1.5633418560028076,166.0,56.0,positive,7216.43808559
7216.43808559,24.14436584711075,19.581389248371124,24.076240122318268,8.153555870056152,168.0,84.0,negative,7215.09429548
7215.09429548,22.19015598297119,21.491539895534515,15.280760169029236,5.3200443983078,159.0,68.0,positive,7216.05684684
7216.05684684,17.818387985229492,21.372042059898376,23.771399438381195,5.162493467330933,169.0,76.0,negative,7203.02721575
7203.02721575,26.464433073997498,23.4309840798378,21.735900163650516,8.441382646560669,184.0,59.0,positive,7209.02949871
7209.02949871,13.080678582191467,26.778704404830933,23.35353547334671,22.583221316337585,133.0,103.0,positive,7233.23344075
7233.23344075,15.84543639421463,35.088607490062714,16.927484035491943,1.603308081626892,123.0,71.0,negative,7189.42482356
7189.42482356,13.620648562908173,21.793588399887085,14.00594037771225,5.020602285861969,96.0,53.0,positive,7216.57290493
7216.57290493,8.3809494972229,15.948809802532196,12.997634947299955,1.678500771522522,92.0,38.0,negative,7214.54801311
7214.54801311,12.323135495185852,20.3088693022728,14.177264630794523,7.086068630218506,89.0,53.0,positive,7229.25560314
7229.25560314,12.596444427967072,9.933321058750153,12.859189331531525,3.457721531391144,115.0,37.0,negative,7225.18014466
7225.18014466,14.756114602088928,15.36490797996521,18.564892768859863,4.727420508861542,125.0,50.0,negative,7222.58962701
7222.58962701,9.546692967414856,12.457726418972015,12.111584305763245,6.566813170909882,94.0,50.0,negative,7202.23321462
7202.23321462,10.802513003349304,17.805739402770996,13.455352306365969,2.591512739658356,83.0,43.0,negative,7197.39465176
7197.39465176,8.372830867767334,8.183174192905426,12.311417281627657,3.2629936933517456,76.0,37.0,positive,7206.90678505
7206.90678505,13.550547480583193,10.873766541481018,14.471680998802183,31.07684999704361,92.0,84.0,positive,7211.61364274
7211.61364274,9.88829892873764,22.085550487041477,10.121754109859468,1.5825529098510742,74.0,52.0,negative,7198.95791227
7198.95791227,7.758785724639893,8.405254304409027,11.461247324943542,0.0,78.0,30.0,negative,7132.3882436
7132.3882436,14.486453413963318,12.773814916610718,10.760813534259796,3.1691200137138367,73.0,77.0,negative,7049.84800585
7049.84800585,14.066655814647676,17.47972196340561,7.907674729824066,1.4765029549598694,66.0,112.0,positive,7079.77786676
7079.77786676,16.189594566822052,18.63438719511032,9.939630925655363,6.767179310321808,86.0,98.0,negative,7075.95832684
7075.95832684,15.64331191778183,15.183296144008636,15.682196378707886,5.678736329078674,123.0,76.0,positive,7083.44909904
7083.44909904,14.51263791322708,23.597962200641632,15.391142666339874,6.350879907608032,107.0,82.0,positive,7093.61921263
7093.61921263,19.176040649414062,36.234803378582,8.793062388896942,6.432173132896423,115.0,121.0,negative,7081.23967363
7081.23967363,16.794542014598846,21.03977084159851,12.382146120071411,3.3855692744255066,114.0,65.0,negative,6949.90892279
6949.90892279,11.826800286769869,31.912725746631622,15.665762603282928,8.170901834964752,123.0,169.0,negative,6932.67062012
6932.67062012,12.454573154449465,54.02477276325226,18.087718307971954,18.97584468126297,126.0,224.0,negative,6856.43277615
6856.43277615,14.139100015163422,37.81399029493332,17.311702609062195,13.719653964042664,119.0,195.0,positive,6896.09875805
6896.09875805,13.151708722114565,71.94174748659134,19.945591390132904,17.615370512008667,99.0,203.0,negative,6894.33895837
6894.33895837,9.261562168598177,32.609137177467346,12.27841705083847,9.380191564559937,98.0,123.0,positive,6912.34916266
6912.34916266,9.082248568534853,29.085449814796448,11.632672667503355,6.788437724113464,70.0,92.0,negative,6881.95869275
6881.95869275,11.867552280426024,20.489199340343475,14.203536808490751,6.136821925640106,90.0,70.0,positive,6918.29776358
6918.29776358,12.8601433634758,24.74136620759964,13.964143455028534,6.464898228645325,81.0,82.0,negative,6907.49451462
6907.49451462,11.572529554367064,18.915154814720157,11.233949303627014,7.323573589324951,81.0,73.0,negative,6896.81076219
6896.81076219,13.526333451271055,15.231778502464294,7.623072504997253,7.154568791389465,83.0,68.0,negative,6895.50055836
6895.50055836,13.855994582176208,10.987981736660004,16.06662666797638,6.614514589309692,103.0,61.0,negative,6890.62151634
6890.62151634,10.574443817138672,21.11683666706085,4.99496203660965,9.042133092880247,71.0,75.0,positive,6914.31654248
6914.31654248,13.002890646457672,14.600801944732666,9.853914201259611,3.292688012123108,66.0,41.0,positive,6918.58734178
6918.58734178,18.54368472099304,19.961015105247498,8.771683156490326,3.268561840057373,84.0,54.0,negative,6906.15042545
6906.15042545,8.429470598697662,5.608976423740387,7.574469208717346,3.3615116477012634,61.0,32.0,negative,6899.85062247
6899.85062247,9.532866179943085,15.54576987028122,10.772988319396973,6.471594989299774,82.0,55.0,negative,6839.38400162
6839.38400162,7.213951528072357,12.829898178577425,8.89291912317276,1.6729681491851809,78.0,57.0,positive,6856.249121
6856.249121,12.76411098241806,15.59597623348236,12.496794283390043,4.965718388557434,104.0,53.0,negative,6839.48108635
6839.48108635,16.00341099500656,22.687556087970734,4.950983226299286,2.5872044563293457,89.0,65.0,positive,6851.11179824
6851.11179824,15.834876954555511,27.38729006052017,17.576164722442627,4.027652561664581,135.0,74.0,positive,6853.6382952
6853.6382952,16.975879848003387,15.28702199459076,11.921829521656036,7.940731406211853,113.0,63.0,positive,6871.43527468
6871.43527468,15.423549890518188,29.88320130109787,18.847098886966705,4.972342252731323,148.0,95.0,negative,6860.0962838
6860.0962838,18.09597879648209,29.368072748184204,20.198844075202945,13.26029622554779,136.0,90.0,positive,6874.66192425
6874.66192425,16.011536955833435,48.86829000711441,19.771726608276367,7.277746677398682,139.0,202.0,positive,6895.29615527
6895.29615527,23.75445783138275,70.41005456447601,21.346052527427677,15.619294226169586,157.0,320.0,negative,6891.77561107
6891.77561107,14.85741412639618,56.66956204175949,16.135526180267334,6.520839035511017,131.0,173.0,positive,6897.94832278
6897.94832278,29.396614968776703,47.79584854841232,28.900974929332733,5.506899058818817,176.0,150.0,negative,6889.55264492
6889.55264492,6.46723210811615,28.464844942092896,16.669527173042297,2.4927881956100464,113.0,102.0,positive,6897.1308731
6897.1308731,13.368652045726776,39.533691108226776,15.677399039268494,11.02883505821228,126.0,127.0,positive,6899.09168263
6899.09168263,15.015691459178925,40.93854308128357,15.08107477426529,3.753337681293488,118.0,110.0,negative,6880.32347375
6880.32347375,12.25545984506607,29.160389304161072,19.83440113067627,5.68630313873291,104.0,83.0,negative,6874.21546151
6874.21546151,12.131201982498167,20.007792115211487,8.231270372867584,3.3236188888549805,91.0,76.0,positive,6875.65942207
6875.65942207,22.598244547843933,23.04260766506195,16.801202297210693,11.571087837219238,129.0,88.0,positive,6886.31999875
6886.31999875,17.345052421092987,21.64443653821945,12.723100066184998,4.024646162986755,104.0,61.0,positive,6887.55375965
6887.55375965,10.915716707706451,29.81002658605576,11.60032081604004,3.776035785675049,72.0,86.0,positive,6893.17629302
6893.17629302,13.543177604675291,20.715897500514984,11.399846136569977,4.886020243167877,82.0,74.0,positive,6903.69703927
6903.69703927,19.565169394016262,30.31570613384247,13.743197798728945,4.606679081916809,101.0,72.0,positive,6930.06020877
6930.06020877,23.029422998428345,24.40760111808777,7.04194176197052,7.477833688259125,103.0,78.0,positive,6962.52140762
6962.52140762,24.784260630607605,13.261104941368105,17.333698451519012,3.873416304588318,135.0,64.0,positive,6983.97091577
6983.97091577,16.503392934799194,14.559958815574646,15.77081972360611,4.676198184490204,103.0,51.0,positive,6989.69809296
6989.69809296,5.870670735836029,20.29527223110199,11.701108157634737,2.3425979018211365,66.0,61.0,negative,6976.21514616
6976.21514616,13.45608764886856,27.38833731412888,7.101449906826019,4.985243499279022,82.0,80.0,positive,6989.93797665
6989.93797665,13.002983689308168,28.88387256860733,7.117929220199585,10.972258269786836,94.0,101.0,positive,6990.49645325
6990.49645325,21.616773307323456,24.27159959077835,15.623582482337952,9.191187262535095,107.0,124.0,positive,7051.51341042
7051.51341042,17.37732082605362,47.42764937877655,11.689802706241608,7.704519629478455,117.0,205.0,positive,7123.91070081
7123.91070081,17.92434275150299,29.56047421693802,18.78904837369919,7.362199485301971,132.0,115.0,positive,7130.9531813
7130.9531813,7.989011585712433,26.636724054813385,19.46846878528595,7.438790023326874,126.0,96.0,negative,7127.60746996
7127.60746996,21.961132049560547,24.995636761188507,22.610867500305176,3.155532538890838,170.0,101.0,negative,7121.43264902
7121.43264902,19.967923283576965,24.539190232753757,16.99599391222,3.922705352306366,168.0,80.0,positive,7133.9705045
7133.9705045,19.045830130577087,26.449804484844208,16.818937957286835,5.761857569217682,137.0,77.0,negative,7128.37344771
7128.37344771,13.664040982723236,13.847173035144806,15.77092730998993,3.876427114009857,145.0,67.0,negative,7101.0487195
7101.0487195,17.867781281471252,21.292591631412503,16.512419879436493,2.275953531265259,141.0,63.0,negative,7098.91919342
7098.91919342,24.9348281621933,26.131985306739807,27.847882449626923,7.766704320907593,196.0,67.0,positive,7115.79065889
7115.79065889,18.009932100772858,19.652432322502136,21.2217230796814,5.712831735610962,148.0,88.0,positive,7117.20747869
7117.20747869,17.022487699985504,22.218018233776093,15.95212870836258,5.04710191488266,112.0,59.0,positive,7131.32638134
7131.32638134,14.938720107078552,25.4645192027092,17.019852340221405,4.803150057792664,89.0,81.0,positive,7176.26234341
7176.26234341,8.945651233196259,25.166423082351685,12.286869704723358,3.3768150210380554,77.0,84.0,negative,7158.77365738
7158.77365738,13.017329514026642,20.170196890830997,15.558168232440948,6.670545220375061,78.0,62.0,negative,7154.30806765
7154.30806765,7.271290421485901,21.901552975177765,5.158143997192383,2.346320927143097,61.0,56.0,negative,7138.24726554
7138.24726554,6.597452402114868,27.29177737236023,8.780202686786652,2.355528771877289,68.0,81.0,negative,7106.14628417
7106.14628417,14.316291511058807,17.989719569683075,12.555624902248384,5.72301596403122,88.0,54.0,negative,7088.13880489
7088.13880489,12.565967798233032,10.454018592834473,8.931035578250885,2.3967992663383484,80.0,76.0,positive,7095.14479449
7095.14479449,10.54348772764206,7.281862556934357,7.485066652297974,1.704074144363403,81.0,31.0,positive,7105.6876178
7105.6876178,21.759900748729702,7.463313639163971,18.72843825817108,2.885183036327362,117.0,29.0,negative,7092.57230942
7092.57230942,14.335336089134216,6.3421502113342285,9.809708297252657,4.871174395084381,102.0,30.0,negative,7086.2403913
7086.2403913,19.66292041540146,14.386159300804138,15.146895289421082,5.959386110305786,140.0,43.0,positive,7099.6157908
7099.6157908,17.202583014965057,13.460956692695618,14.07169234752655,3.904167652130127,114.0,49.0,positive,7141.83717947
7141.83717947,24.013570249080654,19.649968564510345,22.237439334392548,6.851471185684204,150.0,91.0,positive,7201.85992146
7201.85992146,16.92362803220749,35.81993907690048,21.836326777935028,7.860363185405731,157.0,133.0,positive,7447.83789075
7447.83789075,40.39428973197937,29.77654904127121,32.33706223964691,7.765966475009918,267.0,654.0,positive,7456.82951206
7456.82951206,27.42031043767929,36.83252936601639,35.88874852657318,6.413972854614258,242.0,113.0,positive,7465.77929038
7465.77929038,32.89567965269089,28.08049565553665,32.118620693683624,12.3422931432724,212.0,93.0,negative,7464.70509965
7464.70509965,34.2206854224205,42.15039664506912,20.52653712034225,6.402964353561401,197.0,121.0,negative,7444.49478006
7444.49478006,22.533567667007446,23.398718893527985,34.570006012916565,8.316769182682037,186.0,63.0,positive,7458.83036311
7458.83036311,17.796587467193604,21.88881516456604,23.02564686536789,6.580884873867035,155.0,72.0,positive,7462.57770608
7462.57770608,26.947384357452396,28.98904550075531,21.76749789714813,4.818565011024475,191.0,79.0,positive,7481.79533616
7481.79533616,19.736764192581177,35.95630466938019,18.082353830337524,6.283658504486084,133.0,102.0,negative,7474.48130754
7474.48130754,18.291877567768097,25.27888596057892,26.147497236728668,2.4427184462547302,147.0,52.0,negative,7429.72464927
7429.72464927,14.83800858259201,18.5461727976799,16.673561692237854,2.391149044036865,154.0,63.0,positive,7523.72328113
7523.72328113,9.363721013069153,18.653239011764526,14.976653754711151,4.676607429981232,121.0,48.0,negative,7518.67514896
7518.67514896,8.118051648139954,19.487049400806427,15.60091519355774,2.976621210575104,81.0,64.0,positive,7534.84971378
7534.84971378,17.356709361076355,19.49772000312805,10.4768003821373,3.010449051856994,80.0,45.0,positive,7542.11890254
7542.11890254,12.528932809829712,15.025612592697144,12.090574860572817,1.478915452957153,87.0,44.0,positive,7548.84318846
7548.84318846,4.999390482902527,10.71942538022995,7.3980037569999695,1.5952341556549072,58.0,31.0,negative,7542.97390469
7542.97390469,6.899136066436768,15.4438516497612,16.901561439037323,3.7213175296783447,85.0,33.0,positive,7548.29388571
7548.29388571,7.360669374465942,23.71370959281921,12.281699061393738,1.8108885288238523,87.0,53.0,positive,7571.99940347
7571.99940347,6.51638001203537,24.301323115825653,7.616904437541962,0.8465576171875,63.0,57.0,negative,7557.79583633
7557.79583633,9.558372855186462,23.36181288957596,12.486868798732758,1.57830011844635,87.0,47.0,positive,7568.00274686
7568.00274686,8.170604348182678,17.77497309446335,9.912536382675173,1.7066338658332825,104.0,56.0,negative,7537.41779296
7537.41779296,20.5054834485054,17.001972198486328,16.903014421463013,4.024678468704224,127.0,75.0,positive,7538.69111987
7538.69111987,14.022036790847778,19.99593734741211,18.10246568918228,3.0693867802619934,111.0,83.0,positive,7540.35747598
7540.35747598,22.961906611919403,28.686018109321594,14.708203494548798,5.67098194360733,147.0,94.0,negative,7533.90490728
7533.90490728,21.40342265367508,44.07971805334091,25.849871695041656,5.492343544960022,168.0,104.0,positive,7536.07888956
7536.07888956,16.65790045261383,27.599751234054565,19.33810657262802,4.734845995903015,149.0,101.0,positive,7546.62829625
7546.62829625,21.51859360933304,28.437256157398224,13.154899597167969,5.029118478298187,132.0,80.0,positive,7550.99759169
7550.99759169,25.41695249080658,37.14111799001694,21.768327832221985,6.014452576637268,144.0,98.0,negative,7548.76753211
7548.76753211,15.345933437347412,25.5998677611351,13.774131059646606,6.273861348628998,121.0,74.0,positive,7555.98917079
7555.98917079,15.215120494365692,28.971835374832157,12.878421127796171,5.082707583904266,116.0,103.0,negative,7550.89386283
7550.89386283,16.17141830921173,41.93120580911636,19.982369780540463,5.4651854038238525,125.0,104.0,positive,7563.23620407
7563.23620407,22.07527107000351,19.86058241128921,18.259516775608063,2.403679847717285,163.0,52.0,negative,7558.63163291
7558.63163291,19.406694769859318,7.446728825569153,22.988686323165894,1.4980534315109253,155.0,18.0,negative,7544.96908385
7544.96908385,10.326288640499117,21.68999928236008,16.828677892684937,2.2378495931625366,94.0,47.0,positive,7550.48301195
7550.48301195,12.017164647579191,14.951365947723389,10.886252641677856,4.201801419258118,78.0,44.0,negative,7529.60411834
7529.60411834,6.392651855945587,15.272215127944946,6.838681161403656,7.80948805809021,70.0,54.0,positive,7551.98614165
7551.98614165,12.11319214105606,17.931156992912292,16.91341906785965,4.134561777114868,88.0,41.0,negative,7549.46539441
7549.46539441,10.011793196201324,6.456567108631134,6.567459166049957,2.254835784435272,75.0,23.0,positive,7564.15586048
7564.15586048,8.959329605102539,17.575433254241943,11.994482338428496,1.6586830615997314,88.0,50.0,positive,7566.8654421
7566.8654421,6.18561053276062,11.309595167636871,9.927700459957125,7.05119514465332,66.0,43.0,positive,7574.51612707
7574.51612707,7.449925482273102,10.250067114830015,6.945750892162323,1.772209107875824,56.0,33.0,positive,7591.68622896
7591.68622896,10.876473009586334,13.79605668783188,9.336491584777832,3.898070454597473,69.0,40.0,negative,7589.92777616
7589.92777616,12.7328320145607,12.807406842708588,14.274387300014496,3.3384693264961243,94.0,47.0,negative,7578.1006478
7578.1006478,11.550681173801422,19.7323340177536,9.06845724582672,3.0129395723342896,85.0,47.0,positive,7589.40144269
7589.40144269,15.736016929149628,12.802973210811617,9.895876109600067,11.675017893314362,83.0,43.0,negative,7588.50997055
7588.50997055,7.268637359142303,12.434710383415222,10.720066964626312,3.622990250587464,64.0,34.0,negative,7576.96751321
7576.96751321,6.56284362077713,12.223081767559052,7.395413517951965,3.2624955773353577,52.0,48.0,positive,7584.5350497
7584.5350497,14.198203682899477,21.399631798267365,8.36682015657425,3.84247237443924,85.0,48.0,negative,7569.56829661
7569.56829661,19.322927236557007,16.83693426847458,10.47882080078125,5.149900794029236,124.0,58.0,positive,7580.87061961
7580.87061961,24.01721626520157,36.115024387836456,23.58728170394897,6.43390953540802,190.0,101.0,positive,7627.56038727
7627.56038727,20.47217661142349,27.892560362815857,17.991402447223663,7.747528374195099,131.0,193.0,negative,7579.04846849
7579.04846849,21.517268359661102,14.95937955379486,31.789096236228943,3.1898732781410217,156.0,64.0,negative,7559.50202408
7559.50202408,34.32196515798569,24.079313158988956,24.571409702301025,6.664220571517944,200.0,72.0,negative,7555.88319681
7555.88319681,26.709543883800507,28.67100673913956,17.063855290412903,6.572432100772858,145.0,76.0,negative,7534.4443195
7534.4443195,15.45860481262207,26.832198798656464,19.611876249313354,8.83905702829361,135.0,68.0,positive,7561.92794507
7561.92794507,21.365513622760773,13.70160871744156,9.866755545139313,3.3515769839286804,118.0,39.0,negative,7550.61573412
7550.61573412,18.16853940486908,26.53957581520081,9.731296479701996,3.205267906188965,111.0,64.0,positive,7554.17398182
7554.17398182,19.20578932762146,26.85160440206528,20.57192772626877,7.409035563468933,137.0,81.0,positive,7569.93603405
7569.93603405,21.993944227695465,21.078827738761905,16.440387964248657,5.1251590847969055,134.0,61.0,positive,7579.84494223
7579.84494223,12.072655498981476,14.837957501411438,12.269490599632263,5.0383071303367615,90.0,62.0,positive,7599.71208755
7599.71208755,14.821158647537231,12.58724844455719,10.234450936317444,3.9783294796943673,118.0,53.0,positive,7612.35939073
7612.35939073,14.08174604177475,12.86158138513565,15.259771704673769,3.896469414234162,121.0,39.0,negative,7607.78180201
7607.78180201,8.291895151138306,15.665420293807983,9.14234733581543,3.369823157787323,70.0,35.0,positive,7614.03563245
7614.03563245,12.936005175113678,9.88882052898407,9.03921264410019,2.232664704322815,85.0,26.0,negative,7600.9648209
7600.9648209,6.938378274440765,16.705668091773987,7.644226312637329,0.0,61.0,34.0,positive,7605.01727211
7605.01727211,9.526321053504944,6.92786717414856,19.854317009449005,1.5195663571357727,123.0,31.0,negative,7596.06063831
7596.06063831,21.07138031721115,11.732667863368988,22.07775789499283,1.4907675981521606,138.0,38.0,positive,7604.35539729
7604.35539729,11.67066615819931,14.183358669281006,7.43963086605072,2.4347771406173706,92.0,35.0,negative,7590.06109488
7590.06109488,20.098112285137177,7.608364403247833,16.817229211330414,2.4190803170204163,133.0,30.0,positive,7610.68966541
7610.68966541,7.679994344711304,22.35943728685379,10.83956640958786,6.503558695316315,94.0,87.0,positive,7634.41130873
7634.41130873,13.271798610687256,15.150967478752136,9.224505126476288,2.5921027064323425,99.0,44.0,positive,7637.1649347
7637.1649347,13.486653208732603,23.0999099612236,16.125013291835785,4.788905322551727,111.0,82.0,positive,7645.1427472
7645.1427472,18.29246705770493,38.57684147357941,16.020769894123077,4.958450198173523,107.0,96.0,positive,7687.58846303
7687.58846303,22.61666494607925,28.48771733045578,8.59697550535202,3.93821120262146,120.0,61.0,negative,7604.96859148
7604.96859148,17.999988853931427,25.30906224250793,23.017257690429688,4.910841882228851,155.0,123.0,negative,7594.71492862
7594.71492862,18.033454596996307,25.97913032770157,17.190000534057617,4.955115914344788,128.0,62.0,positive,7601.4536654
7601.4536654,17.552803575992584,23.209499537944797,17.27674674987793,0.7017793655395508,131.0,56.0,positive,7647.98032426
7647.98032426,19.473224818706512,27.65287065505981,19.757281064987183,4.667464911937714,120.0,89.0,negative,7629.39779801
7629.39779801,23.244803249835968,15.20653086900711,19.133896827697757,5.010534584522247,142.0,54.0,negative,7616.12384824
7616.12384824,23.41979855298996,23.007521331310272,18.369852781295776,3.269258737564087,133.0,61.0,positive,7654.61668787
7654.61668787,14.846799969673157,17.999047994613647,19.368007600307465,4.187746465206146,141.0,52.0,negative,7653.38097105
7653.38097105,12.069599628448486,19.98547339439392,10.293354213237762,7.378289341926575,111.0,69.0,positive,7679.86720422
7679.86720422,15.347735226154327,21.8327579498291,11.374886751174929,6.318727970123291,112.0,68.0,positive,7757.27224296
7757.27224296,12.469379246234894,43.179758965969086,15.697234094142914,2.138323664665222,106.0,137.0,negative,7735.3891039
7735.3891039,11.840419948101044,31.09666222333908,14.052001357078552,6.469126582145691,121.0,99.0,positive,7751.45433144
7751.45433144,18.34617781639099,15.044095039367676,11.837165892124176,4.01091343164444,114.0,52.0,positive,7753.1838058
7753.1838058,17.88120448589325,16.735498070716858,24.48841524124145,6.6811025738716125,145.0,64.0,positive,7756.79453063
7756.79453063,9.827458024024963,18.61487209796905,11.324683368206024,4.257424592971802,106.0,60.0,negative,7737.00858907
7737.00858907,9.38100528717041,17.11028742790222,17.56900131702423,5.5894370675086975,94.0,53.0,negative,7711.86098822
7711.86098822,12.929665565490724,21.133450627326965,8.766043961048126,4.781665861606598,92.0,84.0,positive,7716.12175982
7716.12175982,15.673267841339111,23.5408348441124,12.007689356803894,5.669227421283722,103.0,73.0,positive,7724.32958199
7724.32958199,9.869427800178528,18.382575690746307,10.46452122926712,7.413954317569733,76.0,55.0,positive,7727.72023361
7727.72023361,17.88178950548172,21.837908387184143,10.000737965106964,1.551111936569214,103.0,75.0,negative,7718.54475738
7718.54475738,7.442561566829681,22.90509331226349,10.603572487831116,4.308360457420349,89.0,52.0,positive,7729.11957416
7729.11957416,16.064741671085358,19.552293300628666,13.825583517551422,2.383472263813019,92.0,52.0,positive,7739.11992822
7739.11992822,11.819732904434204,58.33967673778534,18.507298290729523,5.148797869682312,108.0,107.0,negative,7734.73519116
7734.73519116,19.6982980966568,62.16504639387131,21.88862770795822,9.035636484622955,165.0,136.0,negative,7719.68438698
7719.68438698,21.085422456264496,38.2612310051918,21.822748959064484,6.492327511310577,143.0,103.0,negative,7713.34723304
7713.34723304,19.86882424354553,37.86305457353592,17.066240668296814,10.905698895454409,131.0,101.0,negative,7707.77429775
7707.77429775,15.986619770526886,27.499757170677185,10.451489865779877,4.709846377372742,133.0,67.0,negative,7706.37883722
7706.37883722,10.033959209918976,23.639007091522217,10.93131148815155,4.666569888591766,126.0,66.0,positive,7720.84528847
7720.84528847,27.11912900209427,32.69513738155365,25.89567053318024,5.674284756183624,164.0,87.0,positive,7726.81712203
7726.81712203,19.941472351551056,31.05872613191605,15.44556975364685,3.400116205215454,135.0,80.0,positive,7745.36643
7745.36643,28.340363800525665,24.72950923442841,30.74582409858704,6.355645775794983,197.0,95.0,positive,7767.91554762
7767.91554762,18.438115537166595,23.98515599966049,23.761263966560364,2.280597746372223,159.0,101.0,positive,7782.48705438
7782.48705438,25.76486212015152,26.71645438671112,21.35946410894394,5.445957064628601,150.0,115.0,positive,7795.60083451
7795.60083451,7.049850165843964,18.62081152200699,19.875735759735107,11.34028035402298,122.0,68.0,negative,7774.81383892
7774.81383892,22.01128715276718,17.515575885772705,21.703229188919067,6.459863781929016,153.0,59.0,negative,7762.85174918
7762.85174918,16.432419419288635,15.958650469779968,13.681752145290377,4.5545390248298645,115.0,54.0,negative,7760.4343865
7760.4343865,23.25214648246765,12.793319761753082,21.77644020318985,3.304997861385345,148.0,42.0,negative,7760.4343865
7760.4343865,10.621433198451996,15.283751130104063,18.92108702659607,1.5274628400802612,120.0,47.0,negative,7760.4343865
7760.4343865,11.183908700942991,15.51034778356552,18.0893372297287,0.8096093535423279,101.0,38.0,negative,7760.4343865
7760.4343865,16.028680503368378,12.929022669792175,16.93060839176178,0.8746273517608643,121.0,26.0,negative,7760.4343865
7760.4343865,12.722510635852814,21.542692720890045,21.95707815885544,3.1201717853546143,124.0,77.0,negative,7760.4343865
7760.4343865,11.657552778720856,8.5307075381279,15.883383572101591,4.145860195159912,120.0,39.0,negative,7760.4343865
7760.4343865,8.58010184764862,27.63941729068756,16.869389295578003,2.478797495365143,105.0,58.0,negative,7760.4343865
7760.4343865,15.790226340293884,11.557797849178314,15.152765035629272,1.777315080165863,124.0,40.0,negative,7754.64353301
7754.64353301,15.800985395908356,22.98587602376938,13.374206125736237,5.172502100467682,127.0,52.0,positive,7756.05608751
7756.05608751,16.792554259300232,21.84149128198624,12.842420101165771,0.0,116.0,47.0,positive,7763.38201357
7763.38201357,17.772254288196564,25.45650005340576,18.531122744083405,6.43089371919632,102.0,67.0,negative,7751.27323708
7751.27323708,20.722509682178497,36.3033949136734,13.57315629720688,10.257894039154053,128.0,114.0,negative,7739.96579985
7739.96579985,31.276418447494507,22.998707950115204,27.74062997102737,5.634516477584839,160.0,93.0,positive,7767.54574378
7767.54574378,25.356521010398865,24.33986890316009,35.641185224056244,6.703585088253021,230.0,91.0,positive,7775.79737822
7775.79737822,22.65715593099594,37.422971069812775,24.64986485242844,6.666376888751984,183.0,101.0,positive,7783.23087398
7783.23087398,19.51839768886566,29.315788447856903,24.21732097864151,7.082607269287109,157.0,87.0,positive,7787.09922942
7787.09922942,12.465064764022827,34.39049309492111,18.503238260746,3.370734393596649,130.0,94.0,negative,7768.98546123
7768.98546123,19.203837275505062,40.21105569601059,12.10375553369522,9.775551676750185,134.0,95.0,positive,7782.71016899
7782.71016899,25.29313397407532,50.1413602232933,16.521123826503754,7.262102544307709,152.0,116.0,negative,7775.38165109
7775.38165109,20.915968239307404,40.71773362159729,14.02225410938263,1.680844008922577,122.0,90.0,positive,7797.91127754
7797.91127754,14.2673259973526,33.332901656627655,18.5358744263649,5.777451574802399,113.0,81.0,positive,7807.05845106
7807.05845106,14.808313488960266,17.176543354988098,23.16814696788788,5.588740050792694,135.0,64.0,negative,7793.2639471
7793.2639471,14.054604291915894,20.35430282354355,21.916779279708862,3.121157169342041,132.0,60.0,positive,7808.83543952
7808.83543952,12.545653820037842,13.799131393432615,11.944037854671478,4.141892611980438,116.0,43.0,positive,7823.68487348
7823.68487348,18.70781672000885,14.739121973514557,19.92766386270523,7.570052444934845,142.0,115.0,positive,7836.99241679
7836.99241679,12.622360825538635,21.20452356338501,20.405610740184784,4.08028906583786,109.0,62.0,negative,7824.62438224
7824.62438224,9.262770056724548,15.785200297832487,12.23508208990097,5.537868022918701,96.0,45.0,positive,7846.48909779
7846.48909779,7.759997308254242,14.484494745731354,17.83770352602005,3.416244685649872,99.0,47.0,positive,7925.36870101
7925.36870101,17.9055153131485,25.821774184703827,19.403082489967343,6.064762830734253,124.0,141.0,positive,7930.91580457
7930.91580457,16.98782902956009,23.636709570884705,15.252093017101288,3.350256741046905,107.0,77.0,positive,7940.53160759
7940.53160759,17.492001235485077,16.914226293563843,8.960779964923859,4.001678884029388,107.0,62.0,positive,7963.70272417
7963.70272417,14.234289467334747,36.97251290082932,18.852654993534088,2.419982612133026,114.0,87.0,positive,8101.5711925
8101.5711925,35.8986878991127,40.46997261047363,15.50258719921112,18.48174822330475,190.0,303.0,positive,8111.00921452
8111.00921452,20.968225598335263,27.54575341939926,22.892222583293915,7.4168373346328735,164.0,111.0,positive,8171.08504622
8171.08504622,23.686579644680023,39.825148940086365,23.911466658115387,10.92715322971344,173.0,155.0,positive,8326.83176829
8326.83176829,31.99605596065521,28.27985918521881,25.37279319763184,25.43248075246811,236.0,249.0,positive,8368.93501601
8368.93501601,33.20978236198425,26.23886108398437,28.714265882968903,8.744836449623108,247.0,114.0,positive,8385.42132344
8385.42132344,27.62340635061264,43.35048669576645,30.17094612121582,10.74158090353012,207.0,166.0,positive,8654.76260679
8654.76260679,39.60123497247696,53.21790379285813,41.75374376773834,55.29413551092148,319.0,591.0,positive,8754.87719901
8754.87719901,37.773127377033234,59.77324193716049,53.7848191857338,15.069245159626009,348.0,258.0,negative,8645.21582428
8645.21582428,53.383937895298,55.69411426782608,65.50195181369781,21.02828675508499,360.0,187.0,positive,8670.6854165
8670.6854165,40.50576043128967,38.36166173219681,56.0315575003624,9.525506675243378,288.0,124.0,positive,8821.13977561
8821.13977561,35.88957101106644,35.72545391321182,34.810581743717194,15.82947450876236,293.0,139.0,positive,8871.75372738
8871.75372738,36.52666413784027,53.92941379547119,27.28863608837128,9.358331680297852,235.0,149.0,negative,8792.64375062
8792.64375062,32.10462939739227,41.36649215221405,31.3219456076622,16.456219613552094,227.0,161.0,positive,8801.03776688
8801.03776688,25.901225090026852,27.18035769462585,38.02523356676102,10.206298172473907,232.0,91.0,positive,8821.79364695
8821.79364695,32.97380793094635,18.233031570911407,31.28774189949036,2.1836658716201782,180.0,56.0,positive,8858.67622686
8858.67622686,17.972270011901855,27.8773552775383,14.499052703380585,7.046628355979919,135.0,79.0,positive,8870.48415935
8870.48415935,15.536712348461151,20.45789873600006,22.248968720436096,3.2130433917045598,143.0,87.0,positive,9189.4699537
9189.4699537,24.819334506988525,55.784807085990906,38.86869043111801,15.34507530927658,287.0,303.0,positive,9192.99407083
9192.99407083,30.054002285003666,33.937567830085754,43.64313781261444,9.736705660820007,261.0,139.0,positive,9370.36384992
9370.36384992,26.925442576408383,22.640659511089325,38.3296372294426,6.453466594219208,226.0,131.0,negative,9318.26830472
9318.26830472,30.77378463745117,25.33578819036484,33.60434311628342,8.926502287387848,235.0,129.0,negative,9230.98120594
9230.98120594,24.87393075227737,21.277126371860504,37.39786869287491,7.425112009048462,238.0,160.0,negative,9178.13417388
9178.13417388,26.969975888729092,30.034018635749817,19.866995573043823,3.4399088621139526,178.0,70.0,negative,8808.78340739
8808.78340739,26.176584661006927,23.968219220638275,20.856566429138184,5.716677844524384,144.0,309.0,positive,8874.75147447
8874.75147447,30.143075823783875,28.42490530014038,31.97510278224945,11.896381080150604,194.0,166.0,positive,8920.97641632
8920.97641632,28.68350994586945,20.45793968439102,23.750392615795132,6.452218592166901,194.0,75.0,negative,8791.75603717
8791.75603717,21.871715188026428,25.71913111209869,32.801528334617615,3.9374977350234985,210.0,107.0,positive,8835.88221796
8835.88221796,30.25315880775452,20.513273775577545,22.344226598739624,2.6298340559005737,196.0,71.0,positive,8868.27606651
8868.27606651,33.027095913887024,36.07161718606949,39.99480414390564,16.39631152153015,242.0,125.0,negative,8828.84494889
8828.84494889,28.148699462413788,26.82237482070923,36.634391486644745,8.881039559841156,228.0,112.0,negative,8740.70859189
8740.70859189,25.69095355272293,36.82636749744415,34.44144433736801,15.45380699634552,202.0,137.0,negative,8568.08693891
8568.08693891,28.988819777965546,35.40357893705368,38.04113012552261,8.380936801433563,240.0,206.0,positive,8696.70688273
8696.70688273,41.46000379323959,26.2125226855278,41.05163908004761,4.866593956947327,268.0,92.0,positive,8872.77351987
8872.77351987,25.10751301050186,38.55874300003052,30.235588908195496,8.48509132862091,209.0,117.0,negative,8822.15910162
8822.15910162,27.65017819404602,29.9485257267952,21.24749326705933,2.5731446146965027,188.0,87.0,negative,8813.01284891
8813.01284891,26.38824325799942,27.34169375896454,33.8128080368042,7.471424102783203,199.0,75.0,negative,8767.39884093
8767.39884093,28.09185826778412,15.74117910861969,23.45807844400406,3.190721035003662,174.0,68.0,negative,8658.55417975
8658.55417975,25.508263528347012,16.554811120033264,13.20447599887848,3.247913122177124,165.0,59.0,positive,8743.77758739
8743.77758739,25.843486785888672,21.043482720851895,24.48422068357468,3.279658138751984,193.0,58.0,negative,8716.85630804
8716.85630804,17.143832325935364,20.661697685718536,21.094157934188843,3.952135384082794,161.0,72.0,positive,8751.90520882
8751.90520882,25.70265394449234,24.564408659935,20.27807503938675,6.2460538148880005,150.0,57.0,negative,8718.57575698
8718.57575698,12.72098195552826,22.186766147613525,10.40125298500061,5.514490842819214,96.0,59.0,positive,8774.85282856
8774.85282856,12.257952988147736,16.761400163173676,13.759159624576569,3.0436142086982727,99.0,51.0,positive,8805.9023646
8805.9023646,16.8483983874321,18.35514658689499,14.438214361667631,1.5234344005584717,96.0,41.0,negative,8778.85081683
8778.85081683,9.923629581928251,12.70040899515152,14.088427364826202,4.492454409599304,113.0,56.0,positive,8787.20664094
8787.20664094,24.406344950199127,12.54007852077484,9.839967250823976,7.420135498046875,104.0,37.0,positive,8807.30762079
8807.30762079,27.79596781730652,17.155875146389008,17.883952260017395,4.223999619483948,143.0,40.0,positive,8860.23159236
8860.23159236,9.283718585968018,32.75301003456116,18.163745760917664,2.506827414035797,128.0,60.0,positive,8901.7900824
8901.7900824,19.17866539955139,14.396761238574982,27.19225984811783,4.611268162727356,148.0,39.0,positive,8993.2422366
8993.2422366,29.223391890525814,18.451729834079742,22.520136952400208,8.234113335609436,201.0,113.0,negative,8922.28324865
8922.28324865,33.505562365055084,21.710529446601868,36.76098310947418,6.930770576000214,228.0,79.0,negative,8861.80759346
8861.80759346,24.21510052680969,18.198848605155945,22.64923095703125,5.778726577758789,172.0,81.0,positive,8863.80969618
8863.80969618,29.78045868873596,30.9753195643425,27.17632347345352,8.397262930870056,211.0,108.0,negative,8821.55321558
8821.55321558,28.750344693660736,41.24253267049789,38.13471430540085,10.354443669319153,231.0,144.0,negative,8792.27131105
8792.27131105,18.350236237049103,36.10327637195587,27.492158472537994,8.249075889587402,158.0,147.0,positive,8796.83630198
8796.83630198,27.2039892077446,49.250659584999084,24.348892331123352,9.708078622817991,186.0,135.0,negative,8793.11658158
8793.11658158,25.09583395719528,44.88967168331146,20.082687556743625,6.693510890007019,177.0,118.0,negative,8773.76036296
8773.76036296,15.183682918548584,34.098836839199066,17.443055868148804,7.740371882915497,143.0,105.0,negative,8760.04471438
8760.04471438,20.524082720279694,37.622378885746,27.416511476039886,8.898284375667572,170.0,116.0,positive,8853.40419731
8853.40419731,25.58962482213974,20.383347630500797,24.020479559898376,5.388677537441254,156.0,72.0,positive,8897.80554928
8897.80554928,23.10186541080475,40.78760302066803,19.24383980035782,9.869669437408447,141.0,117.0,negative,8864.76680793
8864.76680793,26.30858564376831,26.3341246843338,22.172075927257534,2.5761203169822693,162.0,78.0,positive,8885.83153621
8885.83153621,0.0,48.657831728458405,0.0,6.621605813503265,0.0,150.0,negative,8879.68369735
8879.68369735,11.468746364116669,31.09421277046204,11.528753757476808,3.322860836982727,75.0,92.0,positive,8886.2470993
8886.2470993,10.290863394737244,27.067081034183506,8.8407661318779,5.358363687992096,97.0,83.0,positive,8903.39134882
8903.39134882,19.57895141839981,22.65132439136505,6.0588319301605225,7.9485924243927,77.0,78.0,negative,8883.07823119
8883.07823119,11.960628628730774,30.38011515140533,11.020907998085022,4.9278823137283325,90.0,78.0,positive,8888.43608745
8888.43608745,9.075707376003264,16.936490058898926,7.208918333053589,4.702475309371948,69.0,57.0,negative,8863.76380021
8863.76380021,11.642185866832731,20.841835141181942,6.729574799537659,0.7609051465988159,75.0,61.0,negative,8857.06658638
8857.06658638,12.071766555309296,19.43409913778305,12.83024263381958,3.798312783241272,82.0,41.0,negative,8833.82152789
8833.82152789,17.538896083831787,21.54802632331848,10.25457888841629,5.729587078094482,95.0,66.0,positive,8854.38119969
8854.38119969,16.49234539270401,22.001451909542084,14.178335785865784,2.5276203751564026,111.0,55.0,positive,8877.4258288
8877.4258288,13.332683980464935,14.304177284240724,12.816985070705414,5.031802475452423,105.0,87.0,positive,8902.9462322
8902.9462322,17.661385536193848,21.506324529647827,16.707514107227325,2.6964970231056213,117.0,51.0,negative,8902.37558204
8902.37558204,12.3179692029953,19.01335972547531,7.515877366065979,5.627586603164673,94.0,81.0,positive,8910.99886292
8910.99886292,20.85245621204376,36.88314110040665,17.406840682029724,7.0346856117248535,145.0,96.0,positive,8931.51736786
8931.51736786,24.75462466478348,25.16206258535385,19.714484572410583,6.484787464141846,170.0,89.0,negative,8929.48612369
8929.48612369,34.47488433122635,36.90133786201477,19.812584459781647,6.27411675453186,178.0,109.0,positive,8981.83841985
8981.83841985,23.91929918527603,28.506651043891907,20.007999658584595,4.999304533004761,185.0,102.0,positive,8991.66896696
8991.66896696,15.189870059490204,38.99007254838944,26.778713405132294,4.202853500843048,169.0,95.0,negative,8909.64831364
8909.64831364,14.135172665119171,29.182071924209595,17.710986375808716,6.468020856380463,129.0,104.0,negative,8905.32649294
8905.32649294,21.283831894397736,37.430629312992096,21.358587324619293,7.19023197889328,167.0,89.0,positive,8910.80619025
8910.80619025,16.59286218881607,24.33447682857513,13.115611016750336,6.574205219745636,109.0,79.0,negative,8907.00006841
8907.00006841,16.22930806875229,20.858789801597595,15.09201443195343,3.181315779685974,123.0,65.0,positive,8946.95164455
8946.95164455,18.738713443279263,25.50086659193039,23.24412703514099,8.18193769454956,142.0,85.0,positive,8988.5962069
8988.5962069,20.938583493232727,34.138920187950134,21.660753965377808,2.4226558208465576,143.0,78.0,positive,9143.71513992
9143.71513992,17.717285752296448,15.645021617412567,26.054899394512177,6.27926516532898,155.0,99.0,positive,9155.90336837
9155.90336837,21.079884350299835,25.94127517938614,27.89488619565964,10.021933734416962,189.0,103.0,negative,9125.54689259
9125.54689259,21.113308906555176,18.84518325328827,23.44523936510086,3.7551785111427303,179.0,68.0,positive,9152.76100245
9152.76100245,20.128244638442997,15.781564831733704,13.05009239912033,3.73405921459198,131.0,42.0,negative,9091.02854455
9091.02854455,18.05504161119461,12.083107590675354,22.2505464553833,1.6510589718818665,150.0,32.0,positive,9123.80833067
9123.80833067,15.776155531406404,10.603546261787416,15.818211019039154,2.570434331893921,117.0,31.0,negative,9057.36269929
9057.36269929,20.9731879234314,12.635147094726562,23.0113884806633,5.8803757429122925,146.0,93.0,negative,9045.5298418
9045.5298418,18.68978351354599,15.30476301908493,18.654970228672028,5.799344658851624,142.0,39.0,positive,9068.13630165
9068.13630165,19.407322466373444,15.578306436538696,23.85275936126709,2.177620589733124,165.0,35.0,positive,9125.55917065
9125.55917065,17.190537333488464,15.542147099971771,16.89335072040558,1.5273458361625671,134.0,44.0,negative,9107.94423876
9107.94423876,12.72202092409134,12.378120303153992,15.910624027252195,0.0,136.0,47.0,negative,9077.18528145
9077.18528145,19.17754018306732,11.4196275472641,10.442689538002014,2.451349079608917,116.0,35.0,negative,9002.99248657
9002.99248657,23.25341886281967,18.83714175224304,18.704964220523834,2.3626195788383484,153.0,110.0,negative,8941.37126557
8941.37126557,23.724437355995175,20.23960644006729,28.69362086057663,4.342069923877716,189.0,73.0,negative,8860.24764071
8860.24764071,17.08967673778534,20.6667315363884,19.90689021348953,5.690598905086517,146.0,125.0,negative,8851.63047933
8851.63047933,19.635348618030548,35.999244928359985,27.62740832567215,14.912680804729462,190.0,171.0,positive,8870.95565216
8870.95565216,24.42086905241013,44.15106272697449,32.14249020814896,7.177462995052338,221.0,122.0,negative,8847.98790434
8847.98790434,27.50543367862701,29.997846484184265,35.284102380275726,7.545839965343475,218.0,106.0,positive,8857.73516671
8857.73516671,31.27695232629776,37.6485430598259,18.338386952877045,5.004545986652374,213.0,92.0,positive,8877.53932255
8877.53932255,30.76908308267593,36.96263605356216,22.78080129623413,11.309745013713837,230.0,107.0,negative,8874.23570083
8874.23570083,27.53453415632248,35.9669571518898,20.617881178855896,3.062370240688324,203.0,78.0,positive,8879.78862997
8879.78862997,26.175785839557648,26.60697692632675,18.14844751358032,5.101983904838562,184.0,85.0,positive,8908.6044203
8908.6044203,19.99187660217285,22.259000957012177,26.001319766044617,3.420202076435089,182.0,60.0,negative,8897.46850985
8897.46850985,14.904478132724762,27.671460211277008,22.00162762403488,4.662382006645203,153.0,67.0,negative,8839.89264381
8839.89264381,10.888861298561096,14.967055439949036,15.249269604682922,2.54952871799469,117.0,56.0,negative,8739.74503366
8739.74503366,18.04924362897873,23.86499273777008,25.442306518554688,6.074855268001556,172.0,143.0,positive,8775.46968583
8775.46968583,16.785565078258514,10.420263826847076,22.47913521528244,3.182102859020233,149.0,49.0,negative,8769.18055193
8769.18055193,12.145052671432495,9.190887033939362,17.239785134792328,2.247530400753021,123.0,38.0,negative,8753.22851801
8753.22851801,14.797384798526764,3.7508566975593567,16.524171829223633,3.2389230728149414,108.0,49.0,negative,8687.59050541
8687.59050541,13.43630838394165,17.29299831390381,11.390929043293,4.0969990491867065,109.0,109.0,positive,8688.78905514
8688.78905514,20.745681285858154,9.79859733581543,11.048421382904053,3.9023061394691463,113.0,41.0,positive,8700.14215063
8700.14215063,6.804373502731323,9.880650997161863,10.97902685403824,1.7215855717658997,108.0,35.0,positive,8727.48229092
8727.48229092,11.88055044412613,23.59014391899109,11.99857860803604,5.42352169752121,92.0,69.0,negative,8703.37520123
8703.37520123,22.82780796289444,17.171561002731323,20.10933357477188,3.1542624831199646,132.0,64.0,positive,8706.35065417
8706.35065417,13.232849717140198,7.260739505290985,13.818771481513975,2.328636407852173,120.0,23.0,positive,8724.66988482
8724.66988482,15.763544857501984,19.474913716316223,11.348206520080566,3.145183205604553,124.0,54.0,positive,8746.62057561
8746.62057561,21.330874145030972,25.52552205324173,23.29032415151596,3.234566032886505,166.0,83.0,positive,8797.69013675
8797.69013675,33.43182373046875,42.84088212251663,22.682345867156982,11.780660808086395,195.0,131.0,positive,8829.39513233
8829.39513233,25.473218202590942,21.327798783779144,21.052494525909424,6.470736443996429,191.0,63.0,positive,8859.09840091
8859.09840091,24.7459089756012,32.702895402908325,25.64203518629074,13.9794539809227,176.0,124.0,negative,8848.79632526
8848.79632526,24.534020841121677,21.02709001302719,22.348381102085117,7.360954582691193,174.0,100.0,negative,8830.61325409
8830.61325409,21.431594789028168,25.78743487596512,29.35885292291641,6.872387945652008,193.0,85.0,positive,8883.27257088
8883.27257088,18.859248399734497,31.450408041477203,22.697160601615906,8.822831392288208,165.0,84.0,negative,8863.91195066
8863.91195066,24.48937600851059,34.53963774442673,26.667264878749847,5.781516849994659,148.0,100.0,positive,8927.75560974
8927.75560974,20.73026967048645,25.770769715309143,15.396375238895416,6.57604718208313,155.0,95.0,positive,8948.01520668
8948.01520668,28.372073113918304,29.379084706306458,18.828030943870544,4.9686439037323,193.0,74.0,negative,8916.49750208
8916.49750208,19.62137800455093,34.26175707578659,16.008339166641235,1.6738784909248352,134.0,93.0,negative,8912.65460539
8912.65460539,17.46371215581894,16.10917353630066,16.331210792064667,1.5432504415512085,136.0,48.0,positive,8919.56348091
8919.56348091,15.36979603767395,20.787557721138,15.055916905403135,3.670541167259216,138.0,69.0,negative,8912.19310006
8912.19310006,17.009125471115112,22.277427673339844,13.231287181377413,3.2593525052070618,114.0,55.0,negative,8886.33874343
8886.33874343,15.990416169166563,18.78432285785675,9.121495187282562,0.7300406098365784,96.0,53.0,positive,8899.80980282
8899.80980282,17.991116642951965,26.267417907714844,17.799660325050354,3.254343807697296,109.0,59.0,positive,9023.30737041
9023.30737041,14.277189910411836,12.90952855348587,20.794813811779026,3.3557727932929997,107.0,95.0,positive,9025.50597287
9025.50597287,18.24410843849182,18.085270881652832,19.970671594142917,1.5376553535461426,129.0,57.0,negative,9004.90362894
9004.90362894,18.268981754779816,21.34476763010025,12.729413390159609,4.19476991891861,124.0,66.0,positive,9019.93090233
9019.93090233,13.15133148431778,12.887909889221191,13.825467824935911,4.8300944566726685,109.0,61.0,negative,8998.45869441
8998.45869441,16.01378858089447,22.977641820907596,10.567993760108948,0.0,96.0,66.0,positive,9035.25888632
9035.25888632,12.483674108982086,14.519883930683136,13.700564801692964,2.394793927669525,102.0,43.0,negative,8859.70224601
8859.70224601,14.798798441886902,27.1455317735672,13.597248315811155,2.3995838165283203,107.0,157.0,positive,8898.09107556
8898.09107556,11.85118156671524,19.707933008670807,14.505483567714691,6.819807708263397,100.0,68.0,positive,8900.67221207
8900.67221207,19.3635276556015,27.80692547559738,12.532915771007538,7.720796823501587,129.0,82.0,positive,8948.92027551
8948.92027551,35.83161848783493,25.672594785690308,17.36447048187256,3.8722586035728455,164.0,86.0,negative,8902.89577571
8902.89577571,30.772029638290405,28.72700703144073,21.415865123271946,9.882115721702576,189.0,105.0,negative,8873.94447912
8873.94447912,28.476124584674835,31.213023841381077,33.31863522529602,7.885040760040283,185.0,94.0,positive,8900.09536598
8900.09536598,29.4475719332695,45.62437176704407,22.250230073928837,6.199611127376556,202.0,113.0,positive,8900.12642772
8900.12642772,34.990295588970184,40.53779232501984,37.52142721414566,10.544104754924774,237.0,124.0,positive,8917.16187811
8917.16187811,20.45000511407852,22.902134835720062,29.611127138137817,5.023890674114227,194.0,65.0,positive,8937.75828325
8937.75828325,26.54802829027176,52.86878991127014,26.14328843355179,9.003678679466248,178.0,134.0,positive,8970.80194266
8970.80194266,23.47574472427368,35.01921063661575,19.797472655773163,4.793515384197235,158.0,104.0,positive,8978.77021492
8978.77021492,25.054562389850616,29.395734012126923,26.730906307697296,11.651901423931122,195.0,116.0,positive,8984.48771438
8984.48771438,22.27260583639145,41.01762914657593,10.797037780284882,8.797460317611694,135.0,115.0,positive,9003.07017834
9003.07017834,20.90970629453659,28.7501876950264,16.52595818042755,4.665558040142059,143.0,75.0,negative,8993.93147355
8993.93147355,24.73516345024109,16.87241703271866,25.79284393787384,4.876621246337891,148.0,61.0,negative,8990.38505318
8990.38505318,15.62672632932663,16.600462317466736,23.652827382087708,1.484386384487152,157.0,52.0,negative,8980.75391148
8980.75391148,15.741331934928894,17.57018607854843,23.45690816640854,3.794672608375549,134.0,63.0,positive,8999.59598021
8999.59598021,12.76234120130539,16.017477989196777,14.922225654125214,0.707733154296875,99.0,61.0,positive,9007.46530468
9007.46530468,20.2258335351944,14.402579307556152,16.054519593715668,1.6418855786323547,119.0,39.0,positive,9007.71572841
9007.71572841,10.877554595470428,18.90339177846909,17.155300557613373,1.5247584581375122,99.0,52.0,positive,9020.18482114
9020.18482114,12.893193006515505,18.261628925800323,22.173313081264496,8.609131872653961,109.0,67.0,positive,9054.44099016
9054.44099016,14.558805644512177,17.151638209819794,12.151905179023744,1.5332918763160706,102.0,52.0,negative,9050.91698002
9050.91698002,21.373158812522888,16.959692656993866,14.023287534713743,1.7146762609481812,106.0,74.0,positive,9091.30597866
9091.30597866,20.464146375656128,10.687777996063232,17.01453322172165,1.5604379177093506,113.0,39.0,positive,9237.87322988
9237.87322988,14.050323605537416,24.24571496248245,17.404510259628296,4.328426599502564,108.0,162.0,positive,9294.52370999
9294.52370999,27.264160215854645,31.66336619853973,23.345010936260223,8.126792192459106,174.0,141.0,negative,9251.64959365
9251.64959365,33.47156471014023,47.86410039663315,30.703440368175507,10.208032667636871,182.0,175.0,positive,9273.62851651
9273.62851651,29.126465141773224,49.592839419841766,23.11057418584824,9.640063762664797,192.0,175.0,negative,9231.58869224
9231.58869224,15.252215087413788,43.09143942594528,24.49325442314148,4.826521217823029,168.0,105.0,positive,9327.72343224
9327.72343224,21.40102636814117,46.13656342029572,22.794192016124725,11.63137674331665,174.0,132.0,negative,9279.43169755
9279.43169755,27.62377148866653,31.28240931034088,19.469590604305267,4.954882383346558,223.0,81.0,positive,9315.17397012
9315.17397012,30.851765513420105,37.33004289865494,26.925241112709045,6.957286775112152,237.0,98.0,negative,9289.71870397
9289.71870397,22.29703462123871,42.644358694553375,26.928345680236816,1.5567153692245483,207.0,96.0,positive,9308.56864646
9308.56864646,22.34536081552505,55.36987042427063,33.82680857181549,8.948508262634277,200.0,139.0,negative,9305.04411729
9305.04411729,24.662196457386017,46.12974274158478,21.12167239189148,6.496488213539124,181.0,99.0,positive,9333.35220276
9333.35220276,25.2470862865448,13.04331374168396,27.517990350723267,2.4292505979537964,189.0,56.0,positive,9383.77467914
9383.77467914,30.17314457893372,18.61630666255951,22.15476781129837,4.107328772544861,204.0,67.0,negative,9268.76208066
9268.76208066,20.555075526237488,20.89065158367157,19.449605882167816,7.964438617229462,171.0,118.0,negative,9157.53260001
9157.53260001,19.059593975543976,20.160912036895752,17.456330120563507,4.170089662075043,164.0,49.0,positive,9158.93279352
9158.93279352,23.46203285455704,15.803590059280396,21.313898861408237,2.4954238533973694,157.0,53.0,positive,9235.15056023
9235.15056023,13.766012847423552,11.948616564273834,23.719895482063293,5.054390549659729,144.0,64.0,negative,9221.85919112
9221.85919112,21.446347177028656,13.275711715221403,18.45451498031616,3.151604652404785,130.0,47.0,positive,9275.40749176
9275.40749176,20.513481736183167,11.992929637432098,19.32004988193512,1.7008566856384275,129.0,39.0,positive,9292.67356054
9292.67356054,15.80691111087799,9.959285259246826,19.81855607032776,1.638742446899414,121.0,43.0,negative,9276.44354696
9276.44354696,8.85248076915741,15.829513490200045,12.5957350730896,1.686915397644043,101.0,47.0,positive,9302.41866049
9302.41866049,16.799819231033325,12.518344163894652,21.347835302352905,4.059453308582306,119.0,49.0,positive,9320.72170345
9320.72170345,14.232410609722136,19.01833212375641,13.44975745677948,2.2850078344345093,120.0,55.0,negative,9304.64261695
9304.64261695,17.30026113986969,29.58675891160965,21.9818434715271,2.4398303031921387,162.0,54.0,negative,9299.19409351
9299.19409351,12.233677089214323,16.728162348270416,22.099683165550232,3.7466827630996704,152.0,79.0,negative,9296.31356097
9296.31356097,24.75199294090271,29.37985008955002,22.198536813259125,8.06111353635788,172.0,72.0,positive,9347.75382963
9347.75382963,20.423534870147705,38.66542440652847,23.709056437015533,7.023800790309906,156.0,115.0,positive,9423.48357681
9423.48357681,29.588224172592163,17.57919079065323,25.883233547210693,7.641095995903015,191.0,244.0,positive,9436.45789571
9436.45789571,26.94747519493103,33.83850657939911,32.21817719936371,4.893949568271637,226.0,88.0,positive,9452.45504496
9452.45504496,32.659106373786926,33.16604036092758,32.91245609521866,10.729074835777284,267.0,151.0,positive,9535.85639146
9535.85639146,51.13821077346802,49.98669123649597,50.48382145166397,10.952565848827362,342.0,169.0,positive,9794.04751368
9794.04751368,63.50272595882416,80.10766845941544,64.15747237205505,32.69024246931076,492.0,491.0,positive,9799.76005528
9799.76005528,75.36634254455566,63.133552968502045,65.84377336502075,21.14033156633377,491.0,204.0,positive,9825.56143121
9825.56143121,132.6714125275612,58.72604537010193,56.82701945304871,9.237453639507294,610.0,224.0,negative,9792.89810168
9792.89810168,91.27798587083817,42.99230742454529,51.48107719421387,12.43053025007248,454.0,157.0,positive,9866.27827311
9866.27827311,67.35671406984329,49.25935298204422,44.53706282377243,13.322846353054048,343.0,141.0,positive,9868.79443058
9868.79443058,57.61222356557846,30.220168948173523,40.85263442993164,12.048523187637327,341.0,116.0,positive,9951.5187451
9951.5187451,54.78621405363083,79.06347680091858,46.01143157482147,9.387699663639069,429.0,254.0,positive,9963.20961246
9963.20961246,43.58439338207245,35.655648946762085,44.65157872438431,11.415456295013428,327.0,129.0,positive,9968.3850097
9968.3850097,38.28503286838532,44.00953418016434,33.83532935380936,10.136489391326904,249.0,145.0,negative,9910.63312082
9910.63312082,47.249012649059296,43.34616982936859,29.833365082740784,4.103758811950684,232.0,114.0,negative,9896.93419127
9896.93419127,39.03218168020248,23.33834284543991,26.008039832115173,5.490670442581177,230.0,95.0,positive,9899.50815269
9899.50815269,22.439022481441494,33.51864397525787,20.17923229932785,9.054427564144136,141.0,111.0,negative,9898.71438201
9898.71438201,27.403799951076508,23.21373134851456,16.53618174791336,7.804197907447815,140.0,90.0,negative,9803.0068707
9803.0068707,21.922175645828247,24.765793085098267,20.137997031211853,8.62453418970108,159.0,111.0,positive,9827.44786772
9827.44786772,22.39263778924942,27.930421829223636,21.721575558185577,4.071996867656708,139.0,86.0,positive,9872.48722835
9872.48722835,19.033215820789337,18.196468591690063,21.49921840429306,6.425573468208313,150.0,65.0,negative,9849.69738192
9849.69738192,19.466289520263672,22.40503776073456,21.272280633449554,8.001991033554077,178.0,68.0,positive,9947.22846447
9947.22846447,19.741958618164062,21.651033520698547,20.027224838733677,5.316631019115448,112.0,107.0,negative,9913.91738286
9913.91738286,18.945936918258667,18.27436113357544,24.075129747390747,4.100292503833771,164.0,63.0,negative,9862.96225937
9862.96225937,34.360826194286346,41.88030385971069,25.734674751758572,7.371387839317322,200.0,110.0,positive,9880.20573225
9880.20573225,34.48368060588837,20.942402362823486,38.58993625640869,8.476876556873322,226.0,100.0,positive,9956.96062719
9956.96062719,30.489048957824707,41.116203129291534,33.3437505364418,10.001939296722412,227.0,111.0,positive,9957.40455408
9957.40455408,46.75882351398468,43.56394302845001,47.9764096736908,14.480472326278688,318.0,155.0,positive,9966.09246442
9966.09246442,40.28790193796158,45.93696928024292,45.71677833795548,9.129802227020264,302.0,136.0,positive,9987.5876625
9987.5876625,30.94725072383881,58.126999616622925,34.322950184345245,8.008622348308563,275.0,157.0,negative,9957.51783138
9957.51783138,33.94441229104996,37.77960026264191,23.172957837581635,8.074926853179932,205.0,113.0,positive,9959.37746371
9959.37746371,34.52963447570801,31.40301728248596,24.71466708183289,8.841720700263977,260.0,100.0,positive,9989.20437939
9989.20437939,32.20578587055206,41.15340036153793,20.22639626264572,7.985083758831024,195.0,117.0,negative,9967.67076977
9967.67076977,28.286279797554016,38.21885496377945,28.217867970466614,3.421962916851044,203.0,98.0,negative,9945.75404975
9945.75404975,26.02004510164261,39.57933050394058,28.629548847675323,5.723196148872376,180.0,106.0,negative,9842.66636785
9842.66636785,22.62999033927917,42.25916630029678,22.497590243816376,8.697207689285278,180.0,134.0,positive,9888.50285448
9888.50285448,23.992668509483337,39.45333731174469,23.438065946102142,7.52090847492218,130.0,100.0,negative,9880.72800257
9880.72800257,22.54084175825119,20.689626097679135,22.006556391716003,3.179937422275543,154.0,63.0,negative,9869.89701788
9869.89701788,21.54760944843292,25.837337255477905,29.678089916706085,6.519131720066071,149.0,76.0,positive,9890.03889549
9890.03889549,7.375672519207001,19.810829520225525,14.534805953502657,5.809449255466461,82.0,62.0,negative,9830.95936844
9830.95936844,9.363005518913267,40.65086054801941,22.495253801345825,6.637336134910584,90.0,101.0,negative,9809.15263883
9809.15263883,30.867915987968445,15.954523086547852,10.922648131847382,3.8072455525398254,123.0,50.0,negative,9751.40785141
9751.40785141,14.094871520996094,19.38299638032913,15.545370221138,1.594124257564545,90.0,96.0,negative,9651.09664775
9651.09664775,9.301545441150664,23.685297906398773,16.90350306034088,3.176545739173889,105.0,119.0,positive,9684.49620811
9684.49620811,20.16711437702179,18.288475930690765,19.818517923355103,2.434301972389221,135.0,45.0,positive,9701.06269243
9701.06269243,11.269189178943634,17.08199840784073,11.6361523270607,0.7743238210678101,92.0,48.0,negative,9648.79460423
9648.79460423,13.704995810985563,19.450722813606266,11.862166106700895,1.5540172457695007,110.0,68.0,negative,9636.16259049
9636.16259049,18.057328164577484,17.959315478801727,20.519278824329376,3.963273108005524,143.0,79.0,positive,9690.4224623
9690.4224623,12.24075472354889,18.0249617099762,25.06470423936844,2.4457781314849854,115.0,50.0,positive,9715.43942933
9715.43942933,24.736626744270325,48.77190136909485,12.685686230659485,7.48769998550415,134.0,92.0,negative,9700.46073365
9700.46073365,28.44724076986313,30.065778255462646,27.49588519334793,6.057966768741608,178.0,113.0,negative,9688.15662563
9688.15662563,52.62155312299728,22.76771438121796,32.55095165967941,17.55675119161606,275.0,117.0,positive,9746.89484248
9746.89484248,46.44033974409104,54.65673112869263,34.38378620147705,15.678551971912384,263.0,188.0,positive,9756.41757458
9756.41757458,50.38832360506058,35.22893613576889,31.593900084495544,14.624297082424164,245.0,130.0,negative,9718.63067733
9718.63067733,26.33560699224472,25.57490026950836,24.70617812871933,10.655542254447935,207.0,85.0,positive,9719.22219574
9719.22219574,33.23568934202194,28.56552451848984,29.43863290548325,13.05492067337036,191.0,103.0,negative,9653.81099032
9653.81099032,32.32975536584854,34.5364431142807,22.16552722454071,2.3989919424057007,208.0,104.0,negative,9634.27816636
9634.27816636,28.94674915075302,32.02013272047043,25.51747155189514,7.914369165897369,201.0,94.0,negative,9633.83415551
9633.83415551,22.618272960186005,13.121121168136597,23.34280163049698,3.3087101578712463,169.0,42.0,negative,9591.16923131
9591.16923131,13.87116664648056,15.806702315807344,19.27984458208084,3.994213163852692,144.0,59.0,negative,8743.4296373
8743.4296373,98.28742510080338,50.487721264362335,191.3049936294556,34.61869138479233,945.0,794.0,negative,8724.08248896
8724.08248896,77.40514916181564,44.56411647796631,137.30906599760056,27.11115127801895,756.0,177.0,negative,8695.68543713
8695.68543713,39.618554055690765,24.25368255376816,52.79739290475845,10.63681960105896,343.0,89.0,negative,8650.04806265
8650.04806265,32.329904556274414,9.327516317367554,55.40480107069016,12.860654890537262,310.0,98.0,negative,8547.09226954
8547.09226954,26.294683933258057,16.996048629283905,40.659036099910736,8.124376654624939,242.0,67.0,positive,8644.88861617
8644.88861617,20.6671958565712,10.765479505062103,24.96853870153427,6.60037761926651,189.0,70.0,negative,8629.43317879
8629.43317879,30.610241770744324,15.390827059745789,37.85149598121643,7.329442739486694,234.0,60.0,positive,8815.0441441
8815.0441441,34.49229842424393,15.842251420021055,47.76441186666489,9.22816389799118,271.0,101.0,positive,8840.4779657
8840.4779657,28.1461044549942,26.988335371017456,41.05010610818863,3.2623023986816406,269.0,86.0,negative,8826.51063184
8826.51063184,22.2287015914917,14.900941252708437,37.72181361913681,10.605327308177948,193.0,75.0,negative,8819.07118201
8819.07118201,28.850026488304135,16.11997538805008,30.74816608428955,8.976763308048248,212.0,83.0,negative,8743.08844235
8743.08844235,16.058720231056213,22.857320845127106,19.94640278816223,9.5175901055336,127.0,82.0,negative,8741.00585434
8741.00585434,27.58786684274673,42.09160810709,42.043949365615845,7.831100881099701,213.0,112.0,positive,8799.84853837
8799.84853837,37.81038016080856,33.34343469142914,50.62554174661636,9.355690240859984,264.0,98.0,negative,8732.92776658
8732.92776658,24.140062153339382,23.31373775005341,36.98592972755432,13.048828423023224,221.0,113.0,negative,8661.22253795
8661.22253795,48.49533063173294,29.242358148097992,43.85189884901047,8.188307285308838,307.0,131.0,negative,8443.9253662
8443.9253662,41.88036996126175,41.59651178121567,57.57143574953079,8.380316436290741,360.0,175.0,positive,8521.40480554
8521.40480554,63.33080184459686,25.81502854824066,54.41206109523773,5.83355188369751,380.0,110.0,negative,8507.96061002
8507.96061002,43.56179308891296,48.4133694767952,56.7404944896698,9.460485219955444,351.0,128.0,positive,8538.2166941
8538.2166941,41.66539680957794,32.728577852249146,44.4281912446022,6.369911253452301,287.0,90.0,positive,8710.38952069
8710.38952069,38.11049020290375,40.63225793838501,49.97630649805069,8.086710691452026,308.0,160.0,positive,8737.38996937
8737.38996937,29.702963769435883,37.96796542406082,42.74680179357529,11.426012217998505,248.0,120.0,positive,8780.35995746
8780.35995746,33.957381784915924,33.2509930729866,33.974877774715424,4.7227460741996765,260.0,98.0,negative,8756.43114193
8756.43114193,21.87005639076233,47.69466054439545,31.333761990070343,3.2036280632019043,225.0,119.0,positive,8759.23538223
8759.23538223,24.953161001205444,26.84079074859619,26.671585857868195,4.911208808422089,177.0,105.0,negative,8731.84297624
8731.84297624,29.172293663024902,20.955934166908264,29.77450716495514,4.153791427612305,188.0,64.0,positive,8757.43379127
8757.43379127,34.266689360141754,38.76395237445831,25.10386961698532,9.689296543598177,171.0,103.0,negative,8710.85774735
8710.85774735,32.29903542995453,25.27098399400711,25.292879164218903,5.624922811985016,229.0,68.0,negative,8668.89311708
8668.89311708,24.325128078460693,27.03785341978073,26.491693019866943,7.144854009151459,200.0,94.0,positive,8694.07490503
8694.07490503,19.960430800914764,16.159120798110962,25.178589820861816,6.350345015525818,140.0,68.0,positive,8700.07403894
8700.07403894,19.75699365139008,31.565363705158237,16.203042030334473,4.998554289340973,151.0,82.0,negative,8679.44161169
8679.44161169,26.789091050624847,27.738725423812863,23.75873512029648,2.4935710430145264,179.0,61.0,negative,8628.49774415
8628.49774415,22.75194400548935,20.293034434318542,26.85998797416687,6.700449645519257,180.0,83.0,negative,8534.89406222
8534.89406222,21.886240363121036,32.2543768286705,19.56347054243088,6.033396661281586,170.0,122.0,positive,8794.70254693
8794.70254693,21.77290523052216,53.33696621656418,15.421621680259705,4.856742680072784,164.0,162.0,positive,8921.64169005
8921.64169005,20.058431327342987,39.65263211727142,22.926220953464508,9.622662127017977,146.0,182.0,negative,8920.68663046
8920.68663046,38.23033916950226,69.09263956546783,24.75362205505371,15.07802587747574,223.0,311.0,negative,8872.33914294
8872.33914294,43.86948788166046,57.65852016210556,21.80391710996628,9.531468093395231,240.0,194.0,positive,8903.67574867
8903.67574867,46.50510901212692,95.59645813703536,41.03248327970505,10.214359045028688,334.0,242.0,negative,8891.44196464
8891.44196464,63.79277420043945,76.13926202058792,44.72053474187851,16.92293816804886,382.0,251.0,negative,8650.92132647
8650.92132647,59.36863672733307,150.959896504879,60.66326904296875,15.127400815486908,454.0,740.0,negative,8557.89644543
8557.89644543,65.53526866436005,157.26157981157303,68.65480130910873,39.02727448940277,438.0,556.0,negative,8551.07730381
8551.07730381,77.83922499418259,131.5006188750267,77.60100567340851,24.8244845867157,539.0,605.0,positive,8708.98792489
8708.98792489,146.59996390342712,285.59204387664795,79.17826282978058,30.762019872665405,887.0,780.0,negative,8665.60157662
8665.60157662,124.88952893018724,147.82642537355423,77.35990995168686,33.752210915088654,730.0,436.0,negative,8581.0115695
8581.0115695,143.97045248746872,63.41671806573868,59.27046132087708,8.782016575336456,753.0,227.0,positive,8591.64282915
8591.64282915,95.3612008690834,53.90301376581192,59.87007266283035,11.958702087402344,525.0,164.0,positive,8601.79620238
8601.79620238,85.45408982038498,77.27179461717606,55.17957806587219,8.331752181053162,503.0,200.0,positive,8604.53654025
8604.53654025,64.0310543179512,56.72833663225174,41.88643783330917,11.130734860897064,378.0,159.0,positive,8636.24946899
8636.24946899,53.35142111778259,40.947991251945496,46.1325865983963,13.26008290052414,349.0,146.0,positive,8667.52256712
8667.52256712,27.16020280122757,23.86685746908188,29.19488102197647,8.933457970619202,221.0,96.0,positive,8720.29986852
8720.29986852,38.29886251688004,29.990858376026157,22.72933942079544,13.323937118053436,236.0,117.0,positive,8736.52656319
8736.52656319,28.35574948787689,37.7061910033226,20.8149049282074,9.77191799879074,218.0,128.0,positive,8742.22341594
8742.22341594,22.04471653699875,30.21989804506302,20.647196829319,11.438751816749573,226.0,112.0,negative,8694.87476109
8694.87476109,18.45951157808304,54.419558107852936,20.002676367759705,8.806465327739716,183.0,132.0,negative,8663.27450883
8663.27450883,25.694771587848663,50.98650395870209,22.82842928171158,8.550033450126648,210.0,136.0,positive,8744.79156559
8744.79156559,42.1285794377327,43.96670472621918,22.44647026062012,11.465503633022308,233.0,123.0,positive,8795.35426178
8795.35426178,25.972345650196075,27.44168221950531,22.702241837978363,2.4355069398880005,191.0,86.0,negative,8778.01855923
8778.01855923,24.63613271713257,25.010794460773468,20.362701654434204,4.42302280664444,199.0,76.0,negative,8773.264243
8773.264243,32.80435824394226,25.2569260597229,38.27966010570526,9.079693734645844,244.0,97.0,positive,8777.16395623
8777.16395623,38.47373008728027,37.44101309776306,37.45470750331879,11.25307673215866,297.0,134.0,negative,8736.58022893
8736.58022893,43.49774426221848,47.22905445098877,35.12633866071701,16.271392583847046,324.0,178.0,positive,8880.03528225
8880.03528225,48.778999507427216,62.56888449192047,39.15204519033432,12.043792605400084,286.0,189.0,positive,8887.69460137
8887.69460137,53.49364316463471,64.6089636683464,25.708655178546906,8.820490419864655,277.0,165.0,positive,8919.91826104
8919.91826104,39.037880301475525,47.953410148620605,43.88673555850983,11.071458756923676,332.0,128.0,negative,8879.0339833
8879.0339833,37.43005794286728,52.38172262907028,55.10002243518829,13.59739774465561,324.0,144.0,positive,8891.83467145
8891.83467145,49.85397267341614,40.12907958030701,30.80780380964279,6.626650750637054,293.0,140.0,negative,8868.94154549
8868.94154549,34.975816786289215,35.98633897304535,25.404218077659607,17.96641767024994,207.0,127.0,negative,8828.83171406
8828.83171406,43.89740526676178,37.23316240310669,31.283982276916504,11.375173926353456,241.0,124.0,negative,8794.29601765
8794.29601765,27.108251452445984,56.49455755949021,30.82806432247162,10.658965349197388,214.0,164.0,positive,8818.26705967
8818.26705967,35.84709852933884,55.58118551969528,32.76349186897278,8.078244149684906,221.0,155.0,negative,8804.47781074
8804.47781074,29.678530991077423,33.89811980724335,29.94537043571472,4.34040904045105,213.0,93.0,positive,8927.23061036
8927.23061036,17.689948856830597,44.04988712072373,20.42266410589218,11.239407002925873,173.0,122.0,positive,8941.68574243
8941.68574243,21.612538695335388,45.42372751235962,26.15535688400269,9.21206831932068,197.0,126.0,negative,8924.35267223
8924.35267223,21.66343891620636,30.391696333885196,11.449331521987917,10.528850853443146,151.0,95.0,negative,8916.71031825
8916.71031825,35.536943197250366,40.2208953499794,18.76029342412949,11.939888417720796,149.0,124.0,negative,8913.88263077
8913.88263077,22.679092586040497,32.28813397884369,15.599031269550323,8.932286977767944,118.0,88.0,negative,8905.18639803
8905.18639803,16.389041543006897,31.039059340953827,13.21166479587555,1.5550435781478882,110.0,79.0,negative,8903.10929144
8903.10929144,16.269130170345306,18.2494952082634,16.267899334430695,0.7842267155647278,132.0,66.0,negative,8892.58475072
8892.58475072,18.76703929901123,22.06838995218277,18.366586208343502,4.841825723648071,139.0,84.0,positive,8900.84680529
8900.84680529,28.483248472213745,20.90015345811844,25.54539543390274,3.33836168050766,178.0,55.0,positive,8926.36620328
8926.36620328,12.474028170108795,19.341176211833957,17.774647116661072,7.000983834266663,136.0,53.0,positive,8947.66100661
8947.66100661,16.70446813106537,18.05555719137192,24.73522448539734,3.448361039161682,142.0,53.0,positive,8995.80503068
8995.80503068,21.12166154384613,25.205255448818207,33.42670434713364,6.604292392730713,170.0,98.0,positive,9040.75987455
9040.75987455,35.5241397023201,35.595277190208435,34.70461446046829,8.24450695514679,217.0,120.0,negative,9035.61423629
9035.61423629,25.87653237581253,32.57389706373215,25.49189400672913,13.607109606266022,186.0,98.0,positive,9044.27875993
9044.27875993,34.391314923763275,48.79036408662796,33.36608308553696,9.942853689193726,255.0,159.0,positive,9093.79188952
9093.79188952,27.5826268196106,41.478116273880005,30.22662508487701,10.683699488639832,197.0,145.0,negative,9075.06816935
9075.06816935,32.88266932964325,43.870480835437775,37.700941383838654,9.60816353559494,244.0,175.0,negative,9056.50596951
9056.50596951,30.59417843818665,36.6661456823349,37.51994848251343,15.158918023109436,214.0,141.0,positive,9063.86001899
9063.86001899,32.56415104866028,31.49057233333588,30.327476799488068,8.035270035266876,218.0,104.0,positive,9120.37362024
9120.37362024,26.102018117904663,25.80258196592331,24.051117479801174,3.9745489358901978,194.0,84.0,positive,9195.42775638
9195.42775638,29.59045934677124,49.89847785234451,29.154622733592987,11.520388782024384,221.0,236.0,positive,9285.67517747
9285.67517747,32.44316101074219,32.27657490968704,44.133035480976105,7.369387209415436,308.0,152.0,negative,9269.77610635
9269.77610635,26.43638879060745,44.5110125541687,26.26121300458908,6.590619385242462,213.0,128.0,positive,9269.98770576
9269.98770576,27.412224769592285,22.8337864279747,34.17083752155304,9.867093205451964,176.0,94.0,positive,9298.02864411
9298.02864411,25.790859401226044,30.220250248909,16.329535484313965,4.165327727794647,145.0,83.0,negative,9261.88835845
9261.88835845,17.653699100017548,15.022812128067017,17.402527451515198,5.158485591411591,152.0,54.0,positive,9331.87194988
9331.87194988,20.008176743984222,17.5268497467041,18.97338736057281,6.226766467094421,140.0,58.0,negative,9312.91095737
9312.91095737,21.538487434387207,14.068333089351654,22.786536693573,1.5764187574386597,155.0,36.0,negative,9289.05673714
9289.05673714,26.518254339694977,8.614166378974915,18.65455812215805,4.921228051185608,162.0,41.0,positive,9357.28736471
9357.28736471,19.34228539466858,10.077560722827911,14.739169478416445,4.8897013664245605,129.0,68.0,positive,9403.0309476
9403.0309476,12.72509080171585,17.0411856174469,22.49796760082245,4.308545827865601,132.0,54.0,positive,9447.15536948
9447.15536948,22.302765369415283,18.617767989635468,11.134333550930023,4.711779356002808,135.0,81.0,positive,9518.36564042
9518.36564042,33.153644382953644,15.616232097148895,19.72728729248047,1.6100130677223206,181.0,52.0,positive,9694.39565559
9694.39565559,31.9483442902565,26.90935969352722,20.07579332590103,9.366710841655731,194.0,191.0,negative,9664.5365131
9664.5365131,21.94992822408676,25.88241159915924,27.20877236127853,2.358995199203491,188.0,230.0,negative,9641.10695387
9641.10695387,27.926727652549744,56.7239802479744,31.079849064350128,3.998436212539673,211.0,121.0,negative,9559.65357331
9559.65357331,28.073763251304623,14.350476741790771,31.433618128299717,3.238400399684906,211.0,70.0,positive,9576.0430287
9576.0430287,30.68718564510345,26.39280277490616,39.61431103944778,3.9999066591262817,234.0,87.0,positive,9639.95703571
9639.95703571,45.32787418365479,26.35167229175568,37.55225759744644,7.176077842712402,281.0,98.0,positive,9677.87867248
9677.87867248,38.30369055271149,36.8146938085556,31.089555740356445,11.331632733345032,255.0,153.0,negative,9639.49989478
9639.49989478,45.24489760398865,29.64300888776779,33.86878138780594,6.62780624628067,259.0,111.0,negative,9622.86593236
9622.86593236,43.247411131858826,24.59535121917725,51.66998827457428,9.520685970783234,341.0,87.0,positive,9639.81792482
9639.81792482,46.51353079080582,29.541878581047055,48.33950763940811,9.18592083454132,286.0,96.0,positive,9645.28651876
9645.28651876,37.103592574596405,29.14569801092148,61.59810757637024,4.211043953895569,308.0,81.0,positive,9650.00954139
9650.00954139,38.90977364778519,24.248846232891083,43.77173399925232,8.269935071468353,300.0,120.0,positive,9712.32280532
9712.32280532,36.15844929218292,30.608579397201535,31.46749782562256,5.515978813171387,226.0,86.0,positive,9733.1928209
9733.1928209,27.816991925239563,41.31456917524338,34.522691428661346,10.700146973133087,260.0,131.0,positive,9733.72147137
9733.72147137,36.67995774745941,33.04838502407074,39.62201511859894,11.327314853668211,262.0,119.0,negative,9731.84217012
9731.84217012,29.643480122089382,15.112017571926115,43.86903786659241,4.636636793613434,265.0,66.0,negative,9706.73567505
9706.73567505,28.38214200735092,31.613709330558777,26.340161681175232,7.306404113769531,190.0,79.0,negative,9551.58365395
9551.58365395,24.298219084739685,23.21393519639969,22.69548469781876,4.411037027835846,175.0,280.0,negative,9527.00671511
9527.00671511,19.11035192012787,19.63054347038269,30.245856404304504,9.777050137519836,213.0,94.0,negative,9458.5182631
9458.5182631,19.187273621559143,15.18382042646408,24.45700979232788,4.725775837898254,133.0,62.0,positive,9476.24148049
9476.24148049,22.436659455299377,16.63700234889984,13.609033226966858,1.6738647818565369,135.0,63.0,positive,9508.67506281
9508.67506281,22.24514752626419,10.038634479045868,23.53977942466736,5.049826681613922,173.0,51.0,negative,9508.67506281
9508.67506281,19.675382435321808,17.682236075401306,18.023569464683533,8.266692042350769,128.0,56.0,positive,9617.90942938
9617.90942938,14.691314995288849,15.10967880487442,25.08275878429413,2.650545299053192,149.0,61.0,negative,9615.88197798
9615.88197798,28.92771315574646,21.371362447738647,18.529333651065823,5.942627310752869,178.0,76.0,positive,9618.51242866
9618.51242866,24.275230407714844,44.02471774816513,28.571208775043488,4.007327914237976,162.0,86.0,negative,9600.47064053
9600.47064053,12.826485991477966,29.72243893146515,18.54217094182968,3.3283365964889526,136.0,74.0,negative,9563.03342311
9563.03342311,35.33854526281357,24.038260877132416,35.19694530963898,3.3150627613067627,245.0,85.0,negative,9549.6872517
9549.6872517,33.8772497177124,20.01407152414322,31.226743519306183,3.2583369612693787,235.0,67.0,positive,9591.42607056
9591.42607056,39.57715457677841,35.56510752439499,34.8592734336853,8.927477478981018,256.0,95.0,negative,9483.16510398
9483.16510398,35.76817274093628,28.726817667484283,32.99894869327545,10.311022758483888,263.0,147.0,positive,9512.08333466
9512.08333466,36.48943293094635,25.375580549240112,42.70525813102722,3.818551480770111,282.0,76.0,negative,9472.08015129
9472.08015129,30.54532235860825,41.06431156396866,42.86688655614853,11.340171217918396,243.0,128.0,positive,9506.13719045
9506.13719045,29.61793059110641,47.56555742025376,34.26503014564514,11.03947639465332,236.0,152.0,negative,9373.65432591
9373.65432591,44.2499480843544,49.209659695625305,43.10259371995926,10.040063619613647,272.0,137.0,negative,9268.49321534
9268.49321534,42.773968279361725,24.944970905780792,32.52772897481918,10.853953003883362,229.0,111.0,positive,9416.97786261
9416.97786261,30.420398831367493,64.95637875795364,33.72695094347,25.75036782026291,243.0,213.0,negative,9386.55387252
9386.55387252,29.30698108673096,66.38512605428696,36.53648859262466,19.331839740276337,204.0,200.0,negative,9328.19722645
9328.19722645,36.55069547891617,61.9287845492363,42.98652118444443,14.560509383678436,266.0,188.0,positive,9387.66595036
9387.66595036,42.40403318405152,54.19724005460739,44.14153438806534,11.653003871440887,289.0,160.0,positive,9410.24950684
9410.24950684,29.114054918289185,31.78541523218155,25.85657835006714,8.868358075618744,182.0,104.0,positive,9421.28124636
9421.28124636,29.172899544239044,33.66924273967743,32.4214940071106,8.899900138378143,172.0,94.0,negative,9407.75076786
9407.75076786,36.47998398542404,31.64394611120224,17.238960802555084,4.776337444782257,156.0,96.0,positive,9464.72960254
9464.72960254,17.90977019071579,19.836357295513157,20.879748284816745,4.719276309013367,158.0,65.0,positive,9475.25779133
9475.25779133,17.808975756168365,21.49188989400864,22.135814428329468,8.610389709472656,151.0,97.0,positive,9475.28501592
9475.28501592,17.88619315624237,21.43267285823822,15.398730397224426,11.686975002288818,138.0,75.0,negative,9422.12691269
9422.12691269,24.691493332386017,23.65253037214279,17.20514541864395,7.660456359386444,144.0,95.0,positive,9422.92577454
9422.92577454,24.611473083496094,23.968073189258572,28.09461945295334,13.218521475791931,195.0,95.0,negative,9408.75900452
9408.75900452,27.93367499113083,32.72716569900513,21.832230746746063,2.506701827049256,142.0,89.0,positive,9433.52416373
9433.52416373,20.156706988811493,30.48990899324417,14.759206354618073,6.476505696773529,114.0,122.0,negative,9410.77561608
9410.77561608,19.072833120822903,18.94156616926193,22.841006875038147,6.523044168949127,148.0,75.0,positive,9478.15583744
9478.15583744,33.71526002883911,36.81284385919571,35.18293607234955,4.13291722536087,235.0,90.0,negative,9455.95769842
9455.95769842,45.568705558776855,37.061991453170776,31.489028692245483,19.482056081295013,282.0,138.0,negative,9440.89439434
9440.89439434,35.22051584720612,29.064593017101288,37.20228457450867,8.786280751228333,235.0,111.0,negative,9392.04811163
9392.04811163,45.2058390378952,64.44189947843552,33.96716898679733,25.201230823993683,256.0,376.0,negative,9360.58175492
9360.58175492,41.98797363042832,99.8549240231514,37.41592264175415,37.96265941858292,296.0,490.0,negative,9351.22066408
9351.22066408,41.539979219436646,50.20525199174881,32.78119522333145,14.151522755622864,280.0,297.0,negative,9316.7117153
9316.7117153,46.32097810506821,70.64257198572159,48.499064683914185,21.41131967306137,326.0,266.0,positive,9337.34279695
9337.34279695,44.63023811578751,41.54345613718033,24.556618690490723,8.11220669746399,237.0,186.0,positive,9366.50368305
9366.50368305,26.35529512166977,43.46565383672714,32.222093880176544,11.17483639717102,212.0,162.0,positive,9373.66619552
9373.66619552,26.60194391012192,58.062295496463776,42.6100035905838,12.794665575027466,243.0,192.0,positive,9399.67270654
9399.67270654,22.627499043941494,48.179061114788055,17.273412466049194,10.259859085083008,173.0,163.0,negative,9377.0140257
9377.0140257,20.668622612953182,39.07449585199356,21.557190477848053,14.91741418838501,123.0,156.0,positive,9454.28380105
9454.28380105,22.554508090019223,30.715256929397583,20.77254968881607,5.896588385105133,168.0,107.0,positive,9488.18563397
9488.18563397,21.23540872335434,24.347717702388763,28.96696937084198,8.711494624614716,151.0,104.0,positive,9508.52104145
9508.52104145,24.641292929649357,27.08670312166214,22.576653480529785,6.323672711849213,163.0,101.0,positive,9557.4368579
9557.4368579,21.79886358976364,26.63872981071472,19.173852503299717,6.4534443616867065,142.0,87.0,negative,9523.95542939
9523.95542939,13.045778751373293,20.67562186717987,16.521494507789612,1.531492829322815,100.0,73.0,negative,9505.96143375
9505.96143375,14.969919800758362,23.109981656074524,11.954956352710724,3.7953988909721375,87.0,79.0,positive,9536.38784564
9536.38784564,11.355378329753876,20.105992376804352,10.529215514659882,6.461795330047607,81.0,73.0,negative,9534.32439449
9534.32439449,15.621237874031069,15.510067522525787,12.692454993724825,9.30191457271576,99.0,76.0,negative,9508.59071221
9508.59071221,10.645150482654572,19.564323604106903,12.026312470436096,7.265601873397827,80.0,71.0,negative,9495.55773082
9495.55773082,12.661329448223114,28.30351632833481,6.977963209152222,4.524191319942474,81.0,84.0,positive,9529.98902194
9529.98902194,11.847975254058838,27.174311995506287,20.13232910633087,9.918084442615507,101.0,107.0,negative,9525.35186602
9525.35186602,18.876897990703583,31.628653049468998,13.83554220199585,10.40220308303833,108.0,104.0,positive,9718.38978213
9718.38978213,26.00070065259933,39.76877057552338,22.233981907367703,11.201632022857666,152.0,191.0,positive,9730.81467417
9730.81467417,24.611852705478668,48.879521906375885,23.33069157600403,10.788053154945374,156.0,161.0,positive,9768.10973522
9768.10973522,30.451075613498688,37.46745389699936,28.85117506980896,12.221575200557709,190.0,159.0,positive,9791.36422557
9791.36422557,33.11836153268814,37.4101105928421,37.8255934715271,14.85254693031311,239.0,174.0,negative,9741.11510652
9741.11510652,35.27061426639557,36.202020943164825,34.29366034269333,12.799099802970886,240.0,143.0,positive,9746.89726973
9746.89726973,29.42459863424301,64.83548086881638,27.930849611759182,11.415784001350405,216.0,193.0,negative,9743.04874262
9743.04874262,42.1886340379715,40.657895267009735,36.158552169799805,6.212100446224213,237.0,117.0,positive,9751.86042165
9751.86042165,25.03566145896912,24.85267263650894,25.391089737415317,8.806396842002869,205.0,85.0,positive,9757.63170071
9757.63170071,27.811305344104767,13.492480158805847,24.96924471855164,5.779230356216431,178.0,51.0,positive,9760.440553
9760.440553,24.930344820022583,24.676539957523342,28.29141366481781,3.907655417919159,220.0,77.0,negative,9681.13757509
9681.13757509,26.63744914531708,25.66102683544159,21.762737691402435,3.226534485816956,192.0,101.0,negative,9670.73937122
9670.73937122,26.338781595230103,20.434206545352936,41.78689390420914,8.925754964351654,191.0,66.0,positive,9756.65776481
9756.65776481,29.867569148540497,32.47838360071182,31.279168844223022,8.729189157485962,191.0,109.0,positive,9885.18210681
9885.18210681,25.40946727991104,32.51169204711914,41.65316730737686,9.477952003479004,235.0,150.0,negative,9866.37258134
9866.37258134,31.43527102470398,18.806410789489743,32.999902963638306,3.1132773756980896,193.0,63.0,negative,9857.42510523
9857.42510523,28.47791337966919,14.031423449516296,25.748904407024384,3.1177491545677185,196.0,51.0,positive,9864.41642539
9864.41642539,18.777084171772003,22.41606253385544,30.93448954820633,6.245774149894714,176.0,84.0,positive,9865.06837985
9865.06837985,27.722397923469543,32.041154623031616,23.28317284584045,5.579800367355347,179.0,72.0,negative,9815.24651198
9815.24651198,36.06098794937134,24.33499491214752,29.222339928150177,3.5122259855270386,208.0,90.0,negative,9764.68598662
9764.68598662,18.6028596162796,21.044611394405365,32.85757106542587,1.548192858695984,172.0,62.0,negative,9632.0887165
9632.0887165,32.32965111732483,20.602470874786377,29.39690810441971,5.520899593830109,201.0,231.0,negative,9577.5393796
9577.5393796,23.37620109319687,14.220288634300232,31.951546132564545,0.8374276757240295,219.0,45.0,positive,9597.31530876
9597.31530876,23.287308514118195,22.76905989646912,26.73808205127716,6.138445734977722,188.0,72.0,positive,9612.18199502
9612.18199502,28.643224000930783,20.25067001581192,25.40513801574707,3.972162425518036,167.0,66.0,negative,9607.43235454
9607.43235454,24.663734018802643,29.541926324367523,36.631911516189575,6.746851027011871,223.0,96.0,positive,9666.47335539
9666.47335539,31.89306217432022,22.13284260034561,31.71433407068253,7.029910981655121,237.0,81.0,positive,9712.25220918
9712.25220918,34.6750648021698,24.428676784038544,32.573229134082794,7.175105571746826,238.0,87.0,negative,9689.66385934
9689.66385934,37.81801998615265,27.22632837295532,35.55423331260681,4.957509696483612,248.0,94.0,negative,9655.56950566
9655.56950566,34.62285763025284,43.43039232492447,21.03261536359787,7.30944299697876,230.0,162.0,negative,9605.81840505
9605.81840505,35.231056690216064,22.375782430171967,46.5208238363266,8.816194653511047,283.0,78.0,positive,9639.52635031
9639.52635031,34.82429838180542,23.787049889564518,42.77321320772171,9.722900569438934,244.0,80.0,positive,9689.00336871
9689.00336871,30.506090819835663,50.08518177270889,43.64750277996063,11.018748223781586,269.0,142.0,negative,9687.54649705
9687.54649705,48.62502855062485,46.03088063001633,43.57970184087753,15.767136693000792,285.0,163.0,positive,9699.1116772
9699.1116772,42.112222373485565,36.509645879268646,36.66173726320267,9.73199498653412,260.0,114.0,positive,9727.39174061
9727.39174061,33.0269341468811,22.89275604486465,20.5147248506546,9.50864678621292,200.0,82.0,negative,9726.5748149
9726.5748149,38.71021807193756,17.699081122875214,37.47566825151444,4.073149502277374,273.0,47.0,negative,9622.09593095
9622.09593095,31.130401492118835,28.80720680952072,28.101427614688877,6.543229579925537,189.0,91.0,positive,9649.04649989
9649.04649989,30.46315985918045,12.982407033443453,21.779461145401,5.689777314662933,179.0,40.0,negative,9605.09855265
9605.09855265,20.89600509405136,23.36974662542343,29.322113752365112,0.984301745891571,178.0,71.0,negative,9579.65481593
9579.65481593,22.988860726356503,16.70243388414383,16.13846093416214,2.3427804708480835,155.0,81.0,negative,9550.2793187
9550.2793187,14.738885223865507,22.740333318710327,14.772455990314484,2.361275017261505,108.0,60.0,positive,9592.1144696
9592.1144696,14.262397170066832,19.63134264945984,17.834215998649597,0.7752662897109985,117.0,57.0,positive,9598.21442601
9598.21442601,20.533052265644077,19.750496566295624,18.54438984394073,3.991050124168396,148.0,55.0,negative,9581.15286582
9581.15286582,14.40827190876007,20.878592431545258,18.95285338163376,2.361021637916565,128.0,56.0,positive,9762.77741019
9762.77741019,14.31435251235962,16.262331247329712,21.23195844888687,4.009766578674316,148.0,83.0,positive,9779.55462314
9779.55462314,15.924749553203585,11.11472773551941,18.254660725593567,1.6190828680992126,135.0,43.0,negative,9777.63027125
9777.63027125,22.53331714868545,5.547164559364319,21.598375618457798,2.973286986351013,142.0,33.0,negative,9764.69452774
9764.69452774,22.10228955745697,14.96305513381958,27.220562160015103,1.65370112657547,175.0,87.0,negative,9675.48526781
9675.48526781,23.27329671382904,31.01887547969818,21.59783506393433,6.378905594348908,188.0,120.0,positive,9684.34091642
9684.34091642,23.625641465187076,23.2309667468071,29.839008569717407,6.671800136566162,223.0,78.0,positive,9686.29986973
9686.29986973,29.055678248405457,30.14378792047501,24.331094563007355,6.364516496658325,202.0,86.0,negative,9679.21671374
9679.21671374,34.71039271354675,52.85596615076065,42.14541506767273,6.439102411270142,260.0,137.0,positive,9687.61069074
9687.61069074,29.60364478826523,38.2151055932045,37.52266126871109,9.233244597911836,250.0,121.0,negative,9667.83847535
9667.83847535,36.81038451194763,44.66978496313095,38.1180819272995,7.301449120044708,239.0,104.0,positive,9698.97312277
9698.97312277,24.262381434440613,36.31256711483002,23.942920744419094,6.5511810183525085,204.0,98.0,negative,9672.14360885
9672.14360885,46.43523848056793,39.305111050605774,28.896329402923584,5.658204197883606,246.0,84.0,negative,9665.35743418
9665.35743418,32.811523616313934,41.74445682764053,30.64168059825897,4.027098000049591,215.0,94.0,positive,9682.14736526
9682.14736526,25.748738408088684,25.538173615932465,17.77236956357956,3.9377737045288086,165.0,56.0,positive,9710.02327676
9710.02327676,21.121196925640103,23.361908674240112,27.097487926483154,4.678646087646484,187.0,72.0,positive,9725.32936525
9725.32936525,34.30487263202667,25.26642847061157,20.128275454044346,5.913510978221893,184.0,97.0,positive,9740.78077978
9740.78077978,17.813571870326996,9.39585393667221,17.71068447828293,5.680647909641266,122.0,56.0,positive,9746.13213362
9746.13213362,22.926982760429382,19.690496027469635,28.321462094783783,2.3967142701148987,165.0,54.0,negative,9739.75267265
9739.75267265,26.48513638973236,14.613385260105131,15.381327986717224,2.63724547624588,125.0,48.0,negative,9734.40724102
9734.40724102,23.57769465446472,13.549240410327911,26.828141748905185,7.292346000671387,149.0,53.0,negative,9726.05284094
9726.05284094,12.402519047260284,26.118141293525696,16.11658239364624,2.9479344487190247,101.0,65.0,positive,9729.95683445
9729.95683445,13.278925836086271,26.40024745464325,17.19282442331314,2.4538504481315613,104.0,62.0,negative,9719.56796569
9719.56796569,16.854610800743103,23.892256319522858,12.334024667739868,4.831139028072357,117.0,82.0,positive,9742.76760152
9742.76760152,18.835246086120605,19.687896132469177,19.062670409679413,4.977668046951294,144.0,73.0,positive,9749.67990855
9749.67990855,26.83999848365784,30.7693265080452,12.297754287719728,4.731204450130463,141.0,61.0,positive,9772.62395315
9772.62395315,18.29550790786743,30.933017015457157,17.195227444171906,1.5530436038970947,124.0,69.0,negative,9763.52496649
9763.52496649,15.962197065353394,30.61183327436447,16.99161398410797,2.628270328044892,110.0,68.0,negative,9739.56859213
9739.56859213,14.481426298618317,22.171627700328827,13.140284359455109,4.658261477947235,122.0,82.0,positive,9755.35275904
9755.35275904,15.284806787967682,24.40652048587799,18.061004519462585,7.218414187431335,125.0,69.0,positive,9764.97120953
9764.97120953,25.5332909822464,25.633883476257324,19.656607270240784,5.092495322227478,169.0,84.0,negative,9763.73103234
9763.73103234,33.95027160644531,47.54628753662109,39.651000797748566,9.567480623722076,221.0,134.0,negative,9486.38054405
9486.38054405,41.10110878944397,76.11690747737885,57.22111207246781,33.49411261081696,361.0,608.0,negative,9467.4191642
9467.4191642,47.57900881767273,61.96362221240997,82.50942665338516,21.76593542098999,426.0,236.0,positive,9531.26627856
9531.26627856,43.79612505435944,78.52413493394852,54.90933668613434,17.537742972373962,329.0,252.0,positive,9531.6514116
9531.6514116,32.83817309141159,30.08198082447052,47.68389874696732,8.091470122337341,268.0,112.0,negative,9531.31703646
9531.31703646,28.75804817676544,22.820496320724487,31.68366831541061,16.266124725341797,213.0,90.0,positive,9585.15619018
9585.15619018,21.216910541057587,34.99316191673279,37.85077148675919,17.80881804227829,237.0,118.0,negative,9555.05574034
9555.05574034,21.174734115600582,23.516958355903625,11.997281312942505,9.594889044761658,114.0,85.0,negative,9535.15974038
9535.15974038,21.861942052841187,34.18291765451431,20.81288707256317,12.215279459953308,141.0,120.0,negative,9522.98115678
9522.98115678,20.290692687034607,32.85257214307785,26.510279655456543,9.783921420574188,164.0,122.0,positive,9545.47973707
9545.47973707,22.570528507232662,24.98295557498932,21.34090381860733,8.134661674499512,150.0,80.0,negative,9527.43850599
9527.43850599,8.239572882652283,31.18175595998764,15.653025448322296,8.037696599960327,130.0,94.0,negative,9499.66984281
9499.66984281,21.359980702400208,21.806900203228,20.45749658346176,3.7168593406677246,138.0,55.0,negative,9483.85700327
9483.85700327,23.20559102296829,17.892054438591003,18.703661799430847,5.860970199108124,144.0,54.0,positive,9483.92958871
9483.92958871,16.420628786087036,30.015219032764435,23.292186737060547,5.024660170078278,125.0,74.0,positive,9509.31787676
9509.31787676,8.1889146566391,8.922374725341797,23.14510029554367,6.525603592395783,126.0,41.0,positive,9516.5660056
9516.5660056,16.488843739032745,21.43354845046997,17.75939780473709,5.650094211101532,117.0,62.0,negative,9479.24538059
9479.24538059,21.27967458963394,17.788335144519806,13.34381228685379,8.17732858657837,114.0,63.0,negative,9369.95355865
9369.95355865,17.040407836437225,15.781995713710783,16.088595390319824,9.96238499879837,126.0,149.0,negative,9342.38591471
9342.38591471,22.06302922964096,24.19962227344513,23.62671822309494,7.803858697414398,156.0,74.0,positive,9357.03343618
9357.03343618,22.436286449432373,22.380638420581818,27.550734102725983,7.958814263343811,152.0,107.0,positive,9361.8184402
9361.8184402,31.777500927448276,28.19955611228943,30.470523297786716,43.5073179602623,209.0,137.0,negative,9348.2640732
9348.2640732,26.22065615653992,22.94868975877762,23.830913066864014,6.540816783905029,215.0,79.0,negative,9324.24653715
9324.24653715,35.51199448108673,21.07199239730835,41.98604917526245,8.64328283071518,268.0,94.0,negative,9061.17966671
9061.17966671,48.44830447435379,20.956787884235386,46.27861952781677,8.913494944572449,344.0,305.0,positive,9094.76139558
9094.76139558,36.70545738935471,20.70963841676712,42.37827622890472,6.6128034591674805,356.0,84.0,positive,9102.88131965
9102.88131965,45.37717753648758,31.89241099357605,42.03437823057175,9.683471322059631,323.0,111.0,negative,9050.4120636
9050.4120636,43.72036170959473,46.56311368942261,43.24034774303436,16.88603925704956,305.0,189.0,negative,8881.53248165
8881.53248165,48.11530297994614,55.78809916973114,51.69540983438492,16.128479421138763,371.0,281.0,positive,9065.28290072
9065.28290072,60.528519213199615,43.53321444988251,63.42797636985779,7.423002779483795,379.0,159.0,negative,9060.76011681
9060.76011681,46.39878326654434,31.529199421405792,38.18603938817978,4.689246654510498,315.0,85.0,positive,9086.76024698
9086.76024698,32.12958151102066,34.74617886543274,51.046218395233154,7.961454808712006,267.0,98.0,positive,9134.06286665
9134.06286665,39.31602311134338,30.90715205669403,28.97208857536316,6.788554310798645,260.0,88.0,negative,9081.76202252
9081.76202252,29.54770630598068,29.62406837940216,31.051566302776337,9.325579106807709,178.0,95.0,negative,9033.88264286
9033.88264286,42.95204550027847,16.708063423633575,36.670937955379486,4.509199023246765,256.0,52.0,positive,9082.59915982
9082.59915982,37.127299308776855,29.435047447681427,34.005269169807434,5.830938935279846,222.0,72.0,negative,9080.70017583
9080.70017583,24.60057812929153,20.583606243133545,27.632250666618347,5.809413313865662,204.0,61.0,negative,9025.47501443
9025.47501443,20.803197860717773,24.334720730781555,17.40430337190628,6.889471173286438,162.0,84.0,positive,9026.30274354
9026.30274354,18.76256227493286,15.09038370847702,29.47749531269073,7.117471635341644,160.0,58.0,positive,9056.55069333
9056.55069333,12.82900607585907,19.66398787498474,18.404315412044525,4.074008345603943,112.0,73.0,positive,9089.51246405
9089.51246405,25.13637721538544,22.28572541475296,16.815144896507263,3.196206629276276,141.0,62.0,positive,9093.0784534
9093.0784534,28.964242041110992,33.976135432720184,19.124871790409088,6.690862238407135,163.0,73.0,negative,9089.64469162
9089.64469162,21.815292179584503,27.51108133792877,22.7518709897995,5.837358772754669,135.0,78.0,positive,9098.99909485
9098.99909485,36.641990303993225,22.379615306854248,21.62573438882828,7.101310431957245,164.0,56.0,positive,9181.54238828
9181.54238828,22.581300675868988,34.32799303531647,39.10084336996079,7.118690669536591,186.0,125.0,negative,9174.95713948
9174.95713948,15.865997552871704,39.3961495757103,25.03162032365799,8.192529380321503,162.0,112.0,positive,9180.68262392
9180.68262392,27.23367989063263,52.13917917013168,25.394268453121185,13.034539997577667,182.0,140.0,negative,9137.90016721
9137.90016721,32.77563565969467,48.5079020857811,35.48260551691055,20.896098852157596,228.0,169.0,positive,9150.9146672
9150.9146672,36.04517233371735,52.2492339015007,28.85238873958588,17.852854192256927,220.0,149.0,positive,9200.44109806
9200.44109806,34.88012444972992,42.66102683544159,37.91399043798447,9.096236288547516,231.0,148.0,positive,9217.85316161
9217.85316161,42.26893329620361,60.155734181404114,25.4650456905365,9.747103214263916,222.0,170.0,negative,9194.69035268
9194.69035268,38.1444433927536,50.71152180433273,29.460725128650665,9.524192452430723,228.0,139.0,positive,9204.76818832
9204.76818832,23.923380613327023,64.601269364357,33.99950551986694,5.476116836071014,187.0,168.0,negative,9187.35751153
9187.35751153,32.74078327417374,46.201763808727264,30.808209121227264,8.5251225233078,205.0,129.0,positive,9204.98984051
9204.98984051,44.7765896320343,28.541344344615936,20.03273296356201,9.307019710540771,232.0,92.0,positive,9209.56425157
9209.56425157,30.629876017570496,38.74792277812958,26.276799261569977,8.544116497039795,167.0,144.0,positive,9210.39272545
9210.39272545,30.932437360286716,29.505679726600647,29.43610572814941,9.189059138298036,182.0,96.0,negative,9182.57751787
9182.57751787,43.10612231492996,18.067375123500824,23.73985481262207,2.2907609939575195,192.0,54.0,positive,9242.14245846
9242.14245846,30.27801126241684,21.54634773731232,26.545549511909485,9.582367777824402,175.0,79.0,negative,9235.25459976
9235.25459976,15.509525656700134,25.70032131671905,14.491637766361237,4.54101037979126,110.0,93.0,positive,9272.8621777
9272.8621777,24.72417825460434,21.185575366020203,18.93300157785416,4.174119830131531,131.0,66.0,positive,9289.73138405
9289.73138405,20.29290586709976,20.29711538553238,10.509270906448364,3.331058144569397,108.0,66.0,negative,9276.7522588
9276.7522588,14.71417784690857,25.296155750751492,18.242838203907013,5.637080490589142,86.0,76.0,positive,9278.42555778
9278.42555778,8.12149441242218,17.31148326396942,13.4718199968338,4.008463084697723,83.0,48.0,negative,9268.86369196
9268.86369196,16.969786763191223,22.51200646162033,8.049661338329315,4.637699782848358,87.0,72.0,negative,9257.33193532
9257.33193532,10.284467339515686,12.037013173103333,13.879696786403656,3.4039772152900696,102.0,53.0,negative,9205.6819868
9205.6819868,10.59499567747116,22.1436180472374,11.574060797691343,0.831851601600647,94.0,57.0,negative,9176.78034893
9176.78034893,18.18676227331161,14.40101969242096,11.536434650421144,1.704561471939087,119.0,63.0,negative,9137.00878986
9137.00878986,10.732247233390808,13.532505512237549,18.80698561668396,4.08053457736969,114.0,46.0,positive,9180.48675461
9180.48675461,12.128727078437803,12.918028473854063,23.773588597774506,1.8523316383361816,126.0,37.0,negative,9128.86901461
9128.86901461,26.67498737573624,31.16336697340012,19.185571253299717,3.217167377471924,139.0,113.0,positive,9142.29755334
9142.29755334,24.835651457309723,14.124730169773102,20.08155220746994,7.648588180541992,145.0,62.0,positive,9202.08955255
9202.08955255,16.72462385892868,26.61033171415329,28.58731782436371,3.180441677570343,178.0,71.0,negative,9190.61727186
9190.61727186,17.881072402000427,24.732248723506927,20.811995685100555,7.43159693479538,155.0,74.0,negative,9176.95765848
9176.95765848,18.260324835777283,18.053316175937653,34.944767117500305,12.098942637443542,227.0,74.0,positive,9185.10020649
9185.10020649,30.29500377178192,20.491190195083615,21.810933649539948,7.69480288028717,199.0,69.0,negative,9175.65180812
9175.65180812,19.56093740463257,17.960468590259552,17.995983004570007,4.305396199226379,150.0,59.0,positive,9190.7764375
9190.7764375,26.986433565616608,37.31523239612579,26.36794662475586,7.79965078830719,144.0,112.0,positive,9232.87814416
9232.87814416,18.704758524894714,47.90170329809189,30.128472685813904,8.107197284698486,163.0,130.0,negative,9207.81163998
9207.81163998,15.559960186481476,27.10381215810776,15.697790265083311,8.234490036964417,139.0,97.0,positive,9232.73014244
9232.73014244,18.555347084999084,29.322080492973328,22.416834712028503,8.041881680488586,145.0,90.0,negative,9209.28742769
9209.28742769,20.23826563358307,15.161953032016754,17.667680025100708,2.607454299926758,142.0,47.0,negative,9198.08645931
9198.08645931,15.408529579639437,15.659308671951294,14.440995573997498,5.112549960613251,141.0,59.0,positive,9202.00392929
9202.00392929,15.799708783626556,18.26235121488571,15.194755136966704,4.962708473205566,113.0,59.0,positive,9220.63024709
9220.63024709,18.237273275852203,8.921666979789734,18.36588537693024,3.561358153820038,134.0,41.0,negative,9206.07771237
9206.07771237,27.946345329284668,14.10132348537445,18.05371791124344,0.7882909774780273,150.0,44.0,positive,9215.99744838
9215.99744838,13.932672560214996,7.2718371748924255,11.124668896198273,2.3443278670310974,100.0,29.0,positive,9217.89052765
9217.89052765,15.722653925418854,7.812893986701965,13.022820055484772,0.7082163095474243,97.0,32.0,positive,9259.6730219
9259.6730219,20.06324201822281,20.58188909292221,8.638814628124237,4.567539036273956,99.0,64.0,negative,9246.79731797
9246.79731797,12.776636183261871,12.549326360225676,20.715762495994568,5.235048830509186,110.0,41.0,positive,9273.55806093
9273.55806093,21.402606189250942,20.286017417907715,17.657406389713287,3.31023246049881,122.0,52.0,negative,9272.27133584
9272.27133584,9.112240135669708,11.901875853538511,15.809728801250458,7.339288413524628,105.0,49.0,positive,9281.44052398
9281.44052398,14.485744714736938,18.96938425302505,10.488692283630373,22.369938015937805,124.0,73.0,negative,9169.49931422
9169.49931422,11.772777676582336,22.54634040594101,21.045404970645905,0.7483619451522827,113.0,83.0,negative,9162.40469734
9162.40469734,17.36843502521515,21.89753252267837,13.362203538417816,2.241576790809632,125.0,59.0,negative,9119.92619688
9119.92619688,22.476976990699768,59.82411170005798,20.51396745443344,6.263938963413239,137.0,132.0,negative,9078.43907582
9078.43907582,24.319578647613525,30.77941930294037,36.90343689918518,8.08290559053421,201.0,101.0,positive,9083.14895892
9083.14895892,26.6127604842186,21.377580046653748,29.35086977481842,12.421517848968506,209.0,87.0,negative,8999.76975347
8999.76975347,29.47365975379944,34.628720581531525,35.240240931510925,10.68948882818222,203.0,195.0,negative,8958.16922025
8958.16922025,34.98512655496597,46.005726993083954,31.97198569774628,8.517581641674042,240.0,143.0,positive,8966.31976427
8966.31976427,28.34872257709503,32.645035803318024,33.14449489116669,10.939126968383787,233.0,117.0,positive,8995.70424243
8995.70424243,36.82765907049179,27.74669760465622,24.374376118183136,8.18332827091217,203.0,90.0,positive,9025.4862613
9025.4862613,22.22280514240265,22.009654641151428,27.06577736139297,1.563180148601532,218.0,59.0,positive,9054.85923374
9054.85923374,24.85270631313324,18.09833472967148,18.345335483551025,8.145575940608978,207.0,76.0,negative,9047.72360771
9047.72360771,24.40926730632782,23.13516253232956,28.842330873012543,3.7228832244873047,200.0,61.0,negative,8790.36800074
8790.36800074,44.81561028957367,31.220746755599976,35.87499296665192,5.161031424999237,259.0,235.0,positive,8806.6762461
8806.6762461,38.65698343515396,28.67822134494781,53.49140787124634,6.507188439369202,283.0,142.0,negative,8800.21567811
8800.21567811,19.23669177293777,10.3313068151474,50.591852486133575,1.730704426765442,269.0,38.0,positive,8807.35954242
8807.35954242,18.271534144878387,17.182982683181763,21.35461336374283,4.970492303371429,164.0,61.0,negative,8778.50688392
8778.50688392,21.82152473926544,13.7872976064682,21.835310637950897,1.8050482273101809,171.0,41.0,positive,8792.54684238
8792.54684238,10.201395332813265,13.92137372493744,16.315807044506073,3.3192151188850403,131.0,49.0,negative,8789.9218351
8789.9218351,7.277389228343964,15.065991163253784,20.45780724287033,3.815618515014648,91.0,43.0,positive,8798.20045234
8798.20045234,20.378910541534424,11.587663650512695,15.756208002567291,1.921325504779816,147.0,32.0,positive,8862.6069755
8862.6069755,16.980009615421295,10.000965416431429,21.357176065444943,0.9978286027908324,134.0,30.0,negative,8843.92242288
8843.92242288,25.81404334306717,19.00947791337967,24.53517687320709,2.399100661277771,211.0,43.0,negative,8753.49804153
8753.49804153,18.85630989074707,15.325919449329376,10.626752078533173,2.4463762044906616,114.0,44.0,negative,8730.66049161
8730.66049161,20.018343925476078,14.222891449928284,15.50003218650818,5.1943440437316895,145.0,38.0,positive,8751.62175184
8751.62175184,28.803211092948917,31.172715842723846,30.105506122112278,4.060089111328125,211.0,66.0,positive,8761.55612489
8761.55612489,40.05243396759033,29.215323269367214,34.76487994194031,6.0020371079444885,224.0,77.0,positive,8775.37243409
8775.37243409,26.92806196212769,13.678086042404177,42.20974570512772,4.8138192892074585,255.0,58.0,positive,8809.31506618
8809.31506618,23.12336957454681,29.742377877235413,35.19257193803787,7.136515259742737,235.0,84.0,negative,8777.32388955
8777.32388955,35.315939009189606,27.82307261228561,36.80995625257492,9.030943036079409,239.0,107.0,positive,8823.29445898
8823.29445898,28.50345093011856,24.096031427383423,33.42181730270386,4.076538503170013,203.0,92.0,positive,8869.54582297
8869.54582297,37.26191300153732,37.10941171646118,23.80997258424759,11.6751167178154,226.0,146.0,positive,8888.63134723
8888.63134723,22.708683013916016,51.442266404628754,30.72992718219757,11.399536848068236,196.0,136.0,positive,8946.05564315
8946.05564315,36.63479536771774,37.21887141466141,21.19283950328827,11.30907142162323,198.0,162.0,negative,8929.10321285
8929.10321285,25.314859926700592,21.78255575895309,20.676036536693573,13.088318526744844,177.0,89.0,positive,8929.15212286
8929.15212286,33.94354623556137,31.937468469142917,28.994261026382446,5.1585373878479,217.0,88.0,negative,8910.69309481
8910.69309481,29.85951191186905,29.72495085000992,24.51757657527924,7.765823364257812,187.0,91.0,negative,8906.93476142
8906.93476142,16.514329493045807,15.976662516593931,21.66107428073883,7.996385157108307,168.0,69.0,negative,8864.90355998
8864.90355998,25.373407542705536,22.04211735725403,28.84112530946732,4.947876393795013,187.0,71.0,positive,8884.32592952
8884.32592952,28.70263308286667,30.700757801532745,19.40752875804901,4.234657764434815,176.0,73.0,positive,8891.39897375
8891.39897375,49.07364958524704,21.283301830291748,20.071358680725098,3.9818068146705623,219.0,56.0,positive,8906.56664382
8906.56664382,24.880389869213104,17.353810906410217,16.368622839450836,1.7278047800064087,146.0,49.0,positive,8908.42023287
8908.42023287,19.25601327419281,23.35011088848114,26.97141975164413,2.5375601649284363,150.0,57.0,positive,8928.93844228
8928.93844228,17.62895929813385,26.128672301769257,19.239427149295807,3.4360321164131165,119.0,71.0,negative,8915.70349636
8915.70349636,19.51758372783661,21.991337597370148,15.96352607011795,4.1888105273246765,121.0,63.0,positive,8918.0773385
8918.0773385,27.01766347885132,25.474561035633087,15.802882194519045,2.239354372024536,146.0,74.0,positive,8976.74085856
8976.74085856,19.435996770858765,21.86830747127533,11.325970470905304,6.374145090579987,102.0,74.0,negative,8941.85912324
8941.85912324,15.695402026176453,17.444547712802887,16.88606858253479,2.512979090213776,114.0,49.0,negative,8879.66889501
8879.66889501,14.657732903957369,18.395229995250705,14.447477102279665,3.1026431918144226,114.0,60.0,positive,8886.57451476
8886.57451476,16.151792347431183,31.98119765520096,16.217526257038116,8.223220467567444,114.0,77.0,negative,8853.26955039
8853.26955039,18.357538402080536,18.32890808582306,22.063890755176544,2.455443799495697,128.0,63.0,negative,8816.12896022
8816.12896022,26.57819676399231,31.9824001789093,16.231778860092163,10.16776078939438,122.0,91.0,positive,8818.88779355
8818.88779355,28.55740922689438,37.03913426399231,23.649134874343872,10.854986667633057,158.0,117.0,negative,8772.09135448
8772.09135448,19.350911557674408,33.82862013578415,29.66088229417801,8.743162393569946,198.0,115.0,positive,8799.24066021
8799.24066021,44.573057651519775,18.8299617767334,25.139464616775516,8.132224202156067,255.0,77.0,positive,8831.92320984
8831.92320984,32.64369696378708,33.874089658260345,33.60876363515854,6.197819650173187,218.0,107.0,negative,8822.61790534
8822.61790534,27.5231551527977,27.03444129228592,25.577768921852112,5.404838442802429,229.0,101.0,negative,8800.75113604
8800.75113604,30.43382304906845,24.497143805027008,24.391759753227237,8.003618240356445,207.0,109.0,positive,8828.18875909
8828.18875909,23.85127955675125,21.99186062812805,23.66899770498276,3.1150803565979004,192.0,79.0,negative,8818.83771488
8818.83771488,33.19432187080383,23.858824610710144,19.62050360441208,4.72438383102417,185.0,65.0,positive,8830.94582727
8830.94582727,26.549514055252075,21.117858707904816,27.02485936880112,3.912161707878113,199.0,75.0,positive,8835.05306073
8835.05306073,34.15765696763992,12.77026879787445,24.10867542028427,6.37197208404541,227.0,45.0,positive,8877.4484902
8877.4484902,28.38208556175232,15.015961408615112,30.2547367811203,3.8412635922431946,196.0,68.0,negative,8876.73373903
8876.73373903,19.21261471509933,12.015233933925629,25.85931968688965,6.510702133178711,148.0,46.0,negative,8863.09286109
8863.09286109,30.764732599258423,11.032217621803284,26.976953625679016,1.5413137078285215,191.0,42.0,positive,8870.87188731
8870.87188731,14.98048347234726,12.57686859369278,18.578514635562897,2.2848501205444336,125.0,38.0,negative,8850.11991518
8850.11991518,14.691665053367617,16.60238367319107,12.244687736034392,1.6586086750030518,101.0,44.0,positive,8882.1934136
8882.1934136,10.54936408996582,17.71359556913376,16.74213880300522,7.193210065364838,109.0,62.0,negative,8860.18113861
8860.18113861,9.576385021209717,15.278818607330322,11.324344098567964,5.891958773136139,85.0,53.0,positive,8868.44959796
8868.44959796,20.5936861038208,23.200825929641724,16.003942608833313,4.861341953277588,150.0,52.0,positive,8927.78450376
8927.78450376,20.91743105649948,13.147306740283966,21.66123139858246,12.9454425573349,168.0,74.0,positive,8928.90017792
8928.90017792,12.00997519493103,15.833028972148895,15.236625790596008,0.0,112.0,43.0,positive,9116.59029743
9116.59029743,20.599374532699585,15.446870744228365,19.784559845924377,6.166897892951965,156.0,257.0,positive,9130.86096899
9130.86096899,22.535370469093323,27.59919834136963,19.531011521816254,3.9098770022392273,130.0,79.0,positive,9143.84126188
9143.84126188,12.074871480464935,32.315428495407104,23.564540028572083,5.624507308006287,129.0,134.0,positive,9151.35402384
9151.35402384,20.560992002487183,54.21126317977905,24.406444013118744,26.068137407302856,180.0,201.0,negative,9148.6558485
9148.6558485,32.974711775779724,66.64265322685242,37.630133509635925,16.665789306163788,198.0,192.0,positive,9162.65187905
9162.65187905,38.1378972530365,62.1275053024292,33.0499524474144,18.79163140058517,232.0,232.0,positive,9174.92397198
9174.92397198,38.82232129573822,46.80584371089935,34.30366724729538,8.623993873596191,281.0,144.0,positive,9196.58766917
9196.58766917,33.20740085840225,42.34352028369904,39.09911805391312,13.18006056547165,225.0,138.0,negative,9187.70844145
9187.70844145,24.300407230854034,52.95894855260849,33.445265114307404,8.219925701618195,211.0,144.0,negative,9154.3788826
9154.3788826,30.62078434228897,49.120077252388,27.75358009338379,16.062968015670776,175.0,161.0,positive,9174.28300833
9174.28300833,25.75322777032852,35.68197458982468,22.866807878017426,16.00356560945511,188.0,133.0,negative,9097.33955187
9097.33955187,23.574380934238437,33.89341253042221,34.899403274059296,10.055078029632568,174.0,120.0,negative,9089.4488402
9089.4488402,24.84118890762329,22.83447253704071,24.34663999080658,4.332395493984222,156.0,64.0,positive,9181.01794762
9181.01794762,17.194009602069855,26.79613184928894,12.096415936946867,5.359102785587311,108.0,94.0,positive,9196.00108699
9196.00108699,16.275025129318237,25.18308389186859,23.678112030029297,11.282477974891664,132.0,120.0,positive,9211.54232347
9211.54232347,10.017122447490692,25.884231507778168,15.888871550559998,4.215689778327942,108.0,66.0,negative,9201.68115265
9201.68115265,15.318594694137571,34.12605959177017,11.786153316497805,5.552668571472168,99.0,99.0,negative,9188.02310851
9188.02310851,16.751336991786957,56.42880433797836,12.12715858221054,9.46425312757492,118.0,154.0,negative,9181.02294667
9181.02294667,10.462209582328796,34.05968242883682,9.47657573223114,6.997861862182617,70.0,74.0,negative,9175.81760784
9175.81760784,14.704986095428469,30.831899225711823,19.12458163499832,8.292392134666443,101.0,99.0,negative,9170.82462054
9170.82462054,13.134737312793732,43.18385523557663,15.408721148967745,7.343249499797821,112.0,108.0,negative,9160.1545552
9160.1545552,12.662288308143616,25.56165260076523,22.968352138996124,8.213355123996735,144.0,81.0,positive,9173.61576937
9173.61576937,19.105360448360443,25.652050495147705,10.525992453098295,20.1718630194664,125.0,99.0,positive,9189.50875123
9189.50875123,22.00406378507614,31.486254453659058,19.668360710144043,4.669186294078827,129.0,76.0,negative,9180.55728238
9180.55728238,12.012507259845734,23.73307687044144,8.291764318943024,9.861356735229492,100.0,86.0,positive,9229.9717114
9229.9717114,19.177268266677856,27.885856688022614,18.041987419128414,7.852760016918182,120.0,96.0,positive,9414.3790314
9414.3790314,24.161197006702423,40.95364809036255,24.142420053482056,11.387177348136902,162.0,217.0,negative,9396.56191965
9396.56191965,26.08359146118164,65.04378134012222,33.986596167087555,7.992254436016083,225.0,178.0,positive,9452.38866728
9452.38866728,26.010397732257843,49.15056312084198,31.063343346118927,12.970357775688171,212.0,191.0,positive,9466.7302663
9466.7302663,28.954628586769104,49.426310777664185,37.95897537469864,8.19090735912323,223.0,126.0,negative,9451.91249114
9451.91249114,37.25002443790436,42.68015390634537,29.591349244117737,9.666843295097353,246.0,143.0,positive,9470.01975786
9470.01975786,25.528192341327667,18.494832813739777,33.02890330553055,5.638899028301239,223.0,70.0,negative,9460.26325616
9460.26325616,26.38117343187332,31.57793635129929,36.84676814079285,15.895377159118652,202.0,123.0,positive,9466.02471463
9466.02471463,29.51119840145111,40.185883581638336,20.70451784133911,9.221157312393188,170.0,116.0,negative,9450.04454714
9450.04454714,27.021411299705505,40.3956635594368,21.376203894615173,9.944790065288544,167.0,120.0,negative,9443.40203986
9443.40203986,39.31220006942749,26.380452692508698,25.227764785289764,5.949071645736694,197.0,91.0,positive,9481.01914169
9481.01914169,26.66933399438858,31.891506612300876,21.9750771522522,11.698281586170197,184.0,102.0,positive,9525.7510947
9525.7510947,28.416129291057587,39.5276460647583,25.43855446577072,6.767939507961273,169.0,146.0,negative,9521.94081799
9521.94081799,12.492274224758148,28.164922893047333,22.361187875270844,4.640071094036102,116.0,80.0,positive,9525.6280688
9525.6280688,12.295522570610046,16.701421558856964,10.87613296508789,4.6265445947647095,102.0,70.0,negative,9517.15871042
9517.15871042,19.019888758659363,22.87278294563293,18.77485853433609,4.159136474132538,126.0,61.0,positive,9518.24632652
9518.24632652,13.929896771907806,21.57135421037674,7.652696013450623,12.836455941200256,81.0,78.0,negative,9509.86714938
9509.86714938,15.71098268032074,14.465253472328186,7.488888800144196,7.826752841472626,77.0,54.0,negative,9496.34492544
9496.34492544,20.58235394954681,25.114565074443817,14.083522915840147,3.4292131066322327,108.0,75.0,positive,9507.07255297
9507.07255297,9.926911234855652,22.593127131462097,12.76237177848816,6.965257227420807,78.0,57.0,positive,9526.89369887
9526.89369887,14.331162333488464,18.37369060516357,8.981636106967926,5.21815299987793,79.0,50.0,negative,9496.52092817
9496.52092817,9.831752121448517,33.37019979953766,13.466486692428589,4.688097834587097,88.0,115.0,negative,9460.90899909
9460.90899909,22.084101140499115,28.7877733707428,11.647405564785004,3.885528206825256,98.0,80.0,negative,9415.42964953
9415.42964953,17.15014910697937,17.228612542152405,10.530112028121948,5.4939393401145935,101.0,70.0,negative,9403.75856036
9403.75856036,9.048960030078888,27.30798602104187,18.535301387310028,4.167224764823914,93.0,66.0,positive,9417.2028565
9417.2028565,21.597151160240173,33.10646170377731,17.365004181861877,12.170604586601256,165.0,119.0,positive,9432.47604985
9432.47604985,37.43123060464859,23.74718362092972,20.597614526748657,8.922381937503815,181.0,80.0,positive,9448.0729724
9448.0729724,20.46343767642975,30.53250128030777,23.62560176849365,8.050893247127533,174.0,103.0,negative,9411.25868274
9411.25868274,21.70475435256958,43.10539376735687,24.17071288824081,12.94374567270279,178.0,147.0,positive,9431.06663229
9431.06663229,34.76518392562866,18.240710616111755,18.586150467395782,10.137507438659668,148.0,80.0,positive,9434.12167671
9434.12167671,15.80350798368454,41.52746093273163,21.4228578209877,13.337719738483427,123.0,122.0,negative,9430.72396699
9430.72396699,15.455739319324492,41.09015911817551,12.578600227832794,7.951445639133453,138.0,119.0,negative,9416.50760003
9416.50760003,18.059402763843536,45.694464802742,15.892492294311523,8.836708307266235,131.0,121.0,positive,9422.10450249
9422.10450249,25.309566259384155,32.75522881746292,22.018962621688843,6.768697142601013,148.0,97.0,negative,9407.45897984
9407.45897984,22.73191875219345,47.34684228897095,17.114650309085846,5.629843175411224,126.0,107.0,positive,9423.50695532
9423.50695532,23.359258890151978,24.235807597637177,27.61004447937012,9.250701010227203,145.0,102.0,positive,9439.12439045
9439.12439045,20.260633170604702,28.602027714252472,10.621430218219755,7.3669745326042175,111.0,91.0,negative,9390.04727033
9390.04727033,9.479097366333008,19.17021995782852,15.605154514312744,7.7170522809028625,92.0,69.0,negative,9388.51310402
9388.51310402,19.4147869348526,15.50404542684555,13.633216202259064,3.899768590927124,102.0,47.0,positive,9392.26533927
9392.26533927,13.23046725988388,14.687567234039308,11.031310498714449,7.55465567111969,95.0,56.0,negative,9373.28556392
9373.28556392,13.464136838912964,16.89740401506424,11.691627502441406,3.38578462600708,93.0,61.0,positive,9485.3958322
9485.3958322,9.579774856567385,11.84139883518219,20.438594102859497,5.42328006029129,90.0,85.0,positive,9547.24674819
9547.24674819,8.932489395141602,16.90646457672119,11.368465065956116,7.749362230300903,88.0,60.0,positive,9562.33975636
9562.33975636,12.492352783679962,14.587821125984192,17.29762953519821,6.217081129550934,108.0,75.0,negative,9554.1300893
9554.1300893,18.7415788769722,28.16372537612915,13.12596881389618,4.89774888753891,111.0,79.0,positive,9554.35516131
9554.35516131,12.057579517364502,31.35170978307724,11.515441656112673,2.279919505119324,94.0,69.0,negative,9531.49397715
9531.49397715,18.887826025485992,15.977039992809296,13.41497540473938,0.8651102185249329,117.0,69.0,positive,9541.12727535
9541.12727535,11.146635234355928,7.761043846607208,12.184430420398712,8.165866911411285,70.0,55.0,positive,9571.58967183
9571.58967183,11.756415784358978,21.60917866230011,10.440556585788729,5.183639824390411,81.0,59.0,negative,9568.49463984
9568.49463984,10.130098581314089,27.27909535169601,12.260815620422363,8.065461039543152,93.0,81.0,positive,9574.25758684
9574.25758684,21.745044112205505,25.57038825750351,19.933816730976105,3.395613670349121,135.0,81.0,positive,9582.76712194
9582.76712194,17.280348122119904,36.123898684978485,23.05857390165329,2.611801624298096,133.0,91.0,negative,9550.33567082
9550.33567082,12.94880437850952,36.600507736206055,17.807705760002136,7.305502831935883,120.0,100.0,positive,9552.63866813
9552.63866813,30.145240485668182,27.9402334690094,20.93145179748535,10.103374660015106,169.0,90.0,negative,9544.3038685
9544.3038685,18.84310108423233,28.735727071762085,19.90174108743668,4.47490006685257,137.0,79.0,negative,9542.41130932
9542.41130932,15.788352608680723,32.87673169374466,12.26413631439209,3.2150139808654785,113.0,77.0,positive,9550.63009666
9550.63009666,19.164618968963623,47.09441822767258,17.59087908267975,9.021685004234314,110.0,123.0,negative,9473.86527043
9473.86527043,16.5270214676857,25.889140784740448,25.24999886751175,5.694226086139679,134.0,94.0,positive,9501.94862667
9501.94862667,13.878942966461182,23.06807547807693,19.39754718542099,4.965680658817291,135.0,79.0,positive,9683.75258047
9683.75258047,12.553490936756134,16.294682383537292,19.70893090963364,10.123387336730955,116.0,181.0,positive,9700.41407169
9700.41407169,13.367456197738647,26.22514510154724,21.007614612579346,3.4762617349624634,112.0,68.0,negative,9674.86875615
9674.86875615,13.400397002696993,16.90019929409027,11.026372253894806,1.608498215675354,98.0,40.0,negative,9669.15870087
9669.15870087,17.926942110061646,24.07981848716736,19.33114492893219,11.454270482063292,122.0,88.0,negative,9667.82819109
9667.82819109,13.70388662815094,17.657251358032227,15.99087107181549,2.5266284346580505,123.0,61.0,negative,9630.07797895
9630.07797895,9.384991705417631,15.93824815750122,19.23232716321945,3.439508557319641,104.0,67.0,negative,9591.13183864
9591.13183864,15.726949214935305,16.190958559513092,13.350209355354307,5.62931901216507,103.0,84.0,positive,9601.74816762
9601.74816762,11.30815815925598,15.276150047779083,17.3332000374794,2.439089834690094,94.0,41.0,negative,9581.112234
9581.112234,10.843752920627594,10.386505007743835,11.204041242599487,1.5252972841262815,84.0,31.0,negative,9561.03933327
9561.03933327,12.214827358722689,15.79563307762146,9.787036299705504,5.7664836049079895,72.0,44.0,negative,9550.44049362
9550.44049362,10.18432116508484,15.701347887516022,12.825367391109468,0.0,82.0,33.0,positive,9560.80081562
9560.80081562,14.212965488433838,14.134718596935272,10.246917605400084,2.4642435908317566,90.0,55.0,positive,9582.66977056
9582.66977056,15.822143018245695,16.59304642677307,18.92964279651642,3.139005959033966,128.0,45.0,negative,9581.34400757
9581.34400757,15.2774395942688,15.080994725227356,14.013608813285828,2.377550184726715,111.0,41.0,negative,9579.35764873
9579.35764873,17.578048646450043,13.580624222755432,12.507940113544464,2.4449719190597534,99.0,45.0,negative,9569.9860512
9569.9860512,12.597460389137268,21.1601465344429,17.357210874557495,7.19629979133606,113.0,96.0,negative,9543.10157165
9543.10157165,21.388890147209167,90.20994359254836,15.238977909088137,20.87096530199051,112.0,315.0,negative,9469.21553447
9469.21553447,19.115026473999023,17.562751352787018,13.96180021762848,6.644956827163696,104.0,78.0,positive,9515.89246424
9515.89246424,26.631606996059418,24.40650236606598,18.926775574684143,10.210156440734863,155.0,97.0,negative,9505.32306992
9505.32306992,28.110680878162384,21.371180653572083,29.82120531797409,5.795267403125763,184.0,70.0,negative,9503.4095588
9503.4095588,22.568482756614685,27.697968006134037,27.463412642478943,11.711728274822237,166.0,97.0,positive,9518.07823052
9518.07823052,27.704678654670715,24.61262559890747,20.891940891742703,4.018321752548218,192.0,61.0,negative,9512.57023145
9512.57023145,37.65893751382828,34.15208846330643,16.719932675361633,10.680224239826202,163.0,105.0,negative,9461.40112859
9461.40112859,16.780013263225555,22.08559054136276,16.432319343090057,3.0463003516197205,115.0,70.0,negative,9459.62105991
9459.62105991,15.62155830860138,30.148430705070496,19.886463046073917,7.78759241104126,127.0,88.0,positive,9463.6056622
9463.6056622,11.358886420726776,17.03563302755356,15.975639998912811,2.9575613141059875,92.0,76.0,positive,9480.53025676
9480.53025676,15.349215626716614,15.655372858047484,9.311831295490263,0.8437448143959045,96.0,42.0,positive,9527.34622521
9527.34622521,12.865841031074524,10.241468906402588,19.512792885303497,2.3715168833732605,106.0,40.0,positive,9538.00392634
9538.00392634,10.739152431488035,18.700181365013123,12.684084832668304,3.2992977499961853,81.0,54.0,positive,9546.33152845
9546.33152845,14.94056612253189,14.867608189582825,12.812479674816132,5.798712968826294,83.0,42.0,positive,9553.69634295
9553.69634295,9.474905490875244,21.672991156578064,18.652984142303467,8.67628526687622,79.0,77.0,positive,9554.48213552
9554.48213552,8.873998641967773,20.506276309490204,3.9534544348716736,4.29217141866684,48.0,63.0,negative,9552.01374565
9552.01374565,8.209876596927643,22.736694812774655,9.400567710399628,1.7959270477294922,74.0,44.0,positive,9559.51368515
9559.51368515,15.087148010730743,20.036688268184665,7.735822677612305,4.264553070068359,88.0,42.0,negative,9547.4183656
9547.4183656,10.64495050907135,14.107597589492798,10.390760242938995,3.8362743854522714,82.0,44.0,positive,9551.66092008
9551.66092008,10.882833242416382,9.540546655654907,10.12992227077484,3.1101478934288025,77.0,35.0,negative,9546.39361314
9546.39361314,11.566075265407562,25.25613909959793,8.313766181468964,1.6429943442344666,75.0,57.0,negative,9539.45226892
9539.45226892,18.94795906543732,29.49981874227524,12.693587839603424,6.119893193244934,115.0,70.0,positive,9566.62604051
9566.62604051,19.801641762256622,31.63967889547348,15.455290377140043,9.127317547798157,107.0,112.0,negative,9556.64380203
9556.64380203,15.352787137031555,38.2596098780632,14.772120893001556,3.178876757621765,109.0,88.0,positive,9564.50425301
9564.50425301,18.74845296144485,27.34159332513809,19.820583045482635,7.52237743139267,149.0,88.0,negative,9557.39833587
9557.39833587,13.5875523686409,26.52236109972,20.710693299770355,11.816627085208893,116.0,91.0,positive,9578.09598157
9578.09598157,13.524946749210358,23.57333904504776,15.08259415626526,6.395878255367279,133.0,90.0,positive,9578.52349684
9578.52349684,20.68003755807877,26.598209023475647,10.914089560508728,7.839061260223389,123.0,87.0,positive,9582.01761228
9582.01761228,21.5724293589592,16.0975461602211,12.473349511623384,3.9483922123909,114.0,48.0,positive,9585.77752989
9585.77752989,17.643891155719757,23.6502388715744,18.0137836933136,4.013799428939819,127.0,87.0,positive,9641.44272137
9641.44272137,16.227054476737976,33.56413644552231,13.080856800079346,13.624986827373505,105.0,144.0,positive,9664.87518793
9664.87518793,19.316141963005062,26.17477560043335,18.996552407741547,12.87772685289383,166.0,95.0,positive,9709.46943163
9709.46943163,24.580957055091854,18.76335501670837,15.08534061908722,4.148765861988068,121.0,76.0,positive,10167.2681012
10167.2681012,57.70857089757919,49.41431999206543,70.6448078751564,24.574878990650177,549.0,704.0,negative,10139.6770925
10139.6770925,48.03795784711838,35.08717113733292,46.73045039176941,9.3726744055748,352.0,120.0,negative,10111.3029248
10111.3029248,30.60350859165192,14.77137005329132,30.68057280778885,3.8988112807273865,243.0,61.0,negative,10106.3466006
10106.3466006,39.29399102926254,21.479088127613068,37.15976709127426,2.847986340522766,228.0,58.0,negative,10105.6645453
10105.6645453,22.37787479162216,16.42210841178894,33.64889097213745,3.039496660232544,201.0,60.0,positive,10107.8593484
10107.8593484,19.87994867563248,19.38053959608078,16.376376032829285,2.981588661670685,121.0,53.0,negative,10101.7724765
10101.7724765,20.64063537120819,3.987042725086212,19.6771057844162,4.08755761384964,137.0,36.0,positive,10110.945713
10110.945713,22.481224715709686,16.060815393924713,17.702316105365753,3.834446430206299,146.0,58.0,positive,10117.5278549
10117.5278549,29.950474619865417,20.35043215751648,23.20529228448868,5.718925595283508,143.0,54.0,negative,10114.4114992
10114.4114992,14.947232842445374,19.66170507669449,16.170541524887085,4.76223760843277,117.0,60.0,positive,10115.8347511
10115.8347511,14.461402297019958,27.99721163511276,17.219432413578033,0.8565987348556519,128.0,61.0,positive,10127.2999941
10127.2999941,24.562831342220303,17.569095075130463,21.20438712835312,5.371277570724487,160.0,49.0,negative,10115.7122097
10115.7122097,19.96325278282165,18.1039674282074,15.668470740318298,6.541051805019379,145.0,59.0,positive,10121.0523222
10121.0523222,24.72597581148148,20.5114141702652,30.67059487104416,4.976819157600403,196.0,60.0,positive,10150.4107528
10150.4107528,28.16753512620926,26.801956713199612,31.42287665605545,4.977181851863861,230.0,74.0,negative,9632.26935208
9632.26935208,48.740846276283264,25.686792969703674,37.93053668737412,12.350380182266235,314.0,795.0,negative,9509.20889506
9509.20889506,69.13196897506714,36.91238057613373,89.15858542919159,30.967877686023712,615.0,278.0,negative,9490.98336637
9490.98336637,37.23373764753342,35.77754205465317,56.2028643488884,9.522672295570374,341.0,121.0,positive,9519.09594815
9519.09594815,32.67620849609375,20.290271043777462,46.82830721139908,4.85960179567337,284.0,88.0,negative,9509.06080214
9509.06080214,30.93724882602692,27.256938457489014,32.070750653743744,8.02944278717041,191.0,82.0,positive,9525.71049247
9525.71049247,24.37925970554352,47.45952069759369,28.385652363300323,7.288549602031708,205.0,118.0,negative,9518.9449297
9518.9449297,31.14600896835327,39.50743240118027,20.96847629547119,9.961086452007294,175.0,103.0,positive,9533.12866311
9533.12866311,16.573716461658478,24.66822451353073,23.715702831745148,7.980935394763946,167.0,66.0,negative,9507.34379053
9507.34379053,25.848032295703888,21.244819045066837,30.88781410455704,3.130988359451294,186.0,68.0,positive,9529.80414872
9529.80414872,19.96870774030685,17.02529388666153,18.647561192512512,2.560708463191986,129.0,51.0,positive,9538.18115232
9538.18115232,14.514142870903015,20.727661967277527,18.27175050973892,1.6065565347671509,117.0,49.0,negative,9522.81021773
9522.81021773,23.142100870609283,13.402524590492249,22.65300625562668,6.331654250621796,158.0,34.0,negative,9514.16361413
9514.16361413,20.54909574985504,16.656530797481537,14.96036010980606,2.447524726390838,136.0,49.0,negative,9503.27098196
9503.27098196,21.92549866437912,21.90373730659485,14.662715435028076,3.835541248321533,131.0,63.0,positive,9509.76141528
9509.76141528,13.469083964824677,29.349479615688324,13.178694009780884,8.118849694728851,91.0,73.0,positive,9521.8845867
9521.8845867,13.57431185245514,13.257311463356018,10.911865055561066,6.2719643115997314,98.0,81.0,positive,9524.38057878
9524.38057878,9.684614777565002,26.42751032114029,13.515321910381315,4.857449412345886,87.0,61.0,positive,9527.39538582
9527.39538582,11.001285791397097,17.001577854156494,15.453592598438265,4.982243835926056,111.0,55.0,negative,9525.30068003
9525.30068003,14.852554738521576,19.87768292427063,13.686104416847227,5.557107090950012,98.0,62.0,positive,9535.9950674
9535.9950674,15.692215144634249,17.41177600622177,13.572823941707613,1.6411194801330566,111.0,57.0,positive,9611.4040983
9611.4040983,16.45661038160324,13.84382963180542,24.958176732063293,2.3783265352249146,117.0,60.0,positive,9617.18512378
9617.18512378,33.3243151307106,23.31432378292084,17.890199542045593,1.451015830039978,179.0,62.0,negative,9615.64593845
9615.64593845,19.73743444681168,26.8494046330452,28.775719225406647,8.9391508102417,176.0,107.0,negative,9599.97717914
9599.97717914,17.246584355831146,30.65828663110733,26.46014016866684,5.5901986956596375,161.0,82.0,negative,9595.4381421
9595.4381421,27.65887916088104,45.71726197004318,28.299731612205505,6.861459255218506,183.0,112.0,negative,9574.78253325
9574.78253325,32.975791811943054,35.16473215818405,27.06950879096985,12.32617163658142,180.0,114.0,positive,9590.19921829
9590.19921829,36.01197063922882,22.96812504529953,33.382348716259,11.254349708557127,230.0,95.0,negative,9581.21207561
9581.21207561,29.144423127174377,40.08668351173401,41.0633437037468,8.98629766702652,226.0,118.0,positive,9602.92052962
9602.92052962,19.56687504053116,19.98402839899063,22.55586820840836,2.4673392176628117,133.0,69.0,positive,9611.38038026
9611.38038026,28.854939579963684,30.004890859127045,20.542236328125,8.231103122234344,194.0,97.0,positive,9613.25533625
9613.25533625,20.821158468723297,33.560182988643646,28.29497939348221,10.926798522472382,204.0,92.0,negative,9597.60908716
9597.60908716,31.11635011434555,43.3490224480629,20.090056240558624,11.653158843517303,182.0,122.0,positive,9619.32071649
9619.32071649,13.778190672397614,35.41983115673065,11.7510085105896,6.214741230010986,112.0,96.0,positive,9656.71776526
9656.71776526,13.265612602233888,19.43060874938965,22.677412927150726,5.690996170043945,137.0,82.0,negative,9650.40362554
9650.40362554,13.076995015144348,13.776299059391022,17.77267849445343,4.38019609451294,124.0,50.0,positive,9654.71442619
9654.71442619,16.20290595293045,20.525463223457336,15.158055007457731,1.4568509459495544,104.0,44.0,positive,9681.2987247
9681.2987247,18.476656198501587,14.648870825767515,18.33075481653213,5.755557954311371,127.0,41.0,positive,9682.43554076
9682.43554076,14.182599544525146,21.747173368930817,15.69872921705246,2.916740953922272,96.0,55.0,negative,9663.82116757
9663.82116757,13.12247097492218,21.08296847343445,7.303319275379181,2.3878235816955566,71.0,55.0,negative,9662.92616008
9662.92616008,3.3339385986328125,13.081748306751251,11.707163035869598,5.340470314025879,65.0,47.0,negative,9656.06919933
9656.06919933,13.971637189388275,14.62985062599182,9.393625259399414,8.178893148899078,77.0,66.0,positive,9664.87325372
9664.87325372,13.59393346309662,13.913722276687622,5.560493648052216,6.169005811214447,79.0,54.0,negative,9645.58093246
9645.58093246,9.743131041526794,19.34856486320496,12.578022718429564,4.2860618233680725,88.0,47.0,negative,9576.32052328
9576.32052328,12.12044382095337,15.042073845863342,4.237404525279999,3.21540915966034,71.0,91.0,negative,9550.11778108
9550.11778108,9.396397531032562,19.095654249191284,12.335282504558563,1.7250043749809263,80.0,51.0,positive,9582.2896852
9582.2896852,9.0424782037735,15.020675539970398,16.25422203540802,7.404228985309601,74.0,92.0,positive,9659.75689016
9659.75689016,11.527507543563845,16.244544863700867,12.2242072224617,3.937647581100464,87.0,100.0,positive,9727.64614382
9727.64614382,26.041031658649445,34.01215863227844,20.087352454662323,4.651635527610779,140.0,125.0,positive,9743.95045706
9743.95045706,18.5797957777977,23.63925009965897,22.754101872444156,6.5251123905181885,164.0,75.0,positive,9757.02186181
9757.02186181,20.993909060955048,33.48087376356125,18.518192768096924,5.239085614681244,167.0,93.0,positive,9761.38052684
9761.38052684,32.38133728504181,45.74771225452423,33.82504326105118,4.645139813423157,228.0,115.0,positive,9812.14313412
9812.14313412,26.451998472213745,28.06099140644073,19.58451384305954,8.119057416915894,178.0,69.0,positive,9845.60945643
9845.60945643,27.79479575157165,35.96878641843796,22.53430038690567,5.864988565444946,154.0,130.0,negative,9805.60180746
9805.60180746,23.225387036800385,20.631184935569763,19.986792147159576,3.87189519405365,168.0,64.0,negative,9796.48151251
9796.48151251,20.84413290023804,28.35520571470261,24.56748861074448,7.8477561473846436,167.0,113.0,negative,9772.12978223
9772.12978223,17.70027369260788,15.327252805233002,21.8671156167984,4.088836133480072,157.0,54.0,positive,9816.19510663
9816.19510663,30.811078369617466,30.0573188662529,31.88169425725937,10.092409133911133,183.0,96.0,negative,9800.63659532
9800.63659532,21.455299735069275,21.785358011722565,23.974102437496185,6.508133947849274,158.0,83.0,positive,9801.40645608
9801.40645608,27.85710495710373,30.229271233081818,18.893917500972748,4.722864091396332,155.0,89.0,positive,9821.93620409
9821.93620409,15.385374009609222,31.963907122612,17.906041979789734,3.224715530872345,110.0,76.0,positive,9822.03924062
9822.03924062,16.613523542881012,31.611213088035583,21.25371479988098,5.592024266719818,119.0,86.0,negative,9790.16571093
9790.16571093,20.38808584213257,13.463805615901949,11.047331511974336,5.403692424297333,107.0,46.0,negative,9789.52545859
9789.52545859,18.31141495704651,5.737119257450104,13.227226197719574,1.6474667191505432,101.0,25.0,positive,9791.62998135
9791.62998135,7.542473971843719,13.790928542613983,11.101810216903688,3.5650287866592407,70.0,32.0,positive,9805.151498
9805.151498,12.978759467601776,14.940631926059725,9.2751002907753,2.5945552587509155,87.0,47.0,negative,9783.40325149
9783.40325149,14.879889965057371,21.78649377822876,16.175616800785065,8.64424216747284,93.0,72.0,positive,9840.14375644
9840.14375644,7.6963120102882385,9.65909093618393,11.162978172302246,4.569061577320099,111.0,69.0,negative,9832.71974686
9832.71974686,10.565343618392944,13.908011496067047,10.973235070705414,5.061236500740051,105.0,44.0,negative,9779.6522508
9779.6522508,12.66049951314926,22.983513712883,12.051227509975432,6.493267238140106,92.0,99.0,negative,9695.7018368
9695.7018368,17.489361941814423,24.87940138578415,15.358472108840942,4.206956684589386,107.0,82.0,negative,9678.33196928
9678.33196928,13.29764986038208,24.75917774438858,6.871530532836914,7.347781181335449,84.0,82.0,positive,9707.26885538
9707.26885538,34.3618106842041,15.796988248825071,22.12144076824188,6.241589844226837,184.0,60.0,negative,9702.40949237
9702.40949237,23.963727712631226,44.80095267295837,29.944257616996765,5.104477345943451,179.0,84.0,positive,9706.19805734
9706.19805734,27.963688254356384,18.83158648014069,23.47194898128509,6.375122785568237,168.0,56.0,positive,9728.02470371
9728.02470371,20.54811865091324,34.69282293319702,11.241715550422668,2.494958460330963,112.0,94.0,positive,9733.72524481
9733.72524481,22.255748569965363,33.76569336652756,19.422298073768616,6.283875644207001,144.0,97.0,positive,9741.48772492
9741.48772492,20.768018901348118,38.98111641407013,26.69866853952408,12.064691960811617,147.0,119.0,negative,9736.91115894
9736.91115894,21.16838973760605,31.19853043556213,25.772852182388306,10.940586745738983,167.0,108.0,negative,9727.72662556
9727.72662556,20.087205946445465,27.367869555950165,18.35761570930481,6.978420555591583,136.0,92.0,negative,9690.36033093
9690.36033093,16.812325358390808,26.30314522981644,20.499913692474365,2.945067524909973,150.0,79.0,negative,9681.31936533
9681.31936533,20.55237454175949,31.319246232509613,22.87976813316345,6.697651386260986,125.0,82.0,negative,9665.53278908
9665.53278908,17.43707025051117,32.250233471393585,17.471782982349396,10.022466599941254,115.0,87.0,negative,9600.77971432
9600.77971432,12.155358254909515,51.56697338819504,18.09591555595398,18.599880874156952,110.0,196.0,positive,9603.6088692
9603.6088692,6.6416948437690735,25.500108897686005,9.21719491481781,7.536569952964783,85.0,80.0,positive,9608.33053764
9608.33053764,7.895270764827728,23.090680301189423,15.637892842292786,3.997374415397644,103.0,58.0,positive,9623.4699086
9623.4699086,5.7415043115615845,22.79070121049881,10.94683074951172,5.933247625827789,92.0,75.0,negative,9612.25008296
9612.25008296,10.339400291442873,20.711258590221405,9.98996526002884,5.389468133449554,82.0,47.0,positive,9621.67861731
9621.67861731,16.023290276527405,18.44242238998413,12.18977040052414,2.387070953845978,96.0,50.0,positive,9626.88687814
9626.88687814,14.552333354949951,17.812359511852264,9.781024038791656,0.7519816160202026,82.0,36.0,positive,9638.78626091
9638.78626091,19.877044081687927,18.139915347099304,13.279637157917024,3.2946272492408752,118.0,53.0,negative,9605.0451357
9605.0451357,12.33864951133728,21.303313732147217,11.616462588310242,3.1336891651153564,88.0,53.0,positive,9688.08073172
9688.08073172,12.333382487297058,17.817235469818115,22.63642466068268,1.5185445547103882,118.0,58.0,positive,9688.52706968
9688.52706968,12.980938494205477,7.961996078491211,12.320868372917175,2.419839560985565,99.0,32.0,negative,9687.66151647
9687.66151647,19.2728853225708,13.988817930221558,15.856127083301544,3.49071341753006,111.0,52.0,positive,9709.41614628
9709.41614628,24.580983698368076,17.9975825548172,19.2392373085022,4.741195321083069,146.0,73.0,negative,9669.79142893
9669.79142893,18.44475418329239,22.05561774969101,22.54146593809128,4.870817124843597,154.0,84.0,negative,9664.28983106
9664.28983106,33.786292016506195,19.77568531036377,29.409798860549927,6.258939862251282,196.0,67.0,positive,9671.31594407
9671.31594407,32.456957161426544,32.330970108509064,20.695411920547485,8.412970781326294,159.0,98.0,negative,9653.16116427
9653.16116427,19.919514060020447,29.861078321933743,23.701913118362427,10.960272252559662,152.0,106.0,negative,9619.35701797
9619.35701797,17.667951822280884,39.82714492082596,20.77992141246796,7.983940303325653,134.0,109.0,positive,9631.37677338
9631.37677338,28.654264092445374,35.84661394357681,18.05658710002899,7.273698806762695,164.0,97.0,positive,9649.71362252
9649.71362252,21.38567441701889,17.70278888940811,21.388327658176426,8.771351993083954,180.0,62.0,positive,9667.22253912
9667.22253912,25.2393798828125,25.16235399246216,22.0814950466156,5.858546018600464,153.0,81.0,negative,9662.58621982
9662.58621982,28.87862002849579,16.332907021045685,22.21685290336609,2.9855788946151733,187.0,48.0,negative,9649.45909377
9649.45909377,25.687931954860687,20.63036036491394,14.92839115858078,9.460815906524658,165.0,59.0,positive,9653.67926335
9653.67926335,20.181365251541138,30.72496682405472,27.862334370613095,9.059953451156616,152.0,78.0,positive,9668.12291832
9668.12291832,31.12642908096313,25.84136569499969,28.80564671754837,1.6410744786262512,170.0,60.0,positive,9673.46678854
9673.46678854,16.62806326150894,11.151585817337036,22.97505336999893,4.892624080181122,147.0,37.0,positive,9696.94332594
9696.94332594,26.34558618068695,13.284650385379791,13.806437253952026,4.004002213478088,161.0,33.0,negative,9695.61741853
9695.61741853,23.902475655078888,8.268322229385376,26.01058739423752,4.873362183570862,165.0,26.0,positive,9699.9989835
9699.9989835,10.337485611438751,6.470270097255707,19.795109689235687,1.589116871356964,104.0,34.0,negative,9687.58959047
9687.58959047,14.816863477230072,5.299296021461487,20.10752844810486,0.8633260726928711,119.0,20.0,negative,9684.29151766
9684.29151766,17.73268848657608,10.866366803646088,12.385527789592745,3.2433587312698364,110.0,36.0,negative,9665.32539072
9665.32539072,17.222773849964142,13.466576337814333,20.8136922121048,4.226479709148407,136.0,42.0,negative,9654.12632608
9654.12632608,14.240023910999298,11.718487977981567,16.952206552028656,3.603017091751098,98.0,59.0,positive,9659.7554639
9659.7554639,10.211329400539398,14.683573484420776,13.748779892921448,2.2247122526168823,89.0,44.0,negative,9635.48564523
9635.48564523,14.15434032678604,11.80584853887558,14.27588987350464,0.7887745499610901,103.0,39.0,negative,9621.78818585
9621.78818585,8.62587559223175,19.820571422576904,7.141429126262665,5.6791574358940125,60.0,53.0,negative,9568.51191619
9568.51191619,18.761360585689545,12.35633510351181,20.91313797235489,1.434020221233368,148.0,107.0,negative,9501.07585691
9501.07585691,25.85347986221313,16.50879144668579,25.022488236427307,0.9593276977539062,169.0,59.0,negative,9472.36974641
9472.36974641,25.68854343891144,21.724666118621823,26.060414791107178,4.200476706027985,175.0,95.0,positive,9497.8413791
9497.8413791,24.31919765472412,14.420879185199738,26.30101186037064,4.214572191238403,191.0,60.0,negative,9486.14058433
9486.14058433,17.91420418024063,15.980791687965391,21.727767944335938,0.852342426776886,174.0,38.0,positive,9500.25435265
9500.25435265,24.278076469898224,23.37220418453217,22.938660800457,2.445089101791382,179.0,64.0,positive,9521.90068013
9521.90068013,32.883462965488434,12.865704953670502,24.628767669200897,5.499985635280609,215.0,50.0,positive,9708.81842011
9708.81842011,27.291432678699493,18.75774824619293,18.65060293674469,5.630449950695038,168.0,132.0,positive,9746.65625077
9746.65625077,15.83829826116562,48.67553514242172,19.21268081665039,11.124952018260956,144.0,149.0,negative,9722.61954013
9722.61954013,22.125658929347992,29.468384742736816,28.088269650936127,6.785365581512451,164.0,89.0,positive,9734.68518077
9734.68518077,15.64501404762268,22.039657711982727,22.329564154148105,6.64187079668045,147.0,66.0,positive,9758.8524174
9758.8524174,14.416143774986269,20.014032244682312,8.911047518253326,6.10308164358139,115.0,70.0,negative,9754.28175075
9754.28175075,26.531245946884155,30.33460158109665,21.61249804496765,10.112276315689089,163.0,79.0,positive,9762.79082392
9762.79082392,14.11005312204361,17.91823524236679,18.12801623344421,0.7208212614059448,131.0,48.0,negative,9744.29285711
9744.29285711,18.418415188789368,12.591516435146332,12.981288254261017,5.358896315097809,128.0,46.0,positive,9747.49037806
9747.49037806,12.54024225473404,13.662986159324646,32.45120257139206,1.6312175989151,129.0,37.0,positive,9748.18282894
9748.18282894,12.578313291072844,18.80358374118805,11.64488035440445,8.032923221588135,91.0,65.0,positive,9749.9655371
9749.9655371,13.996157109737396,19.87588638067245,13.199025928974152,5.8451884388923645,87.0,54.0,negative,9733.8973231
9733.8973231,9.686996042728424,16.212172091007233,6.83585250377655,4.867947936058044,65.0,51.0,positive,9740.69480536
9740.69480536,11.518990874290466,11.19403612613678,6.560031950473785,2.3475510478019714,94.0,31.0,negative,9702.95798753
9702.95798753,10.813163697719574,8.724253177642822,6.816239058971405,1.6482053995132446,74.0,63.0,positive,9720.40083356
9720.40083356,12.086080372333528,8.779600381851196,9.718718707561491,4.797173380851746,81.0,57.0,positive,9749.99552641
9749.99552641,12.520521581172943,11.183204889297484,11.116139471530914,2.606196165084839,95.0,28.0,negative,9747.43462773
9747.43462773,12.19641536474228,17.17094337940216,8.167618870735168,5.490923404693604,92.0,38.0,positive,9752.01802822
9752.01802822,19.534442603588104,23.37167352437973,11.80146998167038,7.399725794792175,126.0,78.0,negative,9717.92194647
9717.92194647,14.95698344707489,30.053376019001007,18.382706582546238,6.646669626235962,124.0,77.0,negative,9699.50283764
9699.50283764,26.42325711250305,37.77782487869263,13.982553243637083,3.4147329926490784,144.0,92.0,positive,9719.13512269
9719.13512269,23.08543026447296,36.24394035339356,17.09169912338257,7.31580924987793,145.0,110.0,negative,9698.60932534
9698.60932534,27.309362649917603,45.02496671676636,17.773311853408813,6.33057713508606,170.0,122.0,positive,9726.04063969
9726.04063969,19.24308586120605,44.03327238559723,20.291805028915405,3.575412094593048,165.0,104.0,negative,9713.29341142
9713.29341142,22.951680541038517,26.529887318611145,17.14848303794861,6.398829877376556,128.0,84.0,negative,9708.27572306
9708.27572306,9.500177323818209,31.84025263786316,17.2795752286911,2.5138341188430786,127.0,66.0,positive,9708.98824923
9708.98824923,27.023499071598053,22.543405830860134,16.91056603193283,5.683535933494568,164.0,95.0,positive,9711.24866841
9711.24866841,17.08760839700699,17.03873610496521,22.78446173667908,3.2045817971229558,141.0,50.0,negative,9706.38611342
9706.38611342,22.182966113090515,19.998234510421756,15.95467334985733,5.181366324424744,155.0,60.0,positive,9771.48948366
9771.48948366,22.70933932065964,28.330415964126587,13.833258032798769,3.748462200164795,127.0,80.0,negative,9722.82639046
9722.82639046,22.26190495491028,18.265393435955048,17.898579835891724,2.350121796131134,127.0,157.0,negative,9711.27524791
9711.27524791,6.984290897846222,19.687391936779026,16.217023193836212,1.6378201246261597,83.0,52.0,negative,9707.47650171
9707.47650171,8.609914898872375,15.988170206546783,15.732137501239777,7.994081795215607,70.0,58.0,negative,9701.31347687
9701.31347687,16.40124386548996,10.357999920845032,19.00430005788803,4.136621654033661,104.0,34.0,negative,9689.20729277
9689.20729277,9.883706331253052,15.196403861045836,12.547863960266112,4.989348351955414,103.0,44.0,positive,9696.28138627
9696.28138627,19.20645636320114,10.9906125664711,14.85071188211441,2.264589726924896,122.0,27.0,positive,9698.78479155
9698.78479155,14.276280224323273,16.012212991714478,10.539233803749084,1.6939474940299988,87.0,37.0,positive,9700.86908378
9700.86908378,13.740868747234344,9.22537213563919,14.96207559108734,3.2990776896476746,106.0,26.0,negative,9694.83360422
9694.83360422,11.255992591381071,11.036931991577148,15.086267948150637,1.499706208705902,93.0,30.0,negative,9670.31240922
9670.31240922,14.266077876091003,10.496636748313904,21.145191550254825,1.5649476647377014,115.0,27.0,positive,9671.43664282
9671.43664282,7.415344774723053,21.88098895549774,7.368283033370972,3.5169573426246643,86.0,47.0,positive,9702.9393722
9702.9393722,10.241829454898834,21.326209723949432,17.781693041324615,3.22342300415039,91.0,47.0,positive,9720.03735987
9720.03735987,19.580753326416016,21.800219118595123,11.173946380615234,3.3853631019592285,109.0,74.0,positive,9725.31744065
9725.31744065,22.361318945884705,19.77977854013443,24.13892847299576,5.0281283259391785,155.0,74.0,positive,9727.8574033
9727.8574033,22.15480250120163,15.044943869113922,24.46443772315979,5.745287656784058,186.0,63.0,positive,9729.37380449
9729.37380449,23.991997003555294,21.324143707752228,39.44979953765869,1.5830920338630676,251.0,47.0,negative,9721.40713907
9721.40713907,21.645422875881195,43.60445719957352,37.85280799865723,4.033544659614563,185.0,134.0,negative,9718.34542706
9718.34542706,30.59807997941971,27.08536678552628,30.197430789470676,6.441984057426453,201.0,102.0,positive,9720.62606498
9720.62606498,26.58871477842331,25.026767194271088,18.981159448623657,5.097667098045349,153.0,85.0,positive,9720.73403388
9720.73403388,37.06909900903702,29.069772720336918,15.877845644950868,3.2533881664276123,181.0,77.0,positive,9745.55078784
9745.55078784,22.23644781112671,27.268583178520203,25.79042196273804,5.111269414424896,142.0,95.0,positive,9809.96259237
9809.96259237,19.307175397872925,18.695831775665283,18.75416523218155,1.6877709031105042,141.0,82.0,negative,9796.93861916
9796.93861916,15.199838876724243,26.984790444374084,20.109898269176483,8.922191977500916,120.0,92.0,negative,9795.70019463
9795.70019463,18.649913549423218,26.04221504926681,16.873124420642853,3.303411066532135,109.0,67.0,negative,9783.98117354
9783.98117354,10.14337158203125,23.440869629383087,14.3401118516922,3.0940510630607605,90.0,73.0,positive,9804.51960503
9804.51960503,14.7431960105896,17.130284309387207,11.705792248249054,4.058178961277008,104.0,43.0,negative,9780.59603657
9780.59603657,12.600688457489014,20.134409427642822,13.929298222064972,0.8869189023971558,103.0,56.0,negative,9774.98250739
9774.98250739,17.845451295375824,25.36045265197754,12.72558206319809,1.6125543117523191,112.0,65.0,negative,9751.25774154
9751.25774154,11.969129860401154,13.810620605945587,21.90379238128662,3.190698981285095,129.0,51.0,positive,9771.06510092
9771.06510092,8.194643378257751,12.14944851398468,17.819136023521423,3.2247191667556763,111.0,49.0,positive,9771.81410379
9771.81410379,19.728930413722992,6.352912068367004,19.36771720647812,3.792025864124298,141.0,38.0,positive,9779.16789593
9779.16789593,13.81080025434494,16.174135088920593,14.643198013305664,3.4888517260551453,103.0,49.0,negative,9754.46916271
9754.46916271,20.10550570487976,25.31064790487289,10.565659284591677,0.7920251488685608,94.0,49.0,negative,9746.84408663
9746.84408663,11.234098255634308,10.271799504756927,4.212114095687866,4.183685183525085,65.0,42.0,positive,9747.17492072
9747.17492072,6.801027894020081,13.790003299713137,8.887983977794647,2.5905309319496155,76.0,33.0,positive,9753.52380252
9753.52380252,12.986002385616302,21.885368525981903,11.60506010055542,5.655015230178833,107.0,51.0,positive,9755.82946307
9755.82946307,16.1955446600914,21.26483029127121,7.451280415058136,1.6358967423439026,103.0,66.0,positive,9780.90410999
9780.90410999,19.410380363464355,24.292532205581665,30.366276919841766,12.07722908258438,157.0,87.0,negative,9764.39883492
9764.39883492,37.53048551082611,13.766356468200684,27.077358543872837,4.511856973171234,198.0,53.0,negative,9759.93267341
9759.93267341,23.902275145053864,29.240505754947662,11.154013633728027,3.867931604385376,129.0,71.0,positive,9772.28074398
9772.28074398,18.049260556697845,30.41444146633148,16.230978429317474,8.190326571464539,124.0,81.0,negative,9771.03171187
9771.03171187,19.81927591562271,33.146248400211334,18.88492500782013,10.509168922901154,169.0,119.0,positive,9805.59393727
9805.59393727,28.1312917470932,37.241570591926575,19.448958337306976,12.43266385793686,202.0,305.0,positive,9890.1459848
9890.1459848,44.16776788234711,23.571901738643646,22.22074824571609,6.237078130245209,240.0,91.0,negative,9877.40801487
9877.40801487,23.326804280281067,15.79662537574768,19.34483700990677,6.401800215244293,185.0,61.0,negative,9856.78533266
9856.78533266,28.103012204170227,12.876201331615448,23.70573967695236,3.044133424758911,182.0,62.0,positive,9873.06229161
9873.06229161,22.27216732501984,22.9968136548996,18.06041181087494,9.921392261981964,130.0,92.0,negative,9870.09445278
9870.09445278,28.872128427028656,26.291476666927338,27.96967500448227,6.519942581653595,194.0,78.0,positive,9902.18784805
9902.18784805,26.22551000118256,20.38298738002777,19.202549636363983,7.42792147397995,145.0,89.0,positive,9917.21547905
9917.21547905,21.26247388124466,21.56997901201248,20.03251075744629,3.4020751118659973,150.0,66.0,positive,9926.60185977
9926.60185977,13.78049659729004,21.256050884723663,22.742872536182404,4.0125532746315,145.0,51.0,negative,9902.90706737
9902.90706737,14.812424540519714,15.573542594909668,16.028592944145203,1.7984567284584043,111.0,54.0,positive,9911.26028017
9911.26028017,6.065238237380981,19.84626978635788,7.178364813327789,2.4067967534065247,52.0,53.0,negative,9888.12789518
9888.12789518,16.341106235980988,5.719064950942993,10.591467082500458,4.109762489795685,92.0,25.0,negative,9828.25833461
9828.25833461,16.27975243330002,24.367662012577057,17.268343091011047,1.4210381507873535,118.0,81.0,negative,9812.36586079
9812.36586079,18.251486480236053,9.978368759155272,18.598724007606503,4.82591187953949,122.0,41.0,positive,9824.55806672
9824.55806672,11.031235158443453,11.914929628372192,13.707312226295471,1.5584657192230225,87.0,47.0,negative,9817.83298139
9817.83298139,17.50010097026825,12.536725342273712,16.013940274715424,0.0,110.0,36.0,negative,9801.75659134
9801.75659134,17.14833104610443,18.72497051954269,19.90009093284607,2.493337035179138,130.0,52.0,negative,9798.45780639
9798.45780639,24.10313528776169,16.255425572395325,15.923836588859558,1.7894551753997805,121.0,49.0,negative,9780.9571981
9780.9571981,16.4048073887825,18.09853708744049,15.670031309127808,3.253543257713318,118.0,72.0,negative,9663.35596795
9663.35596795,14.310350477695463,7.434658408164978,26.21631324291229,2.5007696747779846,150.0,105.0,negative,9644.23115681
9644.23115681,32.25192600488663,16.779720723628998,22.373968303203583,5.4622416496276855,185.0,73.0,negative,9598.7578216
9598.7578216,32.36439388990402,35.756104707717896,20.532112956047055,7.671843528747559,189.0,180.0,negative,9380.96617437
9380.96617437,27.21719068288803,24.45382100343704,25.46600621938705,6.950764238834381,208.0,432.0,positive,9387.35520884
9387.35520884,44.43524158000946,28.279551208019257,50.56541872024536,7.961399793624878,349.0,142.0,negative,9335.01712718
9335.01712718,42.04727214574814,23.95755994319916,41.70701849460602,5.382667660713196,262.0,82.0,negative,9305.1300771
9305.1300771,29.986951768398285,21.17023003101349,38.91891801357269,7.813303172588348,246.0,80.0,positive,9346.40847228
9346.40847228,42.93170636892319,23.12314373254776,26.29543876647949,6.888620436191559,229.0,93.0,positive,9365.44991622
9365.44991622,28.045045495033264,21.618258774280548,20.322765946388245,1.6469374895095823,195.0,50.0,negative,9337.98278037
9337.98278037,22.602385580539703,19.867047727108,20.14723002910614,3.262850701808929,174.0,55.0,negative,9320.69085457
9320.69085457,20.82581526041031,18.44364410638809,21.267769753932956,3.412856638431549,156.0,55.0,positive,9336.3965942
9336.3965942,27.72509163618088,22.36541497707367,21.64021629095077,0.8355777859687805,161.0,49.0,positive,9349.84045387
9349.84045387,23.943414211273197,10.400591611862184,17.526519656181335,10.559524834156036,132.0,47.0,positive,9357.51730333
9357.51730333,24.890777945518494,15.343482792377472,24.476966321468357,2.368865132331848,135.0,42.0,positive,9394.54855641
9394.54855641,15.96433925628662,18.09335446357727,15.392250657081604,4.777639448642731,104.0,60.0,negative,9381.54028521
9381.54028521,15.415655851364136,14.937365174293518,15.79770678281784,1.645217776298523,110.0,40.0,positive,9399.35810771
9399.35810771,15.0593523979187,16.870292901992798,13.51201468706131,1.837003231048584,93.0,34.0,negative,9389.11398439
9389.11398439,11.154673099517822,21.82748812437057,10.20417445898056,7.711226105690002,113.0,53.0,positive,9451.94603745
9451.94603745,13.494736433029177,15.441836059093475,8.967396676540375,0.7316580414772034,81.0,53.0,positive,9487.08552908
9487.08552908,6.203228533267975,19.190013885498047,10.076621651649477,9.217262387275696,80.0,75.0,negative,9467.27902536
9467.27902536,9.464087903499603,20.8352068066597,7.446335554122925,1.8400501012802124,78.0,54.0,positive,9486.83574528
9486.83574528,12.38422667980194,5.69642174243927,13.26906806230545,6.40001392364502,102.0,38.0,positive,9510.45485442
9510.45485442,15.007793724536896,16.448950469493866,12.069867491722109,0.878568708896637,90.0,33.0,negative,9475.84926297
9475.84926297,11.307435154914856,18.171921849250797,15.577042758464811,1.5908531546592712,90.0,53.0,positive,9520.02874676
9520.02874676,13.139709711074827,14.453814208507538,15.668834686279297,6.722721517086029,129.0,66.0,negative,9455.73801466
9455.73801466,22.681656002998352,26.81213515996933,15.150663197040558,9.552260637283323,152.0,80.0,negative,9434.38523012
9434.38523012,16.88683784008026,23.643483340740204,22.5466285943985,6.897468388080597,161.0,88.0,negative,9424.42948754
9424.42948754,26.47434574365616,25.164262413978577,19.76147037744522,15.572117865085602,117.0,105.0,negative,9356.67458444
9356.67458444,34.63219887018204,30.27736872434616,25.99049550294876,8.045050203800201,187.0,119.0,positive,9409.74940549
9409.74940549,23.495792627334595,31.106248259544373,31.233698904514316,7.950990200042725,209.0,114.0,positive,9455.28023072
9455.28023072,24.96469050645828,21.52419412136078,28.292330503463745,4.20134574174881,191.0,62.0,positive,9479.95584107
9479.95584107,25.68651896715164,19.71752041578293,20.009887278079987,5.384326636791229,169.0,55.0,negative,9466.90996372
9466.90996372,22.13018447160721,21.675430595874783,19.347876489162445,4.081982135772705,145.0,56.0,positive,9489.12630801
9489.12630801,19.56199342012405,27.28028786182404,18.494708716869354,6.822144329547882,149.0,87.0,negative,9480.84378943
9480.84378943,12.28791743516922,17.652002573013306,14.22587764263153,7.920697867870331,103.0,75.0,negative,9463.83062712
9463.83062712,11.49922490119934,22.58199483156204,19.68587362766266,12.4445960521698,114.0,74.0,positive,9464.90074057
9464.90074057,7.38854706287384,20.683899343013763,17.88829916715622,11.801771879196169,82.0,70.0,negative,9450.08891016
9450.08891016,6.454126596450806,24.97073227167129,13.071370303630829,1.8399879932403564,85.0,57.0,negative,9444.53116292
9444.53116292,11.623395144939424,16.308266758918762,17.81178241968155,3.4212926626205444,85.0,45.0,negative,9422.20549203
9422.20549203,11.535920679569244,17.09993827342987,13.599342584609984,6.406262755393982,73.0,57.0,positive,9425.05247833
9425.05247833,8.056150615215302,13.691222071647644,9.643401503562927,4.9795132875442505,80.0,68.0,positive,9449.31929389
9449.31929389,13.001007795333862,13.136272251605988,15.382348775863647,2.370164215564728,99.0,42.0,positive,9456.43482952
9456.43482952,9.64039409160614,16.28088390827179,6.480248034000397,6.238693296909332,76.0,52.0,positive,9460.49411964
9460.49411964,3.96914541721344,15.870162904262545,9.2352557182312,0.7461056709289551,54.0,44.0,positive,9460.67130937
9460.67130937,6.657255947589874,14.59290337562561,9.999186038970947,4.203213274478912,53.0,39.0,negative,9440.94894624
9440.94894624,10.45219510793686,18.83812147378921,8.303938269615173,3.350856125354767,68.0,51.0,negative,9430.2996639
9430.2996639,10.369805753231049,13.53755497932434,16.12453258037567,0.719834566116333,87.0,37.0,positive,9450.81680559
9450.81680559,20.247953176498413,19.144813776016235,21.8430158495903,6.799924612045288,146.0,65.0,positive,9451.46761315
9451.46761315,12.966617822647097,16.66744565963745,10.369320452213287,4.8338645696640015,100.0,68.0,positive,9468.08738649
9468.08738649,16.27786684036255,21.667913496494293,11.24815458059311,3.874455213546753,109.0,58.0,negative,9460.48567451
9460.48567451,12.810091614723206,16.504039347171783,13.768182039260864,9.8448805809021,124.0,68.0,negative,9459.8968461
9459.8968461,23.8160879611969,23.599235832691196,25.314516723155972,3.6417022347450256,159.0,63.0,negative,9458.21261242
9458.21261242,13.036314964294434,35.2422177195549,20.24981826543808,4.091567516326904,134.0,105.0,positive,9467.35847853
9467.35847853,25.761616826057438,35.448908150196075,22.90518820285797,1.6978996396064758,141.0,76.0,negative,9448.5114476
9448.5114476,11.605318427085876,17.78768402338028,13.253974795341492,3.7818992733955374,130.0,74.0,negative,9423.80073963
9423.80073963,12.577019810676576,19.68998020887375,19.00679737329483,3.211176633834839,110.0,56.0,positive,9448.25433628
9448.25433628,16.21452486515045,14.487027168273926,11.774049282073976,3.948839724063873,81.0,47.0,positive,9456.11579582
9456.11579582,14.927737593650818,17.030864596366882,6.540368914604187,3.3608558773994446,97.0,43.0,positive,9475.27733834
9475.27733834,16.225001096725464,32.59165358543396,10.834040343761444,4.090934157371521,86.0,89.0,positive,9479.33462515
9479.33462515,7.1759196519851685,16.00029492378235,11.215941727161407,1.62155419588089,61.0,45.0,negative,9470.63148021
9470.63148021,11.284602344036102,20.556690990924835,7.94053041934967,3.0070606470108032,55.0,46.0,negative,9467.62967022
9467.62967022,6.054820775985718,21.79374957084656,11.923921763896942,4.177748441696167,71.0,56.0,negative,9453.48597032
9453.48597032,10.78847348690033,10.191802263259888,4.696530401706696,3.1873544454574585,61.0,26.0,positive,9456.20011797
9456.20011797,3.887299656867981,15.769250512123108,5.507239103317261,0.0,35.0,32.0,negative,9453.7888245
9453.7888245,9.905848205089567,8.950200974941254,9.27517682313919,2.701560080051422,54.0,23.0,negative,9435.6513613
9435.6513613,2.523773074150085,13.424330592155457,5.674896538257599,2.472108006477356,45.0,30.0,negative,9431.93182199
9431.93182199,7.115147888660431,13.558040857315063,9.254647314548492,0.7322846055030823,56.0,34.0,positive,9452.93535779
9452.93535779,3.503242015838623,9.756896734237673,2.60849928855896,0.0,52.0,45.0,negative,9448.98076607
9448.98076607,5.905644476413727,13.828778624534609,7.488577663898468,5.260718822479248,59.0,49.0,negative,9447.87362395
9447.87362395,10.959960877895355,14.033854961395264,8.886527478694916,8.076245307922363,77.0,62.0,positive,9455.50541708
9455.50541708,7.278516530990601,16.31071972846985,7.406292080879211,4.953960418701172,62.0,50.0,negative,9426.74790413
9426.74790413,9.045662701129912,19.01510339975357,17.557498693466187,2.3642677068710327,81.0,75.0,positive,9429.05414243
9429.05414243,20.22969150543213,34.263875126838684,17.121660828590393,8.432690382003784,128.0,113.0,negative,9384.24069157
9384.24069157,7.767475605010986,13.709134817123411,21.70906400680542,4.615376353263855,104.0,85.0,positive,9443.04991349
9443.04991349,19.13633233308792,19.888368368148804,20.48586893081665,6.414621770381928,145.0,66.0,negative,9423.3974073
9423.3974073,19.432231962680817,28.69761174917221,9.264619052410126,10.38611924648285,97.0,99.0,negative,9415.83077001
9415.83077001,15.992820382118223,22.17797178030014,11.252165019512177,4.837316572666168,86.0,84.0,negative,9408.08201637
9408.08201637,12.482691407203674,15.241355001926422,12.042763769626616,7.739226698875427,97.0,63.0,positive,9422.92956286
9422.92956286,16.335096836090088,19.7051784992218,16.033486545085907,9.06864047050476,108.0,79.0,negative,9418.76807208
9418.76807208,11.539122879505156,16.967258751392365,6.836208939552307,5.047128200531006,80.0,53.0,negative,9374.40339629
9374.40339629,28.61881256103516,20.46131670475006,12.66070967912674,3.977470278739929,120.0,83.0,positive,9380.89727408
9380.89727408,27.3152529001236,19.221130847930908,12.470241844654083,2.630220234394073,118.0,102.0,positive,9386.78789214
9386.78789214,17.613549530506134,22.229198932647705,20.9427490234375,2.631801187992096,95.0,89.0,positive,9392.96558001
9392.96558001,9.51006156206131,16.47264015674591,16.543500006198883,3.06421160697937,104.0,77.0,negative,9375.30822389
9375.30822389,10.429651916027067,21.42760843038559,9.913569748401642,5.749495029449463,76.0,100.0,negative,9312.32137919
9312.32137919,17.122407495975494,19.89073485136032,12.81636130809784,0.0,96.0,51.0,negative,9197.87599189
9197.87599189,11.699235618114471,9.70615255832672,12.303085386753082,0.8408003449440002,84.0,92.0,positive,9216.23338173
9216.23338173,13.915257930755615,6.424468636512756,13.64626795053482,5.573627948760986,101.0,28.0,negative,9064.90686982
9064.90686982,10.547103703022003,8.711997270584106,8.021466195583344,11.558898270130156,72.0,169.0,negative,9035.01461716
9035.01461716,14.51779580116272,18.32246434688568,16.382850766181946,5.95186322927475,111.0,138.0,positive,9128.04396436
9128.04396436,14.11196744441986,16.44309163093567,21.018526792526245,3.16213983297348,141.0,52.0,positive,9173.54417322
9173.54417322,11.99655532836914,8.807542383670807,13.647186934947968,1.440532386302948,95.0,36.0,negative,9156.96692692
9156.96692692,10.540561378002169,10.029574871063232,10.9296373128891,4.259780704975128,90.0,34.0,negative,9116.09627808
9116.09627808,17.923618376255035,14.297643005847933,13.511254370212557,1.701856553554535,109.0,37.0,positive,9133.01361485
9133.01361485,16.93116921186447,12.257520735263824,23.43047779798508,4.273606538772583,138.0,66.0,negative,9114.1860761
9114.1860761,27.41811615228653,18.36324179172516,31.249307215213776,6.353946924209595,178.0,100.0,positive,9154.34039706
9154.34039706,30.16589695215225,17.83841449022293,32.49268239736557,3.933002293109894,215.0,86.0,positive,9213.044861
9213.044861,34.42787677049637,33.88478869199753,46.356849789619446,9.659226298332214,284.0,98.0,positive,9302.38197519
9302.38197519,24.4218407869339,21.703560173511505,19.595299541950222,4.154921650886536,201.0,85.0,positive,9370.56929288
9370.56929288,42.84826117753983,32.247372925281525,36.95129996538162,5.832370579242706,268.0,138.0,negative,9364.65618476
9364.65618476,26.637820422649384,27.441944539546967,24.39352709054947,7.012669324874878,190.0,80.0,positive,9428.05978024
9428.05978024,17.557477355003357,30.9826894402504,25.90367043018341,5.6145161390304565,187.0,114.0,negative,9426.84493978
9426.84493978,19.7800030708313,28.73078030347824,21.33279299736023,4.336345076560974,137.0,89.0,positive,9472.09728348
9472.09728348,15.591858446598051,26.65443325042725,15.885459542274477,6.353834092617035,125.0,95.0,negative,9460.74367879
9460.74367879,24.41201519966125,38.64198100566864,20.34069937467575,4.702278971672058,148.0,99.0,negative,9429.7942165
9429.7942165,20.883357763290405,27.555211007595062,14.57965624332428,9.69843202829361,135.0,90.0,positive,9450.70198692
9450.70198692,13.195051431655884,25.69798308610916,12.498902320861816,3.75057315826416,82.0,71.0,negative,9400.44500832
9400.44500832,14.763053178787231,20.87658053636551,15.133554995059969,2.3323445320129395,77.0,58.0,positive,9417.01313726
9417.01313726,15.395947635173798,11.705352783203123,16.083157122135162,2.3935688734054565,99.0,35.0,positive,9471.20644916
9471.20644916,12.3298299908638,17.517237186431885,12.322282433509828,3.2627428770065308,92.0,42.0,positive,9550.4227884
9550.4227884,14.275105357170103,11.32860630750656,12.618706822395325,3.41134113073349,95.0,116.0,negative,9546.22126805
9546.22126805,11.102274000644684,22.71362590789795,15.759832561016085,3.515994071960449,85.0,47.0,positive,9546.30876045
9546.30876045,14.69840168952942,36.45337355136871,18.91094982624054,1.5203288793563845,106.0,62.0,negative,9487.246483
9487.246483,14.078792214393616,10.259430646896362,13.55239486694336,4.930463254451752,97.0,37.0,positive,9514.90719966
9514.90719966,13.010244727134705,16.037719666957855,12.622034788131714,7.062419891357422,90.0,56.0,negative,9502.69164155
9502.69164155,9.06896448135376,18.099377512931824,10.8780255317688,0.8252930045127869,95.0,42.0,positive,9505.53109902
9505.53109902,13.205135643482208,14.616210103034971,6.7180429100990295,1.6234436631202698,80.0,39.0,positive,9527.70247516
9527.70247516,16.557522892951965,11.04186624288559,10.272320032119753,2.382889449596405,98.0,28.0,negative,9514.90855868
9514.90855868,18.22935962677002,15.727860927581789,8.652043759822845,4.219924092292786,97.0,36.0,positive,9551.35207936
9551.35207936,21.368556261062626,16.76117867231369,13.609765827655792,0.9477493166923524,100.0,54.0,negative,9540.2537715
9540.2537715,17.725399255752563,38.27257817983627,13.718902349472046,2.506484687328338,96.0,95.0,negative,9460.50113374
9460.50113374,19.77744895219803,20.577857732772827,22.869113743305206,5.364247739315033,163.0,77.0,positive,9463.49779324
9463.49779324,26.403171122074127,26.974200010299683,14.697216033935549,4.777871549129486,174.0,94.0,positive,9500.26928992
9500.26928992,25.162369787693024,41.62007749080658,23.72787874937057,8.943861424922943,155.0,118.0,negative,9486.05034268
9486.05034268,17.637011229991913,28.07426655292511,17.007264316082,9.81150633096695,135.0,93.0,positive,9498.6656873
9498.6656873,21.69276386499405,28.644992113113403,20.274782240390778,5.732863962650299,146.0,70.0,negative,9497.40029697
9497.40029697,15.903208434581757,35.395263850688934,17.16705471277237,16.14189922809601,133.0,98.0,positive,9505.75312456
9505.75312456,19.21316409111023,26.64285928010941,16.06918489933014,3.1841084361076355,122.0,103.0,positive,9506.14794428
9506.14794428,15.45364248752594,28.783555388450623,14.589164674282074,7.184608578681946,122.0,76.0,positive,9532.62392575
9532.62392575,16.204123198986053,25.53992772102356,10.73726898431778,3.4315842986106877,111.0,81.0,positive,9538.0243743
9538.0243743,15.03772759437561,19.51903796195984,14.686114192008972,9.536971032619476,95.0,81.0,negative,9513.1241438
9513.1241438,11.999945878982544,29.458606243133545,7.205240726470947,3.2194573879241943,64.0,69.0,negative,9475.6588117
9475.6588117,8.852800905704498,15.360125720500946,11.514479100704191,1.572449803352356,85.0,46.0,negative,9462.40597049
9462.40597049,12.178322792053224,17.154673039913177,10.401577353477478,9.862171113491058,85.0,62.0,positive,9473.34024673
9473.34024673,9.15665715932846,23.75193876028061,10.832046747207642,4.920001924037933,77.0,65.0,positive,9479.62117497
9479.62117497,4.365524530410767,21.56757289171219,5.685080468654633,4.951530456542969,66.0,65.0,negative,9460.42175529
9460.42175529,8.90111380815506,19.563944041728973,4.090108811855316,3.9208613634109497,57.0,55.0,positive,9496.8498777
9496.8498777,8.907656788825989,14.69152557849884,9.289810478687286,5.673815608024597,79.0,50.0,positive,9525.77746739
9525.77746739,11.475257575511932,14.691668927669523,12.468342304229736,3.4667539596557617,79.0,50.0,negative,9509.05163191
9509.05163191,8.969477355480194,10.304612278938292,11.560367226600649,3.1807042360305786,66.0,40.0,negative,9499.17833508
9499.17833508,7.830032646656036,15.20440548658371,9.176328659057615,3.543976128101349,74.0,45.0,positive,9503.68071253
9503.68071253,12.37572705745697,31.21719032526016,13.084024488925934,2.5639684200286865,79.0,74.0,positive,9515.47804331
9515.47804331,9.9372900724411,21.176325500011444,7.6068297028541565,5.396289587020874,71.0,66.0,negative,9506.02755747
9506.02755747,11.621653378009796,35.721622943878174,17.633482217788696,8.148220717906952,112.0,100.0,negative,9468.82837944
9468.82837944,24.410530924797055,26.31638330221176,17.286389708518982,9.948362290859222,143.0,116.0,negative,9450.427458
9450.427458,15.3568856716156,15.460230231285095,15.68526154756546,4.224762141704559,102.0,47.0,negative,9412.89805041
9412.89805041,28.19691175222397,52.98353505134583,22.283206939697266,8.160392463207245,160.0,138.0,negative,9394.94717131
9394.94717131,24.78249764442444,41.379863917827606,20.00940865278244,14.156963765621184,174.0,141.0,positive,9432.15689687
9432.15689687,23.08485478162765,54.35304182767868,19.33694070577621,11.967555403709412,155.0,164.0,negative,9430.86733878
9430.86733878,18.46889740228653,29.430202543735504,17.76144766807556,8.881087243556976,135.0,91.0,negative,9385.51150768
9385.51150768,24.639447152614597,23.45849627256393,15.794359922409058,4.592637658119202,164.0,85.0,positive,9404.21576112
9404.21576112,22.4375034570694,28.758513391017917,23.69155901670456,13.787020802497864,182.0,170.0,positive,9431.92880302
9431.92880302,16.598555266857147,22.28434932231903,12.721293985843658,19.556228816509247,119.0,72.0,positive,9457.79121473
9457.79121473,28.169479310512543,21.69365781545639,21.752160370349884,12.34054708480835,160.0,79.0,positive,9480.25536624
9480.25536624,15.30838018655777,23.182195901870728,18.04397362470627,3.1737346053123474,114.0,68.0,negative,9438.77699741
9438.77699741,20.51011258363724,27.91356098651886,8.804549634456635,5.391143441200256,104.0,95.0,negative,9437.48504433
9437.48504433,12.592649281024933,26.03866571187973,16.373856842517853,8.008200824260712,122.0,75.0,negative,9430.65719497
9430.65719497,13.022052586078644,13.851257801055908,20.95285105705261,4.658527374267578,112.0,44.0,positive,9434.51677208
9434.51677208,10.900927007198334,13.776139378547668,6.924517512321472,7.692293643951416,74.0,50.0,positive,9438.40722881
9438.40722881,8.492181360721588,19.349768340587616,7.451072752475738,2.329701006412506,66.0,46.0,negative,9428.88705829
9428.88705829,5.421060740947723,14.270908951759338,9.473698079586027,3.975201964378357,68.0,45.0,positive,9437.95249214
9437.95249214,8.013281881809235,15.281442165374756,6.696753263473511,5.036847531795502,89.0,44.0,negative,9434.19764496
9434.19764496,14.995098650455477,18.43719655275345,11.800108671188354,2.593544602394104,86.0,62.0,positive,9435.56878564
9435.56878564,6.0058892369270325,17.419669270515442,11.465257465839386,3.2009425163269043,78.0,45.0,positive,9465.41443026
9465.41443026,17.84945446252823,14.13597935438156,14.691650569438934,5.7844118475914,88.0,56.0,negative,9450.58958802
9450.58958802,12.882576704025269,27.766990184783936,10.362066566944122,2.6952373385429382,104.0,65.0,negative,9429.23495296
9429.23495296,21.99406099319458,16.59419983625412,22.117986917495728,3.7568782567977914,139.0,54.0,positive,9433.83773903
9433.83773903,41.79131895303726,22.499422430992126,27.91284942626953,8.366520822048187,212.0,70.0,negative,9405.59172038
9405.59172038,25.56463986635208,22.988591611385345,17.855867981910706,6.784132957458496,155.0,79.0,positive,9415.86613978
9415.86613978,28.369989097118378,17.74969357252121,24.56509804725647,11.266923010349274,160.0,104.0,negative,9397.92430575
9397.92430575,16.77570343017578,41.59576791524887,25.28012239933014,6.037323296070099,148.0,110.0,positive,9403.2218644
9403.2218644,23.798177778720856,35.88915675878525,31.79843771457672,9.148376286029816,187.0,103.0,positive,9413.96789659
9413.96789659,32.898953557014465,27.968463242053986,23.433207035064697,8.123984158039093,199.0,104.0,negative,9399.7937841
9399.7937841,21.92004215717316,34.89614427089691,21.478646278381348,9.832038819789886,165.0,104.0,negative,9396.47158608
9396.47158608,19.537947833538052,45.00138860940933,17.029642581939697,7.466740608215332,140.0,90.0,negative,9363.90318523
9363.90318523,23.754579961299896,25.169964909553528,14.395580053329468,4.946948766708374,135.0,60.0,positive,9385.77056528
9385.77056528,18.816078007221225,19.69240891933441,20.51353532075882,4.598993301391602,135.0,73.0,positive,9396.17496169
9396.17496169,16.843703866004944,14.352769136428831,19.55203402042389,3.13538658618927,136.0,36.0,positive,9411.84046197
9411.84046197,11.52397495508194,16.158275425434113,18.39559257030487,4.79804128408432,99.0,43.0,negative,9398.49746695
9398.49746695,10.157605111598969,26.06868553161621,10.711633086204529,3.205337405204773,77.0,80.0,negative,9375.26368707
9375.26368707,11.49743628501892,36.53639245033264,9.579797089099884,3.2480750679969788,77.0,79.0,negative,9344.90996606
9344.90996606,13.763136208057404,16.043756127357483,13.919952809810638,4.69717001914978,92.0,61.0,negative,9288.05308021
9288.05308021,10.379828035831451,12.126057028770449,10.66735303401947,1.6257511377334597,74.0,51.0,positive,9339.87953442
9339.87953442,8.589916706085205,19.158022165298465,5.066224038600922,4.042178690433502,59.0,41.0,negative,9332.92154038
9332.92154038,17.806746006011963,17.727111041545868,8.37232631444931,3.488068401813507,101.0,35.0,positive,9335.66783223
9335.66783223,12.569122314453123,8.938356697559357,8.640406906604767,0.0,98.0,22.0,negative,9295.42877109
9295.42877109,8.788787484169006,12.22506618499756,14.286822497844696,1.5844964385032654,98.0,32.0,positive,9330.26305725
9330.26305725,17.627810776233673,12.09497892856598,15.112030625343325,0.7270360589027405,117.0,33.0,positive,9379.35385048
9379.35385048,9.835917353630066,16.250263273715973,9.39621078968048,0.7466538548469543,100.0,60.0,positive,9387.21966926
9387.21966926,18.89216858148575,24.547876119613647,10.880586087703705,6.239965617656708,122.0,68.0,negative,9381.9065686
9381.9065686,24.573550939559937,17.75075888633728,20.27672654390335,1.594676852226257,156.0,46.0,positive,9404.73930726
9404.73930726,18.830268621444706,22.53359568119049,16.38752031326294,2.339292883872986,117.0,60.0,negative,9400.09835274
9400.09835274,24.813399970531464,20.491270542144772,19.65191513299942,4.9495381116867065,143.0,63.0,negative,9398.07704237
9398.07704237,21.32644420862198,22.45845830440521,20.56137788295746,3.3230191469192505,148.0,67.0,negative,9374.62354606
9374.62354606,17.229150414466858,32.05576133728027,25.187604784965515,6.162735044956207,165.0,74.0,negative,9348.2400975
9348.2400975,25.81331026554108,31.323321878910065,24.02999353408813,9.614436447620392,164.0,83.0,positive,9349.35025003
9349.35025003,30.01337742805481,26.95964986085892,17.46528911590576,8.805698990821838,166.0,83.0,negative,9340.16305258
9340.16305258,13.28758454322815,44.452174723148346,18.854789674282078,9.29890888929367,128.0,129.0,negative,9329.38067281
9329.38067281,14.386206865310667,28.60919171571732,11.875904083251951,10.307948052883148,118.0,112.0,negative,9311.8100287
9311.8100287,17.227243661880493,35.25989496707916,17.315191209316254,8.481243550777435,139.0,105.0,negative,9310.33230339
9310.33230339,22.58908623456955,21.991621375083923,16.176201343536377,3.379616916179657,134.0,61.0,negative,9305.42770019
9305.42770019,16.59440815448761,22.47269517183304,12.145032167434692,3.896779239177704,98.0,54.0,negative,9288.01871603
9288.01871603,13.195086538791656,9.274821162223816,12.220497846603394,2.622098445892334,101.0,32.0,positive,9295.54852013
9295.54852013,18.957651436328888,19.084624230861664,15.92583668231964,4.054200649261475,129.0,46.0,negative,9290.53132768
9290.53132768,16.360776603221893,21.48536330461502,11.310074925422668,3.940351366996765,107.0,52.0,positive,9302.9420016
9302.9420016,14.129449903964996,29.27206641435623,13.932188093662262,3.0930129885673523,105.0,64.0,negative,9291.44283305
9291.44283305,16.760416984558105,18.948768973350525,9.7921861410141,4.8333194851875305,86.0,53.0,positive,9307.057431
9307.057431,11.493057787418364,12.831396460533142,9.492305636405945,2.3054487109184265,75.0,33.0,negative,9302.58675662
9302.58675662,12.29957503080368,11.137990355491638,9.265974581241608,5.491977870464325,86.0,36.0,positive,9344.18805863
9344.18805863,7.46687924861908,16.404375672340393,8.67936086654663,3.1405508518218994,80.0,51.0,negative,9300.67360768
9300.67360768,9.116747260093687,10.779869437217712,11.801970660686491,1.5691438913345337,74.0,30.0,negative,9297.86890776
9297.86890776,6.538057267665863,19.154486536979675,6.989857196807861,0.8410798907279968,62.0,50.0,negative,9290.4014182
9290.4014182,9.649022221565248,15.865410208702087,4.828221142292023,0.8127576112747192,52.0,47.0,negative,9286.93245416
9286.93245416,8.898747622966766,12.913494944572449,7.368303120136261,3.5828399658203125,61.0,35.0,positive,9301.83542835
9301.83542835,11.933391392230988,17.79534250497818,6.597848653793335,3.2302290201187134,63.0,95.0,positive,9303.20512577
9303.20512577,10.200398564338684,18.303280770778656,7.490519344806671,3.075101375579834,72.0,53.0,negative,9285.99879112
9285.99879112,21.525570452213287,18.97520613670349,15.126909911632538,9.71325147151947,118.0,90.0,positive,9302.19148922
9302.19148922,18.292075157165527,44.63716870546341,14.370048999786375,4.237662494182587,145.0,130.0,negative,9294.75916873
9294.75916873,18.81597453355789,44.79998070001602,20.330642700195312,8.51840078830719,165.0,121.0,negative,9248.52999486
9248.52999486,23.43364453315735,25.24787926673889,24.58902883529663,9.925657391548157,166.0,98.0,positive,9258.44430737
9258.44430737,29.52427852153778,29.468561828136444,27.37028443813324,4.88753467798233,204.0,68.0,positive,9280.83296479
9280.83296479,24.245131492614743,20.16310292482376,29.77703696489334,4.716917335987091,191.0,61.0,negative,9275.00170908
9275.00170908,20.783993780612946,17.382650196552277,22.03184187412262,2.658986985683441,153.0,47.0,positive,9307.87047276
9307.87047276,19.613535463809967,21.37780898809433,16.204144716262817,9.416537523269652,159.0,68.0,positive,9317.25058796
9317.25058796,23.105709671974186,20.932533740997314,25.131200671195984,1.4809520840644836,148.0,53.0,positive,9376.41697099
9376.41697099,10.048651456832886,9.839674890041351,21.52017432451248,4.021945059299469,121.0,53.0,negative,9332.340762
9332.340762,6.352419078350067,22.309866964817047,13.018429934978483,0.9699553847312928,102.0,61.0,negative,9324.73457373
9324.73457373,26.22422844171524,18.292962670326236,20.501481533050537,3.4162055253982544,135.0,50.0,positive,9360.64203639
9360.64203639,18.172860145568848,15.677329421043396,12.641991257667542,1.7680890560150146,117.0,42.0,negative,9352.98585507
9352.98585507,8.227628827095032,9.398427903652191,5.038389265537262,4.034539937973023,66.0,38.0,negative,9351.90890565
9351.90890565,15.08245325088501,18.94031101465225,9.539410054683684,0.8159321546554565,84.0,41.0,positive,9358.42416816
9358.42416816,9.324686348438265,7.33523690700531,4.78697669506073,2.460925579071045,69.0,30.0,positive,9377.66165291
9377.66165291,9.674729228019714,24.37702018022537,8.754666090011597,6.999189794063568,70.0,67.0,negative,9365.22730174
9365.22730174,6.445496916770935,18.3481325507164,6.34930294752121,1.6552534699440002,62.0,53.0,positive,9376.79323252
9376.79323252,12.430807650089264,10.770187556743622,3.044578433036804,2.9825608134269714,76.0,44.0,negative,9376.29270453
9376.29270453,10.502561748027802,13.787174463272097,11.542489647865295,0.9042327404022216,66.0,32.0,positive,9379.72007815
9379.72007815,16.114649891853333,8.852719247341156,17.2145773768425,0.8369803428649902,97.0,26.0,negative,9365.34283654
9365.34283654,16.378898441791534,18.200631022453308,11.67826098203659,5.562401533126831,82.0,53.0,positive,9373.55203207
9373.55203207,15.553237736225128,22.45557963848114,9.367294132709503,6.697038114070892,83.0,74.0,negative,9359.7088459
9359.7088459,9.768457293510435,16.004835665225983,10.908468663692474,2.319313645362854,93.0,50.0,positive,9359.86799461
9359.86799461,14.369688749313354,51.641609609127045,13.281166434288023,11.99637234210968,118.0,163.0,negative,9359.70689365
9359.70689365,19.29861706495285,34.07531940937042,14.550751507282255,16.380177557468414,129.0,144.0,positive,9386.56378792
9386.56378792,22.396942973136905,22.654680728912357,18.79448640346527,8.531610786914825,137.0,87.0,negative,9363.5626349
9363.5626349,16.593194663524628,18.097833693027496,21.60809791088104,4.2897509932518005,131.0,64.0,negative,9341.58548458
9341.58548458,14.428887367248535,14.61669808626175,9.787693321704865,9.097231924533844,114.0,55.0,negative,9327.36316141
9327.36316141,29.49582552909851,33.758027374744415,15.981923818588257,6.527708351612091,155.0,103.0,positive,9360.95759103
9360.95759103,12.41013491153717,18.89500004053116,11.200950980186462,8.40426242351532,67.0,65.0,negative,9334.89407091
9334.89407091,17.72239649295807,20.293434262275696,15.055503487586977,4.229338049888611,112.0,70.0,negative,9334.25761755
9334.25761755,8.269199967384338,24.915194928646088,11.88887733221054,11.554004311561584,81.0,79.0,negative,9311.51986276
9311.51986276,12.76466417312622,17.210829377174377,19.758832931518555,4.054338753223419,102.0,59.0,negative,9303.62971409
9303.62971409,12.059849500656128,11.26260507106781,11.870497703552246,1.609600841999054,82.0,34.0,positive,9324.25862229
9324.25862229,14.079936146736143,7.725539863109589,12.326950013637545,0.7435868978500366,120.0,30.0,positive,9356.46465936
9356.46465936,7.388478994369507,17.720872163772583,9.442419469356537,7.779316961765289,65.0,64.0,positive,9362.47685962
9362.47685962,11.85828948020935,10.245382249355316,14.925391614437103,2.3469057083129883,73.0,37.0,positive,9363.04943943
9363.04943943,9.017208993434906,15.773558259010317,8.414010882377625,0.0,72.0,44.0,positive,9400.98262811
9400.98262811,4.868586242198944,22.331427037715912,6.729769170284271,4.7625070214271545,56.0,82.0,positive,9401.02268588
9401.02268588,11.28397685289383,27.949168384075165,10.913771867752075,4.760899245738983,73.0,75.0,negative,9386.61114499
9386.61114499,8.70339173078537,13.58425623178482,13.936952710151672,4.669580399990082,76.0,59.0,negative,9385.71990126
9385.71990126,12.975446701049805,19.479372143745422,13.081753849983215,0.7006226181983948,104.0,59.0,negative,9377.77264871
9377.77264871,8.575881004333496,24.45758938789368,9.83121657371521,1.4558169841766355,65.0,68.0,positive,9391.88438607
9391.88438607,8.390799343585968,12.811229526996613,4.980603218078613,2.4185511469841003,57.0,44.0,positive,9417.63392193
9417.63392193,6.435005366802216,18.680139541625977,9.307978451251984,3.1834155321121216,61.0,64.0,positive,9452.54167725
9452.54167725,15.568004608154297,29.990872263908383,8.848921060562134,4.035438477993012,91.0,89.0,positive,9468.590833
9468.590833,12.273435890674593,22.613805174827576,12.259572744369509,5.601131200790405,92.0,83.0,negative,9452.97038891
9452.97038891,18.824519395828247,17.441568613052368,19.253945291042328,12.4620703458786,137.0,87.0,negative,9439.85510953
9439.85510953,21.213949263095856,37.03437489271164,12.692255020141602,8.341871201992035,120.0,112.0,positive,9447.91619962
9447.91619962,17.12967175245285,28.203576266765594,18.0123650431633,5.67557418346405,108.0,100.0,positive,9558.39150508
9558.39150508,24.36853140592575,22.098997116088867,31.191048324108124,7.919484853744507,188.0,137.0,negative,9550.38396805
9550.38396805,16.894390046596527,58.17408621311188,18.13371652364731,15.04951524734497,172.0,177.0,negative,9528.07022046
9528.07022046,23.07991999387741,45.97414577007294,23.02318239212036,7.711819589138031,191.0,127.0,negative,9519.1421069
9519.1421069,29.0741548538208,30.87624579668045,26.96716630458832,10.29601377248764,195.0,95.0,positive,9600.08516192
9600.08516192,15.88606321811676,36.87180495262146,22.13938295841217,15.880068719387054,144.0,180.0,positive,9650.80832827
9650.80832827,20.10993593931198,22.62290269136429,18.757232129573826,6.60077303647995,128.0,213.0,negative,9648.10229342
9648.10229342,14.700499176979063,18.5099595785141,21.748395383358,4.625166594982147,151.0,63.0,positive,9648.71760979
9648.71760979,10.730600476264954,27.72002023458481,21.23987513780594,4.143244564533234,106.0,75.0,negative,9632.55047932
9632.55047932,19.75540578365326,20.070421874523163,15.45707142353058,6.69879013299942,119.0,66.0,negative,9547.24708412
9547.24708412,15.860256493091583,20.55763041973114,14.689199924468994,5.699331641197205,102.0,62.0,positive,9609.46303088
9609.46303088,19.62988668680191,28.19614738225937,9.471505641937256,4.972768664360046,81.0,61.0,positive,9615.67655379
9615.67655379,7.643518507480621,14.321256160736084,19.99408483505249,5.507688939571381,99.0,55.0,negative,9603.81572032
9603.81572032,10.07636308670044,17.581720769405365,10.020146667957306,2.523620128631592,74.0,44.0,positive,9604.40300972
9604.40300972,17.736069321632385,19.546823143959045,10.437714397907255,3.044727385044098,88.0,51.0,negative,9563.20653631
9563.20653631,14.521749556064606,27.416865646839145,11.58913779258728,0.8642003536224365,82.0,73.0,positive,9631.24499208
9631.24499208,12.25691431760788,20.304327964782715,7.689624071121216,3.941243290901184,85.0,51.0,negative,9598.33905896
9598.33905896,8.238441169261932,17.936087787151337,16.47590845823288,7.534720480442047,87.0,67.0,negative,9591.14737722
9591.14737722,9.062178134918211,10.50356537103653,6.755712985992432,4.685066819190979,80.0,56.0,negative,9581.07046987
9581.07046987,19.938554108142853,15.330623269081116,12.1796954870224,4.217791974544525,119.0,42.0,positive,9622.45441398
9622.45441398,18.44499891996384,18.44631898403168,15.79983288049698,5.570338487625122,108.0,49.0,negative,9609.80301099
9609.80301099,21.17223292589188,20.382370471954346,19.654542446136475,0.8321315050125122,137.0,48.0,positive,9630.50180813
9630.50180813,17.051744639873505,22.745430648326877,18.28830349445343,5.5956414341926575,124.0,58.0,positive,9637.54911666
9637.54911666,30.091543316841125,17.393857955932617,25.22886264324188,6.284854412078857,195.0,61.0,positive,9664.09586599
9664.09586599,27.740663528442383,27.368690192699432,38.04328340291977,4.526449680328369,202.0,94.0,negative,9647.21048535
9647.21048535,33.45388162136078,27.506486773490906,29.51951175928116,7.829780161380768,193.0,81.0,positive,9649.07382325
9649.07382325,21.325239300727844,27.433749616146088,30.66674953699112,8.468039631843567,196.0,84.0,positive,9658.02519152
9658.02519152,24.87162935733795,22.185483753681183,29.318270206451416,5.786782503128052,176.0,62.0,negative,9641.48576414
9641.48576414,20.211821973323826,29.75522792339325,19.942079961299896,8.7379629611969,156.0,95.0,negative,9635.93887176
9635.93887176,21.35219782590866,15.028062343597412,18.78179180622101,8.74560546875,168.0,64.0,positive,9650.34848498
9650.34848498,20.14446586370468,24.948798537254333,24.49627435207367,1.6437174677848816,184.0,65.0,negative,9625.22252959
9625.22252959,22.55510550737381,15.653188049793243,20.46323269605637,8.129140794277191,153.0,72.0,positive,9629.65836578
9629.65836578,18.873127579689022,17.79059875011444,17.48048883676529,4.1402440667152405,146.0,40.0,positive,9637.99125149
9637.99125149,14.926452219486237,14.207438230514526,13.33790159225464,3.92765349149704,118.0,41.0,positive,9654.28887878
9654.28887878,21.98260259628296,20.64586424827576,12.594782054424286,3.451149880886078,107.0,51.0,positive,9666.28032298
9666.28032298,26.96627920866013,12.897841453552246,18.9369096159935,1.954473733901977,157.0,34.0,negative,9658.44427061
9658.44427061,14.302966833114624,12.840044796466827,20.45661574602127,0.8656708002090454,120.0,28.0,positive,9666.04026156
9666.04026156,15.169879019260406,18.38911485671997,10.528633713722227,6.364122211933136,93.0,46.0,negative,9660.23915219
9660.23915219,23.00302368402481,15.18334972858429,14.31740266084671,1.6561844944953918,119.0,32.0,positive,9671.12801014
9671.12801014,10.2630175948143,7.380535185337067,3.196408152580261,5.801531136035919,70.0,42.0,negative,9560.2224175
9560.2224175,13.699057519435884,10.755817890167236,16.05708533525467,4.585102081298828,85.0,94.0,positive,9560.97468475
9560.97468475,17.316589772701263,18.88728410005569,7.424828410148621,5.8553085923194885,90.0,52.0,negative,9536.21673684
9536.21673684,10.182511508464811,15.94777262210846,16.25703203678131,0.7491799592971802,85.0,37.0,negative,9438.86801909
9438.86801909,8.805673003196716,15.497546672821043,19.15151619911194,3.4825955033302307,110.0,282.0,negative,9383.29073348
9383.29073348,15.12097668647766,19.865097880363464,24.02954590320587,7.330419540405273,151.0,72.0,positive,9407.85377818
9407.85377818,13.579426407814026,22.076074182987213,14.075086295604706,6.465139985084534,107.0,81.0,negative,9406.57598413
9406.57598413,18.57579666376114,18.07599079608917,14.395105361938477,5.715398848056793,124.0,66.0,negative,9350.15952418
9350.15952418,20.01276159286499,19.9324209690094,20.928139209747314,9.64425677061081,125.0,70.0,negative,9280.13378606
9280.13378606,28.7263942360878,25.517047703266144,27.12645483016968,1.704925715923309,206.0,104.0,positive,9328.77614063
9328.77614063,25.3493612408638,28.140355229377747,30.08626878261566,5.53831273317337,179.0,69.0,negative,9311.51771825
9311.51771825,16.523248732089996,4.114809811115265,28.2932687997818,0.8143246173858643,140.0,12.0,positive,9331.22394973
9331.22394973,24.601926267147064,24.448868572711945,30.688519537448883,4.543039739131928,191.0,68.0,negative,9325.93053152
9325.93053152,19.53867942094803,24.626072347164158,17.370272874832153,4.947033166885376,128.0,65.0,positive,9328.32196695
9328.32196695,19.25710111856461,20.94988453388214,16.19721293449402,10.681197702884674,157.0,97.0,negative,9295.84778037
9295.84778037,13.877757132053375,22.58778154850006,25.254156708717343,9.229410231113434,157.0,78.0,positive,9313.70146271
9313.70146271,27.852470576763157,22.108960330486298,21.47349637746811,4.583824455738068,151.0,55.0,negative,9313.61034868
9313.61034868,15.67222374677658,17.703674614429474,14.559861540794373,4.603036224842072,105.0,52.0,negative,9291.96307935
9291.96307935,10.434263944625854,15.55552190542221,9.692192912101746,0.7021879553794861,88.0,34.0,positive,9298.88217459
9298.88217459,13.569622337818146,17.364219427108765,12.630690217018127,0.7744615077972412,91.0,56.0,negative,9277.45964585
9277.45964585,12.996904134750366,11.86638844013214,11.231666207313538,1.4797927141189575,84.0,33.0,negative,9132.53616199
9132.53616199,20.446123003959656,16.07291167974472,20.90863710641861,2.481010735034942,140.0,121.0,positive,9150.66198084
9150.66198084,12.698563396930696,15.421029150485992,6.031393647193909,2.4517881274223328,86.0,34.0,positive,9155.46342373
9155.46342373,5.704964816570282,14.194567143917084,5.6476587653160095,0.7456175684928894,69.0,45.0,positive,9189.42831985
9189.42831985,17.412628293037415,7.831558108329773,15.355590760707855,2.341556966304779,100.0,30.0,negative,9187.11383984
9187.11383984,11.77528178691864,11.125731587409971,8.723202288150787,0.7774506211280823,92.0,25.0,positive,9218.32286968
9218.32286968,11.23045825958252,14.828329920768738,18.03769600391388,3.4209861159324646,86.0,76.0,negative,9218.32286968
9218.32286968,15.449331641197205,14.090040028095244,11.477645456790924,2.4295908212661743,87.0,56.0,negative,9206.26986297
9206.26986297,15.868219375610352,12.745291709899902,12.289239466190338,2.288139522075653,96.0,38.0,positive,9224.64189631
9224.64189631,13.792537808418274,18.78984272480011,10.56042993068695,3.198882579803467,92.0,52.0,negative,9224.64189631
9224.64189631,21.66482084989548,17.74897211790085,18.18538159132004,7.323412239551544,136.0,69.0,negative,9224.64189631
9224.64189631,21.27597522735596,29.0093355178833,19.3750017285347,7.26272040605545,142.0,95.0,positive,9244.82064857
9244.82064857,35.226500511169434,25.791259765625,32.21772837638855,13.715832829475405,252.0,92.0,negative,9231.5811013
9231.5811013,22.91498613357544,22.036741077899933,20.557355880737305,8.566093921661377,173.0,72.0,positive,9306.55812368
9306.55812368,24.399637937545776,28.95003479719162,14.605663418769836,4.828197002410889,181.0,72.0,negative,9282.53463318
9282.53463318,23.27014023065567,36.85952460765839,27.27435874938965,11.532218515872955,185.0,94.0,negative,9271.69399606
9271.69399606,19.58598101139069,27.563443541526794,20.17523592710495,7.159720659255981,150.0,86.0,positive,9296.41063727
9296.41063727,15.064221262931824,15.98505300283432,11.723214447498322,6.508368611335754,119.0,52.0,negative,9292.36838624
9292.36838624,18.93671584129333,5.442853808403015,19.472151398658752,1.5154089331626892,146.0,30.0,positive,9304.13439005
9304.13439005,16.95037066936493,18.62155675888061,15.15174388885498,3.3899084329605103,108.0,68.0,negative,9283.43960665
9283.43960665,17.510902285575867,30.01047205924988,15.816916644573212,8.128172934055328,118.0,79.0,negative,9260.99499378
9260.99499378,14.703876256942747,22.619684755802155,13.300710797309875,3.357478976249695,104.0,55.0,positive,9296.16033214
9296.16033214,11.4588024020195,21.285734236240387,10.986100137233734,3.972374677658081,84.0,65.0,negative,9276.15579272
9276.15579272,7.703707218170166,24.08111023902893,7.281966030597687,3.456178367137909,59.0,71.0,negative,9263.6146033
9263.6146033,3.890314340591431,33.20121067762375,11.283671498298643,4.89838320016861,57.0,91.0,positive,9266.98479185
9266.98479185,13.526459157466888,39.84578102827072,12.633625149726868,1.7409510612487793,88.0,105.0,positive,9267.5735955
9267.5735955,12.131364226341248,14.586910665035248,10.25091165304184,2.5097537636756897,70.0,41.0,negative,9238.76360618
9238.76360618,6.823774576187134,25.22978186607361,8.586446702480316,1.479054629802704,59.0,46.0,negative,9219.51457985
9219.51457985,6.366132438182831,3.9889692664146414,8.831007599830627,2.3937031030654907,58.0,29.0,negative,9152.1211095
9152.1211095,11.777993083000185,14.18182748556137,14.083208203315737,6.945512115955353,90.0,65.0,negative,9146.49735688
9146.49735688,8.3836669921875,7.752756893634796,19.08775418996811,5.604674339294434,82.0,33.0,positive,9208.17018507
9208.17018507,11.195327281951904,12.2020063996315,11.26321792602539,3.986156940460205,83.0,60.0,positive,9215.5784826
9215.5784826,4.500820219516754,16.345846831798553,6.495487630367279,10.708430767059326,68.0,58.0,negative,9187.92523049
9187.92523049,11.598728001117706,18.88594192266464,12.987688660621645,8.017714381217957,84.0,72.0,positive,9201.33934461
9201.33934461,10.897606194019318,13.882077276706696,9.578250586986542,4.838566899299622,91.0,59.0,negative,9177.90495405
9177.90495405,10.46132516860962,28.59030455350876,11.8866308927536,8.767015397548676,82.0,79.0,negative,9123.42008318
9123.42008318,19.564031958580017,19.19473969936371,23.439615309238437,5.582087457180023,172.0,113.0,positive,9159.56964284
9159.56964284,27.34227728843689,32.76841688156128,27.44210439920425,9.514199018478394,184.0,114.0,negative,9158.58717796
9158.58717796,25.416201293468475,10.533179700374603,19.44824463129044,4.911997735500336,170.0,45.0,negative,9157.82730068
9157.82730068,23.16746610403061,2.531782805919647,21.280625343322757,0.0,150.0,4.0,negative,9153.14797652
9153.14797652,13.735597550868988,32.95239984989166,10.64661431312561,11.114981651306152,119.0,98.0,positive,9161.9986544
9161.9986544,30.60086941719055,28.3247030377388,20.486720383167267,7.464593529701233,184.0,76.0,positive,9192.23923706
9192.23923706,16.788385808467865,33.072165846824646,12.818238377571106,5.054065644741058,120.0,98.0,positive,9195.99722256
9195.99722256,22.31111031770706,25.07266128063202,16.656353294849396,9.927286744117737,129.0,87.0,negative,9183.00315094
9183.00315094,8.481868863105774,22.08363002538681,18.77626341581345,8.999244749546051,104.0,67.0,negative,9162.91760386
9162.91760386,11.337549567222595,29.39228093624115,15.819150984287262,5.295585691928864,129.0,63.0,positive,9197.74685132
9197.74685132,12.72749662399292,16.912931084632874,21.879726111888885,2.4202884435653687,95.0,51.0,negative,9145.43245876
9145.43245876,11.417536854743958,14.508193612098694,16.855566203594208,4.817401230335236,112.0,41.0,positive,9145.69699841
9145.69699841,9.591796576976776,11.830600440502169,10.757072508335114,7.173896133899689,91.0,41.0,positive,9172.21370773
9172.21370773,15.844977736473083,12.177100121974943,17.652039170265198,3.2896432876586914,96.0,36.0,negative,9163.79012712
9163.79012712,7.063628196716309,3.903028309345245,12.079843997955322,0.7988824844360352,86.0,20.0,positive,9165.23196269
9165.23196269,4.982496023178101,8.25162959098816,14.978752672672272,2.4786750078201294,66.0,31.0,positive,9184.94967762
9184.94967762,8.186507761478424,17.919277608394623,11.42485284805298,7.256512403488159,75.0,61.0,negative,9174.78792448
9174.78792448,4.776718854904175,18.315137207508087,11.187132358551024,0.9765215516090392,69.0,50.0,positive,9181.24623644
9181.24623644,10.669962882995604,9.827319324016573,15.900664150714874,1.766185641288757,84.0,31.0,positive,9182.41872918
9182.41872918,8.34113335609436,14.25799322128296,13.688877046108246,4.376108348369598,82.0,42.0,negative,9171.92208576
9171.92208576,10.630388677120209,13.84802496433258,13.622065961360931,6.069544017314911,84.0,54.0,negative,9166.45344867
9166.45344867,9.307386338710783,22.656790137290955,13.035921156406404,4.8903695940971375,89.0,95.0,positive,9167.48195616
9167.48195616,11.384092926979063,17.6253901720047,16.746467173099518,5.871094346046448,104.0,64.0,negative,9156.70872159
9156.70872159,12.874578535556791,26.4129518866539,11.192785739898682,6.393814563751221,111.0,80.0,negative,9154.98985192
9154.98985192,12.955278217792513,19.75252240896225,15.975798726081848,4.732808291912079,104.0,86.0,positive,9155.56930161
9155.56930161,16.49030703306198,29.16732496023178,17.19419574737549,5.778162240982056,139.0,71.0,negative,9110.62245251
9110.62245251,19.25970685482025,20.35572838783264,19.480152130126957,4.492840528488159,116.0,62.0,negative,9094.75914783
9094.75914783,23.30868029594421,27.07254058122635,17.00691431760788,2.341529428958893,133.0,70.0,positive,9125.02373008
9125.02373008,6.516470730304718,18.51317775249481,19.42355018854141,2.3979967832565308,105.0,52.0,negative,9022.19475645
9022.19475645,22.25909650325775,20.359301030635837,21.124691486358643,5.677956819534302,141.0,303.0,positive,9022.89647447
9022.89647447,20.321144104003903,22.78522366285324,29.01887720823288,5.28019505739212,187.0,55.0,positive,9029.47191459
9029.47191459,16.072331488132477,24.0595600605011,25.685201168060303,3.1421099305152893,169.0,109.0,positive,9032.83710417
9032.83710417,19.71848475933075,24.87856948375702,17.93051052093506,2.3938133120536804,142.0,64.0,positive,9045.39095672
9045.39095672,22.777264297008514,34.80827736854553,21.42457747459412,0.965719997882843,182.0,79.0,negative,9026.04784045
9026.04784045,28.67777293920517,24.27377450466156,17.338998019695282,4.8405280113220215,160.0,68.0,negative,9023.83766735
9023.83766735,15.694567799568176,22.12936145067215,19.17339724302292,2.9891358017921448,109.0,56.0,positive,9026.41955531
9026.41955531,23.772360920906067,20.35619270801544,17.496501445770264,4.002022087574005,161.0,60.0,negative,9016.72267474
9016.72267474,12.965671479701996,19.95609021186829,18.981471478939056,8.240031123161316,108.0,62.0,negative,9004.30961332
9004.30961332,18.91740822792053,12.038409411907196,11.36814147233963,6.320631682872772,85.0,43.0,positive,9009.95064625
9009.95064625,11.595141291618347,12.599056720733644,13.726347506046295,6.740520119667053,104.0,38.0,positive,9059.39730927
9059.39730927,7.28868556022644,14.596140563488008,10.736638188362122,2.2967409491539,65.0,40.0,negative,9032.98755385
9032.98755385,14.670641422271729,19.72249066829681,11.704396843910216,0.8180813193321228,93.0,43.0,positive,9061.3075034
9061.3075034,19.66300302743912,21.62692892551422,15.7392555475235,2.4867828488349915,103.0,63.0,positive,9091.42691973
9091.42691973,12.59276431798935,19.455929219722748,11.693001508712769,2.3795917630195618,89.0,36.0,negative,9076.66305712
9076.66305712,13.026554703712463,19.983086228370667,9.895865321159365,3.2761467695236206,89.0,57.0,negative,9053.19172615
9053.19172615,18.39410388469696,11.46304166316986,13.528977990150452,0.7254665493965149,107.0,40.0,negative,9052.98085613
9052.98085613,15.074280321598051,19.226717054843903,13.56357765197754,2.3270183205604558,110.0,56.0,positive,9058.61285409
9058.61285409,15.282736659049988,25.66772156953812,15.082068502902985,3.475011169910431,111.0,66.0,positive,9158.31812326
9158.31812326,18.287624716758728,11.489297449588776,25.08121103048325,0.0,133.0,81.0,negative,9142.22628122
9142.22628122,18.465092301368717,35.09695726633072,19.173227429389957,10.09300661087036,117.0,96.0,positive,9150.12797612
9150.12797612,18.31561368703842,25.60110116004944,27.08261835575104,3.2163665890693665,149.0,63.0,negative,9149.09206705
9149.09206705,16.36199712753296,27.432279765605927,23.25434535741806,3.836391925811768,129.0,74.0,positive,9150.80869204
9150.80869204,14.32318890094757,27.54445880651474,16.516130089759827,4.5470240116119385,114.0,87.0,negative,9135.93944536
9135.93944536,20.641942977905277,20.6076055765152,19.00000286102295,6.064637303352356,142.0,64.0,negative,9129.18346211
9129.18346211,20.6949725151062,28.854105532169346,16.58515775203705,7.585594415664673,153.0,81.0,positive,9130.15857251
9130.15857251,30.01460200548172,29.56133371591568,23.64292985200882,4.801408767700195,165.0,95.0,negative,9127.83928067
9127.83928067,19.128413438797,28.087580919265747,13.046624064445496,3.866369903087616,134.0,72.0,positive,9143.58219104
9143.58219104,18.03365868330002,26.04773330688477,15.484507620334623,4.272140383720398,121.0,84.0,negative,9111.89039134
9111.89039134,16.85930585861206,21.21070569753647,30.164709746837616,2.3555318117141724,142.0,65.0,positive,9143.06693344
9143.06693344,18.87827491760254,10.50470507144928,16.21855789422989,0.8911114931106567,122.0,32.0,negative,9126.68498118
9126.68498118,21.275851547718048,36.96891349554062,19.828491866588596,6.702583849430084,125.0,103.0,positive,9131.12836262
9131.12836262,17.330932676792145,25.790351927280422,14.031002044677734,9.8819762468338,94.0,83.0,negative,9108.2326004
9108.2326004,6.89085841178894,21.45641177892685,9.754192471504211,2.4774529933929443,73.0,57.0,positive,9118.82926514
9118.82926514,12.101618885993958,20.27731168270111,16.157298743724823,3.0508503913879395,89.0,56.0,negative,9104.35001235
9104.35001235,12.160792291164398,7.345942497253418,12.283090949058533,2.336783766746521,92.0,35.0,positive,9130.33987835
9130.33987835,9.460002422332764,18.12270140647888,9.656515955924988,4.139325559139252,84.0,44.0,negative,9080.31914675
9080.31914675,10.398479342460632,11.961452782154083,14.920940816402435,2.668194830417633,81.0,40.0,positive,9162.41787463
9162.41787463,15.275835514068604,21.96585023403168,10.544311046600342,2.339705228805542,89.0,51.0,negative,9113.06873805
9113.06873805,12.455163657665253,26.048632740974423,15.818996787071228,2.2972564697265625,91.0,57.0,negative,9086.15831077
9086.15831077,15.426206409931185,43.89224171638489,11.44568246603012,2.6186474561691284,92.0,95.0,positive,9101.96031477
9101.96031477,14.921704828739166,77.65463000535965,11.950638055801392,5.2959683537483215,116.0,151.0,negative,9062.8977565
9062.8977565,21.378753304481503,44.99654597043991,16.308383762836456,6.094115853309631,133.0,115.0,positive,9072.31106895
9072.31106895,17.047678470611572,27.11309498548508,24.192312002182007,10.573982119560242,154.0,96.0,positive,9108.22540846
9108.22540846,19.132758378982544,47.53900599479675,20.459232330322266,9.244523227214811,154.0,121.0,negative,9098.64558621
9098.64558621,23.764748573303223,54.43863493204117,23.393181562423703,5.762229979038239,168.0,150.0,positive,9152.05891686
9152.05891686,16.359942138195038,58.19230800867081,17.750564634799957,9.324633777141573,132.0,147.0,negative,9137.37693481
9137.37693481,14.689428329467772,49.70158249139786,24.420161187648773,3.095958709716797,122.0,118.0,positive,9157.09044734
9157.09044734,24.224732100963596,48.67224234342575,24.50213724374771,7.58504581451416,156.0,111.0,positive,9174.87480588
9174.87480588,17.582490146160126,31.21733468770981,27.61377263069153,12.517439782619476,131.0,116.0,positive,9221.14599103
9221.14599103,27.75122934579849,31.19763892889023,22.22575783729553,4.081812560558319,174.0,110.0,negative,9196.45157872
9196.45157872,19.76688539981842,31.307502567768097,18.668319165706635,4.026871681213379,135.0,68.0,negative,9190.85446467
9190.85446467,23.991054713726044,17.46568125486374,19.61245024204254,2.6721325516700745,158.0,48.0,negative,9170.22800253
9170.22800253,14.841720759868622,15.84549230337143,10.77749639749527,9.980378031730652,105.0,60.0,positive,9176.27775707
9176.27775707,9.414214611053469,18.32027167081833,10.170198440551758,1.858511745929718,77.0,58.0,negative,9165.22764924
9165.22764924,14.223825871944427,17.875127255916595,17.256364166736603,8.31224536895752,104.0,61.0,negative,9160.93460653
9160.93460653,13.639924168586733,14.660372376441956,22.14437645673752,7.1187750697135925,107.0,53.0,negative,9156.86480438
9156.86480438,12.674620389938354,19.71713584661484,4.855621933937073,5.896378815174103,80.0,62.0,negative,9133.62004085
9133.62004085,13.854518949985504,21.85708475112915,11.50359982252121,1.679905891418457,92.0,66.0,negative,9132.52807849
9132.52807849,7.054355502128601,15.365752160549164,13.2681605219841,7.686130523681641,84.0,56.0,positive,9132.88806658
9132.88806658,15.608139216899872,17.136684715747833,9.129177451133728,3.306550145149231,73.0,46.0,positive,9140.23545382
9140.23545382,5.645403027534485,11.975840628147123,10.512098789215088,5.685299336910248,83.0,35.0,positive,9177.98252335
9177.98252335,0.8950543403625488,5.60833340883255,1.5661591291427612,2.449336886405945,17.0,13.0,negative,9143.59795326
9143.59795326,14.67897802591324,3.839263558387756,6.465416550636292,3.241310954093933,68.0,22.0,positive,9175.56585619
9175.56585619,11.84691172838211,19.407357156276703,15.462060511112211,5.496346294879913,92.0,53.0,negative,9134.83959774
9134.83959774,13.812336802482603,34.03598761558533,13.14532709121704,8.23011440038681,97.0,107.0,negative,9132.45662439
9132.45662439,15.644136488437653,39.33834999799728,30.170793533325195,11.012108206748962,169.0,136.0,positive,9161.90610318
9161.90610318,26.13172167539597,79.28295880556107,12.8523331284523,10.275485396385193,137.0,187.0,negative,9156.88060894
9156.88060894,20.236056089401245,68.94059842824936,13.03716230392456,9.224846601486206,149.0,185.0,positive,9175.19753498
9175.19753498,15.123547911643982,30.60032534599304,17.06955659389496,8.291069090366364,119.0,78.0,negative,9137.65674096
9137.65674096,19.682709991931915,15.26170426607132,21.61897373199463,1.4985604882240295,145.0,40.0,negative,9132.42993327
9132.42993327,15.184762597084044,31.248030483722687,16.3615602850914,6.925126612186432,107.0,83.0,positive,9191.10290839
9191.10290839,34.21329349279404,43.75050365924835,13.488582968711851,2.5510011315345764,163.0,109.0,negative,9132.76074798
9132.76074798,15.086954295635223,21.011935710906982,25.977451741695404,4.244560897350311,158.0,72.0,positive,9162.64311253
9162.64311253,13.79171770811081,22.223086416721344,24.63608294725418,2.4723616242408752,132.0,66.0,negative,9124.83374352
9124.83374352,16.160018861293793,28.08812075853348,22.23414778709412,3.2217519879341125,137.0,78.0,positive,9137.99340026
9137.99340026,12.894767940044405,26.29466199874878,11.684426188468931,5.36944580078125,91.0,67.0,negative,9111.78593552
9111.78593552,6.299782514572144,22.131657302379608,8.077107608318329,4.01985377073288,66.0,79.0,negative,9111.72052399
9111.72052399,10.854771733283997,10.548686981201172,4.063121378421784,5.094876646995544,62.0,40.0,positive,9123.9504825
9123.9504825,11.779935657978058,9.05177754163742,3.2547304034233093,3.2629799246788025,58.0,39.0,negative,9115.78108586
9115.78108586,3.196576058864593,19.278060972690582,8.574093461036682,1.6395045518875122,58.0,49.0,positive,9155.58996591
9155.58996591,5.514705002307892,11.523447394371033,5.29350620508194,0.8597378134727478,41.0,30.0,negative,9142.13721419
9142.13721419,8.148452877998352,11.236755430698397,5.680197596549988,4.070095181465149,55.0,37.0,positive,9175.42613805
9175.42613805,10.46686863899231,11.107966363430023,3.6878097653388977,3.171932280063629,57.0,39.0,negative,9170.69579578
9170.69579578,11.62757933139801,11.98139065504074,9.674364030361176,4.818473637104034,66.0,43.0,negative,9165.90743626
9165.90743626,13.831855952739716,10.978621542453766,10.056835770606996,2.444765746593476,73.0,50.0,negative,9146.06646182
9146.06646182,6.468620717525482,14.532594621181488,6.6456907987594604,1.9487642049789429,59.0,51.0,negative,9143.22267464
9143.22267464,18.45995444059372,18.12421190738678,12.309946238994598,6.530336558818817,92.0,79.0,positive,9169.54551535
9169.54551535,10.723908126354218,18.533737003803253,11.111514389514925,6.429194211959839,84.0,69.0,positive,9170.73897051
9170.73897051,15.32729423046112,29.48191809654236,16.67356777191162,6.540820956230164,96.0,105.0,positive,9228.85078695
9228.85078695,16.503147840499878,41.68098950386048,14.059454321861269,7.830998241901398,103.0,127.0,negative,9222.44985299
9222.44985299,20.720260083675385,46.193599343299866,17.36885666847229,3.288266122341156,127.0,112.0,positive,9242.39858899
9242.39858899,20.966329395771027,28.176014959812164,18.05877548456192,4.873019278049469,156.0,78.0,positive,9274.83694907
9274.83694907,11.66362190246582,43.26296758651733,22.61156004667282,2.411037802696228,112.0,110.0,positive,9290.34542823
9290.34542823,21.596198678016663,27.484227061271667,17.166223883628845,3.327685832977295,123.0,71.0,negative,9244.48967622
9244.48967622,26.17544597387314,12.751564979553224,14.698499619960783,3.070425748825073,149.0,42.0,positive,9248.80023588
9248.80023588,22.091062247753143,27.63843721151352,14.944061875343325,6.296070575714111,123.0,99.0,negative,9237.96484242
9237.96484242,13.991256713867188,44.46879142522812,9.893669068813324,10.48760575056076,103.0,97.0,negative,9235.83424745
9235.83424745,13.165037274360657,26.87914764881134,14.608249366283417,9.59443974494934,95.0,72.0,negative,9234.85223944
9234.85223944,12.094427168369291,27.57699364423752,9.95591801404953,5.960203468799591,74.0,97.0,negative,9231.13965322
9231.13965322,17.47432231903076,25.95682269334793,11.187742412090302,6.660731375217438,99.0,76.0,negative,9228.75461658
9228.75461658,16.601922035217285,25.6437126994133,11.41072791814804,4.903123795986176,99.0,68.0,positive,9232.30173986
9232.30173986,17.612442076206207,23.833812296390533,8.462028324604034,3.1334587931633,71.0,66.0,positive,9236.09697898
9236.09697898,13.44454288482666,12.374763429164886,6.553979396820068,6.306656301021576,68.0,44.0,negative,9230.57562437
9230.57562437,14.319848358631134,15.834847569465635,12.922695577144625,4.358839333057404,78.0,51.0,negative,9228.91390576
9228.91390576,12.202744007110596,8.644667267799377,6.930015981197357,0.7072759866714478,84.0,47.0,positive,9252.02860912
9252.02860912,10.688539922237396,14.198138952255247,9.980908453464508,0.7343800067901611,69.0,50.0,negative,9219.97192104
9219.97192104,8.934208631515503,13.121964991092682,7.987730920314789,2.328795373439789,82.0,41.0,positive,9247.97120808
9247.97120808,10.710654437541962,13.155163526535034,12.845509231090546,6.528110504150391,81.0,51.0,negative,9215.56077132
9215.56077132,7.304460287094116,18.78803819417953,4.23406046628952,0.7603045701980591,53.0,53.0,positive,9221.7410231
9221.7410231,5.509568154811859,12.54372775554657,4.292376756668091,1.8471028804779053,62.0,38.0,positive,9223.69892298
9223.69892298,7.108433723449707,21.447657585144043,5.863766014575958,3.392336249351501,65.0,47.0,negative,9201.98771073
9201.98771073,12.205248773097992,20.17804777622223,6.798494756221771,4.18213164806366,81.0,61.0,positive,9260.42712671
9260.42712671,22.04064035415649,11.877297759056091,5.276791453361511,3.7238208651542655,76.0,38.0,negative,9254.91371145
9254.91371145,8.038273513317108,28.414795339107517,8.20492559671402,11.661612510681152,71.0,94.0,negative,9226.38064846
9226.38064846,12.34355229139328,33.265816152095795,23.585542500019077,6.000644147396088,146.0,120.0,negative,9112.04303008
9112.04303008,22.64586514234543,60.21848654747009,23.960780143737797,6.461192488670349,152.0,272.0,negative,9078.56684246
9078.56684246,21.62483048439026,46.90626537799835,17.13533979654312,8.196631729602814,143.0,218.0,positive,9106.43874761
9106.43874761,28.371220111846924,60.56571871042252,18.770413875579838,8.532151877880096,152.0,153.0,negative,9091.51573582
9091.51573582,13.331138849258425,53.99854737520218,20.857961297035217,4.946656465530396,111.0,136.0,negative,9080.53747228
9080.53747228,20.12255704402924,33.917374670505524,12.65091472864151,3.0013985633850098,123.0,94.0,positive,9109.41631443
9109.41631443,23.03782081604004,25.59908837080002,19.937068700790405,9.27551919221878,145.0,82.0,positive,9136.61613391
9136.61613391,19.28418892621994,19.26704144477844,34.008460223674774,5.2575523853302,174.0,73.0,positive,9141.19439614
9141.19439614,18.800544798374176,31.8496887087822,16.183659434318542,8.080138385295868,144.0,85.0,negative,9124.84264611
9124.84264611,15.447732269763948,32.15793591737747,7.65017569065094,4.055563390254974,98.0,82.0,positive,9133.61953062
9133.61953062,14.016778588294985,36.23064702749252,12.3440483212471,4.471557319164276,99.0,85.0,positive,9150.83187948
9150.83187948,14.057726740837095,36.86249625682831,21.01279878616333,3.984877049922943,104.0,90.0,negative,9127.62413849
9127.62413849,12.20211100578308,24.129236698150635,18.567289233207703,5.661791145801544,112.0,76.0,negative,9116.76292929
9116.76292929,15.607305943965912,30.770422518253326,10.031717360019684,0.0,77.0,69.0,negative,9107.20522032
9107.20522032,7.302576541900635,22.358786523342133,17.092722594738007,5.113388180732727,85.0,64.0,positive,9124.0143261
9124.0143261,14.621530175209044,11.786823272705078,8.817778587341309,3.224674940109253,87.0,42.0,negative,9110.53340318
9110.53340318,13.68916767835617,24.225692451000214,8.298960566520691,6.627473533153534,71.0,80.0,positive,9112.31937163
9112.31937163,18.789479672908783,17.965881824493408,13.5882026553154,6.866209387779236,93.0,62.0,negative,9104.16439303
9104.16439303,11.181398153305054,18.716160893440247,10.019587695598602,0.740858256816864,81.0,45.0,negative,9085.76181835
9085.76181835,10.465248942375185,20.310654997825623,11.087495982646942,5.12809032201767,80.0,68.0,negative,9077.01280766
9077.01280766,16.07749032974243,31.77502077817917,14.54854965209961,5.745822906494141,97.0,88.0,positive,9089.99923777
9089.99923777,17.15550136566162,27.892671048641205,23.827839016914368,6.489657640457153,145.0,69.0,positive,9106.1350445
9106.1350445,23.20302563905716,22.30352485179901,14.103494048118591,9.278911828994753,118.0,81.0,positive,9132.07996186
9132.07996186,13.338285863399506,27.655226290225983,16.47344571352005,3.1459306478500366,104.0,81.0,negative,9090.44651858
9090.44651858,20.887089252471924,40.88298779726029,8.7626394033432,4.6980339884758,101.0,93.0,positive,9112.83978914
9112.83978914,16.812167704105377,32.38908094167709,11.93068277835846,4.717744708061218,101.0,77.0,negative,9093.6623734
9093.6623734,12.125614881515505,21.298708617687225,13.60201382637024,4.266472518444061,123.0,60.0,positive,9096.75295397
9096.75295397,13.733414769172668,18.82232391834259,12.69563776254654,3.022622048854828,105.0,58.0,negative,9087.54443664
9087.54443664,10.806543588638306,44.14620107412338,10.359514355659485,4.623911798000336,78.0,92.0,positive,9092.28791431
9092.28791431,15.42328679561615,35.53709131479263,10.054615199565887,5.326533317565918,86.0,80.0,positive,9094.41520746
9094.41520746,16.433398962020874,33.21491312980652,5.416546940803528,4.938562393188477,84.0,79.0,negative,9093.98166374
9093.98166374,11.013038456439972,27.39684253931045,12.503598392009737,7.477389395236969,92.0,74.0,negative,9076.55498528
9076.55498528,9.709255576133728,17.00769203901291,6.253542482852936,4.819317817687988,67.0,42.0,positive,9084.23373428
9084.23373428,11.157838881015778,13.080352783203123,8.432791829109192,3.577869176864624,86.0,41.0,negative,9077.90591134
9077.90591134,6.512996315956116,18.066986441612244,10.337392628192902,6.342170119285584,73.0,56.0,positive,9097.85491463
9097.85491463,7.486235618591309,17.10119241476059,4.700381398200989,0.0,56.0,44.0,negative,9069.36939569
9069.36939569,9.656895577907562,16.045368909835815,9.084697604179382,1.6105458736419678,53.0,48.0,positive,9077.76036034
9077.76036034,7.579610824584961,13.088991343975067,7.126139044761658,2.9920302033424377,45.0,37.0,positive,9078.40741739
9078.40741739,0.0,15.070598244667051,0.8220540285110474,0.7892219424247742,31.0,35.0,negative,9066.13789793
9066.13789793,3.150138914585113,9.067622661590576,3.3616002202034,5.813321590423584,34.0,30.0,negative,9060.70683182
9060.70683182,11.586435794830322,17.79381400346756,7.087921500205994,1.6731823682785034,68.0,47.0,negative,9057.44466074
9057.44466074,20.252911508083344,11.440678477287292,11.563122749328612,0.8934969305992126,96.0,28.0,positive,9062.44333469
9062.44333469,23.72633635997772,14.661698877811432,18.317428648471832,1.6454124450683594,112.0,34.0,negative,9060.84855654
9060.84855654,15.795450270175934,16.857173264026642,4.051886975765228,5.668532967567444,68.0,43.0,negative,9055.81115861
9055.81115861,9.277955532073976,16.285799503326416,4.784481227397919,1.761642038822174,53.0,30.0,positive,9063.38910816
9063.38910816,17.083411633968353,11.506004095077516,7.571362376213074,0.8448084592819214,83.0,25.0,positive,9064.83287537
9064.83287537,8.419433951377869,30.220370173454285,9.930373311042786,1.4548593163490295,77.0,57.0,positive,9079.06694454
9079.06694454,11.44987154006958,23.250272035598755,20.13295155763626,5.528898775577545,86.0,60.0,negative,9066.98410251
9066.98410251,17.349775552749634,23.47143852710724,9.964724004268646,1.6862327456474304,83.0,65.0,negative,9056.92253819
9056.92253819,19.361499905586243,17.799123287200928,12.977472364902496,6.723826289176941,97.0,63.0,positive,9064.00066669
9064.00066669,15.056975245475767,29.243051946163177,22.20876806974411,6.705206573009491,107.0,86.0,positive,9163.54148404
9163.54148404,17.509195148944855,21.975010216236115,16.233160078525543,5.460621774196625,114.0,114.0,negative,9130.32704006
9130.32704006,31.31567186117172,31.957778573036197,21.858676970005035,5.547966480255127,152.0,73.0,negative,9129.15575461
9129.15575461,16.481987297534943,24.78601622581482,15.765829741954803,4.188773453235626,118.0,77.0,positive,9133.71307184
9133.71307184,12.123438596725464,14.906937658786774,15.6968994140625,4.822645366191864,110.0,45.0,negative,9125.83014072
9125.83014072,8.862293481826782,18.42012453079224,7.918569624423981,2.451135516166687,82.0,53.0,negative,9115.57665418
9115.57665418,8.782043397426605,13.965969920158386,13.021744191646576,1.7231940627098083,86.0,35.0,positive,9132.48795051
9132.48795051,10.843930125236511,17.23893576860428,11.982033729553224,8.12686002254486,85.0,44.0,positive,9139.88275373
9139.88275373,10.898280799388884,9.047868311405182,2.568076491355896,3.3160996437072754,57.0,37.0,negative,9118.30112759
9118.30112759,9.80070447921753,11.486758410930634,3.620478749275208,0.9685935378074646,56.0,23.0,negative,9097.07157885
9097.07157885,8.654690265655518,13.182206451892853,4.330807268619537,5.376903533935547,47.0,46.0,positive,9100.85780664
9100.85780664,7.136604607105255,16.391386210918427,9.265067458152773,1.714633047580719,64.0,35.0,positive,9125.03561506
9125.03561506,4.5631877183914185,10.289889872074127,5.933999061584473,4.090613842010498,47.0,32.0,negative,9098.86550026
9098.86550026,5.098139643669128,5.458820581436157,3.3528804183006287,3.5036741495132446,41.0,28.0,negative,9078.38936017
9078.38936017,5.919558882713318,9.543047547340391,8.978695273399353,4.901191592216492,51.0,51.0,negative,9062.44287152
9062.44287152,12.295937359333038,15.18186902999878,7.477847337722778,0.7114158272743225,79.0,35.0,positive,9062.50133608
9062.50133608,12.52168333530426,12.133011817932127,8.707400739192963,1.800997972488403,100.0,29.0,negative,9030.8635491
9030.8635491,16.990809619426727,26.350523948669437,9.216013491153715,3.978428602218628,102.0,90.0,negative,9023.45304676
9023.45304676,13.236614525318146,30.695599496364597,10.139351904392242,5.572625637054443,103.0,65.0,positive,9041.38592097
9041.38592097,11.756910026073456,8.635557174682617,17.989354252815247,2.8242379426956177,114.0,23.0,negative,9038.95612344
9038.95612344,15.086430430412292,17.38540506362915,18.37764209508896,3.1254908442497253,118.0,54.0,negative,9016.55269751
9016.55269751,17.363954782485962,19.58468097448349,20.19355022907257,0.8373916149139404,139.0,54.0,positive,9034.95628016
9034.95628016,16.893896162509918,43.727001428604126,10.772203147411346,12.471727788448334,110.0,121.0,positive,9038.37894387
9038.37894387,18.554165482521057,35.36299782991409,15.526834428310394,10.384310960769652,136.0,109.0,positive,9043.33320782
9043.33320782,17.60107398033142,22.37460875511169,14.743736326694489,10.29175192117691,152.0,71.0,positive,9050.40360956
9050.40360956,11.148253500461578,42.14464771747589,12.442759156227112,3.2330459356307983,125.0,79.0,negative,9044.2573668
9044.2573668,9.596636831760406,40.140025198459625,12.47944861650467,4.917641460895538,75.0,103.0,negative,9038.5022304
9038.5022304,14.2223619222641,22.993453443050385,11.045521020889282,3.280576705932617,95.0,70.0,negative,9037.67704608
9037.67704608,12.66433584690094,25.21090507507324,17.108204305171967,14.396747410297394,101.0,94.0,negative,9034.0922951
9034.0922951,18.657215237617493,18.043618500232697,18.142806231975555,15.172195315361025,149.0,194.0,positive,9083.92102037
9083.92102037,24.3489682674408,18.67777156829834,13.980509459972382,3.9439310431480408,119.0,66.0,negative,9073.94286936
9073.94286936,19.595353066921238,19.041528582572937,11.724748373031616,8.583318293094635,118.0,73.0,negative,9064.1750631
9064.1750631,11.10736608505249,22.06013399362564,6.494237542152405,1.5048447847366333,77.0,61.0,positive,9077.37504191
9077.37504191,12.515851378440855,21.583738148212436,8.909635424613953,2.3353633284568787,63.0,70.0,positive,9091.05940467
9091.05940467,12.429153263568878,18.14482420682907,6.802602052688599,5.714424252510071,68.0,61.0,negative,9085.31408505
9085.31408505,19.50925844907761,16.473845660686493,14.251752316951752,8.759206533432007,98.0,60.0,positive,9093.25671162
9093.25671162,10.793950259685516,21.805413365364075,12.205008447170258,5.470678389072418,83.0,53.0,positive,9106.54177475
9106.54177475,6.50827032327652,11.991223394870758,14.47602754831314,0.0,76.0,31.0,positive,9202.39320793
9202.39320793,9.697680592536926,17.683464288711548,10.756568431854248,6.011898934841156,72.0,86.0,negative,9190.21121861
9190.21121861,13.430259585380554,19.387380123138428,9.843880414962769,7.455551445484161,68.0,67.0,negative,9170.96533379
9170.96533379,12.16311252117157,13.258013129234314,8.26695066690445,5.561778962612152,80.0,49.0,positive,9181.11524189
9181.11524189,5.074060142040253,14.249450504779816,8.870458662509918,2.419682562351227,53.0,47.0,positive,9181.31878962
9181.31878962,16.612916231155396,17.751388728618622,7.371083199977875,2.510661602020264,63.0,37.0,positive,9204.92629774
9204.92629774,13.654561638832092,18.05192995071411,7.849499940872192,1.5943657755851746,77.0,43.0,positive,9255.59270041
9255.59270041,18.779757618904117,31.617359161376957,8.620175778865814,4.996564567089081,88.0,107.0,negative,9243.68964191
9243.68964191,15.981169998645782,22.42073690891266,17.827837347984314,9.88279414176941,104.0,105.0,positive,9244.00998078
9244.00998078,17.473175883293152,23.482021629810333,13.219003915786743,10.54384970664978,130.0,88.0,positive,9274.14323889
9274.14323889,26.283358216285706,41.0670862197876,21.622488260269165,8.329444587230682,145.0,142.0,positive,9307.89877475
9307.89877475,22.95529192686081,29.99466103315353,28.2942476272583,5.847420573234558,192.0,112.0,negative,9301.78349172
9301.78349172,25.03260463476181,39.44430536031723,24.91940009593964,4.570432364940643,170.0,105.0,negative,9278.3673759
9278.3673759,25.769287049770355,17.59517627954483,22.548352360725403,22.834809243679047,151.0,100.0,negative,9273.3889398
9273.3889398,15.718944668769836,30.024616062641144,11.135429441928864,11.62665593624115,109.0,104.0,negative,9262.65183883
9262.65183883,15.786307990550997,33.91573095321655,16.501093804836273,9.227192044258118,95.0,93.0,positive,9286.91115046
9286.91115046,11.313312709331512,29.77195978164673,12.304031908512115,4.849394798278809,98.0,74.0,negative,9274.87286253
9274.87286253,20.203672111034397,22.243801295757294,9.878973126411438,3.1696231365203857,104.0,73.0,positive,9375.47475925
9375.47475925,13.304170072078705,18.060152292251587,12.862388730049132,7.409977972507477,107.0,98.0,negative,9329.63210558
9329.63210558,13.083015501499176,22.09018421173096,8.37265020608902,8.122159004211426,79.0,68.0,negative,9315.02134882
9315.02134882,11.316324234008787,34.27704280614853,11.35348516702652,4.895117282867432,109.0,75.0,negative,9277.44703833
9277.44703833,19.12600976228714,27.14080834388733,12.20495182275772,8.953416168689728,123.0,90.0,positive,9303.04529151
9303.04529151,7.769182205200195,22.701427340507507,13.281230092048643,0.9696775674819946,93.0,54.0,negative,9284.40992024
9284.40992024,19.47334170341492,17.265543341636658,6.983269155025482,4.914876699447632,77.0,52.0,negative,9272.77708771
9272.77708771,7.436249196529388,25.782862901687626,3.33495169878006,4.675575375556946,52.0,59.0,positive,9294.3431979
9294.3431979,9.609983801841736,16.141117691993713,10.011124014854431,3.4014447927474976,71.0,63.0,negative,9287.98032483
9287.98032483,11.860936880111694,17.358653128147125,9.735365688800812,1.7411770820617676,81.0,50.0,negative,9268.87957464
9268.87957464,9.685631155967712,25.82359319925308,4.265688180923462,3.931956112384796,66.0,72.0,negative,9263.01448376
9263.01448376,13.64656513929367,18.363355696201324,9.001873850822449,26.97575557231903,86.0,102.0,positive,9267.33633897
9267.33633897,18.16795265674591,14.633079707622528,6.434912323951721,2.411166310310364,89.0,31.0,negative,9266.70326024
9266.70326024,11.21738702058792,16.93877649307251,8.361577093601227,3.340752899646759,90.0,49.0,negative,9265.48609797
9265.48609797,12.988129079341888,31.584951877593998,12.15864223241806,4.040053725242615,116.0,91.0,negative,9255.63113706
9255.63113706,22.36604535579681,22.809519290924072,14.444201588630676,4.210540354251862,138.0,66.0,positive,9257.77572071
9257.77572071,15.225196421146393,40.02487075328827,18.57533210515976,5.78970730304718,123.0,82.0,positive,9272.57319453
9272.57319453,21.853456377983093,30.551873981952667,12.598581671714784,8.490016996860504,124.0,107.0,negative,9265.72483639
9265.72483639,14.458848297595978,25.182183027267456,14.833872258663176,2.253002226352692,134.0,76.0,positive,9283.25529929
9283.25529929,16.17056518793106,32.481575310230255,10.07878679037094,4.835497319698334,95.0,70.0,negative,9273.27545282
9273.27545282,17.669589698314667,23.32276749610901,13.51509326696396,6.605423271656036,127.0,80.0,negative,9250.10485746
9250.10485746,25.139710128307343,20.03740644454956,12.193596422672272,2.493133664131165,119.0,47.0,positive,9253.146689
9253.146689,12.563817858695984,23.883534491062164,18.7134867310524,2.404413938522339,120.0,61.0,negative,9250.06855979
9250.06855979,15.311066567897797,18.71936672925949,15.039407908916472,6.423732876777649,104.0,63.0,positive,9253.98236965
9253.98236965,12.209371268749235,21.360740542411804,12.312093377113342,3.977688848972321,85.0,56.0,negative,9252.27750386
9252.27750386,9.790996313095093,21.008978724479675,8.911675930023193,10.861604630947111,70.0,66.0,positive,9271.50767126
9271.50767126,10.677412450313568,22.520280361175537,18.173387706279755,4.227632820606232,76.0,59.0,positive,9293.92139529
9293.92139529,11.09976452589035,20.88193130493164,10.78303200006485,9.656074047088625,74.0,81.0,negative,9290.14612787
9290.14612787,19.00308161973953,17.65317213535309,12.06864470243454,1.5522260665893557,95.0,50.0,positive,9304.63318771
9304.63318771,12.500737965106964,19.929434537887573,9.763431131839752,10.14808213710785,89.0,71.0,negative,9270.47616916
9270.47616916,9.922045648097992,22.077702522277832,12.602131724357603,0.8395848870277405,89.0,54.0,positive,9284.41576326
9284.41576326,9.962501108646393,18.62419068813324,13.893786013126372,3.177433431148529,76.0,52.0,negative,9279.4146094
9279.4146094,12.308288395404816,17.269895136356354,7.188194811344147,3.087244272232056,67.0,56.0,negative,9271.02069226
9271.02069226,11.72360986471176,16.35549360513687,10.845025897026062,4.439935088157654,81.0,43.0,positive,9277.21239396
9277.21239396,7.863270401954651,14.202409327030182,16.058040499687195,2.4901923537254333,85.0,37.0,negative,9274.72357912
9274.72357912,8.763798296451569,28.264624774456024,14.057502627372742,5.615456461906433,87.0,60.0,positive,9295.62078675
9295.62078675,12.20266306400299,26.410170435905457,13.533458769321442,5.521191596984863,66.0,68.0,positive,9299.02326114
9299.02326114,17.198990523815155,33.913052558898926,8.874616920948029,2.3867762088775635,76.0,77.0,negative,9296.65818029
9296.65818029,13.22965157032013,19.21798419952393,13.809938490390778,7.950142085552216,96.0,91.0,positive,9404.17261582
9404.17261582,13.987064361572266,23.312124848365784,12.512646675109863,8.634871006011963,86.0,189.0,positive,9422.03045558
9422.03045558,17.124136686325073,25.441175878047943,18.69815021753311,8.975817143917084,119.0,95.0,negative,9391.34112175
9391.34112175,24.486851692199707,35.68143230676651,17.655798614025116,6.374475181102753,147.0,90.0,positive,9405.43148382
9405.43148382,20.95876282453537,53.49136573076248,13.85591745376587,8.396758198738098,132.0,139.0,positive,9407.54826274
9407.54826274,27.00061959028244,43.80581468343735,11.549844026565552,12.630001962184906,142.0,132.0,negative,9400.77435615
9400.77435615,15.02036738395691,29.100570797920227,14.97365927696228,3.3036866784095764,115.0,73.0,positive,9421.66857378
9421.66857378,18.7056782245636,25.045241236686707,15.41123193502426,10.35136616230011,138.0,84.0,positive,9430.70850524
9430.70850524,8.922373950481415,25.64957720041275,12.576998472213743,6.561995267868042,117.0,86.0,negative,9415.84836671
9415.84836671,13.11660772562027,25.081556618213654,15.16623342037201,4.524849772453308,92.0,61.0,positive,9446.52801247
9446.52801247,15.332958817481996,22.191052556037903,10.576034665107729,6.272867619991303,88.0,70.0,negative,9428.3330848
9428.3330848,15.4297194480896,20.466781795024872,7.476535201072693,3.885131597518921,90.0,78.0,negative,9409.64608236
9409.64608236,9.677350997924805,33.78632062673569,6.661048531532288,3.96053683757782,69.0,99.0,negative,9392.96658406
9392.96658406,9.84598559141159,35.46442097425461,12.92116117477417,3.4381831288337708,73.0,88.0,negative,9375.73357224
9375.73357224,8.93164610862732,11.01114159822464,15.620723962783812,2.379093050956726,81.0,52.0,positive,9377.94814094
9377.94814094,3.9437950253486633,10.586257874965668,18.01860612630844,1.7811101078987122,77.0,30.0,positive,9382.93317297
9382.93317297,15.567459881305696,14.653267502784727,13.318085253238678,1.587713897228241,85.0,35.0,positive,9389.84574278
9389.84574278,14.341014623641968,18.571299374103543,13.087060868740082,3.062098801136017,96.0,49.0,positive,9401.3824883
9401.3824883,6.319653451442719,17.957516133785248,14.264637887477877,2.5768491625785828,77.0,56.0,negative,9397.48019953
9397.48019953,6.225373983383179,7.138867974281311,5.372407495975494,3.405909538269043,55.0,26.0,negative,9390.28044934
9390.28044934,6.5542343854904175,22.222730457782745,20.33582961559296,3.4724611043930054,85.0,58.0,negative,9380.01977529
9380.01977529,10.709022223949432,17.52461338043213,13.951101899147034,1.6075246334075928,95.0,41.0,negative,9368.35691901
9368.35691901,12.615539371967316,17.67930692434311,12.564924001693726,2.247171938419342,72.0,54.0,positive,9383.32786631
9383.32786631,20.300667226314545,12.348337352275848,13.347663342952728,10.603408455848694,117.0,54.0,positive,9414.80370312
9414.80370312,18.705215275287628,13.784693837165833,11.47476291656494,0.706689178943634,111.0,47.0,negative,9377.99329271
9377.99329271,22.17154109477997,13.54968237876892,14.754098236560822,6.105867028236389,140.0,56.0,negative,9342.67923938
9342.67923938,16.405017256736755,39.0808430314064,16.35026526451111,7.295304536819458,133.0,148.0,negative,9261.58421599
9261.58421599,16.60685133934021,26.11780136823654,15.492677688598633,12.10748130083084,140.0,228.0,negative,9246.36940085
9246.36940085,32.32213193178177,39.86036998033524,15.678708732128143,4.555886268615723,191.0,102.0,negative,9245.05863628
9245.05863628,20.10696703195572,20.586373448371887,20.80143475532532,3.32754784822464,167.0,68.0,positive,9250.63867408
9250.63867408,22.306011617183685,38.23648625612259,16.529625296592712,6.491705536842346,173.0,101.0,negative,9244.23073098
9244.23073098,24.074746310710907,30.17298233509064,9.870493412017822,11.47196614742279,147.0,85.0,positive,9260.10676523
9260.10676523,27.542528986930847,23.84192264080048,11.45486569404602,9.658498287200928,162.0,72.0,positive,9266.44584549
9266.44584549,19.5570365190506,21.118342399597168,13.413661897182465,4.773790419101715,155.0,68.0,positive,9297.91294965
9297.91294965,12.99795514345169,22.621995985507965,13.098890781402588,1.5042351484298706,118.0,48.0,negative,9277.96790642
9277.96790642,17.187292754650116,17.01039981842041,10.246137261390686,3.406439960002899,128.0,48.0,negative,9248.40413173
9248.40413173,14.831813514232635,24.985566079616547,12.875278651714323,1.6231243014335632,116.0,61.0,positive,9252.93264659
9252.93264659,9.88135576248169,19.607911467552185,17.838714241981506,3.1349158883094788,106.0,51.0,negative,9236.42033047
9236.42033047,13.423620104789734,12.523096203804016,12.443308591842651,3.102176547050476,72.0,38.0,negative,9230.85647005
9230.85647005,6.651451826095581,9.653782486915588,7.188816606998444,6.032330632209778,73.0,44.0,negative,9181.31571756
9181.31571756,6.892866611480713,18.36596804857254,5.27746057510376,8.766948521137238,49.0,94.0,negative,9168.82287317
9168.82287317,6.971608996391296,11.464309215545654,4.810375452041626,5.126937031745911,51.0,48.0,positive,9195.74062233
9195.74062233,11.10940444469452,9.384983360767365,8.95499074459076,1.5933285355567932,67.0,32.0,negative,9173.28178623
9173.28178623,7.446355223655701,19.49202042818069,8.424865782260895,3.9621256589889526,67.0,46.0,positive,9194.57026641
9194.57026641,10.08447641134262,14.550927758216858,5.521770715713501,6.428463578224182,58.0,56.0,negative,9191.6833021
9191.6833021,12.025851309299467,20.66244786977768,8.501376330852509,3.816289186477661,60.0,56.0,negative,9191.29784202
9191.29784202,10.627872824668884,25.816209316253666,11.400808095932009,5.306848347187042,63.0,58.0,negative,9179.35396361
9179.35396361,8.977850258350372,17.54288250207901,11.17303866147995,2.247962951660156,58.0,45.0,positive,9185.91065193
9185.91065193,6.623508274555206,26.766720473766327,8.997242271900177,1.6060243248939514,56.0,59.0,negative,9178.06705329
9178.06705329,14.338007926940918,30.1443544626236,8.786788403987885,1.6394767761230469,83.0,61.0,positive,9196.03799544
9196.03799544,10.031123399734495,24.21774715185165,12.02649861574173,6.087574541568756,104.0,68.0,positive,9232.2630265
9232.2630265,8.468803405761719,30.222906708717343,13.425135970115662,5.463303446769714,82.0,110.0,negative,9213.13066464
9213.13066464,8.272073149681091,30.898556530475616,12.555073320865633,9.264183521270752,75.0,90.0,positive,9221.86640342
9221.86640342,9.349497020244598,27.964946031570435,11.025645554065704,3.930885791778565,120.0,82.0,negative,9213.62258265
9213.62258265,18.115540206432343,19.267205953598022,19.1758114695549,9.693870544433594,122.0,82.0,positive,9238.10033945
9238.10033945,10.645540416240692,29.930959403514866,8.043860793113708,11.05193257331848,84.0,89.0,negative,9235.94715605
9235.94715605,14.41883760690689,14.227122008800508,10.387445092201231,14.852859616279602,116.0,81.0,negative,9213.38933383
9213.38933383,14.976592600345612,24.472446858882904,12.153445661067964,9.119969010353088,83.0,75.0,positive,9234.34348655
9234.34348655,13.07263708114624,23.128604888916016,7.640737414360046,4.895627677440643,86.0,56.0,positive,9278.8078672
9278.8078672,9.2097065448761,25.456078588962555,7.113853454589844,3.3948140144348145,64.0,72.0,positive,9286.51535307
9286.51535307,14.06382179260254,26.75851732492447,7.319020807743072,1.6688553094863892,66.0,54.0,negative,9253.8628614
9253.8628614,8.204857110977173,20.95842736959457,10.548944532871246,3.5743682384490967,52.0,41.0,negative,9252.66127218
9252.66127218,6.263715445995331,18.985541343688965,11.919208884239197,3.861949563026428,51.0,50.0,negative,9247.02912742
9247.02912742,11.362326383590698,16.48694771528244,3.2066847681999207,4.1169151067733765,53.0,56.0,negative,9243.09537317
9243.09537317,3.1675583124160767,15.088786959648132,3.3653117418289185,6.639702618122101,47.0,41.0,positive,9248.52211776
9248.52211776,5.803320705890656,14.652098000049593,4.475435495376587,2.523054599761963,38.0,48.0,negative,9242.68241469
9242.68241469,5.68312281370163,15.4879652261734,0.8232433199882507,1.649949133396149,44.0,63.0,positive,9250.82474556
9250.82474556,11.90738695859909,19.658765375614166,5.152171075344086,3.116130828857422,75.0,45.0,negative,9246.43337005
9246.43337005,4.607479810714722,13.48619818687439,8.34107232093811,6.961246132850647,60.0,43.0,negative,9212.08157274
9212.08157274,8.766981542110443,15.486241161823273,4.96281361579895,3.819126069545746,56.0,70.0,negative,9211.75386755
9211.75386755,6.404642581939697,10.603437781333923,5.621821403503418,1.4876341819763184,52.0,30.0,negative,9208.36305861
9208.36305861,11.11483371257782,6.734709978103638,10.07491898536682,3.307848274707794,75.0,24.0,positive,9209.76636227
9209.76636227,11.887107610702516,20.518793642520905,8.720806419849396,2.3787070512771606,73.0,58.0,positive,9220.65193364
9220.65193364,9.855464160442352,21.373675048351288,7.071588456630707,7.334046900272369,83.0,61.0,positive,9221.85311364
9221.85311364,12.146503031253816,13.554294526576996,8.899353861808777,8.421537816524506,67.0,58.0,negative,9221.20755393
9221.20755393,13.646559596061708,28.359671473503116,13.573189556598663,3.550901174545288,84.0,86.0,positive,9227.9928247
9227.9928247,12.322875261306764,27.15983629226685,6.919145941734314,2.359259366989136,70.0,60.0,positive,9230.84509831
9230.84509831,13.021225214004517,15.395841240882874,6.332090616226196,2.5234599113464355,83.0,47.0,positive,9237.72253321
9237.72253321,10.752571821212769,19.782621324062347,12.583380341529846,4.348336637020111,74.0,62.0,negative,9222.90707967
9222.90707967,10.46755313873291,19.607212007045742,15.381602227687836,4.745434939861298,100.0,49.0,positive,9226.78722057
9226.78722057,12.06825864315033,11.76669555902481,6.781008064746857,1.5870857238769531,81.0,30.0,positive,9231.55782362
9231.55782362,10.978920936584473,12.147762417793274,8.507081866264343,1.5455589294433594,86.0,36.0,negative,9226.06937244
9226.06937244,14.176673293113708,23.00299072265625,14.006211817264557,4.097621262073517,84.0,73.0,positive,9240.34632654
9240.34632654,11.202071607112885,19.199584245681763,15.262318789958954,6.207468926906586,108.0,65.0,positive,9251.39350084
9251.39350084,13.243563890457152,13.764369010925291,16.048457860946655,4.11081075668335,93.0,38.0,positive,9276.65169478
9276.65169478,11.536377310752869,19.72080814838409,8.223591387271881,5.371379971504211,73.0,69.0,negative,9271.10985047
9271.10985047,6.265655159950256,20.738109290599823,8.987431824207306,0.8821491003036499,47.0,48.0,positive,9280.18967171
9280.18967171,4.46509975194931,11.958346009254456,7.852827131748199,2.379572331905365,53.0,32.0,negative,9274.20277841
9274.20277841,5.786882996559143,8.821384489536285,7.076435625553131,1.6071450114250183,50.0,29.0,positive,9274.30376632
9274.30376632,6.190977692604065,19.82507467269897,7.098390877246857,0.8532180786132812,39.0,48.0,negative,9262.13880562
9262.13880562,7.428953409194946,22.65919673442841,4.405739963054657,1.6105901002883911,50.0,47.0,negative,9260.19020751
9260.19020751,4.560866177082062,13.5659202337265,7.550206899642944,3.975860357284546,47.0,37.0,positive,9261.73738522
9261.73738522,7.269059002399445,17.542901813983917,5.664858937263489,4.524470865726471,56.0,42.0,positive,9274.17060503
9274.17060503,10.94366842508316,19.132741451263428,4.79699581861496,0.80824875831604,61.0,43.0,positive,9275.88152392
9275.88152392,7.934199213981628,13.654857099056244,4.243507087230682,3.0509965419769287,58.0,33.0,negative,9265.39483451
9265.39483451,11.73924207687378,14.708359360694883,10.323996722698212,1.6289857029914856,75.0,32.0,positive,9273.62141772
9273.62141772,8.760171294212341,18.229479789733887,7.9539735317230225,2.4206424355506897,67.0,40.0,negative,9233.34861842
9233.34861842,19.357627868652344,11.679721117019652,17.383497714996338,6.642965734004974,109.0,101.0,positive,9238.05234513
9238.05234513,22.640721678733826,14.205529987812042,13.389637887477877,3.759088337421417,100.0,47.0,negative,9231.13334561
9231.13334561,5.524425745010376,35.291221022605896,15.073258340358734,5.708445429801941,90.0,74.0,negative,9228.34252296
9228.34252296,16.27171939611435,37.3867210149765,11.62135624885559,3.267658770084381,97.0,109.0,positive,9233.95913667
9233.95913667,25.93025767803192,18.508812189102173,19.924340903759003,3.9422818422317514,128.0,54.0,negative,9226.84161197
9226.84161197,14.038493633270264,26.492549300193787,14.514671564102173,6.865130722522736,117.0,66.0,positive,9227.22280417
9227.22280417,17.156641006469727,14.554710030555723,12.741073310375214,8.7015620470047,102.0,67.0,positive,9234.8007435
9234.8007435,15.327380001544952,13.878742694854736,11.712775588035583,3.26532644033432,77.0,35.0,positive,9265.60733458
9265.60733458,16.310576260089874,31.425415098667145,13.655565917491913,6.872369289398193,107.0,85.0,positive,9281.29013709
9281.29013709,10.464193761348724,10.66631245613098,8.356843411922455,6.597684323787689,82.0,64.0,negative,9276.49985018
9276.49985018,11.701832592487335,10.605484008789062,10.003046810626984,4.142358243465424,74.0,31.0,negative,9262.40627073
9262.40627073,8.429295539855957,16.7857546210289,6.887067019939423,2.257375180721283,54.0,43.0,positive,9278.90724277
9278.90724277,9.173726320266724,9.177554190158844,9.65411651134491,1.807269275188446,71.0,42.0,negative,9262.55790244
9262.55790244,7.862596929073334,10.036608219146729,6.691272735595703,1.7318696975708008,52.0,33.0,positive,9266.53215484
9266.53215484,7.482804179191589,14.025697529315948,6.049874126911163,1.5921815037727356,44.0,31.0,negative,9250.88865945
9250.88865945,4.96633380651474,4.769204914569855,6.754514038562775,1.6938512325286863,47.0,21.0,positive,9253.38032605
9253.38032605,8.190078556537628,8.119969248771667,3.177221477031708,0.7667444348335266,49.0,24.0,negative,9241.71643878
9241.71643878,6.320994436740875,10.168144404888151,3.359616041183472,2.3474745750427246,40.0,28.0,negative,9240.29751787
9240.29751787,3.744006276130676,7.689733028411865,3.3297468423843384,2.376971662044525,37.0,25.0,positive,9260.36296807
9260.36296807,3.123965322971344,11.558044731616974,3.947072446346283,2.2697635889053345,30.0,31.0,positive,9278.14185979
9278.14185979,2.3247384428977966,9.493171691894531,6.941587686538696,0.7328678369522095,48.0,27.0,negative,9258.37345273
9258.37345273,12.19601345062256,22.544854283332825,1.4694278240203855,4.183260977268219,49.0,53.0,positive,9273.62548151
9273.62548151,11.778829276561735,18.57493072748184,11.254893004894257,2.550810396671295,63.0,42.0,positive,9284.41765218
9284.41765218,10.882319629192352,13.58963257074356,9.473066985607147,2.2156862616539,84.0,69.0,positive,9292.41337076
9292.41337076,15.997775614261627,14.891495823860168,23.0424485206604,6.693624138832092,137.0,56.0,negative,9276.96408269
9276.96408269,19.724545300006863,12.18156772851944,26.054335117340088,5.761321604251862,152.0,36.0,negative,9264.45770983
9264.45770983,25.66458469629288,10.004393458366394,19.27482932806015,4.530114531517029,158.0,43.0,positive,9267.50459197
9267.50459197,21.942205667495728,22.911922454833984,21.80330860614777,4.499493777751923,155.0,60.0,positive,9305.30665879
9305.30665879,26.625810205936432,19.287185847759247,19.542320549488068,5.674601137638092,166.0,63.0,negative,9279.72403808
9279.72403808,20.974953949451447,13.83438515663147,20.505422234535217,2.3755998015403748,121.0,41.0,negative,9227.39338604
9227.39338604,15.407730221748352,18.40646833181381,15.997815907001495,3.9283990263938895,127.0,80.0,positive,9253.1243325
9253.1243325,10.214529752731323,14.74242651462555,16.634695947170258,3.816111207008362,87.0,48.0,negative,9246.5326093
9246.5326093,0.0,0.0,0.0,0.0,0.0,0.0,negative,9244.46721167
9244.46721167,0.0,0.0,0.0,0.0,1.0,0.0,negative,9243.61385509
9243.61385509,18.17942053079605,13.09896695613861,10.351186692714691,4.723861753940582,106.0,36.0,negative,9220.54734045
9220.54734045,13.442470610141754,13.740068972110748,5.78306919336319,1.504560470581055,47.0,29.0,positive,9234.49122261
9234.49122261,8.42668741941452,19.39985489845276,8.240857005119324,3.3069087862968445,70.0,44.0,negative,9223.55789135
9223.55789135,4.964251637458801,18.503228783607483,7.833696186542511,3.381095945835113,66.0,40.0,negative,9218.852235
9218.852235,5.967475414276123,21.630122005939484,6.009044349193573,2.318917691707611,72.0,44.0,negative,9197.69511884
9197.69511884,10.336632013320925,15.551324546337128,12.448991358280182,0.0,74.0,55.0,negative,9183.3773991
9183.3773991,8.459864675998688,9.378982365131378,4.746877372264862,2.4206418991088867,56.0,32.0,positive,9194.29569541
9194.29569541,11.36024647951126,17.21181970834732,8.556845545768738,5.630032420158386,71.0,60.0,negative,9186.48698102
9186.48698102,11.1486878991127,21.814367651939392,6.765500962734222,5.623595237731934,63.0,59.0,positive,9196.27715169
9196.27715169,13.741881906986237,15.25118237733841,7.566471815109253,0.894774317741394,71.0,34.0,negative,9194.57091629
9194.57091629,5.314013063907623,19.754315316677094,7.403546571731567,4.139226138591766,62.0,54.0,negative,9180.57991896
9180.57991896,25.224644422531128,17.071654498577118,5.648395299911499,1.6565163135528564,105.0,34.0,positive,9218.91214061
9218.91214061,7.180676877498627,15.148754060268402,10.661894857883452,2.5175299048423767,69.0,82.0,negative,9212.18728844
9212.18728844,12.677724421024324,24.717457175254825,13.641315460205078,7.812534928321838,92.0,64.0,negative,9207.7658438
9207.7658438,20.3951575756073,24.332575857639316,10.435189604759216,5.010578095912933,105.0,69.0,positive,9208.07756651
9208.07756651,14.585983276367188,15.178664445877075,12.172510266304016,9.62464189529419,94.0,73.0,positive,9216.33930944
9216.33930944,12.985751152038574,29.23983204364777,15.053909182548525,3.929974138736725,96.0,67.0,positive,9226.15017781
9226.15017781,19.45372051000595,42.328428626060486,10.139573752880096,8.573404133319855,108.0,100.0,positive,9252.03006271
9252.03006271,14.615757584571838,24.18596374988556,19.95196068286896,3.181511461734772,127.0,72.0,negative,9243.54548448
9243.54548448,19.760923862457275,27.73394620418549,19.652567625045776,6.870027363300324,144.0,74.0,positive,9245.79346773
9245.79346773,10.417539358139038,25.67154484987259,18.047229170799252,5.202657103538513,121.0,64.0,positive,9262.37442911
9262.37442911,17.482604503631592,24.76494210958481,14.167319118976591,3.277552425861358,129.0,78.0,negative,9234.14359028
9234.14359028,18.334918797016144,16.040105402469635,15.917271852493286,4.024202287197113,117.0,49.0,positive,9249.10314231
9249.10314231,13.803056240081789,12.84370756149292,11.635572612285614,0.0,84.0,30.0,negative,9243.21341642
9243.21341642,12.259247839450836,13.760184586048126,7.774743497371674,1.5746459364891052,91.0,33.0,positive,9248.75477195
9248.75477195,14.61274391412735,28.90522968769073,7.214222371578216,4.217634975910187,82.0,64.0,negative,9244.69615403
9244.69615403,6.248993456363678,13.128712177276611,7.981674015522003,2.37650603055954,56.0,45.0,negative,9233.68870409
9233.68870409,16.117229223251343,18.706816971302032,16.64301508665085,9.118200540542604,112.0,62.0,negative,9229.9646684
9229.9646684,10.704834401607512,14.835956692695618,10.482182025909424,0.8086649775505066,88.0,38.0,negative,9224.10942756
9224.10942756,8.198766589164734,12.01476913690567,5.749874711036682,2.557459056377411,69.0,41.0,positive,9233.35843507
9233.35843507,7.739334464073181,9.474331200122831,7.3316168785095215,2.3555132150650024,62.0,29.0,negative,9218.76428835
9218.76428835,6.496803104877472,17.871777415275574,5.845573365688324,0.8533528447151184,58.0,36.0,positive,9224.65784002
9224.65784002,10.41598927974701,14.437368094921112,4.159728288650513,6.148665189743042,69.0,32.0,negative,9210.60846542
9210.60846542,13.753597140312197,9.75686764717102,11.781336188316343,4.170591354370117,89.0,30.0,negative,9206.26311553
9206.26311553,11.580206155776978,12.988808870315552,6.867889881134033,1.6332576274871826,69.0,29.0,positive,9229.48895819
9229.48895819,8.79676753282547,18.198361217975616,7.875875413417816,3.9143956899642944,62.0,47.0,negative,9222.13197715
9222.13197715,6.985669434070587,6.426053464412689,17.954913198947906,3.0131938457489014,87.0,26.0,positive,9225.71884141
9225.71884141,11.406190931797028,19.655601263046265,8.124843895435333,3.804765999317169,86.0,50.0,negative,9214.38966474
9214.38966474,15.825427055358888,16.12690269947052,13.038820683956146,3.747981905937195,82.0,55.0,positive,9228.58274189
9228.58274189,14.629897713661194,20.87103623151779,14.730428755283356,9.784339725971222,104.0,75.0,negative,9196.43162945
9196.43162945,15.174293398857117,18.533093452453613,17.73604989051819,9.229487657546995,110.0,75.0,positive,9205.94924427
9205.94924427,15.428451716899872,17.06292951107025,13.457970261573792,3.871941387653351,105.0,49.0,negative,9198.02975748
9198.02975748,13.419474482536316,24.57623696327209,16.8554710149765,10.605191767215729,105.0,77.0,negative,9181.98744499
9181.98744499,9.05554735660553,17.549754798412323,12.177238523960114,4.959578573703766,69.0,78.0,negative,9174.37998303
9174.37998303,18.183131515979767,52.58766967058182,12.57740581035614,20.269185483455654,103.0,185.0,positive,9209.10966773
9209.10966773,24.23623871803284,72.28824126720428,27.27679204940796,60.596534967422485,164.0,392.0,positive,9214.93741145
9214.93741145,36.10883909463882,99.06650084257126,39.0671244263649,41.34725248813629,276.0,391.0,negative,9190.76164559
9190.76164559,43.740674793720245,60.19866210222244,49.255307495594025,36.67830568552017,309.0,257.0,positive,9192.83736784
9192.83736784,29.63645488023758,43.56552416086197,36.24270397424698,19.27135545015335,207.0,175.0,positive,9196.70640512
9196.70640512,21.33726173639297,40.37816250324249,24.215231835842133,22.55827498435974,146.0,180.0,positive,9198.24787368
9198.24787368,22.157116055488583,26.777199268341064,28.73064905405045,18.457020580768585,187.0,126.0,negative,9189.05566198
9189.05566198,12.380577623844149,36.531009674072266,29.115060210227966,14.21296000480652,163.0,122.0,negative,9189.04675847
9189.04675847,16.135248363018036,22.918972194194797,22.776027858257294,12.303930938243866,136.0,134.0,positive,9191.20691687
9191.20691687,13.267107546329498,22.491976737976078,10.49462640285492,8.69900494813919,78.0,88.0,negative,9189.30523183
9189.30523183,13.760832369327543,19.32883441448212,8.034389317035675,10.355648159980774,81.0,76.0,negative,9184.16329999
9184.16329999,10.741473257541656,17.530172169208527,12.918215692043304,11.822742223739624,84.0,75.0,negative,9144.06333831
9144.06333831,10.445277154445648,23.71163046360016,8.093506753444672,13.918518841266632,75.0,118.0,negative,9132.89308037
9132.89308037,9.2178892493248,18.611671686172485,11.868007242679596,7.419375538825989,79.0,66.0,negative,9100.9522749
9100.9522749,11.774854481220244,11.226444005966188,18.21274441480637,5.667848706245422,94.0,53.0,positive,9114.63920362
9114.63920362,10.289281129837036,19.66873806715012,10.941227793693542,13.236511051654816,92.0,73.0,negative,9109.40087529
9109.40087529,13.15389347076416,18.466974556446075,11.626366138458252,11.408897757530212,110.0,87.0,negative,9103.94226001
9103.94226001,11.37060683965683,30.027062833309174,14.539040386676788,9.66380912065506,111.0,83.0,positive,9118.49254095
9118.49254095,8.516052782535553,20.338454246521,22.06049889326096,10.904803097248076,119.0,85.0,positive,9123.56777037
9123.56777037,29.130491614341736,15.46335643529892,17.156462609767914,13.222171008586884,122.0,85.0,negative,9123.25941117
9123.25941117,16.252896547317505,28.908351004123688,17.616719663143158,16.778915882110596,120.0,118.0,positive,9124.51912026
9124.51912026,25.011234045028687,29.760765552520752,30.140953600406647,15.096808552742004,217.0,110.0,positive,9132.60129767
9132.60129767,24.93363231420517,23.36506748199463,33.8691965341568,10.607471585273744,188.0,98.0,positive,9136.7212754
9136.7212754,23.63668406009674,24.56538486480713,29.542092263698574,11.577896177768707,186.0,91.0,negative,9129.64614345
9129.64614345,17.384817838668823,21.809872567653656,31.407614409923557,15.57799369096756,162.0,85.0,negative,9104.18642608
9104.18642608,18.12853574752808,24.11870092153549,15.09234583377838,19.401480734348297,119.0,116.0,positive,9128.04103734
9128.04103734,22.00773805379868,33.03281891345978,15.857709884643556,7.006129562854767,130.0,84.0,positive,9147.7280813
9147.7280813,12.999637067317964,43.41037440299988,20.535537540912628,8.408054053783417,115.0,116.0,negative,9132.22786293
9132.22786293,16.520793974399567,26.24750864505768,17.758326292037964,7.138261318206787,106.0,84.0,negative,9124.02536485
9124.02536485,12.068563222885132,20.378474950790405,12.428399682044985,7.702321887016296,111.0,71.0,positive,9125.83183215
9125.83183215,13.371018648147585,26.94202572107315,12.68281590938568,4.783943474292755,102.0,74.0,positive,9129.09142814
9129.09142814,16.82466220855713,16.206080436706543,12.546000063419342,4.730375170707703,105.0,53.0,negative,9124.34170503
9124.34170503,17.342999756336212,26.41828572750092,10.317274868488312,6.379379749298096,87.0,86.0,negative,9112.32116071
9112.32116071,7.573026776313782,23.68800812959671,9.585357129573822,8.079890310764313,68.0,80.0,negative,9105.47898117
9105.47898117,7.335238695144653,30.53870975971222,17.516269087791443,9.469983041286469,92.0,111.0,positive,9108.5324504
9108.5324504,10.628179371356964,19.43011039495468,15.498483121395113,4.69728684425354,98.0,59.0,positive,9111.88345941
9111.88345941,6.638425946235657,26.465595960617065,9.113911628723145,6.432469189167023,72.0,74.0,positive,9114.9081834
9114.9081834,6.973472416400909,25.627123773097992,8.190348863601685,3.1553085446357727,49.0,75.0,negative,9109.079886
9109.079886,4.180294394493103,21.93291121721268,8.232547461986542,4.926301121711731,61.0,69.0,positive,9116.76983861
9116.76983861,8.245786666870117,23.26729756593704,7.401696145534515,5.811002254486084,67.0,54.0,positive,9124.79645953
9124.79645953,9.144123017787932,24.438071370124817,6.410303235054016,9.093712270259855,57.0,80.0,positive,9155.3863206
9155.3863206,13.536287307739258,22.79083889722824,11.576183497905731,6.69107985496521,92.0,70.0,negative,9154.08132107
9154.08132107,7.84419983625412,23.962949097156525,15.031670033931732,11.199015617370604,84.0,94.0,negative,9133.88785294
9133.88785294,11.497723639011385,28.06388169527054,16.69846773147583,3.8891172409057617,97.0,88.0,positive,9138.73856536
9138.73856536,10.452372789382936,28.047483444213867,17.213455080986023,4.930654585361481,96.0,88.0,negative,9136.17118245
9136.17118245,20.11080956459045,43.3147451877594,24.88383662700653,4.6541468501091,151.0,111.0,positive,9147.11948824
9147.11948824,16.69736623764038,26.8152397274971,24.01414567232132,5.465842843055725,180.0,77.0,positive,9158.29871595
9158.29871595,18.6057847738266,25.945246517658237,20.625373661518097,4.615239381790161,155.0,80.0,negative,9155.51095562
9155.51095562,15.211498141288756,21.592067420482635,17.938734352588654,4.998119711875916,121.0,73.0,negative,9147.94215647
9147.94215647,8.879036843776703,18.03814870119095,17.73042917251587,5.813598930835724,100.0,62.0,positive,9165.31458336
9165.31458336,13.122444570064545,12.100232660770416,15.480467915534971,5.472152829170227,107.0,47.0,negative,9149.81094791
9149.81094791,7.379744291305542,33.41259890794754,12.988582253456116,6.388530611991882,94.0,94.0,positive,9151.39223963
9151.39223963,8.25914591550827,14.08067125082016,13.460505306720734,6.798045575618744,81.0,56.0,negative,9142.97321355
9142.97321355,13.582347750663756,35.036774694919586,6.3306580781936646,7.220125615596771,70.0,81.0,negative,9136.95004658
9136.95004658,6.340113282203674,27.65327912569046,9.066082775592804,4.21838515996933,56.0,65.0,positive,9137.74912994
9137.74912994,5.637331604957581,24.15770524740219,7.541138708591461,3.2634082436561584,52.0,49.0,negative,9127.53868869
9127.53868869,7.405209124088287,16.963405907154083,14.129103302955627,2.489951908588409,61.0,44.0,positive,9128.73830991
9128.73830991,7.985074818134308,14.721640706062315,14.249641835689545,1.7205393314361572,81.0,36.0,negative,9126.87852534
9126.87852534,7.194158315658569,12.066666960716248,12.321373224258425,4.11955600976944,70.0,38.0,negative,9126.36273875
9126.36273875,2.540332794189453,13.360151290893556,5.788136720657349,6.42085587978363,49.0,93.0,positive,9129.70083522
9129.70083522,10.061742544174194,18.208584129810333,7.717995345592499,4.114956915378571,65.0,52.0,negative,9118.41689583
9118.41689583,10.568426191806791,17.23454123735428,6.268270432949066,1.7202787399291992,60.0,53.0,positive,9160.62215235
9160.62215235,4.824343860149384,20.810352742671967,3.712318003177643,2.4005264043807983,45.0,68.0,positive,9166.89051642
9166.89051642,11.63410234451294,12.522782385349274,11.479105234146118,2.1856119632720947,94.0,41.0,negative,9159.91773049
9159.91773049,12.78078705072403,15.538541555404665,7.588637948036194,1.6356773972511292,89.0,52.0,positive,9161.99856037
9161.99856037,23.906168222427368,15.985062301158903,10.566140830516815,6.017357349395752,102.0,52.0,negative,9159.36720472
9159.36720472,12.765137076377869,10.479000747203829,9.030979037284853,4.924756407737732,91.0,39.0,positive,9222.85635363
9222.85635363,16.726296365261078,14.548463881015778,16.903148531913757,4.611610352993012,101.0,57.0,negative,9211.826137
9211.826137,10.560510396957396,22.72249007225037,8.876110255718231,7.104423880577087,83.0,87.0,negative,9203.68225643
9203.68225643,14.200460731983185,27.974703669548035,18.30893576145172,5.683764576911926,122.0,94.0,negative,9155.7906866
9155.7906866,17.55464220046997,25.50710928440094,20.613835513591766,8.598588526248932,121.0,63.0,positive,9167.58468147
9167.58468147,10.636483490467072,33.99783080816269,17.4889298081398,8.55269706249237,84.0,99.0,negative,9153.59398571
9153.59398571,5.66275817155838,19.146206498146057,11.98059195280075,1.7744243144989014,70.0,53.0,positive,9160.9100804
9160.9100804,11.644486606121063,20.59112709760666,14.66622656583786,3.452168643474579,100.0,66.0,negative,9156.36606171
9156.36606171,10.24636161327362,21.07038187980652,14.392609179019928,2.302378237247467,93.0,51.0,negative,9155.02210237
9155.02210237,7.848384499549866,21.10595852136612,10.863941490650175,4.141827583312988,92.0,50.0,positive,9159.03990531
9159.03990531,12.95843470096588,16.476512134075165,16.05887657403946,1.687831699848175,103.0,45.0,positive,9159.84949027
9159.84949027,9.43856531381607,9.52221155166626,12.27538788318634,3.2304927110672,103.0,45.0,negative,9149.21598491
9149.21598491,14.306346416473389,16.59769892692566,4.138338804244995,4.82982861995697,54.0,60.0,negative,9149.03911508
9149.03911508,3.2943517565727234,9.363021731376648,14.62702465057373,2.502811312675476,76.0,34.0,negative,9145.40662305
9145.40662305,11.476694881916046,10.33125865459442,9.632721364498138,3.5109838247299194,80.0,33.0,negative,9144.69569224
9144.69569224,12.905543386936188,23.41718018054962,12.04483312368393,1.6525399684906006,88.0,46.0,negative,9142.32346406
9142.32346406,5.739678263664246,9.794142961502075,6.837823033332825,2.48920077085495,50.0,34.0,positive,9172.04100754
9172.04100754,8.426314890384674,15.07587903738022,4.674232006072998,3.148093938827514,57.0,54.0,negative,9151.79512045
9151.79512045,13.878043174743652,17.223837018013,10.231867730617523,1.5514512658119202,81.0,52.0,negative,9144.56427449
9144.56427449,10.457417011260986,9.415586829185486,14.820735514163973,0.7363752722740173,86.0,33.0,positive,9148.87124662
9148.87124662,13.99487030506134,11.306305944919586,9.816348612308502,2.3223347067832947,60.0,34.0,negative,9126.93226975
9126.93226975,14.651067435741425,28.87013810873032,6.634468495845795,4.51832240819931,80.0,68.0,positive,9127.85554908
9127.85554908,6.503399848937988,20.94175630807877,9.15728497505188,1.646363079547882,69.0,43.0,positive,9130.90619551
9130.90619551,8.140130281448364,19.330551207065582,16.707564115524292,3.977268934249878,86.0,57.0,negative,9120.6652069
9120.6652069,19.999696612358093,14.45852106809616,15.587026596069336,0.7844501733779907,113.0,30.0,negative,9120.36475877
9120.36475877,12.801142156124117,26.71069949865341,18.42165619134903,2.97843873500824,133.0,73.0,negative,9110.75360868
9110.75360868,24.603638112545013,17.445484161376953,20.134260416030884,3.326009333133697,161.0,49.0,positive,9120.40578759
9120.40578759,14.222254276275637,9.743287444114683,10.706819951534271,3.192310571670532,96.0,55.0,positive,9126.87320755
9126.87320755,13.191779494285583,17.137822449207306,11.45502269268036,3.25690633058548,121.0,39.0,positive,9136.46148753
9136.46148753,10.833508968353271,11.946125030517578,18.24647718667984,10.35797530412674,118.0,51.0,negative,9131.92283967
9131.92283967,9.897657573223114,19.39427489042282,10.568708777427672,3.97568142414093,80.0,53.0,positive,9141.64267262
9141.64267262,17.1776722073555,12.388623118400574,10.318219423294067,3.772578060626984,107.0,41.0,positive,9146.26272163
9146.26272163,19.278367161750797,14.935438811779022,16.172450184822083,3.072276532649994,118.0,62.0,positive,9154.78083727
9154.78083727,16.50721764564514,20.665315866470337,15.105466067790983,3.7275699973106384,114.0,65.0,positive,9185.81691242
9185.81691242,13.589441776275637,13.272963166236876,11.655244529247284,4.24958211183548,74.0,64.0,negative,9176.14047959
9176.14047959,13.927736818790436,12.750985145568848,7.088879346847534,5.442426443099976,72.0,38.0,negative,9171.97704233
9171.97704233,9.579091250896454,20.33211660385132,9.64022696018219,1.692576289176941,65.0,57.0,positive,9178.60949227
9178.60949227,9.92932277917862,9.704054951667786,8.938879013061523,4.121602535247803,66.0,40.0,negative,9166.7391802
9166.7391802,10.85912024974823,13.186749637126924,7.355397939682007,0.0,69.0,30.0,negative,9164.09948967
9164.09948967,15.362529754638672,10.40178656578064,11.968909680843351,0.7394901514053345,90.0,33.0,positive,9167.42682003
9167.42682003,11.657874524593351,12.4332337975502,20.0337433218956,1.4605488181114197,97.0,32.0,negative,9164.6469565
9164.6469565,7.817709982395172,18.47161102294922,13.649928033351898,2.551249325275421,68.0,45.0,negative,9162.36890635
9162.36890635,17.80678290128708,8.172248125076294,9.865875244140623,1.586190700531006,92.0,21.0,positive,9165.38791675
9165.38791675,7.072153329849243,9.905216693878174,8.69914823770523,4.801455795764923,63.0,37.0,positive,9168.72506108
9168.72506108,9.925540804862976,19.20623254776001,10.93495547771454,4.605968177318573,75.0,55.0,negative,9148.1189838
9148.1189838,12.724033415317535,11.293602645397186,11.88565158843994,3.3323649168014526,95.0,37.0,negative,9143.25230099
9143.25230099,13.794200241565704,18.73968279361725,11.45028394460678,0.9021616578102112,99.0,40.0,positive,9146.45373197
9146.45373197,11.972877562046053,15.850367724895476,15.049356341362,1.5170008540153503,100.0,48.0,negative,9140.2677509
9140.2677509,15.378245770931244,13.176161110401154,13.846218407154083,3.3015828132629395,123.0,50.0,positive,9158.67973968
9158.67973968,19.7442267537117,15.027853310108185,21.27092170715332,3.889708638191223,138.0,47.0,positive,9159.61593006
9159.61593006,23.90950489044189,20.503796815872192,23.203099846839905,6.35007905960083,178.0,83.0,positive,9171.74555655
9171.74555655,18.60678243637085,38.558291256427765,17.480215966701508,5.438338041305542,153.0,100.0,positive,9180.32314731
9180.32314731,10.526501655578612,16.76880031824112,20.642899096012115,7.05595737695694,110.0,62.0,negative,9172.84103405
9172.84103405,14.576378881931303,22.16749691963196,13.676858067512512,1.838306665420532,99.0,65.0,negative,9149.37674581
9149.37674581,10.560308039188383,30.306559801101685,14.131759464740751,11.118887066841124,103.0,102.0,positive,9153.84871007
9153.84871007,11.48726087808609,36.100721538066864,16.137915194034576,8.27308189868927,109.0,108.0,positive,9159.64367673
9159.64367673,15.471773743629456,21.49410307407379,16.53306895494461,12.929417490959167,124.0,76.0,positive,9162.21866034
9162.21866034,25.389063239097595,22.92553859949112,15.15139353275299,4.825373470783234,109.0,65.0,positive,9164.2313647
9164.2313647,14.288302481174467,19.022211134433743,11.546608090400696,2.393164277076721,97.0,45.0,negative,9151.97402284
9151.97402284,8.245795845985413,19.47226470708847,10.76956045627594,4.772527873516083,70.0,55.0,positive,9171.80670925
9171.80670925,18.342929005622864,12.112761735916138,13.152072966098784,2.6033982634544373,103.0,34.0,positive,9174.58249411
9174.58249411,21.189375340938568,14.945492029190063,14.748914182186128,2.3284489512443542,126.0,43.0,negative,9167.11801892
9167.11801892,14.59929782152176,17.37108141183853,10.48130428791046,2.5124518871307373,99.0,51.0,positive,9167.90029703
9167.90029703,7.79403680562973,7.986442625522613,15.621373653411863,2.2276929020881653,84.0,28.0,positive,9168.51203481
9168.51203481,5.6890217661857605,11.449252784252169,6.786925792694092,1.6541476845741272,73.0,29.0,positive,9175.57360967
9175.57360967,13.4486323595047,10.514889299869536,7.949136674404144,1.489253580570221,79.0,33.0,positive,9300.31558897
9300.31558897,12.983065783977509,10.778049111366272,27.05009078979492,13.76909726858139,113.0,174.0,positive,9304.77300371
9304.77300371,9.88555097579956,18.74928843975067,14.511969089508057,0.0,106.0,40.0,positive,9306.73909537
9306.73909537,10.811472713947296,19.611137807369232,9.150201439857485,5.93979024887085,73.0,60.0,positive,9324.74585444
9324.74585444,12.21540766954422,17.17231512069702,9.046623706817629,4.094964504241943,70.0,44.0,negative,9324.69980862
9324.69980862,6.89804744720459,7.280930519104004,19.914091169834137,4.26429671049118,86.0,40.0,positive,9363.15940284
9363.15940284,9.272062480449677,17.825435876846313,18.76870214939117,5.675617575645447,100.0,89.0,positive,9392.38771934
9392.38771934,14.684128820896149,25.41415554285049,14.55150431394577,7.125181257724762,131.0,93.0,negative,9367.80746312
9367.80746312,15.02365618944168,33.440271615982056,17.843929946422577,4.984841823577881,118.0,95.0,negative,9343.4293726
9343.4293726,20.87645661830902,27.95731979608536,18.53527581691742,4.063537001609802,145.0,80.0,positive,9354.03041448
9354.03041448,21.735484778881077,18.718773186206818,24.309477031230927,6.368362486362457,155.0,55.0,positive,9368.63633571
9368.63633571,20.41721922159195,16.201046526432037,22.26099020242691,3.248531699180603,127.0,45.0,positive,9381.56277168
9381.56277168,14.852254927158356,16.252254128456116,21.42546784877777,2.4153348803520203,120.0,49.0,negative,9352.79940267
9352.79940267,21.06926816701889,13.662187814712524,24.75810569524765,3.0340622663497925,131.0,32.0,positive,9362.03333122
9362.03333122,22.96644556522369,19.70005762577057,17.30820059776306,4.342749834060669,165.0,62.0,positive,9363.83506627
9363.83506627,13.882184743881226,14.368468999862673,19.477161526679996,4.897720813751221,124.0,47.0,positive,9375.93994949
9375.93994949,14.180352628231049,17.745621979236603,13.544866859912872,1.4618849754333496,109.0,55.0,negative,9374.88752808
9374.88752808,19.07169932126999,16.71144735813141,17.369209051132202,4.197418212890625,125.0,52.0,negative,9361.02471876
9361.02471876,13.7085599899292,18.9812530875206,14.975788831710815,2.5728020071983337,120.0,50.0,positive,9361.27061506
9361.27061506,12.996010184288023,17.606804072856903,8.156781196594238,4.824575185775757,70.0,48.0,positive,9364.34485236
9364.34485236,12.581178605556488,10.781902730464935,10.88734096288681,2.4603137969970703,80.0,34.0,negative,9363.52265433
9363.52265433,16.575382232666016,20.35077035427093,12.678036332130432,5.7518492341041565,85.0,57.0,negative,9354.4228566
9354.4228566,13.809819400310516,10.763778567314148,10.017597377300262,2.5108994841575623,86.0,27.0,negative,9343.47594371
9343.47594371,13.816949367523192,14.945034444332125,4.985705494880676,0.9418485760688782,83.0,33.0,positive,9351.45591904
9351.45591904,14.459374606609344,16.30879670381546,8.360978901386261,0.8278343081474304,79.0,30.0,negative,9332.82010291
9332.82010291,7.712386786937714,8.362681150436401,7.938703894615173,4.739912033081055,63.0,46.0,negative,9324.88372733
9324.88372733,9.099353909492493,13.77911502122879,14.844740450382233,2.270245611667633,94.0,37.0,positive,9329.38751235
9329.38751235,15.881948947906494,17.900834441184998,7.731631398200989,1.5455694794654846,77.0,39.0,positive,9344.83434521
9344.83434521,7.330612540245056,11.47294169664383,8.92785370349884,1.8477938771247864,73.0,31.0,positive,9352.88709147
9352.88709147,10.870063841342926,12.62635099887848,7.889158368110657,1.50120609998703,82.0,39.0,negative,9335.06408781
9335.06408781,15.959142923355104,21.513954877853397,12.04071480035782,5.574027836322784,98.0,63.0,positive,9340.85299275
9340.85299275,13.929621815681458,28.34251469373703,15.888662099838257,2.4607046246528625,109.0,66.0,negative,9335.14476493
9335.14476493,21.129887998104092,12.58513170480728,28.556950569152832,4.12011843919754,174.0,42.0,positive,9347.72775264
9347.72775264,23.21355909109116,28.39372956752777,15.434881329536438,7.41852480173111,144.0,83.0,negative,9347.40708383
9347.40708383,28.02823829650879,29.76397788524628,18.215054750442505,7.219495832920074,164.0,80.0,positive,9363.2419337
9363.2419337,18.846449196338654,22.97747313976288,21.200976073741916,5.680037438869476,134.0,65.0,positive,9363.92233718
9363.92233718,22.8375785946846,36.35685336589813,18.67034941911697,7.203956782817841,148.0,124.0,positive,9373.23518418
9373.23518418,17.60360300540924,29.514842212200165,31.88492584228516,7.013758063316345,187.0,97.0,positive,9376.82174054
9376.82174054,22.6456795334816,42.86773204803467,17.804411232471466,15.422580420970917,149.0,127.0,negative,9366.03960614
9366.03960614,19.107215881347656,35.8809472322464,14.639535069465635,4.996740818023682,142.0,105.0,positive,9509.62027835
9509.62027835,38.360021471977234,30.164120614528656,28.13789027929306,9.091356933116913,185.0,255.0,positive,9525.36344997
9525.36344997,25.389826774597168,27.656047999858856,14.851350665092468,4.827182233333588,149.0,78.0,negative,9514.26569299
9514.26569299,17.7985520362854,32.4809752702713,27.519516170024872,8.625746965408325,124.0,98.0,positive,9520.50955077
9520.50955077,4.687175869941711,45.78341275453568,13.654655575752258,7.983022034168243,87.0,137.0,negative,9512.08073203
9512.08073203,12.778550028800964,29.796854972839355,16.493149757385254,11.649069130420685,90.0,101.0,negative,9501.13281343
9501.13281343,25.62598317861557,31.69694954156876,15.063047289848328,4.053079307079315,132.0,81.0,positive,9501.42162465
9501.42162465,11.987536549568176,19.5707146525383,15.614316642284392,7.0323174595832825,91.0,60.0,negative,9495.55381496
9495.55381496,18.36880958080292,16.92117130756378,13.606218338012695,5.473897278308868,90.0,54.0,positive,9500.52202231
9500.52202231,15.148110270500185,15.28911155462265,6.61604380607605,2.45243763923645,81.0,50.0,positive,9503.77762431
9503.77762431,8.242331445217133,32.08078324794769,9.827625811100006,4.818631708621979,75.0,71.0,positive,9520.80255611
9520.80255611,12.95766544342041,18.83911335468292,10.31355881690979,0.8787177205085754,85.0,48.0,negative,9504.70987723
9504.70987723,8.528252601623535,19.686130940914158,8.28430551290512,3.5156680941581726,56.0,65.0,negative,9499.20637538
9499.20637538,13.79174780845642,16.516992032527924,9.338474571704865,2.237754464149475,69.0,61.0,positive,9507.38077858
9507.38077858,7.110227108001709,20.157407879829407,13.26678478717804,7.299621224403381,77.0,71.0,negative,9501.92685194
9501.92685194,13.06178629398346,26.320388734340668,9.396629810333252,8.805193543434143,83.0,88.0,negative,9498.37266288
9498.37266288,16.467434644699097,36.014932572841644,20.85224723815918,15.359220027923584,139.0,135.0,negative,9494.57083204
9494.57083204,17.422326266765594,19.341100454330444,20.452259123325348,16.24984723329544,126.0,206.0,positive,9515.29567101
9515.29567101,15.833757996559145,35.68782156705856,20.684322953224186,15.663968741893768,144.0,116.0,positive,9545.35201104
9545.35201104,21.39445984363556,30.620524883270264,18.749307870864868,8.166495680809021,153.0,169.0,positive,9592.479348
9592.479348,22.777310013771057,28.344246864318848,20.464374601840973,2.3210009932518005,151.0,124.0,negative,9570.03622052
9570.03622052,19.688539028167725,35.254908204078674,26.44733715057373,5.660069227218628,148.0,108.0,positive,9573.19178108
9573.19178108,15.844596922397614,34.925858199596405,19.21773272752762,2.2744898796081543,114.0,88.0,negative,9568.88912379
9568.88912379,28.13575577735901,29.95999449491501,20.324195206165317,11.568812429904938,158.0,99.0,positive,9586.8348017
9586.8348017,28.691880106925964,50.93841993808746,20.017419278621677,4.872953295707703,176.0,119.0,negative,9581.49119572
9581.49119572,11.657354295253754,16.83015251159668,30.58453869819641,11.057014167308807,150.0,68.0,negative,9581.07201141
9581.07201141,24.154394924640656,19.50415146350861,27.144393622875214,8.127260744571686,178.0,76.0,negative,9562.80298715
9562.80298715,25.206498205661774,22.552489161491398,19.23829537630081,7.503696799278259,187.0,60.0,negative,9560.59129936
9560.59129936,16.295593440532684,13.67783910036087,26.58564895391464,2.681686758995056,120.0,40.0,negative,9558.35089358
9558.35089358,10.252308130264282,12.113789200782776,18.93109232187271,5.107385694980621,106.0,41.0,negative,9551.1249566
9551.1249566,12.62936419248581,25.338517010211945,13.407482981681824,1.6557276844978333,91.0,71.0,negative,9536.73182528
9536.73182528,12.988102793693542,11.283137679100037,15.013087809085846,0.74222332239151,94.0,31.0,positive,9540.25813901
9540.25813901,5.271663665771484,13.655938148498535,10.1309814453125,0.9358844757080078,65.0,30.0,negative,9491.23361923
9491.23361923,11.10618793964386,16.976728081703186,8.320639848709106,7.772398889064789,89.0,67.0,positive,9499.48969065
9499.48969065,12.77566021680832,25.8090797662735,12.427277743816376,4.884472608566284,90.0,66.0,positive,9501.16861913
9501.16861913,10.026757001876833,12.700088500976562,11.251681864261627,5.10489696264267,91.0,36.0,positive,9511.13438756
9511.13438756,6.287033975124359,15.194293439388275,11.93719518184662,1.765490174293518,58.0,37.0,positive,9528.08286946
9528.08286946,18.169176816940308,20.390824377536774,11.173507750034332,0.9173758029937744,91.0,48.0,negative,9523.40287534
9523.40287534,15.229383766651154,9.325881600379944,18.62869966030121,3.381246268749237,117.0,33.0,negative,9510.08540702
9510.08540702,15.15194058418274,22.45552223920822,20.59114795923233,2.4219420552253723,123.0,60.0,negative,9507.30425135
9507.30425135,14.250895261764526,17.140519440174103,12.100991666316986,2.309028804302216,116.0,78.0,positive,9522.16729474
9522.16729474,17.847878873348236,27.77466917037964,7.227884769439697,4.938770115375519,98.0,76.0,positive,9535.0460966
9535.0460966,17.874104976654053,16.82918643951416,14.49328875541687,2.4751413464546204,117.0,49.0,positive,9557.89157192
9557.89157192,18.889037251472477,28.18638128042221,15.614111006259918,4.573038041591644,127.0,76.0,negative,9539.25072293
9539.25072293,18.546607613563538,23.312233686447144,20.33982145786285,8.027196407318115,127.0,74.0,positive,9573.02725967
9573.02725967,16.155749797821045,21.49506312608719,19.198691427707672,5.550595104694367,118.0,71.0,positive,9574.90852222
9574.90852222,19.0598538517952,13.570064187049866,29.841397166252136,5.39402961730957,152.0,52.0,positive,9618.3735136
9618.3735136,21.00464063882828,19.789368987083435,9.033769071102142,12.961883962154388,106.0,92.0,negative,9594.42827047
9594.42827047,18.202048897743225,20.477106869220734,10.07826679944992,7.451469659805298,124.0,70.0,negative,9549.74454859
9549.74454859,12.152671873569489,37.90551567077637,19.35584187507629,10.474017679691316,94.0,105.0,negative,9536.89268563
9536.89268563,8.083167970180511,30.82940638065338,11.325684547424316,2.543573260307312,67.0,68.0,positive,9547.14161878
9547.14161878,10.8488267660141,18.81343525648117,11.79069972038269,1.5647451281547546,95.0,56.0,positive,9549.03027868
9549.03027868,7.865748822689056,13.6977276802063,8.259549856185913,4.412702739238739,75.0,42.0,positive,9561.36074173
9561.36074173,15.320087432861328,17.661570489406586,15.073054075241089,1.4988178610801697,98.0,42.0,positive,9582.73208692
9582.73208692,8.835106790065765,17.947941660881042,11.815732181072237,6.158704161643982,82.0,57.0,negative,9563.72721395
9563.72721395,12.118071258068085,13.650515019893646,11.020489633083344,3.2230714559555054,73.0,33.0,positive,9582.82124462
9582.82124462,9.034818410873411,13.846052825450895,9.726830065250397,5.502525568008423,72.0,52.0,negative,9581.45870321
9581.45870321,15.03918319940567,17.41830837726593,10.735059142112732,6.811076641082764,98.0,42.0,negative,9579.95003866
9579.95003866,13.501481175422668,34.0660554766655,16.925896883010864,4.254792988300324,91.0,72.0,positive,9590.49738978
9590.49738978,14.804193556308746,15.708102524280548,10.966070353984833,3.0694267749786377,79.0,49.0,negative,9575.63634232
9575.63634232,13.770787239074709,16.16451668739319,10.039482057094574,1.6167824864387512,91.0,49.0,negative,9572.44808427
9572.44808427,10.237020313739777,23.031529188156128,9.048401951789856,2.700426936149597,77.0,57.0,positive,9578.49485282
9578.49485282,7.799225747585297,18.518800497055054,16.59867572784424,2.313788890838623,107.0,59.0,positive,9592.5483216
9592.5483216,15.5852832198143,49.77599674463272,10.652832686901093,5.538605570793152,96.0,98.0,negative,9575.51078249
9575.51078249,15.396753251552582,42.71235305070877,17.306412518024445,1.5952927470207214,128.0,82.0,positive,9576.82301005
9576.82301005,20.915659248828888,32.80345141887665,15.486456632614136,8.866344809532166,96.0,104.0,positive,9583.59347894
9583.59347894,23.214089453220367,27.931600511074063,26.186910688877106,9.464190363883972,172.0,104.0,positive,9596.23555133
9596.23555133,26.94457072019577,13.006331324577332,27.08687698841095,3.0470544695854187,186.0,57.0,positive,9672.17745002
9672.17745002,20.40885204076767,16.158657252788544,26.220568418502808,7.780117928981781,164.0,107.0,negative,9651.91747675
9651.91747675,28.18761295080185,23.599889159202576,26.418093621730804,4.691405594348908,171.0,65.0,positive,9658.72174442
9658.72174442,26.55678242444992,14.234167158603668,18.70579081773758,1.72487074136734,147.0,46.0,positive,9695.47230753
9695.47230753,18.705757439136505,12.600345730781555,25.71021342277527,2.3502209782600403,150.0,99.0,negative,9676.29236585
9676.29236585,19.34113883972168,17.914746463298798,12.857017040252686,3.081923305988312,149.0,60.0,negative,9669.04145143
9669.04145143,19.13472586870193,25.89590287208557,25.38569349050522,4.070891082286835,136.0,53.0,positive,9677.11349729
9677.11349729,13.5773087143898,20.32668787240982,19.081318140029907,3.309611439704895,130.0,69.0,negative,9671.73028726
9671.73028726,16.31763529777527,20.67044758796692,19.27816593647003,6.084497809410095,120.0,56.0,negative,9655.73694404
9655.73694404,9.730245888233185,15.255797803401949,16.49364584684372,4.877722084522247,105.0,51.0,positive,9666.25026952
9666.25026952,13.440203309059145,7.142785489559174,17.01236778497696,1.7127534747123718,120.0,33.0,positive,9670.05746999
9670.05746999,10.795654356479645,13.66079604625702,11.986260116100311,1.5522172451019287,77.0,34.0,negative,9662.9712687
9662.9712687,9.827591836452484,12.805268228054048,15.25494349002838,1.8131116032600405,88.0,37.0,positive,9663.53996941
9663.53996941,11.770921051502228,5.614300429821014,17.662547707557678,6.320822596549988,87.0,27.0,positive,9673.23591321
9673.23591321,6.577277600765228,19.128928005695343,21.723536789417267,2.489788591861725,99.0,43.0,positive,9715.05746298
9715.05746298,16.39994090795517,14.942104876041412,18.70528906583786,0.7256146669387817,111.0,42.0,positive,9756.62228913
9756.62228913,15.635042130947111,17.118759751319885,13.900959432125092,2.3312143683433533,110.0,99.0,positive,9797.31903723
9797.31903723,19.685638070106503,21.173458755016327,16.638378143310547,0.9255664348602296,113.0,104.0,positive,9927.08024367
9927.08024367,32.486174404621124,34.68545043468475,36.058664441108704,8.741870760917664,265.0,400.0,positive,9957.20513864
9957.20513864,28.425573348999023,18.285859525203705,13.987634241580963,3.880066096782684,162.0,64.0,negative,9872.22949712
9872.22949712,27.99323457479477,20.304876625537872,15.754215121269226,4.748218834400177,196.0,130.0,negative,9866.70961125
9866.70961125,19.904996275901794,18.02976220846176,25.13471895456314,8.873485147953033,160.0,77.0,positive,9897.20387077
9897.20387077,29.05859100818634,28.707828879356384,17.2406867146492,5.617356479167938,168.0,91.0,positive,9940.67615621
9940.67615621,27.37488943338394,27.277217030525208,25.15860998630524,8.787929356098175,214.0,98.0,negative,9893.88897661
9893.88897661,24.639343917369843,27.33241981267929,25.748884737491608,10.166904091835022,188.0,117.0,negative,9890.71491444
9890.71491444,18.12909108400345,16.252485871315002,25.798044621944427,6.575592637062073,173.0,47.0,negative,9890.60485402
9890.60485402,32.976049304008484,16.211932241916656,27.001112282276157,6.954676032066345,175.0,63.0,negative,9854.88420912
9854.88420912,26.568421840667725,23.798467457294464,30.650084614753723,3.1074524521827698,174.0,70.0,positive,9875.09596595
9875.09596595,14.23462963104248,15.13040566444397,24.69355219602585,5.629976570606232,147.0,53.0,positive,9889.52150846
9889.52150846,24.260268211364743,12.930580139160156,17.09768271446228,0.7050305008888245,126.0,42.0,positive,9902.50122383
9902.50122383,15.058219254016876,22.32679682970047,19.58554619550705,5.413341999053955,119.0,71.0,positive,9905.16724705
9905.16724705,10.481763124465942,29.61660343408585,14.736205875873566,5.585939407348633,88.0,68.0,positive,9990.59116475
9990.59116475,15.58646684885025,15.752555549144745,15.983428418636322,4.248195946216583,118.0,64.0,positive,10029.7147995
10029.7147995,29.11665415763855,16.143216133117676,23.76799875497818,7.287859618663788,218.0,102.0,negative,10027.470216
10027.470216,24.89190280437469,18.727722346782684,20.545633554458615,3.1840038299560547,177.0,79.0,positive,10240.7768164
10240.7768164,37.44443452358246,30.36941820383072,21.53528302907944,14.748857080936432,215.0,218.0,negative,10198.8383328
10198.8383328,34.335810482501984,29.038579642772675,29.15249198675156,6.0084158182144165,208.0,97.0,positive,10278.52855
10278.52855,19.365801095962524,26.9311443567276,9.54884159564972,7.011324882507324,107.0,85.0,negative,10242.6192329
10242.6192329,19.24807584285736,29.60886520147324,23.335715234279636,1.6081076860427856,139.0,75.0,negative,10187.2988367
10187.2988367,21.29443776607513,16.21612787246704,8.175944089889526,4.098637282848358,117.0,66.0,negative,10155.7674293
10155.7674293,14.332002699375153,19.315743923187256,13.228032648563383,2.3110891580581665,104.0,57.0,positive,10225.6346083
10225.6346083,10.451438009738922,12.343679308891296,5.976656079292297,5.112417578697205,61.0,46.0,positive,10252.0278381
10252.0278381,9.803675353527067,20.82103031873703,14.383856654167175,3.3487452268600464,85.0,61.0,negative,10243.8628888
10243.8628888,15.647302031517029,11.28139626979828,14.08706510066986,2.251782476902008,93.0,41.0,positive,10265.3122294
10265.3122294,13.726334035396576,30.34842300415039,9.604485988616943,4.026166200637817,99.0,78.0,positive,10340.5355569
10340.5355569,21.731030762195587,26.68181294202805,14.786118268966677,5.8165618777275085,139.0,112.0,positive,10409.4877036
10409.4877036,36.91435360908508,16.959693372249603,29.365764796733856,4.685648322105408,210.0,72.0,negative,10317.5799986
10317.5799986,35.100062131881714,15.313204169273376,35.29261952638626,3.941585540771485,257.0,81.0,positive,10661.639043
10661.639043,40.84091854095459,48.59082794189453,37.60518401861191,11.014891803264618,301.0,446.0,positive,10794.8025217
10794.8025217,57.8115748167038,54.70380675792694,67.3286360502243,14.612635135650637,488.0,247.0,positive,10832.23548
10832.23548,66.246562063694,42.71141463518143,57.41709065437317,9.136980652809145,395.0,134.0,negative,10754.0762157
10754.0762157,40.38855385780335,40.73403286933899,26.85555464029312,7.882892370223999,292.0,121.0,positive,10833.4837405
10833.4837405,42.8930721282959,38.70048749446869,45.57847815752029,11.31142282485962,279.0,113.0,positive,11022.9627708
11022.9627708,39.23275065422058,35.47883141040802,38.46348422765732,9.882723212242126,269.0,280.0,positive,11194.8131857
11194.8131857,71.80586975812912,60.57202035188675,98.4520770907402,13.16647869348526,647.0,325.0,negative,10990.8733998
10990.8733998,44.07405012845993,40.30208200216293,53.91059213876724,9.186643660068512,326.0,267.0,positive,11144.7104824
11144.7104824,33.55229300260544,23.7836709022522,28.9779669046402,17.17346340417862,266.0,136.0,positive,11169.6321449
11169.6321449,25.11878263950348,31.40552401542664,24.10691463947296,4.9556103348732,220.0,111.0,negative,11055.4721071
11055.4721071,33.036780536174774,35.25747084617615,31.004846215248108,1.4512211084365845,235.0,117.0,negative,10954.9595682
10954.9595682,24.762197136878967,18.645545065402985,19.147909343242645,5.488223552703857,156.0,109.0,positive,10997.4760571
10997.4760571,19.503867030143734,27.12613278627396,17.040262401103973,2.5202435851097107,125.0,80.0,negative,10887.3545911
10887.3545911,28.905655801296238,20.40426677465439,20.76551526784897,4.054808080196381,259.0,69.0,positive,10934.1087813
10934.1087813,27.290100693702698,31.038060247898105,15.26835036277771,1.5826144814491272,202.0,86.0,negative,10877.6503957
10877.6503957,24.63945108652115,15.517274379730225,13.942728221416472,12.717864394187927,138.0,66.0,negative,10757.6791679
10757.6791679,12.28217315673828,14.62397825717926,12.452822923660278,4.416710495948792,90.0,103.0,positive,10768.2717278
10768.2717278,15.279150128364565,25.51048403978348,12.24541711807251,4.5231799483299255,87.0,62.0,positive,10793.1192917
10793.1192917,17.533428251743317,15.04883486032486,8.1489999294281,2.260370969772339,126.0,143.0,positive,10955.0927569
10955.0927569,13.616738557815552,12.38148546218872,19.25495547056198,2.5355642437934875,133.0,72.0,positive,10960.9963566
10960.9963566,24.0334535241127,21.27314728498459,16.120711505413055,2.430458307266236,147.0,75.0,positive,10967.7966945
10967.7966945,22.35776722431183,24.524982452392575,22.09821903705597,3.892200529575348,170.0,71.0,positive,11132.6521107
11132.6521107,33.855124056339264,33.89025437831879,26.88033252954483,5.014420807361603,204.0,117.0,positive,11144.33709
11144.33709,28.412389993667603,29.06238913536072,27.813011586666107,11.95460569858551,240.0,106.0,negative,10952.0584831
10952.0584831,34.610038340091705,37.42748987674713,24.841767728328705,13.254749357700348,210.0,186.0,positive,10962.6682541
10962.6682541,31.1343686580658,17.54928356409073,20.153044760227203,8.06413859128952,192.0,65.0,negative,10918.3533567
10918.3533567,23.170112431049347,20.31905835866928,19.78756070137024,7.369955539703369,210.0,57.0,positive,10981.2078106
10981.2078106,18.93068927526474,38.057569324970245,26.1631932258606,5.853745222091675,160.0,102.0,negative,10971.3271667
10971.3271667,23.10855770111084,24.302975714206696,22.949839174747467,8.66674554347992,152.0,91.0,positive,11003.6225648
11003.6225648,26.405344367027283,23.200036108493805,27.127599239349365,3.374019682407379,179.0,67.0,negative,10938.08568
10938.08568,16.395832896232605,27.615394353866577,15.95845067501068,4.931753993034363,129.0,67.0,negative,10912.8230505
10912.8230505,17.790246427059174,19.64157617092133,15.930494248867037,6.542295396327972,153.0,62.0,negative,10894.8964744
10894.8964744,16.064090967178345,22.65596359968185,15.966819763183594,4.920774102210999,115.0,70.0,negative,10887.81115
10887.81115,8.16435581445694,19.812966346740723,13.361062705516815,3.990217626094818,90.0,66.0,positive,10903.9859642
10903.9859642,8.504043281078339,9.397813320159912,17.078205049037933,1.5165111422538755,105.0,28.0,positive,10965.0140447
10965.0140447,13.071903347969055,16.824354887008667,10.601664304733276,8.038063704967499,89.0,60.0,negative,10945.66445
10945.66445,13.114961385726929,21.988168358802795,9.095157861709597,5.081101715564728,80.0,57.0,positive,10963.0745557
10963.0745557,9.849361062049866,8.773950159549713,13.140611112117767,3.490679442882538,100.0,35.0,positive,11043.380898
11043.380898,13.736230552196504,22.159983336925507,14.509522199630736,2.447157919406891,111.0,65.0,negative,11023.9179565
11023.9179565,13.89738231897354,14.720065712928772,14.528071463108065,4.834591448307037,101.0,44.0,positive,11089.8799343
11089.8799343,18.248275339603424,21.57152223587036,22.472611129283905,0.8744114637374878,122.0,60.0,negative,11045.3793972
11045.3793972,14.731780290603638,10.7833069562912,20.793548822402958,5.5621219873428345,127.0,68.0,negative,11028.0684362
11028.0684362,17.10607761144638,8.200902938842773,29.89185780286789,2.4176212549209595,164.0,29.0,positive,11082.188634
11082.188634,31.17408663034439,18.06365776062012,53.07431161403656,3.9593756198883057,243.0,52.0,positive,11115.2197785
11115.2197785,34.586213171482086,15.35237556695938,47.75945180654526,6.444221794605255,286.0,65.0,negative,11078.3472259
11078.3472259,40.88316249847412,22.29710191488266,50.6898609995842,4.195616900920868,317.0,81.0,positive,11159.8966381
11159.8966381,27.651600062847137,10.261813640594482,41.09629011154175,4.877753913402557,262.0,138.0,negative,11156.5134143
11156.5134143,32.34972685575485,29.917380154132843,32.77524846792221,8.354480385780334,248.0,90.0,positive,11248.7272295
11248.7272295,34.89616197347641,21.13229775428772,31.06357181072235,11.346389293670654,192.0,72.0,negative,11191.196725
11191.196725,31.266403019428253,25.398649096488956,35.92489540576935,6.542155504226685,225.0,90.0,positive,11255.941819
11255.941819,24.76631534099579,25.7503103017807,40.17380464076996,9.082354366779327,218.0,81.0,negative,11189.9907195
11189.9907195,27.635815739631653,31.512747585773468,32.03431785106659,2.4557281732559204,205.0,85.0,positive,11214.1828817
11214.1828817,21.277129650115967,20.11785262823105,35.79311120510101,4.614315986633301,199.0,59.0,positive,11304.3970694
11304.3970694,40.60216283798218,21.060436069965363,33.041210532188416,3.058984875679016,223.0,85.0,negative,11269.1281102
11269.1281102,33.19289004802704,54.10399574041367,30.491238474845886,3.991343915462494,200.0,103.0,negative,11100.4681253
11100.4681253,21.305712699890137,35.87922275066376,21.02612042427063,1.5346486568450928,144.0,94.0,negative,11087.0770344
11087.0770344,22.709261059761047,25.903298437595367,14.985048055648804,6.3408123254776,129.0,87.0,negative,11069.1011849
11069.1011849,15.727679789066316,17.53032875061035,11.510549128055573,5.554609775543213,115.0,51.0,negative,11004.2011107
11004.2011107,12.238645374774933,18.90941971540451,14.331079363822935,0.0,115.0,58.0,positive,11005.7539291
11005.7539291,20.64823424816132,16.475322544574738,16.718519270420074,0.9336262941360474,104.0,47.0,positive,11026.3745326
11026.3745326,20.32451432943344,11.936532378196716,13.388156652450562,1.5503421425819397,118.0,36.0,negative,11000.1750008
11000.1750008,9.047099769115448,19.161293983459476,17.362336814403534,1.630821704864502,101.0,38.0,negative,10990.9726395
10990.9726395,13.589657664299011,15.408664882183077,13.465244770050049,3.030754566192627,104.0,48.0,negative,10921.3065038
10921.3065038,11.727549076080322,12.462920546531675,16.859728634357452,3.1805188059806824,71.0,36.0,positive,10999.4508713
10999.4508713,11.331845045089722,15.134158372879028,4.817669272422791,2.54550439119339,90.0,31.0,negative,10972.6613587
10972.6613587,13.103984713554382,22.3402116894722,6.979817748069763,1.5816445350646973,128.0,46.0,negative,10936.9637356
10936.9637356,9.911464273929596,15.999487102031708,15.713316321372986,0.7652139067649841,79.0,40.0,negative,10930.7778967
10930.7778967,10.448723196983336,23.278665006160736,10.145431101322174,3.9374555349349976,106.0,53.0,positive,10939.3889532
10939.3889532,11.903117001056671,31.58409416675568,11.851689755916595,7.000922620296478,87.0,98.0,positive,11020.4731745
11020.4731745,15.1905277967453,36.5710072517395,11.749958395957949,4.612794995307922,115.0,131.0,negative,10960.9629085
10960.9629085,12.841188371181488,20.069368302822117,16.932653725147247,11.63979345560074,114.0,70.0,positive,11001.1748516
11001.1748516,17.163124561309814,17.915730237960815,22.99672043323517,4.89070850610733,139.0,63.0,positive,11010.391987
11010.391987,23.77078086137772,19.78711354732513,16.252796947956085,4.878235757350922,150.0,66.0,positive,11035.0708802
11035.0708802,13.197045147418976,26.8214328289032,20.43917816877365,4.326902210712433,139.0,90.0,positive,11085.6544167
11085.6544167,18.111863493919373,21.973480880260468,17.89196914434433,4.120448648929596,121.0,66.0,positive,11110.4521067
11110.4521067,21.04336780309677,27.76616615056992,16.66440385580063,2.607338547706604,146.0,81.0,positive,11143.8769846
11143.8769846,19.81175708770752,27.637999534606934,11.553983092308044,4.087501883506775,119.0,96.0,negative,11090.650675
11090.650675,13.06101930141449,37.36954206228256,12.305883646011353,5.532111763954163,115.0,99.0,positive,11144.6970351
11144.6970351,9.116094291210176,25.311924517154694,19.199117302894592,0.7841416001319885,91.0,53.0,negative,11111.2142899
11111.2142899,12.77621704339981,31.552750408649445,6.834328651428223,7.485820829868317,90.0,95.0,negative,11051.5878093
11051.5878093,12.067138016223907,10.335221469402311,16.01278156042099,1.5924871563911438,88.0,49.0,negative,11012.239643
11012.239643,11.173856139183044,25.905725359916687,8.760422348976135,2.6029828786849976,88.0,79.0,negative,11002.3356365
11002.3356365,10.0551295876503,40.455457270145416,8.133230865001678,7.361640930175781,71.0,105.0,negative,10988.4573398
10988.4573398,15.6650630235672,23.18840366601944,9.579264402389526,2.4373871088027954,95.0,57.0,positive,11053.6540337
11053.6540337,13.142241954803469,16.093964159488678,12.924700438976288,4.325733184814453,88.0,49.0,negative,11044.1466599
11044.1466599,10.29592138528824,15.997194409370422,5.857261836528778,1.6251104474067688,70.0,42.0,positive,11141.4633077
11141.4633077,13.58537894487381,10.7967147231102,13.883605420589449,5.589125454425812,106.0,46.0,positive,11142.1458054
11142.1458054,17.938774943351746,21.305395424366,12.522113621234894,5.92335307598114,112.0,55.0,negative,11126.0035842
11126.0035842,6.310976028442383,18.709879100322723,6.69936203956604,6.35811585187912,57.0,53.0,negative,11111.824138
11111.824138,8.384169220924377,12.356811702251434,8.786790132522583,4.1748515367507935,71.0,34.0,positive,11171.2980307
11171.2980307,10.755473256111143,14.34783101081848,9.207023561000824,11.75534838438034,77.0,60.0,positive,11199.6372049
11199.6372049,7.181454360485077,15.267200112342834,10.893060743808746,4.310945212841034,66.0,46.0,negative,11192.8920392
11192.8920392,11.667360305786133,17.038841605186462,12.709366142749786,4.876767635345459,106.0,47.0,negative,11139.4919798
11139.4919798,22.092194616794583,29.064947068691254,21.41860145330429,3.234842300415039,176.0,96.0,positive,11211.1476105
11211.1476105,19.489680886268616,26.78997761011124,23.35080361366272,6.619430661201477,150.0,77.0,positive,11324.9854381
11324.9854381,29.649908125400543,41.40092313289642,19.530755162239075,8.069037735462189,175.0,151.0,negative,11314.1029222
11314.1029222,42.30194425582886,19.182121753692627,26.25483256578445,9.079183042049408,209.0,128.0,negative,11282.2416328
11282.2416328,23.24629247188568,24.38520258665085,17.279783010482788,4.106646776199341,148.0,70.0,negative,11241.5506752
11241.5506752,20.89692968130112,30.88580322265625,25.532883405685425,5.6713351011276245,159.0,84.0,positive,11302.1832334
11302.1832334,17.25700145959854,37.04683244228363,38.01910823583603,7.066805839538574,234.0,100.0,positive,11332.0444603
11332.0444603,20.863143742084503,18.51292759180069,19.064859747886658,1.8074167966842647,183.0,68.0,positive,11395.3049077
11395.3049077,26.54865252971649,29.59651750326157,24.62949949502945,3.301732122898102,237.0,70.0,negative,11312.2259422
11312.2259422,19.75269168615341,24.034100353717804,19.75781387090683,7.311221361160278,163.0,66.0,positive,11323.4664207
11323.4664207,17.009227216243744,17.039370834827423,22.12001657485962,7.162201464176178,148.0,61.0,negative,11262.7490624
11262.7490624,11.018547594547272,41.974175810813904,16.890908420085907,11.639476001262665,112.0,122.0,positive,11269.0813497
11269.0813497,17.214979469776154,23.81930822134018,23.566427648067474,4.635581970214844,151.0,61.0,positive,11317.3092141
11317.3092141,20.97183644771576,17.14041841030121,17.28684389591217,6.376007258892059,144.0,57.0,positive,11356.1980926
11356.1980926,12.52155077457428,22.324541866779327,15.247117817401886,7.933082401752472,116.0,68.0,positive,11387.9527725
11387.9527725,19.37125718593597,29.22036188840866,22.95716500282288,2.593952298164368,119.0,71.0,positive,11568.5704354
11568.5704354,15.36161196231842,10.416028797626495,17.82730907201767,5.380435466766357,143.0,143.0,positive,11625.9545931
11625.9545931,27.463103353977203,16.52177858352661,29.23597115278244,2.954023718833924,227.0,110.0,positive,11641.47934
11641.47934,19.193659365177155,8.76772141456604,28.159486830234528,2.393956065177917,194.0,25.0,positive,11645.6543615
11645.6543615,15.288394629955292,12.081341743469238,25.290350914001465,0.0,158.0,40.0,negative,11641.3631836
11641.3631836,25.488897383213043,4.790784060955048,16.822910487651825,4.084058046340942,141.0,28.0,negative,11616.7003282
11616.7003282,12.708877861499786,14.46414077281952,20.552961707115173,6.841487288475037,121.0,56.0,positive,11639.0983212
11639.0983212,12.101720690727234,23.978252053260803,18.53767490386963,6.09196925163269,119.0,74.0,negative,11630.7248026
11630.7248026,24.62483489513397,24.616668164730072,26.067170321941376,6.1611639857292175,177.0,67.0,negative,11540.4959704
11540.4959704,29.00674831867218,24.021048426628116,24.06749910116196,2.73806369304657,174.0,96.0,positive,11573.5310683
11573.5310683,37.05894786119461,46.170563101768494,31.396051943302155,13.07297134399414,210.0,139.0,positive,11601.0677756
11601.0677756,42.45213705301285,33.760862588882446,39.38108813762665,8.382307887077332,286.0,110.0,positive,11626.6718334
11626.6718334,35.82774519920349,41.06803387403488,38.50027048587799,10.30664759874344,301.0,125.0,positive,11654.1974315
11654.1974315,41.39937323331833,47.340758204460144,45.44296610355377,18.25454598665237,281.0,143.0,negative,11639.3476474
11639.3476474,38.9005206823349,37.56414449214935,35.50130641460419,15.189201712608336,237.0,127.0,positive,11729.7120634
11729.7120634,31.2629292011261,36.63051897287369,24.241446018218998,16.81358289718628,206.0,194.0,positive,11763.7443063
11763.7443063,36.71712005138397,34.15878415107727,39.44821482896805,12.670162856578829,303.0,122.0,negative,11724.2076494
11724.2076494,38.78105592727661,35.601915538311005,39.494977593421936,9.172677516937256,301.0,107.0,positive,11743.8105264
11743.8105264,30.948974311351776,22.22329330444336,29.78989088535309,7.1855122447013855,222.0,84.0,positive,11759.5927707
11759.5927707,27.764331936836243,26.185454785823826,24.540734231472012,8.341029107570648,183.0,99.0,negative,11749.2779239
11749.2779239,36.41618949174881,38.13571482896805,31.4767404794693,6.964861989021301,212.0,104.0,positive,11867.5243236
11867.5243236,24.051897585392,28.563742518424988,37.02660328149796,7.308794915676117,225.0,108.0,positive,11881.1352529
11881.1352529,37.09016680717468,19.448637425899506,47.94054418802261,8.91848224401474,264.0,81.0,positive,11916.6087179
11916.6087179,37.07366442680359,26.09620207548141,34.396093249320984,7.900169730186462,267.0,84.0,negative,11300.0473296
11300.0473296,61.36500418186188,42.75177836418152,76.84978359937668,9.33670824766159,505.0,913.0,negative,11274.6209624
11274.6209624,47.751305282115936,23.65788453817368,67.34280574321747,7.531913161277771,436.0,134.0,negative,11265.7433483
11265.7433483,33.60209262371063,31.90021324157715,55.77437800168991,8.027802109718323,283.0,83.0,positive,11323.4260014
11323.4260014,25.496542096138,21.18710458278656,26.61681705713272,4.799558937549591,167.0,65.0,negative,11268.2755899
11268.2755899,23.70249253511429,10.145046651363373,28.538382172584534,3.3081774711608887,192.0,58.0,positive,11271.0934131
11271.0934131,15.297245740890505,21.145718693733212,14.488154530525208,1.4595350623130798,126.0,53.0,negative,11234.6210103
11234.6210103,16.613374054431915,14.960771024227142,15.132239162921906,1.611835241317749,140.0,85.0,negative,11070.0867374
11070.0867374,14.750262558460236,17.699316263198853,17.8371359705925,2.3298839330673218,140.0,240.0,negative,11044.5874151
11044.5874151,24.647828817367557,24.046515941619877,34.99866443872452,5.6547563672065735,190.0,102.0,positive,11090.952866
11090.952866,29.940736532211304,20.50126016139984,30.310742259025574,7.692305982112884,193.0,81.0,positive,11144.4395612
11144.4395612,26.05259507894516,31.29170870780945,26.20860201120377,4.554612934589386,190.0,88.0,negative,11083.2285323
11083.2285323,22.972027599811558,31.661634743213654,27.714253187179565,7.984905481338501,186.0,85.0,positive,11164.8006641
11164.8006641,27.997034907341003,45.92561811208725,25.628767490386963,4.380788803100586,188.0,114.0,positive,11251.0682055
11251.0682055,41.64243125915527,40.26590901613236,33.06807816028595,7.738034605979919,262.0,102.0,negative,11205.32578
11205.32578,30.409708619117737,33.15182262659073,29.711079597473145,16.617789447307587,205.0,112.0,negative,11173.444128
11173.444128,23.08468598127365,51.16898971796036,21.11499446630478,15.744713246822355,158.0,150.0,negative,11104.0653572
11104.0653572,19.98313319683075,27.175496876239777,21.27028059959412,10.211079120635986,143.0,80.0,positive,11108.6746975
11108.6746975,13.708227813243866,27.117040932178497,15.358283758163452,4.994680404663086,98.0,96.0,positive,11115.1072242
11115.1072242,13.49177610874176,22.275097489356995,18.23587554693222,3.188286542892456,117.0,62.0,negative,11053.613901
11053.613901,21.033419132232662,21.73405611515045,17.276535153388977,4.609409928321838,136.0,74.0,positive,11116.1702492
11116.1702492,12.57885354757309,12.554058969020844,13.20072776079178,4.854084610939026,99.0,81.0,negative,11116.0119186
11116.0119186,12.607770681381226,15.33157217502594,13.411626815795898,2.2865858674049377,84.0,45.0,positive,11162.7989148
11162.7989148,10.52460652589798,14.409410953521729,10.097721874713898,5.780300080776215,81.0,47.0,negative,11117.7718808
11117.7718808,14.48678743839264,18.4679594039917,15.402064681053162,1.7302517890930176,104.0,51.0,positive,11163.3165686
11163.3165686,11.899662017822266,16.501314997673035,11.468174576759338,7.775341868400574,97.0,47.0,negative,11152.8869226
11152.8869226,6.201348781585693,13.646834433078766,7.506061673164368,2.5072782039642334,64.0,40.0,positive,11174.5503803
11174.5503803,7.077166497707367,24.614813923835754,9.647146105766296,0.7020129561424255,71.0,60.0,positive,11178.0381217
11178.0381217,6.537920832633972,13.900443017482758,7.400021433830261,0.7246540784835815,64.0,36.0,positive,11179.3120711
11179.3120711,10.81456619501114,17.84145575761795,6.4412760734558105,2.378977060317993,69.0,46.0,negative,11152.0572451
11152.0572451,10.594396948814392,10.336022078990936,4.657100260257721,3.994396150112152,78.0,47.0,negative,11147.0222921
11147.0222921,15.21465700864792,21.60359108448029,13.782446682453156,3.1833956241607666,105.0,53.0,positive,11179.5357608
11179.5357608,18.649578332901,16.366527438163757,11.109430611133575,4.0418397188186646,101.0,46.0,negative,11176.7248383
11176.7248383,20.4494651556015,19.54712331295013,24.93811821937561,5.904323875904083,171.0,57.0,positive,11225.3228197
11225.3228197,17.897176861763,30.88279014825821,19.113982439041138,5.116406321525574,156.0,96.0,positive,11235.2391149
11235.2391149,23.15744268894196,47.90323102474213,15.297186195850372,4.805247783660889,143.0,123.0,positive,11350.1747957
11350.1747957,29.435048520565037,34.066329538822174,28.21079856157303,4.540793478488922,186.0,99.0,positive,11401.6350141
11401.6350141,40.21231943368912,37.83871394395828,32.85881161689758,6.144738137722015,224.0,124.0,positive,11425.7728611
11425.7728611,29.725696682929996,34.002646028995514,34.23493820428848,3.8279545307159424,219.0,91.0,negative,11419.1028767
11419.1028767,36.19916927814484,26.965438067913052,23.96514093875885,10.002421379089355,199.0,96.0,negative,11415.1841183
11415.1841183,32.976484537124634,29.955429911613464,27.89844614267349,3.850280582904816,173.0,76.0,negative,11390.5226115
11390.5226115,23.94395786523819,31.165255963802338,33.962187349796295,6.663381516933441,196.0,93.0,negative,11320.4823849
11320.4823849,22.84885513782501,26.868921756744385,23.369004368782043,3.289029002189636,171.0,107.0,negative,11235.9004543
11235.9004543,17.540260314941406,23.326441645622253,26.156885504722595,1.5363317131996157,157.0,68.0,positive,11246.3487749
11246.3487749,15.970786809921265,38.90237730741501,25.86500036716461,3.911887884140015,141.0,84.0,positive,11376.6898902
11376.6898902,9.744419693946838,15.8202206492424,18.98481512069702,3.505009412765503,126.0,53.0,negative,11342.2299053
11342.2299053,12.850893020629885,17.716987311840057,17.350488543510437,2.5146695971488957,103.0,47.0,negative,11304.7428621
11304.7428621,23.299414813518524,22.365493714809418,20.87898015975952,5.438607931137085,159.0,67.0,negative,11254.4114533
11254.4114533,18.197258353233337,15.25759470462799,14.595855116844175,1.792063593864441,110.0,40.0,positive,11306.540818
11306.540818,14.160120129585266,8.940817832946777,14.660474419593813,2.424665749073029,114.0,32.0,negative,11284.7120807
11284.7120807,18.36160773038864,17.804691076278687,12.382418036460876,0.913870096206665,87.0,46.0,negative,11282.5089515
11282.5089515,21.6056404709816,13.715906620025637,11.870975136756895,0.0,121.0,44.0,positive,11308.8869833
11308.8869833,13.865562617778778,13.155904531478882,11.759375393390656,0.8642323613166809,120.0,31.0,negative,11287.436514
11287.436514,12.350122511386871,24.35119593143463,9.93251210451126,2.971357464790344,99.0,46.0,negative,11266.151833
11266.151833,15.187792003154756,18.376519203186035,12.12014776468277,0.782287061214447,83.0,36.0,negative,11243.2455507
11243.2455507,20.821137845516205,14.47282886505127,14.65741217136383,4.043649196624756,117.0,47.0,negative,11139.6902867
11139.6902867,13.700917422771454,17.17054045200348,16.375750720500946,2.2581028938293457,120.0,92.0,positive,11161.8795878
11161.8795878,24.157789528369904,31.24313586950302,22.631833493709564,4.106397330760956,157.0,83.0,negative,11142.0519361
11142.0519361,24.718092679977417,34.304632902145386,24.30956780910492,6.579886376857758,166.0,120.0,positive,11187.4049538
11187.4049538,26.787003934383392,55.51315748691559,19.77245569229126,8.789325952529907,177.0,125.0,positive,11213.9668312
11213.9668312,34.99738413095474,32.23829197883606,20.67743009328842,7.53918319940567,215.0,103.0,negative,11166.2163848
11166.2163848,39.592910408973694,37.47889930009842,36.791665732860565,7.816402316093445,273.0,92.0,positive,11234.8978383
11234.8978383,41.02881747484207,20.78565102815628,34.40976858139038,13.103616535663605,281.0,91.0,negative,11231.3235306
11231.3235306,32.366891503334045,36.588798463344574,32.73562490940094,10.65915459394455,199.0,112.0,positive,11245.618898
11245.618898,24.822239875793457,19.26991975307465,42.42038691043854,12.602169513702393,222.0,91.0,negative,11232.4692192
11232.4692192,35.10636645555496,35.4685583114624,38.8975835442543,8.95104455947876,217.0,107.0,positive,11245.2250635
11245.2250635,22.068581879138947,26.14007598161697,21.609611451625824,9.897048652172089,169.0,89.0,negative,11233.0198296
11233.0198296,17.48090559244156,22.647770822048187,25.99724119901657,2.601748466491699,168.0,67.0,negative,11205.8929179
11205.8929179,14.544451594352722,18.882721543312076,21.74320352077484,9.53949224948883,156.0,70.0,negative,11182.885245
11182.885245,13.933522701263428,15.77297669649124,10.76276284456253,1.511322021484375,92.0,39.0,positive,11186.854426
11186.854426,15.949644565582275,16.656864166259766,15.762132942676544,6.7491748332977295,115.0,66.0,positive,11206.1544912
11206.1544912,18.92999529838562,12.58661448955536,15.657845199108124,7.316130220890045,128.0,63.0,positive,11249.6195062
11249.6195062,14.123031616210938,11.470874071121216,19.924819707870483,4.92701667547226,126.0,50.0,positive,11260.938173
11260.938173,11.620111405849457,20.639460802078247,23.4332035779953,5.50144749879837,116.0,53.0,positive,11284.9914123
11284.9914123,15.156885087490082,34.21930682659149,12.436735153198242,6.425696551799774,106.0,68.0,positive,11296.3948208
11296.3948208,7.463138043880463,22.06519639492035,15.718889355659485,2.4653188586235046,79.0,46.0,negative,11294.7125368
11294.7125368,11.723868310451508,21.91144400835037,8.132919013500214,3.363384783267975,91.0,43.0,positive,11305.3606733
11305.3606733,10.68942928314209,18.010498583316803,11.075197398662567,1.6678709983825684,96.0,37.0,positive,11403.1642988
11403.1642988,14.769882678985596,19.751383662223816,19.383341014385223,1.7817095518112185,104.0,52.0,positive,11409.0075921
11409.0075921,14.613675117492676,18.12701618671417,15.794982492923737,4.159432411193848,106.0,56.0,positive,11432.1812399
11432.1812399,14.116649508476256,21.27360087633133,15.044035375118256,1.7673311233520508,101.0,66.0,positive,11569.1418969
11569.1418969,20.475099861621857,36.889355182647705,18.79787105321884,6.588417291641235,154.0,137.0,positive,11614.0216384
11614.0216384,17.732459902763367,18.07761436700821,15.905499815940855,4.111167371273041,106.0,80.0,positive,11633.2537143
11633.2537143,20.374566853046417,23.427510619163517,22.78933185338974,8.126691997051239,145.0,82.0,positive,11669.8188821
11669.8188821,20.285912334918976,45.988408863544464,26.96861559152603,8.387896001338959,159.0,133.0,negative,11659.3094375
11659.3094375,19.660259664058685,25.394781291484836,31.698652744293213,8.489402174949646,220.0,94.0,positive,11684.7888718
11684.7888718,18.472380936145782,30.78309136629105,20.297825515270237,6.447062611579895,154.0,87.0,negative,11665.6968368
11665.6968368,21.600565910339355,25.83713191747665,22.35064071416855,4.605884075164795,170.0,75.0,positive,11675.140008
11675.140008,24.485907673835754,12.772992432117462,19.84708952903748,3.441110074520111,144.0,33.0,positive,11685.9893292
11685.9893292,33.80419671535492,26.48724013566971,21.906424939632416,3.895724356174469,178.0,77.0,positive,11768.4948697
11768.4948697,26.318048000335693,23.62243342399597,18.502146065235134,10.40390282869339,144.0,113.0,negative,11651.803947
11651.803947,17.425248205661774,26.334439635276794,18.048486351966854,3.0821942687034607,150.0,118.0,positive,11747.0228312
11747.0228312,19.286521911621094,24.661240816116333,12.289410948753355,5.568803071975708,104.0,66.0,negative,11735.9168237
11735.9168237,7.030470311641693,20.26104384660721,14.616008162498474,3.103504359722137,87.0,78.0,negative,11681.4692376
11681.4692376,9.90095752477646,20.80135548114777,5.814616084098816,3.814141511917114,59.0,60.0,positive,11687.0962287
11687.0962287,13.085577666759493,22.982790887355804,10.859629809856417,4.908618628978729,88.0,68.0,negative,11669.42086
11669.42086,9.50573319196701,70.85487550497055,5.475672960281372,7.51943165063858,64.0,119.0,negative,11627.8938266
11627.8938266,14.65990275144577,35.36656391620636,9.245914936065674,5.569405376911163,83.0,103.0,positive,11628.6963
11628.6963,11.031529366970062,29.10174667835236,7.235182821750641,5.565982460975647,83.0,68.0,positive,11687.0929176
11687.0929176,8.205489218235016,22.152205228805546,12.944083750247955,4.987046480178833,91.0,59.0,negative,11650.4548189
11650.4548189,14.61390620470047,18.119429409503937,10.974438309669496,4.080233156681061,90.0,54.0,positive,11715.7851001
11715.7851001,12.07491374015808,14.531230747699738,10.102327823638916,6.927295625209808,72.0,56.0,positive,11741.7265922
11741.7265922,15.818505704402924,17.56614398956299,14.772399008274078,7.143087148666382,114.0,67.0,negative,11695.1213205
11695.1213205,16.282914757728577,19.452697694301605,15.647472023963928,4.849047183990479,101.0,62.0,positive,11709.3487719
11709.3487719,17.18749338388443,20.960198640823364,14.405111253261566,13.527823567390442,106.0,80.0,positive,11764.0865306
11764.0865306,14.124621331691742,31.73797607421875,21.996727526187897,7.028301358222961,113.0,108.0,positive,11867.1396159
11867.1396159,24.71550852060318,41.968459486961365,18.40466469526291,4.908910393714905,168.0,121.0,negative,11810.8226792
11810.8226792,29.90354037284851,43.50582319498062,22.13989853858948,5.652242362499237,173.0,124.0,positive,11844.687042
11844.687042,17.236642718315125,32.82452714443207,25.399177134037014,8.818972826004028,166.0,103.0,negative,11840.8790765
11840.8790765,33.48833405971527,31.29361242055893,42.65027493238449,7.829975724220276,261.0,102.0,positive,11871.5980009
11871.5980009,45.19564682245255,32.13657361268997,39.316156804561615,8.162930250167847,290.0,122.0,negative,11841.6223306
11841.6223306,31.545074939727783,38.67896538972855,22.417160212993625,2.447482824325561,192.0,115.0,positive,11865.9010533
11865.9010533,32.04731643199921,28.88542550802231,28.17258632183075,8.331150472164154,214.0,96.0,negative,11857.099667
11857.099667,38.54360240697861,32.69748514890671,35.05386012792587,12.324982404708862,253.0,131.0,negative,11759.9806252
11759.9806252,29.502296328544617,51.765713930130005,34.20510482788086,11.683056116104126,194.0,215.0,positive,11784.5165171
11784.5165171,25.780118763446808,26.884513795375824,21.723434805870056,3.5553049445152283,184.0,65.0,negative,11778.8942824
11778.8942824,18.32403570413589,21.027753710746765,22.54422903060913,5.57391232252121,147.0,75.0,positive,11807.1159615
11807.1159615,14.451793253421783,25.5219007730484,16.952426314353943,5.748983323574066,117.0,72.0,positive,11837.6452966
11837.6452966,12.948071300983427,27.52020412683487,20.23218083381653,11.680191397666931,115.0,105.0,positive,11872.72503
11872.72503,12.36341679096222,23.362764358520508,12.880156755447388,5.786885142326355,105.0,73.0,negative,11851.026153
11851.026153,19.422729671001434,26.394546627998352,6.84666782617569,5.262065052986145,117.0,83.0,negative,11818.6048365
11818.6048365,18.848834335803986,10.77939224243164,16.90604877471924,2.660942018032074,130.0,40.0,negative,11788.2178419
11788.2178419,16.290681898593903,20.06598848104477,14.836522221565248,1.7662503719329834,118.0,48.0,positive,11816.9986035
11816.9986035,21.64077717065811,19.240338802337646,11.034818828105928,4.08492511510849,149.0,59.0,negative,11795.2066087
11795.2066087,18.319604575634003,17.742725670337677,11.241439998149872,2.899883985519409,113.0,49.0,positive,11834.5378632
11834.5378632,17.486390113830566,21.25557792186737,15.699397206306458,2.2974303364753723,121.0,69.0,negative,11797.1740731
11797.1740731,12.027536630630491,18.746281385421756,8.838326930999756,1.6407036781311035,73.0,47.0,negative,11792.6870325
11792.6870325,14.535321593284609,12.803750991821287,10.080935955047607,0.0,87.0,41.0,negative,11756.9158554
11756.9158554,19.506903886795044,33.15227526426315,14.484978199005129,2.57197767496109,117.0,92.0,positive,11762.582953
11762.582953,30.78291565179825,26.24885618686676,21.256336212158203,8.68553638458252,190.0,82.0,negative,11744.198149
11744.198149,35.18934893608093,16.685078263282776,25.5989550948143,3.0588311553001404,204.0,71.0,negative,11643.7302821
11643.7302821,30.489853739738464,17.10024732351303,24.129896223545074,3.314468920230865,172.0,184.0,positive,11656.8729491
11656.8729491,27.18435829877853,28.87471836805344,24.45995980501175,8.691377639770508,190.0,95.0,negative,11631.4575716
11631.4575716,20.783800840377808,30.773429453372955,20.04121834039688,14.501595199108124,201.0,126.0,negative,11553.1348205
11553.1348205,24.1576229929924,40.07431894540787,27.31666886806488,15.694801688194277,178.0,178.0,negative,11489.8245155
11489.8245155,22.40577083826065,40.65944856405258,23.60510927438736,9.495776176452637,179.0,203.0,positive,11508.2741337
11508.2741337,19.64396327733993,26.90719783306122,18.34764802455902,5.992284715175629,153.0,91.0,positive,11575.9684061
11575.9684061,17.866819143295288,26.41468465328217,22.73802560567856,6.428239643573761,155.0,88.0,positive,11607.8890038
11607.8890038,19.96627503633499,23.965590000152588,26.342580556869507,3.185868978500366,167.0,66.0,positive,11615.8268321
11615.8268321,18.056651711463928,26.28906100988388,20.94049847126007,8.463248312473297,140.0,87.0,negative,11601.4727146
11601.4727146,17.98008233308792,32.44750273227692,15.097241699695587,1.4648215174674988,124.0,74.0,positive,11619.6592298
11619.6592298,10.536026775836945,22.934432566165924,12.715272426605225,9.700104832649233,89.0,76.0,positive,11633.1219538
11633.1219538,15.029526829719543,33.49623376131058,21.103650629520416,9.061052918434145,111.0,81.0,negative,11621.0022066
11621.0022066,13.857454180717468,15.802412867546082,12.617777347564695,9.70760214328766,95.0,66.0,negative,11564.2737424
11564.2737424,6.799461722373962,35.20199477672577,9.55580723285675,5.88012957572937,71.0,70.0,positive,11571.8882162
11571.8882162,16.45876133441925,12.199556648731232,16.4090433716774,3.0297731757164,98.0,41.0,positive,11618.1744324
11618.1744324,17.574490070343018,14.479570984840391,16.53382968902588,3.4312557578086853,117.0,38.0,negative,11611.6932076
11611.6932076,21.506980776786804,23.244085133075718,22.42919898033142,6.186786651611328,146.0,67.0,positive,11612.9221501
11612.9221501,12.779896795749664,23.755892634391785,22.01685619354248,3.29511296749115,114.0,55.0,negative,11595.7657176
11595.7657176,18.897361874580383,7.32625550031662,23.1178680062294,4.203289866447449,129.0,42.0,positive,11748.094824
11748.094824,17.981685757637024,17.96113210916519,28.65061831474304,5.192542970180512,139.0,73.0,positive,11756.947795
11756.947795,16.820015490055084,19.64762544631958,23.592153072357178,3.063342809677124,151.0,44.0,positive,11778.9624891
11778.9624891,30.38044273853302,17.634522020816803,32.65702700614929,3.252592802047729,194.0,56.0,positive,11779.2231689
11779.2231689,23.817361652851105,26.788619935512543,42.9213108420372,10.600036859512327,228.0,95.0,negative,11763.3430092
11763.3430092,35.85808461904526,25.05900812149048,42.83205199241638,8.130276620388031,262.0,82.0,negative,11750.0503582
11750.0503582,23.98862487077713,26.10562139749527,28.72263264656067,4.002256989479065,166.0,87.0,positive,11761.2092271
11761.2092271,24.991055965423584,29.043038308620453,27.31447434425354,12.051160037517548,173.0,113.0,negative,11697.5434838
11697.5434838,20.51722604036331,25.530757784843445,22.06224626302719,11.424790799617767,199.0,128.0,positive,11721.58095
11721.58095,29.642004191875458,36.24753928184509,32.057947278022766,9.671344816684725,191.0,111.0,negative,11678.2046849
11678.2046849,34.41300880908966,23.468239843845367,40.44932800531387,7.476482629776001,232.0,96.0,positive,11731.5148754
11731.5148754,36.36836689710617,30.574792325496677,28.003511428833008,4.370704829692841,220.0,86.0,negative,11727.0879832
11727.0879832,26.388786613941196,21.86408305168152,31.98016387224197,13.403885900974274,217.0,92.0,positive,11776.5079838
11776.5079838,20.96408212184906,33.61800158023834,21.839832186698917,8.213039815425873,138.0,95.0,negative,11738.0167934
11738.0167934,29.19375503063202,31.717693984508514,16.45171630382538,10.4943208694458,168.0,101.0,positive,11754.0458135
11754.0458135,76.84968340396881,22.63702541589737,17.971495449543,4.068973183631897,203.0,75.0,positive,11783.0262964
11783.0262964,14.347182989120483,19.58857905864716,11.034288465976717,9.081680715084076,98.0,66.0,negative,11715.8643853
11715.8643853,16.967193484306335,16.88324463367462,8.332414507865906,6.2261852622032166,132.0,57.0,positive,11732.8711548
11732.8711548,14.8455011844635,20.76841235160828,12.720686614513395,2.3963998556137085,95.0,48.0,positive,11756.2435248
11756.2435248,20.16724681854248,29.906761050224304,15.704749286174774,3.320546567440033,122.0,90.0,negative,11700.5689986
11700.5689986,12.697905600070952,16.350467205047607,9.83462679386139,3.1553585529327397,90.0,53.0,negative,11679.8391575
11679.8391575,19.69656902551651,20.053508460521694,8.283836901187897,3.5613775849342346,81.0,63.0,positive,11686.153504
11686.153504,14.828172028064728,10.148618698120115,11.889922261238098,3.360757529735565,84.0,45.0,positive,11708.8944707
11708.8944707,18.811050474643707,16.78950595855713,12.882116973400116,3.689940392971039,102.0,48.0,negative,11690.1695292
11690.1695292,14.859191656112673,17.994545996189117,10.58357673883438,2.63348400592804,95.0,50.0,negative,11675.616035
11675.616035,16.488542020320892,20.73663330078125,15.886303901672363,3.3106148838996887,118.0,58.0,positive,11682.2459458
11682.2459458,15.456844329833984,21.90291714668274,14.185586750507357,4.31955760717392,111.0,68.0,positive,11701.8965594
11701.8965594,16.935105562210083,23.89877551794052,13.771652579307556,2.227494895458221,111.0,66.0,negative,11669.7081693
11669.7081693,15.409382581710815,20.878236770629883,19.736749053001404,1.6002026796340942,122.0,57.0,negative,11637.0181985
11637.0181985,17.078881859779358,20.669590294361115,11.929086565971376,10.472116231918337,114.0,70.0,negative,11607.167764
11607.167764,18.45238173007965,34.48117744922638,22.28285038471222,3.121662557125092,161.0,95.0,positive,11610.2722016
11610.2722016,20.83937120437622,31.92238539457321,21.23839855194092,3.3136736154556274,183.0,82.0,negative,11587.2294969
11587.2294969,26.6131249666214,27.977249264717106,24.64816325902939,7.386242866516113,169.0,90.0,negative,11559.8828416
11559.8828416,23.743989050388336,28.43928235769272,20.294864058494568,4.874582588672638,164.0,88.0,positive,11644.5798882
11644.5798882,30.73689591884613,24.31230026483536,14.475863695144652,4.831554412841797,157.0,86.0,negative,11643.4234645
11643.4234645,12.152341663837433,33.985473692417145,18.014219403266907,8.409870982170105,131.0,86.0,positive,11680.3497283
11680.3497283,20.282777190208435,25.49136221408844,12.683522164821625,8.413828670978546,131.0,76.0,negative,11654.340413
11654.340413,9.505822241306303,35.15262305736542,19.04534024000168,5.653830766677856,127.0,95.0,positive,11685.3634956
11685.3634956,14.633704602718351,38.16503417491913,16.861111342906952,7.376327097415924,106.0,99.0,negative,11675.7393433
11675.7393433,16.399953365325928,77.70593905448914,21.61552298069,22.45217084884644,130.0,194.0,positive,11730.4323859
11730.4323859,12.423776030540466,29.58638429641724,10.046650350093842,8.96642655134201,103.0,115.0,positive,11823.2282268
11823.2282268,8.184390425682068,31.4008663892746,11.467745542526243,10.60344386100769,77.0,136.0,positive,11990.9431791
11990.9431791,25.77214777469635,42.47985714673996,30.109172523021694,10.654831051826475,231.0,235.0,positive,12008.6092244
12008.6092244,32.87438988685608,23.756994545459747,30.436685025691983,2.6418193578720093,224.0,108.0,negative,11981.3821406
11981.3821406,26.88687777519226,23.762670516967773,18.112728357315063,4.118070065975189,157.0,62.0,negative,11971.2722701
11971.2722701,16.181364238262177,11.144446909427645,20.06516355276108,6.833666801452637,145.0,49.0,positive,11992.9191008
11992.9191008,15.859569907188416,22.31627094745636,19.43678772449493,3.0975268483161926,99.0,55.0,negative,11977.1371832
11977.1371832,9.403251945972444,20.229361295700077,13.012228190898895,3.8560056686401367,80.0,56.0,positive,11987.0313202
11987.0313202,8.806638360023499,16.02597028017044,9.700373470783234,9.78611809015274,89.0,66.0,positive,11990.6292966
11990.6292966,8.311157584190369,29.590840101242065,3.839015185832977,10.875922322273254,67.0,89.0,negative,11730.362224
11730.362224,15.86815720796585,26.48881065845489,9.716445744037628,0.9082828164100648,107.0,384.0,positive,11752.720763
11752.720763,15.851707637310028,20.996877431869507,16.57097202539444,5.565121114253998,126.0,71.0,positive,11890.0723203
11890.0723203,9.698075354099274,35.965696692466736,17.098415851593018,7.389591217041016,114.0,120.0,positive,11913.9594942
11913.9594942,15.611732065677645,25.55639463663101,21.860746145248413,14.094532668590546,154.0,87.0,positive,11920.5682647
11920.5682647,21.1960369348526,47.77255254983902,15.294540405273438,13.411584496498108,145.0,125.0,positive,11920.9940947
11920.9940947,18.59519124031067,43.41496783494949,23.143779456615448,13.976772964000702,164.0,133.0,negative,11891.1430683
11891.1430683,24.83084064722061,32.16888618469238,19.801225304603577,8.95987343788147,147.0,104.0,positive,11893.1091795
11893.1091795,15.400152564048769,27.82994395494461,16.34453135728836,7.250032544136047,140.0,88.0,negative,11890.9673278
11890.9673278,23.18993467092514,33.95292991399765,17.415700554847717,15.617671072483065,152.0,115.0,negative,11873.5230659
11873.5230659,22.862547039985657,29.317108273506165,26.89152979850769,12.008466958999634,156.0,125.0,negative,11843.4600921
11843.4600921,19.82583504915237,35.13320046663284,26.554390788078308,5.544915080070496,150.0,114.0,negative,11839.30181
11839.30181,27.760350584983826,29.41844362020493,22.613377273082733,4.202436625957489,167.0,77.0,negative,11821.2235783
11821.2235783,18.851726174354557,23.466914117336277,32.49576407670975,11.746797561645508,179.0,89.0,positive,11881.64754
11881.64754,15.390959799289703,25.72937387228012,26.35187578201294,7.757367670536041,131.0,79.0,negative,11872.7442656
11872.7442656,16.761474549770355,26.956656336784363,14.809454023838043,3.1790302991867065,100.0,74.0,positive,11923.3596204
11923.3596204,10.34008240699768,42.00371116399765,22.175187706947327,6.160913825035095,112.0,91.0,negative,11879.930651
11879.930651,12.594903528690338,23.73397409915924,23.84629571437836,2.326051950454712,117.0,61.0,negative,11840.4294903
11840.4294903,19.60406267642975,34.716832518577576,16.393164217472076,3.3612385392189026,125.0,68.0,positive,11851.0831976
11851.0831976,17.448900282382965,10.308434963226318,16.65135908126831,7.392405092716217,100.0,38.0,positive,11864.7206156
11864.7206156,13.87060821056366,24.02494305372238,14.275927782058716,3.211974799633026,102.0,61.0,negative,11775.6317408
11775.6317408,12.153477191925049,27.376073479652405,28.864889442920685,3.458505630493164,141.0,76.0,negative,11772.3086462
11772.3086462,17.458777964115143,23.575479984283447,20.01619952917099,7.105340301990509,128.0,59.0,negative,11753.9969667
11753.9969667,10.945072829723358,21.306725919246677,17.81067180633545,4.843638300895691,104.0,56.0,negative,11743.6015165
11743.6015165,12.973753929138184,16.618627190589905,16.65272980928421,4.216087579727173,102.0,52.0,positive,11754.1168107
11754.1168107,18.00316548347473,16.979366660118103,16.822937965393066,4.142293274402618,99.0,57.0,negative,11751.7195052
11751.7195052,17.36185097694397,18.385861933231357,18.08250743150711,4.031323671340942,102.0,64.0,negative,11692.9359576
11692.9359576,25.97282773256302,39.19486403465271,18.505394399166107,6.565784692764282,155.0,138.0,negative,11667.6563162
11667.6563162,17.840419352054596,31.62630593776703,24.63002628087997,9.822714865207672,152.0,146.0,negative,11594.0580427
11594.0580427,24.47571939229965,24.996401727199554,21.6154944896698,2.508680939674377,162.0,87.0,negative,11534.5021942
11534.5021942,21.863138675689697,41.90573102235794,31.751773595809937,10.091958343982697,169.0,250.0,negative,11425.3402566
11425.3402566,24.873411774635315,33.92133539915085,29.036692321300507,4.83419793844223,167.0,185.0,positive,11498.2797007
11498.2797007,30.006002247333527,37.852102398872375,22.43573558330536,8.24399185180664,187.0,119.0,negative,11462.5290388
11462.5290388,22.784637570381165,33.432284235954285,19.48934531211853,14.992254614830015,145.0,112.0,negative,11429.3992805
11429.3992805,20.10362982749939,41.36735475063324,8.97599583864212,11.85559731721878,129.0,128.0,negative,11267.2830242
11267.2830242,19.50322026014328,39.59534925222397,28.28537857532501,11.52002364397049,181.0,263.0,positive,11315.9123663
11315.9123663,23.941887974739075,30.215759336948395,27.002537071704865,4.728010952472687,181.0,120.0,positive,11364.0678273
11364.0678273,11.87955403327942,48.621244728565216,24.70629459619522,11.508859992027284,129.0,130.0,positive,11410.5256775
11410.5256775,21.85378348827362,19.057061553001404,21.80658233165741,7.933624029159546,151.0,85.0,negative,11353.0170277
11353.0170277,19.26641285419464,20.72484970092773,17.340207695961,7.730733931064606,112.0,78.0,positive,11361.811545
11361.811545,10.185510396957396,23.419730484485623,9.138179183006288,9.71311330795288,75.0,71.0,negative,11279.1997911
11279.1997911,13.53543907403946,19.06736809015274,11.346613824367523,8.716931819915771,102.0,66.0,positive,11373.6248374
11373.6248374,23.514561235904694,16.400042831897736,10.34666109085083,3.9841505885124207,117.0,60.0,negative,11339.8442509
11339.8442509,11.051621913909912,22.31897914409637,11.061259627342224,3.832341849803925,80.0,57.0,negative,11303.7654355
11303.7654355,12.880695283412932,22.37926024198532,10.146838009357452,2.661797285079956,87.0,50.0,positive,11347.4015501
11347.4015501,15.646650791168211,18.12583029270172,12.653022110462189,4.030770838260651,122.0,77.0,positive,11466.9730954
11466.9730954,21.01024627685547,14.720905721187592,30.448861718177795,0.754798173904419,166.0,59.0,positive,11467.7573825
11467.7573825,10.468323588371277,33.02766788005829,17.876096487045288,3.048957347869873,94.0,61.0,positive,11494.8509229
11494.8509229,11.971774339675903,20.7017879486084,15.164909541606905,6.772583305835724,89.0,66.0,positive,11513.6015853
11513.6015853,12.717322289943697,16.423175811767578,11.441892385482788,8.662107825279236,102.0,69.0,negative,11500.3603297
11500.3603297,18.58530342578888,20.14387118816376,17.915272533893585,4.846342146396637,101.0,68.0,positive,11502.7367892
11502.7367892,22.05348163843155,23.18492239713669,16.83105617761612,4.988368034362793,123.0,67.0,positive,11574.2341873
11574.2341873,19.652406096458435,16.72879856824875,20.196345806121823,3.304657518863678,139.0,62.0,positive,11608.9785832
11608.9785832,23.51368886232376,28.8076930642128,21.196342885494232,2.9434887170791626,149.0,87.0,negative,11590.6815654
11590.6815654,17.484194815158844,42.77705281972885,17.924035131931305,5.800452530384064,143.0,110.0,positive,11590.7053193
11590.7053193,26.93156188726425,17.220499575138092,26.42738229036331,5.148130536079407,161.0,58.0,negative,11555.1791546
11555.1791546,25.30794757604599,28.86081486940384,25.475241541862488,4.000685691833496,171.0,106.0,negative,11533.1493133
11533.1493133,14.5737646818161,27.67189657688141,21.988087117671967,5.289660692214966,160.0,78.0,positive,11596.0721111
11596.0721111,17.828510463237762,17.9688321352005,21.59279227256775,11.637160181999208,151.0,72.0,negative,11572.1141597
11572.1141597,22.829951107501984,23.8089080452919,29.507521986961365,6.580383062362671,176.0,72.0,negative,11542.5485751
11542.5485751,30.86052042245865,25.595559656620026,33.725341498851776,4.740383088588715,219.0,83.0,positive,11568.4300504
11568.4300504,21.754583656787872,20.27133858203888,23.15496945381165,9.03439599275589,142.0,71.0,positive,11584.9345762
11584.9345762,19.52547407150269,21.610111355781555,19.202020823955536,10.243435204029083,169.0,80.0,positive,11648.5723375
11648.5723375,16.548378944396973,33.82424980401993,21.384618401527405,8.095936894416809,139.0,99.0,negative,11622.9334374
11622.9334374,20.921241283416748,32.39543330669403,12.236371099948885,1.6644659638404846,115.0,70.0,negative,11574.6114963
11574.6114963,14.814005970954897,18.94058310985565,16.927175223827362,2.9570616483688354,128.0,51.0,positive,11577.761758
11577.761758,15.495500206947328,14.822100698947906,16.843612909317017,3.2950791716575623,95.0,56.0,negative,11577.2900443
11577.2900443,15.413667559623718,13.110538840293884,7.486112892627716,3.915752589702606,85.0,50.0,negative,11554.6395589
11554.6395589,16.758091807365417,12.928003191947935,12.302408158779144,0.7048550844192505,128.0,36.0,positive,11588.6063224
11588.6063224,17.082193911075592,22.67147958278656,15.57435417175293,4.083077013492584,110.0,61.0,negative,11545.1211947
11545.1211947,21.02551555633545,18.732268393039703,11.50478094816208,1.450778245925903,120.0,40.0,negative,11438.7966249
11438.7966249,15.78607827425003,12.081054389476776,7.536618769168854,2.7025919556617737,101.0,52.0,negative,11389.5980374
11389.5980374,13.933894693851473,15.646747946739197,14.034956157207487,3.9651419520378113,95.0,92.0,positive,11431.4147804
11431.4147804,14.806104123592377,32.316488206386566,20.640253126621246,4.142698109149933,121.0,78.0,positive,11563.5847937
11563.5847937,25.826383411884308,31.74568408727646,20.9612740278244,1.5632600784301758,141.0,89.0,negative,11478.8093818
11478.8093818,13.616572380065918,22.125199913978577,23.945983827114105,9.667110919952393,131.0,88.0,positive,11525.856802
11525.856802,19.35392564535141,70.32102763652802,18.72318941354752,8.11300015449524,123.0,145.0,positive,11532.1097699
11532.1097699,10.207554519176483,41.961477875709534,17.136501371860504,9.86929327249527,144.0,125.0,negative,11504.681987
11504.681987,30.144191563129425,30.61265653371811,12.930863440036774,5.640048861503601,177.0,78.0,positive,11538.5914632
11538.5914632,22.94390821456909,28.656961500644684,18.88094210624695,9.601250290870668,157.0,89.0,negative,11531.45515
11531.45515,16.66211748123169,20.168886482715607,26.077831745147705,3.19671493768692,153.0,62.0,negative,11508.1735423
11508.1735423,38.66982668638229,39.913817286491394,29.72949087619781,8.451142013072968,239.0,121.0,positive,11540.0788658
11540.0788658,36.21969002485275,27.01944983005524,34.906847178936005,8.008371591567993,213.0,86.0,positive,11627.7386356
11627.7386356,19.16412055492401,37.96221709251404,21.087571263313293,7.857386529445648,148.0,132.0,positive,11697.6672022
11697.6672022,23.332990765571594,34.255393624305725,27.250786244869232,9.497921347618105,169.0,135.0,positive,11749.7844438
11749.7844438,20.98199027776718,32.218617498874664,32.07756179571152,3.3410338759422302,175.0,98.0,positive,11784.1373895
11784.1373895,18.12186676263809,38.43738740682602,19.17250782251358,12.93628716468811,117.0,109.0,negative,11771.9318752
11771.9318752,18.18118327856064,27.08312100172043,19.190649092197415,4.91707170009613,117.0,77.0,positive,11797.698276
11797.698276,10.55144703388214,18.480871498584747,16.643637776374817,5.648355424404144,92.0,69.0,negative,11748.8687935
11748.8687935,17.70242154598236,20.82736414670944,11.158025562763214,4.939671754837036,120.0,64.0,positive,11762.0769463
11762.0769463,10.397648334503174,16.80592769384384,17.66568350791931,4.698918104171753,87.0,55.0,negative,11748.5544291
11748.5544291,15.392801463603972,13.55366337299347,10.77025443315506,4.539546012878418,80.0,44.0,positive,11763.5340348
11763.5340348,11.285483837127686,11.385437309741974,13.144843339920044,7.678973436355591,100.0,49.0,negative,11737.9867705
11737.9867705,10.517144680023192,12.46466076374054,17.894810020923615,1.7441158890724182,107.0,41.0,positive,11754.3233699
11754.3233699,13.223062813282011,11.05674248933792,9.517156660556791,4.391324460506439,139.0,45.0,negative,11744.0163406
11744.0163406,13.291449129581451,20.540776669979092,7.947743892669678,1.547237753868103,183.0,59.0,negative,11717.6154871
11717.6154871,10.685072720050812,17.75967687368393,14.564432621002195,5.65509843826294,90.0,47.0,positive,11758.7094033
11758.7094033,12.35184770822525,16.720716297626495,15.863847076892853,3.277790307998657,106.0,52.0,positive,11774.272369
11774.272369,11.199664652347565,25.843047738075256,13.071691513061523,5.734346389770508,100.0,64.0,negative,11753.9488651
11753.9488651,23.17665594816208,22.019571900367737,13.875049352645874,1.6629534363746643,122.0,54.0,negative,11727.557895
11727.557895,17.14283573627472,24.89901232719421,14.256154239177704,4.839511513710022,158.0,70.0,negative,11722.5564839
11722.5564839,20.2029487490654,22.58024483919144,26.43095809221268,9.711906611919405,160.0,72.0,positive,11734.4033358
11734.4033358,27.44912153482437,39.36495339870453,26.75999402999878,7.299956738948822,181.0,124.0,positive,11772.5409394
11772.5409394,42.07380139827728,29.76718121767044,49.99530637264252,5.597497761249542,281.0,105.0,positive,11813.0777704
11813.0777704,46.26219689846039,34.32974016666412,34.74318850040436,8.879891276359558,310.0,111.0,positive,11832.1637989
11832.1637989,35.06041145324707,35.04242467880249,29.22536391019821,8.909784138202667,212.0,105.0,negative,11822.9581386
11822.9581386,26.799991011619568,39.42747312784195,26.82902753353119,7.153336942195892,170.0,121.0,negative,11784.2171593
11784.2171593,30.83733290433884,39.59724622964859,29.322771966457367,14.123225569725037,172.0,128.0,positive,11787.0761084
11787.0761084,23.98183423280716,33.70576453208923,22.453020930290226,12.388360619544985,162.0,116.0,negative,11786.8125444
11786.8125444,26.51351249217987,27.52873170375824,22.74623101949692,6.589772641658783,178.0,82.0,negative,11768.8706193
11768.8706193,26.743586361408237,21.964989244937897,25.92187964916229,5.167035162448883,149.0,71.0,positive,11906.1576514
11906.1576514,16.026513397693634,46.12930661439896,21.806594133377075,8.225566267967224,148.0,159.0,positive,11913.7538084
11913.7538084,22.748400270938877,27.012840926647183,20.68047332763672,3.0500293970108032,162.0,85.0,negative,11888.8332695
11888.8332695,21.64700222015381,23.824658811092377,23.18734759092331,6.413444936275482,152.0,81.0,negative,11880.2448888
11880.2448888,27.22937554121017,28.64489072561264,25.990124940872192,4.095930874347687,180.0,75.0,negative,11863.5290835
11863.5290835,20.984377562999725,30.99464201927185,16.396028637886047,12.203508138656616,118.0,79.0,positive,11882.0747242
11882.0747242,16.257035732269287,25.113097727298737,18.210189998149872,6.907836496829987,115.0,66.0,positive,11900.6298187
11900.6298187,14.03389537334442,22.584930300712585,16.67879033088684,4.285996198654175,114.0,61.0,negative,11895.9140618
11895.9140618,14.470412611961365,21.071602940559387,18.82653397321701,3.9671846628189087,132.0,66.0,negative,11872.2271757
11872.2271757,17.908889174461365,22.42735755443573,20.99164515733719,1.5457424521446228,142.0,63.0,positive,11906.7974828
11906.7974828,13.445625364780426,19.36043918132782,7.564428567886352,1.54648357629776,102.0,58.0,negative,11889.4434416
11889.4434416,20.76459217071533,18.473580241203308,19.059619784355164,2.299120962619781,128.0,48.0,negative,11863.1034647
11863.1034647,20.78167235851288,21.97009617090225,8.075609862804413,6.164228618144989,122.0,70.0,negative,11790.482899
11790.482899,18.839447677135468,34.251243352890015,17.418039321899414,3.30533105134964,134.0,144.0,positive,11814.130756
11814.130756,18.58772474527359,17.519740223884583,23.0276820063591,4.157707214355469,147.0,66.0,negative,11812.9775515
11812.9775515,18.35956919193268,52.86386287212372,9.156827569007874,11.244491577148438,136.0,144.0,positive,11853.292178
11853.292178,24.91140913963318,43.1675101518631,23.5542431473732,10.3809352517128,164.0,127.0,negative,11848.2103028
11848.2103028,25.70075911283493,25.95985776185989,19.49698132276535,6.511685311794281,168.0,81.0,negative,11844.2453604
11844.2453604,21.36988151073456,43.03390550613403,26.93834924697876,6.139025926589966,176.0,100.0,positive,11862.1541119
11862.1541119,18.837730526924133,31.035663604736328,21.67068094015121,4.900137007236481,167.0,85.0,negative,11844.6373393
11844.6373393,17.79233705997467,56.588345646858215,15.118280410766602,7.667372286319733,137.0,120.0,positive,11858.8596052
11858.8596052,16.567381739616394,34.913634300231934,16.679297029972076,6.420636594295502,124.0,95.0,positive,11897.7701408
11897.7701408,19.487076342105865,40.70684176683426,20.583899557590485,11.93208622932434,165.0,172.0,negative,11867.6074853
11867.6074853,23.1784942150116,39.12608140707016,23.26887607574463,5.540098667144775,170.0,120.0,negative,11865.69857
11865.69857,19.153475284576416,30.536429226398468,23.54365986585617,4.603472411632538,140.0,81.0,negative,11839.0712396
11839.0712396,17.325952529907227,26.050038039684296,21.169436812400814,4.782431423664093,163.0,72.0,positive,11861.8685587
11861.8685587,17.88395071029663,27.92969799041748,17.80150669813156,3.0489810705184937,142.0,76.0,positive,11865.0237485
11865.0237485,13.433462738990784,12.08912718296051,6.301283240318298,4.001221060752869,87.0,47.0,positive,11913.951088
11913.951088,12.716174483299255,7.80731076002121,14.474655747413635,4.255589842796326,93.0,33.0,negative,11913.8571763
11913.8571763,6.717674612998962,17.984368860721588,12.058605015277864,3.172165989875793,72.0,44.0,negative,11898.3928315
11898.3928315,9.459458112716677,13.427171528339386,11.368602454662325,5.424438059329987,100.0,47.0,negative,11876.1773342
11876.1773342,10.895779132843018,13.6208558678627,11.42935585975647,2.628794491291046,75.0,37.0,negative,11871.4386854
11871.4386854,6.478415787220001,20.402785539627075,9.327567875385284,3.4220343828201294,80.0,53.0,negative,11859.0817283
11859.0817283,12.70164668560028,10.79099690914154,6.114026844501495,1.5980791449546814,66.0,41.0,positive,11880.910992
11880.910992,8.956140041351318,33.32258439064026,6.308314621448517,4.968964576721191,71.0,66.0,negative,11805.7509254
11805.7509254,8.23546051979065,14.34305465221405,9.905821681022644,0.9363622665405272,75.0,41.0,negative,11783.7057827
11783.7057827,5.7109546065330505,30.854792296886444,11.424666702747343,0.793699324131012,54.0,58.0,positive,11789.5317106
11789.5317106,17.473770558834076,20.09585452079773,5.058726787567139,1.5765302777290344,75.0,65.0,positive,11820.3544138
11820.3544138,17.551128387451172,14.5618115067482,10.99865984916687,1.6511624455451963,92.0,46.0,negative,11813.7087637
11813.7087637,18.283914387226105,29.700373709201813,19.62715929746628,12.683025658130646,133.0,109.0,positive,11861.9012351
11861.9012351,23.47653472423553,27.744128942489624,20.43714040517807,3.970680952072144,162.0,93.0,positive,11866.2932128
11866.2932128,21.866618752479557,34.75866746902466,19.486757278442383,9.66559362411499,135.0,89.0,negative,11840.1208399
11840.1208399,7.888595044612884,25.05101889371872,17.31364232301712,1.494202196598053,126.0,66.0,negative,11837.7935978
11837.7935978,19.732726097106934,36.19865417480469,16.02968257665634,9.69916421175003,113.0,126.0,negative,11832.4535856
11832.4535856,18.52936065196991,32.92857080698013,22.436882853508,4.8957231640815735,137.0,112.0,positive,11843.412524
11843.412524,22.411898493766785,30.70096385478973,16.668063759803772,2.419660985469818,132.0,91.0,positive,11869.3562628
11869.3562628,21.918293118476868,17.48643147945404,10.07039839029312,8.448485434055328,115.0,68.0,positive,11887.075993
11887.075993,16.297904551029205,25.7897971868515,16.437977135181427,5.665686726570129,120.0,61.0,positive,11895.6577737
11895.6577737,16.0850448012352,17.559108078479767,11.53888374567032,7.1648067235946655,102.0,66.0,negative,11842.5274999
11842.5274999,14.508433282375336,21.59104001522064,14.357864797115326,5.647777199745178,82.0,76.0,positive,11845.250124
11845.250124,17.07883256673813,16.614403009414673,11.41508024930954,4.103677213191986,86.0,87.0,negative,11843.6991598
11843.6991598,10.27205777168274,14.755498766899109,10.752293527126312,6.464669346809387,80.0,65.0,positive,11849.6436645
11849.6436645,8.690506219863892,11.743493139743803,9.707458555698397,2.6336106657981877,91.0,52.0,negative,11823.111634
11823.111634,13.366819977760317,17.88990479707718,13.142121493816376,2.550475060939789,102.0,51.0,positive,11825.2714202
11825.2714202,17.731080412864685,22.384645581245422,18.36315029859543,2.333275318145752,119.0,62.0,negative,11816.2151014
11816.2151014,16.390049040317535,22.16756707429886,17.70275092124939,2.2559949159622192,117.0,50.0,positive,11822.7059319
11822.7059319,12.281107783317566,14.841449916362762,15.616204559803007,3.805022180080414,95.0,47.0,positive,11877.4223261
11877.4223261,13.037340342998505,19.19378024339676,15.97857803106308,1.8351980447769165,113.0,45.0,negative,11858.2259507
11858.2259507,15.487196564674376,16.652139604091644,23.914771497249603,0.92365562915802,144.0,40.0,positive,11867.1247498
11867.1247498,9.814513385295868,25.40610122680664,19.489819765090942,3.568249762058258,112.0,64.0,positive,11909.3170219
11909.3170219,14.244783282279968,17.346878707408905,14.969825387001038,5.8891817927360535,110.0,54.0,positive,11922.6745555
11922.6745555,18.461752712726597,59.05732858181,23.47117638587952,1.4224397540092468,140.0,111.0,positive,12074.4212622
12074.4212622,31.244826018810272,42.05540829896927,41.15424185991287,7.212670385837555,299.0,411.0,positive,12124.4971895
12124.4971895,43.850198209285736,33.83264046907425,32.425063729286194,8.913377940654755,237.0,126.0,positive,12349.8787385
12349.8787385,34.78569793701172,43.31519627571106,37.81287318468094,10.27968168258667,260.0,255.0,negative,12309.2522302
12309.2522302,28.12335389852524,46.767112135887146,48.601527094841,13.521687924861908,276.0,181.0,positive,12334.4198244
12334.4198244,34.9481583237648,37.88112211227417,43.4503635764122,5.760651767253876,284.0,118.0,negative,12265.0545453
12265.0545453,42.45430600643158,38.58059114217758,27.63099706172943,15.827350437641144,222.0,134.0,positive,12290.3880977
12290.3880977,13.789902925491331,29.44359940290451,20.219674229621887,9.653051376342772,129.0,110.0,negative,12272.1896054
12272.1896054,24.38958156108856,31.384734570980072,20.784737467765808,14.223787724971771,171.0,88.0,negative,12270.6530672
12270.6530672,20.90986764431,27.81249707937241,24.431634962558743,2.3730254769325256,162.0,79.0,positive,12308.8952047
12308.8952047,15.466343581676483,27.003805220127106,24.830176413059235,7.54884523153305,141.0,87.0,negative,12254.4019083
12254.4019083,23.267846047878265,24.515555381774902,19.531712234020237,6.750638663768768,141.0,81.0,positive,12294.9865424
12294.9865424,15.970460295677183,17.453635573387146,15.67219763994217,4.888107061386108,143.0,77.0,negative,12259.044199
12259.044199,15.799882113933563,26.90455287694931,8.749791502952576,11.185651898384094,127.0,88.0,positive,12319.3271238
12319.3271238,13.518687665462494,33.939886033535004,8.285205841064453,8.895200073719025,90.0,92.0,negative,12292.7932889
12292.7932889,12.491429269313812,20.790600061416622,14.85013198852539,4.072421193122864,108.0,68.0,negative,12269.6841602
12269.6841602,13.02576470375061,24.09886658191681,11.13680362701416,6.423828840255737,91.0,79.0,negative,12252.6682348
12252.6682348,13.88170164823532,14.297081768512726,16.310451090335846,2.701546609401703,110.0,50.0,positive,12269.3893068
12269.3893068,12.45794552564621,10.568552374839784,9.256932377815248,5.794115543365479,65.0,52.0,negative,12263.1459628
12263.1459628,14.913978040218351,23.62728315591812,9.434671580791472,2.3734118938446045,94.0,51.0,positive,12265.3153038
12265.3153038,7.65657764673233,16.287581384181976,12.049752116203308,5.681596100330353,101.0,54.0,negative,12240.0543414
12240.0543414,16.47591483592987,15.5512877702713,14.14612078666687,5.629011750221252,127.0,54.0,positive,12287.1202976
12287.1202976,26.830702483654026,19.578056156635284,19.182178556919094,3.185524880886078,157.0,59.0,negative,12253.707635
12253.707635,24.27417278289795,26.248504638671875,18.07450830936432,5.883392214775085,148.0,82.0,positive,12256.1936609
12256.1936609,13.200671434402466,31.75511473417282,20.26150304079056,11.255018055438995,110.0,106.0,negative,12210.7856804
12210.7856804,18.773541688919067,27.77035760879517,18.01266211271286,9.693523705005646,148.0,159.0,negative,12009.5424814
12009.5424814,21.82625502347946,22.98653358221054,23.694767892360687,7.916415631771088,174.0,280.0,negative,11995.4376785
11995.4376785,23.83231198787689,44.501190423965454,22.00979375839233,3.9960389733314514,146.0,99.0,positive,12039.5527214
12039.5527214,32.88913464546204,26.95259642601013,21.865495204925537,10.169208526611328,196.0,88.0,negative,12029.7636626
12029.7636626,21.66331672668457,28.112274050712585,28.06228178739548,8.715868949890137,151.0,98.0,negative,12010.0997804
12010.0997804,24.555588603019714,19.49385672807693,22.518915235996246,3.0934121012687683,165.0,70.0,negative,12008.5345991
12008.5345991,20.227631628513336,14.780856788158417,39.80333864688873,4.454181134700775,160.0,56.0,positive,12018.2770288
12018.2770288,19.755572855472565,27.887489914894104,17.337992131710052,3.061343491077423,140.0,68.0,positive,12078.9139455
12078.9139455,23.145032286643985,27.52495974302292,16.588554084300995,10.164815604686735,146.0,74.0,negative,12064.7103285
12064.7103285,20.75505179166794,29.11693412065506,14.71064805984497,7.220427453517914,172.0,103.0,negative,11991.2332456
11991.2332456,13.623914182186128,20.389122247695923,14.7050439119339,4.072538375854492,107.0,50.0,positive,12001.7908322
12001.7908322,22.131301939487457,20.680450797080997,22.656398713588715,4.999354600906372,123.0,53.0,positive,12001.9211028
12001.9211028,15.289478957653046,16.597949743270874,11.059855282306671,3.359266877174377,83.0,49.0,negative,11950.7859746
11950.7859746,9.442352652549744,16.165944755077362,10.985778272151949,4.880497336387634,84.0,55.0,negative,11913.9158715
11913.9158715,15.21179050207138,22.01917123794556,10.573142290115356,4.851446032524109,82.0,67.0,negative,11812.7223428
11812.7223428,7.051810026168823,19.888882160186768,5.4334065318107605,4.752389430999756,79.0,199.0,negative,11786.593896
11786.593896,16.202563107013702,14.234854340553284,11.2524716258049,3.996029853820801,84.0,50.0,negative,11777.5622075
11777.5622075,14.373362362384796,22.573070228099823,10.550536572933195,5.666321158409119,74.0,82.0,positive,11838.9512525
11838.9512525,14.23117709159851,16.19984894990921,14.498347163200378,2.5579525232315063,104.0,43.0,negative,11826.0600598
11826.0600598,9.061099231243134,20.285139083862305,11.934456884860992,1.6495994925498962,92.0,44.0,positive,11832.4550404
11832.4550404,13.71010971069336,20.488947987556458,11.855456233024595,1.7126808166503906,84.0,51.0,negative,11806.3906433
11806.3906433,15.169117271900175,11.809092223644257,11.55341738462448,2.295292019844055,92.0,36.0,positive,11852.5558176
11852.5558176,18.7989165186882,13.327039241790771,5.154565989971161,2.219955861568451,92.0,44.0,positive,11870.1343054
11870.1343054,12.203231811523438,26.393228948116302,13.115679681301115,3.326016306877136,87.0,57.0,negative,11865.7994389
11865.7994389,7.498171091079712,28.317109525203705,9.367603361606598,13.162956178188324,71.0,99.0,negative,11817.2418937
11817.2418937,10.98798531293869,17.217093348503113,8.979159116744995,7.206098794937134,95.0,76.0,negative,11781.281977
11781.281977,16.614521980285645,30.61634933948517,16.57414186000824,5.702176094055176,144.0,105.0,negative,11777.3622232
11777.3622232,20.768648147583008,34.11193072795868,19.346976578235623,7.761556684970856,147.0,100.0,positive,11802.7576644
11802.7576644,13.641273617744446,35.63018947839737,14.94532424211502,5.476857006549835,102.0,91.0,negative,11746.8681686
11746.8681686,16.780830025672913,12.607288718223572,19.387544095516205,4.232869446277618,132.0,62.0,negative,11723.7119474
11723.7119474,19.23389858007431,13.315070569515228,19.17704057693481,3.1240599751472478,127.0,40.0,positive,11727.7483838
11727.7483838,13.035424649715424,40.94385886192322,12.534246981143951,4.206335008144379,93.0,113.0,positive,11738.2774385
11738.2774385,13.428566038608553,33.76629501581192,12.485050976276398,3.260778248310089,84.0,65.0,positive,11781.2085935
11781.2085935,16.646550714969635,26.353267788887024,8.053635656833649,1.6712352633476255,93.0,60.0,negative,11758.2835921
11758.2835921,13.241872489452362,27.67139971256256,12.46323698759079,4.86567610502243,96.0,68.0,positive,11808.7815407
11808.7815407,19.03244537115097,24.51535987854004,12.31936937570572,4.356328547000885,111.0,57.0,negative,11782.4533551
11782.4533551,15.874165534973145,27.955072343349457,13.45915311574936,5.610964000225067,108.0,85.0,negative,11751.4940294
11751.4940294,19.6571701169014,14.793833434581757,11.8114572763443,4.186121582984924,107.0,61.0,negative,11731.5337866
11731.5337866,12.490710258483888,16.9655938744545,10.787923574447632,1.5596412420272827,91.0,36.0,negative,11731.1835676
11731.1835676,7.1200995445251465,9.528861165046692,9.127360105514526,0.0,68.0,24.0,negative,11722.5720386
11722.5720386,9.54834496974945,17.605134546756744,5.616621613502502,1.7173826098442078,69.0,47.0,positive,11778.1238102
11778.1238102,17.529552280902863,15.828498482704164,8.421477258205414,1.697312593460083,79.0,43.0,negative,11730.7763072
11730.7763072,9.6983003616333,9.736889004707336,5.930604994297028,4.32049697637558,86.0,48.0,positive,11766.9764183
11766.9764183,8.052050590515137,15.422694087028503,7.206464290618896,3.0460281372070312,69.0,36.0,positive,11795.5948634
11795.5948634,12.988704204559326,10.814877271652222,8.352756142616272,0.7785102128982544,101.0,33.0,negative,11781.6327074
11781.6327074,10.47810924053192,15.567187190055847,5.654730796813965,2.6057311296463013,65.0,57.0,positive,11813.6864403
11813.6864403,11.9860098361969,21.969341218471527,13.983952462673187,1.6814549565315249,87.0,49.0,negative,11812.3804545
11812.3804545,11.667100548744202,17.840961635112762,14.58400821685791,5.798772990703583,106.0,55.0,positive,11824.0917788
11824.0917788,15.13643091917038,28.435057878494263,12.412878513336182,4.754386365413666,111.0,86.0,positive,11858.6190416
11858.6190416,16.289297103881836,29.11775523424149,19.00798219442368,2.525736153125763,133.0,58.0,positive,11863.8859493
11863.8859493,17.47826737165451,63.34448617696762,16.323595464229584,15.979955196380615,134.0,156.0,positive,11871.3931302
11871.3931302,19.421436488628387,36.37205588817597,20.091020107269287,18.051044523715973,163.0,127.0,negative,11859.4683975
11859.4683975,17.915852069854736,39.45895767211914,20.47496902942657,5.558090925216675,111.0,96.0,positive,11886.4155201
11886.4155201,16.620260894298553,35.953235507011414,23.280855774879456,5.519538044929504,129.0,83.0,negative,11876.4317749
11876.4317749,24.057817935943604,22.89898669719696,33.29279136657715,7.287757158279419,169.0,78.0,positive,11882.114111
11882.114111,26.16475534439087,25.7651281952858,32.96668750047684,10.893532752990724,183.0,103.0,negative,11861.6905425
11861.6905425,21.732373535633087,25.17925500869751,30.225642919540405,6.370071589946747,180.0,70.0,negative,11847.8164955
11847.8164955,16.267205834388733,22.267643570899963,11.58166652917862,3.2591474056243896,164.0,59.0,positive,11878.026439
11878.026439,19.11670231819153,25.37819415330887,24.268672108650208,10.722865045070648,144.0,85.0,negative,11860.5303769
11860.5303769,16.970443964004517,29.490060031414032,19.640237271785736,9.762255370616913,149.0,97.0,negative,11834.6230355
11834.6230355,20.04557406902313,20.613270044326782,15.144631743431091,5.57003378868103,114.0,66.0,negative,11793.6442382
11793.6442382,17.529333293437958,17.249628841876984,10.197928190231323,3.807045638561249,93.0,55.0,positive,11866.1134895
11866.1134895,9.609492182731628,16.170494496822357,8.680394232273102,1.6758922934532166,66.0,47.0,negative,11862.2329154
11862.2329154,6.45957213640213,18.261499166488647,10.382897675037384,1.7221952676773071,54.0,44.0,positive,11864.0136387
11864.0136387,8.543419301509857,17.337960422039032,8.177938520908356,0.0,65.0,43.0,negative,11840.3637917
11840.3637917,9.437941312789915,38.06921809911728,9.59487509727478,4.795002341270447,70.0,75.0,positive,11856.2424535
11856.2424535,10.317482948303224,22.038483023643494,17.689711272716522,1.6498514413833618,106.0,57.0,negative,11827.6350814
11827.6350814,9.877623558044434,16.846015512943268,6.762675583362579,5.629111707210541,96.0,58.0,negative,11813.3674859
11813.3674859,12.277958691120148,16.277989983558655,13.995114862918854,2.379015862941742,111.0,44.0,negative,11763.4094349
11763.4094349,10.697708249092102,26.06622678041458,8.467350363731384,4.865404307842255,84.0,65.0,negative,11741.2025989
11741.2025989,9.238973379135132,17.3252015709877,13.173060178756714,5.341827034950256,106.0,60.0,positive,11780.5523371
11780.5523371,10.118478894233704,25.199489951133728,10.08779090642929,3.4355090856552124,78.0,71.0,negative,11748.4149204
11748.4149204,13.721404254436491,19.24369323253632,11.76044875383377,1.8051973581314087,89.0,45.0,positive,11751.9651373
11751.9651373,22.34931343793869,23.547018349170685,10.738320291042328,4.901882708072662,120.0,82.0,positive,11767.2808886
11767.2808886,17.172021865844727,24.43347990512848,10.325462877750397,7.928775012493133,104.0,80.0,negative,11738.3686787
11738.3686787,11.321661114692688,32.28594648838043,14.023026466369627,6.612841725349426,108.0,75.0,negative,11729.210871
11729.210871,10.951516449451448,39.45488780736923,15.198546946048737,6.808485925197601,110.0,110.0,negative,11701.6151741
11701.6151741,18.753528118133545,23.1718829870224,23.753337919712067,10.9036283493042,126.0,89.0,positive,11717.6519582
11717.6519582,10.63762390613556,27.488171815872192,6.557693779468536,3.2169764637947083,76.0,84.0,negative,11683.7031247
11683.7031247,17.90586483478546,26.95093137025833,14.546643912792206,14.569201588630676,116.0,101.0,negative,11564.9793191
11564.9793191,19.58590078353882,32.34348785877228,16.86857044696808,9.903456091880798,137.0,173.0,positive,11612.8535302
11612.8535302,8.748359084129333,34.162268698215485,20.907214879989624,9.938178896903992,112.0,92.0,negative,11585.4775342
11585.4775342,18.35900491476059,20.89510202407837,31.434907257556915,4.210968613624573,176.0,62.0,negative,11482.4959686
11482.4959686,18.583219289779663,15.290572702884674,25.043696463108063,1.7067191004753113,141.0,73.0,positive,11496.5081441
11496.5081441,16.712689220905304,17.96702480316162,20.01091831922531,5.491180896759033,131.0,64.0,positive,11497.7754175
11497.7754175,14.665201723575592,9.034237563610075,19.788544476032257,0.7153046727180481,127.0,40.0,positive,11513.8387972
11513.8387972,5.780484676361084,12.67401134967804,7.845883727073669,0.9244208335876464,58.0,39.0,negative,11491.5647456
11491.5647456,11.781274437904358,15.987604439258575,9.153341114521028,3.909804582595825,67.0,42.0,positive,11509.8106611
11509.8106611,9.221026122570038,10.912503600120544,10.566776275634766,4.985492706298828,70.0,33.0,positive,11568.1904427
11568.1904427,11.44549036026001,11.044420778751372,6.932592511177063,1.498935878276825,78.0,45.0,positive,11589.3696635
11589.3696635,11.684839010238647,15.412813127040865,12.31208324432373,2.3279436826705933,94.0,41.0,positive,11610.8250368
11610.8250368,6.379347681999207,14.541820764541626,12.274482011795044,2.4938085079193115,65.0,47.0,negative,11596.5091658
11596.5091658,5.449401378631592,17.727615654468536,6.610418319702148,3.34018874168396,56.0,44.0,negative,11594.409288
11594.409288,6.555595278739929,9.081523537635803,12.394236743450165,4.192112803459168,78.0,36.0,negative,11578.4464362
11578.4464362,7.525152444839477,18.5532585978508,15.548448145389557,1.661443054676056,87.0,53.0,positive,11616.580723
11616.580723,7.912335157394409,19.83032524585724,15.05301719903946,6.31691712141037,84.0,61.0,negative,11608.6502216
11608.6502216,11.422873258590698,31.509954631328583,14.49393665790558,1.4674283862113953,99.0,79.0,positive,11638.0389541
11638.0389541,21.243816435337067,37.18661707639694,23.253008008003235,9.059404373168944,144.0,97.0,negative,11617.3691495
11617.3691495,18.16017097234726,26.976651072502136,17.29224979877472,2.5344425439834595,107.0,72.0,negative,11586.6354884
11586.6354884,22.792764484882355,51.41521203517914,13.011353492736816,8.943654537200928,136.0,118.0,positive,11608.3447729
11608.3447729,34.26209443807602,22.054646968841556,20.560240387916565,3.939138531684876,172.0,60.0,positive,11623.0798859
11623.0798859,26.775027990341187,23.52389645576477,17.803520441055298,4.062200546264648,140.0,75.0,negative,11610.1668459
11610.1668459,17.736043512821198,31.868085384368896,16.102841317653656,4.138441205024719,111.0,71.0,positive,11622.851304
11622.851304,17.92762005329132,26.66268503665924,17.006079137325287,5.562322854995728,140.0,79.0,positive,11663.0415928
11663.0415928,17.953957617282867,14.339928925037384,18.54598581790924,4.052815079689026,109.0,49.0,negative,11655.8487559
11655.8487559,11.848530530929564,15.250059485435486,13.701081573963164,4.047163426876068,112.0,48.0,positive,11681.8255623
11681.8255623,16.027337610721588,16.275490701198578,14.99310266971588,9.513436615467072,93.0,67.0,negative,11650.1583049
11650.1583049,14.894857347011566,15.679766476154327,12.846254229545591,3.83256196975708,113.0,57.0,positive,11662.2967198
11662.2967198,16.766770005226135,17.89270943403244,11.4406715631485,0.8438127040863037,81.0,44.0,negative,11632.1931204
11632.1931204,7.618135631084442,19.459005773067474,9.738772869110107,3.843434751033783,62.0,58.0,negative,11624.2545694
11624.2545694,13.555544316768646,10.753021597862244,7.768012821674347,2.265661656856537,74.0,39.0,positive,11630.2159919
11630.2159919,10.261147260665894,12.53278237581253,7.291020333766937,1.839930534362793,69.0,40.0,negative,11595.8461911
11595.8461911,11.554954290390016,5.484880864620209,14.26329219341278,1.6249753832817078,78.0,29.0,positive,11632.7466244
11632.7466244,15.987886488437653,12.214016497135162,9.328542590141296,0.8405749201774597,99.0,23.0,positive,11640.8435202
11640.8435202,11.74787038564682,18.99796086549759,11.74996131658554,1.7499371767044067,80.0,42.0,negative,11600.1353909
11600.1353909,8.991497039794922,13.804716885089874,11.407138884067535,1.6231951117515564,88.0,43.0,positive,11609.8731106
11609.8731106,9.656566560268402,8.190400123596191,14.695068657398224,1.4681032299995422,65.0,31.0,negative,11568.6262007
11568.6262007,8.539630651473999,13.663011014461516,5.40866893529892,3.222750425338745,56.0,46.0,positive,11576.5085765
11576.5085765,8.953681766986847,21.22991651296616,4.728418588638306,2.726461112499237,56.0,65.0,positive,11578.8481732
11578.8481732,12.936920940876009,17.853970050811768,6.8270925879478455,1.522371530532837,75.0,44.0,positive,11606.5676586
11606.5676586,7.449896693229675,17.16600775718689,11.028778612613678,4.966147780418396,74.0,65.0,positive,11632.5807747
11632.5807747,14.91462767124176,28.312619864940643,9.25262290239334,8.793128967285156,109.0,86.0,positive,11656.8910858
11656.8910858,16.22620666027069,18.325681924819943,12.687257468700407,7.654569625854492,126.0,64.0,negative,11645.2742124
11645.2742124,18.408867061138157,16.240455865859985,18.476540088653564,13.116271555423737,131.0,63.0,positive,11652.5443553
11652.5443553,22.351732552051544,24.675859034061432,15.138127326965332,3.092978358268738,148.0,59.0,positive,11673.7661511
11673.7661511,11.324693202972412,20.41082441806793,22.37374383211136,4.869515299797058,126.0,63.0,positive,11684.2178694
11684.2178694,15.288890659809113,19.18432456254959,17.064642012119293,5.281738102436066,139.0,53.0,negative,11683.2323187
11683.2323187,19.538810074329376,16.232836484909058,16.84017252922058,1.4220585227012634,117.0,55.0,negative,11677.8950261
11677.8950261,17.226496756076813,23.65935480594635,7.676774084568024,6.553239166736603,96.0,64.0,negative,11663.8644297
11663.8644297,23.44128507375717,12.80019348859787,16.525591671466827,1.8462088704109192,152.0,43.0,positive,11664.8479948
11664.8479948,15.340703666210176,15.83469808101654,13.926111161708832,3.1827796697616577,128.0,58.0,negative,11648.7638676
11648.7638676,15.6656613945961,16.10319185256958,10.72553324699402,6.179534316062927,125.0,55.0,positive,11653.8374974
11653.8374974,13.282833278179169,17.624946534633636,12.078432857990263,2.3333934545516968,110.0,50.0,positive,11666.9891345
11666.9891345,16.72923171520233,20.0993572473526,18.16199469566345,4.843228161334992,147.0,57.0,positive,11685.0026351
11685.0026351,15.661750316619871,10.938923835754396,12.163257718086244,2.398890793323517,109.0,28.0,positive,11685.9206243
11685.9206243,10.12479531764984,15.452804565429688,10.855224251747131,1.5346437096595764,83.0,34.0,negative,11672.2261127
11672.2261127,9.3447704911232,13.483995616436005,6.303999662399292,4.123277902603149,57.0,36.0,positive,11737.5814156
11737.5814156,11.769032418727877,13.288556575775146,6.016233563423157,0.7405295968055725,65.0,43.0,positive,11751.055627
11751.055627,11.29906314611435,10.166405081748962,10.664989531040192,3.2908477783203125,78.0,37.0,positive,11773.3070149
11773.3070149,7.48309063911438,16.55489981174469,5.5628387331962585,6.481270968914032,60.0,59.0,negative,11768.6246935
11768.6246935,14.41392457485199,15.408181488513948,9.835570871829988,3.309175729751587,68.0,47.0,positive,11779.4732612
11779.4732612,7.0910468101501465,21.058349430561066,12.033265113830566,4.3002068400383,65.0,59.0,positive,11780.885122
11780.885122,10.445707499980928,22.24771100282669,13.60073071718216,5.863693177700043,83.0,62.0,positive,11780.921915
11780.921915,19.89615738391876,21.73778122663498,11.472424805164335,10.045248925685884,118.0,78.0,negative,11774.466119
11774.466119,18.023595690727237,31.194127678871155,19.838435888290405,10.0800741314888,134.0,128.0,negative,11748.6062519
11748.6062519,11.40256917476654,39.60093969106674,18.321500539779663,3.946551322937012,97.0,106.0,positive,11753.6479084
11753.6479084,15.491095423698424,24.130798995494843,7.038394212722778,5.63320118188858,96.0,64.0,positive,11760.0155912
11760.0155912,19.54079258441925,26.07004696130753,22.859039187431332,8.175452470779419,133.0,106.0,negative,11751.4296047
11751.4296047,17.42740833759308,16.05222636461258,20.46209329366684,6.559375941753388,139.0,69.0,negative,11743.8913636
11743.8913636,15.548631608486176,36.425539791584015,15.042099833488464,5.470414161682129,137.0,102.0,positive,11745.6511022
11745.6511022,17.071388363838196,21.16070729494095,13.193025469779968,12.174039125442505,120.0,89.0,positive,11748.225369
11748.225369,14.814010977745056,19.020193874835968,10.582138895988464,2.440388023853302,99.0,63.0,positive,11769.1682849
11769.1682849,10.225405871868134,37.28464239835739,20.567485094070435,5.762496769428253,99.0,93.0,negative,11761.8111698
11761.8111698,17.648866713047028,14.459855258464811,21.885827720165253,2.933039128780365,121.0,51.0,positive,11774.5958414
11774.5958414,19.3592529296875,17.533630847930908,9.299410462379456,1.699726939201355,92.0,56.0,negative,11763.1460112
11763.1460112,9.18200546503067,27.78016483783722,13.944265067577362,6.625718772411346,100.0,66.0,positive,11775.1056118
11775.1056118,12.5740048289299,25.65556126832962,10.834651529788973,4.131237983703613,82.0,63.0,negative,11711.3227533
11711.3227533,14.94672805070877,16.433564007282257,17.234203338623047,2.364850103855133,106.0,60.0,positive,11715.333719
11715.333719,15.174859166145325,12.15249001979828,20.23344331979752,1.5019490122795105,103.0,35.0,negative,11703.6406523
11703.6406523,8.384748458862305,8.015968561172485,7.8481364250183105,1.4582577347755432,80.0,35.0,negative,11693.2032253
11693.2032253,6.515231192111969,11.130496978759766,3.79476922750473,3.9883360266685486,54.0,44.0,negative,11642.5760016
11642.5760016,14.152917683124542,14.537659645080566,10.378923833370209,5.629260718822479,66.0,60.0,negative,11608.7587191
11608.7587191,11.93423181772232,8.807196497917175,6.151004374027252,0.0,63.0,40.0,positive,11611.5821461
11611.5821461,7.235116124153137,11.087791919708252,11.179696321487429,2.5447036623954773,68.0,45.0,negative,11607.006659
11607.006659,8.277081489562988,10.403641700744627,9.024217188358309,0.9087493419647216,82.0,35.0,positive,11642.0347868
11642.0347868,15.13510262966156,11.155383586883543,10.704265654087068,5.020924687385559,94.0,42.0,negative,11640.0827341
11640.0827341,12.49907010793686,20.237532198429108,15.260607540607452,2.571502566337585,100.0,47.0,negative,11535.1626106
11535.1626106,20.213679313659668,18.442785441875458,13.868506789207458,6.843948543071747,119.0,105.0,negative,11484.5920043
11484.5920043,11.50596284866333,27.09669017791748,16.319333612918854,5.663400888442993,111.0,65.0,negative,11463.5011241
11463.5011241,16.962124824523926,27.089590549468998,14.048274159431458,5.462669670581818,117.0,127.0,negative,11459.7278181
11459.7278181,14.724620580673218,25.692912101745605,8.319577157497406,6.427048921585083,99.0,91.0,negative,11458.6145793
11458.6145793,33.052138328552246,34.18119490146637,17.8888800740242,11.070201992988586,124.0,137.0,negative,11287.071348
11287.071348,21.021977066993717,33.3614935874939,23.375528275966644,4.134499430656433,143.0,189.0,positive,11327.7680983
11327.7680983,32.231717228889465,36.07585299015045,25.637142419815063,8.487415850162506,160.0,161.0,positive,11348.8188807
11348.8188807,19.174586236476895,39.11340153217316,27.642054438591003,9.723036408424376,156.0,117.0,negative,11313.6700399
11313.6700399,15.263417840003967,29.87060749530792,18.996558785438538,5.523399710655212,134.0,84.0,positive,11341.2304081
11341.2304081,10.470020532608032,24.229536712169647,11.403467953205109,5.761959552764893,77.0,81.0,positive,11384.4387843
11384.4387843,24.420408964157104,31.580865740776066,10.546809434890749,11.393507063388824,115.0,93.0,negative,11366.1350817
11366.1350817,22.01702481508255,18.235279977321625,12.765492618083954,9.965830147266388,118.0,74.0,negative,11306.1203437
11306.1203437,7.194326817989349,21.15786975622177,9.271255254745483,4.244653940200806,51.0,71.0,positive,11354.3652607
11354.3652607,4.746244490146637,17.710829854011536,12.065963625907898,4.189012467861176,79.0,55.0,positive,11406.783801
11406.783801,10.790322124958038,31.04428791999817,7.482100129127502,5.121154725551605,83.0,88.0,negative,11372.084061
11372.084061,13.654043972492218,25.07218939065933,14.572389304637907,1.5648760795593262,86.0,69.0,positive,11377.2872239
11377.2872239,16.649711906909943,51.98429501056671,10.40222853422165,3.799763858318329,92.0,107.0,positive,11387.0110137
11387.0110137,8.09846818447113,15.31328511238098,7.8220672607421875,9.626419484615326,66.0,48.0,negative,11357.0917364
11357.0917364,5.579775810241699,38.69328987598419,13.580233335494995,3.779034376144409,74.0,73.0,positive,11371.6475185
11371.6475185,8.267409563064575,47.37032777070999,18.716641902923584,5.854278564453125,96.0,102.0,positive,11371.9107535
11371.9107535,9.056564033031464,28.48644655942917,14.163185477256777,4.48252135515213,91.0,74.0,positive,11382.7770468
11382.7770468,7.036726236343384,27.436011970043182,4.5709545612335205,3.2145724296569824,58.0,69.0,positive,11412.9120441
11412.9120441,10.789468765258787,31.50503653287888,17.442824959754944,10.363809168338776,92.0,96.0,negative,11400.612732
11400.612732,12.262464106082916,25.277548253536224,10.615420937538149,5.599676966667175,80.0,80.0,negative,11332.3853412
11332.3853412,16.733197569847107,39.77198201417923,20.072570979595184,11.48533582687378,110.0,116.0,positive,11359.7135048
11359.7135048,14.17541092634201,31.57610297203064,16.51157647371292,7.423465967178345,113.0,100.0,positive,11455.6597573
11455.6597573,15.518647134304048,29.85884255170822,24.08125734329224,4.965046644210815,135.0,111.0,positive,11489.6056819
11489.6056819,29.555124580860134,29.12796139717102,21.29000747203827,2.809999167919159,160.0,78.0,positive,11494.9830123
11494.9830123,24.41780775785446,40.48504865169525,21.000662565231323,13.63916516304016,172.0,150.0,negative,11479.2956393
11479.2956393,17.742254495620728,37.4035130739212,11.34056693315506,7.06729656457901,126.0,90.0,negative,11468.9090984
11468.9090984,19.508715450763702,25.15409767627716,14.736847281455994,7.3035168051719666,156.0,87.0,positive,11487.5753446
11487.5753446,24.615844309329987,34.366747975349426,18.320355594158173,7.970635414123535,149.0,81.0,positive,11516.2870742
11516.2870742,14.920833706855774,27.349977672100067,6.1328553557395935,7.556042850017548,83.0,82.0,negative,11491.9899047
11491.9899047,27.703928649425507,18.5715526342392,14.721866726875303,10.57102644443512,119.0,68.0,negative,11475.4235814
11475.4235814,16.720357954502106,29.587438702583317,9.270456910133362,12.153496325016022,91.0,98.0,positive,11488.3634896
11488.3634896,14.335668504238129,19.56798994541168,17.80588871240616,3.998078644275665,106.0,70.0,negative,11481.0367473
11481.0367473,11.51394510269165,28.461845219135284,11.922876358032228,4.097360908985138,91.0,77.0,negative,11430.7505131
11430.7505131,10.173897564411163,21.447784185409542,6.644204258918762,4.843089938163757,81.0,56.0,negative,11412.366971
11412.366971,11.75748974084854,18.65370362997055,11.897652626037598,4.154189884662628,76.0,54.0,positive,11414.8842434
11414.8842434,7.476318717002869,16.05368012189865,7.716928422451019,1.6366379261016846,74.0,44.0,negative,11404.2162564
11404.2162564,17.711911141872406,17.781356930732727,12.86979752779007,2.596558392047882,85.0,40.0,negative,11371.2775201
11371.2775201,6.653993844985962,15.339977264404297,9.902776002883911,1.624158799648285,55.0,42.0,positive,11412.8888095
11412.8888095,8.812583327293396,16.294054567813873,5.079779744148254,1.4211605787277222,48.0,39.0,positive,11420.6036025
11420.6036025,4.857266128063202,21.731670022010803,11.67620998620987,4.976919531822205,73.0,58.0,negative,11401.0381027
11401.0381027,5.841547250747681,17.37118649482727,17.637957632541656,2.4683462977409363,84.0,47.0,positive,11438.5794785
11438.5794785,5.954431593418121,23.007730662822723,13.679215550422668,4.15320211648941,79.0,51.0,negative,11387.6944683
11387.6944683,7.886941611766815,18.30968832969665,7.38011109828949,2.392736077308655,71.0,64.0,negative,11372.9175187
11372.9175187,18.43529570102692,23.448296666145325,16.52947688102722,1.7779353260993958,131.0,55.0,negative,11361.6187008
11361.6187008,20.55999529361725,21.80507802963257,24.4420862197876,4.962988376617432,124.0,67.0,positive,11432.419235
11432.419235,28.341265976428986,30.927895843982697,18.049412071704865,5.975850462913513,151.0,146.0,negative,11337.1364084
11337.1364084,21.36685961484909,28.78198653459549,18.033304691314697,3.987712323665619,121.0,82.0,positive,11348.4178308
11348.4178308,16.232361912727356,33.91128045320511,32.14989346265793,4.144585132598877,173.0,95.0,negative,11326.3781626
11326.3781626,15.54019320011139,27.673613846302032,18.10070687532425,3.392686605453491,139.0,73.0,negative,11200.7891013
11200.7891013,21.993863344192505,34.29875952005386,24.57268846035004,2.6278448700904846,163.0,136.0,positive,11271.0691253
11271.0691253,21.55175089836121,20.639711260795597,18.97094088792801,4.155282139778137,174.0,64.0,negative,11264.9513872
11264.9513872,19.72364467382431,22.427315592765808,12.129284262657166,1.481436908245087,122.0,57.0,positive,11285.2258865
11285.2258865,20.477104485034943,25.674851059913635,14.101202130317688,4.100231111049652,150.0,70.0,positive,11301.1567691
11301.1567691,15.572076439857485,19.56085389852524,11.952843844890594,5.682148694992065,108.0,55.0,negative,11300.9434961
11300.9434961,26.36449497938156,23.33440083265305,24.843719363212585,5.029759883880615,158.0,64.0,positive,11323.3970324
11323.3970324,15.580485701560974,27.13440215587616,14.163307964801788,5.64835000038147,141.0,72.0,positive,11353.4958168
11353.4958168,15.469497621059418,19.014509081840515,17.566741228103638,5.694557070732117,112.0,56.0,positive,11383.6756282
11383.6756282,12.560087084770204,18.82743000984192,10.369978666305542,2.6198741793632507,90.0,48.0,positive,11384.6043146
11384.6043146,10.527962565422058,28.631690561771396,19.06797194480896,2.427998960018158,91.0,63.0,negative,11382.4127799
11382.4127799,14.38274198770523,24.21052777767181,14.986746966838837,4.76430207490921,97.0,51.0,positive,11396.9738541
11396.9738541,9.290343225002289,18.83383619785309,6.377993643283844,1.6807925701141355,60.0,43.0,positive,11402.1352271
11402.1352271,4.931263864040375,10.386934578418732,10.458958268165588,0.9226057529449464,63.0,28.0,positive,11446.7453874
11446.7453874,7.299776077270508,13.91675889492035,6.587201416492462,3.671071171760559,50.0,46.0,negative,11403.7724705
11403.7724705,7.567246198654175,10.456996083259584,7.220325648784637,0.0,63.0,34.0,positive,11414.2448035
11414.2448035,6.813776969909668,18.334818840026852,6.188138008117676,2.389509737491608,36.0,39.0,positive,11460.5823693
11460.5823693,4.096176981925964,18.759908139705654,10.444770276546478,2.603965938091278,54.0,53.0,negative,11451.7214218
11451.7214218,8.3207266330719,23.91745662689209,9.829302370548248,7.738380372524261,61.0,71.0,positive,11476.0608762
11476.0608762,11.500325620174408,35.48317474126816,8.894015491008759,0.7342495918273926,70.0,75.0,negative,11464.3228119
11464.3228119,7.2639899253845215,17.28701877593994,9.784283339977264,3.3557637333869934,67.0,56.0,positive,11468.8423062
11468.8423062,15.252366483211516,18.226194202899933,12.778366565704346,4.2272369265556335,103.0,58.0,negative,11456.9991686
11456.9991686,19.67594838142395,34.46390759944916,14.137109994888306,4.044216990470886,130.0,79.0,positive,11526.0748952
11526.0748952,23.83613020181656,36.95185941457749,9.137138187885284,9.389656126499176,134.0,110.0,positive,11527.158308
11527.158308,15.270210087299349,45.36516320705414,14.483456790447237,7.403919696807861,130.0,127.0,negative,11490.912609
11490.912609,20.6030136346817,34.98708379268646,13.21502548456192,3.9638012647628784,117.0,80.0,positive,11497.0765349
11497.0765349,16.887295186519623,30.674521028995517,10.4839728474617,4.097801923751831,118.0,74.0,positive,11525.8142549
11525.8142549,22.717323899269104,18.98573499917984,17.150960624217987,2.3990817070007324,150.0,56.0,negative,11512.990422
11512.990422,22.11208474636078,20.08010709285736,13.126164495944977,9.064092993736269,135.0,65.0,positive,11517.0823353
11517.0823353,14.880433022975922,25.500742495059967,12.080372214317322,2.292337954044342,89.0,62.0,negative,11495.8611123
11495.8611123,17.76921170949936,25.018095910549164,10.532596588134766,0.7036853432655334,93.0,49.0,positive,11542.4997333
11542.4997333,12.872097134590147,17.715131759643555,7.179424464702606,3.5265510082244877,73.0,53.0,negative,11510.3236425
11510.3236425,8.947189152240753,16.769201636314392,12.519271671772003,4.883179783821106,65.0,48.0,negative,11505.6335922
11505.6335922,13.24103581905365,13.01185655593872,7.722887694835663,3.192033290863037,72.0,41.0,positive,11507.4645738
11507.4645738,4.005565941333771,16.827565371990204,2.163065314292908,1.7551632523536682,44.0,38.0,positive,11520.1856545
11520.1856545,13.7523010969162,12.849326431751251,5.25668215751648,0.0,48.0,25.0,negative,11516.5737001
11516.5737001,2.368232131004333,11.06935691833496,9.264140784740448,5.280779957771301,40.0,34.0,positive,11522.762365
11522.762365,15.404508233070374,10.847376585006714,4.563108026981354,0.9849135875701904,64.0,21.0,positive,11532.0780048
11532.0780048,10.334445416927338,9.016516864299774,9.660775899887083,0.0,68.0,21.0,positive,11573.5589437
11573.5589437,13.280471503734589,10.593656182289124,12.6616148352623,0.9496909976005554,73.0,36.0,negative,11550.2545688
11550.2545688,15.98918330669403,13.17531269788742,14.854162216186523,1.5914095044136047,93.0,28.0,positive,11565.6521039
11565.6521039,6.794025719165802,10.816309571266174,6.180468380451202,1.706567108631134,58.0,30.0,negative,11492.6041151
11492.6041151,7.568829774856567,11.038145184516909,6.401828289031982,1.50249183177948,60.0,35.0,negative,11487.5349586
11487.5349586,14.903787732124329,15.156570374965668,6.860475242137909,0.0,65.0,33.0,negative,11478.3119423
11478.3119423,15.571288704872131,15.56893914937973,24.43385738134384,0.0,132.0,34.0,negative,11471.2991508
11471.2991508,20.07086384296417,21.894797682762142,25.49542933702469,4.809542298316956,146.0,59.0,positive,11499.5509768
11499.5509768,21.457343995571136,21.455873250961304,16.954437732696533,3.189441084861756,106.0,58.0,positive,11512.0849753
11512.0849753,18.272363007068638,27.325296223163605,20.888379633426663,11.59712541103363,134.0,117.0,positive,11523.9687864
11523.9687864,23.0019211769104,29.317507207393646,17.814597129821777,7.737636268138885,135.0,109.0,positive,11534.0922071
11534.0922071,18.93330335617065,22.379340648651123,15.5701664686203,3.336953103542328,119.0,60.0,positive,11543.3801583
11543.3801583,9.72962111234665,16.92953896522522,11.371933400630953,8.156063616275787,99.0,64.0,negative,11539.0189909
11539.0189909,13.322393476963043,22.94109809398651,12.099812030792236,7.524354934692383,94.0,67.0,negative,11533.4554132
11533.4554132,12.38172847032547,13.590989172458649,9.181582689285278,3.3794875741004944,73.0,62.0,negative,11529.4401583
11529.4401583,12.359667718410492,21.38578230142593,12.406103789806366,4.348868191242218,116.0,54.0,negative,11520.4098083
11520.4098083,13.131579399108888,26.29914331436157,14.498216569423676,2.803747951984405,89.0,59.0,negative,11506.8653177
11506.8653177,11.613008797168732,11.865017294883728,8.385674059391022,5.810010254383087,90.0,45.0,positive,11525.513141
11525.513141,12.274332821369171,23.57341855764389,13.901061594486237,3.192442774772644,98.0,66.0,positive,11605.3469012
11605.3469012,9.428028345108032,14.483472466468813,13.818620204925535,2.262195646762848,66.0,86.0,positive,11628.4692815
11628.4692815,13.962335169315338,12.286468625068665,9.748929619789124,2.327332377433777,97.0,41.0,negative,11618.8004131
11618.8004131,7.894336998462677,10.504408657550812,12.891863465309145,2.3497276306152344,72.0,36.0,negative,11605.7959341
11605.7959341,7.125626444816589,6.145991444587708,11.32432997226715,0.7124472260475159,59.0,25.0,positive,11612.8349111
11612.8349111,8.78335326910019,6.517537593841553,7.765228629112244,3.3016252517700195,67.0,36.0,negative,11603.9679196
11603.9679196,8.269344568252563,11.936110734939575,8.64673638343811,0.0,69.0,24.0,positive,11614.8151694
11614.8151694,8.784042656421661,13.576909244060516,7.4419989585876465,2.4284515976905823,68.0,38.0,negative,11596.5273093
11596.5273093,5.611507773399353,13.810157537460327,4.777263164520264,5.537519156932831,63.0,43.0,positive,11605.7393306
11605.7393306,11.03258866071701,12.75726705789566,7.9656219482421875,6.196505010128021,70.0,42.0,negative,11598.0107174
11598.0107174,13.140369772911072,7.7353127002716064,13.777921259403229,4.092663645744324,91.0,35.0,positive,11612.9884893
11612.9884893,8.466123938560486,12.424705743789673,8.859051704406738,0.0,74.0,30.0,positive,11626.8910293
11626.8910293,12.879897654056547,16.701392590999603,10.363528907299042,2.3195590376853943,88.0,47.0,positive,11638.1484656
11638.1484656,9.6079523563385,12.052405297756197,15.678479254245758,3.226390242576599,90.0,38.0,negative,11637.4288817
11637.4288817,16.866497099399567,10.218762934207916,23.59622299671173,3.864163994789124,134.0,33.0,negative,11626.4856704
11626.4856704,18.470852971076965,26.01555109024048,16.309385001659393,1.4309452772140503,128.0,61.0,positive,11670.5062419
11670.5062419,18.627447962760925,21.57412850856781,14.725219666957855,4.825649321079254,120.0,61.0,negative,11657.2855166
11657.2855166,16.80816787481308,13.911168158054352,14.850806891918182,8.76986426115036,113.0,57.0,negative,11653.3595489
11653.3595489,13.409809529781342,7.673795819282532,6.877491652965546,7.131332457065582,82.0,34.0,positive,11659.1023747
11659.1023747,26.706667363643646,22.399751484394077,14.093136489391329,1.7090367674827576,115.0,52.0,negative,11643.6826879
11643.6826879,15.160975992679596,12.931718707084656,15.921549439430237,2.349137365818024,111.0,41.0,negative,11628.6291075
11628.6291075,13.507403492927551,22.04803293943405,16.581006407737732,4.139293134212494,104.0,60.0,positive,11668.7035015
11668.7035015,15.49956500530243,11.959821164608002,18.608931958675385,7.031926512718201,111.0,50.0,positive,11711.506161
11711.506161,11.282605946063995,18.064059495925903,14.895145177841188,4.7417853474617,105.0,74.0,positive,11713.2519924
11713.2519924,10.346968352794647,16.397497713565826,14.571010828018188,1.594034194946289,95.0,73.0,negative,11699.8737283
11699.8737283,12.394208014011385,15.087184250354769,15.841052174568176,1.6079333424568176,95.0,52.0,negative,11693.5673818
11693.5673818,15.036310970783234,11.498080015182495,13.608914256095886,0.8107439875602722,91.0,39.0,positive,11694.8760319
11694.8760319,17.353528559207916,17.052296102046967,12.51834797859192,2.2375495433807373,101.0,43.0,negative,11686.903674
11686.903674,15.339286267757416,16.889974653720856,19.76609528064728,2.447027802467346,117.0,51.0,positive,11687.944651
11687.944651,9.716976881027222,17.600510716438293,9.17347115278244,1.5480120182037354,86.0,47.0,positive,11689.0835634
11689.0835634,9.166995763778688,11.737880051136017,15.846136510372162,1.604790210723877,73.0,38.0,negative,11635.9914937
11635.9914937,12.286315619945526,11.905722081661224,14.489319384098051,0.7570687532424927,90.0,38.0,negative,11604.8914263
11604.8914263,15.044911921024324,17.887890934944153,18.69830703735352,3.982064723968506,112.0,47.0,positive,11627.9681811
11627.9681811,8.62278836965561,17.137738466262817,11.738036930561066,0.7010807991027832,86.0,49.0,negative,11626.8236581
11626.8236581,9.566519260406494,11.891108751296995,14.820420742034912,2.382937073707581,73.0,37.0,positive,11710.9763133
11710.9763133,12.421815514564514,15.75569313764572,11.300810515880585,2.230226695537567,82.0,42.0,positive,11723.3272967
11723.3272967,17.370422184467316,26.96783381700516,11.178202629089355,1.578925371170044,106.0,62.0,positive,11733.2325206
11733.2325206,13.414379239082336,20.54756063222885,22.379704415798187,1.8746997714042664,118.0,63.0,positive,11735.4416963
11735.4416963,28.662095487117767,19.31587904691696,19.35410499572754,9.511043131351473,176.0,84.0,positive,11754.1754896
11754.1754896,21.262073576450348,22.292736530303955,17.01455420255661,3.2245988249778748,149.0,57.0,negative,11734.9916103
11734.9916103,20.1150181889534,21.222062945365906,20.25752204656601,4.229519188404083,162.0,58.0,negative,11729.064104
11729.064104,23.676943123340607,32.11559444665909,20.181044936180115,3.824635863304138,160.0,75.0,positive,11735.6204819
11735.6204819,24.485649347305294,12.843339025974274,20.206414580345157,4.313695728778839,161.0,50.0,positive,11743.9452435
11743.9452435,18.42668038606644,19.267214179039,13.844449162483215,2.491527318954468,126.0,62.0,negative,11687.4490962
11687.4490962,23.12183791399002,16.87633317708969,18.08623468875885,1.6170332431793213,152.0,51.0,negative,11665.3141008
11665.3141008,13.936992228031158,41.43909960985184,7.740694642066956,4.118800580501556,89.0,95.0,positive,11685.5052631
11685.5052631,17.766257107257843,16.315237522125244,12.17787140607834,1.5490912199020386,121.0,47.0,negative,11680.8204905
11680.8204905,12.390664398670197,20.41844803094864,7.536525428295135,3.384411573410034,71.0,43.0,negative,11622.7439675
11622.7439675,7.210980832576752,17.973759353160858,5.604173183441162,1.6266432404518127,55.0,75.0,positive,11634.9458922
11634.9458922,8.044069528579712,22.45537215471268,8.549416959285736,4.167499125003815,59.0,57.0,positive,11640.7294858
11640.7294858,10.842147707939148,13.36724579334259,7.11002379655838,1.5555275678634644,55.0,47.0,positive,11698.4837768
11698.4837768,4.688477456569672,9.48862624168396,5.602453887462616,3.314726948738098,54.0,33.0,positive,11701.1303424
11701.1303424,8.129948377609253,15.50465589761734,9.953583776950836,1.6071676015853882,58.0,46.0,positive,11777.8912008
11777.8912008,11.058729231357574,14.813407301902773,2.352892637252808,2.453065633773804,66.0,57.0,positive,11863.3292307
11863.3292307,13.885862648487093,11.885174036026,11.480073511600494,2.545552968978882,82.0,54.0,positive,11912.3635107
11912.3635107,9.605672538280489,11.011769592761992,8.519437193870544,0.7397245168685913,72.0,42.0,negative,11911.7430153
11911.7430153,13.760651051998138,15.142374694347382,10.111073851585388,1.5340304970741272,89.0,32.0,positive,11941.6994823
11941.6994823,14.912886023521423,11.306344449520113,18.016695022583008,3.867402911186218,87.0,33.0,negative,11940.6612121
11940.6612121,14.537726759910583,21.032348692417145,11.174770712852478,7.893920004367828,102.0,58.0,negative,11908.971276
11908.971276,8.17969810962677,19.63594263792038,13.342133045196531,1.6339247226715088,77.0,56.0,positive,11918.0492037
11918.0492037,8.991721332073212,21.01799750328064,17.79141265153885,6.3646403551101685,99.0,56.0,negative,11890.8808952
11890.8808952,17.195412635803223,15.641570627689362,12.860436260700226,4.61580353975296,113.0,60.0,negative,11878.0301299
11878.0301299,9.826392829418182,13.93242758512497,11.53021365404129,6.551295101642609,89.0,54.0,positive,12045.9023552
12045.9023552,18.57978457212448,18.76750284433365,19.214874148368835,6.73924332857132,130.0,92.0,negative,12023.337216
12023.337216,14.198565125465391,34.60795682668686,16.357613682746887,8.806629300117493,120.0,105.0,negative,11991.4917893
11991.4917893,12.2784041762352,23.5458202958107,11.043145954608915,9.933010756969452,93.0,76.0,positive,11999.5925511
11999.5925511,17.07374209165573,15.18657124042511,23.702605187892917,8.01041966676712,148.0,57.0,negative,11988.3551245
11988.3551245,29.778069615364075,30.106752634048465,20.16663086414337,8.64503526687622,186.0,87.0,positive,12015.0268597
12015.0268597,20.378976702690125,25.33940327167511,14.62804490327835,8.882829368114471,138.0,71.0,positive,12036.7526811
12036.7526811,29.06998711824417,19.33105576038361,18.83558225631714,8.365451753139496,159.0,68.0,negative,11986.4073397
11986.4073397,17.708259403705597,19.624462068080906,18.55869621038437,4.57149600982666,150.0,56.0,negative,11970.4787405
11970.4787405,29.01842164993286,15.871000409126282,20.45930141210556,2.4557108283042908,150.0,56.0,negative,11927.4216755
11927.4216755,27.34918737411499,9.760374784469604,20.59852945804596,4.780523955821991,148.0,48.0,negative,11905.3980305
11905.3980305,17.16108328104019,14.464332401752472,25.876929938793182,0.941090762615204,164.0,36.0,negative,11899.1558575
11899.1558575,14.968133687973022,11.61256068944931,18.40134835243225,3.2959941029548645,114.0,32.0,negative,11867.2036177
11867.2036177,17.737409949302673,29.334745585918427,6.801814019680023,6.6531641483306885,115.0,75.0,positive,11889.6291535
11889.6291535,15.510119676589966,21.685802400112152,9.26265788078308,3.30802857875824,95.0,55.0,negative,11885.3485766
11885.3485766,17.124756813049316,18.32236212491989,17.683263659477234,6.59891152381897,101.0,52.0,negative,11803.2373549
11803.2373549,5.679539203643799,19.988849759101868,10.528281688690186,2.605332851409912,92.0,80.0,negative,11768.4433501
11768.4433501,9.852282464504242,17.98735272884369,22.88541215658188,4.619320452213287,115.0,54.0,negative,11712.6711845
11712.6711845,21.43368488550186,17.581199765205383,13.366403460502625,6.907191216945648,99.0,69.0,positive,11752.7889723
11752.7889723,11.605951011180878,13.809787690639496,17.977996349334717,2.5657384991645813,111.0,47.0,negative,11621.1786906
11621.1786906,12.968633532524109,17.771553099155426,18.55032110214233,3.290932714939117,103.0,170.0,negative,11412.9050601
11412.9050601,18.38111215829849,25.380521655082703,18.787145376205444,15.26933467388153,161.0,335.0,positive,11444.9458989
11444.9458989,22.733746469020844,30.418960690498352,25.627274870872498,11.972971856594086,176.0,93.0,negative,11366.5038038
11366.5038038,28.811098098754883,27.57437115907669,25.286650896072388,5.732749164104462,193.0,90.0,negative,11309.6709171
11309.6709171,27.185978829860687,41.895669996738434,29.00754725933075,8.190253913402557,206.0,110.0,positive,11360.0090284
11360.0090284,24.276181995868683,38.72413557767868,26.234008073806763,6.119130492210388,165.0,119.0,negative,11305.5796271
11305.5796271,30.5736044049263,31.299908578395844,26.58264940977097,10.241057634353638,200.0,101.0,positive,11369.5337527
11369.5337527,20.85760527849197,29.253110587596893,29.952729642391205,2.467627048492432,153.0,78.0,positive,11404.8897609
11404.8897609,21.08987993001938,38.39891690015793,9.150911688804626,10.605428159236908,111.0,130.0,negative,11398.1752378
11398.1752378,31.858640491962436,35.2737929224968,13.023156523704529,5.1624879240989685,119.0,104.0,negative,11381.0509804
11381.0509804,22.639260172843933,27.29694962501526,12.283310890197754,7.361722528934479,117.0,88.0,negative,11379.9162009
11379.9162009,15.31410950422287,19.813099324703217,20.961197912693024,6.432804524898529,132.0,79.0,positive,11436.2492518
11436.2492518,23.04650866985321,30.3467960357666,18.27911639213562,4.918631076812744,108.0,65.0,negative,11414.0337325
11414.0337325,19.907861411571503,21.841756999492645,12.50143438577652,3.254503905773163,108.0,68.0,positive,11435.6871747
11435.6871747,20.80961298942566,10.0216583609581,15.570516645908356,4.6307414174079895,123.0,47.0,negative,11429.4655268
11429.4655268,16.03981840610504,19.18167757987976,15.070011615753174,2.367800116539001,98.0,53.0,positive,11436.4659047
11436.4659047,9.595974624156952,8.003270745277405,15.381186723709106,4.604374587535858,108.0,35.0,negative,11379.4778432
11379.4778432,21.07098162174225,16.386453986167908,11.06552517414093,3.8856144547462463,102.0,56.0,negative,11327.4186958
11327.4186958,14.038393557071686,9.73003900051117,9.54058402776718,4.036769092082977,68.0,40.0,negative,11311.1049923
11311.1049923,8.30525940656662,7.093428552150726,11.61170518398285,0.8047099113464355,87.0,19.0,negative,11308.09992
11308.09992,18.883742034435272,8.934884011745453,8.269686102867126,6.2912017703056335,85.0,37.0,positive,11397.555918
11397.555918,16.862148463726044,10.397335231304169,20.94658923149109,6.970816791057587,107.0,49.0,positive,11401.1784792
11401.1784792,14.860713064670565,17.078217566013336,10.726204931735992,7.488042831420898,79.0,68.0,negative,11399.7792523
11399.7792523,12.85049533843994,9.692315757274628,13.758366644382477,4.353605389595032,91.0,34.0,negative,11309.6268896
11309.6268896,6.346105456352234,19.252601265907288,15.219143390655518,5.637444496154785,89.0,73.0,negative,11272.5884632
11272.5884632,12.686238169670103,17.019919753074646,16.902203500270844,4.829594910144806,121.0,59.0,negative,10831.9935776
10831.9935776,27.675408840179443,19.68984705209732,32.33011507987976,46.17423778772354,221.0,460.0,positive,10935.9583183
10935.9583183,30.31818550825119,29.085549771785736,31.806455314159397,3.826418459415436,244.0,90.0,negative,10872.5157456
10872.5157456,42.71036130189896,20.1171013712883,32.06823283433914,9.087386965751648,236.0,61.0,negative,10717.1253246
10717.1253246,30.007150173187256,19.792830884456635,46.78908282518387,26.14175581932068,299.0,255.0,negative,10663.0634843
10663.0634843,28.38709366321564,26.19183450937271,33.513464748859406,4.59344357252121,193.0,99.0,positive,10745.8920696
10745.8920696,20.03877830505371,16.825051307678223,26.44541734457016,9.959083318710327,168.0,89.0,negative,10713.0151731
10713.0151731,12.74064600467682,27.320646822452545,20.49808669090271,7.375399887561798,122.0,77.0,positive,10723.4035932
10723.4035932,28.175554752349854,17.37260240316391,28.220741510391235,3.184878528118133,171.0,63.0,positive,10794.548716
10794.548716,29.41996681690216,24.686576187610623,28.871857821941376,7.237683475017548,164.0,91.0,negative,10745.1769982
10745.1769982,21.955134451389316,19.305093705654144,28.827598869800568,0.8482457995414734,180.0,52.0,negative,10708.0467208
10708.0467208,10.092853486537932,22.73474431037903,10.230884313583374,0.0,112.0,44.0,negative,10245.296686
10245.296686,25.597816109657288,19.543648958206177,40.2895810008049,46.27574265003204,241.0,449.0,positive,10354.1045139
10354.1045139,22.717712223529816,22.080113112926483,28.82094830274582,6.068015098571777,186.0,60.0,negative,10314.2856458
10314.2856458,27.425369143486023,36.52431815862656,27.695436120033264,3.083891272544861,175.0,75.0,negative,10280.2848061
10280.2848061,29.83481401205063,21.195196568965912,33.30714178085327,6.183969795703888,175.0,77.0,positive,10306.7046011
10306.7046011,13.809801757335665,20.02798080444336,19.70866072177887,4.999410748481751,140.0,64.0,negative,10304.0901273
10304.0901273,21.678099393844604,11.59969049692154,13.33002233505249,5.972021460533142,102.0,37.0,positive,10314.0351625
10314.0351625,16.027685821056366,10.434112966060638,16.1270991563797,2.4640108346939087,102.0,34.0,negative,10292.8145487
10292.8145487,16.757454693317413,12.181795179843904,13.152997434139252,0.0,128.0,24.0,positive,10311.7374589
10311.7374589,11.46282321214676,14.569911122322084,17.596431136131287,1.431343674659729,102.0,64.0,positive,10455.7796963
10455.7796963,14.558984577655792,15.044306457042694,5.924180328845978,2.589665472507477,79.0,56.0,positive,10516.1714834
10516.1714834,17.74189656972885,15.474735915660858,16.959388732910156,3.997824251651764,120.0,51.0,positive,10530.5860406
10530.5860406,13.907804489135742,14.332043647766112,19.08023053407669,3.966694474220276,114.0,54.0,negative,10454.3668133
10454.3668133,19.746939420700077,22.533777058124542,22.47484421730041,1.663798213005066,124.0,65.0,positive,10495.8412822
10495.8412822,20.263349413871765,18.780784606933597,17.447601079940796,4.081138491630554,128.0,59.0,negative,10464.7321704
10464.7321704,21.351988673210144,20.582193732261658,11.670278906822205,4.315130114555359,129.0,68.0,negative,10215.1308615
10215.1308615,22.92936760187149,26.714670598506927,26.3558012843132,11.467820823192596,157.0,213.0,positive,10413.3297252
10413.3297252,21.33351445198059,32.8585501909256,31.223348438739777,7.765474200248718,179.0,124.0,positive,10461.3463272
10461.3463272,21.936513662338257,30.72393083572388,17.000436425209045,16.458876252174377,140.0,138.0,negative,10444.9049273
10444.9049273,25.67061692476273,23.483292818069454,32.397563457489014,7.288641095161438,190.0,94.0,positive,10489.1536724
10489.1536724,22.624426186084747,38.75420725345612,12.776846528053284,18.472803473472595,142.0,148.0,positive,10592.3774181
10592.3774181,28.48426383733749,27.364296317100525,21.365572810173035,12.136101484298706,150.0,119.0,positive,10613.0419961
10613.0419961,34.17588883638382,28.782997727394104,20.55919301509857,11.912573873996736,171.0,90.0,negative,10603.8982842
10603.8982842,23.892287373542786,20.342696845531464,23.43227654695511,3.3335119485855103,156.0,69.0,negative,10531.0389751
10531.0389751,12.040687501430511,24.41952747106552,17.483561992645264,7.1345473527908325,122.0,110.0,negative,10511.8138807
10511.8138807,15.069303393363953,17.926366806030273,11.605691254138948,2.8868438005447388,102.0,44.0,positive,10517.6782266
10517.6782266,13.647263705730438,11.559011280536652,20.59351760149002,5.518149256706238,113.0,59.0,positive,10521.4315941
10521.4315941,14.544690072536469,17.825841546058655,9.015022277832031,3.954874098300934,70.0,48.0,negative,10478.6316133
10478.6316133,14.060899794101717,21.850267827510837,17.00448852777481,2.385956823825836,84.0,59.0,negative,10470.6392234
10470.6392234,18.826647758483887,23.87824434041977,28.288133084774017,1.583414912223816,118.0,66.0,negative,10467.5304805
10467.5304805,8.165014564990997,18.62197381258011,13.492924749851229,1.5910526514053345,75.0,46.0,negative,10455.7127478
10455.7127478,9.043465852737429,12.14561128616333,10.141572535037994,2.3806217908859253,74.0,33.0,positive,10508.1641962
10508.1641962,6.602992832660675,14.69406259059906,7.123852670192719,6.299387693405151,43.0,62.0,negative,10433.5338265
10433.5338265,8.72699123620987,12.798791766166689,8.391947865486145,8.025367975234985,67.0,61.0,negative,10399.0332508
10399.0332508,9.814703583717346,31.99270576238632,4.780517041683197,5.0224902629852295,63.0,85.0,negative,10348.381757
10348.381757,11.635328710079191,33.8771790266037,10.458593130111694,13.538377285003662,81.0,108.0,negative,10345.7454538
10345.7454538,10.683582305908203,34.31347680091858,17.04902994632721,4.104446291923523,87.0,98.0,negative,10221.0726865
10221.0726865,11.331877887248991,22.971394956111908,16.077136993408203,6.180778741836548,116.0,121.0,negative,10066.128598
10066.128598,18.474470496177677,21.393178403377533,28.460372030735016,4.860984027385712,154.0,121.0,positive,10291.6387233
10291.6387233,17.584870159626007,12.727742552757263,21.36740791797638,10.164953887462616,153.0,102.0,positive,10316.1610698
10316.1610698,20.337285339832302,20.57795959711075,24.7091127038002,10.91080492734909,139.0,85.0,negative,10297.3880361
10297.3880361,14.774846196174622,24.134219229221344,14.9211727976799,8.803196251392365,117.0,87.0,negative,10204.9067074
10204.9067074,12.132809221744536,27.34803396463394,12.513968110084534,9.620183765888214,103.0,128.0,negative,10164.4335439
10164.4335439,23.22999596595764,26.598535776138306,20.69813632965088,12.146052837371826,145.0,90.0,negative,10101.1932245
10101.1932245,10.959924876689913,18.7847957611084,16.760291934013367,7.394245564937591,118.0,141.0,negative,9964.87806592
9964.87806592,29.324370861053467,15.277928054332731,38.8336324095726,7.480417311191559,210.0,69.0,positive,10100.0231575
10100.0231575,16.91445142030716,44.30176866054535,29.11987292766571,6.518133103847504,176.0,116.0,positive,10112.8232257
10112.8232257,19.801003336906437,32.3263002038002,19.164770662784576,4.776531338691711,143.0,103.0,negative,10052.8493943
10052.8493943,15.81629878282547,19.026309967041016,16.06216424703598,8.60202968120575,119.0,80.0,positive,10169.567221
10169.567221,17.357745587825775,13.620069980621338,26.475043535232544,4.123367667198181,149.0,55.0,positive,10226.3567898
10226.3567898,15.064637303352356,24.860266029834747,21.43584716320038,1.6853287816047668,120.0,65.0,negative,10166.1881554
10166.1881554,11.703544437885284,9.555907249450684,20.096208214759827,2.4946508407592773,109.0,32.0,negative,10165.5174485
10165.5174485,11.761017918586733,8.06152069568634,13.318120956420898,1.6088145971298218,80.0,30.0,positive,10198.4865627
10198.4865627,4.177495896816254,9.61175101995468,12.241569936275482,2.4000810384750366,52.0,29.0,negative,10089.7115579
10089.7115579,8.349246799945831,12.134315133094788,14.970909476280212,2.3547250032424927,60.0,42.0,positive,10140.1796293
10140.1796293,10.93527501821518,13.705021500587463,7.916699707508087,4.604124844074249,60.0,40.0,positive,10149.0032934
10149.0032934,8.003037214279175,13.211637020111084,10.047625124454498,3.2245798110961914,52.0,34.0,positive,10251.4346991
10251.4346991,3.331531941890717,11.982142925262451,6.397526562213898,0.7334301471710205,50.0,41.0,negative,10238.5778798
10238.5778798,5.88147759437561,20.927617132663727,7.147220551967621,2.2176329493522644,54.0,46.0,negative,10224.1069158
10224.1069158,2.3327088952064514,10.814604461193085,8.138197600841522,2.331460237503052,54.0,33.0,positive,10236.7664472
10236.7664472,4.9315378069877625,19.68010091781616,5.5133214592933655,6.136140286922455,36.0,53.0,positive,10250.0084365
10250.0084365,6.417498826980591,16.127152502536774,4.985622823238373,5.004932999610901,47.0,54.0,positive,10274.7120063
10274.7120063,11.434135258197784,15.002087593078612,9.359442591667175,6.682591259479523,79.0,52.0,negative,10246.7158024
10246.7158024,19.206038296222687,19.95340359210968,12.236594915390016,4.934940338134766,118.0,71.0,negative,10242.0284572
10242.0284572,18.828867077827454,15.331574380397797,21.12405645847321,5.838931679725647,129.0,58.0,negative,10199.4801784
10199.4801784,18.222011983394623,16.318941354751587,20.19828635454178,3.380276501178741,128.0,72.0,positive,10237.5993294
10237.5993294,17.3037229180336,8.901694178581238,19.12814062833786,6.683963775634766,132.0,41.0,negative,10236.98804
10236.98804,19.98034745454788,14.896425545215608,22.050743103027344,9.942943334579468,136.0,50.0,positive,10256.1634259
10256.1634259,20.19647723436356,28.686098158359528,9.113850951194763,8.750592410564423,122.0,110.0,positive,10281.7059033
10281.7059033,16.947611451148987,30.347313582897183,19.63939398527145,8.975128412246704,116.0,99.0,negative,10260.7420265
10260.7420265,8.269856989383698,28.240317344665527,24.715476870536804,8.915951192378998,142.0,79.0,positive,10342.5642593
10342.5642593,15.915011882781982,17.69743949174881,11.643764793872831,2.148831784725189,112.0,70.0,negative,10227.7573687
10227.7573687,19.98611068725586,30.49874347448349,15.178675353527067,8.907781422138214,130.0,77.0,positive,10280.3517032
10280.3517032,12.68814742565155,12.068823039531708,8.756175696849823,3.3586418628692627,89.0,45.0,positive,10310.0159229
10310.0159229,21.021881639957428,23.37143701314926,12.874439597129822,4.128489792346954,113.0,59.0,negative,10290.207805
10290.207805,7.183395624160767,11.232558369636536,12.585794150829315,3.193849563598633,75.0,55.0,negative,10248.3001633
10248.3001633,7.362072706222534,15.89722776412964,9.246243238449097,2.5671364068984985,70.0,43.0,negative,10232.7543108
10232.7543108,7.967622518539429,8.891508281230927,4.345395088195801,4.751940071582794,67.0,22.0,negative,10220.1376265
10220.1376265,16.234736442565918,7.309774875640869,12.220741391181946,3.3146073818206787,75.0,33.0,negative,10154.395877
10154.395877,17.184556007385254,2.451087176799774,3.2683684825897217,1.6249754428863523,70.0,26.0,negative,10108.5942634
10108.5942634,15.964336276054382,19.536112129688263,12.591135501861572,2.507356107234955,97.0,52.0,positive,10139.2671965
10139.2671965,12.91415011882782,14.361716330051422,8.294459819793701,2.3898403644561768,95.0,43.0,positive,10169.5456669
10169.5456669,16.53452205657959,27.694043457508087,14.82506275177002,5.577550768852234,122.0,61.0,negative,10149.0318606
10149.0318606,12.372875034809113,26.054634273052216,18.148998081684116,5.314164340496063,117.0,78.0,negative,10120.8806702
10120.8806702,16.41910231113434,24.477134943008423,17.098149955272675,4.878930807113648,124.0,58.0,negative,10044.0870879
10044.0870879,14.21938306093216,15.10075342655182,12.32535207271576,2.4523370265960693,103.0,58.0,negative,9943.43241428
9943.43241428,12.02650135755539,27.75292605161667,18.8564555644989,4.060243904590607,130.0,101.0,positive,10095.8307258
10095.8307258,27.596943020820618,18.93441516160965,22.039660453796387,11.31374090909958,165.0,97.0,negative,10040.5436148
10040.5436148,21.73196393251419,19.427310407161716,22.605055689811707,8.911306321620941,141.0,81.0,positive,10168.7250199
10168.7250199,13.002618372440338,40.882718205451965,21.764014422893524,6.389943897724152,139.0,119.0,positive,10210.4264818
10210.4264818,17.742543876171112,26.897600650787357,13.748693764209747,8.362548291683197,116.0,105.0,negative,10187.7591947
10187.7591947,23.638586938381195,24.383412718772888,16.93802171945572,4.19157075881958,149.0,67.0,positive,10188.7553744
10188.7553744,13.62580931186676,30.075513124465942,15.915894031524658,3.5812734365463257,115.0,90.0,negative,10163.3918135
10163.3918135,14.429572880268095,53.74910908937454,15.272729814052582,15.901088774204254,121.0,141.0,negative,10159.4870243
10159.4870243,17.380060076713562,41.09571957588196,37.821322202682495,9.070769608020782,169.0,110.0,positive,10178.1313776
10178.1313776,10.622393548488615,20.560678482055664,18.92443025112152,8.481246531009674,101.0,70.0,positive,10389.4370614
10389.4370614,20.39015787839889,36.036444544792175,11.467068314552307,10.341874241828918,102.0,137.0,negative,10369.5637386
10369.5637386,16.332220554351807,31.159300327301025,12.757895767688751,7.441300451755524,97.0,80.0,negative,10345.8234589
10345.8234589,12.150937259197237,23.462724566459656,4.034816145896912,7.90308940410614,73.0,70.0,negative,10338.5038637
10338.5038637,13.626977980136871,11.037465572357178,6.086224138736725,2.335396111011505,68.0,40.0,positive,10359.9295076
10359.9295076,7.526761472225189,12.461002349853516,7.149421274662018,5.87380439043045,68.0,39.0,negative,10329.448655
10329.448655,10.634695053100586,7.395246982574463,18.095629572868347,0.7397051453590393,104.0,19.0,negative,10283.6082908
10283.6082908,10.87848299741745,8.501109600067139,10.584264636039734,7.430609881877899,65.0,36.0,negative,10259.3252735
10259.3252735,14.99077820777893,6.966223478317261,9.23579078912735,1.5107033252716064,59.0,27.0,positive,10295.2112097
10295.2112097,11.036925137043,36.04023778438568,6.333190679550171,2.695155799388885,72.0,86.0,negative,10285.8487138
10285.8487138,11.44868952035904,29.40656441450119,15.402762413024902,3.8017133474349976,78.0,71.0,negative,10193.5314874
10193.5314874,4.926288723945618,28.175884425640103,7.551673531532288,17.145023226737976,49.0,71.0,negative,10096.5998597
10096.5998597,8.36849308013916,29.3935164809227,7.556452512741089,2.3550981879234314,59.0,66.0,negative,10065.1285116
10065.1285116,15.596835613250732,28.002341091632843,7.825900435447693,4.833067893981934,105.0,77.0,negative,9990.87507768
9990.87507768,16.409505486488342,41.21051871776581,14.201735079288484,8.937977075576782,100.0,127.0,positive,10020.2001192
10020.2001192,14.5060812830925,28.16736900806427,16.821355164051056,6.076031029224396,94.0,75.0,negative,9996.68721207
9996.68721207,12.74394315481186,22.164388358592987,12.83951050043106,4.090777635574341,98.0,62.0,positive,10118.7254869
10118.7254869,11.922097742557526,28.787250578403476,15.737916231155396,4.076448678970337,116.0,80.0,negative,10104.8667107
10104.8667107,17.01581162214279,19.33207213878632,23.26032066345215,6.384262263774872,139.0,62.0,positive,10157.8606221
10157.8606221,20.661523818969727,25.832089960575104,23.746330499649048,7.562936246395111,147.0,97.0,positive,10166.0745233
10166.0745233,18.64542090892792,25.23341590166092,10.093340158462524,17.43792176246643,114.0,75.0,negative,10002.6593201
10002.6593201,17.241181790828705,28.84246855974197,21.306527197360992,3.15971314907074,104.0,79.0,positive,10025.5419209
10025.5419209,27.17171192169189,34.03994834423065,21.26238179206848,3.3081637620925903,142.0,82.0,positive,10037.9913665
10037.9913665,13.931482017040253,31.30893635749817,9.505100786685944,7.9080323576927185,78.0,81.0,positive,10038.3593287
10038.3593287,18.676472544670105,11.00110387802124,22.972003519535065,4.1529735922813416,135.0,45.0,positive,10120.4736075
10120.4736075,21.289867401123047,23.05230647325516,20.77500408887863,1.567953109741211,141.0,81.0,positive,10131.5166457
10131.5166457,15.742234110832214,18.412207067012787,18.66746211051941,9.667413651943209,125.0,57.0,positive,10143.2547272
10143.2547272,12.55229264497757,16.41466051340103,11.661098837852478,4.971866250038147,89.0,49.0,negative,10127.849088
10127.849088,19.839483976364136,15.80932593345642,22.29302161931992,4.923658311367035,120.0,49.0,negative,10035.6097408
10035.6097408,11.471643388271332,19.2348051071167,17.166530966758728,4.773755073547363,103.0,62.0,positive,10039.8091401
10039.8091401,13.450523376464844,20.15524762868881,12.83154445886612,3.308021605014801,101.0,52.0,positive,10098.4924397
10098.4924397,13.111332714557648,21.129678606987,9.27853262424469,2.612571120262146,90.0,43.0,positive,10109.1042265
10109.1042265,7.991236090660095,10.875936686992643,7.575480103492737,5.091627717018127,79.0,30.0,negative,10108.0740033
10108.0740033,13.396066129207613,23.14935839176178,13.17773735523224,0.8093100190162659,89.0,47.0,positive,10196.5925606
10196.5925606,12.158926248550417,8.432415425777435,14.778733611106873,3.12464451789856,88.0,28.0,negative,10181.0044941
10181.0044941,13.735465168952942,20.02853363752365,8.413995087146759,3.388731598854065,103.0,45.0,positive,10197.5147756
10197.5147756,14.847446262836456,17.00872367620468,10.985910832881927,2.1735604405403137,81.0,43.0,negative,10187.3352203
10187.3352203,7.599003195762634,15.143894851207731,13.43939220905304,1.6239449381828308,80.0,31.0,positive,10231.7190682
10231.7190682,12.68110328912735,11.922789871692656,16.267334461212158,14.995628118515016,104.0,51.0,negative,10211.3505531
10211.3505531,14.675208747386932,28.266902446746823,21.788198173046112,6.076209664344788,112.0,66.0,positive,10236.607359
10236.607359,18.84577369689941,45.793585896492,21.107803404331207,4.698576629161835,135.0,128.0,positive,10261.2154263
10261.2154263,12.050923109054564,43.9550262093544,18.764919877052307,6.719737648963928,140.0,125.0,positive,10280.752341
10280.752341,21.76832240819931,35.70514637231827,17.393597960472107,6.678223669528961,140.0,93.0,negative,10252.6038876
10252.6038876,20.95476895570755,35.95745772123337,14.169515252113342,10.065625786781313,149.0,97.0,positive,10279.2238771
10279.2238771,19.801813542842865,38.0472629070282,18.384793639183044,5.80370032787323,134.0,105.0,positive,10337.4998616
10337.4998616,15.250549793243408,24.776548981666565,7.326718926429747,3.1760692596435547,115.0,66.0,negative,10309.0150714
10309.0150714,14.94489085674286,28.480947852134705,22.69176059961319,5.6797537207603455,125.0,81.0,negative,10284.1029532
10284.1029532,22.492981135845184,36.87680715322495,14.870206475257874,4.24876606464386,138.0,96.0,negative,10271.7181786
10271.7181786,15.475772619247437,26.260879397392277,14.062408566474916,5.068589508533478,135.0,73.0,positive,10298.2285498
10298.2285498,16.20197081565857,24.68302845954895,15.415174424648283,7.243223309516907,129.0,65.0,negative,10242.3477803
10242.3477803,13.82038128376007,31.60135716199875,10.629898071289062,4.991019010543823,85.0,97.0,positive,10296.452673
10296.452673,21.23116660118103,43.9444317817688,21.308113992214203,7.1725276708602905,137.0,121.0,positive,10391.3171348
10391.3171348,16.24810540676117,28.902249097824097,19.496078073978424,5.29792320728302,132.0,93.0,positive,10393.2524077
10393.2524077,14.61117309331894,15.919973611831663,19.0286625623703,5.45504504442215,111.0,54.0,negative,10382.7773663
10382.7773663,16.758879959583282,21.902733266353607,30.414199888706207,0.7925702929496765,127.0,61.0,positive,10406.9753427
10406.9753427,9.954581499099731,14.6842942237854,13.350367188453674,2.3129994869232178,84.0,40.0,negative,10405.7409926
10405.7409926,9.24685001373291,27.479132115840912,10.832548916339874,8.938686549663544,71.0,95.0,negative,10355.5253918
10355.5253918,12.759389758110046,29.40527147054672,13.97783476114273,5.23729795217514,84.0,84.0,negative,10291.4788924
10291.4788924,11.685545146465302,15.836236476898192,4.200047612190247,8.033402383327484,77.0,63.0,positive,10320.5485961
10320.5485961,11.68500167131424,24.241168916225437,16.10465759038925,3.899644374847412,89.0,64.0,negative,10317.5350323
10317.5350323,3.860347867012024,17.48547637462616,15.015695095062256,0.7448120713233948,64.0,60.0,negative,10306.7090725
10306.7090725,8.27900356054306,18.445095598697662,11.66528308391571,3.536018490791321,75.0,39.0,positive,10313.098907
10313.098907,10.2625430226326,40.62048774957657,14.810890257358553,11.002948880195618,84.0,112.0,positive,10360.0467766
10360.0467766,10.655879199504852,30.64100217819214,14.304320693016052,12.350861668586733,99.0,114.0,positive,10407.7667984
10407.7667984,13.923549115657806,44.45995450019837,15.57774156332016,7.032931208610535,124.0,136.0,positive,10414.6190213
10414.6190213,21.07247567176819,19.92454314231873,18.26439797878265,12.398587226867676,157.0,88.0,negative,10403.9518403
10403.9518403,22.59603559970856,21.762013018131256,13.730095326900482,7.653315365314484,103.0,65.0,negative,10349.7703064
10349.7703064,20.780308723449707,26.11883676052093,15.038958728313446,4.270408928394318,132.0,61.0,positive,10372.8874711
10372.8874711,16.439420223236084,44.74078816175461,12.738740503787994,11.559336543083193,120.0,111.0,negative,10313.8191593
10313.8191593,20.031061112880707,54.81976014375687,25.120205342769623,3.878236651420593,133.0,142.0,negative,10292.2548395
10292.2548395,20.2670077085495,42.237414836883545,26.86854338645935,8.93301260471344,152.0,101.0,positive,10331.7927851
10331.7927851,13.072796761989594,27.98013573884964,17.85433202981949,3.976540386676788,110.0,80.0,negative,10317.6950714
10317.6950714,11.830056548118591,22.75956779718399,20.19843065738678,5.675906598567963,119.0,66.0,positive,10384.5730036
10384.5730036,12.985249280929564,16.06207650899887,16.636073112487793,7.135003387928009,114.0,59.0,negative,10363.1390401
10363.1390401,23.000433027744293,19.29158180952072,9.067686975002289,4.93216747045517,108.0,56.0,positive,10380.4562847
10380.4562847,14.37054878473282,37.88233095407486,5.66434782743454,3.9916893243789673,90.0,79.0,negative,10285.628958
10285.628958,11.548982560634611,15.37191379070282,10.386023163795471,0.7033953070640564,71.0,34.0,positive,10361.2974722
10361.2974722,13.952942728996277,12.482231795787811,11.281410336494446,2.293797254562378,97.0,32.0,negative,10140.8366858
10140.8366858,8.236165821552277,14.853177070617676,8.966970324516296,3.23909854888916,80.0,48.0,positive,10168.2824357
10168.2824357,13.066732048988342,11.892496585845947,9.517944753170012,0.7040014266967773,68.0,28.0,positive,10266.6061151
10266.6061151,8.72613650560379,19.524580359458923,9.258651793003082,2.5164268016815186,56.0,41.0,positive,10303.633938
10303.633938,12.146478831768036,8.445939540863037,12.62444394826889,3.2305395007133484,76.0,27.0,negative,10296.0588884
10296.0588884,7.313589155673981,17.581206440925598,8.18868213891983,1.6798366904258728,64.0,40.0,positive,10339.1202532
10339.1202532,7.9326411485672,7.1059123277664185,12.6296688914299,1.4582734107971191,62.0,32.0,negative,10291.2750627
10291.2750627,7.457080543041229,11.389509201049805,5.262740254402161,0.793554425239563,43.0,29.0,positive,10320.8774085
10320.8774085,10.383207738399506,52.8777557015419,12.94728934764862,3.895885944366455,70.0,93.0,negative,10296.0464056
10296.0464056,7.21963095664978,14.532755076885223,5.762080073356628,1.5786730647087095,50.0,43.0,negative,10292.7178611
10292.7178611,10.673557698726654,18.64592742919922,9.584170758724213,1.7021650075912476,91.0,50.0,positive,10309.4498247
10309.4498247,22.340107440948486,17.103559136390686,14.243930101394652,7.499886929988861,103.0,50.0,positive,10368.322266
10368.322266,13.22308385372162,21.02669566869736,14.575994670391085,3.9927531480789193,96.0,41.0,negative,10313.4165415
10313.4165415,13.614856779575348,13.830313861370088,21.472674429416656,1.5834651589393616,118.0,37.0,positive,10335.9693064
10335.9693064,13.11306381225586,14.114798843860626,13.441047489643095,3.2862441539764404,107.0,46.0,negative,10309.1643082
10309.1643082,15.167119204998016,24.17364138364792,14.11520391702652,5.652951955795288,124.0,68.0,positive,10330.7764452
10330.7764452,16.5272855758667,18.39000988006592,14.348105132579803,6.161551535129547,124.0,55.0,positive,10337.3989999
10337.3989999,14.36409193277359,19.367380142211918,16.850702106952667,5.193574786186218,112.0,47.0,negative,10331.0431107
10331.0431107,12.038503408432009,15.35762906074524,10.468785226345062,0.7845045924186707,90.0,55.0,positive,10343.3286805
10343.3286805,11.489666819572449,15.788091003894806,11.827690958976746,4.758086979389191,88.0,51.0,positive,10399.4946281
10399.4946281,10.448506236076357,15.505430102348328,10.85123497247696,1.560157597064972,75.0,36.0,positive,10400.9146854
10400.9146854,11.537091553211212,9.201756656169891,9.292492806911469,4.835231721401215,63.0,36.0,negative,10353.3767475
10353.3767475,11.52499121427536,14.559741735458374,10.946057260036469,1.6084994077682495,71.0,43.0,positive,10369.3100012
10369.3100012,6.525574862957001,20.71229988336563,6.42101925611496,5.042831599712372,40.0,45.0,negative,10346.435799
10346.435799,6.649877488613129,12.201203048229218,3.9445645809173584,1.5837016701698303,44.0,23.0,positive,10364.342067
10364.342067,8.364132285118103,13.828269064426422,6.376968324184418,0.0,48.0,24.0,positive,10377.8944636
10377.8944636,10.542384147644045,12.3520667552948,5.629549384117127,3.917296350002289,46.0,30.0,positive,10389.1005613
10389.1005613,6.50451534986496,7.3822380900383,2.500618100166321,4.028178870677948,29.0,21.0,negative,10368.587926
10368.587926,13.00850921869278,14.088484942913055,5.640062510967255,1.6742884516716003,66.0,35.0,negative,10345.1312213
10345.1312213,9.946397721767426,4.197965860366821,9.074485778808594,3.528378129005432,49.0,12.0,positive,10366.8436214
10366.8436214,10.385567665100098,6.761839330196381,9.510265529155731,0.8307201862335205,49.0,15.0,negative,10343.29088
10343.29088,14.685324788093569,4.907505571842194,5.910602807998657,0.0,78.0,9.0,positive,10350.1389153
10350.1389153,11.332726061344149,16.452570378780365,4.963988363742828,0.0,62.0,28.0,positive,10362.3901019
10362.3901019,6.449343323707581,15.200564801692964,9.605355620384216,2.5319127440452576,64.0,35.0,negative,10345.5447605
10345.5447605,13.76543629169464,12.590903580188751,9.423235833644869,2.360479593276977,87.0,40.0,positive,10391.6834989
10391.6834989,15.335588216781616,20.93121922016144,10.727878987789154,6.399319589138031,103.0,58.0,positive,10415.120198
10415.120198,10.272799253463743,20.15726363658905,7.491571307182312,5.759759426116943,77.0,51.0,negative,10394.2982389
10394.2982389,7.8708216547966,27.92986768484116,12.263515293598177,21.835980474948883,76.0,100.0,negative,10383.8481694
10383.8481694,7.525086760520935,20.36143004894257,8.343984007835388,9.5834721326828,63.0,78.0,negative,10325.4521025
10325.4521025,15.63791972398758,15.322011053562164,8.020533442497253,5.911805033683777,91.0,51.0,positive,10404.5520718
10404.5520718,8.875271081924438,24.82819938659668,6.888575494289398,5.981794595718384,75.0,92.0,positive,10536.506364
10536.506364,14.133561730384828,23.2971111536026,15.629032135009766,7.376496911048889,98.0,57.0,negative,10531.8649464
10531.8649464,12.26525777578354,38.84998798370361,9.378450095653534,5.793295741081238,88.0,86.0,negative,10501.4101639
10501.4101639,20.96528869867325,15.088042259216309,15.303807497024536,3.8500450253486633,92.0,53.0,negative,10444.9287268
10444.9287268,16.35286182165146,15.465539872646332,8.970284759998322,7.214472472667694,82.0,49.0,negative,10442.1706031
10442.1706031,14.409034729003906,10.44418579339981,12.821082293987274,5.688636481761932,80.0,42.0,positive,10442.8527527
10442.8527527,10.41314697265625,12.101330697536469,6.665692329406738,3.4550036787986755,84.0,39.0,negative,10437.4119398
10437.4119398,11.673251032829285,10.039835691452026,13.067364037036896,2.5343424677848816,81.0,30.0,positive,10451.7241705
10451.7241705,9.86936354637146,16.311146795749664,8.455696403980255,2.206950843334198,76.0,44.0,positive,10543.6860718
10543.6860718,17.9400634765625,15.429679036140442,7.170927464962006,7.226561009883881,98.0,79.0,negative,10537.990558
10537.990558,16.570970475673676,8.547183275222778,16.450091183185577,3.809908390045166,106.0,36.0,positive,10549.5408617
10549.5408617,18.40338957309723,10.310978055000303,12.143313586711884,4.067234933376312,93.0,27.0,negative,10537.1112598
10537.1112598,8.293412864208221,9.441395461559296,9.488760650157928,2.4066507816314697,69.0,27.0,positive,10557.3392449
10557.3392449,14.237729847431185,9.98416781425476,6.292355835437775,0.0,78.0,24.0,negative,10554.2309223
10554.2309223,18.114460349082947,13.537342131137848,14.83866971731186,5.0146819949150085,85.0,36.0,negative,10536.8115153
10536.8115153,2.260297119617462,9.935426235198976,9.250679552555084,5.350464820861816,58.0,34.0,negative,10461.1136916
10461.1136916,6.980319082736969,9.254112899303436,10.931722819805143,3.4107353687286377,45.0,30.0,negative,10366.3302086
10366.3302086,13.387730658054352,48.950567960739136,5.151040315628052,5.567972004413605,87.0,160.0,negative,10347.2373356
10347.2373356,12.739355385303496,68.80066102743149,12.179981589317322,8.112792730331421,77.0,167.0,negative,10329.5131831
10329.5131831,23.968555569648743,21.903764963150024,11.186515092849731,8.463735699653625,86.0,72.0,positive,10338.4181334
10338.4181334,14.817509353160858,23.85242474079132,11.162807166576384,1.5579198598861694,83.0,45.0,positive,10339.4564123
10339.4564123,12.62981241941452,21.379352390766144,11.460071742534636,2.310515344142914,79.0,64.0,negative,10269.6374944
10269.6374944,16.648644268512726,22.22463595867157,8.038138687610626,5.698058843612671,85.0,73.0,negative,10259.9356122
10259.9356122,17.331552982330322,21.60924565792084,11.090457797050476,4.067782044410706,102.0,69.0,positive,10318.7504589
10318.7504589,9.28310114145279,23.84769582748413,7.424141466617584,3.69931834936142,97.0,66.0,positive,10325.3391376
10325.3391376,11.725516438484192,19.81213676929474,10.247055172920229,9.4918452501297,82.0,75.0,positive,10327.7030671
10327.7030671,11.43069452047348,18.526120960712436,11.871542870998384,2.5738032460212708,95.0,58.0,positive,10338.4228919
10338.4228919,8.217684864997864,9.093470573425291,13.354840874671936,0.0,81.0,35.0,positive,10386.839807
10386.839807,13.6952223777771,16.675500869750977,11.05436635017395,3.232992887496948,87.0,44.0,negative,10323.7557975
10323.7557975,12.036354124546053,17.264750063419342,8.652702689170837,0.0,74.0,37.0,negative,10288.3998047
10288.3998047,8.109494149684906,10.394615471363068,8.63753056526184,2.3305914998054504,74.0,45.0,positive,10388.3766819
10388.3766819,9.187775909900664,7.333394289016724,12.670957624912262,2.378625512123108,70.0,32.0,negative,10346.6706115
10346.6706115,13.961033165454865,16.21952074766159,11.968211710453032,3.776590347290039,80.0,45.0,positive,10376.1839482
10376.1839482,9.591848373413086,7.649623274803162,7.937993407249451,0.721366286277771,68.0,23.0,negative,10315.1107704
10315.1107704,4.051754593849182,15.860923111438751,7.580081462860107,4.246713519096375,42.0,45.0,positive,10379.9845756
10379.9845756,7.365893304347992,11.323888301849363,7.41255909204483,3.3778887391090398,55.0,37.0,positive,10407.593615
10407.593615,4.447860300540924,8.647285759449005,4.130556106567383,1.58958500623703,44.0,42.0,negative,10370.0241534
10370.0241534,16.142066776752472,20.842774212360386,11.241068482398989,4.13339900970459,75.0,55.0,positive,10482.5749049
10482.5749049,9.470946371555328,19.332887768745422,4.11613655090332,2.56608247756958,51.0,48.0,negative,10465.7402591
10465.7402591,9.099297046661375,36.6453555226326,6.449748575687408,1.5104825496673584,56.0,106.0,positive,10479.6188081
10479.6188081,4.368526935577393,24.87566047906876,6.699277997016907,0.0,70.0,58.0,negative,10447.294362
10447.294362,9.848088681697844,46.15368664264679,6.679489135742188,6.123078286647797,74.0,88.0,positive,10548.3524203
10548.3524203,14.637169182300568,61.83576101064682,10.468976855278015,5.353538691997528,88.0,133.0,positive,10754.9293293
10754.9293293,10.516995191574097,24.455926775932312,10.02029675245285,4.162708640098572,97.0,101.0,negative,10745.3955666
10745.3955666,10.244209706783296,13.485548377037048,17.69613355398178,4.825340807437897,118.0,54.0,negative,10721.748731
10721.748731,17.607544481754303,27.35426467657089,13.145307958126068,3.42028945684433,128.0,73.0,positive,10729.1395843
10729.1395843,15.649363100528715,23.17858481407165,10.703277230262756,4.572536170482636,126.0,74.0,negative,10700.0635578
10700.0635578,10.140982687473295,41.33083510398865,11.946525156497955,3.364971339702606,92.0,87.0,negative,10688.6232102
10688.6232102,17.100347578525543,36.03328847885132,17.31915545463562,6.818109929561615,124.0,91.0,positive,10693.3568435
10693.3568435,12.210659503936768,35.58493196964264,16.846925914287567,3.097494423389435,105.0,88.0,positive,10701.8357059
10701.8357059,11.036343932151794,43.6478066444397,10.324812233448029,7.368523418903351,81.0,113.0,positive,10721.255259
10721.255259,6.767529845237732,45.45873886346817,7.254468679428101,3.3721722960472107,56.0,115.0,negative,10674.8859904
10674.8859904,12.864762425422668,31.35352873802185,10.176044225692747,3.704346716403961,69.0,77.0,positive,10680.8374328
10680.8374328,7.68842488527298,17.403466284275055,9.130764186382294,3.955472111701965,83.0,44.0,positive,10688.0712678
10688.0712678,9.82442545890808,23.745567560195923,11.493008434772491,4.026777446269989,80.0,54.0,positive,10723.224532
10723.224532,11.74378377199173,23.80700522661209,5.395511746406555,0.0,63.0,42.0,positive,10790.8939419
10790.8939419,6.803972542285919,16.875423669815063,8.339789986610413,5.316175818443298,60.0,72.0,negative,10767.1305913
10767.1305913,9.319109976291656,17.21887117624283,7.359792113304138,5.201532185077667,58.0,50.0,negative,10743.2365681
10743.2365681,3.988830506801605,17.117683053016663,3.8842040300369263,8.82366019487381,47.0,49.0,positive,10760.0335439
10760.0335439,7.879474937915802,20.44351065158844,2.685919225215912,4.061735272407532,48.0,51.0,negative,10744.8814491
10744.8814491,6.313508927822113,14.413065969944,12.914486467838287,2.606976628303528,72.0,32.0,positive,10755.7832501
10755.7832501,18.30943048000336,12.734466433525084,8.025461256504059,2.9934945106506348,64.0,42.0,negative,10666.9796777
10666.9796777,13.111308515071867,11.899254500865936,4.35098922252655,4.639720618724823,69.0,43.0,positive,10703.899814
10703.899814,11.486903369426727,20.019196152687076,7.535872280597687,0.7356114983558655,71.0,39.0,positive,10835.4434963
10835.4434963,5.763938426971436,28.613216638565063,6.038606941699982,8.965429782867432,42.0,96.0,positive,10851.0760589
10851.0760589,12.303266704082487,21.306738138198853,9.150241672992706,2.1465577483177185,75.0,63.0,positive,10911.9081302
10911.9081302,6.306476831436157,36.13675111532211,4.342793107032776,10.472273886203766,68.0,130.0,negative,10876.0125305
10876.0125305,12.060030579566956,43.12534534931183,12.228514909744264,6.361562430858612,99.0,120.0,negative,10799.278003
10799.278003,18.1816885471344,21.516774117946625,17.431400060653687,5.379304051399231,131.0,80.0,negative,10795.747678
10795.747678,18.864660799503326,23.154766738414764,14.630752205848694,3.0968196392059326,148.0,69.0,positive,10797.1525293
10797.1525293,18.10792708396912,47.45497524738312,10.921923100948334,4.172744274139404,112.0,99.0,positive,10813.8101591
10813.8101591,16.658586859703064,40.81390130519867,20.639898002147675,7.775936543941498,131.0,98.0,negative,10797.7508044
10797.7508044,20.861389696598053,30.709654808044437,12.051273167133331,7.319074392318726,111.0,88.0,negative,10788.1109537
10788.1109537,10.714859187602997,13.413523375988008,14.090273559093475,4.072219550609589,92.0,51.0,positive,10871.4854085
10871.4854085,12.710234761238098,35.20179373025894,8.323878169059753,4.464362800121307,79.0,124.0,negative,10861.5923518
10861.5923518,11.37457150220871,20.00983291864395,16.362324476242065,7.335752844810486,113.0,77.0,negative,10813.7927553
10813.7927553,15.581840872764587,25.054474711418152,13.70432198047638,1.7133283019065857,82.0,66.0,negative,10796.9509861
10796.9509861,10.055896043777466,22.41975164413452,9.21561360359192,4.845577299594879,66.0,60.0,negative,10713.5217911
10713.5217911,10.559808909893036,25.747127950191494,11.96706509590149,6.590403974056244,74.0,85.0,positive,10745.8050602
10745.8050602,21.618086338043213,17.20337575674057,13.963288426399233,7.509212553501129,122.0,79.0,negative,10735.1116857
10735.1116857,11.220613718032835,18.292565941810608,17.87634527683258,1.4835710525512695,89.0,45.0,positive,10777.9677139
10777.9677139,6.496908605098724,19.21204501390457,9.310760259628296,3.12077260017395,84.0,56.0,positive,10799.7291183
10799.7291183,13.767210125923157,31.68779319524765,14.567739188671112,1.6658048629760742,85.0,61.0,negative,10786.7276286
10786.7276286,13.364529252052307,14.426530599594116,13.780882596969604,2.524441778659821,107.0,47.0,positive,10840.8651935
10840.8651935,9.746665000915527,16.36970889568329,11.142980813980104,5.472008585929871,75.0,61.0,positive,10931.0534899
10931.0534899,18.790965795516968,25.85883033275604,15.690735459327698,0.9186609983444214,118.0,69.0,negative,10911.6494478
10911.6494478,14.923174142837524,26.60764849185944,9.54596996307373,3.3012900948524475,79.0,62.0,negative,10892.114245
10892.114245,13.953312397003174,23.34245258569717,6.640113413333893,4.175909399986267,68.0,69.0,negative,10871.2996242
10871.2996242,12.202211916446686,20.16759341955185,11.34904944896698,15.61267626285553,80.0,100.0,positive,10902.6059036
10902.6059036,14.573229372501372,22.19465810060501,11.21145361661911,5.6481645703315735,92.0,74.0,positive,10947.4920639
10947.4920639,19.13582968711853,32.107370257377625,17.489036560058594,13.991152822971344,133.0,118.0,negative,10930.1421353
10930.1421353,19.019698798656464,24.40978497266769,10.59429943561554,8.732542157173157,136.0,92.0,negative,10899.2929284
10899.2929284,22.97018301486969,24.044385492801663,18.38149690628052,16.479085445404053,177.0,123.0,positive,11003.3313159
11003.3313159,34.30673450231552,29.70890086889267,23.076746821403503,7.853555142879486,197.0,120.0,positive,11082.5575505
11082.5575505,24.52152931690216,43.41163355112076,26.27209067344665,10.55946946144104,173.0,171.0,negative,11032.8563555
11032.8563555,22.580837309360504,41.44455313682556,18.686702489852905,4.822906494140625,150.0,106.0,positive,11044.6666346
11044.6666346,31.46107047796249,29.07662045955658,13.811230421066284,8.404332339763641,158.0,95.0,negative,11002.2645217
11002.2645217,11.950912714004517,40.11961650848389,14.248425722122192,10.01280117034912,94.0,128.0,positive,11028.3366413
11028.3366413,21.41325616836548,37.498769998550415,12.920141637325289,8.700411915779114,113.0,118.0,negative,11014.5302154
11014.5302154,9.144598841667175,50.00994259119034,18.65014094114304,16.542878568172455,101.0,155.0,positive,11035.1565454
11035.1565454,8.674248278141022,29.63233083486557,9.92246264219284,10.563213765621184,95.0,91.0,negative,10973.2522347
10973.2522347,16.00781148672104,22.999095916748047,9.490408301353456,3.3504045605659485,80.0,63.0,positive,11022.8217277
11022.8217277,7.4871615171432495,18.610249042510983,6.619105875492096,3.7962100505828857,58.0,62.0,negative,10981.3908284
10981.3908284,5.116057813167572,37.36269199848175,5.077248871326447,4.080313801765442,34.0,90.0,negative,10951.4428066
10951.4428066,10.233386099338531,21.45923346281052,10.479053616523744,4.767038702964783,69.0,66.0,negative,10897.9280495
10897.9280495,8.96285879611969,27.918289184570312,10.1695876121521,5.447424471378326,71.0,84.0,positive,10915.9352744
10915.9352744,8.093905568122864,16.22978550195694,7.378406584262848,2.3633562326431274,52.0,46.0,positive,10934.9464792
10934.9464792,7.348113715648651,14.193712770938872,4.09939706325531,2.1974741220474243,44.0,52.0,negative,10889.8169918
10889.8169918,6.632436275482178,16.781707286834717,2.2827807664871216,1.7847774624824524,40.0,41.0,positive,10898.0291212
10898.0291212,5.597020745277405,9.705537021160126,3.410312592983246,2.3960341811180115,48.0,35.0,negative,10881.1716355
10881.1716355,9.418873846530914,13.83224320411682,6.573245525360107,4.170861780643463,46.0,48.0,positive,10895.4223266
10895.4223266,7.866706490516663,19.648757874965668,14.253750264644625,3.335711658000946,69.0,48.0,negative,10829.5209546
10829.5209546,10.41324746608734,21.214908361434937,12.207273006439207,7.318849325180054,77.0,59.0,positive,10884.5917828
10884.5917828,9.66084361076355,22.506039321422577,18.81475305557251,2.5784581303596497,99.0,55.0,negative,10830.0416616
10830.0416616,19.28743147850037,16.31899493932724,15.935850977897644,10.990495264530182,113.0,86.0,negative,10817.8276378
10817.8276378,18.65047407150269,53.742774963378906,13.843171060085297,9.37764298915863,109.0,126.0,positive,10836.9827949
10836.9827949,13.026249885559082,31.360885560512543,9.470354318618774,7.788186430931091,93.0,107.0,positive,10854.017837
10854.017837,14.868018984794617,40.84699487686157,12.006389737129211,10.478817582130432,78.0,106.0,negative,10845.7365577
10845.7365577,18.640935361385345,66.17883777618408,14.840096831321716,7.521229922771454,129.0,156.0,positive,10875.7211441
10875.7211441,11.984251737594604,58.448105812072754,15.057279229164124,9.603477954864502,112.0,171.0,positive,10926.1510068
10926.1510068,15.620014488697052,25.677287101745605,12.083351194858553,6.049251019954681,112.0,80.0,positive,10931.4805348
10931.4805348,20.931666910648342,55.27981477975845,20.373745441436768,9.585634052753448,126.0,150.0,positive,10949.0474498
10949.0474498,10.45225727558136,26.54294240474701,16.385607838630676,8.183552622795105,113.0,95.0,positive,10972.7060239
10972.7060239,8.74776041507721,18.997316658496857,16.511329412460327,8.59384971857071,106.0,76.0,negative,10938.9461323
10938.9461323,6.224465906620026,21.752785623073574,21.74962818622589,6.779877662658691,87.0,66.0,positive,10948.9899152
10948.9899152,9.222499012947084,28.76787829399109,10.263810813426971,6.6832727789878845,66.0,73.0,negative,10916.8422856
10916.8422856,8.373984158039093,18.431428253650665,7.175280869007111,4.804055988788605,58.0,61.0,positive,10920.7027201
10920.7027201,7.484431624412537,23.26853978633881,9.800493896007538,8.303821086883545,63.0,83.0,positive,10940.3996001
10940.3996001,9.766931533813477,32.564820408821106,9.860847294330595,1.8279539346694944,58.0,72.0,positive,10947.7073894
10947.7073894,7.363178849220276,21.00122165679932,6.652521133422852,9.279999673366548,65.0,57.0,negative,10917.658689
10917.658689,11.201549470424652,18.130938589572903,7.072888433933258,7.333261549472809,57.0,63.0,positive,10932.3353972
10932.3353972,1.674574851989746,25.73613268136978,4.354580819606781,4.007852137088776,38.0,61.0,positive,10981.5025505
10981.5025505,16.867720901966095,26.72758585214615,9.44090324640274,4.9957996010780334,67.0,65.0,negative,10972.5251616
10972.5251616,7.127114832401276,27.09503906965256,11.627151727676392,4.207200825214386,67.0,60.0,negative,10957.2626183
10957.2626183,11.905797481536863,8.81143993139267,9.180894792079926,2.5955438017845154,67.0,37.0,positive,11021.3154974
11021.3154974,9.613346457481384,19.39593344926834,7.543065965175629,1.6384620666503906,51.0,63.0,negative,10995.9149183
10995.9149183,5.494720816612244,21.75517475605011,11.02238303422928,1.5933539271354675,53.0,43.0,positive,11010.6196288
11010.6196288,6.841782927513123,16.789369642734528,11.045976042747498,3.2621700167655945,55.0,65.0,negative,11006.7868445
11006.7868445,6.729275941848755,52.153334856033325,6.981937885284424,4.263838112354279,66.0,121.0,negative,10945.0218729
10945.0218729,16.87759792804718,28.369109570980072,8.78891783952713,4.76482766866684,94.0,87.0,positive,10965.2125032
10965.2125032,25.669589400291443,26.113343060016632,12.445851564407349,8.699975073337555,127.0,80.0,negative,10929.8413472
10929.8413472,27.530809938907623,21.811232089996334,14.644927322864532,4.1015530824661255,155.0,77.0,negative,10890.4282543
10890.4282543,21.01107347011566,31.10955959558487,18.393159806728363,7.966768622398376,138.0,103.0,negative,10871.6865323
10871.6865323,20.705977201461792,18.902062356472012,15.186747610569,3.577732622623444,125.0,68.0,negative,10867.783191
10867.783191,18.967266499996185,20.634445190429688,18.85957247018814,12.16335779428482,125.0,66.0,positive,10894.1359813
10894.1359813,14.802065908908844,29.20190441608429,12.302207350730896,5.846294581890106,106.0,102.0,positive,10899.0746105
10899.0746105,12.73505926132202,23.071729242801663,15.148252427577972,6.412246644496918,105.0,77.0,positive,10936.8638942
10936.8638942,17.769109547138214,19.569338142871857,9.294432759284971,3.404134750366211,94.0,72.0,negative,10933.8163437
10933.8163437,9.129764437675476,17.0776144862175,9.590105295181274,8.143847167491913,87.0,56.0,negative,10933.7526485
10933.7526485,10.960532307624815,20.190270483493805,5.680046200752258,5.662445664405823,64.0,63.0,positive,10986.2059454
10986.2059454,3.3502296209335327,27.93209511041641,7.97047233581543,4.531387269496918,37.0,66.0,negative,10959.4985883
10959.4985883,7.28867769241333,11.437251031398771,10.6525799036026,6.375601768493652,57.0,52.0,positive,10979.9415724
10979.9415724,8.945155322551727,20.45277017354965,8.11106550693512,4.124090075492859,73.0,50.0,positive,10983.6851946
10983.6851946,8.276314973831177,15.502138793468475,5.781297564506531,5.047045588493347,51.0,44.0,negative,10978.3798403
10978.3798403,6.521315813064575,18.94882678985596,6.46006053686142,3.419499158859253,53.0,41.0,negative,10960.3882395
10960.3882395,14.356234729290009,7.361399352550507,9.111008167266846,1.4495799541473389,65.0,31.0,negative,10955.6084807
10955.6084807,6.5033809542655945,8.843675017356873,7.13404780626297,1.9282709956169128,44.0,30.0,negative,10946.9705067
10946.9705067,4.305893778800964,16.494257271289825,7.132443964481354,7.926105439662933,53.0,59.0,negative,10934.3415748
10934.3415748,13.015128433704376,20.42282783985138,8.576004683971405,8.06009554862976,70.0,58.0,positive,10964.3159858
10964.3159858,11.284858584403992,14.713045716285706,5.755203723907471,6.95304661989212,47.0,44.0,positive,10971.6044745
10971.6044745,12.957322120666504,10.103342711925508,5.682129919528961,3.3378503918647766,50.0,41.0,positive,11107.6926933
11107.6926933,6.574605584144592,34.50213485956192,10.034049034118652,1.7930033206939695,55.0,138.0,negative,11099.7750855
11099.7750855,10.224561274051666,11.760484874248505,6.461269795894623,5.002554953098297,53.0,52.0,positive,11108.1261726
11108.1261726,13.409195005893707,36.10477912425995,7.31498509645462,9.396385490894318,82.0,97.0,positive,11108.80322
11108.80322,11.314521193504332,22.398570895195007,12.725684762001038,8.197817921638489,98.0,79.0,positive,11112.4317015
11112.4317015,20.946768164634705,24.8026180267334,12.256627678871157,12.667867422103882,109.0,94.0,negative,11081.3567525
11081.3567525,14.427318453788756,27.451850712299347,10.895129084587095,6.54050749540329,90.0,83.0,positive,11090.6131733
11090.6131733,9.8068687915802,22.8202001452446,13.523467779159546,3.058845341205597,70.0,59.0,negative,11059.6114664
11059.6114664,9.383545637130736,26.915806770324707,12.297532498836516,5.632678389549255,90.0,89.0,positive,11082.4591728
11082.4591728,9.745598256587982,27.767084181308743,9.315813541412354,7.147091090679169,65.0,80.0,positive,11109.654711
11109.654711,10.48487424850464,26.37650829553604,13.093117892742155,6.438785493373871,85.0,74.0,negative,11063.9139219
11063.9139219,6.907055795192719,20.21785205602646,4.943585336208344,7.453315377235413,51.0,60.0,positive,11071.9887614
11071.9887614,7.976599395275116,15.7061807513237,4.09350723028183,8.336142539978027,54.0,78.0,positive,11094.3462761
11094.3462761,3.453490257263184,17.13040918111801,8.475415289402008,14.515275180339811,44.0,70.0,negative,11070.2886497
11070.2886497,13.384172797203064,24.52789407968521,7.517620384693146,5.571581482887268,70.0,79.0,negative,10954.5693648
10954.5693648,7.535214781761169,15.648801147937776,7.194099366664887,5.788065850734711,53.0,69.0,negative,10950.6299533
10950.6299533,6.565584897994995,14.146627843379974,8.532798826694489,4.214100956916809,36.0,49.0,positive,10960.134543
10960.134543,4.943081915378571,14.345533072948456,5.494699239730835,3.2279025316238403,46.0,44.0,positive,10978.1681925
10978.1681925,6.199036359786987,15.631864786148071,4.051611602306366,2.5218964219093323,27.0,42.0,negative,10963.2535532
10963.2535532,5.694525301456451,11.98080849647522,1.5343573689460754,5.695141732692719,30.0,42.0,positive,10978.9291663
10978.9291663,5.750975012779236,11.98279184103012,5.118551969528198,5.789714455604553,45.0,36.0,positive,10988.1133896
10988.1133896,17.351165890693665,18.03575474023819,10.886301338672638,7.303365051746368,65.0,70.0,negative,10972.7220825
10972.7220825,11.263597667217256,13.09407913684845,6.525934040546417,3.142447233200073,65.0,49.0,positive,10974.8324459
10974.8324459,6.73764580488205,12.362005174160004,7.18651282787323,4.018601179122925,44.0,39.0,positive,10984.6150038
10984.6150038,4.056900918483734,10.232435584068298,8.895934820175171,1.444570004940033,50.0,37.0,negative,10967.9903847
10967.9903847,12.454686045646667,16.072604596614838,8.6732137799263,8.086177229881287,65.0,45.0,negative,10885.9311874
10885.9311874,4.277163147926331,19.00982564687729,9.768531084060667,6.581259667873383,46.0,91.0,negative,10872.9474865
10872.9474865,12.401335537433624,21.126733660697937,8.396346807479858,14.243238508701324,93.0,108.0,negative,10857.4830572
10857.4830572,11.200482249259949,34.199019610881805,10.790769755840302,6.596737682819367,80.0,102.0,positive,10869.8071449
10869.8071449,15.153428494930267,18.58734929561615,17.47801434993744,10.28017944097519,124.0,86.0,negative,10847.0799464
10847.0799464,10.212156593799593,26.096745431423187,9.680295407772064,4.093903958797455,105.0,74.0,positive,10902.1707058
10902.1707058,14.28968632221222,20.040415167808533,11.128001153469086,5.438869416713715,98.0,64.0,negative,10894.0252414
10894.0252414,11.004833221435549,19.50991886854172,12.766938507556915,8.910986602306366,119.0,71.0,negative,10885.1556123
10885.1556123,19.61961203813553,16.511584162712097,11.41654348373413,3.355278968811035,101.0,52.0,negative,10874.5721135
10874.5721135,12.5293088555336,11.12457138299942,15.652607142925262,7.595924377441406,101.0,46.0,positive,10896.3175913
10896.3175913,18.58438289165497,17.64172512292862,14.95195484161377,4.978125154972076,121.0,51.0,negative,10885.8649856
10885.8649856,10.446272671222689,18.33902883529663,19.5356228351593,6.798823237419128,93.0,81.0,positive,10938.2712894
10938.2712894,9.014624834060667,24.660799145698547,17.363919377326965,9.642756164073944,104.0,84.0,positive,10959.3390625
10959.3390625,10.015988945961,11.81319397687912,6.473434984683991,1.682990849018097,79.0,36.0,positive,10961.981209
10961.981209,11.950175046920776,14.000134348869324,9.255911827087402,3.264945924282074,85.0,43.0,positive,10963.6910294
10963.6910294,10.800507307052612,9.237883746623991,5.788682460784912,4.08702427148819,63.0,37.0,positive,10966.9153649
10966.9153649,4.9156516790390015,9.24061232805252,8.314309477806091,3.985141336917877,74.0,31.0,positive,10973.2955738
10973.2955738,7.983499526977539,5.014768362045288,9.093889117240906,0.0,57.0,21.0,negative,10966.587412
10966.587412,7.748358964920044,7.891373813152313,6.494668483734131,0.0,60.0,23.0,negative,10954.2934316
10954.2934316,9.955275475978851,11.84471446275711,12.556232631206512,0.7398580312728882,77.0,26.0,negative,10920.7050945
10920.7050945,15.010307431221008,11.337539613246918,19.31633347272873,0.7888952493667603,92.0,23.0,negative,10867.6018117
10867.6018117,7.711025476455688,12.224997222423552,11.011978507041931,5.250505447387695,83.0,49.0,negative,10760.2933354
10760.2933354,5.094809055328369,18.08504217863083,10.02130389213562,10.43107295036316,55.0,106.0,negative,10675.5084077
10675.5084077,8.037148714065552,21.40993702411652,8.4802006483078,7.628735184669495,62.0,72.0,negative,10635.8758172
10635.8758172,18.33342677354813,16.684198141098022,8.275124251842499,8.30155599117279,84.0,71.0,negative,10572.1929569
10572.1929569,8.892055094242096,16.914520144462585,17.616095185279846,7.592588603496551,107.0,97.0,positive,10619.8089277
10619.8089277,9.235352635383606,28.065555095672607,18.326098024845123,9.048604786396028,118.0,72.0,negative,10424.8829457
10424.8829457,19.426989555358887,37.39347219467163,23.717386841773987,35.490429162979126,151.0,234.0,positive,10439.3644852
10439.3644852,17.95528143644333,20.22387045621872,22.54818892478943,5.677615404129028,148.0,75.0,negative,10417.300198
10417.300198,11.771912813186646,21.021645545959476,21.413025617599487,7.14735335111618,130.0,74.0,negative,10414.8482213
10414.8482213,18.696997582912445,20.73381733894348,20.55472862720489,12.014883697032928,137.0,100.0,positive,10422.8936485
10422.8936485,16.143996715545654,26.39555710554123,14.907728791236876,4.723845899105072,106.0,85.0,positive,10494.7244168
10494.7244168,15.36847597360611,18.91091513633728,19.24236470460892,5.66247296333313,114.0,71.0,positive,10506.5302581
10506.5302581,15.01754915714264,22.36189424991608,19.200708270072937,9.347683608531952,122.0,78.0,positive,10533.0800435
10533.0800435,9.854161322116852,30.47108030319214,17.843932390213013,11.263104379177094,105.0,91.0,negative,10521.9074932
10521.9074932,9.310041964054108,38.132626831531525,9.342721700668337,5.813937366008759,78.0,79.0,negative,10462.2596185
10462.2596185,8.381928622722626,29.70496702194214,9.88270914554596,6.4523462653160095,74.0,76.0,positive,10477.4963552
10477.4963552,12.412436485290527,14.95785355567932,8.881988883018494,4.726473212242127,70.0,52.0,negative,10446.4965618
10446.4965618,5.506752371788025,13.704250872135162,21.97078287601471,4.665788292884827,82.0,37.0,positive,10458.0649368
10458.0649368,11.38275396823883,9.536045491695404,5.857018709182739,5.13628488779068,64.0,40.0,positive,10467.6757981
10467.6757981,11.517535626888275,7.2738290429115295,11.516766011714935,3.1239093542099,60.0,29.0,positive,10476.5597673
10476.5597673,7.54797887802124,11.219480097293854,7.087881624698639,2.441989839076996,52.0,28.0,positive,10476.7285926
10476.7285926,6.600391685962677,7.6462681889534,11.27066296339035,1.4339300394058228,51.0,29.0,negative,10443.0630727
10443.0630727,14.32430773973465,15.180343568325045,5.650613486766815,4.835297584533691,61.0,42.0,negative,10405.1992047
10405.1992047,9.779511988162994,7.078258216381073,7.923205733299255,6.578150749206543,64.0,36.0,positive,10460.6552183
10460.6552183,5.147588551044464,18.17039614915848,10.55432802438736,8.09156620502472,72.0,64.0,positive,10475.9053774
10475.9053774,12.481612384319304,6.818009853363037,9.998430848121645,2.20748770236969,72.0,24.0,positive,10476.8229947
10476.8229947,4.934693515300751,25.0111745595932,6.881985366344452,3.1237905025482178,45.0,61.0,positive,10477.3506902
10477.3506902,7.99617737531662,14.918957889080048,18.492058515548703,4.744108498096466,89.0,63.0,positive,10496.8209674
10496.8209674,14.47626942396164,32.77814084291458,18.262187361717224,10.885347962379456,116.0,91.0,negative,10488.7445583
10488.7445583,19.279476940631863,15.11615777015686,9.175926327705383,5.695942223072052,105.0,75.0,negative,10482.7273988
10482.7273988,18.435678899288177,23.377199590206143,18.22928875684738,3.893397569656372,122.0,79.0,negative,10466.934734
10466.934734,14.270452201366425,36.32523202896118,7.797464668750763,13.315924108028412,110.0,124.0,positive,10480.4187953
10480.4187953,12.962441623210909,31.0416955947876,13.475247859954834,11.43880558013916,94.0,99.0,positive,10497.140106
10497.140106,12.687554717063904,35.1463024020195,12.578437685966492,8.695171296596527,94.0,110.0,positive,10501.6325557
10501.6325557,14.237876236438751,25.22113174200058,13.115672290325165,10.765111804008484,99.0,83.0,negative,10494.8719853
10494.8719853,6.4622474908828735,22.758708775043488,5.64838844537735,7.861402690410614,67.0,83.0,positive,10520.9687824
10520.9687824,9.368659019470217,35.37504553794861,7.63794332742691,12.167980670928957,71.0,116.0,positive,10551.9628725
10551.9628725,10.713921308517456,20.274244844913483,5.708777368068695,7.125236392021179,72.0,98.0,negative,10525.032503
10525.032503,6.591693758964539,34.66403603553772,10.19358241558075,10.133324563503264,46.0,100.0,positive,10538.4603213
10538.4603213,11.91480004787445,20.497308671474457,5.276634335517883,5.107084929943085,50.0,68.0,negative,10525.1478492
10525.1478492,7.046821117401123,16.773284792900085,9.79731434583664,3.370984196662903,63.0,55.0,negative,10518.9626947
10518.9626947,10.535441100597382,22.04229921102524,15.719151735305786,3.797102570533752,80.0,60.0,positive,10528.5659248
10528.5659248,4.402588903903961,23.30523055791855,5.797987759113312,2.352588474750519,35.0,59.0,negative,10489.78408122
10489.78408122,6.361264765262604,10.935199975967407,9.178539514541626,3.190626382827759,57.0,46.0,negative,10475.85711244
10475.85711244,8.834746181964874,15.366344630718231,10.549075663089752,10.443983554840088,79.0,56.0,positive,10490.77228637
10490.77228637,9.85467380285263,17.772174775600433,7.853251814842224,2.246487438678741,71.0,49.0,negative,10441.25611122
10441.25611122,6.207894563674927,13.090897381305696,8.284752130508423,6.413774311542511,80.0,53.0,negative,10430.67019834
10430.67019834,6.105015099048615,25.036844968795776,8.923629879951477,1.6310740113258362,58.0,64.0,positive,10454.85116955
10454.85116955,5.771643280982971,12.242038190364838,5.252137184143066,1.6691575050354004,51.0,35.0,positive,10476.69478329
10476.69478329,8.275496542453766,32.2931552529335,7.403079450130463,6.06816828250885,67.0,72.0,positive,10491.66325349
10491.66325349,7.874663889408112,17.864610731601715,6.8753997683525085,4.2240840792655945,71.0,46.0,negative,10487.93708717
10487.93708717,2.5025842785835266,37.09624570608139,7.456892192363739,5.369284212589264,55.0,81.0,positive,10508.03630337
10508.03630337,12.049692332744598,28.900380432605743,9.321085512638092,5.955850481987,82.0,93.0,positive,10518.88796924
10518.88796924,15.02621078491211,28.93437278270721,12.41175401210785,3.833689093589783,101.0,93.0,negative,10484.8136115
10484.8136115,15.54452759027481,28.43954944610596,15.560954451560974,7.156346201896668,105.0,81.0,negative,10459.53783855
10459.53783855,11.203391313552856,23.217264771461487,12.049752652645113,13.340756058692932,122.0,115.0,positive,10490.86543833
10490.86543833,19.323994517326355,35.55840611457825,10.497401893138884,10.871936559677124,117.0,109.0,negative,10471.90679144
10471.90679144,18.96238511800766,25.492077827453613,13.997851133346558,4.852218687534332,106.0,79.0,negative,10427.64219866
10427.64219866,14.263786792755129,32.1183003783226,16.092532515525818,5.606506168842316,114.0,85.0,negative,10299.33569791
10299.33569791,16.316384255886078,40.23280167579651,21.93418562412262,5.161877870559692,129.0,153.0,negative,10200.12437216
10200.12437216,15.22097271680832,39.65503829717636,17.428176760673523,9.73867815732956,119.0,194.0,positive,10264.96594519
10264.96594519,18.25804817676544,20.738219559192657,12.99219161272049,3.8159123063087454,124.0,69.0,positive,10270.62519712
10270.62519712,22.4204421043396,8.762822449207306,16.457715213298798,3.0349170565605164,118.0,43.0,negative,10246.18649281
10246.18649281,9.882385075092316,22.505534887313843,10.739838004112244,2.9466999173164368,81.0,57.0,positive,10295.05480391
10295.05480391,4.778677225112915,23.844891905784607,11.92480742931366,3.3783518075942998,51.0,69.0,positive,10295.73813022
10295.73813022,4.755658209323883,22.0432168841362,8.06693148612976,5.599686503410339,50.0,65.0,positive,10306.81179982
10306.81179982,8.119704067707062,16.658935010433197,13.312189280986786,10.899977207183838,71.0,64.0,negative,10305.45092428
10305.45092428,8.726662814617157,20.066269278526303,6.224266707897186,2.943202793598175,62.0,51.0,negative,10293.87499015
10293.87499015,6.415899455547333,9.67898714542389,3.1304776072502136,2.644933223724365,40.0,38.0,negative,10285.74177836
10285.74177836,6.523947060108185,14.719413101673126,5.711767852306366,2.531041204929352,50.0,33.0,positive,10294.46827583
10294.46827583,4.897680878639221,22.83838838338852,7.280958473682404,3.839534461498261,40.0,75.0,positive,10341.56520114
10341.56520114,6.063629925251007,28.91970306634903,9.037160992622375,3.881998062133789,60.0,65.0,negative,10320.05488551
10320.05488551,8.18388044834137,16.212412416934967,6.94094717502594,3.827314496040344,58.0,53.0,positive,10330.5199247
10330.5199247,6.777189075946808,26.50479543209076,7.941020667552948,2.391501307487488,61.0,63.0,positive,10342.7283126
10342.7283126,8.567096889019012,21.2131142616272,6.685007810592651,2.9021878838539124,60.0,50.0,positive,10393.31595335
10393.31595335,11.63302892446518,17.838428378105164,9.931458353996277,7.66335117816925,85.0,82.0,negative,10363.77575065
10363.77575065,8.865184664726257,21.577530682086945,19.11656409502029,4.098364889621735,81.0,75.0,negative,10351.04710642
10351.04710642,15.170229971408844,28.53714108467102,12.32910943031311,5.438120484352112,90.0,87.0,positive,10375.60465576
10375.60465576,8.637216329574585,30.349298417568207,9.770663142204285,8.618746161460876,57.0,84.0,positive,10507.51049267
10507.51049267,10.08161872625351,40.03958427906037,8.164788901805878,11.805796146392822,65.0,120.0,positive,10647.59025471
10647.59025471,9.010976910591124,32.96970742940903,11.356489539146423,53.607033014297485,80.0,219.0,positive,10679.95376192
10679.95376192,17.793536722660065,24.54713547229767,17.823458075523376,5.245766878128052,117.0,65.0,negative,10635.42950005
10635.42950005,13.057644128799438,16.995966851711273,8.64064246416092,3.063943326473236,78.0,48.0,positive,10653.81077698
10653.81077698,9.207060396671295,14.321872889995577,8.753387868404388,8.1702019572258,71.0,58.0,negative,10640.42816876
10640.42816876,15.06680941581726,25.638244330883023,11.85182362794876,3.7686707973480233,94.0,77.0,positive,10660.9486592
10660.9486592,10.739759027957916,19.3952898979187,12.517318606376648,4.862872540950775,76.0,67.0,positive,10769.8428211
10769.8428211,6.613924503326416,11.512318551540377,12.330793678760529,14.302345395088196,60.0,85.0,negative,10760.06625677
10760.06625677,10.50773859024048,22.42094355821609,16.49974411725998,6.421661198139191,75.0,59.0,positive,10773.53399962
10773.53399962,8.25204199552536,15.356192886829376,23.647029280662537,4.16363400220871,102.0,47.0,negative,10703.9157519
10703.9157519,5.938736259937286,16.714635610580444,11.722960233688354,3.2972100973129272,68.0,52.0,positive,10721.16034075
10721.16034075,4.875832855701447,12.900651216506958,2.521690011024475,2.2381123900413518,35.0,35.0,negative,10691.5286374
10691.5286374,8.129322052001953,14.062259078025818,11.106626689434052,1.457122027873993,67.0,37.0,positive,10693.82860906
10693.82860906,8.938241302967072,22.648449063301086,5.873379111289978,4.221514463424683,52.0,42.0,negative,10661.63267153
10661.63267153,6.326589226722717,6.65344625711441,5.532287299633026,3.446109652519226,43.0,29.0,positive,10681.15429239
10681.15429239,11.770836412906649,10.60468578338623,7.994219422340393,5.026165664196014,54.0,37.0,positive,10700.76735702
10700.76735702,5.206567108631134,12.97560566663742,8.309108853340149,3.2491039037704468,47.0,37.0,negative,10605.60770428
10605.60770428,8.461596310138702,7.341449975967407,3.180994927883148,0.7338061332702637,47.0,32.0,negative,10585.77656406
10585.77656406,10.282142639160156,11.87345141172409,9.590341925621033,1.8463003039360049,64.0,34.0,positive,10610.92831244
10610.92831244,9.688390135765076,21.262452483177185,10.006055772304537,4.183319509029388,71.0,50.0,positive,10639.50550014
10639.50550014,7.710529685020447,17.691084682941437,11.080491960048676,3.9096779227256775,64.0,59.0,negative,10621.11302095
10621.11302095,15.672517597675323,28.275692582130432,7.781054496765137,12.98758864402771,66.0,105.0,positive,10621.89885915
10621.89885915,11.62022590637207,23.227335453033447,5.269399464130402,6.282808721065521,58.0,67.0,positive,10622.14518594
10622.14518594,8.306408286094666,16.608903527259827,12.177060663700104,0.7590716481208801,68.0,51.0,positive,10656.8550151
10656.8550151,19.531824350357056,17.942274570465088,14.58653324842453,5.066532611846924,121.0,50.0,negative,10649.80426514
10649.80426514,19.098642468452454,22.67186546325684,14.559358537197111,5.738424837589264,116.0,76.0,positive,10701.25205342
10701.25205342,17.19014871120453,21.18336933851242,12.654534876346588,3.1714853048324585,97.0,57.0,positive,10712.89789492
10712.89789492,10.317634880542755,20.089113235473636,14.916961073875427,8.37412840127945,98.0,63.0,positive,10716.78536536
10716.78536536,20.93409961462021,20.895444452762604,15.761572897434236,5.470055878162384,132.0,66.0,positive,10718.7708185
10718.7708185,13.907416462898254,20.09349495172501,9.144264340400696,4.126476109027863,80.0,53.0,positive,10745.16311353
10745.16311353,15.694963455200195,17.758223474025726,8.372102916240692,6.951402306556702,102.0,49.0,negative,10698.15001502
10698.15001502,9.301120460033417,7.172245502471924,6.307167291641235,9.752126932144163,76.0,45.0,negative,10692.71721234
10692.71721234,11.269687712192535,21.840063273906708,10.075713336467745,5.57637095451355,64.0,64.0,negative,10668.14193433
10668.14193433,11.085482478141785,14.73438572883606,6.1559494733810425,2.360376238822937,56.0,47.0,positive,10705.76501905
10705.76501905,16.690634727478027,10.128439247608185,9.472690999507904,2.564833700656891,95.0,26.0,positive,10717.95018371
10717.95018371,15.436512172222136,15.922883450984957,15.37662261724472,2.72959303855896,93.0,35.0,positive,10723.11669221
10723.11669221,8.411931276321411,16.471230149269104,6.70459908246994,3.38336193561554,50.0,38.0,positive,10733.91445046
10733.91445046,3.122780382633209,2.48204642534256,8.088599622249603,5.500049889087677,50.0,26.0,positive,10760.15800841
10760.15800841,8.024118959903717,3.6898694038391113,8.69263231754303,3.9468255043029785,56.0,48.0,negative,10754.17176844
10754.17176844,8.691454648971558,2.933593511581421,7.746142625808716,0.7613771557807922,61.0,10.0,negative,10714.77052922
10714.77052922,7.145412087440491,6.34253603219986,10.698193609714508,3.3763818740844727,50.0,23.0,negative,10693.65325672
10693.65325672,7.977241277694702,8.916849792003632,12.806297481060028,0.8351450562477112,44.0,20.0,positive,10705.442929
10705.442929,12.638232827186584,7.234144747257233,6.78036892414093,0.0,49.0,17.0,positive,10724.88014955
10724.88014955,4.720273673534393,12.782182455062866,11.690120697021484,1.467022716999054,51.0,26.0,negative,10716.87254208
10716.87254208,5.725680649280548,9.371880412101746,7.965532124042511,1.5863622426986694,65.0,30.0,negative,10701.87877485
10701.87877485,10.673453390598295,12.947924613952637,8.24228584766388,1.5277342200279236,65.0,50.0,negative,10684.79045157
10684.79045157,7.274504840373993,18.82099813222885,12.651836335659029,7.125444531440735,68.0,54.0,positive,10721.86543351
10721.86543351,10.937773644924164,27.62544620037079,12.692121088504791,5.146904408931732,117.0,64.0,positive,10725.83282001
10725.83282001,17.924162685871124,35.50227910280228,20.735786259174347,3.4456673860549927,126.0,72.0,positive,10735.01117248
10735.01117248,19.83733940124512,18.977891266345974,20.16545283794403,6.912975907325745,120.0,60.0,positive,10737.13570088
10737.13570088,13.255298137664797,13.742234885692596,7.706668078899383,3.78845340013504,92.0,50.0,positive,10738.28730627
10738.28730627,10.948006689548492,9.357100307941437,16.357756555080414,0.8403716683387756,75.0,39.0,negative,10723.56999122
10723.56999122,8.95794540643692,14.51223248243332,10.66124415397644,5.982572317123413,76.0,45.0,positive,10726.89558811
10726.89558811,14.003091096878052,18.074967861175537,19.356793582439423,7.564850270748138,93.0,66.0,positive,10744.76992971
10744.76992971,9.526309430599213,10.15860891342163,12.738470554351808,2.5513566732406616,80.0,35.0,positive,10750.67036387
10750.67036387,18.429548799991608,16.95744812488556,20.87063860893249,3.278037071228028,124.0,49.0,positive,10750.72357903
10750.72357903,14.307179987430573,11.77440470457077,13.636365592479706,4.82428914308548,100.0,30.0,positive,10769.60452292
10769.60452292,14.29922240972519,14.904007375240326,13.2502201795578,0.8811752796173096,99.0,35.0,positive,10778.32743382
10778.32743382,10.493521213531494,18.923514902591705,9.937722027301788,4.384147942066193,70.0,47.0,positive,10780.42656864
10780.42656864,7.171056032180786,10.681114077568054,10.045337915420532,2.329004466533661,71.0,41.0,positive,10782.09114887
10782.09114887,7.937229871749878,19.58688974380493,13.980400204658508,3.988868832588196,79.0,53.0,positive,10787.83094605
10787.83094605,6.9962798953056335,14.999189615249634,11.906679928302763,4.653589606285095,51.0,45.0,negative,10785.16878157
10785.16878157,7.612469255924225,9.976155877113342,1.7632291913032532,0.7842250466346741,38.0,35.0,negative,10675.6977785
10675.6977785,6.726177632808685,28.92245328426361,9.888004302978516,3.1243040561676025,63.0,73.0,positive,10685.92425275
10685.92425275,9.942191779613497,20.00351506471634,7.731508195400238,0.0,65.0,34.0,negative,10667.0582939
10667.0582939,8.085752367973328,7.311368346214294,6.691067278385162,4.346840560436249,70.0,25.0,negative,10650.89277687
10650.89277687,7.768005669116974,31.14967942237854,6.829964101314545,4.380915343761444,48.0,59.0,positive,10675.21430312
10675.21430312,4.020727694034576,28.05233895778656,5.538478374481201,0.7198205590248108,37.0,56.0,negative,10635.69002229
10635.69002229,7.027561366558075,15.256651163101196,5.077910482883453,2.354177951812744,47.0,50.0,positive,10665.79535298
10665.79535298,6.775001168251038,36.11405169963837,7.993747651576996,5.648568511009216,57.0,85.0,positive,10675.38725878
10675.38725878,5.201574206352234,32.24573874473572,9.706247925758362,15.802626490592957,65.0,107.0,negative,10675.19926899
10675.19926899,14.566944420337675,32.79985398054123,17.36968892812729,8.079063355922699,108.0,97.0,positive,10760.69590584
10760.69590584,16.147549748420715,23.260795772075653,7.2307862639427185,5.770631372928619,97.0,70.0,negative,10725.3242998
10725.3242998,17.793823421001434,19.61023986339569,13.368810892105104,4.807627260684967,111.0,69.0,positive,10743.26937291
10743.26937291,13.067331671714784,31.21046715974808,13.20207417011261,4.773043990135193,111.0,81.0,negative,10736.53920025
10736.53920025,23.21979314088821,32.6341010928154,19.396112620830536,12.380713641643524,152.0,118.0,negative,10735.8677396
10735.8677396,25.5564267039299,37.632233917713165,20.99573785066605,16.904512763023376,168.0,112.0,negative,10721.24664201
10721.24664201,15.349280774593351,25.363872230052948,18.711486279964447,6.68871682882309,144.0,96.0,positive,10743.77722939
10743.77722939,25.973345041275024,25.93031656742096,12.497084975242617,6.093985319137573,161.0,77.0,positive,10748.41763872
10748.41763872,11.245843231678007,40.4403373003006,14.476163983345032,4.739615440368652,129.0,88.0,positive,10775.26937624
10775.26937624,22.813373267650604,23.22616571187973,14.727843999862673,2.428515911102295,97.0,61.0,positive,10881.98400626
10881.98400626,18.09490406513214,12.576854169368744,13.897699892520905,5.485490500926971,133.0,92.0,positive,10922.96340178
10922.96340178,4.049639463424683,7.405718266963959,3.136084020137787,2.636162221431732,35.0,23.0,negative,10922.22176844
10922.22176844,0.0,0.0,0.0,0.0,0.0,0.0,negative,10904.34930634
10904.34930634,0.0,0.0,0.0,0.0,0.0,0.0,positive,10905.28657224
10905.28657224,0.0,0.0,0.0,0.0,0.0,0.0,negative,10884.13583572
10884.13583572,0.0,0.0,0.0,0.0,0.0,0.0,negative,10880.25504538
10880.25504538,0.0,0.0,0.0,0.0,0.0,0.0,negative,10879.88611326
10879.88611326,9.4543297290802,0.8559383153915405,4.133823871612549,0.0,25.0,1.0,negative,10870.55661814
10870.55661814,7.551890015602112,20.13702118396759,10.32291430234909,1.663118839263916,64.0,44.0,negative,10837.23790386
10837.23790386,8.923848628997803,14.658095121383669,5.70569109916687,1.6485620737075806,67.0,42.0,positive,10889.0945387
10889.0945387,12.697205364704132,21.57873928546905,14.583315134048462,4.774105191230774,86.0,56.0,positive,10889.26126741
10889.26126741,22.047664999961853,15.622744381427763,9.01198947429657,3.038184404373169,93.0,45.0,positive,10910.9808444
10910.9808444,24.99319636821747,20.87543261051178,14.248253226280212,5.797209441661835,124.0,63.0,negative,10884.35364874
10884.35364874,15.752827286720276,30.347388923168182,20.564036011695865,9.356059074401855,128.0,90.0,positive,10884.51654095
10884.51654095,25.37571901082993,23.136940121650696,12.37695598602295,5.081697762012482,131.0,74.0,positive,10906.44147412
10906.44147412,27.61414515972137,31.8273583650589,23.45342308282852,2.622301816940308,158.0,89.0,negative,10900.01477293
10900.01477293,25.18004560470581,13.688954830169678,12.636059641838074,8.001319885253906,130.0,63.0,negative,10891.9724896
10891.9724896,20.11888426542282,30.017903089523315,7.740649402141571,1.5185492038726809,123.0,72.0,negative,10874.18708392
10874.18708392,22.85995262861252,21.26201045513153,21.48679220676422,4.019659996032715,155.0,62.0,negative,10860.43185414
10860.43185414,23.5488258600235,27.628535389900208,27.70401030778885,8.75423777103424,172.0,78.0,positive,10873.77476676
10873.77476676,22.108186841011047,29.513825714588165,17.94162905216217,3.081645786762237,154.0,78.0,positive,10900.5414918
10900.5414918,12.90017694234848,25.87836927175522,12.275855004787443,3.2663649916648865,118.0,86.0,negative,10860.8638041
10860.8638041,19.22576469182968,20.250899493694305,12.177143931388857,8.110382318496704,129.0,59.0,negative,10709.65218175
10709.65218175,16.059401988983154,19.614924728870392,13.197961747646332,4.898584008216858,103.0,88.0,positive,10719.83383718
10719.83383718,23.11423796415329,27.16639596223831,13.557087421417236,9.720397472381592,121.0,77.0,negative,10701.27783486
10701.27783486,11.678429245948792,15.507103860378264,9.708878695964811,7.298361837863922,57.0,66.0,negative,10685.11710204
10685.11710204,18.18725454807281,20.88784247636795,15.153234899044037,4.034849226474762,95.0,63.0,positive,10702.30749224
10702.30749224,7.78975248336792,20.256120204925537,13.506380796432495,9.33655059337616,82.0,75.0,negative,10701.30526325
10701.30526325,13.520267844200134,19.37774682044983,16.755119681358337,3.4227689504623413,93.0,46.0,negative,10688.91531913
10688.91531913,10.0937682390213,10.383363366127014,12.953571438789368,4.097157120704651,84.0,30.0,positive,10738.38392301
10738.38392301,10.003173887729645,17.24130290746689,13.676965713500977,3.168836295604706,84.0,42.0,negative,10725.58553339
10725.58553339,3.8556160926818848,12.05554175376892,8.409150540828705,0.0,50.0,40.0,positive,10738.31988973
10738.31988973,8.706720173358917,15.82832968235016,7.556533932685852,4.471861243247986,52.0,41.0,negative,10727.46637573
10727.46637573,9.505412876605988,18.069412171840668,4.497604966163635,6.545048892498016,62.0,58.0,positive,10777.76510876
10777.76510876,17.048666656017303,11.675337731838226,11.693229377269745,1.599959671497345,83.0,33.0,negative,10773.18253418
10773.18253418,13.88435286283493,16.848271667957306,7.50331711769104,3.218197822570801,95.0,58.0,negative,10767.60311192
10767.60311192,18.89876121282577,21.41681218147278,14.65634274482727,7.437894701957703,127.0,71.0,negative,10760.98478226
10760.98478226,13.590962827205658,31.36982250213623,18.87135225534439,3.1599794030189514,118.0,81.0,positive,10764.48141852
10764.48141852,15.132491946220398,29.603895723819733,12.982685506343842,2.501792073249817,126.0,66.0,negative,10747.75025063
10747.75025063,17.309946656227112,42.273762583732605,22.27665114402771,5.125784814357758,157.0,95.0,negative,10690.80391123
10690.80391123,14.856732487678528,30.52501153945923,11.757710933685305,4.789258241653442,98.0,76.0,negative,10689.2401961
10689.2401961,15.159228920936584,41.741704285144806,14.867219924926758,5.02211606502533,104.0,99.0,positive,10729.18381411
10729.18381411,14.93902552127838,25.72238153219223,8.97717571258545,3.949961006641388,88.0,74.0,positive,10753.56712363
10753.56712363,13.63331425189972,24.90879201889038,7.514843463897705,5.005479454994202,76.0,77.0,positive,10754.06444289
10754.06444289,16.62013590335846,38.70551210641861,11.087903022766112,6.287368416786194,100.0,85.0,positive,10763.47091158
10763.47091158,11.614510893821716,39.94204998016357,17.696445167064667,3.9940476417541504,109.0,74.0,positive,10767.65385431
10767.65385431,19.35006308555603,22.69433480501175,8.513396143913269,0.0,88.0,36.0,positive,10844.64098118
10844.64098118,11.805782735347748,33.09374862909317,10.891184270381927,3.374006927013397,92.0,75.0,negative,10812.99386971
10812.99386971,13.899896740913391,25.802539944648743,6.5729328989982605,2.342147171497345,88.0,58.0,negative,10796.99195602
10796.99195602,6.284086346626282,19.656752347946167,10.473683595657349,2.548052430152893,50.0,49.0,negative,10790.16550523
10790.16550523,5.565944075584412,29.091754376888275,3.858569860458374,6.359686732292175,36.0,96.0,negative,10772.82415782
10772.82415782,9.383410930633543,31.991679966449738,11.59440016746521,7.54976499080658,76.0,75.0,negative,10751.56756078
10751.56756078,9.494710683822632,27.292707860469815,7.258203864097595,2.368108689785004,60.0,61.0,negative,10722.18690566
10722.18690566,10.926792800426483,16.471018612384796,7.534070253372192,2.315028429031372,66.0,42.0,positive,10728.47839519
10728.47839519,11.885123491287231,17.97266173362732,10.470030963420868,2.3854212760925293,79.0,46.0,negative,10694.87129522
10694.87129522,9.918347537517548,32.74860996007919,8.431087732315063,3.959514677524567,67.0,64.0,positive,10716.58201624
10716.58201624,8.824238419532776,28.73935967683792,7.213405728340149,1.6386513113975525,50.0,47.0,negative,10685.77519804
10685.77519804,8.757291853427887,27.279918551445007,6.753536403179169,2.3823801279067998,70.0,51.0,positive,10726.54680354
10726.54680354,8.138728380203247,25.653130888938904,8.935728013515472,0.0,51.0,48.0,negative,10691.95569425
10691.95569425,11.271799206733704,21.153033077716827,11.999728083610536,3.1556937098503117,81.0,42.0,positive,10737.57660986
10737.57660986,12.114569544792175,25.509651124477383,14.948218762874603,4.560486733913422,92.0,65.0,positive,10737.94044094
10737.94044094,12.309825241565704,55.74747860431671,6.846535563468933,0.790473997592926,86.0,94.0,positive,10766.41285833
10766.41285833,7.247418403625488,31.620124518871307,9.026744186878204,0.8986320495605469,81.0,72.0,positive,10792.39796191
10792.39796191,19.951893746852875,27.792396306991577,15.32862389087677,11.624309539794922,105.0,87.0,positive,10795.31804704
10795.31804704,15.783471703529358,29.83741807937622,17.264122307300568,3.996426165103912,110.0,81.0,negative,10780.98329302
10780.98329302,14.020744919776917,31.94087028503418,13.352696537971497,6.598102688789368,76.0,61.0,negative,10713.05625755
10713.05625755,7.960089981555939,37.89082562923432,6.610490441322327,4.2391636967659,53.0,93.0,positive,10739.73217287
10739.73217287,9.96671575307846,18.93283897638321,13.611933708190918,5.296583712100983,94.0,60.0,negative,10718.45811976
10718.45811976,22.586434602737427,18.727616548538208,11.624345600605013,3.332159101963043,111.0,63.0,positive,10722.09482848
10722.09482848,17.754180073738098,11.667994797229769,23.7175253033638,1.6949469447135923,121.0,33.0,positive,10758.99922782
10758.99922782,20.26066106557846,22.6428844332695,12.80482703447342,2.4563297629356384,87.0,73.0,positive,10784.49157795
10784.49157795,9.503934264183044,30.30266433954239,9.340042531490326,3.332806944847107,55.0,61.0,positive,10819.11088694
10819.11088694,9.461704730987549,35.8801634311676,14.92329216003418,0.0,84.0,104.0,positive,10855.69025322
10855.69025322,15.180688738822935,28.78286558389664,12.373813807964323,4.700479507446289,89.0,70.0,negative,10837.65826811
10837.65826811,11.499617218971252,14.314860045909882,7.392524063587189,7.295454263687134,70.0,61.0,negative,10821.78707032
10821.78707032,5.823043525218964,20.73940086364746,8.844347655773163,7.973033487796783,70.0,65.0,positive,10834.25536144
10834.25536144,5.639019250869751,21.222711086273197,10.833157181739807,4.240383327007294,65.0,51.0,positive,10847.90843691
10847.90843691,8.096207678318024,10.586595058441162,8.379800200462341,2.491982340812683,53.0,39.0,positive,10850.04392139
10850.04392139,11.367262601852415,10.400367319583893,5.68783700466156,4.931916773319244,64.0,43.0,positive,10850.96290263
10850.96290263,8.022398471832275,15.898695349693298,8.928564369678497,1.6420127153396606,66.0,45.0,positive,10914.29078325
10914.29078325,4.222189784049988,16.0962011218071,6.395886778831482,3.944929301738739,42.0,66.0,positive,10923.93570332
10923.93570332,13.176784873008728,15.54128885269165,12.463516294956207,2.391225278377533,98.0,47.0,negative,10888.90824118
10888.90824118,13.691036701202393,23.72727942466736,11.092192471027374,3.487853229045868,106.0,65.0,positive,10921.03844693
10921.03844693,17.59700334072113,18.480039477348328,8.018792867660522,0.7283443808555603,89.0,45.0,negative,10917.02251366
10917.02251366,17.746597409248352,15.415722489356996,10.71919071674347,7.372075378894806,81.0,58.0,negative,10884.58603187
10884.58603187,21.86405998468399,30.74747920036316,11.156643033027647,3.257394850254059,105.0,86.0,negative,10881.18056978
10881.18056978,10.71364003419876,19.95064860582352,16.895833134651184,1.6465063095092771,103.0,53.0,negative,10764.55817387
10764.55817387,17.726191759109497,47.08863407373428,13.373499870300291,6.898851931095123,115.0,127.0,negative,10539.22189565
10539.22189565,31.40866595506668,32.9065774679184,26.879784286022183,15.537782609462738,151.0,183.0,negative,10497.99776706
10497.99776706,30.224125385284424,29.590177357196808,23.54128509759903,15.479113101959229,156.0,120.0,positive,10580.51566837
10580.51566837,19.889265775680546,35.142082035541534,21.280986189842224,13.592332124710085,132.0,114.0,positive,10586.66026263
10586.66026263,15.088724374771118,28.489513635635376,22.4040065407753,7.241332471370697,128.0,81.0,positive,10616.73769184
10616.73769184,17.068015456199646,28.470784664154053,11.46954745054245,9.801071763038635,113.0,88.0,positive,10622.40792756
10622.40792756,20.95663219690323,15.473845601081848,21.33779728412628,5.853861749172211,109.0,55.0,negative,10621.49624098
10621.49624098,12.076368808746338,21.781267821788788,8.36342066526413,8.377682387828827,82.0,56.0,negative,10619.45190766
10619.45190766,11.976525783538818,18.003842413425446,17.249916195869446,4.7790414690971375,98.0,54.0,negative,10603.37825266
10603.37825266,13.57656615972519,19.45251363515854,3.985332727432251,5.487292647361755,69.0,63.0,negative,10595.31330368
10595.31330368,5.841355204582214,15.73668497800827,6.574642062187195,5.768036723136902,59.0,48.0,positive,10604.37895532
10604.37895532,5.502072811126709,11.379730880260468,5.354526937007904,4.766210734844208,33.0,38.0,positive,10632.36122042
10632.36122042,5.37020343542099,15.402309596538544,7.983457624912262,4.635947406291962,47.0,48.0,negative,10611.51096299
10611.51096299,5.05394721031189,12.319714546203612,10.721935033798218,6.375313758850098,51.0,50.0,negative,10438.23291782
10438.23291782,2.3318912386894226,12.226119577884674,10.620698988437653,12.478770852088928,71.0,68.0,positive,10508.83728843
10508.83728843,9.314719200134276,24.322114408016205,8.827237367630005,3.1918253898620605,64.0,57.0,negative,10480.85694842
10480.85694842,9.655173003673552,37.974223017692566,7.517496287822723,12.216813683509828,49.0,104.0,negative,10465.12302573
10465.12302573,12.154790997505188,23.992068886756897,7.674704015254974,10.82550710439682,69.0,86.0,negative,10459.07621791
10459.07621791,6.031881928443909,12.620076298713684,8.110595643520355,8.486758172512054,72.0,41.0,positive,10463.07489784
10463.07489784,8.535369396209717,11.29129993915558,10.1473947763443,8.166328370571136,71.0,55.0,negative,10459.10847641
10459.10847641,13.960058748722076,16.79488253593445,8.234633326530457,4.84846305847168,79.0,51.0,positive,10491.6987867
10491.6987867,13.694830417633057,20.14577943086624,16.902422547340393,3.142136812210083,91.0,61.0,positive,10533.24890544
10533.24890544,14.07409244775772,31.459728837013245,16.07140278816223,12.594980657100676,87.0,100.0,negative,10522.67905496
10522.67905496,18.39497572183609,32.210507810115814,14.87638384103775,8.118657529354095,93.0,78.0,positive,10526.23338857
10526.23338857,18.594616532325745,29.038660407066345,15.481490433216097,13.70804637670517,132.0,105.0,positive,10553.95458784
10553.95458784,11.029033839702606,23.967060267925262,14.085640966892242,8.632761299610138,85.0,61.0,negative,10538.05052463
10538.05052463,16.157360434532166,14.57083112001419,12.43002051115036,2.134112596511841,121.0,60.0,positive,10544.0929769
10544.0929769,20.984488368034363,19.42161905765533,18.789614856243134,7.492711365222931,132.0,57.0,negative,10528.97309573
10528.97309573,14.428707420825958,24.260255694389343,16.154224514961243,3.955499172210693,112.0,73.0,positive,10544.15389492
10544.15389492,19.662299633026123,11.1974156498909,15.597680032253264,9.66705048084259,107.0,56.0,negative,10484.48300332
10484.48300332,17.94463074207306,11.98741990327835,10.700637936592102,4.2485257387161255,103.0,66.0,positive,10562.75561012
10562.75561012,8.6470046043396,18.121369779109955,13.38206660747528,3.244423151016236,83.0,48.0,positive,10575.97504191
10575.97504191,6.6621851325035095,7.213082551956177,15.073313534259796,3.9126458168029785,75.0,25.0,negative,10561.25951964
10561.25951964,5.975588083267212,10.424354553222656,17.678743958473206,5.344208717346191,72.0,36.0,negative,10536.28182109
10536.28182109,10.111096620559692,9.801574230194092,11.750507831573486,3.136370539665222,79.0,37.0,positive,10543.45615728
10543.45615728,8.752845168113708,10.351833164691923,5.901771545410156,5.809905588626862,52.0,36.0,positive,10548.16140679
10548.16140679,4.871602654457092,10.399285793304443,1.7797772288322449,2.24557101726532,42.0,25.0,positive,10561.73137227
10561.73137227,9.338165521621704,23.85348951816559,10.636166036128998,1.7468277215957642,47.0,44.0,negative,10543.76738053
10543.76738053,1.7384938597679138,11.379918336868286,8.095161080360413,2.479819118976593,38.0,31.0,negative,10528.71198758
10528.71198758,5.355273246765137,7.201120018959045,6.698442161083221,0.8279188871383667,58.0,22.0,positive,10532.28497417
10532.28497417,12.067537188529968,5.955508351325989,7.364159226417541,0.7063758373260498,64.0,24.0,negative,10521.7436482
10521.7436482,3.1380735635757446,6.630062699317932,7.304639577865601,2.373331367969513,39.0,29.0,positive,10527.35566293
10527.35566293,6.764609277248383,11.930314421653748,5.486384451389313,3.2292009592056274,53.0,41.0,positive,10553.79005751
10553.79005751,8.436967313289642,4.654232442378998,8.792438209056854,0.9697532057762146,53.0,25.0,negative,10543.91680613
10543.91680613,8.080548644065857,4.668775320053101,7.442496716976166,7.7462650537490845,60.0,35.0,negative,10540.8163167
10540.8163167,1.7274184226989746,14.305991530418396,0.0,3.293170392513275,7.0,48.0,negative,10538.678511
10538.678511,8.18081146478653,12.718239545822144,5.730089366436005,2.2647558450698853,65.0,40.0,positive,10545.40767898
10545.40767898,14.920442879199982,18.22718971967697,16.819129526615143,2.3682260513305664,110.0,48.0,positive,10553.33773368
10553.33773368,9.193876087665558,19.92036145925522,14.794146835803986,3.367887616157532,107.0,46.0,positive,10589.55464341
10589.55464341,8.311156034469604,15.38835883140564,10.337871730327606,1.4489076137542725,97.0,32.0,negative,10587.79017508
10587.79017508,15.895129680633543,9.594619035720823,13.33677762746811,0.8091621398925781,90.0,29.0,negative,10578.83145154
10578.83145154,9.208559572696686,15.46839165687561,9.31317663192749,3.3600908517837524,60.0,46.0,positive,10590.62690043
10590.62690043,13.399957656860352,9.923891007900238,23.35871249437332,5.768636643886566,121.0,39.0,negative,10576.2456345
10576.2456345,19.681231141090397,17.548576593399048,29.88076287508011,12.357091009616852,158.0,114.0,positive,10580.63918679
10580.63918679,22.11333674192429,6.624751210212708,29.404736518859863,6.3248685002326965,150.0,45.0,negative,10566.57624219
10566.57624219,19.094538033008572,13.394210517406464,31.087335646152496,0.7978177070617676,155.0,40.0,negative,10549.32889962
10549.32889962,11.655189156532288,10.648256540298462,26.338200449943542,2.2171179056167603,126.0,32.0,positive,10553.13891629
10553.13891629,11.538886964321136,17.541319370269775,15.050715625286102,1.576486051082611,123.0,44.0,negative,10548.87431889
10548.87431889,8.772672653198242,11.698960900306702,6.737868309020996,3.378597140312195,77.0,34.0,positive,10556.97493911
10556.97493911,13.8812934756279,16.818993628025055,13.081337571144104,0.8177209496498108,76.0,36.0,negative,10553.13818472
10553.13818472,6.014410018920898,7.033876419067383,12.397364497184752,2.335302531719208,63.0,24.0,positive,10599.23188864
10599.23188864,10.712176859378816,9.649610936641691,13.916092038154602,4.118624687194824,87.0,34.0,negative,10574.59734832
10574.59734832,11.568796753883362,16.553682148456573,12.303618550300598,4.046190500259399,59.0,48.0,positive,10618.4073715
10618.4073715,9.666483163833618,6.135190665721893,10.76156610250473,2.192030668258667,76.0,34.0,negative,10617.86871501
10617.86871501,8.264644861221313,12.19819402694702,9.7876558303833,0.7171503901481628,70.0,36.0,negative,10599.31215151
10599.31215151,6.532516598701477,9.639780402183533,9.515919148921968,0.8584684729576111,67.0,50.0,positive,10599.36222844
10599.36222844,4.755607128143311,14.890251874923706,8.209905743598938,3.129736006259918,62.0,37.0,negative,10582.27369586
10582.27369586,12.78158974647522,7.565461039543152,12.773407757282255,0.7054891586303711,81.0,21.0,positive,10604.89661474
10604.89661474,11.74134123325348,12.24716454744339,8.716096818447113,4.88178813457489,76.0,35.0,negative,10598.94536591
10598.94536591,6.645112335681915,18.04510360956192,16.183404445648193,2.2920605540275574,76.0,47.0,positive,10611.14232649
10611.14232649,10.73483121395111,30.079212069511414,11.467122256755829,3.2605854272842407,92.0,72.0,negative,10598.18413448
10598.18413448,7.464928030967712,17.81624037027359,16.178565740585327,7.603311955928802,88.0,60.0,positive,10602.05241936
10602.05241936,11.663539588451384,20.020268380641937,18.07951819896698,5.5358850955963135,106.0,71.0,negative,10600.56626007
10600.56626007,25.185088276863095,13.837632596492767,15.613503634929655,2.2707621455192566,132.0,47.0,positive,10606.9029265
10606.9029265,17.734392940998077,25.07203614711761,17.00379079580307,6.761483132839203,106.0,68.0,positive,10635.92993844
10635.92993844,20.067885994911197,35.77302223443985,16.15715652704239,3.490114688873291,116.0,69.0,positive,10676.18370687
10676.18370687,16.149952948093414,16.363289415836334,19.17087972164154,12.1918882727623,111.0,79.0,negative,10649.9764326
10649.9764326,12.903051733970642,15.791437208652496,16.44214576482773,4.688491106033325,92.0,67.0,positive,10651.8711764
10651.8711764,14.850291550159454,15.021001696586609,13.327993094921112,3.198024272918701,105.0,43.0,positive,10665.52169982
10665.52169982,16.37561458349228,10.2241712808609,13.149024307727814,4.644095540046692,109.0,38.0,positive,10669.58254327
10669.58254327,10.927618741989136,11.775097846984863,12.875727951526642,4.161281526088715,91.0,47.0,positive,10710.24040037
10710.24040037,7.197336971759796,9.847317397594452,11.552230596542358,3.213471293449402,67.0,49.0,negative,10705.02313114
10705.02313114,6.291745662689209,7.295509159564972,12.43021422624588,1.54110187292099,59.0,31.0,positive,10719.61770281
10719.61770281,5.821187734603882,15.22927552461624,9.955884635448456,0.7986957430839539,47.0,34.0,negative,10687.23395077
10687.23395077,8.921387076377869,7.258534550666809,9.6704323887825,5.837214946746826,67.0,29.0,negative,10662.11557181
10662.11557181,4.265480101108551,8.158700585365295,8.477287650108337,0.7289258241653442,54.0,24.0,positive,10683.73967653
10683.73967653,11.012769520282744,10.12419867515564,10.69659048318863,1.5173218846321106,65.0,23.0,negative,10646.92427673
10646.92427673,13.23031723499298,9.138059258461,8.564120948314667,2.6002650260925293,61.0,26.0,positive,10690.10065654
10690.10065654,3.9955843091011047,11.582595765590668,15.218986928462982,3.1302587389945984,59.0,39.0,negative,10680.74377936
10680.74377936,13.393804669380188,8.756381511688232,12.045861184597015,0.0,73.0,27.0,positive,10687.80785305
10687.80785305,18.839586436748505,8.146205484867096,16.284804582595825,0.8161126971244812,95.0,21.0,positive,10690.66429076
10690.66429076,11.098702788352966,9.203112125396729,10.848294913768768,0.0,85.0,25.0,negative,10682.36107169
10682.36107169,14.223669469356537,15.848689317703249,14.65219759941101,1.691072940826416,92.0,30.0,positive,10699.97641833
10699.97641833,21.553351879119877,19.81516665220261,14.0503608584404,3.284819781780243,106.0,62.0,positive,10727.69576862
10727.69576862,19.554884612560272,16.01992291212082,17.238529086112976,3.881963551044464,114.0,60.0,positive,10737.47299393
10737.47299393,12.279515027999878,13.1513050198555,17.52880299091339,6.614181339740753,127.0,71.0,negative,10722.00582397
10722.00582397,20.772133827209476,31.77250844240189,10.806506931781769,5.452972650527954,134.0,88.0,positive,10740.44121656
10740.44121656,19.63856029510498,12.827996969223022,13.837513327598572,2.507272183895111,141.0,56.0,negative,10718.65041027
10718.65041027,22.93109560012817,17.381690979003906,12.096799671649933,9.081653475761414,139.0,69.0,negative,10699.6676784
10699.6676784,13.471198797225952,46.30218321084976,12.13073444366455,3.0998520851135254,99.0,97.0,positive,10737.851602337709
10737.851602337709,17.40339082479477,14.33121007680893,11.101503551006315,7.1339346170425415,90.0,64.0,positive,10741.033355
10741.033355,10.50616717338562,15.671290218830109,9.321593701839449,3.2580791115760803,83.0,73.0,negative,10740.37581515
10740.37581515,15.069676458835602,41.219532907009125,11.868761360645294,6.254030764102936,108.0,111.0,positive,10756.19757726
10756.19757726,26.23520076274872,23.124776422977448,16.238512098789215,5.395241498947144,118.0,86.0,positive,10793.33942751
10793.33942751,17.056104063987732,12.892540872097015,8.014453947544098,7.041243493556976,93.0,54.0,negative,10755.4240764
10755.4240764,16.68479424715042,9.411138892173769,8.158784210681915,1.4601299166679382,73.0,28.0,positive,10771.94839899
10771.94839899,18.129921317100525,10.539972841739656,9.438135266304016,3.2492790818214417,100.0,31.0,positive,10772.57929266
10772.57929266,18.78815740346909,14.17395430803299,14.179253101348875,1.7963311672210691,99.0,39.0,positive,10779.26975513
10779.26975513,8.241211414337158,2.4468336701393127,10.783375442028046,3.220033884048462,66.0,32.0,negative,10779.02813464
10779.02813464,9.485413312911987,8.640044331550598,12.4368776679039,3.3587987422943115,75.0,26.0,negative,10753.50978228
10753.50978228,10.594943344593048,3.1778098940849304,4.94639664888382,1.6082189083099363,60.0,20.0,negative,10748.12679186
10748.12679186,4.030733108520508,9.639710664749146,5.331190049648285,0.7720851898193359,53.0,38.0,negative,10724.91762153
10724.91762153,8.319596529006958,4.749930381774902,17.08666628599167,2.4740944504737854,76.0,24.0,positive,10736.52871375
10736.52871375,7.352187812328339,15.344106137752531,6.712776482105255,1.577322483062744,74.0,33.0,positive,10753.84956784
10753.84956784,6.992763876914978,14.751246273517609,6.588339269161224,3.405848801136017,69.0,39.0,negative,10714.62013156
10714.62013156,8.04335731267929,5.096584260463715,14.899455785751345,4.619204521179199,85.0,19.0,negative,10698.2494686
10698.2494686,7.285334646701813,15.706387519836426,14.348867774009705,0.0,69.0,52.0,positive,10717.17427168
10717.17427168,11.900384485721588,26.35081976652145,10.984572410583496,2.421040773391724,66.0,58.0,negative,10692.74357436
10692.74357436,18.03126883506775,20.08927273750305,22.10173612833023,8.70118272304535,116.0,93.0,negative,10676.93983793
10676.93983793,8.331223905086517,14.772101998329164,13.140699207782744,4.074792861938477,114.0,47.0,positive,10718.71237225
10718.71237225,12.063346862792969,20.43678402900696,15.478908777236938,7.804670929908752,110.0,73.0,positive,10725.28131382
10725.28131382,20.85852086544037,32.34685808420181,8.114164113998413,2.472130060195923,102.0,80.0,negative,10714.01531058
10714.01531058,20.627443313598636,29.55808997154236,20.523215889930725,4.281515657901764,152.0,78.0,negative,10654.86012747
10654.86012747,11.04553484916687,10.933708429336548,15.855746388435364,5.9065409898757935,123.0,59.0,negative,10572.74093802
10572.74093802,19.68750900030136,24.453486561775208,19.061403453350067,6.543203592300415,118.0,81.0,negative,10528.890831
10528.890831,21.369880318641663,18.303266882896423,15.390821099281313,4.0370774269104,100.0,51.0,positive,10572.91514738
10572.91514738,10.82225263118744,9.264337718486786,12.040170192718506,1.7637483477592468,76.0,21.0,positive,10577.81632026
10577.81632026,12.769137024879456,11.464928686618803,10.717878699302672,6.26654714345932,81.0,40.0,positive,10604.40588882
10604.40588882,9.953303217887878,21.48500025272369,14.500132381916046,0.7713866233825684,77.0,50.0,negative,10582.66213621
10582.66213621,15.538891613483427,12.168338537216188,14.029377222061155,3.911733388900757,94.0,44.0,negative,10576.20837977
10576.20837977,13.847420036792755,19.61618649959564,11.048124730587006,3.22429096698761,86.0,62.0,positive,10597.77698739
10597.77698739,12.391766428947449,17.761460840702057,8.26730728149414,4.041351139545441,91.0,52.0,negative,10586.01872511
10586.01872511,10.25727128982544,8.518197774887085,6.415195524692535,3.290007710456848,71.0,31.0,positive,10598.49237018
10598.49237018,7.636706531047821,7.284457504749298,6.434521377086639,5.7559874057769775,62.0,32.0,positive,10615.27450928
10615.27450928,8.334912955760956,22.93584638834,5.432418406009674,0.7983846664428711,56.0,42.0,positive,10621.92795566
10621.92795566,11.795379519462584,12.722831308841704,17.655908524990082,1.5124443173408508,85.0,32.0,negative,10614.00445699
10614.00445699,7.918035447597504,8.307104647159576,4.867060363292694,1.834631323814392,46.0,30.0,positive,10614.38311097
10614.38311097,6.351429462432861,10.863441288471222,6.403005123138428,3.788888931274414,49.0,31.0,negative,10603.54480137
10603.54480137,1.4867424964904783,14.92949479818344,9.083255767822266,3.293911337852478,42.0,45.0,negative,10597.31099115
10597.31099115,8.180939018726349,16.636464953422546,12.099637985229492,4.08805114030838,52.0,60.0,positive,10609.48924263
10609.48924263,7.115689337253571,6.178224146366119,13.647578418254852,4.107450366020203,70.0,25.0,positive,10631.16573775
10631.16573775,13.272024989128113,6.268510580062866,8.825915038585663,0.7885609269142151,89.0,23.0,negative,10620.4233884
10620.4233884,12.149556577205658,25.013052225112915,10.607653081417084,2.977404534816742,97.0,73.0,positive,10628.22348891
10628.22348891,13.560643792152405,11.651472866535189,14.973907351493835,3.262432217597961,100.0,29.0,negative,10624.84448255
10624.84448255,15.262742221355438,29.7960187792778,19.06467348337173,4.87972766160965,111.0,77.0,negative,10623.04080592
10623.04080592,17.8388751745224,17.725077509880066,15.001624763011932,5.035914480686188,110.0,59.0,positive,10640.50711879
10640.50711879,23.123007774353027,16.666050791740417,16.08743190765381,2.445686042308808,128.0,49.0,positive,10658.89843668
10658.89843668,20.17336267232895,12.904838681221008,24.76193743944168,1.4895139336586,153.0,38.0,positive,10662.35350894
10662.35350894,15.78191614151001,19.871086180210117,28.037016332149506,3.678730845451355,158.0,50.0,positive,10663.81617332
10663.81617332,25.09099841117859,29.2186251282692,17.70932310819626,7.058073937892914,129.0,91.0,positive,10666.76031457
10666.76031457,15.83251142501831,4.72206324338913,12.696336925029756,3.970164477825165,85.0,42.0,negative,10655.80783532
10655.80783532,12.332681715488434,42.02349179983139,13.02076631784439,10.36471825838089,94.0,99.0,positive,10668.96895539
10668.96895539,9.907552301883698,60.53419029712677,12.419063210487366,4.996854305267334,87.0,113.0,negative,10650.7887552
10650.7887552,13.02011227607727,13.157861590385435,13.27179116010666,8.31288331747055,88.0,55.0,negative,10632.66136236
10632.66136236,8.250919044017792,16.03724581003189,13.929060816764832,5.542923450469971,97.0,70.0,positive,10644.52116295
10644.52116295,7.9794381856918335,25.57454174757004,12.548640549182892,10.760883569717407,77.0,76.0,negative,10644.41500463
10644.41500463,11.20982277393341,17.03288906812668,8.415225982666016,2.352195680141449,64.0,58.0,positive,10644.74869303
10644.74869303,6.618033587932587,12.212073266506197,7.558215320110321,7.355439126491547,70.0,48.0,negative,10619.03941785
10619.03941785,4.891000270843506,20.79362565279007,7.11013787984848,2.4438801407814026,44.0,51.0,positive,10631.78672288
10631.78672288,8.397849678993225,15.126354098320007,7.420313358306885,7.503961026668549,74.0,56.0,negative,10599.68431936
10599.68431936,16.143560230731964,12.157964289188383,13.836088299751282,2.497380316257477,97.0,37.0,negative,10591.23936761
10591.23936761,9.99187594652176,17.968599259853363,11.1853985786438,3.169352531433105,82.0,50.0,negative,10573.90816074
10573.90816074,6.511862933635712,17.167190611362457,9.504304587841034,8.648938119411469,63.0,63.0,positive,10614.98427509
10614.98427509,6.689767837524414,16.591710031032562,7.368003904819488,2.4576144218444824,59.0,50.0,negative,10612.246256
10612.246256,10.999837398529053,21.39857965707779,4.916611731052399,2.969152808189392,77.0,58.0,positive,10629.9745667
10629.9745667,13.044247925281525,24.463485956192017,6.3237733244895935,4.297002077102661,76.0,65.0,positive,10727.94438022
10727.94438022,18.102825462818146,80.3961187005043,7.834212124347687,19.84311956167221,121.0,255.0,positive,10899.94567488
10899.94567488,26.84962660074234,48.956446290016174,21.397355437278748,11.472467184066772,180.0,237.0,negative,10884.99302624
10884.99302624,31.75378012657165,58.20228135585785,22.642915189266205,19.207442581653595,184.0,193.0,positive,10930.0733276
10930.0733276,14.520762622356417,53.74172103404999,9.822376191616058,8.964437484741211,122.0,136.0,negative,10880.47697506
10880.47697506,28.350131392478943,42.583047747612,18.88344496488571,9.846060991287231,167.0,111.0,positive,10883.3460135
10883.3460135,24.996960878372192,40.78361636400223,17.885737121105194,11.035561978816986,148.0,131.0,positive,10895.80857896
10895.80857896,21.522097408771515,40.92296195030213,17.323820769786835,6.320309937000275,132.0,117.0,positive,10902.82844048
10902.82844048,22.524511694908146,31.22076404094696,11.243985772132874,8.880708158016205,122.0,91.0,negative,10892.91549277
10892.91549277,21.694324016571045,23.48319923877716,11.357474505901337,7.896182954311371,141.0,82.0,positive,10908.8961224
10908.8961224,20.102489352226257,16.158099591732025,15.155270755290983,3.471685469150543,130.0,58.0,positive,10915.68573098
10915.68573098,15.115260541439056,26.67808973789215,16.430063009262085,10.913018703460692,107.0,79.0,negative,10885.98416637
10885.98416637,8.694544434547424,31.234105825424194,10.328792154788973,2.3185875415802,73.0,83.0,positive,10905.49373914
10905.49373914,13.11702287197113,24.55447292327881,6.625995218753815,2.399522244930268,85.0,74.0,positive,10912.46443812
10912.46443812,14.87131953239441,13.150996088981628,14.054897964000702,11.148081421852112,89.0,71.0,negative,10908.10827435
10908.10827435,11.8819300532341,16.04843783378601,3.336089015007019,7.212962687015533,58.0,59.0,negative,10893.09940404
10893.09940404,6.432158887386322,14.768032371997831,6.036158382892609,5.032955706119537,63.0,44.0,negative,10876.94284619
10876.94284619,8.150154709815979,10.76389229297638,9.237311244010924,2.453635156154633,80.0,41.0,negative,10865.9868145
10865.9868145,18.25227522850037,9.05724799633026,9.230140089988708,5.588759660720825,92.0,40.0,positive,10899.16341382
10899.16341382,11.174634158611298,18.14825373888016,14.296006441116331,6.362420201301575,95.0,53.0,negative,10891.91566035
10891.91566035,19.509918212890625,29.13261723518372,12.397999584674835,6.439218044281006,86.0,77.0,negative,10884.87660786
10884.87660786,12.0538210272789,9.186358213424684,7.843025505542755,3.22850638628006,62.0,37.0,positive,10984.77200338
10984.77200338,9.963874101638794,13.044943153858185,9.70570820569992,4.9969271421432495,66.0,71.0,positive,11037.3073631
11037.3073631,17.150204300880432,20.783095061779026,13.643015325069427,6.086717963218689,119.0,94.0,positive,11080.98358749
11080.98358749,16.50183629989624,27.088512539863583,13.362259089946749,6.19553530216217,137.0,91.0,positive,11094.80429429
11094.80429429,13.918420910835266,27.383982598781586,10.142649710178375,7.561063051223755,113.0,92.0,negative,11079.43063165
11079.43063165,18.106254756450653,25.90930646657944,16.016582190990448,10.815906405448914,153.0,103.0,positive,11100.67717984
11100.67717984,22.93752104043961,35.07233101129532,14.688046634197237,9.89543354511261,138.0,111.0,negative,11065.44892068
11065.44892068,23.292699813842773,41.67083966732025,20.1934751868248,16.853716552257538,166.0,138.0,positive,11073.5605951
11073.5605951,21.8322616815567,28.17057067155838,12.627201735973358,4.722541451454163,118.0,85.0,negative,11059.03652918
11059.03652918,14.043297171592712,30.51631933450699,15.218109965324402,4.8154977560043335,104.0,81.0,negative,11044.27638015
11044.27638015,16.44233387708664,35.87392467260361,14.300273299217224,9.125835418701172,99.0,105.0,positive,11049.5543398
11049.5543398,14.94216650724411,28.06613713502884,14.836014807224274,8.521883010864258,108.0,107.0,positive,11054.83116847
11054.83116847,14.551055490970612,28.836851596832275,17.310834228992462,3.112923324108124,126.0,80.0,positive,11075.46184436
11075.46184436,13.761056423187256,12.078496515750883,11.343645870685576,8.931338369846344,119.0,74.0,negative,11064.45759247
11064.45759247,13.293809592723846,27.77608907222748,11.05554473400116,7.6802451610565186,82.0,98.0,positive,11079.04806779
11079.04806779,14.879935264587402,38.13940614461899,19.813371002674103,13.45536071062088,120.0,102.0,positive,11093.53726749
11093.53726749,9.87677013874054,12.458207964897156,5.526924550533295,11.826477110385897,77.0,67.0,positive,11380.2098456
11380.2098456,23.46070170402527,37.72805255651474,13.481971085071564,7.7801337242126465,151.0,273.0,positive,11424.46028654
11424.46028654,26.751546382904053,26.74751079082489,11.743476688861849,6.074693739414215,127.0,95.0,negative,11405.9025446
11405.9025446,7.0761372447013855,19.251259744167328,11.367706596851349,8.502695739269257,77.0,76.0,negative,11375.11291142
11375.11291142,3.197348356246948,21.28703886270523,6.61567360162735,10.616586208343506,57.0,72.0,negative,11373.50333295
11373.50333295,11.095432043075562,35.99495804309845,12.750672399997711,17.69154530763626,95.0,99.0,positive,11379.46623417
11379.46623417,12.962576866149902,26.52592778205872,10.710163831710815,3.001133382320404,88.0,66.0,positive,11379.60040548
11379.60040548,15.603742182254791,50.64971786737442,11.016807973384855,5.654205501079559,70.0,96.0,negative,11315.72585468
11315.72585468,13.47451376914978,20.619871139526367,13.374605417251589,5.627347826957703,102.0,74.0,negative,11302.65582621
11302.65582621,8.901145577430725,53.02775460481644,7.264196693897247,8.43920522928238,66.0,105.0,positive,11328.86985113
11328.86985113,12.342554986476898,21.694932997226715,10.12534475326538,13.665750682353972,84.0,91.0,positive,11332.35744884
11332.35744884,13.280348300933838,21.17463892698288,7.727947115898132,5.065928518772125,87.0,67.0,positive,11346.27735668
11346.27735668,15.384248673915865,26.22764807939529,9.73439073562622,10.1476731300354,98.0,92.0,negative,11345.59960754
11345.59960754,12.930427849292755,40.17044931650162,22.441922903060917,5.377656817436218,114.0,106.0,positive,11355.21645827
11355.21645827,15.9523144364357,40.85477215051651,20.81728821992874,6.557893633842468,108.0,108.0,negative,11341.18894448
11341.18894448,29.37032425403595,24.591618537902832,17.26297402381897,3.145535290241241,166.0,81.0,positive,11353.45412889
11353.45412889,15.404154479503632,11.921437621116638,28.524019300937653,4.767102479934692,145.0,55.0,positive,11366.33838934
11366.33838934,16.596131563186646,27.62439501285553,19.880161106586456,3.770364761352539,114.0,75.0,positive,11366.55110004
11366.55110004,13.329941868782043,22.58529257774353,19.369049847126007,5.987883269786835,128.0,76.0,negative,11364.59305117
11364.59305117,16.082139492034912,22.415233492851257,15.298506617546082,5.639875054359436,128.0,77.0,positive,11373.64053282
11373.64053282,16.98586654663086,13.635803461074827,21.887587010860443,5.513818323612213,137.0,48.0,negative,11354.80474994
11354.80474994,12.226219356060028,34.65299677848816,13.438320755958555,1.8282706141471865,100.0,67.0,negative,11296.3614282
11296.3614282,11.982295393943788,13.562550067901611,10.574564814567566,4.111246824264526,71.0,43.0,negative,11295.13182824
11295.13182824,15.116880476474762,16.769348561763763,8.53369927406311,1.5375502705574036,103.0,48.0,positive,11365.52614615
11365.52614615,14.80371594429016,9.70781922340393,17.650006651878357,2.6091726422309875,91.0,51.0,negative,11353.57309858
11353.57309858,8.589149475097656,8.652474284172058,7.1665754318237305,2.484825015068054,60.0,33.0,negative,11334.1532723
11334.1532723,9.54638934135437,11.744962096214294,7.378917336463928,1.8599931597709656,74.0,36.0,negative,11310.28063509
11310.28063509,9.54257845878601,17.864414751529694,15.51112687587738,5.063546001911163,85.0,41.0,positive,11339.42255503
11339.42255503,9.99438750743866,12.588066756725311,12.245944917201996,2.152557730674744,73.0,35.0,positive,11343.89492593
11343.89492593,6.307347536087036,17.33229809999466,16.78355622291565,1.7033814191818235,65.0,40.0,positive,11358.51170137
11358.51170137,6.315947413444519,16.356752812862396,12.489633977413176,1.4421306848526,72.0,39.0,negative,11345.40683671
11345.40683671,7.91119372844696,12.207693636417387,10.130276381969452,1.580119013786316,78.0,28.0,negative,11344.68619509
11344.68619509,7.253618538379669,27.35832977294922,13.134889483451843,3.339158058166504,72.0,70.0,positive,11369.01193666
11369.01193666,16.54369306564331,19.23371005058289,12.36241489648819,7.174684286117554,82.0,53.0,positive,11371.95414365
11371.95414365,7.592880427837372,24.24338680505753,13.735304951667786,6.8669737577438354,80.0,66.0,negative,11359.5922655
11359.5922655,14.663172423839567,13.782338917255402,17.42607033252716,5.192623734474182,123.0,53.0,positive,11372.11854985
11372.11854985,19.472144067287445,25.665778040885925,18.605221271514893,3.9469147324562073,132.0,91.0,positive,11379.11832899
11379.11832899,18.707808673381805,21.496634304523468,15.626846849918364,9.139929115772247,141.0,91.0,positive,11401.1060132
11401.1060132,19.851022839546204,22.54975670576096,14.969645619392397,8.631677985191345,119.0,77.0,positive,11416.05233508
11416.05233508,22.03602033853531,23.48590177297592,10.680005073547363,3.3783103823661804,107.0,66.0,negative,11413.90120336
11413.90120336,14.134179174900057,61.8574281334877,13.822013556957245,10.936192333698273,118.0,145.0,negative,11405.90638426
11405.90638426,16.77483034133911,41.4095596075058,14.889267385005953,9.249691009521484,114.0,137.0,negative,11341.94579286
11341.94579286,14.350604593753816,40.813524663448334,15.0429208278656,7.961897552013397,100.0,133.0,positive,11380.70719793
11380.70719793,8.921904623508453,31.071130514144897,17.796728193759918,8.322321951389313,89.0,95.0,negative,11358.2880418
11358.2880418,11.69587415456772,22.8106889128685,9.078191041946411,8.726409316062927,91.0,81.0,positive,11373.80862649
11373.80862649,13.355822563171388,23.81503200531006,15.30452585220337,10.720530807971954,90.0,107.0,positive,11384.1819535
11384.1819535,12.029646158218384,24.158886790275574,13.573274731636047,8.779080331325531,88.0,87.0,positive,11392.26739131
11392.26739131,10.772967278957369,11.777589559555054,6.785466313362122,0.8098482489585876,77.0,42.0,positive,11392.73262305
11392.73262305,9.46306139230728,13.113508105278015,10.48560881614685,1.5901971459388733,89.0,47.0,positive,11399.29816036
11399.29816036,10.825657725334167,20.082655429840088,10.01191782951355,2.3921766877174377,88.0,54.0,negative,11392.26504432
11392.26504432,9.896056234836578,11.51066553592682,9.40517646074295,4.605341553688049,62.0,41.0,negative,11387.88911882
11387.88911882,10.871371924877169,13.516995906829834,4.791082859039307,4.751085042953491,58.0,44.0,positive,11393.69467126
11393.69467126,15.113533854484558,20.02185040712357,5.592333257198334,2.4314255714416504,67.0,41.0,negative,11369.4832141
11369.4832141,11.193828344345093,11.60233634710312,7.583936750888824,3.9695021510124207,71.0,43.0,positive,11392.816272
11392.816272,10.846600890159609,24.358161091804504,5.798567712306976,4.200534701347351,70.0,61.0,negative,11376.40095349
11376.40095349,8.972278833389282,19.51464891433716,9.72845321893692,8.428791522979736,68.0,67.0,negative,11341.84306953
11341.84306953,10.92798000574112,18.878851115703583,8.701235473155975,3.0259021520614624,62.0,59.0,negative,11259.42629337
11259.42629337,10.61917233467102,12.96339190006256,5.481372833251953,8.343301057815552,61.0,98.0,negative,11250.04104749
11250.04104749,7.656878232955933,15.758625030517578,7.86833792924881,4.974874913692474,47.0,59.0,positive,11293.55271987
11293.55271987,7.420102298259735,27.30672788619995,3.921484172344208,6.587591469287872,58.0,85.0,positive,11484.49859711
11484.49859711,11.961818635463716,24.476559281349186,12.494036853313446,6.939123511314392,81.0,122.0,negative,11473.84931241
11473.84931241,20.996034145355225,24.21155571937561,17.63257747888565,7.596656918525696,164.0,82.0,positive,11528.48967962
11528.48967962,31.63247168064117,22.7620222568512,28.11646741628647,4.707596361637116,231.0,103.0,positive,11571.95578063
11571.95578063,23.18487000465393,36.8069309592247,22.811086177825928,6.471563994884491,186.0,100.0,negative,11553.11096652
11553.11096652,13.496119856834412,18.413460612297055,19.10823792219162,1.7577627301216123,135.0,70.0,positive,11559.53599683
11559.53599683,16.170397222042084,11.092673301696776,19.433740079402924,0.9719607830047609,119.0,39.0,negative,11551.92051509
11551.92051509,17.714057087898254,25.4955233335495,32.973281264305115,6.484890699386597,185.0,90.0,positive,11563.63118025
11563.63118025,21.91781455278397,26.536586701869965,25.732674598693848,2.917886793613434,150.0,72.0,positive,11678.13769284
11678.13769284,29.495941519737244,16.261278092861176,21.304873526096344,6.231652021408081,202.0,126.0,negative,11663.80458461
11663.80458461,23.208351373672485,14.899929106235504,28.00821751356125,7.675397992134094,172.0,59.0,negative,11555.3628878
11555.3628878,11.136802315711977,11.378679156303406,15.0021710395813,4.250364005565643,114.0,57.0,negative,11501.16843346
11501.16843346,11.570294559001924,12.518274307250977,13.673773884773254,3.50077623128891,110.0,41.0,positive,11510.18441943
11510.18441943,13.75811731815338,15.04366171360016,18.78541034460068,2.6670560240745544,99.0,40.0,negative,11500.92963992
11500.92963992,12.513933539390564,11.273762047290802,18.64966368675232,4.93098247051239,131.0,44.0,negative,11472.17044476
11472.17044476,16.869605898857117,15.06553965806961,13.250273406505585,5.749166488647461,94.0,45.0,positive,11474.25800999
11474.25800999,7.116990566253662,13.182627022266388,13.180051982402802,0.7324825525283813,79.0,32.0,positive,11523.0468627
11523.0468627,16.583990812301636,6.948588609695435,17.490483462810516,3.049984574317932,101.0,23.0,negative,11480.9023063
11480.9023063,17.30990695953369,9.774352014064789,9.195704698562622,1.6967997550964355,88.0,25.0,negative,11460.27367945
11460.27367945,12.092671155929564,19.56473219394684,9.834052383899689,5.727877914905548,76.0,41.0,positive,11490.2705919
11490.2705919,7.409068405628204,23.465863347053528,9.21096497774124,4.198770642280579,61.0,47.0,negative,11474.43398195
11474.43398195,5.010351955890656,17.094575583934784,9.864950716495514,4.079399108886719,60.0,40.0,positive,11533.1865278
11533.1865278,13.51332312822342,19.632372736930847,7.284195065498352,0.8163391351699829,70.0,51.0,negative,11512.80405451
11512.80405451,10.928949296474457,7.368918776512146,9.442821502685549,0.7172797322273254,89.0,23.0,negative,11469.29136137
11469.29136137,19.453059315681458,35.406479597091675,15.089813113212584,2.277200937271118,132.0,75.0,negative,11345.23153182
11345.23153182,21.53476059436798,30.804360389709476,24.12648367881775,3.014330208301544,167.0,103.0,positive,11375.68245829
11375.68245829,19.7386167049408,42.38147819042206,33.44902563095093,9.048845887184145,201.0,109.0,positive,11393.69214623
11393.69214623,26.920949459075928,43.78478342294693,22.53747433423996,5.647545039653778,163.0,118.0,negative,11392.54550796
11392.54550796,32.05833226442337,34.03180241584778,23.067526519298557,3.0985732674598694,195.0,79.0,negative,11373.32008614
11373.32008614,18.318309366703037,32.84574335813522,17.422752141952515,4.892686545848846,153.0,87.0,positive,11376.87784247
11376.87784247,17.439496278762817,20.24338048696518,33.3916277885437,2.4659814834594727,177.0,69.0,positive,11399.97771725
11399.97771725,22.333955705165863,23.38278901576996,22.90756553411484,4.497969806194305,143.0,75.0,positive,11425.86758668
11425.86758668,23.40080803632736,22.768788397312164,16.473864912986755,2.3537553548812866,145.0,67.0,positive,11453.29446291
11453.29446291,16.648274779319763,22.43270307779312,14.03399258852005,1.8192997574806211,122.0,69.0,negative,11442.27919091
11442.27919091,21.53115051984787,19.928289592266083,9.822644352912905,2.2746388912200928,108.0,51.0,negative,11425.8994007
11425.8994007,11.8347607254982,15.040807545185087,13.265784859657288,4.071320593357086,98.0,56.0,positive,11474.35396627
11474.35396627,11.544897496700289,15.07651662826538,16.725464344024658,3.052086114883423,92.0,45.0,negative,11444.67355003
11444.67355003,10.481239795684814,10.362071752548218,10.520987927913666,0.0,83.0,40.0,positive,11448.89421895
11448.89421895,16.275905966758728,16.818497836589813,12.317257583141329,2.528838276863098,123.0,47.0,positive,11457.0939066
11457.0939066,15.251705348491669,9.521756887435911,10.079607963562012,2.563000559806824,85.0,39.0,negative,11388.60151434
11388.60151434,14.57970780134201,22.298892319202423,16.23861801624298,4.213159441947937,106.0,50.0,positive,11408.29830289
11408.29830289,13.134646356105804,16.422293841838837,7.56506884098053,0.0,82.0,39.0,positive,11411.72259202
11411.72259202,13.158086121082306,14.291599214076996,13.137090563774109,1.5275160074234009,100.0,35.0,positive,11415.57476904
11415.57476904,15.210495352745056,18.51523631811142,10.815170109272003,15.889545917510986,105.0,63.0,positive,11440.13537699
11440.13537699,7.168840348720551,13.293428361415865,5.171812355518341,1.7524279356002808,52.0,29.0,negative,11419.08324682
11419.08324682,8.708985209465027,60.46904355287552,10.69896376132965,2.41948401927948,80.0,84.0,negative,11379.38608692
11379.38608692,10.570797264575958,16.17285907268524,15.32061105966568,1.7125261425971985,86.0,43.0,positive,11386.69986424
11386.69986424,11.047799468040466,21.58517098426819,9.731848239898682,2.488290250301361,74.0,54.0,positive,11410.15044138
11410.15044138,10.708885669708252,54.88544863462448,15.319597959518433,4.738248288631439,100.0,91.0,positive,11522.532493
11522.532493,20.598163306713104,54.65427768230438,17.74947738647461,9.617030620574951,135.0,134.0,negative,11401.94520162
11401.94520162,23.26486212015152,37.15992349386215,32.00446206331253,11.306303560733795,192.0,99.0,negative,11318.66333656
11318.66333656,25.848614931106567,31.59753304719925,28.84485125541687,5.511214137077332,176.0,94.0,positive,11348.80779321
11348.80779321,18.211862921714783,60.91582077741623,17.234940350055695,5.666288912296295,109.0,124.0,positive,11353.63609381
11353.63609381,39.38812720775604,51.82748079299927,22.378197193145752,6.389673292636871,191.0,91.0,negative,11345.83056586
11345.83056586,19.31738579273224,22.21417891979217,23.035765647888184,9.054556846618652,151.0,83.0,positive,11357.17693097
11357.17693097,15.826354503631592,26.60799849033356,15.736686885356905,8.834829092025757,135.0,80.0,positive,11386.51596816
11386.51596816,16.612291514873505,23.16908448934555,16.07451444864273,1.523497462272644,120.0,59.0,negative,11384.52235435
11384.52235435,14.200562119483948,19.407012224197388,15.241730034351349,4.070511698722839,130.0,49.0,positive,11399.62050229
11399.62050229,17.026767909526825,17.245752215385437,16.40848433971405,4.731010615825653,113.0,62.0,positive,11429.50688675
11429.50688675,12.861047744750977,19.880515217781067,18.13526403903961,5.435266375541687,113.0,58.0,negative,11401.2703183
11401.2703183,14.369533836841583,29.1540430188179,11.654475092887878,5.066132128238678,85.0,71.0,negative,11387.88322694
11387.88322694,12.180545687675476,16.959116518497467,12.210927844047546,0.706570565700531,78.0,41.0,negative,11380.81577227
11380.81577227,23.58594059944153,7.882171213626862,15.509525418281555,3.857949733734131,121.0,42.0,positive,11385.07263986
11385.07263986,8.632097065448761,12.53565776348114,15.16898626089096,4.112291038036346,97.0,38.0,positive,11399.17406407
11399.17406407,6.657076895236969,10.001614332199097,9.282150864601135,2.6318164467811584,68.0,27.0,positive,11415.41950413
11415.41950413,9.51632273197174,11.29078596830368,14.928393602371216,3.1911069750785828,82.0,40.0,negative,11409.04443386
11409.04443386,16.9894797205925,15.72790253162384,17.15006321668625,0.9188406467437744,128.0,44.0,negative,11401.9304183
11401.9304183,16.0600808262825,12.76592206954956,11.146238148212433,4.312609136104584,85.0,51.0,negative,11363.58224624
11363.58224624,7.39934229850769,22.938034296035767,8.261785387992859,2.466992020606994,79.0,54.0,negative,11325.94652012
11325.94652012,10.460424840450289,14.866451442241669,5.024829626083374,3.056408405303955,80.0,49.0,positive,11331.40706061
11331.40706061,18.488946855068207,15.078290283679962,10.804612576961516,3.1130332946777344,109.0,38.0,negative,11324.11504895
11324.11504895,16.44448173046112,25.34847491979599,15.660662293434145,6.617488503456116,110.0,64.0,positive,11381.21407045
11381.21407045,19.19216239452362,19.208620488643646,18.84461408853531,7.169622123241425,153.0,83.0,positive,11409.61266993
11409.61266993,18.903447449207302,29.69616186618805,17.195693016052246,3.8300724625587454,126.0,67.0,negative,11381.76958693
11381.76958693,17.090526282787323,22.34453630447388,21.31884860992432,8.60239189863205,183.0,86.0,positive,11405.60786675
11405.60786675,27.517967462539676,43.79813230037689,18.430761218070984,9.82676613330841,163.0,119.0,negative,11381.87049732
11381.87049732,38.88600647449493,25.854873180389404,18.339794754981995,4.687616109848023,188.0,82.0,positive,11470.14804552
11470.14804552,18.84422641992569,35.14876276254654,16.89332789182663,0.0,151.0,87.0,positive,11479.37891795
11479.37891795,33.02012342214584,32.23826116323471,25.41450273990631,3.000103771686554,203.0,70.0,positive,11524.08586988
11524.08586988,31.075513064861298,15.29914927482605,18.55004632472992,3.2462428212165837,178.0,57.0,positive,11526.25254148
11526.25254148,34.95407825708389,29.967632949352264,21.107792556285855,5.69045490026474,181.0,102.0,negative,11505.6332597
11505.6332597,22.97748327255249,8.672281205654144,30.06959468126297,4.076989352703095,174.0,33.0,negative,11489.40510136
11489.40510136,25.50429457426071,0.0,18.24485260248184,0.0,146.0,0.0,positive,11495.34965037
11495.34965037,17.921617090702057,4.053250074386597,14.978748261928558,0.8678773641586304,142.0,12.0,positive,11511.08979566
11511.08979566,17.224368393421173,3.276697933673858,10.284688889980316,4.805338501930237,108.0,34.0,positive,11532.79730162
11532.79730162,16.79485011100769,27.479820907115936,10.284263610839844,1.778835415840149,116.0,44.0,negative,11526.71424283
11526.71424283,11.075114607810974,13.863969027996063,19.231453597545624,3.0931077003479004,100.0,52.0,negative,11507.52779471
11507.52779471,10.753939986228945,15.757776737213137,14.791478037834167,4.1953675746917725,92.0,59.0,negative,11276.87089975
11276.87089975,16.63287478685379,10.53249341249466,21.823372900485992,6.778166949748993,130.0,62.0,positive,11347.29215189
11347.29215189,9.639115452766418,13.8821759223938,26.73140722513199,4.849997341632843,124.0,40.0,negative,11319.8864115
11319.8864115,10.102683007717133,12.588425159454346,11.311904311180117,5.68193793296814,82.0,38.0,positive,11322.62542879
11322.62542879,8.36797434091568,13.271868646144869,14.032613277435305,7.304979622364044,81.0,54.0,negative,11310.048034173547
11310.048034173547,11.949925780296326,12.147406876087189,11.47338092327118,9.167394876480104,85.0,39.0,negative,11243.911733949812
11243.911733949812,12.15643721818924,11.329899609088898,13.896182894706726,5.741890966892242,103.0,41.0,positive,11304.76022075
11304.76022075,17.628345727920532,17.206778049468994,15.00100189447403,5.288355469703674,112.0,51.0,positive,11376.32141557
11376.32141557,16.295953035354614,11.109504878520966,19.362410843372345,3.816969454288482,108.0,49.0,positive,11383.954812528767
11383.954812528767,23.211548268795013,15.202263712882996,10.572151124477386,2.5740450620651245,97.0,43.0,negative,11338.25944366
11338.25944366,13.500885546207428,17.721882343292236,15.300321280956268,3.83447265625,137.0,44.0,negative,11333.661868223804
11333.661868223804,12.529953598976135,28.940559029579163,22.665478587150574,1.595197319984436,132.0,64.0,negative,11317.56601379
11317.56601379,17.975717663764954,21.6132772564888,19.2926265001297,3.2867890000343323,114.0,41.0,positive,11336.54045061
11336.54045061,17.72497594356537,32.98385661840439,18.137903571128845,6.873166739940643,145.0,85.0,negative,11330.14851812
11330.14851812,17.272594571113586,18.24594622850418,16.888051688671112,5.268907904624939,139.0,56.0,positive,11363.65957113687
11363.65957113687,21.597337126731876,18.7701758146286,21.552834451198574,5.469540655612946,135.0,68.0,negative,11334.19015466
11334.19015466,22.88099730014801,19.617269575595856,12.47592431306839,6.129214644432068,125.0,78.0,negative,11308.85496822
11308.85496822,17.103398203849792,11.876675486564636,13.894430875778198,4.040914237499237,81.0,30.0,positive,11327.24710325
11327.24710325,18.36605912446976,14.955199599266052,10.888485968112946,2.4516958594322205,82.0,38.0,positive,11345.845614
11345.845614,13.173584043979645,9.771782517433168,10.451963901519775,5.442405462265015,84.0,39.0,negative,11322.12268618
11322.12268618,13.550387620925903,15.06102865934372,8.010361135005951,2.409891366958618,79.0,36.0,negative,11295.44653276
11295.44653276,9.283750295639038,11.31901603937149,10.141706466674805,8.438156425952911,60.0,45.0,positive,11345.956997054034
11345.956997054034,9.005068302154541,3.1016775965690613,6.233906149864197,1.7188450694084167,59.0,12.0,positive,11347.3952635
11347.3952635,2.484721541404724,10.451082527637482,7.364130020141602,2.607238471508026,38.0,33.0,positive,11356.38902382
11356.38902382,8.078745722770691,10.91349059343338,10.017765462398527,2.4306849241256714,55.0,36.0,negative,11349.372754159587
11349.372754159587,8.35575932264328,4.858762979507446,7.399038672447205,2.321273624897003,46.0,20.0,positive,11353.36492309
11353.36492309,4.095300793647766,12.494053483009338,4.870279014110565,2.644780695438385,61.0,40.0,negative,11348.69682507
11348.69682507,14.362392008304596,10.42479771375656,6.495560169219971,3.413972496986389,79.0,39.0,negative,11348.5404387
11348.5404387,7.112172365188599,17.268671572208405,8.103630900382996,5.715959846973419,60.0,61.0,negative,11333.71652121
11333.71652121,11.14734160900116,3.2614974975585938,4.605177760124207,0.7821491360664368,57.0,13.0,positive,11339.27350373
11339.27350373,10.176217317581177,8.410654246807098,7.476326525211334,5.111590147018433,80.0,33.0,positive,11344.1255819
11344.1255819,9.40876990556717,5.851682364940643,7.123235583305359,4.908626616001129,55.0,26.0,negative,11339.86632038
11339.86632038,15.224120259284971,10.796266198158264,12.144524037837982,3.387038290500641,97.0,44.0,negative,11333.3960414
11333.3960414,15.034996688365936,16.268652260303497,19.878587305545807,1.827476978302002,110.0,46.0,negative,11322.2473905
11322.2473905,17.536930680274963,14.578732252120972,17.47506558895111,2.534656703472137,114.0,47.0,positive,11345.80407382
11345.80407382,30.29207408428192,26.459917306900024,16.000497579574585,8.810686230659485,158.0,104.0,negative,11329.15791215
11329.15791215,20.245194375514984,26.41073489189148,16.848703622817993,5.303873658180237,140.0,86.0,negative,11324.37585635
11324.37585635,15.616668343544006,13.615617454051971,25.29406636953354,7.67917001247406,139.0,60.0,positive,11332.26868128
11332.26868128,13.777423083782196,33.817035257816315,16.37000697851181,13.172101199626924,116.0,102.0,positive,11340.40547536
11340.40547536,22.388933777809143,25.762342631816864,19.5919286608696,6.715364456176758,122.0,88.0,negative,11338.94322582
11338.94322582,15.745824754238129,17.38862043619156,6.893109858036041,9.431905090808868,94.0,56.0,positive,11348.81803256
11348.81803256,18.33068734407425,24.257762372493744,13.732033133506777,7.414530694484711,97.0,68.0,negative,11343.58245145
11343.58245145,10.548792958259584,23.35274440050125,14.89709186553955,2.4301769733428955,94.0,85.0,negative,11340.5931341
11340.5931341,16.627184629440308,14.803096890449524,14.459587633609772,3.870505809783936,105.0,55.0,positive,11358.10156733
11358.10156733,4.844914436340332,7.314472794532776,8.461539328098297,3.090542316436768,55.0,30.0,positive,11379.45076459
11379.45076459,11.62255162000656,17.217430591583252,10.220757007598875,2.442396342754364,82.0,33.0,positive,11381.78641832
11381.78641832,4.991042673587799,10.212592661380768,8.905881524085999,1.5223823189735413,68.0,33.0,negative,11374.34568759
11374.34568759,19.03987348079681,10.345765948295591,6.823254227638245,4.643558382987976,88.0,34.0,negative,11365.59563848
11365.59563848,11.835981369018556,11.534772038459778,9.631140768527985,1.7491188645362854,75.0,41.0,negative,11364.46353366
11364.46353366,18.53006809949875,8.091497898101807,24.98784637451172,4.131208002567291,110.0,28.0,positive,11386.1595085
11386.1595085,11.187839448451996,5.010712265968323,16.09479832649231,0.8101274371147156,78.0,14.0,positive,11426.30392268
11426.30392268,4.861387431621552,10.67979621887207,6.350656867027283,1.5925602316856384,59.0,35.0,positive,11440.41955064
11440.41955064,11.541969299316406,10.268934547901154,3.2928271293640137,1.6276763677597046,69.0,22.0,negative,11424.21126686
11424.21126686,10.41345065832138,8.933168470859528,7.784372806549072,0.7662121653556824,56.0,31.0,negative,11410.9891096
11410.9891096,6.631183683872223,12.158387005329132,3.01784610748291,0.9330283403396606,44.0,28.0,positive,11414.41782966
11414.41782966,4.120850026607513,8.104235708713531,5.904789984226227,1.5639366507530212,46.0,23.0,positive,11416.14676313
11416.14676313,10.836721122264862,15.7840473651886,10.796235978603365,2.7319817543029785,81.0,39.0,negative,11411.000312
11411.000312,11.0713232755661,16.27535879611969,11.679342329502106,0.0,97.0,33.0,positive,11434.08000685
11434.08000685,18.629321217536926,18.43920701742172,15.3470179438591,2.3623206615448,96.0,49.0,negative,11413.34274261
11413.34274261,23.626661598682404,16.007084667682648,13.153478741645811,8.045805990695953,117.0,65.0,positive,11437.83045962
11437.83045962,24.33778840303421,17.890307068824768,16.989648699760437,4.076083064079285,154.0,52.0,positive,11456.42750476
11456.42750476,31.344683945178986,17.231878459453583,24.095937132835388,10.004198968410492,159.0,81.0,negative,11452.55706059
11452.55706059,34.38325500488281,7.203713297843933,14.168789386749268,6.229948282241821,128.0,39.0,negative,11447.6194204
11447.6194204,18.295899748802185,17.211697220802307,24.982323229312897,3.5706047415733337,144.0,57.0,negative,11436.89478787
11436.89478787,25.161810636520386,9.032418072223663,23.850774705410004,5.863596320152283,145.0,37.0,positive,11437.56335155
11437.56335155,23.816694021224976,10.86566710472107,19.28809887170792,2.394158840179444,146.0,32.0,positive,11447.39959186
11447.39959186,20.09739828109741,4.755894005298615,14.993276178836824,5.028741657733917,122.0,23.0,positive,11460.26055796
11460.26055796,16.37418657541275,35.76604205369949,20.3734650015831,7.368150532245636,108.0,99.0,positive,11483.35971184
11483.35971184,17.12811678647995,22.103908896446228,15.462274372577667,6.16207355260849,122.0,71.0,negative,11454.80222226
11454.80222226,16.768206119537354,20.486102998256683,19.98253738880157,5.149455368518829,138.0,73.0,positive,11461.77959375
11461.77959375,6.637931168079376,13.194974601268768,10.742869913578032,5.770833969116211,67.0,40.0,negative,11453.03316777
11453.03316777,5.493439674377441,15.326679348945618,11.974555492401125,3.42755663394928,65.0,45.0,negative,11426.10234977
11426.10234977,8.565312147140503,12.83887368440628,6.2109240889549255,2.972339153289795,49.0,38.0,negative,11414.51609307
11414.51609307,10.859818279743196,12.93859577178955,7.551392018795013,0.0,66.0,26.0,positive,11433.65447202
11433.65447202,14.98925268650055,16.16295349597931,9.55472218990326,3.117799401283264,70.0,62.0,positive,11442.72182411
11442.72182411,18.833045959472656,39.24918866157532,7.260736286640167,0.7402146458625793,79.0,73.0,negative,11439.63474265
11439.63474265,16.886187851428986,10.549290299415588,12.189527332782744,3.373325228691101,99.0,38.0,positive,11447.28954947
11447.28954947,17.03483694791794,15.289436042308807,14.133226454257963,1.4810353517532349,96.0,43.0,positive,11463.04311523
11463.04311523,13.94632524251938,19.403261125087734,10.158780634403229,0.9582054018974304,83.0,46.0,negative,11461.04471224
11461.04471224,9.648236334323885,22.293690085411072,8.123107373714447,5.505009412765503,87.0,67.0,positive,11493.06149593
11493.06149593,16.069667100906372,22.055856585502625,15.139980852603912,4.1935858726501465,101.0,60.0,positive,11509.47833448
11509.47833448,16.984208941459656,39.35009175539017,16.730292856693268,10.699660301208496,118.0,117.0,positive,11646.95379514
11646.95379514,20.06352168321609,26.681811153888702,23.56961804628372,8.987384617328644,151.0,125.0,negative,11641.77289731
11641.77289731,26.457531452178955,44.3362153172493,20.19410252571106,13.58165007829666,199.0,146.0,positive,11791.5205098
11791.5205098,32.75412046909332,27.31002563238144,23.44553166627884,6.232512533664703,199.0,114.0,negative,11753.18406832
11753.18406832,37.80429011583328,25.51339435577393,24.41335290670395,4.8309246301651,228.0,90.0,negative,11723.18206896
11723.18206896,20.30423241853714,44.18456757068634,27.04287737607956,3.282162129878998,177.0,99.0,negative,11678.31054277
11678.31054277,18.61568969488144,31.19191724061966,25.772579193115234,7.577453255653381,156.0,87.0,negative,11676.70688934
11676.70688934,20.81852614879608,29.32651436328888,26.92946600914001,2.5404871106147766,169.0,73.0,positive,11720.76423226
11720.76423226,23.36748850345612,18.929589688777924,31.46259224414825,4.218994200229645,189.0,72.0,positive,11741.13591188
11741.13591188,27.755972027778625,31.29891735315323,25.282916963100437,10.286884725093842,181.0,106.0,positive,11750.99430618
11750.99430618,37.48286235332489,29.856424152851105,29.28578144311905,9.682929396629332,211.0,80.0,negative,11742.03715033
11742.03715033,19.30865961313248,9.731036365032196,19.744609713554382,1.6488791704177856,144.0,32.0,negative,11716.20121245
11716.20121245,15.732449114322662,67.3996279835701,17.73885840177536,4.887188374996185,107.0,107.0,negative,11702.29141893
11702.29141893,17.876409769058228,14.260144531726835,14.34632033109665,6.997529625892639,111.0,61.0,positive,11720.20638794
11720.20638794,15.753538846969604,21.97066628932953,11.3787202835083,7.256660103797913,95.0,68.0,positive,11746.57661885
11746.57661885,11.431795239448547,11.65294760465622,14.00022393465042,1.525531828403473,98.0,31.0,negative,11727.20221579
11727.20221579,14.98308539390564,16.78191500902176,7.5714675188064575,1.63789963722229,93.0,43.0,positive,11744.34423832
11744.34423832,16.07116335630417,11.51102352142334,17.177148520946503,1.6100904941558838,97.0,33.0,positive,11790.42087371
11790.42087371,13.744536101818085,18.866496086120605,21.49824160337448,2.311042487621308,107.0,42.0,negative,11734.09329794
11734.09329794,14.088870108127594,4.875389218330383,13.798591136932371,3.279380619525909,99.0,36.0,positive,11750.04543597
11750.04543597,21.94973760843277,8.451879262924194,13.629269421100616,6.38951176404953,105.0,36.0,positive,11800.62597624
11800.62597624,29.519654870033264,12.478428840637209,18.476991772651672,1.541480004787445,129.0,31.0,positive,11835.88509541
11835.88509541,11.058966159820557,23.023406744003296,8.780452370643616,1.6749674677848816,92.0,61.0,negative,11767.34483543
11767.34483543,21.89914190769196,16.8760923743248,24.47278213500977,6.646639883518219,146.0,98.0,positive,11863.40570981
11863.40570981,30.54685771465301,26.118336856365204,35.32541745901108,4.414386212825775,216.0,75.0,positive,11875.65279464
11875.65279464,35.05066508054733,19.16331034898758,34.28942620754242,3.984920382499695,275.0,63.0,positive,11931.13668152
11931.13668152,32.79442459344864,27.27484703063965,37.60710835456848,10.243483126163484,245.0,97.0,negative,11909.11387287
11909.11387287,43.87540054321289,44.78808361291885,44.65553081035614,13.138841807842256,301.0,135.0,positive,11947.00857633
11947.00857633,37.52065414190293,28.775870501995087,39.57336038351059,7.027090907096863,265.0,104.0,positive,11987.59742286
11987.59742286,29.990599632263184,42.65926545858383,33.695747435092926,12.970520555973051,233.0,154.0,negative,11960.08642062
11960.08642062,46.23151260614395,24.93993991613388,43.50369966030121,9.591877579689026,295.0,92.0,negative,11925.68460922
11925.68460922,28.33228200674057,28.80372852087021,32.25522369146347,11.421698927879332,221.0,146.0,negative,11890.61421586
11890.61421586,14.946435630321504,32.66607624292374,27.79713523387909,11.9313987493515,177.0,102.0,positive,11915.97817032
11915.97817032,25.47123897075653,18.73678660392761,23.23630273342133,11.395693480968475,184.0,69.0,positive,11936.94219823
11936.94219823,14.6457137465477,23.42463183403015,18.63966304063797,6.001534700393677,129.0,69.0,negative,11916.33514058
11916.33514058,22.559294879436493,15.678666591644289,17.91527223587036,3.727305412292481,139.0,51.0,positive,11974.13320096
11974.13320096,16.72348016500473,19.863303065299988,18.53071039915085,4.616576373577118,106.0,56.0,positive,11987.59435289
11987.59435289,18.173842310905457,28.449682235717773,19.442051649093628,6.185672998428345,140.0,70.0,positive,12068.7133291
12068.7133291,19.015325486660004,14.884837567806244,17.440058946609497,17.454492330551147,138.0,108.0,positive,12195.7624801
12195.7624801,20.41379815340042,13.81959879398346,25.50749009847641,8.640191495418549,216.0,79.0,positive,12254.60167216
12254.60167216,28.60908645391464,14.315114378929138,22.25104033946991,12.68477714061737,182.0,89.0,negative,12246.72271139
12246.72271139,33.56265830993652,11.344735324382782,20.15457260608673,2.297061622142792,167.0,31.0,positive,12247.86472032
12247.86472032,21.454844057559967,17.31264489889145,14.194065928459167,2.2439494729042053,144.0,50.0,negative,12191.26252537
12191.26252537,20.063994705677032,17.846165597438812,14.289261996746063,3.206944823265076,127.0,50.0,negative,12156.5234208
12156.5234208,13.409180283546448,12.31584507226944,13.051454603672028,3.542720139026642,117.0,40.0,positive,12189.433115789823
12189.433115789823,25.59616446495056,14.07663357257843,12.19468343257904,2.4355539679527283,130.0,38.0,positive,12231.138651584815
12231.138651584815,20.345223665237427,23.227638959884644,22.88515931367874,4.127018511295319,141.0,53.0,positive,12322.83911407
12322.83911407,25.760788321495056,24.059188723564148,25.36472976207733,18.53076469898224,154.0,131.0,positive,12421.20878149
12421.20878149,39.68822646141052,46.76091188192368,34.90910738706589,16.88833850622177,258.0,170.0,positive,12439.64940718
12439.64940718,43.02687615156174,73.84191501140594,41.45002579689026,39.65469378232956,334.0,287.0,positive,12691.81873355
12691.81873355,65.25990265607834,76.17872101068497,75.59905195236206,37.74642914533615,464.0,486.0,positive,12709.45244331
12709.45244331,54.45281475782394,83.35894000530243,72.56005209684372,25.53677654266357,458.0,279.0,positive,12821.9247044
12821.9247044,56.716428220272064,84.08320885896683,59.29352122545242,22.94924378395081,426.0,294.0,negative,12792.16143022
12792.16143022,50.35550409555435,68.80792754888535,48.128567814826965,17.76961350440979,359.0,215.0,negative,12764.65171937
12764.65171937,42.79749542474747,55.24070256948471,58.408698081970215,17.52472585439682,349.0,193.0,negative,12685.80367423
12685.80367423,41.347981452941895,60.55017137527466,45.65601992607117,16.430112302303314,310.0,192.0,positive,12793.84928281
12793.84928281,34.3801726102829,70.92338585853577,26.021069645881653,24.14792692661285,251.0,204.0,positive,12918.55737466
12918.55737466,51.917971312999725,89.0155930519104,47.70913660526276,28.41047328710556,351.0,268.0,positive,13147.47962217
13147.47962217,68.2640330195427,70.09666514396667,66.96147447824478,26.145901322364807,484.0,255.0,negative,12823.68918938
12823.68918938,43.71022593975067,60.36126661300659,49.21057564020157,12.898149967193604,342.0,255.0,positive,12892.50546604
12892.50546604,41.02777194976807,45.134477376937866,32.46361976861954,15.968140065670012,240.0,153.0,negative,12888.54327558
12888.54327558,23.452730238437653,36.79295188188553,21.457345604896545,8.18154501914978,183.0,115.0,negative,12779.91337227
12779.91337227,31.810807406902317,34.41376185417175,27.01939731836319,6.368090569972992,205.0,95.0,positive,12784.0867159
12784.0867159,22.615809440612797,28.368207216262817,22.945818841457367,3.4152851700782776,152.0,71.0,negative,12754.43988146
12754.43988146,22.44743400812149,20.35053014755249,32.19841825962067,7.572208702564239,165.0,59.0,positive,12765.20259625
12765.20259625,17.299241304397583,30.739978551864624,17.9178649187088,4.736264705657959,130.0,84.0,positive,12818.02740746
12818.02740746,10.89207124710083,35.201296389102936,14.018162846565248,9.770749568939207,95.0,94.0,negative,12752.64011726
12752.64011726,23.765307366847992,15.00711578130722,16.96884047985077,6.45928680896759,135.0,69.0,positive,12828.32011121
12828.32011121,15.38409548997879,15.356929957866669,16.310233652591705,4.688902974128723,131.0,49.0,positive,12861.89678504
12861.89678504,23.34400081634521,22.08457416296005,17.310026705265045,5.49057537317276,156.0,90.0,positive,12973.10954179
12973.10954179,27.01612776517868,24.71307510137558,20.286583960056305,7.000538408756256,159.0,76.0,negative,12952.21575471
12952.21575471,33.84564250707626,29.13934850692749,31.26972603797913,3.394617259502411,201.0,80.0,negative,12864.77420197
12864.77420197,32.93539398908615,29.84890902042389,37.7486184835434,6.0529192090034485,227.0,87.0,positive,12934.96333792
12934.96333792,40.841285705566406,36.04639983177185,45.48562306165695,10.45536208152771,283.0,109.0,negative,12903.63249497
12903.63249497,39.33260321617127,45.2423278093338,41.34986943006516,11.946874618530272,284.0,121.0,positive,12927.81919165
12927.81919165,56.507260739803314,34.07715845108032,30.12734067440033,4.517201900482178,250.0,104.0,positive,13047.31116298
13047.31116298,33.320465207099915,46.86878228187561,52.26053166389465,10.596980631351473,301.0,156.0,positive,13056.55472209
13056.55472209,38.77106076478958,50.04319632053375,42.91187000274658,15.845205247402191,295.0,183.0,negative,13037.06131939
13037.06131939,43.75560659170151,43.831050872802734,47.28637200593949,10.596616446971892,277.0,122.0,positive,13087.00562735
13087.00562735,40.10403782129288,33.824689626693726,44.82164788246155,11.438001155853271,309.0,132.0,positive,13125.64096996
13125.64096996,39.78987234830856,38.200744569301605,45.6857568025589,13.79768294095993,437.0,129.0,negative,13061.26644991
13061.26644991,33.1903156042099,38.0674324631691,37.54179108142853,10.358971953392029,223.0,105.0,positive,13100.71325768
13100.71325768,26.58609640598297,35.09305554628372,25.807096660137177,5.676629066467285,192.0,114.0,negative,12965.89129043
12965.89129043,26.307292878627777,41.88216859102249,33.86294388771057,8.009623765945435,198.0,124.0,negative,12907.10056079
12907.10056079,15.158801019191742,26.79531425237656,18.005807042121887,5.641106963157654,112.0,78.0,positive,12911.98130351
12911.98130351,15.7912859916687,23.52182048559189,18.662899494171143,5.018916666507721,111.0,62.0,positive,12991.63924075
12991.63924075,8.85241985321045,23.32253175973892,10.660075187683104,3.9901089668273926,97.0,69.0,negative,12956.23598092
12956.23598092,14.813492596149445,12.94319713115692,9.984258651733398,6.897347867488861,85.0,61.0,negative,12928.51070584
12928.51070584,15.06976568698883,17.749451398849487,12.233386158943176,4.8486447930336,110.0,55.0,positive,12978.52983482
12978.52983482,16.664086639881134,9.717363715171814,14.968745827674866,0.7676088213920593,101.0,32.0,negative,12888.76458663
12888.76458663,23.21970647573471,12.564458012580872,10.781046390533447,8.809408128261566,100.0,52.0,negative,12882.06902108
12882.06902108,22.490584909915924,20.733813107013702,21.254634737968445,8.014672338962555,128.0,67.0,positive,12926.69704451
12926.69704451,23.01111775636673,14.53497689962387,22.431241035461422,5.775756299495697,163.0,40.0,positive,12946.98105464
12946.98105464,10.83259266614914,9.109151422977448,14.233202815055847,3.9171581864357,80.0,35.0,positive,13007.34810386
13007.34810386,17.756558418273926,8.604883372783661,11.53499311208725,1.5445115566253662,122.0,28.0,negative,12982.33652171
12982.33652171,23.779746651649475,28.64739871025085,24.83329683542252,0.9322946071624756,158.0,64.0,negative,12962.71904923
12962.71904923,21.51685470342636,23.946240961551663,25.684306263923645,1.7914819717407229,186.0,63.0,negative,12958.59626834
12958.59626834,43.09060329198837,39.57564103603363,31.110134482383728,6.60978227853775,236.0,96.0,negative,12937.07733506
12937.07733506,37.01405113935471,29.241891026496887,35.74506688117981,12.663154244422913,272.0,111.0,negative,12922.79271781
12922.79271781,53.091734528541565,30.537770807743076,41.73706579208374,8.362862884998322,293.0,86.0,negative,12798.52679947
12798.52679947,41.96903336048126,46.14405000209808,34.717465698719025,8.088410437107086,260.0,142.0,negative,12797.62407853
12797.62407853,23.891981780529026,41.85244137048721,26.93249201774597,3.980403661727905,174.0,90.0,positive,12865.96159078
12865.96159078,20.29254311323166,23.297154545784,19.658399641513824,1.704214632511139,172.0,65.0,positive,12905.48719076
12905.48719076,23.90456998348236,30.645764350891117,10.803033232688904,4.992644309997559,157.0,85.0,positive,12931.66873765
12931.66873765,20.332296788692474,12.408777952194214,18.3355165719986,5.538606405258179,133.0,67.0,negative,12912.52913647
12912.52913647,19.311815679073334,22.02786237001419,22.18644523620605,6.671505808830261,148.0,64.0,positive,12932.88206645
12932.88206645,18.177855908870697,9.107342004776,15.04297924041748,3.959703862667084,129.0,39.0,negative,12931.53902256
12931.53902256,23.03639000654221,12.91984087228775,17.503149330615997,4.035980403423309,127.0,49.0,negative,12907.95495707
12907.95495707,18.47222989797592,15.620453715324402,18.473574340343475,1.502901554107666,119.0,43.0,positive,12964.65261163
12964.65261163,13.588166654109957,12.973665654659271,6.518623888492584,1.6055708527565002,86.0,42.0,positive,12978.55112588
12978.55112588,13.879229485988615,10.783790111541748,12.317393124103546,3.1716431975364685,87.0,32.0,negative,12968.01484763
12968.01484763,13.725674629211426,7.344569861888885,12.847767233848572,0.0,113.0,31.0,negative,12965.40072118
12965.40072118,11.212849795818329,6.796292245388031,11.534889042377472,4.321589231491089,79.0,17.0,negative,12959.2404959
12959.2404959,19.00474858283997,8.934102356433868,20.67200475931168,4.967036426067352,145.0,29.0,negative,12949.4801199
12949.4801199,20.034989416599277,10.352821826934814,22.56670767068863,4.6468024253845215,154.0,27.0,negative,12938.82866881
12938.82866881,19.009404003620148,18.34959846735001,16.525919437408447,3.951243758201599,150.0,34.0,negative,12928.858583
12928.858583,24.250076472759247,4.963602125644684,10.632093906402588,2.5022226572036743,131.0,25.0,positive,12950.22215873
12950.22215873,13.280749261379242,9.0988832116127,14.437763690948486,1.7355310320854187,105.0,32.0,positive,12981.5023871
12981.5023871,21.547350883483887,9.434959650039673,21.11854296922684,3.430682420730591,160.0,28.0,positive,12989.32475809
12989.32475809,17.656038761138916,13.33837354183197,12.86889934539795,2.512762188911438,111.0,42.0,negative,12970.77399097
12970.77399097,23.253136694431305,17.987363874912262,21.91956108808517,5.605575382709503,164.0,64.0,positive,12987.74769348
12987.74769348,25.83348274230957,22.540986716747284,25.74420100450516,6.770306825637817,168.0,78.0,positive,13058.81661877
13058.81661877,37.13250344991684,14.961814522743223,19.423824727535248,6.152495324611664,198.0,76.0,positive,13131.75826977
13131.75826977,33.371567726135254,32.43154525756836,28.90172129869461,6.4587923884391785,223.0,113.0,negative,13079.21769241
13079.21769241,24.6858269572258,47.20823758840561,18.338702261447903,11.860427916049955,168.0,135.0,positive,13122.42606184
13122.42606184,27.33361268043518,22.15127927064896,30.33421468734741,4.0517618060112,194.0,72.0,negative,13107.26863149
13107.26863149,33.12788927555084,34.36922323703766,37.941379368305206,2.4368598461151123,222.0,79.0,positive,13118.73197421
13118.73197421,33.2869855761528,33.616526782512665,32.73897063732147,4.648395895957947,210.0,82.0,negative,13096.57436259
13096.57436259,35.37384110689163,37.6650493144989,21.12086755037308,8.138018727302551,185.0,107.0,negative,13065.98464616
13065.98464616,26.51208019256592,18.5472172498703,31.743591845035557,7.393222212791443,188.0,69.0,positive,13073.6746597
13073.6746597,18.710652828216556,25.29334044456482,19.69201296567917,7.124180912971497,161.0,81.0,positive,13108.06261161
13108.06261161,15.82970142364502,16.553902506828308,16.619314193725586,3.74958473443985,136.0,49.0,positive,13131.53766514
13131.53766514,25.623738169670105,22.729519367218018,21.32301425933838,1.499037504196167,150.0,55.0,positive,13135.33871514
13135.33871514,29.543155670166016,21.877105951309204,22.94964689016342,3.011979818344116,166.0,58.0,negative,13126.58225065
13126.58225065,23.353975355625156,23.4726796746254,22.276699602603912,4.15126097202301,140.0,63.0,positive,13302.19518838
13302.19518838,29.37860995531082,14.943956434726717,19.187480092048645,3.860647678375244,168.0,81.0,negative,13294.41652519
13294.41652519,24.05279541015625,20.352935254573826,24.478416621685028,2.472630739212036,195.0,60.0,negative,12965.80083568
12965.80083568,25.421523332595825,16.689912915229797,18.403109431266785,6.671935260295868,127.0,108.0,positive,13026.51562262
13026.51562262,17.404828250408173,6.9568175077438354,17.518731653690338,1.6285088658332825,109.0,24.0,positive,13034.48978696
13034.48978696,18.57787960767746,10.242196261882782,11.504792511463164,3.788653075695038,111.0,28.0,negative,13023.37819256
13023.37819256,18.31727421283722,12.01897269487381,17.34318619966507,3.015541076660156,129.0,39.0,negative,13006.93426454
13006.93426454,11.723248779773712,10.786867082118988,12.350712835788729,3.286983847618103,106.0,32.0,negative,12988.11086011
12988.11086011,15.75935524702072,16.33901023864746,21.250756919384003,4.08252888917923,124.0,52.0,negative,12956.8924157
12956.8924157,16.614039182662964,11.39192247390747,16.381234645843506,0.0,127.0,38.0,positive,12982.4869841
12982.4869841,19.3984090089798,12.89962649345398,15.845473408699036,6.930870473384857,135.0,49.0,positive,12998.51018669
12998.51018669,15.87881451845169,11.77868390083313,22.46470832824707,6.6594719886779785,137.0,48.0,negative,12995.32010106
12995.32010106,23.304435789585117,36.8019055724144,40.80342382192612,8.316343128681183,176.0,103.0,negative,12957.25660716
12957.25660716,36.66737735271454,38.40961712598801,18.79388964176178,5.2656484842300415,180.0,92.0,positive,13003.29983454
13003.29983454,22.066159307956696,33.54957431554794,27.100690484046936,6.064509689807892,196.0,83.0,positive,13014.2976052
13014.2976052,36.01219820976257,30.555830657482147,26.562848687171936,4.633899092674255,183.0,82.0,negative,12997.2666356
12997.2666356,28.795005917549133,44.80963307619095,28.60926479101181,7.890161275863647,210.0,140.0,positive,13037.78544916
13037.78544916,32.126898407936096,35.68316429853439,25.7590594291687,8.75902509689331,205.0,113.0,negative,13033.09375017
13033.09375017,35.79766845703125,23.292937338352203,39.09809124469757,7.40274053812027,259.0,59.0,negative,13031.68301526
13031.68301526,30.436329782009125,12.279117286205292,17.025770664215088,2.4637365341186523,184.0,38.0,negative,13020.28774761
13020.28774761,32.955970883369446,19.761620223522183,27.89756673574448,4.160721480846405,217.0,53.0,positive,13031.17431056
13031.17431056,25.07687759399414,18.035410165786743,26.40271788835525,5.245872020721436,177.0,53.0,positive,13050.75900605
13050.75900605,32.23673927783966,18.512313306331635,18.415881991386414,6.115635395050049,154.0,63.0,positive,13074.73283047
13074.73283047,25.05830162763596,14.982505202293396,22.641671240329742,1.5211389660835266,171.0,48.0,positive,13094.47026417
13094.47026417,33.33419966697693,11.530887961387634,26.93921542167664,4.660467386245728,191.0,43.0,positive,13095.45010181
13095.45010181,20.16914999485016,10.279071033000946,23.40808230638504,5.598462700843811,181.0,37.0,positive,13122.21474934
13122.21474934,13.85425865650177,11.347161591053007,15.49249631166458,2.606723725795746,109.0,42.0,negative,13106.74358224
13106.74358224,8.498611569404602,5.766114234924316,12.636301815509796,0.9103674292564392,73.0,24.0,negative,13092.69363927
13092.69363927,14.968933999538422,12.612260341644289,17.554812014102936,0.0,129.0,30.0,negative,13046.90835056
13046.90835056,25.60689252614975,9.777640223503113,12.515882551670074,1.6830559372901917,126.0,26.0,positive,13063.75639235
13063.75639235,22.05814206600189,16.549273192882538,20.9467710852623,0.7849209904670715,168.0,49.0,positive,13091.49061849
13091.49061849,15.321802973747252,32.29415667057037,16.719004273414612,0.7890937924385071,122.0,53.0,positive,13109.15156111
13109.15156111,20.07812148332596,21.16288268566132,10.683800280094149,2.3564603328704834,145.0,58.0,positive,13128.9203007
13128.9203007,32.68552529811859,23.81266975402832,18.82367217540741,8.116543591022491,151.0,84.0,positive,13131.22220317
13131.22220317,22.87136602401733,20.45544028282165,14.535879731178284,3.381760537624359,148.0,65.0,positive,13193.64905868
13193.64905868,23.860421180725098,24.767657220363617,21.66615337133408,6.489038228988648,186.0,70.0,negative,13184.84550867
13184.84550867,34.04246073961258,25.31520986557007,29.3226056098938,7.684585094451904,208.0,73.0,negative,12993.12440301
12993.12440301,27.831093192100525,23.38459634780884,12.755289077758787,6.431455135345459,189.0,92.0,negative,12902.03753237
12902.03753237,36.27815246582031,35.28578495979309,30.877912998199463,8.187987208366394,194.0,135.0,negative,12862.81957113
12862.81957113,21.32613080739975,34.4135981798172,25.16189581155777,9.65066283941269,181.0,109.0,positive,12972.72221736
12972.72221736,28.30175483226776,31.245209217071533,26.678217709064484,8.889531672000885,227.0,86.0,positive,12997.06082601
12997.06082601,29.323768615722656,39.606116592884064,32.62256342172623,6.578154385089874,222.0,94.0,positive,13022.30156216
13022.30156216,25.433133363723755,41.54551076889038,32.29700356721878,9.513096749782562,203.0,113.0,positive,13030.17124986
13030.17124986,26.55416578054428,25.107098281383514,23.27486479282379,3.350732147693634,171.0,58.0,positive,13035.617962
13035.617962,20.813519656658173,19.97645783424377,26.42878121137619,8.178096175193787,147.0,59.0,positive,13075.24769656
13075.24769656,17.275674760341644,17.72651880979538,11.50161612033844,7.340392053127289,140.0,69.0,positive,13098.06838211
13098.06838211,14.857079446315764,18.15397208929062,17.757315456867218,3.1183133125305176,110.0,56.0,positive,13099.21242802
13099.21242802,11.284111320972444,23.71934551000595,10.04760229587555,3.169002950191498,89.0,69.0,negative,13084.10450811
13084.10450811,9.3662086725235,14.3010014295578,12.199679017066956,5.274726867675781,97.0,57.0,positive,13088.24110711
13088.24110711,15.621864140033722,23.50704163312912,13.763820946216583,3.7334800362586975,101.0,61.0,positive,13126.02850062
13126.02850062,15.286641001701357,23.50071406364441,12.078183233737946,8.176351964473724,82.0,60.0,negative,13095.76026788
13095.76026788,11.26995438337326,15.79629671573639,11.45068621635437,4.03188544511795,83.0,43.0,positive,13101.07997971
13101.07997971,11.655881404876707,19.379165947437286,16.633540272712708,4.712953269481659,100.0,53.0,positive,13150.1729087
13150.1729087,15.31839954853058,17.667039573192596,13.720972955226898,3.5161485075950623,121.0,50.0,positive,13151.60443111
13151.60443111,23.633019745349884,21.03984373807907,27.079981982707977,2.233822822570801,170.0,51.0,negative,13136.81768783
13136.81768783,19.038424730300903,16.630124032497406,20.055910050868988,3.305534780025482,143.0,53.0,positive,13269.71413594
13269.71413594,19.645177841186523,22.660210967063904,21.495269238948826,7.947334885597229,144.0,104.0,positive,13429.51440399
13429.51440399,23.054330825805664,29.40862685441971,22.648264169692997,8.241027593612671,197.0,130.0,negative,13397.77831671
13397.77831671,41.09792131185532,36.74885755777359,42.61169385910034,14.522042691707613,269.0,126.0,negative,13374.25649573
13374.25649573,63.5839968919754,37.66948622465134,50.6050141453743,10.545834839344025,373.0,121.0,positive,13395.60218201
13395.60218201,48.65592592954636,36.47908854484558,41.20322090387344,12.91097205877304,319.0,123.0,positive,13588.19554024
13588.19554024,37.22173875570297,34.50322383642197,40.60936987400055,9.92163223028183,324.0,140.0,positive,13616.82238861
13616.82238861,58.313156723976135,41.3455815911293,66.90018153190613,9.71567404270172,421.0,126.0,positive,13683.83497996
13683.83497996,49.818188190460205,51.35181206464768,62.23136878013611,16.87134099006653,396.0,196.0,negative,13629.53527801
13629.53527801,59.0467723608017,59.77908945083618,80.68151867389679,9.122328221797943,465.0,160.0,positive,13652.2241654
13652.2241654,47.93083328008652,47.43106430768967,78.0096133351326,9.630706191062927,471.0,149.0,negative,13617.49830017
13617.49830017,47.80450266599655,35.215177953243256,59.62896245718002,9.30465292930603,388.0,119.0,positive,13691.22548921
13691.22548921,41.09647941589356,30.76175963878632,40.90563982725144,6.536251425743103,312.0,119.0,positive,13724.98849524
13724.98849524,45.70380175113678,19.729964435100555,52.02822709083557,7.338477313518524,294.0,82.0,negative,13654.21844012
13654.21844012,36.3528259396553,30.88724637031555,46.56199389696121,16.963070034980774,290.0,142.0,positive,13704.89517787
13704.89517787,25.026001632213596,34.50508826971054,33.778480768203735,12.953423917293549,212.0,124.0,positive,13721.59744499
13721.59744499,26.440207421779636,29.76853632926941,35.15977019071579,8.951334953308105,192.0,90.0,positive,13818.1742463
13818.1742463,30.337181210517883,29.76645630598068,44.84658282995224,12.806993782520294,268.0,110.0,negative,13789.7712623
13789.7712623,32.31994020938873,18.81538236141205,39.07464146614075,6.56181526184082,260.0,68.0,negative,13735.48011982
13735.48011982,12.11484920978546,36.5083424448967,29.249679028987885,3.366478383541107,147.0,74.0,negative,13725.40730529
13725.40730529,12.671922624111176,11.438339948654177,21.585068345069885,5.117299258708954,125.0,41.0,negative,13718.64734967
13718.64734967,19.401379764080048,27.882497549057007,23.353790938854218,2.449164748191833,132.0,50.0,negative,13657.35837254
13657.35837254,21.755662083625797,26.69476491212845,16.573060989379883,4.620412349700928,117.0,71.0,negative,13644.07193422
13644.07193422,18.92109924554825,30.21314948797226,17.130951046943665,1.5062426328659058,145.0,60.0,negative,13614.93623728
13614.93623728,18.453807651996613,5.713435232639313,18.27374821901321,3.427371561527252,140.0,26.0,negative,13572.18752076
13572.18752076,16.998114943504333,25.038867354393005,13.927046716213226,5.30448579788208,154.0,62.0,negative,13337.14165252
13337.14165252,30.07717114686966,19.39575356245041,25.91490399837494,5.126119673252106,194.0,102.0,negative,13255.70003923
13255.70003923,26.435737192630768,56.44514715671539,31.30892771482468,8.159700095653534,194.0,168.0,negative,13152.6857494
13152.6857494,27.354321658611298,27.91315579414368,41.6409609913826,7.584594547748566,227.0,113.0,negative,13070.3194401
13070.3194401,22.964645087718964,26.155400335788727,37.39631140232086,4.916930615901947,237.0,127.0,positive,13220.01191972
13220.01191972,31.666722297668457,21.420848667621613,31.34278178215027,25.718143105506897,232.0,125.0,negative,13129.39825802
13129.39825802,47.9537678360939,32.08749586343765,27.625530660152435,6.711132764816284,259.0,105.0,positive,13196.03564029
13196.03564029,28.510022938251492,26.994386613368988,32.703874707221985,7.170737028121948,219.0,83.0,negative,13178.69857307
13178.69857307,25.537470161914825,17.106113135814667,28.569408893585205,0.8569392561912537,204.0,53.0,negative,13159.30710136
13159.30710136,29.01510095596313,23.824699461460117,27.323304653167725,5.981012463569641,167.0,62.0,positive,13198.19533239
13198.19533239,19.99391371011734,17.675280511379242,23.7707554101944,4.523269593715668,184.0,64.0,negative,13194.69749279
13194.69749279,23.62374860048294,26.09386485815048,26.321190118789676,3.0594449639320374,273.0,67.0,positive,13250.99282206
13250.99282206,18.566270112991333,16.845401883125305,22.276079833507534,10.308752596378326,173.0,59.0,positive,13271.28536861
13271.28536861,16.607837080955505,23.492189288139343,24.688013076782227,6.513111710548401,132.0,83.0,negative,13250.83437142
13250.83437142,16.13282859325409,20.07033395767212,33.76183921098709,11.0651473402977,155.0,79.0,positive,13275.74671012
13275.74671012,20.486996471881863,19.698526620864868,16.8037326335907,10.753228902816772,138.0,64.0,negative,13243.64450647
13243.64450647,19.7559814453125,26.94041609764099,19.63683521747589,10.618428468704224,138.0,114.0,positive,13261.7793264
13261.7793264,9.332572996616364,12.195859670639038,10.497808575630188,5.710584402084351,71.0,50.0,negative,13249.13167303
13249.13167303,16.917592346668243,13.285065531730652,18.65494453907013,4.10241049528122,110.0,40.0,positive,13275.35485553
13275.35485553,6.312336683273315,15.10440558195114,13.349280893802645,2.234043538570404,78.0,44.0,negative,13268.31781628
13268.31781628,19.131300806999207,20.277443647384644,21.07228362560272,0.7172549962997437,274.0,37.0,negative,13137.30522731
13137.30522731,16.441388487815857,8.383207499980927,18.66238957643509,3.960886478424072,134.0,38.0,positive,13144.09950741
13144.09950741,12.3878276348114,19.649686098098755,15.706352829933168,6.152862548828125,101.0,79.0,positive,13171.75409347
13171.75409347,11.20423310995102,22.210213899612427,24.52546328306198,3.323235332965851,113.0,62.0,negative,13093.7914753
13093.7914753,19.46971744298935,46.97718572616577,20.523166477680206,2.471164107322693,140.0,96.0,negative,13084.75561205
13084.75561205,14.367226660251616,18.656701743602756,34.3977227807045,3.925464272499085,175.0,59.0,positive,13120.28928462
13120.28928462,12.388417422771454,42.06688100099564,28.850635945796967,5.57469117641449,142.0,105.0,positive,13224.62408556
13224.62408556,15.332862615585327,34.841450572013855,30.72725850343704,14.327841818332672,178.0,113.0,positive,13421.73177509
13421.73177509,28.749140202999115,43.84541231393814,30.71557056903839,14.766257584095,218.0,134.0,positive,13429.91769762
13429.91769762,23.61367613077164,42.08105766773224,23.931542098522183,8.996757447719574,179.0,106.0,positive,13532.98449542
13532.98449542,28.88296139240265,31.430364549160004,43.41768962144852,8.69606727361679,259.0,115.0,positive,13577.72557567
13577.72557567,22.73991733789444,49.736962258815765,32.27934432029724,21.158395051956177,224.0,154.0,negative,13549.10658403
13549.10658403,23.446969866752625,27.76420748233795,46.24031805992127,6.598943889141083,243.0,109.0,negative,13504.36686401
13504.36686401,26.408971786499023,37.638659596443176,32.057675540447235,4.67312479019165,208.0,108.0,negative,13465.37788585
13465.37788585,23.13379520177841,23.622190296649933,28.85624074935913,9.712248921394348,179.0,93.0,positive,13521.41925492
13521.41925492,25.078876733779907,36.835242211818695,29.52404123544693,9.402452886104584,196.0,116.0,negative,13404.61312285
13404.61312285,23.414598405361176,30.702470183372498,19.66366159915924,15.132238984107971,160.0,128.0,positive,13437.8832414
13437.8832414,31.584332287311558,33.410661816596985,21.96391957998276,18.21771651506424,187.0,112.0,positive,13570.47031847
13570.47031847,15.622255206108091,24.934869647026066,17.44458019733429,11.75912779569626,109.0,97.0,negative,13563.77360948
13563.77360948,14.506527066230774,14.627072393894196,12.473632395267488,8.556688368320465,147.0,68.0,negative,13474.98575895
13474.98575895,18.568378627300262,8.574898540973663,15.519902169704435,0.7667515873908997,124.0,20.0,negative,13419.27077721
13419.27077721,7.522678315639496,16.004694402217865,18.49090826511383,2.453292965888977,100.0,42.0,negative,13417.70092582
13417.70092582,19.26212012767792,14.01805466413498,17.13451999425888,0.0,115.0,37.0,negative,13212.27723079
13212.27723079,9.63679301738739,11.527167439460754,12.52844387292862,5.087416648864746,88.0,50.0,positive,13215.63897818
13215.63897818,16.14965134859085,12.020821213722227,23.39983439445496,9.174875915050508,135.0,47.0,negative,13204.21066024
13204.21066024,12.996541619300842,11.336295902729034,10.787372410297394,6.692553639411926,80.0,56.0,positive,13236.43751362
13236.43751362,12.487724959850311,10.72560888528824,14.052530944347382,8.60241574048996,87.0,43.0,positive,13273.72682652
13273.72682652,10.947706282138824,9.523965656757357,13.002945005893707,4.970320343971252,97.0,40.0,positive,13286.91400103
13286.91400103,23.57709765434265,10.269549787044523,18.583525836467743,1.5626782774925232,131.0,39.0,positive,13352.17903308
13352.17903308,12.832221508026125,15.766451120376589,22.86380505561829,4.288094699382782,142.0,50.0,negative,13349.47436575
13349.47436575,28.22211599349976,28.679692268371586,25.60067445039749,6.507058918476105,172.0,77.0,negative,13260.57631096
13260.57631096,14.754715144634249,21.38622784614563,23.612783789634705,10.730335593223572,179.0,72.0,positive,13355.51734251
13355.51734251,25.28914213180542,23.440994799137115,28.076885640621185,8.439190089702606,176.0,72.0,positive,13510.65156907
13510.65156907,29.80927711725235,24.75989532470703,40.73357570171356,10.781538665294647,243.0,88.0,negative,13508.07415561
13508.07415561,39.81227004528046,33.81426286697388,31.06270581483841,9.190462708473206,242.0,141.0,positive,13511.08930601
13511.08930601,27.821348071098328,52.87708514928818,28.54517835378647,4.949428975582123,202.0,139.0,positive,13521.11551978
13521.11551978,23.45786869525909,21.63483864068985,19.786406219005585,2.400509476661682,198.0,62.0,negative,13515.89846114
13515.89846114,29.51055198907852,39.39943808317184,45.38347166776657,7.3440598249435425,223.0,112.0,positive,13619.75902662
13619.75902662,31.774802148342133,27.464366495609283,39.36502754688263,13.455053806304932,275.0,95.0,negative,13554.83681321
13554.83681321,21.406970381736755,28.14157795906067,28.020760476589203,9.292164325714111,184.0,74.0,positive,13563.96849425
13563.96849425,18.29472267627716,24.08642792701721,15.436679601669312,11.243984401226044,152.0,67.0,negative,13546.52226938
13546.52226938,18.588690876960754,17.203722953796387,19.275011479854584,9.857732772827148,137.0,54.0,positive,13614.61494901
13614.61494901,15.705816924571993,17.794467210769653,15.238746762275696,4.102646887302399,115.0,50.0,positive,13628.60306224
13628.60306224,6.945120573043823,17.44227224588394,14.365220606327057,4.066455185413361,89.0,56.0,negative,13593.51873185
13593.51873185,14.46109688282013,18.030265867710117,23.0562636256218,5.555212318897247,119.0,72.0,negative,13481.48258144
13481.48258144,15.532407641410828,22.605630338191983,19.457266807556152,1.728658378124237,130.0,57.0,positive,13504.77699567
13504.77699567,13.63019973039627,9.538537681102753,10.431845247745514,3.052194893360138,100.0,32.0,negative,13478.65102299
13478.65102299,6.331656873226166,11.04034185409546,13.92279088497162,2.6243011355400085,69.0,27.0,positive,13568.95526507
13568.95526507,17.552527248859406,9.838181495666504,8.929600298404694,0.0,85.0,28.0,negative,13568.52781175
13568.52781175,10.68751049041748,16.33204972743988,13.441016256809236,0.8860008120536804,109.0,35.0,positive,13737.41340937
13737.41340937,23.318342685699463,13.107838690280914,18.44254606962204,2.179721713066101,134.0,56.0,positive,13881.74302299
13881.74302299,13.112080931663511,12.634263753890991,35.31948047876358,2.3041757345199585,156.0,69.0,negative,13825.79572843
13825.79572843,31.6847020983696,21.67521435022354,32.27763390541077,6.370274186134338,228.0,132.0,positive,13926.148575
13926.148575,24.951522052288052,13.886217713356018,14.371563851833344,0.0,157.0,53.0,negative,13871.25421238
13871.25421238,39.67568534612656,60.70174181461334,44.31344765424728,3.401056945323944,275.0,91.0,negative,13850.81917758
13850.81917758,43.143703520298,39.49250876903534,40.07745772600174,7.279697179794311,270.0,98.0,negative,13810.1990668
13810.1990668,36.76296591758728,24.37617337703705,20.19611883163452,11.963016152381895,185.0,69.0,positive,13821.29793021
13821.29793021,31.93731933832169,28.041360318660736,31.345561027526852,7.473774373531341,204.0,85.0,negative,13808.71006401
13808.71006401,35.18008100986481,32.58007448911667,34.84553819894791,3.401760518550873,230.0,71.0,negative,13771.76729375
13771.76729375,24.758595407009125,32.3970006108284,26.215194523334503,2.4645851850509644,227.0,80.0,negative,13716.12691088
13716.12691088,29.363698303699493,31.878531575202945,46.089810490608215,6.704246461391449,254.0,79.0,positive,13780.81246485
13780.81246485,28.79014205932617,23.07083690166473,33.37109172344208,6.932802140712738,172.0,104.0,positive,13812.58363266
13812.58363266,22.999322295188904,27.839337527751923,26.15171015262604,7.567460000514984,179.0,84.0,positive,13829.2272733
13829.2272733,18.564914226531982,26.171827912330627,27.34417575597763,10.708036184310911,177.0,72.0,positive,13849.10625208
13849.10625208,26.836401283741,19.581452906131744,23.2155721783638,8.817662715911865,172.0,61.0,negative,13780.99470249
13780.99470249,28.174474835395813,25.62395215034485,20.716931521892548,0.7317387461662292,187.0,57.0,negative,13721.33712164
13721.33712164,19.636464655399323,21.50509661436081,18.773554265499115,1.556420385837555,150.0,66.0,positive,13754.45827575
13754.45827575,21.461254239082336,13.528953671455383,16.1819549202919,0.7607982754707336,115.0,30.0,negative,13702.24713341
