priceUsd,sentiment_positive_reddit,sentiment_positive_twitter,sentiment_negative_reddit,sentiment_negative_twitter,social_volume_reddit,social_volume_twitter,priceDirection,priceT+1
41.586281814,0.0,2.398005604743957,1.559918224811554,0.0,3.0,2.0,positive,41.9505046091
41.9505046091,0.0,0.0,0.0,0.7226870059967041,0.0,1.0,negative,41.6688127949
41.6688127949,0.0,0.77821284532547,0.0,0.0,0.0,1.0,positive,41.790186451
41.790186451,0.0,0.0,0.0,0.0,0.0,0.0,positive,41.9130781298
41.9130781298,0.0,0.0,0.0,0.928091824054718,0.0,2.0,positive,42.0821595348
42.0821595348,0.0,0.0,0.0,0.0,0.0,0.0,positive,42.1728423034
42.1728423034,0.0,0.0,0.0,0.0,0.0,1.0,negative,42.1274352089
42.1274352089,0.0,0.0,0.743075430393219,0.0,0.0,2.0,negative,41.9581951667
41.9581951667,0.0,2.196662127971649,0.0,0.7475011944770813,0.0,0.0,positive,42.0735505796
42.0735505796,1.507171452045441,0.7796111106872559,0.0,0.0,2.0,0.0,negative,41.9887127932
41.9887127932,0.0,0.850300669670105,0.0,0.0,2.0,2.0,negative,41.7577388843
41.7577388843,0.0,0.8559761047363281,0.0,0.0,1.0,3.0,negative,41.5236351238
41.5236351238,0.0,0.0,0.0,0.0,0.0,1.0,negative,41.4927956377
41.4927956377,0.0,0.8801751732826233,0.0,0.0,0.0,2.0,negative,41.4633070358
41.4633070358,0.0,0.863315224647522,0.0,0.0,1.0,1.0,positive,41.5784199374
41.5784199374,0.0,0.8370449542999268,0.0,0.0,2.0,0.0,positive,41.6326884603
41.6326884603,0.0,0.7687779068946838,0.0,0.0,0.0,2.0,negative,41.4301844205
41.4301844205,0.0,0.8109034299850464,0.0,0.0,1.0,1.0,positive,41.476518956
41.476518956,0.8816808462142944,1.6600679755210876,0.0,0.0,2.0,4.0,negative,40.0538196064
40.0538196064,0.0,0.7005379796028137,0.7778850793838501,0.0,1.0,2.0,positive,40.1039955203
40.1039955203,0.8370308876037598,0.0,1.6711618304252625,0.0,1.0,0.0,negative,39.8977370131
39.8977370131,0.0,2.531458139419556,0.0,0.0,3.0,3.0,negative,39.8230153245
39.8230153245,0.8721945881843567,0.0,0.901513397693634,0.0,4.0,0.0,negative,39.4541494398
39.4541494398,0.0,0.8559761047363281,0.7982619404792786,0.0,0.0,1.0,positive,39.874956324
39.874956324,0.0,0.0,0.0,0.0,1.0,0.0,positive,40.5902062121
40.5902062121,0.9182027578353882,1.446027934551239,0.7121752500534058,0.0,0.0,1.0,positive,40.6785380576
40.6785380576,0.7644396424293518,0.0,0.0,0.0,0.0,0.0,positive,41.8750982974
41.8750982974,0.0,0.7777276039123535,0.0,0.0,0.0,0.0,negative,41.8647892085
41.8647892085,0.831068217754364,0.0,0.0,0.0,1.0,0.0,positive,41.9939437447
41.9939437447,0.0,0.0,0.0,0.7514635920524597,1.0,3.0,positive,42.0148502505
42.0148502505,0.7293850183486938,0.7663475871086121,0.7261347770690918,0.8909189105033875,4.0,2.0,positive,42.2553126309
42.2553126309,0.0,0.0,2.5799131989479065,0.0,3.0,0.0,negative,42.0271419174
42.0271419174,1.7085617184638977,0.0,0.0,0.0,4.0,2.0,negative,41.8400173397
41.8400173397,0.7333629727363586,1.543154001235962,0.0,0.0,1.0,2.0,positive,42.4052277733
42.4052277733,0.8452876210212708,0.8397031426429749,0.0,0.7773266434669495,2.0,3.0,negative,42.1036692997
42.1036692997,0.7999274730682373,0.7231082916259766,0.0,0.9229785203933716,1.0,2.0,positive,42.3588632405
42.3588632405,0.0,3.302943766117096,0.0,0.0,1.0,0.0,negative,42.1701428426
42.1701428426,0.0,0.0,0.0,0.0,6.0,0.0,positive,42.5758546203
42.5758546203,0.0,0.0,0.0,0.0,1.0,0.0,positive,42.9324519408
42.9324519408,0.0,1.581047236919403,0.0,0.0,0.0,0.0,negative,42.660742625
42.660742625,0.0,0.0,0.0,0.0,2.0,0.0,negative,42.1064117693
42.1064117693,0.0,0.7069026827812195,0.0,0.0,0.0,1.0,positive,42.4501501893
42.4501501893,0.7773181796073914,1.490536868572235,0.0,0.7671416401863098,0.0,2.0,positive,42.7880172511
42.7880172511,0.0,0.7727187871932983,0.0,0.0,0.0,1.0,positive,43.1463475471
43.1463475471,0.0,0.0,0.0,0.0,0.0,0.0,positive,43.1755386043
43.1755386043,0.0,1.6955002546310425,0.0,0.7962769269943237,0.0,4.0,positive,43.2913815968
43.2913815968,0.997803807258606,0.7020432353019714,0.0,0.0,2.0,1.0,positive,43.4693367654
43.4693367654,0.9349990487098694,1.6017849445343018,0.0,0.0,2.0,2.0,negative,43.4200736302
43.4200736302,0.7450301647186279,0.7034724354743958,0.0,0.0,0.0,0.0,negative,43.4148406784
43.4148406784,0.0,0.0,0.0,0.0,0.0,1.0,positive,43.4332214735
43.4332214735,0.0,0.0,0.0,0.9946109652519226,2.0,0.0,negative,43.028781938
43.028781938,0.0,0.0,0.0,0.0,1.0,0.0,positive,43.4629325323
43.4629325323,0.0,0.0,0.0,0.0,0.0,1.0,negative,43.3716341773
43.3716341773,0.0,0.0,0.0,0.0,0.0,1.0,positive,44.2889476052
44.2889476052,0.0,1.7415344715118408,0.7054784297943115,0.0,2.0,3.0,positive,44.3815739921
44.3815739921,1.5994789600372314,1.538299024105072,0.0,0.0,5.0,2.0,negative,44.2401630302
44.2401630302,0.0,0.7014343738555908,0.0,0.0,0.0,1.0,negative,43.7624985283
43.7624985283,0.0,0.8559761047363281,0.0,0.0,1.0,2.0,negative,43.5675133618
43.5675133618,0.0,0.7103639841079712,0.8701786994934082,0.0,2.0,0.0,positive,44.1427071739
44.1427071739,0.0,0.8231121301651001,0.0,0.0,0.0,0.0,positive,44.4198193715
44.4198193715,0.789398193359375,0.0,0.0,0.0,5.0,1.0,positive,44.5234921358
44.5234921358,0.0,0.0,0.0,0.0,0.0,0.0,positive,44.558527239
44.558527239,0.0,0.0,0.0,0.0,0.0,1.0,positive,45.0406392111
45.0406392111,0.0,0.0,0.7363698482513428,0.0,2.0,0.0,positive,45.1437204474
45.1437204474,0.0,0.0,0.0,0.0,1.0,0.0,negative,44.9427287603
44.9427287603,0.8059009909629822,0.7635050415992737,0.0,0.7786514163017273,1.0,0.0,negative,44.4713327408
44.4713327408,0.8954843878746033,0.0,0.7117906212806702,0.0,1.0,0.0,positive,45.2110046564
45.2110046564,0.7246320843696594,1.573203444480896,0.0,0.0,3.0,1.0,positive,45.389409847
45.389409847,0.0,0.0,0.0,0.0,1.0,0.0,negative,45.3012449896
45.3012449896,1.6281801462173462,0.8140778541564941,0.0,0.9386674165725708,3.0,1.0,positive,45.8236766628
45.8236766628,0.8834484219551086,5.77946674823761,0.0,0.0,2.0,8.0,negative,45.4545929117
45.4545929117,3.448318719863892,0.8846734166145325,0.0,0.0,2.0,1.0,negative,45.340407477
45.340407477,0.0,2.419829607009888,0.0,0.0,2.0,3.0,positive,45.4596586262
45.4596586262,0.7639015913009644,0.0,0.0,0.0,2.0,0.0,positive,45.7538451972
45.7538451972,0.0,0.0,0.0,0.0,0.0,0.0,negative,45.58937447
45.58937447,0.0,0.0,0.0,0.0,1.0,0.0,positive,45.9510489558
45.9510489558,0.8670664429664612,1.579771876335144,0.0,0.0,2.0,2.0,negative,45.38715647
45.38715647,1.7455021739006042,1.5272467136383057,0.0,0.0,7.0,0.0,negative,45.30522482
45.30522482,0.0,0.0,0.0,0.0,1.0,0.0,positive,46.4362036688
46.4362036688,0.0,0.0,0.7179906368255615,0.0,4.0,0.0,positive,46.55965157
46.55965157,0.8976932168006897,4.001349687576294,0.7723070383071899,0.0,2.0,5.0,negative,46.19262899
46.19262899,0.7282571792602539,0.8416537642478943,0.0,0.0,2.0,2.0,positive,46.4483523139
46.4483523139,0.0,1.8026809692382808,0.0,0.0,1.0,2.0,positive,47.58474052
47.58474052,2.45374596118927,3.043658435344696,0.8967352509498596,0.7938755750656128,10.0,3.0,positive,47.61295723
47.61295723,0.0,1.637820303440094,0.708319365978241,0.0,3.0,2.0,positive,48.09081307
48.09081307,0.0,0.7422612905502319,0.9484781622886658,0.0,2.0,0.0,negative,47.56674417
47.56674417,0.0,0.7570950388908386,0.0,0.0,0.0,1.0,positive,47.59348872
47.59348872,0.0,0.7865141034126282,0.0,0.0,1.0,1.0,positive,47.6982846267
47.6982846267,0.0,0.8193963170051575,0.8834981918334961,0.0,2.0,1.0,negative,47.68060278
47.68060278,1.4461671113967896,0.0,0.0,0.7087308764457703,7.0,1.0,negative,47.04690038
47.04690038,0.7241125106811523,4.038356781005859,0.0,0.0,4.0,1.0,negative,45.66097382
45.66097382,0.7870340943336487,0.7946937680244446,0.883294939994812,0.0,3.0,0.0,negative,45.25630996
45.25630996,0.0,0.0,0.7833899855613708,0.8631398677825928,2.0,2.0,negative,45.08360382
45.08360382,0.7827447652816772,0.0,0.0,0.0,3.0,1.0,positive,45.65376714
45.65376714,0.0,1.6700539588928225,0.0,0.0,1.0,2.0,negative,45.61319017
45.61319017,0.0,0.0,0.0,0.0,1.0,1.0,negative,45.19815588
45.19815588,0.0,0.7787330746650696,0.0,0.0,1.0,2.0,positive,45.36897775
45.36897775,0.0,0.0,0.0,0.0,0.0,0.0,positive,45.57977372
45.57977372,0.8976932168006897,0.0,1.614561676979065,0.0,5.0,0.0,negative,45.4183367
45.4183367,1.6480507850646973,0.8617879152297974,0.7723070383071899,0.0,4.0,0.0,negative,45.19320849
45.19320849,0.0,0.7646004557609558,0.8247302770614624,0.0,1.0,0.0,positive,45.43422376
45.43422376,0.0,1.5129552483558657,0.0,0.0,1.0,1.0,negative,45.31234793
45.31234793,0.0,0.0,0.8808416128158569,0.0,2.0,0.0,negative,44.47216824
44.47216824,0.9656449556350708,0.7137441039085388,1.778389811515808,0.0,1.0,1.0,positive,44.73602513
44.73602513,0.0,0.7792008519172668,0.0,0.0,1.0,0.0,negative,44.5710384425
44.5710384425,0.0,0.0,0.0,0.0,1.0,0.0,positive,45.21593084
45.21593084,0.8058041930198669,0.0,0.0,0.0,2.0,1.0,negative,44.87530883
44.87530883,0.0,0.8559761047363281,0.0,0.7144338488578796,0.0,3.0,positive,45.01681841
45.01681841,0.0,0.0,0.0,0.0,0.0,0.0,negative,44.71717665
44.71717665,0.0,0.73692786693573,0.0,0.0,2.0,0.0,positive,44.78349476
44.78349476,0.0,0.701172411441803,0.0,0.0,0.0,1.0,negative,44.4497327
44.4497327,0.0,0.0,0.7088262438774109,0.0,0.0,0.0,positive,45.2383962
45.2383962,0.8468841314315796,0.0,0.0,0.0,1.0,2.0,positive,46.05351804
46.05351804,0.0,4.467765152454376,0.0,1.5031356811523438,0.0,12.0,positive,48.04555821
48.04555821,0.0,1.6645829677581787,2.3687437176704407,0.8099920749664307,2.0,7.0,negative,47.44865533
47.44865533,0.0,2.534033417701721,0.726076066493988,0.9864891171455384,3.0,4.0,positive,48.81915539
48.81915539,1.6582362055778503,0.720604658126831,0.916769802570343,0.0,5.0,0.0,negative,48.7197843
48.7197843,0.0,1.631346881389618,0.8035113215446472,0.7038618326187134,2.0,5.0,positive,48.72732772
48.72732772,0.0,1.6712524890899658,1.6747903227806091,1.6246547102928162,5.0,2.0,positive,49.16443832
49.16443832,0.0,1.7218497395515442,0.0,0.0,2.0,1.0,negative,48.85068901
48.85068901,0.0,0.7940446138381958,0.0,1.8857033848762512,1.0,1.0,negative,48.35681911
48.35681911,0.7876325845718384,2.4615438580513,0.7343729138374329,0.0,0.0,3.0,positive,48.85089973
48.85089973,0.0,0.7514472603797913,0.0,0.0,0.0,2.0,positive,49.16659527
49.16659527,0.0,0.8294298052787781,0.0,0.0,1.0,1.0,negative,48.36286338
48.36286338,0.9426233172416688,0.0,0.7295349836349487,0.0,1.0,0.0,positive,49.4051482198
49.4051482198,1.6352133750915527,0.0,0.0,0.7697007656097412,1.0,2.0,positive,50.34905846
50.34905846,0.0,0.0,0.0,0.0,2.0,0.0,positive,50.78139818
50.78139818,0.0,1.614431083202362,0.0,0.8459858894348145,1.0,4.0,positive,50.9426372517
50.9426372517,0.0,0.8042628765106201,0.0,0.0,3.0,0.0,negative,50.69534692
50.69534692,0.0,0.8070797920227051,0.0,0.0,4.0,0.0,negative,49.2637687
49.2637687,0.0,0.0,0.7670359015464783,0.0,3.0,0.0,positive,50.03091332
50.03091332,0.0,0.7657792568206787,0.0,1.6683247089385986,2.0,3.0,positive,50.69305067
50.69305067,0.7091163396835327,0.0,0.0,0.0,3.0,0.0,negative,50.30355374
50.30355374,0.0,1.763929009437561,0.0,0.0,0.0,0.0,positive,51.04860808
51.04860808,0.0,0.0,0.0,0.0,0.0,0.0,negative,50.4207516
50.4207516,0.0,0.7354551553726196,0.0,0.0,2.0,1.0,negative,50.18594065
50.18594065,0.0,0.0,0.0,0.0,1.0,0.0,positive,50.86802969
50.86802969,0.7744755148887634,0.7242714166641235,0.0,0.0,2.0,1.0,negative,50.83935218
50.83935218,0.0,0.7968087196350098,0.0,0.0,0.0,2.0,negative,50.6940235666
50.6940235666,0.0,1.6021047234535215,1.5967532396316528,0.0,1.0,2.0,negative,50.27307327
50.27307327,0.8681339025497437,1.7511497735977173,0.0,0.0,2.0,1.0,positive,50.38234695
50.38234695,0.7612446546554565,1.6968290209770205,0.0,0.0,2.0,2.0,positive,51.1223120276
51.1223120276,0.0,0.0,0.0,0.0,4.0,1.0,negative,50.71873293
50.71873293,0.0,2.3710342049598694,0.0,0.0,1.0,2.0,negative,50.14460541
50.14460541,0.725974440574646,0.7777579426765442,1.5548689365386963,0.0,3.0,1.0,negative,49.85476407
49.85476407,0.719566822052002,0.704751193523407,0.0,0.7043272256851196,1.0,1.0,positive,49.9830778
49.9830778,0.0,0.0,0.0,0.0,4.0,0.0,negative,49.95838476
49.95838476,0.0,0.0,0.0,0.0,2.0,1.0,positive,50.1734867
50.1734867,0.0,0.801332414150238,0.0,0.0,0.0,1.0,negative,49.28486332
49.28486332,0.0,0.7376351356506348,0.0,0.0,1.0,1.0,positive,49.2884102
49.2884102,0.0,1.5647286772727966,0.0,0.8513263463973999,2.0,1.0,positive,49.52212407
49.52212407,0.718632161617279,0.7269312739372253,0.8422258496284485,0.0,5.0,0.0,positive,49.80466455
49.80466455,0.0,3.2239739894866943,0.8746711015701294,0.0,2.0,3.0,positive,49.8900907865
49.8900907865,0.0,2.429883480072021,0.8481914401054382,1.5819939374923706,3.0,6.0,negative,49.73376765
49.73376765,0.8307271003723145,0.8559761047363281,0.0,0.0,2.0,2.0,positive,52.59561797
52.59561797,0.741773784160614,0.8492796421051025,0.0,0.752508819103241,2.0,1.0,positive,53.44607587
53.44607587,0.0,0.0,0.7288421988487244,0.0,1.0,0.0,negative,53.2100597701
53.2100597701,0.0,0.0,0.8407069444656372,0.0,1.0,0.0,positive,53.5441034
53.5441034,0.0,0.8629476428031921,0.0,0.0,0.0,0.0,positive,53.54550646
53.54550646,0.0,2.510106384754181,2.6206486225128174,0.7626745700836182,3.0,4.0,positive,54.31070172
54.31070172,1.620908796787262,0.8702937364578247,1.514127254486084,0.0,3.0,1.0,positive,55.6091284944
55.6091284944,1.6152635216712952,0.0,5.741076290607452,0.0,8.0,0.0,positive,57.01511624
57.01511624,2.3356935381889343,1.53166002035141,1.6670159101486206,0.0,8.0,2.0,positive,57.87827743
57.87827743,1.611365556716919,2.4095451831817627,0.0,0.0,3.0,2.0,positive,58.03800605
58.03800605,0.719575047492981,0.0,0.0,0.0,7.0,0.0,negative,57.25767985
57.25767985,0.0,0.8559761047363281,0.0,0.0,3.0,1.0,positive,58.3902666154
58.3902666154,0.7103002667427063,1.6256229281425476,0.0,0.0,0.0,2.0,positive,58.9024136714
58.9024136714,1.601329326629639,0.0,0.0,0.0,3.0,1.0,negative,58.8634414422
58.8634414422,0.0,1.5555317997932434,0.0,0.0,0.0,1.0,negative,56.9472828731
56.9472828731,0.0,0.0,0.7414785623550415,0.0,3.0,1.0,positive,57.3790173684
57.3790173684,0.0,0.7940276861190796,0.0,0.0,1.0,1.0,positive,58.58813993
58.58813993,0.0,0.0,0.8294033408164978,0.0,2.0,0.0,negative,57.97948
57.97948,0.8464452028274536,0.0,0.0,0.0,2.0,0.0,positive,59.11203729
59.11203729,0.8814084529876709,0.786882758140564,0.0,0.0,1.0,2.0,negative,57.09367199
57.09367199,0.0,0.0,0.7723308801651001,0.0,2.0,1.0,positive,57.66431477
57.66431477,0.0,1.6635217666625977,1.749717354774475,0.0,3.0,1.0,negative,57.39180746
57.39180746,0.0,0.8209043741226196,1.6788853406906128,0.0,5.0,3.0,positive,58.0752982987
58.0752982987,0.0,0.8620122671127319,0.0,0.0,0.0,0.0,negative,58.05284983
58.05284983,0.0,3.320049524307251,0.7913891077041626,0.0,3.0,3.0,negative,55.61889291
55.61889291,0.0,1.6296380758285522,0.0,0.0,2.0,1.0,negative,55.59158727
55.59158727,0.0,2.597922623157501,0.0,0.0,3.0,0.0,positive,56.50936149
56.50936149,0.8960627317428589,0.0,0.0,0.0,2.0,0.0,negative,55.7219876634
55.7219876634,0.0,0.8507003784179688,0.0,0.0,4.0,1.0,positive,55.8506614981
55.8506614981,1.6801741123199463,0.8599311113357544,0.0,0.0,2.0,0.0,positive,56.3583505991
56.3583505991,0.0,0.7078211903572083,0.0,0.0,0.0,0.0,negative,56.28151534
56.28151534,0.0,0.0,0.0,0.0,0.0,0.0,positive,56.57079395
56.57079395,0.0,0.0,0.0,0.0,0.0,2.0,positive,57.79685522
57.79685522,0.0,0.0,0.0,0.0,3.0,0.0,negative,57.5847797618
57.5847797618,0.0,1.6710909008979795,0.8795281052589417,0.0,3.0,3.0,positive,57.8439476958
57.8439476958,0.0,0.0,0.8097452521324158,0.7962009310722351,1.0,2.0,negative,57.61825573
57.61825573,0.0,1.592750906944275,0.0,1.5088446140289309,0.0,4.0,negative,57.45990685
57.45990685,0.0,3.2447991371154785,0.0,0.7121337056159973,2.0,7.0,positive,58.28801501
58.28801501,0.0,0.0,0.0,1.5710759162902832,0.0,3.0,positive,59.87865645
59.87865645,0.0,2.2236313819885254,0.0,0.0,1.0,4.0,negative,59.60429737
59.60429737,0.0,1.7287996411323547,1.418623447418213,0.7263632416725159,3.0,1.0,positive,59.6832541
59.6832541,0.0,0.8642851710319519,0.0,0.0,0.0,0.0,negative,59.52847001
59.52847001,0.0,2.411856770515442,0.0,0.0,1.0,7.0,negative,59.0280439474
59.0280439474,0.0,1.6928470730781555,0.7952018976211548,0.0,2.0,1.0,positive,59.45263078
59.45263078,0.0,2.604801118373871,2.497864842414856,0.0,3.0,3.0,positive,61.16999656
61.16999656,2.341472804546356,1.6197672486305237,0.764481246471405,0.0,6.0,2.0,positive,61.181983
61.181983,0.0,3.488822817802429,0.0,0.0,5.0,2.0,negative,61.04673172
61.04673172,0.0,0.9873205423355104,0.0,0.0,0.0,0.0,positive,61.48712591
61.48712591,0.0,0.8383942246437073,0.0,0.0,5.0,4.0,negative,61.33471226
61.33471226,0.0,0.7412171959877014,0.8389543890953064,0.0,0.0,2.0,negative,61.2639110532
61.2639110532,0.0,2.364663600921631,0.0,0.0,2.0,2.0,negative,59.32598092
59.32598092,0.8779236078262329,0.7665262818336487,0.0,0.0,0.0,2.0,positive,59.62166125
59.62166125,2.322105348110199,0.0,0.0,0.0,4.0,0.0,positive,59.90717091
59.90717091,0.0,0.0,0.0,0.0,0.0,0.0,negative,59.63175165
59.63175165,0.8137076497077942,0.0,0.0,0.0,0.0,0.0,positive,61.1752001
61.1752001,0.0,1.6999568343162537,0.7605963349342346,0.0,1.0,1.0,negative,59.3089307
59.3089307,0.0,2.5008304119110107,0.0,0.7520167827606201,2.0,3.0,positive,59.61013557
59.61013557,0.0,0.0,0.9501522183418274,0.0,2.0,2.0,negative,59.59140692
59.59140692,0.0,0.0,0.0,0.0,0.0,1.0,positive,60.14793711
60.14793711,0.0,2.3311071395874023,0.0,0.0,1.0,1.0,negative,59.4457087115
59.4457087115,0.0,0.0,0.0,0.0,0.0,1.0,positive,60.6160632
60.6160632,0.0,0.0,0.0,0.7382583618164062,1.0,1.0,positive,60.9479324827
60.9479324827,0.0,0.0,0.0,0.7117280960083008,0.0,1.0,positive,61.08202548
61.08202548,0.0,0.0,0.0,0.0,0.0,0.0,positive,61.09986178
61.09986178,0.803495466709137,0.0,0.0,0.0,1.0,0.0,negative,60.81727048
60.81727048,0.0,0.0,0.0,0.0,0.0,1.0,negative,57.63713082
57.63713082,0.0,0.7712152600288391,0.0,0.0,1.0,1.0,negative,56.67790505
56.67790505,0.0,0.0,0.0,0.0,1.0,0.0,positive,56.88517928
56.88517928,0.7936385273933411,0.0,0.0,0.0,0.0,0.0,negative,56.6736877
56.6736877,0.0,0.0,0.0,0.0,0.0,1.0,positive,56.6849814561
56.6849814561,0.0,0.7118481397628784,0.0,0.0,0.0,2.0,positive,57.05340258
57.05340258,1.6172040104866028,1.6175659894943235,0.0,0.0,1.0,3.0,positive,57.80069364
57.80069364,0.0,0.0,0.0,0.0,0.0,0.0,negative,56.91413273
56.91413273,0.0,0.7254799008369446,0.0,0.0,0.0,0.0,positive,56.9983826723
56.9983826723,0.0,1.509713053703308,0.0,0.0,0.0,0.0,positive,57.0926925053
57.0926925053,0.0,0.0,0.0,0.7240315675735474,0.0,1.0,positive,57.11096799
57.11096799,0.7686707973480225,0.0,0.0,0.982261836528778,1.0,0.0,negative,57.01233464
57.01233464,0.0,0.0,0.0,0.0,1.0,0.0,negative,56.96021104
56.96021104,0.0,0.7227542400360107,0.0,0.0,0.0,1.0,positive,57.2367402
57.2367402,0.0,0.0,0.0,0.0,1.0,0.0,positive,58.0007788619
58.0007788619,0.0,0.8149176836013794,0.0,0.0,0.0,2.0,negative,57.41379309
57.41379309,1.8669391870498655,0.0,0.0,0.0,2.0,1.0,positive,57.6925773311
57.6925773311,0.0,0.0,0.0,0.0,2.0,1.0,negative,57.5420131
57.5420131,0.0,0.0,0.0,0.0,5.0,2.0,negative,57.20326109
57.20326109,0.0,0.0,0.0,0.0,6.0,0.0,positive,57.31796002
57.31796002,0.0,3.54692941904068,0.0,0.0,1.0,1.0,positive,57.8255962
57.8255962,0.0,0.0,0.0,0.0,3.0,0.0,negative,57.4551686025
57.4551686025,0.0,0.8789648413658142,0.0,0.0,1.0,0.0,negative,57.45124631
57.45124631,0.963386595249176,0.0,0.0,0.0,1.0,2.0,negative,57.38160837
57.38160837,0.7328253984451294,0.7388474345207214,0.0,0.0,0.0,1.0,positive,57.6754518727
57.6754518727,0.0,0.880253255367279,0.0,0.0,1.0,0.0,positive,57.8029870632
57.8029870632,0.0,0.0,0.0,0.0,2.0,0.0,negative,57.63293798
57.63293798,0.8972344994544983,0.0,0.0,1.680826723575592,0.0,3.0,negative,57.37053751
57.37053751,0.0,1.660722017288208,0.8341242671012878,0.0,3.0,1.0,negative,56.3168644487
56.3168644487,0.0,0.0,0.0,0.0,0.0,0.0,positive,57.43840265
57.43840265,0.0,0.940909206867218,0.0,0.0,1.0,1.0,positive,57.6395931716
57.6395931716,0.0,2.503349006175995,1.739180088043213,0.7898901700973511,2.0,4.0,positive,57.67873756
57.67873756,0.0,0.0,0.0,0.0,2.0,0.0,negative,57.34930943
57.34930943,0.0,0.0,0.7497053742408752,0.0,1.0,1.0,positive,57.67462412
57.67462412,0.7516669034957886,0.0,0.9586588740348816,0.0,2.0,0.0,positive,58.39814146
58.39814146,0.8812688589096069,0.0,0.0,0.8302750587463379,0.0,1.0,negative,58.1669759629
58.1669759629,0.0,0.0,0.7998888492584229,0.7168773412704468,3.0,1.0,positive,58.20617878
58.20617878,0.886614203453064,1.599031925201416,0.0,0.0,2.0,3.0,negative,57.87387714
57.87387714,0.0,0.8246673941612244,0.0,0.0,1.0,0.0,positive,58.13496622
58.13496622,0.0,0.0,0.0,0.0,0.0,0.0,positive,58.2422105332
58.2422105332,0.0,0.7179334759712219,0.0,0.0,1.0,2.0,positive,58.26080455
58.26080455,1.6972784399986267,0.9006867408752441,0.0,0.0,5.0,1.0,positive,58.29864844
58.29864844,0.0,0.9129167795181274,1.5942423343658447,0.0,4.0,0.0,positive,58.35472454
58.35472454,0.0,0.8559761047363281,0.0,0.0,4.0,1.0,negative,57.33747734
57.33747734,0.0,0.0,0.7379294037818909,0.0,2.0,0.0,negative,57.10247258
57.10247258,0.0,0.0,0.0,0.0,1.0,0.0,negative,56.62277936
56.62277936,0.0,0.0,1.8908072710037231,0.0,2.0,0.0,positive,56.8299526
56.8299526,0.8833305239677429,0.7538705468177795,0.7286794781684875,1.451840341091156,2.0,3.0,negative,56.41624066
56.41624066,0.0,0.0,0.0,0.0,0.0,1.0,positive,56.45109994
56.45109994,0.0,0.0,0.0,0.0,1.0,0.0,negative,55.69223652
55.69223652,0.0,0.0,0.0,0.0,1.0,0.0,negative,55.54299556
55.54299556,0.0,0.0,0.0,0.0,2.0,1.0,negative,53.64286888
53.64286888,0.0,0.0,0.0,0.0,2.0,0.0,positive,53.93983207
53.93983207,0.0,0.9698718190193176,0.0,0.0,1.0,0.0,positive,54.53147642
54.53147642,0.7645230293273926,2.3026320338249207,0.0,0.7096235752105713,5.0,4.0,positive,54.63026014
54.63026014,0.0,2.2967617511749268,0.0,0.0,0.0,3.0,negative,54.1583994462
54.1583994462,0.0,0.0,0.0,0.0,1.0,1.0,negative,53.0592189806
53.0592189806,0.0,2.6603614687919617,0.0,0.0,1.0,2.0,negative,53.00284075
53.00284075,0.701562762260437,0.8307451605796814,0.0,0.0,0.0,1.0,negative,52.7031417789
52.7031417789,0.0,0.0,0.0,0.0,4.0,0.0,negative,51.48575407
51.48575407,0.0,0.0,0.0,0.0,2.0,0.0,positive,53.49110448
53.49110448,0.0,0.7305870056152344,2.648971378803253,0.0,5.0,1.0,positive,54.69198164
54.69198164,0.0,0.0,0.0,0.0,1.0,0.0,positive,55.30816321
55.30816321,0.0,0.7825360894203186,0.0,0.9320473670959472,2.0,6.0,negative,54.35148405
54.35148405,0.0,0.7019488215446472,0.0,0.0,0.0,5.0,positive,55.25133388
55.25133388,0.0,0.0,0.7273074388504028,1.4857152104377749,0.0,2.0,negative,54.98558459
54.98558459,0.7521337866783142,0.0,0.0,0.0,2.0,0.0,negative,54.53178894
54.53178894,0.0,8.154250085353851,0.0,1.4857628345489502,1.0,12.0,negative,53.03588557
53.03588557,0.0,0.0,0.0,0.0,1.0,2.0,positive,53.2032682877
53.2032682877,0.0,1.602829992771149,0.0,1.4794670939445496,1.0,5.0,positive,53.2358694581
53.2358694581,0.0,0.7641955018043518,0.0,0.0,1.0,1.0,positive,53.37208954
53.37208954,0.0,0.7428541779518127,1.743516445159912,0.751270592212677,1.0,4.0,positive,53.75374922
53.75374922,0.0,1.6830885410308838,0.9370164275169371,0.0,1.0,2.0,negative,53.22601212
53.22601212,0.0,0.0,0.7015487551689148,0.83027184009552,0.0,2.0,positive,53.52885307
53.52885307,0.8182743787765503,0.0,0.9145448803901672,1.9198460578918457,3.0,2.0,positive,53.56386993
53.56386993,0.0,1.524963617324829,0.0,0.7640451788902283,0.0,3.0,negative,53.47695173
53.47695173,0.0,0.710411548614502,0.7594980001449585,0.0,3.0,6.0,positive,54.00356445
54.00356445,2.552920639514923,7.847755253314972,0.0,6.171353340148926,1.0,20.0,positive,54.0898635927
54.0898635927,0.7420718669891357,4.72301173210144,0.0,0.9334014654159546,3.0,9.0,negative,53.69778845
53.69778845,1.738000512123108,0.0,0.0,0.9686919450759888,4.0,3.0,negative,53.4577580353
53.4577580353,0.0,0.0,1.545835256576538,1.6238800287246704,2.0,3.0,positive,54.10537198
54.10537198,0.0,0.0,0.7429407238960266,0.0,1.0,1.0,negative,53.88520531
53.88520531,0.7021316885948181,0.7266502976417542,0.0,0.0,2.0,1.0,negative,53.74718788
53.74718788,0.0,0.0,0.0,0.0,1.0,1.0,positive,54.58534291
54.58534291,0.0,0.0,0.0,1.4398627281188965,0.0,1.0,positive,54.77457037
54.77457037,0.0,1.4870352149009705,0.8174494504928589,0.0,1.0,2.0,negative,54.57215349
54.57215349,0.0,0.0,0.8742187023162842,0.0,1.0,1.0,negative,54.1761507
54.1761507,0.0,1.7175893783569336,0.0,0.0,1.0,1.0,positive,56.30617382
56.30617382,0.7998704314231873,0.0,0.7964522242546082,0.0,2.0,1.0,negative,56.08972979
56.08972979,0.0,1.484172284603119,0.8007445931434631,0.7583715915679932,0.0,1.0,positive,56.1643157666
56.1643157666,0.0,0.0,1.7465986013412476,0.0,1.0,1.0,positive,56.21271438
56.21271438,0.0,0.0,0.7148311734199524,0.0,2.0,0.0,positive,56.7251408372
56.7251408372,0.9005002379417419,0.8471603989601135,1.4323650598526,0.0,4.0,1.0,negative,56.54528806
56.54528806,0.7606058120727539,0.799202561378479,0.7444255948066711,0.0,3.0,1.0,positive,56.81159574
56.81159574,0.0,0.0,0.0,0.0,1.0,0.0,negative,56.69887336
56.69887336,0.0,0.0,0.0,0.0,0.0,0.0,negative,56.55822385
56.55822385,0.0,0.8241090178489685,0.0,0.0,0.0,0.0,positive,57.80904662
57.80904662,0.0,0.0,0.0,0.0,0.0,0.0,positive,58.77940172
58.77940172,0.0,2.407410204410553,0.741923451423645,0.0,0.0,3.0,positive,58.99640036
58.99640036,1.5769551992416382,1.6730449199676514,1.7281392812728882,0.8745297193527222,3.0,3.0,negative,58.75867619
58.75867619,0.0,0.7338714003562927,0.7229336500167847,0.0,3.0,0.0,positive,59.07027445
59.07027445,0.0,0.8587724566459656,1.760146975517273,0.92998468875885,4.0,2.0,negative,58.91909338
58.91909338,0.0,1.68678081035614,0.0,0.0,0.0,2.0,negative,58.76326686
58.76326686,0.9109471440315248,0.0,0.7046775221824646,0.0,4.0,0.0,positive,61.04593493
61.04593493,0.0,0.8168526291847229,0.0,0.0,2.0,0.0,negative,60.5018491336
60.5018491336,0.0,0.0,0.8786563277244568,0.0,1.0,0.0,negative,60.0044454164
60.0044454164,0.866486132144928,1.749666452407837,0.0,0.0,1.0,0.0,negative,59.88969947
59.88969947,0.0,1.6852366924285889,0.0,0.0,4.0,0.0,negative,59.44611674
59.44611674,0.0,0.0,2.2915531396865845,0.0,2.0,0.0,positive,60.0694176
60.0694176,0.784558892250061,0.0,0.0,0.0,3.0,0.0,negative,59.89150883
59.89150883,0.0,1.5564509630203247,0.0,0.0,2.0,1.0,negative,58.94797955
58.94797955,0.838769257068634,0.0,0.0,0.0,3.0,2.0,negative,58.1698230636
58.1698230636,0.0,0.733127236366272,0.0,0.0,0.0,0.0,positive,58.53589721
58.53589721,0.0,1.5882714986801147,0.0,0.0,1.0,1.0,positive,59.5365534778
59.5365534778,0.0,0.0,1.5147902965545654,0.0,3.0,3.0,positive,60.6637667782
60.6637667782,0.0,0.8559761047363281,0.8345668315887451,0.0,2.0,1.0,positive,61.30934745
61.30934745,0.0,0.0,0.7196710109710693,0.0,1.0,0.0,negative,61.23995319
61.23995319,0.0,0.0,0.0,0.0,1.0,0.0,negative,61.22688829
61.22688829,0.0,0.0,0.0,0.8850130438804626,3.0,2.0,positive,61.36641077
61.36641077,0.0,1.4572558999061584,0.0,0.8249460458755493,0.0,2.0,negative,60.82594676
60.82594676,0.0,0.0,0.0,0.0,0.0,0.0,negative,60.5042073
60.5042073,0.0,0.7270651459693909,0.0,0.0,1.0,1.0,negative,60.48069855
60.48069855,0.0,0.783768892288208,0.0,0.0,4.0,2.0,negative,59.92172903
59.92172903,0.0,2.2542672753334045,0.84160315990448,0.0,6.0,3.0,positive,60.3015733
60.3015733,1.6946474313735962,0.0,0.7511947154998779,0.0,5.0,1.0,positive,60.69498219
60.69498219,0.0,0.0,0.8939252495765686,0.0,8.0,0.0,negative,60.43094141
60.43094141,0.0,0.8372640609741211,0.0,1.652825951576233,1.0,4.0,negative,60.0139158026
60.0139158026,0.0,0.8559761047363281,0.0,0.0,0.0,1.0,negative,59.54195444
59.54195444,0.0,0.0,0.0,0.0,1.0,0.0,negative,59.47160238
59.47160238,0.0,0.0,0.0,0.0,0.0,0.0,positive,59.7637119102
59.7637119102,0.0,0.9249433875083924,0.0,0.0,0.0,0.0,positive,61.9944202772
61.9944202772,0.0,0.0,0.8429285883903503,0.0,1.0,0.0,negative,61.45619831
61.45619831,0.0,2.508573293685913,0.0,0.0,0.0,3.0,positive,61.97978695
61.97978695,0.0,0.0,0.7523464560508728,0.7080768346786499,3.0,2.0,positive,64.2388244
64.2388244,1.5532124042510986,0.8744229674339294,0.8554235696792603,0.0,4.0,1.0,positive,65.30794905
65.30794905,3.1750810742378235,0.0,1.5152381658554075,0.0,5.0,0.0,positive,67.42688432
67.42688432,7.555006563663483,0.7719536423683167,2.51769495010376,0.0,18.0,1.0,positive,68.39721601
68.39721601,1.574272394180298,0.0,0.7336722612380981,2.458617866039276,5.0,2.0,positive,68.78129342
68.78129342,2.4183111786842346,4.2264368534088135,1.5876442790031433,1.670494019985199,12.0,8.0,negative,68.15906252
68.15906252,1.4633839130401611,0.0,0.7258487939834595,0.0,6.0,1.0,negative,68.05417907
68.05417907,0.7852245569229126,0.8708283305168152,0.0,0.0,6.0,3.0,positive,68.55944635
68.55944635,0.0,0.0,0.0,0.0,1.0,0.0,negative,66.83438728
66.83438728,1.5481285452842712,1.6380187273025513,0.0,0.0,3.0,2.0,negative,66.8341444686
66.8341444686,0.0,0.8014312982559204,0.0,0.0,0.0,0.0,positive,68.7746406857
68.7746406857,0.0,0.0,0.8276316523551941,0.0,4.0,2.0,negative,68.04834836
68.04834836,0.0,0.0,0.0,0.0,0.0,0.0,negative,67.14538023
67.14538023,0.0,0.0,1.54263836145401,0.0,3.0,0.0,positive,67.77340003
67.77340003,0.7506614327430725,2.9724080562591557,0.7324003577232361,0.0,1.0,5.0,negative,67.05803864
67.05803864,0.0,0.7860434055328369,1.651153802871704,0.0,7.0,2.0,negative,67.04547007
67.04547007,0.0,0.0,0.0,0.0,7.0,0.0,positive,67.98882035
67.98882035,0.7911237478256226,0.0,1.8526285886764529,0.0,5.0,2.0,negative,67.87949262
67.87949262,0.7384374737739563,2.3871350288391118,0.7855935096740723,0.9906612038612366,7.0,4.0,positive,71.14337726
71.14337726,0.7281116843223572,0.7145816087722778,0.7304847240447998,0.0,6.0,1.0,positive,71.77194362
71.77194362,0.0,0.0,0.0,0.0,2.0,0.0,negative,71.2270033258
71.2270033258,1.6240826845169067,0.9085144996643066,0.7301927208900452,0.0,6.0,0.0,positive,71.94660441
71.94660441,0.0,0.0,0.0,0.0,1.0,0.0,negative,71.04186028
71.04186028,0.0,0.0,0.813494086265564,0.0,1.0,1.0,negative,69.55495102
69.55495102,0.7573778629302979,3.984645307064056,0.0,0.0,2.0,1.0,positive,70.56789373
70.56789373,1.6591542959213257,0.7940808534622192,0.0,0.0,1.0,2.0,negative,69.7011882
69.7011882,0.0,0.90476256608963,0.0,0.0,3.0,0.0,positive,70.87674804
70.87674804,0.0,0.8602213859558105,0.0,0.0,2.0,0.0,positive,71.08855978
71.08855978,0.0,0.0,0.7908241152763367,0.0,4.0,0.0,negative,70.5433335334
70.5433335334,0.0,0.0,0.8002805113792419,0.8452405333518982,1.0,1.0,positive,70.82001757
70.82001757,0.8748102784156799,1.566877543926239,0.0,0.0,0.0,1.0,negative,69.8981307163
69.8981307163,0.8155567049980164,0.75059974193573,0.0,0.0,0.0,1.0,negative,68.58985513
68.58985513,2.2970892786979675,0.0,0.0,0.0,1.0,0.0,positive,69.42472406
69.42472406,0.0,0.7021285891532898,0.784690797328949,0.0,4.0,1.0,positive,70.6515376556
70.6515376556,0.0,5.122827768325806,0.0,0.8380979895591736,2.0,9.0,negative,70.61217164
70.61217164,1.6525223851203918,2.3924320340156555,0.0,0.0,1.0,2.0,positive,71.5781490642
71.5781490642,1.8026723265647888,1.6494296193122864,0.0,0.0,1.0,1.0,positive,72.1171244
72.1171244,0.0,0.8458274602890015,1.4745531678199768,0.0,4.0,2.0,negative,71.97694313
71.97694313,0.0,0.8085775375366211,1.7635099291801453,0.0,3.0,1.0,negative,71.61340928
71.61340928,0.7661693096160889,0.8900410532951355,0.0,0.722790002822876,3.0,2.0,negative,71.43450088
71.43450088,0.0,0.0,0.0,0.0,2.0,2.0,positive,71.82939981
71.82939981,0.885365903377533,0.8559761047363281,0.8856045007705688,0.0,3.0,1.0,negative,70.23154173
70.23154173,0.8976932168006897,0.0,0.8853352665901184,0.72243732213974,1.0,1.0,positive,71.97837583
71.97837583,0.0,0.0,0.0,0.0,3.0,1.0,negative,71.01141931
71.01141931,0.7821731567382812,0.0,0.0,0.0,1.0,0.0,negative,70.81929389
70.81929389,0.0,0.9572718739509584,0.0,0.0,2.0,0.0,negative,70.8184624
70.8184624,0.0,0.0,0.0,0.0,6.0,1.0,negative,70.17994704
70.17994704,0.0,0.9350686073303224,0.0,0.0,3.0,1.0,negative,70.08809706
70.08809706,0.0,1.591376006603241,0.0,0.0,0.0,1.0,negative,69.65819473
69.65819473,0.724259078502655,0.0,0.8630042672157288,0.0,1.0,2.0,negative,69.36308008
69.36308008,0.0,0.0,2.3595725297927856,0.0,3.0,0.0,negative,69.32017934
69.32017934,1.5180050134658811,0.0,0.9243178963661194,0.0,3.0,0.0,positive,69.58094797
69.58094797,0.8581748008728027,0.0,0.7216219902038574,0.0,2.0,1.0,positive,69.6896881966
69.6896881966,0.946945309638977,1.4451332092285156,0.0,0.0,2.0,3.0,positive,69.7694823283
69.7694823283,0.9102796316146852,1.584698498249054,0.0,0.0,1.0,2.0,negative,69.7232821
69.7232821,0.0,0.0,0.0,0.0,1.0,0.0,negative,69.08558606
69.08558606,0.8521407246589661,0.939154088497162,0.0,0.0,1.0,0.0,negative,68.84959854
68.84959854,0.0,0.0,0.0,0.0,1.0,0.0,negative,68.67904021
68.67904021,0.0,0.0,0.0,0.9629592299461364,0.0,0.0,negative,67.19638755
67.19638755,0.0,0.0,0.0,0.0,1.0,0.0,positive,67.72620194
67.72620194,0.0,2.439749002456665,0.0,0.0,1.0,2.0,negative,67.28735575
67.28735575,0.8976932168006897,2.4760305881500244,0.0,0.0,1.0,3.0,positive,68.22707308
68.22707308,0.0,1.530745267868042,0.0,0.0,1.0,1.0,negative,68.1826590306
68.1826590306,0.0,1.4587323665618896,0.734661877155304,0.9101343750953674,3.0,2.0,negative,67.5628949075
67.5628949075,0.0,0.8189409375190735,1.4194653630256653,0.0,6.0,1.0,positive,67.94881209
67.94881209,0.7334277033805847,0.8794520497322083,0.0,0.0,3.0,2.0,positive,68.1146080768
68.1146080768,0.0,1.6479833126068115,0.877275824546814,0.0,3.0,3.0,negative,67.9566616159
67.9566616159,0.0,0.7671986222267151,0.7552164196968079,0.0,1.0,0.0,positive,68.25868317
68.25868317,0.0,0.0,0.0,0.0,0.0,0.0,positive,69.1027818862
69.1027818862,0.0,0.7561887502670288,0.0,0.0,2.0,2.0,positive,69.44748572
69.44748572,0.0,0.8125062584877014,0.7301222085952759,0.0,2.0,1.0,positive,69.7833391516
69.7833391516,0.0,0.0,0.0,0.8823326826095581,1.0,1.0,positive,71.60406705
71.60406705,0.0,0.767382025718689,0.0,0.0,0.0,1.0,negative,71.31788196
71.31788196,0.0,0.0,0.7247068881988525,0.0,1.0,0.0,positive,71.7352658
71.7352658,0.870651364326477,0.8913592100143433,0.0,0.0,0.0,0.0,positive,72.63783162
72.63783162,0.8639882802963257,0.0,0.0,0.0,1.0,0.0,negative,71.4810259
71.4810259,0.9152082800865172,0.0,2.562281012535095,0.0,10.0,0.0,positive,73.01485913
73.01485913,0.0,0.0,0.0,0.0,4.0,0.0,negative,72.5323810795
72.5323810795,0.9447344541549684,0.0,0.0,0.0,6.0,0.0,negative,71.6370786
71.6370786,1.6806105971336365,0.0,0.7114064693450928,0.0,2.0,0.0,positive,72.99793224
72.99793224,0.0,0.0,0.0,0.0,2.0,0.0,positive,73.46030272
73.46030272,0.863498330116272,0.0,0.0,0.0,1.0,0.0,positive,73.47490016
73.47490016,0.7455398440361023,0.0,0.0,0.0,2.0,0.0,negative,73.1754543007
73.1754543007,1.4854263067245483,0.0,0.904451310634613,0.0,2.0,0.0,positive,74.65676602
74.65676602,0.0,0.0,0.0,0.0,0.0,0.0,negative,72.6406623213
72.6406623213,2.278406322002411,0.0,0.0,0.0,6.0,1.0,positive,73.87366604
73.87366604,0.7643865346908569,1.5774236917495728,0.0,0.0,5.0,1.0,negative,73.38465513
73.38465513,0.0,0.0,0.0,0.0,0.0,0.0,negative,72.9426789268
72.9426789268,0.0,0.9052739143371582,0.0,0.0,1.0,2.0,positive,73.25946327
73.25946327,0.0,0.0,0.0,0.0,2.0,2.0,positive,73.38868617
73.38868617,0.0,4.895121574401856,0.8381487727165222,0.0,1.0,5.0,positive,74.41693468
74.41693468,1.693912148475647,1.4783045053482056,0.8427960872650146,0.0,6.0,1.0,negative,74.06467285
74.06467285,0.0,0.0,1.611493170261383,0.0,5.0,0.0,negative,73.65517111
73.65517111,0.7374842762947083,0.0,0.0,0.0,4.0,0.0,positive,73.85863611
73.85863611,0.738936722278595,0.0,1.6833637356758118,0.0,3.0,0.0,positive,73.95291343
73.95291343,0.0,0.0,0.0,0.0,0.0,1.0,positive,74.2264241934
74.2264241934,1.8845385313034055,0.0,0.0,0.0,1.0,0.0,negative,73.65107223
73.65107223,0.8506201505661011,0.0,0.0,0.0,1.0,1.0,negative,73.52833553
73.52833553,0.0,0.0,0.0,0.7788057923316956,3.0,1.0,positive,73.72691606
73.72691606,0.755497932434082,0.0,0.8157535791397095,0.0,1.0,0.0,negative,73.71037852
73.71037852,0.0,0.0,0.0,0.0,5.0,0.0,negative,73.57016774
73.57016774,0.7188487648963928,0.0,0.7070772051811218,0.0,2.0,0.0,positive,74.35611575
74.35611575,0.0,0.0,0.0,0.0,2.0,0.0,negative,73.63101996
73.63101996,0.0,0.7622382044792175,0.0,0.7618116736412048,0.0,1.0,negative,72.31608599
72.31608599,0.0,0.8895447850227356,0.0,0.0,0.0,0.0,positive,73.75220194
73.75220194,1.610995888710022,1.626414954662323,0.7970995903015137,0.0,3.0,2.0,positive,74.21373464
74.21373464,0.0,0.0,0.0,0.0,0.0,3.0,positive,75.43725472
75.43725472,0.7848921418190002,0.0,0.0,0.0,1.0,0.0,positive,75.87503333
75.87503333,0.0,0.0,0.0,0.0,1.0,1.0,negative,75.16661895
75.16661895,1.6371693015098572,1.875625193119049,0.0,0.0,4.0,2.0,positive,75.8126693
75.8126693,0.0,0.0,0.0,0.0,1.0,1.0,positive,76.93921157
76.93921157,0.7537596225738525,0.8276199698448181,0.0,0.0,4.0,2.0,positive,77.2757767492
77.2757767492,1.745827555656433,0.7194750905036926,0.0,0.0,3.0,3.0,negative,77.03601207
77.03601207,0.0,0.7524426579475403,0.0,0.0,7.0,0.0,negative,76.46756358
76.46756358,2.6029993891716003,1.7498783469200134,0.0,0.0,4.0,1.0,positive,76.93461024
76.93461024,0.0,0.0,0.0,0.0,1.0,0.0,positive,77.00633309
77.00633309,0.0,0.0,0.9548867344856262,0.0,1.0,0.0,positive,77.33789888
77.33789888,0.9072434306144714,0.7199983596801758,1.6032302975654602,0.0,4.0,1.0,positive,77.83008862
77.83008862,0.0,1.419990599155426,0.0,0.0,4.0,0.0,negative,77.28652089
77.28652089,0.0,0.7638490200042725,0.0,0.8194450736045837,2.0,2.0,positive,77.38505767
77.38505767,2.3300058245658875,0.801142692565918,0.0,0.0,0.0,1.0,negative,76.8538325502
76.8538325502,1.6313236355781555,1.4680569767951963,0.7098378539085388,0.0,2.0,2.0,negative,76.39183374
76.39183374,0.0,0.7308374047279358,0.8444284200668335,0.0,1.0,2.0,positive,77.0928334
77.0928334,0.9007694721221924,2.4255442023277283,0.0,0.7537155747413635,2.0,3.0,negative,76.4144084
76.4144084,4.683151602745056,1.5394180417060852,3.606719434261322,0.0,10.0,4.0,negative,76.3852157
76.3852157,0.0,0.8051908612251282,1.5913062691688538,0.0,2.0,2.0,positive,77.09257993
77.09257993,0.9079859256744384,8.35673052072525,3.480224132537842,2.306252241134644,8.0,8.0,negative,76.8856801
76.8856801,1.6084632277488708,2.212743937969208,0.0,0.0,3.0,4.0,negative,76.0859615
76.0859615,0.0,0.8422725796699524,0.0,0.0,6.0,1.0,negative,75.5082161573
75.5082161573,0.0,0.8787590861320496,0.0,0.7779953479766846,2.0,3.0,positive,75.51600703
75.51600703,0.0,0.0,0.0,0.0,4.0,0.0,negative,73.42655892
73.42655892,0.0,0.0,0.0,0.0,0.0,0.0,negative,73.3052126
73.3052126,0.0,0.8241090178489685,0.0,0.9279066920280457,1.0,3.0,positive,73.64308414
73.64308414,1.6360849142074585,0.8338394165039062,0.0,0.0,2.0,2.0,positive,74.5745330455
74.5745330455,0.0,0.7380164265632629,0.0,0.7411280274391174,3.0,1.0,negative,73.97806383
73.97806383,0.0,2.4094603061676025,0.0,0.0,2.0,4.0,negative,73.7627635628
73.7627635628,0.0,0.7076209783554077,0.0,0.8173846006393433,0.0,2.0,negative,73.71443501
73.71443501,0.0,3.127763867378235,1.7127994894981384,0.0,0.0,4.0,positive,74.3460785602
74.3460785602,0.0,1.7042722702026367,0.0,0.0,3.0,2.0,negative,73.48035853
73.48035853,0.8126384019851685,0.7055019736289978,0.0,0.0,4.0,0.0,negative,73.12663284
73.12663284,0.0,0.0,0.0,0.7216004133224487,1.0,2.0,positive,73.54675708
73.54675708,0.0,0.7138561010360718,0.8652248978614807,0.0,3.0,1.0,negative,73.17653078
73.17653078,1.4734399914741516,0.0,0.9581228494644164,0.0,1.0,2.0,positive,74.37904472
74.37904472,0.0,0.0,0.8066225647926331,0.0,3.0,1.0,negative,74.28692094
74.28692094,0.7350468039512634,0.7024277448654175,0.0,0.0,2.0,0.0,positive,74.34780952
74.34780952,0.0,0.8024650812149048,0.7414327263832092,0.0,2.0,2.0,positive,75.56860432
75.56860432,0.0,0.7326907515525818,1.4406853914260864,0.0,3.0,1.0,positive,76.32840916
76.32840916,1.5999341011047363,1.7590782642364502,0.7396184206008911,0.0,8.0,2.0,negative,76.29019296
76.29019296,0.821521520614624,2.3393940329551697,0.8454967141151428,0.0,4.0,1.0,negative,76.09568941
76.09568941,0.0,0.0,0.0,0.0,3.0,1.0,positive,76.59739711
76.59739711,0.0,1.7194559574127195,0.0,0.0,3.0,2.0,positive,77.8004409185
77.8004409185,0.7796992659568787,0.8159780502319336,0.0,0.0,2.0,0.0,positive,77.98936163
77.98936163,0.0,0.9520673155784608,0.0,0.0,0.0,1.0,positive,78.7515463
78.7515463,0.0,0.7182567715644836,0.0,0.0,1.0,1.0,positive,79.3312088618
79.3312088618,0.0,1.6203437447547913,0.0,0.0,1.0,2.0,negative,78.1749829921
78.1749829921,0.0,0.7258474230766296,0.8873476982116699,0.0,3.0,2.0,positive,79.24233108
79.24233108,0.0,0.0,0.0,0.829963207244873,0.0,4.0,positive,79.50534383
79.50534383,1.751759052276611,0.0,0.0,0.0,4.0,1.0,negative,78.76355622
78.76355622,0.0,1.6465617418289185,0.0,0.0,1.0,0.0,positive,79.75063949
79.75063949,0.7473369240760803,0.9327332973480223,1.799980342388153,0.0,2.0,3.0,positive,81.85124898
81.85124898,2.2411731481552124,1.6402621865272522,1.6224936842918396,0.0,5.0,4.0,negative,81.00969256
81.00969256,1.5540857315063477,0.0,1.4583685994148254,0.8592931628227234,6.0,2.0,positive,81.2297238039
81.2297238039,0.7207456827163696,2.4534485936164856,0.0,0.0,1.0,3.0,positive,82.24817342
82.24817342,0.8816604018211365,0.0,0.0,0.0,0.0,1.0,positive,82.705721
82.705721,0.0,0.0,0.0,0.7083516120910645,3.0,1.0,positive,83.02756727
83.02756727,0.0,0.0,0.0,0.7934806942939758,1.0,0.0,negative,81.91922268
81.91922268,0.0,1.5318495035171509,0.0,0.0,1.0,1.0,negative,78.81353305
78.81353305,0.0,10.28463226556778,0.0,0.0,1.0,2.0,positive,79.17221613
79.17221613,0.8158313632011414,0.0,0.0,0.0,5.0,0.0,positive,81.4460623
81.4460623,0.0,0.8564161062240601,0.717661440372467,0.0,4.0,2.0,negative,81.32356734
81.32356734,0.0,2.2852940559387207,2.238259494304657,1.5565689206123352,6.0,4.0,negative,80.59280357
80.59280357,0.0,0.0,0.920298993587494,0.0,5.0,0.0,positive,81.2376897163
81.2376897163,1.7808266282081604,0.7250757813453674,0.0,0.7550675868988037,5.0,4.0,negative,80.21237742
80.21237742,0.0,0.0,1.652092218399048,0.0,5.0,1.0,positive,80.3755116016
80.3755116016,0.707567572593689,3.3919425010681152,0.0,0.0,1.0,4.0,positive,80.46081738
80.46081738,0.0,7.401541590690613,0.0,1.7456496357917786,2.0,9.0,positive,80.93156182
80.93156182,0.0,0.0,0.8194896578788757,0.0,3.0,1.0,negative,80.50970359
80.50970359,0.7835193872451782,0.0,0.7385159134864807,0.0,2.0,0.0,negative,79.89570222
79.89570222,0.0,0.0,0.0,0.0,2.0,0.0,positive,81.5310954153
81.5310954153,0.0,1.4894989728927612,0.0,0.0,0.0,0.0,positive,81.7630311734
81.7630311734,0.0,0.0,0.0,0.0,0.0,0.0,negative,81.69021178
81.69021178,0.0,0.794647216796875,0.0,0.0,5.0,2.0,negative,81.32776365
81.32776365,0.0,0.0,0.9033359289169312,4.378638982772827,0.0,6.0,positive,81.72048476
81.72048476,0.0,2.2608624696731567,0.7908667325973511,0.0,5.0,3.0,positive,82.4081402
82.4081402,0.0,0.0,0.0,0.7130492925643921,4.0,3.0,positive,82.59962836
82.59962836,0.0,0.7308374047279358,0.7618606686592102,0.0,8.0,2.0,positive,82.99034907
82.99034907,0.8976932168006897,0.7016698718070984,0.9847880601882936,0.0,3.0,5.0,negative,81.81596558
81.81596558,0.0,0.7398405075073242,0.9283438920974731,0.0,3.0,0.0,negative,81.34186583
81.34186583,0.0,0.8857685923576355,0.0,0.0,1.0,1.0,negative,80.7374042526
80.7374042526,0.0,0.0,0.0,0.7982636094093323,1.0,1.0,negative,80.00272218
80.00272218,0.0,0.863084614276886,0.0,0.0,0.0,1.0,positive,81.49631964
81.49631964,0.0,2.239375054836273,0.0,0.0,0.0,1.0,negative,81.015695508
81.015695508,0.0,0.723575234413147,0.0,0.0,0.0,1.0,positive,81.01840332
81.01840332,0.8164103031158447,0.0,0.8312615752220154,0.7241078019142151,1.0,1.0,negative,79.55337497
79.55337497,0.7592605352401733,0.0,0.0,0.0,4.0,0.0,negative,77.07578569
77.07578569,0.8596594929695129,2.555257201194763,0.7682235240936279,0.0,3.0,1.0,negative,76.76113141
76.76113141,0.0,0.0,0.0,0.0,0.0,1.0,positive,77.3872287447
77.3872287447,0.0,0.7427166104316711,0.0,0.0,0.0,0.0,negative,76.5132459
76.5132459,0.0,1.4846802353858948,0.0,0.0,1.0,0.0,positive,78.14464034
78.14464034,0.7278300523757935,1.4707835912704468,0.0,0.7464762330055237,4.0,4.0,positive,79.6512363
79.6512363,0.0,0.0,0.0,0.0,0.0,1.0,negative,78.8788404996
78.8788404996,0.0,0.8354386687278748,0.0,0.0,1.0,3.0,negative,78.86318225
78.86318225,0.8389762043952942,0.0,0.0,1.849679708480835,0.0,2.0,negative,78.64458306
78.64458306,3.131685972213745,0.0,0.0,0.9899384379386902,3.0,1.0,negative,77.9387611718
77.9387611718,0.0,0.0,0.0,0.0,0.0,2.0,negative,77.40970925
77.40970925,0.9665276408195496,0.0,0.8447277545928955,0.7740930914878845,2.0,0.0,negative,74.82921249
74.82921249,0.0,0.0,0.0,0.0,1.0,0.0,negative,71.87442652
71.87442652,0.0,0.0,0.7598360180854797,0.8555117845535278,2.0,7.0,negative,71.84507227
71.84507227,0.0,2.5468347668647766,0.0,4.05830717086792,2.0,4.0,positive,72.070493
72.070493,0.0,3.1058542132377625,0.0,1.69517582654953,2.0,10.0,positive,75.15259112
75.15259112,0.0,1.683970272541046,1.7690224647521973,0.7823060750961304,2.0,3.0,negative,73.17751843
73.17751843,0.0,0.0,0.0,0.0,0.0,1.0,negative,71.32144135
71.32144135,0.0,2.463377356529236,0.0,1.638105869293213,1.0,3.0,positive,71.58598849
71.58598849,0.0,1.4428924322128296,1.4967166185379028,0.0,1.0,2.0,positive,71.80448989
71.80448989,0.0,0.7658650875091553,0.0,0.0,1.0,0.0,negative,71.67256008
71.67256008,0.7835704684257507,7.326742887496948,0.0,0.0,1.0,2.0,negative,70.8120286482
70.8120286482,0.0,8.98356980085373,0.0,0.0,1.0,1.0,negative,70.01315884
70.01315884,2.509353220462799,5.619612812995911,0.0,0.8596305847167969,4.0,5.0,positive,72.81989483
72.81989483,0.0,4.857671439647675,0.0,0.8231697082519531,1.0,2.0,negative,72.51627999
72.51627999,0.0,6.508948504924774,1.7236080765724182,1.4335615038871763,3.0,8.0,negative,72.4955776
72.4955776,1.4714850783348083,5.104361712932587,0.8397867679595947,0.7957620024681091,6.0,2.0,positive,72.66421275
72.66421275,0.0,4.703277409076691,1.5033454895019531,0.8107340931892395,3.0,3.0,positive,73.25130447
73.25130447,1.7003969550132751,1.6047225594520569,4.928051292896271,0.0,12.0,5.0,positive,74.01500579
74.01500579,0.0,1.7458711862564087,2.2757288813591003,0.0,6.0,5.0,positive,74.39354419
74.39354419,0.0,3.2650851011276245,0.0,0.9615244269371032,2.0,2.0,negative,74.177310408
74.177310408,0.0,0.7501370906829834,0.0,0.0,3.0,1.0,positive,74.21056319
74.21056319,0.0,26.50472468137741,0.8206053376197815,0.0,4.0,6.0,negative,72.7296927
72.7296927,0.8181910514831543,6.226343274116516,0.0,0.0,2.0,0.0,positive,73.11914029
73.11914029,0.0,0.9526726007461548,0.8522670865058899,0.0,1.0,0.0,negative,71.52043849
71.52043849,0.0,2.405870199203491,1.766457200050354,0.7827636003494263,5.0,6.0,positive,73.76863777
73.76863777,0.0,2.450421154499054,4.1104684472084045,0.0,8.0,2.0,positive,74.9132460387
74.9132460387,0.727717936038971,2.558476984500885,0.0,0.0,5.0,2.0,positive,76.95477459
76.95477459,0.7012542486190796,1.6234108805656433,1.6901720762252808,0.0,2.0,1.0,negative,76.72107427
76.72107427,0.0,1.536850392818451,0.0,0.0,2.0,1.0,positive,77.03518149
77.03518149,0.0,0.8351333737373352,0.0,0.0,0.0,1.0,negative,76.67841378
76.67841378,0.0,5.890349566936493,0.0,0.7737054228782654,3.0,8.0,positive,77.61334746
77.61334746,0.0,0.9059520363807678,0.0,0.0,3.0,2.0,negative,77.38215146
77.38215146,0.0,1.5750586986541748,0.7710333466529846,0.0,1.0,2.0,negative,76.680361365
76.680361365,0.7239046096801758,0.0,0.0,0.0,2.0,0.0,positive,77.1496178087
77.1496178087,0.0,2.5746397972106934,1.59555321931839,0.0,3.0,3.0,positive,77.5399488908
77.5399488908,0.7749658226966858,6.126144289970398,0.0,0.0,2.0,4.0,negative,76.47477118
76.47477118,0.0,6.1491135358810425,0.0,0.7498512268066406,2.0,3.0,positive,77.2736381966
77.2736381966,0.0,3.243664801120758,0.0,0.70024174451828,1.0,5.0,positive,77.56798846
77.56798846,0.8277614116668701,6.239629149436951,0.0,0.0,1.0,1.0,negative,76.834378
76.834378,0.0,2.479419231414795,0.7442269325256348,0.8965272307395935,6.0,4.0,negative,71.96204047
71.96204047,0.0,4.686808228492737,0.0,0.0,3.0,3.0,negative,71.13594006
71.13594006,1.7275633215904236,0.8351333737373352,0.0,0.0,3.0,3.0,positive,71.64096335
71.64096335,0.0,1.541987419128418,0.7948688864707947,0.0,1.0,1.0,negative,71.12553968
71.12553968,0.7029445767402649,0.9415080547332764,0.0,0.0,4.0,1.0,negative,70.57652431
70.57652431,0.0,8.569866359233856,0.0,0.0,2.0,8.0,positive,70.9732695017
70.9732695017,0.9243388772010804,2.229677736759186,0.9899272322654724,0.0,1.0,0.0,negative,70.50708687
70.50708687,0.7292898893356323,0.0,0.0,0.9092997908592224,4.0,1.0,negative,69.36094103
69.36094103,0.0,0.7638315558433533,0.0,0.0,1.0,1.0,positive,69.46267455
69.46267455,0.0,0.0,0.0,0.0,1.0,0.0,negative,69.43404311
69.43404311,0.0,1.6074970364570618,0.0,0.0,1.0,1.0,negative,68.57564108
68.57564108,0.0,0.0,0.0,0.0,0.0,0.0,negative,68.35028018
68.35028018,0.0,0.8480996489524841,0.0,0.0,0.0,1.0,positive,69.0876430326
69.0876430326,0.0,0.8168737888336182,0.0,0.0,0.0,0.0,positive,69.62484632
69.62484632,0.0,0.8351333737373352,0.0,0.0,1.0,2.0,positive,71.49153633
71.49153633,0.0,0.8729355931282043,1.466132640838623,0.0,4.0,1.0,positive,71.91190569
71.91190569,0.0,0.7620589733123779,0.0,0.0,0.0,1.0,negative,71.84332523
71.84332523,0.0,0.7149197459220886,0.8237175941467285,0.0,1.0,0.0,positive,71.85613154
71.85613154,0.0,0.7435930967330933,0.0,0.0,0.0,2.0,positive,71.94044793
71.94044793,0.0,0.0,0.0,0.0,1.0,0.0,negative,71.85456821
71.85456821,0.0,0.8229348063468933,0.0,0.0,2.0,0.0,positive,73.33567812
73.33567812,0.7978305816650391,0.0,0.0,0.0,1.0,1.0,positive,73.6543409097
73.6543409097,0.0,1.5523170232772827,0.0,0.8026599884033203,1.0,6.0,negative,73.6272741
73.6272741,0.0,0.0,0.0,0.802473783493042,1.0,1.0,negative,72.9709106
72.9709106,0.0,0.7759574055671692,0.7382540106773376,0.0,4.0,2.0,negative,72.9419213407
72.9419213407,0.7177042961120605,0.0,0.0,0.0,1.0,0.0,positive,73.4858627398
73.4858627398,0.0,0.0,0.0,0.0,1.0,0.0,negative,73.23280651
73.23280651,0.0,0.7434724569320679,0.8138996362686157,0.0,3.0,2.0,positive,74.62527047
74.62527047,0.0,0.800988495349884,0.0,0.0,0.0,0.0,negative,74.15151941
74.15151941,0.0,0.0,0.0,0.7972359657287598,1.0,1.0,negative,74.06958813
74.06958813,0.0,0.0,0.0,0.0,0.0,0.0,positive,74.2614723
74.2614723,0.0,0.0,1.6744775772094729,0.9181121587753296,2.0,1.0,positive,74.65737139
74.65737139,0.0,0.8193963170051575,0.8256091475486755,0.0,3.0,2.0,positive,76.10072705
76.10072705,0.963943362236023,0.0,1.650291621685028,0.0,6.0,0.0,negative,75.81538033
75.81538033,0.0,1.596224069595337,0.0,0.0,1.0,4.0,negative,75.60050338
75.60050338,0.0,0.0,0.870764434337616,0.0,2.0,0.0,negative,75.57452836
75.57452836,0.7447038888931274,1.554829716682434,0.9850146174430848,0.0,3.0,2.0,negative,75.49002451
75.49002451,0.0,2.290768563747406,0.7725826501846313,0.0,3.0,1.0,negative,75.1330769
75.1330769,0.0,0.0,0.0,0.0,0.0,0.0,negative,75.11845852
75.11845852,0.8082891702651978,0.0,0.8737618327140808,0.0,4.0,0.0,positive,75.76491050999999
75.76491050999999,0.0,0.0,0.0,0.0,0.0,0.0,positive,77.35721681
77.35721681,0.7901730537414551,0.0,0.0,0.0,3.0,0.0,positive,78.39220711
78.39220711,0.0,0.0,0.8703410029411316,0.7315385341644287,2.0,0.0,positive,78.4614573
78.4614573,0.8099605441093445,0.7131012678146362,0.0,0.0,3.0,1.0,negative,78.23357708
78.23357708,0.0,0.8659749627113342,0.0,0.0,2.0,0.0,positive,79.0848463
79.0848463,0.0,0.7129775285720825,0.0,1.826301097869873,0.0,3.0,negative,78.52271555
78.52271555,0.0,0.7679235935211182,0.0,0.0,0.0,0.0,positive,78.93637541
78.93637541,0.0,0.7896341681480408,0.0,0.0,0.0,2.0,negative,78.53897112
78.53897112,0.8274872303009033,0.7763970494270325,1.7866774201393127,0.0,1.0,2.0,positive,78.70310822
78.70310822,0.7170127034187317,0.8413228988647461,0.8803408145904541,0.0,2.0,0.0,positive,79.5595153544
79.5595153544,0.7840802669525146,2.448390066623688,1.845567226409912,0.0,2.0,2.0,negative,78.51332252
78.51332252,0.0,1.5830023884773254,0.0,0.0,1.0,1.0,negative,76.98986453
76.98986453,0.0,0.0,0.0,0.0,2.0,0.0,negative,76.80672047
76.80672047,0.0,0.0,0.0,0.0,1.0,1.0,negative,75.86526949
75.86526949,0.0,0.0,0.0,0.0,1.0,14.0,negative,75.68413418
75.68413418,3.246388912200928,0.0,0.7814379930496216,0.0,0.0,0.0,positive,77.01129911
77.01129911,1.46171635389328,0.7223107814788818,0.0,0.0,6.0,5.0,negative,76.3639687363
76.3639687363,1.7169479131698608,0.0,0.0,0.0,6.0,1.0,negative,75.06882409
75.06882409,0.734508752822876,0.0,0.8234283328056335,0.0,3.0,1.0,negative,73.39258561
73.39258561,0.0,0.8565106391906738,0.9355373978614808,0.0,0.0,1.0,positive,74.37059047
74.37059047,1.6092898845672607,0.0,0.0,0.0,5.0,0.0,negative,73.9938842
73.9938842,2.2444470524787903,0.7547839283943176,0.0,0.0,2.0,1.0,positive,75.53561999
75.53561999,0.0,0.8351333737373352,0.0,0.7731181383132935,3.0,2.0,negative,74.64543913
74.64543913,0.0,0.0,0.911915361881256,0.0,1.0,0.0,negative,74.58758751
74.58758751,0.0,0.7065419554710388,0.0,0.0,0.0,0.0,negative,73.49185713
73.49185713,0.0,0.8447325825691223,0.0,0.0,0.0,2.0,positive,73.98804472
73.98804472,0.0,3.182833254337311,0.0,0.0,0.0,2.0,positive,74.15573036
74.15573036,0.0,1.684370458126068,0.0,0.0,0.0,3.0,positive,74.47461764
74.47461764,0.0,0.0,0.0,0.0,4.0,0.0,negative,74.47406144
74.47406144,0.0,0.7096313238143921,0.0,0.0,1.0,0.0,negative,72.25086715
72.25086715,0.0,0.7084139585494995,0.8957890272140503,0.0,1.0,2.0,negative,70.66360126
70.66360126,0.0,0.0,0.717694878578186,0.0,2.0,0.0,positive,70.70867034
70.70867034,0.0,0.862313985824585,0.8700187802314758,0.0,4.0,0.0,positive,71.2398546
71.2398546,0.0,2.1588078141212463,0.0,0.0,2.0,3.0,negative,71.18024523
71.18024523,0.0,1.5656010508537292,0.0,0.0,1.0,2.0,negative,69.30651554
69.30651554,0.0,0.0,0.0,0.7006509304046631,1.0,2.0,negative,68.77144247
68.77144247,0.0,0.0,0.0,0.8155144453048706,2.0,1.0,positive,69.29564748
69.29564748,0.8168782591819763,0.0,1.4667575359344482,0.0,2.0,0.0,negative,68.51083858
68.51083858,0.0,1.783715009689331,0.0,0.0,0.0,0.0,negative,66.2733425672
66.2733425672,0.0,0.0,0.0,0.0,2.0,0.0,negative,66.0473061
66.0473061,0.0,0.0,0.0,0.0,0.0,0.0,negative,65.7710394634
65.7710394634,0.0,1.5683339834213257,0.0,1.6258032321929932,1.0,5.0,negative,63.3910523418
63.3910523418,0.7282385230064392,3.923502266407013,1.6570744514465332,0.0,2.0,0.0,negative,59.38590422
59.38590422,0.0,0.0,0.7202313542366028,0.7484405636787415,5.0,0.0,positive,62.3660725
62.3660725,1.50320702791214,0.0,2.998372435569763,0.8953253030776978,8.0,0.0,negative,60.91484103
60.91484103,0.0,0.0,0.7026436924934387,0.0,2.0,0.0,positive,61.01430861
61.01430861,0.0,0.8351333737373352,0.0,0.0,3.0,1.0,negative,60.2214546
60.2214546,0.7285106778144836,0.0,0.8411072492599487,0.0,3.0,1.0,negative,60.05978937
60.05978937,0.0,2.184076607227325,0.7009140849113464,0.0,1.0,6.0,positive,61.00561816
61.00561816,0.8851240873336792,1.479185938835144,0.8095002174377441,0.0,1.0,1.0,positive,61.26613515
61.26613515,0.0,0.0,0.0,0.0,1.0,1.0,negative,61.2209179868
61.2209179868,0.0,3.3625059723854065,0.0,0.999881148338318,0.0,4.0,negative,61.11066788
61.11066788,0.7749412655830383,1.5847153067588806,0.7305478453636169,0.0,1.0,1.0,positive,62.09036738
62.09036738,0.8976932168006897,0.0,1.429328739643097,0.0,3.0,1.0,positive,62.52034852
62.52034852,0.0,0.0,2.409909725189209,1.5379162430763245,5.0,2.0,positive,64.25518339
64.25518339,0.0,1.4536336660385132,0.0,0.0,3.0,2.0,negative,63.4380273966
63.4380273966,0.0,0.8262959718704224,0.9166242480278016,0.720173716545105,4.0,1.0,negative,61.32324767
61.32324767,0.0,0.0,0.8056718707084656,0.0,0.0,0.0,positive,61.50788573
61.50788573,0.7583741545677185,1.5945285558700562,0.0,0.0,2.0,0.0,positive,63.09572903
63.09572903,0.7329409718513489,0.0,0.0,0.0,1.0,0.0,negative,62.2159842724
62.2159842724,0.0,0.0,0.0,0.8346477746963501,2.0,0.0,negative,61.71039401
61.71039401,0.0,0.0,0.0,0.0,2.0,0.0,negative,60.29829063
60.29829063,0.0,0.7164571285247803,0.0,0.0,0.0,1.0,negative,58.8733703982
58.8733703982,0.0,0.0,0.0,0.0,1.0,1.0,negative,58.78147355
58.78147355,0.0,0.8212034702301025,0.8827513456344604,0.0,0.0,1.0,positive,59.39751062
59.39751062,0.0,0.8085775375366211,0.7244768738746643,0.0,5.0,0.0,positive,60.15716241
60.15716241,0.0,3.195889174938202,0.0,0.0,0.0,4.0,negative,58.91291817
58.91291817,0.0,1.6419166326522827,0.7768022418022156,0.0,2.0,0.0,negative,58.33691287
58.33691287,0.0,0.0,0.9145323634147644,0.0,1.0,0.0,positive,59.74226916
59.74226916,2.334730088710785,3.234847664833069,1.7506821155548096,0.999595582485199,10.0,1.0,positive,59.76395738
59.76395738,0.0,3.303165555000305,0.7630370259284973,0.980253040790558,3.0,4.0,positive,60.40382645
60.40382645,0.0,0.0,0.0,0.0,1.0,0.0,negative,60.12463257
60.12463257,0.0,0.718695342540741,0.0,0.0,1.0,2.0,positive,61.14522409
61.14522409,0.0,1.7377778887748718,0.8337382078170776,0.0,0.0,0.0,negative,60.63079387
60.63079387,0.0,0.0,0.0,0.7280969023704529,1.0,1.0,negative,59.58141226
59.58141226,0.0,0.0,0.8501245379447937,0.0,0.0,0.0,positive,59.73871345
59.73871345,0.0,1.4867016077041626,0.0,0.0,0.0,1.0,negative,59.24823074
59.24823074,0.0,0.7014343738555908,0.0,0.0,1.0,1.0,negative,58.97047993
58.97047993,0.0,0.762174665927887,0.0,0.0,0.0,0.0,positive,59.25156294
59.25156294,0.0,0.70448237657547,0.0,0.0,0.0,0.0,positive,59.686747167
59.686747167,0.7530317306518555,1.53090900182724,0.0,0.0,1.0,1.0,negative,58.8396533092
58.8396533092,0.0,1.4821041822433472,0.7792274951934814,0.0,0.0,2.0,negative,58.54326356
58.54326356,0.0,0.0,0.0,0.0,0.0,1.0,positive,59.70155861
59.70155861,0.0,0.0,0.0,0.7419277429580688,0.0,3.0,negative,59.68502329
59.68502329,0.8101147413253784,0.9189738035202026,0.0,0.0,2.0,2.0,negative,59.30994261
59.30994261,0.0,0.0,0.0,0.0,0.0,0.0,negative,58.78876705
58.78876705,0.0,0.7161486148834229,0.0,0.0,1.0,2.0,negative,58.72827248
58.72827248,0.0,0.0,0.0,0.0,1.0,1.0,positive,59.517282831
59.517282831,0.0,0.0,0.0,0.0,0.0,0.0,negative,59.2983053
59.2983053,0.0,0.0,0.0,0.0,1.0,0.0,negative,58.69660177
58.69660177,0.0,0.0,0.0,0.0,1.0,0.0,negative,57.60794426
57.60794426,0.0,0.0,0.7748857736587524,0.0,1.0,4.0,positive,57.60801281
57.60801281,0.0,0.0,0.7756122946739197,0.0,2.0,0.0,negative,56.9252165196
56.9252165196,0.717877984046936,0.8351333737373352,0.9208972454071044,0.0,2.0,1.0,positive,57.95668772
57.95668772,0.0,0.0,0.0,0.0,0.0,1.0,positive,57.97095091
57.97095091,0.0,1.6286890506744385,0.0,0.0,1.0,3.0,negative,57.9614058946
57.9614058946,1.5261367559432983,0.0,0.0,0.0,2.0,0.0,positive,58.3770673925
58.3770673925,0.0,0.0,0.0,0.0,0.0,1.0,positive,58.4921652105
58.4921652105,0.0,0.0,0.8386365175247192,0.0,0.0,0.0,positive,59.64508753
59.64508753,0.7566593885421753,0.7817491292953491,0.0,0.0,1.0,1.0,positive,59.77215169
59.77215169,0.0,0.7349157929420471,0.0,0.0,0.0,0.0,positive,60.3310488
60.3310488,0.7516665458679199,1.7661995887756348,0.0,0.0,2.0,0.0,positive,60.43077781
60.43077781,0.0,1.7322837114334106,0.0,0.0,1.0,1.0,positive,61.4404817102
61.4404817102,0.0,0.0,0.0,0.0,0.0,0.0,positive,61.50223222
61.50223222,0.0,0.8733659982681274,0.0,0.0,3.0,0.0,positive,61.5844407459
61.5844407459,0.0,0.7775522470474243,0.0,0.0,3.0,2.0,negative,60.99555
60.99555,0.8833431005477905,0.8351333737373352,0.0,0.0,1.0,1.0,negative,60.4363335
60.4363335,1.8260987401008608,0.0,0.0,0.0,2.0,0.0,positive,61.0798552
61.0798552,0.7297655344009399,1.5728702545166016,0.0,0.0,2.0,2.0,positive,61.12018619
61.12018619,0.0,4.081920742988586,0.0,0.0,1.0,0.0,negative,60.57235576
60.57235576,0.8772988319396973,0.0,0.0,0.0,1.0,0.0,positive,61.20934107
61.20934107,0.7231967449188232,0.78584885597229,0.0,0.0,2.0,1.0,positive,62.18080166
62.18080166,0.8233412504196167,0.0,0.0,0.0,1.0,1.0,negative,61.13163456
61.13163456,0.7557451725006104,1.7229049801826477,0.0,0.0,1.0,0.0,negative,60.78542516
60.78542516,0.0,0.7296766638755798,0.8123422265052795,0.0,1.0,1.0,negative,60.25266336
60.25266336,0.0,0.0,0.0,0.0,1.0,0.0,positive,61.10598355
61.10598355,0.0,0.0,0.0,0.0,0.0,0.0,negative,60.81677203
60.81677203,0.0,0.0,0.7428728342056274,0.0,1.0,0.0,positive,61.14447561
61.14447561,0.0,0.8351333737373352,2.555113136768341,0.0,1.0,1.0,negative,61.1282335
61.1282335,0.0,0.0,0.0,0.0,1.0,1.0,positive,61.28499254
61.28499254,0.0,5.565341413021088,0.0,0.9318739175796508,1.0,2.0,negative,61.19624419
61.19624419,0.7502983808517456,0.0,0.0,0.0,2.0,0.0,negative,60.8357919585
60.8357919585,0.7186567783355713,1.6915175914764404,0.0,0.7181545495986938,1.0,4.0,negative,60.7360254936
60.7360254936,0.7444882392883301,0.0,0.0,0.0,2.0,0.0,negative,60.15984568
60.15984568,0.0,0.0,0.0,0.0,3.0,0.0,positive,60.57279023
60.57279023,0.0,1.5942953824996948,0.0,0.0,1.0,0.0,negative,59.80373515
59.80373515,1.8091990947723389,0.0,0.7192361950874329,0.745919942855835,4.0,1.0,positive,60.00744987
60.00744987,0.7876325845718384,0.7037624716758728,0.0,0.0,0.0,0.0,positive,60.06170202
60.06170202,0.7639663219451904,0.0,0.0,0.0,2.0,0.0,positive,60.12959167
60.12959167,0.0,0.0,0.0,0.0,1.0,0.0,positive,60.38241897
60.38241897,0.8275270462036133,0.7091701626777649,0.0,0.0,1.0,1.0,positive,60.81002235
60.81002235,0.0,0.0,0.0,0.0,0.0,0.0,positive,60.81276777
60.81276777,0.0,0.0,0.0,0.0,1.0,0.0,positive,61.5142566285
61.5142566285,0.0,1.6163615584373474,0.7671437859535217,0.0,2.0,2.0,negative,61.19494305
61.19494305,0.8149902820587158,4.118395686149597,0.8302655816078186,0.0,1.0,5.0,positive,61.81202831
61.81202831,1.4335854649543762,0.0,0.0,0.8374825716018677,5.0,0.0,positive,62.56054585
62.56054585,0.728223979473114,2.2771400809288025,0.0,0.0,3.0,1.0,negative,62.5224461573
62.5224461573,0.0,0.0,0.9062303900718688,0.0,3.0,0.0,negative,62.33873196
62.33873196,0.0,0.0,0.8340342044830322,0.0,1.0,1.0,positive,62.86941729
62.86941729,0.0,0.0,0.0,0.7072404623031616,7.0,2.0,negative,62.3654583519
62.3654583519,0.0,1.690866231918335,0.0,0.0,2.0,0.0,negative,62.34053857
62.34053857,0.9474982023239136,2.611770868301392,0.0,0.0,1.0,2.0,negative,62.04545979
62.04545979,0.0,0.0,0.0,0.0,0.0,0.0,negative,61.67406063
61.67406063,0.0,0.0,0.0,0.0,1.0,0.0,negative,61.58168703
61.58168703,0.0,0.0,0.0,0.9229142069816588,0.0,1.0,positive,62.54779073
62.54779073,0.0,0.0,0.0,0.0,0.0,0.0,negative,62.419098412
62.419098412,0.0,0.0,0.0,0.0,2.0,0.0,positive,62.82576661
62.82576661,0.0,0.7475935816764832,0.0,0.0,1.0,0.0,positive,63.77326393
63.77326393,0.0,0.0,0.0,0.0,0.0,1.0,negative,62.60449777
62.60449777,0.0,0.0,0.0,0.0,1.0,1.0,negative,62.24176709
62.24176709,0.0,0.0,0.0,0.0,0.0,0.0,positive,62.45065608
62.45065608,0.861054539680481,1.5593708157539368,0.0,0.0,2.0,2.0,positive,62.47365172
62.47365172,0.0,0.0,0.0,0.0,0.0,0.0,positive,62.76093544
62.76093544,0.0,0.0,0.0,0.0,1.0,0.0,positive,63.02560065
63.02560065,1.596943736076355,0.0,0.7094411253929138,0.0,3.0,0.0,negative,62.74308459
62.74308459,2.4255581498146057,0.8450103998184204,0.0,0.0,2.0,0.0,positive,63.02750094
63.02750094,0.0,1.400437355041504,0.8728827238082886,0.0,1.0,2.0,positive,63.28024023
63.28024023,0.0,0.0,0.0,0.7141878008842468,4.0,1.0,negative,63.24529664
63.24529664,0.0,0.0,0.0,0.0,2.0,0.0,positive,63.68540123
63.68540123,0.0,1.642406940460205,0.0,0.0,0.0,2.0,negative,63.31861543
63.31861543,0.0,0.0,0.0,0.0,0.0,0.0,negative,62.68764833
62.68764833,0.0,4.001764416694641,0.0,0.0,0.0,0.0,positive,62.86989747
62.86989747,0.0,0.8199055194854736,0.0,0.0,0.0,0.0,negative,61.276591
61.276591,0.0,0.0,0.0,0.0,1.0,0.0,negative,60.78059642
60.78059642,0.0,0.0,0.0,0.7389731407165527,1.0,1.0,positive,60.8087319094
60.8087319094,0.0,0.707813560962677,0.0,0.0,1.0,0.0,negative,60.54630926
60.54630926,0.0,0.0,1.8121755123138428,0.0,1.0,0.0,negative,59.28997494
59.28997494,0.0,0.0,0.9396503567695618,0.0,0.0,0.0,negative,58.93701501
58.93701501,0.0,1.9030967950820925,0.950539231300354,0.0,0.0,0.0,positive,59.00128416
59.00128416,0.0,0.0,0.0,0.0,0.0,0.0,positive,59.0293954949
59.0293954949,0.0,0.0,0.0,0.0,1.0,0.0,positive,59.1543410239
59.1543410239,0.0,0.0,0.0,0.0,2.0,0.0,positive,59.2897172638
59.2897172638,0.0,0.0,0.0,0.0,2.0,0.0,negative,57.70533804
57.70533804,0.0,0.7183526754379272,0.0,0.0,2.0,1.0,negative,54.7298393022
54.7298393022,0.0,0.0,0.0,0.0,0.0,0.0,negative,54.31339252
54.31339252,0.0,1.6366009712219238,0.0,0.0,1.0,1.0,negative,54.111380102
54.111380102,0.0,0.0,0.9396017789840698,0.939066767692566,1.0,1.0,negative,52.99377959
52.99377959,0.7602987885475159,0.0,0.0,0.795702338218689,1.0,4.0,negative,51.72860078
51.72860078,0.0,0.8559761047363281,0.0,0.0,1.0,2.0,positive,52.17378098
52.17378098,0.0,0.772746205329895,0.0,0.0,0.0,0.0,negative,51.07491252
51.07491252,0.738477349281311,0.8066176772117615,0.0,0.0,2.0,0.0,negative,49.9368183
49.9368183,0.0,0.0,0.0,0.0,1.0,0.0,positive,50.42082461
50.42082461,0.9148688316345216,0.0,0.0,0.0,2.0,0.0,negative,50.37596809
50.37596809,0.0,0.0,0.0,0.0,0.0,0.0,negative,49.58271417
49.58271417,0.0,1.5171762704849243,0.0,0.0,1.0,1.0,negative,49.22652569
49.22652569,0.8624468445777893,1.5626962780952454,0.0,0.0,1.0,0.0,negative,48.3341296706
48.3341296706,0.8660155534744263,1.642406940460205,0.0,0.0,5.0,2.0,negative,48.19314314
48.19314314,0.0,1.5946831703186035,0.0,0.0,0.0,0.0,positive,48.96816436
48.96816436,0.0,0.7364569902420044,0.740344226360321,0.0,2.0,1.0,negative,48.7812892055
48.7812892055,0.0,0.0,0.8612269163131714,0.8203191161155701,2.0,0.0,positive,50.16814728
50.16814728,0.0,1.6586893200874329,0.0,0.0,2.0,2.0,negative,50.08998107
50.08998107,0.0,0.0,0.0,0.0,1.0,2.0,positive,50.18767515
50.18767515,0.0,0.0,0.0,0.0,1.0,1.0,positive,50.35574195
50.35574195,0.0,1.6486303210258484,0.0,0.0,1.0,3.0,negative,49.44914718
49.44914718,0.0,0.0,0.0,0.0,0.0,0.0,positive,49.57234811
49.57234811,0.0,0.0,0.0,0.0,0.0,0.0,positive,50.67082648
50.67082648,0.0,0.0,0.0,0.0,3.0,0.0,positive,51.00921493
51.00921493,1.6544837951660156,1.77437424659729,0.0,0.0,1.0,2.0,negative,49.6665924048
49.6665924048,0.0,1.4387469291687012,0.0,0.0,0.0,1.0,positive,49.97353145
49.97353145,0.0,0.0,1.6434091329574585,0.0,2.0,0.0,positive,50.43155053
50.43155053,0.0,0.0,0.7442721724510193,0.0,1.0,0.0,negative,50.25418077
50.25418077,0.0,0.0,1.621195137500763,0.0,1.0,2.0,positive,50.25638895
50.25638895,0.8774130344390869,0.0,0.0,0.0,3.0,0.0,positive,50.48575814
50.48575814,0.0,0.8559761047363281,0.0,0.0,0.0,2.0,negative,50.2919253101
50.2919253101,0.0,0.8656097650527954,0.0,0.0,0.0,0.0,negative,50.1863404
50.1863404,0.0,0.0,0.0,0.0,0.0,0.0,negative,49.50558436
49.50558436,0.0,0.0,0.0,0.0,0.0,1.0,negative,49.22708573
49.22708573,0.0,0.0,0.0,0.0,1.0,0.0,negative,48.55486161
48.55486161,0.0,0.0,0.0,0.0,1.0,0.0,positive,48.5771643
48.5771643,0.0,0.0,0.7271984815597534,0.0,2.0,0.0,negative,47.77868852
47.77868852,0.7000102400779724,0.7014343738555908,0.0,0.0,3.0,0.0,negative,47.1050742253
47.1050742253,0.9090801477432252,0.0,0.0,0.0,2.0,0.0,positive,47.72128274
47.72128274,0.0,0.0,0.0,0.0,1.0,1.0,positive,48.01150591
48.01150591,0.0,1.6601698994636536,0.8457551598548889,0.0,3.0,0.0,positive,48.46378534
48.46378534,0.0,1.6226062178611755,0.0,0.0,2.0,2.0,negative,47.05398615
47.05398615,0.0,0.7971419095993042,0.7753942012786865,0.0,0.0,1.0,negative,46.23925137
46.23925137,0.0,0.0,0.0,0.0,0.0,0.0,negative,45.74993797
45.74993797,0.0,0.0,0.0,0.0,1.0,1.0,negative,44.23472081
44.23472081,0.0,0.7046707272529602,0.0,0.0,0.0,2.0,negative,42.79728006
42.79728006,0.0,0.0,0.7054684162139893,0.0,0.0,0.0,negative,33.82701132
33.82701132,0.0,1.6658853888511658,0.0,0.0,2.0,1.0,negative,32.0524768799
32.0524768799,0.8664620518684387,4.675444304943085,0.0,0.0,0.0,4.0,positive,35.09322493
35.09322493,0.0,1.4859501123428345,0.0,0.0,3.0,2.0,positive,35.99103657
35.99103657,0.0,0.7447820901870728,0.9051875472068788,0.0,1.0,2.0,negative,35.1263258443
35.1263258443,0.0,0.0,0.7096899747848511,0.0,1.0,2.0,negative,33.1485024548
33.1485024548,0.0,0.0,0.0,0.0,3.0,0.0,negative,31.004512577
31.004512577,0.0,0.0,0.7153922319412231,0.0,2.0,1.0,negative,27.5921772
27.5921772,0.8209457993507385,0.0,2.7312347292900085,0.925666332244873,7.0,1.0,positive,32.11653737
32.11653737,1.5966344475746157,1.6463306546211245,0.754371166229248,0.0,8.0,1.0,negative,31.45202244
31.45202244,0.0,0.0,0.0,0.0,4.0,0.0,positive,33.60908348
33.60908348,0.0,0.0,0.0,0.917320191860199,2.0,2.0,positive,35.91900362
35.91900362,0.0,0.7128154635429382,0.751917839050293,0.0,1.0,1.0,negative,34.16255895
34.16255895,1.492971897125244,0.0,0.0,0.0,4.0,1.0,positive,37.57849515
37.57849515,0.7868054509162903,0.0,1.8505553603172304,0.710243284702301,4.0,4.0,negative,34.02894251
34.02894251,0.0,0.0,0.0,0.7058238983154297,5.0,1.0,positive,35.21057364
35.21057364,2.6111865639686584,0.0,2.379697263240814,1.5374132990837095,7.0,3.0,positive,36.1618013264
36.1618013264,0.0,1.698362112045288,0.7891754508018494,0.0,4.0,2.0,positive,36.51146592
36.51146592,1.7519953846931458,1.568498194217682,0.0,0.0,2.0,1.0,positive,37.43795474
37.43795474,0.0,0.8270995020866394,0.0,0.0,0.0,1.0,negative,37.047014
37.047014,0.0,0.0,0.0,0.0,2.0,0.0,positive,37.39263984
37.39263984,0.0,0.8271565437316895,0.0,0.0,0.0,1.0,negative,36.24406503
36.24406503,0.0,0.8472158908843994,0.0,0.0,0.0,0.0,negative,36.20106297
36.20106297,0.7074152231216431,0.0,0.0,0.0,1.0,0.0,negative,34.71836688
34.71836688,0.0,0.0,0.0,0.0,1.0,0.0,positive,36.19801501
36.19801501,0.7467532753944397,0.8203051686286926,0.0,0.0,3.0,1.0,negative,35.0821824276
35.0821824276,0.0,0.0,0.0,0.0,0.0,0.0,positive,35.34610166
35.34610166,0.8285989761352539,0.0,1.5764793157577517,0.0,4.0,0.0,positive,35.69933693
35.69933693,0.0,0.7076697945594788,0.0,0.0,1.0,1.0,positive,35.877589968
35.877589968,0.8070474863052368,0.0,0.0,0.0,3.0,0.0,negative,35.43052668
35.43052668,0.0,0.0,0.0,0.0,1.0,0.0,negative,34.39658647
34.39658647,1.5961668491363523,0.0,0.0,0.0,1.0,1.0,negative,34.28977277
34.28977277,0.0,0.0,0.9348498582839966,0.0,4.0,0.0,positive,34.5329849836
34.5329849836,0.0,0.7109645009040833,0.7363892793655396,0.0,1.0,1.0,positive,35.2003448
35.2003448,0.0,0.0,0.0,0.0,1.0,0.0,positive,35.33738878
35.33738878,0.0,0.0,0.9773710370063782,0.0,2.0,0.0,negative,35.33508206
35.33508206,1.7995533347129822,0.0,0.0,0.0,2.0,0.0,positive,36.18352211
36.18352211,0.0,0.0,0.0,0.0,1.0,1.0,negative,36.05776985
36.05776985,0.0,0.0,0.0,0.0,1.0,1.0,negative,35.94616564
35.94616564,0.9186201095581056,3.942427694797516,0.0,0.0,1.0,7.0,negative,35.882739282
35.882739282,0.0,0.7570704817771912,0.0,0.0,1.0,1.0,positive,36.10643276
36.10643276,0.9507579803466796,0.0,0.0,0.0,1.0,0.0,positive,37.8223380216
37.8223380216,0.8337035775184631,0.8755689263343811,0.0,0.0,3.0,1.0,negative,36.43709163
36.43709163,0.0,1.5817792415618896,0.0,0.0,2.0,1.0,negative,35.85029948
35.85029948,0.0,0.0,0.0,0.0,2.0,0.0,negative,35.76958808
35.76958808,0.0,0.0,0.0,0.0,0.0,0.0,negative,34.56224072
34.56224072,0.0,0.0,0.0,0.0,4.0,1.0,negative,32.3705167614
32.3705167614,0.0,0.7081677913665771,0.0,0.0,2.0,1.0,negative,31.76269836
31.76269836,0.0,1.6543258428573608,0.7624050974845886,0.0,3.0,2.0,negative,31.0931733299
31.0931733299,0.0,0.0,0.9207717776298524,0.0,0.0,2.0,positive,31.94383632
31.94383632,0.0,0.8095564246177673,0.0,0.7399976849555969,0.0,2.0,positive,33.0639173563
33.0639173563,0.0,1.6271979808807373,0.0,0.0,0.0,1.0,negative,33.03412871
33.03412871,0.0,0.0,0.7577409148216248,0.0,2.0,0.0,negative,32.6074446593
32.6074446593,0.991115152835846,0.0,0.0,0.0,2.0,0.0,negative,32.55630395
32.55630395,0.0,0.730982780456543,0.0,0.0,4.0,0.0,positive,32.8762152
32.8762152,0.0,0.0,0.0,0.0,2.0,0.0,positive,33.96751499
33.96751499,0.0,0.0,0.0,0.0,0.0,0.0,negative,33.58648222
33.58648222,0.0,0.0,0.8417614102363586,0.0,2.0,1.0,positive,33.99946947
33.99946947,0.0,0.7338750958442688,0.0,0.0,1.0,0.0,positive,35.17142492
35.17142492,0.0,0.0,0.0,0.0,0.0,0.0,negative,34.41641575
34.41641575,0.8197993040084839,0.8659228682518005,0.0,0.0,1.0,0.0,negative,34.17923924
34.17923924,0.0,0.0,0.0,0.0,0.0,1.0,negative,33.71713272
33.71713272,0.0,0.0,0.0,0.0,1.0,0.0,positive,33.9348982343
33.9348982343,0.0,0.9318413138389589,0.0,0.0,2.0,0.0,positive,34.03536051
34.03536051,0.0,0.0,0.0,0.0,1.0,0.0,positive,34.08056113
34.08056113,0.0,0.0,0.0,0.0,0.0,0.0,negative,33.79577516
33.79577516,0.0,0.7255746126174927,0.0,0.0,2.0,1.0,negative,33.56387001
33.56387001,0.0,0.0,0.0,0.0,1.0,0.0,negative,33.48341681
33.48341681,0.0,0.7578569054603577,0.0,0.9536203742027284,0.0,4.0,positive,34.0620985
34.0620985,0.0,0.0,0.0,0.0,1.0,0.0,negative,33.58877013
33.58877013,0.0,0.0,0.0,0.0,0.0,0.0,negative,32.94753826
32.94753826,0.0,0.7285535931587219,0.0,0.0,0.0,0.0,positive,33.38597958
33.38597958,0.0,0.8173429369926453,0.0,0.92479407787323,1.0,1.0,positive,33.4159903
33.4159903,0.0,0.0,0.0,0.0,0.0,2.0,negative,33.37310118
33.37310118,0.0,0.0,0.0,0.0,1.0,2.0,negative,33.3047372896
33.3047372896,0.805468738079071,1.502996802330017,0.0,0.0,0.0,4.0,negative,32.93256809
32.93256809,0.0,0.0,0.0,0.0,0.0,0.0,positive,33.3612399
33.3612399,0.0,3.2002901434898376,0.0,0.0,1.0,4.0,positive,33.54298261
33.54298261,0.0,0.8171391487121582,0.8928901553153992,0.8032256960868835,1.0,1.0,positive,33.68417723
33.68417723,0.0,0.0,0.0,0.0,2.0,0.0,positive,34.14874983
34.14874983,0.0,0.0,0.0,0.0,1.0,0.0,positive,34.20004003
34.20004003,0.0,0.8559761047363281,0.0,0.8707565665245056,0.0,1.0,positive,34.34627985
34.34627985,0.0,0.0,0.0,0.0,2.0,0.0,positive,34.5423720946
34.5423720946,0.0,0.0,0.9141914248466492,0.0,2.0,0.0,positive,35.3891941
35.3891941,0.0,0.8796656131744385,0.0,0.0,0.0,0.0,negative,35.07048357
35.07048357,0.0,0.784915030002594,0.0,0.0,0.0,0.0,positive,36.31991453
36.31991453,0.0,1.7719523310661316,0.0,0.0,0.0,1.0,positive,36.37004678
36.37004678,0.7907832860946655,0.7536941170692444,0.8045268058776855,0.0,4.0,1.0,positive,39.90556774
39.90556774,2.562120497226715,0.0,0.0,0.0,2.0,0.0,negative,38.914709983
38.914709983,0.737130343914032,0.0,0.0,0.0,0.0,0.0,positive,39.7021912741
39.7021912741,0.0,0.7407757639884949,0.0,0.0,2.0,0.0,negative,39.07376593
39.07376593,0.7243467569351196,2.343186974525452,0.0,0.0,5.0,6.0,negative,37.6824730761
37.6824730761,0.7998399138450623,0.0,0.0,0.0,1.0,0.0,negative,37.3710004664
37.3710004664,0.0,0.7371602654457092,0.7125199437141418,0.0,1.0,1.0,positive,38.13808335
38.13808335,0.0,0.0,0.0,0.0,0.0,0.0,positive,39.9445098
39.9445098,0.0,0.0,0.0,0.0,0.0,0.0,positive,42.16710115
42.16710115,0.0,0.0,0.0,0.0,0.0,0.0,negative,41.54366267
41.54366267,0.0,0.8259893655776978,0.0,0.0,1.0,1.0,negative,40.9782909
40.9782909,0.0,0.8258227705955505,0.0,0.0,3.0,1.0,positive,41.20408279
41.20408279,0.0,0.765043318271637,0.0,0.0,1.0,1.0,negative,40.30458616
40.30458616,0.0,0.7252532839775085,0.0,0.0,0.0,2.0,negative,38.49142876
38.49142876,0.0,0.0,0.0,0.0,2.0,0.0,negative,37.92362793
37.92362793,0.0,0.8272460699081421,0.0,0.0,2.0,3.0,positive,38.13195588
38.13195588,0.0,0.0,0.8479903936386108,0.0,2.0,1.0,positive,38.4485680205
38.4485680205,0.7392374277114868,0.0,0.0,0.0,0.0,0.0,positive,38.6192828002
38.6192828002,0.0,0.0,0.0,0.0,2.0,0.0,negative,37.6456591064
37.6456591064,0.0,0.0,0.0,0.0,1.0,2.0,positive,37.90919414
37.90919414,0.7089747190475464,0.0,0.0,0.0,0.0,0.0,negative,37.45438299
37.45438299,0.0,0.0,0.9637243151664734,0.0,1.0,1.0,positive,37.81210792
37.81210792,0.0,0.7832538485527039,0.7817525267601013,0.0,1.0,1.0,positive,38.11364146
38.11364146,0.8761203289031982,0.0,0.0,0.0,2.0,0.0,positive,38.51231417
38.51231417,1.4862323999404907,0.0,2.2919570207595825,0.0,3.0,0.0,negative,37.7483371863
37.7483371863,0.0,0.0,0.0,0.0,5.0,0.0,positive,38.30937196
38.30937196,0.0,1.8000924587249756,0.0,0.0,1.0,0.0,positive,38.67022364
38.67022364,0.0,0.0,1.8081908226013184,0.0,3.0,1.0,negative,38.34232788
38.34232788,0.8962376117706299,0.0,0.9621083736419678,0.0,3.0,0.0,positive,38.81487279
38.81487279,0.0,0.0,0.0,0.0,0.0,0.0,positive,39.04206947
39.04206947,0.0,0.7254270315170288,0.0,0.0,0.0,0.0,positive,39.15456157
39.15456157,0.0,0.0,0.0,0.0,0.0,0.0,negative,39.010673
39.010673,0.0,0.0,0.0,0.0,2.0,0.0,negative,38.82724114
38.82724114,0.0,0.740314781665802,0.0,0.0,1.0,2.0,negative,38.17876609
38.17876609,0.9633791446685792,0.0,0.0,0.0,2.0,0.0,negative,37.5086849
37.5086849,0.0,0.7943087220191956,1.7039852738380432,0.0,5.0,1.0,negative,36.86002717
36.86002717,0.0,1.7160183787345886,0.0,0.0,4.0,3.0,negative,36.47415096
36.47415096,0.8286858797073364,0.0,1.7663032412528992,0.0,2.0,0.0,negative,35.98934187
35.98934187,0.8116570115089417,1.474705696105957,0.0,0.8949800133705139,0.0,5.0,positive,36.28355426
36.28355426,0.0,0.0,0.0,0.0,0.0,2.0,negative,35.62805385
35.62805385,0.0,0.7603381872177124,1.6952881217002869,0.0,3.0,0.0,positive,35.84889394
35.84889394,0.0,0.0,0.0,0.0,1.0,0.0,positive,36.9820558353
36.9820558353,0.0,0.8790773749351501,0.0,0.0,0.0,0.0,negative,36.79269375
36.79269375,0.0,0.84235018491745,0.0,0.0,0.0,1.0,positive,36.843479434
36.843479434,0.0,0.0,0.0,0.0,0.0,1.0,negative,36.1118295
36.1118295,2.5473108291625977,0.0,0.0,0.7952858209609985,2.0,1.0,positive,36.34736958
36.34736958,0.0,0.0,0.0,0.0,2.0,0.0,positive,37.59259125
37.59259125,0.9089595675468444,0.8428305387496948,0.0,0.0,0.0,1.0,positive,37.92186807
37.92186807,0.7326945066452026,0.0,0.0,0.0,3.0,0.0,positive,38.05559794
38.05559794,0.0,0.7796792387962341,1.6406434774398804,0.0,5.0,2.0,positive,38.32471707
38.32471707,0.0,0.0,0.0,0.0,2.0,0.0,negative,38.30490609
38.30490609,0.0,0.7680950164794922,0.0,0.0,0.0,0.0,positive,38.76576717
38.76576717,0.0,0.0,0.0,0.0,3.0,1.0,positive,38.8722993
38.8722993,0.0,0.92356938123703,0.0,0.0,3.0,0.0,negative,38.86410903
38.86410903,0.0,0.0,0.0,0.0,0.0,0.0,negative,38.37900916
38.37900916,0.0,0.0,0.7031498551368713,0.0,1.0,0.0,positive,39.0302728671
39.0302728671,0.0,0.0,0.0,0.0,3.0,0.0,positive,40.18385778
40.18385778,0.0,0.0,0.0,0.0,0.0,0.0,negative,40.11004207
40.11004207,0.0,1.569680094718933,0.0,0.0,2.0,1.0,negative,39.7836038
39.7836038,0.0,0.7549259662628174,0.8382529020309448,0.0,0.0,0.0,negative,39.2888372567
39.2888372567,0.0,1.702961564064026,0.0,0.0,0.0,1.0,positive,39.69938791
39.69938791,0.0,0.7587719559669495,0.0,0.0,0.0,2.0,positive,39.76337278
39.76337278,0.0,0.0,0.0,0.0,0.0,0.0,positive,39.93702066
39.93702066,1.7063799500465393,2.262002646923065,0.7165523767471313,0.8595094084739685,5.0,4.0,positive,40.49064582
40.49064582,0.0,0.0,0.0,0.0,1.0,1.0,negative,40.36860812
40.36860812,0.0,0.8224148750305176,0.0,0.0,1.0,1.0,negative,39.47052418
39.47052418,0.0,3.389168500900269,0.0,0.0,1.0,1.0,positive,40.08507002
40.08507002,0.0,0.8258227705955505,0.0,0.0,1.0,2.0,negative,39.99848872
39.99848872,0.729795515537262,0.7756933569908142,0.0,0.0,3.0,1.0,positive,40.5554391
40.5554391,0.8203722238540649,1.47737318277359,0.0,0.0,0.0,2.0,negative,38.7936908
38.7936908,0.0,0.0,0.0,0.0,0.0,0.0,positive,39.14553156
39.14553156,0.0,2.3687572479248047,0.0,0.0,0.0,4.0,negative,39.01275736
39.01275736,0.0,0.0,0.896892249584198,0.8389866352081299,1.0,1.0,positive,39.18822163
39.18822163,0.0,0.8174530863761902,0.0,0.0,0.0,2.0,negative,39.05813955
39.05813955,0.0,1.592192769050598,0.0,0.0,1.0,2.0,negative,38.5901431
38.5901431,0.0,0.0,0.0,0.0,2.0,1.0,positive,39.15122284
39.15122284,0.8485760688781738,0.0,0.0,0.0,2.0,0.0,positive,39.55565118
39.55565118,0.0,1.52789044380188,0.0,0.0,0.0,3.0,negative,39.51790769
39.51790769,0.0,1.66451895236969,0.8465539216995239,0.0,2.0,2.0,negative,39.31998571
39.31998571,0.0,1.612702250480652,0.0,0.0,0.0,3.0,negative,39.06364602
39.06364602,1.6019128561019895,0.8299586772918701,0.0,0.0,4.0,1.0,positive,39.41303085
39.41303085,0.0,0.8258227705955505,0.0,0.0,3.0,1.0,negative,39.20080739
39.20080739,0.0,1.6266379356384275,0.0,0.0,1.0,3.0,negative,39.12965486
39.12965486,0.7782894372940063,0.879595935344696,0.8759603500366211,0.0,1.0,1.0,negative,39.09487753
39.09487753,0.7755119204521179,0.8356568217277527,0.778479814529419,0.0,1.0,1.0,negative,38.96944051
38.96944051,0.734000563621521,0.7836645245552063,0.7714584469795227,0.0,1.0,0.0,positive,39.1043880837
39.1043880837,0.0,0.0,0.0,0.0,0.0,1.0,positive,39.47329551
39.47329551,0.8938801884651184,0.8326688408851624,0.0,0.0,3.0,1.0,positive,40.160597
40.160597,0.0,0.0,0.0,0.0,0.0,0.0,positive,40.1881883
40.1881883,0.0,0.0,0.0,0.0,1.0,0.0,positive,40.40932438
40.40932438,0.0,0.7606001496315002,0.0,0.0,0.0,1.0,negative,40.24434731
40.24434731,0.0,1.6671621799468994,0.0,0.0,1.0,2.0,positive,40.38484229
40.38484229,0.0,0.0,0.0,0.0,1.0,0.0,negative,40.0700212
40.0700212,0.0,0.0,0.0,0.0,0.0,0.0,negative,39.94849732
39.94849732,0.0,0.8600063323974609,0.0,0.0,0.0,1.0,negative,39.3519938
39.3519938,0.0,1.798071265220642,0.0,0.0,0.0,2.0,positive,39.55843419
39.55843419,0.0,0.0,0.8180708885192871,0.0,1.0,0.0,positive,39.70540687
39.70540687,0.0,0.0,0.0,0.0,1.0,1.0,negative,39.69364196
39.69364196,0.0,1.746904194355011,0.0,0.7306510210037231,3.0,4.0,positive,39.8578899
39.8578899,0.0,0.0,0.0,0.0,0.0,0.0,negative,38.91847576
38.91847576,0.0,1.4854661226272583,0.0,0.0,1.0,0.0,negative,37.55071606
37.55071606,0.0,0.8144890666007996,0.7201201915740967,0.0,0.0,1.0,negative,37.16890034
37.16890034,0.0,0.0,0.9886147379875184,0.0,1.0,0.0,positive,37.63714605
37.63714605,0.0,0.0,0.0,0.0,0.0,0.0,positive,37.77417198
37.77417198,0.0,0.0,0.0,0.0,0.0,0.0,positive,37.95110846
37.95110846,0.0,0.0,0.0,0.0,0.0,0.0,negative,37.84444184
37.84444184,0.0,0.0,0.0,0.0,0.0,0.0,negative,37.75317893
37.75317893,0.0,0.0,0.0,0.0,1.0,0.0,positive,37.89592042
37.89592042,0.0,0.9345441460609436,0.7641291618347168,0.0,0.0,1.0,negative,37.51607225
37.51607225,0.7150322794914246,0.0,0.9192705750465392,0.0,2.0,0.0,positive,38.42668146
38.42668146,0.0,2.204789400100708,0.0,0.0,2.0,2.0,positive,39.06957424
39.06957424,0.0,0.7069781422615051,0.0,0.8902564644813538,1.0,0.0,negative,38.873758
38.873758,0.0,0.0,0.9547761082649232,0.0,2.0,3.0,negative,38.60751359
38.60751359,0.0,0.0,0.0,0.0,1.0,1.0,negative,38.57637763
38.57637763,0.0,1.554680109024048,0.0,0.0,0.0,2.0,negative,38.32999471
38.32999471,0.0,0.0,0.0,0.0,0.0,0.0,positive,38.48219869
38.48219869,0.0,0.0,0.0,0.0,2.0,1.0,negative,38.24330855
38.24330855,0.0,0.0,0.0,0.0,2.0,4.0,positive,38.42384989
38.42384989,0.0,0.0,0.7486984729766846,0.0,0.0,0.0,positive,38.42765921
38.42765921,0.0,0.7510913610458374,0.0,0.7986856698989868,0.0,0.0,positive,38.5009782
38.5009782,0.0,5.802812218666077,0.0,0.0,0.0,16.0,negative,38.35490989
38.35490989,0.0,1.50360369682312,0.0,1.4594520330429075,0.0,6.0,negative,37.51572209
37.51572209,0.0,0.7609027028083801,0.0,0.0,1.0,2.0,negative,37.25686789
37.25686789,0.0,0.738788902759552,0.0,0.0,1.0,3.0,positive,37.33254256
37.33254256,0.0,1.5885955095291138,0.0,0.0,0.0,5.0,positive,37.43258507
37.43258507,0.0,4.855521559715271,0.0,0.0,0.0,7.0,positive,37.62640957
37.62640957,0.0,0.8559761047363281,1.695606768131256,0.0,0.0,1.0,positive,38.01026834
38.01026834,0.9507694840431212,0.0,0.0,0.0,1.0,1.0,positive,38.45966091
38.45966091,0.0,0.0,0.0,0.0,0.0,1.0,positive,38.52060474
38.52060474,0.8298875689506531,0.8717040419578552,0.0,0.0,0.0,3.0,positive,38.9047172
38.9047172,0.0,0.0,0.0,0.0,1.0,0.0,negative,38.71231258
38.71231258,0.8223167657852173,0.0,0.0,0.0,2.0,0.0,positive,38.77191324
38.77191324,0.0,0.0,0.0,0.8171656131744385,1.0,1.0,positive,38.94923389
38.94923389,0.0,0.7579732537269592,0.0,0.0,1.0,0.0,positive,38.97636087
38.97636087,0.0,0.801202654838562,0.0,0.0,0.0,1.0,positive,39.18022654
39.18022654,0.0,2.438093841075897,0.0,0.0,1.0,2.0,negative,39.13828904
39.13828904,0.0,0.8559761047363281,0.0,0.0,2.0,2.0,positive,39.25437835
39.25437835,0.0,0.0,0.0,0.7068952918052673,1.0,1.0,negative,38.95800542
38.95800542,0.0,0.0,0.0,0.0,0.0,0.0,negative,38.8633969
38.8633969,0.0,0.0,0.0,0.0,1.0,0.0,positive,38.90090772
38.90090772,0.8655350208282471,0.0,0.0,0.0,3.0,1.0,positive,38.97373217
38.97373217,0.0,0.7228723168373108,0.0,0.0,0.0,1.0,negative,38.86507954
38.86507954,0.969775140285492,0.0,0.7407920360565186,0.0,3.0,0.0,positive,39.03152853
39.03152853,0.0,0.9107571840286256,0.8675715327262878,0.0,3.0,2.0,positive,39.14348164
39.14348164,0.7040437459945679,0.0,0.0,0.7040615677833557,1.0,2.0,negative,38.83398815
38.83398815,1.661603331565857,0.0,0.0,0.0,4.0,1.0,negative,38.8093437
38.8093437,0.0,0.0,0.0,0.0,0.0,0.0,positive,39.2617837
39.2617837,0.0,0.8088880777359009,0.0,0.0,0.0,1.0,positive,39.29910172
39.29910172,0.0,4.112644672393799,0.0,0.0,0.0,2.0,negative,38.78390345
38.78390345,0.820803701877594,0.0,0.0,0.0,1.0,0.0,positive,38.90007399
38.90007399,0.0,0.0,1.6758295893669128,0.0,1.0,0.0,negative,38.82785306
38.82785306,0.0,0.0,0.7907083034515381,0.0,0.0,1.0,positive,38.86793501
38.86793501,0.0,2.2652468085289,0.0,0.0,1.0,1.0,negative,38.75922155
38.75922155,0.0,0.0,0.0,0.0,1.0,0.0,positive,38.8616111
38.8616111,0.0,0.0,0.0,0.0,1.0,0.0,negative,37.77558211
37.77558211,0.0,0.8666841387748718,0.0,0.0,0.0,0.0,positive,38.06720813
38.06720813,0.922655701637268,0.833103358745575,0.0,0.0,1.0,1.0,negative,37.55487218
37.55487218,1.5536134243011477,0.0,0.0,0.0,4.0,0.0,negative,37.50804978
37.50804978,0.0,0.7048141956329346,0.0,0.0,0.0,1.0,positive,38.2461359
38.2461359,0.7892123460769653,0.0,0.9397428035736084,0.0,2.0,1.0,positive,39.38081279
39.38081279,0.0,0.0,0.0,0.0,1.0,0.0,negative,39.3806266
39.3806266,0.0,0.0,0.0,0.0,2.0,0.0,positive,39.60720779
39.60720779,0.7647553086280823,0.0,0.0,0.0,2.0,0.0,negative,39.419049671
39.419049671,0.0,0.8150266408920288,0.0,0.0,0.0,2.0,positive,39.70188418
39.70188418,0.0,0.0,0.0,0.0,0.0,0.0,positive,39.766170753
39.766170753,0.0,3.229547142982483,0.0,0.7299537062644958,0.0,1.0,positive,39.82141236
39.82141236,0.0,1.7855278253555298,0.0,0.0,0.0,2.0,negative,39.33514678
39.33514678,0.0,1.4663251638412476,0.0,0.0,0.0,3.0,positive,39.90187818
39.90187818,1.6072982549667358,0.8440490365028381,0.0,0.0,2.0,1.0,positive,41.38162179
41.38162179,0.8871437907218933,0.0,2.295082688331604,0.0,2.0,0.0,negative,40.24165922
40.24165922,0.0,0.971017062664032,0.0,0.0,2.0,2.0,negative,40.08654942
40.08654942,0.8496683239936829,0.8945309519767761,1.6199461221694946,0.0,1.0,0.0,negative,39.87416665
39.87416665,0.0,1.5683732628822329,1.624303936958313,0.0,0.0,4.0,positive,40.05100472
40.05100472,0.0,0.0,0.0,0.0,0.0,0.0,positive,40.19418425
40.19418425,1.4944339990615845,0.0,0.9115952253341676,0.0,2.0,0.0,positive,40.26453888
40.26453888,0.0,0.0,0.0,0.0,1.0,0.0,positive,40.66361312
40.66361312,0.8075969219207764,1.5593584775924685,0.8566532135009766,0.0,2.0,2.0,positive,40.83088479
40.83088479,0.0,0.0,0.0,0.0,2.0,0.0,positive,41.04636867
41.04636867,0.0,0.0,0.0,0.0,2.0,0.0,negative,40.73979056
40.73979056,0.0,0.7457452416419983,0.0,0.0,1.0,0.0,negative,40.05788893
40.05788893,0.754643440246582,1.559978425502777,0.8946040272712708,0.0,1.0,3.0,positive,40.36184171
40.36184171,0.0,1.6572381854057312,0.0,0.0,0.0,2.0,positive,40.42993297
40.42993297,0.0,0.812656819820404,0.0,0.0,2.0,2.0,negative,40.36899232
40.36899232,0.0,0.0,0.0,0.0,0.0,0.0,negative,40.35913504
40.35913504,0.0,0.0,0.0,0.0,0.0,0.0,positive,40.53467753
40.53467753,0.7357290983200073,0.0,0.0,0.0,1.0,1.0,negative,40.07741523
40.07741523,0.0,0.0,0.0,0.0,0.0,0.0,positive,40.32298395
40.32298395,0.0,0.0,0.0,0.0,0.0,0.0,negative,40.0733637
40.0733637,0.0,0.8003403544425964,0.7005156874656677,0.0,0.0,0.0,positive,40.73906511
40.73906511,0.0,0.0,0.0,0.0,0.0,0.0,negative,40.18677977
40.18677977,0.7716471552848816,1.5750516653060913,0.0,0.0,2.0,1.0,positive,40.30487523
40.30487523,1.897482454776764,0.0,0.7898601293563843,0.0,1.0,0.0,negative,40.19786865
40.19786865,0.0,0.0,0.0,0.0,1.0,1.0,negative,40.14725662
40.14725662,0.7357399463653564,0.7014343738555908,0.0,0.0,3.0,0.0,positive,40.33387721
40.33387721,0.0,0.0,0.0,0.0,1.0,1.0,positive,40.582635
40.582635,0.0,0.9533653259277344,0.0,0.0,0.0,1.0,positive,40.67555711
40.67555711,0.820670485496521,0.9427637457847596,0.0,0.0,2.0,0.0,negative,40.63000597
40.63000597,0.0,0.0,0.0,0.0,0.0,0.0,positive,40.7870896
40.7870896,0.0,0.8126823902130127,0.0,0.0,1.0,1.0,positive,40.80015646
40.80015646,0.0,0.0,0.8305037021636963,0.0,1.0,0.0,negative,40.54539588
40.54539588,0.0,0.0,0.9795214533805848,0.0,1.0,1.0,positive,40.70749094
40.70749094,0.7860763072967529,0.0,1.5258945226669312,0.0,2.0,2.0,negative,40.6432135
40.6432135,0.0,0.0,0.0,0.8804502487182617,0.0,2.0,positive,40.74939588
40.74939588,0.0,0.9107487797737122,0.0,0.0,0.0,0.0,negative,40.60642986
40.60642986,0.0,2.5088784098625183,0.0,0.0,0.0,0.0,negative,40.56000662
40.56000662,0.0,0.7883782386779785,0.0,0.0,1.0,0.0,negative,40.51885082
40.51885082,0.8979064226150513,0.8361984491348267,0.0,0.0,0.0,0.0,negative,40.45535317
40.45535317,0.0,0.7684218287467957,0.0,0.0,1.0,0.0,positive,40.67013927
40.67013927,0.7249065041542053,0.8580653667449951,0.0,0.0,2.0,2.0,positive,40.7749538
40.7749538,1.420090734958649,0.962517261505127,0.0,0.7470735311508179,3.0,2.0,negative,40.58295201
40.58295201,0.0,0.8841733932495117,0.0,0.0,0.0,1.0,positive,41.77561935
41.77561935,0.0,0.0,0.0,0.0,0.0,0.0,negative,41.59438152
41.59438152,0.0,0.0,0.0,0.0,0.0,1.0,positive,42.27396257
42.27396257,0.0,0.0,0.0,0.0,0.0,0.0,positive,42.3793051892
42.3793051892,0.0,0.0,0.0,0.0,1.0,0.0,positive,42.6643166
42.6643166,0.732428789138794,1.7687339782714844,0.0,0.8503344655036926,0.0,2.0,positive,42.91517302
42.91517302,0.8412985801696777,0.0,0.0,0.0,3.0,0.0,positive,44.4224316
44.4224316,0.0,0.0,0.7869955897331238,0.0,1.0,0.0,negative,44.21417268
44.21417268,0.0,0.0,0.0,0.0,1.0,1.0,positive,44.33663127
44.33663127,0.9608446955680848,0.0,0.0,0.7669939398765564,1.0,0.0,positive,44.39112198
44.39112198,0.8687113523483276,0.7814474701881409,0.0,0.0,1.0,0.0,positive,45.57663482
45.57663482,0.8155677318572998,0.0,0.0,0.0,0.0,0.0,negative,45.45500586
45.45500586,0.0,1.7615371942520142,0.0,0.0,2.0,1.0,positive,45.58429067
45.58429067,0.7003023624420166,0.8204711675643921,0.7761510610580444,0.0,2.0,1.0,positive,46.12236337
46.12236337,0.0,2.207174837589264,0.0,0.0,1.0,3.0,positive,46.25125179
46.25125179,0.0,0.0,0.0,0.0,1.0,0.0,positive,46.34016289
46.34016289,0.8623555302619934,1.7406731247901917,0.8052005767822266,1.6899704933166504,4.0,4.0,positive,46.72369992
46.72369992,0.0,0.0,0.0,0.0,3.0,1.0,negative,46.40688288
46.40688288,0.7104403376579285,0.0,0.0,0.7148441672325134,3.0,1.0,negative,46.35602828
46.35602828,0.7254812717437744,0.8836631178855896,0.7442833185195923,0.0,7.0,0.0,negative,45.91751339
45.91751339,0.0,0.0,0.0,0.0,2.0,1.0,negative,44.56571176
44.56571176,0.0,0.7402957081794739,0.0,0.0,0.0,1.0,positive,44.6679293
44.6679293,0.8242329955101013,0.8910064697265625,0.9200183749198914,0.0,1.0,1.0,negative,44.44192196
44.44192196,2.272646963596344,0.0,0.0,0.8519160151481628,4.0,0.0,positive,46.18868821
46.18868821,0.0,0.0,0.7855437994003296,0.0,4.0,0.0,positive,46.69239097
46.69239097,0.7305673956871033,1.6354714035987854,0.0,0.0,0.0,2.0,negative,46.43646851
46.43646851,0.0,0.0,0.795483410358429,0.0,2.0,0.0,negative,46.11053797
46.11053797,0.0,0.0,0.0,0.0,1.0,1.0,negative,45.7428906
45.7428906,0.0,0.7629246115684509,0.7000590562820435,0.0,1.0,1.0,negative,45.44909908
45.44909908,0.0,0.0,0.0,0.7824950814247131,2.0,1.0,positive,45.8681797
45.8681797,0.7280129194259644,1.4256926774978638,0.0,0.0,1.0,1.0,positive,45.98780192
45.98780192,0.0,1.5167812705039978,1.6326926350593567,0.0,3.0,2.0,positive,46.06107345
46.06107345,0.0,1.56379896402359,0.0,0.0,0.0,0.0,positive,46.32830534
46.32830534,0.7081623673439026,1.4916757345199585,0.7176905274391174,0.0,1.0,1.0,negative,46.31985866
46.31985866,0.0,0.8580653667449951,0.0,0.0,0.0,1.0,negative,46.03482408
46.03482408,0.0,0.0,0.0,0.0,2.0,0.0,negative,45.86055679
45.86055679,0.8845658302307129,0.0,0.8096937537193298,0.0,0.0,0.0,positive,46.00480046
46.00480046,0.0,0.0,0.0,0.0,2.0,0.0,positive,46.27517344
46.27517344,0.0,0.0,0.0,0.0,0.0,2.0,negative,46.0713969453
46.0713969453,0.0,0.0,0.0,0.0,1.0,0.0,negative,45.84593701
45.84593701,0.0,0.0,0.0,0.0,0.0,0.0,positive,46.0422861544
46.0422861544,0.8925072550773621,0.7003569602966309,0.731844425201416,0.0,4.0,1.0,negative,45.96867543
45.96867543,0.7934869527816772,2.5296932458877563,0.0,0.0,1.0,3.0,positive,46.00721457
46.00721457,0.7860771417617798,0.0,0.0,0.0,3.0,0.0,positive,46.05016664
46.05016664,0.0,0.0,0.0,0.0,1.0,0.0,positive,46.2142772376
46.2142772376,0.0,0.0,0.0,0.0,1.0,0.0,positive,46.4003396927
46.4003396927,0.0,0.0,0.0,0.0,0.0,0.0,negative,46.25069036
46.25069036,0.0,0.8802934288978577,0.0,0.0,1.0,0.0,negative,45.53470528
45.53470528,0.0,0.0,0.0,0.0,0.0,1.0,negative,43.56586112
43.56586112,0.0,0.7885065674781799,0.0,0.0,1.0,1.0,negative,42.90688257
42.90688257,0.0,0.0,0.0,0.0,0.0,0.0,negative,42.4487221996
42.4487221996,0.0,0.0,0.0,0.0,0.0,0.0,positive,42.67559057
42.67559057,0.0,0.8659794330596924,0.0,0.0,0.0,1.0,negative,42.52488693
42.52488693,0.0,0.0,0.0,0.0,1.0,1.0,negative,41.5291866
41.5291866,0.0,0.0,0.0,0.0,1.0,0.0,positive,42.20303221
42.20303221,0.0,0.0,0.0,0.0,0.0,0.0,positive,42.34817807
42.34817807,0.0,0.0,0.0,0.0,2.0,0.0,positive,42.41503209
42.41503209,0.0,0.0,0.0,0.0,1.0,0.0,negative,42.26981235
42.26981235,0.0,0.0,0.0,0.0,1.0,0.0,positive,42.71963853
42.71963853,0.0,0.0,0.0,0.0,0.0,0.0,positive,42.72357501
42.72357501,0.0,0.7890852093696594,0.0,0.0,0.0,1.0,positive,42.88038827
42.88038827,0.0,0.0,0.0,0.0,0.0,0.0,negative,42.57432059
42.57432059,0.0,0.7218835949897766,0.0,0.0,1.0,0.0,negative,42.36015902
42.36015902,0.0,0.8267772793769836,0.0,0.0,0.0,2.0,positive,42.49009248
42.49009248,0.0,0.0,0.0,0.0,0.0,0.0,negative,42.35552394
42.35552394,0.0,0.722636342048645,0.0,0.0,1.0,0.0,positive,42.36679032
42.36679032,0.0,0.7341889142990112,0.0,0.0,1.0,1.0,negative,42.06403832
42.06403832,0.8981938362121582,0.8185370564460754,0.0,0.0,0.0,1.0,negative,41.91827796
41.91827796,0.7093326449394226,0.7460065484046936,0.7394453287124634,0.0,2.0,1.0,positive,42.04885952
42.04885952,0.0,0.0,0.0,0.0,1.0,0.0,positive,42.31909769
42.31909769,0.0,0.0,0.0,0.0,1.0,0.0,positive,42.43118563
42.43118563,0.0,0.0,0.0,0.0,0.0,0.0,negative,42.16952277
42.16952277,0.0,0.0,0.0,0.8355069756507874,1.0,2.0,positive,42.25992859
42.25992859,0.0,0.0,0.0,0.0,1.0,0.0,negative,42.20732709
42.20732709,0.0,0.0,0.0,0.0,3.0,0.0,positive,42.5190778202
42.5190778202,0.0,0.0,0.0,0.0,0.0,0.0,negative,42.419247
42.419247,0.0,0.0,0.0,0.0,0.0,0.0,positive,42.79256993
42.79256993,0.0,1.513431966304779,0.0,0.0,1.0,2.0,positive,43.09817149
43.09817149,0.0,0.0,1.6129568815231323,0.0,3.0,1.0,positive,43.1229059369
43.1229059369,0.0,0.7498714327812195,0.8012717962265015,0.8130419850349426,2.0,1.0,positive,43.1737144
43.1737144,0.0,0.0,0.0,0.0,1.0,2.0,positive,43.20086766
43.20086766,0.0,0.9710925817489624,0.0,0.0,1.0,2.0,negative,42.4502857
42.4502857,2.441755354404449,0.0,0.0,0.0,5.0,4.0,negative,40.28619801
40.28619801,0.7113766074180603,0.0,0.0,0.0,3.0,0.0,negative,40.16412163
40.16412163,0.8976932168006897,0.0,0.0,0.0,2.0,0.0,positive,40.3223176
40.3223176,0.0,0.0,0.0,0.0,3.0,0.0,negative,40.2150856726
40.2150856726,0.8623812198638916,0.0,0.0,0.0,3.0,0.0,negative,40.15294372
40.15294372,0.8939685821533203,0.8258227705955505,0.0,0.0,2.0,1.0,positive,40.8687172891
40.8687172891,0.0,0.7732130289077759,0.8317333459854126,0.0,0.0,1.0,negative,40.3079132
40.3079132,0.0,3.504599094390869,1.563078224658966,0.0,3.0,1.0,positive,40.44908372
40.44908372,0.0,5.400174200534821,0.7785057425498962,0.0,4.0,2.0,negative,40.30437036
40.30437036,0.0,0.778786838054657,0.0,0.0,1.0,2.0,positive,40.7063595115
40.7063595115,0.0,0.0,0.0,0.0,0.0,0.0,positive,40.92456294
40.92456294,0.0,0.0,0.0,0.0,5.0,0.0,positive,41.20434234
41.20434234,0.0,0.0,0.0,0.0,3.0,1.0,positive,41.2839070976
41.2839070976,0.0,1.951824426651001,0.0,0.0,1.0,0.0,positive,41.4695413579
41.4695413579,0.0,0.0,0.0,0.0,2.0,1.0,positive,41.48947597
41.48947597,0.0,0.0,0.0,0.0,0.0,0.0,negative,40.93536102
40.93536102,0.0,1.618776023387909,0.0,0.0,0.0,2.0,negative,40.87659468
40.87659468,0.7448003888130188,0.0,0.0,0.0,0.0,0.0,positive,41.03609491
41.03609491,0.0,2.230076253414154,0.0,0.0,1.0,1.0,positive,41.32703926
41.32703926,0.0,1.530037760734558,0.841643750667572,0.0,2.0,1.0,positive,41.43628454
41.43628454,0.0,3.383911728858948,0.0,0.0,0.0,2.0,positive,41.6104592537
41.6104592537,0.0,2.401278614997864,0.7416923642158508,0.9376524686813354,4.0,3.0,negative,41.42807121
41.42807121,0.0,0.0,0.7249402403831482,0.0,5.0,1.0,negative,41.1887570393
41.1887570393,0.8536301851272583,0.0,0.0,0.0,1.0,0.0,negative,41.0800941391
41.0800941391,0.8398138880729675,4.001563847064972,0.0,0.801800012588501,2.0,5.0,negative,41.04014225
41.04014225,0.0,0.0,0.0,0.0,1.0,1.0,positive,41.51284024
41.51284024,0.0,0.0,0.9963801503181458,0.0,4.0,1.0,positive,41.5373841
41.5373841,0.0,0.0,0.0,0.7051780819892883,0.0,1.0,negative,41.40982106
41.40982106,0.8321186304092407,0.0,0.0,0.8253487348556519,0.0,1.0,negative,41.2484435103
41.2484435103,0.0,0.8196178078651428,0.8285804390907288,0.8711996674537659,0.0,3.0,negative,40.89913069
40.89913069,0.0,2.38256698846817,0.0,0.0,1.0,3.0,negative,40.40521998
40.40521998,0.0,0.8199934959411621,0.0,0.0,2.0,1.0,negative,40.36199992
40.36199992,0.0,0.8087436556816101,0.0,0.0,1.0,2.0,positive,40.39817897
40.39817897,0.0,1.508029818534851,0.0,0.0,0.0,1.0,positive,40.41397048
40.41397048,0.0,0.0,0.0,0.0,2.0,0.0,positive,40.45211881
40.45211881,0.0,0.0,0.0,0.0,1.0,0.0,negative,39.58906929
39.58906929,0.8493399024009705,0.7327864766120911,0.0,0.0,2.0,0.0,negative,39.07463313
39.07463313,0.0,0.0,0.0,0.0,0.0,3.0,negative,39.00589423
39.00589423,0.9100420475006104,0.0,0.9660237431526184,0.0,1.0,1.0,positive,39.03992877
39.03992877,0.0,0.9287812113761902,0.0,0.0,1.0,1.0,positive,41.18601436
41.18601436,1.515332281589508,0.0,0.0,0.0,4.0,0.0,positive,42.67387434
42.67387434,0.0,1.4995663166046145,0.0,0.0,2.0,2.0,negative,42.34411374
42.34411374,0.7955484986305237,0.0,0.0,0.8040926456451416,2.0,0.0,positive,42.34665178
42.34665178,1.569974064826965,0.0,0.0,0.0,2.0,1.0,positive,42.67578433
42.67578433,0.0,1.7304072380065918,0.0,0.0,0.0,3.0,negative,42.444276959
42.444276959,2.292971134185791,0.7371256351470947,0.0,0.0,2.0,2.0,positive,42.55589294
42.55589294,0.8196317553520203,0.7882001399993896,0.0,0.0,0.0,2.0,negative,42.49172271
42.49172271,0.0,0.0,0.0,0.0,0.0,2.0,positive,42.6750506128
42.6750506128,0.0,0.8358135223388672,0.0,0.0,0.0,1.0,positive,42.71288587
42.71288587,1.4605042934417725,0.0,0.0,0.0,2.0,0.0,negative,42.5595154003
42.5595154003,0.0,0.9285423159599304,0.0,0.0,0.0,2.0,negative,42.30290947
42.30290947,0.0,1.7230509519577026,0.0,0.0,1.0,4.0,negative,42.1891244248
42.1891244248,0.0,0.0,0.0,0.0,0.0,0.0,positive,42.44518878
42.44518878,0.8091375827789307,0.0,0.0,0.0,1.0,2.0,negative,42.28329882
42.28329882,0.0,0.9025807976722716,0.0,0.0,0.0,1.0,negative,42.27356032
42.27356032,0.0,0.0,0.0,0.0,1.0,0.0,positive,42.3847089
42.3847089,0.7595440149307251,0.0,0.0,0.0,2.0,1.0,positive,42.46806695
42.46806695,0.9433152675628662,0.0,0.0,0.0,2.0,0.0,positive,42.63959337
42.63959337,0.0,0.7401746511459351,0.0,0.9594677686691284,2.0,1.0,negative,42.60115351
42.60115351,0.0,0.0,0.9574984312057496,0.0,1.0,1.0,positive,42.74503552
42.74503552,0.8417674899101257,0.7529565691947937,0.0,0.0,1.0,1.0,positive,42.86627402
42.86627402,0.0,0.0,0.0,0.0,2.0,0.0,positive,43.06668166
43.06668166,0.0,1.603082537651062,0.0,0.0,2.0,2.0,positive,43.18156607
43.18156607,0.0,0.7849577069282532,0.0,0.0,2.0,1.0,negative,42.9287787333
42.9287787333,0.0,0.0,0.0,0.0,0.0,0.0,negative,42.83481648
42.83481648,0.9675599932670592,0.0,0.7283302545547485,0.0,1.0,0.0,negative,42.73999335
42.73999335,0.8615247011184692,1.6514165997505188,0.0,0.0,0.0,3.0,positive,43.62912829
43.62912829,0.0,2.6039555072784424,1.4784044027328491,0.0,1.0,1.0,positive,43.70794862
43.70794862,0.8834133148193359,0.8568673133850098,0.0,0.0,1.0,1.0,positive,43.7090445669
43.7090445669,0.0,0.8193963170051575,0.7015021443367004,0.0,1.0,2.0,positive,43.89612596
43.89612596,0.0,0.0,0.0,0.0,0.0,1.0,negative,43.88205054
43.88205054,0.0,0.0,0.0,0.0,2.0,1.0,positive,44.36289744
44.36289744,0.0,0.0,0.0,0.7263352870941162,0.0,0.0,negative,44.05529905
44.05529905,0.0,0.0,0.0,0.0,2.0,0.0,positive,44.2398864468
44.2398864468,0.0,0.0,0.0,0.0,0.0,1.0,negative,43.69377088
43.69377088,0.0,0.0,0.0,0.0,2.0,0.0,negative,43.4159653499
43.4159653499,0.0,0.0,0.0,0.0,0.0,0.0,positive,43.4878462762
43.4878462762,0.0,0.0,0.0,0.7251628637313843,0.0,2.0,positive,43.7221555
43.7221555,0.0,0.0,0.0,0.0,0.0,0.0,negative,43.13125228
43.13125228,0.8793536424636841,0.9444951415061952,0.0,0.0,0.0,0.0,negative,42.79278794
42.79278794,0.0,0.882062554359436,0.7250709533691406,0.0,3.0,1.0,positive,43.18120115
43.18120115,0.0,0.8625744581222534,0.0,0.0,4.0,1.0,negative,43.158386304
43.158386304,0.0,0.0,0.9956011176109314,0.0,0.0,1.0,negative,43.07882285
43.07882285,0.0,0.0,0.7483611106872559,0.0,6.0,0.0,negative,42.63475094
42.63475094,0.0,0.8580653667449951,0.0,0.0,0.0,1.0,positive,43.20296811
43.20296811,0.0,0.7769225239753723,0.0,0.0,0.0,0.0,positive,43.21272395
43.21272395,0.0,1.5720971822738647,0.0,0.0,0.0,3.0,negative,43.0122688
43.0122688,0.0,0.0,0.0,0.0,1.0,0.0,positive,43.11670476
43.11670476,0.0,0.0,0.0,0.0,0.0,0.0,negative,42.85095031
42.85095031,0.0,1.5257037281990051,0.0,0.0,4.0,2.0,negative,41.75206295
41.75206295,0.0,0.0,0.8721395134925842,0.0,1.0,0.0,positive,42.21696776
42.21696776,0.720969021320343,0.7549943327903748,0.9230350255966188,0.0,4.0,1.0,negative,42.03481083
42.03481083,0.8308892250061035,0.0,0.0,0.0,3.0,5.0,negative,41.39384055
41.39384055,0.9604015946388244,1.4278253316879272,0.0,0.0,4.0,2.0,negative,40.57125413
40.57125413,0.0,0.9197311997413636,0.8114200830459595,0.0,2.0,3.0,positive,40.92966098
40.92966098,0.0,2.3816312551498413,0.0,0.0,0.0,3.0,negative,40.82838424
40.82838424,0.0,0.8195610642433167,0.0,0.8301185369491577,0.0,4.0,negative,40.81311796
40.81311796,0.0,0.7132298946380615,0.0,0.0,0.0,2.0,negative,40.55888032
40.55888032,0.0,0.7014343738555908,0.0,0.0,0.0,1.0,positive,40.9555192989
40.9555192989,0.7925020456314087,0.7014343738555908,0.0,0.0,2.0,0.0,negative,40.84869848
40.84869848,0.0,0.0,0.0,0.0,0.0,0.0,negative,40.58726192
40.58726192,0.0,0.0,0.0,0.0,0.0,0.0,positive,40.5878542
40.5878542,0.0,0.0,0.0,0.0,0.0,0.0,positive,40.59047963
40.59047963,0.0,0.7531998157501221,0.0,0.0,2.0,1.0,positive,40.7278898326
40.7278898326,0.0,0.8026407361030579,0.0,0.0,1.0,2.0,positive,41.2411794
41.2411794,0.0,0.8213266730308533,0.0,0.7384477853775024,4.0,0.0,negative,41.08523114
41.08523114,0.0,0.0,0.0,0.0,1.0,0.0,negative,40.97711145
40.97711145,0.0,0.0,0.8582187294960022,0.0,0.0,2.0,positive,41.04014175
41.04014175,0.7896755933761597,0.8580653667449951,0.0,0.0,1.0,2.0,negative,40.85743778
40.85743778,0.8976932168006897,0.0,0.0,0.0,1.0,0.0,positive,40.90007009
40.90007009,0.0,0.7080827951431274,0.0,0.0,0.0,2.0,positive,40.91445025
40.91445025,0.0,0.0,0.0,0.0,0.0,1.0,positive,41.16854956
41.16854956,0.0,0.0,0.0,0.0,0.0,0.0,positive,41.33112275
41.33112275,0.0,0.0,0.0,0.0,0.0,0.0,positive,41.35300878
41.35300878,0.8283820748329163,0.0,0.0,0.0,2.0,0.0,positive,41.62328831
41.62328831,0.0,0.0,0.8498558402061462,0.7466476559638977,0.0,0.0,positive,42.08306072
42.08306072,1.8581657409667969,3.1664756536483765,0.0,0.0,2.0,1.0,positive,42.1493534507
42.1493534507,0.8425332307815552,0.7516213059425354,0.0,0.0,0.0,1.0,negative,42.11167577
42.11167577,0.8254209756851196,2.4044374227523804,0.0,0.0,0.0,0.0,negative,41.81356766
41.81356766,0.8372064232826233,0.0,0.0,0.0,1.0,0.0,positive,41.8874131
41.8874131,0.0,0.8580653667449951,0.0,0.0,0.0,1.0,positive,42.25637947
42.25637947,0.8887230157852173,0.0,0.0,0.0,0.0,0.0,negative,41.85609915
41.85609915,0.0,0.0,0.0,1.4330067038536072,1.0,1.0,negative,41.59430101
41.59430101,0.0,0.7902774810791016,0.0,0.0,1.0,0.0,negative,41.5811341358
41.5811341358,0.0,0.9593381881713868,0.0,0.0,0.0,1.0,positive,41.6160699875
41.6160699875,0.0,0.0,0.728178858757019,0.0,0.0,0.0,positive,41.75706813
41.75706813,0.0,0.0,0.0,0.0,0.0,0.0,positive,42.1782474292
42.1782474292,0.0,0.8022556304931641,0.8300756216049194,0.0,2.0,3.0,positive,43.21459267
43.21459267,0.0,0.0,0.0,0.0,1.0,1.0,negative,43.0847997362
43.0847997362,0.0,0.747394859790802,0.0,0.0,0.0,1.0,negative,43.04682384
43.04682384,0.9864049553871156,0.0,0.0,0.0,1.0,1.0,positive,43.068114563
43.068114563,0.7519396543502808,0.0,0.0,0.0,0.0,0.0,negative,42.93721546
42.93721546,0.8642982840538025,0.0,0.0,0.0,1.0,0.0,positive,43.64687462
43.64687462,0.0,0.7079190015792847,0.0,0.0,1.0,1.0,positive,43.8535200442
43.8535200442,0.0,0.0,0.0,0.0,1.0,1.0,negative,43.67825227
43.67825227,0.0,1.5696629285812378,0.0,0.0,4.0,1.0,positive,43.99455061
43.99455061,0.0,0.0,0.0,0.0,0.0,0.0,positive,44.65495857
44.65495857,0.8461428880691528,0.0,0.0,0.0,4.0,0.0,negative,44.3105456025
44.3105456025,0.7671664357185364,0.8304015398025513,0.724448025226593,0.0,1.0,1.0,positive,44.33439711
44.33439711,0.7693067789077759,0.9263139367103576,0.8972892761230469,0.0,1.0,1.0,positive,44.4822177564
44.4822177564,0.0,0.858923614025116,1.577524721622467,0.0,1.0,2.0,positive,44.9889696
44.9889696,0.0,1.4280037879943848,0.9364721775054932,0.0,3.0,3.0,negative,44.82300037
44.82300037,0.7539750337600708,0.0,0.0,0.0,0.0,0.0,positive,44.87496168
44.87496168,2.184701383113861,0.0,0.0,0.0,4.0,1.0,negative,44.8152051325
44.8152051325,0.0,0.7005276679992676,0.7054538130760193,0.0,2.0,0.0,negative,44.69864282
44.69864282,0.0,0.0,0.0,0.0,0.0,0.0,positive,44.95250099
44.95250099,0.0,0.0,0.0,0.0,4.0,1.0,positive,45.3298985999
45.3298985999,2.420681059360504,0.7379488945007324,0.0,0.0,3.0,1.0,positive,45.34738189
45.34738189,0.0,0.8895447850227356,1.6539572477340698,0.0,6.0,1.0,negative,45.21143013
45.21143013,1.6756499409675598,0.0,0.0,0.0,2.0,0.0,negative,45.0194817
45.0194817,0.0,0.0,0.0,0.0,1.0,0.0,positive,45.24391383
45.24391383,0.0,0.0,0.0,0.0,0.0,0.0,negative,45.15326006
45.15326006,0.0,0.7435930967330933,0.0,0.0,1.0,3.0,negative,44.61150025
44.61150025,0.0,0.0,0.0,0.0,0.0,0.0,negative,44.45594474
44.45594474,0.0,0.7136620283126831,0.0,0.0,2.0,1.0,positive,44.46449121
44.46449121,0.9039048552513124,0.0,0.0,0.0,1.0,4.0,positive,44.7149101
44.7149101,0.0,0.0,0.0,0.0,2.0,0.0,positive,44.8851957548
44.8851957548,0.0,0.0,0.0,0.0,5.0,1.0,positive,45.05571376
45.05571376,0.0,0.0,0.0,0.0,0.0,1.0,negative,44.82615094
44.82615094,0.0,0.0,0.0,0.0,0.0,0.0,positive,44.94739074
44.94739074,0.0,0.0,0.0,0.0,0.0,0.0,negative,44.79692941
44.79692941,0.0,0.0,0.0,0.0,2.0,0.0,positive,45.01573553
45.01573553,0.7523596286773682,1.518537521362305,0.0,0.0,5.0,1.0,positive,45.09173796
45.09173796,0.0,0.7683302760124207,0.0,0.0,4.0,1.0,negative,44.49201172
44.49201172,0.7630036473274231,0.0,0.0,0.0,2.0,1.0,negative,44.43777241
44.43777241,0.0,1.4483065605163574,0.0,0.0,3.0,1.0,positive,44.57427121
44.57427121,0.0,0.8152734041213989,1.4907127618789673,0.907296657562256,2.0,1.0,positive,44.5865940707
44.5865940707,0.0,0.8180375695228577,0.9224088191986084,0.0,6.0,0.0,positive,44.68908811
44.68908811,0.8298875689506531,0.7427235245704651,0.0,0.0,3.0,1.0,positive,45.07791994
45.07791994,0.7016514539718628,0.0,0.0,0.9620271325111388,2.0,1.0,positive,45.15120122
45.15120122,0.0,0.0,0.0,0.0,1.0,1.0,negative,44.7642107835
44.7642107835,0.0,0.7967638969421387,0.0,0.0,1.0,1.0,negative,44.68725352
44.68725352,0.0,0.0,0.0,0.0,0.0,0.0,positive,44.72734542
44.72734542,0.0,0.0,0.0,0.0,0.0,0.0,positive,44.73854154
44.73854154,0.0,0.0,0.0,0.0,1.0,0.0,negative,44.3976511414
44.3976511414,0.0,0.0,0.0,0.0,1.0,0.0,negative,44.0637646
44.0637646,0.0,0.0,0.0,0.0,1.0,1.0,negative,43.94948479
43.94948479,1.6360052824020386,0.0,0.0,0.0,1.0,0.0,positive,44.17475294
44.17475294,0.0,0.0,0.0,0.0,0.0,0.0,positive,44.37764255
44.37764255,3.4091156721115112,0.0,0.0,0.0,4.0,0.0,positive,44.71006432
44.71006432,1.4788938760757446,0.7919309735298157,1.5934245586395264,0.0,7.0,2.0,negative,44.22569685
44.22569685,1.5561506152153015,0.0,0.0,0.0,6.0,0.0,positive,44.27955355
44.27955355,2.2886022329330444,0.0,1.7605865597724917,0.0,10.0,2.0,positive,44.36135414
44.36135414,0.7414552569389343,0.8205491900444031,0.0,0.0,3.0,1.0,positive,44.47400422
44.47400422,0.0,0.7350580096244812,1.661629319190979,0.775603711605072,4.0,2.0,positive,44.6010881725
44.6010881725,0.9130330681800842,0.7818261981010437,0.773129940032959,0.0,2.0,0.0,positive,44.8433286
44.8433286,0.0,1.6722530126571655,0.0,0.743415355682373,0.0,2.0,positive,44.86828386
44.86828386,0.8458899855613708,1.5824604630470276,1.5279420614242554,0.9057456254959106,4.0,3.0,negative,44.82201453
44.82201453,0.0,0.8201101422309875,1.449669897556305,0.0,2.0,5.0,positive,44.9015711
44.9015711,0.8575199842453003,0.7973312139511108,0.0,0.0,4.0,1.0,positive,45.066218
45.066218,0.0,0.0,0.0,0.0,1.0,2.0,positive,45.19438202
45.19438202,3.431311547756195,0.7438974976539612,0.0,0.0,12.0,2.0,positive,46.02870344
46.02870344,1.6660374402999878,0.0,0.0,0.0,3.0,1.0,positive,46.2944198
46.2944198,0.0,1.6266450881958008,0.0,0.0,1.0,3.0,negative,46.14178235
46.14178235,0.0,0.0,0.0,0.0,2.0,1.0,positive,46.22631038
46.22631038,0.8895320296287537,0.0,0.0,1.760364294052124,2.0,2.0,negative,46.13061544
46.13061544,0.0,0.7800083756446838,0.0,0.0,0.0,0.0,positive,46.29260155
46.29260155,0.883995532989502,0.8895447850227356,0.0,0.0,3.0,1.0,positive,46.78062258
46.78062258,1.5053077340126038,1.53703510761261,0.0,0.0,0.0,1.0,positive,47.38573581
47.38573581,0.8574029207229614,0.708284318447113,2.4737943410873413,0.0,4.0,0.0,positive,47.93110724
47.93110724,0.729744553565979,1.5299464464187622,0.0,0.0,1.0,2.0,positive,49.01549101
49.01549101,0.7572712898254395,1.622176706790924,0.0,0.0,2.0,2.0,negative,48.74314073
48.74314073,1.5960301160812378,0.7155202627182007,0.7189176678657532,0.0,2.0,2.0,positive,49.28220423
49.28220423,0.7621600031852722,3.0421075224876404,0.9527286887168884,0.0,4.0,3.0,negative,49.18130189
49.18130189,0.0,2.5395500659942627,0.9751331210136414,0.0,1.0,2.0,positive,49.69003159
49.69003159,0.7391344308853149,0.7326801419258118,0.8978689908981323,0.0,6.0,1.0,positive,50.42937858
50.42937858,0.0,0.7390357851982117,0.0,0.0,0.0,1.0,positive,50.80268887
50.80268887,0.0,0.8580653667449951,0.0,0.0,1.0,1.0,negative,49.58859633
49.58859633,0.0,2.280658483505249,0.0,0.0,1.0,1.0,negative,47.49562755
47.49562755,0.0,0.0,0.8313285112380981,0.0,3.0,0.0,positive,47.66369711
47.66369711,0.9272878170013428,0.0,0.0,0.0,2.0,1.0,negative,47.32163031
47.32163031,0.0,1.6076198816299438,0.0,0.0,4.0,1.0,positive,47.60304253
47.60304253,0.0,0.0,0.0,0.0,4.0,1.0,negative,46.67620846
46.67620846,0.9461957216262816,1.5667520761489868,0.8378069996833801,0.7909834384918213,6.0,2.0,positive,47.39945008
47.39945008,1.4927571415901184,0.7771352529525757,0.0,0.0,4.0,0.0,negative,47.3153721
47.3153721,0.7060909867286682,0.7486441135406494,0.0,0.0,2.0,0.0,negative,46.71401966
46.71401966,0.0,0.8156187534332275,0.7204945087432861,0.0,3.0,2.0,positive,47.0856333391
47.0856333391,0.0,0.0,0.0,0.0,1.0,0.0,positive,47.121803
47.121803,0.0,1.476990520954132,0.0,0.0,2.0,1.0,positive,47.8992964604
47.8992964604,0.0,0.0,0.0,0.0,1.0,1.0,positive,47.93813027
47.93813027,0.0,0.0,0.0,0.0,1.0,0.0,positive,48.18771385
48.18771385,0.0,0.0,0.0,0.0,1.0,0.0,positive,48.42647191
48.42647191,0.7852245569229126,0.0,0.0,0.0,0.0,0.0,negative,47.78246274
47.78246274,0.0,0.0,0.0,0.7346757054328918,1.0,1.0,negative,47.59179
47.59179,0.7043849229812622,0.911780595779419,0.0,0.0,2.0,1.0,positive,47.75861203
47.75861203,0.0,0.0,0.0,0.0,4.0,0.0,negative,47.62300958
47.62300958,0.0,0.7928059101104736,0.0,0.0,2.0,1.0,positive,47.66357435
47.66357435,0.0,0.0,0.0,0.0,0.0,2.0,positive,47.79170327
47.79170327,0.7339536547660828,0.0,0.0,0.0,4.0,0.0,positive,47.92848831
47.92848831,0.0,0.0,0.0,0.0,1.0,0.0,positive,48.14644924
48.14644924,0.0,0.9129987955093384,0.0,0.0,0.0,2.0,negative,47.96872642
47.96872642,0.0,0.0,0.0,0.0,1.0,0.0,negative,47.64105529
47.64105529,0.0,0.0,0.0,0.0,3.0,0.0,positive,47.66875669
47.66875669,0.0,0.70456862449646,0.7043569087982178,0.9389663338661194,1.0,0.0,positive,47.90722779
47.90722779,0.0,0.0,0.0,0.0,5.0,0.0,negative,47.7503846
47.7503846,0.0,1.6681092977523804,0.0,0.0,2.0,1.0,negative,47.61028816
47.61028816,0.7039397954940796,1.665813386440277,0.8747282028198242,0.0,2.0,1.0,positive,48.99234131
48.99234131,1.5220026969909668,0.0,0.0,0.0,4.0,0.0,negative,48.82515205
48.82515205,0.7912958264350891,0.0,0.0,0.0,3.0,1.0,positive,49.3310285527
49.3310285527,0.0,0.0,0.7566590905189514,0.0,1.0,2.0,positive,49.45804612
49.45804612,0.0,1.428982496261597,0.0,0.0,2.0,0.0,positive,49.85893257
49.85893257,0.0,0.8174178004264832,0.8997566103935242,0.0,7.0,1.0,positive,49.96105038
49.96105038,0.788087010383606,0.0,0.8289183974266052,0.0,3.0,1.0,negative,49.60403081
49.60403081,0.0,0.0,0.0,0.0,0.0,1.0,negative,49.17980996
49.17980996,0.0,0.0,0.7727736830711365,0.0,2.0,0.0,positive,49.58407423
49.58407423,0.0,0.0,0.0,0.0,0.0,2.0,negative,49.26793136
49.26793136,0.0,0.7967953681945801,0.0,0.0,0.0,2.0,negative,48.69531955
48.69531955,0.0,0.0,0.0,0.0,2.0,1.0,negative,47.9664802536
47.9664802536,0.0,2.5851322412490845,0.0,0.0,1.0,4.0,negative,47.63762271
47.63762271,0.0,1.7058093547821045,0.7196860313415527,0.0,3.0,4.0,positive,47.75244269
47.75244269,0.7330602407455444,0.0,0.8422297239303589,0.0,1.0,4.0,positive,47.96215629
47.96215629,0.0,0.7670034766197205,0.8078733682632446,0.0,2.0,2.0,positive,48.26715747
48.26715747,0.7706949710845947,0.0,0.0,0.0,1.0,1.0,negative,46.56884549
46.56884549,0.8553149700164795,0.0,0.0,0.0,0.0,1.0,positive,47.09665613
47.09665613,0.0,0.0,0.0,0.9182863235473632,2.0,4.0,negative,46.38738771
46.38738771,0.0,3.5289782285690308,1.6449623703956604,0.0,2.0,2.0,positive,46.5332278
46.5332278,0.7130797505378723,1.77217698097229,0.0,0.0,5.0,3.0,negative,46.26726744
46.26726744,0.0,0.7244348526000977,0.0,0.0,2.0,2.0,positive,46.34814481
46.34814481,0.0,0.7115169167518616,0.0,0.0,1.0,0.0,positive,47.01199035
47.01199035,0.7692153453826904,3.324211835861206,0.0,0.0,6.0,2.0,positive,47.45242439
47.45242439,0.7426846623420715,0.0,1.626641869544983,2.645826280117035,5.0,6.0,negative,47.0465396
47.0465396,1.5775837898254397,0.0,0.0,0.8729403018951416,4.0,0.0,negative,47.01427397
47.01427397,0.0,0.0,0.0,0.0,3.0,0.0,positive,47.4819451
47.4819451,0.0,0.0,0.0,0.9080191254615784,2.0,1.0,negative,47.47349286
47.47349286,0.0,0.7088422775268555,0.0,0.0,0.0,2.0,positive,47.58825014
47.58825014,1.7149662375450134,0.0,0.0,0.0,1.0,1.0,negative,47.35178268
47.35178268,0.0,0.7781493663787842,0.0,0.0,1.0,3.0,positive,47.63652905
47.63652905,0.0,1.730641782283783,0.7356830835342407,0.8406717777252197,0.0,1.0,negative,47.31577686
47.31577686,0.0,2.367949247360229,0.0,0.7615804076194763,1.0,2.0,positive,47.39697689
47.39697689,0.0,1.52485191822052,0.0,0.896052896976471,0.0,2.0,negative,46.60057515
46.60057515,0.0,3.267009437084198,0.0,0.0,0.0,4.0,positive,46.96076103
46.96076103,0.0,2.6504217386245728,0.0,0.0,2.0,3.0,negative,46.75279889
46.75279889,0.0,0.9222055077552797,1.832913517951965,0.8692898154258728,3.0,3.0,positive,46.88334348
46.88334348,0.0,2.2947041392326355,0.0,0.0,3.0,4.0,negative,46.74634805
46.74634805,0.0,0.0,0.0,0.0,1.0,2.0,positive,46.88355487
46.88355487,0.0,1.794100284576416,0.8434346914291382,0.0,2.0,0.0,negative,46.78725938
46.78725938,0.0,0.7218865752220154,0.0,0.0,0.0,2.0,positive,46.81887295
46.81887295,0.0,0.0,0.0,1.7664546370506289,3.0,1.0,positive,46.91430134
46.91430134,0.0,0.0,0.0,0.0,0.0,3.0,positive,46.93181596
46.93181596,0.0,1.6748839020729065,0.0,0.0,0.0,2.0,positive,47.28409803
47.28409803,0.0,0.0,0.0,0.0,0.0,0.0,negative,47.19535059
47.19535059,0.0,2.4837961196899414,0.0,0.0,1.0,2.0,positive,47.612652
47.612652,0.0,0.897193431854248,0.0,0.8183323740959167,0.0,0.0,negative,47.54376822
47.54376822,0.0,0.0,0.0,0.0,0.0,0.0,positive,47.60589764
47.60589764,0.0,0.0,0.0,0.8069310188293457,1.0,2.0,negative,47.31446113
47.31446113,0.0,0.0,0.0,0.0,1.0,0.0,negative,47.1409728
47.1409728,0.8169897198677063,5.075636684894562,0.0,0.0,0.0,2.0,positive,47.14420551
47.14420551,0.0,0.7965271472930908,0.0,0.0,3.0,2.0,negative,45.94286637
45.94286637,0.8644390106201172,0.0,0.0,0.0,1.0,2.0,negative,45.07511985
45.07511985,0.0,0.0,1.607955813407898,0.0,5.0,0.0,positive,45.69480375
45.69480375,0.0,1.7647868394851685,1.731899380683899,0.0,5.0,4.0,positive,45.89186462
45.89186462,0.0,0.9104133248329164,0.0,0.8836794495582581,1.0,1.0,positive,46.02409807
46.02409807,0.0,2.381846785545349,0.0,0.0,1.0,4.0,positive,46.10423853
46.10423853,0.0,1.5075329542160034,0.0,0.0,2.0,1.0,negative,45.77344282
45.77344282,0.9515759348869324,0.9528295993804932,0.0,0.0,0.0,1.0,positive,45.96193317
45.96193317,0.0,1.6489044427871704,0.0,0.0,0.0,2.0,negative,45.8639263064
45.8639263064,0.0,0.8214538097381592,2.42548406124115,0.0,4.0,1.0,positive,46.65244086
46.65244086,0.8481972813606262,4.469662845134735,0.8563464879989624,0.9607802629470824,2.0,19.0,positive,47.4107961
47.4107961,1.484023630619049,1.4954074025154114,1.566563904285431,0.0,7.0,4.0,positive,47.4972414
47.4972414,0.0,1.7469351887702942,0.0,0.9278796315193176,3.0,1.0,negative,47.33011499
47.33011499,0.0,2.655473589897156,0.0,0.0,1.0,4.0,positive,47.72626622
47.72626622,0.8354521989822388,0.7390952706336975,0.0,0.7280483841896057,2.0,4.0,negative,47.39073295
47.39073295,0.0,0.7071482539176941,0.0,0.9012178182601928,1.0,2.0,negative,47.06302245
47.06302245,0.793219804763794,2.908767282962799,0.0,0.0,1.0,0.0,negative,46.8678774
46.8678774,0.0,1.6980226635932922,0.0,0.0,1.0,1.0,positive,46.8898581313
46.8898581313,1.6963213682174685,0.8521512746810913,0.7804100513458252,0.0,5.0,1.0,positive,47.22674004
47.22674004,0.0,0.9631305932998656,1.7369476556777954,0.0,0.0,0.0,negative,46.9897533
46.9897533,0.7248499989509583,0.8221243619918823,1.6933293342590332,0.7367191910743713,5.0,0.0,positive,47.27503596
47.27503596,0.0,1.7643309235572815,0.0,0.0,3.0,4.0,positive,48.19350316
48.19350316,0.794501006603241,3.049646496772766,0.8873390555381775,0.0,5.0,7.0,negative,48.01958312
48.01958312,0.0,1.5814939737319946,0.0,0.8399577140808105,2.0,3.0,positive,48.23189897
48.23189897,0.0,0.0,0.0,0.0,4.0,1.0,negative,47.88221848
47.88221848,0.0,0.0,0.0,0.0,3.0,1.0,positive,48.31338571
48.31338571,0.0,0.826770544052124,0.7825824618339539,0.8710956573486328,0.0,2.0,positive,48.43129839
48.43129839,0.0,1.6557746529579165,0.0,0.0,0.0,2.0,positive,48.43982004
48.43982004,0.8292944431304932,0.0,0.0,0.0,1.0,0.0,negative,48.16745681
48.16745681,0.0,0.0,0.7120567560195923,0.0,3.0,0.0,negative,48.13727645
48.13727645,0.0,0.0,0.0,0.0,2.0,0.0,negative,47.48968455
47.48968455,0.0,0.0,0.0,0.0,0.0,0.0,positive,47.8222356902
47.8222356902,0.0,0.0,0.8256803750991821,0.0,3.0,0.0,positive,48.24341073
48.24341073,0.0,1.608387112617493,0.8911132216453552,0.0,2.0,2.0,negative,48.05623123
48.05623123,0.0,0.0,0.0,0.0,0.0,1.0,negative,47.83923497
47.83923497,0.0,0.8654939532279968,0.0,0.8851505517959595,0.0,2.0,negative,47.49486658
47.49486658,0.0,0.0,0.7259365320205688,0.0,1.0,0.0,negative,47.2605951263
47.2605951263,0.0,0.9207696318626404,0.0,0.7988072037696838,1.0,0.0,negative,42.84056061
42.84056061,0.0,0.0,0.0,0.8128802180290222,3.0,2.0,negative,41.7954885
41.7954885,1.5123472213745115,0.0,0.0,0.9966267943382264,0.0,1.0,positive,41.97203734
41.97203734,0.0,0.7080097794532776,0.0,0.0,0.0,1.0,positive,42.74540927
42.74540927,0.0,0.0,0.0,0.8013855814933777,1.0,1.0,negative,42.63311792
42.63311792,0.0,0.7126614451408386,0.0,0.0,2.0,0.0,negative,42.4374593675
42.4374593675,0.0,0.7407848238945007,0.0,0.0,2.0,0.0,positive,42.63850271
42.63850271,0.8980305194854736,0.8036051392555237,1.6500124335289,0.8525055646896362,1.0,0.0,negative,41.93557309
41.93557309,0.8323933482170105,1.7576854228973389,0.0,0.7050157189369202,1.0,3.0,negative,41.02827753
41.02827753,0.8889092803001404,1.7197638750076294,0.8645123839378357,0.0,0.0,2.0,positive,41.49969955
41.49969955,0.8113177418708801,0.8081158399581909,0.0,0.0,2.0,2.0,positive,42.50276923
42.50276923,0.0,0.0,0.7225452065467834,0.8832114338874817,0.0,2.0,negative,42.36762756
42.36762756,0.0,0.7531182169914246,0.7245078682899475,0.0,4.0,1.0,positive,42.368109992
42.368109992,0.780240535736084,0.0,0.0,0.0,1.0,0.0,negative,42.0816503286
42.0816503286,0.0,0.0,0.0,0.0,1.0,1.0,negative,41.93376376
41.93376376,0.7091934084892273,0.0,2.681733787059784,0.0,2.0,0.0,negative,41.72348439
41.72348439,0.8019641637802124,0.0,0.0,0.0,1.0,1.0,negative,41.3753841061
41.3753841061,0.0,1.6640045046806335,0.7321760654449463,0.0,2.0,1.0,positive,42.18872381
42.18872381,0.0,0.0,0.0,0.0,2.0,1.0,negative,42.11501425
42.11501425,0.0,2.636095464229584,0.7431892156600952,1.4563850164413452,3.0,0.0,negative,41.92675474
41.92675474,0.8642690777778625,0.7454437017440796,0.0,0.0,4.0,2.0,negative,40.88461673
40.88461673,0.0,0.7864283323287964,0.0,0.0,2.0,3.0,positive,41.65436042
41.65436042,0.8378221988677979,0.0,0.0,0.0,4.0,1.0,negative,41.2215840874
41.2215840874,0.8976932168006897,4.073657155036926,0.0,0.0,1.0,7.0,positive,41.69996396
41.69996396,0.0,0.0,0.0,0.767608642578125,0.0,2.0,negative,41.67492174
41.67492174,0.0,0.8521502614021301,1.7319836020469666,0.0,3.0,1.0,positive,41.82745947
41.82745947,0.0,0.0,0.0,0.0,2.0,1.0,positive,42.23829572
42.23829572,0.0,0.0,0.0,0.0,1.0,0.0,negative,41.84503228
41.84503228,0.8100568056106567,0.0,0.0,0.0,0.0,0.0,positive,42.4045067
42.4045067,0.0,0.8075812458992004,0.7856770753860474,0.7589430809020996,2.0,4.0,positive,42.55921193
42.55921193,0.7261913418769836,0.9169416427612304,0.823992908000946,0.0,0.0,0.0,negative,42.21281402
42.21281402,0.0,0.7087457776069641,0.0,0.7422242164611816,1.0,2.0,positive,42.43123703
42.43123703,1.6804909110069275,2.91010856628418,1.9661441445350647,0.0,6.0,1.0,negative,42.35673652
42.35673652,0.0,0.7985805869102478,3.3703355193138123,0.0,5.0,3.0,negative,42.3370689639
42.3370689639,0.0,0.0,0.0,0.0,0.0,4.0,negative,41.92366706
41.92366706,0.7053807377815247,1.5290324091911316,0.7240563035011292,0.0,0.0,0.0,positive,42.11187972
42.11187972,2.421914219856262,0.0,0.0,0.0,0.0,1.0,positive,42.36737381
42.36737381,1.4654763340950012,0.0,0.0,0.0,3.0,0.0,positive,42.42427283
42.42427283,0.0,0.9263495802879332,0.0,0.0,3.0,2.0,negative,42.22260835
42.22260835,0.0,0.7533033490180969,0.0,0.0,0.0,1.0,positive,42.22834653
42.22834653,0.0,0.0,0.0,0.0,1.0,1.0,positive,42.41173066
42.41173066,0.0,0.0,0.0,0.0,1.0,0.0,positive,42.42086352
42.42086352,0.0,0.9671528935432434,0.0,0.0,1.0,1.0,positive,42.56599413
42.56599413,0.0,0.7914931178092957,0.7429038882255554,0.7026490569114685,1.0,1.0,positive,42.94387366
42.94387366,0.0,0.7898823022842407,0.0,0.0,6.0,2.0,negative,42.89444818
42.89444818,1.9564217329025269,0.0,0.8256626725196838,0.0,4.0,0.0,positive,42.92850314
42.92850314,0.7175323963165283,0.0,1.61526757478714,0.0,4.0,1.0,positive,43.48678533
43.48678533,0.8168485164642334,0.737354576587677,1.652445912361145,0.0,13.0,2.0,negative,43.13455948
43.13455948,0.773911714553833,0.0,0.8368796706199646,0.0,2.0,8.0,negative,42.79212785
42.79212785,0.727882444858551,0.0,1.6309670209884644,0.0,4.0,0.0,positive,42.94659349
42.94659349,0.0,0.0,0.7898659110069275,0.0,0.0,1.0,negative,42.6652781
42.6652781,0.0,0.0,0.0,0.0,0.0,1.0,positive,42.79023782
42.79023782,0.0,0.8376729488372803,0.9576455354690552,0.0,0.0,0.0,positive,43.76770956
43.76770956,0.7180033922195435,0.0,0.0,0.0,3.0,0.0,negative,43.73722693
43.73722693,1.7454698085784912,0.0,1.743889570236206,0.0,7.0,0.0,negative,43.5507350891
43.5507350891,1.5241168141365051,2.439802050590515,2.629813849925995,1.601543128490448,10.0,1.0,positive,43.79507902
43.79507902,0.0,0.0,0.7805734872817993,0.9352155923843384,4.0,2.0,negative,43.37029542
43.37029542,0.0,0.0,0.7393117547035217,0.0,3.0,0.0,positive,44.03141861
44.03141861,1.6266431212425232,0.7909660935401917,1.5982805490493774,0.0,4.0,1.0,negative,43.80810767
43.80810767,1.5172933340072632,0.784309983253479,0.8925189971923828,0.0,1.0,2.0,positive,43.94533535
43.94533535,0.0,1.725528061389923,0.0,0.0,0.0,4.0,negative,43.79260669
43.79260669,0.0,2.520985782146454,0.0,0.8116928935050964,1.0,9.0,negative,43.31346862
43.31346862,0.0,1.7160949110984802,0.0,0.8978286385536194,1.0,4.0,negative,43.05022461
43.05022461,0.0,0.0,0.0,0.7603869438171387,0.0,3.0,positive,43.1574655645
43.1574655645,0.0,0.0,0.0,0.0,2.0,0.0,positive,43.27180862
43.27180862,0.0,0.7613707780838013,0.0,0.9547359943389891,0.0,1.0,positive,43.59024472
43.59024472,0.0,0.7392264604568481,0.9023825526237488,0.0,0.0,0.0,negative,43.53265593
43.53265593,0.0,0.0,0.0,0.0,3.0,0.0,negative,43.21803686
43.21803686,0.0,2.4502402544021606,0.0,0.0,1.0,4.0,positive,43.2441021
43.2441021,0.712626576423645,0.0,0.7801647782325745,0.9514997601509094,4.0,3.0,negative,42.82515433
42.82515433,1.6808406710624697,3.2806455492973328,0.0,0.0,3.0,0.0,negative,42.82384338
42.82384338,0.0,0.0,0.0,0.0,0.0,0.0,positive,42.83398136
42.83398136,0.8976932168006897,0.0,0.0,0.0,0.0,1.0,positive,43.23582063
43.23582063,0.0,0.909113347530365,0.0,0.0,1.0,0.0,positive,43.32894366
43.32894366,0.0,0.0,0.0,0.0,1.0,3.0,positive,43.57901412
43.57901412,0.0,0.8212819695472717,0.95437353849411,0.0,4.0,2.0,negative,43.25465568
43.25465568,0.7058191895484924,0.0,0.9292783737182616,0.0,9.0,0.0,positive,43.31297146
43.31297146,0.7894812822341919,0.0,1.6919685006141665,0.0,4.0,0.0,positive,43.36438978
43.36438978,0.0,0.7855599522590637,0.0,0.0,6.0,2.0,positive,43.50439734
43.50439734,0.0,0.8895447850227356,0.0,0.0,2.0,0.0,negative,43.25201766
43.25201766,0.8892435431480408,0.84779292345047,0.8874840140342712,0.0,4.0,1.0,negative,43.09791439
43.09791439,0.7852245569229126,1.6267624497413635,0.9289759397506714,1.563809156417847,2.0,10.0,positive,43.16003838
43.16003838,0.0,0.0,1.504971981048584,0.829284131526947,4.0,3.0,positive,43.34361383
43.34361383,0.0,0.0,0.0,0.0,1.0,0.0,negative,43.21289662
43.21289662,0.0,3.8564276695251465,0.0,0.0,0.0,2.0,positive,43.5156002092
43.5156002092,0.0,0.8603124022483826,0.0,0.0,2.0,1.0,negative,43.50657528
43.50657528,0.9083678722381592,0.0,0.0,0.0,1.0,1.0,positive,43.5367271
43.5367271,0.8209142684936523,1.6617743372917175,0.0,0.0,4.0,3.0,positive,44.13775264
44.13775264,0.0,0.0,0.0,0.0,2.0,0.0,negative,44.03397621
44.03397621,0.0,0.0,0.0,0.0,0.0,0.0,positive,44.06967094
44.06967094,0.0,0.0,0.0,0.8575658798217773,0.0,0.0,positive,44.20971185
44.20971185,0.8020691871643066,0.8169534802436829,0.0,0.0,1.0,0.0,positive,44.27793267
44.27793267,0.0,0.8731383681297302,0.0,0.0,1.0,2.0,negative,44.07340401
44.07340401,0.0,0.0,2.4303297996521,0.0,5.0,0.0,negative,43.90980606
43.90980606,0.0,1.7258681058883667,0.0,0.0,4.0,1.0,positive,43.93249908
43.93249908,0.8154958486557007,0.0,0.7226125597953796,0.0,4.0,0.0,negative,43.64083543
43.64083543,0.7742806673049927,1.6062639951705933,0.8230845332145691,0.7762695550918579,3.0,1.0,positive,44.30721533
44.30721533,0.0,0.9287291169166564,0.7540904879570007,0.0,1.0,0.0,positive,45.53096209
45.53096209,1.64132159948349,0.0,0.8695093989372253,0.0,5.0,1.0,positive,45.77720442
45.77720442,0.770659327507019,0.915543019771576,0.0,0.704138457775116,3.0,1.0,negative,45.36184402
45.36184402,2.534398853778839,0.0,0.0,0.0,0.0,0.0,negative,44.76140315
44.76140315,0.0,0.7717647552490234,0.713850200176239,0.0,1.0,1.0,positive,44.82877652
44.82877652,0.0,0.7261215448379517,0.8583429455757141,0.7699595093727112,0.0,5.0,positive,45.05398345
45.05398345,0.0,0.865077555179596,0.0,0.0,3.0,1.0,positive,45.16955249
45.16955249,0.0,0.0,1.5498389601707458,0.0,3.0,4.0,negative,44.9074291
44.9074291,0.8946876525878906,1.6237691044807434,0.941451132297516,0.0,3.0,2.0,positive,45.06329404
45.06329404,0.8234816789627075,0.0,2.608608424663544,0.0,6.0,6.0,negative,45.00526106
45.00526106,0.7245900630950928,0.0,0.0,0.0,5.0,3.0,positive,45.20107397
45.20107397,0.8541842103004456,1.5880436301231384,0.7461568713188171,0.0,5.0,1.0,negative,44.7394716
44.7394716,0.8523430824279785,1.6659840941429138,1.7566518783569336,0.0,1.0,2.0,negative,44.41622709
44.41622709,0.0,0.0,0.0,0.0,1.0,1.0,positive,44.7222942616
44.7222942616,0.0,0.7172147035598755,0.9894886612892152,0.0,2.0,1.0,negative,44.60897701
44.60897701,0.7207346558570862,1.9162627458572388,0.9352815747261048,0.0,4.0,0.0,positive,45.22865212
45.22865212,0.0,0.8333930373191833,0.9031801223754884,0.0,4.0,2.0,negative,45.21513128
45.21513128,0.0,2.245003402233124,0.0,0.0,4.0,3.0,negative,45.01167154
45.01167154,0.7207561135292053,3.189037501811981,0.7562431693077087,0.0,6.0,5.0,negative,44.8806032734
44.8806032734,1.7170895338058472,3.712436258792877,0.7627150416374207,0.0,4.0,5.0,positive,45.13270492
45.13270492,3.377461194992065,4.924538016319275,0.7829246520996094,0.8353850245475769,3.0,5.0,positive,45.16323404
45.16323404,0.0,5.074438154697418,0.0,0.0,2.0,2.0,positive,45.24678797
45.24678797,0.0,5.798870205879211,0.0,0.0,1.0,3.0,positive,45.3836115
45.3836115,0.0,2.526863932609558,0.7417237162590027,0.0,2.0,16.0,positive,45.6926863
45.6926863,0.8124640583992004,0.0,0.0,0.0,1.0,4.0,negative,45.67030046
45.67030046,1.671357274055481,1.5923126339912417,0.9806504249572754,0.0,6.0,4.0,negative,45.57362029
45.57362029,0.0,1.726591944694519,0.0,0.8160179257392883,2.0,1.0,negative,45.43102499
45.43102499,0.8445571660995483,1.6046996116638184,0.0,0.0,2.0,2.0,positive,45.57046054
45.57046054,1.6037172079086304,17.415997803211212,0.7161923050880432,0.0,2.0,2.0,negative,45.363341
45.363341,1.5154466032981873,3.6987032890319824,0.8629631996154785,0.0,1.0,1.0,positive,45.5824147
45.5824147,0.0,0.7127817273139954,0.0,0.0,1.0,1.0,negative,44.0132196808
44.0132196808,0.0,1.591789722442627,0.0,0.9010016322135924,3.0,3.0,positive,44.06816335
44.06816335,0.0,8.473483502864838,0.0,5.135246694087982,2.0,14.0,positive,44.085890575
44.085890575,0.7133594751358032,1.5687605738639832,0.8029026985168457,9.895978808403015,2.0,15.0,positive,44.13026226
44.13026226,0.0,0.7355585098266602,0.8606887459754944,13.367394089698792,1.0,16.0,positive,44.17212611
44.17212611,0.0,1.7327948808670044,0.0,2.478538453578949,1.0,6.0,positive,44.26943527
44.26943527,0.9740562438964844,9.064307391643524,0.0,0.7643698453903198,0.0,4.0,negative,44.08671644
44.08671644,0.0,7.330080211162567,0.0,0.0,0.0,2.0,negative,44.07631872
44.07631872,0.0,2.702491044998169,0.0,0.0,0.0,1.0,negative,44.04076786
44.04076786,0.0,0.0,0.9777841567993164,0.7874699234962463,2.0,2.0,negative,43.74693112
43.74693112,0.0,11.932246565818788,0.0,0.0,6.0,0.0,positive,43.8553925655
43.8553925655,0.9507375359535216,0.0,1.648845672607422,0.0,5.0,0.0,negative,43.65889078
43.65889078,0.9267706274986268,1.5491583347320557,0.0,0.0,3.0,2.0,negative,42.69199735
42.69199735,0.0,0.0,0.0,0.0,5.0,1.0,negative,42.56079746
42.56079746,0.8235341310501099,0.7597461938858032,0.0,0.0,2.0,1.0,positive,42.5831841658
42.5831841658,0.0,0.0,0.0,0.0,2.0,1.0,positive,42.6498198701
42.6498198701,0.948712170124054,0.8616436719894409,0.0,0.0,1.0,0.0,positive,42.74270168
42.74270168,0.0,0.7834547162055969,0.0,0.0,2.0,3.0,positive,42.7902407813
42.7902407813,0.0,0.718062698841095,0.0,0.0,1.0,1.0,negative,42.56658895
42.56658895,0.7545257806777954,0.0,1.6197869181632996,0.0,3.0,1.0,positive,42.72624975
42.72624975,0.0,0.0,0.0,0.0,0.0,0.0,positive,43.37616708
43.37616708,0.0,0.0,0.7736133337020874,0.0,2.0,1.0,positive,43.51263558
43.51263558,0.8335301280021667,0.7484809160232544,0.0,0.0,7.0,2.0,positive,43.75885236
43.75885236,0.0,0.0,0.0,0.0,0.0,1.0,negative,43.60281055
43.60281055,0.818011462688446,0.0,0.7740615606307983,0.0,6.0,2.0,positive,43.8193553244
43.8193553244,0.0,0.0,0.0,0.0,1.0,1.0,positive,43.98850179
43.98850179,0.0,0.7406198978424072,0.0,0.0,2.0,0.0,positive,44.11448901
44.11448901,0.0,0.0,0.0,0.0,1.0,1.0,positive,44.41482094
44.41482094,0.0,0.7027329802513123,0.8195162415504456,0.8020861148834229,2.0,0.0,negative,44.20758096
44.20758096,0.0,0.0,0.0,0.0,0.0,0.0,positive,44.23047735
44.23047735,0.0,0.0,0.0,0.0,2.0,1.0,positive,44.35066051
44.35066051,1.5797105431556702,0.0,0.0,0.0,4.0,2.0,negative,44.23761303
44.23761303,0.0,0.0,0.0,0.0,0.0,0.0,negative,44.22657421
44.22657421,0.0,0.0,0.0,0.0,1.0,0.0,negative,44.02234643
44.02234643,0.0,3.405414581298828,0.0,0.0,0.0,0.0,negative,43.98614923
43.98614923,0.0,0.0,0.0,0.0,0.0,0.0,negative,43.76313413
43.76313413,0.0,2.292438328266144,0.7576714158058167,0.0,3.0,1.0,positive,44.0607191
44.0607191,0.0,2.4997740387916565,0.8572219014167786,0.0,1.0,1.0,negative,44.00315957
44.00315957,0.0,1.6759127378463743,0.0,0.0,0.0,3.0,positive,44.05720443
44.05720443,0.0,0.0,0.8324803113937378,0.0,3.0,0.0,positive,44.07575551
44.07575551,0.0,0.0,0.0,0.0,1.0,0.0,negative,44.0331176
44.0331176,0.0,1.6889837384223938,0.0,0.0,1.0,2.0,positive,44.15848492
44.15848492,0.0,1.4462348222732544,0.0,0.0,1.0,2.0,positive,44.20560596
44.20560596,0.0,0.0,0.0,0.0,0.0,2.0,positive,44.24159345
44.24159345,0.0,0.0,0.0,0.0,2.0,1.0,negative,44.17889602
44.17889602,0.0,2.554060935974121,0.0,0.0,0.0,0.0,positive,44.26911389
44.26911389,0.874885618686676,0.0,0.0,0.0,1.0,0.0,negative,43.94826616
43.94826616,0.0,0.7102830410003662,0.0,0.0,0.0,1.0,negative,43.64229962
43.64229962,0.0,34.93524158000946,0.0,0.0,2.0,0.0,negative,43.37405777
43.37405777,0.0,3.205064356327057,0.0,0.0,2.0,3.0,negative,42.91489433
42.91489433,0.0,0.7856004238128662,2.393578350543976,0.0,7.0,2.0,positive,43.163912
43.163912,0.0,1.690147042274475,0.7418249249458313,0.0,1.0,1.0,positive,43.23448052
43.23448052,0.0,0.0,0.0,0.0,2.0,0.0,negative,42.44889275
42.44889275,0.0,0.0,0.7869361042976379,0.0,2.0,1.0,positive,42.56385525
42.56385525,0.0,0.0,0.0,0.0,1.0,0.0,negative,42.50589993
42.50589993,0.0,0.7159717082977295,0.0,0.0,0.0,2.0,negative,42.50319241
42.50319241,0.0,0.0,0.0,0.0,0.0,1.0,positive,42.84263282
42.84263282,0.0,0.0,0.0,0.0,0.0,0.0,negative,42.5870212
42.5870212,0.0,0.0,0.0,0.0,1.0,0.0,negative,42.5429455
42.5429455,0.0,0.0,0.0,0.0,0.0,0.0,positive,42.99120232
42.99120232,0.0,0.0,0.0,0.0,1.0,1.0,negative,42.95150428
42.95150428,0.7653588056564331,1.4649163484573364,0.0,0.0,2.0,5.0,positive,43.21199523
43.21199523,0.8361459970474243,0.0,0.7995431423187256,0.9408752918243408,1.0,1.0,positive,43.27384055
43.27384055,1.5899717211723328,0.7085798382759094,0.0,0.0,1.0,0.0,negative,43.22250646
43.22250646,3.3932833671569824,0.8673334121704102,1.617891013622284,0.0,2.0,2.0,negative,42.94612981
42.94612981,0.9324382543563844,0.7488773465156555,0.0,0.0,2.0,3.0,negative,42.91152736
42.91152736,0.0,0.0,0.0,0.0,0.0,0.0,positive,42.96423343
42.96423343,0.0,0.0,0.0,0.0,0.0,2.0,negative,42.84233863
42.84233863,0.7196545004844666,3.405414581298828,0.0,0.0,1.0,0.0,negative,42.57828421
42.57828421,0.0,8.522317230701447,0.0,0.0,1.0,2.0,positive,42.80700131
42.80700131,0.8030626773834229,0.0,0.0,0.0,0.0,0.0,negative,42.58773597
42.58773597,0.0,0.0,0.0,0.0,1.0,0.0,negative,42.29839995
42.29839995,0.0,0.7370370626449585,0.0,0.0,0.0,1.0,negative,42.20691346
42.20691346,0.0,0.851353645324707,0.0,0.0,1.0,2.0,positive,42.56845825
42.56845825,0.0,0.0,0.9011553525924684,0.0,3.0,0.0,negative,42.35920879
42.35920879,0.0,0.851353645324707,0.0,0.0,4.0,0.0,negative,42.28770628
42.28770628,0.7546855807304382,0.0,0.8100320100784302,0.0,2.0,2.0,positive,42.43205739
42.43205739,0.761643648147583,0.8344345688819885,0.0,0.8075411319732666,1.0,3.0,positive,42.60785824
42.60785824,0.8913015723228455,1.5188369154930117,0.0,0.0,0.0,1.0,positive,42.75130978
42.75130978,0.0,0.8472708463668823,0.0,0.0,0.0,1.0,positive,42.7559840311
42.7559840311,0.0,0.0,0.0,0.0,0.0,0.0,negative,42.68914754
42.68914754,0.0,0.0,0.0,0.0,1.0,2.0,positive,42.95491471
42.95491471,0.0,1.6564624309539795,0.0,0.0,0.0,3.0,positive,43.7136261985
43.7136261985,0.7231767773628235,0.0,0.0,0.0,2.0,2.0,negative,43.70694464
43.70694464,0.0,0.0,0.7352246642112732,0.0,2.0,0.0,positive,43.790104969
43.790104969,0.0,0.7512882947921753,0.0,0.0,0.0,8.0,positive,43.8463827747
43.8463827747,0.0,0.7280148267745972,0.0,0.8303871750831604,0.0,6.0,negative,43.61102761
43.61102761,0.0,6.624342679977417,0.0,0.0,0.0,0.0,negative,43.4417448
43.4417448,0.0,0.7990760803222656,0.0,0.0,1.0,2.0,positive,43.86143258
43.86143258,0.0,1.6263545155525208,0.0,0.0,2.0,2.0,negative,43.7370915
43.7370915,0.8484134078025818,0.8991913199424744,0.0,0.0,4.0,1.0,positive,43.91942406
43.91942406,0.0,7.255318343639374,0.0,0.0,1.0,1.0,negative,43.80673518
43.80673518,0.0,0.0,0.0,0.0,1.0,0.0,negative,43.53652932
43.53652932,0.0,5.587440073490143,0.0,0.0,0.0,1.0,positive,43.72226768
43.72226768,0.0,4.023660123348236,0.7967720627784729,0.0,0.0,0.0,positive,43.76239366
43.76239366,0.0,1.6094640493392944,0.0,0.0,1.0,0.0,positive,44.2841079
44.2841079,0.7906241416931152,0.0,0.0,0.0,1.0,0.0,positive,44.62765908
44.62765908,0.0,14.737081706523895,1.79923814535141,0.0,4.0,3.0,negative,44.58150455
44.58150455,0.0,12.083710491657255,0.0,0.0,0.0,0.0,negative,44.5705988931
44.5705988931,1.5811625719070437,12.89559245109558,0.7575401067733765,0.0,4.0,15.0,negative,44.46339576
44.46339576,0.0,0.0,0.0,0.0,1.0,0.0,positive,44.75869919
44.75869919,0.0,2.4057319164276123,0.0,0.7650766372680664,1.0,4.0,positive,45.03734061
45.03734061,0.0,0.0,0.0,0.0,0.0,0.0,negative,44.99368623
44.99368623,0.718201220035553,0.0,0.0,0.0,1.0,1.0,negative,44.8877791
44.8877791,0.0,1.5931215286254885,0.0,0.0,1.0,4.0,negative,44.87313074
44.87313074,0.0,4.133604824542999,0.0,0.8046591877937317,1.0,1.0,negative,44.67671147
44.67671147,1.4885294437408447,2.4730741381645203,0.0,0.0,1.0,0.0,negative,44.47192603
44.47192603,0.0,1.6487160921096802,0.0,0.0,0.0,1.0,positive,44.63542512
44.63542512,0.7309926748275757,3.755327224731445,0.0,1.7859436869621277,2.0,4.0,positive,44.64580077
44.64580077,1.649028241634369,3.8894254565238953,0.0,0.0,1.0,2.0,positive,44.84519462
44.84519462,1.4287478923797607,5.556566834449768,0.0,0.0,3.0,2.0,negative,44.50224025
44.50224025,0.8555158376693726,1.5652722120285034,0.0,0.0,0.0,1.0,negative,44.43332939
44.43332939,0.7332944273948669,0.7517984509468079,1.4467841982841492,3.512832999229431,2.0,4.0,positive,44.65246514
44.65246514,1.6240460872650146,0.7609233260154724,0.0,0.0,4.0,2.0,negative,44.28429886
44.28429886,0.0,5.41888701915741,0.754863977432251,0.7981933951377869,0.0,4.0,positive,44.55193795
44.55193795,0.8028697967529297,3.2970008850097656,0.0,0.0,1.0,4.0,positive,45.9876883127
45.9876883127,0.0,0.0,0.0,0.7033601999282837,6.0,1.0,positive,46.1686376007
46.1686376007,0.0,4.400506436824799,0.0,0.8158354163169861,2.0,4.0,negative,46.01439809
46.01439809,0.0,0.0,3.1664239168167114,0.7962985634803772,7.0,3.0,positive,46.61708326
46.61708326,0.0,0.0,0.0,0.0,2.0,1.0,positive,46.90287912
46.90287912,0.0,0.7777172923088074,0.0,0.8364230990409851,1.0,3.0,negative,46.53513876
46.53513876,0.7284470796585083,0.0,0.0,0.774030864238739,0.0,1.0,positive,46.66509478
46.66509478,0.7996872663497925,0.8123571872711182,0.0,1.6444900035858154,4.0,1.0,positive,46.92661032
46.92661032,0.0,1.7136372327804563,0.0,0.0,0.0,1.0,negative,46.84473522
46.84473522,0.0,2.216922104358673,0.0,0.0,0.0,4.0,positive,47.53863087
47.53863087,0.7817121744155884,0.827970027923584,0.0,0.0,2.0,2.0,negative,47.27460915
47.27460915,0.0,0.0,0.0,0.0,0.0,0.0,negative,46.46070862
46.46070862,0.0,0.0,0.0,0.0,1.0,1.0,negative,46.44032494
46.44032494,0.0,0.0,0.0,0.0,2.0,1.0,positive,46.64709751
46.64709751,0.0,0.0,0.0,0.0,1.0,0.0,positive,46.77434682
46.77434682,0.0,0.0,0.0,0.0,2.0,0.0,positive,47.03105634
47.03105634,0.0,0.0,0.0,0.0,0.0,1.0,negative,46.83010777
46.83010777,0.0,0.0,0.0,0.0,2.0,1.0,negative,46.19461768
46.19461768,0.0,0.744932234287262,0.0,0.0,0.0,4.0,positive,46.34251142
46.34251142,0.0,2.358590841293335,0.7772783041000366,0.0,1.0,0.0,positive,46.52924056
46.52924056,0.0,1.4786455035209656,0.0,0.0,0.0,3.0,negative,45.9526747
45.9526747,0.0,0.8528730273246765,0.9098885655403136,0.0,3.0,0.0,negative,45.5742285993
45.5742285993,0.0,2.5585339665412903,0.0,0.0,2.0,0.0,positive,46.04167151
46.04167151,0.0,0.0,0.0,0.8724323511123657,2.0,1.0,positive,46.15826331
46.15826331,0.9271140098571776,0.8609271049499512,0.978496253490448,0.0,3.0,2.0,negative,46.04035254
46.04035254,0.0,0.0,0.9903675317764282,0.0,2.0,0.0,positive,46.06402105
46.06402105,0.0,0.0,0.0,0.0,4.0,1.0,negative,45.91636161
45.91636161,0.0,0.7524480819702148,0.0,0.0,0.0,1.0,negative,45.8592336
45.8592336,0.0,0.0,0.7510074973106384,0.0,5.0,0.0,positive,46.25211653
46.25211653,0.7948641180992126,0.0,0.0,0.0,1.0,0.0,positive,46.67560339
46.67560339,1.6348435878753662,1.6468217968940737,0.0,0.8310168981552124,3.0,5.0,positive,46.76467965
46.76467965,0.0,0.7275077104568481,0.0,0.0,2.0,4.0,positive,46.82102291
46.82102291,0.0,0.0,0.0,0.0,1.0,1.0,positive,47.26198641
47.26198641,0.7903380393981934,0.0,0.0,0.7493430376052856,1.0,2.0,positive,48.12523141
48.12523141,0.8049335479736328,0.0,0.0,0.0,2.0,2.0,positive,48.59941441
48.59941441,0.8848106861114502,0.0,0.0,0.8027017116546631,4.0,1.0,positive,48.60403637
48.60403637,0.0,0.0,0.0,0.0,0.0,1.0,positive,48.66233257
48.66233257,0.0,0.0,0.0,0.0,0.0,0.0,positive,48.81187292
48.81187292,0.0,0.0,0.0,0.0,1.0,1.0,positive,48.95239032
48.95239032,0.0,0.0,0.0,1.5359987020492554,0.0,3.0,positive,49.54759009
49.54759009,0.0,0.892265796661377,0.0,0.0,0.0,3.0,negative,49.4065279671
49.4065279671,0.0,0.8298331499099731,0.9352516531944276,0.0,3.0,3.0,negative,45.75693264
45.75693264,0.0,0.0,0.0,0.0,2.0,1.0,negative,45.65260411
45.65260411,0.0,1.4985129833221436,0.0,0.0,1.0,1.0,positive,45.674266
45.674266,0.0,2.6516849994659424,0.0,1.7027552127838137,0.0,5.0,positive,45.83695962
45.83695962,0.0,7.481156408786774,0.0,0.0,0.0,5.0,positive,45.92351688
45.92351688,0.0,0.8373470306396484,0.0,0.7913074493408203,0.0,1.0,negative,45.91493225
45.91493225,0.0,0.0,0.0,0.0,3.0,1.0,negative,45.8818752
45.8818752,0.0,0.0,0.0,0.0,0.0,1.0,positive,45.95117441
45.95117441,0.0,0.0,0.0,0.0,0.0,0.0,positive,46.07431613
46.07431613,0.0,1.5763514637947085,0.0,0.992207407951355,0.0,1.0,positive,46.44397539
46.44397539,0.0,0.8224084973335266,0.0,0.0,1.0,1.0,positive,46.83942403
46.83942403,0.0,1.5863481760025024,0.0,0.0,2.0,2.0,positive,46.84730533
46.84730533,1.686045527458191,1.6440107226371763,0.0,0.0,3.0,0.0,positive,47.0368848507
47.0368848507,0.0,0.7262212634086609,0.0,0.0,1.0,2.0,positive,47.15424393
47.15424393,0.8657615184783936,0.0,1.549436628818512,0.0,3.0,0.0,positive,47.21950348
47.21950348,0.0,0.7887385487556458,0.0,0.0,2.0,1.0,negative,46.92519823
46.92519823,0.924241304397583,0.0,0.7250224351882935,0.0,4.0,1.0,positive,47.17289444
47.17289444,3.2728846073150635,1.602706789970398,0.860203742980957,0.0,3.0,0.0,positive,47.3442477686
47.3442477686,0.0,1.5787787437438965,0.7295488715171814,0.0,1.0,2.0,positive,47.98005565
47.98005565,0.9775221347808838,0.0,0.0,0.0,2.0,1.0,negative,47.60064567
47.60064567,1.7424762845039368,0.821405291557312,0.0,0.0,2.0,1.0,positive,47.82249923
47.82249923,0.0,0.0,0.0,0.0,2.0,0.0,negative,47.07448585
47.07448585,0.0,0.0,0.0,0.0,0.0,0.0,positive,47.10764664
47.10764664,0.0,0.944853663444519,0.0,0.0,0.0,0.0,positive,47.4581657911
47.4581657911,0.9215126633644104,0.0,0.0,0.0,0.0,0.0,positive,47.63987891
47.63987891,0.0,0.7323818206787109,0.0,0.0,2.0,2.0,positive,47.72749744
47.72749744,0.0,2.378907799720764,0.9242734313011168,0.0,5.0,2.0,negative,47.31123485
47.31123485,0.7310076951980591,0.0,0.7714026570320129,0.0,3.0,3.0,positive,47.44001752
47.44001752,0.0,1.623858094215393,0.0,0.7714844942092896,1.0,3.0,positive,47.637595
47.637595,0.0,0.0,0.0,0.0,3.0,0.0,positive,47.82537613
47.82537613,0.0,2.690936982631684,0.0,0.0,0.0,0.0,negative,47.59637056
47.59637056,0.8132652640342712,0.7203091382980347,0.0,0.0,1.0,2.0,positive,47.72375205
47.72375205,0.0,0.0,0.0,0.0,1.0,1.0,negative,47.52988041
47.52988041,0.0,3.2040225863456726,0.0,0.8346526026725769,0.0,3.0,positive,47.73039296
47.73039296,0.0,1.6997594833374023,0.0,0.0,2.0,2.0,negative,47.32499089
47.32499089,0.0,0.8167294859886169,0.0,0.0,0.0,4.0,negative,47.31092161
47.31092161,0.0,0.723242998123169,0.0,0.0,0.0,1.0,negative,47.1118309069
47.1118309069,0.0,0.0,0.9403673410415648,0.0,1.0,1.0,positive,47.41597108
47.41597108,0.7139123678207397,0.0,0.0,0.0,1.0,1.0,negative,47.30370387
47.30370387,0.8376632928848267,1.509856939315796,0.8063454031944275,0.0,4.0,2.0,negative,46.97342379
46.97342379,0.0,0.7278535962104797,0.0,0.0,2.0,1.0,positive,47.05314611
47.05314611,0.0,0.0,0.0,0.0,0.0,1.0,negative,46.67323785
46.67323785,0.7881173491477966,0.0,0.0,0.0,2.0,1.0,negative,46.598886156
46.598886156,0.0,0.0,0.0,0.0,2.0,1.0,positive,46.76093
46.76093,0.7966094613075256,0.0,0.0,0.0,0.0,0.0,positive,46.7724543149
46.7724543149,0.8073848485946655,0.0,0.0,0.0,0.0,1.0,positive,47.1393539494
47.1393539494,0.7209432721138,0.0,0.0,0.0,3.0,0.0,negative,47.05724628
47.05724628,0.0,0.0,0.0,0.0,0.0,0.0,negative,46.98347366
46.98347366,0.0,0.0,0.8089272379875183,0.0,4.0,0.0,positive,47.0519161618
47.0519161618,0.7334900498390198,0.0,0.0,0.0,3.0,1.0,negative,46.54110434
46.54110434,0.7185714840888977,0.0,0.0,0.0,2.0,2.0,positive,46.6792496
46.6792496,0.8837904334068298,0.0,0.0,0.0,4.0,0.0,positive,46.82124763
46.82124763,0.0,0.0,0.0,0.0,0.0,0.0,negative,46.73195764
46.73195764,0.0,0.0,0.0,0.0,2.0,0.0,positive,46.76955515
46.76955515,0.0,0.0,0.0,0.0,1.0,0.0,negative,46.7608196623
46.7608196623,0.0,0.0,0.0,0.0,0.0,2.0,negative,46.5103842422
46.5103842422,0.0,0.0,0.0,0.0,1.0,0.0,positive,46.54487755
46.54487755,0.0,0.0,0.0,0.0,0.0,0.0,negative,46.3845847384
46.3845847384,0.0,0.0,0.993091881275177,0.0,1.0,0.0,negative,46.27787695
46.27787695,0.0,0.0,0.0,0.0,0.0,0.0,negative,45.6073719701
45.6073719701,0.0,0.0,0.0,0.0,1.0,0.0,positive,45.82570494
45.82570494,0.0,0.0,0.0,0.0,1.0,2.0,positive,45.87589752
45.87589752,0.0,0.0,0.0,0.0,0.0,0.0,positive,46.54029488
46.54029488,0.0,0.7357544302940369,0.0,0.0,1.0,1.0,positive,46.60513374
46.60513374,0.0,0.7029946446418762,1.6312597393989563,0.0,0.0,0.0,positive,46.66800204
46.66800204,0.0,0.0,0.0,0.0,4.0,0.0,positive,46.69496329
46.69496329,0.7232320308685303,0.0,0.0,0.0,5.0,0.0,positive,46.86646852
46.86646852,0.8218826651573181,0.0,0.0,0.0,0.0,1.0,negative,46.7624691
46.7624691,0.0,0.0,0.8386543989181519,0.0,1.0,1.0,negative,46.71385089
46.71385089,0.0,0.8010677099227905,0.0,0.7586538195610046,0.0,2.0,negative,46.59582686
46.59582686,0.0,1.659089207649231,0.0,0.0,0.0,1.0,positive,46.631476496
46.631476496,0.0,0.7122954726219177,0.0,0.0,2.0,1.0,negative,46.39651698
46.39651698,0.0,0.8870503902435303,0.0,0.0,0.0,0.0,negative,46.3048645002
46.3048645002,0.0,0.8797435760498047,0.0,0.0,2.0,1.0,positive,46.3809085494
46.3809085494,0.0,0.7916520237922668,0.0,0.0,2.0,0.0,negative,46.34276579
46.34276579,0.0,0.0,0.0,0.0,1.0,0.0,negative,46.24333827
46.24333827,0.7054570317268372,0.8171294927597046,0.0,0.0,3.0,1.0,positive,46.471441879
46.471441879,1.4334703087806702,0.0,0.0,0.0,3.0,1.0,negative,46.11322427
46.11322427,0.0,0.0,0.0,0.0,1.0,0.0,positive,46.19027291
46.19027291,0.0,0.0,0.0,0.0,1.0,1.0,positive,46.24213016
46.24213016,0.0,0.0,0.0,0.0,3.0,0.0,positive,46.2904861371
46.2904861371,0.0,0.0,0.8512632250785828,0.0,0.0,0.0,negative,46.17101099
46.17101099,0.0,0.0,0.0,0.0,1.0,0.0,positive,46.22514711
46.22514711,0.0,0.0,0.0,0.0,1.0,0.0,positive,46.3787857
46.3787857,0.8327943086624146,0.0,0.9157937169075012,0.0,5.0,0.0,negative,46.2401672
46.2401672,2.3136359453201294,0.7744921445846558,0.721976101398468,0.0,8.0,1.0,negative,46.1679151537
46.1679151537,0.0,0.0,0.0,0.0,3.0,0.0,negative,45.7947214
45.7947214,0.7605001926422119,0.0,0.763459324836731,0.0,4.0,0.0,positive,45.96913768
45.96913768,0.0,0.0,0.7969716787338257,0.0,1.0,0.0,positive,46.06941413
46.06941413,0.0,0.0,0.0,0.0,4.0,0.0,positive,46.17640352
46.17640352,0.0,0.0,0.0,0.0,1.0,0.0,negative,46.09852984
46.09852984,0.0,0.0,0.0,0.0,2.0,2.0,positive,46.38314471
46.38314471,0.0,0.0,0.8030337691307068,0.0,0.0,1.0,negative,46.20669601
46.20669601,0.0,0.7035884261131287,0.0,0.0,1.0,0.0,negative,45.96801142
45.96801142,0.0,0.0,0.0,0.0,5.0,0.0,negative,45.94955554
45.94955554,0.8380686640739441,0.7224425673484802,0.0,0.0,3.0,1.0,positive,46.42894215
46.42894215,1.5708990097045898,4.465000748634338,0.0,0.0,3.0,1.0,negative,46.26972797
46.26972797,0.8361343741416931,0.0,0.7668734788894653,0.0,5.0,1.0,positive,46.44643605
46.44643605,0.0,0.0,2.3928955793380737,0.0,7.0,0.0,positive,46.72722448
46.72722448,1.585050404071808,0.0,0.8582162857055664,0.0,3.0,3.0,negative,46.46152763
46.46152763,0.0,0.0,0.8153076767921448,0.0,3.0,0.0,positive,46.67997596
46.67997596,0.0,0.0,0.0,0.7277301549911499,0.0,2.0,positive,46.82076757
46.82076757,0.0,0.0,0.0,0.0,0.0,0.0,negative,46.69754635
46.69754635,0.0,3.368946611881256,0.0,0.0,1.0,1.0,negative,46.67930387
46.67930387,0.0,3.1792184114456177,0.0,1.7076495885849,3.0,3.0,negative,46.34226135
46.34226135,0.0,0.0,0.0,0.9059292674064636,0.0,1.0,positive,46.42628092
46.42628092,0.0,0.800436794757843,0.953914761543274,0.0,1.0,1.0,positive,46.44018104
46.44018104,0.9009448885917664,0.0,0.0,0.8003344535827637,1.0,2.0,negative,45.62198627
45.62198627,1.4987629055976868,1.689188838005066,0.0,0.0,1.0,2.0,negative,45.5535733
45.5535733,0.0,0.7761492133140564,0.9343374371528624,0.0,3.0,2.0,negative,43.9861598
43.9861598,0.0,0.0,0.0,0.0,1.0,0.0,negative,43.64458572
43.64458572,2.42736279964447,0.0,0.0,0.9832351207733154,2.0,1.0,positive,43.84447039
43.84447039,0.0,0.0,0.0,0.0,5.0,0.0,negative,43.5007242977
43.5007242977,0.8976932168006897,0.0,0.0,0.7597256302833557,1.0,0.0,positive,43.7568703
43.7568703,0.0,0.0,0.0,1.873266875743866,1.0,2.0,negative,43.74732952
43.74732952,0.0,0.0,0.0,0.0,0.0,1.0,positive,43.92748618
43.92748618,0.0,0.0,0.0,0.0,0.0,0.0,positive,44.28918359
44.28918359,0.0,0.7514473795890808,0.0,0.0,2.0,1.0,negative,44.263465
44.263465,0.0,0.7990503311157227,0.0,0.0,0.0,0.0,positive,44.54862624
44.54862624,1.6982606053352356,0.9012761116027832,0.0,0.0,2.0,1.0,positive,45.09637452
45.09637452,0.0,0.0,0.0,0.7635151147842407,1.0,2.0,negative,44.90782296
44.90782296,0.0,0.0,0.0,0.8558390140533447,0.0,1.0,negative,44.62953655
44.62953655,0.0,1.5779123902320862,0.0,0.0,2.0,0.0,positive,44.78757822
44.78757822,0.0,2.622197687625885,1.5818832516670227,0.0,3.0,1.0,positive,44.81893745
44.81893745,0.0,2.3656437397003174,0.0,0.9622799158096312,2.0,1.0,positive,44.82805407
44.82805407,0.0,1.5586618185043335,0.0,0.0,1.0,0.0,negative,44.7120505
44.7120505,0.0,0.7564027905464172,0.955322265625,0.7776916027069092,1.0,0.0,negative,44.60618884
44.60618884,0.7800549268722534,0.0,0.0,0.0,1.0,1.0,positive,44.61218228
44.61218228,0.0,1.5594089031219482,0.0,0.0,0.0,2.0,positive,44.81312528
44.81312528,0.0,0.7932866215705872,0.0,0.0,0.0,0.0,positive,44.85600018
44.85600018,0.0,0.0,0.0,0.0,0.0,0.0,negative,44.76830289
44.76830289,1.4968810081481934,0.0,0.0,0.0,0.0,0.0,positive,44.78800933
44.78800933,0.0,0.0,0.0,0.7106059789657593,3.0,1.0,positive,44.80747494
44.80747494,0.0,0.0,0.0,0.0,1.0,1.0,positive,44.95157871
44.95157871,0.0,0.0,0.7834025025367737,0.0,2.0,2.0,negative,44.90826938
44.90826938,0.0,0.7992599606513977,0.0,0.0,2.0,0.0,negative,44.83548318
44.83548318,0.0,0.0,0.7547563910484314,0.0,2.0,1.0,positive,45.0945597
45.0945597,0.0,0.7312198877334595,0.0,0.0,0.0,1.0,negative,44.87248626
44.87248626,0.0,0.7476553916931152,1.615242779254913,0.0,1.0,0.0,negative,44.78862173
44.78862173,0.7018844485282898,0.0,0.0,0.0,2.0,1.0,negative,44.62092157
44.62092157,0.0,0.7526814937591553,0.0,0.0,0.0,0.0,negative,44.32517314
44.32517314,0.0,0.855410099029541,0.0,0.0,3.0,3.0,positive,44.48787839
44.48787839,0.8749036192893982,0.0,0.0,0.0,3.0,2.0,positive,44.59793536
44.59793536,0.0,0.0,0.0,0.0,1.0,0.0,negative,44.58660702
44.58660702,0.0,0.0,0.9916292428970336,0.839184045791626,2.0,1.0,negative,44.55547726
44.55547726,0.844322919845581,0.0,0.0,0.0,0.0,2.0,negative,44.38064846
44.38064846,0.0,0.7041884660720825,0.0,0.0,0.0,1.0,negative,44.3261498
44.3261498,0.0,0.0,0.0,0.0,0.0,0.0,negative,44.06206674
44.06206674,0.0,0.0,0.0,0.0,0.0,0.0,positive,44.08452628
44.08452628,0.0,0.0,0.0,0.0,0.0,0.0,negative,43.82506678
43.82506678,0.7673212289810181,0.0,0.0,0.0,3.0,0.0,negative,43.11713831
43.11713831,0.7707741260528564,0.0,0.0,0.0,1.0,2.0,negative,42.3440368254
42.3440368254,0.0,0.8409135937690735,0.8060895204544067,0.0,3.0,1.0,positive,42.74534643
42.74534643,0.0,0.0,0.7596405744552612,0.0,3.0,0.0,positive,42.89697347
42.89697347,0.9047412276268004,0.7278856039047241,0.0,0.0,0.0,0.0,positive,42.97430089
42.97430089,2.5875819325447083,0.7021559476852417,0.0,0.0,0.0,0.0,positive,43.1405899
43.1405899,0.7763175964355469,0.8655856847763062,0.0,0.0,2.0,1.0,positive,43.55937045
43.55937045,0.8216943740844727,0.0,0.8292302489280701,0.0,3.0,1.0,positive,43.73674129
43.73674129,0.0,1.5306744575500488,0.0,0.0,1.0,3.0,positive,43.97959294
43.97959294,0.8613384962081909,0.0,0.7094548344612122,0.9015843868255616,0.0,1.0,negative,43.94148111
43.94148111,0.9303357005119324,0.7203991413116455,0.0,0.0,1.0,1.0,negative,43.91429476
43.91429476,0.0,1.706921637058258,0.0,0.7380383014678955,0.0,1.0,negative,43.77049619
43.77049619,0.0,1.4465253949165344,1.5781280994415283,1.7140561938285828,1.0,1.0,positive,44.13870416
44.13870416,0.0,0.0,0.0,0.760850727558136,0.0,2.0,negative,44.06254367
44.06254367,0.0,0.0,0.0,0.0,0.0,0.0,negative,43.76765851
43.76765851,0.9645153880119324,0.0,0.0,0.0,0.0,1.0,negative,43.75619794
43.75619794,0.8155025839805603,0.7088540196418762,0.0,0.0,0.0,1.0,positive,43.90572837
43.90572837,0.0,0.0,0.0,0.0,0.0,0.0,negative,43.78604531
43.78604531,0.0,0.0,0.0,0.7303199768066406,0.0,2.0,negative,43.66244944
43.66244944,1.5688700079917908,0.890839695930481,0.0,4.05420047044754,2.0,13.0,negative,43.62518962
43.62518962,0.8476763963699341,0.726889967918396,0.0,0.0,1.0,2.0,positive,43.64758236
43.64758236,0.0,11.638325154781342,0.0,0.9558625817298888,1.0,3.0,positive,43.78464322
43.78464322,0.8976932168006897,0.0,0.8957861661911011,0.0,1.0,0.0,positive,43.87725723
43.87725723,0.0,0.0,0.0,0.0,2.0,2.0,negative,43.5666021
43.5666021,0.0,0.0,0.0,0.0,1.0,0.0,positive,43.84820762
43.84820762,0.0,0.0,0.0,0.0,1.0,1.0,positive,44.02315695
44.02315695,0.0,1.8144010305404663,0.0,0.0,0.0,0.0,positive,44.7785089985
44.7785089985,0.7062672972679138,0.0,0.0,0.0,0.0,0.0,negative,44.417187
44.417187,0.827491044998169,0.0,1.611510455608368,0.0,4.0,0.0,positive,44.52316482
44.52316482,0.0,0.7855088114738464,0.0,0.0,0.0,2.0,negative,44.44075844
44.44075844,0.0,1.574423849582672,0.0,0.7172194719314575,1.0,4.0,negative,44.23405005
44.23405005,0.0,3.1761605739593506,0.0,0.0,1.0,8.0,negative,43.98303991
43.98303991,0.0,0.0,0.0,0.0,0.0,0.0,negative,43.62698256
43.62698256,0.0,0.0,0.0,0.0,1.0,0.0,positive,43.95223918
43.95223918,0.9012145400047302,0.0,0.7676737904548645,0.0,1.0,0.0,positive,44.03235715
44.03235715,0.0,0.0,0.0,0.0,0.0,0.0,negative,44.01654073
44.01654073,0.8424882888793945,2.3212409615516663,0.0,0.0,2.0,3.0,negative,44.01168227
44.01168227,0.7546133399009705,1.6893335580825806,0.0,0.0,0.0,2.0,negative,43.7795062341
43.7795062341,1.652420997619629,4.930477619171143,1.567380964756012,0.0,2.0,7.0,negative,43.67608466
43.67608466,0.0,0.0,0.0,0.0,1.0,0.0,positive,43.73485416
43.73485416,0.0,2.718865752220154,0.0,0.0,1.0,4.0,positive,43.78363431
43.78363431,0.8121930360794067,0.9947945475578308,0.0,0.0,1.0,0.0,negative,43.59740966
43.59740966,0.0,0.0,0.0,0.0,0.0,0.0,negative,43.47842492
43.47842492,0.0,0.0,0.0,0.0,1.0,1.0,positive,43.6128415138
43.6128415138,0.0,0.8232303261756897,0.8500221371650696,0.0,1.0,0.0,negative,43.60966365
43.60966365,0.7423126697540283,0.7708553075790405,0.0,0.0,2.0,1.0,negative,43.42119015
43.42119015,0.764011025428772,1.52004474401474,0.0,0.0,1.0,0.0,positive,43.56013067
43.56013067,0.9324219822883606,1.6870062351226809,0.0,0.0,1.0,1.0,negative,43.26459257
43.26459257,1.6442109942436218,0.8767219185829163,0.0,0.0,2.0,0.0,negative,43.10967759
43.10967759,0.0,0.0,0.0,0.0,0.0,2.0,positive,43.2808089
43.2808089,0.0,0.0,0.0,0.0,0.0,0.0,negative,43.1343296854
43.1343296854,0.0,0.0,0.0,0.0,1.0,0.0,positive,43.45837304
43.45837304,0.0,0.7587598562240601,0.0,0.0,0.0,2.0,positive,43.57310908
43.57310908,0.0,0.0,0.0,0.0,0.0,0.0,negative,43.4502775091
43.4502775091,0.8887500762939453,0.7263420820236206,0.0,0.0,1.0,2.0,negative,43.4089995055
43.4089995055,0.0,5.078729867935181,0.0,0.0,1.0,8.0,negative,43.21413641
43.21413641,0.7159410119056702,0.0,0.0,0.0,1.0,0.0,negative,43.02583777
43.02583777,0.0,0.0,0.0,0.0,1.0,0.0,negative,42.89939838
42.89939838,0.0,0.0,0.0,0.0,0.0,1.0,negative,42.67983406
42.67983406,0.8814713954925537,0.0,0.0,0.0,0.0,0.0,positive,42.8878091
42.8878091,0.0,0.9280771017074584,0.0,0.0,1.0,0.0,positive,42.940871
42.940871,0.883303701877594,0.0,0.0,0.0,2.0,1.0,positive,43.14205814
43.14205814,0.0,0.0,0.0,0.0,1.0,0.0,positive,43.15335326
43.15335326,0.0,0.0,0.9592034220695496,0.0,1.0,1.0,negative,42.9927760326
42.9927760326,0.7236578464508057,0.7618460059165955,0.0,0.0,0.0,2.0,negative,42.9687607
42.9687607,0.0,0.0,0.0,0.0,0.0,1.0,negative,42.9378016
42.9378016,0.0,0.0,0.0,0.0,0.0,0.0,positive,42.98314977
42.98314977,0.0,0.0,0.0,0.0,0.0,2.0,positive,42.9929529
42.9929529,1.59393572807312,0.0,0.0,0.0,2.0,1.0,negative,42.9520716977
42.9520716977,0.8185665011405945,0.0,0.0,0.0,3.0,0.0,positive,43.28247658
43.28247658,0.0,0.7991005778312683,0.0,0.0,3.0,0.0,positive,43.3468149
43.3468149,0.0,0.0,0.0,0.0,1.0,0.0,positive,43.60595871
43.60595871,0.8453760743141174,0.0,0.7981346249580383,0.0,5.0,2.0,negative,43.51365867
43.51365867,0.8775875568389893,0.0,0.0,0.0,1.0,1.0,negative,43.4441319204
43.4441319204,0.0,0.9090222716331482,0.8782438039779663,0.0,2.0,1.0,positive,43.48247834
43.48247834,0.9045857191085817,0.0,0.0,0.0,2.0,0.0,positive,43.53078043
43.53078043,0.8624319434165955,0.0,0.0,0.0,2.0,1.0,negative,43.37207073
43.37207073,1.7287611365318298,0.0,0.0,0.0,0.0,0.0,negative,43.2711951457
43.2711951457,0.0,3.418616890907288,0.0,0.0,0.0,3.0,positive,43.4438361
43.4438361,0.0,0.7487533688545227,0.0,0.7171464562416077,0.0,2.0,negative,43.23172103
43.23172103,0.0,0.0,0.0,0.0,0.0,0.0,positive,43.27449611
43.27449611,0.8421508073806763,0.0,0.7211579084396362,0.0,0.0,0.0,negative,43.2215691254
43.2215691254,0.7254866361618042,0.0,0.0,0.0,0.0,1.0,negative,43.08744304
43.08744304,0.0,0.8409135937690735,0.0,0.0,0.0,1.0,positive,43.41431906
43.41431906,0.0,2.4061227440834045,0.0,0.0,1.0,2.0,positive,43.50882096
43.50882096,0.0,2.174026668071747,0.0,0.7274631857872009,0.0,6.0,positive,43.68013296
43.68013296,0.0,0.0,0.0,0.0,0.0,1.0,negative,43.435064001
43.435064001,0.872896671295166,0.7369997501373291,0.0,0.735629141330719,1.0,2.0,positive,43.54137042
43.54137042,0.0,3.1321981549263,0.0,0.0,0.0,5.0,positive,43.5939166476
43.5939166476,0.0,0.8615214228630066,0.7072726488113403,0.0,1.0,0.0,positive,43.8355228565
43.8355228565,0.0,0.0,0.0,0.0,2.0,0.0,negative,43.62503279
43.62503279,0.0,3.821457087993622,0.7466186881065369,0.0,1.0,5.0,positive,44.14366727
44.14366727,0.0,0.8634111285209656,0.0,0.0,0.0,0.0,negative,44.06868245
44.06868245,0.0,3.9196214079856873,0.0,0.0,1.0,5.0,positive,44.33644144
44.33644144,0.0,1.5444751381874084,0.0,0.0,1.0,2.0,negative,44.188004
44.188004,0.7198220491409302,0.0,0.0,0.0,2.0,0.0,negative,43.65548008
43.65548008,0.0,0.7664926648139954,0.0,0.0,0.0,1.0,positive,43.9114200762
43.9114200762,0.0,0.7198697924613953,0.0,0.0,0.0,2.0,negative,43.84017467
43.84017467,0.0,1.6701995730400083,0.0,0.0,0.0,2.0,positive,44.05834888
44.05834888,0.7042381763458252,2.3788711428642277,0.0,0.0,1.0,1.0,negative,43.87221084
43.87221084,0.8976932168006897,0.0,0.0,0.0,0.0,0.0,positive,43.94932437
43.94932437,0.0,0.0,0.0,0.0,0.0,0.0,positive,44.04559056
44.04559056,0.0,9.323583722114565,1.7294406294822693,0.0,1.0,0.0,positive,44.17290058
44.17290058,0.8616657257080078,3.807006180286408,0.0,0.8582501411437988,0.0,5.0,positive,44.22297758
44.22297758,0.0,0.0,0.0,0.0,1.0,0.0,negative,44.15978752
44.15978752,0.0,0.7403371334075928,0.703205943107605,0.0,0.0,0.0,positive,44.24364699
44.24364699,0.8270156979560852,1.4961282014846802,0.7191217541694641,0.0,3.0,2.0,negative,44.17927958
44.17927958,1.6813509464263916,0.8933563232421875,0.9540553689002992,0.0,2.0,0.0,positive,44.3378039
44.3378039,0.0,0.0,0.0,0.0,2.0,0.0,negative,44.30878189
44.30878189,0.0,0.7016239762306213,1.841321051120758,0.0,0.0,2.0,positive,44.41459605
44.41459605,0.0,0.0,0.8599605560302734,0.0,1.0,1.0,negative,43.746664402
43.746664402,0.0,0.0,0.0,0.0,0.0,0.0,negative,43.57580626
43.57580626,1.633798122406006,0.8511864542961121,0.0,0.0,3.0,1.0,negative,43.03301232
43.03301232,0.0,0.0,0.0,0.0,2.0,0.0,positive,43.24410242
43.24410242,2.267866492271424,0.7861585021018982,0.0,0.0,3.0,1.0,negative,42.75772268
42.75772268,0.0,1.5262469053268433,0.733025074005127,0.0,5.0,2.0,positive,42.92519772
42.92519772,0.0,0.7591634392738342,0.7447392344474792,0.0,1.0,0.0,negative,42.8501819
42.8501819,0.0,0.0,0.0,0.0,5.0,0.0,negative,42.8136345213
42.8136345213,3.130900502204895,0.0,0.0,0.0,4.0,1.0,positive,42.84382675
42.84382675,0.0,0.7314720749855042,0.0,0.0,1.0,2.0,positive,42.9641334
42.9641334,0.0,0.0,0.0,0.0,2.0,0.0,negative,42.29799435
42.29799435,0.0,0.0,0.7219479084014893,0.0,0.0,2.0,positive,42.4216075211
42.4216075211,0.0,0.0,0.0,0.0,1.0,0.0,positive,42.63721149
42.63721149,0.7230857014656067,0.0,0.0,0.0,1.0,0.0,positive,42.8754116035
42.8754116035,0.0,0.0,0.0,0.0,2.0,1.0,negative,42.6073996174
42.6073996174,0.0,0.0,0.757447361946106,0.0,1.0,1.0,negative,42.6073996174
42.6073996174,1.4627618193626404,0.0,0.7702134251594543,0.0,1.0,0.0,positive,42.66658432
42.66658432,0.0,0.0,0.0,0.0,3.0,1.0,positive,42.69141585
42.69141585,0.0,0.8043920397758484,0.0,0.0,0.0,1.0,positive,42.70506228
42.70506228,1.6129907369613647,0.0,0.0,0.0,0.0,0.0,positive,42.7740034
42.7740034,0.0,0.0,0.0,0.0,1.0,0.0,negative,42.5643029462
42.5643029462,0.0,0.0,0.0,0.0,2.0,0.0,positive,42.74873131
42.74873131,0.0,0.7462438344955444,0.0,0.0,0.0,0.0,negative,42.7156066495
42.7156066495,0.0,0.0,0.0,0.0,2.0,1.0,negative,42.55053423
42.55053423,0.0,9.564429581165314,0.0,0.0,0.0,1.0,negative,41.7758442656
41.7758442656,0.0,0.7913779020309448,0.0,0.0,1.0,1.0,positive,42.10124766
42.10124766,0.0,1.5451679825782776,0.0,0.0,0.0,2.0,positive,42.94846813
42.94846813,0.0,0.0,0.0,0.0,0.0,0.0,positive,43.1358953692
43.1358953692,0.0,1.5346489548683169,0.0,0.7347893118858337,1.0,2.0,negative,42.97431231
42.97431231,0.0,2.3049113750457764,0.0,0.0,2.0,2.0,positive,43.23254596
43.23254596,0.9100500345230104,1.417047381401062,0.0,0.0,0.0,2.0,positive,43.35415157
43.35415157,0.0,1.5345072150230408,0.0,0.0,1.0,2.0,positive,43.4663702
43.4663702,0.0,0.7787196040153503,0.0,0.0,1.0,0.0,negative,43.32078456
43.32078456,0.0,0.7018946409225464,0.0,0.843380331993103,2.0,1.0,negative,43.18202605
43.18202605,0.7513076066970825,0.0,0.7628476619720459,0.8926817774772644,1.0,3.0,negative,43.1775710957
43.1775710957,0.8554977178573608,1.584810495376587,0.0,0.0,1.0,3.0,negative,42.76796767
42.76796767,0.0,0.0,0.0,0.0,0.0,1.0,positive,43.04101815
43.04101815,0.8160973191261292,0.0,0.0,0.0,0.0,0.0,positive,43.29390917
43.29390917,0.0,0.0,0.0,0.0,0.0,0.0,negative,42.91402664
42.91402664,0.7456493973731995,0.0,0.0,0.0,0.0,0.0,negative,42.77160215
42.77160215,0.0,0.74090975522995,0.0,0.0,1.0,1.0,positive,42.78081206
42.78081206,0.0,1.709410548210144,0.0,0.0,2.0,2.0,negative,42.5091863
42.5091863,0.7326028943061829,0.0,0.7389912605285645,0.0,0.0,2.0,negative,40.8906867985
40.8906867985,0.0,0.0,0.0,0.0,1.0,0.0,positive,41.41237646
41.41237646,0.794090211391449,2.896609127521515,0.0,0.0,3.0,5.0,positive,41.55555971
41.55555971,0.0,0.0,0.0,0.0,1.0,0.0,negative,41.12777486
41.12777486,0.9258630275726318,0.0,0.0,0.0,0.0,0.0,negative,41.00876315
41.00876315,0.0,0.0,0.0,0.8379254937171936,2.0,1.0,positive,41.05616033
41.05616033,0.0,0.0,0.0,0.0,2.0,2.0,positive,41.15351499
41.15351499,0.0,0.8296357989311218,0.0,0.0,1.0,1.0,positive,41.5564235078
41.5564235078,0.0,2.3413696885108948,0.0,0.0,0.0,1.0,negative,41.27744943
41.27744943,0.0,0.8430116176605225,0.0,0.0,2.0,1.0,negative,41.23613443
41.23613443,0.0,0.0,0.0,0.0,0.0,0.0,positive,41.75301411
41.75301411,0.0,0.8127480149269104,0.0,0.0,1.0,3.0,negative,41.73308945
41.73308945,0.0,0.7473853230476379,0.0,0.0,0.0,0.0,negative,41.56600773
41.56600773,0.0,0.8615807294845581,0.0,0.0,0.0,1.0,negative,41.49988878
41.49988878,0.0,0.7605917453765869,0.0,0.0,0.0,2.0,negative,41.40826848
41.40826848,0.0,0.8409135937690735,0.9661788940429688,0.0,2.0,1.0,positive,41.5021860663
41.5021860663,0.0,0.0,0.0,0.0,1.0,0.0,negative,41.3270198616
41.3270198616,0.8432034254074097,0.0,0.0,0.8535727262496948,6.0,2.0,positive,41.3514141214
41.3514141214,0.0,0.0,0.0,0.0,1.0,0.0,positive,41.5144632
41.5144632,0.0,0.7421832084655762,0.0,0.0,0.0,1.0,negative,41.46632009
41.46632009,0.791799783706665,0.0,0.0,0.0,0.0,0.0,negative,41.25932108
41.25932108,0.0,0.7474665641784668,0.0,0.0,2.0,1.0,negative,41.20651894
41.20651894,0.0,0.0,0.0,0.0,1.0,0.0,positive,41.418627
41.418627,0.0,2.2689003944396973,0.0,0.0,1.0,3.0,positive,41.54766569
41.54766569,0.0,0.7769010066986084,0.0,0.0,3.0,1.0,negative,41.53987327
41.53987327,0.0,0.0,0.0,0.0,2.0,0.0,positive,41.8041644
41.8041644,0.0,0.0,0.0,0.0,0.0,0.0,positive,41.85103372
41.85103372,0.0,0.0,0.0,0.7469967603683472,0.0,1.0,negative,41.771936921
41.771936921,0.0,0.0,0.0,0.0,0.0,0.0,negative,41.6306420541
41.6306420541,0.9543370604515076,0.0,0.0,0.0,1.0,1.0,negative,41.27422126
41.27422126,0.0,0.8626590371131897,0.0,0.0,0.0,0.0,positive,41.32181562
41.32181562,0.7664654850959778,0.0,0.0,0.0,0.0,0.0,positive,41.68213406
41.68213406,0.0,0.0,0.0,0.9056431651115416,0.0,1.0,negative,41.4930125
41.4930125,0.0,0.0,0.0,0.0,0.0,0.0,negative,41.27742194
41.27742194,0.0,0.0,0.0,0.0,1.0,0.0,positive,41.45340529
41.45340529,0.0,0.0,0.0,0.0,1.0,2.0,negative,41.13606885
41.13606885,1.505078673362732,0.0,0.0,0.0,4.0,0.0,positive,41.60940256
41.60940256,0.0,1.511725127696991,0.0,0.0,4.0,1.0,negative,41.43081498
41.43081498,0.8818811178207397,0.0,0.0,0.0,2.0,1.0,positive,41.46779203
41.46779203,0.0,0.0,0.0,0.0,2.0,1.0,negative,41.43073454
41.43073454,0.0,0.0,0.0,0.0,2.0,3.0,positive,41.43710714
41.43710714,0.0,0.0,0.0,0.0,0.0,1.0,positive,41.69106043
41.69106043,0.0,0.0,0.0,0.0,1.0,0.0,negative,41.66096766
41.66096766,0.0,0.8278799057006836,0.0,0.0,0.0,1.0,positive,41.70348239
41.70348239,0.0,0.0,0.0,0.0,1.0,0.0,positive,41.85839075
41.85839075,0.0,4.319351196289063,0.0,0.7538434267044067,1.0,1.0,negative,41.82759657
41.82759657,0.0,0.8336607217788696,0.0,0.0,0.0,1.0,negative,41.78939279
41.78939279,0.8937132358551025,0.0,2.3311567306518555,0.0,4.0,1.0,positive,41.97387021
41.97387021,0.0,0.0,0.7885735034942627,0.0,1.0,0.0,negative,41.89515384
41.89515384,0.8598755598068237,0.0,0.0,0.7061748504638672,1.0,1.0,positive,41.91006456
41.91006456,0.0,0.0,0.7092958092689514,0.8558225631713867,2.0,1.0,negative,41.69924516
41.69924516,0.0,1.6111674308776855,1.598767876625061,0.0,0.0,2.0,positive,41.7211871
41.7211871,1.7637654542922974,3.1713770031929016,0.0,0.0,3.0,3.0,negative,41.6850140485
41.6850140485,0.8129855394363403,0.7040848135948181,0.0,0.8557162880897522,1.0,2.0,negative,41.65186262
41.65186262,0.0,0.0,0.0,0.0,0.0,0.0,positive,41.84392793
41.84392793,0.0,0.7176151871681213,0.0,0.0,0.0,0.0,negative,41.59867744
41.59867744,0.0,0.0,0.0,0.0,2.0,1.0,positive,41.65659119
41.65659119,0.0,0.0,0.0,0.0,2.0,0.0,positive,41.8253055559
41.8253055559,0.0,0.7064244151115417,0.0,0.9496036767959596,3.0,1.0,negative,40.9774509655
40.9774509655,0.0,1.581600844860077,0.0,0.0,1.0,2.0,positive,41.092042
41.092042,0.8306610584259033,0.0,0.0,0.0,1.0,0.0,negative,40.93870461
40.93870461,0.0,0.8452168703079224,0.0,0.0,1.0,1.0,positive,41.02824586
41.02824586,0.0,0.7083873152732849,0.0,0.0,1.0,1.0,positive,41.4718551843
41.4718551843,0.0,7.173450231552124,0.0,0.0,0.0,8.0,positive,41.5418800346
41.5418800346,0.0,0.0,0.0,0.0,0.0,0.0,negative,41.2920086074
41.2920086074,0.0,0.0,0.0,0.0,1.0,1.0,positive,41.3231419476
41.3231419476,0.0,0.8723647594451904,0.0,0.0,0.0,0.0,positive,41.38295169
41.38295169,0.0,0.9232685565948486,0.0,0.0,0.0,1.0,negative,41.30991214
41.30991214,0.0,0.0,0.0,0.0,1.0,0.0,positive,41.40560784
41.40560784,0.0,2.2896966338157654,0.0,0.0,1.0,3.0,positive,41.53753197
41.53753197,0.0,0.0,0.0,0.0,1.0,0.0,negative,41.39486421
41.39486421,0.0,0.9312365651130676,0.0,0.0,2.0,1.0,negative,41.34719132
41.34719132,0.0,0.0,0.0,0.0,1.0,0.0,negative,41.273583921
41.273583921,0.0,0.0,0.8055630326271057,0.0,0.0,0.0,positive,41.2955065651
41.2955065651,0.0,0.0,0.7571197748184204,0.0,0.0,1.0,negative,41.1807535777
41.1807535777,0.0,0.0,0.7817323803901672,0.0,3.0,0.0,positive,41.373379
41.373379,0.0,1.6845958828926086,0.0,0.0,2.0,0.0,positive,41.54849168
41.54849168,0.0,0.0,0.970525324344635,0.0,1.0,2.0,negative,41.48935859
41.48935859,0.0,0.0,0.0,0.0,0.0,0.0,negative,41.39920678
41.39920678,0.0,0.0,0.0,0.0,0.0,0.0,positive,41.40512489
41.40512489,0.7244166731834412,0.0,0.0,0.0,0.0,0.0,positive,41.5876453531
41.5876453531,0.0,0.0,0.0,0.0,1.0,0.0,positive,41.70585649
41.70585649,0.0,1.7913038730621338,0.0,0.0,0.0,1.0,negative,41.47343809
41.47343809,0.0,0.8612151145935059,0.0,0.0,1.0,1.0,positive,42.08803481
42.08803481,0.0,0.8322073221206665,0.0,0.0,3.0,0.0,negative,41.86884764
41.86884764,0.0,0.0,0.0,0.0,2.0,0.0,positive,41.89186163
41.89186163,0.0,0.0,0.0,0.0,1.0,0.0,positive,42.06653368
42.06653368,0.0,0.8705157041549683,0.0,0.0,2.0,0.0,negative,41.90685179
41.90685179,0.0,0.0,0.0,0.0,0.0,0.0,negative,41.72915261
41.72915261,0.9461520314216614,0.0,0.0,0.0,2.0,1.0,negative,41.5498524
41.5498524,0.0,0.0,0.0,0.0,0.0,0.0,negative,41.46302453
41.46302453,0.0,0.8007119297981262,0.0,0.0,1.0,2.0,negative,41.30121242
41.30121242,0.0,0.726533830165863,0.0,0.0,0.0,0.0,positive,41.51312073
41.51312073,0.0,0.7533033490180969,0.0,0.0,0.0,1.0,negative,41.30820821
41.30820821,0.0,0.0,0.0,0.0,0.0,0.0,positive,41.415355162
41.415355162,0.0,0.0,0.8124479651451111,0.9938853979110718,1.0,1.0,negative,41.39397477
41.39397477,0.0,0.9394574165344238,0.0,0.0,0.0,1.0,negative,41.323244406
41.323244406,0.0,0.8193963170051575,0.0,0.0,1.0,1.0,negative,41.24648048
41.24648048,0.0,0.7912393808364868,0.0,0.0,1.0,1.0,positive,41.59807417
41.59807417,0.0,0.8409135937690735,0.0,0.773108184337616,1.0,1.0,positive,41.63525985
41.63525985,0.0,0.7841511964797974,0.0,0.0,1.0,1.0,positive,41.66283349
41.66283349,0.0,0.0,0.0,0.7679320573806763,0.0,2.0,positive,41.8131970669
41.8131970669,0.0,0.0,0.0,0.7569888830184937,0.0,0.0,positive,42.18364491
42.18364491,0.0,0.0,1.5009881258010864,0.0,1.0,0.0,positive,42.31312183
42.31312183,0.0,0.7699872255325317,0.0,0.0,0.0,0.0,positive,42.69972936
42.69972936,0.0,0.8193963170051575,0.0,0.0,0.0,1.0,positive,42.99792937
42.99792937,0.753677487373352,0.7342860102653503,0.0,0.0,2.0,2.0,positive,43.52895706
43.52895706,0.0,0.8232162594795227,0.0,0.0,1.0,1.0,positive,43.57032922
43.57032922,0.0,2.194267690181732,0.0,0.0,1.0,3.0,negative,43.3660345
43.3660345,0.0,3.857841014862061,0.0,2.321906864643097,3.0,8.0,positive,43.53669689
43.53669689,0.0,2.435696840286255,0.0,0.0,3.0,2.0,positive,43.96349344
43.96349344,0.0,0.0,0.0,0.0,2.0,0.0,negative,43.80650248
43.80650248,0.0,0.0,0.0,0.0,4.0,0.0,negative,43.74542917
43.74542917,1.5784663558006289,0.8532747030258179,0.0,0.0,3.0,1.0,negative,43.69302592
43.69302592,0.0,0.7843735814094543,0.0,0.0,0.0,1.0,negative,43.2785448759
43.2785448759,0.0,0.0,0.0,0.0,0.0,0.0,negative,43.19322791
43.19322791,0.0,0.7473628520965576,1.607004165649414,0.0,5.0,0.0,positive,43.66320985
43.66320985,0.0,0.7580224275588989,0.0,0.0,1.0,0.0,negative,43.48295484
43.48295484,0.8377116918563843,0.0,0.0,1.5644712448120115,1.0,3.0,positive,43.50015574
43.50015574,0.0,1.626664936542511,0.0,0.0,2.0,3.0,positive,43.71778996
43.71778996,0.734759509563446,7.395325839519501,0.776656985282898,0.0,2.0,7.0,negative,43.43186971
43.43186971,1.816886305809021,2.6590492129325867,0.0,0.0,2.0,2.0,negative,43.1779383153
43.1779383153,0.7201146483421326,0.9001017212867737,0.0,0.0,1.0,1.0,positive,43.3182468
43.3182468,2.62637710571289,1.5179829597473145,0.0,0.0,3.0,3.0,positive,43.79488457
43.79488457,0.0,0.7545835375785828,0.0,0.0,0.0,1.0,positive,44.51695095
44.51695095,1.5827954411506653,0.7474801540374756,0.9214303493499756,0.0,6.0,3.0,negative,44.29728753
44.29728753,1.423590898513794,5.070216059684753,1.6784725785255432,0.0,4.0,10.0,positive,44.56586426
44.56586426,0.8701514601707458,1.6032000184059143,0.0,0.0,2.0,3.0,positive,44.62188848
44.62188848,0.7839995622634888,0.8227137923240662,0.0,0.0,1.0,0.0,positive,45.1568760363
45.1568760363,0.0,1.7680943608283997,0.7702797055244446,0.0,1.0,2.0,negative,45.13359738
45.13359738,0.8395999073982239,0.0,0.0,0.0,2.0,0.0,negative,44.8898786
44.8898786,0.0,1.6765117049217224,0.0,1.5963305234909058,4.0,5.0,positive,45.14171558
45.14171558,1.4103994369506836,1.6653009057044983,0.8269723057746887,0.0,3.0,1.0,positive,45.15559067
45.15559067,0.0,2.325901746749878,0.9170857667922974,0.0,3.0,2.0,positive,45.2967591822
45.2967591822,0.0,0.0,0.0,0.0,1.0,1.0,negative,45.2007465
45.2007465,1.63134104013443,0.0,1.5356422662734983,0.0,4.0,0.0,negative,44.79746174
44.79746174,0.9611958265304564,1.655886948108673,1.4951823949813845,0.0,5.0,2.0,negative,44.76678626
44.76678626,0.8139588236808777,2.477520108222961,0.8057727217674255,0.0,2.0,3.0,positive,45.02534266
45.02534266,0.7130277752876282,2.2592676877975464,0.0,0.0,0.0,3.0,positive,45.61882056
45.61882056,0.0,0.706713855266571,0.0,0.0,1.0,1.0,negative,45.38472062
45.38472062,0.0,0.7924212217330933,0.0,0.0,1.0,2.0,negative,45.36200684
45.36200684,0.0,0.7245942950248718,0.0,0.0,0.0,1.0,negative,45.22324151
45.22324151,0.0,0.0,1.5844382643699646,0.0,4.0,3.0,negative,44.41918917
44.41918917,0.0,2.333008348941803,0.8444867134094238,0.7611702084541321,2.0,4.0,negative,44.17022308
44.17022308,0.0,6.176909804344177,0.7867475748062134,0.0,4.0,6.0,negative,44.06593673
44.06593673,0.7525780200958252,2.438473701477051,0.0,1.6564082503318789,2.0,6.0,positive,44.31660144
44.31660144,0.9168230295181274,0.0,1.677168905735016,1.717508316040039,3.0,5.0,positive,44.5374555
44.5374555,1.4753462076187134,0.0,0.0,0.0,1.0,1.0,negative,44.40042545
44.40042545,1.6840116381645205,2.3276504278182983,0.0,0.0,5.0,1.0,negative,44.27234423
44.27234423,0.8659092783927917,0.0,0.0,0.0,1.0,2.0,negative,43.85101207
43.85101207,0.0,3.231543481349945,0.0,0.0,1.0,3.0,positive,44.00062943
44.00062943,0.0,0.7762808799743652,0.0,0.0,0.0,1.0,positive,44.27348572
44.27348572,0.0,0.958159863948822,0.0,0.0,0.0,6.0,negative,44.06553863
44.06553863,0.0,0.0,0.8784689903259277,0.0,1.0,1.0,positive,44.0995606
44.0995606,1.6164737939834597,2.573482573032379,0.0,0.0,0.0,2.0,positive,44.33899242
44.33899242,0.0,0.7894696593284607,0.0,0.0,1.0,2.0,negative,44.09488181
44.09488181,0.0,0.7961357831954956,0.0,0.0,2.0,1.0,positive,44.20167574
44.20167574,0.0,0.0,0.991547703742981,0.0,2.0,2.0,negative,43.9580500455
43.9580500455,0.0,0.0,0.0,0.0,4.0,0.0,positive,44.2461161
44.2461161,0.0,0.7406554818153381,0.0,0.0,1.0,1.0,positive,44.41905126
44.41905126,0.0,0.0,0.7600167989730835,0.0,4.0,0.0,negative,44.29131574
44.29131574,0.0,2.4669124484062195,0.0,0.0,0.0,1.0,negative,44.2582518
44.2582518,0.0,0.0,0.0,0.0,2.0,1.0,positive,44.3176736392
44.3176736392,0.0,0.0,0.0,0.0,1.0,0.0,negative,44.09406984
44.09406984,0.0,0.7547348141670227,0.7999411821365356,0.0,1.0,3.0,positive,44.12845952
44.12845952,0.0,0.0,0.0,0.0,1.0,0.0,positive,44.21633069
44.21633069,0.0,0.7372856140136719,0.8705065250396729,0.0,2.0,4.0,negative,44.20175578
44.20175578,0.7126772999763489,1.6539925336837769,0.0,0.9325238466262816,3.0,4.0,positive,44.36947548
44.36947548,1.611239731311798,0.737330436706543,0.0,0.0,5.0,1.0,negative,44.3384639249
44.3384639249,0.0,0.0,0.7497036457061768,0.0,0.0,1.0,positive,44.58352213
44.58352213,0.0,1.489661693572998,0.8309131264686584,0.0,1.0,1.0,positive,44.67707832
44.67707832,0.733192503452301,0.0,0.0,0.0,2.0,0.0,positive,44.90878006
44.90878006,0.0,2.635625123977661,0.0,0.0,1.0,0.0,positive,45.02965
45.02965,0.0,0.7529182434082031,0.0,0.0,0.0,1.0,negative,44.95332275
44.95332275,0.0,0.0,0.0,0.0,0.0,0.0,negative,44.8901698946
44.8901698946,0.0,0.0,0.0,0.0,0.0,0.0,positive,44.92235301
44.92235301,0.0,0.0,0.0,0.0,0.0,0.0,negative,44.75705728
44.75705728,0.0,0.7267118096351624,0.0,0.0,1.0,0.0,negative,44.18286257
44.18286257,0.0,0.0,0.7411420941352844,0.0,2.0,0.0,positive,44.23746161
44.23746161,0.80783611536026,0.7874389290809631,0.0,0.0,1.0,2.0,positive,44.29110859
44.29110859,0.0,0.0,0.0,0.0,2.0,0.0,negative,44.2546835
44.2546835,0.7873210310935974,0.0,0.7376129031181335,0.0,2.0,0.0,positive,44.33049681
44.33049681,0.0,1.489180088043213,0.8077667951583862,0.0,0.0,1.0,positive,44.6361016
44.6361016,0.7305811047554016,0.0,0.0,0.0,5.0,1.0,negative,44.60280558
44.60280558,0.8968924283981323,2.465209364891052,0.0,0.0,2.0,2.0,negative,44.58432697
44.58432697,0.0,0.0,0.0,0.0,2.0,2.0,positive,44.6944713996
44.6944713996,0.0,0.7673460841178894,0.0,0.0,1.0,0.0,positive,44.70569085
44.70569085,0.939356565475464,0.0,1.8248137831687927,0.0,5.0,0.0,positive,45.03413708
45.03413708,0.7141067385673523,0.0,0.0,0.7328678369522095,1.0,2.0,positive,45.15231319
45.15231319,0.7889028191566467,4.609220623970032,0.0,0.0,3.0,2.0,negative,45.03910094
45.03910094,1.6535089015960691,0.7829541563987732,0.9325427412986756,0.0,5.0,1.0,negative,44.64805353
44.64805353,0.8186531662940979,0.0,2.4917721152305603,0.0,8.0,1.0,positive,44.80614607
44.80614607,0.0,0.0,1.6404849886894226,0.0,2.0,1.0,negative,43.4401742
43.4401742,0.0,1.5764963030815125,1.6256181597709656,0.0,4.0,2.0,positive,43.88643544
43.88643544,0.0,0.0,0.0,0.0,0.0,0.0,positive,43.91979575
43.91979575,0.0,0.0,0.0,0.0,0.0,0.0,negative,43.76965455
43.76965455,0.0,0.7105447053909302,0.8121477961540222,0.0,1.0,1.0,negative,43.55075222
43.55075222,0.0,0.9392471313476562,0.0,0.7378868460655212,1.0,2.0,negative,43.30974099
43.30974099,0.0,0.0,0.0,0.0,0.0,0.0,positive,43.32553186
43.32553186,0.0,0.0,0.0,0.8554937839508057,1.0,0.0,positive,43.46268649
43.46268649,0.0,1.4781363010406494,0.0,0.7064619064331055,0.0,2.0,positive,43.74157919
43.74157919,0.0,0.7657092809677124,0.8262941837310791,0.0,1.0,0.0,negative,43.44014655
43.44014655,0.0,2.3124231696128845,0.0,0.0,1.0,1.0,positive,43.69293792
43.69293792,0.0,0.0,0.0,0.0,0.0,1.0,positive,43.77507899
43.77507899,0.8252984881401062,0.0,0.0,0.0,0.0,1.0,negative,43.68172484
43.68172484,0.781834065914154,0.0,0.760780930519104,0.0,2.0,0.0,negative,43.6254304104
43.6254304104,0.9431307315826416,0.7841188907623291,0.0,0.9475288987159728,2.0,3.0,positive,43.80286462
43.80286462,0.7658945918083191,0.7870835065841675,0.7714365720748901,0.0,3.0,1.0,negative,43.6309403
43.6309403,0.0,0.8469967842102051,0.7248311042785645,0.0,0.0,0.0,negative,43.48485733
43.48485733,0.0,2.41873300075531,0.0,0.0,1.0,3.0,positive,43.58210584
43.58210584,1.6270242929458618,0.0,0.0,0.0,1.0,0.0,negative,43.39929729
43.39929729,0.0,0.0,0.0,0.0,0.0,0.0,negative,43.35006031
43.35006031,0.0,0.736605167388916,0.0,0.0,0.0,1.0,negative,43.34363779
43.34363779,1.459723174571991,2.564242482185364,0.0,0.0,2.0,3.0,negative,43.30829525
43.30829525,0.0,0.0,0.0,0.0,0.0,2.0,negative,43.07863261
43.07863261,0.0,0.0,0.0,0.0,3.0,1.0,negative,43.0782477698
43.0782477698,0.0,0.0,0.818333625793457,0.0,0.0,0.0,negative,43.06868168
43.06868168,0.0,1.4355794191360474,0.0,0.0,2.0,2.0,positive,43.27797343
43.27797343,0.0,3.405954360961914,1.5684934854507446,2.402706563472748,1.0,7.0,positive,43.2789555
43.2789555,0.0,0.7688695192337036,0.0,0.0,1.0,2.0,positive,43.31735621
43.31735621,0.7783129215240479,0.0,0.8579950332641602,0.0,1.0,1.0,negative,43.0859514506
43.0859514506,0.0,0.7978341579437256,0.8551076650619507,0.0,5.0,1.0,positive,43.1614249
43.1614249,0.887731671333313,0.8277731537818909,0.7505174279212952,0.0,0.0,1.0,negative,41.96975255
41.96975255,0.0,0.0,0.0,0.0,1.0,0.0,negative,41.65147913
41.65147913,0.0,0.0,0.0,0.0,0.0,1.0,positive,41.88056964
41.88056964,0.0,0.0,0.0,0.0,1.0,0.0,positive,41.92103531
41.92103531,0.0,0.7492254376411438,0.0,0.0,1.0,1.0,positive,42.02369192
42.02369192,0.0,0.8253200650215149,0.0,0.0,0.0,2.0,positive,42.05050688
42.05050688,0.9556065201759338,0.0,0.0,0.0,2.0,0.0,negative,41.75342343
41.75342343,0.8391110897064209,0.0,0.7957748770713806,0.0,2.0,0.0,positive,41.90009962
41.90009962,0.0,0.0,0.0,0.0,2.0,0.0,positive,42.03543724
42.03543724,0.7175428867340088,0.0,0.0,0.0,2.0,0.0,negative,41.98791667
41.98791667,0.0,0.0,0.864851176738739,1.4606178998947144,2.0,3.0,positive,42.0237975
42.0237975,0.9052103757858276,0.0,0.0,0.0,2.0,1.0,negative,41.97164858
41.97164858,0.0,0.0,0.0,0.7806005477905273,0.0,1.0,negative,41.96085115
41.96085115,0.0,0.0,0.0,0.0,1.0,0.0,negative,41.8399054
41.8399054,0.0,0.799314022064209,0.0,0.0,1.0,1.0,positive,42.02007909
42.02007909,0.0,0.0,0.0,0.0,0.0,0.0,positive,42.02137293
42.02137293,0.0,0.7360028028488159,0.0,0.0,1.0,0.0,negative,42.01806348
42.01806348,0.0,1.4929765462875366,0.0,2.471823632717133,0.0,9.0,negative,41.90774028
41.90774028,0.7603517770767212,0.7117905020713806,0.0,0.0,3.0,0.0,positive,41.92043903
41.92043903,0.0,0.727642834186554,0.0,0.0,1.0,0.0,positive,41.98102125
41.98102125,0.0,1.6717982292175293,0.0,0.0,2.0,2.0,negative,41.91281565
41.91281565,0.0,3.066694378852844,0.8429660797119141,0.0,1.0,1.0,negative,41.83093396
41.83093396,0.0,0.0,0.0,0.0,3.0,0.0,positive,41.85572483
41.85572483,0.0,0.0,0.0,0.0,0.0,1.0,positive,41.89321404
41.89321404,0.0,0.0,1.713377833366394,0.0,1.0,0.0,positive,41.92443809
41.92443809,0.0,1.4616910815238953,0.0,0.0,1.0,4.0,positive,42.34814588
42.34814588,0.0,0.7014444470405579,0.7789090275764465,0.0,0.0,0.0,positive,42.43791556
42.43791556,1.7136322259902954,0.7997387051582336,2.6264665722846985,0.0,4.0,2.0,positive,42.48533442
42.48533442,0.0,0.0,0.7462319731712341,0.0,1.0,0.0,positive,42.72377576
42.72377576,0.0,1.563351333141327,0.0,0.0,3.0,5.0,negative,42.60495569
42.60495569,0.9269104599952698,0.0,0.0,0.0,1.0,1.0,negative,42.55771301
42.55771301,0.0,0.0,0.774341881275177,0.0,6.0,0.0,negative,42.53347437
42.53347437,0.0,1.620717704296112,0.0,0.0,4.0,0.0,negative,42.42586604
42.42586604,0.0,0.0,0.0,0.7405830025672913,1.0,2.0,negative,42.41073179
42.41073179,0.8976932168006897,1.522162675857544,3.2711549401283264,0.0,8.0,0.0,negative,42.3046246078
42.3046246078,0.0,0.0,0.0,0.0,0.0,1.0,negative,42.26653943
42.26653943,0.0,0.0,0.0,0.0,0.0,0.0,positive,42.41754522
42.41754522,0.0,0.0,0.0,0.0,1.0,0.0,negative,42.37255692
42.37255692,0.0,3.5386784076690674,0.0,0.0,3.0,0.0,negative,42.17911074
42.17911074,0.0,0.7192139625549316,1.7087554335594175,0.0,1.0,1.0,negative,42.03035877
42.03035877,0.0,0.0,0.7359024882316589,0.0,0.0,0.0,negative,41.9173434119
41.9173434119,0.0,1.506273090839386,0.0,0.0,3.0,3.0,positive,42.126875
42.126875,0.0,0.0,0.0,0.0,1.0,0.0,positive,42.31642713
42.31642713,0.0,0.0,1.4469336867332458,0.0,3.0,0.0,positive,42.3625860863
42.3625860863,0.0,0.0,0.0,0.0,1.0,0.0,positive,42.55272856
42.55272856,0.713281512260437,1.7311851382255554,0.9070382714271544,0.0,3.0,2.0,negative,42.54102151
42.54102151,0.0,1.620414972305298,0.7889623045921326,0.0,3.0,0.0,negative,42.52249721
42.52249721,0.0,0.7603089809417725,0.0,0.0,0.0,1.0,positive,42.55078696
42.55078696,0.0,0.0,0.0,0.0,0.0,0.0,negative,42.49974162
42.49974162,0.0,0.0,0.8927754759788513,0.0,1.0,0.0,positive,42.52164997
42.52164997,0.0,0.0,0.8385944962501526,0.0,0.0,0.0,negative,42.22399764
42.22399764,0.8400309681892395,0.0,0.0,0.0,0.0,0.0,negative,42.08230284
42.08230284,0.0,0.717010498046875,0.0,0.0,1.0,2.0,positive,42.2232676
42.2232676,0.7927969098091125,0.0,0.9744758605957032,0.7606560587882996,4.0,2.0,positive,42.30724549
42.30724549,0.0,0.0,0.0,0.0,3.0,0.0,negative,41.79335827
41.79335827,0.8534379601478577,2.2876026034355164,0.0,0.0,2.0,6.0,positive,41.90480913
41.90480913,0.7319315075874329,1.6027506589889526,0.0,0.0,0.0,2.0,positive,41.97580954
41.97580954,0.7328039407730103,1.5797916054725647,0.0,0.0,2.0,3.0,positive,42.2532705
42.2532705,0.0,2.311744630336761,0.0,0.0,4.0,2.0,negative,42.25025082
42.25025082,0.9879262447357178,0.7252935171127319,0.8223278522491455,0.0,2.0,2.0,positive,42.39422556
42.39422556,0.0,0.8193963170051575,0.748557984828949,0.768682599067688,1.0,2.0,positive,43.13496037
43.13496037,0.8170597553253174,0.0,0.0,0.0,1.0,0.0,positive,43.55174403
43.55174403,1.64641934633255,4.783891677856445,0.7078653573989868,0.0,2.0,3.0,positive,43.56481054
43.56481054,0.0,0.7429009675979614,0.0,0.0,0.0,4.0,positive,43.75654598
43.75654598,0.7982569336891174,0.0,0.0,0.0,3.0,0.0,negative,43.67870541
43.67870541,0.7951168417930603,1.573083519935608,2.1872787475585938,0.0,2.0,4.0,negative,43.56889733
43.56889733,0.8081913590431213,1.503829002380371,1.4190939664840698,0.0,5.0,2.0,negative,43.53590013
43.53590013,0.0,0.0,0.7426188588142395,0.0,3.0,1.0,negative,43.53277529
43.53277529,1.4509238004684448,0.7693091034889221,0.0,0.0,5.0,1.0,positive,43.61614844
43.61614844,0.0,0.7529182434082031,0.0,0.0,1.0,1.0,positive,43.76814468
43.76814468,0.0,0.0,0.927915334701538,0.0,0.0,1.0,positive,43.8256047455
43.8256047455,0.8589462041854858,0.0,0.770901620388031,0.0,4.0,1.0,negative,43.6246892993
43.6246892993,2.456960618495941,1.548740565776825,0.0,0.0,4.0,0.0,negative,43.4913849756
43.4913849756,0.0,0.0,0.0,0.0,3.0,0.0,negative,43.39106679
43.39106679,0.0,0.0,0.0,0.0,0.0,0.0,positive,43.6024421547
43.6024421547,0.0,0.0,0.0,0.0,2.0,0.0,negative,43.4403804303
43.4403804303,0.0,0.0,0.0,0.0,1.0,0.0,positive,43.66303628
43.66303628,0.0,0.0,0.0,0.0,1.0,2.0,negative,43.6541886
43.6541886,0.0,1.5991008877754211,0.0,0.0,0.0,1.0,negative,43.60205007
43.60205007,0.0,3.0180622935295105,0.0,0.0,1.0,6.0,positive,43.6402131
43.6402131,0.0,0.0,0.0,0.0,0.0,0.0,positive,44.93611621
44.93611621,0.8065699338912964,7.654151916503906,0.0,0.7885189652442932,2.0,12.0,positive,45.0851297
45.0851297,0.0,3.440788328647613,1.6093236207962036,0.0,2.0,5.0,negative,44.9053308937
44.9053308937,0.0,0.7641115784645081,0.9030998349189758,0.0,3.0,1.0,negative,44.73190748
44.73190748,0.0,0.7710819840431213,0.877852737903595,0.0,1.0,1.0,positive,44.86067819
44.86067819,0.0,1.4721322059631348,0.0,0.0,4.0,2.0,positive,44.93724759
44.93724759,0.0,0.0,0.0,0.0,0.0,0.0,negative,44.88681649
44.88681649,0.0,0.0,0.0,0.0,1.0,0.0,negative,44.87072714
44.87072714,0.0,0.0,0.0,0.0,0.0,0.0,negative,44.818185
44.818185,0.8169674277305603,2.2694348096847534,0.0,0.0,1.0,4.0,positive,45.13064973
45.13064973,1.688328504562378,0.7461380958557129,0.0,0.0,8.0,1.0,negative,45.02285224
45.02285224,0.7652594447135925,0.8250661492347717,0.0,0.0,2.0,1.0,negative,44.9235156579
44.9235156579,0.0,0.744170069694519,0.0,0.0,3.0,5.0,negative,44.85007694
44.85007694,0.0,0.0,0.8818280696868896,0.0,2.0,0.0,negative,44.59585191
44.59585191,0.801418662071228,0.0,0.0,0.0,2.0,1.0,positive,44.73362682
44.73362682,0.0,0.7758245468139648,0.9305349588394164,0.0,0.0,2.0,negative,44.60939204
44.60939204,0.0,0.7629026174545288,0.0,0.0,0.0,0.0,negative,44.20206429
44.20206429,0.0,0.0,0.0,0.0,2.0,2.0,positive,44.31355683
44.31355683,0.0,0.8006656765937805,0.0,0.0,1.0,0.0,negative,44.30390243
44.30390243,0.0,0.9430454969406128,0.0,0.0,0.0,1.0,negative,44.16800806
44.16800806,0.0,0.0,0.0,0.0,4.0,2.0,positive,44.3803103
44.3803103,0.0,0.0,0.810745358467102,0.0,2.0,0.0,positive,44.38958129
44.38958129,0.0,1.51924467086792,0.0,0.0,3.0,1.0,positive,44.52646508
44.52646508,0.7310472726821899,0.0,0.0,0.0,1.0,1.0,negative,44.50986892
44.50986892,1.6906740069389343,0.8347854018211365,1.5241381525993347,0.0,4.0,1.0,negative,44.18254056
44.18254056,1.4708905816078186,1.5485431551933289,0.7635180950164795,0.0,5.0,2.0,positive,45.2411376
45.2411376,0.8114473223686218,0.8731672763824463,1.6262558102607727,0.0,2.0,1.0,positive,46.8212518
46.8212518,0.0,0.0,0.0,0.0,3.0,1.0,positive,47.01690961
47.01690961,0.0,0.0,1.5706965327262878,0.0,4.0,0.0,positive,47.13461893
47.13461893,0.7816853523254395,1.5183314085006714,0.0,0.0,0.0,0.0,positive,47.41132513
47.41132513,0.0,1.6555468440055847,0.7733401656150818,0.0,6.0,6.0,negative,47.40271141
47.40271141,1.5204229354858398,1.4722615480422974,0.0,0.0,5.0,4.0,negative,46.9878774
46.9878774,0.0,0.8183724880218506,0.0,0.7668107748031616,1.0,1.0,positive,47.59766602
47.59766602,0.0,0.0,0.0,0.0,1.0,1.0,positive,48.1928743675
48.1928743675,1.6825286149978638,0.8895447850227356,0.0,0.0,6.0,3.0,positive,48.33971896
48.33971896,0.8976932168006897,0.8990882635116577,0.8436279892921448,0.0,1.0,1.0,positive,48.93727482
48.93727482,0.9223428964614868,1.5288141965866089,0.0,0.0,5.0,2.0,negative,48.80476604
48.80476604,0.0,8.118532061576843,1.570503294467926,3.2641236186027527,2.0,22.0,negative,48.1835751
48.1835751,0.0,4.024374485015869,0.913074553012848,0.0,0.0,6.0,positive,48.53563668
48.53563668,1.6080577969551086,0.8543369174003601,1.7385937571525574,0.8076727986335754,6.0,6.0,negative,48.49890474
48.49890474,0.0,1.5427536964416504,0.7265394926071167,0.0,3.0,2.0,positive,49.24698712
49.24698712,0.0,3.1075026988983154,0.7674163579940796,1.627569556236267,0.0,13.0,positive,49.62266236
49.62266236,0.0,0.7212562561035156,0.0,0.0,2.0,2.0,negative,48.33525776
48.33525776,0.0,0.7288118600845337,0.9113810658454896,0.0,0.0,1.0,negative,48.0783698
48.0783698,1.4931193590164185,0.7074301838874817,0.9019759893417358,0.0,6.0,3.0,positive,48.2928186
48.2928186,0.8488102555274963,1.7440840601921082,0.0,0.9079576134681702,1.0,7.0,negative,48.24492042
48.24492042,1.557169258594513,0.0,0.0,0.0,2.0,1.0,negative,47.85892854
47.85892854,0.0,0.0,0.7145398855209351,0.8910837769508362,2.0,3.0,positive,48.03071469
48.03071469,0.0,0.7858383059501648,0.0,0.0,2.0,0.0,negative,47.97871897
47.97871897,0.0,1.5425695180892944,0.0,0.0,2.0,1.0,positive,48.88121527
48.88121527,0.0,0.0,0.9111361503601074,0.8814663887023926,2.0,2.0,negative,48.78592894
48.78592894,0.0,0.8808109164237976,0.8590028882026672,0.0,3.0,5.0,negative,48.68338447
48.68338447,0.0,6.9784321784973145,0.8783687353134155,4.347006142139435,4.0,19.0,negative,48.42133615
48.42133615,0.8271347284317017,5.749983429908752,0.9915394186973572,1.5565537214279177,6.0,13.0,positive,48.52047204
48.52047204,0.0,0.0,0.0,0.0,2.0,0.0,positive,48.9435359163
48.9435359163,0.0,0.0,0.0,0.0,1.0,2.0,positive,49.05250403
49.05250403,1.6232511401176453,0.0,0.0,0.0,3.0,2.0,negative,47.84283497
47.84283497,0.0,1.8042868971824648,0.0,0.0,4.0,2.0,positive,51.05705845
51.05705845,0.7317148447036743,4.1345003843307495,1.5650058388710022,0.8351019024848938,6.0,8.0,positive,52.1554501459
52.1554501459,1.6890618801116943,0.7843308448791504,0.7499549388885498,0.0,7.0,2.0,positive,53.22812257
53.22812257,4.124506771564484,2.587500274181366,3.411124885082245,0.0,13.0,4.0,negative,52.95002692
52.95002692,0.7498410940170288,1.633519411087036,2.425128757953644,0.0,8.0,1.0,positive,54.01254897
54.01254897,1.5153375267982483,2.4665263295173645,0.0,0.0,6.0,2.0,negative,53.345035298
53.345035298,0.0,6.4790008664131165,0.0,0.0,0.0,9.0,negative,53.33412784
53.33412784,0.0,2.4169610738754272,0.0,0.8466708064079285,1.0,4.0,negative,53.16919291
53.16919291,1.5920565724372864,4.97527414560318,0.0,0.0,3.0,7.0,negative,52.53872042
52.53872042,1.4680753350257874,0.7287839651107788,0.0,0.0,5.0,1.0,positive,53.56600288
53.56600288,0.0,1.5484638810157776,0.0,0.0,0.0,2.0,positive,53.89586093
53.89586093,0.9271175861358644,0.7248846292495728,0.0,0.8956393003463745,2.0,0.0,positive,55.45106963
55.45106963,0.8528897762298584,12.689049541950226,0.9196598529815674,5.187439262866974,5.0,39.0,positive,56.35517236
56.35517236,3.9458096027374263,6.1940197348594666,1.7952131032943726,2.3710559606552124,13.0,11.0,positive,56.63608974
56.63608974,0.7701422572135925,3.895890772342682,0.77491295337677,2.490976333618164,7.0,10.0,negative,55.98829158
55.98829158,3.2152419686317444,1.5034546256065369,0.8665025234222412,0.0,11.0,5.0,negative,55.57520501
55.57520501,0.0,2.1431342363357544,0.0,0.8868971467018127,2.0,5.0,positive,55.88300884
55.88300884,0.0,1.4932492971420288,0.7679083943367004,0.0,3.0,3.0,negative,55.87300642
55.87300642,2.3706796169281006,3.122269332408905,0.8591054677963257,3.3323516845703125,2.0,4.0,positive,55.92270043
55.92270043,0.0,0.0,0.0,0.0,1.0,1.0,positive,56.06389111
56.06389111,0.7850841879844666,4.782475590705872,0.0,0.8235825896263123,2.0,8.0,negative,55.69923751
55.69923751,0.0,0.7871081829071045,0.7476215362548828,0.0,0.0,1.0,negative,55.69577969
55.69577969,0.0,1.503909170627594,0.0,0.0,1.0,1.0,negative,55.29675549
55.29675549,0.8174043297767639,1.689608812332153,0.0,0.0,2.0,1.0,positive,55.66100187
55.66100187,0.0,2.495302855968476,0.0,0.8306125998497009,3.0,4.0,negative,55.12645579
55.12645579,0.0,1.694843053817749,0.0,0.0,2.0,1.0,positive,55.63364183
55.63364183,0.9199670553207396,1.625588834285736,1.8795397877693176,0.0,7.0,4.0,positive,55.81057183
55.81057183,0.7232513427734375,0.776041567325592,0.9588514566421508,0.0,7.0,1.0,negative,55.17200391
55.17200391,0.0,2.495441555976868,2.349595010280609,0.0,5.0,0.0,negative,54.96851667
54.96851667,1.568738877773285,0.0,0.0,0.0,3.0,1.0,negative,54.65299778
54.65299778,1.6029877662658691,0.0,0.0,0.0,1.0,1.0,negative,54.39244218
54.39244218,0.7094691395759583,1.711809158325195,0.8457707762718201,0.0,2.0,1.0,positive,54.4670203837
54.4670203837,0.0,0.0,0.0,0.0,1.0,0.0,positive,54.73993106
54.73993106,0.0,3.0320104360580444,0.0,0.0,1.0,2.0,negative,54.48990356
54.48990356,0.0,0.0,0.0,0.0,2.0,0.0,positive,56.41378525
56.41378525,0.0,0.7658123970031738,0.7899559140205383,0.0,4.0,1.0,positive,57.2473304
57.2473304,1.6498427391052246,5.469827055931091,0.8572769165039062,0.9423004984855652,4.0,6.0,negative,56.71131663
56.71131663,1.6780316829681396,0.7711958289146423,0.0,0.7516287565231323,9.0,3.0,positive,56.82466909
56.82466909,0.0,0.0,1.8221625685691836,2.408492863178253,4.0,3.0,positive,57.1348286641
57.1348286641,0.8428359627723694,0.7729002237319946,0.0,0.7753936052322388,2.0,5.0,negative,56.64311208
56.64311208,0.8404373526573181,1.5637725591659546,0.790984570980072,0.0,4.0,2.0,negative,55.92182076
55.92182076,0.0,0.7192139625549316,0.0,0.0,3.0,2.0,negative,55.90719826
55.90719826,0.8536509275436401,0.0,0.0,0.0,3.0,2.0,positive,56.2344007919
56.2344007919,1.529148519039154,0.8517177700996399,0.731727659702301,0.9918619990348816,4.0,1.0,positive,56.54865353
56.54865353,1.4471168518066406,0.0,0.0,0.0,4.0,1.0,negative,56.51700979
56.51700979,0.7721251249313354,0.0,0.0,0.7998422384262085,5.0,1.0,positive,57.3432858313
57.3432858313,0.0,1.5885347127914429,0.8793917298316956,0.0,3.0,1.0,positive,57.43214047
57.43214047,2.348417997360229,2.245782554149628,0.7400445938110352,0.0,3.0,1.0,positive,57.87345632
57.87345632,0.0,0.0,0.0,0.0,0.0,1.0,positive,58.06252244
58.06252244,0.9401039481163024,2.632334589958191,1.7717440724372864,0.0,9.0,0.0,negative,58.04435247
58.04435247,0.0,0.7428827881813049,0.0,0.8191266059875488,1.0,2.0,positive,58.39591116
58.39591116,0.0,1.5902100205421448,1.5712308883666992,0.0,3.0,1.0,negative,57.99813709
57.99813709,0.7151573896408081,1.441769242286682,1.4927597045898438,0.0,3.0,3.0,negative,57.7958961604
57.7958961604,0.0,0.8533816933631897,3.2640146613121037,0.0,3.0,1.0,positive,59.07210715
59.07210715,0.0,0.0,0.7847426533699036,0.0,1.0,3.0,positive,59.94119204
59.94119204,1.7890066504478457,0.0,0.0,0.0,3.0,1.0,negative,59.20044828
59.20044828,0.0,0.0,0.0,0.9716904759407043,1.0,1.0,positive,59.69305566
59.69305566,0.9222795963287354,0.0,0.0,0.0,1.0,0.0,negative,59.62004408
59.62004408,0.0,0.0,0.8176631927490234,0.0,2.0,0.0,negative,58.91857112
58.91857112,1.480379939079285,0.8107643127441406,0.7844918966293335,0.0,6.0,1.0,positive,59.30804637
59.30804637,2.5760948061943054,4.898645341396332,0.0,1.5940660238265991,4.0,11.0,positive,60.65761315
60.65761315,1.6126642227172852,2.426690876483917,0.7407127618789673,5.906112015247345,8.0,11.0,positive,61.05257916
61.05257916,0.7330233454704285,0.7532371878623962,2.4297803044319157,0.0,4.0,2.0,negative,60.70679569
60.70679569,0.8074144721031189,2.4972351789474487,0.9892235398292542,0.0,5.0,2.0,positive,61.29322579
61.29322579,0.0,0.762822687625885,0.0,0.8041029572486877,1.0,3.0,positive,61.35346001
61.35346001,0.7457308173179626,0.0,4.306098997592926,0.0,5.0,1.0,positive,64.41230874
64.41230874,0.7829078435897827,1.922662436962128,0.0,0.0,3.0,3.0,negative,57.5073186512
57.5073186512,0.0,3.1110156774520874,1.7348491549491882,0.0,4.0,3.0,positive,58.7692183
58.7692183,0.8645005226135254,0.7435930967330933,0.0,0.0,2.0,1.0,negative,57.97207962
57.97207962,0.0,2.3333755135536194,0.0,0.0,2.0,2.0,negative,56.43367506
56.43367506,0.0,0.0,0.74281907081604,0.0,1.0,0.0,positive,57.0284537384
57.0284537384,0.0,2.502230942249298,0.0,0.0,1.0,2.0,negative,56.48922218
56.48922218,1.6040395498275757,0.0,0.8672264814376831,0.0,5.0,1.0,positive,57.61424337
57.61424337,0.8976932168006897,5.065208256244659,1.6206369400024414,0.0,6.0,6.0,negative,57.51554146
57.51554146,0.0,0.7271000146865845,1.752630591392517,0.8867668509483337,9.0,2.0,negative,57.24777457
57.24777457,0.0,2.554511547088623,0.0,0.0,3.0,2.0,negative,56.64144374
56.64144374,0.0,0.0,0.0,0.7037690877914429,1.0,5.0,positive,57.2075591
57.2075591,0.0,1.488960862159729,0.0,0.0,2.0,1.0,negative,56.97317489
56.97317489,0.8260847330093384,0.0,0.0,0.0,1.0,2.0,positive,57.3605157
57.3605157,0.0,0.0,0.0,0.0,1.0,0.0,positive,57.46962309
57.46962309,0.0,0.0,0.0,0.0,0.0,1.0,negative,57.2509275
57.2509275,0.9118314385414124,1.5543334484100342,0.7326034307479858,0.0,4.0,0.0,positive,57.78804005
57.78804005,0.0,0.0,0.0,0.0,1.0,0.0,positive,58.38375192
58.38375192,0.7715531587600708,0.7516550421714783,0.0,0.0,3.0,5.0,positive,58.53090139
58.53090139,1.6372517943382263,6.80033415555954,0.0,0.0,6.0,8.0,positive,59.49603331
59.49603331,0.0,0.0,1.8312695622444155,0.9252482056617736,7.0,1.0,negative,59.24562224
59.24562224,2.341066598892212,2.3129108548164368,0.0,0.0,8.0,2.0,negative,58.73209777
58.73209777,0.0,0.9413110017776488,0.9059885144233704,0.0,1.0,1.0,negative,58.46890283
58.46890283,0.0,0.0,0.0,0.0,2.0,0.0,positive,59.05806874
59.05806874,0.7427101135253906,0.7349115014076233,0.0,0.0,5.0,1.0,negative,58.29285273
58.29285273,0.0,1.6420990228652954,0.0,0.0,0.0,2.0,negative,58.21397735
58.21397735,1.5538253784179688,0.0,0.0,0.0,1.0,1.0,positive,58.36428688
58.36428688,0.8017416596412659,0.0,0.0,0.0,0.0,0.0,negative,58.09627195
58.09627195,0.718210756778717,0.0,0.0,0.0,0.0,0.0,negative,57.43412268
57.43412268,0.8074100613594055,1.5218442678451538,0.0,0.0,2.0,2.0,negative,57.24263181
57.24263181,0.7420976161956787,0.0,0.7802839875221252,0.0,6.0,0.0,positive,57.66107596
57.66107596,0.7116431593894958,0.9230970144271852,0.7671072483062744,0.0,2.0,2.0,negative,57.59648437
57.59648437,0.7846219539642334,0.7529182434082031,1.7611607909202576,0.0,6.0,0.0,negative,57.34404875
57.34404875,0.7225551605224609,0.0,3.309765934944153,0.0,11.0,0.0,positive,57.73694503
57.73694503,0.0,0.7675473093986511,0.8975573182106018,0.0,6.0,2.0,negative,57.533054
57.533054,0.718048095703125,0.940410017967224,0.0,0.0,2.0,1.0,negative,57.33183102
57.33183102,0.0,0.9033242464065552,0.0,0.0,1.0,2.0,positive,57.55045025
57.55045025,0.0,0.0,0.0,1.739487707614899,1.0,0.0,positive,57.72513251
57.72513251,0.7304390072822571,0.0,0.7528245449066162,0.0,7.0,0.0,positive,57.98156785
57.98156785,0.745692789554596,0.0,0.0,0.0,4.0,1.0,positive,58.85984717
58.85984717,0.8034701347351074,0.0,0.0,0.0,1.0,0.0,positive,59.10045781
59.10045781,0.0,0.0,0.0,0.0,1.0,0.0,positive,59.18035875
59.18035875,0.0,3.081321895122528,0.0,0.0,3.0,4.0,negative,58.90865742
58.90865742,0.7049437165260315,0.0,0.0,0.0,3.0,1.0,positive,59.07495418
59.07495418,0.0,0.8277180790901184,0.7111976742744446,1.7301670908927915,4.0,2.0,positive,59.27709227
59.27709227,0.0,0.8176946043968201,0.716110110282898,0.7388524413108826,2.0,2.0,positive,59.65536236
59.65536236,2.2931682467460632,0.0,0.9340755343437196,0.0,5.0,1.0,negative,59.01070626
59.01070626,0.0,0.0,0.0,0.0,3.0,0.0,negative,58.69427229
58.69427229,0.0,0.0,0.0,0.0,2.0,1.0,negative,58.48731504
58.48731504,0.0,0.9123066067695618,0.0,1.618074357509613,2.0,1.0,negative,58.10318311
58.10318311,0.7674741148948669,1.6246739029884338,0.0,0.7791983485221863,1.0,2.0,positive,58.33865535
58.33865535,0.0,0.7677265405654907,0.0,0.0,1.0,1.0,positive,58.5419074643
58.5419074643,0.0,2.372031033039093,0.7715029716491699,0.0,1.0,1.0,negative,58.27158211
58.27158211,0.0,1.6051652431488037,0.8177676200866699,0.9259693622589112,1.0,1.0,positive,59.57734747
59.57734747,0.0,0.0,0.0,0.0,1.0,2.0,positive,60.3142818817
60.3142818817,0.0,0.7833543419837952,0.0,0.715294599533081,2.0,4.0,negative,60.24526784
60.24526784,0.0,0.7913531064987183,0.7203931212425232,0.7052962779998779,2.0,1.0,negative,59.97234565
59.97234565,0.0,0.8758461475372314,0.0,0.7085973024368286,0.0,1.0,negative,59.17749668
59.17749668,0.0,3.969487190246582,0.0,0.0,1.0,1.0,negative,59.1483009616
59.1483009616,0.7794450521469116,0.7957608699798584,0.0,0.0,1.0,0.0,positive,59.77915419
59.77915419,0.7525848746299744,0.8610055446624756,0.7087164521217346,0.0,1.0,1.0,negative,59.75256856
59.75256856,2.2939473390579224,1.5518885850906372,0.0,0.0,2.0,1.0,negative,59.5199653
59.5199653,0.80852210521698,0.0,0.0,0.0,1.0,0.0,positive,59.5376151035
59.5376151035,0.0,0.8446753621101379,0.0,0.0,2.0,0.0,positive,60.3093528415
60.3093528415,0.0,0.7040725350379944,0.8753982186317444,0.0,0.0,1.0,negative,59.71271998
59.71271998,0.0,0.0,0.0,0.7677606344223022,0.0,0.0,positive,59.71758095
59.71758095,0.0,0.7120511531829834,0.0,0.0,1.0,1.0,negative,58.90093278
58.90093278,0.0,0.0,0.0,0.0,0.0,2.0,negative,57.00423199
57.00423199,0.0,0.8164344429969788,0.8412942886352539,0.0,0.0,0.0,positive,57.01091723
57.01091723,0.0,0.0,0.0,0.0,1.0,1.0,positive,57.38442829
57.38442829,0.0,0.0,0.8547073602676392,0.0,1.0,2.0,negative,57.24553207
57.24553207,0.0,1.4947523474693298,0.0,0.0,0.0,0.0,positive,57.48861392
57.48861392,0.0,0.0,0.0,0.0,1.0,0.0,negative,56.8298035
56.8298035,0.0,0.7960065603256226,0.0,0.0,0.0,2.0,positive,57.26175533
57.26175533,0.0,0.7318993806838989,0.0,0.0,0.0,1.0,positive,57.3226002377
57.3226002377,0.7883558869361877,0.8728224635124207,0.0,0.0,1.0,3.0,positive,57.8598292866
57.8598292866,0.0,0.0,0.0,0.0,0.0,0.0,positive,58.3845973677
58.3845973677,0.7017279267311096,0.8085775375366211,0.0,0.0,1.0,1.0,negative,58.08547743
58.08547743,0.0,0.7749144434928894,0.0,0.0,2.0,1.0,positive,58.26503246
58.26503246,0.0,4.016384959220886,0.0,0.7068580389022827,5.0,5.0,negative,57.9688487808
57.9688487808,0.0,0.7188595533370972,1.6802433133125303,0.0,3.0,3.0,negative,57.79128192
57.79128192,1.565167486667633,0.8507276177406311,0.0,0.0,7.0,2.0,positive,57.84295355
57.84295355,0.0,3.912387669086456,0.0,0.0,1.0,2.0,positive,58.12920588
58.12920588,1.8722477555274963,1.5796101093292236,0.8567547798156738,0.0,2.0,1.0,positive,58.17039052
58.17039052,0.0,0.7710819840431213,0.741003155708313,0.0,1.0,1.0,positive,58.1714072773
58.1714072773,1.751126766204834,0.0,0.0,0.0,2.0,1.0,negative,57.7957599
57.7957599,0.8135473728179932,0.0,0.9263965487480164,0.0,5.0,0.0,positive,57.9009011
57.9009011,0.8959010243415833,0.0,0.0,0.9011518955230712,1.0,1.0,negative,57.52485939
57.52485939,0.7328118085861206,0.0,0.0,0.0,1.0,3.0,positive,57.74226425
57.74226425,0.0,2.408995568752289,0.0,0.8807255625724792,1.0,2.0,negative,57.38724728
57.38724728,0.0,0.0,0.0,0.0,3.0,0.0,negative,56.70319396
56.70319396,0.0,0.0,0.0,0.0,2.0,1.0,negative,56.53712983
56.53712983,0.0,0.0,1.6934372782707214,0.0,3.0,0.0,positive,56.99735474
56.99735474,0.8649770021438599,1.7806979417800903,0.0,0.920752227306366,1.0,2.0,positive,57.02912803
57.02912803,0.0,0.0,0.0,0.0,2.0,2.0,positive,57.13903008
57.13903008,0.8053966760635376,0.8409135937690735,0.7296192646026611,0.0,3.0,1.0,positive,57.7177975559
57.7177975559,0.0,0.8895447850227356,0.81528240442276,0.0,1.0,2.0,positive,58.32278772
58.32278772,0.0,0.7391684651374817,0.0,0.0,1.0,2.0,negative,58.23779759
58.23779759,0.0,0.0,0.0,0.0,5.0,0.0,negative,58.12065465
58.12065465,0.8788800835609436,0.7445498704910278,0.7666105628013611,0.0,3.0,1.0,positive,58.20277333
58.20277333,0.7151402235031128,0.0,0.0,0.0,2.0,0.0,negative,57.42146747
57.42146747,0.7691468000411987,3.2018046379089355,0.0,0.0,1.0,6.0,positive,57.89894939
57.89894939,0.0,0.0,0.7157886624336243,0.9915597438812256,2.0,2.0,positive,58.30896129
58.30896129,0.0,2.223975419998169,0.7485374808311462,0.7468780875205994,3.0,2.0,positive,58.52252141
58.52252141,0.0,0.7690914869308472,0.0,0.9084502458572388,3.0,3.0,negative,58.2162068
58.2162068,0.9236652851104736,0.8127496838569641,0.0,0.0,2.0,1.0,negative,58.0575294947
58.0575294947,0.0,0.0,0.0,0.0,2.0,1.0,positive,58.28884584
58.28884584,0.0,2.5475704669952397,0.0,0.7565682530403137,2.0,1.0,positive,59.0227104792
59.0227104792,0.8374977707862854,0.7188476920127869,0.0,0.0,3.0,0.0,negative,58.60789697
58.60789697,0.0,0.7276725769042969,0.9216419458389282,0.0,3.0,1.0,negative,58.37433822
58.37433822,0.0,0.788517951965332,0.0,0.7476717829704285,0.0,0.0,negative,57.9232656602
57.9232656602,0.0,0.0,0.8422946929931641,0.0,3.0,0.0,negative,57.48463401
57.48463401,0.8104490041732788,0.7412009239196777,0.0,0.0,1.0,1.0,positive,57.69514497
57.69514497,0.0,0.0,0.0,0.0,1.0,2.0,negative,56.25638843
56.25638843,0.0,0.9192604422569276,0.0,0.0,3.0,0.0,negative,55.37651017
55.37651017,0.0,0.7108279466629028,0.8780003190040588,0.0,2.0,1.0,positive,55.67799742
55.67799742,0.0,0.8582499623298645,0.7386803030967712,0.0,2.0,0.0,negative,55.37772285
55.37772285,0.0,0.8745302557945251,0.0,0.0,2.0,3.0,negative,53.77053716
53.77053716,0.9769284725189208,0.8023923635482788,0.7102766036987305,0.8226029872894287,5.0,0.0,positive,54.38684316
54.38684316,0.0,0.8825137615203857,0.0,0.0,1.0,0.0,negative,54.06635628
54.06635628,0.0,0.0,0.0,0.0,0.0,0.0,negative,53.667182703
53.667182703,0.8162235617637634,0.718910813331604,0.0,0.0,1.0,3.0,negative,52.7934116042
52.7934116042,0.0,0.0,0.0,0.0,3.0,0.0,positive,54.25951264
54.25951264,0.0,0.0,0.7229137420654297,0.0,3.0,0.0,positive,54.85073229
54.85073229,0.0,0.8014355301856995,0.0,0.0,0.0,1.0,negative,54.5660061795
54.5660061795,0.0,0.0,0.0,0.0,0.0,0.0,positive,54.69026131
54.69026131,0.9045480489730836,0.0,0.9677744507789612,0.0,5.0,0.0,positive,54.7206194
54.7206194,0.718726396560669,3.263688623905182,0.9417933821678162,0.7950776815414429,3.0,6.0,positive,55.19680937
55.19680937,0.8753061890602112,2.3186708092689514,0.0,0.0,4.0,3.0,negative,54.57270854
54.57270854,0.734239399433136,0.0,0.7633030414581299,0.0,2.0,1.0,positive,55.0502754127
55.0502754127,0.0,0.8105087280273438,0.0,0.9791802763938904,1.0,2.0,negative,54.96858456
54.96858456,0.8391984105110168,0.7682715654373169,0.9670590162277222,0.7064434885978699,2.0,0.0,negative,54.92893789
54.92893789,0.0,0.0,0.0,0.0,1.0,0.0,positive,55.09285816
55.09285816,0.7515336275100708,0.0,0.0,0.0,5.0,1.0,positive,55.10686931
55.10686931,0.7297064065933228,0.7367196679115295,2.314383387565613,0.0,4.0,1.0,negative,54.74248507
54.74248507,0.808000922203064,0.0,0.0,0.898666262626648,5.0,0.0,negative,53.42583904
53.42583904,0.0,0.0,0.0,0.0,1.0,0.0,positive,54.88933994
54.88933994,0.0,2.159608840942383,0.0,0.8068718910217285,0.0,5.0,negative,54.60702089
54.60702089,0.0,0.0,1.715879499912262,0.0,6.0,0.0,negative,54.32660451
54.32660451,2.4358758330345154,0.0,0.0,0.0,7.0,1.0,positive,54.61684135
54.61684135,2.935792326927185,0.7754075527191162,0.8326637148857117,0.7042260766029358,8.0,2.0,positive,54.75811356
54.75811356,0.0,0.0,0.824590265750885,2.450200200080872,6.0,3.0,positive,56.88188519
56.88188519,0.0,1.4435890316963196,1.616888701915741,0.848297119140625,3.0,4.0,positive,57.74131641
57.74131641,0.0,0.7335422039031982,0.7432845234870911,0.0,3.0,1.0,negative,57.10265991
57.10265991,0.0,0.8256093263626099,0.0,0.0,1.0,0.0,negative,56.9918531855
56.9918531855,0.0,2.553124487400055,0.0,0.0,0.0,2.0,positive,57.1488885
57.1488885,0.0,0.0,0.7074479460716248,0.0,2.0,0.0,positive,57.24569609
57.24569609,0.0,0.0,0.0,0.0,0.0,2.0,negative,56.5343993567
56.5343993567,0.0,0.0,1.4563619494438171,0.0,2.0,0.0,positive,56.7158038
56.7158038,0.8008960485458374,0.748201310634613,0.7452999949455261,0.0,1.0,1.0,negative,56.5272497
56.5272497,0.0,0.0,1.8318134546279907,0.0,5.0,0.0,positive,56.75648454
56.75648454,0.0,0.0,0.7378479838371277,0.0,6.0,1.0,positive,57.55041627
57.55041627,0.9613285660743712,0.0,1.5390772223472595,1.6859750151634216,3.0,3.0,positive,57.5976466667
57.5976466667,0.8813415169715881,1.5077366828918457,0.0,0.9204577803611756,6.0,3.0,negative,56.85587005
56.85587005,0.0,4.950862944126129,0.0,0.0,3.0,3.0,negative,56.75312254
56.75312254,1.4934934973716736,1.6161056756973269,0.0,0.0,7.0,0.0,positive,57.76951566
57.76951566,0.0,3.9399048686027527,2.2839162349700928,0.0,6.0,1.0,negative,57.65583247
57.65583247,0.8293219804763794,1.650902271270752,0.7605963349342346,0.0,7.0,3.0,negative,57.4620930587
57.4620930587,0.0,0.7345055341720581,0.9607000350952148,0.0,2.0,2.0,negative,57.45929211
57.45929211,0.0,7.471929490566254,0.0,0.7657896876335144,1.0,13.0,negative,57.20488211
57.20488211,0.0,6.511680483818054,0.8353056311607361,0.8446713089942932,1.0,11.0,positive,57.4440868722
57.4440868722,0.7621963024139404,4.016003608703613,0.0,0.7657896876335144,2.0,8.0,negative,57.26675757
57.26675757,0.0,3.857011616230011,0.7127101421356201,0.0,2.0,6.0,positive,59.30614567
59.30614567,0.0,5.242931067943573,0.7451015710830688,0.7680134177207947,0.0,6.0,positive,59.87565379
59.87565379,0.852853536605835,0.0,0.0,0.0,3.0,2.0,positive,60.12126251
60.12126251,0.0,0.9829118251800536,0.0,0.0,3.0,1.0,negative,59.85023427
59.85023427,0.7707474827766418,0.0,0.887233316898346,0.0,4.0,1.0,positive,59.92780968
59.92780968,2.425202548503876,0.979417085647583,1.7495704889297483,0.0,4.0,2.0,positive,62.1774038576
62.1774038576,0.0,1.681288480758667,0.0,0.0,1.0,4.0,negative,61.34257487
61.34257487,0.0,0.0,0.7632790803909302,0.0,5.0,2.0,positive,61.47678234
61.47678234,0.8012396097183228,0.0,0.7534366250038147,0.0,6.0,0.0,positive,61.60496908
61.60496908,0.0,4.282778441905975,0.8309446573257446,0.0,5.0,4.0,positive,61.88084495
61.88084495,0.8811920285224915,0.7995091080665588,0.9709414839744568,0.0,2.0,2.0,negative,60.53774211
60.53774211,0.8327767848968506,0.0,0.0,0.7241363525390625,1.0,4.0,positive,61.17433594
61.17433594,0.0,0.0,0.0,0.0,5.0,0.0,positive,62.34789764
62.34789764,0.0,1.5282520651817322,0.7940664291381836,0.0,1.0,5.0,negative,61.59884785
61.59884785,2.2643221616744995,5.41360467672348,0.0,1.927463412284851,4.0,10.0,positive,61.76647885
61.76647885,0.0,2.52298766374588,0.0,0.0,5.0,1.0,positive,61.87272124
61.87272124,0.0,0.0,0.0,0.9125251770019532,2.0,4.0,positive,63.82654319
63.82654319,0.8818325996398926,1.7435489296913147,0.0,0.8419522047042847,5.0,6.0,negative,62.83983093
62.83983093,0.0,1.5676262378692627,1.589614987373352,0.0,3.0,2.0,positive,63.59661512
63.59661512,0.0,0.0,0.0,0.0,2.0,1.0,negative,62.88206914
62.88206914,1.702012062072754,1.4471696019172668,0.0,0.0,2.0,2.0,positive,63.46947313
63.46947313,0.0,0.8828001618385315,0.0,0.0,1.0,3.0,positive,64.467181106
64.467181106,1.471825122833252,0.7509467601776123,0.0,0.0,4.0,3.0,positive,64.5536015809
64.5536015809,0.0,0.0,0.0,0.0,3.0,0.0,positive,64.71044964
64.71044964,0.0,2.402059257030487,0.0,1.408935308456421,3.0,6.0,negative,64.5971163541
64.5971163541,1.4620251059532166,2.650698482990265,1.6355255246162417,0.0,8.0,2.0,positive,66.91424209
66.91424209,1.759668231010437,4.96357524394989,3.1278843879699707,0.8258209228515625,5.0,8.0,positive,67.09403538
67.09403538,0.8448453545570374,1.641949474811554,0.8842961192131042,0.0,6.0,4.0,positive,67.89073274
67.89073274,5.215406596660614,1.6169582605361938,0.7442322373390198,0.0,8.0,5.0,negative,67.02804135
67.02804135,0.0,3.201017439365387,0.0,0.7095000743865967,4.0,3.0,positive,67.4108617839
67.4108617839,1.6132918000221252,0.0,0.0,0.0,2.0,3.0,negative,67.0943069
67.0943069,0.0,0.8811348080635071,0.9021446704864502,0.0,4.0,1.0,negative,66.41216965
66.41216965,1.827141344547272,0.0,0.7488402128219604,0.0,4.0,2.0,negative,66.32339306
66.32339306,0.0,1.5562655925750732,0.0,0.0,2.0,2.0,positive,67.00162566
67.00162566,0.0,1.7055720090866089,0.7798477411270142,0.0,2.0,1.0,negative,65.79755544
65.79755544,0.7134048938751221,1.5449748039245603,0.0,0.0,2.0,1.0,negative,64.91615649
64.91615649,1.5111668705940249,3.2178182005882263,0.8904891610145569,0.0,4.0,1.0,positive,65.41489663
65.41489663,0.0,0.0,1.4954639673233032,0.0,1.0,2.0,positive,66.67543455
66.67543455,0.0,3.237070500850677,0.0,0.0,0.0,2.0,negative,66.54578094
66.54578094,0.0,0.0,1.5168222188949585,0.0,1.0,0.0,positive,66.9351417
66.9351417,0.0,1.6423726677894592,0.0,0.8268393874168396,1.0,1.0,negative,65.52753496
65.52753496,2.3668039441108704,0.0,1.6989287734031675,0.0,7.0,1.0,positive,66.2274022
66.2274022,1.437361776828766,0.8348523378372192,0.0,0.7800009250640869,5.0,2.0,negative,63.10761292
63.10761292,0.8002562522888184,4.037731885910034,0.0,2.349159598350525,11.0,10.0,negative,62.64709154
62.64709154,0.0,1.5537171363830566,0.0,0.8003515601158142,2.0,2.0,positive,63.57694217
63.57694217,0.7748048901557922,0.0,0.7068964838981628,0.0,2.0,1.0,negative,63.48008251
63.48008251,0.0,4.2146642208099365,0.0,0.0,1.0,3.0,negative,63.14907414
63.14907414,0.0,0.0,0.0,0.0,3.0,2.0,negative,62.54718006
62.54718006,0.0,1.585518658161163,0.0,0.7375965714454651,1.0,5.0,negative,62.03478549
62.03478549,1.6541365385055542,1.7085228562355042,0.8724915385246277,0.0,3.0,1.0,negative,61.35391099
61.35391099,0.0,0.7467449307441711,2.5708314776420598,0.0,5.0,2.0,negative,60.25181945
60.25181945,0.0,0.8193544745445251,0.0,0.0,2.0,1.0,positive,61.38195325
61.38195325,0.0,0.0,0.0,0.0,1.0,0.0,positive,62.0046272
62.0046272,0.0,0.0,0.0,0.944921851158142,1.0,2.0,positive,63.20292261
63.20292261,0.0,0.0,0.0,0.0,0.0,0.0,negative,62.37825056
62.37825056,0.8115520477294922,0.0,0.73045414686203,0.0,2.0,2.0,negative,62.157743
62.157743,0.0,0.8985354900360107,0.0,0.0,2.0,1.0,negative,61.7441147519
61.7441147519,0.0,0.0,0.0,0.0,0.0,0.0,positive,62.2910242583
62.2910242583,0.0,0.7462447285652161,0.8767846822738647,0.0,3.0,2.0,positive,62.36917382
62.36917382,0.0,0.0,0.0,0.0,2.0,0.0,positive,62.89066542
62.89066542,0.0,0.7562416791915894,0.8972424864768982,0.0,0.0,0.0,positive,63.34813608
63.34813608,0.0,3.29738849401474,0.0,0.0,0.0,6.0,negative,62.70147077
62.70147077,0.7620065212249756,0.0,0.8684791922569275,0.0,4.0,1.0,negative,62.65333042
62.65333042,0.0,1.6534850597381592,0.0,0.0,2.0,3.0,positive,62.71841223
62.71841223,0.0,0.7516700625419617,1.6044861674308777,0.0,5.0,1.0,positive,62.9059718456
62.9059718456,0.8715025186538696,0.0,0.8408944606781006,0.0,5.0,0.0,negative,62.31648084
62.31648084,0.8309325575828552,0.0,0.9938167929649352,0.0,6.0,1.0,positive,63.56566552
63.56566552,0.0,0.8408132195472717,0.0,0.0,2.0,2.0,negative,62.86674582
62.86674582,0.0,0.8579450249671936,0.0,0.0,3.0,1.0,negative,62.72042897
62.72042897,0.0,4.151014864444733,0.0,0.0,1.0,5.0,negative,62.33131767
62.33131767,0.0,1.451896846294403,0.7216359376907349,0.9626253843307496,1.0,1.0,negative,61.14654455
61.14654455,0.0,0.0,0.0,0.0,0.0,1.0,positive,61.23147157
61.23147157,2.2556626200675964,0.0,0.7652936577796936,0.0,2.0,0.0,negative,61.20673065
61.20673065,0.7578160166740417,0.0,1.695654571056366,0.0,3.0,1.0,negative,60.85716515
60.85716515,0.81831294298172,3.292422592639923,1.509730100631714,0.0,3.0,0.0,positive,60.92104862
60.92104862,0.0,0.8050867915153503,0.0,0.0,2.0,3.0,negative,59.60578061
59.60578061,0.0,0.8777954578399658,0.7081729173660278,0.0,4.0,1.0,negative,59.3630572454
59.3630572454,0.0,0.0,0.0,0.0,2.0,0.0,negative,59.0472228
59.0472228,0.0,0.7673643231391907,0.0,0.0,1.0,0.0,positive,59.2958568
59.2958568,0.0,0.0,0.8645053505897522,0.0,2.0,1.0,negative,59.0673853601
59.0673853601,0.8444421887397766,0.0,0.0,0.7423635721206665,0.0,1.0,positive,59.73103459
59.73103459,0.0,0.0,0.0,0.7745445370674133,0.0,1.0,negative,59.71480622
59.71480622,0.0,0.7710819840431213,0.0,0.0,0.0,1.0,negative,59.3543060375
59.3543060375,0.0,2.3769678473472595,0.0,0.0,0.0,3.0,positive,59.65242861
59.65242861,1.6009380221366882,3.9759437441825862,0.8088029026985168,0.0,1.0,11.0,positive,59.76630803
59.76630803,0.0,0.811758816242218,0.0,0.0,1.0,2.0,negative,59.61458712
59.61458712,0.0,1.510914146900177,0.0,0.0,1.0,4.0,positive,59.67343655
59.67343655,0.0,0.94638192653656,0.0,0.0,0.0,0.0,positive,60.32731348
60.32731348,0.0,1.679667353630066,0.0,0.0,2.0,2.0,negative,60.31115811
60.31115811,0.0,0.7144004702568054,0.0,0.0,0.0,2.0,negative,59.633447188
59.633447188,0.8141829371452332,0.7416070699691772,0.0,0.0,6.0,0.0,negative,59.00336823
59.00336823,0.8623637557029724,0.8103869557380676,0.8076658248901367,0.7566208243370056,1.0,2.0,negative,58.79075378
58.79075378,0.8416502475738525,0.8193963170051575,0.0,0.7774913311004639,3.0,3.0,positive,59.39948132
59.39948132,0.8976932168006897,0.7792008519172668,0.0,0.762073278427124,1.0,1.0,negative,59.29993805
59.29993805,0.0,0.708674967288971,0.0,0.0,1.0,1.0,negative,58.37338135
58.37338135,0.0,0.0,1.6249334812164309,0.0,6.0,0.0,positive,58.90248274
58.90248274,0.0,0.8562198877334595,0.0,0.0,3.0,0.0,positive,59.62704987
59.62704987,0.0,2.511671245098114,0.0,0.0,0.0,4.0,positive,60.509314151
60.509314151,0.0,3.058445990085602,0.0,3.530291736125946,1.0,3.0,positive,61.13700613
61.13700613,0.0,0.8070370554924011,0.0,0.0,3.0,0.0,negative,60.87603304
60.87603304,0.0,2.4131802320480347,0.831915020942688,0.0,2.0,3.0,negative,60.62325901
60.62325901,0.0,0.0,0.0,0.0,1.0,1.0,positive,60.7096008917
60.7096008917,0.9311888217926024,0.0,0.0,0.8215091228485107,3.0,0.0,positive,61.47761273
61.47761273,0.0,0.0,0.9058398008346558,0.0,2.0,2.0,negative,60.9794137091
60.9794137091,0.0,1.4821996688842771,0.0,0.0,0.0,0.0,positive,61.9222569
61.9222569,0.0,0.7484904527664185,0.7049773931503296,0.0,2.0,3.0,positive,62.1151419
62.1151419,0.0,1.448570430278778,0.0,0.9502607583999634,1.0,1.0,positive,62.24293766
62.24293766,0.0,0.7793839573860168,0.0,0.9203026294708252,0.0,2.0,negative,61.97541018
61.97541018,0.7689592838287354,0.0,0.0,0.0,0.0,0.0,positive,62.11125626
62.11125626,0.0,7.980379998683929,0.0,0.7618992924690247,4.0,13.0,positive,62.44110735
62.44110735,0.7362927198410034,0.783768892288208,0.0,1.5292670726776123,7.0,1.0,negative,62.28187876
62.28187876,0.0,4.07918918132782,0.0,0.0,2.0,6.0,negative,62.10669217
62.10669217,0.0,2.807834267616272,0.0,0.0,2.0,5.0,positive,62.19942538
62.19942538,0.0,0.8279917240142822,0.0,0.0,0.0,1.0,negative,61.99262037
61.99262037,0.0,0.0,0.8257506489753723,0.0,6.0,0.0,negative,61.26309279
61.26309279,0.7201738357543945,0.0,0.7229922413825989,0.0,4.0,1.0,positive,61.32856073
61.32856073,0.0,0.8085865378379822,0.0,0.0,1.0,1.0,negative,60.74121257
60.74121257,1.690867304801941,0.7001588940620422,0.0,0.0,4.0,1.0,positive,60.88676802
60.88676802,0.0,0.0,0.0,0.0,0.0,0.0,positive,61.06455747
61.06455747,0.0,0.0,0.0,0.0,0.0,1.0,negative,59.74724656
59.74724656,0.0,0.7023489475250244,0.862201452255249,0.0,1.0,0.0,negative,59.36473159
59.36473159,1.5363193154335022,4.046972572803497,0.0,0.0,3.0,8.0,negative,57.68341619
57.68341619,0.729262113571167,0.0,0.0,0.0,1.0,0.0,positive,58.26560352
58.26560352,0.7774819731712341,0.7311466932296753,0.0,0.7310436367988586,0.0,2.0,negative,58.0876013
58.0876013,0.0,2.2933375239372253,1.770710825920105,0.0,7.0,4.0,positive,58.58066532
58.58066532,0.0,0.0,0.7704280614852905,0.0,6.0,1.0,negative,58.26786336
58.26786336,0.0,0.0,0.0,0.0,1.0,1.0,negative,58.05900299
58.05900299,0.8487882614135742,0.7544938325881958,0.0,0.0,2.0,4.0,negative,57.87328523
57.87328523,0.7692806720733643,0.7704132199287415,0.8100533485412598,0.0,4.0,2.0,negative,57.5882663644
57.5882663644,0.8976932168006897,1.4780096411705017,0.0,0.9367237091064452,2.0,2.0,positive,57.94279383
57.94279383,1.6586086750030518,2.954296588897705,0.0,0.851237416267395,2.0,6.0,positive,58.00279301
58.00279301,1.6550774574279783,4.591993093490601,1.945840060710907,0.0,5.0,5.0,negative,57.82904557
57.82904557,1.8049802780151367,6.834507524967194,0.852993369102478,0.0,7.0,7.0,positive,58.80176802
58.80176802,0.8204633593559265,3.697604238986969,1.7137776613235474,0.0,9.0,6.0,negative,58.5141581112
58.5141581112,1.7885627746582031,1.6703826785087583,0.8673661351203918,0.0,4.0,2.0,negative,58.48271291
58.48271291,0.7709813714027405,0.0,1.691303253173828,0.0,2.0,0.0,positive,58.55042823
58.55042823,0.7375062704086304,0.0,0.0,0.0,4.0,0.0,negative,58.35817448
58.35817448,0.0,0.0,0.0,0.0,1.0,0.0,negative,58.19408309
58.19408309,0.0,0.7385741472244263,0.0,0.0,2.0,1.0,negative,58.03435639
58.03435639,1.602222919464111,2.603718400001526,0.0,0.0,2.0,1.0,negative,57.49014421
57.49014421,0.0,0.0,0.7889527082443237,0.7455387115478516,2.0,0.0,positive,58.33184079
58.33184079,0.7467657923698425,0.0,0.77554851770401,0.0,1.0,1.0,positive,58.57077414
58.57077414,0.8592026829719543,0.7385741472244263,0.815687358379364,0.0,4.0,3.0,negative,57.5887466518
57.5887466518,0.0,0.0,0.0,0.0,3.0,1.0,positive,57.87502886
57.87502886,0.0,0.0,0.0,0.0,0.0,0.0,negative,56.55933242
56.55933242,0.0,3.237694561481476,0.0,0.0,0.0,3.0,negative,55.0585743795
55.0585743795,0.0,0.0,0.0,0.0,2.0,0.0,positive,55.42767392
55.42767392,0.730103611946106,0.0,0.0,0.0,2.0,2.0,positive,55.66789919
55.66789919,0.0,0.0,0.0,0.0,0.0,0.0,positive,56.0410168
56.0410168,0.8203951716423035,0.0,0.0,0.0,5.0,1.0,positive,56.40972212
56.40972212,0.9379746317863464,0.0,0.8169102668762207,0.0,1.0,0.0,positive,56.58391031
56.58391031,0.0,0.0,0.7202589511871338,0.0,3.0,1.0,negative,56.56931081
56.56931081,0.8313775658607483,1.617518663406372,0.0,0.0,2.0,2.0,positive,56.76669814
56.76669814,0.0,0.0,0.0,0.0,0.0,0.0,positive,57.3964997079
57.3964997079,0.0,0.7152897119522095,0.0,0.0,1.0,0.0,positive,57.70566888
57.70566888,0.0,0.7853624224662781,0.0,0.0,0.0,0.0,negative,57.51732313
57.51732313,0.0,0.0,1.7515684366226196,0.0,0.0,0.0,positive,58.14925423
58.14925423,0.0,0.0,0.0,0.0,0.0,1.0,negative,57.1641906007
57.1641906007,0.0,1.5163118839263916,0.0,0.0,0.0,1.0,positive,57.18773829
57.18773829,0.0,1.6418035626411438,0.7720277309417725,0.0,1.0,1.0,negative,57.0498612765
57.0498612765,0.0,0.9474761486053468,0.7808751463890076,0.951465666294098,1.0,3.0,positive,57.35440311
57.35440311,0.0,0.7090963125228882,0.0,0.0,1.0,3.0,negative,57.34585304
57.34585304,0.0,0.8855440020561218,0.0,0.0,1.0,0.0,positive,57.57481581
57.57481581,0.0,0.8499578833580017,0.0,0.0,1.0,2.0,negative,57.53652279
57.53652279,0.0,0.0,0.7429794073104858,0.0,1.0,0.0,positive,58.22694361
58.22694361,0.0,0.0,0.0,0.0,0.0,0.0,negative,57.86129674
57.86129674,0.0,0.9099897146224976,0.8336120247840881,0.0,0.0,0.0,negative,57.44741536
57.44741536,0.7024909257888794,0.8609322905540466,0.0,0.0,1.0,0.0,negative,57.24369898
57.24369898,0.0,0.0,0.0,0.0,0.0,0.0,positive,57.8039916625
57.8039916625,0.0,0.0,0.0,0.0,0.0,1.0,negative,57.723466
57.723466,0.0,2.409235715866089,0.0,0.0,0.0,3.0,positive,57.74257654
57.74257654,0.0,0.7355787754058838,0.0,0.8425005674362183,0.0,1.0,negative,57.51775057
57.51775057,0.7660855650901794,0.770332396030426,1.509833037853241,0.0,5.0,0.0,negative,57.29173262
57.29173262,0.0,0.8505220413208008,0.70510333776474,0.0,5.0,2.0,positive,58.4331052476
58.4331052476,0.0,0.7604690790176392,0.7207716703414917,0.0,1.0,1.0,positive,58.59886209
58.59886209,0.7169458270072937,0.0,0.7810019254684448,0.0,6.0,1.0,negative,58.25429847
58.25429847,0.0,0.0,1.665230929851532,0.0,5.0,0.0,positive,58.35505947
58.35505947,0.7010601162910461,4.077055931091309,0.0,0.0,2.0,4.0,negative,58.23578299
58.23578299,0.0,0.0,0.0,0.0,2.0,2.0,positive,58.43217397
58.43217397,1.472983717918396,0.0,0.7041663527488708,0.9000566601753235,7.0,1.0,positive,61.22225825
61.22225825,0.8976932168006897,0.8193963170051575,0.0,0.0,1.0,2.0,negative,61.14807367
61.14807367,0.0,1.6719974279403689,0.0,0.0,0.0,2.0,positive,61.86432929
61.86432929,0.0,0.0,0.845738410949707,0.0,2.0,1.0,positive,62.22717605
62.22717605,0.7145217657089233,0.0,0.0,0.7844712138175964,4.0,1.0,negative,61.69559538
61.69559538,0.876733660697937,0.0,0.0,0.0,1.0,0.0,positive,62.72533993
62.72533993,0.8933669924736023,0.0,0.0,0.7782700657844543,4.0,1.0,positive,63.00641753
63.00641753,0.0,0.0,0.0,0.0,0.0,1.0,negative,62.42364013
62.42364013,0.0,5.0888418555259705,0.905645787715912,0.0,4.0,6.0,negative,62.10274384
62.10274384,0.7579575777053833,0.0,0.0,0.0,1.0,0.0,negative,61.28978961
61.28978961,0.0,0.0,0.0,0.0,3.0,0.0,positive,61.9284833
61.9284833,0.0,0.0,0.0,0.0,1.0,0.0,positive,62.67214787
62.67214787,0.0,0.7210570573806763,0.0,0.0,1.0,1.0,negative,62.1550773
62.1550773,0.0,0.0,0.0,0.0,1.0,0.0,negative,61.56587016
61.56587016,0.0,0.8318874835968018,1.6280431747436523,0.0,2.0,2.0,negative,61.51061857
61.51061857,1.4540756940841677,0.7756237983703613,0.0,0.0,2.0,1.0,negative,61.4018600753
61.4018600753,0.7593947649002075,0.9041080474853516,0.0,0.0,1.0,1.0,negative,60.8614561
60.8614561,0.0,0.0,0.0,0.0,0.0,1.0,positive,61.11379813
61.11379813,0.7947198748588562,0.0,0.925557017326355,0.0,0.0,0.0,negative,60.82290975
60.82290975,0.0,0.7178699970245361,1.850369453430176,0.0,2.0,0.0,positive,61.71314349
61.71314349,0.7299935817718506,0.8495153784751892,1.493690550327301,0.0,1.0,1.0,positive,62.3309196734
62.3309196734,0.0,0.7383631467819214,0.0,0.0,1.0,1.0,positive,63.04771101
63.04771101,0.8976932168006897,1.6669944524765017,0.8980145454406738,0.0,3.0,0.0,negative,62.99360188
62.99360188,0.0,0.0,0.0,0.0,2.0,0.0,negative,62.25505619
62.25505619,0.0,0.0,0.0,0.0,3.0,0.0,negative,62.1662497
62.1662497,0.0,1.477255403995514,0.0,0.0,2.0,2.0,positive,63.56425206
63.56425206,1.483825385570526,0.7065450549125671,0.7998431324958801,0.0,5.0,1.0,positive,63.61645461
63.61645461,0.0,2.290346086025238,0.0,0.0,1.0,3.0,negative,63.50642817
63.50642817,0.0,3.0000200867652893,0.7616285681724548,0.8565267324447632,2.0,2.0,positive,63.75169759
63.75169759,0.9256709218025208,0.7855677604675293,0.0,0.0,3.0,0.0,negative,62.88279052
62.88279052,0.0,0.0,0.8401862382888794,2.548256993293762,6.0,3.0,negative,62.76031801
62.76031801,1.7326859831809998,0.0,1.7923536896705627,0.0,2.0,1.0,negative,62.48751972
62.48751972,1.742763102054596,0.703021764755249,0.7030647397041321,0.0,1.0,3.0,positive,62.66975992
62.66975992,0.9113234281539916,1.5190043449401855,0.0,0.9060158729553224,2.0,3.0,negative,61.95588056
61.95588056,0.0,1.5140960216522217,0.946979820728302,0.0,0.0,2.0,positive,62.27807135
62.27807135,1.692072093486786,2.4221662878990173,0.7498927712440491,0.0,3.0,5.0,negative,58.66897697
58.66897697,0.0,0.0,0.0,0.0,0.0,2.0,negative,58.10413595
58.10413595,1.6364983320236206,3.23480886220932,0.0,0.0,6.0,1.0,negative,57.84799302
57.84799302,1.8256723880767824,2.359097361564636,1.7518917322158811,0.7429046630859375,3.0,5.0,positive,57.87123743
57.87123743,0.0,0.9039751291275024,0.0,0.0,2.0,2.0,positive,57.94525945
57.94525945,0.949330747127533,0.7986118197441101,0.8964860439300537,0.985204577445984,5.0,0.0,positive,58.19639305
58.19639305,0.7136715650558472,0.0,0.7939416170120239,0.9772428870201112,2.0,1.0,negative,58.09964767
58.09964767,0.7868456840515137,0.7858690619468689,0.0,0.7028019428253174,2.0,0.0,positive,58.47405759
58.47405759,1.4813963770866394,0.7986118197441101,0.9163021445274352,0.0,0.0,1.0,negative,57.6685935
57.6685935,0.7607511878013611,0.7253652215003967,1.7283450365066528,0.0,3.0,3.0,negative,57.03013198
57.03013198,0.0,0.0,0.0,0.0,1.0,0.0,positive,57.5669176
57.5669176,0.0,0.0,0.0,3.9905577898025513,1.0,0.0,negative,57.35014264
57.35014264,0.0,0.7920083403587341,0.0,0.0,2.0,1.0,negative,56.46668661
56.46668661,0.739831805229187,0.0,0.0,0.7721848487854004,2.0,6.0,negative,54.32226467
54.32226467,0.0,0.0,0.8471136689186096,0.0,1.0,1.0,negative,53.28283049
53.28283049,0.0,0.0,0.7592421174049377,0.0,1.0,2.0,positive,53.31503314
53.31503314,0.0,0.8355950117111206,1.7019997239112854,0.0,1.0,2.0,negative,53.13817134
53.13817134,0.0,0.9640453457832336,0.0,0.7441302537918091,2.0,1.0,positive,53.39886615
53.39886615,1.554293870925903,0.0,0.0,0.0,6.0,0.0,negative,47.77411236
47.77411236,0.0,1.8450827598571775,0.0,0.0,0.0,2.0,positive,48.88197743
48.88197743,0.9578548073768616,0.0,0.0,0.0,2.0,0.0,negative,48.42718491
48.42718491,0.0,0.71836256980896,0.9278581738471984,0.7686048150062561,2.0,3.0,positive,48.78183424
48.78183424,0.0,0.8456815481185913,0.0,0.0,3.0,1.0,negative,48.7280067
48.7280067,0.0,0.7172106504440308,0.0,0.0,0.0,3.0,positive,51.4310612
51.4310612,0.0,2.3389607071876526,0.8583410978317261,0.0,3.0,0.0,negative,51.19811377
51.19811377,0.0,3.8724847435951233,0.7378647327423096,0.0,1.0,0.0,negative,50.94446259
50.94446259,0.0,0.8169660568237305,0.0,0.0,0.0,0.0,negative,49.31256266
49.31256266,0.0,0.7079933285713196,0.72086501121521,0.0,2.0,2.0,positive,49.93735332
49.93735332,0.0,2.1239799857139587,0.0,0.0,0.0,0.0,positive,50.65599764
50.65599764,0.0,4.706810295581818,0.0,0.0,0.0,1.0,positive,51.342762
51.342762,0.0,0.0,0.0,0.9190622568130492,0.0,1.0,negative,50.61197823
50.61197823,0.0,1.5081562399864197,0.8798635005950928,0.0,3.0,1.0,positive,50.67954209
50.67954209,0.0,0.0,0.0,0.0,0.0,0.0,negative,50.2901025
50.2901025,0.0,3.376682937145233,0.0,0.0,3.0,4.0,negative,50.0566291158
50.0566291158,0.0,0.0,0.0,0.9113215208053588,0.0,1.0,negative,49.81260075
49.81260075,0.0,0.8393682837486267,0.0,0.0,1.0,1.0,negative,48.95549224
48.95549224,0.0,3.3445053696632385,0.0,0.0,0.0,6.0,negative,48.51409286
48.51409286,0.0,1.5509148240089417,0.7164093852043152,0.0,3.0,2.0,positive,49.08990045
49.08990045,0.0,1.5965550541877749,0.0,0.8152896761894226,1.0,4.0,positive,49.33759648
49.33759648,0.0,1.4569587707519531,0.0,1.56829434633255,2.0,2.0,negative,48.04059058
48.04059058,0.7434332966804504,4.741507649421692,1.6696099042892456,3.3882856965065,5.0,12.0,negative,46.7851513
46.7851513,1.485806405544281,2.413029670715332,0.7878288626670837,0.7834636569023132,4.0,4.0,positive,47.06056717
47.06056717,0.0,5.456446468830109,0.0,0.8532225489616394,3.0,4.0,positive,47.58933846
47.58933846,0.0,2.17897367477417,0.8732413649559021,0.0,1.0,2.0,negative,47.4139832298
47.4139832298,0.7382467985153198,0.7969438433647156,0.7796878814697266,0.0,3.0,1.0,negative,47.38453184
47.38453184,0.0,0.788488507270813,1.771952211856842,0.0,1.0,1.0,positive,47.5049088199
47.5049088199,0.0,0.0,0.0,0.0,1.0,0.0,positive,48.37479376
48.37479376,0.0,1.8558586835861208,0.0,0.751575767993927,1.0,2.0,negative,48.29374039
48.29374039,0.0,1.467969536781311,0.0,0.0,0.0,2.0,positive,48.72026151
48.72026151,0.0,0.8208532333374023,0.0,0.0,1.0,2.0,negative,48.42631026
48.42631026,0.0,0.7654202580451965,0.8930084705352783,0.0,2.0,2.0,negative,47.73853882
47.73853882,0.921985685825348,0.8160980939865112,0.0,0.0,1.0,2.0,positive,48.12799879
48.12799879,0.0,0.7997885942459106,0.803546667098999,0.0,5.0,1.0,positive,48.55179913
48.55179913,0.0,0.0,0.0,0.0,4.0,1.0,negative,48.54696166
48.54696166,0.0,0.0,0.7333126068115234,0.0,3.0,1.0,negative,48.05357195
48.05357195,0.0,0.0,0.0,0.0,1.0,0.0,positive,48.60042146
48.60042146,1.662470817565918,0.8313261270523071,1.5291786193847656,0.0,2.0,1.0,negative,47.89024977
47.89024977,0.85747230052948,0.7444004416465759,0.8598107695579529,0.0,4.0,2.0,negative,47.40794389
47.40794389,0.7413802146911621,0.9560164213180542,0.8464239835739136,0.0,2.0,0.0,positive,47.5171066
47.5171066,2.169341504573822,0.0,0.0,0.0,2.0,1.0,negative,47.1580112459
47.1580112459,0.0,0.7892833948135376,0.7821363806724548,0.0,3.0,0.0,negative,46.26350165
46.26350165,0.0,0.0,0.0,0.0,1.0,0.0,positive,47.52254451
47.52254451,0.0,0.7493823766708374,0.0,0.7168071269989014,1.0,1.0,positive,48.31677635
48.31677635,0.0,0.0,0.0,0.0,0.0,1.0,negative,48.05701945
48.05701945,0.0,0.0,0.7854446172714233,0.0,2.0,2.0,negative,47.66804043
47.66804043,0.0,0.0,0.0,0.0,0.0,0.0,positive,47.86197928
47.86197928,0.0,0.0,0.0,0.0,0.0,0.0,positive,48.77010822
48.77010822,0.0,0.0,0.0,0.0,1.0,0.0,negative,48.59679831
48.59679831,0.0,0.0,0.0,0.0,0.0,1.0,positive,48.7028920675
48.7028920675,0.0,0.0,0.0,0.0,1.0,1.0,negative,48.48556615
48.48556615,0.0,0.8162389993667603,0.0,0.0,3.0,1.0,positive,48.70144345
48.70144345,0.0,0.7203099131584167,0.0,0.0,1.0,3.0,negative,47.78271805
47.78271805,0.8314093947410583,0.0,0.0,0.0,0.0,0.0,negative,47.2657988885
47.2657988885,0.0,1.417987585067749,0.0,0.0,1.0,1.0,negative,47.09282009
47.09282009,0.0,0.0,0.0,0.0,0.0,0.0,positive,47.4827446
47.4827446,0.0,0.0,0.0,0.0,0.0,1.0,positive,47.76631896
47.76631896,0.0,0.0,0.0,0.0,0.0,0.0,negative,46.92367654
46.92367654,0.9507694840431212,0.0,0.0,0.0,3.0,0.0,positive,47.44132139
47.44132139,0.8926795721054077,0.0,1.6397078037261963,0.0,3.0,0.0,negative,47.38380177
47.38380177,0.7879496812820435,0.0,0.7914063334465027,0.0,4.0,0.0,positive,47.41777666
47.41777666,0.7605646252632141,0.0,0.0,0.0,1.0,0.0,negative,46.8554552042
46.8554552042,0.0,0.0,0.0,0.0,0.0,2.0,positive,47.39576327
47.39576327,0.0,0.0,0.0,0.0,0.0,0.0,positive,47.6942153
47.6942153,0.0,0.0,0.0,0.0,0.0,0.0,positive,47.8298832278
47.8298832278,0.0,1.6177349090576172,0.0,0.0,1.0,1.0,positive,47.97562065
47.97562065,0.0,1.7170680165290833,0.0,0.0,3.0,1.0,negative,47.91507091
47.91507091,0.9608570337295532,0.7675029039382935,0.0,0.0,1.0,0.0,positive,48.1612826721
48.1612826721,0.7086056470870972,0.746687650680542,0.7301584482192993,0.0,3.0,2.0,positive,48.45616911
48.45616911,0.0,0.0,0.0,0.0,3.0,0.0,positive,48.6119464104
48.6119464104,0.8845755457878113,2.390066981315613,0.0,0.0,3.0,3.0,negative,48.20202304
48.20202304,0.0,0.7335251569747925,0.0,0.0,0.0,1.0,negative,47.89769852
47.89769852,0.0,0.0,0.0,0.0,0.0,0.0,positive,49.20770841
49.20770841,0.8557483553886414,1.7437724471092224,0.8678070902824402,0.0,1.0,1.0,negative,49.08817211
49.08817211,0.0,0.0,0.7306652665138245,0.0,0.0,1.0,negative,48.8415785
48.8415785,0.0,2.3329206705093384,0.0,0.0,0.0,0.0,negative,48.46835511
48.46835511,0.0,0.0,0.0,0.0,0.0,0.0,positive,48.57085345
48.57085345,0.7724969983100891,10.530785202980042,0.0,0.0,0.0,2.0,negative,48.56193914
48.56193914,0.0,5.891218721866608,1.6680924892425537,0.0,2.0,0.0,positive,49.25076256
49.25076256,0.8177375197410583,11.82638031244278,0.0,0.0,1.0,10.0,negative,48.9332962
48.9332962,0.0,9.495334923267365,0.8729321956634521,0.75927734375,0.0,1.0,negative,48.73116034
48.73116034,0.8788093328475952,6.358880996704102,0.0,0.0,1.0,1.0,negative,48.5106565892
48.5106565892,0.0,3.90830659866333,0.0,0.9626253843307496,11.0,1.0,positive,48.67007055
48.67007055,0.7863568663597107,0.0,0.8272777795791626,0.0,1.0,2.0,positive,48.71685458
48.71685458,0.0,2.537485897541046,0.0,0.0,0.0,4.0,negative,48.21907291
48.21907291,0.0,6.47083443403244,0.0,0.0,0.0,2.0,negative,47.47593311
47.47593311,0.0,11.20957177877426,0.9053351879119872,0.0,0.0,7.0,positive,47.9633741
47.9633741,0.0,2.3445732593536377,0.0,0.0,1.0,1.0,positive,48.24012971
48.24012971,0.0,1.5057765245437622,0.7998544573783875,0.0,0.0,0.0,positive,48.55991368
48.55991368,0.0,0.0,0.7374482154846191,0.0,3.0,0.0,negative,48.48155222
48.48155222,0.0,0.0,0.0,0.0,0.0,0.0,positive,48.6470822
48.6470822,0.0,0.0,0.0,0.0,2.0,0.0,negative,48.61520979
48.61520979,0.0,0.8923150300979614,0.0,0.0,1.0,1.0,negative,48.52098389
48.52098389,0.0,0.7813864350318909,0.0,0.0,1.0,1.0,positive,48.6740353
48.6740353,0.0,0.0,0.0,0.0,0.0,0.0,positive,49.1007653
49.1007653,0.0,0.7575458288192749,0.0,0.0,0.0,1.0,negative,49.08975339
49.08975339,0.0,0.8460263013839722,0.0,0.0,1.0,0.0,positive,49.17805193
49.17805193,0.0,0.7014343738555908,0.0,0.0,1.0,0.0,negative,49.11911079
49.11911079,0.0,0.9436416625976562,0.0,0.0,0.0,2.0,positive,49.24762111
49.24762111,0.0,0.0,0.0,0.0,0.0,0.0,negative,49.03857559
49.03857559,0.0,0.0,0.0,0.0,0.0,0.0,positive,49.09190713
49.09190713,0.0,0.0,0.9784551858901978,0.0,1.0,0.0,negative,49.04647109
49.04647109,0.0,0.840904712677002,0.7718861699104309,0.0,0.0,0.0,negative,48.90391319
48.90391319,0.0,0.0,0.0,0.0,1.0,0.0,positive,48.96805946
48.96805946,0.0,0.0,0.0,0.0,0.0,1.0,negative,48.94605446
48.94605446,0.0,0.0,0.0,0.0,1.0,0.0,positive,50.96251378
50.96251378,0.0,0.0,0.0,0.0,2.0,0.0,negative,50.79922258
50.79922258,0.0,4.063453495502472,0.0,0.0,0.0,6.0,positive,50.81715545
50.81715545,0.7015128135681152,1.6906744241714478,2.252198576927185,0.0,2.0,0.0,negative,50.280405962
50.280405962,0.0,3.2093762159347534,0.0,0.0,0.0,2.0,positive,50.82142595
50.82142595,0.0,0.0,0.0,0.0,1.0,1.0,negative,50.76176768
50.76176768,0.0,0.0,0.8611621856689453,0.0,1.0,0.0,positive,50.8115184216
50.8115184216,0.0,0.0,0.0,0.0,1.0,0.0,negative,50.29744954
50.29744954,0.769989013671875,0.0,0.0,0.0,2.0,0.0,negative,49.45538028
49.45538028,0.8596035838127136,0.8460289239883423,0.0,0.0,2.0,0.0,negative,48.82635117
48.82635117,0.7591063380241394,0.0,0.7269723415374756,0.0,1.0,0.0,negative,48.1877339
48.1877339,0.0,1.6759809851646423,0.0,0.0,0.0,2.0,negative,47.77812595
47.77812595,0.8636957406997681,0.0,0.0,0.0,1.0,0.0,positive,47.98736958
47.98736958,0.0,0.0,0.0,0.0,0.0,0.0,positive,48.20723406
48.20723406,0.0,0.0,0.8411895632743835,0.0,1.0,0.0,negative,48.06603626
48.06603626,0.0,0.7457452416419983,0.0,0.0,0.0,0.0,positive,48.10447221
48.10447221,0.0,0.903108537197113,0.0,0.0,0.0,0.0,negative,48.08643542
48.08643542,0.0,1.67965430021286,0.0,0.0,0.0,4.0,negative,47.58445652
47.58445652,0.0,0.0,0.0,0.0,0.0,0.0,positive,47.8676375
47.8676375,0.0,0.0,0.0,0.0,2.0,0.0,positive,48.21837938
48.21837938,0.0,0.0,0.0,0.0,0.0,0.0,negative,48.20484525
48.20484525,0.8333771228790283,0.0,1.6095617413520813,0.0,6.0,0.0,positive,49.3336818125
49.3336818125,0.0,0.0,0.0,0.0,2.0,1.0,positive,49.66000532
49.66000532,0.8736039996147156,0.9135503768920898,0.8032559156417847,0.0,1.0,0.0,negative,49.14518852
49.14518852,0.0,0.0,0.8018988966941833,0.0,0.0,0.0,negative,49.0806628421
49.0806628421,0.0,0.7805452346801758,0.0,0.8130149245262146,1.0,2.0,positive,49.13485828
49.13485828,1.5416379570961,0.7311466932296753,0.7931143045425415,0.0,2.0,1.0,negative,49.09012439
49.09012439,0.0,0.7157761454582214,0.0,0.0,1.0,0.0,negative,48.958517
48.958517,0.8874018788337708,1.6421461701393127,0.0,0.0,1.0,0.0,positive,49.7488808
49.7488808,0.9354012608528136,0.0,0.8019107580184937,0.0,2.0,1.0,negative,49.59702544
49.59702544,0.0,0.0,2.282949566841125,0.0,1.0,0.0,positive,49.73804463
49.73804463,0.0,0.0,1.6965392231941223,0.0,3.0,0.0,negative,49.2267916
49.2267916,0.8286464810371399,0.8823518753051758,0.0,0.0,0.0,0.0,positive,49.91107919
49.91107919,0.0,0.0,0.7598604559898376,0.0,1.0,0.0,negative,49.4052700113
49.4052700113,0.7386662364006042,0.0,0.8913032412528992,0.7974968552589417,3.0,4.0,negative,49.01582166
49.01582166,0.8337429761886597,0.0,1.4709016680717468,0.0,1.0,0.0,positive,49.26499412
49.26499412,0.8976932168006897,0.7320403456687927,0.0,0.0,1.0,1.0,negative,48.93952662
48.93952662,0.8104835152626038,0.7875296473503113,1.7093546986579895,0.0,5.0,1.0,positive,49.09063012
49.09063012,0.0,1.5639808177947998,0.0,0.722814679145813,1.0,2.0,negative,48.39009774
48.39009774,0.0,0.0,0.833966076374054,0.8445179462432861,2.0,1.0,negative,47.9253759866
47.9253759866,0.0,0.0,0.0,0.0,1.0,0.0,positive,48.01722489
48.01722489,0.0,0.0,0.0,0.0,2.0,1.0,positive,48.0785837
48.0785837,0.0,0.0,0.0,0.0,0.0,0.0,positive,48.421686145
48.421686145,0.0,0.0,0.0,0.0,1.0,0.0,negative,48.31906385
48.31906385,0.0,0.7921215891838074,0.0,0.0,0.0,1.0,negative,48.00761898
48.00761898,0.8143572211265564,0.8030945062637329,0.0,0.0,0.0,1.0,positive,48.21950235
48.21950235,0.7771028280258179,0.0,0.7604801058769226,0.0,2.0,1.0,positive,48.70708008
48.70708008,0.0,1.599893569946289,1.4480829238891602,0.0,2.0,3.0,negative,48.66352695
48.66352695,0.0,0.0,0.0,0.7001298069953918,1.0,0.0,negative,48.2394928938
48.2394928938,0.0,0.0,0.0,0.0,2.0,0.0,negative,48.20538866
48.20538866,0.7040990591049194,0.0,0.0,0.0,2.0,0.0,negative,47.9806697434
47.9806697434,0.0,0.8150617480278015,0.0,0.0,0.0,1.0,positive,49.10839165
49.10839165,0.0,0.0,0.0,0.0,0.0,0.0,negative,48.54449141
48.54449141,0.0,0.0,0.8939453959465027,0.0,2.0,1.0,negative,48.43048435
48.43048435,0.0,0.8502981066703796,0.0,0.0,0.0,1.0,negative,48.38164995
48.38164995,0.7314136624336243,0.0,0.0,0.0,0.0,1.0,negative,48.35384332
48.35384332,0.0,0.8836866617202759,0.0,0.0,0.0,0.0,positive,48.65194467
48.65194467,0.0,0.0,0.0,0.8438552618026733,1.0,1.0,negative,48.18804436
48.18804436,0.0,0.0,0.0,0.0,0.0,0.0,positive,48.4411375452
48.4411375452,0.0,0.0,0.0,0.0,0.0,1.0,negative,48.43504265
48.43504265,1.537260353565216,0.7003569602966309,0.8046684265136719,1.7004626393318176,0.0,2.0,positive,48.80727358
48.80727358,0.8730600476264954,0.7527709007263184,0.8463227152824402,0.0,1.0,0.0,positive,49.16694748
49.16694748,0.0,0.7073315382003784,0.0,1.5941538214683533,0.0,5.0,negative,48.87706842
48.87706842,0.0,0.0,0.0,0.7637683749198914,1.0,1.0,negative,48.7309541983
48.7309541983,0.0,0.0,0.0,0.760344386100769,0.0,1.0,positive,48.8126672
48.8126672,0.0,1.7058212757110596,0.0,0.0,0.0,3.0,negative,48.565289
48.565289,0.0,0.0,0.0,0.0,1.0,0.0,positive,48.65056338
48.65056338,0.0,0.0,0.0,0.0,2.0,0.0,positive,48.97010064
48.97010064,0.0,0.0,0.0,0.0,1.0,1.0,negative,48.867636226
48.867636226,0.7643980979919434,0.0,0.0,0.7990750074386597,0.0,1.0,negative,48.71896401
48.71896401,0.0,0.9699187874794006,0.0,1.753365933895111,1.0,3.0,negative,48.40868659
48.40868659,0.0,0.0,0.0,0.0,2.0,1.0,negative,47.91063828
47.91063828,0.0,0.7196702361106873,0.0,0.0,0.0,1.0,positive,48.14419365
48.14419365,0.0,0.0,2.442716360092163,0.0,5.0,0.0,positive,48.23860563
48.23860563,0.0,1.45908784866333,0.0,0.7011142373085022,0.0,1.0,positive,48.4422617558
48.4422617558,0.0,0.0,0.0,0.0,0.0,0.0,positive,48.49679086
48.49679086,0.0,0.0,0.0,0.0,1.0,0.0,negative,48.3901514806
48.3901514806,0.0,0.0,0.7820917963981628,0.0,0.0,1.0,negative,48.3211357
48.3211357,0.0,0.0,0.0,0.0,0.0,1.0,positive,48.33935381
48.33935381,0.0,0.8260641098022461,0.0,0.0,0.0,1.0,negative,48.3072638
48.3072638,0.0,0.8253350257873535,0.0,0.735809862613678,0.0,0.0,positive,48.67798036
48.67798036,0.0,0.0,0.936756193637848,0.0,1.0,10.0,positive,48.83604098
48.83604098,0.0,0.0,0.9828298687934875,0.0,4.0,0.0,positive,48.88642225
48.88642225,0.0,0.729978084564209,0.0,0.772216796875,9.0,2.0,positive,48.89840078
48.89840078,0.8824957609176636,0.7145071625709534,0.0,0.0,0.0,1.0,negative,48.5974186815
48.5974186815,0.72085040807724,0.0,1.479143500328064,0.0,6.0,0.0,negative,48.4391864
48.4391864,0.7121940851211548,0.0,0.0,0.0,2.0,0.0,positive,48.6768316
48.6768316,0.0,0.0,0.0,0.0,2.0,0.0,negative,48.22693495
48.22693495,0.0,0.0,0.0,0.0,0.0,0.0,positive,48.3021147197
48.3021147197,1.7717275619506836,0.7563832998275757,0.0,0.7539516687393188,3.0,1.0,negative,48.1874385116
48.1874385116,0.0,0.0,0.0,0.0,0.0,0.0,positive,48.26353462
48.26353462,0.0,6.6373215317726135,0.0,0.7681452631950378,1.0,9.0,negative,48.13040537
48.13040537,0.0,3.316373825073242,0.8420220613479614,0.0,1.0,4.0,positive,48.14977004
48.14977004,0.776963472366333,2.487280368804932,0.0,0.0,2.0,3.0,negative,47.00203985
47.00203985,0.0,4.809439599514008,0.0,0.0,0.0,8.0,negative,46.84114693
46.84114693,0.0,3.316373825073242,0.0,0.0,1.0,5.0,positive,47.00317847
47.00317847,0.0,0.0,0.0,0.9169185757637024,0.0,2.0,positive,47.08159249
47.08159249,0.0,0.8259603381156921,0.0,0.0,1.0,1.0,negative,47.05548211
47.05548211,0.7361076474189758,0.0,0.0,0.0,2.0,0.0,positive,47.1005298
47.1005298,0.0,0.8148192167282104,0.8765059113502502,0.0,1.0,1.0,negative,47.10009276
47.10009276,0.0,0.7818169593811035,0.0,0.0,0.0,0.0,positive,47.12476212
47.12476212,0.0,0.0,0.0,0.0,1.0,1.0,positive,47.45429108
47.45429108,0.0,0.0,0.0,0.0,0.0,0.0,negative,47.15708014
47.15708014,0.8247213363647461,0.752575159072876,0.7878718376159668,0.0,0.0,1.0,negative,45.86835026
45.86835026,0.0,0.0,0.0,0.0,1.0,4.0,negative,44.97331104
44.97331104,0.0,0.0,0.0,0.0,1.0,1.0,negative,44.43762044
44.43762044,0.0,0.8374141454696655,0.0,0.0,1.0,0.0,negative,43.28265123
43.28265123,0.0,0.7308192849159241,2.579057455062866,0.0,8.0,2.0,positive,43.3028683839
43.3028683839,1.7320095300674438,2.5639095306396484,0.8803045153617859,0.0,5.0,3.0,positive,43.50759854
43.50759854,0.8895578980445862,0.8979567289352417,0.8407862782478333,0.0,5.0,0.0,positive,43.86456725
43.86456725,0.0,0.0,0.0,0.0,0.0,2.0,negative,43.3902205
43.3902205,0.7477336525917053,0.0,0.0,0.0,1.0,1.0,negative,43.34846654
43.34846654,0.0,0.0,0.0,0.0,1.0,1.0,positive,43.58631281
43.58631281,1.8039042353630064,0.0,0.9214993715286256,0.0,3.0,1.0,positive,43.74903484
43.74903484,0.8895578980445862,0.7132983207702637,0.7522343397140503,0.0,2.0,1.0,negative,43.15930242
43.15930242,0.7330015301704407,1.7099241018295288,0.0,0.0,4.0,3.0,positive,43.65311709
43.65311709,0.8458321690559387,0.7752887606620789,0.0,0.8958123922348022,2.0,3.0,positive,43.70688349
43.70688349,0.0,0.8799704909324646,0.8942134380340576,0.0,1.0,1.0,positive,44.00757532
44.00757532,0.0,0.7905920147895813,0.0,0.0,3.0,0.0,positive,44.07714655
44.07714655,0.7609477043151855,0.0,1.4730804562568665,0.0,2.0,1.0,positive,44.11917208
44.11917208,0.0,0.0,0.9393157958984376,0.0,3.0,1.0,negative,43.93840915
43.93840915,0.0,0.0,0.0,0.0,0.0,0.0,positive,44.71949544
44.71949544,0.7059062123298645,0.0,0.903978705406189,0.0,3.0,1.0,negative,44.545049
44.545049,0.0,1.6539454460144043,1.5064688324928284,0.0,3.0,2.0,negative,44.53395821
44.53395821,0.0,0.8005627989768982,0.7675119638442993,0.0,0.0,1.0,negative,44.33749472
44.33749472,0.0,0.0,0.0,2.304997682571411,1.0,2.0,positive,44.38663418
44.38663418,0.7908902168273926,0.7714596390724182,0.0,0.0,1.0,2.0,negative,44.21597354
44.21597354,0.0,0.0,0.8680707812309265,0.0,3.0,0.0,positive,44.89902075
44.89902075,0.0,0.0,0.0,0.0,0.0,0.0,negative,44.73466376
44.73466376,0.7886633276939392,0.8004792928695679,0.0,0.0,0.0,0.0,positive,44.8675247
44.8675247,0.0,0.7583310008049011,2.397662043571472,0.0,1.0,0.0,negative,44.4681057
44.4681057,0.0,0.7270009517669678,0.0,0.8861057162284851,1.0,1.0,negative,44.43499394
44.43499394,0.0,0.8777622580528259,0.0,0.0,1.0,0.0,negative,43.23417181
43.23417181,0.0,0.0,0.8514702916145325,0.8890476822853088,1.0,1.0,positive,43.34886649
43.34886649,0.0,0.0,0.0,0.0,0.0,1.0,negative,43.05768754
43.05768754,0.0,0.8103768825531006,0.0,0.7065032720565796,0.0,1.0,positive,43.50520976
43.50520976,0.0,0.941559076309204,0.0,0.0,0.0,0.0,positive,43.54631278
43.54631278,0.8202353715896606,0.0,0.7274203896522522,0.0,2.0,1.0,negative,43.43403855
43.43403855,0.0,0.0,0.0,0.0,2.0,0.0,positive,43.95483271
43.95483271,1.5627628564834597,1.5957629084587095,0.7833569645881653,0.0,6.0,2.0,negative,43.70569721
43.70569721,0.0,2.923923909664154,0.0,0.0,1.0,4.0,positive,44.26532681
44.26532681,0.0,0.0,0.0,0.0,2.0,0.0,negative,44.03202908
44.03202908,1.744516670703888,0.8534872531890869,1.6174576878547668,0.0,7.0,0.0,positive,44.71380131
44.71380131,0.0,2.432395279407501,0.0,0.0,4.0,4.0,positive,44.90977102
44.90977102,0.0,0.8566402196884155,0.0,0.0,1.0,0.0,positive,44.96609959
44.96609959,0.0,0.0,0.0,0.0,1.0,0.0,negative,44.83759133
44.83759133,1.6382166743278503,0.0,0.8830375671386719,0.0,2.0,1.0,positive,45.03985641
45.03985641,0.9167312383651732,0.0,0.0,0.0,0.0,0.0,negative,44.64955082
44.64955082,0.0,0.8255335688591003,0.0,0.0,2.0,3.0,negative,44.63243857
44.63243857,0.7959765195846558,0.0,0.0,0.0,4.0,1.0,negative,44.43299769
44.43299769,0.0,0.781728982925415,0.0,0.0,1.0,3.0,positive,44.7450924
44.7450924,0.0,0.0,0.0,0.0,0.0,0.0,negative,44.31118679
44.31118679,0.0,0.0,0.0,0.0,2.0,0.0,positive,46.26146556
46.26146556,0.7981658577919006,0.0,0.7736175060272217,1.4851534962654114,3.0,0.0,negative,45.84862527
45.84862527,0.8119144439697266,0.9168214201927184,0.9899684190750122,0.7647502422332764,7.0,4.0,positive,46.09228488
46.09228488,0.0,0.9509810209274292,0.0,0.0,0.0,1.0,positive,46.11122944
46.11122944,0.0,0.0,0.0,0.0,0.0,0.0,positive,46.2593284
46.2593284,2.312962710857392,0.7136621475219727,0.0,0.0,8.0,2.0,positive,46.27778941
46.27778941,1.5015999674797058,0.0,0.0,0.0,1.0,0.0,negative,46.08631106
46.08631106,0.0,0.7066770195960999,0.0,0.7633708715438843,1.0,2.0,positive,46.18728223
46.18728223,0.0,0.0,0.0,0.0,0.0,0.0,negative,46.06349785
46.06349785,0.0,3.29420268535614,0.7119633555412292,0.0,1.0,2.0,positive,46.13165226
46.13165226,0.7151069045066833,0.0,0.9544241428375244,0.0,1.0,0.0,negative,45.62934959
45.62934959,0.0,0.0,0.0,0.8797129392623901,1.0,1.0,positive,45.78633079
45.78633079,0.0,0.8223086595535278,0.0,0.0,2.0,1.0,positive,45.85327251
45.85327251,0.8791249394416809,0.0,0.0,0.0,1.0,0.0,negative,45.51146769
45.51146769,0.7176259160041809,0.0,0.0,0.0,2.0,1.0,positive,45.86893806
45.86893806,1.5026630759239197,0.0,0.0,0.0,1.0,2.0,positive,46.32148441
46.32148441,0.0,0.0,0.0,0.0,1.0,0.0,negative,46.08751086
46.08751086,0.0,0.0,1.565159559249878,0.0,5.0,0.0,positive,46.09991338
46.09991338,0.0,0.0,0.0,0.9295886754989624,1.0,1.0,positive,46.18892213
46.18892213,0.8979482650756836,0.9296169877052308,0.0,0.0,2.0,0.0,positive,46.33013713
46.33013713,0.0,0.0,0.0,0.0,0.0,0.0,negative,46.20858379
46.20858379,0.0,0.0,0.7885148525238037,0.8964239954948425,2.0,1.0,negative,46.14800371
46.14800371,0.0,0.0,0.0,0.0,0.0,0.0,negative,45.68664413
45.68664413,0.0,0.7683653235435486,0.0,0.0,3.0,0.0,negative,45.57742946
45.57742946,0.8976932168006897,1.5690687894821167,0.0,0.0,1.0,5.0,negative,45.43787655
45.43787655,0.0,0.0,0.0,0.0,0.0,0.0,negative,45.33650714
45.33650714,0.0,0.8148579001426697,0.0,0.0,1.0,0.0,positive,45.99927268
45.99927268,1.5740565657615662,0.0,0.0,0.7349064350128174,5.0,1.0,negative,45.97915057
45.97915057,0.0,0.0,2.363767802715301,0.0,1.0,0.0,positive,46.01060865
46.01060865,0.7633001804351807,0.0,1.7152541875839231,0.0,5.0,2.0,negative,45.95596304
45.95596304,0.7882997393608093,0.0,0.7358807325363159,0.0,5.0,0.0,positive,46.09169507
46.09169507,0.0,0.7335917949676514,0.0,0.0,0.0,0.0,positive,46.8964486
46.8964486,0.0,0.0,0.0,0.0,2.0,0.0,negative,46.72668283
46.72668283,0.0,0.0,0.0,0.0,0.0,0.0,negative,46.44922565
46.44922565,0.0,0.0,0.0,0.0,0.0,0.0,negative,46.33592635
46.33592635,0.0,0.0,0.0,0.0,0.0,0.0,negative,46.31422208
46.31422208,0.0,0.0,0.0,0.7941939830780029,4.0,2.0,positive,46.425221
46.425221,1.797504186630249,0.7327260375022888,0.0,0.0,2.0,0.0,positive,46.62217549
46.62217549,0.7070132493972778,0.7357633113861084,0.7453242540359497,0.0,0.0,1.0,negative,46.60604547
46.60604547,0.0,1.5526525378227234,0.7495584487915039,0.8012980222702026,2.0,1.0,negative,46.43411262
46.43411262,0.912220060825348,0.8798627257347107,1.6451823711395264,0.80808025598526,3.0,3.0,negative,46.38610614
46.38610614,0.8323777318000793,2.6503530740737915,0.0,0.0,1.0,9.0,positive,46.40531133
46.40531133,0.7457436323165894,0.0,0.0,0.0,1.0,0.0,negative,45.35554024
45.35554024,0.0,0.0,0.0,0.0,2.0,1.0,positive,45.67728529
45.67728529,0.0,0.0,0.0,0.0,1.0,0.0,negative,45.58158141
45.58158141,0.0,0.0,0.0,0.0,1.0,3.0,positive,45.59068592
45.59068592,0.702945351600647,0.0,1.5659363865852356,0.0,0.0,1.0,positive,45.70612115
45.70612115,0.0,0.0,0.0,0.0,0.0,1.0,negative,45.62936611
45.62936611,0.735166072845459,0.0,0.8739831447601318,0.0,1.0,0.0,negative,45.60215187
45.60215187,0.8025730848312378,0.825300931930542,0.7861151099205017,0.7458321452140808,1.0,2.0,negative,45.50096019
45.50096019,0.9417141079902648,1.6990559697151184,0.0,0.0,2.0,0.0,negative,45.48759791
45.48759791,0.8336807489395142,0.7626373767852783,1.6355786323547363,0.0,2.0,2.0,negative,45.37637813
45.37637813,0.7015202045440674,0.7610073089599609,0.9490795731544496,0.0,1.0,1.0,positive,45.54387615
45.54387615,0.0,0.0,0.8186286091804504,0.0,3.0,1.0,negative,45.51467792
45.51467792,0.0,3.885601997375488,0.818989098072052,0.8871850967407227,0.0,4.0,positive,45.7965638
45.7965638,0.7349767684936523,12.003245890140532,0.0,0.0,1.0,1.0,negative,45.70907722
45.70907722,1.611745059490204,2.2261363863945007,0.0,0.0,3.0,0.0,positive,45.71697229
45.71697229,0.7597976326942444,0.0,0.0,0.0,1.0,1.0,positive,46.06720914
46.06720914,0.0,1.5751964449882507,0.7822186946868896,0.0,0.0,2.0,negative,45.97797687
45.97797687,0.8408358693122864,0.7402872443199158,0.0,0.0,0.0,0.0,negative,45.93430498
45.93430498,0.0,0.7402872443199158,0.962409257888794,0.0,0.0,1.0,negative,45.92013747
45.92013747,0.7083753943443298,6.683510959148407,0.0,0.0,1.0,0.0,positive,46.01390173
46.01390173,0.0,11.225760757923126,0.0,0.0,0.0,0.0,positive,46.32601656
46.32601656,0.8171259760856628,4.779741883277893,1.6146365404129028,0.0,2.0,2.0,positive,46.39811791
46.39811791,1.5263397097587583,2.96378630399704,0.0,0.0,3.0,0.0,negative,45.97786899
45.97786899,0.0,4.666417241096497,0.814738392829895,0.810569703578949,2.0,1.0,positive,45.98020268
45.98020268,0.0,5.953157544136047,0.0,0.0,0.0,0.0,positive,46.37146092
46.37146092,0.7140518426895142,9.390457570552826,0.0,0.0,1.0,1.0,positive,46.71852015
46.71852015,0.0,1.6552754640579224,0.0,0.9653408527374268,1.0,1.0,negative,46.52501953
46.52501953,0.0,0.852920651435852,1.641528844833374,0.0,1.0,2.0,positive,46.57758835
46.57758835,0.0,0.0,0.0,0.0,0.0,0.0,positive,46.6910949
46.6910949,0.0,0.0,0.0,0.0,0.0,0.0,positive,47.93360004
47.93360004,0.8905633687973022,2.345652997493744,0.0,0.0,0.0,2.0,positive,47.99154769
47.99154769,0.0,3.1262348890304565,0.0,0.0,2.0,2.0,negative,47.8955497
47.8955497,0.0,6.956001937389374,0.0,0.0,2.0,14.0,negative,47.83273374
47.83273374,0.0,0.7014343738555908,0.0,0.0,3.0,2.0,negative,45.84946028
45.84946028,0.0,0.0,0.0,0.0,1.0,0.0,positive,46.34580032
46.34580032,0.0,0.0,0.7617344856262207,0.0,1.0,2.0,negative,46.25407745
46.25407745,0.0,3.801903486251831,0.0,0.0,5.0,6.0,positive,46.31350634
46.31350634,0.0,2.21990180015564,0.0,0.0,2.0,2.0,negative,46.23987694
46.23987694,0.0,3.0564969778060918,0.7164033651351929,0.0,0.0,5.0,positive,46.57075537
46.57075537,0.0,0.0,0.0,0.0,0.0,1.0,negative,45.37971719
45.37971719,0.0,0.0,0.0,0.0,1.0,1.0,positive,45.41875197
45.41875197,0.0,0.0,0.0,0.0,0.0,0.0,negative,44.81206767
44.81206767,0.0,2.302144289016724,0.0,0.8413259387016296,2.0,4.0,negative,44.42259709
44.42259709,0.0,0.0,0.0,0.9360979795455932,1.0,0.0,positive,44.85600382
44.85600382,0.0,1.4933066964149475,0.0,0.0,2.0,2.0,positive,44.86033251
44.86033251,0.0,0.7600910663604736,0.0,0.0,3.0,3.0,positive,44.97619919
44.97619919,0.0,3.839832067489624,0.0,0.7694103717803955,0.0,7.0,negative,44.87712207
44.87712207,0.8636930584907532,0.0,0.0,0.0,3.0,0.0,negative,44.61858862
44.61858862,0.0,0.0,0.0,0.0,1.0,0.0,positive,44.92397278
44.92397278,0.0,0.0,0.0,0.0,1.0,0.0,positive,45.09197881
45.09197881,0.0,0.0,0.0,0.0,1.0,0.0,positive,45.21295327
45.21295327,0.0,0.0,0.7536378502845764,0.0,1.0,1.0,negative,45.15529443
45.15529443,0.0,0.0,0.0,0.0,1.0,0.0,positive,45.37042659
45.37042659,0.0,0.7492908239364624,0.0,0.0,0.0,0.0,positive,45.48093186
45.48093186,0.0,0.0,0.0,0.0,0.0,0.0,positive,45.59257797
45.59257797,0.0,0.0,0.0,0.0,1.0,1.0,negative,45.51985726
45.51985726,0.0,0.793005108833313,0.0,0.0,2.0,3.0,positive,45.92269932
45.92269932,0.0,1.4811228513717651,0.8834095001220703,0.0,0.0,2.0,positive,45.97529852
45.97529852,0.0,0.0,0.9114682078361512,0.0,0.0,0.0,negative,45.95914566
45.95914566,0.0,0.8694596886634827,0.0,0.0,0.0,1.0,negative,45.91233382
45.91233382,0.8286409378051758,0.8304252028465271,0.0,0.7570687532424927,2.0,0.0,negative,45.58177105
45.58177105,0.0,0.8294816017150879,1.5901620388031006,0.0,2.0,1.0,negative,45.47860375
45.47860375,0.8962044715881348,0.0,0.0,0.0,3.0,0.0,positive,45.57181247
45.57181247,2.427998781204224,0.0,0.0,0.0,2.0,2.0,positive,45.72547266
45.72547266,0.0,0.0,0.0,0.0,1.0,0.0,positive,46.20902151
46.20902151,0.0,0.775894820690155,0.0,0.0,0.0,1.0,negative,46.1197508
46.1197508,0.0,0.0,0.0,0.0,1.0,0.0,negative,45.91276481
45.91276481,0.0,0.0,0.9733263254165648,0.0,1.0,0.0,positive,46.25680512
46.25680512,0.0,3.7869113087654114,0.0,0.0,3.0,1.0,negative,46.02176697
46.02176697,0.0,0.0,0.8359644412994385,0.0,1.0,1.0,positive,46.31088116
46.31088116,0.0,0.0,0.0,0.0,0.0,0.0,positive,46.93079138
46.93079138,0.0,0.0,0.0,0.9464961290359496,0.0,0.0,negative,46.76829022
46.76829022,0.7375750541687012,0.0,0.8428836464881897,0.0,0.0,0.0,negative,46.7301051
46.7301051,0.0,0.7246885299682617,0.0,0.0,2.0,1.0,negative,46.72467862
46.72467862,0.0,0.0,0.0,0.0,1.0,0.0,negative,46.39061537
46.39061537,0.0,0.0,0.0,0.0,0.0,1.0,positive,46.41658371
46.41658371,0.0,1.7262345552444458,0.0,0.0,1.0,1.0,negative,46.40709922
46.40709922,0.0,0.7360257506370544,0.0,0.0,1.0,1.0,negative,46.301111
46.301111,0.0,0.0,0.0,0.0,0.0,0.0,negative,46.22270431
46.22270431,0.0,1.6899985074996948,0.0,0.0,0.0,1.0,positive,46.41515555
46.41515555,0.0,0.0,0.0,0.9674097299575806,0.0,1.0,positive,46.46591298
46.46591298,0.937057375907898,1.4611083269119265,0.0,0.0,1.0,1.0,negative,46.16869363
46.16869363,0.0,0.0,0.0,0.0,0.0,1.0,negative,45.89107659
45.89107659,0.0,0.0,0.8800691366195679,0.0,4.0,0.0,positive,46.02892862
46.02892862,0.0,0.0,0.0,0.0,0.0,0.0,positive,46.36322602
46.36322602,0.0,0.0,0.0,0.0,0.0,0.0,negative,46.26629215
46.26629215,0.7986781001091003,0.0,0.7451857328414917,0.0,1.0,0.0,positive,46.59019079
46.59019079,0.0,0.0,0.0,0.0,0.0,2.0,negative,46.56042728
46.56042728,0.0,0.7364724278450012,0.0,0.0,1.0,0.0,negative,46.30341314
46.30341314,1.5929276943206787,0.968398928642273,0.0,0.0,0.0,3.0,positive,46.70536075
46.70536075,0.0,0.0,0.0,0.0,1.0,1.0,negative,45.96918418
45.96918418,0.0,0.8196752667427063,0.0,0.0,0.0,2.0,negative,45.918927
45.918927,0.0,0.7898704409599304,0.0,0.0,0.0,0.0,positive,47.73111923
47.73111923,0.0,0.0,0.0,0.0,0.0,1.0,negative,47.47641336
47.47641336,0.7566348314285278,0.0,0.0,0.0,4.0,0.0,negative,46.363671
46.363671,1.7431887984275818,0.0,0.7197080254554749,0.0,2.0,0.0,negative,45.88931041
45.88931041,0.7761474847793579,0.0,0.74787837266922,0.0,2.0,0.0,positive,45.98552988
45.98552988,0.9287153482437134,0.0,0.7550612688064575,0.0,2.0,0.0,negative,45.43394122
45.43394122,1.677125871181488,1.7706958055496216,0.0,0.0,5.0,3.0,positive,45.61155066
45.61155066,1.539696753025055,0.8452691435813904,0.7941144108772278,0.0,3.0,1.0,positive,45.93601699
45.93601699,1.6783297061920166,0.0,0.0,0.0,1.0,0.0,positive,45.97086508
45.97086508,0.0,0.8092349171638489,0.0,0.0,0.0,0.0,negative,45.66761301
45.66761301,1.9218275547027588,0.0,0.0,0.0,5.0,0.0,positive,45.67427935
45.67427935,0.0,0.0,0.0,0.0,0.0,1.0,positive,46.22008386
46.22008386,0.0,0.9828090667724608,0.7270290851593018,0.0,3.0,1.0,positive,46.29767179
46.29767179,0.0,0.0,0.7939427495002747,0.9303109645843506,1.0,2.0,positive,46.49734607
46.49734607,0.7390517592430115,0.0,0.0,0.0,1.0,0.0,positive,46.754525
46.754525,0.0,0.9638216495513916,1.521407186985016,0.0,1.0,2.0,positive,46.76012033
46.76012033,0.0,0.0,0.0,0.0,0.0,0.0,negative,46.66047943
46.66047943,0.0,0.0,1.5295798182487488,0.0,1.0,0.0,negative,46.27927528
46.27927528,0.0,0.844499945640564,0.8501011729240417,0.0,0.0,1.0,positive,46.39622773
46.39622773,0.829233705997467,0.7160874605178833,0.0,0.8893898725509644,1.0,2.0,negative,46.27651607
46.27651607,0.0,0.7377985119819641,0.0,0.0,0.0,0.0,negative,45.92370736
45.92370736,0.0,0.7904025316238403,0.0,0.0,1.0,0.0,positive,45.9691818
45.9691818,0.0,0.0,0.7617828845977783,0.0,1.0,0.0,negative,45.9191405
45.9191405,0.0,0.9105389714241028,0.0,0.0,1.0,0.0,positive,46.71248389
46.71248389,0.0,0.8480780124664307,0.0,0.0,1.0,0.0,positive,47.15985117
47.15985117,0.0,0.0,0.9223297834396362,0.8366013169288635,1.0,4.0,positive,47.32788641
47.32788641,0.0,0.7156530618667603,0.9054458141326904,0.0,3.0,0.0,negative,47.22576169
47.22576169,0.0,0.8296357989311218,0.0,0.7935731410980225,1.0,2.0,positive,47.27556465
47.27556465,1.4866094589233398,0.7551512718200684,0.0,0.0,4.0,2.0,negative,47.2183813
47.2183813,0.0,0.8245149850845337,0.7164741158485413,0.0,1.0,1.0,negative,47.03641982
47.03641982,0.761082649230957,4.961215376853943,0.8021240234375,0.7252854108810425,3.0,6.0,positive,47.11948074
47.11948074,0.0,0.0,0.0,0.0,0.0,1.0,negative,46.80195361
46.80195361,0.7335116863250732,0.0,0.7500208616256714,0.0,1.0,1.0,positive,46.93400215
46.93400215,0.0,0.0,0.0,0.0,2.0,0.0,positive,47.01168518
47.01168518,0.8354375958442688,1.495016872882843,3.128603458404541,0.0,7.0,1.0,positive,47.61371911
47.61371911,0.0,0.0,0.8121703267097473,0.0,1.0,0.0,positive,47.76091343
47.76091343,1.6006540060043335,2.370611310005188,0.0,0.0,3.0,0.0,positive,48.2718467
48.2718467,4.385950684547424,0.0,2.458526372909546,0.0,7.0,1.0,negative,47.94490772
47.94490772,0.0,0.7604109048843384,0.0,0.0,0.0,1.0,negative,47.62210226
47.62210226,0.0,0.0,0.0,0.7545796632766724,0.0,2.0,positive,47.97210746
47.97210746,0.7940998077392578,0.0,0.0,0.8997595906257629,2.0,0.0,negative,47.83295548
47.83295548,0.0,0.7014343738555908,0.0,0.0,0.0,0.0,positive,48.06958597
48.06958597,0.0,0.8485578298568726,0.0,0.0,1.0,1.0,positive,49.9819366
49.9819366,1.726089060306549,0.7100160121917725,0.0,1.4441487193107605,3.0,8.0,negative,49.61418854
49.61418854,0.0,3.722450613975525,0.0,0.8481642007827759,0.0,5.0,positive,49.8115583
49.8115583,0.0,0.7403596639633179,0.0,0.0,1.0,0.0,negative,49.40937113
49.40937113,0.0,0.0,0.937387764453888,0.0,5.0,0.0,negative,49.25279052
49.25279052,0.0,29.58051800727844,0.0,0.0,1.0,31.0,positive,50.03661956
50.03661956,0.0,1.7054925560951233,0.0,0.0,1.0,4.0,negative,49.60841854
49.60841854,0.0,0.7492939233779907,0.0,0.7787179350852966,2.0,4.0,negative,49.37536309
49.37536309,0.0,0.0,0.0,0.7178601622581482,2.0,1.0,negative,49.26037847
49.26037847,0.0,0.7667561173439026,0.0,0.0,2.0,0.0,positive,49.53639572
49.53639572,0.0,0.8279917240142822,0.0,0.9577226638793944,1.0,2.0,negative,48.92109624
48.92109624,0.0,2.363205254077912,0.0,0.0,2.0,3.0,positive,49.24774437
49.24774437,0.0,0.0,0.0,0.8097286224365234,0.0,2.0,positive,49.27383725
49.27383725,0.9231938719749452,0.7457903027534485,0.7527258396148682,0.0,2.0,1.0,positive,49.83666547
49.83666547,1.773413002490997,0.0,0.9296993613243104,0.0,3.0,1.0,negative,49.81248545
49.81248545,0.0,3.869029462337494,0.8324869275093079,0.0,1.0,4.0,negative,49.54330444
49.54330444,0.0,0.0,0.0,0.0,1.0,0.0,positive,50.31709907
50.31709907,0.0,0.0,0.0,0.0,1.0,0.0,negative,49.931563
49.931563,0.0,0.0,0.0,0.7017950415611267,2.0,1.0,positive,50.72253468
50.72253468,0.8880976438522339,1.5979537963867188,0.0,0.0,2.0,3.0,positive,50.93022402
50.93022402,0.0,0.0,0.0,0.0,0.0,0.0,negative,50.45208102
50.45208102,0.0,0.0,0.0,0.0,0.0,0.0,positive,50.64450331
50.64450331,0.0,0.0,0.0,0.7017950415611267,0.0,2.0,positive,50.72790178
50.72790178,0.0,0.0,0.0,0.0,0.0,0.0,negative,50.31868868
50.31868868,0.0,0.0,0.0,0.0,1.0,0.0,negative,50.18833433
50.18833433,0.7100635766983032,0.7075398564338684,0.0,0.0,3.0,1.0,positive,50.28246437
50.28246437,0.8621134757995605,0.7726309895515442,0.0,0.7683321237564087,1.0,0.0,positive,50.58562646
50.58562646,2.384325683116913,0.7456107139587402,0.0,0.0,2.0,2.0,negative,50.23237239
50.23237239,0.0,0.0,0.0,0.0,4.0,1.0,negative,49.61945406
49.61945406,0.0,0.0,0.0,0.0,0.0,2.0,positive,51.14701219
51.14701219,0.0,1.6275011897087095,0.0,0.7091240286827087,0.0,2.0,negative,50.97718707
50.97718707,0.0,0.8069089651107788,0.0,0.0,1.0,1.0,positive,51.19113352
51.19113352,0.0,0.9818022847175598,0.0,0.0,4.0,2.0,negative,51.07546257
51.07546257,0.7148823142051697,0.0,0.8366828560829163,0.0,2.0,0.0,positive,51.39343627
51.39343627,0.7565281391143799,0.9369087815284728,0.0,0.0,4.0,1.0,negative,50.74381819
50.74381819,0.7649127840995789,0.0,0.0,0.7017950415611267,2.0,2.0,negative,50.33697743
50.33697743,0.0,0.0,1.6140992641448977,0.0,2.0,1.0,negative,50.16985934
50.16985934,0.0,1.5139360427856443,0.0,0.0,1.0,3.0,positive,50.4177213
50.4177213,0.0,0.0,0.0,0.0,2.0,0.0,negative,50.07550436
50.07550436,0.0,0.0,0.0,0.0,0.0,0.0,positive,50.10630747
50.10630747,0.0,0.0,0.0,0.0,0.0,0.0,positive,50.2807817
50.2807817,0.974011242389679,0.9757910966873168,0.0,0.0,2.0,1.0,negative,49.44514286
49.44514286,0.0,0.0,0.0,0.0,2.0,0.0,positive,49.84244196
49.84244196,0.0,7.982429027557373,1.677493155002594,4.794975280761719,3.0,17.0,negative,49.76354755
49.76354755,0.9352562427520752,5.703435897827148,0.8514341115951538,3.2458977699279785,2.0,5.0,negative,49.74396269
49.74396269,0.7190068364143372,9.262826681137083,3.345556259155273,0.8230141401290894,3.0,9.0,positive,50.09815021
50.09815021,0.8637614846229553,2.268286108970642,0.92827045917511,2.3521071076393127,2.0,9.0,negative,49.94064077
49.94064077,0.0,0.7317764759063721,0.7702661752700806,0.746346116065979,2.0,3.0,positive,50.00173263
50.00173263,0.9232649207115172,2.612342357635498,0.0,0.8076505064964294,2.0,3.0,positive,50.26016974
50.26016974,0.0,0.0,0.9434271454811096,0.0,0.0,4.0,positive,50.49616753
50.49616753,0.0,0.7131691575050354,0.0,0.0,0.0,4.0,negative,50.36031154
50.36031154,0.0,0.0,0.0,0.9609805941581726,1.0,2.0,positive,50.4583237
50.4583237,0.7817809581756592,0.0,0.0,0.0,1.0,0.0,negative,50.28990189
50.28990189,0.0,0.8492419123649597,0.7492514252662659,0.0,0.0,0.0,positive,50.85999853
50.85999853,0.7654043436050415,1.4356828927993774,0.0,0.7727681994438171,0.0,1.0,negative,49.48509753
49.48509753,0.8419023156166077,0.0,0.9158002734184264,0.0,2.0,2.0,positive,49.68260991
49.68260991,1.7706276178359983,0.889015257358551,0.8288188576698303,0.8466672301292419,5.0,2.0,negative,49.60820714
49.60820714,1.8219616413116453,0.926407754421234,0.8299344182014465,0.0,3.0,0.0,positive,49.66506634
49.66506634,0.0,0.0,0.0,0.0,0.0,0.0,positive,49.84649026
49.84649026,0.0,2.380570888519287,0.0,1.5024679899215698,0.0,8.0,negative,49.65744018
49.65744018,0.7553539276123047,2.1043031215667725,0.0,0.0,2.0,2.0,positive,49.72012144
49.72012144,0.0,0.0,1.4822588562965393,0.0,4.0,2.0,positive,49.84040078
49.84040078,1.673828363418579,0.872140109539032,0.0,0.0,2.0,3.0,positive,50.12533667
50.12533667,0.7827467918395996,0.0,1.520294427871704,0.0,6.0,0.0,negative,49.30536305
49.30536305,1.493703544139862,0.0,1.6112943291664124,0.0,5.0,0.0,positive,49.40768213
49.40768213,0.9979188442230223,0.9683272838592528,0.0,0.8266339898109436,3.0,3.0,positive,49.90811156
49.90811156,0.0,0.0,0.0,0.0,1.0,0.0,negative,49.73762492
49.73762492,0.8829160928726196,0.7786523103713989,0.0,0.0,2.0,1.0,positive,49.91917795
49.91917795,0.0,0.8309057354927063,0.0,0.0,1.0,3.0,negative,49.71096717
49.71096717,1.64594167470932,0.0,0.0,0.0,2.0,0.0,negative,49.42939025
49.42939025,0.0,0.0,0.7050560116767883,0.0,1.0,0.0,positive,49.4903711
49.4903711,0.0,0.0,0.0,0.0,1.0,0.0,positive,49.83463106
49.83463106,1.7052118182182312,2.958280444145202,0.7727270126342773,0.0,4.0,0.0,negative,49.78016723
49.78016723,0.0,1.6418319940567017,0.8306688070297241,0.0,0.0,2.0,negative,47.43231626
47.43231626,0.7135049104690552,2.476805567741394,0.7623895406723022,0.0,2.0,2.0,negative,47.21183606
47.21183606,1.615181565284729,0.7554444074630737,0.9839025735855104,0.0,1.0,0.0,negative,46.68191473
46.68191473,0.77872234582901,0.0,0.0,0.0,1.0,0.0,positive,47.30353489
47.30353489,0.7287467122077942,0.0,0.9409751296043396,0.7490024566650391,2.0,0.0,positive,47.33557677
47.33557677,0.0,0.7362737059593201,0.0,0.0,1.0,1.0,negative,47.20126648
47.20126648,0.7547391057014465,0.0,0.8792306184768677,0.0,2.0,1.0,positive,47.28478372
47.28478372,2.431669533252716,0.7929974794387817,0.8281412720680237,0.0,2.0,0.0,positive,47.44696319
47.44696319,0.0,0.0,0.0,0.9400728344917296,0.0,1.0,positive,47.80715007
47.80715007,0.9106045365333556,0.0,0.847284734249115,0.0,3.0,0.0,negative,47.69287458
47.69287458,0.0,0.0,0.7980714440345764,0.0,3.0,2.0,negative,47.61084811513774
47.61084811513774,0.0,0.0,0.0,0.0,0.0,0.0,positive,47.63777273
47.63777273,1.6535614728927612,0.0,0.0,0.0,2.0,1.0,negative,47.57609692
47.57609692,0.0,0.0,0.0,0.0,0.0,0.0,negative,47.48051792
47.48051792,0.8019874691963196,0.0,0.0,0.0,2.0,0.0,positive,47.48631104
47.48631104,0.0,0.7406472563743591,0.0,0.0,1.0,1.0,negative,47.35502501
47.35502501,0.0,0.0,0.0,0.0,0.0,0.0,negative,47.02980141
47.02980141,0.0,3.0962764024734497,0.8370956182479858,0.0,2.0,2.0,positive,47.13874901
47.13874901,0.0,1.4724720120429993,0.0,0.0,1.0,2.0,negative,47.03013987
47.03013987,0.7387155294418335,0.0,0.0,0.0,2.0,0.0,negative,46.90163506
46.90163506,0.7962745428085327,2.5395565032958984,0.0,0.0,2.0,2.0,negative,46.77330496
46.77330496,0.0,0.783768892288208,0.0,0.0,0.0,1.0,positive,47.05392769
47.05392769,0.7272575497627258,0.0,0.0,0.0,0.0,0.0,positive,47.21514157
47.21514157,1.8473514914512636,1.5210976600646973,0.0,0.0,2.0,0.0,negative,47.14932052
47.14932052,0.0,0.7605488300323486,0.0,0.0,0.0,1.0,positive,47.26544467
47.26544467,0.0,0.0,0.0,0.0,2.0,0.0,positive,47.51445342
47.51445342,0.0,0.0,0.7238706350326538,0.0,1.0,0.0,positive,47.53846364
47.53846364,0.0,0.0,0.0,0.0,1.0,0.0,negative,47.47512605
47.47512605,0.0,0.0,0.0,0.0,0.0,0.0,positive,47.53009047
47.53009047,0.0,0.0,0.0,0.0,1.0,0.0,positive,47.57088829
47.57088829,0.0,1.4885181784629822,0.0,0.0,1.0,3.0,negative,47.57074986
47.57074986,0.0,0.0,0.0,0.0,1.0,0.0,negative,47.51449426
47.51449426,0.0,1.7272523045539856,0.0,0.0,1.0,1.0,negative,47.48086635
47.48086635,0.0,0.8167244791984558,0.8508321642875671,0.7091041207313538,1.0,1.0,positive,47.61954565
47.61954565,0.0,0.0,0.0,0.0,0.0,0.0,negative,47.35490745
47.35490745,0.7255111336708069,0.774290144443512,0.0,0.0,3.0,1.0,negative,47.06064134
47.06064134,0.0,1.5628907680511477,0.7758939266204834,0.0,1.0,1.0,positive,47.15001169
47.15001169,0.0,0.0,0.0,0.0,2.0,0.0,positive,47.20817203
47.20817203,3.76300984621048,1.4565752148628237,0.0,0.0,5.0,2.0,positive,47.32258436
47.32258436,0.0,0.0,1.915183126926422,0.0,6.0,0.0,positive,47.45271549
47.45271549,0.7425241470336914,0.7947351932525635,0.0,1.756712794303894,3.0,3.0,positive,48.09740263
48.09740263,0.8411559462547302,0.8169534802436829,0.7530390024185181,0.0,2.0,2.0,positive,48.39700321
48.39700321,0.7140916585922241,0.9134423732757568,1.5078336596488953,0.0,2.0,2.0,negative,48.28739703
48.28739703,0.902316153049469,0.7418912649154663,0.0,0.0,3.0,1.0,negative,48.06737113
48.06737113,0.0,0.8167195320129395,2.6271488666534424,0.0,1.0,0.0,positive,48.25030136
48.25030136,0.7382632493972778,0.0,0.0,0.0,3.0,0.0,negative,48.09891537
48.09891537,0.0,0.0,0.8725730180740356,0.0,1.0,1.0,positive,48.11125255
48.11125255,3.23806381225586,0.7691443562507629,0.0,0.0,6.0,1.0,positive,48.33923087
48.33923087,0.0,0.0,0.0,0.0,3.0,1.0,negative,48.03936171
48.03936171,0.7866648435592651,1.7293798923492432,0.0,0.0,1.0,1.0,negative,47.71211384
47.71211384,0.0,0.7352034449577332,0.0,0.0,0.0,2.0,positive,47.79227341
47.79227341,1.5735986828804016,0.0,1.640458345413208,0.0,1.0,3.0,negative,47.26449672
47.26449672,1.728491723537445,0.0,0.8538221120834351,0.7402177453041077,5.0,0.0,positive,47.32764054
47.32764054,1.4679402709007263,0.7144609093666077,1.4158730506896973,0.0,3.0,1.0,positive,47.37926889
47.37926889,1.5655583143234253,0.7030302882194519,2.426890969276428,0.0,9.0,2.0,negative,47.27353162
47.27353162,0.873314619064331,0.8612431287765503,0.7510746121406555,0.0,8.0,2.0,negative,46.81008145
46.81008145,0.8404589891433716,0.0,1.6376875042915344,0.0,11.0,2.0,positive,47.05328554
47.05328554,0.0,1.5413934588432312,0.9535832405090332,0.0,0.0,2.0,negative,47.05102987
47.05102987,1.9096912145614624,0.0,0.0,0.0,4.0,0.0,positive,47.44173662
47.44173662,0.0,0.0,0.0,0.0,1.0,0.0,positive,49.28839966
49.28839966,0.0,0.9609166979789734,0.0,0.0,1.0,2.0,negative,48.91258894
48.91258894,0.9136902093887328,0.0,0.972994863986969,0.8686940670013428,2.0,0.0,negative,48.74246836
48.74246836,0.0,0.0,0.8021435737609863,0.0,2.0,1.0,positive,48.84464636
48.84464636,2.438084125518799,0.0,0.8652259707450867,0.8478853702545166,3.0,0.0,positive,49.38145528
49.38145528,0.0,0.7908475399017334,2.549601435661316,0.0,2.0,1.0,positive,52.37406299
52.37406299,4.97425240278244,7.894455671310425,4.9733282923698425,2.4471293687820435,16.0,10.0,positive,52.4081665
52.4081665,0.7406445145606995,2.88312691450119,4.374289155006409,0.0,11.0,16.0,negative,52.40651322
52.40651322,0.8417934775352478,3.333650290966034,1.7839910984039309,0.7379509210586548,4.0,4.0,negative,52.40531602
52.40531602,4.424135863780975,3.105433702468872,0.920866310596466,0.9566165208816528,12.0,1.0,positive,53.28073672
53.28073672,0.7120828628540039,6.515017926692963,1.6917853951454165,3.3677547574043274,3.0,7.0,negative,53.04532907
53.04532907,0.8284680247306824,9.095080077648165,1.6111735105514526,0.0,3.0,4.0,positive,55.07374093
55.07374093,2.4300878643989563,3.255156755447388,0.0,0.707412600517273,8.0,5.0,positive,55.08907217
55.08907217,0.0,9.68065631389618,0.0,2.2244104743003845,5.0,15.0,negative,54.99566867
54.99566867,2.9667954444885254,1.6807976961135864,1.546197474002838,0.8236693739891052,9.0,4.0,positive,55.72623877
55.72623877,1.5962622165679932,1.4855268001556396,0.7414703369140625,0.7739784717559814,5.0,6.0,negative,54.89269107
54.89269107,0.8118086457252502,0.0,0.0,0.0,3.0,4.0,positive,55.26184519
55.26184519,0.0,2.367768406867981,0.0,0.0,0.0,4.0,positive,55.29456894
55.29456894,0.0,2.1765289902687077,1.6852744817733765,0.0,4.0,1.0,negative,54.67041747
54.67041747,2.9433778524398804,1.8066142201423645,0.7879456281661987,0.0,5.0,6.0,positive,55.00377191
55.00377191,0.8303900957107544,1.5951291918754578,0.0,0.0,2.0,1.0,negative,54.85319329
54.85319329,0.0,1.5625513792037964,0.0,0.0,2.0,3.0,negative,54.52353844
54.52353844,0.7312292456626892,0.0,0.0,0.0,3.0,1.0,negative,54.26727705
54.26727705,0.0,0.0,1.5770058035850525,0.0,6.0,0.0,negative,53.77430521
53.77430521,0.0,0.7862088680267334,0.0,0.0,1.0,1.0,positive,54.53032889
54.53032889,0.7402687072753906,0.0,0.0,0.0,3.0,1.0,positive,56.43613127
56.43613127,0.0,0.0,0.0,0.0,3.0,1.0,negative,55.58040981
55.58040981,0.0,0.8085757493972778,0.7994312644004822,0.843380331993103,1.0,5.0,positive,56.05914198
56.05914198,0.7892822623252869,1.5182727575302124,0.0,0.9626253843307496,3.0,7.0,negative,55.464566
55.464566,0.0,5.532960057258606,0.0,0.0,0.0,9.0,negative,55.13560588
55.13560588,0.0,2.524699091911316,0.9999508261680604,0.7214598655700684,2.0,5.0,negative,54.62785355
54.62785355,0.7724635601043701,0.0,0.0,0.0,1.0,1.0,positive,55.29210199
55.29210199,0.8337268233299255,8.56338256597519,0.7243305444717407,0.0,3.0,13.0,positive,55.43877351
55.43877351,0.0,0.0,0.0,0.0,0.0,0.0,negative,55.42301662
55.42301662,0.0,0.0,0.0,0.0,1.0,1.0,negative,55.23868781
55.23868781,0.71023029088974,0.0,0.0,0.0,2.0,1.0,positive,55.38652145
55.38652145,0.7977171540260315,0.0,0.9773256182670592,0.0,1.0,0.0,negative,55.35666067
55.35666067,0.0,4.868954598903656,0.0,0.8153201341629028,0.0,8.0,positive,55.8870295
55.8870295,0.8781250715255737,0.0,0.0,0.0,2.0,0.0,positive,56.16637659
56.16637659,0.0,0.8180394172668457,0.901573896408081,0.0,2.0,1.0,positive,56.5052003
56.5052003,0.7627249360084534,0.0,0.0,0.0,0.0,1.0,positive,57.65837345
57.65837345,1.5996666550636292,1.6594018936157229,0.0,0.9801754355430604,4.0,5.0,positive,58.6330402
58.6330402,3.272392153739929,3.9704105257987976,2.332388937473297,2.4326272010803223,7.0,10.0,negative,58.61328095883365
58.61328095883365,3.437121868133545,0.8546416163444519,1.5677032470703125,1.6875004768371582,8.0,5.0,positive,58.90177135617343
58.90177135617343,3.2518429160118103,0.9204443693161012,3.0536928176879883,0.0,3.0,2.0,negative,58.79576981460844
58.79576981460844,1.714792788028717,0.7569524049758911,2.257181167602539,0.0,8.0,1.0,negative,58.56058873836841
58.56058873836841,0.7153324484825134,0.0,0.0,0.0,3.0,0.0,positive,59.09583200846765
59.09583200846765,0.8746934533119202,0.8322569131851196,0.7321275472640991,0.0,5.0,1.0,negative,58.39461985881018
58.39461985881018,3.0883480310440063,0.7166464924812317,0.0,0.7275084257125854,2.0,3.0,negative,58.36668795366486
58.36668795366486,0.0,0.7133625745773315,0.8007393479347229,0.0,1.0,3.0,negative,56.96087456741073
56.96087456741073,0.889512300491333,0.8037745952606201,0.0,0.0,1.0,1.0,positive,57.28247085355411
57.28247085355411,1.5195593237876892,0.0,0.7574790716171265,0.0,5.0,2.0,negative,57.2269284162329
57.2269284162329,0.912825882434845,0.7008687257766724,1.893793284893036,0.0,5.0,0.0,negative,57.11360746272827
57.11360746272827,2.6819878220558167,7.655882298946381,0.927928864955902,0.0,2.0,8.0,positive,58.29419220259581
58.29419220259581,0.0,0.0,0.0,0.0,3.0,1.0,positive,59.05264542908886
59.05264542908886,1.7932135462760923,0.0,2.283379018306732,0.0,5.0,1.0,positive,59.37455771605873
59.37455771605873,2.3959803581237797,11.968348562717438,0.0,0.0,2.0,17.0,negative,59.12764668789638
59.12764668789638,0.7947019338607788,4.830291092395783,0.8404217958450317,1.439466655254364,3.0,10.0,negative,58.78916004713046
58.78916004713046,1.764906406402588,2.289874911308289,0.0,0.8514190316200256,5.0,5.0,negative,58.67655438851017
58.67655438851017,0.8083578944206238,0.712709367275238,0.9140305519104004,0.0,1.0,0.0,negative,58.64864420819496
58.64864420819496,0.0,0.7532429099082947,0.0,0.0,1.0,2.0,negative,58.52332019631773
58.52332019631773,0.0,0.0,0.7303342223167419,0.8805796504020691,1.0,3.0,negative,57.9333981727481
57.9333981727481,0.0,0.0,0.0,0.0,1.0,1.0,negative,57.5314278345395
57.5314278345395,0.0,0.7024816870689392,0.0,0.0,1.0,0.0,positive,58.26323223613568
58.26323223613568,0.0,2.486366271972656,0.0,0.0,4.0,3.0,negative,58.00643577028091
58.00643577028091,0.7486647367477417,6.998524308204651,0.0,0.0,1.0,5.0,negative,57.537061798809
57.537061798809,1.6300365924835205,2.852335274219513,0.9051275253295898,0.0,4.0,1.0,negative,56.11532852577597
56.11532852577597,0.0,1.6578009128570557,0.0,0.0,1.0,2.0,negative,55.5141082633468
55.5141082633468,0.0,0.0,1.5079497694969175,0.0,4.0,0.0,positive,56.31279394130943
56.31279394130943,0.7328325510025024,0.0,0.7067736387252808,0.0,4.0,1.0,positive,56.39451402832967
56.39451402832967,0.0,0.0,0.0,0.8148741126060486,2.0,2.0,positive,56.75755764453156
56.75755764453156,0.0,0.0,0.0,0.0,3.0,1.0,positive,57.328730183668966
57.328730183668966,0.8249984979629517,0.0,0.9949080348014832,0.0,2.0,0.0,negative,56.62398112836817
56.62398112836817,0.0,1.512794852256775,0.0,0.0,4.0,3.0,positive,56.68251892350553
56.68251892350553,0.0,0.0,0.0,0.0,1.0,0.0,positive,57.84742687374191
57.84742687374191,0.0,0.8054911494255066,0.0,0.0,0.0,0.0,negative,57.37931159729346
57.37931159729346,0.0,7.828496038913727,0.0,0.0,0.0,10.0,positive,57.60690432172925
57.60690432172925,0.0,2.355106651782989,0.0,0.0,0.0,2.0,negative,57.5447784568357
57.5447784568357,0.0,0.0,0.0,0.0,1.0,0.0,positive,57.9801405326182
57.9801405326182,0.0,0.0,0.0,0.7762428522109985,1.0,2.0,positive,58.18054751416487
58.18054751416487,1.62100088596344,3.148313283920288,0.0,0.0,7.0,4.0,negative,57.60060626807944
57.60060626807944,1.7296767234802246,1.7203898429870603,0.7346178889274597,0.0,7.0,2.0,negative,57.4462143313832
57.4462143313832,1.6503524780273438,0.0,0.829777181148529,0.0,2.0,0.0,positive,57.70926615009229
57.70926615009229,0.74853515625,3.882304012775421,0.7497284412384033,0.8494716882705688,4.0,2.0,positive,60.29898636804886
60.29898636804886,0.0,1.6394302248954773,0.0,0.0,4.0,3.0,negative,59.44345602717
59.44345602717,0.0,0.7816831469535828,0.0,0.7338069677352905,2.0,3.0,negative,59.38223732134709
59.38223732134709,0.9353626370429992,1.5343180894851685,0.0,0.7052915692329407,4.0,3.0,negative,58.09087310108155
58.09087310108155,0.0,1.5569259524345398,0.0,0.0,1.0,1.0,positive,58.10010670479681
58.10010670479681,0.7377119660377502,0.0,0.0,0.0,2.0,1.0,negative,57.25516738849704
57.25516738849704,0.7171915173530579,1.4479804039001465,0.8794341087341309,0.0,3.0,2.0,negative,56.04384921043204
56.04384921043204,0.0,1.5421390533447266,0.7842506766319275,0.7539162039756775,1.0,4.0,positive,56.13873355926185
56.13873355926185,0.0,1.636447250843048,0.0,0.0,0.0,5.0,negative,55.64486788584075
55.64486788584075,0.0,0.0,0.9647396802902222,0.0,3.0,2.0,negative,55.61835475529526
55.61835475529526,0.0,0.0,0.0,0.0,0.0,0.0,negative,55.32272330538279
55.32272330538279,0.0,0.7369824051856995,0.932788610458374,0.0,2.0,1.0,positive,55.81280258890041
55.81280258890041,0.0,0.0,0.7634809017181396,0.0,1.0,1.0,positive,56.01122703087701
56.01122703087701,0.0,0.8468865752220154,0.7962243556976318,0.0,1.0,0.0,negative,55.98503455576271
55.98503455576271,0.0,0.7978609800338745,0.0,0.0,1.0,4.0,positive,56.21633060805463
56.21633060805463,0.0,0.7381343245506287,0.8651330471038818,0.0,2.0,1.0,positive,56.23202735923124
56.23202735923124,0.7002041935920715,0.0,0.0,0.0,2.0,0.0,negative,55.67712408865144
55.67712408865144,1.718350350856781,0.0,0.0,0.0,2.0,0.0,negative,54.73302678453804
54.73302678453804,0.0,0.7684041261672974,0.9120065569877625,0.8361698389053345,2.0,2.0,positive,55.04537213907944
55.04537213907944,0.0,0.9136393070220948,0.7687922716140747,0.0,2.0,0.0,positive,55.3897733891336
55.3897733891336,2.296944499015808,0.0,0.9236884117126464,0.0,3.0,1.0,negative,55.28712413120328
55.28712413120328,0.0,1.7553765773773191,0.0,0.0,3.0,0.0,negative,55.21581646353588
55.21581646353588,0.0,0.0,0.0,0.0,1.0,0.0,negative,54.81278910774742
54.81278910774742,0.0,0.8139408826828003,2.420129656791687,0.0,3.0,3.0,negative,54.76566414400526
54.76566414400526,0.0,0.8955939412117004,0.0,0.7645283341407776,4.0,1.0,positive,54.96861316936782
54.96861316936782,0.761623740196228,0.0,0.7033506631851196,0.0,0.0,0.0,negative,54.22997397228036
54.22997397228036,0.7415655255317688,0.8994293212890625,0.0,0.0,1.0,1.0,negative,53.6903233859939
53.6903233859939,0.0,0.8179408311843872,0.7807143330574036,0.0,1.0,0.0,negative,53.58234898265374
53.58234898265374,0.0,0.7708866000175476,0.0,0.0,2.0,1.0,negative,53.00780450103923
53.00780450103923,0.7264447212219238,0.837699294090271,0.0,0.0,2.0,2.0,positive,53.52826339127997
53.52826339127997,0.0,0.0,0.0,0.0,0.0,0.0,negative,53.05527473421259
53.05527473421259,0.7330906987190247,0.0,0.0,0.0,2.0,0.0,positive,53.76542329895224
53.76542329895224,0.0,0.7507980465888977,0.0,0.0,1.0,1.0,positive,53.79062612477811
53.79062612477811,3.3473300337791443,0.8375930786132812,1.6906317472457886,0.0,11.0,2.0,negative,53.77289789580451
53.77289789580451,0.0,0.0,3.250801622867584,0.0,3.0,0.0,positive,54.02307510607995
54.02307510607995,1.4687315225601196,0.766387403011322,0.0,0.0,2.0,1.0,negative,53.8343302247775
53.8343302247775,0.0,0.0,0.761570930480957,0.0,2.0,0.0,positive,54.90079866927153
54.90079866927153,0.0,0.8071185946464539,0.8950945734977722,0.0,1.0,8.0,negative,54.24577036893272
54.24577036893272,0.8662561774253845,0.0,0.7176852822303772,0.0,2.0,2.0,negative,54.07263254038356
54.07263254038356,0.7148692607879639,0.0,0.0,0.0,3.0,0.0,negative,53.90112771488093
53.90112771488093,0.0,0.7423104643821716,0.0,0.0,1.0,1.0,positive,55.31955680012553
55.31955680012553,0.0,0.0,0.8636175394058228,0.0,1.0,2.0,positive,55.4133668925734
55.4133668925734,0.0,0.7522736191749573,1.8101702332496643,0.0,2.0,1.0,positive,55.79140747983882
55.79140747983882,0.0,1.5955647826194763,0.0,0.0,1.0,3.0,positive,55.87166005544485
55.87166005544485,0.0,0.0,0.0,0.0,2.0,2.0,negative,55.52653182877014
55.52653182877014,0.0,0.8875513076782227,0.7471028566360474,0.0,0.0,3.0,negative,55.52453007352832
55.52453007352832,0.8498640656471252,0.8541197776794434,0.0,0.0,0.0,1.0,positive,55.77112044182746
55.77112044182746,0.0,3.7522226572036734,0.0,0.0,1.0,13.0,negative,55.59026116062229
55.59026116062229,0.89240962266922,0.0,0.0,0.0,4.0,0.0,negative,55.23850754394132
55.23850754394132,0.0,2.449864268302917,0.9323310256004332,0.0,1.0,1.0,negative,54.98880565816863
54.98880565816863,0.0,0.0,0.0,0.0,0.0,1.0,negative,54.90501532044502
54.90501532044502,0.7575061917304993,0.0,0.0,0.0,1.0,0.0,positive,55.38079251697454
55.38079251697454,0.0,0.7929916381835938,0.0,0.9106506109237672,3.0,1.0,negative,54.64011865493896
54.64011865493896,0.0,0.7865927815437317,0.0,0.0,1.0,2.0,negative,54.30883092834952
54.30883092834952,0.0,0.0,0.0,0.0,1.0,0.0,positive,54.62274979915378
54.62274979915378,2.372539520263672,0.772541880607605,0.881026566028595,0.0,2.0,1.0,positive,54.98495589058168
54.98495589058168,0.0,0.0,0.0,0.0,0.0,3.0,positive,55.16177162580874
55.16177162580874,0.0,1.740314543247223,0.0,0.0,1.0,2.0,positive,55.36086335570967
55.36086335570967,0.0,1.540131449699402,0.0,0.0,1.0,2.0,positive,55.65927632291369
55.65927632291369,0.0,0.0,0.0,0.0,1.0,2.0,negative,55.58762310262705
55.58762310262705,0.7959802150726318,0.0,1.5703049898147583,0.0,3.0,0.0,positive,56.36995190186384
56.36995190186384,0.0,1.6810216307640076,0.0,0.0,2.0,1.0,negative,55.77324282788756
55.77324282788756,1.7904580235481262,0.7861585021018982,0.0,0.0,3.0,1.0,negative,55.59563576912737
55.59563576912737,0.0,0.0,0.0,0.0,1.0,0.0,positive,56.01635848583627
56.01635848583627,0.0,0.0,0.0,0.0,2.0,0.0,negative,54.57425444730532
54.57425444730532,0.0,1.753197729587555,0.0,0.0,1.0,1.0,negative,53.96059682647053
53.96059682647053,0.8891940116882324,2.606829583644867,0.0,0.0,1.0,1.0,negative,53.93937337135839
53.93937337135839,0.92800110578537,1.7803940176963806,0.0,0.0,1.0,3.0,negative,53.88903421782842
53.88903421782842,0.0,2.538399338722229,0.0,0.0,0.0,1.0,negative,53.72831271712804
53.72831271712804,0.0,0.0,0.7119486331939697,0.0,0.0,1.0,positive,53.81221527074339
53.81221527074339,0.792995035648346,0.0,0.0,0.0,5.0,2.0,positive,54.12271756690337
54.12271756690337,0.0,0.8165726661682129,0.0,0.7052364349365234,1.0,0.0,negative,53.81446120128629
53.81446120128629,0.0,0.0,0.0,0.0,1.0,0.0,positive,54.14602273161671
54.14602273161671,0.9561112523078918,0.0,0.8648633360862732,0.0,3.0,0.0,negative,52.07001445013447
52.07001445013447,3.881094932556152,0.0,2.591123938560486,0.0,14.0,1.0,negative,52.06918067260148
52.06918067260148,0.0,1.531558871269226,0.9961991906166076,0.9146783351898192,1.0,2.0,positive,52.57757728590904
52.57757728590904,2.370351552963257,3.0382388830184937,0.8963861465454102,0.0,6.0,4.0,positive,52.84635209080723
52.84635209080723,0.0,2.952217400074005,1.462377429008484,0.0,2.0,4.0,negative,52.81231785954017
52.81231785954017,0.0,0.0,0.0,0.0,0.0,0.0,positive,53.326629148026
53.326629148026,0.0,0.0,0.0,0.0,1.0,0.0,negative,52.776265
52.776265,0.0,0.0,0.7327547669410706,0.0,7.0,1.0,positive,52.96161909
52.96161909,1.4589544534683228,0.0,2.5323175191879272,0.0,4.0,1.0,positive,53.38071531
53.38071531,1.6617292165756226,0.8320593237876892,0.7323508262634277,0.0,4.0,1.0,positive,53.57097087
53.57097087,0.0,0.0,0.0,0.0,4.0,0.0,positive,53.81962176
53.81962176,0.0,1.5418519377708435,0.0,0.0,1.0,2.0,negative,53.4546174
53.4546174,0.0,0.0,0.7397925853729248,0.0,1.0,0.0,positive,54.04640191
54.04640191,0.962238907814026,0.0,2.369899332523346,0.0,4.0,3.0,negative,53.50758961
53.50758961,0.0,0.0,0.0,0.0,2.0,0.0,negative,52.60860717
52.60860717,0.8077331781387329,0.7197822332382202,0.0,0.0,3.0,1.0,positive,52.80296891
52.80296891,0.0,0.836800754070282,0.0,0.0,0.0,1.0,negative,52.79978272
52.79978272,0.0,0.0,0.0,0.0,0.0,1.0,positive,52.88128115
52.88128115,0.8114240765571594,0.9457636475563048,0.0,0.0,0.0,2.0,negative,52.20041909
52.20041909,1.536197006702423,0.0,1.581664502620697,0.0,8.0,2.0,positive,54.22975332
54.22975332,1.702960193157196,1.561201095581055,0.0,0.0,4.0,0.0,positive,54.47001669
54.47001669,0.0,0.0,0.0,0.0,0.0,1.0,negative,54.36633838
54.36633838,0.0,0.7190113067626953,0.0,0.0,2.0,1.0,positive,54.49910437
54.49910437,0.9596186876296996,0.7861585021018982,1.5989751815795898,0.0,3.0,1.0,positive,54.714796
54.714796,0.824499785900116,0.0,0.0,0.0,0.0,1.0,positive,55.39560484
55.39560484,0.0,0.7523690462112427,0.0,0.0,1.0,2.0,positive,55.4264862
55.4264862,0.0,0.7986118197441101,0.0,0.0,3.0,0.0,positive,55.44819799
55.44819799,0.7332249879837036,0.0,0.0,0.0,5.0,0.0,negative,54.99775536
54.99775536,0.8547341227531433,11.564082205295565,0.0,0.0,0.0,13.0,positive,55.62220057
55.62220057,0.0,1.500940024852753,0.0,0.0,1.0,3.0,positive,56.06275922
56.06275922,0.0,0.7645226716995239,0.8270457983016968,0.0,1.0,2.0,positive,58.48013712
58.48013712,0.0,1.7417607307434082,0.0,1.5968232154846191,2.0,5.0,negative,58.09290992
58.09290992,4.202181458473206,2.997442305088043,0.8412774205207825,0.8672142624855042,12.0,8.0,positive,58.5636112
58.5636112,0.0,0.0,0.8857818841934204,0.0,3.0,1.0,negative,58.41939732
58.41939732,1.490455150604248,0.8612157702445984,0.7072464823722839,0.7230100035667419,3.0,2.0,positive,58.67849616
58.67849616,1.5007555484771729,0.8721110820770264,0.7075785994529724,0.0,8.0,0.0,positive,61.02204831
61.02204831,0.7881259322166443,2.9533579349517822,0.0,0.0,4.0,2.0,negative,60.55600321
60.55600321,0.7784181833267212,2.4066988825798035,0.900731086730957,0.8068459630012512,3.0,3.0,positive,60.86526826
60.86526826,0.8504689931869507,0.7886671423912048,0.9705130457878112,0.7294508814811707,3.0,1.0,positive,61.21881964
61.21881964,0.0,0.7042859792709351,0.0,0.0,3.0,2.0,negative,60.78193336
60.78193336,0.0,1.486070156097412,0.0,0.0,3.0,2.0,positive,62.40294862
62.40294862,0.0,0.0,1.464386522769928,0.0,5.0,0.0,positive,62.57380202
62.57380202,0.8054991364479065,0.0,0.0,0.0,0.0,0.0,negative,61.27304817
61.27304817,0.8144217729568481,1.4694043397903442,0.0,0.0,0.0,2.0,positive,61.42155567
61.42155567,0.0,0.0,0.0,0.0,3.0,2.0,negative,60.7408519
60.7408519,0.0,0.7856004238128662,0.0,0.0,0.0,2.0,positive,61.37151082
61.37151082,0.8976932168006897,0.8653934597969055,0.8756977915763855,0.0,3.0,2.0,positive,63.13111235
63.13111235,0.0,1.5525163412094116,0.876169741153717,0.7056933641433716,1.0,1.0,positive,64.18346663
64.18346663,0.0,0.0,0.0,0.0,5.0,0.0,negative,63.11505985
63.11505985,0.0,0.0,0.7549877762794495,0.0,3.0,1.0,positive,63.60011948
63.60011948,0.0,0.0,0.0,0.0,0.0,0.0,negative,63.02409883
63.02409883,0.0,0.0,0.0,0.0,0.0,0.0,positive,63.61870752
63.61870752,0.0,0.8475756645202637,0.9964478611946106,0.0,2.0,1.0,positive,63.92635063
63.92635063,0.9079140424728394,2.6378560066223145,0.0,0.0,1.0,2.0,negative,63.15351259
63.15351259,0.759935736656189,5.300698220729828,0.0,0.0,0.0,0.0,negative,61.12417557
61.12417557,0.0,0.0,1.6751949787139893,0.0,2.0,2.0,negative,61.02418054
61.02418054,0.8496527075767517,0.7670528292655945,0.0,0.0,2.0,0.0,negative,58.23579309
58.23579309,0.0,0.8049281239509583,0.0,0.852453351020813,0.0,0.0,positive,59.08966402
59.08966402,0.0,0.8422752022743225,0.9459931254386902,0.0,2.0,0.0,positive,59.14364748
59.14364748,1.6524708271026611,1.6712599992752075,0.0,0.0,2.0,3.0,positive,60.09643118
60.09643118,0.0,0.0,0.0,0.0,0.0,0.0,negative,59.70700871
59.70700871,0.825110673904419,0.0,0.0,0.0,1.0,1.0,positive,59.81819258
59.81819258,0.7275677919387817,2.3886396288871765,0.0,0.0,2.0,4.0,negative,59.13007325
59.13007325,0.9725680947303772,0.0,0.0,0.0,1.0,0.0,positive,59.58840413
59.58840413,0.0,0.0,0.0,0.0,0.0,0.0,positive,59.91598518
59.91598518,0.7538266181945801,0.0,0.0,0.0,4.0,0.0,positive,60.11475996
60.11475996,1.5654264092445374,0.7934459447860718,0.0,0.0,4.0,0.0,positive,61.19229595
61.19229595,0.0,0.0,0.0,0.0,1.0,1.0,positive,61.57766558
61.57766558,0.0,0.0,0.9581133723258972,0.0,2.0,0.0,negative,61.05063306
61.05063306,0.0,0.8349932432174683,1.781199336051941,0.0,2.0,2.0,negative,60.52837896
60.52837896,0.0,0.0,0.7734768390655518,0.0,3.0,0.0,positive,61.05504665
61.05504665,0.0,0.8960715532302856,0.7802798748016357,0.0,1.0,1.0,positive,61.23491372
61.23491372,0.8657607436180115,0.0,0.0,0.0,5.0,0.0,negative,60.88330503
60.88330503,1.6003537774086,0.8715712428092957,1.707380294799805,0.0,3.0,2.0,negative,60.52967606
60.52967606,0.0,0.0,1.6148640513420105,0.0,0.0,1.0,negative,59.89161596
59.89161596,0.0,0.7699300050735474,0.0,0.0,1.0,1.0,positive,60.77416192
60.77416192,0.0,0.0,0.7654232382774353,0.0,2.0,0.0,positive,61.5978428
61.5978428,0.0,0.0,1.7209885716438291,1.9579811692237852,1.0,2.0,negative,59.42460836
59.42460836,0.0,0.0,0.9357470273971558,0.0,2.0,0.0,negative,58.35921726
58.35921726,0.0,0.8631606698036194,0.0,0.0,2.0,0.0,positive,59.02952851
59.02952851,0.0,2.365787506103516,0.0,0.0,1.0,0.0,positive,59.35172601
59.35172601,1.7842117547988892,0.8444689512252808,0.7959854602813721,0.0,6.0,1.0,positive,59.37056072
59.37056072,0.7832102179527283,0.0,0.0,0.0,3.0,0.0,negative,59.36388331
59.36388331,0.7274702191352844,1.7772576212882996,0.0,0.0,1.0,1.0,positive,59.47617791
59.47617791,0.0,0.0,0.0,0.0,2.0,2.0,negative,59.28657266
59.28657266,0.0,0.0,0.0,0.0,0.0,1.0,negative,58.92064075
58.92064075,0.702100932598114,0.0,0.0,0.0,2.0,0.0,positive,58.92266099
58.92266099,0.0,0.7262087464332581,0.0,0.0,1.0,1.0,positive,59.25690694
59.25690694,0.0,0.8061426281929016,0.0,0.0,2.0,1.0,negative,58.8131757637688
58.8131757637688,0.0,0.7391539216041565,0.0,0.0,2.0,1.0,negative,58.37293847719396
58.37293847719396,0.0,0.7210953831672668,0.0,1.5669474601745603,2.0,1.0,negative,57.83391667
57.83391667,3.334154725074768,2.5761913657188416,0.7319269180297852,0.0,5.0,3.0,positive,58.4610803
58.4610803,2.310885727405548,0.0,2.366027176380157,0.0,11.0,0.0,negative,58.36489957
58.36489957,1.5085859894752502,1.5634303092956543,0.7343997955322266,0.0,7.0,2.0,positive,58.50790828
58.50790828,1.5374304056167605,0.0,0.8524195551872253,0.0,4.0,2.0,negative,58.23734357
58.23734357,0.0,0.7575901746749878,0.0,0.0,0.0,1.0,positive,59.86491665
59.86491665,2.460129141807556,0.0,1.78464537858963,0.0,3.0,0.0,positive,59.86791847
59.86791847,1.4324975609779358,0.0,0.734082043170929,0.7076793313026428,4.0,3.0,negative,59.38277027
59.38277027,0.0,0.8939841389656067,0.0,0.0,2.0,1.0,positive,59.59713557
59.59713557,0.0,0.0,0.0,0.0,1.0,0.0,negative,59.10855114
59.10855114,0.0,0.8145387768745422,0.0,0.0,1.0,1.0,positive,59.61228692
59.61228692,0.0,0.0,0.0,0.0,2.0,0.0,negative,59.30671136
59.30671136,0.0,1.4534674882888794,0.7293124198913574,0.0,1.0,1.0,positive,59.63000066
59.63000066,0.0,0.8490304350852966,1.4448130130767822,0.0,2.0,2.0,positive,59.98604924
59.98604924,0.0,0.7812677621841431,0.9902822375297546,0.7734483480453491,1.0,0.0,positive,60.05139995
60.05139995,0.0,3.283250570297241,0.0,0.0,2.0,0.0,negative,59.81595674
59.81595674,0.0,0.0,0.0,0.0,1.0,1.0,negative,59.51502792
59.51502792,0.8710870742797852,0.8431157469749451,0.0,0.0,1.0,0.0,negative,58.62615369260102
58.62615369260102,3.0499735474586487,0.0,3.1947920322418213,0.0,15.0,0.0,positive,58.70847606683727
58.70847606683727,3.270373702049256,0.0,0.0,0.0,5.0,1.0,positive,58.89441738
58.89441738,0.0,0.0,0.8343420028686523,0.0,3.0,0.0,positive,59.54875611
59.54875611,0.779839277267456,0.7221640348434448,0.0,0.0,3.0,1.0,negative,59.39952544
59.39952544,0.0,0.0,0.0,0.0,4.0,0.0,negative,58.95092778
58.95092778,0.0,0.0,0.0,0.0,1.0,0.0,negative,58.77957306
58.77957306,0.0,0.7360165119171143,0.0,0.0,1.0,1.0,positive,58.96456152
58.96456152,0.0,0.8082286715507507,0.8541058897972107,0.0,5.0,3.0,negative,58.68593772
58.68593772,0.0,0.7516655325889587,1.655109167098999,1.8714629411697388,5.0,4.0,positive,58.727745
58.727745,0.7709620594978333,1.6404904127120972,0.8315855264663696,0.7610296607017517,4.0,1.0,positive,59.08902261
59.08902261,0.0,0.777535617351532,0.0,0.8685951828956604,2.0,1.0,positive,60.36537784
60.36537784,2.3868683576583862,2.532353937625885,3.353481113910675,1.6268004775047302,18.0,5.0,positive,61.58055577
61.58055577,5.33488255739212,5.571534395217896,3.1843162178993225,1.5136373043060305,13.0,12.0,positive,62.01999727
62.01999727,0.7000019550323486,1.6634808778762815,2.712055265903473,0.0,6.0,5.0,negative,61.47360838
61.47360838,0.0,3.829168677330017,1.5985419154167175,0.0,3.0,3.0,positive,62.25446713
62.25446713,0.0,1.576470136642456,0.0,0.0,3.0,4.0,positive,63.78527276
63.78527276,0.0,2.4571266770362854,0.0,0.0,5.0,3.0,negative,63.25921827
63.25921827,0.0,4.131600618362427,0.0,1.4625760316848757,0.0,6.0,positive,65.49787053
65.49787053,0.7629602551460266,2.649995267391205,1.453072965145111,0.0,5.0,5.0,negative,65.14246356
65.14246356,0.0,2.331428587436676,0.0,1.6936182975769043,4.0,6.0,positive,65.40625763
65.40625763,2.2064335346221924,1.6384955644607544,0.8738572597503662,0.0,7.0,3.0,negative,65.04989874
65.04989874,2.366041660308838,0.9468190670013428,2.2923203706741333,1.823872983455658,7.0,3.0,positive,65.31611387
65.31611387,2.3758522272109985,3.063173234462738,0.0,0.0,6.0,2.0,positive,65.45720007
65.45720007,0.0,2.411520659923553,0.0,0.0,3.0,3.0,negative,64.43045002
64.43045002,0.9126921892166138,0.0,0.0,0.8116289377212524,0.0,0.0,negative,64.2052588
64.2052588,3.212203621864319,0.0,1.6138972640037537,0.0,9.0,1.0,positive,64.34629098
64.34629098,0.0,0.8159164190292358,0.0,0.0,1.0,0.0,negative,63.8168507
63.8168507,0.7911859750747681,0.7600433230400085,0.0,0.0,1.0,1.0,negative,62.33396291
62.33396291,0.0,1.771468997001648,0.0,0.0,7.0,1.0,positive,62.88964379
62.88964379,0.7036038637161255,0.0,0.0,0.0,0.0,0.0,negative,62.85723465
62.85723465,0.0,0.0,0.0,0.0,0.0,1.0,negative,62.85101293
62.85101293,1.4638046622276306,1.6250628232955933,0.953594982624054,0.0,7.0,2.0,negative,62.73720505
62.73720505,0.7663830518722534,1.4590190649032593,0.9356388449668884,0.775053083896637,7.0,4.0,positive,62.872372
62.872372,0.7364313006401062,0.0,0.7278897762298584,0.0,2.0,0.0,positive,62.94819003
62.94819003,3.0106001496315,0.8172321319580078,0.7742777466773987,0.0,7.0,0.0,positive,63.77414998
63.77414998,0.0,0.0,1.6587313413619995,0.0,1.0,0.0,negative,63.36204161
63.36204161,0.7844513654708862,0.0,0.8584105372428894,0.0,2.0,0.0,negative,62.56627704
62.56627704,0.0,0.0,0.0,0.0,2.0,1.0,positive,63.37804035
63.37804035,0.0,1.8705758452415464,0.0,0.0,2.0,0.0,negative,63.21079953
63.21079953,0.7499361634254456,0.0,1.6203641891479492,0.0,8.0,0.0,positive,63.22384129
63.22384129,1.6744734048843384,2.392325282096863,0.0,0.0,4.0,2.0,negative,62.23932914
62.23932914,1.6849998235702517,0.0,0.8740347623825073,0.7908045053482056,4.0,1.0,positive,62.97956182
62.97956182,0.7541162967681885,0.7376196980476379,0.7314779758453369,0.0,3.0,2.0,negative,62.68910062
62.68910062,0.0,0.7040117979049683,1.632343053817749,0.0,2.0,2.0,negative,61.96529526
61.96529526,2.5956376791000366,0.0,1.5511431097984314,0.0,3.0,0.0,negative,61.73118117
61.73118117,1.5908344388008118,1.5100752711296082,0.0,0.7182648777961731,1.0,3.0,positive,61.88807828
61.88807828,0.0,0.8142852187156677,0.8776591420173645,0.0,1.0,2.0,positive,62.27992055
62.27992055,0.9070103764533995,0.0,0.0,0.0,7.0,3.0,positive,64.53369563
64.53369563,0.8094319701194763,1.4497280716896055,1.474631667137146,2.390478134155273,2.0,2.0,positive,65.81986054
65.81986054,0.0,5.446520209312439,0.9086050391197203,1.516645908355713,3.0,12.0,positive,66.30732536
66.30732536,3.097163438796997,0.8656914234161377,3.102438747882843,0.0,14.0,5.0,positive,67.79283949
67.79283949,1.5363288521766665,0.7221640348434448,0.0,1.5796846747398376,8.0,5.0,negative,66.9947989
66.9947989,4.001358211040497,1.4855167865753174,0.7613913416862488,0.0,10.0,2.0,positive,67.165702
67.165702,0.8120993971824646,2.3864808082580566,0.8236690759658813,0.0,3.0,3.0,positive,69.7265605
69.7265605,1.5017000436782837,2.4903200268745422,0.0,0.0,3.0,3.0,positive,70.72813583
70.72813583,6.536588430404663,4.008928000926971,5.367002189159393,0.0,25.0,5.0,positive,71.22725938
71.22725938,8.560159027576447,3.922010064125061,6.2918581366539,0.0,17.0,4.0,negative,70.91469729
70.91469729,7.922791957855225,0.8177080154418945,5.444852888584137,0.9994335174560548,17.0,6.0,negative,70.38149413
70.38149413,2.522321760654449,3.206111192703247,1.6562423706054688,0.0,11.0,5.0,positive,73.55243094
73.55243094,0.0,1.6778899431228638,3.1186747550964355,0.0,7.0,0.0,negative,73.50150421
73.50150421,6.235439360141754,2.38883239030838,3.423161566257477,0.0,35.0,6.0,negative,73.34441751
73.34441751,4.50152587890625,0.9158309102058412,0.8708106875419617,0.7437072396278381,9.0,4.0,positive,73.40560449
73.40560449,1.6114285588264463,0.9443780779838562,0.8457208871841431,0.0,7.0,2.0,positive,73.69966254
73.69966254,0.0,0.8950258493423462,2.461119592189789,0.0,4.0,1.0,negative,71.86293521
71.86293521,1.5792875289916992,0.0,0.8855398297309875,0.0,7.0,0.0,positive,73.64702904
73.64702904,1.865873396396637,1.6962201595306396,0.0,0.8700182437896729,5.0,1.0,negative,71.7858648
71.7858648,0.7203900218009949,4.3368231654167175,0.8219094276428223,1.7217736840248108,11.0,5.0,positive,72.48383286
72.48383286,0.8718641400337219,2.375711441040039,0.8594383597373962,0.0,7.0,3.0,positive,73.51692501
73.51692501,3.777116119861603,1.5621708035469055,4.345271348953247,0.0,19.0,2.0,positive,74.60315205
74.60315205,4.974511921405792,0.7750178575515747,1.587174355983734,0.8168538808822632,13.0,2.0,negative,74.07019209
74.07019209,3.100982129573822,0.0,1.799944281578064,0.7557601928710938,15.0,3.0,positive,75.85234021
75.85234021,0.7485512495040894,2.4144036173820496,2.313107132911682,0.0,6.0,3.0,negative,74.51999378
74.51999378,4.276859521865845,0.7111669182777405,3.2248995304107666,0.0,13.0,1.0,positive,74.57347028
74.57347028,3.716998994350433,2.281436920166016,2.3492471575737,0.0,12.0,3.0,negative,70.97472445
70.97472445,2.272347092628479,0.0,1.6339763402938845,0.875320315361023,7.0,2.0,positive,73.36024572
73.36024572,1.582927644252777,1.5064563751220703,0.0,0.0,5.0,1.0,negative,72.2643904
72.2643904,3.149827122688293,2.347948670387268,0.0,0.0,8.0,1.0,positive,72.67081223
72.67081223,0.0,0.7315452694892883,1.553460419178009,0.0,7.0,3.0,negative,71.54503066
71.54503066,1.822760343551636,7.516910791397095,0.9965827465057372,0.810103178024292,1.0,26.0,negative,71.28595543
71.28595543,0.8343251347541809,3.750956475734711,0.8570847511291504,0.0,2.0,9.0,positive,74.20496498
74.20496498,6.839484512805939,1.5192694664001465,2.4466095566749573,0.0,9.0,4.0,negative,72.97939395
72.97939395,1.658635914325714,2.862436890602112,0.7232713103294373,0.0,5.0,4.0,negative,72.82443027
72.82443027,2.3877487778663635,0.7526394128799438,0.931743621826172,0.0,11.0,3.0,positive,73.69493456
73.69493456,2.3190556168556213,0.0,2.3599780797958374,0.0,7.0,2.0,positive,74.65435897
74.65435897,0.0,0.0,0.7494668960571289,0.0,2.0,0.0,negative,74.10177771
74.10177771,0.8170090317726135,0.9231292605400084,0.0,1.6601961255073547,2.0,3.0,negative,73.94934403
73.94934403,1.6031100749969482,0.866946816444397,0.0,0.0,2.0,0.0,negative,72.60220171
72.60220171,0.0,0.0,0.0,0.0,4.0,0.0,negative,72.23450497
72.23450497,0.0,0.7432981133460999,0.0,0.8453086018562317,1.0,2.0,positive,78.73370719
78.73370719,0.9608446955680848,0.0,0.9146682620048524,0.0,3.0,2.0,positive,79.45805191
79.45805191,0.8037487864494324,3.162369728088379,1.5088747143745422,0.0,12.0,9.0,positive,80.03315535
80.03315535,3.890778064727783,2.341728091239929,0.7619732618331909,0.0,14.0,4.0,positive,80.68734803
80.68734803,1.5226845145225525,1.559702217578888,2.5975966453552246,0.7366966605186462,12.0,4.0,positive,82.47017267
82.47017267,1.6162793040275574,1.7909638285636902,2.614922046661377,0.0,14.0,1.0,negative,80.78415522
80.78415522,3.887309432029724,0.7551079392433167,4.910293996334076,0.0,29.0,3.0,positive,81.68366667
81.68366667,5.093850493431091,7.499582648277283,3.1636505722999573,0.0,18.0,9.0,positive,81.88122871
81.88122871,0.7336578369140625,2.335349917411804,3.324706494808197,0.0,13.0,2.0,negative,81.30842145
81.30842145,3.200592041015625,0.0,0.8964918851852417,0.8330851793289185,11.0,3.0,negative,81.01460207
81.01460207,0.8877673149108887,0.0,0.0,0.7597463726997375,4.0,2.0,negative,80.58863539
80.58863539,0.0,1.455322563648224,0.0,0.0,2.0,0.0,negative,80.32195524
80.32195524,0.0,0.0,0.0,0.0,1.0,1.0,positive,82.03279984
82.03279984,0.9187846779823304,1.6452934741973877,0.8168922662734985,0.0,3.0,1.0,negative,81.84340434
81.84340434,0.8505899906158447,0.0,1.6417410969734192,0.0,2.0,2.0,positive,81.90232581
81.90232581,1.6080656051635742,3.1771382689476013,1.5522524118423462,0.7526788115501404,12.0,5.0,positive,84.6567843
84.6567843,4.363095760345459,0.817058801651001,1.610357105731964,0.0,15.0,3.0,negative,83.35552278
83.35552278,2.542843222618103,2.543178379535675,1.5050895810127258,0.7953740954399109,11.0,3.0,positive,83.6673687
83.6673687,1.553297936916351,1.5284687280654907,4.071595549583435,0.0,12.0,4.0,negative,82.583154
82.583154,2.324784576892853,0.0,2.4883620738983154,0.0,9.0,1.0,positive,83.99067997
83.99067997,1.6082168817520142,0.836426854133606,0.7920313477516174,0.823063850402832,3.0,2.0,negative,82.1055621
82.1055621,0.0,1.498033583164215,0.7287417054176331,0.0,5.0,3.0,negative,81.49601952
81.49601952,2.4677823185920715,0.0,1.7168030738830566,0.7352896332740784,11.0,1.0,positive,82.88980094
82.88980094,2.5721912384033203,0.7047164440155029,0.7128618359565735,0.0,4.0,0.0,positive,83.06015423
83.06015423,0.0,0.7816104292869568,0.0,0.0,3.0,1.0,negative,82.23451015
82.23451015,0.7744061946868896,0.7003827095031738,0.0,0.0,1.0,3.0,positive,83.95336268
83.95336268,0.0,1.5324254631996157,0.0,0.0,1.0,2.0,positive,86.0709396
86.0709396,0.7060012221336365,2.592236816883087,1.5718833208084106,0.9978286027908324,11.0,2.0,negative,85.08401509
85.08401509,1.5171058177947998,9.906089067459106,0.0,0.7609795331954956,9.0,9.0,positive,85.53683119
85.53683119,2.4664178490638733,1.6815748810768127,0.8084776997566223,0.9181199669837952,2.0,3.0,positive,86.00724725
86.00724725,1.822553634643555,1.6908100247383118,1.7292256951332092,0.0,1.0,3.0,positive,86.41011587
86.41011587,0.0,1.5917760729789734,0.7168068885803223,0.0,3.0,1.0,negative,84.04989513
84.04989513,0.0,0.0,1.8927286863327024,0.0,4.0,1.0,positive,84.66309623
84.66309623,0.744366466999054,0.0,0.0,0.0,1.0,1.0,negative,83.54135108
83.54135108,0.8669880032539368,1.5244712233543396,1.503750205039978,0.0,6.0,1.0,positive,83.98166455
83.98166455,0.954566776752472,0.0,0.0,0.0,2.0,2.0,positive,84.59029012
84.59029012,0.0,0.0,0.0,0.0,4.0,0.0,negative,80.25023567
80.25023567,0.0,0.802310049533844,0.0,0.0,2.0,1.0,positive,82.05601318
82.05601318,1.593022704124451,1.742856740951538,0.0,0.0,1.0,0.0,positive,82.79977092
82.79977092,1.530856728553772,2.383595824241638,0.0,0.7913956046104431,3.0,4.0,positive,83.66964727
83.66964727,0.7256839871406555,2.5228084325790405,0.7132837176322937,0.0,7.0,2.0,positive,84.24177546
84.24177546,0.0,1.8645451664924624,0.7851112484931946,0.0,2.0,2.0,positive,85.41020891
85.41020891,0.825509786605835,0.0,2.609835922718048,0.8479127883911133,7.0,0.0,negative,82.70420982
82.70420982,0.9433826804161072,0.0,0.7376100420951843,0.0,1.0,0.0,negative,82.68648502
82.68648502,1.4512400031089785,0.0,2.500513792037964,0.0,9.0,2.0,positive,83.640775
83.640775,0.0,0.7759819626808167,1.6015474200248718,0.0,4.0,2.0,positive,88.10530273
88.10530273,0.0,0.7792008519172668,1.640067458152771,0.0,5.0,3.0,negative,87.19119001
87.19119001,0.0,0.75837242603302,0.0,0.0,5.0,2.0,positive,88.2477569
88.2477569,0.8844949007034302,0.7160868644714355,0.8017863035202026,0.0,1.0,1.0,negative,87.22332324
87.22332324,0.0,0.7418520450592041,0.0,0.0,3.0,2.0,negative,86.92021375
86.92021375,2.449733018875122,0.785993218421936,0.0,0.0,6.0,3.0,negative,85.97023008
85.97023008,0.0,0.8051708936691284,0.8026496767997742,0.7258858680725098,6.0,5.0,positive,87.5212554
87.5212554,2.530924916267395,1.534276247024536,0.0,0.0,12.0,4.0,negative,87.08846663
87.08846663,0.7231295704841614,2.517762541770935,2.662857949733734,0.0,12.0,3.0,positive,88.01097914
88.01097914,0.0,0.7999998927116394,0.0,0.0,2.0,2.0,positive,89.03931421
89.03931421,2.4312146306037903,1.715984046459198,0.0,0.783374011516571,6.0,3.0,positive,91.57455871
91.57455871,0.0,0.8856592774391174,1.6336103677749634,0.7750064730644226,7.0,4.0,negative,89.84942094
89.84942094,1.771270930767059,0.7356127500534058,0.0,0.0,10.0,7.0,positive,90.88390172
90.88390172,2.292361259460449,3.4695502519607544,0.8330185413360596,2.539394557476044,6.0,11.0,negative,88.85766317
88.85766317,0.0,1.6586605310440063,2.3153379559516907,0.0,3.0,4.0,positive,90.65641488
90.65641488,0.0,1.4497068524360657,0.0,0.0,1.0,2.0,negative,89.36242214
89.36242214,0.0,1.6113919615745544,0.0,0.0,3.0,2.0,negative,89.05751475
89.05751475,4.94908994436264,0.8895447850227356,1.8138434290885923,0.0,6.0,2.0,positive,90.18728403
90.18728403,1.605274319648743,2.425704777240753,0.0,0.839409351348877,7.0,6.0,negative,89.8614964
89.8614964,1.5955898761749268,4.176756024360657,2.517897367477417,0.7297937870025635,9.0,6.0,negative,89.75491089
89.75491089,0.8482602834701538,0.8259963989257812,0.0,0.9589726328849792,3.0,2.0,negative,88.12677129
88.12677129,2.4009581804275517,5.042665243148804,0.7567739486694336,4.817487895488739,4.0,15.0,positive,89.20537318
89.20537318,0.716298520565033,2.7546029090881348,1.6946204900741575,0.7703433632850647,2.0,2.0,positive,89.38773256
89.38773256,1.7219234108924866,0.9609028697013856,0.0,0.9261397123336792,5.0,1.0,negative,86.35522999
86.35522999,0.7657897472381592,0.8895447850227356,2.3541234135627747,0.7848109602928162,4.0,7.0,positive,87.17404884
87.17404884,0.0,0.0,0.0,0.0,0.0,2.0,positive,88.07436336
88.07436336,0.0,0.0,0.9025832414627076,0.0,0.0,2.0,negative,88.03154253
88.03154253,2.3716615438461304,1.459195256233215,0.0,0.0,6.0,1.0,positive,89.76661316
89.76661316,0.0,2.4317615032196045,0.761608898639679,0.7812934517860413,4.0,3.0,negative,87.5839576
87.5839576,0.0,1.637534499168396,1.8083784580230715,2.407302439212799,4.0,6.0,positive,87.80475241
87.80475241,1.4485090970993042,2.4858611822128296,2.559573531150818,0.0,8.0,4.0,negative,86.98523625
86.98523625,0.7649960517883301,0.733001708984375,2.395587205886841,0.0,5.0,1.0,negative,85.90169322
85.90169322,0.8826615214347839,0.0,0.8638841509819031,0.0,4.0,0.0,negative,83.66262904
83.66262904,0.0,0.7264426946640015,0.8197303414344788,0.0,4.0,1.0,negative,81.88012987
81.88012987,0.0,3.195045232772827,1.6068091988563538,0.0,4.0,3.0,positive,81.90329425
81.90329425,0.9460676312446594,0.7159535884857178,0.0,0.0,2.0,1.0,negative,76.79692454
76.79692454,0.0,0.0,0.0,0.7477039694786072,1.0,3.0,positive,77.30406265
77.30406265,0.0,0.0,1.6083166599273682,0.0,3.0,1.0,negative,75.9255422
75.9255422,1.6414650082588196,1.513479471206665,2.4781996607780457,0.7983605861663818,5.0,3.0,negative,75.09793225
75.09793225,0.0,0.0,0.0,0.0,3.0,0.0,negative,74.1042663
74.1042663,0.0,0.0,0.0,0.0,0.0,1.0,negative,73.73167201
73.73167201,0.0,0.7105821967124939,0.7896289229393005,0.0,1.0,0.0,negative,70.93165003
70.93165003,1.7102088332176208,1.5539878606796265,1.8535116314888,0.7689493894577026,3.0,2.0,negative,67.21156237
67.21156237,0.0,0.7400764226913452,0.8112848997116089,0.0,8.0,4.0,negative,66.77430541
66.77430541,0.0,13.575113236904144,0.7509898543357849,0.0,3.0,15.0,positive,69.79283848
69.79283848,0.0,0.7290807962417603,0.8390944004058838,0.0,2.0,1.0,positive,70.86572109
70.86572109,0.0,0.0,0.0,0.0,4.0,0.0,positive,72.30028294
72.30028294,0.0,0.7233127951622009,0.0,0.0,3.0,2.0,negative,70.78675885
70.78675885,0.8428322672843933,0.0,0.0,0.0,1.0,1.0,positive,72.15493671
72.15493671,0.0,0.0,0.0,0.0,0.0,0.0,negative,70.48586815
70.48586815,0.7707862257957458,0.0,0.0,1.6344825625419617,2.0,1.0,negative,67.58971454
67.58971454,0.0,0.0,0.0,0.0,2.0,2.0,negative,67.56962444
67.56962444,2.3409868478775024,0.7281519174575806,0.0,0.0,7.0,2.0,positive,68.85325656
68.85325656,0.0,0.0,0.0,0.97881019115448,2.0,2.0,negative,66.61521229
66.61521229,0.8706103563308716,0.7586913704872131,0.0,0.0,0.0,3.0,positive,68.14522911
68.14522911,1.629854440689087,3.246831476688385,0.0,0.0,3.0,3.0,positive,68.22577555
68.22577555,0.0,0.7527111768722534,0.7818809151649475,0.7001911401748657,1.0,3.0,positive,68.95566914
68.95566914,0.0,0.0,0.0,0.0,0.0,0.0,positive,69.12387404
69.12387404,0.8848652839660645,2.4621901512146,0.7624430060386658,0.0,1.0,1.0,positive,70.77714907
70.77714907,0.758744478225708,0.0,0.8984323143959045,0.0,5.0,0.0,negative,69.2952267
69.2952267,0.0,0.0,0.0,0.0,2.0,1.0,negative,69.27495268
69.27495268,0.8127445578575134,0.7345741987228394,0.0,0.0,3.0,0.0,positive,69.80407611
69.80407611,0.7127282023429871,0.9725006818771362,0.0,0.0,4.0,1.0,negative,69.40020827
69.40020827,0.8627811074256897,0.0,1.691591739654541,0.0,0.0,0.0,positive,70.72191162
70.72191162,1.7110050320625303,0.0,0.0,0.0,4.0,0.0,positive,72.12155463
72.12155463,0.0,0.8564732670783997,0.0,0.0,1.0,1.0,positive,72.52381055
72.52381055,0.7837567925453186,1.610217034816742,0.0,0.9852610230445862,3.0,3.0,positive,73.11339341
73.11339341,1.868307650089264,1.6992716789245603,0.9488155841827391,0.0,7.0,2.0,positive,74.66712771
74.66712771,0.0,0.0,0.0,0.0,3.0,1.0,negative,73.78463097
73.78463097,0.0,2.2408640384674072,0.0,0.0,3.0,5.0,negative,72.69296617
72.69296617,0.0,1.6665499210357666,0.8793461918830872,0.0,2.0,1.0,negative,72.14362087
72.14362087,0.0,0.0,0.0,0.0,1.0,0.0,positive,74.49323571
74.49323571,1.7218734622001648,0.0,0.0,0.0,5.0,1.0,negative,73.9842036
73.9842036,0.0,0.0,0.0,0.0,0.0,0.0,positive,74.78906328
74.78906328,0.0,1.440177857875824,0.0,0.0,0.0,1.0,positive,76.07077329
76.07077329,0.0,0.0,0.983409345149994,0.0,1.0,1.0,negative,75.33876657
75.33876657,0.8668029308319092,1.7321083545684814,0.8579171299934387,0.0,2.0,2.0,positive,75.40016607
75.40016607,0.0,0.8712255954742432,0.0,0.0,1.0,0.0,negative,75.34501168
75.34501168,1.6157153248786926,1.6068227291107178,1.4779417514801023,0.0,6.0,2.0,positive,78.14419579
78.14419579,0.0,1.6316961646080017,0.7788984775543213,0.0,2.0,1.0,negative,77.85079882
77.85079882,0.9078437685966492,0.7027497291564941,0.0,0.0,2.0,0.0,positive,79.83684642
79.83684642,4.123581767082214,1.4901886582374573,3.335826098918915,0.0,9.0,2.0,negative,79.23506852
79.23506852,1.5065292119979858,0.8908646106719971,0.7391201257705688,0.0,2.0,3.0,negative,79.21779752
79.21779752,0.0,0.0,0.0,0.0,4.0,0.0,positive,79.79904935
79.79904935,0.0,2.324142158031464,0.0,0.0,0.0,4.0,negative,79.25066155
79.25066155,0.9294593930244446,0.0,0.0,0.0,1.0,0.0,negative,79.13137804
79.13137804,0.0,0.0,0.0,0.0,0.0,1.0,negative,77.96801196
77.96801196,0.0,0.0,0.0,0.0,0.0,1.0,positive,79.11183511
79.11183511,1.6475260257720947,0.0,0.0,0.0,2.0,0.0,positive,81.43385924
81.43385924,0.0,0.0,0.0,0.7744507789611816,1.0,2.0,positive,84.23239091123222
84.23239091123222,0.7338814735412598,3.6354807019233695,0.0,0.0,6.0,1.0,positive,85.98870335
85.98870335,0.8185326457023621,1.426761031150818,2.3547558784484863,1.5719069242477417,8.0,4.0,negative,85.3477401
85.3477401,1.4470461010932922,0.7834665775299072,0.7128280997276306,0.767005205154419,3.0,1.0,positive,86.66128672
86.66128672,0.0,2.473763942718506,0.0,0.0,1.0,1.0,positive,87.57463257
87.57463257,3.539053738117218,0.0,1.7053321599960327,0.9064595699310304,5.0,3.0,positive,89.68111381
89.68111381,0.838638424873352,1.5756818056106567,0.7651436924934387,0.964993953704834,6.0,2.0,negative,88.67293044
88.67293044,0.7569587230682373,2.577202796936035,0.7342507839202881,0.0,3.0,3.0,positive,89.09232882
89.09232882,0.0,0.0,0.0,0.0,3.0,0.0,negative,88.93451851
88.93451851,0.0,0.755484938621521,0.0,0.0,1.0,4.0,positive,89.14937977
89.14937977,0.0,1.6871474981307983,0.7156204581260681,0.0,4.0,3.0,negative,88.41382219
88.41382219,0.0,2.2426469326019287,0.0,0.0,4.0,1.0,negative,85.58320808
85.58320808,0.0,1.5644574761390686,0.0,0.0,4.0,1.0,positive,90.84328724
90.84328724,4.284549057483673,0.7014017701148987,3.410671055316925,0.0,9.0,5.0,negative,88.98530312
88.98530312,4.124277293682098,11.209317088127136,0.0,0.0,5.0,16.0,negative,88.87614227
88.87614227,1.7030473351478577,1.4151763916015625,0.0,0.0,4.0,2.0,negative,87.96595095
87.96595095,1.7494691610336304,0.0,1.6372281312942505,0.0,4.0,0.0,negative,85.43576677
85.43576677,0.8499422073364258,0.7844750285148621,0.9401790499687196,0.0,3.0,1.0,positive,86.58198759
86.58198759,0.0,0.8703391551971436,0.0,0.0,2.0,0.0,negative,84.77763883
84.77763883,0.0,0.0,1.864863932132721,0.0,1.0,1.0,positive,85.47273104
85.47273104,0.9130881428718568,2.5310418009758,0.9522190690040588,0.0,5.0,1.0,positive,89.29855686
89.29855686,1.689089834690094,0.0,0.0,0.0,2.0,2.0,negative,87.75606085
87.75606085,0.0,0.7823816537857056,0.0,0.8820731043815613,3.0,2.0,positive,88.92965311
88.92965311,0.7960931062698364,0.0,0.0,0.0,3.0,0.0,negative,88.10815489
88.10815489,0.0,0.0,0.771220326423645,0.0,5.0,0.0,negative,86.63405249
86.63405249,0.989700734615326,0.0,0.0,0.7129306197166443,5.0,2.0,negative,86.23680624
86.23680624,3.058348834514618,1.7413880228996277,1.6691038608551023,2.391627252101898,6.0,3.0,positive,87.24928983
87.24928983,2.57732355594635,4.117788195610046,2.5446524620056152,0.0,20.0,2.0,negative,87.13934604
87.13934604,0.8571416735649109,4.0656991600990295,1.684656858444214,3.4915298223495483,6.0,9.0,positive,88.85651249
88.85651249,3.8176987171173096,1.7702287435531616,2.470931053161621,0.0,10.0,3.0,negative,87.52665788
87.52665788,0.8185448050498962,1.680739402770996,3.375610113143921,0.0,5.0,2.0,positive,88.16630486
88.16630486,0.0,0.8772621750831604,0.0,0.0,1.0,1.0,negative,86.1344174
86.1344174,0.0,0.0,0.0,0.0,1.0,1.0,positive,88.15644702
88.15644702,0.727250874042511,1.839851796627045,0.7027851939201355,0.0,4.0,0.0,positive,88.19598921
88.19598921,0.0,0.0,0.0,0.0,2.0,1.0,positive,89.71171351
89.71171351,0.0,1.543830692768097,0.9445924758911132,0.0,2.0,3.0,negative,88.58519913
88.58519913,0.740628182888031,0.0,0.8356853127479553,0.8728955984115601,2.0,3.0,positive,89.9866388
89.9866388,0.0,0.0,0.8114075064659119,0.0,4.0,1.0,negative,88.54577347
88.54577347,0.0,2.2949368953704834,0.0,0.7613731622695923,5.0,4.0,negative,88.44658702
88.44658702,0.8127893209457397,0.7711517214775085,0.0,0.0,3.0,0.0,positive,88.86703483
88.86703483,0.7699959874153137,0.7312189936637878,0.8132925629615784,0.0,4.0,1.0,positive,89.09896529
89.09896529,0.0,2.3682422041893005,0.8468259572982788,0.0,2.0,3.0,negative,88.44456151
88.44456151,0.9113445281982422,0.0,0.0,0.0,1.0,0.0,negative,86.75052148
86.75052148,0.7968229055404663,0.743365466594696,0.8498665690422058,0.7534294128417969,3.0,1.0,positive,86.94706801
86.94706801,0.0,0.872992217540741,0.8157305121421814,0.0,3.0,1.0,negative,86.92989955
86.92989955,0.0,0.0,0.7161139845848083,0.7357384562492371,2.0,1.0,positive,87.78791832
87.78791832,0.7120031714439392,0.7527816295623779,0.0,0.0,3.0,0.0,negative,84.76440743
84.76440743,0.0,1.5352319478988647,0.0,0.0,1.0,0.0,positive,84.79281136
84.79281136,0.0,4.1082024574279785,0.0,0.7740356922149658,4.0,3.0,negative,84.61791363
84.61791363,1.7543017864227295,6.5135298371315,0.0,0.7767803072929382,5.0,14.0,negative,83.64327663
83.64327663,0.7011788487434387,1.6522226929664612,3.335924208164215,1.587877631187439,4.0,5.0,positive,83.94931296
83.94931296,0.771422803401947,0.8139100670814514,0.0,0.0,7.0,1.0,negative,81.64752897
81.64752897,1.5133212804794312,0.0,3.247169077396393,0.0,5.0,1.0,negative,80.01707227
80.01707227,0.0,2.3364469408988957,1.6811355352401731,0.0,6.0,1.0,negative,79.62338218
79.62338218,0.7847383618354797,2.564276933670044,0.7528703212738037,0.0,1.0,2.0,positive,80.56225712
80.56225712,0.0,7.038179993629456,0.7372649908065796,0.0,3.0,12.0,positive,81.95587358
81.95587358,0.0,5.060327172279358,0.0,3.1831769943237305,1.0,10.0,positive,81.9938831
81.9938831,0.7059592604637146,0.8443676233291626,0.0,0.0,3.0,1.0,positive,83.4650076
83.4650076,0.0,0.0,0.0,0.8323991298675537,1.0,2.0,negative,82.84712938
82.84712938,1.7128978967666626,0.0,0.0,0.0,2.0,0.0,negative,82.3283292
82.3283292,1.7631603479385376,1.5943911671638489,0.0,0.0,2.0,4.0,positive,82.98079733
82.98079733,0.0,1.6537838578224182,0.9072262048721312,0.0,2.0,5.0,positive,83.05675933
83.05675933,4.817348599433899,3.0907276272773743,0.0,0.0,12.0,4.0,negative,83.03536513
83.03536513,0.0,1.573883295059204,0.7318466305732727,0.8421598672866821,4.0,3.0,negative,82.80669824
82.80669824,0.8950214385986328,2.2689568996429443,0.7231205105781555,0.0,5.0,1.0,positive,83.11872986
83.11872986,0.7541217803955078,2.1740540266036987,0.0,0.8498331904411316,3.0,0.0,positive,84.61350932
84.61350932,0.0,2.441470324993133,0.0,0.0,2.0,1.0,negative,83.45749682
83.45749682,0.0,0.0,0.0,0.0,1.0,1.0,negative,83.39094453
83.39094453,0.0,3.980803430080414,0.0,1.727606236934662,4.0,2.0,positive,83.7644778
83.7644778,0.0,0.906713843345642,0.0,0.0,0.0,0.0,negative,82.38706003
82.38706003,0.7040563225746155,0.7398874759674072,0.0,0.0,1.0,3.0,positive,82.84765945
82.84765945,0.0,0.8156060576438904,0.0,0.0,2.0,1.0,negative,80.90670896
80.90670896,0.0,0.0,0.0,0.7779162526130676,1.0,2.0,positive,81.91583136
81.91583136,0.7424526810646057,3.235426366329193,0.0,0.0,2.0,4.0,positive,82.34583966
82.34583966,2.4525392055511475,1.4676966071128843,0.0,0.0,4.0,1.0,positive,82.54466033
82.54466033,0.9352853298187256,1.5428970456123352,1.7642135620117188,0.0,6.0,1.0,positive,82.81997551
82.81997551,0.0,4.063756346702576,0.0,0.0,3.0,2.0,positive,83.55533607
83.55533607,1.694377362728119,0.8829103112220764,0.0,0.0,3.0,0.0,negative,82.95403097
82.95403097,0.7719628214836121,0.0,0.0,0.0,3.0,2.0,positive,83.28575242
83.28575242,0.0,0.7114591002464294,1.4827686548233032,0.0,3.0,3.0,positive,83.6324699
83.6324699,0.7537316083908081,0.0,0.8536737561225891,0.0,5.0,1.0,positive,84.70795016
84.70795016,0.7560062408447266,0.0,0.0,0.0,2.0,0.0,negative,83.01472529
83.01472529,0.7895616292953491,0.728293776512146,0.0,0.0,1.0,2.0,negative,82.4974691
82.4974691,1.5309895277023315,0.0,0.0,0.0,1.0,1.0,positive,85.38449674
85.38449674,0.0,0.9172664284706116,0.0,0.0,2.0,4.0,negative,84.56935904
84.56935904,0.0,1.4463181495666504,0.7713956236839294,0.0,4.0,2.0,negative,83.68465553
83.68465553,0.0,0.7521504163742065,0.7866338491439819,0.0,5.0,0.0,negative,82.70095797
82.70095797,0.0,0.0,0.0,0.0,2.0,0.0,positive,83.27673016
83.27673016,0.790535569190979,0.7449632883071899,0.0,0.0,3.0,1.0,positive,83.62405876
83.62405876,0.0,0.0,2.2876147031784058,0.710651159286499,4.0,2.0,positive,83.66383167
83.66383167,0.7156548500061035,0.7930318713188171,0.0,0.0,2.0,1.0,negative,83.22100073
83.22100073,0.0,0.730965256690979,0.7144947052001953,0.0,1.0,1.0,positive,83.34072003
83.34072003,0.7408059239387512,0.0,0.0,0.0,1.0,2.0,negative,82.86817183
82.86817183,0.0,0.0,0.0,0.9137487411499025,1.0,3.0,negative,80.76239572
80.76239572,0.0,0.0,0.0,0.0,1.0,0.0,negative,80.48024367
80.48024367,0.0,1.6442075967788696,0.0,0.0,1.0,2.0,positive,80.93616704
80.93616704,0.0,1.725822687149048,2.5219154953956604,0.0,1.0,2.0,negative,79.55738606
79.55738606,0.7358875870704651,0.0,1.7369624376296997,0.0,4.0,1.0,positive,79.89650796
79.89650796,1.582570493221283,0.7350537180900574,2.612160623073578,0.0,7.0,2.0,negative,78.6894048
78.6894048,1.6439883708953855,0.8556328415870667,0.0,2.6691495180130005,5.0,1.0,negative,77.84085636
77.84085636,0.8540741801261902,8.839248657226562,0.0,0.0,2.0,13.0,negative,76.7486542
76.7486542,0.716748833656311,4.673948585987091,0.0,0.0,4.0,6.0,negative,76.05906011
76.05906011,0.0,0.8790499567985535,0.7973650693893433,0.0,2.0,1.0,positive,76.59898469
76.59898469,0.0,3.130539834499359,0.0,0.0,1.0,5.0,negative,76.05005602
76.05005602,0.875924289226532,1.6047019362449646,0.7393218278884888,0.0,4.0,1.0,negative,74.811631
74.811631,0.7720712423324585,1.513498842716217,0.0,0.0,1.0,0.0,positive,75.14790255
75.14790255,2.4467931985855103,0.8217281699180603,0.0,0.0,4.0,1.0,positive,76.57299711
76.57299711,0.7534831762313843,0.0,0.0,0.0,1.0,0.0,positive,77.184083
77.184083,0.0,0.7861585021018982,0.0,0.0,3.0,0.0,negative,76.27566796
76.27566796,0.0,0.0,0.7161878943443298,0.0,5.0,1.0,negative,76.06298617
76.06298617,0.0,1.549177587032318,0.0,0.0,2.0,0.0,negative,75.75649602
75.75649602,0.0,0.7864482998847961,0.776474118232727,0.0,4.0,1.0,positive,77.32022982
77.32022982,0.0,0.9308040738105774,0.730276346206665,0.0,5.0,1.0,positive,77.41098045
77.41098045,0.7781451940536499,0.0,1.6219033002853394,0.8658599853515625,3.0,1.0,negative,76.71183196
76.71183196,0.0,1.6710444688796997,0.9502410888671876,0.0,3.0,4.0,positive,76.75249327
76.75249327,0.0,3.2657918334007263,0.0,0.0,1.0,4.0,negative,75.5961989
75.5961989,0.0,0.8940015435218811,0.0,0.0,0.0,2.0,positive,75.85301155
75.85301155,0.8362630009651184,0.0,1.5887786746025083,0.8454053401947021,1.0,1.0,negative,75.21793845
75.21793845,0.0,2.475152671337128,0.807245135307312,0.0,1.0,3.0,negative,75.07959122
75.07959122,0.8027518391609192,0.0,0.0,0.0,2.0,1.0,positive,75.30155798
75.30155798,0.0,0.7210976481437683,0.0,0.0,1.0,1.0,negative,74.41098814
74.41098814,0.0,0.0,1.5555535554885864,0.0,3.0,4.0,negative,74.34125825
74.34125825,0.0,0.8391621112823486,0.0,0.0,0.0,2.0,positive,74.90493445
74.90493445,0.0,5.049619913101196,0.0,0.0,5.0,2.0,positive,74.97741249
74.97741249,1.7381139993667605,0.0,0.0,0.0,4.0,1.0,negative,74.82955647
74.82955647,0.771309494972229,3.150458514690399,0.7920939922332764,0.0,3.0,1.0,negative,71.91868811
71.91868811,0.7758790850639343,0.0,0.7784256339073181,0.0,3.0,0.0,positive,72.24536462
72.24536462,1.7771901488304138,0.7811145782470703,1.6666492819786072,0.0,5.0,3.0,negative,71.81553525
71.81553525,0.7891498804092407,0.0,0.0,0.0,4.0,0.0,negative,71.00280228
71.00280228,0.8203782439231873,0.0,0.0,0.0,1.0,0.0,negative,70.59270296
70.59270296,0.0,0.0,0.0,0.0,2.0,0.0,positive,70.72169773
70.72169773,0.0,0.7612515687942505,0.8833720088005066,0.8653078079223633,4.0,1.0,positive,72.3573011
72.3573011,0.0,2.5701780915260315,0.0,0.0,2.0,3.0,positive,72.86265225
72.86265225,0.0,0.0,0.0,0.7968038320541382,2.0,3.0,negative,71.50632079
71.50632079,0.7611621022224426,0.8695850968360901,1.693542778491974,0.0,2.0,3.0,positive,71.63980179
71.63980179,0.0,0.0,0.8684519529342651,0.9109364151954652,1.0,2.0,positive,72.98658679
72.98658679,0.0,0.8061373233795166,0.7270188331604004,0.0,2.0,1.0,negative,72.08733437
72.08733437,0.0,0.7798181772232056,1.4986444115638733,0.0,2.0,1.0,positive,74.42447472
74.42447472,0.7220850586891174,0.7728373408317566,0.0,0.7394347190856934,1.0,4.0,positive,74.77710503
74.77710503,1.608863353729248,2.348947048187256,0.0,0.0,2.0,2.0,positive,74.81240155
74.81240155,0.0,0.0,0.8920407891273499,0.0,2.0,0.0,positive,75.46265645
75.46265645,0.0,0.0,0.0,0.0,0.0,0.0,negative,75.13717777
75.13717777,0.0,0.0,0.8005731701850891,0.0,2.0,0.0,positive,75.80848822
75.80848822,0.9338955879211426,0.0,0.7163546085357666,0.0,4.0,2.0,negative,75.09687589
75.09687589,0.0,0.7120885252952576,0.0,0.0,0.0,2.0,negative,74.93741587
74.93741587,0.7161380052566528,0.0,0.0,0.0,5.0,1.0,positive,76.18805024
76.18805024,0.8495312333106995,0.8775733709335327,0.0,0.0,4.0,2.0,positive,76.6709085
76.6709085,1.5406059622764587,0.0,0.0,0.0,1.0,2.0,positive,76.94021566
76.94021566,1.8168704509735107,3.2257325649261475,0.7636245489120483,0.0,3.0,0.0,negative,76.70689387
76.70689387,0.0,0.0,2.3354952335357666,0.0,6.0,0.0,negative,76.26132804
76.26132804,0.0,0.8214744925498962,0.0,0.0,3.0,0.0,negative,75.87660039
75.87660039,0.0,2.431985855102539,0.0,1.6633179783821106,0.0,4.0,positive,76.23466547
76.23466547,0.0,0.0,1.6783933639526367,0.0,3.0,0.0,positive,78.28077282
78.28077282,0.8064132332801819,0.0,0.0,0.0,3.0,0.0,positive,79.75277701
79.75277701,0.8887157440185547,0.7631506323814392,1.5803409218788147,0.0,2.0,1.0,positive,80.45260235
80.45260235,0.0,0.0,0.9344870448112488,0.0,2.0,0.0,positive,80.55982992
80.55982992,0.7789496779441833,1.56127268075943,1.6227282285690308,0.0,5.0,3.0,negative,80.55722986
80.55722986,0.8890416026115417,1.7424439787864685,0.0,0.8175170421600342,5.0,6.0,positive,82.63273848
82.63273848,3.39512038230896,1.620008647441864,0.7498241662979126,0.0,11.0,1.0,negative,82.29259298
82.29259298,0.8024674654006958,0.7737408876419067,0.7004364728927612,0.0,5.0,1.0,negative,82.26659522
82.26659522,0.0,2.44132000207901,0.0,0.0,0.0,2.0,negative,82.00063841
82.00063841,0.0,0.0,0.7815014719963074,0.0,2.0,0.0,negative,81.24831378
81.24831378,0.0,0.0,0.7524865865707397,0.0,4.0,1.0,positive,82.03376984
82.03376984,0.8137211799621582,0.7515089511871338,0.8830174803733826,0.0,2.0,2.0,negative,80.89447389
80.89447389,0.0,0.0,0.0,0.0,0.0,0.0,positive,81.15370786
81.15370786,0.0,0.7811145782470703,0.0,0.0,0.0,2.0,positive,81.26512253
81.26512253,0.0,0.7446538209915161,0.0,0.0,1.0,2.0,negative,79.93982831
79.93982831,0.0,0.7755323648452759,0.7171270251274109,0.0,0.0,2.0,positive,80.30993238
80.30993238,0.0,0.0,0.7485459446907043,0.0,3.0,1.0,positive,81.75885665
81.75885665,0.9376158714294434,0.9255198240280152,0.9074378609657288,0.0,2.0,1.0,negative,80.62084061
80.62084061,0.7216302752494812,0.0,2.548158288002014,0.0,4.0,1.0,positive,81.48417932
81.48417932,0.0,0.7358925342559814,4.280983090400696,0.0,3.0,1.0,negative,81.31091769
81.31091769,0.0,0.0,0.0,0.0,1.0,3.0,positive,82.36316054
82.36316054,0.9286221861839294,0.0,0.9007779955863952,0.0,2.0,1.0,positive,83.04860254
83.04860254,0.0,0.0,0.0,0.0,2.0,0.0,positive,83.54683615
83.54683615,0.7398870587348938,1.663936734199524,0.0,0.0,1.0,1.0,negative,81.61835926
81.61835926,0.9776872396469116,0.8674362897872925,0.0,0.0,2.0,0.0,positive,81.76422998
81.76422998,0.0,0.0,0.0,0.0,2.0,1.0,negative,81.29558761
81.29558761,0.0,6.533718287944794,0.0,0.0,0.0,2.0,positive,82.09568159
82.09568159,1.8468164205551147,5.023182392120361,0.0,0.0,2.0,3.0,negative,81.68054072
81.68054072,2.437030732631684,4.121604859828949,0.9837779998779296,0.0,3.0,2.0,negative,81.54505503
81.54505503,0.0,2.7730637788772583,0.0,0.0,4.0,3.0,negative,81.53611893
81.53611893,0.758578360080719,2.4790583848953247,0.7010990977287292,0.0,2.0,2.0,positive,82.24439182
82.24439182,0.0,0.0,0.0,0.0,3.0,0.0,negative,82.03149252
82.03149252,0.0,1.7477007508277893,0.0,0.0,1.0,2.0,negative,81.40067395
81.40067395,0.0,0.9719542264938354,0.9526406526565552,0.0,1.0,0.0,negative,79.44197047
79.44197047,1.6232362389564514,0.8131808638572693,0.0,0.0,3.0,1.0,positive,79.83846213
79.83846213,0.0,0.0,0.7700650691986084,0.0,1.0,2.0,positive,80.13733065
80.13733065,0.0,0.0,0.0,0.0,1.0,0.0,positive,80.38337072
80.38337072,0.0,0.0,1.6711465120315552,0.0,4.0,0.0,positive,80.70515507
80.70515507,0.0,0.0,0.0,0.0,0.0,0.0,positive,82.34213096
82.34213096,0.0,3.1992867588996887,0.0,0.0,0.0,4.0,positive,85.3438206
85.3438206,0.0,2.411401093006134,0.917907416820526,0.0,5.0,2.0,positive,87.85707635
87.85707635,1.7492807507514954,9.282842457294464,0.7351253628730774,0.0,6.0,4.0,positive,89.09671283
89.09671283,3.932478129863739,1.563640832901001,2.628513216972351,0.0,12.0,5.0,positive,89.57187884
89.57187884,0.745617151260376,0.7102164030075073,1.844827950000763,0.9443238973617554,9.0,1.0,positive,91.53323762
91.53323762,0.7407323718070984,3.998778998851776,1.5576012134552002,2.31721168756485,5.0,7.0,positive,92.78968506
92.78968506,0.0,0.7340242862701416,1.6957282423973083,0.0,6.0,5.0,negative,92.73348836
92.73348836,2.27474582195282,3.8588684797286983,0.0,0.0,8.0,5.0,negative,91.14526909
91.14526909,2.68735408782959,0.8005966544151306,3.41144335269928,0.0,4.0,4.0,positive,92.85060143
92.85060143,2.3923415541648865,1.5028977394104004,1.5332109928131104,0.0,4.0,2.0,negative,92.70780773
92.70780773,0.0,1.814155161380768,1.483662188053131,0.0,3.0,2.0,positive,93.49688001
93.49688001,0.0,2.946932017803192,1.6632915139198303,0.0,5.0,4.0,positive,100.18138671
100.18138671,5.862858295440674,7.836134195327759,0.0,0.8183162808418274,19.0,13.0,negative,100.00277385
100.00277385,0.7098552584648132,6.068765044212341,1.5028611421585083,0.0,12.0,2.0,positive,105.75379891
105.75379891,0.0,3.121021509170532,1.641060292720795,0.8553133010864258,8.0,4.0,negative,104.22973881
104.22973881,2.466001272201538,5.70706844329834,5.803132236003876,1.8505430817604065,18.0,4.0,negative,101.73260643
101.73260643,0.0,3.346123993396759,1.6825265884399414,0.839167058467865,9.0,7.0,negative,101.3878793
101.3878793,2.191790223121643,1.6895034909248352,0.9522774815559388,0.0,8.0,2.0,negative,100.95957532
100.95957532,1.651879906654358,5.923064529895783,1.6820906400680542,0.92118102312088,18.0,4.0,positive,108.01334013
108.01334013,0.7960100173950195,0.7445623278617859,0.8972871899604797,0.8697813749313354,7.0,3.0,negative,107.89532088
107.89532088,0.9359371662139891,1.6420393586158752,2.468327760696411,0.7021019458770752,10.0,4.0,positive,108.45965689
108.45965689,0.0,1.5580583810806274,0.0,0.0,4.0,2.0,positive,108.78339354
108.78339354,1.5009255409240725,0.8580259084701538,0.742591381072998,0.0,8.0,3.0,positive,110.38561134
110.38561134,0.7140592336654663,3.170976459980011,0.8606727719306946,0.0,2.0,7.0,negative,108.27145322
108.27145322,1.5436584949493408,3.039609670639038,0.7177800536155701,0.0,6.0,6.0,negative,105.85805139
105.85805139,0.747704267501831,2.943404078483581,1.553781270980835,1.5740401148796082,2.0,8.0,negative,105.45682681
105.45682681,0.0,0.8623864054679871,0.7957270741462708,0.0,6.0,4.0,positive,108.46301617
108.46301617,3.283107161521912,0.8436884880065918,1.87597918510437,0.976464867591858,12.0,1.0,negative,106.04398266
106.04398266,1.6057785749435425,3.897169351577759,4.16288560628891,0.0,15.0,3.0,positive,107.91584097
107.91584097,1.6393465995788574,0.8574139475822449,0.8176255822181702,0.0,10.0,1.0,positive,109.3845096
109.3845096,1.6706202626228333,2.5234075784683228,0.9001299142837524,0.9401330351829528,8.0,7.0,negative,108.298044
108.298044,0.825506865978241,0.7476962208747864,1.6025723814964294,0.0,5.0,1.0,negative,108.26981881
108.26981881,0.822407603263855,1.5611832737922668,0.7695512771606445,0.0,6.0,4.0,negative,106.79557415
106.79557415,0.0,0.712009847164154,0.9520480632781982,0.0,5.0,2.0,negative,106.41043195
106.41043195,0.0,1.7080058455467224,0.8456913828849792,0.0,6.0,1.0,positive,107.45254503
107.45254503,0.0,0.0,0.7875440120697021,0.0,2.0,0.0,positive,108.07350271
108.07350271,0.0,0.8173219561576843,0.0,0.0,2.0,1.0,positive,113.41778497
113.41778497,0.8129931688308716,0.0,0.0,0.0,4.0,2.0,positive,117.56685897
117.56685897,1.5454097986221311,4.052726745605469,4.70063066482544,0.8455364108085632,13.0,6.0,positive,117.6354937
117.6354937,6.563802242279053,0.8648114204406738,9.087505996227264,1.7220357656478882,35.0,4.0,positive,118.47072013
118.47072013,3.288818776607513,0.0,2.61029314994812,0.0,26.0,1.0,positive,123.21197531
123.21197531,4.876712501049042,4.946035623550415,9.281446158885956,0.7558082938194275,26.0,6.0,negative,120.5589091
120.5589091,3.186878025531769,0.8204015493392944,6.568578481674194,0.7834110856056213,15.0,1.0,negative,118.80268473
118.80268473,1.6031960248947144,10.42360109090805,0.9716455936431884,0.0,10.0,13.0,negative,117.19791254
117.19791254,0.0,2.207797944545746,1.565435230731964,0.7141375541687012,6.0,6.0,positive,120.56253659
120.56253659,1.6894401907920835,0.0,2.139082670211792,0.0,8.0,0.0,positive,121.78209713
121.78209713,0.80060875415802,0.8100975751876831,1.5551287531852722,1.639201819896698,4.0,3.0,negative,116.50544582
116.50544582,0.802084743976593,0.7535350322723389,0.7046817541122437,0.0,5.0,2.0,positive,118.07655252
118.07655252,0.0,0.7608181834220886,0.0,0.0,2.0,1.0,negative,115.30520203
115.30520203,0.8976932168006897,1.454343855381012,0.0,0.0,4.0,3.0,positive,118.61043425
118.61043425,0.7602334022521973,0.7589812278747559,2.2638285160064697,0.0,10.0,2.0,negative,116.0213217
116.0213217,1.5114782452583313,0.0,1.691767394542694,0.0,7.0,1.0,positive,116.54989939
116.54989939,1.5865954756736755,0.8971224427223206,1.7218057513237,0.0,6.0,3.0,negative,114.07630288
114.07630288,0.734861433506012,0.0,0.8275690078735352,0.0,9.0,4.0,positive,114.66599272
114.66599272,0.0,3.454682290554046,0.8104244470596313,0.8749371767044067,4.0,3.0,positive,115.55759461
115.55759461,0.7739776372909546,2.3928781151771545,0.0,0.0,5.0,1.0,positive,115.75641765
115.75641765,0.7467726469039917,3.974744737148285,0.0,1.556507647037506,9.0,10.0,positive,116.26995214
116.26995214,1.45191091299057,3.234857976436615,0.0,0.8392699360847473,4.0,5.0,negative,116.01374681
116.01374681,0.759943962097168,3.330352365970612,0.0,0.7664529085159302,5.0,4.0,negative,108.72629238
108.72629238,0.7583141922950745,2.386049270629883,0.0,0.7016944885253906,3.0,4.0,negative,105.41891674814136
105.41891674814136,1.523798167705536,3.2103651762008667,2.466336667537689,1.6609379053115845,8.0,9.0,positive,106.68645913
106.68645913,0.7069985270500183,0.8359314799308777,2.494075298309326,1.6576482057571411,9.0,4.0,positive,107.93615344425918
107.93615344425918,0.8860651254653931,0.7355090379714966,0.8284047842025757,0.0,7.0,2.0,negative,104.11388511
104.11388511,2.4351622462272644,4.238559305667877,0.0,0.8145366907119751,6.0,4.0,negative,103.70712515
103.70712515,0.7852318286895752,0.0,1.8706775903701784,0.0,8.0,2.0,negative,103.5948082324098
103.5948082324098,2.272373080253601,0.861962616443634,1.578840970993042,0.8163033127784729,7.0,1.0,positive,105.00539486
105.00539486,0.8309687376022339,1.6843238472938538,5.1494802832603455,0.780604362487793,4.0,5.0,negative,104.03968922
104.03968922,0.0,0.8801704049110413,0.0,0.0,5.0,1.0,negative,103.94820659
103.94820659,0.0,2.2975046634674072,0.7248061895370483,0.8013095855712891,0.0,6.0,negative,102.98905665
102.98905665,0.8104862570762634,2.4261595606803894,0.7409095764160156,0.7188027501106262,4.0,3.0,negative,100.76459214
100.76459214,0.0,0.7196502685546875,0.0,0.0,4.0,4.0,positive,103.63901548
103.63901548,0.8607555627822876,3.3213266134262085,0.0,0.0,1.0,4.0,positive,105.86324227
105.86324227,0.0,3.226780354976654,0.0,0.0,2.0,5.0,positive,109.91612303
109.91612303,0.871514081954956,0.8648878931999207,0.0,0.7100364565849304,2.0,1.0,positive,111.96706496
111.96706496,2.22367787361145,5.398203253746033,0.0,0.8135457038879395,3.0,8.0,negative,109.48792897
109.48792897,0.776357889175415,0.0,2.545446813106537,0.0,11.0,3.0,positive,110.6761936927634
110.6761936927634,0.0,0.8589269518852234,1.6604043245315552,0.0,0.0,0.0,negative,110.6761936927634
110.6761936927634,0.8334715962409973,0.0,0.7186372876167297,0.0,2.0,0.0,negative,110.6761936927634
110.6761936927634,3.0835281014442444,3.011187255382538,0.7556260824203491,0.0,13.0,3.0,negative,110.6761936927634
110.6761936927634,2.5988324880599976,1.5649334192276,0.942907452583313,0.0,19.0,1.0,negative,110.6761936927634
110.6761936927634,3.165387749671936,1.4380292892456057,1.6738067269325256,0.7811286449432373,9.0,4.0,negative,110.6761936927634
110.6761936927634,0.9118536710739136,0.0,0.0,0.7853256464004517,4.0,7.0,negative,110.6761936927634
110.6761936927634,0.0,2.284922778606415,0.7838934063911438,0.0,2.0,4.0,negative,110.40696423
110.40696423,0.7450252771377563,4.964336633682251,0.0,0.0,3.0,5.0,negative,105.37692708
105.37692708,1.6623453497886658,1.6763938069343567,0.7026798725128174,0.8113003969192505,5.0,4.0,positive,107.30557803
107.30557803,4.876483380794525,4.884988903999329,2.494458794593811,0.7414277791976929,12.0,9.0,negative,104.90606163
104.90606163,0.0,3.128545999526977,2.2794309854507446,0.0,3.0,8.0,positive,106.15725155
106.15725155,0.0,0.7282299399375916,1.6422671675682068,0.0,9.0,2.0,negative,105.67194276
105.67194276,1.7129961848258972,1.5202245116233826,0.9850795269012452,0.7275060415267944,7.0,1.0,negative,103.179069
103.179069,0.7416655421257019,3.7885841727256775,0.8263283967971802,0.9337203502655028,8.0,6.0,negative,101.81706223
101.81706223,2.2377923130989075,3.965251386165619,3.3267505168914795,0.8209033012390137,11.0,5.0,positive,103.11708648
103.11708648,3.984537184238434,2.206267476081848,0.7270458340644836,0.0,6.0,3.0,negative,102.54508249
102.54508249,1.5184181928634644,2.195995390415192,2.5139509439468384,0.0,9.0,2.0,positive,104.31020189
104.31020189,2.3067981004714966,0.7581795454025269,1.6342703700065613,0.7206392884254456,8.0,1.0,negative,103.98602598
103.98602598,0.7503951787948608,1.471264123916626,0.7346793413162231,0.0,5.0,0.0,positive,104.76562859
104.76562859,0.7978478074073792,0.7150315046310425,0.0,0.7312378287315369,7.0,5.0,negative,104.04149568
104.04149568,0.0,0.7014343738555908,0.0,0.0,0.0,3.0,positive,108.00592961
108.00592961,2.1991684436798096,2.386508822441101,0.8711262345314026,0.0,4.0,2.0,negative,107.76938585
107.76938585,0.0,3.041359603404999,0.7073782682418823,0.944309413433075,4.0,9.0,negative,107.75608405
107.75608405,1.4942336678504944,2.5115785002708435,0.834129273891449,0.0,7.0,5.0,negative,106.07394541
106.07394541,0.0,2.50811505317688,0.8661210536956787,0.0,3.0,4.0,positive,107.31339843
107.31339843,0.0,0.8002572655677795,1.6514411568641665,0.0,6.0,1.0,positive,111.56539901
111.56539901,1.5911877751350405,0.776041567325592,0.9721091389656068,0.0,6.0,0.0,negative,109.89546503
109.89546503,0.0,5.273278772830963,0.0,0.0,6.0,8.0,negative,108.88751231
108.88751231,0.0,0.8237303495407104,0.7136204838752747,0.0,0.0,2.0,positive,108.99065809
108.99065809,0.0,0.8254439830780029,0.0,4.083265066146851,4.0,4.0,positive,110.37672389
110.37672389,0.0,0.0,0.9568828344345092,0.0,5.0,1.0,positive,115.66709775
115.66709775,0.0,0.0,0.0,0.0,0.0,1.0,positive,121.95018842
121.95018842,1.5870574116706848,0.9128198623657228,1.674878180027008,0.7138575911521912,9.0,0.0,negative,121.04374841
121.04374841,3.8413760662078857,11.670303106307983,0.7527206540107727,0.7131872773170471,7.0,13.0,negative,118.54667719
118.54667719,0.7523297667503357,0.701564371585846,1.519802749156952,0.0,13.0,2.0,positive,121.57520473
121.57520473,1.608327865600586,3.345452129840851,5.871746897697449,0.0,16.0,7.0,positive,122.42347953
122.42347953,1.6895005106925964,1.9517409801483157,0.9335002303123474,0.9825014472007751,7.0,2.0,negative,121.38051913
121.38051913,0.7811549305915833,0.0,0.0,0.0,7.0,2.0,positive,126.98359867
126.98359867,0.7019412517547607,0.737330436706543,2.2978456020355225,0.0,14.0,2.0,positive,128.94082486
128.94082486,3.891664922237396,0.7019457817077637,5.078750789165497,0.0,21.0,3.0,positive,130.91051149
130.91051149,1.528562307357788,5.807190477848053,3.116317570209503,0.9275649785995485,20.0,3.0,negative,128.35742398
128.35742398,4.479446887969971,0.0,4.3317564725875854,0.0,20.0,0.0,negative,128.09968265
128.09968265,0.8236379623413086,1.7173046469688416,4.136878252029419,0.0,10.0,0.0,positive,128.57832629
128.57832629,2.3679503202438354,0.0,2.5098668932914734,0.0,13.0,2.0,positive,129.57516595
129.57516595,0.0,0.7326521873474121,0.0,0.0,9.0,1.0,positive,129.86755602
129.86755602,1.536602795124054,2.365586519241333,0.7719910740852356,0.0,8.0,6.0,negative,129.38800547
129.38800547,0.0,2.254938006401062,2.410108685493469,0.7869534492492676,14.0,5.0,positive,132.06115487
132.06115487,7.410786807537079,2.375076651573181,4.905508399009705,0.0,37.0,4.0,negative,131.54167366
131.54167366,1.4997146129608154,10.07403326034546,4.239097237586975,7.185703158378601,22.0,23.0,positive,132.60380285
132.60380285,2.462957322597504,8.235092341899872,1.6417181491851809,1.8029109239578247,16.0,8.0,negative,129.45920297
129.45920297,1.7007871270179749,7.852269291877747,6.290727257728577,0.7981094717979431,19.0,14.0,positive,132.15042091
132.15042091,2.440396010875702,1.6646745800971985,4.920584797859192,0.0,22.0,1.0,positive,133.5770601
133.5770601,0.7373279929161072,1.5281278491020205,1.6383790373802185,1.4579162001609802,5.0,4.0,positive,135.07758923
135.07758923,0.0,2.3721089363098145,3.2616133093833923,0.0,11.0,2.0,negative,134.63800055
134.63800055,4.813266634941101,1.530077576637268,3.2135106921195984,0.7036767601966858,13.0,6.0,negative,133.92780917
133.92780917,2.4651588201522827,1.678736388683319,2.51353257894516,0.0,19.0,6.0,negative,129.07570623
129.07570623,0.0,0.806253969669342,1.607832908630371,0.8089583516120911,10.0,3.0,positive,132.8426458
132.8426458,1.7184160351753237,0.7570616602897644,2.7363495230674744,0.9903684854507446,8.0,1.0,positive,135.75148585
135.75148585,2.506450891494751,6.876090943813324,3.522469222545624,0.0,11.0,11.0,negative,130.36349607
130.36349607,5.547661125659943,3.750410258769989,1.613984763622284,0.723252534866333,18.0,6.0,positive,132.03373732
132.03373732,0.9402892589569092,2.355351746082306,0.9519568085670472,0.0,16.0,2.0,negative,127.78287892
127.78287892,5.093075633049011,1.583778738975525,0.8046854734420776,0.0,14.0,2.0,negative,127.51696969
127.51696969,0.7962871789932251,2.4673078656196594,3.867830038070679,0.0,10.0,2.0,positive,129.32388844
129.32388844,3.157986879348755,0.0,0.7003690004348755,0.0,12.0,2.0,negative,129.1576934
129.1576934,1.5943914651870728,1.5084471702575684,0.8044155240058899,0.0,8.0,3.0,positive,129.26428836
129.26428836,2.502359449863434,5.525401592254639,3.989818572998047,0.0,8.0,3.0,positive,131.8086199813152
131.8086199813152,0.7198750972747803,0.7463762164115906,1.795399010181427,0.0,8.0,0.0,negative,129.99312579
129.99312579,0.7205363512039185,2.2666287422180176,1.7073665261268616,0.0,9.0,2.0,positive,134.79447427
134.79447427,3.1683600544929504,0.0,2.365109622478485,0.0,11.0,0.0,positive,135.02420424
135.02420424,1.5440141558647156,0.0,0.878016471862793,0.0,16.0,0.0,negative,131.69913383269105
131.69913383269105,2.27603542804718,2.3446470499038696,1.6637325286865234,0.0,11.0,7.0,positive,132.63783526
132.63783526,4.017794668674469,16.494902908802032,3.341446280479431,1.5661852955818176,8.0,27.0,negative,132.06362569
132.06362569,4.148380517959595,8.641943573951721,2.50633156299591,1.5738768577575684,15.0,16.0,negative,130.07103674
130.07103674,3.32971328496933,3.1333276629447937,0.7813287377357483,1.7074298858642578,13.0,8.0,negative,130.05033199
130.05033199,4.712523519992828,5.607199907302856,3.121484577655792,1.5327125787734983,23.0,13.0,negative,128.14879616
128.14879616,4.125287890434265,5.309233546257019,3.3213921189308167,1.8037028908729555,16.0,9.0,negative,126.05264283
126.05264283,0.0,3.956231713294983,1.5161726474761963,0.0,5.0,10.0,negative,125.70336579
125.70336579,1.5705995559692385,4.805487155914307,4.1366589069366455,0.0,12.0,6.0,positive,126.13896895
126.13896895,4.1029714941978455,4.171133935451508,2.4049113988876343,0.0,6.0,6.0,positive,128.47272515
128.47272515,2.407627940177917,0.742344081401825,4.110634207725525,1.471115529537201,14.0,6.0,negative,127.36429346
127.36429346,2.2960211634635925,2.2973865270614624,2.451596200466156,0.0,14.0,0.0,positive,128.12485264
128.12485264,5.606931447982788,6.124604046344757,2.3025063276290894,0.0,10.0,9.0,negative,124.69715783
124.69715783,1.520668923854828,10.0707568526268,4.152935087680817,1.6469866633415222,14.0,26.0,negative,123.94109215
123.94109215,8.626382410526276,6.130831301212311,9.543878853321075,4.375179529190064,44.0,41.0,positive,125.9464656
125.9464656,2.2850421667099,3.028727531433105,0.0,0.0,6.0,15.0,positive,126.39050082
126.39050082,0.755271315574646,1.750780165195465,0.9691733717918396,2.486783504486084,11.0,11.0,positive,129.04079724
129.04079724,3.4626503586769104,2.4887325763702397,4.760326504707336,0.8760964870452881,16.0,5.0,positive,131.73409899
131.73409899,3.081142783164978,4.859204649925232,3.4608485102653503,0.0,21.0,11.0,negative,130.12787986
130.12787986,4.111816704273224,5.670396268367767,0.0,0.0,15.0,12.0,negative,128.64961514
128.64961514,0.0,2.536147713661194,2.3350497484207158,1.4482479691505432,8.0,5.0,negative,128.32978115
128.32978115,0.8562698364257812,1.607460618019104,1.6934620141983032,0.7159689664840698,19.0,6.0,negative,125.89489598
125.89489598,0.860992431640625,3.873354136943817,1.7267125248908997,0.0,6.0,7.0,negative,124.65476482
124.65476482,4.023266136646271,5.476465702056885,1.730885624885559,0.0,12.0,4.0,positive,125.13162674
125.13162674,0.0,3.0758703351020813,1.6230369806289673,1.5087049007415771,6.0,8.0,positive,126.00137142
126.00137142,1.5389885306358335,1.501912534236908,1.540541589260101,0.0,21.0,4.0,negative,125.69652918
125.69652918,0.7920293211936951,11.01176005601883,0.8859654068946838,0.0,9.0,12.0,positive,128.32358375
128.32358375,2.1694077253341675,4.361289441585541,2.376364886760712,0.9069321751594543,20.0,4.0,negative,127.38061821
127.38061821,4.147605359554291,1.4846104383468628,3.271046221256256,0.0,21.0,3.0,positive,129.46607253
129.46607253,0.7546303868293762,3.231729209423065,0.9536784887313844,0.0,10.0,1.0,negative,126.79133373
126.79133373,7.03384667634964,6.025243818759918,1.6633610725402832,0.0,13.0,7.0,positive,127.09941216
127.09941216,3.765985369682312,3.9470723271369934,3.0971609354019165,0.7701312899589539,17.0,7.0,negative,125.96172608
125.96172608,0.7598336935043335,2.318580567836761,5.074543476104736,0.7457697987556458,12.0,5.0,positive,127.80857321
127.80857321,3.7328872084617615,1.5612398386001587,2.770267963409424,0.0,17.0,2.0,negative,126.34105051
126.34105051,2.7057310938835144,0.8275890350341797,0.8038790822029114,0.0,9.0,3.0,positive,127.42048698
127.42048698,3.2953338623046875,1.511232852935791,3.3241819739341736,0.8338733911514282,13.0,9.0,negative,124.47652705
124.47652705,2.3249292373657227,7.1831889152526855,0.0,0.0,3.0,15.0,positive,124.8804916
124.8804916,2.4110422134399414,2.2912896275520325,1.5453177094459534,1.619146764278412,10.0,18.0,negative,123.78890172
123.78890172,4.898744761943817,1.4971845746040344,1.6768183708190918,0.7238651514053345,21.0,7.0,positive,124.20708189
124.20708189,4.246591866016388,3.29705274105072,3.318194806575775,0.7967488765716553,12.0,5.0,negative,124.04684128
124.04684128,0.7953860759735107,8.866345763206482,2.4644079208374023,0.7217641472816467,13.0,5.0,positive,124.69032593
