priceUsd,sentiment_positive_reddit,sentiment_positive_twitter,sentiment_negative_reddit,sentiment_negative_twitter,social_volume_reddit,social_volume_twitter,priceDirection,priceT+1
41.7486586622,0.0,0.0,0.0,0.0,0.0,0.0,positive,41.9260497267
41.9260497267,0.0,2.398005604743957,0.7434413433074951,0.0,3.0,3.0,negative,41.586281814
41.586281814,0.0,0.0,1.555073380470276,0.0,4.0,0.0,positive,41.7639822498
41.7639822498,0.0,0.0,0.0,0.0,2.0,0.0,positive,41.9505046091
41.9505046091,0.0,0.0,0.0,0.7226870059967041,0.0,1.0,negative,41.7434935519
41.7434935519,0.0,0.77821284532547,0.7777208089828491,0.0,1.0,1.0,negative,41.6688127949
41.6688127949,0.0,0.0,0.0,0.0,2.0,2.0,negative,41.5012178674
41.5012178674,0.0,0.0,0.0,0.0,1.0,0.0,positive,41.790186451
41.790186451,0.0,0.0,0.0,0.0,0.0,0.0,positive,41.99102987
41.99102987,0.9531852006912231,0.0,0.7149835228919983,0.0,3.0,1.0,negative,41.9130781298
41.9130781298,0.0,0.0,0.0,0.928091824054718,1.0,2.0,negative,41.8030128575
41.8030128575,0.0,0.0,0.0,0.0,3.0,0.0,positive,42.0821595348
42.0821595348,0.0,0.0,0.0,0.0,1.0,0.0,negative,42.0242695813
42.0242695813,0.0,0.0,0.0,0.0,0.0,0.0,positive,42.1728423034
42.1728423034,0.0,0.0,0.0,0.0,0.0,1.0,negative,42.0413707508
42.0413707508,0.8353170156478882,0.0,1.471031129360199,0.0,6.0,1.0,positive,42.1274352089
42.1274352089,0.0,0.0,0.0,0.0,0.0,1.0,negative,41.7814976015
41.7814976015,0.0,0.7029432654380798,0.0,0.7475011944770813,1.0,2.0,positive,41.9581951667
41.9581951667,0.7395976185798645,1.4937188625335691,0.0,0.0,3.0,2.0,positive,42.0117708158
42.0117708158,2.292734980583191,1.6841553449630735,0.0,0.0,4.0,2.0,positive,42.0735505796
42.0735505796,0.0,0.7629538178443909,0.0,0.0,3.0,1.0,negative,42.0133293508
42.0133293508,0.0,0.0,0.0,0.0,0.0,1.0,negative,41.9887127932
41.9887127932,0.0,0.850300669670105,0.0,0.0,2.0,1.0,positive,42.1224151296
42.1224151296,0.0,0.8559761047363281,0.0,0.0,1.0,4.0,negative,41.7577388843
41.7577388843,0.8367807269096375,0.0,0.0,0.0,3.0,0.0,negative,41.6988898641
41.6988898641,0.0,0.0,0.0,0.0,0.0,1.0,negative,41.5236351238
41.5236351238,0.0,0.0,0.0,0.0,0.0,0.0,negative,41.418107612
41.418107612,0.0,0.0,0.0,0.0,1.0,2.0,positive,41.4927956377
41.4927956377,0.0,1.738063097000122,0.0,0.0,1.0,4.0,positive,41.5267360103
41.5267360103,0.0,0.863315224647522,0.0,0.0,1.0,3.0,negative,41.4633070358
41.4633070358,0.0,0.0,0.0,0.0,1.0,0.0,positive,41.6562145076
41.6562145076,0.0,0.0,0.0,0.0,0.0,0.0,negative,41.5784199374
41.5784199374,0.0,0.8370449542999268,0.0,0.0,2.0,1.0,negative,41.5608238565
41.5608238565,0.0,0.0,0.8476687669754028,0.0,3.0,0.0,positive,41.6326884603
41.6326884603,0.0,0.7687779068946838,0.0,0.0,1.0,2.0,negative,41.6092720284
41.6092720284,0.0,0.8109034299850464,0.0,0.0,1.0,1.0,negative,41.4301844205
41.4301844205,0.0,0.0,0.7099393010139465,0.0,6.0,1.0,positive,41.4610713014
41.4610713014,0.0,0.7434288859367371,0.0,0.0,2.0,2.0,positive,41.476518956
41.476518956,0.8816808462142944,0.9166390895843506,0.959302008152008,0.0,7.0,2.0,negative,41.0008373595
41.0008373595,0.7479947805404663,0.7005379796028137,0.7778850793838501,0.0,7.0,1.0,negative,40.0538196064
40.0538196064,0.0,0.0,0.7589350342750549,0.0,5.0,2.0,negative,40.0395510837
40.0395510837,0.0,0.0,2.428686559200287,0.0,4.0,0.0,positive,40.1039955203
40.1039955203,3.2805386185646057,0.7352560758590698,0.0,0.0,8.0,1.0,negative,39.8030932037
39.8030932037,0.7199983596801758,0.96685391664505,0.0,0.0,4.0,3.0,positive,39.8977370131
39.8977370131,0.8658500909805298,1.5646042227745056,0.0,0.0,8.0,2.0,positive,39.9687198336
39.9687198336,0.8721945881843567,0.0,0.0,0.0,4.0,0.0,negative,39.8230153245
39.8230153245,0.7781892418861389,0.0,0.901513397693634,0.0,2.0,0.0,negative,39.7703267174
39.7703267174,0.0,0.8559761047363281,0.7494387030601501,0.0,4.0,1.0,negative,39.4541494398
39.4541494398,0.0,0.0,1.5580966472625732,0.0,2.0,0.0,positive,39.9075045759
39.9075045759,0.0,0.0,0.0,0.0,2.0,0.0,negative,39.874956324
39.874956324,0.0,0.0,0.0,0.0,3.0,0.0,positive,40.5783175882
40.5783175882,0.0,0.7282953262329102,0.7121752500534058,0.0,5.0,1.0,positive,40.5902062121
40.5902062121,0.9182027578353882,0.7177326083183289,0.0,0.0,1.0,1.0,positive,40.6558521662
40.6558521662,0.7644396424293518,0.0,0.0,0.0,3.0,0.0,positive,40.6785380576
40.6785380576,0.0,0.0,0.0,0.0,0.0,0.0,positive,41.5194916134
41.5194916134,0.0,0.7777276039123535,0.0,0.0,0.0,1.0,positive,41.8750982974
41.8750982974,0.0,0.0,0.821986973285675,0.0,1.0,0.0,negative,41.6490729392
41.6490729392,0.831068217754364,0.0,0.0,0.0,1.0,0.0,positive,41.8647892085
41.8647892085,0.0,0.8293737173080444,0.0,0.0,1.0,1.0,negative,41.8102383869
41.8102383869,0.0,0.0,0.0,0.0,1.0,2.0,positive,41.9939437447
41.9939437447,0.0,0.0,0.0,0.7514635920524597,0.0,1.0,negative,41.6739794919
41.6739794919,0.0,0.7663475871086121,1.4655932784080503,0.0,4.0,2.0,positive,42.0148502505
42.0148502505,0.7293850183486938,0.0,0.0,0.8909189105033875,3.0,2.0,positive,42.3424608502
42.3424608502,0.0,0.0,1.6102250218391418,0.0,4.0,1.0,negative,42.2553126309
42.2553126309,0.8696206212043762,0.0,0.9696881771087646,0.0,2.0,0.0,negative,42.118086673
42.118086673,1.7085617184638977,0.0,0.0,0.0,3.0,3.0,negative,42.0271419174
42.0271419174,0.0,0.0,0.0,0.0,1.0,0.0,positive,42.0677599422
42.0677599422,1.5062680840492249,0.0,0.0,0.0,3.0,0.0,negative,41.8400173397
41.8400173397,0.0,1.543154001235962,0.0,0.0,1.0,4.0,positive,41.8706018535
41.8706018535,0.8452876210212708,0.8397031426429749,0.0,0.0,2.0,2.0,positive,42.4052277733
42.4052277733,0.0,0.0,0.0,0.7773266434669495,1.0,1.0,negative,42.2768690032
42.2768690032,0.8227065801620483,0.7231082916259766,0.0,0.9229785203933716,1.0,3.0,negative,42.1036692997
42.1036692997,0.7999274730682373,0.0,0.0,0.0,2.0,0.0,positive,42.1131382653
42.1131382653,0.0,0.8299809098243713,0.7494703531265259,0.0,2.0,1.0,positive,42.3588632405
42.3588632405,0.0,3.390553057193756,0.0,0.0,0.0,5.0,negative,42.2509442664
42.2509442664,0.0,0.0,0.0,0.0,2.0,0.0,negative,42.1701428426
42.1701428426,0.0,0.0,0.0,0.0,6.0,0.0,positive,42.328418534
42.328418534,0.0,0.0,0.0,0.0,0.0,0.0,positive,42.5758546203
42.5758546203,0.8976932168006897,0.0,0.7742844820022583,0.0,5.0,1.0,negative,42.5613346716
42.5613346716,0.0,1.5554090738296509,0.0,0.0,2.0,2.0,positive,42.9324519408
42.9324519408,0.0,0.8050099611282349,0.0,0.0,2.0,1.0,negative,42.9024677794
42.9024677794,0.0,0.0,0.0,0.0,1.0,0.0,negative,42.660742625
42.660742625,0.0,0.0,0.0,0.0,0.0,0.0,negative,42.14563333
42.14563333,0.0,0.0,0.0,0.0,1.0,1.0,negative,42.1064117693
42.1064117693,0.0,0.7069026827812195,0.0,0.0,1.0,1.0,positive,42.3293228393
42.3293228393,0.0,0.774147629737854,0.0,0.7671416401863098,2.0,2.0,positive,42.4501501893
42.4501501893,0.7773181796073914,0.7163892388343811,0.0,0.0,1.0,2.0,positive,42.6166437189
42.6166437189,0.0,0.7727187871932983,0.0,0.0,0.0,1.0,positive,42.7880172511
42.7880172511,0.0,0.0,0.0,0.0,1.0,1.0,negative,42.6450566771
42.6450566771,0.0,2.478756904602051,0.0,0.0,5.0,5.0,positive,43.1463475471
43.1463475471,0.0,0.7931132912635803,0.0,0.0,0.0,1.0,positive,43.2616135562
43.2616135562,0.0,0.7654983401298523,0.0,1.652323305606842,0.0,5.0,negative,43.1755386043
43.1755386043,0.8566129207611084,0.9300019145011902,0.0,0.0,2.0,2.0,positive,43.221185393
43.221185393,0.997803807258606,0.7020432353019714,0.0,0.0,1.0,1.0,positive,43.2913815968
43.2913815968,0.0,0.0,0.0,0.0,2.0,1.0,positive,43.3611232576
43.3611232576,1.6698352098464966,0.769442617893219,0.0,0.0,5.0,2.0,positive,43.4693367654
43.4693367654,0.0,1.55667382478714,0.0,0.0,1.0,2.0,positive,43.508692671
43.508692671,0.7450301647186279,0.7034724354743958,0.0,0.0,1.0,1.0,negative,43.4200736302
43.4200736302,0.0,0.0,0.0,0.0,0.0,0.0,positive,43.4265611816
43.4265611816,0.0,0.0,1.6879849433898926,0.0,6.0,2.0,negative,43.4148406784
43.4148406784,0.0,0.0,0.7037765979766846,0.0,6.0,0.0,negative,43.2564020917
43.2564020917,0.0,0.0,0.0,0.0,2.0,0.0,positive,43.4332214735
43.4332214735,0.788025438785553,0.0,0.8549615740776062,0.9946109652519226,6.0,1.0,negative,43.3605505551
43.3605505551,0.0,0.0,0.8285053372383118,0.0,1.0,0.0,negative,43.028781938
43.028781938,0.7042112946510315,0.0,0.0,0.0,3.0,1.0,positive,43.0763285651
43.0763285651,0.0,0.0,0.0,0.0,0.0,1.0,positive,43.4629325323
43.4629325323,0.0,0.0,0.0,0.0,0.0,0.0,positive,43.4861312073
43.4861312073,0.0,0.0,0.0,0.0,0.0,1.0,negative,43.3716341773
43.3716341773,0.0,0.0,0.0,0.0,0.0,1.0,positive,43.4305794222
43.4305794222,0.0,1.7415344715118408,0.0,0.0,1.0,3.0,positive,44.2889476052
44.2889476052,0.7156223058700562,0.0,0.7054784297943115,0.0,4.0,0.0,positive,44.4176915924
44.4176915924,0.9919447898864746,0.8118165731430054,1.459194302558899,0.0,6.0,2.0,negative,44.3815739921
44.3815739921,5.885879993438721,0.7264824509620667,3.97896021604538,0.0,32.0,2.0,positive,44.5753810737
44.5753810737,0.0,0.7014343738555908,0.0,0.0,1.0,1.0,negative,44.2401630302
44.2401630302,0.0,0.0,1.429870307445526,0.0,2.0,1.0,positive,44.3358636056
44.3358636056,0.0,0.0,0.9737922549247742,0.0,4.0,0.0,negative,43.7624985283
43.7624985283,0.0,0.8559761047363281,0.0,0.0,1.0,2.0,negative,43.5320065626
43.5320065626,0.0,0.7103639841079712,0.0,0.0,0.0,1.0,positive,43.5675133618
43.5675133618,0.0,0.0,0.8701786994934082,0.0,2.0,0.0,positive,43.6769540448
43.6769540448,0.0,0.8231121301651001,0.0,0.0,0.0,1.0,positive,44.1427071739
44.1427071739,0.0,0.0,0.0,0.0,0.0,0.0,positive,44.5702454317
44.5702454317,0.8172180652618408,0.0,0.0,0.0,3.0,0.0,negative,44.4198193715
44.4198193715,0.789398193359375,0.0,0.0,0.0,3.0,1.0,positive,44.6532223951
44.6532223951,0.0,0.0,0.0,0.0,0.0,0.0,negative,44.5234921358
44.5234921358,0.0,0.0,0.0,0.0,0.0,0.0,positive,44.7241539228
44.7241539228,0.0,0.0,0.0,0.0,2.0,0.0,negative,44.558527239
44.558527239,0.0,0.0,0.0,0.0,0.0,1.0,positive,45.0065888993
45.0065888993,0.0,0.0,0.7363698482513428,0.0,2.0,0.0,positive,45.0406392111
45.0406392111,0.0,0.0,0.0,0.0,1.0,0.0,positive,45.3250066466
45.3250066466,0.0,0.0,0.0,0.0,2.0,0.0,negative,45.1437204474
45.1437204474,0.0,0.0,0.0,0.0,0.0,0.0,positive,45.2100880589
45.2100880589,0.8059009909629822,0.7635050415992737,0.0,0.7786514163017273,2.0,2.0,negative,44.9427287603
44.9427287603,0.0,0.0,0.0,0.0,4.0,0.0,negative,44.8876742948
44.8876742948,0.8954843878746033,0.0,0.7117906212806702,0.0,2.0,1.0,negative,44.4713327408
44.4713327408,0.0,0.0,0.0,0.0,3.0,0.0,positive,44.8375312411
44.8375312411,0.0,0.0,0.0,0.0,3.0,0.0,positive,45.2110046564
45.2110046564,0.7246320843696594,1.573203444480896,0.0,0.0,3.0,2.0,negative,45.1804262392
45.1804262392,0.8976932168006897,0.0,0.0,0.0,3.0,0.0,positive,45.389409847
45.389409847,0.0,0.0,0.8031395077705383,0.0,4.0,1.0,negative,45.2337240029
45.2337240029,0.7987610101699829,0.0,0.0,0.0,3.0,2.0,positive,45.3012449896
45.3012449896,0.8294191360473633,0.8140778541564941,0.0,0.9386674165725708,4.0,2.0,positive,45.5288102134
45.5288102134,0.8834484219551086,3.967106342315674,0.7362436056137085,0.0,3.0,9.0,positive,45.8236766628
45.8236766628,0.0,1.812360405921936,0.0,0.0,3.0,3.0,negative,45.5225494283
45.5225494283,2.561542272567749,0.8846734166145325,0.0,0.0,7.0,1.0,negative,45.4545929117
45.4545929117,0.8867764472961426,0.8701672554016113,0.0,0.0,4.0,1.0,negative,45.3954369165
45.3954369165,0.0,1.6809567213058472,0.0,0.0,1.0,2.0,negative,45.340407477
45.340407477,0.8251094222068787,0.7388728857040405,0.9150412678718568,0.0,4.0,1.0,negative,44.7230176845
44.7230176845,0.935761034488678,0.0,0.8604322075843811,0.0,8.0,0.0,positive,45.4596586262
45.4596586262,0.7639015913009644,0.0,0.0,0.0,4.0,0.0,negative,45.3877964946
45.3877964946,0.0,0.0,0.7405040860176086,0.0,2.0,0.0,positive,45.7538451972
45.7538451972,0.0,0.0,0.7913035750389099,0.0,3.0,0.0,negative,45.73650461
45.73650461,0.0,0.0,0.0,0.0,0.0,0.0,negative,45.58937447
45.58937447,0.0,0.0,0.0,0.0,2.0,0.0,positive,45.75858652
45.75858652,0.0,0.0,0.0,0.0,0.0,0.0,positive,45.9510489558
45.9510489558,0.8670664429664612,1.579771876335144,0.0,0.0,2.0,2.0,negative,45.47973732
45.47973732,0.0,0.0,0.0,0.0,2.0,1.0,negative,45.38715647
45.38715647,1.7455021739006042,1.5272467136383057,0.0,0.0,7.0,3.0,positive,45.46098508
45.46098508,0.0,0.0,0.0,0.0,2.0,0.0,negative,45.30522482
45.30522482,0.0,0.0,0.0,0.0,3.0,0.0,positive,45.90011234
45.90011234,0.920834481716156,0.0,0.7179906368255615,0.0,10.0,0.0,positive,46.4362036688
46.4362036688,3.3525538444519043,0.0,1.6785861253738403,0.0,12.0,0.0,positive,46.76929236
46.76929236,0.0,2.345158040523529,1.564001381397247,0.0,4.0,5.0,negative,46.55965157
46.55965157,3.227620005607605,1.656191647052765,0.7540073394775391,0.0,12.0,3.0,positive,46.58443347
46.58443347,0.7282571792602539,0.0,2.360443592071533,0.0,10.0,1.0,negative,46.19262899
46.19262899,0.0,0.8416537642478943,0.0,0.0,2.0,1.0,positive,46.3648574637
46.3648574637,0.0,1.8026809692382808,0.0,0.0,1.0,2.0,positive,46.4483523139
46.4483523139,0.0,0.0,0.0,0.0,3.0,1.0,positive,47.7637016741
47.7637016741,2.45374596118927,3.043658435344696,2.765803039073944,0.0,14.0,4.0,negative,47.58474052
47.58474052,0.0,0.0,0.0,0.7938755750656128,0.0,3.0,positive,47.58738808
47.58738808,2.41200190782547,0.7853911519050598,1.7022476196289062,0.0,11.0,2.0,positive,47.61295723
47.61295723,0.0,0.8524291515350342,0.708319365978241,0.0,3.0,1.0,positive,47.91189568
47.91189568,0.0,0.7422612905502319,0.9484781622886658,0.0,2.0,1.0,positive,48.09081307
48.09081307,0.0,0.0,0.0,0.0,2.0,0.0,negative,47.88736148
47.88736148,0.0,0.7570950388908386,0.0,0.0,1.0,3.0,negative,47.56674417
47.56674417,0.0,0.0,0.0,0.0,2.0,1.0,positive,47.64807029
47.64807029,0.0,0.0,0.0,0.0,1.0,0.0,negative,47.59348872
47.59348872,0.0,0.7865141034126282,0.0,0.0,3.0,1.0,positive,47.81960118
47.81960118,0.0,0.0,0.8834981918334961,0.0,1.0,0.0,negative,47.6982846267
47.6982846267,0.0,0.8193963170051575,0.0,0.0,1.0,2.0,positive,47.82325442
47.82325442,0.0,0.0,0.0,0.0,1.0,0.0,negative,47.68060278
47.68060278,1.4461671113967896,0.0,0.7899606823921204,0.7087308764457703,7.0,2.0,negative,47.18169388
47.18169388,0.0,1.6204714179039,0.7931632995605469,0.0,3.0,3.0,negative,47.04690038
47.04690038,0.7241125106811523,2.4178853631019592,0.0,0.0,3.0,3.0,negative,45.56328816
45.56328816,0.7870340943336487,0.7946937680244446,0.883294939994812,0.0,3.0,3.0,positive,45.66097382
45.66097382,0.0,0.0,0.0,0.0,0.0,0.0,negative,45.5865990986
45.5865990986,0.0,0.0,0.0,0.8631398677825928,0.0,3.0,negative,45.25630996
45.25630996,0.0,0.0,0.7833899855613708,0.0,3.0,0.0,negative,44.85781405
44.85781405,2.3748952746391296,0.0,0.7082929611206055,0.0,6.0,1.0,positive,45.08360382
45.08360382,0.0,0.0,0.0,0.0,4.0,0.0,positive,45.54781512
45.54781512,0.0,1.6700539588928225,0.0,0.0,2.0,3.0,positive,45.65376714
45.65376714,0.0,0.0,0.7830938696861267,0.0,6.0,1.0,negative,45.32693955
45.32693955,0.0,0.0,0.9451154470443726,0.0,1.0,2.0,positive,45.61319017
45.61319017,0.0,0.0,0.0,0.0,0.0,0.0,negative,45.4956650325
45.4956650325,0.0,0.0,0.0,0.0,1.0,1.0,negative,45.19815588
45.19815588,0.7839074730873108,0.7787330746650696,0.90006023645401,0.0,5.0,1.0,positive,45.27268161
45.27268161,0.0,0.0,0.0,0.0,2.0,0.0,positive,45.36897775
45.36897775,0.0,0.0,0.0,0.0,2.0,0.0,positive,45.65715668
45.65715668,0.0,0.0,0.0,0.0,1.0,0.0,negative,45.57977372
45.57977372,0.8976932168006897,0.0,1.614561676979065,0.0,4.0,0.0,negative,45.39263053
45.39263053,1.6480507850646973,0.8617879152297974,0.7723070383071899,0.0,6.0,1.0,positive,45.4183367
45.4183367,0.0,0.0,0.0,0.0,1.0,0.0,positive,45.45162444
45.45162444,0.0,0.7646004557609558,0.8247302770614624,0.0,1.0,1.0,negative,45.19320849
45.19320849,0.0,0.0,0.0,0.0,0.0,0.0,positive,45.3285372012
45.3285372012,0.0,0.0,0.0,0.0,0.0,0.0,positive,45.43422376
45.43422376,0.0,1.5129552483558657,0.0,0.0,0.0,3.0,negative,45.20552453
45.20552453,0.824280321598053,0.0,0.8808416128158569,0.0,2.0,0.0,positive,45.31234793
45.31234793,0.0,0.0,0.0,0.0,3.0,1.0,negative,44.8692093271
44.8692093271,1.7938862442970276,0.7137441039085388,0.8227360844612122,0.0,4.0,1.0,negative,44.47216824
44.47216824,0.7333629727363586,0.0,0.955653727054596,0.0,2.0,0.0,negative,44.36613891
44.36613891,0.0,0.7792008519172668,0.0,0.0,1.0,1.0,positive,44.73602513
44.73602513,0.0,0.0,0.0,0.0,2.0,0.0,positive,44.79674639
44.79674639,0.0,0.0,0.0,0.0,1.0,0.0,negative,44.5710384425
44.5710384425,0.0,0.0,0.0,0.0,0.0,0.0,positive,44.85241609
44.85241609,1.5091698169708252,0.0,0.0,0.0,2.0,0.0,positive,45.21593084
45.21593084,0.0,0.0,0.0,0.0,3.0,1.0,negative,45.07358913
45.07358913,1.6809147596359253,0.0,0.0,0.7144338488578796,6.0,1.0,negative,44.87530883
44.87530883,0.0,0.8559761047363281,0.0,0.0,0.0,2.0,positive,44.96721492
44.96721492,1.813628435134888,0.0,0.7248930335044861,0.0,8.0,0.0,positive,45.01681841
45.01681841,0.0,0.0,0.0,0.0,0.0,0.0,negative,44.8826996387
44.8826996387,0.0,0.0,0.937161147594452,0.0,4.0,0.0,negative,44.71717665
44.71717665,0.0,0.73692786693573,0.0,0.0,0.0,1.0,positive,44.83423574
44.83423574,0.0,0.701172411441803,0.0,0.0,1.0,1.0,negative,44.78349476
44.78349476,0.0,0.0,0.0,0.0,0.0,0.0,negative,44.59541003
44.59541003,0.0,0.0,0.7088262438774109,0.0,1.0,0.0,negative,44.4497327
44.4497327,0.8259080052375793,0.0,0.0,0.0,4.0,0.0,positive,44.4935517037
44.4935517037,0.0,0.0,0.0,0.0,0.0,2.0,positive,45.2383962
45.2383962,0.8468841314315796,0.0,0.7069010734558105,0.0,2.0,0.0,positive,45.89586329
45.89586329,0.0,0.0,0.0,0.0,0.0,0.0,positive,46.05351804
46.05351804,0.0,4.467765152454376,0.0,1.5031356811523438,0.0,13.0,positive,46.6531560224
46.6531560224,0.0,1.6645829677581787,0.7388526797294617,0.8099920749664307,2.0,5.0,positive,48.04555821
48.04555821,0.0,0.0,1.629891037940979,0.0,3.0,3.0,negative,47.79940816
47.79940816,0.0,1.6136775016784668,0.0,0.0,1.0,2.0,negative,47.44865533
47.44865533,0.0,0.9203559160232544,0.726076066493988,0.9864891171455384,2.0,3.0,positive,48.06456481
48.06456481,0.7585486173629761,0.720604658126831,0.0,0.0,5.0,1.0,positive,48.81915539
48.81915539,0.8996875882148743,0.0,1.6633582711219788,0.0,3.0,0.0,positive,48.8736575
48.8736575,0.0,0.8189096450805664,0.0,0.7038618326187134,3.0,4.0,negative,48.7197843
48.7197843,0.0,0.8124372363090515,0.8035113215446472,0.0,4.0,4.0,negative,48.35228739
48.35228739,0.0,0.7734163999557495,0.7143163084983826,1.6246547102928162,5.0,4.0,positive,48.72732772
48.72732772,0.0,0.8978360891342163,0.9604740142822266,0.0,1.0,1.0,negative,48.70671469
48.70671469,0.0,0.748927891254425,0.0,0.0,3.0,2.0,positive,49.16443832
49.16443832,0.0,0.9729218482971193,0.0,0.0,1.0,1.0,negative,49.15143501
49.15143501,0.0,0.7940446138381958,0.0,0.0,0.0,2.0,negative,48.85068901
48.85068901,0.0,0.0,0.0,1.8857033848762512,1.0,2.0,negative,48.4419123467
48.4419123467,0.7876325845718384,0.7265462875366211,0.7343729138374329,0.0,2.0,2.0,negative,48.35681911
48.35681911,0.0,1.734997570514679,0.0,0.0,0.0,2.0,positive,48.7207864
48.7207864,0.0,0.7514472603797913,0.0,0.0,0.0,2.0,positive,48.85089973
48.85089973,0.0,0.0,0.0,0.0,0.0,0.0,positive,48.90129767
48.90129767,0.0,0.8294298052787781,0.0,0.0,0.0,1.0,positive,49.16659527
49.16659527,0.0,0.0,0.0,0.0,0.0,0.0,negative,48.46539281
48.46539281,0.0,0.0,0.7295349836349487,0.0,2.0,0.0,negative,48.36286338
48.36286338,0.9426233172416688,0.0,0.0,0.0,2.0,0.0,positive,48.4136099613
48.4136099613,0.8251783847808838,0.0,0.0,0.0,2.0,0.0,positive,49.4051482198
49.4051482198,0.810034990310669,0.0,0.0,0.7697007656097412,1.0,3.0,negative,49.03199152
49.03199152,0.0,0.0,0.0,0.0,2.0,1.0,positive,50.34905846
50.34905846,0.0,0.0,0.0,0.0,2.0,0.0,positive,51.08201273
51.08201273,0.0,0.7821269035339355,0.0,0.0,3.0,3.0,negative,50.78139818
50.78139818,0.7752171158790588,0.8323041796684265,0.0,0.8459858894348145,2.0,3.0,positive,50.81267574
50.81267574,0.0,0.8042628765106201,0.7653139233589172,0.0,12.0,2.0,positive,50.9426372517
50.9426372517,0.0,0.0,0.0,0.0,5.0,0.0,negative,50.69610262
50.69610262,0.0,0.0,1.9116572737693789,0.0,6.0,1.0,negative,50.69534692
50.69534692,0.0,0.8070797920227051,0.0,0.0,3.0,1.0,negative,49.99404415
49.99404415,0.0,0.0,0.0,0.0,4.0,0.0,negative,49.2637687
49.2637687,0.0,0.0,2.291987180709839,0.0,8.0,0.0,positive,49.67670891
49.67670891,0.7333914637565613,0.7657792568206787,0.0,1.6683247089385986,5.0,3.0,positive,50.03091332
50.03091332,0.0,0.0,0.0,0.0,3.0,1.0,positive,50.86308265
50.86308265,1.4104663133621216,0.0,0.0,0.0,5.0,0.0,negative,50.69305067
50.69305067,0.0,0.0,0.0,0.0,1.0,0.0,negative,50.41310623
50.41310623,0.0,1.763929009437561,0.0,0.0,1.0,2.0,negative,50.30355374
50.30355374,0.0,0.0,0.8259028792381287,0.0,5.0,0.0,positive,50.82419905
50.82419905,0.0,0.0,0.0,0.0,1.0,0.0,positive,51.04860808
51.04860808,0.0,0.0,0.0,0.0,4.0,0.0,negative,50.93397759
50.93397759,0.0,0.0,0.0,0.0,4.0,0.0,negative,50.4207516
50.4207516,0.0,0.7354551553726196,0.0,0.0,5.0,1.0,positive,50.53310467
50.53310467,0.0,0.0,0.0,0.0,2.0,0.0,negative,50.18594065
50.18594065,0.0,0.0,0.0,0.0,2.0,0.0,positive,50.21948715
50.21948715,0.0,0.7242714166641235,0.0,0.0,1.0,1.0,positive,50.86802969
50.86802969,1.613041639328003,0.0,0.0,0.0,4.0,0.0,negative,50.472699
50.472699,0.7473903894424438,0.0,0.865995466709137,0.7522655129432678,3.0,1.0,positive,50.83935218
50.83935218,0.9391961097717284,0.7968087196350098,0.9415655136108398,0.0,3.0,2.0,negative,50.32410468
50.32410468,0.722359299659729,0.0,0.0,0.0,5.0,1.0,positive,50.6940235666
50.6940235666,0.0,1.6021047234535215,2.4080392718315125,0.0,5.0,3.0,negative,50.35042968
50.35042968,0.0,0.8163924217224121,0.0,0.0,3.0,1.0,negative,50.27307327
50.27307327,0.8681339025497437,0.9347573518753052,0.0,0.0,4.0,1.0,positive,50.49544339
50.49544339,0.7612446546554565,0.8408529162406921,0.0,0.0,2.0,1.0,negative,50.38234695
50.38234695,0.0,0.8559761047363281,0.0,0.0,3.0,2.0,positive,51.16295562
51.16295562,0.0,0.0,0.9920840859413148,0.0,4.0,1.0,negative,51.1223120276
51.1223120276,0.0,0.0,0.0,0.0,4.0,0.0,negative,50.83881844
50.83881844,0.0,1.6194881200790403,0.7013481259346008,0.0,3.0,4.0,negative,50.71873293
50.71873293,0.0,0.7515460848808289,0.0,0.0,2.0,1.0,negative,50.2826094
50.2826094,0.725974440574646,0.0,1.5548689365386963,0.0,5.0,0.0,negative,50.14460541
50.14460541,0.0,0.7777579426765442,0.0,0.0,2.0,1.0,positive,50.18680794
50.18680794,0.0,0.704751193523407,0.0,0.7043272256851196,1.0,3.0,negative,49.85476407
49.85476407,0.719566822052002,0.0,0.7605963349342346,0.0,4.0,0.0,positive,49.92605516
49.92605516,1.4607263803482056,0.0,0.0,0.0,8.0,0.0,positive,49.9830778
49.9830778,0.7649704813957214,0.0,0.0,0.0,3.0,0.0,positive,49.99521813
49.99521813,0.0,0.0,0.0,0.0,4.0,1.0,negative,49.95838476
49.95838476,0.0,0.0,0.9007543921470642,0.0,5.0,0.0,positive,50.40835552
50.40835552,0.0,0.801332414150238,0.721773087978363,0.0,3.0,1.0,negative,50.1734867
50.1734867,0.0,0.0,0.0,0.0,0.0,0.0,negative,49.82980625
49.82980625,0.0,0.7376351356506348,0.0,0.0,1.0,1.0,negative,49.28486332
49.28486332,0.0,0.0,0.0,0.0,1.0,0.0,negative,49.23961458
49.23961458,0.0,0.7639762759208679,0.0,0.8513263463973999,2.0,4.0,positive,49.2884102
49.2884102,2.5227373838424683,0.8007524013519287,0.0,0.0,7.0,2.0,positive,49.49892158
49.49892158,0.0,0.7269312739372253,0.8422258496284485,0.0,8.0,1.0,positive,49.52212407
49.52212407,0.718632161617279,0.0,0.8027846813201904,0.0,3.0,0.0,positive,49.59265247
49.59265247,0.7666536569595337,1.6220595240592957,1.5920430421829224,0.0,6.0,3.0,positive,49.80466455
49.80466455,0.0,1.601914465427399,0.8746711015701294,0.0,5.0,2.0,negative,49.78853851
49.78853851,0.0,2.429883480072021,1.6806703209877014,1.5819939374923706,8.0,5.0,positive,49.8900907865
49.8900907865,0.0,0.0,0.0,0.0,0.0,1.0,negative,49.6654832982
49.6654832982,0.0,0.8559761047363281,0.0,0.0,2.0,2.0,positive,49.73376765
49.73376765,0.8307271003723145,0.0,0.0,0.0,2.0,1.0,positive,50.63702345
50.63702345,0.76179039478302,0.8492796421051025,0.0,0.752508819103241,3.0,3.0,positive,52.59561797
52.59561797,0.741773784160614,0.0,0.0,0.0,4.0,0.0,negative,52.45276017
52.45276017,0.0,0.0,1.442587435245514,0.0,3.0,0.0,positive,53.44607587
53.44607587,0.0,0.0,0.0,0.0,1.0,0.0,negative,53.3641059199
53.3641059199,0.0,0.0,0.0,0.0,3.0,0.0,negative,53.2100597701
53.2100597701,0.0,0.0,0.8407069444656372,0.0,1.0,0.0,positive,53.28199516
53.28199516,0.0,0.8629476428031921,0.0,0.0,7.0,1.0,positive,53.5441034
53.5441034,0.0,0.0,0.0,0.0,3.0,0.0,positive,53.62858015
53.62858015,0.0,1.7529651522636414,0.9185399413108826,0.0,3.0,3.0,negative,53.54550646
53.54550646,0.0,0.7571412324905396,1.7021086812019348,0.7626745700836182,3.0,3.0,positive,53.83606962
53.83606962,0.8066648840904236,0.8702937364578247,0.0,0.0,3.0,1.0,positive,54.31070172
54.31070172,0.8142439126968384,0.0,1.514127254486084,0.0,4.0,1.0,negative,54.1410810931
54.1410810931,2.9308075308799744,0.0,0.796306848526001,0.0,10.0,1.0,positive,55.6091284944
55.6091284944,0.8938929438591003,0.0,4.944769442081451,0.0,8.0,1.0,positive,56.5954165
56.5954165,2.3356935381889343,0.0,2.61374032497406,0.0,13.0,0.0,positive,57.01511624
57.01511624,2.2330162525177,1.53166002035141,0.8597999811172485,0.0,7.0,3.0,negative,55.91236996
55.91236996,1.6680446863174438,0.0,0.0,0.0,6.0,0.0,positive,57.87827743
57.87827743,1.631642460823059,2.4095451831817627,0.0,0.0,4.0,4.0,negative,57.7995706
57.7995706,0.0,0.0,0.0,0.0,4.0,0.0,positive,58.03800605
58.03800605,0.719575047492981,0.0,0.0,0.0,4.0,1.0,negative,57.46098351
57.46098351,0.0,0.0,0.0,0.0,4.0,0.0,negative,57.25767985
57.25767985,0.0,0.8559761047363281,0.7550394535064697,0.0,5.0,2.0,positive,58.8323318092
58.8323318092,0.7103002667427063,0.7083787322044373,0.0,0.0,1.0,1.0,negative,58.3902666154
58.3902666154,0.0,0.9172441959381104,1.6371663808822632,0.0,2.0,2.0,positive,59.92303414
59.92303414,0.75553959608078,0.0,0.0,0.0,2.0,0.0,negative,58.9024136714
58.9024136714,2.375508427619934,0.0,0.0,0.0,9.0,1.0,positive,59.2204752553
59.2204752553,0.0,0.0,0.0,0.0,2.0,0.0,negative,58.8634414422
58.8634414422,2.2600942254066467,1.5555317997932434,0.0,0.0,5.0,5.0,negative,56.4677360362
56.4677360362,0.0,0.0,1.4745724201202393,0.0,7.0,1.0,positive,56.9472828731
56.9472828731,0.0,0.0,0.0,0.0,2.0,0.0,positive,57.7097505178
57.7097505178,0.0,0.0,0.0,0.0,1.0,0.0,negative,57.3790173684
57.3790173684,0.0,0.7940276861190796,0.0,0.0,1.0,2.0,positive,58.02820663
58.02820663,0.0,0.0,0.8294033408164978,0.0,2.0,0.0,positive,58.58813993
58.58813993,0.0,0.0,0.0,0.0,2.0,0.0,positive,58.73569352
58.73569352,0.0,0.0,0.0,0.0,1.0,0.0,negative,57.97948
57.97948,1.5734673142433169,0.0,0.0,0.0,6.0,0.0,positive,58.2374131478
58.2374131478,0.8814084529876709,0.0,0.0,0.0,1.0,1.0,positive,59.11203729
59.11203729,0.0,0.786882758140564,0.0,0.0,4.0,2.0,negative,58.2690456
58.2690456,0.7911849617958069,0.0,0.7723308801651001,0.0,3.0,0.0,negative,57.09367199
57.09367199,0.0,0.0,0.0,0.0,1.0,1.0,positive,57.65914331
57.65914331,0.8721091151237488,1.6635217666625977,1.612419366836548,0.0,3.0,2.0,positive,57.66431477
57.66431477,0.0,0.0,0.8872367143630981,0.0,5.0,0.0,negative,57.09607162
57.09607162,0.759251594543457,0.8209043741226196,1.6788853406906128,0.0,9.0,2.0,positive,57.39180746
57.39180746,0.0,0.0,0.0,0.0,0.0,1.0,positive,58.03769022
58.03769022,0.0,0.0,0.0,0.0,0.0,0.0,positive,58.0752982987
58.0752982987,0.0,0.8620122671127319,0.0,0.0,2.0,1.0,positive,58.6545258
58.6545258,0.0,1.7662578225135803,0.7913891077041626,0.0,3.0,2.0,negative,58.05284983
58.05284983,0.7507482171058655,1.5537917017936709,0.0,0.0,2.0,2.0,negative,57.17226767
57.17226767,0.0,1.6296380758285522,0.0,0.0,3.0,2.0,negative,55.61889291
55.61889291,0.0,0.0,0.0,0.0,2.0,0.0,positive,55.76547426
55.76547426,0.7451905012130737,0.0,0.0,0.0,3.0,0.0,negative,55.59158727
55.59158727,0.918273150920868,2.597922623157501,0.0,0.0,4.0,3.0,positive,55.91792785
55.91792785,0.8960627317428589,0.0,0.0,0.0,4.0,0.0,positive,56.50936149
56.50936149,0.0,0.0,0.0,0.0,1.0,0.0,negative,56.37112751
56.37112751,0.0,0.8507003784179688,0.0,0.0,3.0,2.0,negative,55.7219876634
55.7219876634,0.0,0.0,0.7016080021858215,0.0,2.0,0.0,positive,55.86749574
55.86749574,1.6801741123199463,0.8599311113357544,0.0,0.0,4.0,1.0,negative,55.8506614981
55.8506614981,0.7317579984664917,0.0,0.0,0.0,2.0,0.0,positive,55.9075365236
55.9075365236,0.0,0.7078211903572083,0.0,0.0,0.0,1.0,positive,56.3583505991
56.3583505991,0.0,0.0,0.0,0.0,0.0,0.0,positive,56.90611588
56.90611588,0.0,0.0,0.0,0.0,0.0,0.0,negative,56.28151534
56.28151534,0.8998978137969971,0.0,0.0,0.0,1.0,0.0,negative,56.18378131
56.18378131,0.9973673224449158,0.0,0.0,0.0,4.0,1.0,positive,56.57079395
56.57079395,0.0,0.0,0.0,0.0,0.0,1.0,negative,56.28477366
56.28477366,0.0,0.0,0.0,0.0,2.0,0.0,positive,57.79685522
57.79685522,0.0,0.0,0.0,0.0,2.0,1.0,positive,57.85439807
57.85439807,0.0,0.0,0.0,0.0,0.0,1.0,negative,57.5847797618
57.5847797618,0.0,1.6710909008979795,0.8795281052589417,0.0,4.0,4.0,positive,57.817767867
57.817767867,0.0,0.0,0.0,0.7962009310722351,0.0,2.0,positive,57.8439476958
57.8439476958,0.0,0.0,0.8097452521324158,0.0,2.0,0.0,negative,57.62860286
57.62860286,0.0,0.7367748022079468,0.7939777970314026,0.8085581660270691,1.0,2.0,negative,57.61825573
57.61825573,0.0,0.8559761047363281,0.0,0.7002864480018616,0.0,4.0,negative,57.0501558465
57.0501558465,0.0,1.726539433002472,0.0,0.0,0.0,4.0,positive,57.45990685
57.45990685,0.0,1.5182597041130066,0.0,0.7121337056159973,2.0,4.0,positive,58.3759129
58.3759129,0.0,0.0,0.0,0.8702712655067444,2.0,2.0,negative,58.28801501
58.28801501,0.0,0.0,0.0,0.7008046507835388,0.0,2.0,positive,58.56499507
58.56499507,0.0,0.7194551825523376,0.0,0.0,1.0,2.0,positive,59.87865645
59.87865645,0.0,1.5041761994361875,0.0,0.0,0.0,3.0,negative,58.98036826
58.98036826,0.7303484678268433,0.0,0.7031281590461731,0.0,4.0,1.0,positive,59.60429737
59.60429737,0.0,1.7287996411323547,0.7154952883720398,0.7263632416725159,3.0,3.0,negative,59.57710073
59.57710073,0.0,0.8642851710319519,0.0,0.0,0.0,1.0,positive,59.6832541
59.6832541,0.0,0.0,0.0,0.0,0.0,0.0,negative,59.51440014
59.51440014,0.0,2.411856770515442,0.0,0.0,0.0,5.0,positive,59.52847001
59.52847001,0.0,0.0,0.0,0.0,1.0,4.0,negative,59.05154476
59.05154476,0.0,0.0,0.7952018976211548,0.0,2.0,1.0,negative,59.0280439474
59.0280439474,0.0,1.6928470730781555,0.0,0.0,4.0,3.0,negative,58.42665899
58.42665899,0.8341202139854431,2.604801118373871,1.742383062839508,0.0,6.0,3.0,positive,59.45263078
59.45263078,1.6381797790527344,0.0,0.7554817795753479,0.0,4.0,0.0,positive,60.95408875
60.95408875,2.319651424884796,0.0,0.764481246471405,0.0,8.0,0.0,positive,61.16999656
61.16999656,2.341417610645294,1.6197672486305237,0.0,0.0,6.0,2.0,positive,62.32373562
62.32373562,0.0,1.5377141237258911,0.0,0.0,1.0,2.0,negative,61.181983
61.181983,0.0,1.951108694076538,0.0,0.0,3.0,3.0,negative,61.00269958
61.00269958,0.0,0.0,0.0,0.0,2.0,0.0,positive,61.04673172
61.04673172,0.0,0.9873205423355104,0.0,0.0,1.0,1.0,positive,62.16064504
62.16064504,0.0,0.8383942246437073,0.0,0.0,2.0,3.0,negative,61.48712591
61.48712591,0.0,0.0,0.0,0.0,2.0,1.0,positive,61.7489790525
61.7489790525,0.0,0.0,0.8389543890953064,0.0,4.0,1.0,negative,61.33471226
61.33471226,0.7342759966850281,0.7412171959877014,0.0,0.0,2.0,2.0,negative,61.24248342
61.24248342,0.0,2.364663600921631,0.0,0.0,1.0,3.0,positive,61.2639110532
61.2639110532,0.0,0.0,0.0,0.0,1.0,0.0,negative,59.86141677
59.86141677,0.0,0.7665262818336487,0.0,0.0,1.0,1.0,negative,59.32598092
59.32598092,1.86282616853714,0.0,0.0,0.0,4.0,1.0,positive,59.85408281
59.85408281,0.7786669135093689,0.0,0.0,0.0,4.0,0.0,negative,59.62166125
59.62166125,2.322105348110199,0.0,0.0,0.0,3.0,0.0,positive,59.7754594
59.7754594,0.0,0.0,0.0,0.0,0.0,0.0,positive,59.90717091
59.90717091,0.0,0.0,0.0,0.0,0.0,0.0,positive,60.14310715
60.14310715,0.7560951709747314,0.0,0.0,0.0,1.0,0.0,negative,59.63175165
59.63175165,0.8137076497077942,0.0,0.0,0.0,1.0,0.0,positive,60.5299810276
60.5299810276,0.0,1.6999568343162537,1.5263667702674866,0.0,3.0,2.0,positive,61.1752001
61.1752001,0.0,0.0,0.0,0.0,0.0,0.0,negative,60.9368854
60.9368854,0.0,1.7961760759353638,0.0,0.7520167827606201,0.0,4.0,negative,59.3089307
59.3089307,0.0,0.704654335975647,0.0,0.0,1.0,3.0,positive,59.6226506
59.6226506,0.0,0.0,0.0,0.0,0.0,0.0,negative,59.61013557
59.61013557,0.0,0.0,0.9501522183418274,0.0,2.0,2.0,negative,59.23419403
59.23419403,0.0,0.0,0.0,0.0,0.0,0.0,positive,59.59140692
59.59140692,0.0,0.0,0.0,0.0,0.0,1.0,positive,59.94224575
59.94224575,0.0,0.0,0.7657355070114136,0.0,1.0,1.0,positive,60.14793711
60.14793711,0.0,3.1276875138282776,0.0,0.0,2.0,5.0,negative,60.06334062
60.06334062,0.0,1.634463131427765,0.0,0.0,1.0,3.0,negative,59.4457087115
59.4457087115,0.0,0.0,0.0,0.0,4.0,2.0,positive,59.90701006
59.90701006,0.0,0.0,0.0,0.0,1.0,0.0,positive,60.6160632
60.6160632,0.0,0.0,0.9545632600784302,0.7382583618164062,1.0,1.0,positive,60.86872466
60.86872466,0.0,0.0,0.0,0.0,1.0,1.0,positive,60.9479324827
60.9479324827,0.0,0.0,0.0,0.7117280960083008,1.0,1.0,positive,61.09540121
61.09540121,0.0,0.0,0.0,0.0,1.0,0.0,negative,61.08202548
61.08202548,0.0,0.0,0.0,0.0,1.0,0.0,negative,61.0451182374
61.0451182374,0.803495466709137,0.0,0.0,0.0,1.0,0.0,positive,61.09986178
61.09986178,0.0,0.8263164162635803,0.0,0.0,0.0,1.0,negative,60.92456762
60.92456762,0.0,0.0,0.0,0.0,0.0,0.0,negative,60.81727048
60.81727048,0.0,0.7129777073860168,0.0,0.0,0.0,2.0,negative,60.66109878
60.66109878,0.0,0.7712152600288391,0.0,0.0,2.0,1.0,negative,57.63713082
57.63713082,0.0,0.0,0.0,0.0,0.0,0.0,negative,56.71595008
56.71595008,0.0,0.0,0.0,0.0,1.0,0.0,negative,56.67790505
56.67790505,0.0,0.0,0.0,0.0,0.0,0.0,positive,56.70600207
56.70600207,0.0,0.0,0.0,0.0,0.0,0.0,positive,56.88517928
56.88517928,0.7936385273933411,0.0,0.0,0.0,3.0,0.0,negative,56.84543778
56.84543778,0.0,0.0,0.0,0.0,0.0,1.0,negative,56.6736877
56.6736877,0.0,0.0,0.0,0.0,0.0,0.0,negative,56.41477755
56.41477755,0.0,0.7118481397628784,0.0,0.0,1.0,1.0,positive,56.6849814561
56.6849814561,0.0,0.0,0.0,0.0,1.0,1.0,negative,56.64114263
56.64114263,2.5148972272872925,0.7615898847579956,0.0,0.0,3.0,1.0,positive,57.05340258
57.05340258,0.0,0.8559761047363281,0.0,0.0,0.0,2.0,positive,57.43861788
57.43861788,0.0,0.0,0.0,0.0,1.0,0.0,positive,57.80069364
57.80069364,0.0,0.0,0.0,0.0,0.0,0.0,negative,57.25946496
57.25946496,0.0,0.0,0.0,0.0,0.0,0.0,negative,56.91413273
56.91413273,0.0,0.7254799008369446,0.0,0.0,0.0,1.0,positive,56.99816079
56.99816079,0.0,0.0,0.0,0.0,1.0,0.0,positive,56.9983826723
56.9983826723,0.0,1.509713053703308,0.0,0.0,0.0,2.0,negative,56.82129553
56.82129553,0.0,0.0,0.0,0.7240315675735474,2.0,1.0,positive,57.0926925053
57.0926925053,0.0,0.0,0.0,0.0,0.0,0.0,positive,57.20707905
57.20707905,0.7686707973480225,0.0,0.0,0.982261836528778,1.0,1.0,negative,57.11096799
57.11096799,0.0,0.0,0.0,0.0,0.0,0.0,negative,56.95681324
56.95681324,0.0,0.0,0.0,0.0,2.0,0.0,positive,57.01233464
57.01233464,0.0,0.0,0.0,0.0,0.0,0.0,positive,57.04000724
57.04000724,0.0,0.0,0.0,0.0,0.0,0.0,negative,56.96021104
56.96021104,0.0,0.7227542400360107,0.0,0.0,0.0,1.0,negative,56.51156508
56.51156508,0.0,0.0,0.0,0.0,0.0,0.0,positive,57.2367402
57.2367402,0.0,0.0,0.0,0.0,0.0,0.0,positive,57.64272944
57.64272944,0.0,0.8149176836013794,0.0,0.0,3.0,2.0,positive,58.0007788619
58.0007788619,0.0,0.0,0.0,0.0,3.0,0.0,negative,57.82059358
57.82059358,0.0,0.0,0.0,0.0,3.0,0.0,negative,57.41379309
57.41379309,2.594863176345825,0.0,0.0,0.0,4.0,1.0,positive,57.4560298988
57.4560298988,0.0,0.0,0.0,0.0,2.0,1.0,positive,57.6925773311
57.6925773311,0.0,0.0,0.0,0.0,1.0,0.0,negative,57.48969541
57.48969541,0.0,0.0,0.0,0.0,10.0,1.0,positive,57.5420131
57.5420131,0.0,0.0,0.0,0.0,4.0,1.0,negative,57.48639924
57.48639924,0.0,0.0,0.0,0.0,1.0,1.0,negative,57.20326109
57.20326109,0.0,0.0,1.8524773120880127,0.0,9.0,0.0,positive,57.25411867
57.25411867,0.0,2.6005014181137085,0.0,0.0,0.0,3.0,positive,57.31796002
57.31796002,0.0,0.9464280009269714,0.0,0.0,1.0,1.0,positive,57.57088847
57.57088847,0.7871806025505066,0.0,0.0,0.0,2.0,0.0,positive,57.8255962
57.8255962,0.0,0.0,0.0,0.0,1.0,0.0,negative,57.69752073
57.69752073,0.0,0.0,0.0,0.0,0.0,0.0,negative,57.4551686025
57.4551686025,0.0,0.8789648413658142,0.0,0.0,2.0,1.0,positive,57.6079293756
57.6079293756,0.0,0.0,0.0,0.0,0.0,0.0,negative,57.45124631
57.45124631,0.963386595249176,0.0,0.0,0.0,4.0,2.0,positive,57.56907646
57.56907646,0.0,0.7388474345207214,0.0,0.0,0.0,1.0,negative,57.38160837
57.38160837,0.7328253984451294,0.0,0.0,0.0,2.0,0.0,positive,57.6571068042
57.6571068042,0.0,0.0,0.0,0.0,1.0,0.0,positive,57.6754518727
57.6754518727,0.0,0.880253255367279,0.0,0.0,2.0,1.0,positive,57.75013165
57.75013165,0.0,0.0,0.92667818069458,0.0,2.0,0.0,positive,57.8029870632
57.8029870632,0.0,0.0,0.0,0.0,1.0,0.0,negative,57.66028205
57.66028205,1.632026493549347,0.0,0.0,1.680826723575592,3.0,3.0,negative,57.63293798
57.63293798,1.8229603171348567,0.0,0.0,0.0,3.0,1.0,negative,57.24738394
57.24738394,0.0,0.7718391418457031,0.8341242671012878,0.0,2.0,1.0,positive,57.37053751
57.37053751,0.8377630114555359,0.8888828754425049,0.0,0.0,2.0,1.0,negative,57.1346268
57.1346268,0.0,0.0,0.0,0.0,1.0,0.0,negative,56.3168644487
56.3168644487,0.0,0.0,0.0,0.0,1.0,0.0,positive,57.53181709
57.53181709,0.0,0.940909206867218,0.0,0.0,0.0,2.0,negative,57.43840265
57.43840265,0.7751914858818054,0.0,0.0,0.0,2.0,0.0,negative,57.4172998418
57.4172998418,0.0,0.8048955202102661,1.6761336922645569,0.0,2.0,1.0,positive,57.6395931716
57.6395931716,0.8632332682609558,1.6984534859657288,0.8354736566543579,0.7898901700973511,6.0,4.0,negative,57.60015503
57.60015503,0.0,0.0,0.0,0.0,1.0,0.0,positive,57.67873756
57.67873756,0.7161315083503723,0.0,0.0,0.0,2.0,0.0,negative,57.33406229
57.33406229,0.0,0.0,0.7497053742408752,0.0,2.0,2.0,positive,57.34930943
57.34930943,0.0,0.0,0.0,0.0,0.0,0.0,positive,57.67298937
57.67298937,0.7516669034957886,0.0,0.9586588740348816,0.0,2.0,0.0,positive,57.67462412
57.67462412,0.0,0.0,0.0,0.0,1.0,0.0,positive,58.06365854
58.06365854,0.0,0.0,0.0,0.0,0.0,0.0,positive,58.39814146
58.39814146,0.8812688589096069,0.0,0.0,0.8302750587463379,3.0,1.0,negative,58.05875407
58.05875407,0.0,0.0,0.7998888492584229,0.0,3.0,0.0,positive,58.1669759629
58.1669759629,0.0,0.0,0.0,0.7168773412704468,3.0,1.0,negative,58.10621276
58.10621276,0.886614203453064,0.7888065576553345,0.0,0.0,2.0,1.0,positive,58.20617878
58.20617878,0.0,0.8102253675460815,0.0,0.0,0.0,3.0,positive,58.3355822989
58.3355822989,0.0,0.8246673941612244,0.0,0.0,1.0,1.0,negative,57.87387714
57.87387714,0.0,0.0,0.0,0.0,1.0,1.0,positive,57.93760088
57.93760088,0.0,0.0,0.0,0.0,0.0,0.0,positive,58.13496622
58.13496622,0.0,0.0,0.0,0.0,0.0,0.0,positive,58.42130278
58.42130278,0.0,0.7179334759712219,0.0,0.0,0.0,3.0,negative,58.2422105332
58.2422105332,0.7851986289024353,0.0,0.0,0.0,3.0,1.0,positive,58.32605474
58.32605474,2.567822098731994,0.0,0.0,0.0,8.0,0.0,negative,58.26080455
58.26080455,0.0,0.9006867408752441,0.0,0.0,0.0,1.0,negative,58.1919861002
58.1919861002,0.0,0.0,0.0,0.0,4.0,0.0,positive,58.29864844
58.29864844,0.0,0.9129167795181274,1.5942423343658447,0.0,6.0,2.0,negative,57.97735115
57.97735115,0.8165308833122253,0.8559761047363281,0.0,0.0,2.0,1.0,positive,58.35472454
58.35472454,0.0,0.0,0.0,0.0,5.0,0.0,negative,57.94318972
57.94318972,0.0,0.0,0.7379294037818909,0.0,3.0,0.0,negative,57.33747734
57.33747734,0.0,0.0,0.0,0.0,1.0,0.0,negative,57.29314671
57.29314671,0.0,0.0,0.0,0.0,1.0,0.0,negative,57.10247258
57.10247258,0.0,0.0,0.0,0.0,0.0,0.0,negative,56.93817688
56.93817688,0.0,0.0,0.962175726890564,0.0,2.0,0.0,negative,56.62277936
56.62277936,0.0,0.0,0.9286315441131592,0.0,2.0,0.0,negative,56.25671777
56.25671777,0.8833305239677429,0.7538705468177795,0.7286794781684875,0.7139097452163696,3.0,2.0,positive,56.8299526
56.8299526,0.0,0.0,0.0,0.7379305958747864,4.0,1.0,negative,56.69551807
56.69551807,0.0,0.0,0.0,0.0,0.0,1.0,negative,56.41624066
56.41624066,0.0,0.0,0.0,0.0,0.0,1.0,positive,56.4282220713
56.4282220713,0.0,0.0,0.0,0.0,0.0,0.0,positive,56.45109994
56.45109994,0.0,0.0,0.0,0.0,2.0,0.0,negative,56.17646692
56.17646692,0.0,0.0,0.0,0.0,0.0,0.0,negative,55.69223652
55.69223652,0.0,0.0,0.0,0.0,0.0,0.0,negative,55.1983066147
55.1983066147,0.0,0.0,0.0,0.0,1.0,1.0,positive,55.54299556
55.54299556,0.0,0.0,0.0,0.0,1.0,1.0,negative,54.927288
54.927288,0.0,0.0,0.0,0.0,0.0,0.0,negative,53.64286888
53.64286888,0.0,0.0,0.0,0.0,0.0,0.0,negative,53.5305806721
53.5305806721,0.8976932168006897,0.9698718190193176,0.0,0.0,2.0,1.0,positive,53.93983207
53.93983207,0.0,0.0,0.0,0.0,3.0,0.0,positive,54.00777152
54.00777152,0.0,0.7236625552177429,0.7319162487983704,0.7096235752105713,3.0,2.0,positive,54.53147642
54.53147642,0.7645230293273926,1.5789694786071775,0.0,0.0,4.0,3.0,negative,54.46149013
54.46149013,0.0,0.8302962779998779,0.0,0.0,0.0,1.0,positive,54.63026014
54.63026014,0.0,1.4664654731750488,0.0,0.0,3.0,2.0,negative,54.43582669
54.43582669,0.0,0.0,0.0,0.0,1.0,1.0,negative,54.1583994462
54.1583994462,0.0,0.0,0.0,0.0,0.0,0.0,negative,52.6223849898
52.6223849898,0.7086457014083862,1.7924156785011292,0.0,0.0,2.0,3.0,positive,53.0592189806
53.0592189806,0.0,0.8679457902908325,0.0,0.0,0.0,2.0,negative,52.6794121741
52.6794121741,0.0,0.8307451605796814,0.0,0.0,3.0,2.0,positive,53.00284075
53.00284075,1.461412250995636,0.0,0.0,0.0,3.0,0.0,positive,53.044358
53.044358,0.0,0.0,0.0,0.0,3.0,0.0,negative,52.7031417789
52.7031417789,0.0,0.0,0.0,0.0,3.0,0.0,negative,52.6897943117
52.6897943117,0.0,0.0,0.0,0.0,1.0,1.0,negative,51.48575407
51.48575407,0.0,0.0,0.0,0.0,1.0,0.0,positive,51.86638423
51.86638423,0.0,0.7305870056152344,2.648971378803253,0.924107551574707,3.0,3.0,positive,53.49110448
53.49110448,0.7037799954414368,0.0,0.0,0.0,2.0,0.0,positive,54.40363274
54.40363274,0.0,0.0,0.0,0.0,2.0,0.0,positive,54.69198164
54.69198164,0.0,0.0,0.0,0.0,3.0,0.0,positive,55.1029068809
55.1029068809,0.0,0.0,0.0,0.0,2.0,2.0,positive,55.30816321
55.30816321,0.0,0.7825360894203186,0.0,0.9320473670959472,1.0,4.0,negative,54.64240349
54.64240349,0.7185153365135193,0.7019488215446472,0.0,0.0,1.0,5.0,negative,54.35148405
54.35148405,0.0,0.0,0.0,0.0,0.0,0.0,positive,54.6094216919
54.6094216919,0.0,0.0,0.7273074388504028,0.7548252940177917,2.0,3.0,positive,55.25133388
55.25133388,0.0,0.0,0.7437145113945007,0.7308899164199829,2.0,1.0,negative,54.96139719
54.96139719,0.7521337866783142,0.0,0.0,0.0,2.0,0.0,positive,54.98558459
54.98558459,0.0,0.0,0.0,0.0,2.0,0.0,negative,54.4357480042
54.4357480042,0.0,11.436310052871704,0.0,2.4503483176231384,1.0,30.0,positive,54.53178894
54.53178894,0.0,1.6226083636283877,0.0,1.539130449295044,4.0,5.0,negative,53.07010208
53.07010208,0.0,0.8875443339347839,0.7654889822006226,0.0,2.0,3.0,negative,53.03588557
53.03588557,0.0,0.9514321088790894,0.7179785966873169,0.0,4.0,4.0,positive,53.48175844
53.48175844,0.0,0.8877392411231995,0.0,1.4794670939445496,2.0,7.0,negative,53.2032682877
53.2032682877,0.0,0.7150907516479492,0.7060431838035583,0.0,2.0,2.0,positive,53.2077286542
53.2077286542,0.0,0.743382453918457,0.8377696871757507,0.8443437814712524,2.0,4.0,positive,53.2358694581
53.2358694581,0.9070720076560974,3.824353635311127,0.0,0.0,3.0,5.0,positive,53.34696779
53.34696779,0.0,0.0,1.743516445159912,0.751270592212677,7.0,2.0,positive,53.37208954
53.37208954,0.0,0.7428541779518127,0.0,0.0,0.0,4.0,positive,54.17369276
54.17369276,0.0,1.6830885410308838,0.9370164275169371,0.0,3.0,6.0,negative,53.75374922
53.75374922,0.0,0.0,0.9072471857070924,0.0,2.0,0.0,negative,53.26109533
53.26109533,0.0,0.0,1.6261917352676392,0.83027184009552,2.0,2.0,negative,53.22601212
53.22601212,0.0,0.0,0.0,0.0,0.0,0.0,negative,53.0672464668
53.0672464668,0.8182743787765503,0.0,0.9145448803901672,0.9410969614982604,5.0,4.0,positive,53.52885307
53.52885307,0.0,0.0,0.0,0.9787490963935852,5.0,1.0,negative,53.38931541
53.38931541,0.0,0.7861390113830566,0.0,0.7640451788902283,1.0,4.0,positive,53.56386993
53.56386993,0.0,0.7388246059417725,0.0,0.0,3.0,3.0,positive,53.71259205
53.71259205,0.0,0.0,0.7594980001449585,0.0,6.0,3.0,negative,53.47695173
53.47695173,0.0,0.710411548614502,0.712098240852356,0.0,2.0,5.0,positive,53.5499182512
53.5499182512,1.582644820213318,2.374863564968109,0.0,1.8480077385902405,2.0,10.0,positive,54.00356445
54.00356445,4.123360753059387,6.401449799537659,0.0,5.143987059593201,6.0,21.0,positive,54.01177789
54.01177789,0.0,3.1325393319129944,0.0,0.0,2.0,12.0,positive,54.0898635927
54.0898635927,0.7420718669891357,2.290709137916565,0.0,0.9334014654159546,3.0,8.0,negative,53.90559799
53.90559799,0.799022912979126,0.816366970539093,0.0,0.9686919450759888,4.0,5.0,negative,53.69778845
53.69778845,0.938977599143982,0.0,0.0,0.0,3.0,3.0,negative,53.52365038
53.52365038,0.0,0.0,0.8164330720901489,0.8367841243743896,1.0,2.0,negative,53.4577580353
53.4577580353,0.0,0.0,0.7294021844863892,0.7870959043502808,2.0,4.0,positive,53.51784118
53.51784118,0.0,0.799815833568573,0.7429407238960266,0.0,1.0,2.0,positive,54.10537198
54.10537198,0.0,0.8547987937927246,0.0,0.0,1.0,2.0,negative,53.9009766647
53.9009766647,0.0,0.0,0.0,0.0,1.0,0.0,negative,53.88520531
53.88520531,0.7021316885948181,2.3815547823905945,0.0,0.0,2.0,3.0,negative,53.58540521
53.58540521,0.0,0.8735701441764832,0.0,0.0,0.0,2.0,positive,53.74718788
53.74718788,0.7692525386810303,0.0,0.0,0.0,3.0,0.0,positive,54.4159541
54.4159541,0.0,0.0,0.0,0.7167888879776001,2.0,2.0,positive,54.58534291
54.58534291,0.0,0.0,0.0,0.7230738401412964,0.0,2.0,positive,54.81322071
54.81322071,0.0,1.4870352149009705,0.0,0.0,0.0,3.0,negative,54.77457037
54.77457037,0.0,0.0,0.8174494504928589,0.0,1.0,1.0,negative,54.7238136
54.7238136,0.0,0.829311192035675,0.0,0.7966588139533997,0.0,2.0,negative,54.57215349
54.57215349,0.0,0.0,0.8742187023162842,0.0,1.0,3.0,positive,54.69166834
54.69166834,0.0,0.0,0.0,0.0,0.0,2.0,negative,54.1761507
54.1761507,0.0,1.7175893783569336,0.0,0.0,1.0,2.0,positive,54.67927331
54.67927331,0.7998704314231873,0.0,0.937168538570404,0.0,2.0,1.0,positive,56.30617382
56.30617382,0.0,0.0,0.7964522242546082,0.0,4.0,0.0,negative,56.200949508
56.200949508,0.0,0.7570628523826599,0.8007445931434631,0.7583715915679932,4.0,3.0,negative,56.08972979
56.08972979,0.0,0.727109432220459,0.9089536666870116,0.0,4.0,2.0,positive,56.21732299
56.21732299,0.0,0.0,1.589913189411163,0.0,4.0,1.0,negative,56.1643157666
56.1643157666,0.0,0.0,0.8897168636322021,0.0,2.0,0.0,negative,55.98902813
55.98902813,0.0,0.0,0.0,0.0,1.0,0.0,positive,56.21271438
56.21271438,0.0,0.0,1.5123607516288755,0.0,5.0,0.0,positive,56.65989254
56.65989254,0.0,0.8471603989601135,1.6362072825431824,0.0,8.0,1.0,positive,56.7251408372
56.7251408372,0.9005002379417419,0.0,2.521550834178925,0.0,8.0,0.0,negative,56.50369335
56.50369335,1.6317298412322998,0.0,4.066722571849823,0.0,13.0,0.0,positive,56.54528806
56.54528806,0.0,0.799202561378479,0.0,0.0,6.0,2.0,negative,56.47433499
56.47433499,0.0,0.0,0.9546698331832886,0.0,2.0,0.0,positive,56.81159574
56.81159574,1.78086119890213,0.0,0.0,0.0,5.0,1.0,positive,56.8494862
56.8494862,0.0,0.0,0.8702389001846313,0.0,2.0,0.0,negative,56.69887336
56.69887336,0.0,0.0,0.8639621734619141,0.0,3.0,0.0,negative,56.28297594
56.28297594,0.0,0.0,0.0,0.0,1.0,0.0,positive,56.55822385
56.55822385,0.9372833371162416,0.8241090178489685,0.0,0.0,5.0,1.0,negative,56.2662855949
56.2662855949,0.0,0.0,0.0,0.0,0.0,0.0,positive,57.80904662
57.80904662,0.7379276752471924,0.0,0.7961137294769287,0.0,10.0,0.0,positive,58.18118362
58.18118362,0.0,0.0,1.626365303993225,0.0,4.0,0.0,positive,58.77940172
58.77940172,0.8610772490501404,2.407410204410553,0.818507194519043,0.0,8.0,4.0,negative,58.60897405
58.60897405,0.7772743701934814,0.8559168577194214,0.91648530960083,0.0,5.0,1.0,positive,58.99640036
58.99640036,3.8414344787597656,0.81712806224823,2.5435608625411987,0.8745297193527222,15.0,4.0,positive,59.05589654
59.05589654,0.0,0.0,0.0,0.0,3.0,0.0,negative,58.75867619
58.75867619,0.8976932168006897,0.7338714003562927,0.7229336500167847,0.0,6.0,1.0,positive,59.0283559432
59.0283559432,1.6273033022880554,0.8587724566459656,0.0,0.0,14.0,1.0,positive,59.07027445
59.07027445,0.9193193912506104,0.0,3.245991945266724,0.92998468875885,9.0,3.0,positive,59.1269183478
59.1269183478,2.323476493358612,0.7000340223312378,0.0,0.0,8.0,1.0,negative,58.91909338
58.91909338,0.0,1.68678081035614,1.7396011352539062,0.0,6.0,2.0,negative,58.74246785
58.74246785,1.656394124031067,0.0,0.7046775221824646,0.0,7.0,0.0,positive,58.76326686
58.76326686,0.9109471440315248,0.0,0.7850534915924072,0.0,13.0,0.0,positive,59.80683447
59.80683447,0.0,0.8168526291847229,0.0,0.0,2.0,1.0,positive,61.04593493
61.04593493,0.9206434488296508,0.0,0.0,0.0,4.0,0.0,negative,60.62978482
60.62978482,0.0,0.0,0.8786563277244568,0.0,1.0,0.0,negative,60.5018491336
60.5018491336,0.0,0.0,0.0,0.0,0.0,1.0,negative,60.24656703
60.24656703,0.0,1.749666452407837,0.0,0.0,1.0,2.0,negative,60.0044454164
60.0044454164,0.866486132144928,0.0,0.8035030961036682,0.0,3.0,0.0,negative,59.65627467
59.65627467,0.7813556790351868,0.9371731281280518,0.0,0.0,3.0,1.0,positive,59.88969947
59.88969947,0.0,0.7480635643005371,0.0,0.0,2.0,1.0,positive,59.93778565
59.93778565,0.0,0.0,0.7894777655601501,0.0,1.0,0.0,negative,59.44611674
59.44611674,0.7470228672027588,0.0,1.5020753741264343,0.0,4.0,0.0,positive,59.78529457
59.78529457,0.784558892250061,0.0,0.0,0.0,4.0,0.0,positive,60.0694176
60.0694176,0.0,0.0,0.0,0.0,2.0,0.0,negative,59.39365737
59.39365737,0.8577446341514587,1.5564509630203247,0.8022856116294861,0.0,3.0,2.0,positive,59.89150883
59.89150883,0.0,0.0,0.0,0.0,1.0,0.0,negative,59.67480865
59.67480865,0.0,0.0,0.0,0.0,1.0,2.0,negative,58.94797955
58.94797955,0.838769257068634,0.0,0.0,0.0,3.0,1.0,negative,58.47937198
58.47937198,0.0,0.733127236366272,0.0,0.7681105136871338,0.0,3.0,negative,58.1698230636
58.1698230636,0.0,0.0,0.0,0.0,2.0,0.0,positive,58.24957802
58.24957802,0.0,0.7097463607788086,0.0,0.0,1.0,1.0,positive,58.53589721
58.53589721,0.0,0.8785251379013062,1.576408326625824,0.0,7.0,2.0,positive,58.88667571
58.88667571,0.7343319058418274,0.0,2.20136958360672,0.0,9.0,1.0,positive,59.5365534778
59.5365534778,0.7160298824310303,0.0,0.7954390048980713,0.0,5.0,2.0,negative,59.50627458
59.50627458,0.0,0.8559761047363281,0.0,0.0,3.0,1.0,positive,60.6637667782
60.6637667782,0.8132528066635132,0.0,1.5909757614135742,0.0,5.0,0.0,positive,60.76353062
60.76353062,0.0,0.0,0.7196710109710693,0.0,2.0,0.0,positive,61.30934745
61.30934745,0.0,0.0,0.0,0.0,2.0,0.0,negative,60.96796725
60.96796725,0.9233630299568176,0.0,0.0,0.0,5.0,0.0,positive,61.23995319
61.23995319,0.0,0.0,0.0,0.0,0.0,0.0,negative,60.70416362
60.70416362,0.0,0.0,0.717468798160553,0.8850130438804626,4.0,2.0,positive,61.22688829
61.22688829,0.0,0.0,0.0,0.0,1.0,0.0,positive,61.71745202
61.71745202,0.8743767142295837,1.4572558999061584,0.0,0.8249460458755493,1.0,4.0,negative,61.36641077
61.36641077,0.0,0.0,0.0,0.0,2.0,0.0,positive,61.45440803
61.45440803,0.0,0.0,0.0,0.0,1.0,0.0,negative,60.82594676
60.82594676,0.0,0.0,0.758586585521698,0.0,2.0,0.0,positive,61.3451305394
61.3451305394,0.7228577136993408,0.0,0.0,0.0,3.0,0.0,negative,60.5042073
60.5042073,0.0,0.7270651459693909,0.0,0.0,0.0,1.0,negative,60.26659513
60.26659513,0.0,0.783768892288208,0.0,0.0,4.0,1.0,positive,60.48069855
60.48069855,0.0,0.0,0.0,0.0,5.0,1.0,positive,60.54664421
60.54664421,0.8627878427505493,0.7786269187927246,0.8688375949859619,0.0,5.0,1.0,negative,59.92172903
59.92172903,0.0,1.47564035654068,0.84160315990448,0.0,7.0,4.0,positive,60.50632456
60.50632456,1.6946474313735962,0.0,0.0,0.0,10.0,0.0,negative,60.3015733
60.3015733,0.0,0.0,0.7511947154998779,0.0,6.0,1.0,positive,60.43409467
60.43409467,0.0,0.0,0.0,0.0,10.0,0.0,positive,60.69498219
60.69498219,0.0,0.0,0.8939252495765686,0.0,3.0,0.0,negative,60.6113486
60.6113486,0.0,0.0,0.0,1.652825951576233,0.0,3.0,negative,60.43094141
60.43094141,0.0,0.8372640609741211,0.0,0.0,0.0,3.0,negative,60.28402848
60.28402848,0.0,0.8559761047363281,0.0,0.0,2.0,1.0,negative,60.0139158026
60.0139158026,0.0,0.0,0.0,0.0,2.0,0.0,negative,59.07433656
59.07433656,0.0,0.0,0.0,0.0,0.0,0.0,positive,59.54195444
59.54195444,0.0,0.0,0.0,0.0,1.0,1.0,negative,59.2916271466
59.2916271466,0.0,0.0,0.0,0.0,2.0,0.0,positive,59.47160238
59.47160238,0.0,0.0,0.0,0.0,0.0,0.0,positive,59.87640103
59.87640103,0.0,0.0,0.0,0.0,0.0,0.0,negative,59.7637119102
59.7637119102,0.0,0.9249433875083924,0.0,0.0,0.0,1.0,positive,59.90987395
59.90987395,0.8292781710624695,0.0,0.0,0.0,1.0,0.0,positive,61.9944202772
61.9944202772,0.0,0.0,0.8429285883903503,0.0,1.0,0.0,negative,61.95972244
61.95972244,0.0,1.643107771873474,0.0,0.0,1.0,2.0,negative,61.45619831
61.45619831,0.0,0.865465521812439,0.0,0.0,0.0,3.0,positive,61.506011
61.506011,0.0,0.0,0.0,0.0,1.0,2.0,positive,61.97978695
61.97978695,0.0,0.0,0.7523464560508728,0.7080768346786499,3.0,1.0,positive,63.2332421841
63.2332421841,0.7175008654594421,0.0,1.6141058802604675,0.0,5.0,0.0,positive,64.2388244
64.2388244,1.5532124042510986,0.8744229674339294,0.0,0.0,9.0,1.0,negative,64.114147
64.114147,1.6397889852523804,0.0,0.748892605304718,0.0,6.0,0.0,positive,65.30794905
65.30794905,2.397898554801941,0.0,0.7663455605506897,0.0,9.0,0.0,positive,67.0994260983
67.0994260983,4.548861801624298,0.7719536423683167,1.6234045624732971,0.0,17.0,1.0,positive,67.42688432
67.42688432,3.006144762039185,0.0,2.534196078777313,0.0,23.0,0.0,positive,67.7392043
67.7392043,2.3684563040733337,0.0,1.6437286734580994,0.9123634696006776,11.0,1.0,positive,68.39721601
68.39721601,0.0,0.0,0.7336722612380981,1.5462543964385986,5.0,3.0,positive,69.42244263
69.42244263,1.6672648191452026,4.2264368534088135,0.7420337796211243,1.670494019985199,10.0,8.0,negative,68.78129342
68.78129342,1.5236868262290957,0.0,0.845610499382019,0.0,8.0,1.0,positive,68.96378352
68.96378352,1.4633839130401611,0.0,0.0,0.0,6.0,0.0,negative,68.15906252
68.15906252,0.0,0.0,0.7258487939834595,0.0,2.0,1.0,negative,67.83673115
67.83673115,0.7852245569229126,0.8708283305168152,0.7852979898452759,0.0,5.0,2.0,positive,68.05417907
68.05417907,0.0,0.0,0.0,0.0,3.0,1.0,negative,67.67862161
67.67862161,0.0,0.0,0.8353756666183472,0.0,5.0,1.0,positive,68.55944635
68.55944635,0.0,0.0,0.0,0.0,2.0,0.0,negative,67.60408967
67.60408967,1.5481285452842712,0.7820426225662231,0.0,0.0,2.0,1.0,negative,66.83438728
66.83438728,0.0,0.8559761047363281,0.0,0.0,3.0,1.0,positive,67.20512894
67.20512894,0.0,0.0,0.0,0.0,4.0,0.0,negative,66.8341444686
66.8341444686,0.0,0.8014312982559204,0.0,0.0,1.0,1.0,positive,68.04550261
68.04550261,0.0,0.0,0.8276316523551941,0.0,2.0,0.0,positive,68.7746406857
68.7746406857,0.8113422989845276,0.0,0.0,0.0,4.0,2.0,negative,68.10719096
68.10719096,0.0,0.0,0.0,0.0,0.0,0.0,negative,68.04834836
68.04834836,0.0,0.8273706436157227,0.0,0.0,0.0,1.0,negative,66.83679226
66.83679226,0.0,0.0,0.8155980110168457,0.0,3.0,1.0,positive,67.14538023
67.14538023,0.0,0.0,0.7270403504371643,0.0,2.0,0.0,negative,66.92883419
66.92883419,0.0,1.4456494450569153,0.0,0.0,2.0,2.0,positive,67.77340003
67.77340003,1.5459017157554626,1.52675861120224,0.7324003577232361,0.0,3.0,4.0,negative,67.39197333
67.39197333,0.0,0.0,1.697070598602295,0.0,5.0,1.0,negative,67.05803864
67.05803864,1.8708679676055908,0.7860434055328369,1.751890778541565,0.0,9.0,1.0,positive,67.48081916
67.48081916,0.0,0.0,0.8312661647796631,0.0,5.0,0.0,negative,67.04547007
67.04547007,0.0,0.0,0.7715017199516296,0.0,9.0,0.0,positive,67.52217663
67.52217663,0.7911237478256226,0.0,1.7063219547271729,0.0,6.0,0.0,positive,67.98882035
67.98882035,1.6148957014083862,0.0,0.9286507964134216,0.0,12.0,2.0,positive,68.43441342
68.43441342,0.0,1.614327609539032,0.7855935096740723,0.9906612038612366,3.0,3.0,negative,67.87949262
67.87949262,0.7384374737739563,0.7728074193000793,0.0,0.0,3.0,3.0,positive,68.27861831
68.27861831,0.7281116843223572,0.0,0.0,0.0,4.0,1.0,positive,71.14337726
71.14337726,0.0,0.7145816087722778,0.7304847240447998,0.0,5.0,1.0,positive,71.27141721
71.27141721,0.7302488088607788,0.0,0.7421740889549255,0.0,7.0,0.0,positive,71.77194362
71.77194362,0.8432721495628357,0.0,0.0,0.0,3.0,0.0,negative,71.64472405
71.64472405,2.4737683534622192,0.0,0.7301927208900452,0.0,7.0,0.0,negative,71.2270033258
71.2270033258,0.7358765006065369,0.9085144996643066,0.901139795780182,0.0,6.0,1.0,positive,71.62457814
71.62457814,0.0,0.0,0.0,0.0,0.0,0.0,positive,71.94660441
71.94660441,0.0,0.0,0.0,0.0,5.0,0.0,negative,71.2032180355
71.2032180355,0.954434096813202,0.0,0.813494086265564,0.0,5.0,2.0,negative,71.04186028
71.04186028,0.7446762323379517,0.0,0.0,0.0,2.0,1.0,negative,71.02836213
71.02836213,0.0,1.797623097896576,0.0,0.0,2.0,3.0,negative,69.55495102
69.55495102,0.7573778629302979,2.1870222091674805,1.5140864849090576,0.0,7.0,3.0,negative,69.50634575
69.50634575,1.6591542959213257,0.7940808534622192,0.9598543643951416,0.0,4.0,2.0,positive,70.56789373
70.56789373,0.0,0.0,0.9958850741386414,0.0,5.0,1.0,negative,69.92223672
69.92223672,0.0,0.0,0.9277613162994384,0.0,2.0,0.0,negative,69.7011882
69.7011882,0.0,0.90476256608963,0.8992737531661987,0.0,6.0,3.0,positive,70.99427178
70.99427178,2.392938733100891,0.8287568688392639,0.0,0.0,5.0,1.0,negative,70.87674804
70.87674804,1.7806817889213562,0.8602213859558105,0.0,0.0,7.0,1.0,positive,71.01752312
71.01752312,0.0,0.0,0.0,0.0,8.0,2.0,positive,71.08855978
71.08855978,0.7539177536964417,0.0,0.7908241152763367,0.0,8.0,0.0,positive,71.16153835
71.16153835,0.861636757850647,0.0,0.887531042098999,0.8452405333518982,4.0,2.0,negative,70.5433335334
70.5433335334,0.7492218613624573,0.0,1.5940833687782288,0.0,7.0,1.0,positive,70.70379004
70.70379004,0.8748102784156799,1.566877543926239,0.0,0.0,4.0,2.0,positive,70.82001757
70.82001757,0.0,0.0,0.9478601813316344,0.0,3.0,0.0,negative,69.66175043
69.66175043,1.6440251469612122,0.75059974193573,1.7097470164299011,0.0,5.0,2.0,positive,69.8981307163
69.8981307163,0.0,0.0,0.0,0.0,3.0,0.0,negative,68.72965745
68.72965745,0.7125452756881714,0.0,0.9142587184906006,0.0,2.0,1.0,negative,68.58985513
68.58985513,1.584544003009796,0.0,1.5964189767837524,0.0,8.0,0.0,positive,69.32457244
69.32457244,0.0,0.0,0.784690797328949,0.0,1.0,0.0,positive,69.42472406
69.42472406,0.0,0.7021285891532898,0.0,0.0,3.0,1.0,positive,70.3630755
70.3630755,0.0,0.0,0.81190025806427,0.0,4.0,0.0,positive,70.6515376556
70.6515376556,0.0,5.122827768325806,1.8646798133850095,0.8380979895591736,2.0,9.0,negative,70.60841745
70.60841745,0.7502507567405701,1.6380842924118042,0.0,0.0,2.0,2.0,positive,70.61217164
70.61217164,1.6525223851203918,0.7543477416038513,0.0,0.0,4.0,2.0,positive,71.66875739
71.66875739,0.8160121440887451,1.6494296193122864,0.0,0.0,1.0,2.0,negative,71.5781490642
71.5781490642,1.79973304271698,0.0,0.0,0.0,2.0,0.0,positive,72.32442394
72.32442394,0.0,0.8458274602890015,0.7525656223297119,0.0,3.0,3.0,negative,72.1171244
72.1171244,0.0,0.0,0.7219875454902649,0.0,3.0,1.0,positive,72.66461911
72.66461911,0.8564928770065308,0.0,2.516837477684021,0.0,8.0,1.0,negative,71.97694313
71.97694313,0.0,0.8085775375366211,0.7907754778862,0.0,3.0,3.0,negative,71.48386495
71.48386495,3.415192782878876,0.0,0.8758754730224609,0.0,7.0,1.0,positive,71.61340928
71.61340928,0.0,0.8900410532951355,0.0,0.722790002822876,1.0,5.0,positive,71.6465424579
71.6465424579,0.0,0.0,0.9311620593070984,0.0,3.0,2.0,negative,71.43450088
71.43450088,0.0,0.0,0.0,0.0,2.0,1.0,positive,71.62679379
71.62679379,0.885365903377533,0.0,0.8856045007705688,0.0,7.0,0.0,positive,71.82939981
71.82939981,0.0,0.8559761047363281,0.0,0.0,2.0,1.0,negative,70.74267645
70.74267645,0.0,0.0,0.8853352665901184,0.0,2.0,2.0,negative,70.23154173
70.23154173,1.724759578704834,0.0,0.0,0.72243732213974,4.0,1.0,positive,71.28406106
71.28406106,0.0,0.0,0.708518385887146,0.0,4.0,0.0,positive,71.97837583
71.97837583,0.0,0.0,0.0,0.0,2.0,1.0,negative,70.99024863
70.99024863,0.7821731567382812,0.0,0.0,0.0,3.0,0.0,positive,71.01141931
71.01141931,0.0,0.0,0.0,0.0,0.0,0.0,positive,71.23673998
71.23673998,0.0,0.0,0.0,0.0,1.0,0.0,negative,70.81929389
70.81929389,0.0,0.9572718739509584,0.0,0.0,0.0,2.0,positive,70.82866732
70.82866732,0.0,0.0,0.0,0.0,4.0,1.0,negative,70.8184624
70.8184624,0.9621955156326294,0.0,0.0,0.0,5.0,0.0,positive,70.92365059
70.92365059,0.7346884608268738,0.9350686073303224,0.0,0.0,4.0,1.0,negative,70.17994704
70.17994704,0.0,0.0,0.0,0.0,0.0,0.0,negative,69.7811787
69.7811787,0.0,0.8300333023071289,0.0,0.0,0.0,1.0,positive,70.08809706
70.08809706,0.0,0.7613427042961121,0.0,0.0,1.0,1.0,negative,70.08118424
70.08118424,0.724259078502655,0.0,0.8630042672157288,0.0,2.0,0.0,negative,69.65819473
69.65819473,0.0,0.0,0.0,0.0,4.0,2.0,positive,70.06860849
70.06860849,0.0,0.0,1.4977150559425354,0.0,4.0,0.0,negative,69.36308008
69.36308008,0.0,0.0,0.8618574738502502,0.0,2.0,0.0,negative,69.12925795
69.12925795,0.0,0.0,0.8553330898284912,0.0,2.0,0.0,positive,69.32017934
69.32017934,1.5180050134658811,0.0,0.9243178963661194,0.0,3.0,1.0,positive,69.35270275
69.35270275,0.8581748008728027,0.0,0.0,0.0,1.0,1.0,positive,69.58094797
69.58094797,0.0,0.0,1.4584998488426208,0.0,2.0,0.0,positive,69.8945654455
69.8945654455,0.946945309638977,0.7203117609024048,0.0,0.0,1.0,2.0,negative,69.6896881966
69.6896881966,0.7408234477043152,0.7248214483261108,0.0,0.0,2.0,1.0,positive,69.7591439211
69.7591439211,0.0,1.584698498249054,0.0,0.0,2.0,2.0,positive,69.7694823283
69.7694823283,0.9102796316146852,0.9140802621841432,0.0,0.0,1.0,1.0,positive,70.18875154
70.18875154,0.0,0.0,0.0,0.0,1.0,0.0,negative,69.7232821
69.7232821,0.0,0.7662197947502136,0.0,0.0,1.0,1.0,positive,69.85812834
69.85812834,0.0,0.939154088497162,0.90973162651062,0.0,4.0,1.0,negative,69.08558606
69.08558606,0.8521407246589661,0.0,0.7212324142456055,0.0,6.0,0.0,negative,68.7782172
68.7782172,0.0,0.0,0.0,0.0,1.0,0.0,positive,68.84959854
68.84959854,0.0,0.0,0.0,0.0,2.0,0.0,negative,68.69237314
68.69237314,0.0,0.0,0.0,0.9629592299461364,5.0,1.0,negative,68.67904021
68.67904021,0.8015323877334595,0.0,0.0,0.0,6.0,0.0,negative,68.44249993
68.44249993,1.700194001197815,0.0,0.0,0.0,8.0,0.0,negative,67.19638755
67.19638755,0.0,0.0,0.0,0.0,0.0,0.0,positive,67.29711391
67.29711391,0.0,2.439749002456665,0.0,0.0,0.0,3.0,positive,67.72620194
67.72620194,0.0,0.0,0.0,0.0,0.0,0.0,negative,67.04350429
67.04350429,0.8976932168006897,0.7392888069152832,0.0,0.0,2.0,1.0,positive,67.28735575
67.28735575,0.0,1.7367417812347412,0.0,0.0,3.0,2.0,positive,67.7334256
67.7334256,0.0,1.530745267868042,0.0,0.0,0.0,2.0,positive,68.22707308
68.22707308,0.0,0.0,0.0,0.0,1.0,0.0,negative,68.11934109
68.11934109,0.0,0.7293661832809448,0.0,0.0,1.0,1.0,positive,68.1826590306
68.1826590306,0.889611005783081,0.7293661832809448,0.734661877155304,0.9101343750953674,4.0,2.0,negative,67.91796864
67.91796864,0.9392898678779602,0.8189409375190735,2.246895015239716,0.0,8.0,2.0,negative,67.5628949075
67.5628949075,0.0,0.0,0.0,0.0,2.0,1.0,positive,67.73946089
67.73946089,0.0,0.8794520497322083,0.0,0.0,2.0,2.0,positive,67.94881209
67.94881209,0.7334277033805847,0.0,0.0,0.0,5.0,0.0,positive,68.00488785
68.00488785,0.0,1.6479833126068115,0.877275824546814,0.0,2.0,3.0,positive,68.1146080768
68.1146080768,0.0,0.0,0.0,0.0,4.0,0.0,positive,68.3772857059
68.3772857059,0.0,0.7121478319168091,0.7552164196968079,0.0,2.0,1.0,negative,67.9566616159
67.9566616159,0.0,0.7671986222267151,0.0,0.0,1.0,1.0,positive,68.0941153885
68.0941153885,0.0,0.0,0.0,0.0,1.0,0.0,positive,68.25868317
68.25868317,0.0,0.0,0.0,0.0,1.0,0.0,positive,68.63455948
68.63455948,0.0,0.7561887502670288,0.0,0.0,1.0,2.0,positive,69.1027818862
69.1027818862,0.0,0.0,0.0,0.0,2.0,0.0,positive,69.41916693
69.41916693,0.0,0.8125062584877014,0.7301222085952759,0.0,2.0,1.0,positive,69.44748572
69.44748572,0.0,0.0,0.0,0.0,0.0,0.0,negative,69.37465561
69.37465561,0.0,0.0,0.0,0.8823326826095581,1.0,2.0,positive,69.7833391516
69.7833391516,0.0,0.0,0.0,0.0,2.0,0.0,positive,70.6032700973
70.6032700973,0.0,0.767382025718689,0.0,0.0,0.0,1.0,positive,71.60406705
71.60406705,1.813829779624939,0.0,0.0,0.0,6.0,0.0,negative,71.49231574
71.49231574,0.0,0.0,0.7283340096473694,0.0,3.0,0.0,negative,71.31788196
71.31788196,0.0,0.0,2.2497215270996094,0.0,4.0,0.0,positive,71.41396843
71.41396843,0.0,0.8913592100143433,0.0,0.0,0.0,2.0,positive,71.7352658
71.7352658,0.870651364326477,0.0,0.0,0.0,1.0,0.0,positive,72.40641963
72.40641963,0.0,0.0,0.0,0.0,2.0,0.0,positive,72.63783162
72.63783162,0.8639882802963257,0.0,0.0,0.0,4.0,0.0,negative,72.15171493
72.15171493,0.9152082800865172,0.0,1.53517746925354,0.0,11.0,0.0,negative,71.4810259
71.4810259,0.0,0.0,1.7934722900390625,0.0,8.0,0.0,positive,72.07456199
72.07456199,0.0,0.0,0.0,0.0,2.0,0.0,positive,73.01485913
73.01485913,0.0,0.0,0.0,0.0,3.0,0.0,negative,72.4544521596
72.4544521596,0.9447344541549684,0.0,0.0,0.0,8.0,0.0,positive,72.5323810795
72.5323810795,0.0,0.0,0.0,0.0,3.0,0.0,negative,71.10643986
71.10643986,0.8105770349502563,0.0,0.0,0.0,4.0,0.0,positive,71.6370786
71.6370786,0.8700335621833801,0.0,0.7114064693450928,0.0,5.0,0.0,positive,71.74567736
71.74567736,0.0,0.0,0.0,0.0,1.0,0.0,positive,72.99793224
72.99793224,0.0,0.0,0.0,0.0,0.0,0.0,positive,73.13513381
73.13513381,0.863498330116272,0.0,0.0,0.0,3.0,0.0,positive,73.46030272
73.46030272,0.0,0.0,0.91269451379776,0.0,3.0,0.0,negative,73.39003841
73.39003841,0.0,0.0,0.0,0.0,1.0,0.0,positive,73.47490016
73.47490016,0.7455398440361023,0.0,0.7396314740180969,0.0,7.0,0.0,negative,73.3646944
73.3646944,0.0,0.0,0.904451310634613,0.0,2.0,0.0,negative,73.1754543007
73.1754543007,1.4854263067245483,0.0,0.0,0.0,3.0,0.0,positive,73.59051533
73.59051533,0.0,0.0,0.0,0.0,0.0,0.0,positive,74.65676602
74.65676602,0.0,0.0,0.0,0.0,0.0,1.0,negative,74.2202937
74.2202937,0.0,0.0,0.0,0.0,5.0,0.0,negative,72.6406623213
72.6406623213,2.278406322002411,0.0,0.0,0.0,6.0,1.0,positive,73.78503889
73.78503889,0.924473524093628,0.8170269131660461,0.0,0.0,6.0,1.0,positive,73.87366604
73.87366604,0.7643865346908569,0.7603967785835266,0.0,0.0,9.0,1.0,negative,73.35380611
73.35380611,0.0,0.0,0.7060380578041077,0.0,4.0,0.0,positive,73.38465513
73.38465513,0.0,0.0,0.0,0.0,4.0,0.0,negative,72.95124108
72.95124108,0.7828224301338196,0.9052739143371582,0.8042098879814148,0.0,3.0,2.0,negative,72.9426789268
72.9426789268,0.0,0.0,0.0,0.0,3.0,0.0,positive,73.19963205
73.19963205,1.8656217455863957,0.0,0.0,0.0,5.0,2.0,positive,73.25946327
73.25946327,1.5424070358276367,0.0,0.7591621279716492,0.0,7.0,0.0,negative,73.08347958
73.08347958,0.7302448153495789,3.317746937274933,2.308097004890442,0.0,6.0,4.0,positive,73.38868617
73.38868617,0.0,2.378073036670685,1.6392722129821775,0.0,8.0,3.0,positive,73.97625268
73.97625268,1.6079488396644592,0.7079719305038452,0.0,0.0,10.0,1.0,positive,74.41693468
74.41693468,0.8416128158569336,0.7703325748443604,1.7309685349464417,0.0,6.0,2.0,positive,74.76661561
74.76661561,1.5472997426986694,0.0,3.173203229904175,0.0,10.0,1.0,negative,74.06467285
74.06467285,0.7074761986732483,0.0,0.7533851861953735,0.0,7.0,1.0,negative,73.5769666
73.5769666,2.4504650235176086,0.0,0.0,0.0,3.0,0.0,positive,73.65517111
73.65517111,0.7496104836463928,0.0,0.0,0.0,5.0,1.0,positive,73.65615012
73.65615012,0.738936722278595,0.0,1.6833637356758118,0.0,5.0,0.0,positive,73.85863611
73.85863611,0.0,0.0,0.733543872833252,0.0,2.0,0.0,negative,73.70466569
73.70466569,0.0,0.0,0.0,0.0,2.0,1.0,positive,73.95291343
73.95291343,0.0,0.0,0.0,0.0,4.0,0.0,positive,74.27979732
74.27979732,1.793218016624451,0.0,0.7601442933082581,0.0,8.0,0.0,negative,74.2264241934
74.2264241934,0.9220130443572998,0.0,0.0,0.0,1.0,0.0,negative,73.415626554
73.415626554,1.6855197548866272,0.0,0.0,0.0,7.0,0.0,positive,73.65107223
73.65107223,0.0,0.0,0.8244619369506836,0.0,4.0,2.0,positive,73.82544335
73.82544335,0.0,0.0,0.0,0.7788057923316956,3.0,1.0,negative,73.52833553
73.52833553,0.7964740991592407,0.0,0.875359833240509,0.0,10.0,0.0,positive,73.75557522
73.75557522,0.7324121594429016,0.0,0.8157535791397095,0.0,4.0,0.0,negative,73.72691606
73.72691606,0.755497932434082,0.0,0.0,0.0,5.0,0.0,positive,74.06961333
74.06961333,1.6138392090797424,0.0,0.0,0.0,7.0,0.0,negative,73.71037852
73.71037852,0.0,0.0,0.0,0.0,0.0,0.0,negative,73.60814662
73.60814662,0.7188487648963928,0.0,0.0,0.0,2.0,0.0,negative,73.57016774
73.57016774,0.8382034301757812,0.0,0.7070772051811218,0.0,5.0,0.0,positive,73.86498658
73.86498658,0.0,0.0,0.0,0.0,3.0,0.0,positive,74.35611575
74.35611575,0.9367541670799256,0.0,0.0,0.0,6.0,1.0,negative,73.75376493
73.75376493,0.9220297336578368,0.7622382044792175,0.0,0.7618116736412048,1.0,3.0,negative,73.63101996
73.63101996,0.0,0.0,0.8006186485290527,0.0,3.0,0.0,negative,72.4554534
72.4554534,0.0,0.0,0.0,0.0,0.0,0.0,negative,72.31608599
72.31608599,0.7477912902832031,0.8895447850227356,0.0,0.0,1.0,1.0,positive,73.14099061
73.14099061,0.0,1.626414954662323,0.0,0.0,2.0,3.0,positive,73.75220194
73.75220194,1.610995888710022,0.0,0.7970995903015137,0.0,5.0,1.0,positive,73.7549739
73.7549739,0.0,0.0,0.0,0.0,0.0,2.0,positive,74.21373464
74.21373464,0.0,0.0,0.0,0.0,0.0,2.0,positive,75.25544558
75.25544558,0.7848921418190002,0.0,0.0,0.0,2.0,0.0,positive,75.43725472
75.43725472,0.0,0.0,0.0,0.0,1.0,0.0,positive,75.5980593
75.5980593,0.0,0.0,0.8288553357124329,0.0,2.0,0.0,positive,75.87503333
75.87503333,0.0,0.0,0.0,0.0,0.0,1.0,negative,75.66584
75.66584,1.6371693015098572,1.875625193119049,0.0,0.0,6.0,5.0,negative,75.16661895
75.16661895,0.0,0.0,0.0,0.0,1.0,0.0,positive,75.6463537036
75.6463537036,1.7947869300842283,1.538944959640503,0.815681517124176,0.0,6.0,3.0,positive,75.8126693
75.8126693,0.8111580014228821,0.0,0.9236018657684326,0.0,3.0,0.0,positive,76.6936664
76.6936664,0.7376424670219421,0.8276199698448181,0.0,0.0,3.0,2.0,positive,76.93921157
76.93921157,0.7537596225738525,0.0,0.0,0.0,3.0,2.0,positive,77.0281945
77.0281945,0.0,0.0,0.0,0.0,3.0,0.0,positive,77.2757767492
77.2757767492,1.745827555656433,0.7194750905036926,0.0,0.0,2.0,4.0,negative,77.26218419
77.26218419,0.0,0.0,0.0,0.0,4.0,0.0,negative,77.03601207
77.03601207,0.0,0.7524426579475403,0.0,0.0,3.0,1.0,negative,76.87476114
76.87476114,0.0,1.7498783469200134,0.0,0.0,0.0,2.0,negative,76.46756358
76.46756358,2.6029993891716003,0.0,0.0,0.0,9.0,0.0,positive,76.9765859821
76.9765859821,0.0,0.0,0.0,0.0,0.0,0.0,negative,76.93461024
76.93461024,0.0,0.0,0.0,0.0,1.0,0.0,negative,76.87402389
76.87402389,0.0,0.0,0.0,0.0,2.0,0.0,positive,77.00633309
77.00633309,0.0,0.0,0.9548867344856262,0.0,3.0,2.0,positive,77.19729804
77.19729804,0.9072434306144714,0.0,1.6032302975654602,0.0,6.0,1.0,positive,77.33789888
77.33789888,0.0,0.7199983596801758,0.0,0.0,1.0,3.0,positive,77.50830653
77.50830653,0.0,0.7194750905036926,0.0,0.0,3.0,1.0,positive,77.83008862
77.83008862,0.0,0.7005155086517334,2.6621521711349487,0.0,5.0,1.0,negative,77.5732918631
77.5732918631,2.6855844259262085,0.7638490200042725,0.0,0.0,7.0,2.0,negative,77.28652089
77.28652089,0.9090009331703186,0.0,0.8814614415168762,0.8194450736045837,3.0,1.0,positive,77.42109222
77.42109222,2.28147441148758,0.801142692565918,0.0,0.0,3.0,1.0,negative,77.38505767
77.38505767,0.7505603432655334,0.0,0.7436094880104065,0.0,3.0,0.0,negative,77.28906864
77.28906864,2.4724066257476807,0.7158362865447998,0.7098378539085388,0.0,8.0,3.0,negative,76.8538325502
76.8538325502,0.7638277411460876,0.7522206902503967,0.0,0.0,2.0,2.0,negative,76.3914999562
76.3914999562,0.0,0.7308374047279358,0.8444284200668335,0.0,2.0,2.0,positive,76.39183374
76.39183374,0.0,0.0,0.0,0.0,0.0,0.0,positive,76.7967095
76.7967095,0.7261735200881958,0.8330350518226624,0.0,0.7537155747413635,3.0,3.0,positive,77.0928334
77.0928334,1.761804223060608,1.592509150505066,0.0,0.0,4.0,2.0,negative,76.6687422
76.6687422,3.857213079929352,0.7598096132278442,13.983377814292908,0.0,43.0,3.0,negative,76.4144084
76.4144084,4.06662380695343,0.779608428478241,6.661049008369446,0.0,40.0,1.0,negative,76.17064752
76.17064752,0.7416082620620728,0.0,4.215662896633148,0.0,23.0,1.0,positive,76.3852157
76.3852157,0.8239952921867371,0.8051908612251282,2.5405126810073853,0.0,11.0,1.0,positive,77.0291818651
77.0291818651,0.0,4.330192983150482,3.4170190691947937,1.4961602687835691,9.0,11.0,positive,77.09257993
77.09257993,1.6121332049369812,4.026537537574768,2.466172456741333,0.8100919723510742,18.0,7.0,positive,77.27827818
77.27827818,1.6084632277488708,1.482150137424469,1.6891518235206604,0.0,10.0,4.0,negative,76.8856801
76.8856801,0.947015941143036,0.7305938005447388,0.7471668720245361,0.0,8.0,2.0,positive,76.96775166
76.96775166,0.9001395106315613,0.0,1.7875919342041016,0.0,13.0,0.0,negative,76.0859615
76.0859615,0.0,0.8422725796699524,0.8520568609237671,0.0,3.0,1.0,negative,75.95164802
75.95164802,0.0,0.0,0.0,0.0,1.0,2.0,negative,75.5082161573
75.5082161573,0.0,0.8787590861320496,0.9217186570167542,0.7779953479766846,3.0,3.0,negative,75.3869363
75.3869363,0.0,0.0,0.7828987240791321,0.0,2.0,0.0,positive,75.51600703
75.51600703,0.0,0.0,3.337095022201538,0.0,12.0,0.0,negative,74.34786025
74.34786025,0.0,0.0,0.0,0.0,1.0,0.0,negative,73.42655892
73.42655892,0.0,0.0,0.0,0.0,3.0,0.0,positive,73.55705726
73.55705726,0.0,0.8241090178489685,1.5944783091545105,0.0,3.0,2.0,negative,73.3052126
73.3052126,0.0,0.8161941170692444,0.760661780834198,0.9279066920280457,4.0,3.0,positive,73.75979967
73.75979967,0.7852245569229126,0.8338394165039062,0.0,0.0,3.0,2.0,negative,73.64308414
73.64308414,1.8034101128578184,0.0,0.0,0.0,6.0,1.0,positive,74.23933921
74.23933921,0.0,1.567327618598938,1.7147173285484314,0.7411280274391174,8.0,4.0,positive,74.5745330455
74.5745330455,2.3082476258277893,0.0,3.8322080969810486,0.0,13.0,0.0,negative,73.9867033
73.9867033,0.0,0.0,0.8609342575073242,0.0,7.0,2.0,negative,73.97806383
73.97806383,1.8564572930336,2.4094603061676025,0.8412460088729858,0.0,8.0,3.0,negative,73.8517212324
73.8517212324,0.0,0.7076209783554077,0.0,0.8173846006393433,0.0,2.0,negative,73.7627635628
73.7627635628,0.0,0.0,0.0,0.0,4.0,1.0,positive,73.98912772
73.98912772,0.0,1.5256367325782776,0.8796900510787964,0.0,3.0,3.0,negative,73.71443501
73.71443501,3.23042756319046,1.6021271347999573,0.833109438419342,0.0,6.0,3.0,positive,73.87220812
73.87220812,0.8930509686470032,0.0,0.0,0.0,7.0,1.0,positive,74.3460785602
74.3460785602,0.0,1.7042722702026367,0.0,0.0,6.0,2.0,negative,73.7087116727
73.7087116727,0.0,0.0,0.9780437350273132,0.0,3.0,0.0,negative,73.48035853
73.48035853,1.8046488165855408,0.7055019736289978,0.0,0.0,8.0,1.0,negative,72.9504382
72.9504382,0.0,0.0,0.0,0.0,2.0,0.0,positive,73.12663284
73.12663284,0.0,0.0,0.0,0.7216004133224487,0.0,2.0,positive,73.24586302
73.24586302,0.0,0.0,0.0,0.0,1.0,1.0,positive,73.54675708
73.54675708,0.0,0.7138561010360718,0.8652248978614807,0.0,5.0,2.0,positive,73.58862774
73.58862774,2.2535731196403503,0.0,0.8632246255874634,0.0,9.0,1.0,negative,73.17653078
73.17653078,0.0,0.9492539167404176,0.9581228494644164,0.0,2.0,2.0,positive,73.92095611
73.92095611,0.0,0.0,1.5918883085250854,0.0,3.0,1.0,positive,74.37904472
74.37904472,0.0,0.0,0.0,0.0,1.0,0.0,negative,74.19081181
74.19081181,0.0,0.7024277448654175,0.0,0.0,0.0,1.0,positive,74.28692094
74.28692094,0.7350468039512634,0.0,0.7023753523826599,0.0,5.0,0.0,positive,74.35720987
74.35720987,0.0,0.0,0.0,0.0,1.0,1.0,negative,74.34780952
74.34780952,0.8177528977394104,0.8024650812149048,0.7414327263832092,0.0,2.0,3.0,negative,74.14731064
74.14731064,0.7451795339584351,0.0,1.4406853914260864,0.0,4.0,0.0,positive,75.56860432
75.56860432,1.6969478726387024,0.7326907515525818,0.0,0.0,5.0,4.0,positive,75.6755178199
75.6755178199,0.0,0.7989270091056824,0.0,0.0,0.0,3.0,positive,76.32840916
76.32840916,2.337744176387787,0.9601512551307678,1.4453883171081543,0.0,9.0,1.0,negative,76.1715452
76.1715452,0.0,1.5559787154197693,0.8454967141151428,0.0,2.0,4.0,positive,76.29019296
76.29019296,0.821521520614624,0.7834153175354004,1.591581106185913,0.0,6.0,1.0,positive,76.45516311
76.45516311,0.7114502787590027,0.0,0.0,0.0,4.0,1.0,negative,76.09568941
76.09568941,0.0,0.0,0.809576690196991,0.0,7.0,1.0,positive,76.49708285
76.49708285,0.0,1.7194559574127195,0.0,0.0,6.0,3.0,positive,76.59739711
76.59739711,0.0,0.0,0.0,0.0,0.0,0.0,positive,77.7036785885
77.7036785885,0.0,0.0,0.804295539855957,0.0,2.0,0.0,positive,77.8004409185
77.8004409185,0.7796992659568787,0.8159780502319336,0.0,0.0,2.0,2.0,negative,77.6930286348
77.6930286348,0.0,0.0,0.0,0.0,1.0,0.0,positive,77.98936163
77.98936163,0.0,0.9520673155784608,0.0,0.0,2.0,2.0,positive,78.38614001
78.38614001,0.0,0.0,0.0,0.0,5.0,1.0,positive,78.7515463
78.7515463,0.0,0.7182567715644836,0.0,0.0,1.0,1.0,positive,78.97306199
78.97306199,0.7531922459602356,0.0,0.7318974137306213,0.0,6.0,1.0,positive,79.3312088618
79.3312088618,0.0,1.6203437447547913,0.0,0.0,0.0,3.0,negative,78.54978107
78.54978107,0.0,0.7258474230766296,0.8873476982116699,0.0,1.0,2.0,negative,78.1749829921
78.1749829921,0.0,0.0,0.0,0.0,2.0,1.0,positive,79.04317919
79.04317919,0.0,0.0,0.0,0.0,1.0,1.0,positive,79.24233108
79.24233108,0.0,0.0,0.0,0.829963207244873,1.0,4.0,positive,79.3712269133
79.3712269133,2.7299479842185974,0.0,0.0,0.0,3.0,1.0,positive,79.50534383
79.50534383,0.7448970675468445,0.0,0.0,0.0,5.0,0.0,negative,79.23243275
79.23243275,0.0,1.6465617418289185,0.0,0.0,2.0,2.0,negative,78.76355622
78.76355622,0.0,0.0,0.0,0.0,0.0,0.0,positive,79.42325979
79.42325979,0.7473369240760803,0.0,0.0,0.0,3.0,0.0,positive,79.75063949
79.75063949,0.7457130551338196,0.9327332973480223,2.519404947757721,0.0,8.0,3.0,positive,81.5317368187
81.5317368187,2.5227657556533813,0.8253495693206787,1.4627559781074524,0.0,8.0,2.0,positive,81.85124898
81.85124898,2.4525540471076965,0.8149126172065735,0.8915828466415405,0.0,11.0,2.0,negative,81.5164565
81.5164565,0.7749012112617493,0.0,1.4583685994148254,0.0,6.0,0.0,negative,81.00969256
81.00969256,0.7791845202445984,0.0,0.0,0.8592931628227234,8.0,2.0,positive,81.36037178
81.36037178,0.0,1.5616808533668518,0.0,0.0,2.0,3.0,negative,81.2297238039
81.2297238039,0.7207456827163696,0.8917677402496338,0.0,0.0,5.0,3.0,positive,82.20221548
82.20221548,0.8816604018211365,0.0,0.0,0.0,2.0,0.0,positive,82.24817342
82.24817342,0.0,0.0,0.9508423805236816,0.0,2.0,1.0,positive,83.60355341
83.60355341,0.0,0.8016648292541504,0.750000536441803,0.7083516120910645,5.0,5.0,negative,82.705721
82.705721,0.7195512652397156,0.0,0.0,0.0,1.0,0.0,positive,82.75746261
82.75746261,0.0,0.0,0.8567596673965454,0.7934806942939758,4.0,1.0,positive,83.02756727
83.02756727,0.0,0.0,0.7144508957862854,0.0,2.0,0.0,positive,83.30674989
83.30674989,0.0,0.0,0.0,0.0,1.0,0.0,negative,81.91922268
81.91922268,0.7918410897254944,1.5318495035171509,0.0,0.0,2.0,2.0,negative,79.1004092926
79.1004092926,0.0,10.28463226556778,0.0,0.0,0.0,15.0,negative,78.81353305
78.81353305,3.648215353488922,0.0,0.0,0.0,6.0,0.0,positive,79.38881708
79.38881708,1.7827903628349304,0.0,0.0,0.0,6.0,0.0,negative,79.17221613
79.17221613,0.0,0.0,0.0,0.0,1.0,0.0,positive,80.42533917
80.42533917,0.0,0.0,0.0,0.0,4.0,1.0,positive,81.4460623
81.4460623,0.9209187030792236,0.8564161062240601,1.668678879737854,0.0,4.0,1.0,negative,80.4473704
80.4473704,0.0,1.471191942691803,1.4293295741081238,0.8546383380889893,5.0,5.0,positive,81.32356734
81.32356734,0.7566976547241211,0.8141021132469177,1.512300670146942,0.701930582523346,10.0,2.0,negative,80.2712511972
80.2712511972,1.6767138838768003,0.0,1.6857503056526184,0.0,14.0,0.0,positive,80.59280357
80.59280357,0.0,0.0,0.0,0.0,4.0,0.0,positive,81.14159869
81.14159869,2.6850854754447937,0.0,0.0,0.7550675868988037,5.0,4.0,positive,81.2376897163
81.2376897163,0.0,0.7250757813453674,0.0,0.0,2.0,2.0,negative,80.59290524
80.59290524,0.9811697006225586,0.0,1.75424987077713,0.0,9.0,0.0,negative,80.21237742
80.21237742,0.7496855854988098,0.0,1.650487780570984,0.0,4.0,2.0,negative,79.91829523
79.91829523,0.707567572593689,1.7206523418426514,0.0,0.0,5.0,2.0,positive,80.3755116016
80.3755116016,0.0,10.614955067634584,0.0,0.0,0.0,16.0,negative,80.33317492
80.33317492,0.0,0.8457397818565369,0.0,0.0,3.0,1.0,positive,80.46081738
80.46081738,0.0,6.555801808834076,0.0,1.7456496357917786,0.0,12.0,positive,81.1733825
81.1733825,0.0,0.0,0.0,0.0,1.0,1.0,negative,80.93156182
80.93156182,0.0,0.0,0.8194896578788757,0.0,3.0,0.0,negative,80.81779631
80.81779631,0.0,0.0,0.7385159134864807,0.0,2.0,0.0,negative,80.50970359
80.50970359,0.7835193872451782,0.0,0.0,0.0,2.0,1.0,negative,80.42452029
80.42452029,0.0,0.0,0.0,0.0,0.0,0.0,negative,79.89570222
79.89570222,0.9760695695877076,0.0,0.0,0.0,4.0,0.0,positive,80.42819597
80.42819597,0.0,0.0,0.0,0.0,1.0,0.0,positive,81.5310954153
81.5310954153,0.0,1.4894989728927612,0.0,0.0,0.0,2.0,positive,82.08616573
82.08616573,0.0,0.0,0.0,0.0,1.0,0.0,negative,81.7630311734
81.7630311734,0.0,0.0,0.0,0.0,1.0,1.0,negative,81.66434634
81.66434634,0.0,0.794647216796875,0.0,0.0,4.0,2.0,positive,81.69021178
81.69021178,0.0,0.0,0.0,0.0,3.0,0.0,negative,81.66301745
81.66301745,0.0,0.0,0.0,4.378638982772827,0.0,6.0,negative,81.32776365
81.32776365,0.0,0.7260363698005676,0.9033359289169312,0.0,3.0,2.0,positive,81.64447182
81.64447182,0.0,1.5287493467330933,0.0,0.0,0.0,2.0,positive,81.72048476
81.72048476,0.0,0.7321131229400635,0.7908667325973511,0.0,8.0,1.0,positive,82.51106693
82.51106693,0.0,0.0,0.0,0.7130492925643921,2.0,3.0,negative,82.4081402
82.4081402,0.0,0.0,0.0,0.0,4.0,1.0,negative,82.1874620816
82.1874620816,1.9137435555458069,0.7308374047279358,0.0,0.0,6.0,2.0,positive,82.59962836
82.59962836,0.0,0.0,0.7618606686592102,0.0,4.0,0.0,positive,83.25224804
83.25224804,0.8976932168006897,0.0,0.0,0.0,3.0,4.0,negative,82.99034907
82.99034907,0.0,0.7016698718070984,0.9847880601882936,0.0,3.0,1.0,negative,82.88325912
82.88325912,0.0,0.0,0.9283438920974731,0.0,3.0,0.0,negative,81.81596558
81.81596558,0.0,0.7398405075073242,0.0,0.0,3.0,1.0,negative,80.56861551
80.56861551,0.0,0.0,0.0,0.0,1.0,1.0,positive,81.34186583
81.34186583,0.0,0.8857685923576355,0.0,0.0,0.0,1.0,negative,80.9357106742
80.9357106742,0.0,0.0,0.0,0.7982636094093323,1.0,1.0,negative,80.7374042526
80.7374042526,0.0,0.0,0.0,0.0,1.0,0.0,negative,80.65321008
80.65321008,0.0,0.0,0.0,0.0,0.0,0.0,negative,80.00272218
80.00272218,0.0,0.863084614276886,0.0,0.0,0.0,1.0,positive,80.19698929
80.19698929,0.0,0.7251802682876587,0.0,0.0,2.0,1.0,positive,81.49631964
81.49631964,0.0,1.5141947865486145,0.0,0.0,0.0,2.0,negative,81.31818187
81.31818187,0.0,0.723575234413147,0.0,0.0,0.0,1.0,negative,81.015695508
81.015695508,0.0,0.0,0.0,0.0,1.0,0.0,negative,80.98414412
80.98414412,0.0,0.0,0.8312615752220154,0.7241078019142151,3.0,1.0,positive,81.01840332
81.01840332,0.8164103031158447,0.0,0.0,0.0,1.0,0.0,positive,81.4252768488
81.4252768488,0.7592605352401733,0.0,1.5387505888938904,0.0,4.0,0.0,negative,79.55337497
79.55337497,0.0,0.0,0.7728626132011414,0.0,2.0,0.0,negative,77.73122484
77.73122484,0.8596594929695129,0.0,0.7682235240936279,0.0,4.0,1.0,negative,77.07578569
77.07578569,0.0,2.555257201194763,0.0,0.0,3.0,3.0,negative,76.8103301545
76.8103301545,0.8194812536239624,0.0,0.0,0.0,2.0,0.0,negative,76.76113141
76.76113141,0.0,0.0,0.0,0.0,0.0,1.0,positive,76.94236031
76.94236031,0.0,0.7427166104316711,0.0,0.0,0.0,1.0,positive,77.3872287447
77.3872287447,0.0,0.0,0.0,0.0,0.0,1.0,negative,77.3442461
77.3442461,0.975439190864563,0.7241307497024536,0.0,0.0,1.0,1.0,negative,76.5132459
76.5132459,1.6728017330169678,0.7605494856834412,0.0,0.0,3.0,1.0,positive,78.21976794
78.21976794,0.7278300523757935,0.0,0.0,0.7464762330055237,2.0,2.0,negative,78.14464034
78.14464034,0.0,1.4707835912704468,0.0,0.0,3.0,2.0,positive,80.04974751
80.04974751,0.8818556666374207,0.0,0.9368394017219543,0.0,3.0,5.0,negative,79.6512363
79.6512363,0.0,0.0,0.0,0.0,0.0,1.0,positive,79.7795378896
79.7795378896,0.0,1.7178685665130615,0.0,0.0,0.0,2.0,negative,78.8788404996
78.8788404996,0.0,0.0,0.0,0.0,1.0,5.0,positive,79.590177426
79.590177426,0.0,0.0,0.0,0.8882949948310852,0.0,4.0,negative,78.86318225
78.86318225,0.8389762043952942,0.0,0.0,0.9613847136497498,1.0,1.0,positive,79.28377434
79.28377434,3.131685972213745,0.0,0.0,0.9899384379386902,8.0,1.0,negative,78.64458306
78.64458306,0.0,0.0,0.0,0.0,1.0,1.0,negative,78.1154755
78.1154755,0.0,0.0,0.0,0.0,0.0,1.0,negative,77.9387611718
77.9387611718,0.7806131839752197,0.0,0.0,0.8162503242492676,1.0,3.0,negative,77.48209526
77.48209526,0.0,0.0,0.0,0.0,1.0,0.0,negative,77.40970925
77.40970925,0.9665276408195496,0.0,0.8447277545928955,0.7740930914878845,2.0,1.0,negative,76.30673345
76.30673345,0.0,0.0,0.0,0.0,1.0,0.0,negative,74.82921249
74.82921249,0.0,0.0,0.0,0.0,0.0,2.0,negative,69.8037126124
69.8037126124,0.0,0.0,0.0,0.0,0.0,17.0,positive,71.87442652
71.87442652,0.0,0.0,1.5702783465385437,0.8555117845535278,6.0,8.0,positive,73.09614782
73.09614782,0.8939820528030396,0.7932910919189453,3.79052859544754,3.131702482700348,12.0,12.0,negative,71.84507227
71.84507227,0.7846655249595642,2.568062961101532,0.0,0.926604688167572,5.0,14.0,positive,72.08794222
72.08794222,0.0,0.7448503971099854,2.563549757003784,1.69517582654953,5.0,17.0,negative,72.070493
72.070493,0.0,2.361003816127777,0.8262986540794373,0.0,7.0,12.0,positive,73.62860902
73.62860902,0.8746906518936157,0.0,0.8426218032836914,0.7823060750961304,3.0,6.0,positive,75.15259112
75.15259112,0.0,1.683970272541046,2.637182295322418,0.0,5.0,4.0,negative,73.89430648
73.89430648,0.868012547492981,0.0,0.0,0.0,2.0,1.0,negative,73.17751843
73.17751843,0.0,0.0,0.0,0.0,0.0,1.0,negative,72.55627757
72.55627757,0.0,1.6851792335510254,0.0,0.7617568373680115,2.0,5.0,negative,71.32144135
71.32144135,0.0,0.7781981229782104,0.0,0.8763490319252014,1.0,5.0,negative,69.72198907
69.72198907,0.7931769490242004,0.0,0.7045090794563293,0.0,3.0,0.0,positive,71.58598849
71.58598849,0.0,1.4428924322128296,0.7922075390815735,0.0,1.0,4.0,positive,72.3799589965
72.3799589965,0.0,0.0,0.0,0.0,1.0,1.0,negative,71.80448989
71.80448989,0.0,0.7658650875091553,0.9336205124855042,0.0,3.0,2.0,positive,72.16512489
72.16512489,0.7835704684257507,1.801069736480713,0.7063722610473633,0.0,3.0,4.0,negative,71.67256008
71.67256008,0.0,6.416392385959625,0.0,0.0,0.0,15.0,negative,70.42883708
70.42883708,0.0,4.997255504131317,0.0,0.0,1.0,6.0,positive,70.8120286482
70.8120286482,0.0,3.986314296722412,0.7208874225616455,0.0,4.0,6.0,negative,70.68881717
70.68881717,0.7308988571166992,2.371970772743225,0.9559846520423888,0.8596305847167969,8.0,6.0,negative,70.01315884
70.01315884,2.509353220462799,3.247642040252685,0.7469669580459595,0.0,6.0,9.0,positive,71.67020932
71.67020932,0.0,2.452706038951874,0.0,0.0,1.0,5.0,positive,72.81989483
72.81989483,0.0,2.404965400695801,0.0,0.8231697082519531,1.0,4.0,positive,73.4139848073
73.4139848073,0.0,0.8097027540206909,0.0,0.0,2.0,1.0,negative,72.51627999
72.51627999,0.7509002089500427,5.699245750904083,6.006422162055969,1.4335615038871763,11.0,9.0,negative,72.33167187
72.33167187,2.254890263080597,2.533221542835236,4.596015810966492,0.7957620024681091,19.0,4.0,positive,72.4955776
72.4955776,2.5895631909370422,4.256002604961395,3.497803628444672,0.0,16.0,6.0,negative,72.374520905
72.374520905,0.0,3.956595718860626,3.9575154781341553,0.8107340931892395,17.0,7.0,positive,72.66421275
72.66421275,1.5775577425956726,1.616220474243164,3.198883831501007,0.0,9.0,7.0,negative,71.95406849
71.95406849,0.0,0.0,2.538399040699005,0.0,7.0,3.0,positive,73.25130447
73.25130447,3.192401170730591,1.6047225594520569,9.24424648284912,0.0,25.0,2.0,negative,72.99891114
72.99891114,0.8364335894584656,0.0,5.665404558181763,0.0,16.0,1.0,positive,74.01500579
74.01500579,0.0,1.7458711862564087,1.5641314387321472,0.0,5.0,5.0,positive,74.06936914
74.06936914,0.0,1.5086520314216614,1.6517177820205688,0.0,3.0,2.0,positive,74.39354419
74.39354419,0.0,1.7564330697059631,0.0,0.9615244269371032,1.0,3.0,positive,74.9116498949
74.9116498949,0.0,0.7501370906829834,0.0,0.0,2.0,2.0,negative,74.177310408
74.177310408,0.0,0.0,1.8467944860458372,0.0,2.0,1.0,negative,73.85844497
73.85844497,0.0,15.196159958839417,0.0,0.0,1.0,26.0,positive,74.21056319
74.21056319,0.0,11.308564722537994,0.8206053376197815,0.0,5.0,25.0,negative,73.89008725
73.89008725,0.0,4.540155827999115,0.0,0.0,1.0,8.0,negative,72.7296927
72.7296927,0.8181910514831543,1.6861874461174011,0.0,0.0,2.0,3.0,positive,72.88621285
72.88621285,0.0,0.0,0.0,0.0,2.0,0.0,positive,73.11914029
73.11914029,0.0,0.9526726007461548,0.8522670865058899,0.0,2.0,1.0,negative,72.45259625
72.45259625,0.0,0.0,1.6415868401527405,0.7827636003494263,10.0,2.0,negative,71.52043849
71.52043849,0.7676526308059692,2.405870199203491,4.420436501502991,0.0,11.0,4.0,positive,72.14152151
72.14152151,0.8366068005561829,1.6029804944992063,3.349070429801941,0.0,16.0,3.0,positive,73.76863777
73.76863777,0.8605358004570007,0.8474406599998474,1.7041460275650024,0.0,5.0,3.0,positive,74.78464281
74.78464281,0.727717936038971,1.7081326246261597,0.9245409965515136,0.0,9.0,4.0,positive,74.9132460387
74.9132460387,0.0,0.8503443598747253,0.0,0.0,0.0,2.0,positive,75.30158074
75.30158074,0.7012542486190796,0.0,0.7960707545280457,0.0,3.0,0.0,positive,76.95477459
76.95477459,0.0,1.6234108805656433,0.8941013216972351,0.0,4.0,3.0,positive,77.78276371
77.78276371,0.0,1.536850392818451,0.9001945853233337,0.0,3.0,3.0,negative,76.72107427
76.72107427,0.0,0.0,0.0,0.0,3.0,0.0,positive,77.05706729
77.05706729,0.0,0.8351333737373352,0.0,0.0,0.0,1.0,negative,77.03518149
77.03518149,0.0,0.0,0.0,0.0,0.0,1.0,negative,76.09489522
76.09489522,0.0,0.0,0.0,0.0,1.0,3.0,positive,76.67841378
76.67841378,0.0,6.647478342056274,0.0,0.7737054228782654,1.0,9.0,positive,77.5191647296
77.5191647296,0.9185321927070618,0.0,0.0,0.0,8.0,2.0,positive,77.61334746
77.61334746,0.0,0.9059520363807678,0.7294132709503174,0.0,1.0,4.0,negative,77.30947206
77.30947206,0.7021464109420776,0.0,1.675123691558838,0.0,4.0,2.0,positive,77.38215146
77.38215146,0.0,1.5750586986541748,0.9737905263900756,0.0,3.0,2.0,negative,76.29282684
76.29282684,1.549397587776184,0.8766171336174011,0.0,0.0,3.0,1.0,positive,76.680361365
76.680361365,0.0,0.0,0.0,0.0,1.0,0.0,positive,77.34397811
77.34397811,0.0,0.0,1.59555321931839,0.0,8.0,0.0,negative,77.1496178087
77.1496178087,0.998287320137024,2.5746397972106934,0.0,0.0,1.0,4.0,positive,77.18571315
77.18571315,1.5498918890953064,2.3642905950546265,0.0,0.0,3.0,4.0,positive,77.5399488908
77.5399488908,0.0,3.761853694915772,0.0,0.0,2.0,5.0,negative,76.70024871
76.70024871,0.0,4.529414296150208,0.0,0.0,0.0,7.0,negative,76.47477118
76.47477118,0.0,1.619699239730835,0.0,0.7498512268066406,3.0,4.0,positive,77.07735331
77.07735331,0.0,1.6425914764404297,0.0,0.70024174451828,0.0,5.0,positive,77.2736381966
77.2736381966,0.8035828471183777,1.6010733246803284,0.0,0.0,4.0,3.0,positive,77.67077512
77.67077512,0.8277614116668701,3.171592712402344,1.788773000240326,0.0,7.0,4.0,negative,77.56798846
77.56798846,0.0,3.068036437034607,0.7351336479187012,0.0,4.0,4.0,negative,77.19902783
77.19902783,0.0,0.7211754322052002,0.0,0.0,5.0,2.0,negative,76.834378
76.834378,0.0,1.7582437992095947,1.495302438735962,0.8965272307395935,4.0,3.0,negative,75.9848239
75.9848239,0.0,3.267237901687622,0.9669899940490724,0.0,4.0,4.0,negative,71.96204047
71.96204047,0.0,1.4195703268051147,0.8133717179298401,0.0,7.0,2.0,positive,72.29502155
72.29502155,1.7275633215904236,0.8351333737373352,0.0,0.0,3.0,3.0,negative,71.13594006
71.13594006,0.0,0.0,0.7264111638069153,0.0,5.0,1.0,positive,72.08730933
72.08730933,0.0,0.0,0.0,0.0,0.0,0.0,negative,71.64096335
71.64096335,0.908886730670929,1.541987419128418,1.747166931629181,0.0,5.0,4.0,negative,71.19132137
71.19132137,0.7029445767402649,0.9415080547332764,0.0,0.0,4.0,1.0,negative,71.12553968
71.12553968,0.0,0.0,0.7675571441650391,0.0,4.0,0.0,positive,71.2947525468
71.2947525468,0.0,8.569866359233856,0.9296278357505798,0.0,3.0,10.0,negative,70.57652431
70.57652431,0.0,0.0,0.8116600513458252,0.0,7.0,0.0,positive,71.02068301
71.02068301,0.9243388772010804,0.7218514084815979,0.9899272322654724,0.0,2.0,1.0,negative,70.9732695017
70.9732695017,0.0,1.507826328277588,0.0,0.0,1.0,2.0,negative,69.9505772
69.9505772,0.7292898893356323,0.0,0.0,0.9092997908592224,3.0,1.0,positive,70.50708687
70.50708687,0.0,0.0,0.0,0.0,1.0,0.0,negative,70.4638567159
70.4638567159,0.0,0.0,0.0,0.0,1.0,0.0,negative,69.36094103
69.36094103,0.0,0.7638315558433533,0.0,0.0,0.0,1.0,negative,68.9093085
68.9093085,0.0,0.0,0.9114267826080322,0.0,1.0,0.0,positive,69.46267455
69.46267455,0.0,0.0,0.0,0.0,1.0,0.0,positive,69.93592807
69.93592807,0.0,1.6074970364570618,0.0,0.0,0.0,2.0,negative,69.43404311
69.43404311,0.0,0.0,0.0,0.0,1.0,2.0,positive,69.52601067
69.52601067,0.0,0.0,0.0,0.0,1.0,0.0,negative,68.57564108
68.57564108,0.9234066605567932,0.0,0.8079004287719727,0.0,3.0,0.0,negative,68.15963203
68.15963203,0.0,0.0,0.7581468820571899,0.0,1.0,0.0,positive,68.35028018
68.35028018,0.0,0.8480996489524841,0.0,0.0,0.0,1.0,positive,68.46237027
68.46237027,0.0,0.0,0.0,0.0,1.0,0.0,positive,69.0876430326
69.0876430326,0.0,0.8168737888336182,0.0,0.0,1.0,1.0,positive,69.9379121107
69.9379121107,0.0,0.8351333737373352,0.0,0.0,2.0,2.0,negative,69.62484632
69.62484632,0.0,0.0,0.0,0.0,0.0,1.0,negative,69.35775107
69.35775107,0.0,0.8729355931282043,1.466132640838623,0.0,4.0,1.0,positive,71.49153633
71.49153633,0.0,0.0,0.0,0.0,0.0,0.0,positive,71.86738438
71.86738438,0.0,0.0,0.0,0.0,0.0,0.0,positive,71.91190569
71.91190569,0.0,0.7620589733123779,0.0,0.0,1.0,1.0,negative,71.74927189
71.74927189,0.0,0.7149197459220886,1.7965452075004578,0.0,2.0,4.0,positive,71.84332523
71.84332523,0.0,0.0,0.0,0.0,2.0,0.0,positive,71.88680233
71.88680233,0.0,0.0,0.0,0.0,1.0,0.0,negative,71.85613154
71.85613154,0.0,0.7435930967330933,0.0,0.0,0.0,2.0,negative,71.5810456872
71.5810456872,0.9182083606719972,0.0,0.0,0.0,2.0,0.0,positive,71.94044793
71.94044793,0.0,0.0,0.0,0.0,0.0,0.0,positive,72.0869055565
72.0869055565,0.0,0.0,0.0,0.0,1.0,0.0,negative,71.85456821
71.85456821,0.0,0.8229348063468933,0.0,0.0,2.0,1.0,positive,73.46206145
73.46206145,0.0,0.0,0.0,0.0,1.0,0.0,negative,73.33567812
73.33567812,0.7978305816650391,0.0,0.0,0.0,1.0,1.0,negative,73.03519016
73.03519016,3.2934862971305847,1.5523170232772827,0.0,0.8026599884033203,8.0,6.0,positive,73.6543409097
73.6543409097,0.0,0.0,0.8190787434577942,0.0,4.0,2.0,positive,74.7386893
74.7386893,0.0,0.0,0.0,0.802473783493042,0.0,2.0,negative,73.6272741
73.6272741,0.0,0.0,0.0,0.0,1.0,0.0,positive,73.86376325
73.86376325,1.765729546546936,0.7759574055671692,0.7382540106773376,0.0,10.0,1.0,negative,72.9709106
72.9709106,0.0,0.0,0.0,0.0,2.0,1.0,positive,73.62852286
73.62852286,0.7177042961120605,0.0,0.0,0.0,1.0,0.0,negative,72.9419213407
72.9419213407,0.0,0.0,0.0,0.0,0.0,0.0,negative,72.7523094484
72.7523094484,0.0,0.0,0.9124270677566528,0.0,2.0,0.0,positive,73.4858627398
73.4858627398,0.0,0.0,0.0,0.0,0.0,0.0,positive,73.78554838
73.78554838,0.0,0.7434724569320679,0.0,0.0,1.0,2.0,negative,73.23280651
73.23280651,0.0,0.0,0.8138996362686157,0.0,2.0,0.0,negative,72.74182433
72.74182433,0.0,0.800988495349884,0.0,0.0,0.0,1.0,positive,74.62527047
74.62527047,0.0,0.0,0.9208299517631532,0.0,1.0,0.0,negative,74.36132578
74.36132578,0.0,0.0,0.0,0.7972359657287598,0.0,1.0,negative,74.15151941
74.15151941,0.0,0.0,0.0,0.0,1.0,1.0,negative,74.1204410342
74.1204410342,0.0,0.0,0.0,0.0,0.0,0.0,negative,74.06958813
74.06958813,0.0,0.0,0.0,0.0,2.0,0.0,positive,74.58898483
74.58898483,0.0,0.0,0.0,0.0,1.0,0.0,negative,74.2614723
74.2614723,0.0,0.0,1.6744775772094729,0.9181121587753296,2.0,1.0,positive,75.03932487
75.03932487,0.0,0.8193963170051575,0.0,0.0,4.0,1.0,negative,74.65737139
74.65737139,0.8830184936523438,0.0,1.5604241490364077,0.0,4.0,1.0,positive,76.28662535
76.28662535,0.0,0.0,1.525074541568756,0.0,6.0,0.0,negative,76.10072705
76.10072705,0.963943362236023,0.0,0.9241861701011658,0.0,2.0,0.0,negative,76.0253144497
76.0253144497,0.0,0.0,0.0,0.0,1.0,3.0,negative,75.81538033
75.81538033,0.0,1.596224069595337,0.0,0.0,3.0,2.0,negative,75.4833918
75.4833918,0.0,0.0,0.0,0.0,3.0,0.0,positive,75.60050338
75.60050338,0.0,0.0,1.584086835384369,0.0,3.0,0.0,negative,75.53435938
75.53435938,0.7447038888931274,0.0,0.0,0.0,1.0,0.0,positive,75.57452836
75.57452836,1.4634597301483154,1.554829716682434,0.9850146174430848,0.0,4.0,2.0,positive,75.59676073
75.59676073,0.0,1.5072034001350405,0.973071038722992,0.0,4.0,2.0,negative,75.49002451
75.49002451,0.0,0.7835651636123657,0.7725826501846313,0.0,2.0,1.0,negative,75.47003713
75.47003713,0.0,0.0,0.0,0.0,2.0,0.0,negative,75.1330769
75.1330769,0.0,0.8787850737571716,0.0,0.0,0.0,1.0,positive,75.62238028
75.62238028,0.0,0.0,0.8737618327140808,0.0,1.0,0.0,negative,75.11845852
75.11845852,0.8082891702651978,0.0,0.0,0.0,2.0,0.0,positive,75.48050279
75.48050279,0.0,0.0,0.0,0.0,0.0,0.0,positive,75.76491050999999
75.76491050999999,0.0,0.0,0.0,0.0,1.0,1.0,positive,76.7480522669
76.7480522669,0.0,0.0,0.0,0.0,2.0,0.0,positive,77.35721681
77.35721681,0.7901730537414551,0.0,0.0,0.0,2.0,0.0,positive,78.65662149
78.65662149,0.0,0.0,0.0,0.7315385341644287,1.0,1.0,negative,78.39220711
78.39220711,0.0,0.0,0.8703410029411316,0.0,1.0,0.0,positive,78.40966783
78.40966783,0.0,0.0,0.0,0.0,2.0,0.0,positive,78.4614573
78.4614573,0.8099605441093445,0.7131012678146362,0.0,0.0,3.0,1.0,positive,79.04254732
79.04254732,0.0,0.8659749627113342,0.0,0.0,1.0,1.0,negative,78.23357708
78.23357708,0.0,0.0,0.0,0.0,1.0,0.0,positive,78.52978167
78.52978167,0.0,0.0,0.0,0.0,0.0,0.0,positive,79.0848463
79.0848463,0.0,0.7129775285720825,0.0,1.826301097869873,2.0,3.0,positive,79.48936749
79.48936749,0.0,0.0,0.0,0.0,0.0,0.0,negative,78.52271555
78.52271555,0.0,0.7679235935211182,0.0,0.0,1.0,1.0,positive,78.64583928
78.64583928,0.0,0.7896341681480408,0.0,0.0,1.0,2.0,positive,78.93637541
78.93637541,0.0,0.0,0.0,0.0,2.0,1.0,negative,78.82672583
78.82672583,0.8274872303009033,0.7763970494270325,1.7866774201393127,0.0,3.0,2.0,negative,78.53897112
78.53897112,0.0,0.0,0.0,0.0,0.0,1.0,positive,78.56953975
78.56953975,0.0,0.8413228988647461,0.0,0.0,1.0,1.0,positive,78.70310822
78.70310822,1.4862552285194397,0.0,0.8803408145904541,0.0,10.0,0.0,positive,79.1784610036
79.1784610036,1.486943781375885,0.8351333737373352,0.8514344692230225,0.0,6.0,2.0,positive,79.5595153544
79.5595153544,0.0,1.6132566928863523,0.9941327571868896,0.0,2.0,3.0,negative,79.10371921
79.10371921,0.7582544088363647,0.0,0.0,0.0,2.0,0.0,negative,78.51332252
78.51332252,0.0,1.5830023884773254,0.0,0.0,1.0,3.0,negative,76.68028074
76.68028074,0.0,0.0,0.0,0.0,2.0,1.0,positive,76.98986453
76.98986453,0.0,0.0,0.0,0.0,2.0,1.0,negative,76.80905505
76.80905505,0.0,0.0,0.0,0.0,3.0,1.0,negative,76.80672047
76.80672047,0.0,0.0,0.0,0.0,1.0,0.0,negative,76.5519153
76.5519153,0.0,0.0,0.0,0.0,0.0,6.0,negative,75.86526949
75.86526949,0.0,0.0,0.0,0.0,1.0,9.0,positive,76.44861486
76.44861486,0.0,0.0,0.0,0.0,1.0,0.0,negative,75.68413418
75.68413418,4.077765107154846,0.0,1.5065114498138428,0.0,10.0,0.0,positive,76.2480562122
76.2480562122,2.2331088185310364,0.7223107814788818,0.7137744426727295,0.0,13.0,5.0,positive,77.01129911
77.01129911,4.535054743289948,0.0,0.8391034007072449,0.0,25.0,0.0,negative,76.86331787
76.86331787,3.148591697216034,0.0,0.8347244262695312,0.0,18.0,1.0,negative,76.3639687363
76.3639687363,1.715116262435913,0.0,0.7782926559448242,0.0,10.0,0.0,negative,75.74660178
75.74660178,1.4566438794136047,0.0,1.6913647055625916,0.0,8.0,1.0,negative,75.06882409
75.06882409,0.0,0.0,0.0,0.0,2.0,0.0,negative,74.90566823
74.90566823,0.0,0.0,1.9288555979728697,0.0,4.0,1.0,negative,73.39258561
73.39258561,0.0,0.8565106391906738,0.0,0.0,2.0,1.0,negative,73.25287124
73.25287124,0.0,0.0,0.0,0.0,1.0,0.0,positive,74.37059047
74.37059047,1.6092898845672607,0.0,0.0,0.0,9.0,1.0,negative,74.25157877
74.25157877,0.7384201288223267,0.0,0.0,0.0,3.0,0.0,negative,73.9938842
73.9938842,2.274286985397339,0.7547839283943176,0.0,0.0,5.0,2.0,positive,74.91824614
74.91824614,0.0,0.0,0.0,0.7731181383132935,4.0,2.0,positive,75.53561999
75.53561999,0.0,0.8351333737373352,0.0,0.0,2.0,3.0,negative,75.2813969743
75.2813969743,0.0,0.0,0.911915361881256,0.0,3.0,0.0,negative,74.64543913
74.64543913,1.6627139449119568,0.0,0.0,0.0,5.0,0.0,positive,75.05668682
75.05668682,0.0,0.0,0.0,0.0,0.0,0.0,negative,74.58758751
74.58758751,0.0,0.7065419554710388,0.0,0.0,0.0,2.0,negative,74.35836259
74.35836259,0.0,0.8447325825691223,0.0,0.0,0.0,1.0,negative,73.49185713
73.49185713,0.0,0.0,0.0,0.0,0.0,1.0,negative,73.48674887
73.48674887,0.0,0.0,0.0,0.0,0.0,0.0,positive,73.98804472
73.98804472,0.0,3.182833254337311,0.0,0.0,0.0,6.0,negative,73.89764649
73.89764649,0.0,0.0,0.0,0.0,0.0,1.0,positive,74.15573036
74.15573036,0.0,1.684370458126068,0.0,0.0,6.0,2.0,negative,74.14053683
74.14053683,0.0,0.0,0.0,0.0,4.0,2.0,positive,74.47461764
74.47461764,0.0,0.0,0.0,0.0,1.0,2.0,positive,74.6684153003
74.6684153003,0.0,0.7096313238143921,0.0,0.0,0.0,2.0,negative,74.47406144
74.47406144,0.0,0.0,0.0,0.0,1.0,0.0,negative,72.50929825
72.50929825,0.0,0.0,0.0,0.0,0.0,1.0,negative,72.25086715
72.25086715,0.895159900188446,0.7084139585494995,1.6575549840927124,0.0,4.0,3.0,negative,70.580337916
70.580337916,0.0,0.0,0.717694878578186,0.0,2.0,0.0,positive,70.66360126
70.66360126,0.8798255920410156,0.0,0.0,0.0,3.0,2.0,positive,71.48050356
71.48050356,0.0,0.862313985824585,3.357179820537567,0.0,6.0,1.0,negative,70.70867034
70.70867034,0.0,0.0,0.0,0.0,3.0,0.0,negative,70.52062654
70.52062654,0.7780037522315979,1.4482576847076416,0.0,0.0,4.0,2.0,positive,71.2398546
71.2398546,0.0,0.7105501294136047,0.0,0.0,2.0,1.0,positive,71.77706523
71.77706523,0.0,0.8027931451797485,0.0,0.0,2.0,1.0,negative,71.18024523
71.18024523,0.0,0.7628079056739807,0.0,0.0,0.0,1.0,negative,71.00784512
71.00784512,0.0,0.0,0.0,0.0,1.0,0.0,negative,69.30651554
69.30651554,0.0,0.0,0.0,0.7006509304046631,1.0,2.0,negative,69.07372721
69.07372721,0.0,0.0,0.9052046537399292,0.8155144453048706,1.0,1.0,negative,68.77144247
68.77144247,0.0,0.0,0.0,0.0,1.0,0.0,negative,68.71134622
68.71134622,0.0,0.0,0.7481184005737305,0.0,1.0,0.0,positive,69.29564748
69.29564748,0.8168782591819763,0.0,1.4667575359344482,0.0,3.0,0.0,positive,69.49393712
69.49393712,0.0,1.783715009689331,0.0,0.0,0.0,2.0,negative,68.51083858
68.51083858,0.0,0.0,0.8680018186569214,0.0,1.0,0.0,negative,67.34975171
67.34975171,0.0,0.0,0.0,0.0,3.0,0.0,negative,66.2733425672
66.2733425672,0.0,0.0,0.0,0.0,0.0,2.0,positive,67.16667928
67.16667928,0.0,0.0,0.0,0.0,1.0,1.0,negative,66.0473061
66.0473061,0.0,0.0,0.0,0.0,0.0,0.0,positive,67.2256079
67.2256079,1.5522871017456057,0.8340546488761902,0.0,0.0,4.0,5.0,negative,65.7710394634
65.7710394634,0.0,0.7342793345451355,0.0,1.6258032321929932,0.0,4.0,negative,63.81142448
63.81142448,0.0,2.357783854007721,0.9225740432739258,0.0,2.0,3.0,negative,63.3910523418
63.3910523418,2.520582914352417,1.565718412399292,0.7345004081726074,0.0,8.0,2.0,negative,61.82836477
61.82836477,0.7732011079788208,0.0,0.7202313542366028,0.0,4.0,0.0,negative,59.38590422
59.38590422,0.9404217600822448,0.0,0.8571125268936157,0.7484405636787415,11.0,2.0,positive,62.0600607631
62.0600607631,0.7229443788528442,0.0,2.2789539098739624,0.0,9.0,0.0,positive,62.3660725
62.3660725,1.563759744167328,0.0,0.7194185256958008,0.8953253030776978,6.0,1.0,negative,61.98137407
61.98137407,0.0,0.0,0.0,0.0,1.0,0.0,negative,60.91484103
60.91484103,0.0,0.0,0.7026436924934387,0.0,2.0,0.0,positive,61.22360798
61.22360798,0.0,0.8351333737373352,0.0,0.0,3.0,1.0,negative,61.01430861
61.01430861,0.0,0.0,0.0,0.0,2.0,0.0,negative,58.8423467
58.8423467,0.7285106778144836,0.0,0.8411072492599487,0.0,8.0,0.0,positive,60.2214546
60.2214546,0.0,0.0,0.0,0.0,6.0,1.0,negative,59.7318699
59.7318699,0.0,0.7059032320976257,0.923818290233612,0.0,2.0,1.0,positive,60.05978937
60.05978937,0.8587389588356018,1.4781733751296997,0.7009140849113464,0.0,5.0,6.0,positive,60.1090433
60.1090433,0.8851240873336792,0.7747746706008911,1.552439510822296,0.0,6.0,3.0,positive,61.00561816
61.00561816,1.766487181186676,0.7044112682342529,0.0,0.0,5.0,1.0,positive,61.1005709293
61.1005709293,0.0,0.0,0.0,0.0,6.0,2.0,positive,61.26613515
61.26613515,2.617877960205078,0.0,0.0,0.0,6.0,1.0,positive,61.671073854
61.671073854,0.0,0.8630581498146057,0.0,0.0,2.0,1.0,negative,61.2209179868
61.2209179868,0.0,2.499447822570801,0.0,0.999881148338318,0.0,4.0,positive,61.28291838
61.28291838,0.0,1.5847153067588806,1.6476596593856812,0.0,2.0,2.0,negative,61.11066788
61.11066788,0.7749412655830383,0.0,0.0,0.0,1.0,1.0,positive,61.3901372
61.3901372,0.8976932168006897,0.0,1.429328739643097,0.0,8.0,0.0,positive,62.09036738
62.09036738,0.0,0.0,0.0,0.0,0.0,1.0,positive,62.31574501
62.31574501,0.0,0.0,1.67823988199234,1.5379162430763245,3.0,2.0,positive,62.52034852
62.52034852,0.0,0.0,0.7316698431968689,0.0,3.0,1.0,positive,64.32251956
64.32251956,0.0,0.7230087518692017,0.0,0.0,3.0,1.0,negative,64.25518339
64.25518339,0.0,0.7306249141693115,0.0,0.0,0.0,1.0,negative,63.85110286
63.85110286,0.0,0.8262959718704224,0.9166242480278016,0.0,4.0,1.0,negative,63.4380273966
63.4380273966,0.0,0.0,0.0,0.720173716545105,0.0,1.0,negative,63.24559694
63.24559694,0.0,0.0,0.0,0.0,0.0,0.0,negative,61.32324767
61.32324767,0.0,0.0,1.6136695742607117,0.0,3.0,0.0,positive,61.92248521
61.92248521,0.7583741545677185,1.5945285558700562,1.43656724691391,0.0,7.0,3.0,negative,61.50788573
61.50788573,0.0,0.0,0.8946945071220398,0.0,4.0,1.0,positive,62.5338076861
62.5338076861,0.0,0.0,0.0,0.0,1.0,0.0,positive,63.09572903
63.09572903,0.7329409718513489,0.0,0.0,0.0,2.0,0.0,negative,62.65186113
62.65186113,0.7492154836654663,0.0,0.0,0.0,7.0,0.0,negative,62.2159842724
62.2159842724,0.0,0.0,0.0,0.8346477746963501,0.0,1.0,positive,62.21835573
62.21835573,0.0,0.0,0.0,0.0,1.0,0.0,negative,61.71039401
61.71039401,0.0,0.0,0.0,0.0,1.0,0.0,negative,61.14197934
61.14197934,0.0,0.7164571285247803,0.0,0.0,0.0,2.0,negative,60.29829063
60.29829063,0.0,0.0,0.7167911529541016,0.0,1.0,0.0,positive,60.70537615
60.70537615,0.0,0.0,0.0,0.0,1.0,1.0,negative,58.8733703982
58.8733703982,0.0,0.0,0.0,0.0,1.0,0.0,negative,58.68182128
58.68182128,0.0,0.8212034702301025,0.0,0.0,1.0,2.0,positive,58.78147355
58.78147355,0.0,0.0,0.8827513456344604,0.0,1.0,0.0,negative,58.4672048
58.4672048,0.0,0.8085775375366211,0.0,0.0,0.0,3.0,positive,59.39751062
59.39751062,0.0,0.0,0.7244768738746643,0.0,6.0,0.0,positive,59.43554758
59.43554758,0.0,0.8236162662506104,0.0,0.0,3.0,2.0,positive,60.15716241
60.15716241,0.0,2.372272908687592,0.0,0.0,0.0,5.0,negative,59.77727146
59.77727146,0.0,0.848564863204956,0.0,0.0,4.0,2.0,negative,58.91291817
58.91291817,0.9689946174621582,0.7933517694473267,0.7768022418022156,0.0,2.0,1.0,negative,58.6982272
58.6982272,0.0,0.0,0.0,0.0,1.0,0.0,negative,58.33691287
58.33691287,0.0,0.0,1.8161208629608157,0.0,5.0,0.0,positive,59.03284774
59.03284774,2.5333661437034607,0.7868908643722534,0.0,0.0,6.0,1.0,positive,59.74226916
59.74226916,0.7032750248908997,2.4479568004608154,1.7506821155548096,0.999595582485199,9.0,4.0,positive,60.35014957
60.35014957,0.0,1.6408208012580872,0.7630370259284973,0.0,1.0,5.0,negative,59.76395738
59.76395738,0.0,1.662344753742218,0.0,0.980253040790558,2.0,3.0,positive,60.97375333
60.97375333,0.0,0.0,0.0,0.0,1.0,2.0,negative,60.40382645
60.40382645,0.0,0.0,0.0,0.0,0.0,0.0,negative,60.27568068
60.27568068,0.0,0.718695342540741,0.0,0.0,1.0,2.0,negative,60.12463257
60.12463257,0.0,0.0,0.0,0.0,0.0,1.0,positive,60.86752907
60.86752907,0.0,0.0,0.0,0.0,0.0,0.0,positive,61.14522409
61.14522409,0.0,1.7377778887748718,0.8337382078170776,0.0,1.0,3.0,negative,60.60607901
60.60607901,0.0,0.0,0.0,0.7280969023704529,0.0,1.0,positive,60.63079387
60.63079387,0.0,0.0,0.0,0.0,1.0,1.0,negative,60.36781094
60.36781094,0.0,0.0,0.0,0.0,0.0,0.0,negative,59.58141226
59.58141226,0.0,0.0,0.8501245379447937,0.0,1.0,0.0,negative,59.06402816
59.06402816,0.0,0.772200882434845,0.0,0.0,0.0,1.0,positive,59.73871345
59.73871345,0.0,0.7145007252693176,0.0,0.0,0.0,1.0,negative,59.42321702
59.42321702,0.0,0.0,0.0,0.0,1.0,0.0,negative,59.24823074
59.24823074,0.0,0.7014343738555908,0.0,0.0,1.0,1.0,negative,58.6886076899
58.6886076899,0.0,0.0,0.0,0.0,0.0,0.0,positive,58.97047993
58.97047993,0.0,0.762174665927887,0.0,0.0,2.0,2.0,negative,58.51796914
58.51796914,0.0,0.0,0.0,0.0,0.0,0.0,positive,59.25156294
59.25156294,0.0,0.70448237657547,0.0,0.0,0.0,1.0,positive,59.4870424824
59.4870424824,0.7530317306518555,1.53090900182724,1.5849456787109375,0.0,6.0,3.0,positive,59.686747167
59.686747167,0.8987897634506226,0.0,0.0,0.0,2.0,0.0,negative,59.05244843
59.05244843,0.7013865113258362,1.4821041822433472,0.0,0.0,2.0,2.0,negative,58.8396533092
58.8396533092,0.0,0.0,1.6273576021194458,0.0,5.0,0.0,positive,59.0098215702
59.0098215702,0.0,0.0,0.0,0.0,2.0,1.0,negative,58.54326356
58.54326356,0.0,0.0,0.0,0.0,1.0,0.0,positive,58.79670006
58.79670006,0.7315906882286072,0.0,0.0,0.0,3.0,1.0,positive,59.70155861
59.70155861,0.0,0.0,0.0,0.7419277429580688,0.0,2.0,negative,59.49470345
59.49470345,0.8101147413253784,0.9189738035202026,0.0,0.0,3.0,4.0,positive,59.68502329
59.68502329,0.0,0.0,0.88874751329422,0.0,2.0,0.0,negative,59.45056515
59.45056515,0.0,0.0,0.0,0.0,0.0,0.0,negative,59.30994261
59.30994261,0.0,0.0,0.0,0.0,1.0,0.0,negative,59.03444821
59.03444821,0.0,0.0,0.0,0.0,1.0,0.0,negative,58.78876705
58.78876705,0.0,2.274788558483124,0.0,0.0,0.0,4.0,positive,58.80393633
58.80393633,0.0,0.0,0.0,0.0,0.0,0.0,negative,58.72827248
58.72827248,0.0,0.0,0.0,0.0,2.0,1.0,positive,59.0890658273
59.0890658273,0.0,0.0,0.0,0.0,0.0,0.0,positive,59.517282831
59.517282831,0.0,0.0,0.0,0.0,0.0,0.0,negative,59.0666462494
59.0666462494,0.0,0.0,0.0,0.0,0.0,0.0,positive,59.2983053
59.2983053,0.0,0.0,0.0,0.0,0.0,0.0,negative,58.88887142
58.88887142,0.0,0.0,0.0,0.0,2.0,0.0,negative,58.69660177
58.69660177,0.0,0.0,0.0,0.0,1.0,0.0,negative,57.47541136
57.47541136,0.7771071195602417,0.0,0.0,0.0,2.0,3.0,positive,57.60794426
57.60794426,0.0,0.0,2.5232390761375427,0.0,5.0,1.0,negative,56.91289812
56.91289812,0.0,0.0,0.7756122946739197,0.0,1.0,1.0,positive,57.60801281
57.60801281,0.0,0.0,0.0,0.0,1.0,0.0,negative,57.0534638293
57.0534638293,0.0,0.0,0.0,0.0,1.0,0.0,negative,56.9252165196
56.9252165196,0.717877984046936,0.8351333737373352,0.9208972454071044,0.0,6.0,1.0,positive,57.96731923
57.96731923,0.0,0.0,0.0,0.0,1.0,1.0,negative,57.95668772
57.95668772,0.7662270665168762,0.0,0.0,0.0,1.0,1.0,positive,58.05348674
58.05348674,0.0,0.857191801071167,0.0,0.0,1.0,1.0,negative,57.97095091
57.97095091,0.0,0.7714972496032715,0.0,0.0,1.0,2.0,positive,58.37269533
58.37269533,0.7646273970603943,0.0,0.0,0.0,2.0,0.0,negative,57.9614058946
57.9614058946,0.761509358882904,0.0,0.0,0.0,1.0,0.0,positive,58.25568887
58.25568887,0.0,0.0,0.0,0.0,0.0,1.0,positive,58.3770673925
58.3770673925,0.0,0.0,0.0,0.0,0.0,0.0,positive,58.581960725
58.581960725,0.0,0.0,0.0,0.0,1.0,0.0,negative,58.4921652105
58.4921652105,0.0,0.0,0.8386365175247192,0.0,2.0,0.0,positive,58.99767625
58.99767625,0.7566593885421753,0.0,0.0,0.0,1.0,0.0,positive,59.64508753
59.64508753,0.0,0.7817491292953491,0.0,0.0,0.0,2.0,positive,59.82256419
59.82256419,0.0,0.0,0.0,0.0,0.0,0.0,negative,59.77215169
59.77215169,0.0,0.7349157929420471,0.0,0.0,1.0,1.0,negative,59.7133838168
59.7133838168,0.7516665458679199,1.7661995887756348,0.0,0.0,3.0,2.0,positive,60.3310488
60.3310488,0.0,0.0,0.0,0.0,2.0,0.0,positive,60.52821359
60.52821359,0.0,0.9578238725662231,0.0,0.0,0.0,1.0,negative,60.43077781
60.43077781,0.0,0.7744598388671875,0.0,0.0,1.0,1.0,positive,61.24311172
61.24311172,0.0,0.0,0.7141155004501343,0.0,1.0,0.0,positive,61.4404817102
61.4404817102,0.0,0.0,0.0,0.0,0.0,0.0,positive,61.48525278
61.48525278,0.0,0.0,0.0,0.0,0.0,1.0,positive,61.50223222
61.50223222,0.0,0.8733659982681274,0.0,0.0,3.0,2.0,negative,61.34122522
61.34122522,0.0,0.0,0.0,0.0,1.0,2.0,positive,61.5844407459
61.5844407459,0.0,0.7775522470474243,0.0,0.0,1.0,1.0,negative,61.01533838
61.01533838,0.8833431005477905,0.8351333737373352,0.0,0.0,4.0,1.0,negative,60.99555
60.99555,0.0,0.0,0.0,0.0,2.0,1.0,negative,60.50446025
60.50446025,0.0,0.0,0.0,0.0,4.0,0.0,negative,60.4363335
60.4363335,1.8260987401008608,0.0,0.0,0.0,3.0,0.0,positive,60.54250104
60.54250104,0.7297655344009399,0.8687682151794434,0.0,0.0,1.0,3.0,positive,61.0798552
61.0798552,0.0,0.7041020393371582,0.0,0.0,1.0,1.0,negative,60.7588585202
60.7588585202,0.0,0.0,0.0,0.0,1.0,1.0,positive,61.12018619
61.12018619,0.0,4.081920742988586,0.8903191685676575,0.0,1.0,7.0,negative,60.74435477
60.74435477,0.8772988319396973,0.0,0.0,0.0,2.0,0.0,negative,60.57235576
60.57235576,0.0,0.8447505831718445,0.0,0.0,0.0,1.0,positive,60.86369211
60.86369211,0.0,0.78584885597229,0.0,0.0,0.0,1.0,positive,61.20934107
61.20934107,1.607967495918274,0.8447505831718445,0.0,0.0,6.0,2.0,positive,61.8623442
61.8623442,1.4449570775032043,0.0,0.0,0.0,7.0,0.0,positive,62.18080166
62.18080166,2.5496493577957158,0.0,0.0,0.0,3.0,1.0,negative,61.68960502
61.68960502,0.0,0.0,0.8450183272361755,0.0,1.0,0.0,negative,61.13163456
61.13163456,0.7557451725006104,1.7229049801826477,0.0,0.0,2.0,2.0,negative,60.78214306
60.78214306,0.0,0.0,0.0,0.0,1.0,0.0,positive,60.78542516
60.78542516,0.8756657242774963,0.7296766638755798,0.8123422265052795,0.0,8.0,3.0,negative,60.13944786
60.13944786,0.7158071398735046,0.0,0.0,0.0,2.0,1.0,positive,60.25266336
60.25266336,0.0,0.0,0.9685488939285278,0.0,2.0,0.0,positive,60.51596317
60.51596317,0.0,0.0,0.0,0.0,0.0,0.0,positive,61.10598355
61.10598355,2.5345457792282104,0.0,0.0,0.0,10.0,0.0,negative,60.76432872
60.76432872,0.0,0.0,0.7428728342056274,0.0,1.0,0.0,positive,60.81677203
60.81677203,0.0,0.0,0.0,0.0,2.0,0.0,positive,61.01843793
61.01843793,0.0,0.8351333737373352,1.6283012628555298,0.0,6.0,1.0,positive,61.14447561
61.14447561,0.0,0.0,0.9268118739128112,0.0,5.0,0.0,negative,61.03759888
61.03759888,0.0,0.0,0.0,0.0,3.0,2.0,positive,61.1282335
61.1282335,0.0,0.0,0.7810429930686951,0.0,1.0,0.0,positive,61.16513876
61.16513876,0.0,5.565341413021088,0.0,0.9318739175796508,3.0,8.0,positive,61.28499254
61.28499254,0.0,0.0,0.0,0.0,0.0,2.0,positive,61.44594146
61.44594146,0.9792709350585938,0.0,0.0,0.0,2.0,0.0,negative,61.19624419
61.19624419,1.6621941924095154,0.0,0.0,0.0,2.0,0.0,negative,60.8734904549
60.8734904549,0.7186567783355713,1.6915175914764404,0.0,0.7181545495986938,2.0,5.0,negative,60.8357919585
60.8357919585,0.0,0.0,0.7506356239318848,0.0,1.0,0.0,positive,60.9351093865
60.9351093865,0.0,0.0,0.0,0.0,4.0,0.0,negative,60.7360254936
60.7360254936,0.7444882392883301,0.0,0.8274412155151367,0.0,3.0,0.0,negative,60.3928990628
60.3928990628,0.7851986289024353,0.0,0.0,0.0,2.0,1.0,negative,60.15984568
60.15984568,0.0,0.0,0.0,0.0,5.0,0.0,positive,60.26950572
60.26950572,0.0,1.5942953824996948,0.0,0.0,1.0,2.0,positive,60.57279023
60.57279023,0.0,0.0,0.8022742867469788,0.0,2.0,0.0,negative,60.4408545067
60.4408545067,0.8584020733833313,0.0,0.7192361950874329,0.745919942855835,6.0,1.0,negative,59.80373515
59.80373515,0.9507970213890076,0.0,0.0,0.0,2.0,0.0,positive,59.83983614
59.83983614,0.0,0.0,0.8701990842819214,0.0,1.0,0.0,positive,60.00744987
60.00744987,0.7876325845718384,0.7037624716758728,0.0,0.0,3.0,1.0,negative,59.89701495
59.89701495,0.7639663219451904,0.0,0.0,0.0,7.0,0.0,positive,60.06170202
60.06170202,0.0,0.0,0.0,0.0,1.0,0.0,negative,59.85265358
59.85265358,0.8299544453620911,0.0,0.0,0.0,3.0,0.0,positive,60.12959167
60.12959167,0.0,0.0,0.0,0.0,0.0,0.0,positive,60.19811228
60.19811228,1.532309114933014,0.0,0.7309933304786682,0.0,5.0,0.0,positive,60.38241897
60.38241897,0.0,0.7091701626777649,0.0,0.0,0.0,2.0,positive,60.84064678
60.84064678,0.0,0.0,0.0,0.0,2.0,1.0,negative,60.81002235
60.81002235,0.0,0.0,0.0,0.0,1.0,0.0,positive,60.93292094
60.93292094,0.0,0.0,0.0,0.0,1.0,0.0,negative,60.81276777
60.81276777,0.0,0.0,0.0,0.0,0.0,0.0,positive,60.95753333
60.95753333,0.0,1.6163615584373474,0.0,0.0,2.0,2.0,positive,61.5142566285
61.5142566285,0.0,0.0,0.7671437859535217,0.0,7.0,0.0,negative,61.33070428
61.33070428,0.8193963170051575,1.648596107959747,0.8302655816078186,0.0,4.0,2.0,negative,61.19494305
61.19494305,0.8149902820587158,2.46979957818985,0.0,0.0,2.0,3.0,positive,61.30716834
61.30716834,0.0,0.0,0.0,0.0,4.0,0.0,positive,61.81202831
61.81202831,1.4335854649543762,0.0,0.0,0.8374825716018677,4.0,1.0,positive,62.70870156
62.70870156,1.5005322098731997,1.543509662151337,0.0,0.0,3.0,4.0,negative,62.56054585
62.56054585,0.7076362371444702,0.7336304187774658,0.0,0.0,3.0,2.0,positive,62.69421324
62.69421324,2.29023677110672,0.0,0.9062303900718688,0.0,8.0,0.0,negative,62.5224461573
62.5224461573,0.0,0.0,0.0,0.0,3.0,0.0,negative,62.10762288
62.10762288,0.0,0.0,0.0,0.0,1.0,2.0,positive,62.33873196
62.33873196,0.0,0.0,0.8340342044830322,0.0,5.0,2.0,positive,62.62981334
62.62981334,0.0,0.0,0.0,0.7072404623031616,2.0,2.0,positive,62.86941729
62.86941729,0.0,0.0,0.0,0.0,5.0,0.0,negative,62.48828479
62.48828479,0.8573771119117737,0.0,0.0,0.0,3.0,0.0,negative,62.3654583519
62.3654583519,0.0,1.690866231918335,0.0,0.0,3.0,2.0,negative,62.35906943
62.35906943,0.0,1.8443036079406736,0.8295639157295227,0.0,3.0,2.0,negative,62.34053857
62.34053857,1.8281354904174805,0.7674672603607178,0.0,0.0,5.0,1.0,negative,61.9778428307
61.9778428307,0.7037173509597778,0.0,0.8779796957969666,0.0,4.0,0.0,positive,62.04545979
62.04545979,0.0,0.0,0.725807785987854,0.0,1.0,0.0,negative,61.60319498
61.60319498,0.0,0.0,0.0,0.0,3.0,0.0,positive,61.67406063
61.67406063,0.0,0.0,0.0,0.0,1.0,0.0,positive,61.74183453
61.74183453,0.0,0.0,0.0,0.0,2.0,0.0,negative,61.58168703
61.58168703,0.0,0.0,0.8869039416313171,0.9229142069816588,3.0,1.0,positive,61.5818059
61.5818059,0.0,0.0,0.0,0.0,2.0,0.0,positive,62.54779073
62.54779073,0.0,0.0,0.0,0.0,2.0,0.0,negative,62.49488966
62.49488966,0.0,0.0,0.0,0.0,0.0,0.0,negative,62.419098412
62.419098412,0.0,0.0,0.0,0.0,1.0,0.0,positive,62.73344322
62.73344322,1.9162783026695247,0.7475935816764832,0.0,0.0,4.0,1.0,positive,62.82576661
62.82576661,0.0,0.0,0.0,0.0,1.0,0.0,positive,63.06401909
63.06401909,0.0,0.0,0.0,0.0,1.0,1.0,positive,63.77326393
63.77326393,0.0,0.0,0.8761946558952332,0.0,2.0,0.0,negative,62.9150386259
62.9150386259,0.0,0.0,0.0,0.0,2.0,0.0,negative,62.60449777
62.60449777,0.0,0.0,0.0,0.0,1.0,1.0,positive,62.6103986552
62.6103986552,0.0,0.7588379979133606,0.0,0.0,1.0,1.0,negative,62.24176709
62.24176709,0.0,0.0,0.0,0.0,1.0,0.0,positive,62.2654482299
62.2654482299,0.861054539680481,0.74033522605896,0.0,0.0,2.0,1.0,positive,62.45065608
62.45065608,0.0,0.8190355896949768,0.0,0.0,3.0,3.0,negative,62.17679154
62.17679154,0.762568473815918,0.0,0.0,0.0,1.0,0.0,positive,62.47365172
62.47365172,0.0,0.0,0.0,0.0,2.0,0.0,negative,62.4281474637
62.4281474637,0.8554252982139587,0.0,0.0,0.0,1.0,0.0,positive,62.76093544
62.76093544,0.0,0.0,0.0,0.0,3.0,0.0,negative,62.6724056777
62.6724056777,0.0,0.0,0.0,0.0,1.0,0.0,positive,63.02560065
63.02560065,1.596943736076355,0.0,0.7094411253929138,0.0,5.0,0.0,positive,63.0946803252
63.0946803252,0.0,0.8450103998184204,0.0,0.0,2.0,2.0,negative,62.74308459
62.74308459,2.4255581498146057,0.0,0.0,0.0,4.0,0.0,positive,62.86891645
62.86891645,0.0,0.0,0.8728827238082886,0.0,1.0,0.0,positive,63.02750094
63.02750094,0.0,1.400437355041504,0.0,0.0,0.0,2.0,positive,63.16749295
63.16749295,0.0,0.0,0.0,0.0,2.0,0.0,positive,63.28024023
63.28024023,0.0,0.0,0.0,0.7141878008842468,2.0,1.0,positive,63.368881148
63.368881148,0.0,0.0,0.0,0.0,2.0,0.0,negative,63.24529664
63.24529664,0.0,0.0,0.0,0.0,0.0,0.0,positive,63.4463014196
63.4463014196,0.0,0.0,0.0,0.0,0.0,0.0,positive,63.68540123
63.68540123,0.0,1.642406940460205,0.0,0.0,0.0,2.0,negative,63.2526146803
63.2526146803,0.0,0.0,0.0,0.0,0.0,0.0,positive,63.31861543
63.31861543,0.0,0.0,0.0,0.0,0.0,0.0,negative,62.64159113
62.64159113,0.0,4.001764416694641,0.0,0.0,0.0,5.0,positive,62.68764833
62.68764833,0.0,0.0,0.0,0.0,0.0,1.0,positive,62.7375713297
62.7375713297,0.0,0.8199055194854736,0.0,0.0,0.0,1.0,positive,62.86989747
62.86989747,0.0,0.0,0.0,0.0,0.0,0.0,negative,62.42818205
62.42818205,0.0,0.0,0.0,0.0,1.0,0.0,negative,61.276591
61.276591,0.0,0.0,0.0,0.0,1.0,0.0,negative,60.88512375
60.88512375,0.0,0.0,0.0,0.7389731407165527,1.0,1.0,negative,60.78059642
60.78059642,0.0,0.0,0.7165395617485046,0.0,3.0,0.0,negative,60.69354864
60.69354864,0.7212212681770325,0.0,0.8416801691055298,0.0,4.0,0.0,positive,60.8087319094
60.8087319094,0.7500203847885132,0.707813560962677,0.7861576080322266,0.0,3.0,1.0,positive,60.87613657
60.87613657,0.0,0.0,1.8121755123138428,0.0,2.0,0.0,negative,60.54630926
60.54630926,0.7837782502174377,0.0,0.0,0.0,3.0,0.0,negative,59.62673496
59.62673496,0.0,0.0,0.8957977890968323,0.0,4.0,0.0,negative,59.28997494
59.28997494,0.0,0.0,0.9396503567695618,0.0,6.0,0.0,negative,59.1451499493
59.1451499493,1.8211355209350584,1.9030967950820925,0.8660902380943298,0.0,9.0,2.0,negative,58.93701501
58.93701501,0.9113256335258484,0.0,3.3009790182113647,0.0,12.0,0.0,positive,59.05017996
59.05017996,0.0,0.0,0.0,0.0,7.0,0.0,negative,59.00128416
59.00128416,0.0,0.0,0.0,0.0,4.0,0.0,negative,58.87139253
58.87139253,0.7148669958114624,0.0,0.7356560826301575,0.0,5.0,0.0,positive,59.0293954949
59.0293954949,0.0,0.0,0.0,0.0,3.0,0.0,positive,59.24971342
59.24971342,0.7346892952919006,0.0,0.0,0.0,3.0,0.0,negative,59.1543410239
59.1543410239,0.0,0.0,0.0,0.0,1.0,0.0,positive,59.25549113
59.25549113,0.0,0.0,0.0,0.0,0.0,0.0,positive,59.2897172638
59.2897172638,0.0,0.0,0.7957206964492798,0.0,2.0,0.0,negative,58.32006443
58.32006443,0.0,0.7183526754379272,0.0,0.0,1.0,1.0,negative,57.70533804
57.70533804,0.8447944521903992,0.0,0.0,0.0,4.0,0.0,negative,57.0442066
57.0442066,0.0,0.0,0.0,0.0,3.0,0.0,negative,54.7298393022
54.7298393022,0.0,0.0,0.7507069706916809,0.0,4.0,0.0,negative,53.42129084
53.42129084,0.0,0.0,0.0,0.0,4.0,0.0,positive,54.31339252
54.31339252,0.0,1.6366009712219238,0.0,0.0,3.0,2.0,negative,54.2375378
54.2375378,0.0,0.0,0.9396017789840698,0.939066767692566,3.0,1.0,negative,54.111380102
54.111380102,0.0,0.8024541735649109,0.0,0.0,2.0,1.0,negative,53.68813177
53.68813177,0.0,0.0,0.0,0.795702338218689,2.0,1.0,negative,52.99377959
52.99377959,0.7602987885475159,0.0,0.0,0.0,2.0,3.0,negative,52.74077878
52.74077878,0.0,0.8024541735649109,0.0,0.0,2.0,1.0,negative,51.72860078
51.72860078,0.0,0.8559761047363281,0.0,0.0,1.0,2.0,positive,51.89634615
51.89634615,0.0,0.772746205329895,0.0,0.0,0.0,2.0,positive,52.17378098
52.17378098,0.0,0.0,0.0,0.0,0.0,0.0,negative,51.42897268
51.42897268,0.738477349281311,0.8066176772117615,0.8574988842010498,0.0,3.0,1.0,negative,51.07491252
51.07491252,0.0,0.0,0.0,0.0,2.0,0.0,negative,50.34475115
50.34475115,0.0,0.0,0.0,0.0,1.0,0.0,negative,49.9368183
49.9368183,0.0,0.0,0.0,0.0,1.0,0.0,positive,50.13155241
50.13155241,0.9148688316345216,0.0,0.0,0.0,3.0,0.0,positive,50.42082461
50.42082461,0.0,0.0,0.0,0.0,0.0,0.0,positive,50.83349963
50.83349963,0.7205299139022827,0.0,0.9382447004318236,0.0,3.0,1.0,negative,50.37596809
50.37596809,0.0,0.0,0.0,0.0,0.0,0.0,negative,50.33357898
50.33357898,0.0,0.0,0.0,0.0,0.0,0.0,negative,49.58271417
49.58271417,0.0,1.5171762704849243,0.0,0.0,1.0,2.0,positive,50.16729978
50.16729978,0.8624468445777893,0.0,0.0,0.0,1.0,0.0,negative,49.22652569
49.22652569,0.0,1.5626962780952454,0.7121917009353638,0.0,7.0,2.0,negative,48.30116565
48.30116565,0.8660155534744263,1.642406940460205,0.0,0.0,10.0,2.0,positive,48.3341296706
48.3341296706,0.0,0.0,0.0,0.0,4.0,1.0,positive,49.50890561
49.50890561,1.710418522357941,0.7949883937835693,0.0,0.0,4.0,2.0,negative,48.19314314
48.19314314,0.0,0.7996947765350342,0.0,0.0,3.0,1.0,positive,48.27766772
48.27766772,0.0,0.7364569902420044,1.501164734363556,0.0,4.0,1.0,positive,48.96816436
48.96816436,0.0,0.0,0.0,0.0,2.0,0.0,positive,49.19111116
49.19111116,0.0,0.0,0.8885575532913208,0.8203191161155701,6.0,1.0,negative,48.7812892055
48.7812892055,1.7086889147758484,0.0,2.48604154586792,0.0,10.0,0.0,positive,49.8199173
49.8199173,0.0,0.8027132153511047,0.866787314414978,0.0,2.0,1.0,positive,50.16814728
50.16814728,0.9668015837669371,0.8559761047363281,0.0,0.0,2.0,1.0,positive,50.56721813
50.56721813,0.9101508259773254,0.0,0.0,0.0,2.0,1.0,negative,50.08998107
50.08998107,0.0,0.0,0.0,0.0,1.0,1.0,positive,50.21227897
50.21227897,0.0,0.0,0.0,0.0,0.0,1.0,negative,50.18767515
50.18767515,0.0,0.0,0.8549543023109436,0.0,3.0,0.0,positive,50.46286668
50.46286668,0.8228757381439209,0.0,0.0,0.0,1.0,0.0,negative,50.35574195
50.35574195,0.0,1.6486303210258484,0.9407329559326172,0.0,1.0,3.0,negative,49.8543477391
49.8543477391,0.0,0.0,0.7315542697906494,0.0,1.0,0.0,negative,49.44914718
49.44914718,0.0,0.0,0.0,0.0,0.0,0.0,positive,49.7845164
49.7845164,0.0,0.0,0.0,0.0,1.0,0.0,negative,49.57234811
49.57234811,0.0,0.0,0.0,0.0,1.0,0.0,positive,50.4456344
50.4456344,0.0,0.0,0.0,0.0,3.0,0.0,positive,50.67082648
50.67082648,0.0,0.0,0.0,0.0,1.0,1.0,positive,51.14403279
51.14403279,0.0,0.0,0.0,0.0,0.0,2.0,negative,51.00921493
51.00921493,1.6544837951660156,1.77437424659729,0.0,0.0,2.0,2.0,negative,50.96864112
50.96864112,0.0,0.0,0.0,0.8426306247711182,1.0,1.0,negative,49.6665924048
49.6665924048,0.0,1.4387469291687012,0.0,0.0,2.0,3.0,positive,49.78068454
49.78068454,0.0,0.0,1.6434091329574585,0.0,3.0,0.0,positive,49.97353145
49.97353145,0.0,0.0,0.8441522121429443,0.0,4.0,0.0,negative,49.91955633
49.91955633,0.0,0.0,0.0,0.0,0.0,0.0,positive,50.43155053
50.43155053,0.0,0.0,1.5099636316299438,0.0,13.0,0.0,positive,50.5150096718
50.5150096718,0.8632122278213501,0.0,2.3624160289764404,0.0,7.0,2.0,negative,50.25418077
50.25418077,0.0,0.0,1.8344051837921145,0.0,3.0,0.0,positive,50.47501673
50.47501673,0.8774130344390869,0.0,0.78607177734375,0.0,3.0,0.0,negative,50.25638895
50.25638895,2.6092886328697205,0.0,0.0,0.0,7.0,0.0,positive,50.51149171
50.51149171,0.0,0.8559761047363281,0.0,0.0,1.0,1.0,negative,50.48575814
50.48575814,0.0,0.0,0.0,0.0,0.0,1.0,negative,50.15642452
50.15642452,0.0,0.0,0.722309410572052,0.0,2.0,0.0,positive,50.2919253101
50.2919253101,0.0,0.8656097650527954,0.0,0.0,5.0,1.0,positive,50.4225499863
50.4225499863,3.164512455463409,0.0,0.7799181342124939,0.0,6.0,0.0,negative,50.1863404
50.1863404,0.7604092359542847,0.0,0.0,0.0,2.0,0.0,negative,49.79971991
49.79971991,0.0,0.0,0.7494259476661682,0.0,1.0,1.0,negative,49.50558436
49.50558436,0.0,0.0,0.0,0.0,2.0,0.0,negative,49.47630599
49.47630599,0.0,0.0,0.0,0.0,1.0,0.0,negative,49.22708573
49.22708573,0.8435627818107605,0.0,0.0,0.0,4.0,0.0,negative,48.22483501
48.22483501,0.0,0.0,0.0,0.0,0.0,0.0,positive,48.55486161
48.55486161,0.0,0.0,0.0,0.0,0.0,0.0,negative,48.44723162
48.44723162,0.8523532152175903,0.0,0.0,0.0,2.0,0.0,positive,48.5771643
48.5771643,1.677973449230194,0.7349916696548462,1.4392459988594055,0.0,6.0,3.0,negative,48.12367713
48.12367713,1.495514452457428,0.0,0.0,0.0,6.0,0.0,negative,47.77868852
47.77868852,0.8766337037086487,0.7014343738555908,0.8309968709945679,0.0,6.0,1.0,positive,48.05057856
48.05057856,2.443914890289306,0.0,0.0,0.0,8.0,0.0,negative,47.1050742253
47.1050742253,0.7003099322319031,0.0,0.0,0.0,5.0,0.0,positive,47.33130741
47.33130741,0.0,0.0,0.0,0.0,0.0,0.0,positive,47.72128274
47.72128274,0.7603392004966736,0.0,0.7056856751441956,0.0,6.0,1.0,positive,48.35662324
48.35662324,0.0,0.0,0.8457551598548889,0.0,2.0,1.0,negative,48.01150591
48.01150591,0.0,1.6601698994636536,0.7154385447502136,0.0,8.0,2.0,positive,48.44485548
48.44485548,0.0,0.8559761047363281,0.0,0.0,2.0,1.0,positive,48.46378534
48.46378534,0.8593165874481201,0.7666301131248474,0.0,0.0,5.0,1.0,negative,48.24435188
48.24435188,0.0,0.0,1.5764254331588743,0.0,2.0,0.0,negative,47.05398615
47.05398615,0.0,0.7971419095993042,0.0,0.0,0.0,2.0,negative,46.42607995
46.42607995,0.0,0.0,0.0,0.0,1.0,0.0,negative,46.23925137
46.23925137,0.0,0.0,0.0,0.0,1.0,0.0,negative,45.74221585
45.74221585,0.8056793212890625,0.0,0.9519457221031188,0.0,3.0,0.0,positive,45.74993797
45.74993797,0.0,0.0,0.0,0.0,2.0,1.0,negative,44.99125047
44.99125047,0.0,0.0,0.0,0.0,1.0,0.0,negative,44.23472081
44.23472081,0.8976932168006897,0.7046707272529602,0.0,0.0,1.0,2.0,negative,43.0624206644
43.0624206644,0.0,0.0,0.7054684162139893,0.0,4.0,0.0,negative,42.79728006
42.79728006,0.0,0.0,0.8306608200073242,0.0,2.0,0.0,negative,36.59661415
36.59661415,0.0,0.0,0.0,0.0,4.0,6.0,negative,33.82701132
33.82701132,0.8011519312858582,1.6658853888511658,0.0,0.0,4.0,5.0,negative,33.7586606098
33.7586606098,0.8664620518684387,2.214528799057007,0.8987141847610474,0.0,6.0,4.0,negative,32.0524768799
32.0524768799,0.0,2.460915505886078,2.2929946780204773,0.0,5.0,4.0,positive,34.67794049
34.67794049,1.670077204704285,0.7337400317192078,0.0,0.0,9.0,2.0,positive,35.09322493
35.09322493,3.201885402202606,0.7522100806236267,0.0,0.0,7.0,1.0,negative,34.60189402
34.60189402,0.0,0.0,1.8451454639434812,0.0,3.0,1.0,positive,35.99103657
35.99103657,0.7233836650848389,0.7447820901870728,0.0,0.0,1.0,3.0,negative,35.47244494
35.47244494,0.0,0.0,0.0,0.0,1.0,1.0,negative,35.1263258443
35.1263258443,0.0,0.0,0.7096899747848511,0.0,1.0,1.0,negative,32.994811039300004
32.994811039300004,0.0,0.0,0.7745158076286316,0.0,3.0,1.0,positive,33.1485024548
33.1485024548,0.0,0.0,0.0,0.0,0.0,0.0,positive,33.5586775403
33.5586775403,0.0,0.0,0.0,0.0,1.0,1.0,negative,31.004512577
31.004512577,0.0,0.0,0.7153922319412231,0.0,3.0,0.0,negative,29.4823731
29.4823731,0.0,0.0,3.434608578681946,0.0,7.0,1.0,negative,27.5921772
27.5921772,2.365938127040863,0.0,1.6719622611999512,0.925666332244873,10.0,1.0,positive,30.27207302
30.27207302,1.57245272397995,0.8424136638641357,2.415438592433929,0.0,13.0,1.0,positive,32.11653737
32.11653737,0.7951095700263977,0.8039169907569885,0.0,0.0,5.0,2.0,negative,30.37436806
30.37436806,0.0,0.0,0.9397284984588624,0.0,3.0,0.0,positive,31.45202244
31.45202244,0.0,0.0,0.0,0.0,0.0,0.0,positive,32.4986885
32.4986885,0.0,0.0,0.8669155836105347,0.917320191860199,2.0,2.0,positive,33.60908348
33.60908348,0.0,0.0,0.0,0.0,1.0,0.0,positive,33.8420803
33.8420803,0.0,0.0,0.956114947795868,0.0,6.0,0.0,positive,35.91900362
35.91900362,0.0,0.7128154635429382,1.4629279375076294,0.0,5.0,1.0,negative,35.26256836
35.26256836,0.7696569561958313,0.0,0.7498447895050049,0.0,5.0,1.0,negative,34.16255895
34.16255895,0.7233149409294128,0.0,0.9195142388343812,0.0,7.0,0.0,positive,36.6626542
36.6626542,1.548320710659027,0.0,0.927828311920166,0.0,4.0,2.0,positive,37.57849515
37.57849515,0.925083875656128,0.0,2.525063455104828,0.710243284702301,7.0,2.0,negative,37.01656165
37.01656165,0.0,0.0,0.8736833930015564,0.0,6.0,0.0,negative,34.02894251
34.02894251,0.7835385203361511,0.9348466992378236,0.8407372236251831,0.7058238983154297,5.0,2.0,positive,35.16269748
35.16269748,1.7643404603004456,0.0,3.293113470077514,1.5374132990837095,13.0,3.0,positive,35.21057364
35.21057364,1.6171581745147705,0.0,0.0,0.0,6.0,0.0,negative,33.6597870232
33.6597870232,0.807949423789978,1.698362112045288,0.0,0.0,5.0,4.0,positive,36.1618013264
36.1618013264,0.864516019821167,0.0,0.7891754508018494,0.0,8.0,2.0,negative,35.88646955
35.88646955,1.674842894077301,0.0,0.0,0.0,5.0,0.0,positive,36.51146592
36.51146592,0.8716524839401245,1.568498194217682,0.0,0.0,3.0,2.0,positive,37.13188043
37.13188043,0.0,0.8270995020866394,0.0,0.0,2.0,4.0,positive,37.43795474
37.43795474,0.0,0.0,0.9487131834030152,0.0,2.0,2.0,negative,36.81203523
36.81203523,0.8047469854354858,0.0,0.0,0.0,3.0,0.0,positive,37.047014
37.047014,0.0,0.0,0.0,0.0,2.0,0.0,negative,36.97553804
36.97553804,0.0,0.8271565437316895,0.0,0.0,0.0,1.0,positive,37.39263984
37.39263984,0.0,0.0,0.0,0.0,1.0,0.0,negative,36.90140812
36.90140812,0.0,0.8472158908843994,0.7715586423873901,0.0,2.0,1.0,negative,36.24406503
36.24406503,0.9269911050796508,0.0,0.0,0.0,1.0,0.0,positive,36.40347743
36.40347743,0.0,0.0,0.0,0.0,0.0,0.0,negative,36.20106297
36.20106297,0.7074152231216431,0.0,0.0,0.0,3.0,0.0,negative,35.51595247
35.51595247,0.0,0.0,0.0,0.0,0.0,0.0,negative,34.71836688
34.71836688,0.0,0.0,0.8924534320831299,0.0,2.0,0.0,positive,35.52412652
35.52412652,0.0,0.8203051686286926,0.0,0.0,1.0,1.0,positive,36.19801501
36.19801501,0.7467532753944397,0.0,0.0,0.0,2.0,0.0,negative,35.56296849
35.56296849,0.0,0.0,0.0,0.0,0.0,1.0,negative,35.0821824276
35.0821824276,0.0,0.0,0.0,0.0,0.0,0.0,positive,35.44010725
35.44010725,0.0,0.0,0.0,0.0,1.0,0.0,negative,35.34610166
35.34610166,0.8285989761352539,0.0,1.5764793157577517,0.0,5.0,0.0,positive,35.8817419
35.8817419,0.0,0.7076697945594788,0.0,0.0,1.0,1.0,negative,35.69933693
35.69933693,0.0,0.0,0.0,0.0,1.0,1.0,positive,36.02985748
36.02985748,0.0,0.0,0.0,0.0,0.0,0.0,negative,35.877589968
35.877589968,0.8070474863052368,0.0,0.0,0.0,2.0,0.0,negative,35.473315315
35.473315315,0.0,0.0,0.0,0.0,0.0,0.0,negative,35.43052668
35.43052668,0.0,0.0,0.0,0.0,1.0,0.0,negative,35.19250904
35.19250904,1.5961668491363523,0.0,0.0,0.0,2.0,0.0,negative,34.39658647
34.39658647,0.0,0.0,0.7130500674247742,0.0,2.0,1.0,positive,35.01567732
35.01567732,0.0,0.0,1.5598843097686768,0.0,4.0,0.0,negative,34.28977277
34.28977277,0.9459633827209472,0.0,1.7957550883293152,0.0,6.0,0.0,positive,34.61466998
34.61466998,0.0,0.0,0.0,0.0,0.0,0.0,negative,34.5329849836
34.5329849836,0.0,0.7109645009040833,0.7363892793655396,0.0,1.0,1.0,positive,35.04776096
35.04776096,0.0,0.0,0.0,0.0,1.0,0.0,positive,35.2003448
35.2003448,0.0,0.0,0.0,0.0,1.0,0.0,positive,35.61923367
35.61923367,0.0,0.0,0.0,0.0,0.0,0.0,negative,35.33738878
35.33738878,0.0,0.0,0.9773710370063782,0.0,2.0,0.0,negative,35.1959821917
35.1959821917,1.5760321617126465,0.0,0.0,0.0,3.0,0.0,positive,35.33508206
35.33508206,1.7995533347129822,0.0,0.8801289200782776,0.0,3.0,0.0,positive,36.25000433
36.25000433,0.0,0.0,0.0,0.0,1.0,1.0,negative,36.18352211
36.18352211,0.0,0.0,0.0,0.0,1.0,0.0,negative,35.78351018
35.78351018,0.0,0.0,0.0,0.0,0.0,0.0,positive,36.05776985
36.05776985,0.0,0.0,1.506155550479889,0.0,3.0,1.0,negative,35.84910881
35.84910881,0.9186201095581056,2.215270221233368,0.0,0.0,6.0,5.0,positive,35.94616564
35.94616564,0.0,1.727157473564148,0.0,0.0,0.0,3.0,positive,36.09983831
36.09983831,0.0,0.0,0.7053759694099426,0.0,3.0,0.0,negative,35.882739282
35.882739282,0.0,0.7570704817771912,0.0,0.0,1.0,1.0,positive,35.9939509
35.9939509,0.0,0.0,0.0,0.0,1.0,0.0,positive,36.10643276
36.10643276,0.9507579803466796,0.0,0.0,0.0,1.0,0.0,negative,35.3327781037
35.3327781037,1.6324169635772705,0.8755689263343811,0.0,0.0,5.0,1.0,positive,37.8223380216
37.8223380216,0.0,0.0,0.0,0.0,0.0,0.0,negative,36.3471388
36.3471388,0.0,1.5817792415618896,0.0,0.0,3.0,2.0,positive,36.43709163
36.43709163,0.0,0.0,0.0,0.0,1.0,1.0,negative,35.7506709081
35.7506709081,0.0,0.0,0.0,0.0,2.0,0.0,positive,35.85029948
35.85029948,0.0,0.0,0.0,0.0,3.0,0.0,positive,36.23831888
36.23831888,0.0,0.0,0.0,0.0,0.0,0.0,negative,35.76958808
35.76958808,0.0,0.0,0.0,0.0,0.0,1.0,negative,35.5529943756
35.5529943756,0.0,0.0,0.0,0.0,1.0,0.0,negative,34.56224072
34.56224072,0.0,0.0,0.0,0.0,3.0,1.0,negative,33.63019912
33.63019912,0.0,0.0,0.0,0.0,0.0,0.0,negative,32.3705167614
32.3705167614,0.0,0.7081677913665771,0.0,0.0,0.0,1.0,positive,32.61799871
32.61799871,0.0,1.6543258428573608,0.0,0.0,2.0,3.0,negative,31.76269836
31.76269836,0.0,0.0,0.7624050974845886,0.0,2.0,0.0,negative,30.70247781
30.70247781,0.0,0.0,0.0,0.0,2.0,1.0,positive,31.0931733299
31.0931733299,0.0,0.0,0.9207717776298524,0.0,2.0,1.0,positive,31.20166865
31.20166865,0.0,0.0,0.0,0.7399976849555969,1.0,1.0,positive,31.94383632
31.94383632,0.0,0.8095564246177673,0.0,0.0,0.0,4.0,positive,33.01012506
33.01012506,0.0,1.6271979808807373,0.9120897650718688,0.0,4.0,3.0,positive,33.0639173563
33.0639173563,0.0,0.0,0.7879074811935425,0.0,2.0,0.0,negative,32.99971908
32.99971908,0.0,0.0,1.4650574326515198,0.0,2.0,0.0,positive,33.03412871
33.03412871,0.0,0.0,0.0,0.0,5.0,0.0,positive,33.17652803
33.17652803,0.991115152835846,0.0,0.0,0.0,4.0,0.0,negative,32.6074446593
32.6074446593,0.0,0.0,0.0,0.0,0.0,0.0,positive,32.62805339
32.62805339,0.0,0.730982780456543,0.0,0.0,1.0,1.0,negative,32.55630395
32.55630395,0.8150705099105835,0.0,0.0,0.0,3.0,0.0,negative,32.35238136
32.35238136,0.0,0.0,0.0,0.0,2.0,1.0,positive,32.8762152
32.8762152,0.0,0.0,0.0,0.0,1.0,0.0,positive,33.0999177
33.0999177,1.4820197820663452,0.0,0.0,0.0,3.0,1.0,positive,33.96751499
33.96751499,0.0,0.0,0.0,0.0,0.0,0.0,negative,33.31474654
33.31474654,0.0,0.0,0.0,0.0,2.0,1.0,positive,33.58648222
33.58648222,0.0,0.0,0.8417614102363586,0.0,2.0,0.0,positive,33.66840357
33.66840357,0.0,0.0,0.0,0.0,1.0,0.0,positive,33.99946947
33.99946947,0.7045894265174866,0.7338750958442688,0.0,0.0,1.0,2.0,positive,34.2025201
34.2025201,0.0,0.0,0.0,0.0,0.0,0.0,positive,35.17142492
35.17142492,0.9361674785614014,0.0,0.0,0.0,1.0,0.0,negative,34.75835353
34.75835353,0.8197993040084839,0.0,0.0,0.0,1.0,0.0,negative,34.41641575
34.41641575,0.0,0.8659228682518005,0.0,0.0,0.0,1.0,positive,34.67108291
34.67108291,0.0,0.0,0.0,0.0,0.0,1.0,negative,34.17923924
34.17923924,0.0,0.0,2.361197054386139,0.0,5.0,0.0,positive,34.59484432
34.59484432,3.2582958936691284,0.0,1.6125327348709106,0.0,10.0,0.0,negative,33.71713272
33.71713272,0.802876889705658,0.0,0.0,0.0,4.0,0.0,positive,34.14020319
34.14020319,0.0,0.9318413138389589,0.0,0.0,1.0,1.0,negative,33.9348982343
33.9348982343,0.0,0.0,0.0,0.0,0.0,0.0,positive,34.06456094
34.06456094,0.0,0.0,0.0,0.0,0.0,0.0,negative,34.03536051
34.03536051,0.0,0.0,0.0,0.0,1.0,0.0,positive,34.12318863
34.12318863,0.7038280963897705,0.0,0.0,0.0,1.0,2.0,negative,34.08056113
34.08056113,0.8711186051368713,0.0,0.0,0.0,2.0,0.0,negative,33.97085566
33.97085566,0.0,0.7255746126174927,0.0,0.0,0.0,1.0,negative,33.79577516
33.79577516,1.684742510318756,0.0,0.0,0.0,5.0,0.0,negative,33.72015196
33.72015196,1.784432291984558,0.0,0.0,0.0,4.0,0.0,negative,33.56387001
33.56387001,0.0,0.0,0.0,0.0,1.0,0.0,negative,33.45981277
33.45981277,0.0,0.7578569054603577,0.0,0.9536203742027284,1.0,3.0,positive,33.48341681
33.48341681,0.0,0.0,0.0,0.0,1.0,4.0,positive,33.67075737
33.67075737,0.0,0.0,0.0,0.0,2.0,1.0,positive,34.0620985
34.0620985,0.0,0.0,0.0,0.0,1.0,1.0,positive,34.06255897
34.06255897,0.766308069229126,0.0,0.0,0.0,1.0,0.0,negative,33.58877013
33.58877013,0.0,0.0,0.0,0.0,0.0,1.0,negative,33.36697827
33.36697827,0.0,0.0,0.0,0.0,0.0,0.0,negative,32.94753826
32.94753826,0.0,0.7285535931587219,0.0,0.0,0.0,1.0,positive,33.10902971
33.10902971,0.0,0.0,0.7450758814811707,0.0,2.0,0.0,positive,33.38597958
33.38597958,0.0,0.8173429369926453,0.0,0.92479407787323,0.0,2.0,negative,33.18592587
33.18592587,0.0,0.0,0.0,0.0,1.0,2.0,positive,33.4159903
33.4159903,0.0,0.0,0.0,0.0,1.0,0.0,negative,33.16475854
33.16475854,0.0,0.0,0.0,0.0,1.0,2.0,positive,33.37310118
33.37310118,0.0,0.0,0.0,0.0,0.0,1.0,positive,33.52543003
33.52543003,0.8930784463882446,1.502996802330017,0.9798587560653688,0.0,5.0,5.0,negative,33.3047372896
33.3047372896,0.805468738079071,0.0,0.0,0.0,3.0,0.0,negative,33.0856812863
33.0856812863,0.0,0.0,0.0,0.0,0.0,0.0,negative,32.93256809
32.93256809,0.7166908383369446,0.0,0.0,0.0,1.0,0.0,positive,33.01030886
33.01030886,0.9842565655708312,2.460915505886078,2.579722821712494,0.0,9.0,3.0,positive,33.3612399
33.3612399,0.8832374811172485,0.7393746376037598,0.0,0.0,13.0,2.0,positive,33.53298658
33.53298658,2.194235384464264,0.8171391487121582,0.8928901553153992,0.0,5.0,3.0,positive,33.54298261
33.54298261,0.0,0.0,0.0,0.8032256960868835,0.0,2.0,negative,33.48482107
33.48482107,0.0,0.0,0.0,0.0,1.0,0.0,positive,33.68417723
33.68417723,0.0,0.0,0.0,0.0,1.0,0.0,positive,34.18232348
34.18232348,0.0,0.0,0.0,0.0,0.0,0.0,negative,34.14874983
34.14874983,0.0,0.0,0.0,0.0,0.0,1.0,positive,34.20563325
34.20563325,0.0,0.8559761047363281,0.8477810025215149,0.0,2.0,2.0,negative,34.20004003
34.20004003,0.0,0.0,0.8690348267555237,0.8707565665245056,1.0,2.0,negative,34.19160301
34.19160301,0.0,0.0,0.0,0.0,3.0,0.0,positive,34.34627985
34.34627985,0.0,0.0,0.0,0.0,1.0,0.0,positive,34.36635122
34.36635122,0.0,0.0,0.9141914248466492,0.0,2.0,0.0,positive,34.5423720946
34.5423720946,0.0,0.0,0.0,0.0,0.0,0.0,positive,34.76698164
34.76698164,0.0,0.8796656131744385,0.0,0.0,1.0,1.0,positive,35.3891941
35.3891941,0.0,0.0,0.8138788938522339,0.0,2.0,0.0,negative,34.91336258
34.91336258,0.0,0.784915030002594,0.0,0.0,2.0,1.0,positive,35.07048357
35.07048357,0.0,0.0,0.0,0.0,2.0,0.0,positive,36.76333665
36.76333665,0.0,0.0,0.0,0.0,0.0,0.0,negative,36.31991453
36.31991453,0.8464655876159668,1.7719523310661316,0.0,0.0,2.0,2.0,positive,36.38131551
36.38131551,0.7907832860946655,0.7536941170692444,0.8045268058776855,0.0,3.0,1.0,negative,36.37004678
36.37004678,0.0,0.0,0.0,0.0,1.0,0.0,positive,37.77237829
37.77237829,2.562120497226715,0.0,0.0,0.0,5.0,0.0,positive,39.90556774
39.90556774,0.0,0.0,0.8659399747848511,0.0,4.0,1.0,negative,39.04745552
39.04745552,0.0,0.0,0.0,0.0,0.0,0.0,negative,38.914709983
38.914709983,0.737130343914032,0.0,0.0,0.0,1.0,0.0,positive,39.47815056
39.47815056,0.8034305572509766,0.7407757639884949,0.0,0.0,2.0,1.0,positive,39.7021912741
39.7021912741,0.8959432244300842,0.0,0.8584957718849182,0.0,4.0,0.0,positive,40.2190206
40.2190206,0.7243467569351196,0.8559761047363281,0.0,0.0,5.0,3.0,negative,39.07376593
39.07376593,1.7208265662193298,1.4872108697891235,0.0,0.0,10.0,4.0,negative,38.27224652
38.27224652,1.5951170325279236,0.0,0.0,0.0,5.0,0.0,negative,37.6824730761
37.6824730761,0.8731083869934082,0.0,0.0,0.0,7.0,0.0,positive,37.73634477
37.73634477,0.8511348962783813,0.0,0.0,0.0,6.0,1.0,negative,37.3710004664
37.3710004664,0.0,0.7371602654457092,1.482921302318573,0.0,3.0,2.0,positive,37.81132467
37.81132467,0.0,0.0,0.0,0.0,0.0,1.0,positive,38.13808335
38.13808335,0.0,0.0,0.0,0.0,0.0,1.0,positive,39.40438243
39.40438243,0.0,0.0,0.0,0.0,0.0,0.0,positive,39.9445098
39.9445098,0.0,0.0,0.0,0.0,0.0,0.0,positive,41.5467991042
41.5467991042,0.0,0.0,0.0,0.0,1.0,0.0,positive,42.16710115
42.16710115,0.0,0.0,0.0,0.0,2.0,0.0,positive,43.2817008457
43.2817008457,0.0,0.0,0.7975311279296875,0.0,2.0,0.0,negative,41.54366267
41.54366267,0.0,0.8259893655776978,0.0,0.0,1.0,1.0,negative,41.40647195
41.40647195,0.0,0.8258227705955505,0.0,0.0,2.0,1.0,negative,40.9782909
40.9782909,0.856709361076355,0.0,0.0,0.0,2.0,1.0,positive,41.76581234
41.76581234,0.0,0.0,0.0,0.0,2.0,1.0,negative,41.20408279
41.20408279,0.0,0.765043318271637,0.0,0.0,1.0,2.0,negative,40.3438516137
40.3438516137,0.8866242170333862,0.7252532839775085,0.966732919216156,0.0,3.0,1.0,negative,40.30458616
40.30458616,0.0,0.0,0.0,0.0,2.0,1.0,negative,38.91443148
38.91443148,0.0,0.0,0.9688697457313538,0.0,2.0,0.0,negative,38.49142876
38.49142876,0.0,0.0,0.948561668395996,0.0,4.0,1.0,negative,36.12599271
36.12599271,0.0,0.0,0.0,0.0,2.0,1.0,positive,37.92362793
37.92362793,0.7758732438087463,0.8272460699081421,0.0,0.0,3.0,3.0,positive,37.94201954
37.94201954,0.0,0.0,0.0,0.0,1.0,0.0,positive,38.13195588
38.13195588,0.0,0.0,0.8479903936386108,0.0,3.0,1.0,negative,37.88613544
37.88613544,0.7392374277114868,0.0,0.0,0.0,3.0,0.0,positive,38.4485680205
38.4485680205,1.671589970588684,0.0,0.0,0.0,3.0,0.0,positive,38.8933158435
38.8933158435,0.0,0.0,0.0,0.0,1.0,0.0,negative,38.6192828002
38.6192828002,0.0,0.0,0.0,0.0,0.0,0.0,negative,38.2726219544
38.2726219544,0.0,0.0,0.0,0.0,1.0,0.0,negative,37.6456591064
37.6456591064,0.0,0.0,0.0,0.0,0.0,2.0,positive,38.26024069
38.26024069,0.0,0.0,0.0,0.0,0.0,0.0,negative,37.90919414
37.90919414,0.7089747190475464,0.0,0.0,0.0,4.0,0.0,negative,37.68876561
37.68876561,0.0,0.0,0.9637243151664734,0.0,3.0,0.0,negative,37.45438299
37.45438299,0.0,0.0,0.0,0.0,1.0,1.0,negative,37.20605474
37.20605474,0.0,0.7832538485527039,0.7817525267601013,0.0,2.0,1.0,positive,37.81210792
37.81210792,0.0,0.0,0.0,0.0,1.0,0.0,positive,37.88270913
37.88270913,0.0,0.0,0.0,0.0,1.0,0.0,positive,38.11364146
38.11364146,1.5810813903808594,0.0,0.0,0.0,3.0,0.0,positive,38.24021904
38.24021904,0.7750105857849121,0.0,2.4681296348571777,0.0,8.0,0.0,positive,38.51231417
38.51231417,4.800491869449616,0.0,11.574044346809387,0.0,41.0,0.0,negative,38.16661513
38.16661513,3.062829613685608,0.0,10.802064776420591,0.0,45.0,0.0,negative,37.7483371863
37.7483371863,0.0,0.0,4.9383824467659,0.0,22.0,0.0,positive,38.12269389
38.12269389,3.3105454444885254,0.0,1.7165400981903076,0.0,14.0,1.0,positive,38.30937196
38.30937196,1.5597729682922363,1.8000924587249756,5.694244384765625,0.0,17.0,2.0,positive,38.91413725
38.91413725,0.7557666301727295,0.0,2.5259716510772705,0.0,13.0,1.0,negative,38.67022364
38.67022364,0.0,0.0,0.9245343208312988,0.0,7.0,0.0,negative,38.45866831
38.45866831,0.0,0.0,2.4521178603172302,0.0,14.0,1.0,negative,38.34232788
38.34232788,2.611194610595703,0.0,8.123078107833862,0.0,20.0,0.0,positive,38.46398499
38.46398499,1.5806283354759216,0.0,2.4126119017601013,0.0,10.0,0.0,positive,38.81487279
38.81487279,0.7112094163894653,0.0,0.0,0.0,7.0,0.0,negative,38.62493627
38.62493627,0.9789199829101562,0.0,1.8122283220291135,0.0,9.0,0.0,positive,39.04206947
39.04206947,0.0,0.7254270315170288,0.9156523942947388,0.0,5.0,1.0,positive,39.24835844
39.24835844,0.7255260944366455,0.0,0.7556412816047668,0.0,6.0,0.0,negative,39.15456157
39.15456157,0.7594820857048035,0.0,0.0,0.0,2.0,0.0,negative,39.05391844
39.05391844,0.7951204180717468,0.0,0.7138955593109131,0.0,3.0,0.0,negative,39.010673
39.010673,0.0,0.0,0.7630111575126648,0.0,6.0,0.0,negative,38.66875443
38.66875443,0.0,0.740314781665802,0.0,0.0,2.0,2.0,positive,38.82724114
38.82724114,0.0,0.0,0.0,0.0,0.0,0.0,negative,38.61206544
38.61206544,0.0,0.0,0.0,0.0,4.0,0.0,negative,38.17876609
38.17876609,0.9633791446685792,0.0,1.93951153755188,0.0,5.0,1.0,negative,37.30737312
37.30737312,0.0,0.7943087220191956,0.0,0.0,5.0,1.0,positive,37.5086849
37.5086849,0.0,0.0,1.7039852738380432,0.0,3.0,0.0,negative,36.95853516
36.95853516,0.0,0.0,0.0,0.0,4.0,1.0,negative,36.86002717
36.86002717,0.8218489289283752,1.7160183787345886,1.519514083862305,0.0,5.0,2.0,negative,36.4661079636
36.4661079636,0.0,0.0,2.613163411617279,0.0,6.0,0.0,positive,36.47415096
36.47415096,0.8286858797073364,0.0,0.0,0.0,3.0,0.0,negative,36.21801362
36.21801362,0.8116570115089417,0.0,0.0,0.8949800133705139,3.0,3.0,negative,35.98934187
35.98934187,0.0,1.474705696105957,0.0,0.0,0.0,2.0,negative,35.67180912
35.67180912,0.8167585134506226,0.0,0.0,0.0,3.0,1.0,positive,36.28355426
36.28355426,0.0,0.0,0.0,0.0,1.0,1.0,negative,36.0269087227
36.0269087227,0.0,0.0,0.0,0.0,1.0,0.0,negative,35.62805385
35.62805385,0.0,0.7603381872177124,2.646967053413391,0.0,7.0,1.0,positive,36.09628424
36.09628424,0.0,0.0,0.0,0.0,1.0,1.0,negative,35.84889394
35.84889394,0.0,0.0,0.8100668787956238,0.0,2.0,0.0,positive,36.00289244
36.00289244,0.0,0.8790773749351501,0.0,0.0,2.0,1.0,positive,36.9820558353
36.9820558353,0.0,0.0,0.0,0.0,0.0,0.0,negative,36.82197224
36.82197224,0.0,0.0,0.0,0.0,0.0,0.0,negative,36.79269375
36.79269375,0.0,0.84235018491745,0.0,0.0,0.0,1.0,positive,36.81133562
36.81133562,0.0,0.0,0.0,0.0,0.0,0.0,positive,36.843479434
36.843479434,0.9109585285186768,0.0,0.0,0.0,1.0,1.0,negative,35.93159295
35.93159295,0.0,0.0,0.0,0.0,0.0,0.0,positive,36.1118295
36.1118295,2.5473108291625977,0.0,0.0,0.7952858209609985,4.0,1.0,positive,36.37347524
36.37347524,0.7155140042304993,0.0,0.0,0.0,3.0,0.0,negative,36.34736958
36.34736958,0.0,0.0,0.0,0.0,2.0,1.0,positive,38.15247302
38.15247302,0.9203609228134156,0.0,0.0,0.0,1.0,0.0,negative,37.59259125
37.59259125,0.9089595675468444,1.6689267754554749,0.0,0.0,2.0,2.0,positive,37.778553
37.778553,0.0,0.0,0.0,0.0,0.0,0.0,positive,37.92186807
37.92186807,0.7326945066452026,0.0,0.0,0.0,4.0,0.0,positive,38.55272577
38.55272577,0.7795202136039734,0.7796792387962341,0.7472883462905884,0.0,4.0,1.0,negative,38.05559794
38.05559794,0.0,0.0,0.893355131149292,0.0,4.0,1.0,positive,38.19677532
38.19677532,0.8083102703094482,0.0,0.0,0.0,2.0,0.0,positive,38.32471707
38.32471707,0.0,0.0,0.0,0.0,0.0,0.0,positive,38.6266189238
38.6266189238,0.0,0.7034403085708618,0.0,0.0,3.0,1.0,negative,38.30490609
38.30490609,0.0,0.7680950164794922,0.7175343632698059,0.0,1.0,1.0,positive,38.36145623
38.36145623,0.0,0.0,0.0,0.0,1.0,2.0,positive,38.76576717
38.76576717,0.0,0.0,0.0,0.0,3.0,0.0,positive,38.9166843
38.9166843,0.0,0.92356938123703,0.0,0.0,1.0,1.0,negative,38.8722993
38.8722993,0.0,0.0,0.9171900749206544,0.0,2.0,0.0,negative,38.86868904
38.86868904,0.0,0.0,0.0,0.0,0.0,0.0,negative,38.86410903
38.86410903,0.0,0.0,0.0,0.0,0.0,0.0,negative,38.49359138
38.49359138,0.0,0.0,0.0,0.0,2.0,0.0,negative,38.37900916
38.37900916,0.8224794268608093,0.0,0.7031498551368713,0.0,2.0,0.0,positive,38.64718031
38.64718031,0.7796541452407837,0.0,0.0,0.0,3.0,0.0,positive,39.0302728671
39.0302728671,0.0,0.0,0.0,0.0,2.0,0.0,positive,40.06081916
40.06081916,0.8392713069915771,0.0,0.0,0.0,1.0,0.0,positive,40.18385778
40.18385778,0.0,0.0,0.0,0.0,0.0,0.0,negative,40.1095249071
40.1095249071,0.7752497792243958,0.0,0.0,0.0,1.0,1.0,positive,40.11004207
40.11004207,0.0,1.569680094718933,0.0,0.0,3.0,2.0,negative,39.52387376
39.52387376,0.0,0.0,0.8382529020309448,0.0,2.0,0.0,positive,39.7836038
39.7836038,0.9368925094604492,0.7549259662628174,0.0,0.0,1.0,1.0,positive,39.79898355
39.79898355,0.7821643948554993,0.8169534802436829,0.0,0.0,4.0,2.0,negative,39.2888372567
39.2888372567,0.0,0.886008083820343,0.0,0.0,0.0,1.0,positive,39.40608112
39.40608112,0.8876160979270935,0.7587719559669495,1.660710334777832,0.0,6.0,3.0,positive,39.69938791
39.69938791,0.0,0.0,1.5262221693992617,0.0,4.0,0.0,positive,39.91861886
39.91861886,0.7051340341567993,0.0,0.0,0.0,4.0,0.0,negative,39.76337278
39.76337278,0.0,0.0,0.7957560420036316,0.0,6.0,0.0,positive,40.1475407
40.1475407,0.0,2.262002646923065,1.550193428993225,0.8595094084739685,7.0,4.0,negative,39.93702066
39.93702066,1.7063799500465393,0.0,1.460134208202362,0.0,7.0,1.0,positive,40.4930339715
40.4930339715,0.0,0.0,0.0,0.0,1.0,1.0,negative,40.49064582
40.49064582,0.0,0.0,0.8391786217689514,0.0,4.0,0.0,negative,40.47148024
40.47148024,0.0,0.8224148750305176,0.0,0.0,1.0,3.0,negative,40.36860812
40.36860812,0.7292788624763489,0.0,0.726718008518219,0.0,2.0,1.0,negative,39.83638079
39.83638079,0.0,3.389168500900269,0.7476400136947632,0.0,2.0,6.0,negative,39.47052418
39.47052418,0.7122907042503357,0.0,0.0,0.0,6.0,0.0,positive,39.65423575
39.65423575,0.0,0.0,0.0,0.0,2.0,0.0,positive,40.08507002
40.08507002,0.0,0.8258227705955505,0.0,0.0,1.0,2.0,positive,40.10861841
40.10861841,0.729795515537262,0.7756933569908142,0.0,0.0,2.0,2.0,negative,39.99848872
39.99848872,0.0,0.0,0.0,0.0,0.0,0.0,positive,40.12879187
40.12879187,0.0,1.47737318277359,0.0,0.0,0.0,2.0,positive,40.5554391
40.5554391,0.8203722238540649,0.0,0.0,0.0,2.0,0.0,negative,39.40728115
39.40728115,0.9800018668174744,0.0,0.0,0.0,1.0,1.0,negative,38.7936908
38.7936908,0.0,0.0,0.0,0.0,2.0,0.0,positive,38.80443497
38.80443497,0.0,0.7171117067337036,0.0,0.0,0.0,1.0,positive,39.14553156
39.14553156,0.0,1.651645541191101,0.0,0.0,1.0,3.0,negative,39.1159679439
39.1159679439,0.0,0.0,0.896892249584198,0.8389866352081299,1.0,1.0,negative,39.01275736
39.01275736,0.0,0.0,0.8182405829429626,0.0,2.0,1.0,positive,39.42866879
39.42866879,0.716271698474884,0.0,0.0,0.0,4.0,0.0,negative,39.18822163
39.18822163,0.9303156137466432,0.8174530863761902,0.0,0.0,3.0,3.0,negative,39.09800257
39.09800257,0.0,1.592192769050598,0.0,0.0,3.0,2.0,negative,39.05813955
39.05813955,0.0,0.0,0.0,0.0,1.0,0.0,negative,38.99420831
38.99420831,0.0,0.0,0.0,0.0,2.0,0.0,negative,38.5901431
38.5901431,0.0,0.0,0.0,0.0,0.0,1.0,positive,39.06284037
39.06284037,0.8485760688781738,0.0,0.0,0.0,2.0,1.0,positive,39.15122284
39.15122284,0.0,0.0,0.7716459631919861,0.0,8.0,0.0,positive,39.5817201
39.5817201,0.0,1.52789044380188,0.0,0.0,2.0,2.0,negative,39.55565118
39.55565118,0.0,0.0,0.0,0.0,1.0,1.0,negative,39.4223828
39.4223828,0.0,0.0,0.0,0.0,1.0,1.0,positive,39.51790769
39.51790769,0.0,1.66451895236969,0.8465539216995239,0.0,3.0,3.0,positive,39.61003336
39.61003336,0.7302258610725403,0.0,0.9639517068862916,0.0,3.0,2.0,negative,39.31998571
39.31998571,0.0,1.612702250480652,0.0,0.0,1.0,3.0,negative,39.13524592
39.13524592,0.0,0.8299586772918701,0.0,0.0,3.0,1.0,negative,39.06364602
39.06364602,1.6019128561019895,0.0,0.0,0.0,2.0,0.0,positive,39.08761259
39.08761259,0.0,0.0,0.0,0.0,3.0,0.0,positive,39.41303085
39.41303085,0.0,0.8258227705955505,0.0,0.0,1.0,1.0,negative,39.23918249
39.23918249,0.7317962050437927,1.6266379356384275,0.0,0.0,3.0,3.0,negative,39.20080739
39.20080739,0.0,0.0,0.0,0.0,0.0,0.0,negative,39.18335948
39.18335948,0.0,0.0,0.0,0.0,0.0,0.0,negative,39.12965486
39.12965486,0.7782894372940063,0.879595935344696,0.8759603500366211,0.0,4.0,1.0,negative,39.02216528
39.02216528,0.7755119204521179,0.0,0.0,0.0,2.0,1.0,positive,39.09487753
39.09487753,0.0,0.8356568217277527,2.509203612804413,0.0,5.0,2.0,positive,39.14237836
39.14237836,0.734000563621521,0.7836645245552063,1.6733906865119934,0.0,4.0,1.0,negative,38.96944051
38.96944051,0.0,0.0,0.0,0.0,4.0,0.0,positive,39.04030899
39.04030899,0.0,0.0,0.0,0.0,2.0,0.0,positive,39.1043880837
39.1043880837,0.0,0.0,0.0,0.0,1.0,1.0,positive,39.11263936
39.11263936,0.0,0.8326688408851624,0.0,0.0,1.0,1.0,positive,39.47329551
39.47329551,0.8938801884651184,0.0,0.9573659300804138,0.0,7.0,0.0,positive,39.55620169
39.55620169,0.0,0.0,0.0,0.0,0.0,0.0,positive,40.160597
40.160597,0.0,0.0,0.0,0.0,1.0,0.0,positive,40.36892352
40.36892352,0.7545972466468811,0.0,0.0,0.0,3.0,0.0,negative,40.1881883
40.1881883,0.0,0.0,0.0,0.0,1.0,0.0,positive,40.45882162
40.45882162,0.0,0.0,0.0,0.0,0.0,0.0,negative,40.40932438
40.40932438,0.0,0.7606001496315002,0.0,0.0,6.0,2.0,positive,40.48510287
40.48510287,0.0,1.6671621799468994,0.0,0.0,3.0,2.0,negative,40.24434731
40.24434731,0.0,0.0,0.0,0.0,2.0,0.0,negative,40.05070026
40.05070026,0.0,0.0,0.0,0.0,1.0,0.0,positive,40.38484229
40.38484229,0.0,0.0,0.0,0.0,2.0,0.0,negative,40.19303187
40.19303187,0.0,0.0,0.0,0.0,0.0,0.0,negative,40.0700212
40.0700212,0.0,0.0,0.0,0.0,0.0,0.0,negative,39.97028936
39.97028936,0.7573341727256775,0.8600063323974609,0.0,0.0,1.0,1.0,negative,39.94849732
39.94849732,0.0,0.0,0.0,0.0,1.0,0.0,negative,39.78875204
39.78875204,0.0,0.0,0.7951870560646057,0.0,2.0,0.0,negative,39.3519938
39.3519938,0.0,1.798071265220642,0.7162380814552307,0.0,4.0,2.0,positive,39.37896104
39.37896104,0.0,0.0,0.0,0.0,0.0,0.0,positive,39.55843419
39.55843419,0.0,0.0,1.584701657295227,0.0,8.0,0.0,positive,39.55893226
39.55893226,2.6434388160705566,0.0,0.0,0.0,5.0,2.0,positive,39.70540687
39.70540687,0.0,0.0,0.718164324760437,0.0,4.0,0.0,negative,39.67272137
39.67272137,0.0,0.920954704284668,0.0,0.0,3.0,2.0,positive,39.69364196
39.69364196,0.0,0.825949490070343,0.7621200680732727,0.7306510210037231,7.0,2.0,positive,39.91327
39.91327,0.0,0.0,1.7353302240371704,0.0,2.0,0.0,negative,39.8578899
39.8578899,0.0,0.0,0.8105008602142334,0.0,3.0,0.0,negative,39.82500558
39.82500558,0.0,1.4854661226272583,0.868759274482727,0.0,4.0,3.0,negative,38.91847576
38.91847576,0.0,0.0,0.0,0.0,1.0,0.0,negative,38.00573232
38.00573232,0.828579306602478,0.8144890666007996,1.5543689727783203,0.0,6.0,1.0,negative,37.55071606
37.55071606,1.5325610637664795,0.0,0.7776716351509094,0.0,3.0,0.0,positive,37.58120594
37.58120594,0.0,0.0,0.9886147379875184,0.0,7.0,0.0,negative,37.16890034
37.16890034,0.0,0.0,0.9118845462799072,0.0,3.0,0.0,positive,37.56132433
37.56132433,0.0,0.0,0.0,0.0,5.0,0.0,positive,37.63714605
37.63714605,0.0,0.0,0.0,0.0,0.0,0.0,negative,37.55091918
37.55091918,0.0,0.0,0.0,0.0,1.0,0.0,positive,37.77417198
37.77417198,0.0,0.0,0.0,0.0,0.0,0.0,negative,37.75485068
37.75485068,0.0,0.0,0.0,0.0,0.0,0.0,positive,37.95110846
37.95110846,0.0,0.0,0.0,0.0,0.0,0.0,negative,37.93892957
37.93892957,0.0,0.0,0.0,0.0,1.0,0.0,negative,37.84444184
37.84444184,0.0,0.0,0.0,0.0,1.0,0.0,positive,37.88740313
37.88740313,0.0,0.0,0.0,0.0,1.0,0.0,negative,37.75317893
37.75317893,0.0,0.0,0.0,0.0,2.0,0.0,positive,37.85915143
37.85915143,0.0,1.7358554005622864,0.7641291618347168,0.0,1.0,2.0,positive,37.89592042
37.89592042,0.97842675447464,0.0,0.0,0.0,2.0,0.0,positive,37.95240367
37.95240367,0.7150322794914246,0.0,0.0,0.0,2.0,0.0,negative,37.51607225
37.51607225,0.0,0.0,0.9192705750465392,0.0,4.0,1.0,positive,38.21120318
38.21120318,0.0,0.0,0.0,0.0,0.0,0.0,positive,38.42668146
38.42668146,0.0,2.204789400100708,0.0,0.0,2.0,3.0,positive,38.95692375
38.95692375,0.0,0.7069781422615051,0.0,0.0,1.0,2.0,positive,39.06957424
39.06957424,0.0,0.0,0.0,0.8902564644813538,3.0,1.0,negative,38.73342805
38.73342805,0.0,0.0,0.0,0.0,1.0,3.0,positive,38.873758
38.873758,0.0,0.0,0.9547761082649232,0.0,1.0,0.0,negative,38.70880483
38.70880483,0.0,0.0,0.0,0.0,5.0,1.0,negative,38.60751359
38.60751359,0.0,0.0,0.0,0.0,1.0,0.0,negative,38.52704328
38.52704328,0.0,0.0,0.0,0.0,0.0,0.0,positive,38.57637763
38.57637763,0.0,1.554680109024048,0.0,0.0,4.0,2.0,negative,38.51079767
38.51079767,0.0,0.0,0.0,0.0,0.0,0.0,negative,38.32999471
38.32999471,0.0,0.0,0.0,0.0,0.0,0.0,positive,38.55542526
38.55542526,0.0,0.0,0.0,0.0,0.0,1.0,negative,38.48219869
38.48219869,0.0,0.0,0.0,0.0,2.0,0.0,positive,38.51064435
38.51064435,0.0,0.0,0.0,0.0,1.0,3.0,negative,38.24330855
38.24330855,0.0,0.0,0.0,0.0,0.0,2.0,positive,38.34328271
38.34328271,0.0,0.0,0.7486984729766846,0.0,1.0,0.0,positive,38.42384989
38.42384989,0.0,0.0,0.8652499914169312,0.0,1.0,0.0,negative,38.29921943
38.29921943,0.8211809992790222,0.0,0.0,0.0,3.0,0.0,positive,38.42765921
38.42765921,0.0,0.7510913610458374,0.0,0.7986856698989868,1.0,2.0,positive,38.53103969
38.53103969,0.0,3.327689826488495,0.0,0.0,0.0,10.0,negative,38.5009782
38.5009782,0.0,2.475122392177582,0.0,0.0,1.0,8.0,negative,38.3901904
38.3901904,0.0,0.7812814712524414,0.0,0.7353694438934326,0.0,5.0,negative,38.35490989
38.35490989,0.0,0.7223222255706787,0.7604272365570068,0.7240825891494751,3.0,4.0,negative,38.25567863
38.25567863,0.0,0.7609027028083801,0.0,0.0,2.0,3.0,negative,37.51572209
37.51572209,0.0,0.0,0.973113775253296,0.0,3.0,3.0,negative,37.36408464
37.36408464,0.0,0.0,0.0,0.0,4.0,2.0,negative,37.25686789
37.25686789,0.8280082941055298,0.738788902759552,0.0,0.0,1.0,4.0,positive,37.39110325
37.39110325,0.0,0.7697052955627441,0.8175178170204163,0.0,3.0,2.0,negative,37.33254256
37.33254256,0.0,0.8188902139663696,0.0,0.0,0.0,4.0,positive,37.46876212
37.46876212,0.0,0.9201077818870544,0.0,0.0,1.0,2.0,negative,37.43258507
37.43258507,0.0,3.935413777828217,0.0,0.0,0.0,5.0,positive,37.65415997
37.65415997,0.0,0.8559761047363281,0.7997262477874756,0.0,1.0,1.0,negative,37.62640957
37.62640957,0.0,0.0,0.8958805203437805,0.0,3.0,0.0,positive,37.71308577
37.71308577,0.7141190767288208,0.0,0.0,0.0,3.0,1.0,positive,38.01026834
38.01026834,0.9507694840431212,0.0,0.9084212183952332,0.0,5.0,0.0,positive,38.28928418
38.28928418,0.0,0.0,0.0,0.0,2.0,0.0,positive,38.45966091
38.45966091,0.0,0.0,0.0,0.0,0.0,2.0,positive,38.52661946
38.52661946,0.0,0.8717040419578552,0.0,0.0,0.0,1.0,negative,38.52060474
38.52060474,0.8298875689506531,0.0,0.0,0.0,1.0,2.0,positive,38.7094365125
38.7094365125,0.888628363609314,0.0,0.0,0.0,1.0,0.0,positive,38.9047172
38.9047172,0.0,0.0,0.0,0.0,1.0,0.0,negative,38.79317752
38.79317752,0.0,0.0,0.0,0.0,0.0,0.0,negative,38.71231258
38.71231258,0.8223167657852173,0.0,0.0,0.0,2.0,0.0,positive,38.72397213
38.72397213,0.0,0.0,0.7849143147468567,0.8171656131744385,1.0,2.0,positive,38.77191324
38.77191324,0.0,0.0,0.0,0.0,2.0,0.0,positive,39.13293521
39.13293521,0.0,1.5650103092193604,0.0,0.0,2.0,2.0,negative,38.94923389
38.94923389,0.0,0.0,0.0,0.0,0.0,0.0,negative,38.88663787
38.88663787,0.0,0.801202654838562,0.0,0.0,2.0,1.0,positive,38.97636087
38.97636087,0.0,0.0,0.0,0.0,2.0,0.0,positive,39.0600888129
39.0600888129,0.0,1.5475488901138306,0.817223072052002,0.0,1.0,14.0,positive,39.18022654
39.18022654,0.0,0.8905449509620667,0.0,0.0,2.0,3.0,positive,39.23379051
39.23379051,0.0,0.8559761047363281,0.0,0.0,3.0,2.0,negative,39.13828904
39.13828904,0.0,0.0,0.0,0.0,1.0,0.0,negative,39.09333013
39.09333013,0.0,0.0,0.0,0.0,1.0,1.0,positive,39.25437835
39.25437835,0.0,0.0,0.0,0.7068952918052673,1.0,1.0,negative,39.05930406
39.05930406,0.0,0.0,0.0,0.0,1.0,0.0,negative,38.95800542
38.95800542,0.0,0.0,0.0,0.0,0.0,0.0,negative,38.87256519
38.87256519,0.0,0.0,0.0,0.0,0.0,0.0,negative,38.8633969
38.8633969,0.0,0.0,0.0,0.0,1.0,0.0,negative,38.80175162
38.80175162,0.8655350208282471,0.0,0.0,0.0,3.0,1.0,positive,38.90090772
38.90090772,0.0,0.0,0.0,0.0,1.0,0.0,positive,39.199764
39.199764,0.922751247882843,0.7228723168373108,0.0,0.0,1.0,1.0,negative,38.97373217
38.97373217,0.0,0.0,0.0,0.0,0.0,0.0,negative,38.95930705
38.95930705,0.0,0.0,0.7407920360565186,0.0,1.0,0.0,negative,38.86507954
38.86507954,0.969775140285492,0.0,0.0,0.0,2.0,0.0,positive,38.99392536
38.99392536,0.0,0.9107571840286256,0.7077983021736145,0.0,2.0,1.0,positive,39.03152853
39.03152853,0.9129441380500792,0.0,0.8675715327262878,0.0,4.0,1.0,positive,39.0955013
39.0955013,1.4796868562698364,0.0,0.0,0.7040615677833557,3.0,3.0,positive,39.14348164
39.14348164,0.0,0.0,0.0,0.0,0.0,0.0,negative,39.0864385
39.0864385,2.52299040555954,0.0,0.7563783526420593,0.0,6.0,1.0,negative,38.83398815
38.83398815,0.0,0.0,0.0,0.0,0.0,0.0,positive,38.85559191
38.85559191,0.9024503827095032,0.0,0.0,0.0,3.0,0.0,negative,38.8093437
38.8093437,0.0,0.0,0.0,0.0,0.0,0.0,positive,38.97315032
38.97315032,0.0,0.0,0.9533524513244628,0.0,1.0,1.0,positive,39.2617837
39.2617837,0.0,0.8088880777359009,0.0,0.0,0.0,2.0,negative,39.10542645
39.10542645,0.0,0.0,0.0,0.0,0.0,1.0,positive,39.29910172
39.29910172,0.0,4.112644672393799,0.727418839931488,0.0,1.0,5.0,negative,38.96478465
38.96478465,0.0,0.0,0.0,0.0,2.0,2.0,negative,38.78390345
38.78390345,0.820803701877594,0.0,0.0,0.0,1.0,0.0,positive,38.84406236
38.84406236,0.8325197696685791,0.0,0.0,0.0,1.0,1.0,positive,38.90007399
38.90007399,0.0,0.0,1.6758295893669128,0.0,3.0,0.0,negative,38.88602524
38.88602524,0.0,0.0,1.5599252581596377,0.0,7.0,1.0,negative,38.82785306
38.82785306,0.0,0.0,0.0,0.0,0.0,0.0,negative,38.82637468
38.82637468,0.0,2.2652468085289,0.0,0.0,0.0,3.0,positive,38.86793501
38.86793501,0.0,0.0,0.8224727511405945,0.0,2.0,0.0,negative,38.85064655
38.85064655,0.0,0.0,0.0,0.0,0.0,0.0,negative,38.75922155
38.75922155,0.0,0.0,0.0,0.0,0.0,0.0,positive,38.78769278
38.78769278,0.0,0.0,0.0,0.0,2.0,0.0,positive,38.8616111
38.8616111,0.0,0.0,0.0,0.0,2.0,0.0,negative,38.14358951
38.14358951,0.0,0.0,0.0,0.0,0.0,0.0,negative,37.77558211
37.77558211,0.0,0.8666841387748718,0.0,0.0,1.0,1.0,positive,37.96016897
37.96016897,0.0,0.0,0.0,0.0,1.0,0.0,positive,38.06720813
38.06720813,0.922655701637268,0.833103358745575,0.0,0.0,2.0,1.0,negative,37.59151955
37.59151955,0.8251750469207764,0.0,0.0,0.0,2.0,0.0,negative,37.55487218
37.55487218,1.492799162864685,0.0,0.0,0.0,4.0,0.0,negative,37.48979286
37.48979286,0.0,0.0,0.0,0.0,0.0,0.0,positive,37.50804978
37.50804978,0.0,0.7048141956329346,0.0,0.0,0.0,2.0,positive,37.87752216
37.87752216,0.7892123460769653,0.0,0.0,0.0,1.0,0.0,positive,38.2461359
38.2461359,0.0,0.0,0.9397428035736084,0.0,1.0,1.0,negative,37.96794329
37.96794329,0.0,0.0,0.0,0.0,1.0,2.0,positive,39.38081279
39.38081279,0.0,0.0,0.0,0.0,0.0,0.0,negative,39.28667066
39.28667066,0.0,0.0,0.0,0.0,1.0,0.0,positive,39.3806266
39.3806266,0.0,0.0,0.0,0.0,0.0,0.0,positive,39.52241104
39.52241104,0.0,0.0,0.0,0.0,1.0,0.0,positive,39.60720779
39.60720779,0.7647553086280823,0.0,0.0,0.0,2.0,0.0,positive,39.62304785
39.62304785,0.0,0.8150266408920288,0.0,0.0,1.0,1.0,negative,39.419049671
39.419049671,0.0,0.0,0.0,0.0,0.0,1.0,positive,39.70026075
39.70026075,0.0,0.0,0.0,0.0,0.0,0.0,positive,39.70188418
39.70188418,0.0,0.0,0.0,0.0,0.0,0.0,positive,39.75800244
39.75800244,0.0,2.435409724712372,0.0,0.7299537062644958,0.0,8.0,positive,39.766170753
39.766170753,0.0,0.7941374182701111,0.0,0.0,0.0,2.0,negative,39.7540977011
39.7540977011,0.0,0.9130426645278932,0.0,0.0,0.0,1.0,positive,39.82141236
39.82141236,0.0,0.8724851608276367,0.0,0.0,1.0,2.0,negative,39.47359843
39.47359843,0.0,1.4663251638412476,0.0,0.0,0.0,3.0,negative,39.33514678
39.33514678,0.0,0.0,0.0,0.0,0.0,0.0,positive,39.8444275
39.8444275,0.0,0.8440490365028381,0.842528760433197,0.0,5.0,2.0,positive,39.90187818
39.90187818,1.6072982549667358,0.0,0.0,0.0,5.0,0.0,positive,40.84493563
40.84493563,0.8871437907218933,0.0,2.3652926683425903,0.0,7.0,0.0,positive,41.38162179
41.38162179,4.205751299858093,0.0,0.7547150254249573,0.0,9.0,0.0,negative,40.166049
40.166049,0.0,0.971017062664032,0.0,0.0,1.0,2.0,positive,40.24165922
40.24165922,0.0,0.0,0.7790449857711792,0.0,4.0,1.0,negative,39.86549268
39.86549268,0.0,0.8945309519767761,0.8193955421447754,0.0,1.0,1.0,positive,40.08654942
40.08654942,0.8496683239936829,0.0,0.8005505800247192,0.0,6.0,0.0,positive,40.16990073
40.16990073,0.0,0.8580653667449951,1.624303936958313,0.0,3.0,2.0,negative,39.87416665
39.87416665,0.0,0.7103078961372375,0.0,0.0,2.0,2.0,negative,39.72565367
39.72565367,0.0,0.0,1.6276504397392273,0.0,2.0,0.0,positive,40.05100472
40.05100472,0.0,0.0,0.0,0.0,3.0,0.0,positive,40.18760742
40.18760742,0.0,0.0,0.9115952253341676,0.0,2.0,0.0,positive,40.19418425
40.19418425,1.4944339990615845,0.0,0.0,0.0,3.0,0.0,positive,40.23752886
40.23752886,0.0,0.0,0.0,0.0,1.0,0.0,positive,40.26453888
40.26453888,0.0,0.0,0.0,0.0,3.0,0.0,positive,40.33230119
40.33230119,1.7817054986953735,0.0,0.0,0.0,3.0,0.0,positive,40.66361312
40.66361312,0.0,1.5593584775924685,0.8566532135009766,0.0,2.0,2.0,negative,40.59389727
40.59389727,0.0,0.0,0.0,0.0,0.0,0.0,positive,40.83088479
40.83088479,0.0,0.0,0.0,0.0,1.0,0.0,positive,40.9113664
40.9113664,0.0,0.0,0.0,0.0,1.0,0.0,positive,41.04636867
41.04636867,0.0,0.0,0.0,0.0,2.0,0.0,negative,40.76922386
40.76922386,0.982252597808838,0.0,0.0,0.0,2.0,0.0,negative,40.73979056
40.73979056,0.0,0.7457452416419983,0.7819966673851013,0.0,1.0,3.0,negative,40.22814597
40.22814597,0.754643440246582,0.7969957590103149,0.8946040272712708,0.0,5.0,1.0,negative,40.05788893
40.05788893,0.0,0.7629826664924622,0.0,0.0,0.0,2.0,positive,40.22222549
40.22222549,0.0,0.0,0.0,0.0,0.0,0.0,positive,40.36184171
40.36184171,0.0,1.6572381854057312,0.7667343020439148,0.0,3.0,2.0,negative,40.30932477
40.30932477,0.0,0.812656819820404,0.0,0.0,5.0,3.0,positive,40.42993297
40.42993297,0.0,0.0,0.9414795637130736,0.0,1.0,0.0,negative,40.20210117
40.20210117,0.0,0.0,0.0,0.0,1.0,0.0,positive,40.36899232
40.36899232,0.0,0.0,0.0,0.0,1.0,0.0,positive,40.43391109
40.43391109,1.4659342169761658,0.0,0.0,0.0,4.0,0.0,negative,40.35913504
40.35913504,0.8976932168006897,0.0,0.8831084370613098,0.0,2.0,0.0,positive,40.5153183
40.5153183,0.0,0.0,0.0,0.0,0.0,2.0,positive,40.53467753
40.53467753,1.603769063949585,0.0,0.9479727745056152,0.0,10.0,0.0,negative,40.38490057
40.38490057,0.0,0.0,0.0,0.0,0.0,0.0,negative,40.07741523
40.07741523,0.0,0.0,0.0,0.0,0.0,0.0,positive,40.44270881
40.44270881,0.0,0.0,0.7523806691169739,0.0,1.0,0.0,negative,40.32298395
40.32298395,0.0,0.0,0.0,0.0,1.0,0.0,negative,40.09474304
40.09474304,0.0,0.0,0.0,0.0,1.0,0.0,negative,40.0733637
40.0733637,0.0,0.8003403544425964,0.7005156874656677,0.0,1.0,1.0,positive,40.33458498
40.33458498,0.0,0.0,0.0,0.0,0.0,1.0,positive,40.73906511
40.73906511,0.0,0.0,0.0,0.0,0.0,0.0,negative,40.40295269
40.40295269,0.0,0.8587301969528198,0.0,0.0,1.0,1.0,negative,40.18677977
40.18677977,0.7716471552848816,0.7163214683532715,0.0,0.0,2.0,1.0,positive,40.35825136
40.35825136,1.897482454776764,0.0,0.7898601293563843,0.0,3.0,0.0,negative,40.30487523
40.30487523,0.0,0.8265447616577148,0.0,0.0,0.0,1.0,positive,40.406787
40.406787,0.0,0.0,0.0,0.0,0.0,1.0,negative,40.19786865
40.19786865,0.0,0.0,0.0,0.0,2.0,1.0,positive,40.61074637
40.61074637,0.7357399463653564,0.0,0.0,0.0,3.0,0.0,negative,40.14725662
40.14725662,0.0,0.7014343738555908,0.0,0.0,1.0,1.0,positive,40.31408741
40.31408741,0.0,0.0,0.0,0.0,2.0,0.0,positive,40.33387721
40.33387721,0.0,0.0,0.0,0.0,0.0,1.0,positive,40.45771184
40.45771184,0.0,0.0,0.0,0.0,1.0,0.0,positive,40.582635
40.582635,0.0,0.9533653259277344,0.0,0.0,1.0,1.0,positive,40.65761411
40.65761411,0.0,0.0,0.0,0.0,1.0,0.0,positive,40.67555711
40.67555711,0.820670485496521,0.9427637457847596,0.0,0.0,2.0,1.0,positive,40.71656077
40.71656077,0.0,0.0,0.0,0.0,0.0,0.0,negative,40.63000597
40.63000597,0.0,0.0,0.0,0.0,0.0,0.0,positive,40.94769979
40.94769979,0.8626394867897034,0.8126823902130127,0.0,0.0,2.0,1.0,negative,40.7870896
40.7870896,0.0,0.0,0.0,0.0,0.0,0.0,negative,40.77120887
40.77120887,0.0,0.0,0.0,0.0,4.0,0.0,positive,40.80015646
40.80015646,0.0,0.0,1.586692988872528,0.0,3.0,0.0,negative,40.60986496
40.60986496,0.0,0.0,0.0,0.0,0.0,0.0,negative,40.54539588
40.54539588,0.9100423455238342,0.0,0.9795214533805848,0.0,4.0,1.0,positive,40.66075085
40.66075085,0.7860763072967529,0.0,0.7806106805801392,0.0,3.0,2.0,positive,40.70749094
40.70749094,0.0,0.0,0.745283842086792,0.0,2.0,0.0,negative,40.69892794
40.69892794,0.0,0.0,0.0,0.8804502487182617,0.0,2.0,negative,40.6432135
40.6432135,0.0,0.0,0.0,0.0,3.0,1.0,positive,40.6557554
40.6557554,0.0,0.0,1.5504560470581057,0.0,3.0,0.0,positive,40.74939588
40.74939588,0.0,0.9107487797737122,0.0,0.0,1.0,1.0,negative,40.6865252
40.6865252,0.0,0.854270875453949,0.0,0.0,3.0,2.0,negative,40.60642986
40.60642986,0.0,1.6546075344085691,1.6622992753982544,0.0,4.0,2.0,negative,40.37567542
40.37567542,0.8736110329627991,0.7883782386779785,0.0,0.0,1.0,1.0,positive,40.56000662
40.56000662,0.0,0.0,0.0,0.0,2.0,0.0,positive,40.61895086
40.61895086,0.8979064226150513,0.0,0.0,0.0,2.0,0.0,negative,40.51885082
40.51885082,0.0,0.8361984491348267,0.0,0.0,1.0,1.0,negative,40.33233868
40.33233868,0.0,0.0,0.0,0.0,0.0,0.0,positive,40.45535317
40.45535317,0.0,0.7684218287467957,0.7810208201408386,0.0,6.0,1.0,positive,40.59628812
40.59628812,0.7627442479133606,0.0,0.0,0.0,6.0,1.0,positive,40.67013927
40.67013927,0.7249065041542053,0.8580653667449951,0.0,0.0,2.0,1.0,positive,40.88368202
40.88368202,0.0,0.962517261505127,0.9485352635383606,0.0,7.0,2.0,negative,40.7749538
40.7749538,1.420090734958649,0.0,0.0,0.7470735311508179,3.0,1.0,positive,40.7821004
40.7821004,0.7907336354255676,0.0,0.0,0.0,2.0,0.0,negative,40.58295201
40.58295201,0.8270281553268433,0.8841733932495117,0.0,0.0,1.0,1.0,positive,41.31191591
41.31191591,0.0,0.0,0.0,0.0,0.0,0.0,positive,41.77561935
41.77561935,0.0,0.0,0.0,0.0,0.0,0.0,positive,41.8117914
41.8117914,0.0,0.0,0.0,0.0,0.0,1.0,negative,41.59438152
41.59438152,0.0,0.0,0.0,0.0,0.0,0.0,positive,41.95760251
41.95760251,0.0,0.0,0.0,0.0,0.0,1.0,positive,42.27396257
42.27396257,0.0,0.0,0.8179379105567932,0.0,2.0,0.0,positive,42.44653961
42.44653961,0.0,0.0,0.0,0.0,1.0,0.0,negative,42.3793051892
42.3793051892,0.0,0.0,0.0,0.0,2.0,0.0,positive,42.8015253089
42.8015253089,0.0,2.5217130184173584,0.0,0.8503344655036926,0.0,4.0,negative,42.6643166
42.6643166,0.732428789138794,0.0,0.0,0.0,2.0,1.0,negative,42.59518269
42.59518269,0.0,0.0,0.0,0.0,4.0,0.0,positive,42.91517302
42.91517302,1.8268656134605408,0.0,0.0,0.0,6.0,0.0,positive,43.98133713
43.98133713,0.0,0.0,0.7869955897331238,0.0,2.0,0.0,positive,44.4224316
44.4224316,0.0,0.0,0.0,0.0,3.0,0.0,negative,44.18696181
44.18696181,0.0,0.0,0.0,0.0,1.0,1.0,positive,44.21417268
44.21417268,0.8760851621627808,0.0,0.0,0.0,2.0,0.0,negative,43.81308009
43.81308009,0.0,0.0,0.0,0.7669939398765564,0.0,1.0,positive,44.33663127
44.33663127,1.8002197742462158,0.0,0.0,0.0,5.0,0.0,negative,44.14948443
44.14948443,0.8687113523483276,0.0,0.0,0.0,4.0,0.0,positive,44.39112198
44.39112198,0.0,0.7814474701881409,0.0,0.0,1.0,1.0,positive,45.31470991
45.31470991,0.8155677318572998,0.0,0.0,0.0,2.0,1.0,positive,45.57663482
45.57663482,0.0,0.0,0.0,0.0,1.0,0.0,negative,45.07613165
45.07613165,0.0,0.0,0.0,0.0,1.0,0.0,positive,45.45500586
45.45500586,0.0,1.7615371942520142,0.0,0.0,2.0,2.0,negative,45.2234683
45.2234683,0.0,0.0,0.7761510610580444,0.0,1.0,0.0,positive,45.58429067
45.58429067,0.7003023624420166,0.8204711675643921,0.0,0.0,1.0,1.0,negative,45.57974318
45.57974318,0.7443402409553528,2.207174837589264,0.0,0.0,3.0,3.0,positive,46.12236337
46.12236337,0.0,0.0,0.0,0.0,0.0,0.0,positive,46.16670633
46.16670633,0.0,0.0,0.0,0.0,1.0,0.0,positive,46.25125179
46.25125179,0.0,0.0,0.0,0.0,1.0,0.0,positive,46.55611442
46.55611442,0.8623555302619934,0.0,0.0,0.9607604742050172,1.0,1.0,negative,46.34016289
46.34016289,0.0,1.7406731247901917,0.8052005767822266,0.7292100191116333,2.0,4.0,negative,46.19736681
46.19736681,0.0,0.0,0.0,0.0,2.0,1.0,positive,46.72369992
46.72369992,0.8270094394683838,0.0,0.0,0.0,3.0,1.0,negative,45.96187345
45.96187345,0.7104403376579285,0.0,0.0,0.0,1.0,0.0,positive,46.40688288
46.40688288,0.0,0.0,0.9292240738868712,0.7148441672325134,3.0,1.0,positive,46.56881741
46.56881741,0.7254812717437744,0.8836631178855896,4.375425100326538,0.0,14.0,1.0,negative,46.35602828
46.35602828,0.8472899198532104,0.0,0.0,0.0,8.0,1.0,negative,45.99636219
45.99636219,0.7290152311325073,0.0,0.0,0.0,6.0,0.0,negative,45.91751339
45.91751339,2.245859146118164,0.0,0.7707775831222534,0.0,6.0,1.0,negative,44.48761496
44.48761496,0.0,0.0,0.0,0.0,0.0,0.0,positive,44.56571176
44.56571176,0.8567174077033997,0.7402957081794739,0.0,0.0,3.0,2.0,positive,44.70783316
44.70783316,0.7293365001678467,0.8910064697265625,0.9200183749198914,0.0,4.0,2.0,negative,44.6679293
44.6679293,0.8242329955101013,0.0,0.0,0.0,2.0,0.0,negative,44.44191399
44.44191399,2.272646963596344,0.0,0.0,0.0,6.0,0.0,positive,44.44192196
44.44192196,0.0,0.0,0.935964822769165,0.8519160151481628,2.0,1.0,positive,45.36759833
45.36759833,0.0,0.0,0.7855437994003296,0.0,1.0,0.0,positive,46.18868821
46.18868821,0.7080140113830566,0.0,0.0,0.0,7.0,0.0,positive,46.56657204
46.56657204,0.0,1.6354714035987854,0.0,0.0,0.0,3.0,positive,46.69239097
46.69239097,1.443929672241211,0.0,0.951442301273346,0.0,3.0,0.0,negative,45.85113745
45.85113745,0.0,0.0,1.6000744104385376,0.0,3.0,0.0,positive,46.43646851
46.43646851,0.0,0.0,0.0,0.0,1.0,0.0,negative,46.24403641
46.24403641,0.0,0.0,0.0,0.0,0.0,2.0,negative,46.11053797
46.11053797,0.0,0.0,0.0,0.0,3.0,0.0,negative,45.48786592
45.48786592,0.7851006984710693,0.0,0.0,0.0,2.0,0.0,positive,45.7428906
45.7428906,0.0,0.7629246115684509,0.7000590562820435,0.0,2.0,1.0,negative,45.6883166
45.6883166,0.0,0.0,0.0,0.0,2.0,0.0,negative,45.44909908
45.44909908,1.631864845752716,0.0,0.7391001582145691,0.7824950814247131,4.0,1.0,positive,45.8013579
45.8013579,0.7280129194259644,0.7206810712814331,0.0,0.0,2.0,2.0,positive,45.8681797
45.8681797,0.0,0.7050116062164307,1.8189846873283384,0.0,4.0,1.0,positive,45.87728338
45.87728338,0.0,0.0,0.8884202837944031,0.0,3.0,0.0,positive,45.98780192
45.98780192,0.0,1.5167812705039978,3.3734132051467896,0.0,10.0,2.0,positive,46.11067549
46.11067549,0.0,0.0,0.0,0.0,4.0,0.0,negative,46.06107345
46.06107345,0.0,1.56379896402359,0.0,0.0,0.0,2.0,positive,46.17252517
46.17252517,0.0,0.7772679924964905,0.7176905274391174,0.0,1.0,2.0,positive,46.32830534
46.32830534,1.4179991483688354,0.714407742023468,0.0,0.0,2.0,2.0,positive,46.45214254
46.45214254,0.0,0.8580653667449951,0.0,0.0,1.0,1.0,negative,46.31985866
46.31985866,0.0,0.0,0.7462717890739441,0.0,2.0,0.0,positive,46.45826637
46.45826637,0.0,0.0,0.0,0.0,1.0,0.0,negative,46.03482408
46.03482408,0.0,0.0,0.0,0.0,2.0,0.0,positive,46.1089012
46.1089012,1.618880569934845,0.0,0.0,0.0,2.0,0.0,negative,45.86055679
45.86055679,0.0,0.0,0.8096937537193298,0.0,1.0,0.0,negative,45.79709379
45.79709379,0.0,0.0,0.7468774318695068,0.0,1.0,0.0,positive,46.00480046
46.00480046,0.0,0.0,0.0,0.0,1.0,0.0,negative,45.9572513683
45.9572513683,0.0,0.0,0.0,0.0,2.0,0.0,positive,46.27517344
46.27517344,0.0,0.0,0.0,0.0,0.0,2.0,positive,46.27585576
46.27585576,0.0,0.0,0.0,0.0,3.0,0.0,negative,46.0713969453
46.0713969453,0.0,0.0,0.0,0.0,2.0,0.0,negative,46.0675754502
46.0675754502,0.8543555736541748,0.0,0.0,0.0,1.0,0.0,negative,45.84593701
45.84593701,0.0,0.0,0.7449191808700562,0.0,1.0,0.0,negative,45.83885338
45.83885338,0.0,0.7003569602966309,0.731844425201416,0.0,5.0,1.0,positive,46.0422861544
46.0422861544,1.6375378966331482,0.0,0.0,0.0,5.0,1.0,positive,46.180467282
46.180467282,0.0,2.5296932458877563,0.0,0.0,0.0,3.0,negative,45.96867543
45.96867543,0.7934869527816772,0.0,0.0,0.0,3.0,0.0,negative,45.89229319
45.89229319,0.7860771417617798,0.0,0.7311457991600037,0.0,2.0,0.0,positive,46.00721457
46.00721457,0.0,0.0,0.0,0.0,1.0,0.0,positive,46.04983131
46.04983131,0.0,0.0,0.0,0.0,2.0,0.0,positive,46.05016664
46.05016664,0.0,0.0,0.0,0.0,1.0,0.0,negative,45.83431292
45.83431292,0.0,0.0,0.0,0.0,1.0,0.0,positive,46.2142772376
46.2142772376,0.0,0.0,0.0,0.0,3.0,0.0,positive,46.4535379495
46.4535379495,1.584938943386078,0.0,0.9643938541412354,0.0,3.0,0.0,negative,46.4003396927
46.4003396927,0.0,0.0,0.0,0.0,2.0,0.0,negative,46.31275073
46.31275073,0.0,0.0,0.0,0.0,1.0,0.0,negative,46.25069036
46.25069036,0.0,0.8802934288978577,0.0,0.0,0.0,2.0,negative,45.7963802
45.7963802,0.0,0.0,0.0,0.0,2.0,0.0,negative,45.53470528
45.53470528,0.0,0.0,0.0,0.0,2.0,1.0,negative,44.89348178
44.89348178,0.0,0.0,0.0,0.0,1.0,0.0,negative,43.56586112
43.56586112,0.0,0.7885065674781799,0.0,0.0,1.0,1.0,positive,43.66408407
43.66408407,0.0,0.0,0.0,0.0,1.0,0.0,negative,42.90688257
42.90688257,0.0,0.0,0.0,0.0,1.0,0.0,negative,42.797946562
42.797946562,0.0,0.0,0.0,0.0,1.0,1.0,negative,42.4487221996
42.4487221996,0.0,0.0,0.0,0.0,0.0,0.0,positive,42.9579215776
42.9579215776,0.0,0.0,0.0,0.0,0.0,0.0,negative,42.67559057
42.67559057,0.0,0.8659794330596924,0.0,0.0,0.0,1.0,positive,42.69322793
42.69322793,0.0,0.0,0.0,0.0,2.0,0.0,negative,42.52488693
42.52488693,0.7819116115570068,0.0,0.7302689552307129,0.0,2.0,1.0,negative,42.21555741
42.21555741,0.0,0.0,0.0,0.0,2.0,0.0,negative,41.5291866
41.5291866,0.0,0.0,0.0,0.0,1.0,1.0,positive,41.88405189
41.88405189,0.0,0.0,0.0,0.0,0.0,0.0,positive,42.20303221
42.20303221,0.0,0.0,0.0,0.0,1.0,0.0,negative,42.17744542
42.17744542,0.0,0.0,0.8871782422065735,0.0,4.0,0.0,positive,42.34817807
42.34817807,0.0,0.0,0.0,0.0,2.0,0.0,negative,42.19156197
42.19156197,0.718076229095459,0.0,0.0,0.0,2.0,0.0,positive,42.41503209
42.41503209,0.0,0.0,0.0,0.0,2.0,0.0,negative,42.28825375
42.28825375,0.0,0.0,0.0,0.0,0.0,0.0,negative,42.26981235
42.26981235,0.0,0.0,0.0,0.0,1.0,0.0,positive,42.42442486
42.42442486,0.0,0.0,0.0,0.0,1.0,0.0,positive,42.71963853
42.71963853,0.0,0.0,0.0,0.0,2.0,0.0,negative,42.47559763
42.47559763,0.9941847920417786,0.0,0.0,0.0,2.0,1.0,positive,42.72357501
42.72357501,0.0,0.7890852093696594,0.0,0.0,0.0,1.0,positive,42.82470481
42.82470481,0.0,0.0,0.0,0.0,0.0,0.0,positive,42.88038827
42.88038827,0.0,0.0,0.0,0.0,0.0,0.0,negative,42.80879198
42.80879198,1.510428965091705,0.0,0.0,0.0,2.0,0.0,negative,42.57432059
42.57432059,1.5569287538528442,0.7218835949897766,0.0,0.0,2.0,1.0,negative,42.51963787
42.51963787,0.0,0.0,0.0,0.0,1.0,1.0,negative,42.36015902
42.36015902,0.0,0.8267772793769836,0.0,0.0,1.0,1.0,negative,42.30514308
42.30514308,0.0,0.0,0.0,0.0,0.0,0.0,positive,42.49009248
42.49009248,0.0,0.0,0.0,0.0,0.0,0.0,negative,42.41313315
42.41313315,0.0,0.722636342048645,0.0,0.0,0.0,2.0,negative,42.35552394
42.35552394,0.0,0.0,0.0,0.0,1.0,0.0,positive,42.37161635
42.37161635,0.0,0.7341889142990112,0.0,0.0,2.0,1.0,negative,42.36679032
42.36679032,0.0,0.0,0.0,0.0,1.0,0.0,negative,42.13617814
42.13617814,0.8981938362121582,0.0,0.0,0.0,1.0,0.0,negative,42.06403832
42.06403832,0.0,0.8185370564460754,0.0,0.0,1.0,1.0,negative,41.95512024
41.95512024,0.0,0.7460065484046936,0.7394453287124634,0.0,1.0,1.0,negative,41.91827796
41.91827796,0.7093326449394226,0.0,0.0,0.0,1.0,0.0,negative,41.85334584
41.85334584,0.0,0.0,0.0,0.0,0.0,0.0,positive,42.04885952
42.04885952,0.0,0.0,0.0,0.0,2.0,1.0,positive,42.27675535
42.27675535,0.0,0.0,0.0,0.0,0.0,0.0,positive,42.31909769
42.31909769,0.0,0.0,0.0,0.0,1.0,0.0,positive,42.497062314
42.497062314,0.0,0.0,0.0,0.0,0.0,0.0,negative,42.43118563
42.43118563,0.0,0.0,0.0,0.0,1.0,0.0,negative,42.1802188237
42.1802188237,0.0,0.0,0.0,0.0,1.0,1.0,negative,42.16952277
42.16952277,0.0,0.0,0.0,0.8355069756507874,0.0,1.0,negative,42.13907362
42.13907362,0.0,0.0,0.0,0.0,2.0,0.0,positive,42.25992859
42.25992859,0.0,0.0,0.0,0.0,0.0,0.0,negative,42.03748416
42.03748416,0.0,0.0,0.0,0.0,2.0,0.0,positive,42.20732709
42.20732709,0.0,0.0,0.0,0.0,0.0,0.0,positive,42.30217654
42.30217654,0.0,0.0,0.0,0.0,0.0,0.0,positive,42.5190778202
42.5190778202,0.0,0.0,0.0,0.0,0.0,0.0,negative,42.3450608588
42.3450608588,0.9569867253303528,0.0,0.0,0.0,3.0,0.0,positive,42.419247
42.419247,0.9101480841636658,0.0,0.0,0.0,1.0,0.0,positive,42.61876925
42.61876925,0.0,0.0,0.0,0.0,0.0,0.0,positive,42.79256993
42.79256993,1.4269870519638062,1.513431966304779,0.0,0.0,4.0,3.0,positive,42.97339504
42.97339504,0.0,0.0,2.4069091081619263,0.0,9.0,0.0,positive,43.09817149
43.09817149,1.882493257522583,0.0,0.0,0.0,3.0,1.0,positive,43.2129321338
43.2129321338,0.0,0.7498714327812195,0.8012717962265015,0.8130419850349426,2.0,2.0,negative,43.1229059369
43.1229059369,0.0,0.0,0.0,0.0,0.0,0.0,negative,42.8412470555
42.8412470555,0.0,0.0,0.0,0.0,0.0,0.0,positive,43.1737144
43.1737144,0.0,0.0,0.0,0.0,1.0,2.0,negative,43.13308901
43.13308901,0.0,0.0,0.0,0.0,2.0,0.0,positive,43.20086766
43.20086766,0.7318913340568542,0.9710925817489624,0.0,0.0,2.0,2.0,negative,42.5641268802
42.5641268802,2.655374407768249,0.0,1.5800334811210632,0.0,11.0,4.0,negative,42.4502857
42.4502857,0.7757522463798523,0.0,1.5113904476165771,0.0,10.0,0.0,negative,40.8989629
40.8989629,0.0,0.0,0.7583597898483276,0.0,6.0,0.0,negative,40.28619801
40.28619801,0.7113766074180603,0.0,0.0,0.0,11.0,1.0,positive,40.37150788
40.37150788,1.65561443567276,0.0,3.2811394333839417,0.0,11.0,0.0,negative,40.16412163
40.16412163,0.0,0.0,0.0,0.0,1.0,0.0,positive,40.39838102
40.39838102,0.0,0.0,1.763734519481659,0.0,6.0,1.0,negative,40.3223176
40.3223176,0.0,0.0,0.0,0.0,4.0,0.0,positive,40.4928917182
40.4928917182,1.6986984014511108,0.0,0.0,0.0,4.0,1.0,negative,40.2150856726
40.2150856726,0.0,0.0,0.8128796815872192,0.0,3.0,1.0,negative,40.2066088139
40.2066088139,2.440291106700897,0.0,0.0,0.0,4.0,0.0,negative,40.15294372
40.15294372,0.0,0.8258227705955505,0.0,0.0,1.0,1.0,positive,40.4314133575
40.4314133575,0.0,0.7732130289077759,0.894260048866272,0.0,4.0,1.0,positive,40.8687172891
40.8687172891,0.0,0.0,1.5938573479652405,0.0,5.0,1.0,negative,40.46357057
40.46357057,0.7955366373062134,1.775108277797699,1.5319917798042295,0.0,11.0,2.0,negative,40.3079132
40.3079132,0.8010638356208801,1.7294908165931702,2.35127454996109,0.0,10.0,2.0,negative,40.22658828
40.22658828,0.9008458852767944,3.8845484256744394,0.767059862613678,0.0,5.0,5.0,positive,40.44908372
40.44908372,1.5992842316627502,1.515625774860382,1.687096357345581,0.0,13.0,5.0,negative,40.43388602
40.43388602,0.0,0.778786838054657,0.0,0.0,6.0,2.0,negative,40.30437036
40.30437036,0.0,0.0,0.0,0.0,2.0,0.0,positive,40.4525417124
40.4525417124,0.0,0.0,0.7211601138114929,0.0,1.0,0.0,positive,40.7063595115
40.7063595115,0.0,0.0,0.8491007685661316,0.0,4.0,0.0,positive,40.94988564
40.94988564,0.9574959874153136,0.0,0.8476744890213013,0.0,6.0,0.0,negative,40.92456294
40.92456294,0.0,0.0,0.0,0.0,3.0,0.0,positive,41.36904895
41.36904895,0.8976932168006897,0.0,0.0,0.0,3.0,0.0,negative,41.20434234
41.20434234,0.0,0.0,0.0,0.0,2.0,1.0,positive,41.2315391711
41.2315391711,0.0,0.991064429283142,0.0,0.0,0.0,5.0,positive,41.2839070976
41.2839070976,0.9389028549194336,0.9607599973678588,0.0,0.0,2.0,2.0,positive,41.3652264166
41.3652264166,0.0,0.0,0.0,0.0,2.0,0.0,positive,41.4695413579
41.4695413579,0.0,0.0,0.0,0.0,0.0,1.0,positive,41.48087997
41.48087997,0.0,0.0,0.0,0.0,1.0,0.0,positive,41.48947597
41.48947597,0.0,0.0,0.0,0.0,0.0,0.0,negative,41.32403489
41.32403489,0.0,0.0,0.0,0.0,0.0,0.0,negative,40.93536102
40.93536102,0.8795167207717896,1.618776023387909,0.9299602508544922,0.0,5.0,2.0,negative,40.86678033
40.86678033,4.023096144199371,0.0,2.22905170917511,0.0,13.0,1.0,positive,40.87659468
40.87659468,0.0,0.0,0.0,0.0,1.0,0.0,positive,41.1147157499
41.1147157499,0.0,2.230076253414154,0.0,0.0,0.0,3.0,negative,41.03609491
41.03609491,0.0,0.0,0.0,0.0,1.0,1.0,positive,41.0547776
41.0547776,0.0,0.0,0.0,0.0,0.0,0.0,positive,41.32703926
41.32703926,0.8583893179893494,1.530037760734558,2.599863052368164,0.0,9.0,3.0,positive,41.46742157
41.46742157,0.0,0.7977412343025208,0.9477857947349548,0.0,3.0,1.0,negative,41.43628454
41.43628454,0.0,2.586170494556427,0.0,0.0,0.0,4.0,positive,41.7118512785
41.7118512785,0.0,2.401278614997864,0.7416923642158508,0.9376524686813354,4.0,4.0,negative,41.6104592537
41.6104592537,0.9533898234367372,0.0,0.0,0.0,3.0,0.0,negative,41.5626155
41.5626155,0.7185430526733398,0.0,0.7249402403831482,0.0,5.0,0.0,negative,41.42807121
41.42807121,0.0,0.0,0.0,0.0,4.0,2.0,negative,41.3288202639
41.3288202639,0.0,0.0,0.0,0.0,3.0,2.0,negative,41.1887570393
41.1887570393,0.8536301851272583,0.0,0.0,0.0,8.0,0.0,negative,41.15093881
41.15093881,0.8398138880729675,3.296969413757324,0.0,0.801800012588501,1.0,5.0,negative,41.0800941391
41.0800941391,0.0,0.7045944333076477,0.0,0.0,1.0,3.0,negative,40.90014165
40.90014165,0.0,0.0,0.0,0.0,2.0,2.0,positive,41.04014225
41.04014225,0.0,0.0,0.0,0.0,0.0,0.0,positive,41.39981728
41.39981728,0.0,0.0,0.0,0.0,1.0,0.0,positive,41.51284024
41.51284024,0.9067100286483764,0.0,0.9963801503181458,0.0,6.0,1.0,negative,41.5067244334
41.5067244334,0.0,0.0,0.0,0.7051780819892883,1.0,2.0,positive,41.5373841
41.5373841,0.0,0.0,0.0,0.0,0.0,0.0,negative,41.46279398
41.46279398,0.8321186304092407,0.0,0.0,0.0,2.0,0.0,negative,41.40982106
41.40982106,0.0,0.0,0.0,0.8253487348556519,0.0,1.0,negative,41.19482641
41.19482641,0.0,0.0,0.0,0.0,0.0,0.0,positive,41.2484435103
41.2484435103,0.0,0.8196178078651428,0.8285804390907288,0.8711996674537659,1.0,3.0,negative,40.92640971
40.92640971,0.0,2.38256698846817,0.0,0.0,0.0,3.0,negative,40.89913069
40.89913069,0.0,0.0,0.0,0.0,0.0,0.0,negative,40.46594308
40.46594308,0.0,0.0,0.0,0.0,1.0,0.0,negative,40.40521998
40.40521998,0.0,0.8199934959411621,0.0,0.0,2.0,1.0,positive,40.4837425068
40.4837425068,0.0,0.0,0.9282604455947876,0.0,3.0,0.0,negative,40.36199992
40.36199992,0.0,0.8087436556816101,0.873961329460144,0.0,2.0,2.0,positive,40.39173263
40.39173263,0.0,0.7549230456352234,0.0,0.0,3.0,1.0,positive,40.39817897
40.39817897,0.0,0.7531067728996277,0.0,0.0,1.0,1.0,positive,40.45119415
40.45119415,0.0,0.0,0.0,0.0,1.0,0.0,negative,40.41397048
40.41397048,0.0,0.0,0.0,0.0,1.0,0.0,negative,40.24915568
40.24915568,0.0,0.0,0.0,0.0,1.0,0.0,positive,40.45211881
40.45211881,0.0,0.0,0.0,0.0,2.0,0.0,negative,40.32388061
40.32388061,0.0,0.7327864766120911,0.0,0.0,1.0,1.0,negative,39.58906929
39.58906929,1.6797080636024475,0.0,0.0,0.0,4.0,1.0,negative,39.00976119
39.00976119,0.0,0.8118383288383484,0.0,0.0,1.0,4.0,positive,39.07463313
39.07463313,0.8574835658073425,0.0,0.0,0.0,1.0,0.0,negative,39.07281457
39.07281457,0.9100420475006104,0.0,0.0,0.0,7.0,1.0,negative,39.00589423
39.00589423,0.0,0.0,0.9660237431526184,0.0,2.0,1.0,positive,39.01334682
39.01334682,0.0,0.0,0.0,0.0,1.0,0.0,positive,39.03992877
39.03992877,0.0,0.9287812113761902,0.7264069318771362,0.0,6.0,1.0,positive,39.53842636
39.53842636,1.515332281589508,0.0,0.0,0.0,4.0,0.0,positive,41.18601436
41.18601436,0.8216985464096069,0.0,1.6300104856491089,0.0,5.0,0.0,positive,42.60523625
42.60523625,1.6693278551101685,0.0,0.9795815348625184,0.0,11.0,0.0,positive,42.67387434
42.67387434,0.0,1.4995663166046145,0.0,0.0,0.0,2.0,negative,42.07524884
42.07524884,1.7185986638069153,0.0,0.8403363227844238,0.0,5.0,0.0,positive,42.34411374
42.34411374,1.5756317973136902,0.0,0.0,0.8040926456451416,6.0,2.0,positive,42.69829955
42.69829955,1.569974064826965,0.0,0.9806504249572754,0.0,8.0,0.0,negative,42.34665178
42.34665178,0.0,0.0,0.0,0.0,5.0,1.0,positive,42.45345095
42.45345095,0.7994044423103333,4.266456067562103,0.0,0.0,2.0,7.0,positive,42.67578433
42.67578433,0.7966940999031067,0.0,0.742591381072998,0.0,4.0,2.0,negative,42.4837559655
42.4837559655,0.7163553237915039,0.0,0.0,0.0,3.0,0.0,negative,42.444276959
42.444276959,2.551869034767151,0.7371256351470947,0.0,0.0,4.0,4.0,negative,42.4361869
42.4361869,0.0,0.0,0.0,0.0,1.0,1.0,positive,42.55589294
42.55589294,0.8196317553520203,0.7882001399993896,0.0,0.0,2.0,1.0,positive,42.72353006
42.72353006,0.8159652352333069,0.0,0.8059988617897034,0.0,4.0,1.0,negative,42.49172271
42.49172271,0.9000342488288879,0.0,0.0,0.0,1.0,1.0,positive,42.8254158777
42.8254158777,0.0,0.0,0.8555349707603455,0.0,3.0,0.0,negative,42.6750506128
42.6750506128,0.0,0.8358135223388672,0.0,0.0,0.0,1.0,negative,42.63551612
42.63551612,0.0,0.0,0.0,0.0,0.0,0.0,positive,42.71288587
42.71288587,1.4605042934417725,0.0,0.9046126008033752,0.0,5.0,0.0,negative,42.6222783274
42.6222783274,0.0,0.9285423159599304,0.0,0.0,1.0,1.0,negative,42.5595154003
42.5595154003,0.0,0.0,0.0,0.0,0.0,1.0,negative,42.23603356
42.23603356,0.0,1.7230509519577026,0.0,0.0,1.0,2.0,positive,42.30290947
42.30290947,0.0,0.0,0.0,0.0,0.0,2.0,negative,42.29825683
42.29825683,0.0,0.0,0.0,0.0,0.0,0.0,negative,42.1891244248
42.1891244248,0.0,0.0,0.0,0.0,0.0,0.0,positive,42.41559256
42.41559256,0.8091375827789307,0.0,0.0,0.0,1.0,2.0,positive,42.44518878
42.44518878,0.0,0.0,0.0,0.0,0.0,1.0,negative,42.40298752
42.40298752,0.0,0.9025807976722716,0.0,0.0,2.0,1.0,negative,42.28329882
42.28329882,0.0,0.0,0.0,0.0,1.0,0.0,positive,42.38460586
42.38460586,0.7875860333442688,0.0,0.0,0.0,1.0,0.0,negative,42.27356032
42.27356032,0.8976932168006897,0.0,0.0,0.0,2.0,0.0,negative,42.2031936754
42.2031936754,0.0,0.0,0.0,0.0,3.0,0.0,positive,42.3847089
42.3847089,0.7595440149307251,0.0,0.0,0.0,3.0,1.0,positive,42.38951219
42.38951219,0.9433152675628662,0.0,0.0,0.0,4.0,0.0,positive,42.46806695
42.46806695,0.0,0.0,0.0,0.0,3.0,1.0,positive,42.4808232454
42.4808232454,0.0,0.7401746511459351,0.0,0.0,2.0,1.0,positive,42.63959337
42.63959337,0.0,0.0,0.0,0.9594677686691284,3.0,1.0,positive,42.69906437
42.69906437,0.0,0.0,0.0,0.0,3.0,1.0,negative,42.60115351
42.60115351,0.7360093593597412,0.0,0.9574984312057496,0.0,4.0,0.0,positive,42.83285143
42.83285143,1.6271575689315796,0.7529565691947937,0.0,0.0,4.0,1.0,negative,42.74503552
42.74503552,0.8954963684082031,0.0,0.0,0.0,3.0,0.0,positive,42.9051688959
42.9051688959,0.0,0.0,0.0,0.0,3.0,0.0,negative,42.86627402
42.86627402,0.0,0.0,0.0,0.0,1.0,0.0,positive,43.07524351
43.07524351,0.0,0.7272125482559204,0.0,0.0,1.0,1.0,negative,43.06668166
43.06668166,0.0,0.8758699893951416,0.0,0.0,2.0,2.0,negative,43.02440924
43.02440924,0.0,0.7849577069282532,0.9139311909675598,0.0,2.0,1.0,positive,43.18156607
43.18156607,0.0,0.0,0.0,0.0,2.0,1.0,negative,42.97120273
42.97120273,0.0,0.0,0.0,0.0,0.0,0.0,negative,42.9287787333
42.9287787333,0.0,0.0,0.0,0.0,0.0,0.0,positive,42.93636071
42.93636071,0.0,0.0,0.0,0.0,0.0,0.0,negative,42.83481648
42.83481648,1.7706052660942078,0.0,0.7283302545547485,0.0,3.0,0.0,negative,42.64769884
42.64769884,0.0,1.6514165997505188,0.0,0.0,0.0,3.0,positive,42.73999335
42.73999335,0.8615247011184692,0.0,0.0,0.0,1.0,0.0,positive,42.8451379
42.8451379,0.0,1.7057493329048157,0.70806485414505,0.0,2.0,3.0,positive,43.62912829
43.62912829,0.821457028388977,0.8982061743736267,0.7703395485877991,0.0,3.0,1.0,positive,43.66089963
43.66089963,0.0,0.0,0.0,0.0,1.0,0.0,positive,43.70794862
43.70794862,0.8834133148193359,0.8568673133850098,0.0,0.0,4.0,2.0,positive,43.71249135
43.71249135,0.7989465594291687,0.8193963170051575,0.7015021443367004,0.0,2.0,2.0,negative,43.7090445669
43.7090445669,0.0,0.9879634380340576,0.0,0.0,3.0,1.0,positive,43.83945932
43.83945932,0.0,0.0,0.0,0.0,3.0,0.0,positive,43.89612596
43.89612596,0.0,1.712618708610535,0.0,0.0,2.0,3.0,negative,43.8599683
43.8599683,0.0,0.0,0.0,0.0,2.0,1.0,positive,43.88205054
43.88205054,0.0,0.0,0.0,0.0,2.0,0.0,positive,44.288446
44.288446,0.0,0.0,0.0,0.7263352870941162,0.0,1.0,positive,44.36289744
44.36289744,0.0,0.0,0.0,0.0,1.0,0.0,negative,44.22871721
44.22871721,0.0,0.0,0.0,0.0,0.0,0.0,negative,44.05529905
44.05529905,0.0,0.0,0.0,0.0,0.0,0.0,positive,44.1271267309
44.1271267309,0.0,0.0,0.0,0.0,1.0,1.0,positive,44.2398864468
44.2398864468,0.0,0.0,0.0,0.0,2.0,2.0,negative,44.15821877
44.15821877,0.0,0.0,0.0,0.0,0.0,0.0,negative,43.69377088
43.69377088,0.0,0.0,0.0,0.0,3.0,0.0,negative,43.4607030346
43.4607030346,0.0,0.0,0.0,0.0,0.0,0.0,negative,43.4159653499
43.4159653499,0.0,0.0,0.0,0.0,0.0,0.0,positive,43.4870411587
43.4870411587,0.0,0.0,0.0,0.0,3.0,1.0,positive,43.4878462762
43.4878462762,0.0,0.0,0.0,0.7251628637313843,0.0,1.0,positive,43.71675147
43.71675147,0.0,0.0,0.0,0.0,0.0,0.0,positive,43.7221555
43.7221555,0.0,0.0,0.0,0.0,1.0,0.0,positive,43.9455378
43.9455378,0.0,0.0,0.0,0.0,1.0,0.0,negative,43.13125228
43.13125228,0.8793536424636841,0.9444951415061952,0.0,0.0,1.0,2.0,negative,42.90072553
42.90072553,0.0,0.882062554359436,0.7250709533691406,0.0,1.0,1.0,negative,42.79278794
42.79278794,0.0,0.0,0.0,0.0,1.0,0.0,positive,42.9674116151
42.9674116151,0.0,0.8625744581222534,0.0,0.0,4.0,1.0,positive,43.18120115
43.18120115,0.0,0.0,0.0,0.0,1.0,0.0,positive,43.2620725767
43.2620725767,0.0,0.0,0.0,0.0,2.0,0.0,negative,43.158386304
43.158386304,0.0,0.0,0.9956011176109314,0.0,1.0,1.0,negative,43.07641694
43.07641694,0.0,0.0,0.0,0.0,1.0,0.0,positive,43.07882285
43.07882285,0.0,0.0,0.7483611106872559,0.0,4.0,0.0,positive,43.14871535
43.14871535,0.0,0.0,0.0,0.0,0.0,0.0,negative,42.63475094
42.63475094,0.9075829982757568,0.8580653667449951,0.0,0.0,2.0,2.0,positive,43.13569517
43.13569517,0.0,0.0,0.0,0.0,0.0,0.0,positive,43.20296811
43.20296811,0.0,0.7769225239753723,0.0,0.0,0.0,1.0,negative,43.12211594
43.12211594,0.0,0.7185466289520264,0.0,0.0,1.0,1.0,positive,43.21272395
43.21272395,0.0,0.8535505533218384,0.0,0.0,1.0,2.0,negative,43.15716298
43.15716298,0.0,0.0,0.0,0.0,0.0,0.0,negative,43.0122688
43.0122688,0.0,0.0,0.0,0.0,1.0,0.0,negative,42.97207377
42.97207377,0.0,0.0,0.0,0.0,1.0,0.0,positive,43.11670476
43.11670476,0.0,0.0,0.7212280631065369,0.0,3.0,0.0,negative,43.0621534
43.0621534,0.0,1.5257037281990051,0.0,0.0,6.0,2.0,negative,42.85095031
42.85095031,0.0,0.0,0.7899243235588074,0.0,4.0,0.0,negative,42.4427737
42.4427737,0.0,0.0,0.8721395134925842,0.0,2.0,0.0,negative,41.75206295
41.75206295,0.0,0.0,0.0,0.0,0.0,0.0,positive,42.30731959
42.30731959,0.0,0.7549943327903748,0.0,0.0,2.0,1.0,negative,42.21696776
42.21696776,0.720969021320343,0.0,1.6347002983093262,0.0,5.0,0.0,negative,42.10848576
42.10848576,0.8308892250061035,0.8500325679779053,0.0,0.0,6.0,5.0,negative,42.03481083
42.03481083,0.0,0.0,0.0,0.0,1.0,1.0,negative,41.97921548
41.97921548,0.9604015946388244,0.7263909578323364,0.0,0.0,4.0,1.0,negative,41.39384055
41.39384055,0.0,0.7014343738555908,0.0,0.0,2.0,3.0,negative,41.20705566
41.20705566,0.8338301777839661,0.0,0.8114200830459595,0.0,7.0,0.0,negative,40.57125413
40.57125413,0.7753095626831055,0.9197311997413636,0.0,0.0,2.0,3.0,positive,40.83466366
40.83466366,1.5704847574234009,0.7842257022857666,1.8832799196243288,0.0,6.0,2.0,positive,40.92966098
40.92966098,0.0,1.5974055528640747,0.0,0.0,0.0,3.0,positive,41.06277579
41.06277579,0.7276833653450012,0.0,0.0,0.0,1.0,2.0,negative,40.82838424
40.82838424,0.0,0.8195610642433167,0.0,0.8301185369491577,2.0,3.0,negative,40.82095478
40.82095478,0.0,0.0,0.0,0.0,0.0,4.0,negative,40.81311796
40.81311796,1.6402764320373535,0.7132298946380615,0.0,0.0,3.0,1.0,negative,40.50821525
40.50821525,0.7450391054153442,0.7014343738555908,0.0,0.0,1.0,2.0,positive,40.55888032
40.55888032,0.0,0.0,0.0,0.0,0.0,1.0,negative,40.5001973625
40.5001973625,0.0,0.7014343738555908,0.0,0.0,0.0,1.0,positive,40.9555192989
40.9555192989,0.7925020456314087,0.0,0.0,0.0,3.0,0.0,negative,40.94697162
40.94697162,0.0,0.0,0.0,0.0,0.0,1.0,negative,40.84869848
40.84869848,0.0,0.0,0.0,0.0,0.0,0.0,negative,40.71362583
40.71362583,0.0,0.0,0.8827762007713318,0.0,1.0,0.0,negative,40.58726192
40.58726192,0.0,0.0,0.0,0.0,1.0,0.0,negative,40.5436963267
40.5436963267,0.0,0.0,0.0,0.0,0.0,0.0,positive,40.5878542
40.5878542,0.0,0.0,0.0,0.0,0.0,0.0,positive,40.61087925
40.61087925,0.0,0.7531998157501221,0.0,0.0,3.0,1.0,negative,40.59047963
40.59047963,0.0,0.9029264450073242,2.5398967266082764,0.0,4.0,1.0,positive,40.9192606267
40.9192606267,0.0,0.9514169096946716,0.0,0.0,1.0,3.0,negative,40.7278898326
40.7278898326,0.0,0.8026407361030579,0.0,0.0,0.0,2.0,positive,40.8613744
40.8613744,0.0,0.8213266730308533,0.0,0.7384477853775024,4.0,2.0,positive,41.2411794
41.2411794,0.0,0.0,0.7457152605056763,0.0,2.0,0.0,negative,40.9610166106
40.9610166106,0.0,0.0,0.0,0.0,1.0,0.0,positive,41.08523114
41.08523114,0.0,0.0,0.0,0.0,0.0,0.0,negative,40.89478272
40.89478272,0.0,0.0,0.8582187294960022,0.0,1.0,2.0,positive,40.97711145
40.97711145,0.0,0.0,0.0,0.0,0.0,0.0,positive,41.06251083
41.06251083,0.7896755933761597,0.0,0.0,0.0,1.0,1.0,negative,41.04014175
41.04014175,0.0,0.8580653667449951,0.0,0.0,1.0,1.0,negative,40.78908888
40.78908888,0.0,0.0,0.0,0.0,0.0,0.0,positive,40.85743778
40.85743778,0.8976932168006897,0.0,0.0,0.0,2.0,0.0,positive,41.02733078
41.02733078,0.0,0.7080827951431274,0.0,0.0,1.0,1.0,negative,40.90007009
40.90007009,0.0,0.0,0.0,0.0,0.0,1.0,positive,40.923116
40.923116,0.0,0.0,0.0,0.0,2.0,0.0,negative,40.91445025
40.91445025,0.0,0.0,0.0,0.0,5.0,1.0,positive,41.03596698
41.03596698,0.0,0.0,0.0,0.0,0.0,0.0,positive,41.16854956
41.16854956,0.0,0.0,0.0,0.0,1.0,0.0,positive,41.2228590561
41.2228590561,0.0,0.0,0.8201711177825928,0.0,2.0,0.0,positive,41.33112275
41.33112275,0.0,0.0,0.0,0.0,0.0,0.0,negative,41.25462705
41.25462705,0.8283820748329163,0.0,0.0,0.0,1.0,0.0,positive,41.35300878
41.35300878,0.0,0.0,0.0,0.0,1.0,0.0,positive,41.43434087
41.43434087,0.0,0.0,0.0,0.0,2.0,0.0,positive,41.62328831
41.62328831,0.9900614619255066,0.0,0.8498558402061462,0.7466476559638977,2.0,1.0,positive,42.14348656
42.14348656,0.0,3.1664756536483765,0.0,0.0,2.0,4.0,negative,42.08306072
42.08306072,3.425600588321686,0.0,0.0,0.0,12.0,1.0,negative,41.98843161
41.98843161,0.8425332307815552,0.0,0.0,0.0,2.0,0.0,positive,42.1493534507
42.1493534507,0.9646058678627014,0.7516213059425354,0.0,0.0,3.0,1.0,negative,42.08115021
42.08115021,2.5286555886268616,0.8472493886947632,0.7181265950202942,0.0,5.0,2.0,positive,42.11167577
42.11167577,0.7283551096916199,1.5571880340576172,0.0,0.0,5.0,2.0,negative,41.88700498
41.88700498,1.7974417209625244,0.0,0.0,0.0,3.0,0.0,negative,41.81356766
41.81356766,1.5827681422233582,0.0,0.0,0.0,4.0,0.0,positive,41.8888741
41.8888741,0.0,0.0,0.0,0.0,0.0,0.0,negative,41.8874131
41.8874131,0.0,1.7029536366462708,0.0,0.0,1.0,2.0,positive,41.89088437
41.89088437,2.5595484375953674,0.0,0.0,0.0,3.0,0.0,positive,42.25637947
42.25637947,0.0,0.0,0.0,0.0,0.0,0.0,negative,41.99356288
41.99356288,0.0,0.0,0.0,0.0,0.0,0.0,negative,41.85609915
41.85609915,0.0,0.0,0.0,1.4330067038536072,2.0,3.0,negative,41.77824914
41.77824914,0.0,0.7902774810791016,0.0,0.0,1.0,1.0,negative,41.59430101
41.59430101,0.0,0.0,0.0,0.0,2.0,0.0,negative,41.48653233
41.48653233,0.927018105983734,0.0,0.0,0.0,1.0,0.0,positive,41.5811341358
41.5811341358,1.7587013840675354,0.9593381881713868,0.0,0.0,2.0,1.0,positive,41.64938717
41.64938717,0.0,0.0,0.0,0.0,0.0,0.0,negative,41.6160699875
41.6160699875,0.0,0.0,0.728178858757019,0.0,1.0,0.0,negative,41.47689516
41.47689516,0.0,0.0,0.0,0.0,0.0,0.0,positive,41.75706813
41.75706813,0.0,0.0,0.7787174582481384,0.0,1.0,0.0,positive,41.94182925
41.94182925,0.0,0.8022556304931641,0.8300756216049194,0.0,2.0,2.0,positive,42.1782474292
42.1782474292,0.0,0.0,0.0,0.0,2.0,1.0,positive,42.83799338
42.83799338,0.0,0.0,0.0,0.0,0.0,0.0,positive,43.21459267
43.21459267,0.0,0.0,0.0,0.0,0.0,1.0,negative,42.938307
42.938307,0.0,0.0,0.0,0.0,2.0,0.0,positive,43.0847997362
43.0847997362,0.0,0.747394859790802,0.0,0.0,1.0,2.0,positive,43.13280193
43.13280193,0.0,0.0,0.0,0.0,4.0,0.0,negative,43.04682384
43.04682384,0.9864049553871156,0.0,0.0,0.0,4.0,1.0,negative,42.9127691
42.9127691,0.7519396543502808,0.0,0.0,0.0,2.0,0.0,positive,43.068114563
43.068114563,0.0,0.0,0.0,0.0,0.0,0.0,positive,43.1306288629
43.1306288629,0.8642982840538025,0.0,0.0,0.0,1.0,0.0,negative,42.93721546
42.93721546,0.0,0.0,0.0,0.0,1.0,0.0,positive,43.5519172
43.5519172,0.0,0.0,0.0,0.0,1.0,0.0,positive,43.64687462
43.64687462,0.0,0.7079190015792847,0.0,0.0,0.0,1.0,positive,43.93331419
43.93331419,0.0,0.0,0.0,0.0,0.0,0.0,negative,43.8535200442
43.8535200442,0.963561236858368,0.0,0.0,0.0,2.0,1.0,positive,43.89927057
43.89927057,0.0,0.7188773155212402,0.0,0.0,0.0,1.0,negative,43.67825227
43.67825227,0.0,0.8507856130599976,0.8101717233657837,0.0,3.0,1.0,positive,43.7867931
43.7867931,0.0,0.0,0.0,0.0,1.0,0.0,positive,43.99455061
43.99455061,0.0,0.0,0.0,0.0,0.0,0.0,positive,44.89545548
44.89545548,0.0,0.0,0.0,0.0,2.0,1.0,negative,44.65495857
44.65495857,0.8461428880691528,0.0,0.0,0.0,1.0,0.0,negative,44.5313991465
44.5313991465,0.7671664357185364,0.8304015398025513,0.724448025226593,0.0,5.0,2.0,negative,44.3105456025
44.3105456025,0.0,0.0,0.0,0.0,1.0,0.0,positive,44.45444693
44.45444693,0.8036938905715942,0.9263139367103576,0.0,0.0,1.0,1.0,negative,44.33439711
44.33439711,0.7693067789077759,0.0,0.8972892761230469,0.0,6.0,1.0,negative,44.17224317
44.17224317,0.0,0.0,3.3630972504615784,0.0,10.0,1.0,positive,44.4822177564
44.4822177564,1.6752766370773315,0.858923614025116,2.2254998087883,0.0,8.0,2.0,positive,44.6499627
44.6499627,0.0,1.4280037879943848,0.9364721775054932,0.0,6.0,2.0,positive,44.9889696
44.9889696,0.7239992618560791,0.0,0.0,0.0,7.0,2.0,negative,44.88788834
44.88788834,0.7539750337600708,0.0,0.7762325406074524,0.0,5.0,0.0,negative,44.82300037
44.82300037,0.7397955060005188,0.0,0.0,0.0,6.0,0.0,positive,44.8894996262
44.8894996262,2.326373517513275,0.0,0.0,0.0,7.0,0.0,negative,44.87496168
44.87496168,1.4844875931739807,0.0,0.0,0.0,7.0,1.0,negative,44.66964579
44.66964579,0.0,0.7005276679992676,0.9093450903892516,0.0,3.0,1.0,positive,44.8152051325
44.8152051325,0.0,0.0,0.7054538130760193,0.0,1.0,2.0,negative,44.47276473
44.47276473,0.0,0.0,0.0,0.0,0.0,0.0,positive,44.69864282
44.69864282,0.0,0.0,0.0,0.0,1.0,0.0,positive,44.77985702
44.77985702,0.8389230370521545,0.0,0.0,0.0,2.0,0.0,positive,44.95250099
44.95250099,0.0,0.0,0.0,0.0,3.0,1.0,positive,45.03073495
45.03073495,0.9413321614265442,0.0,0.0,0.0,4.0,0.0,positive,45.3298985999
45.3298985999,3.130869209766388,0.7379488945007324,0.0,0.0,6.0,1.0,positive,45.48341373
45.48341373,0.0,0.8895447850227356,0.0,0.0,2.0,1.0,negative,45.34738189
45.34738189,0.0,0.0,1.6539572477340698,0.0,5.0,1.0,negative,44.97605119
44.97605119,0.856866717338562,0.0,0.0,0.0,2.0,0.0,positive,45.21143013
45.21143013,0.8187832236289978,0.0,0.0,0.0,2.0,0.0,positive,45.46234043
45.46234043,0.0,0.0,0.0,0.0,1.0,0.0,negative,45.0194817
45.0194817,0.0,0.0,0.0,0.0,2.0,0.0,positive,45.18320758
45.18320758,0.0,0.0,0.0,0.0,0.0,0.0,positive,45.24391383
45.24391383,0.0,0.0,0.0,0.0,0.0,0.0,negative,45.1617429147
45.1617429147,0.0,0.7435930967330933,0.0,0.0,1.0,2.0,negative,45.15326006
45.15326006,0.816466748714447,0.0,0.0,0.0,3.0,2.0,negative,44.84802696
44.84802696,0.0,0.0,0.0,0.0,2.0,0.0,negative,44.61150025
44.61150025,0.0,0.0,0.0,0.0,2.0,0.0,negative,44.49244759
44.49244759,0.0,0.7136620283126831,0.0,0.0,3.0,1.0,negative,44.45594474
44.45594474,0.0,0.0,0.0,0.0,2.0,0.0,positive,44.78626671
44.78626671,0.0,0.0,0.0,0.0,1.0,3.0,negative,44.46449121
44.46449121,0.9039048552513124,0.0,0.0,0.0,1.0,1.0,positive,44.48129737
44.48129737,0.0,0.0,0.0,0.0,3.0,0.0,positive,44.7149101
44.7149101,0.0,0.0,0.0,0.0,1.0,0.0,positive,45.0316788
45.0316788,0.0,0.0,0.0,0.0,0.0,2.0,negative,44.8851957548
44.8851957548,0.0,0.0,0.0,0.0,1.0,0.0,positive,45.11048532
45.11048532,0.0,0.0,0.0,0.0,1.0,2.0,negative,45.05571376
45.05571376,0.0,0.7341927886009216,0.0,0.0,0.0,2.0,negative,45.03622288
45.03622288,0.0,0.0,0.0,0.0,0.0,0.0,negative,44.82615094
44.82615094,0.0,0.0,0.0,0.0,0.0,0.0,positive,44.84331889
44.84331889,0.0,0.0,0.0,0.0,2.0,0.0,positive,44.94739074
44.94739074,0.0,0.0,0.0,0.0,1.0,0.0,negative,44.87435902
44.87435902,0.0,0.0,0.0,0.0,2.0,0.0,negative,44.79692941
44.79692941,0.0,0.0,0.0,0.0,0.0,0.0,negative,44.7846038
44.7846038,0.7523596286773682,0.8180375695228577,0.0,0.0,3.0,1.0,positive,45.01573553
45.01573553,0.0,0.700499951839447,0.7023982405662537,0.0,4.0,1.0,positive,45.02424032
45.02424032,0.0,0.0,0.0,0.0,5.0,0.0,positive,45.09173796
45.09173796,0.0,0.7683302760124207,0.0,0.0,5.0,1.0,positive,45.17680777
45.17680777,0.0,0.0,0.7325441241264343,0.0,4.0,1.0,negative,44.49201172
44.49201172,0.7630036473274231,0.0,0.0,0.0,2.0,1.0,negative,44.48932828
44.48932828,0.0,0.0,0.0,0.0,3.0,0.0,negative,44.43777241
44.43777241,0.0,1.4483065605163574,0.0,0.0,4.0,2.0,positive,44.61271353
44.61271353,0.0,0.0,0.0,0.907296657562256,0.0,1.0,negative,44.57427121
44.57427121,0.0,0.8152734041213989,1.4907127618789673,0.0,2.0,1.0,negative,44.46237423
44.46237423,0.0,0.8180375695228577,0.9224088191986084,0.0,3.0,1.0,positive,44.5865940707
44.5865940707,0.0,0.0,0.0,0.0,5.0,0.0,negative,44.56850133
44.56850133,0.8298875689506531,0.7427235245704651,0.0,0.0,3.0,2.0,positive,44.68908811
44.68908811,0.0,0.0,0.0,0.0,1.0,0.0,positive,45.03973168
45.03973168,0.7016514539718628,0.0,0.0,0.0,2.0,0.0,positive,45.07791994
45.07791994,0.0,0.0,0.0,0.9620271325111388,2.0,1.0,positive,45.18109505
45.18109505,0.7979499697685242,0.0,0.0,0.0,4.0,0.0,negative,45.15120122
45.15120122,0.0,0.0,0.0,0.0,0.0,1.0,negative,45.1373859
45.1373859,0.0,0.7967638969421387,0.0,0.0,0.0,1.0,negative,44.7642107835
44.7642107835,0.0,0.0,0.0,0.0,1.0,0.0,negative,44.66431909
44.66431909,0.0,0.0,0.0,0.0,0.0,0.0,positive,44.68725352
44.68725352,0.0,0.0,0.0,0.0,2.0,0.0,negative,44.65862411
44.65862411,0.0,0.0,0.0,0.0,0.0,0.0,positive,44.72734542
44.72734542,6.947084128856659,0.0,3.1604623794555664,0.0,29.0,0.0,negative,44.67180243
44.67180243,0.0,0.0,0.0,0.0,1.0,0.0,positive,44.73854154
44.73854154,0.7123339176177979,0.0,0.0,0.0,2.0,0.0,negative,44.6032108
44.6032108,0.0,0.0,0.0,0.0,0.0,0.0,negative,44.3976511414
44.3976511414,0.0,0.0,0.0,0.0,4.0,0.0,negative,43.9979156
43.9979156,0.0,0.8716514110565186,0.0,0.0,0.0,1.0,positive,44.0637646
44.0637646,0.0,0.0,0.0,0.0,2.0,2.0,negative,43.97096062
43.97096062,1.6360052824020386,0.0,0.0,0.0,2.0,0.0,negative,43.94948479
43.94948479,0.0,0.0,0.0,0.0,1.0,0.0,positive,44.04866908
44.04866908,0.0,0.0,0.0,0.0,1.0,0.0,positive,44.17475294
44.17475294,0.8622875213623047,0.0,0.815671980381012,0.0,4.0,0.0,positive,44.27843712
44.27843712,0.739141047000885,0.0,0.0,0.0,5.0,0.0,positive,44.37764255
44.37764255,2.669974625110626,0.0,0.0,0.0,8.0,0.0,positive,44.71240632
44.71240632,0.7109412550926208,0.7919309735298157,1.5934245586395264,0.0,10.0,3.0,negative,44.71006432
44.71006432,0.7679526209831238,0.0,0.8573954701423645,0.0,4.0,1.0,negative,44.5655077617
44.5655077617,1.5561506152153015,0.0,0.0,0.0,6.0,0.0,negative,44.22569685
44.22569685,0.0,0.0,0.0,0.0,1.0,0.0,positive,44.32815923
44.32815923,2.2886022329330444,0.0,1.7605865597724917,0.0,10.0,0.0,negative,44.27955355
44.27955355,0.0,0.0,0.0,0.0,4.0,2.0,negative,44.13473028
44.13473028,0.7414552569389343,0.8205491900444031,0.0,0.0,2.0,1.0,positive,44.36135414
44.36135414,0.0,0.0,0.0,0.0,4.0,0.0,negative,44.35072993
44.35072993,0.0,0.0,1.661629319190979,0.0,3.0,0.0,positive,44.47400422
44.47400422,0.0,0.7350580096244812,0.0,0.775603711605072,1.0,2.0,negative,44.42245546
44.42245546,0.9130330681800842,0.0,0.0,0.0,2.0,0.0,positive,44.6010881725
44.6010881725,0.0,0.7818261981010437,0.773129940032959,0.0,5.0,2.0,positive,44.94955166
44.94955166,0.0,0.9244934916496276,0.0,0.0,0.0,1.0,negative,44.8433286
44.8433286,0.0,1.511165976524353,0.0,0.743415355682373,0.0,5.0,positive,44.99253571
44.99253571,0.8458899855613708,0.0,1.5279420614242554,0.9057456254959106,5.0,3.0,negative,44.86828386
44.86828386,0.0,1.5824604630470276,0.7210163474082947,0.0,2.0,2.0,negative,44.61232523
44.61232523,0.0,0.8201101422309875,1.449669897556305,0.0,4.0,3.0,positive,44.82201453
44.82201453,0.8064538240432739,0.0,0.0,0.0,3.0,2.0,positive,44.97888384
44.97888384,0.8575199842453003,0.0,0.0,0.0,3.0,1.0,negative,44.9015711
44.9015711,0.0,0.7973312139511108,0.0,0.0,3.0,3.0,positive,45.16452059
45.16452059,0.8840528726577759,0.0,0.0,0.0,3.0,1.0,negative,45.066218
45.066218,3.1780850887298584,0.0,0.0,0.0,6.0,2.0,positive,45.23974621
45.23974621,3.32354074716568,0.7438974976539612,0.0,0.0,9.0,2.0,negative,45.19438202
45.19438202,0.8127145171165466,0.0,0.0,0.0,10.0,0.0,positive,45.35417326
45.35417326,0.0,0.0,0.0,0.0,1.0,0.0,positive,46.02870344
46.02870344,1.6660374402999878,0.0,0.0,0.0,4.0,1.0,positive,46.14838316
46.14838316,0.0,1.6266450881958008,0.0,0.0,2.0,2.0,positive,46.2944198
46.2944198,0.0,0.0,0.0,0.0,2.0,2.0,negative,46.26822632
46.26822632,0.0,0.0,0.7021473050117493,0.0,6.0,0.0,negative,46.14178235
46.14178235,0.7058857679367065,0.0,2.593085527420044,0.0,5.0,1.0,negative,46.06883203
46.06883203,1.8461118340492249,0.0,0.0,0.9034207463264464,7.0,1.0,positive,46.22631038
46.22631038,0.0,0.0,0.0,0.8569435477256775,1.0,2.0,positive,46.38941401
46.38941401,0.0,0.0,0.0,0.0,3.0,0.0,negative,46.13061544
46.13061544,0.0,0.7800083756446838,0.0,0.0,0.0,1.0,negative,46.11488616
46.11488616,1.833731710910797,0.8895447850227356,0.0,0.0,3.0,9.0,positive,46.29260155
46.29260155,0.0,0.0,0.8040744662284851,0.0,3.0,5.0,positive,46.56820177
46.56820177,3.2006754875183105,0.0,0.9797439575195312,0.0,9.0,5.0,positive,46.78062258
46.78062258,0.7449862360954285,1.53703510761261,0.0,0.0,1.0,4.0,positive,47.24508795
47.24508795,0.8574029207229614,0.708284318447113,1.6205976009368896,0.0,3.0,2.0,positive,47.38573581
47.38573581,0.0,0.0,0.8531967401504517,0.0,5.0,1.0,positive,47.6634784
47.6634784,0.8286678194999695,0.0,0.0,0.0,5.0,2.0,positive,47.93110724
47.93110724,0.729744553565979,1.5299464464187622,0.0,0.0,1.0,4.0,positive,49.25509569
49.25509569,0.7572712898254395,0.8345919251441956,0.0,0.0,4.0,2.0,negative,49.01549101
49.01549101,0.0,1.622176706790924,0.0,0.0,3.0,2.0,negative,48.73064332
48.73064332,0.8396210074424744,0.7155202627182007,0.0,0.0,5.0,4.0,positive,48.74314073
48.74314073,1.5765214562416077,0.0,1.488097846508026,0.0,7.0,2.0,positive,48.82991677
48.82991677,2.5549144744873047,1.5553788542747498,1.7263608574867249,0.0,8.0,6.0,positive,49.28220423
49.28220423,0.0,1.4867286682128906,0.0,0.0,3.0,3.0,negative,48.94043546
48.94043546,0.0,0.7598331570625305,0.0,0.0,0.0,1.0,positive,49.18130189
49.18130189,0.0,1.7797169089317322,0.9751331210136414,0.0,3.0,2.0,positive,49.54169894
49.54169894,1.5112455487251282,0.7326801419258118,2.530245244503021,0.0,10.0,1.0,positive,49.69003159
49.69003159,0.7743632197380066,0.0,2.48720782995224,0.0,10.0,1.0,positive,49.69230112
49.69230112,0.0,0.7390357851982117,0.0,0.0,1.0,1.0,positive,50.42937858
50.42937858,0.0,0.0,0.0,0.0,0.0,1.0,negative,50.3523435709
50.3523435709,0.0,0.0,0.0,0.0,0.0,0.0,positive,50.80268887
50.80268887,0.0,0.8580653667449951,0.0,0.0,0.0,1.0,negative,50.28814569
50.28814569,0.0,0.7936030626296997,0.0,0.0,0.0,2.0,negative,49.58859633
49.58859633,0.0,1.487055420875549,0.0,0.0,2.0,2.0,negative,49.3177992
49.3177992,0.0,0.0,0.0,0.0,1.0,0.0,negative,47.49562755
47.49562755,0.0,0.0,0.8313285112380981,0.0,4.0,0.0,positive,47.59337147
47.59337147,0.7124675512313843,0.0,0.0,0.0,4.0,0.0,positive,47.66369711
47.66369711,0.9272878170013428,0.0,0.0,0.0,3.0,1.0,negative,47.12884016
47.12884016,0.0,0.0,0.0,0.0,1.0,0.0,positive,47.32163031
47.32163031,0.0,1.6076198816299438,0.0,0.0,2.0,3.0,positive,47.85096359
47.85096359,0.0,0.0,0.0,0.0,1.0,0.0,negative,47.60304253
47.60304253,0.0,0.0,0.0,0.0,7.0,1.0,negative,47.44693892
47.44693892,0.9461957216262816,0.0,0.8378069996833801,0.7909834384918213,2.0,1.0,negative,46.67620846
46.67620846,0.0,1.5667520761489868,0.0,0.0,5.0,2.0,positive,47.004845717
47.004845717,2.228651463985443,1.6207271218299866,0.0,0.0,5.0,3.0,positive,47.39945008
47.39945008,0.0,0.0,0.0,0.0,1.0,0.0,negative,47.29335606
47.29335606,0.0,0.7486441135406494,0.0,0.0,1.0,1.0,positive,47.3153721
47.3153721,0.7060909867286682,0.0,0.0,0.0,4.0,0.0,negative,47.21879948
47.21879948,0.0,0.8156187534332275,0.7204945087432861,0.0,2.0,2.0,negative,46.71401966
46.71401966,0.0,0.0,0.0,0.0,1.0,0.0,positive,47.1696762684
47.1696762684,0.0,0.0,0.0,0.0,0.0,0.0,negative,47.0856333391
47.0856333391,0.0,0.0,0.0,0.0,2.0,0.0,positive,47.2441022
47.2441022,0.0,1.476990520954132,0.0,0.0,1.0,2.0,negative,47.121803
47.121803,0.0,0.0,0.0,0.0,1.0,2.0,positive,47.59983402
47.59983402,0.0,0.0,0.0,0.0,0.0,1.0,positive,47.8992964604
47.8992964604,0.0,0.0,0.0,0.0,1.0,1.0,positive,47.99833279
47.99833279,0.0,0.0,0.0,0.0,1.0,0.0,negative,47.93813027
47.93813027,0.0,0.0,0.0,0.0,0.0,0.0,positive,47.96536057
47.96536057,0.0,0.0,0.0,0.0,1.0,0.0,positive,48.18771385
48.18771385,0.0,0.0,0.0,0.0,1.0,0.0,positive,48.41671557
48.41671557,0.0,0.0,0.0,0.0,0.0,0.0,positive,48.42647191
48.42647191,0.7852245569229126,0.0,0.0,0.0,1.0,0.0,negative,48.11130905
48.11130905,0.0,0.0,0.0,0.7346757054328918,1.0,1.0,negative,47.78246274
47.78246274,0.0,0.0,0.0,0.0,1.0,1.0,negative,47.76858077
47.76858077,0.0,0.911780595779419,0.0,0.0,2.0,1.0,negative,47.59179
47.59179,0.7043849229812622,0.0,0.0,0.0,2.0,2.0,positive,47.61382612
47.61382612,0.0,0.0,0.0,0.0,2.0,0.0,positive,47.75861203
47.75861203,0.0,0.0,0.0,0.0,5.0,0.0,negative,47.72885072
47.72885072,0.0,0.7928059101104736,0.0,0.0,2.0,1.0,negative,47.62300958
47.62300958,0.0,0.0,0.0,0.0,0.0,1.0,negative,47.5744615
47.5744615,0.0,0.0,0.0,0.0,0.0,2.0,positive,47.66357435
47.66357435,0.0,0.0,0.0,0.0,1.0,0.0,positive,47.81551265
47.81551265,0.0,0.0,0.0,0.0,4.0,1.0,negative,47.79170327
47.79170327,0.7339536547660828,0.0,0.0,0.0,2.0,0.0,positive,47.87244555
47.87244555,0.0,0.0,0.0,0.0,0.0,0.0,positive,47.92848831
47.92848831,0.0,0.0,0.0,0.0,1.0,0.0,positive,48.0780032383
48.0780032383,0.0,0.0,0.0,0.0,0.0,0.0,positive,48.14644924
48.14644924,0.0,0.9129987955093384,0.0,0.0,0.0,2.0,negative,48.08055441
48.08055441,0.0,0.0,0.0,0.0,1.0,0.0,negative,47.96872642
47.96872642,0.0,0.0,0.0,0.0,0.0,0.0,negative,47.8459742
47.8459742,0.0,0.0,0.0,0.0,0.0,0.0,negative,47.64105529
47.64105529,0.0,0.0,0.0,0.0,4.0,0.0,negative,47.48262683
47.48262683,0.0,0.0,0.0,0.0,1.0,0.0,positive,47.66875669
47.66875669,0.0,0.70456862449646,2.408820927143097,0.9389663338661194,3.0,2.0,positive,47.82736777
47.82736777,0.0,0.0,0.0,0.0,1.0,0.0,positive,47.90722779
47.90722779,0.0,0.0,0.0,0.0,5.0,0.0,negative,47.73373972
47.73373972,0.0,0.7765408158302307,0.0,0.0,2.0,3.0,positive,47.7503846
47.7503846,0.0,0.8915684819221497,0.0,0.0,2.0,1.0,positive,47.7616452057
47.7616452057,0.0,0.8468645811080933,0.0,0.0,0.0,2.0,negative,47.61028816
47.61028816,0.7039397954940796,0.8189488053321838,0.8747282028198242,0.0,3.0,3.0,positive,48.80794776
48.80794776,1.5220026969909668,0.0,0.0,0.0,5.0,0.0,positive,48.99234131
48.99234131,0.0,0.0,0.0,0.0,1.0,0.0,negative,48.76032185
48.76032185,0.7912958264350891,0.0,0.0,0.0,2.0,1.0,positive,48.82515205
48.82515205,0.0,0.0,0.0,0.0,0.0,0.0,positive,49.30385334
49.30385334,0.0,0.0,0.0,0.0,1.0,2.0,positive,49.3310285527
49.3310285527,0.8067948222160339,0.0,0.7566590905189514,0.0,2.0,1.0,positive,49.3786892
49.3786892,0.0,1.428982496261597,0.0,0.0,2.0,3.0,positive,49.45804612
49.45804612,0.0,0.0,0.0,0.0,0.0,0.0,positive,50.01146456
50.01146456,0.0,0.8174178004264832,0.0,0.0,4.0,2.0,negative,49.85893257
49.85893257,0.0,0.0,0.8997566103935242,0.0,3.0,0.0,negative,49.84098238
49.84098238,0.788087010383606,0.0,0.8289183974266052,0.0,3.0,0.0,positive,49.96105038
49.96105038,0.0,0.0,0.0,0.0,0.0,2.0,negative,49.58196663
49.58196663,0.0,0.0,0.0,0.0,4.0,1.0,positive,49.60403081
49.60403081,0.0,0.0,0.0,0.0,2.0,0.0,negative,49.2007754032
49.2007754032,0.0,0.0,0.7727736830711365,0.0,2.0,0.0,negative,49.17980996
49.17980996,0.0,0.0,0.0,0.0,2.0,0.0,positive,49.34413688
49.34413688,0.0,0.0,0.0,0.0,0.0,0.0,positive,49.58407423
49.58407423,0.0,0.0,0.902052879333496,0.0,2.0,3.0,negative,49.33759814
49.33759814,0.0,0.0,0.0,0.0,1.0,0.0,negative,49.26793136
49.26793136,0.0,0.7967953681945801,0.0,0.0,0.0,2.0,negative,49.03226433
49.03226433,0.0,0.0,0.0,0.0,0.0,0.0,negative,48.69531955
48.69531955,0.0,0.0,0.0,0.0,1.0,1.0,negative,47.9384214
47.9384214,0.0,0.0,0.0,0.0,2.0,0.0,positive,47.9664802536
47.9664802536,0.0,2.5851322412490845,3.169891357421875,0.0,8.0,7.0,negative,47.84933965
47.84933965,0.0,0.0,0.0,0.0,0.0,1.0,negative,47.63762271
47.63762271,0.0,1.7058093547821045,0.7196860313415527,0.0,3.0,5.0,positive,47.70103987
47.70103987,0.0,0.0,0.8422297239303589,0.0,2.0,2.0,positive,47.75244269
47.75244269,0.7330602407455444,0.0,0.0,0.0,2.0,4.0,positive,47.774912146
47.774912146,0.0,0.0,0.8078733682632446,0.0,2.0,0.0,positive,47.96215629
47.96215629,0.0,0.7670034766197205,0.8683407306671143,0.0,2.0,2.0,positive,48.24381593
48.24381593,0.0,0.0,0.9105299115180968,0.0,9.0,1.0,positive,48.26715747
48.26715747,1.596118986606598,0.0,1.7163009643554688,0.0,6.0,0.0,negative,47.84784201
47.84784201,0.0,0.0,0.0,0.0,3.0,1.0,negative,46.56884549
46.56884549,1.7530081868171692,0.0,0.0,0.0,2.0,0.0,positive,46.97088408
46.97088408,0.0,0.0,0.0,0.9182863235473632,2.0,1.0,positive,47.09665613
47.09665613,0.0,0.0,0.8094689846038818,0.0,6.0,3.0,negative,46.8218037
46.8218037,0.0,0.0,0.7786659002304077,0.0,2.0,0.0,negative,46.38738771
46.38738771,0.0,3.5289782285690308,0.8662964701652527,0.0,2.0,5.0,positive,46.48698985
46.48698985,2.311483860015869,0.8322033286094666,1.4223181009292605,0.0,14.0,2.0,positive,46.5332278
46.5332278,0.7237381339073181,0.9399736523628236,0.0,0.0,2.0,4.0,positive,46.59613761
46.59613761,0.0,0.0,0.0,0.0,4.0,1.0,negative,46.26726744
46.26726744,0.0,0.7244348526000977,0.0,0.0,2.0,1.0,positive,46.52465723
46.52465723,1.6244959831237793,0.0,0.0,0.0,5.0,1.0,negative,46.34814481
46.34814481,0.0,0.7115169167518616,0.0,0.0,1.0,1.0,positive,46.68007605
46.68007605,0.7692153453826904,0.9145689010620116,0.0,0.0,3.0,1.0,positive,47.01199035
47.01199035,0.0,2.4096429347991943,0.0,0.0,3.0,7.0,negative,46.92860219
46.92860219,0.8476260304450989,0.0,2.3101465702056885,0.9484129548072816,7.0,3.0,positive,47.45242439
47.45242439,0.7426846623420715,0.0,0.7807693481445312,1.6974133253097534,4.0,6.0,negative,47.10181144
47.10181144,0.7938897013664246,0.0,0.0,0.8729403018951416,2.0,2.0,negative,47.0465396
47.0465396,0.7836940884590149,0.0,0.0,0.0,5.0,0.0,positive,47.2595622943
47.2595622943,0.0,0.0,0.0,0.0,2.0,1.0,negative,47.01427397
47.01427397,0.0,0.0,0.0,0.0,1.0,0.0,positive,47.19617864
47.19617864,0.0,0.0,0.0,0.9080191254615784,2.0,1.0,positive,47.4819451
47.4819451,0.0,0.0,0.0,0.0,1.0,1.0,negative,47.38532604
47.38532604,0.913735568523407,0.7088422775268555,0.0,0.0,2.0,4.0,positive,47.47349286
47.47349286,0.0,0.0,0.0,0.0,1.0,0.0,positive,47.68433028
47.68433028,1.7149662375450134,0.0,0.0,0.0,2.0,0.0,negative,47.58825014
47.58825014,0.0,0.0,0.0,0.0,0.0,1.0,negative,47.28746214
47.28746214,0.0,0.0,0.0,0.0,0.0,0.0,positive,47.35178268
47.35178268,0.0,0.7781493663787842,0.0,0.0,2.0,5.0,positive,47.80738988
47.80738988,0.0,0.7827787399291992,0.0,0.8406717777252197,0.0,4.0,negative,47.63652905
47.63652905,0.0,0.9478630423545836,1.4567721486091614,0.0,4.0,2.0,negative,47.2640501
47.2640501,0.7085458636283875,1.6501164436340332,0.9034450650215148,0.0,5.0,4.0,positive,47.31577686
47.31577686,0.0,1.531367838382721,0.7941567301750183,0.7615804076194763,2.0,6.0,positive,47.435721
47.435721,0.0,0.7037765979766846,0.0,0.896052896976471,0.0,2.0,negative,47.39697689
47.39697689,0.0,0.8210753202438354,0.0,0.0,1.0,2.0,negative,46.4344451
46.4344451,0.0,2.4585899114608765,0.0,0.0,2.0,4.0,positive,46.60057515
46.60057515,0.0,0.8084195256233215,0.0,0.0,0.0,1.0,positive,46.68475344
46.68475344,0.0,0.0,0.896704912185669,0.0,3.0,2.0,positive,46.96076103
46.96076103,0.0,2.6504217386245728,0.0,0.0,0.0,6.0,negative,46.75058314
46.75058314,0.0,0.0,0.0,0.0,1.0,3.0,positive,46.75279889
46.75279889,0.0,0.9222055077552797,2.664299786090851,0.8692898154258728,6.0,4.0,positive,46.85714999
46.85714999,0.0,0.7567655444145203,0.0,0.0,0.0,2.0,positive,46.88334348
46.88334348,0.0,1.5379385948181152,0.0,0.0,0.0,4.0,negative,46.76448865
46.76448865,0.0,0.0,0.0,0.0,2.0,1.0,negative,46.74634805
46.74634805,0.0,0.8645976185798645,0.0,0.0,1.0,3.0,positive,46.80349268
46.80349268,0.0,1.649789810180664,0.0,0.0,2.0,3.0,positive,46.88355487
46.88355487,0.0,0.9426169991493224,0.8434346914291382,0.0,2.0,1.0,positive,46.90007248
46.90007248,0.0,0.7218865752220154,0.0,0.0,2.0,2.0,negative,46.78725938
46.78725938,0.0,0.0,0.0,0.0,1.0,0.0,negative,46.7146613885
46.7146613885,0.0,0.0,0.0,0.8477607369422913,1.0,2.0,positive,46.81887295
46.81887295,0.0,0.0,0.0,0.9186939001083374,2.0,1.0,negative,46.7230462313
46.7230462313,0.0,0.0,0.0,0.0,2.0,1.0,positive,46.91430134
46.91430134,0.0,0.0,0.8589639067649841,0.0,1.0,3.0,positive,47.00872225
47.00872225,0.0,0.8193963170051575,0.0,0.0,0.0,1.0,negative,46.93181596
46.93181596,0.0,0.855487585067749,0.0,0.0,0.0,1.0,positive,47.17354506
47.17354506,0.0,0.0,0.0,0.0,0.0,0.0,positive,47.28409803
47.28409803,0.0,0.0,0.0,0.0,0.0,0.0,negative,47.1164673512
47.1164673512,0.0,1.7292080521583555,0.0,0.0,0.0,2.0,positive,47.19535059
47.19535059,0.0,0.7545880675315857,0.0,0.0,2.0,2.0,positive,47.51989006
47.51989006,0.0,0.897193431854248,0.0,0.8183323740959167,1.0,3.0,positive,47.612652
47.612652,0.0,0.0,0.0,0.0,0.0,0.0,negative,47.5475154
47.5475154,0.0,0.0,0.0,0.0,0.0,0.0,negative,47.54376822
47.54376822,0.0,0.0,0.0,0.0,0.0,0.0,negative,47.25846265
47.25846265,0.0,0.7975497841835022,0.0,0.8069310188293457,1.0,3.0,positive,47.60589764
47.60589764,0.0,0.0,0.0,0.0,2.0,1.0,negative,47.33162904
47.33162904,0.0,0.0,0.0,0.0,0.0,0.0,negative,47.31446113
47.31446113,0.0,0.0,0.0,0.0,1.0,0.0,negative,47.26509169
47.26509169,0.0,1.6683534979820251,0.0,0.0,0.0,2.0,negative,47.1409728
47.1409728,1.5593122243881226,3.4072831869125366,0.0,0.0,3.0,4.0,negative,46.9185322
46.9185322,0.0,0.7965271472930908,0.0,0.0,2.0,2.0,positive,47.14420551
47.14420551,0.0,0.0,0.0,0.0,1.0,1.0,negative,47.09454068
47.09454068,0.0,0.0,0.0,0.0,0.0,2.0,negative,45.94286637
45.94286637,0.8644390106201172,0.0,0.0,0.0,1.0,0.0,negative,45.53246298
45.53246298,0.0,0.0,1.607955813407898,0.0,5.0,0.0,negative,45.07511985
45.07511985,0.0,0.0,0.0,0.0,2.0,0.0,positive,45.95167519
45.95167519,0.0,1.7647868394851685,1.731899380683899,0.0,5.0,2.0,negative,45.69480375
45.69480375,0.0,0.0,0.0,0.0,8.0,4.0,positive,46.0335033335
46.0335033335,0.0,0.9104133248329164,0.0,0.8836794495582581,1.0,3.0,negative,45.89186462
45.89186462,0.0,0.0,0.9159212112426758,0.0,2.0,1.0,negative,45.8772579
45.8772579,0.0,0.8806096315383911,0.0,0.0,2.0,3.0,positive,46.02409807
46.02409807,0.0,1.501237154006958,0.0,0.0,0.0,2.0,positive,46.2385696602
46.2385696602,0.0,0.0,0.0,0.0,0.0,0.0,negative,46.10423853
46.10423853,0.0,1.5075329542160034,0.0,0.0,3.0,2.0,negative,46.02224894
46.02224894,0.9515759348869324,0.9528295993804932,0.0,0.0,2.0,1.0,negative,45.77344282
45.77344282,0.0,0.0,0.0,0.0,1.0,0.0,positive,46.26308937
46.26308937,0.0,0.8585696220397949,0.0,0.0,3.0,1.0,negative,45.96193317
45.96193317,0.0,0.7903348207473755,0.0,0.0,0.0,3.0,negative,45.8857938539
45.8857938539,0.0,0.0,3.1871634125709534,0.0,6.0,0.0,negative,45.8639263064
45.8639263064,0.0,0.8214538097381592,0.0,0.0,1.0,3.0,negative,45.69681848
45.69681848,0.8481972813606262,0.0,0.9059700965881348,0.0,4.0,2.0,positive,46.65244086
46.65244086,0.0,4.469662845134735,2.6263884902000427,0.9607802629470824,7.0,23.0,positive,47.86430416
47.86430416,0.7529586553573608,0.7040348052978516,1.69903826713562,0.0,8.0,4.0,negative,47.4107961
47.4107961,0.7310649752616882,0.7913725972175598,2.416444718837738,0.0,12.0,2.0,positive,47.56647041
47.56647041,0.0,0.0,0.0,0.0,2.0,0.0,negative,47.4972414
47.4972414,0.0,1.7469351887702942,0.0,0.9278796315193176,2.0,5.0,negative,47.46706902
47.46706902,0.0,2.655473589897156,0.0,0.0,0.0,4.0,negative,47.33011499
47.33011499,0.0,0.0,0.0,0.0,1.0,0.0,positive,47.96942324
47.96942324,0.0,0.0,0.0,0.0,1.0,1.0,negative,47.72626622
47.72626622,0.8354521989822388,0.7390952706336975,0.0,0.7280483841896057,1.0,3.0,negative,47.4737029984
47.4737029984,0.0,0.7071482539176941,0.959523856639862,0.0,2.0,1.0,negative,47.39073295
47.39073295,0.0,0.0,0.0,0.9012178182601928,0.0,2.0,negative,47.26546431
47.26546431,0.793219804763794,2.908767282962799,0.0,0.0,3.0,4.0,negative,47.06302245
47.06302245,0.0,0.0,0.0,0.0,0.0,0.0,negative,46.71077413
46.71077413,0.7209534645080566,0.8541218042373657,0.0,0.0,1.0,1.0,positive,46.8678774
46.8678774,0.0,0.8439008593559265,0.0,0.0,0.0,1.0,positive,47.05521436
47.05521436,1.6963213682174685,0.0,0.0,0.0,4.0,0.0,negative,46.8898581313
46.8898581313,0.0,0.8521512746810913,0.7804100513458252,0.0,2.0,1.0,positive,47.16718109
47.16718109,0.0,0.9631305932998656,1.7369476556777954,0.0,3.0,1.0,positive,47.22674004
47.22674004,0.0,0.0,0.0,0.0,0.0,0.0,negative,46.9285875
46.9285875,0.0,0.8221243619918823,0.8750578165054321,0.0,3.0,1.0,positive,46.9897533
46.9897533,0.7248499989509583,0.0,0.8182715177536011,0.7367191910743713,5.0,1.0,positive,47.235883484
47.235883484,0.0,0.0,0.0,0.0,6.0,2.0,positive,47.27503596
47.27503596,0.0,1.7643309235572815,0.0,0.0,5.0,3.0,positive,48.24559508
48.24559508,0.794501006603241,2.273604929447174,0.8873390555381775,0.0,4.0,6.0,negative,48.19350316
48.19350316,0.0,0.776041567325592,0.0,0.0,2.0,3.0,negative,48.15352092
48.15352092,0.0,1.5814939737319946,1.5848624110221865,0.0,6.0,3.0,negative,48.01958312
48.01958312,0.0,0.0,0.0,0.8399577140808105,3.0,3.0,positive,48.0868187113
48.0868187113,0.992380142211914,0.0,0.0,0.0,4.0,1.0,positive,48.23189897
48.23189897,0.0,0.0,0.0,0.0,2.0,0.0,negative,48.19310994
48.19310994,0.0,0.0,0.7873126268386841,0.7539516687393188,5.0,2.0,negative,47.88221848
47.88221848,0.0,0.0,1.5689927339553833,0.0,4.0,1.0,positive,48.18354372
48.18354372,0.7947811484336853,0.0,0.0,0.0,1.0,0.0,positive,48.31338571
48.31338571,0.0,0.826770544052124,0.7825824618339539,0.8710956573486328,2.0,2.0,negative,48.1907769387
48.1907769387,0.0,1.6557746529579165,0.0,0.0,0.0,2.0,positive,48.43129839
48.43129839,0.0,0.0,0.0,0.0,0.0,1.0,negative,48.15154956
48.15154956,0.0,0.0,0.0,0.0,2.0,0.0,positive,48.43982004
48.43982004,0.8292944431304932,0.8169841766357422,0.0,0.0,2.0,1.0,positive,48.60357141
48.60357141,0.0,0.0,0.0,0.0,1.0,0.0,negative,48.16745681
48.16745681,0.0,0.0,0.7120567560195923,0.0,2.0,0.0,negative,48.05833623
48.05833623,0.0,0.0,0.0,0.0,1.0,0.0,positive,48.13727645
48.13727645,0.0,0.0,0.0,0.0,2.0,0.0,negative,47.8589443
47.8589443,0.0,0.0,0.0,0.0,0.0,0.0,negative,47.48968455
47.48968455,0.0,0.0,0.0,0.0,1.0,0.0,positive,47.6668848
47.6668848,0.0,0.0,0.8256803750991821,0.0,2.0,0.0,positive,47.8222356902
47.8222356902,1.7737447023391724,0.0,0.0,0.0,4.0,0.0,positive,47.98857944
47.98857944,0.0,0.7956971526145935,0.0,0.0,0.0,1.0,positive,48.24341073
48.24341073,0.0,0.8126899600028992,0.8911132216453552,0.0,5.0,2.0,negative,48.0997602533
48.0997602533,0.8181040287017822,0.0,0.0,0.0,1.0,2.0,negative,48.05623123
48.05623123,0.7308596968650818,0.0,0.0,0.0,3.0,1.0,negative,47.80380467
47.80380467,0.0,0.0,0.0,0.8851505517959595,2.0,1.0,positive,47.83923497
47.83923497,0.0,0.8654939532279968,0.0,0.0,1.0,2.0,negative,47.72301173
47.72301173,0.0,0.0,0.0,0.0,0.0,0.0,negative,47.49486658
47.49486658,0.0,0.0,0.7259365320205688,0.0,2.0,0.0,negative,47.33987619
47.33987619,0.0,0.9207696318626404,0.0,0.0,0.0,1.0,negative,47.2605951263
47.2605951263,0.8277002573013306,0.0,0.0,0.7988072037696838,2.0,1.0,negative,42.94776917
42.94776917,0.0,0.0,0.0,0.8128802180290222,3.0,6.0,negative,42.84056061
42.84056061,0.0,0.0,0.0,0.0,1.0,0.0,negative,42.19634863
42.19634863,0.0,0.0,0.0,0.0,1.0,0.0,negative,41.7954885
41.7954885,1.5123472213745115,0.0,0.0,0.9966267943382264,3.0,2.0,positive,41.84462902
41.84462902,0.0,0.7080097794532776,0.0,0.0,0.0,1.0,positive,41.97203734
41.97203734,0.0,0.0,0.0,0.0,0.0,0.0,positive,42.090758
42.090758,0.0,0.0,0.0,0.0,1.0,0.0,positive,42.74540927
42.74540927,0.0,0.0,0.0,0.8013855814933777,1.0,2.0,negative,42.65443232
42.65443232,0.0,0.7126614451408386,0.0,0.0,1.0,2.0,negative,42.63311792
42.63311792,0.7087311148643494,0.0,0.0,0.0,1.0,0.0,positive,42.70200269
42.70200269,0.0,0.0,0.0,0.0,1.0,0.0,negative,42.4374593675
42.4374593675,0.0,0.7407848238945007,0.0,0.0,0.0,1.0,positive,42.49711944
42.49711944,0.0,0.0,0.7956366539001465,0.0,3.0,1.0,positive,42.63850271
42.63850271,0.8980305194854736,0.8036051392555237,0.8543757796287537,0.8525055646896362,8.0,5.0,negative,42.2382809
42.2382809,0.0,0.9019938707351683,0.0,0.7050157189369202,4.0,2.0,negative,41.93557309
41.93557309,0.8323933482170105,0.8556915521621704,0.0,0.0,2.0,4.0,negative,40.6793296011
40.6793296011,2.5790516138076782,0.0,0.8645123839378357,0.0,9.0,1.0,positive,41.02827753
41.02827753,0.8889092803001404,1.7197638750076294,0.0,0.0,3.0,3.0,positive,41.16215134
41.16215134,0.8382802605628967,0.8081158399581909,0.0,0.0,5.0,2.0,positive,41.49969955
41.49969955,0.8113177418708801,0.0,0.0,0.0,1.0,0.0,positive,42.1046764731
42.1046764731,0.7055834531784058,0.0,0.0,0.0,1.0,3.0,positive,42.50276923
42.50276923,0.0,0.841403603553772,0.7225452065467834,0.8832114338874817,1.0,4.0,negative,42.1906111014
42.1906111014,0.0,0.7531182169914246,0.7245078682899475,0.0,1.0,1.0,positive,42.36762756
42.36762756,0.0,0.0,0.0,0.0,2.0,1.0,positive,42.55190222
42.55190222,0.0,0.7668072581291199,0.0,0.0,0.0,1.0,negative,42.368109992
42.368109992,0.780240535736084,0.0,0.0,0.0,1.0,0.0,negative,42.34241972
42.34241972,0.0,0.0,0.0,0.0,1.0,0.0,negative,42.0816503286
42.0816503286,0.0,0.0,0.0,0.0,2.0,1.0,negative,41.86318716
41.86318716,0.7091934084892273,0.0,1.8551197052001955,0.0,7.0,1.0,positive,41.93376376
41.93376376,1.497762382030487,0.0,1.7441223859786987,0.0,8.0,2.0,negative,41.87504863
41.87504863,0.0,0.0,0.0,0.0,0.0,0.0,negative,41.72348439
41.72348439,0.8019641637802124,0.0,0.0,0.0,3.0,2.0,negative,41.488397
41.488397,0.0,1.6640045046806335,0.0,0.0,2.0,2.0,negative,41.3753841061
41.3753841061,0.0,0.0,0.7321760654449463,0.0,1.0,0.0,positive,41.95520695
41.95520695,0.0,0.0,0.0,0.0,2.0,1.0,positive,42.18872381
42.18872381,0.0,0.0,0.0,0.0,3.0,0.0,positive,42.439208364
42.439208364,0.0,0.0,0.0,0.0,2.0,0.0,negative,42.11501425
42.11501425,0.0,2.636095464229584,0.7431892156600952,1.4563850164413452,1.0,5.0,negative,42.00572102
42.00572102,0.0,0.0,0.0,0.0,4.0,0.0,negative,41.92675474
41.92675474,1.6418185830116272,1.5828664302825928,0.0,0.0,3.0,3.0,negative,40.87394665
40.87394665,0.0,0.7864283323287964,0.0,0.0,1.0,1.0,positive,40.88461673
40.88461673,0.0,0.0,0.0,0.0,1.0,2.0,negative,40.5571781
40.5571781,0.0,0.0,0.0,0.0,8.0,0.0,positive,41.65436042
41.65436042,1.6086956858634949,0.0,0.0,0.0,8.0,1.0,negative,41.53987879
41.53987879,0.8976932168006897,2.427720487117768,0.0,0.0,1.0,10.0,negative,41.2215840874
41.2215840874,0.0,1.645936667919159,0.0,0.0,1.0,2.0,positive,41.33226098
41.33226098,0.0,0.0,0.0,0.767608642578125,0.0,1.0,positive,41.69996396
41.69996396,0.7186312079429626,0.0,0.0,0.0,2.0,1.0,negative,41.45018319
41.45018319,0.0,0.8521502614021301,0.0,0.0,2.0,2.0,positive,41.67492174
41.67492174,0.0,0.900803804397583,1.7319836020469666,0.0,3.0,1.0,positive,41.86657243
41.86657243,0.0,0.0,0.0,0.0,2.0,0.0,negative,41.82745947
41.82745947,0.0,0.0,0.0,0.0,0.0,1.0,positive,41.9879018774
41.9879018774,0.0,0.0,0.0,0.0,0.0,0.0,positive,42.23829572
42.23829572,0.0,0.0,0.0,0.0,3.0,0.0,negative,42.07914072
42.07914072,0.0,0.0,0.0,0.0,1.0,1.0,negative,41.84503228
41.84503228,0.8100568056106567,0.8491665720939636,0.9437227845191956,0.0,3.0,1.0,positive,42.14917392
42.14917392,0.0,0.8075812458992004,0.7856770753860474,0.7589430809020996,1.0,5.0,positive,42.4045067
42.4045067,0.0,0.0,0.0,0.0,1.0,0.0,negative,42.3880142715
42.3880142715,0.0,0.9169416427612304,0.823992908000946,0.0,1.0,1.0,positive,42.55921193
42.55921193,0.7261913418769836,0.0,0.0,0.0,1.0,0.0,negative,42.351146341
42.351146341,0.0,0.0,0.0,0.7422242164611816,1.0,4.0,negative,42.21281402
42.21281402,0.0,0.7087457776069641,0.0,0.0,1.0,1.0,positive,42.5757587
42.5757587,2.594416558742523,0.0,0.9872795343399048,0.0,6.0,1.0,negative,42.43123703
42.43123703,0.0,2.91010856628418,0.97886461019516,0.0,7.0,5.0,negative,42.33731691
42.33731691,0.0,0.0,0.7690146565437317,0.0,2.0,2.0,positive,42.35673652
42.35673652,0.7290269732475281,0.7985805869102478,2.601320862770081,0.0,8.0,2.0,negative,42.22438637
42.22438637,0.0,0.0,0.0,0.0,1.0,1.0,positive,42.3370689639
42.3370689639,0.0,0.0,0.0,0.0,0.0,3.0,negative,42.26436707
42.26436707,0.0,0.0,0.0,0.0,2.0,1.0,negative,41.92366706
41.92366706,0.7053807377815247,1.5290324091911316,0.7240563035011292,0.0,3.0,2.0,positive,42.10644337
42.10644337,0.0,0.0,0.7104647159576416,0.0,2.0,1.0,positive,42.11187972
42.11187972,2.421914219856262,0.0,0.0,0.0,4.0,0.0,positive,42.2980709267
42.2980709267,0.7216777801513672,0.0,0.0,0.0,4.0,0.0,positive,42.36737381
42.36737381,1.6414917707443235,0.0,0.0,0.0,5.0,0.0,negative,42.29835506
42.29835506,0.0,0.9263495802879332,0.0,0.0,3.0,1.0,positive,42.42427283
42.42427283,0.0,0.791529655456543,0.0,0.0,1.0,2.0,negative,42.34857439
42.34857439,0.0,0.7533033490180969,0.0,0.0,0.0,2.0,negative,42.22260835
42.22260835,0.0,0.0,0.0,0.0,2.0,1.0,positive,42.36304816
42.36304816,0.0,0.0,0.0,0.0,2.0,1.0,negative,42.22834653
42.22834653,0.0,0.0,0.9163467288017272,0.0,1.0,0.0,negative,42.19122761
42.19122761,0.0,0.0,0.0,0.0,0.0,0.0,positive,42.41173066
42.41173066,0.0,0.0,0.0,0.0,1.0,0.0,negative,42.38782435
42.38782435,0.7503905892372131,0.0,0.0,0.0,3.0,0.0,positive,42.42086352
42.42086352,0.0,0.9671528935432434,0.0,0.0,1.0,1.0,positive,42.61805366
42.61805366,0.0,0.0,0.0,0.7026490569114685,3.0,1.0,negative,42.56599413
42.56599413,0.0,0.7914931178092957,0.7429038882255554,0.0,3.0,1.0,positive,42.63922535
42.63922535,0.0,0.7898823022842407,0.0,0.0,4.0,1.0,positive,42.94387366
42.94387366,0.0,0.0,0.77528315782547,0.0,7.0,1.0,negative,42.82348554
42.82348554,1.9564217329025269,0.0,0.0,0.0,3.0,1.0,positive,42.89444818
42.89444818,0.0,0.0,0.8256626725196838,0.0,3.0,0.0,negative,42.80646495
42.80646495,0.0,0.0,1.61526757478714,0.0,5.0,1.0,positive,42.92850314
42.92850314,1.486909568309784,0.0,0.7742511630058289,0.0,7.0,0.0,negative,42.87561357
42.87561357,0.9227175712585448,0.737354576587677,1.652445912361145,0.0,14.0,1.0,positive,43.48678533
43.48678533,0.8168485164642334,0.0,0.7734376788139343,0.0,7.0,2.0,negative,43.08962511
43.08962511,0.0,0.0,0.8368796706199646,0.0,3.0,8.0,positive,43.13455948
43.13455948,0.773911714553833,0.0,0.0,0.0,4.0,0.0,negative,42.95981047
42.95981047,0.727882444858551,0.0,0.8663548827171326,0.0,3.0,1.0,negative,42.79212785
42.79212785,0.0,0.0,0.7646121382713318,0.0,1.0,0.0,positive,43.07802623
43.07802623,0.0,0.0,0.777769923210144,0.0,2.0,1.0,negative,42.94659349
42.94659349,0.0,0.0,0.7898659110069275,0.0,2.0,1.0,negative,42.77753918
42.77753918,0.0,0.0,0.0,0.0,2.0,0.0,negative,42.6652781
42.6652781,0.7712020874023438,0.0,0.0,0.0,2.0,1.0,positive,42.82008817
42.82008817,0.0,0.0,0.9576455354690552,0.0,1.0,0.0,negative,42.79023782
42.79023782,0.0,0.8376729488372803,0.0,0.0,1.0,1.0,positive,42.82572289
42.82572289,0.0,0.0,0.0,0.0,3.0,0.0,positive,43.76770956
43.76770956,0.7180033922195435,0.0,0.0,0.0,1.0,0.0,positive,43.82164526
43.82164526,1.6064916849136353,0.0,2.5120899081230164,0.0,9.0,0.0,negative,43.73722693
43.73722693,0.9680649638175964,0.0,0.0,0.0,4.0,0.0,negative,43.59110148
43.59110148,2.4365874528884888,1.6752455830574036,1.8238070607185364,0.0,13.0,2.0,negative,43.5507350891
43.5507350891,0.0,0.7645564675331116,2.592902898788452,1.601543128490448,10.0,3.0,positive,43.6856892612
43.6856892612,0.0,0.7217881679534912,0.7805734872817993,0.0,5.0,1.0,positive,43.79507902
43.79507902,0.0,0.0,0.881229817867279,0.9352155923843384,5.0,3.0,negative,43.55466132
43.55466132,0.0,0.0,0.0,0.0,1.0,0.0,negative,43.37029542
43.37029542,0.0,0.0,0.7393117547035217,0.0,4.0,1.0,positive,43.91185217
43.91185217,0.8410049676895142,0.7909660935401917,0.7659562826156616,0.0,3.0,1.0,positive,44.03141861
44.03141861,0.785638153553009,0.0,0.8323242664337158,0.0,3.0,0.0,negative,44.01205956
44.01205956,1.5172933340072632,0.0,0.8925189971923828,0.0,4.0,0.0,negative,43.80810767
43.80810767,0.7835284471511841,1.6757572293281555,0.0,0.0,2.0,3.0,positive,44.12955967
44.12955967,0.0,0.8544499278068542,0.0,0.0,2.0,2.0,negative,43.94533535
43.94533535,0.0,0.8710781335830688,0.0,0.0,5.0,2.0,negative,43.93152798
43.93152798,0.0,2.520985782146454,0.0,0.0,1.0,6.0,negative,43.79260669
43.79260669,0.827634334564209,0.0,0.0,0.8116928935050964,2.0,4.0,negative,43.11718964
43.11718964,0.0,0.920893132686615,0.0,0.8978286385536194,1.0,2.0,positive,43.31346862
43.31346862,0.0,0.7952017784118652,0.0,0.0,0.0,3.0,negative,42.95537797
42.95537797,0.0,0.7684961557388306,0.0,0.7603869438171387,0.0,2.0,positive,43.05022461
43.05022461,0.0,0.0,0.0,0.0,0.0,2.0,positive,43.1574655645
43.1574655645,0.0,0.0,0.0,0.0,2.0,0.0,negative,43.1574655645
43.1574655645,0.0,0.0,0.0,0.0,0.0,0.0,positive,43.2068055464
43.2068055464,0.0,0.7613707780838013,0.0,0.0,0.0,1.0,positive,43.27180862
43.27180862,0.0,0.0,0.0,0.9547359943389891,0.0,1.0,positive,43.32859648
43.32859648,0.0,0.0,0.0,0.0,0.0,0.0,positive,43.59024472
43.59024472,0.0,0.7392264604568481,0.9023825526237488,0.0,2.0,1.0,negative,43.455258128
43.455258128,0.0,0.0,0.0,0.0,1.0,0.0,positive,43.53265593
43.53265593,0.0,0.0,0.0,0.0,3.0,1.0,positive,43.54580021
43.54580021,0.0,2.4502402544021606,0.7739550471305847,0.0,2.0,3.0,negative,43.21803686
43.21803686,0.0,0.0,0.0,0.0,1.0,1.0,positive,43.24502078
43.24502078,0.0,0.0,0.0,0.0,3.0,1.0,negative,43.2441021
43.2441021,0.712626576423645,0.0,0.7801647782325745,0.9514997601509094,2.0,3.0,negative,43.18392417
43.18392417,1.6808406710624697,1.6566936373710632,0.0,0.0,4.0,2.0,negative,42.82515433
42.82515433,0.0,1.6239519119262695,0.0,0.0,1.0,2.0,negative,42.49602057
42.49602057,0.0,0.7620131969451904,0.0,0.0,0.0,1.0,positive,42.82384338
42.82384338,0.0,0.0,0.0,0.0,3.0,0.0,positive,43.04597771
43.04597771,0.8976932168006897,0.0,0.0,0.0,2.0,0.0,negative,42.83398136
42.83398136,0.0,0.0,0.0,0.0,2.0,1.0,positive,43.0817318092
43.0817318092,0.0,0.0,0.0,0.0,0.0,0.0,positive,43.23582063
43.23582063,0.0,0.909113347530365,0.0,0.0,1.0,2.0,positive,43.37652849
43.37652849,0.0,0.0,0.0,0.0,1.0,0.0,negative,43.32894366
43.32894366,0.0,0.0,0.0,0.0,2.0,3.0,positive,43.66697595
43.66697595,0.0,0.0,0.0,0.0,5.0,0.0,negative,43.57901412
43.57901412,0.0,0.8212819695472717,0.95437353849411,0.0,3.0,2.0,negative,43.4716836815
43.4716836815,0.7058191895484924,0.0,0.9292783737182616,0.0,5.0,0.0,negative,43.25465568
43.25465568,0.0,0.0,0.0,0.0,5.0,0.0,positive,43.3629634621
43.3629634621,0.0,0.0,0.0,0.0,3.0,0.0,negative,43.31297146
43.31297146,0.7894812822341919,0.0,1.6919685006141665,0.0,4.0,0.0,positive,43.38530105
43.38530105,0.0,0.0,0.0,0.0,4.0,2.0,negative,43.36438978
43.36438978,0.0,0.7855599522590637,0.9765357971191406,0.0,4.0,2.0,positive,43.65312147
43.65312147,0.0,0.0,0.0,0.0,5.0,0.0,negative,43.50439734
43.50439734,1.7589096426963806,0.8895447850227356,0.0,0.0,7.0,1.0,negative,43.29006416
43.29006416,0.0,0.84779292345047,0.7424211502075195,0.0,2.0,3.0,negative,43.25201766
43.25201766,0.8892435431480408,0.0,1.779342234134674,0.0,4.0,1.0,negative,43.22354959
43.22354959,1.6897417306900024,0.9111119508743286,1.816509187221527,1.563809156417847,12.0,3.0,negative,43.09791439
43.09791439,0.0,0.7156504988670349,0.0,0.0,1.0,9.0,negative,43.07316451
43.07316451,0.7555562853813171,0.0,1.504971981048584,0.829284131526947,7.0,1.0,positive,43.16003838
43.16003838,0.0,0.0,0.0,0.0,2.0,3.0,positive,43.2944529
43.2944529,0.0,0.0,0.0,0.0,5.0,0.0,positive,43.34361383
43.34361383,0.0,0.0,0.0,0.0,0.0,0.0,negative,43.30768089
43.30768089,0.0,3.1025816202163696,0.0,0.0,0.0,4.0,negative,43.21289662
43.21289662,0.0,0.7538460493087769,0.837304413318634,0.0,2.0,1.0,positive,43.36193302
43.36193302,0.0,0.8603124022483826,0.0,0.0,2.0,2.0,positive,43.5156002092
43.5156002092,0.0,0.0,0.0,0.0,1.0,0.0,negative,43.40843255
43.40843255,0.0,0.0,0.0,0.0,1.0,1.0,positive,43.50657528
43.50657528,0.9083678722381592,0.0,0.0,0.0,1.0,1.0,negative,43.45502649
43.45502649,0.8209142684936523,0.0,0.0,0.0,4.0,0.0,positive,43.5367271
43.5367271,0.0,1.6617743372917175,0.0,0.0,0.0,3.0,positive,44.11936354
44.11936354,0.701260507106781,0.0,0.7086672782897949,0.0,5.0,0.0,positive,44.13775264
44.13775264,0.0,0.0,0.0,0.0,2.0,0.0,negative,43.9617207735
43.9617207735,0.0,0.0,0.7137322425842285,0.0,2.0,0.0,positive,44.03397621
44.03397621,0.0,0.0,0.0,0.0,0.0,0.0,positive,44.16597829
44.16597829,0.0,0.0,0.0,0.8575658798217773,0.0,1.0,negative,44.06967094
44.06967094,0.0,0.0,0.0,0.0,0.0,1.0,positive,44.3525101664
44.3525101664,0.8020691871643066,0.8169534802436829,0.0,0.0,2.0,1.0,negative,44.20971185
44.20971185,0.7398543357849121,0.0,0.0,0.0,2.0,0.0,positive,44.26347854
44.26347854,0.0,0.8731383681297302,0.0,0.0,3.0,2.0,positive,44.27793267
44.27793267,0.0,0.0,0.0,0.0,1.0,1.0,negative,44.09048326
44.09048326,0.0,0.0,2.3493571281433105,0.0,6.0,0.0,negative,44.07340401
44.07340401,0.7356677055358887,0.0,0.964662492275238,0.0,9.0,0.0,negative,43.91303358
43.91303358,0.0,0.9287291169166564,0.0,0.0,7.0,1.0,negative,43.90980606
43.90980606,0.0,0.7971389889717102,0.0,0.0,0.0,2.0,positive,43.92914272
43.92914272,0.8154958486557007,0.0,0.0,0.0,5.0,0.0,positive,43.93249908
43.93249908,0.0,0.0,0.7226125597953796,0.0,4.0,0.0,negative,43.69213127
43.69213127,0.7742806673049927,0.0,0.71641606092453,0.7762695550918579,8.0,2.0,negative,43.64083543
43.64083543,1.7587490677833555,1.6062639951705933,0.8230845332145691,0.0,7.0,2.0,positive,43.96959847
43.96959847,0.0,0.0,0.0,0.0,3.0,0.0,positive,44.30721533
44.30721533,0.0,0.9287291169166564,1.7406707406044006,0.0,5.0,1.0,positive,44.8396275384
44.8396275384,0.7436283826828003,0.0,0.8695093989372253,0.0,9.0,0.0,positive,45.53096209
45.53096209,0.8976932168006897,0.0,0.0,0.0,5.0,2.0,positive,45.905311662
45.905311662,0.0,0.0,0.0,0.0,2.0,0.0,negative,45.77720442
45.77720442,0.770659327507019,0.915543019771576,0.0,0.704138457775116,4.0,5.0,negative,45.48728839
45.48728839,0.8976932168006897,0.866993248462677,0.0,0.0,1.0,1.0,negative,45.36184402
45.36184402,2.411129951477051,0.0,0.0,0.0,8.0,1.0,negative,44.9565459168
44.9565459168,0.9498962163925172,0.7717647552490234,0.0,0.0,4.0,1.0,negative,44.76140315
44.76140315,0.7678881883621216,0.0,0.713850200176239,0.0,3.0,1.0,positive,44.8384898797
44.8384898797,0.0,0.7261215448379517,0.0,0.7699595093727112,1.0,5.0,negative,44.82877652
44.82877652,0.0,0.0,1.6504884362220764,0.0,5.0,1.0,negative,44.80514365
44.80514365,0.0,0.0,0.0,0.0,4.0,1.0,positive,45.05398345
45.05398345,0.0,0.865077555179596,0.0,0.0,6.0,2.0,positive,45.35402875
45.35402875,0.0,0.0,1.5498389601707458,0.0,10.0,4.0,negative,45.16955249
45.16955249,0.0,0.0,1.807554304599762,0.0,7.0,2.0,negative,44.97260182
44.97260182,0.8043907880783081,0.7586915493011475,0.0,0.0,5.0,2.0,negative,44.9074291
44.9074291,0.8946876525878906,0.865077555179596,0.941451132297516,0.0,10.0,1.0,positive,44.94527697
44.94527697,0.0,0.0,1.6413754224777222,0.0,8.0,0.0,positive,45.06329404
45.06329404,1.6106488704681396,0.0,2.6492764353752136,0.0,8.0,6.0,positive,45.06872298
45.06872298,0.7245900630950928,0.0,0.0,0.0,1.0,3.0,negative,45.00526106
45.00526106,2.337237954139709,0.0,0.0,0.0,10.0,0.0,positive,45.2657022607
45.2657022607,5.072503745555878,1.5880436301231384,0.7461568713188171,0.0,17.0,2.0,negative,45.20107397
45.20107397,0.7541368007659912,0.0,1.7540650963783264,0.0,9.0,0.0,negative,44.6720107117
44.6720107117,0.7705252766609192,0.8017529249191284,3.36534720659256,0.0,12.0,2.0,positive,44.7394716
44.7394716,0.8523430824279785,0.8642311692237854,0.0,0.0,9.0,4.0,negative,44.53349727
44.53349727,0.742966890335083,0.0,0.7047876119613647,0.0,5.0,0.0,negative,44.41622709
44.41622709,0.0,0.0,0.0,0.0,2.0,1.0,positive,44.4304204
44.4304204,0.0,0.7172147035598755,0.9894886612892152,0.0,4.0,4.0,positive,44.7222942616
44.7222942616,0.0,0.0,0.0,0.0,0.0,0.0,negative,44.69704191
44.69704191,0.7207346558570862,0.9594738483428956,0.0,0.0,4.0,1.0,negative,44.60897701
44.60897701,0.0,0.9567888975143432,1.6681125164031982,0.0,6.0,1.0,positive,45.1207538
45.1207538,0.0,0.8333930373191833,0.0,0.0,5.0,3.0,positive,45.22865212
45.22865212,0.0,0.0,0.9031801223754884,0.0,4.0,0.0,negative,45.21262374
45.21262374,0.0,0.7678816914558411,0.0,0.0,5.0,1.0,positive,45.21513128
45.21513128,0.0,1.4771217107772827,0.0,0.0,2.0,3.0,negative,44.90831259
44.90831259,0.7207561135292053,2.233294665813446,0.8218545317649841,0.0,9.0,4.0,positive,45.01167154
45.01167154,0.7621866464614868,0.9557428359985352,0.7562431693077087,0.0,7.0,2.0,positive,45.05733295
45.05733295,0.8193963170051575,2.2212413549423218,1.7205221056938171,0.0,7.0,3.0,negative,44.8806032734
44.8806032734,0.8976932168006897,1.4911949038505554,0.9020912647247314,0.0,7.0,3.0,positive,45.11140505
45.11140505,2.388143002986908,3.352479875087738,0.7829246520996094,0.8353850245475769,6.0,6.0,positive,45.13270492
45.13270492,5.040135145187378,1.5720581412315369,0.0,0.0,10.0,2.0,positive,45.20229276
45.20229276,0.7715689539909363,1.5463383793830872,0.0,0.0,4.0,5.0,negative,45.16323404
45.16323404,0.0,3.528099775314331,0.0,0.0,1.0,4.0,negative,45.09490617
45.09490617,0.0,0.7367079257965088,0.0,0.0,0.0,1.0,positive,45.24678797
45.24678797,0.0,5.062162280082703,0.0,0.0,2.0,9.0,positive,45.26317172
45.26317172,1.6489059329032898,1.6817055940628052,0.7417237162590027,0.0,5.0,2.0,positive,45.3836115
45.3836115,0.0,0.8451583385467529,0.8103548884391785,0.0,2.0,17.0,positive,45.71830315
45.71830315,0.8124640583992004,0.0,0.0,0.0,1.0,3.0,negative,45.6926863
45.6926863,0.8313369750976562,0.0,0.0,0.0,4.0,3.0,negative,45.59802501
45.59802501,1.671357274055481,1.5923126339912417,0.8775403499603271,0.0,6.0,3.0,positive,45.67030046
45.67030046,1.8597407341003416,0.0,1.8461729884147644,0.0,12.0,2.0,negative,45.61414561
45.61414561,0.0,0.9287291169166564,0.7878916263580322,0.8160179257392883,5.0,2.0,negative,45.57362029
45.57362029,0.9935378432273864,0.7978628277778625,0.0,0.0,5.0,1.0,negative,45.37519086
45.37519086,1.6367889046669006,0.8500252962112427,0.0,0.0,3.0,1.0,positive,45.43102499
45.43102499,0.7138646841049194,0.7546743154525757,0.0,0.0,2.0,1.0,positive,45.47650834
45.47650834,0.0,11.096109867095947,1.522106409072876,0.0,6.0,12.0,positive,45.57046054
45.57046054,2.524592638015747,6.319887936115265,0.7161923050880432,0.0,8.0,8.0,negative,45.43338868
45.43338868,0.0,3.6987032890319824,0.0,0.0,0.0,5.0,negative,45.363341
45.363341,1.5154466032981873,0.0,0.8629631996154785,0.0,8.0,0.0,positive,45.51688015
45.51688015,0.7918188571929932,0.0,0.0,0.0,2.0,0.0,positive,45.5824147
45.5824147,1.7560603618621826,0.7127817273139954,0.0,0.0,7.0,2.0,negative,45.5378371105
45.5378371105,0.0,0.0,1.6202943325042725,0.0,4.0,0.0,negative,44.0132196808
44.0132196808,0.8469472527503967,1.591789722442627,0.0,0.9010016322135924,2.0,6.0,negative,43.77888053
43.77888053,0.0,2.3745225071907043,0.7082380056381226,4.149308443069458,3.0,23.0,positive,44.06816335
44.06816335,0.0,6.098960995674133,0.0,0.9859382510185242,3.0,12.0,positive,44.10578111
44.10578111,1.7491348385810852,0.7572124004364014,0.0,0.0,4.0,2.0,negative,44.085890575
44.085890575,0.7133594751358032,0.8115481734275818,1.6204511523246763,9.895978808403015,7.0,14.0,positive,44.28891286
44.28891286,0.7319560647010803,0.7355585098266602,0.8606887459754944,11.687264204025269,6.0,14.0,negative,44.13026226
44.13026226,0.0,0.0,0.0,1.680129885673523,0.0,4.0,positive,44.15582933
44.15582933,0.0,0.0,0.0,2.478538453578949,0.0,6.0,positive,44.17212611
44.17212611,0.0,1.7327948808670044,0.0,0.0,1.0,3.0,positive,44.42844501
44.42844501,0.9740562438964844,0.0,0.0,0.7643698453903198,2.0,4.0,negative,44.26943527
44.26943527,0.0,9.064307391643524,0.0,0.0,1.0,11.0,negative,44.08895281
44.08895281,0.0,5.548054933547974,0.0,0.0,1.0,7.0,negative,44.08671644
44.08671644,0.0,1.7820252776145935,0.0,0.0,0.0,3.0,negative,44.01763536
44.01763536,0.0,1.8493516445159912,0.0,0.0,3.0,2.0,positive,44.07631872
44.07631872,0.0,0.8531394004821777,0.0,0.0,2.0,3.0,positive,44.1437685
44.1437685,0.0,0.0,0.0,0.0,5.0,1.0,negative,44.04076786
44.04076786,0.0,0.0,0.9777841567993164,0.7874699234962463,1.0,2.0,negative,43.68768087
43.68768087,0.0,3.617819845676422,0.0,0.0,6.0,5.0,positive,43.74693112
43.74693112,0.0,8.314426720142365,0.0,0.0,1.0,9.0,positive,43.75932402
43.75932402,0.0,0.0,0.0,0.0,0.0,0.0,positive,43.8553925655
43.8553925655,0.9507375359535216,0.0,2.572455942630768,0.0,6.0,4.0,negative,43.71877354
43.71877354,0.0,0.74843829870224,0.0,0.0,1.0,1.0,negative,43.65889078
43.65889078,0.9267706274986268,0.8007200360298157,0.0,0.0,2.0,2.0,negative,42.38785864
42.38785864,0.7556353211402893,0.0,0.0,0.0,4.0,0.0,positive,42.69199735
42.69199735,0.0,0.0,0.0,0.0,3.0,2.0,negative,42.6689534
42.6689534,0.0,0.7597461938858032,0.0,0.0,1.0,2.0,negative,42.56079746
42.56079746,0.8235341310501099,1.7613286972045898,0.0,0.0,3.0,4.0,negative,42.01147776
42.01147776,0.0,0.9174100756645204,0.0,0.0,2.0,2.0,positive,42.5831841658
42.5831841658,0.0,0.0,0.0,0.0,2.0,0.0,negative,42.5738014
42.5738014,0.948712170124054,0.0,0.0,0.0,5.0,0.0,positive,42.6498198701
42.6498198701,3.5331923961639404,1.6667702198028564,0.0,0.0,5.0,2.0,positive,42.95780009
42.95780009,0.0,0.0,0.0,0.0,0.0,1.0,negative,42.74270168
42.74270168,1.5247911214828491,0.7834547162055969,0.0,0.0,5.0,3.0,negative,42.6471308883
42.6471308883,0.0,0.718062698841095,0.0,0.0,1.0,2.0,positive,42.7902407813
42.7902407813,0.0,0.0,0.764030933380127,0.0,3.0,0.0,positive,42.80681013
42.80681013,5.307915270328522,0.0,1.482714593410492,0.0,15.0,0.0,negative,42.56658895
42.56658895,0.0,0.0,0.8841057419776917,0.0,1.0,1.0,positive,42.6736621
42.6736621,0.0,0.0,0.0,0.0,0.0,0.0,positive,42.72624975
42.72624975,0.0,0.0,0.0,0.0,0.0,0.0,positive,43.2968373898
43.2968373898,0.0,0.0,0.0,0.0,1.0,0.0,positive,43.37616708
43.37616708,0.866753101348877,0.0,0.7736133337020874,0.0,4.0,1.0,positive,43.37789725
43.37789725,0.0,0.7484809160232544,0.0,0.0,2.0,2.0,positive,43.51263558
43.51263558,1.7566353678703308,0.0,0.80521559715271,0.0,9.0,0.0,positive,43.769093
43.769093,2.612722098827362,0.0,1.674320936203003,0.0,9.0,1.0,negative,43.75885236
43.75885236,0.0,0.0,0.0,0.0,1.0,0.0,positive,43.8062379175
43.8062379175,0.0,0.0,0.7740615606307983,0.0,2.0,1.0,negative,43.60281055
43.60281055,0.818011462688446,0.0,0.0,0.0,2.0,3.0,positive,43.66515102
43.66515102,0.0,0.0,0.0,0.0,0.0,0.0,positive,43.8193553244
43.8193553244,1.541555106639862,0.0,0.827777087688446,0.0,4.0,2.0,positive,44.06707645
44.06707645,0.0,0.7406198978424072,0.0,0.0,3.0,1.0,negative,43.98850179
43.98850179,0.9188394546508788,0.0,0.0,0.0,3.0,0.0,positive,44.03276462
44.03276462,0.0,0.0,0.0,0.0,1.0,0.0,positive,44.11448901
44.11448901,0.0,0.0,0.0,0.0,2.0,1.0,positive,44.51641312
44.51641312,0.0,0.0,0.0,0.0,3.0,0.0,negative,44.41482094
44.41482094,0.0,0.7027329802513123,0.8195162415504456,0.8020861148834229,1.0,3.0,negative,44.4111912
44.4111912,0.9878783226013184,0.0,0.0,0.0,5.0,1.0,negative,44.20758096
44.20758096,0.0,0.0,0.0,0.0,1.0,1.0,positive,44.36023936
44.36023936,0.7320231795310974,0.0,0.0,0.0,5.0,2.0,negative,44.23047735
44.23047735,1.6456961035728457,0.0,0.0,0.0,3.0,1.0,positive,44.35529524
44.35529524,1.5797105431556702,0.0,1.577253520488739,0.0,15.0,1.0,negative,44.35066051
44.35066051,0.0,0.0,0.0,0.0,5.0,1.0,negative,44.25406793
44.25406793,0.0,0.0,0.0,0.0,4.0,0.0,negative,44.23761303
44.23761303,0.0,0.0,0.0,0.0,3.0,0.0,negative,44.23386885
44.23386885,0.0,0.0,0.0,0.0,1.0,0.0,negative,44.22657421
44.22657421,0.9059473276138306,0.0,0.0,0.0,3.0,0.0,negative,44.0611691474
44.0611691474,0.0,3.405414581298828,0.0,0.0,0.0,4.0,negative,44.02234643
44.02234643,0.0,0.0,0.0,0.0,1.0,0.0,negative,43.75252478
43.75252478,0.0,0.0,0.0,0.0,0.0,0.0,positive,43.98614923
43.98614923,0.0,0.0,0.0,0.0,1.0,0.0,negative,43.81179977
43.81179977,0.0,0.8608598709106445,0.0,0.0,2.0,1.0,negative,43.76313413
43.76313413,0.7906210422515869,1.4315784573554993,0.7576714158058167,0.0,2.0,3.0,positive,44.11114956
44.11114956,0.0,1.6533563137054443,0.8572219014167786,0.0,1.0,2.0,negative,44.0607191
44.0607191,0.0,0.8464177250862122,0.0,0.0,1.0,2.0,negative,43.7485700918
43.7485700918,0.0,0.9187384247779846,0.0,0.0,0.0,2.0,positive,44.00315957
44.00315957,0.0,0.7571743130683899,0.0,0.0,1.0,3.0,positive,44.02635254
44.02635254,0.0,0.0,0.0,0.0,1.0,0.0,positive,44.05720443
44.05720443,0.0,0.0,0.8324803113937378,0.0,2.0,1.0,positive,44.12242034
44.12242034,0.0,0.0,0.0,0.0,2.0,1.0,negative,44.07575551
44.07575551,0.0,0.0,0.0,0.0,1.0,0.0,positive,44.16078568
44.16078568,0.0,0.8565804362297058,0.0,0.0,1.0,2.0,negative,44.0331176
44.0331176,0.0,0.832403302192688,0.0,0.0,2.0,2.0,negative,43.96945858
43.96945858,0.0,0.7227437496185303,0.0,0.0,1.0,1.0,positive,44.15848492
44.15848492,0.0,0.7234910726547241,0.0,0.0,0.0,3.0,positive,44.31576712
44.31576712,0.0,0.0,0.0,0.0,0.0,0.0,negative,44.20560596
44.20560596,0.0,0.0,0.0,0.0,0.0,2.0,negative,44.18666814
44.18666814,0.0,0.0,0.0,0.0,4.0,0.0,positive,44.24159345
44.24159345,0.0,0.0,0.9188394546508788,0.0,1.0,1.0,positive,44.27694651
44.27694651,0.0,2.554060935974121,0.0,0.0,1.0,3.0,negative,44.17889602
44.17889602,0.0,0.0,0.0,0.0,1.0,1.0,positive,44.31579233
44.31579233,0.0,0.0,0.0,0.0,0.0,0.0,negative,44.26911389
44.26911389,0.874885618686676,0.0,0.0,0.0,1.0,0.0,negative,44.25170577
44.25170577,0.0,0.7102830410003662,0.0,0.0,0.0,1.0,negative,43.94826616
43.94826616,0.0,0.0,0.0,0.0,1.0,0.0,negative,43.83636596
43.83636596,0.7107332944869995,0.0,0.0,0.0,6.0,0.0,negative,43.64229962
43.64229962,0.0,34.93524158000946,0.0,0.0,0.0,49.0,negative,43.35843533
43.35843533,0.0,4.097166121006012,0.0,0.0,1.0,6.0,positive,43.37405777
43.37405777,0.0,0.0,0.0,0.0,2.0,1.0,negative,43.17420778
43.17420778,0.0,0.7856004238128662,0.0,0.0,5.0,2.0,negative,42.91489433
42.91489433,0.0,0.0,2.393578350543976,0.0,4.0,0.0,positive,42.95115289
42.95115289,0.0,0.7873579859733582,0.0,0.0,3.0,1.0,positive,43.163912
43.163912,0.0,0.9027890563011168,0.7418249249458313,0.0,3.0,2.0,positive,43.19130695
43.19130695,0.0,0.0,0.0,0.0,1.0,0.0,positive,43.23448052
43.23448052,0.0,0.0,0.0,0.0,3.0,0.0,negative,43.10994322
43.10994322,0.0,0.0,0.0,0.0,1.0,0.0,negative,42.44889275
42.44889275,0.0,0.0,0.7869361042976379,0.0,4.0,1.0,positive,42.47051703
42.47051703,0.7557085156440735,0.0,0.0,0.0,6.0,0.0,positive,42.56385525
42.56385525,0.7787564396858215,0.0,0.0,0.0,1.0,0.0,positive,42.58523986
42.58523986,0.0,0.0,0.0,0.0,1.0,1.0,negative,42.50589993
42.50589993,0.0,0.7159717082977295,0.0,0.0,0.0,2.0,positive,42.60548823
42.60548823,0.0,0.0,0.0,0.0,2.0,0.0,negative,42.50319241
42.50319241,0.0,0.0,0.0,0.0,0.0,1.0,positive,42.59469343
42.59469343,0.0,0.0,0.0,0.0,1.0,0.0,positive,42.84263282
42.84263282,0.0,0.0,0.0,0.0,0.0,0.0,negative,42.76783409
42.76783409,0.0,0.0,0.0,0.0,1.0,0.0,negative,42.5870212
42.5870212,0.0,0.0,0.0,0.0,0.0,0.0,positive,42.6315149
42.6315149,0.0,0.0,0.0,0.0,0.0,0.0,negative,42.5429455
42.5429455,0.0,0.0,0.7518386840820312,0.0,3.0,0.0,positive,43.0397094
43.0397094,0.0,0.0,0.0,0.0,2.0,0.0,negative,42.99120232
42.99120232,0.0,0.0,0.0,0.0,1.0,1.0,positive,43.12419846
43.12419846,0.7653588056564331,0.7404137849807739,0.0,0.0,3.0,1.0,negative,42.95150428
42.95150428,0.0,0.7245025634765625,0.0,0.0,2.0,4.0,positive,43.15653571
43.15653571,0.0,0.0,0.7995431423187256,0.0,2.0,0.0,positive,43.21199523
43.21199523,0.8361459970474243,0.0,0.0,0.9408752918243408,3.0,1.0,negative,43.06547205
43.06547205,0.8742462396621704,0.0,0.0,0.0,1.0,0.0,positive,43.27384055
43.27384055,0.7157254815101624,1.5557957291603088,0.0,0.0,1.0,3.0,positive,43.36814968
43.36814968,1.590932071208954,0.8673334121704102,0.7759304642677307,0.0,5.0,2.0,negative,43.22250646
43.22250646,1.8023512959480288,0.0,0.8419605493545532,0.0,3.0,0.0,negative,43.0035708
43.0035708,0.8383601903915405,0.7488773465156555,0.0,0.0,4.0,2.0,negative,42.94612981
42.94612981,0.9324382543563844,0.0,0.0,0.0,2.0,1.0,negative,42.68842839
42.68842839,0.0,0.0,0.0,0.0,2.0,0.0,positive,42.91152736
42.91152736,0.0,0.0,0.0,0.0,1.0,0.0,positive,42.93699517
42.93699517,0.0,0.0,0.0,0.0,1.0,0.0,positive,42.96423343
42.96423343,0.0,1.807135283946991,0.0,0.0,1.0,4.0,negative,42.90451684
42.90451684,0.0,0.0,0.8510264754295349,0.0,4.0,0.0,negative,42.84233863
42.84233863,1.6068620085716248,3.405414581298828,0.0,0.0,2.0,4.0,negative,42.64008367
42.64008367,0.0,0.851353645324707,0.0,0.0,1.0,2.0,negative,42.57828421
42.57828421,0.0,7.6709635853767395,0.0,0.0,4.0,10.0,positive,42.87435546
42.87435546,0.0,0.0,0.0,0.0,1.0,0.0,negative,42.80700131
42.80700131,0.8030626773834229,0.0,0.0,0.0,2.0,0.0,negative,42.52597955
42.52597955,0.0,0.0,0.0,0.0,3.0,0.0,positive,42.58773597
42.58773597,0.0,0.0,0.0,0.0,1.0,0.0,negative,42.47871556
42.47871556,0.0,0.7370370626449585,0.0,0.0,0.0,2.0,negative,42.29839995
42.29839995,0.0,0.0,0.0,0.0,0.0,0.0,positive,42.41632417
42.41632417,0.0,0.851353645324707,0.0,0.0,2.0,2.0,negative,42.20691346
42.20691346,0.0,0.0,0.0,0.0,1.0,2.0,positive,42.36786814
42.36786814,0.0,0.0,0.0,0.0,4.0,0.0,positive,42.56845825
42.56845825,0.0,0.0,0.9011553525924684,0.0,3.0,0.0,positive,42.57684669
42.57684669,0.0,0.851353645324707,0.0,0.0,5.0,1.0,negative,42.35920879
42.35920879,0.0,0.0,0.0,0.0,1.0,0.0,positive,42.49591777
42.49591777,0.0,0.0,0.0,0.0,0.0,2.0,negative,42.28770628
42.28770628,0.7546855807304382,0.0,0.8100320100784302,0.0,3.0,0.0,positive,42.4625377
42.4625377,0.0,0.8344345688819885,0.0,0.0,2.0,2.0,negative,42.43205739
42.43205739,0.761643648147583,0.0,0.0,0.8075411319732666,3.0,2.0,positive,42.61996427
42.61996427,0.0,0.767471194267273,0.0,0.0,1.0,2.0,negative,42.60785824
42.60785824,0.8913015723228455,0.7513657212257385,0.0,0.0,1.0,1.0,positive,42.65417354
42.65417354,0.0,0.8472708463668823,0.0,0.0,0.0,1.0,positive,42.75130978
42.75130978,0.0,0.0,0.0,0.0,0.0,1.0,negative,42.56037969
42.56037969,0.0,0.0,0.0,0.0,1.0,0.0,positive,42.7559840311
42.7559840311,0.0,0.0,0.0,0.0,0.0,0.0,negative,42.67855989
42.67855989,0.0,0.0,0.0,0.0,0.0,1.0,positive,42.68914754
42.68914754,0.0,0.0,0.0,0.0,1.0,1.0,positive,42.94657108
42.94657108,0.0,0.8875776529312134,0.0,0.0,1.0,2.0,positive,42.95491471
42.95491471,0.0,0.7688847780227661,0.0,0.0,0.0,1.0,positive,43.55849168
43.55849168,0.0,0.0,0.0,0.0,1.0,2.0,positive,43.7136261985
43.7136261985,0.7231767773628235,0.0,0.0,0.0,2.0,0.0,negative,43.6056506496
43.6056506496,0.0,0.0,0.7352246642112732,0.0,1.0,0.0,positive,43.70694464
43.70694464,0.0,0.0,0.0,0.0,0.0,0.0,negative,43.70029058
43.70029058,0.0,0.7512882947921753,0.0,0.0,1.0,2.0,positive,43.790104969
43.790104969,0.0,0.0,0.0,0.0,1.0,7.0,positive,43.91657362
43.91657362,0.0,0.0,0.0,0.0,0.0,0.0,negative,43.8463827747
43.8463827747,0.0,0.7280148267745972,0.0,0.8303871750831604,0.0,6.0,negative,43.82715983
43.82715983,0.0,3.405414581298828,0.898352324962616,0.0,1.0,5.0,negative,43.61102761
43.61102761,0.0,3.218928098678589,0.0,0.0,1.0,5.0,positive,43.7050291229
43.7050291229,0.0,0.0,0.8916047215461731,0.0,3.0,1.0,negative,43.4417448
43.4417448,0.0,0.7990760803222656,0.0,0.0,1.0,1.0,negative,43.42642046
43.42642046,0.0,0.7488773465156555,0.0,0.0,1.0,1.0,positive,43.86143258
43.86143258,0.0,0.8774771690368652,0.0,0.0,2.0,1.0,negative,43.824310503
43.824310503,0.8484134078025818,0.8991913199424744,0.0,0.0,7.0,2.0,negative,43.7370915
43.7370915,0.8366191387176514,0.0,0.9297666549682616,0.0,2.0,0.0,positive,43.85319635
43.85319635,0.0,7.255318343639374,0.0,0.0,3.0,9.0,positive,43.91942406
43.91942406,0.0,0.0,0.0,0.0,0.0,1.0,negative,43.81156668
43.81156668,0.7592179775238037,0.0,0.738002359867096,0.0,3.0,0.0,negative,43.80673518
43.80673518,0.0,0.0,0.0,0.0,1.0,0.0,negative,43.76739374
43.76739374,0.0,4.828392148017883,0.0,0.0,0.0,6.0,negative,43.53652932
43.53652932,0.0,0.7590479254722595,0.0,0.0,0.0,1.0,positive,43.74386459
43.74386459,0.0,0.0,0.7967720627784729,0.0,3.0,0.0,negative,43.72226768
43.72226768,0.0,4.023660123348236,0.0,0.0,0.0,5.0,positive,43.7541012336
43.7541012336,0.0,1.6094640493392944,0.0,0.0,0.0,2.0,positive,43.76239366
43.76239366,0.0,0.0,0.0,0.0,0.0,0.0,positive,44.35559355
44.35559355,0.7906241416931152,0.0,0.8548338413238525,0.0,4.0,0.0,negative,44.2841079
44.2841079,0.7280517816543579,0.0,0.0,0.0,3.0,1.0,positive,44.49153767
44.49153767,0.0,0.8432416915893555,1.79923814535141,0.0,4.0,1.0,positive,44.62765908
44.62765908,0.0,13.89384001493454,0.0,0.0,3.0,19.0,negative,44.55366987
44.55366987,0.8338580131530762,12.083710491657255,0.991329312324524,0.0,5.0,15.0,positive,44.58150455
44.58150455,0.0,0.0,0.0,0.0,0.0,0.0,positive,44.5939893237
44.5939893237,0.0,5.632286429405212,0.7575401067733765,0.0,5.0,7.0,negative,44.5705988931
44.5705988931,1.5811625719070437,7.263306021690369,0.0,0.0,5.0,14.0,negative,44.52915405
44.52915405,0.0,0.0,0.8726671934127808,0.0,4.0,0.0,negative,44.46339576
44.46339576,0.8831607103347778,0.0,0.0,0.0,2.0,0.0,positive,44.58482613
44.58482613,0.0,2.4057319164276123,0.0,0.0,0.0,3.0,positive,44.75869919
44.75869919,0.0,0.0,0.8412500023841858,0.7650766372680664,4.0,2.0,positive,45.21114459
45.21114459,0.0,0.0,0.0,0.0,0.0,0.0,negative,45.03734061
45.03734061,0.0,0.0,0.0,0.0,0.0,0.0,positive,45.22058648
45.22058648,0.718201220035553,0.0,0.0,0.0,2.0,0.0,negative,44.99368623
44.99368623,0.0,0.0,0.0,0.0,0.0,1.0,negative,44.9238801666
44.9238801666,0.0,0.0,0.0,0.0,1.0,2.0,negative,44.8877791
44.8877791,0.0,1.5931215286254885,0.0,0.0,0.0,3.0,negative,44.85189432
44.85189432,0.0,3.2974321842193604,0.0,0.8046591877937317,0.0,5.0,positive,44.87313074
44.87313074,0.0,0.8361726403236389,0.0,0.0,0.0,1.0,negative,44.79539233
44.79539233,0.0,0.0,0.0,0.0,0.0,1.0,negative,44.67671147
44.67671147,1.4885294437408447,2.4730741381645203,0.0,0.0,3.0,3.0,negative,44.5166847384
44.5166847384,0.0,0.0,0.0,0.0,0.0,0.0,negative,44.47192603
44.47192603,0.0,1.6487160921096802,0.0,0.0,0.0,3.0,positive,44.5986731
44.5986731,0.0,1.531351625919342,0.0,0.0,1.0,7.0,positive,44.63542512
44.63542512,0.7309926748275757,2.2239755988121037,0.815716564655304,1.7859436869621277,4.0,11.0,positive,44.76320637
44.76320637,0.7570674419403076,3.144899904727936,0.0,0.0,3.0,4.0,negative,44.64580077
44.64580077,1.649028241634369,0.7445255517959595,0.0,0.0,2.0,2.0,positive,44.78007045
44.78007045,0.7174202799797058,4.18967080116272,0.0,0.0,5.0,7.0,positive,44.84519462
44.84519462,2.262146770954132,2.3456292152404785,0.0,0.0,12.0,4.0,negative,44.58362993
44.58362993,0.8555158376693726,2.3053457736968994,0.0,0.0,2.0,6.0,negative,44.50224025
44.50224025,0.0,0.0,0.0,0.0,5.0,2.0,positive,44.58253742
44.58253742,0.8015424013137817,0.0,0.0,0.9782330989837646,5.0,3.0,negative,44.43332939
44.43332939,0.7332944273948669,0.7517984509468079,1.4467841982841492,2.5345999002456665,3.0,6.0,positive,44.48828079
44.48828079,1.5159241557121277,0.0,0.0,0.0,6.0,1.0,positive,44.65246514
44.65246514,0.9196800589561462,1.5916008353233335,0.0,0.0,3.0,3.0,negative,44.35387238
44.35387238,0.0,3.8980364203453055,0.754863977432251,1.6668484807014463,1.0,9.0,negative,44.28429886
44.28429886,0.0,1.5208505988121033,0.0,0.0,0.0,4.0,positive,44.42851052
44.42851052,0.0,2.54352605342865,0.0,0.0,0.0,3.0,positive,44.55193795
44.55193795,0.8028697967529297,0.7534748315811157,0.0,0.0,1.0,2.0,positive,45.56401607
45.56401607,0.0,0.0,0.8856797218322754,0.7033601999282837,4.0,2.0,positive,45.9876883127
45.9876883127,0.0,0.9252762794494628,0.0,0.0,4.0,2.0,positive,46.3086369959
46.3086369959,0.9192935824394226,5.333518505096436,0.0,0.8158354163169861,3.0,9.0,negative,46.1686376007
46.1686376007,0.0,0.0,0.0,0.7167633771896362,1.0,2.0,negative,46.06361701
46.06361701,0.0,0.0,2.3514731526374817,0.0,6.0,2.0,negative,46.01439809
46.01439809,0.0,0.0,0.8149507641792297,0.7962985634803772,1.0,1.0,positive,46.22793511
46.22793511,0.0,0.0,0.8555074334144592,0.0,1.0,1.0,positive,46.61708326
46.61708326,0.0,0.0,0.0,0.0,1.0,1.0,negative,46.59297098
46.59297098,0.0,0.7777172923088074,0.0,0.8364230990409851,1.0,2.0,positive,46.90287912
46.90287912,0.0,0.0,0.0,0.0,1.0,2.0,positive,46.98573115
46.98573115,0.0,0.0,0.0,0.774030864238739,0.0,2.0,negative,46.53513876
46.53513876,0.7284470796585083,0.0,0.0,0.0,1.0,2.0,positive,46.76340215
46.76340215,0.7996872663497925,0.0,0.0,1.6444900035858154,3.0,3.0,negative,46.66509478
46.66509478,0.0,0.8123571872711182,0.0,0.0,2.0,1.0,positive,46.84916551
46.84916551,0.0,0.0,0.0,0.0,2.0,1.0,positive,46.92661032
46.92661032,0.0,1.7136372327804563,0.0,0.0,1.0,3.0,negative,46.52756757
46.52756757,0.0,2.216922104358673,0.0,0.0,1.0,3.0,positive,46.84473522
46.84473522,0.0,0.0,0.0,0.0,3.0,2.0,positive,47.3259469576
47.3259469576,0.8731245398521423,0.0,0.7902961373329163,0.0,3.0,0.0,positive,47.53863087
47.53863087,0.7817121744155884,0.827970027923584,0.0,0.0,2.0,2.0,negative,47.37511075
47.37511075,1.764716386795044,0.0,0.0,0.0,6.0,1.0,negative,47.27460915
47.27460915,0.0,0.8865706324577332,0.0,0.0,2.0,1.0,negative,47.27281062
47.27281062,0.0,0.0,0.0,0.0,1.0,0.0,negative,46.46070862
46.46070862,0.0,0.0,0.9271336793899536,0.0,3.0,1.0,positive,46.4735061
46.4735061,0.0,0.0,0.0,0.0,1.0,0.0,negative,46.44032494
46.44032494,0.0,0.0,0.0,0.0,3.0,1.0,negative,46.41719426
46.41719426,0.0,0.9188255667686462,0.0,0.0,0.0,2.0,positive,46.64709751
46.64709751,0.0,0.0,0.0,0.0,1.0,0.0,positive,46.69799763
46.69799763,0.0,0.0,0.0,0.0,2.0,0.0,positive,46.77434682
46.77434682,0.0,0.0,0.0,0.0,0.0,0.0,positive,47.324891
47.324891,0.0,0.0,0.0,0.0,0.0,1.0,negative,47.03105634
47.03105634,0.0,0.0,0.0,0.0,0.0,0.0,negative,47.01491609
47.01491609,0.0,0.0,0.7086542844772339,0.0,4.0,1.0,negative,46.83010777
46.83010777,0.0,0.0,0.0,0.0,1.0,0.0,negative,46.42673316
46.42673316,0.0,0.0,0.0,0.0,0.0,5.0,negative,46.19461768
46.19461768,0.0,0.744932234287262,0.0,0.0,2.0,2.0,positive,46.3945506
46.3945506,0.0,0.7907387614250183,0.0,0.0,2.0,2.0,negative,46.34251142
46.34251142,0.8054198026657104,1.5678520798683169,0.7772783041000366,0.0,2.0,3.0,positive,46.43831723
46.43831723,0.0,1.4786455035209656,0.7594742178916931,0.0,4.0,4.0,positive,46.52924056
46.52924056,0.0,0.0,0.7490081191062927,0.0,3.0,1.0,negative,46.41237515
46.41237515,0.0,0.0,0.9098885655403136,0.0,6.0,3.0,negative,45.9526747
45.9526747,0.0,0.8528730273246765,0.0,0.0,7.0,1.0,negative,45.94907794
45.94907794,0.7485476136207581,1.6554254293441772,0.8194011449813843,0.0,7.0,2.0,negative,45.5742285993
45.5742285993,0.0,0.903108537197113,0.9887383580207824,0.0,5.0,1.0,positive,45.73764417
45.73764417,0.0,0.0,2.808127522468567,0.0,4.0,0.0,positive,46.04167151
46.04167151,0.0,0.0,0.0,0.8724323511123657,1.0,1.0,positive,46.15955284
46.15955284,0.7824708223342896,0.0,0.9858850240707396,0.0,3.0,1.0,negative,46.15826331
46.15826331,0.9271140098571776,0.8609271049499512,0.978496253490448,0.0,3.0,2.0,positive,46.16795829
46.16795829,0.0,0.0,0.9903675317764282,0.0,1.0,0.0,negative,46.04035254
46.04035254,0.0,0.0,0.9010120630264282,0.0,1.0,0.0,negative,45.9483307977
45.9483307977,0.0,0.0,0.0,0.0,6.0,1.0,positive,46.06402105
46.06402105,0.0,0.0,0.0,0.0,1.0,0.0,negative,45.9439106
45.9439106,0.0,0.0,0.0,0.0,0.0,0.0,negative,45.91636161
45.91636161,0.0,0.7524480819702148,0.0,0.0,0.0,1.0,positive,45.931211402
45.931211402,0.0,0.0,0.7510074973106384,0.0,5.0,0.0,negative,45.8592336
45.8592336,0.0,0.0,0.0,0.0,1.0,0.0,positive,46.16864891
46.16864891,0.0,0.0,0.0,0.0,3.0,0.0,positive,46.25211653
46.25211653,0.7948641180992126,0.0,0.9547195434570312,0.0,2.0,0.0,positive,46.78345354
46.78345354,0.8794516921043396,0.7490250468254089,0.0,0.8310168981552124,3.0,2.0,negative,46.67560339
46.67560339,0.7553918957710266,0.8977967500686646,0.0,0.0,2.0,3.0,negative,46.65233875
46.65233875,0.0,0.0,0.8341440558433533,0.0,2.0,3.0,positive,46.76467965
46.76467965,0.0,0.7275077104568481,0.0,0.0,2.0,1.0,negative,46.74360583
46.74360583,0.0,0.0,0.0,0.0,3.0,0.0,positive,46.82102291
46.82102291,0.0,0.0,0.0,0.0,1.0,1.0,positive,47.09799284
47.09799284,0.0,0.0,0.0,0.7493430376052856,1.0,2.0,positive,47.26198641
47.26198641,0.7903380393981934,0.0,0.0,0.0,2.0,2.0,negative,47.17455002
47.17455002,0.8049335479736328,0.0,0.0,0.0,3.0,1.0,positive,48.12523141
48.12523141,0.0,0.0,0.0,0.0,1.0,1.0,positive,48.27182421
48.27182421,0.0,0.0,0.0,0.8027017116546631,2.0,1.0,positive,48.59941441
48.59941441,0.8848106861114502,0.0,0.0,0.0,7.0,1.0,negative,48.52105972
48.52105972,0.0,0.0,0.0,0.0,2.0,0.0,positive,48.60403637
48.60403637,0.0,0.0,0.0,0.0,1.0,1.0,negative,48.53478264
48.53478264,0.0,0.0,0.9939426183700562,0.0,1.0,0.0,positive,48.66233257
48.66233257,0.0,0.0,0.0,0.0,0.0,0.0,negative,48.59580385
48.59580385,0.0,0.0,0.0,0.0,1.0,1.0,positive,48.81187292
48.81187292,0.0,0.0,0.0,0.0,0.0,0.0,negative,48.79523315
48.79523315,0.8583793640136719,0.0,0.0,1.5359987020492554,2.0,3.0,positive,48.95239032
48.95239032,0.0,0.0,0.0,0.0,0.0,0.0,positive,49.3766188
49.3766188,0.8609417080879211,0.892265796661377,0.0,0.0,4.0,2.0,positive,49.54759009
49.54759009,0.0,0.0,0.0,0.0,3.0,1.0,negative,49.43054589
49.43054589,0.0,0.0,0.0,0.0,0.0,2.0,negative,49.4065279671
49.4065279671,0.0,0.8298331499099731,1.7766114473342896,0.0,7.0,1.0,negative,46.1792816972
46.1792816972,0.9820031523704528,0.0,0.0,0.0,7.0,0.0,negative,45.75693264
45.75693264,0.0,0.0,0.0,0.0,1.0,1.0,negative,45.53390067
45.53390067,0.0,0.0,0.0,0.0,1.0,0.0,positive,45.65260411
45.65260411,0.0,1.4985129833221436,0.0,0.0,0.0,2.0,negative,45.5068331303
45.5068331303,0.0,1.766116976737976,0.0,1.7027552127838137,0.0,6.0,positive,45.674266
45.674266,0.0,0.8855680227279663,0.0,0.0,1.0,1.0,negative,45.61048744
45.61048744,0.0,0.0,0.0,0.0,0.0,1.0,positive,45.83695962
45.83695962,0.0,9.127907693386078,0.0,0.0,0.0,13.0,positive,45.89402609
45.89402609,0.0,0.0,0.0,0.7913074493408203,0.0,1.0,positive,45.92351688
45.92351688,0.0,0.8373470306396484,0.0,0.0,0.0,3.0,positive,46.0344848
46.0344848,0.0,0.0,0.0,0.0,2.0,2.0,negative,45.91493225
45.91493225,0.0,0.0,0.0,0.0,0.0,1.0,positive,45.94270766
45.94270766,0.0,0.0,0.0,0.0,1.0,0.0,negative,45.8818752
45.8818752,0.0,0.0,0.0,0.0,1.0,1.0,positive,45.9948152602
45.9948152602,0.0,0.0,0.0,0.0,0.0,0.0,negative,45.95117441
45.95117441,0.0,0.0,0.0,0.0,0.0,0.0,positive,45.95675197
45.95675197,0.0,1.5763514637947085,0.0,0.0,0.0,2.0,positive,46.07431613
46.07431613,0.0,0.0,0.0,0.992207407951355,1.0,1.0,negative,46.06370497
46.06370497,0.0,0.8224084973335266,0.0,0.0,0.0,1.0,positive,46.44397539
46.44397539,0.0,0.0,0.0,0.0,0.0,0.0,positive,46.79515565
46.79515565,0.0,0.766951858997345,0.0,0.0,1.0,3.0,positive,46.83942403
46.83942403,0.0,1.6038451790809631,0.0,0.0,1.0,2.0,negative,46.83261982
46.83261982,0.9357234239578248,0.8470518589019775,0.0,0.0,7.0,1.0,positive,46.84730533
46.84730533,0.7503221035003662,0.796958863735199,0.0,0.0,2.0,3.0,positive,46.92439238
46.92439238,0.7011993527412415,0.7262212634086609,0.710922122001648,0.0,7.0,1.0,positive,47.0368848507
47.0368848507,0.8731040358543396,0.0,0.7971578240394592,0.0,3.0,1.0,positive,47.50825565
47.50825565,0.0,0.0,1.549436628818512,0.0,6.0,0.0,negative,47.15424393
47.15424393,0.8657615184783936,0.0,0.0,0.0,7.0,0.0,positive,47.35380967
47.35380967,0.8987113833427429,0.7887385487556458,0.0,0.0,2.0,1.0,negative,47.21950348
47.21950348,1.4789572954177856,0.0,0.8975675106048584,0.0,5.0,1.0,negative,47.15678012
47.15678012,2.5765963196754456,0.0,1.49082213640213,0.0,9.0,1.0,negative,46.92519823
46.92519823,0.8270257115364075,0.0,0.0,0.0,4.0,0.0,positive,47.03402613
47.03402613,2.529570519924164,1.602706789970398,0.860203742980957,0.0,7.0,2.0,positive,47.17289444
47.17289444,0.7433140873908997,0.0,0.7651578187942505,0.0,3.0,1.0,negative,47.11292868
47.11292868,0.0,0.0,0.7295488715171814,0.0,2.0,0.0,positive,47.3442477686
47.3442477686,0.0,1.5787787437438965,0.0,0.0,4.0,2.0,positive,47.77792954
47.77792954,0.9775221347808838,0.0,0.0,0.0,3.0,0.0,positive,47.98005565
47.98005565,0.0,0.0,0.0,0.0,2.0,1.0,negative,47.63405271
47.63405271,1.687321960926056,0.0,0.0,0.0,2.0,0.0,negative,47.60064567
47.60064567,0.974681794643402,0.821405291557312,0.0,0.0,4.0,1.0,positive,47.85364293
47.85364293,1.470081806182861,0.0,0.0,0.0,5.0,0.0,negative,47.82249923
47.82249923,0.0,0.0,0.0,0.0,1.0,0.0,negative,47.74857283
47.74857283,0.0,0.0,0.984723687171936,0.0,1.0,1.0,negative,47.07448585
47.07448585,0.0,0.0,0.0,0.0,2.0,0.0,negative,47.01926234
47.01926234,0.0,0.944853663444519,0.0,0.0,2.0,1.0,positive,47.10764664
47.10764664,0.0,0.0,0.0,0.0,1.0,0.0,positive,47.50359178
47.50359178,0.9215126633644104,0.0,0.0,0.0,4.0,0.0,negative,47.4581657911
47.4581657911,0.7130438089370728,0.0,0.0,0.0,3.0,0.0,positive,47.56209862
47.56209862,0.8584986925125122,0.0,0.0,0.0,3.0,0.0,positive,47.63987891
47.63987891,0.9040858745574952,0.7323818206787109,0.0,0.0,4.0,2.0,positive,47.66822593
47.66822593,0.0,1.5595114827156067,0.0,0.0,6.0,2.0,positive,47.72749744
47.72749744,1.7930340766906738,0.8193963170051575,1.9038549661636357,0.0,5.0,1.0,negative,47.68425156
47.68425156,0.0,0.0,0.0,0.0,1.0,2.0,negative,47.31123485
47.31123485,0.7310076951980591,0.0,0.7714026570320129,0.0,2.0,1.0,positive,47.4382988696
47.4382988696,0.0,0.8320277333259583,0.0,0.7714844942092896,1.0,2.0,positive,47.44001752
47.44001752,1.6870720982551577,0.7918303608894348,0.0,0.0,6.0,2.0,positive,47.6119964783
47.6119964783,0.0,0.0,1.6026381850242617,0.0,4.0,0.0,positive,47.637595
47.637595,0.0,0.0,0.0,0.0,3.0,0.0,positive,47.6835101355
47.6835101355,0.0,0.0,0.0,0.0,1.0,0.0,positive,47.82537613
47.82537613,0.0,2.690936982631684,0.0,0.0,2.0,3.0,negative,47.75990696
47.75990696,0.0,0.7203091382980347,0.0,0.0,0.0,1.0,negative,47.59637056
47.59637056,0.8132652640342712,0.0,0.0,0.0,1.0,2.0,negative,47.56400036
47.56400036,0.0,0.0,0.0,0.0,1.0,0.0,positive,47.72375205
47.72375205,0.0,0.0,0.0,0.0,1.0,1.0,negative,47.65544657
47.65544657,0.0,0.0,0.0,0.0,0.0,0.0,negative,47.52988041
47.52988041,0.0,3.2040225863456726,0.0,0.8346526026725769,0.0,6.0,positive,47.87127689
47.87127689,0.0,1.6997594833374023,0.0,0.0,0.0,2.0,negative,47.73039296
47.73039296,0.0,0.0,0.0,0.0,2.0,2.0,negative,47.5487632
47.5487632,0.0,0.8167294859886169,0.0,0.0,0.0,2.0,negative,47.32499089
47.32499089,0.0,0.0,0.0,0.0,0.0,2.0,negative,47.1525322204
47.1525322204,0.0,0.723242998123169,0.0,0.0,0.0,2.0,positive,47.31092161
47.31092161,0.0,0.0,0.0,0.0,0.0,0.0,negative,47.15290688
47.15290688,0.0,0.0,0.9403673410415648,0.0,1.0,0.0,negative,47.1118309069
47.1118309069,0.0,0.0,0.0,0.0,0.0,3.0,positive,47.40684748
47.40684748,0.0,0.0,0.0,0.0,1.0,1.0,positive,47.41597108
47.41597108,0.7139123678207397,0.0,0.0,0.0,2.0,0.0,positive,47.5029058
47.5029058,0.8376632928848267,1.509856939315796,0.7902799248695374,0.0,3.0,3.0,negative,47.30370387
47.30370387,0.0,0.0,0.8063454031944275,0.0,4.0,2.0,negative,47.21723528
47.21723528,0.0,0.7278535962104797,0.8115196228027344,0.0,4.0,2.0,negative,46.97342379
46.97342379,0.0,0.0,0.0,0.0,1.0,0.0,positive,47.08163367
47.08163367,0.0,0.0,0.0,0.0,0.0,0.0,negative,47.05314611
47.05314611,0.0,0.0,0.0,0.0,2.0,1.0,negative,46.86870046
46.86870046,0.0,0.0,0.9407241344451904,0.0,2.0,1.0,negative,46.67323785
46.67323785,0.7881173491477966,0.7667431235313416,0.0,0.0,2.0,1.0,negative,46.6170946153
46.6170946153,0.0,0.0,0.0,0.0,3.0,0.0,negative,46.598886156
46.598886156,0.0,0.0,0.7550433874130249,0.0,4.0,1.0,negative,46.5309869564
46.5309869564,0.7966094613075256,0.0,0.0,0.0,1.0,0.0,positive,46.76093
46.76093,0.9713637232780457,0.0,1.6011701226234436,0.0,5.0,0.0,negative,46.7379867773
46.7379867773,0.0,0.0,0.0,0.0,1.0,0.0,positive,46.7724543149
46.7724543149,0.8073848485946655,0.0,0.0,0.0,5.0,1.0,negative,46.6377812685
46.6377812685,0.0,0.0,0.8604134917259216,0.0,6.0,0.0,positive,47.1393539494
47.1393539494,0.7209432721138,0.0,0.9396240711212158,0.0,5.0,0.0,negative,47.13913546
47.13913546,5.316145122051239,0.0,0.0,0.0,8.0,0.0,negative,47.05724628
47.05724628,0.0,0.0,0.0,0.0,3.0,0.0,positive,47.10110555
47.10110555,0.0,0.0,0.8089272379875183,0.0,3.0,0.0,negative,46.98347366
46.98347366,0.0,0.0,0.9317288994789124,0.0,5.0,0.0,positive,47.02563345
47.02563345,0.7334900498390198,0.0,0.0,0.0,4.0,1.0,positive,47.0519161618
47.0519161618,0.0,0.0,0.920461356639862,0.0,4.0,1.0,negative,46.52384155
46.52384155,0.0,0.0,0.0,0.0,2.0,2.0,positive,46.54110434
46.54110434,0.7185714840888977,0.0,0.9257540106773376,0.0,2.0,0.0,positive,46.62825668
46.62825668,0.7008325457572937,0.0,0.0,0.0,4.0,0.0,positive,46.6792496
46.6792496,0.8837904334068298,0.0,0.0,0.0,4.0,0.0,positive,46.72992318
46.72992318,0.0,0.0,0.0,0.0,1.0,0.0,positive,46.82124763
46.82124763,0.0,0.0,0.0,0.0,0.0,0.0,negative,46.77053812
46.77053812,0.0,0.0,0.0,0.0,2.0,0.0,negative,46.73195764
46.73195764,0.0,0.0,0.0,0.0,2.0,0.0,positive,46.82170967
46.82170967,0.0,0.0,0.0,0.0,0.0,0.0,negative,46.76955515
46.76955515,0.0,0.0,0.0,0.0,2.0,0.0,positive,46.80039479
46.80039479,0.7338618040084839,0.0,0.0,0.0,2.0,1.0,negative,46.7608196623
46.7608196623,0.7236955165863037,0.8383986949920654,0.0,0.0,1.0,2.0,negative,46.65780609
46.65780609,0.0,0.0,0.0,0.0,0.0,0.0,negative,46.5103842422
46.5103842422,0.0,0.0,0.0,0.0,2.0,0.0,positive,46.55790665
46.55790665,0.0,0.0,0.0,0.0,0.0,0.0,negative,46.54487755
46.54487755,0.0,0.0,0.0,0.0,0.0,0.0,negative,46.45831255
46.45831255,0.0,0.0,0.993091881275177,0.0,1.0,0.0,negative,46.3845847384
46.3845847384,0.0,0.0,0.0,0.0,2.0,0.0,negative,46.25615893
46.25615893,0.0,0.0,0.0,0.0,0.0,0.0,positive,46.27787695
46.27787695,0.0,0.0,0.0,0.0,0.0,0.0,negative,46.1018643
46.1018643,0.0,0.0,0.0,0.0,0.0,0.0,negative,45.6073719701
45.6073719701,0.0,0.0,0.0,0.0,0.0,0.0,negative,45.5855170067
45.5855170067,0.0,0.0,0.0,0.0,0.0,1.0,positive,45.82570494
45.82570494,0.0,0.0,0.0,0.0,0.0,1.0,negative,45.68783845
45.68783845,0.0,0.0,0.0,0.0,1.0,0.0,positive,45.87589752
45.87589752,0.0,0.0,0.0,0.0,0.0,0.0,positive,45.9541809
45.9541809,0.0,0.7357544302940369,0.0,0.0,0.0,1.0,positive,46.54029488
46.54029488,0.0,0.0,0.0,0.0,1.0,0.0,positive,46.825634016
46.825634016,0.0,0.0,1.6934384107589722,0.0,3.0,0.0,negative,46.60513374
46.60513374,0.0,0.7029946446418762,1.6312597393989563,0.0,5.0,2.0,negative,46.54490965
46.54490965,0.7295427322387695,0.0,0.7666727304458618,0.0,6.0,0.0,positive,46.66800204
46.66800204,0.0,0.0,0.0,0.0,4.0,0.0,negative,46.49273961
46.49273961,1.472117006778717,0.0,1.8704548478126528,0.0,6.0,0.0,positive,46.69496329
46.69496329,0.0,0.0,0.0,0.0,6.0,0.0,positive,46.74416844
46.74416844,0.8218826651573181,0.0,0.0,0.0,2.0,0.0,positive,46.86646852
46.86646852,0.0,0.0,0.0,0.0,0.0,1.0,negative,46.7639232633
46.7639232633,0.0,0.0,0.0,0.0,2.0,2.0,negative,46.7624691
46.7624691,0.0,0.0,0.8386543989181519,0.0,3.0,0.0,negative,46.72117485
46.72117485,0.0,0.8010677099227905,0.0,0.7586538195610046,0.0,2.0,negative,46.71385089
46.71385089,0.0,0.0,0.0,0.0,2.0,0.0,negative,46.47958827
46.47958827,0.0,0.7686108946800232,0.7912142872810364,0.0,2.0,1.0,positive,46.59582686
46.59582686,0.0,0.8904783129692078,0.0,0.0,0.0,1.0,positive,46.6254106393
46.6254106393,0.0,0.7122954726219177,0.0,0.0,3.0,1.0,positive,46.631476496
46.631476496,0.7494184374809265,0.0,0.0,0.0,2.0,0.0,negative,46.5700373596
46.5700373596,0.0,0.0,0.0,0.0,2.0,0.0,negative,46.39651698
46.39651698,0.0,0.8870503902435303,0.0,0.0,0.0,1.0,negative,46.34437483
46.34437483,0.0,0.8797435760498047,0.0,0.0,2.0,1.0,negative,46.3048645002
46.3048645002,0.0,0.0,0.0,0.0,3.0,1.0,positive,46.30717119
46.30717119,0.8976932168006897,0.0,0.0,0.0,3.0,0.0,positive,46.3809085494
46.3809085494,0.0,0.7916520237922668,0.0,0.0,3.0,1.0,negative,46.31264067
46.31264067,0.0,0.0,0.0,0.0,0.0,0.0,positive,46.34276579
46.34276579,0.0,0.0,0.0,0.0,1.0,0.0,negative,46.24441848
46.24441848,0.7054570317268372,0.0,0.0,0.0,4.0,0.0,negative,46.24333827
46.24333827,0.0,0.8171294927597046,0.0,0.0,1.0,4.0,negative,46.0637593567
46.0637593567,1.4358602166175842,0.0,0.0,0.0,4.0,0.0,positive,46.471441879
46.471441879,0.7013795375823975,0.0,0.0,0.0,1.0,1.0,negative,46.20990568
46.20990568,0.0,0.0,0.0,0.0,1.0,0.0,negative,46.11322427
46.11322427,0.0,0.0,0.7067801356315613,0.0,1.0,0.0,positive,46.2115043
46.2115043,0.8804045915603638,0.0,0.0,0.0,2.0,0.0,negative,46.19027291
46.19027291,0.0,0.0,0.0,0.0,4.0,1.0,negative,46.16267031
46.16267031,1.6305447816848757,0.0,0.0,0.0,11.0,0.0,positive,46.24213016
46.24213016,0.0,0.0,0.0,0.0,1.0,0.0,positive,46.28684109
46.28684109,1.665741503238678,0.0,2.333314299583435,0.0,6.0,0.0,positive,46.2904861371
46.2904861371,0.0,0.0,1.658379077911377,0.0,3.0,0.0,positive,46.35277061
46.35277061,0.0,0.0,0.0,0.0,2.0,0.0,negative,46.17101099
46.17101099,0.0,0.0,0.0,0.0,1.0,0.0,negative,46.1506199707
46.1506199707,0.0,0.0,0.0,0.0,1.0,2.0,positive,46.22514711
46.22514711,0.0,0.0,0.7645974159240723,0.0,2.0,0.0,positive,46.4312374684
46.4312374684,1.611855447292328,0.0,0.9157937169075012,0.0,7.0,1.0,negative,46.3787857
46.3787857,0.7394232749938965,0.0,0.7672625184059143,0.0,8.0,0.0,negative,46.24101748
46.24101748,1.5038881301879885,0.7744921445846558,1.523917376995087,0.0,11.0,1.0,negative,46.2401672
46.2401672,1.6572503447532654,0.0,0.8011396527290344,0.0,8.0,1.0,negative,46.17594229
46.17594229,0.8470786213874817,0.0,0.9489147663116456,0.0,4.0,1.0,negative,46.1679151537
46.1679151537,1.421799719333649,0.0,0.724202573299408,0.0,7.0,0.0,negative,46.10351253
46.10351253,1.6416223049163818,0.0,0.710183322429657,0.0,8.0,0.0,negative,45.7947214
45.7947214,1.5113856196403503,0.0,0.763459324836731,0.0,8.0,0.0,positive,45.8380724798
45.8380724798,0.7001772522926331,0.0,0.0,0.0,2.0,0.0,positive,45.96913768
45.96913768,1.6937561631202698,0.0,2.229026019573212,0.0,12.0,0.0,positive,46.08286549
46.08286549,0.7183727025985718,0.0,1.6084696054458618,0.0,8.0,0.0,negative,46.06941413
46.06941413,0.0,0.0,0.0,0.0,2.0,0.0,negative,46.03984872
46.03984872,0.0,0.0,0.0,0.0,2.0,0.0,positive,46.17640352
46.17640352,0.0,0.0,0.0,0.0,1.0,0.0,negative,46.15991524
46.15991524,0.7476538419723511,0.0,0.0,0.0,2.0,0.0,negative,46.09852984
46.09852984,0.9250038862228394,0.0,0.8121596574783325,0.0,4.0,2.0,negative,45.99655228
45.99655228,0.0,0.0,0.8030337691307068,0.0,1.0,0.0,positive,46.38314471
46.38314471,0.0,0.0,0.0,0.0,0.0,1.0,negative,46.31251436
46.31251436,0.0,0.0,0.0,0.0,0.0,0.0,negative,46.20669601
46.20669601,0.0,0.7035884261131287,0.0,0.0,2.0,1.0,negative,46.07593735
46.07593735,0.0,0.0,0.0,0.0,1.0,0.0,negative,45.96801142
45.96801142,0.7686846852302551,0.0,0.0,0.0,4.0,0.0,positive,45.97395811
45.97395811,0.0,0.0,0.7029917240142822,0.0,1.0,0.0,negative,45.94955554
45.94955554,0.8380686640739441,0.7224425673484802,0.7536861300468445,0.0,7.0,1.0,negative,45.92806347
45.92806347,1.5380176305770874,0.0,0.9933775067329408,0.0,5.0,0.0,positive,46.42894215
46.42894215,0.7829031348228455,4.465000748634338,0.0,0.0,6.0,5.0,negative,46.2168254
46.2168254,0.0,0.0,2.34662127494812,0.0,5.0,0.0,positive,46.26972797
46.26972797,0.8361343741416931,0.0,0.0,0.0,2.0,1.0,positive,46.30503181
46.30503181,0.0,0.0,0.7946193218231201,0.0,5.0,0.0,positive,46.44643605
46.44643605,0.0,0.0,1.5982762575149536,0.0,6.0,0.0,negative,46.38643433
46.38643433,0.7445563673973083,0.0,0.0,0.0,5.0,0.0,positive,46.72722448
46.72722448,0.8404940366744995,0.0,0.8582162857055664,0.0,2.0,3.0,positive,46.76162084
46.76162084,0.0,0.0,0.0,0.0,4.0,1.0,negative,46.46152763
46.46152763,0.0,0.0,0.8153076767921448,0.0,2.0,0.0,positive,46.60124408
46.60124408,0.7361618280410767,0.0,0.0,0.7277301549911499,1.0,2.0,positive,46.67997596
46.67997596,0.7391451001167297,0.0,0.0,0.0,2.0,0.0,positive,46.7775092
46.7775092,0.0,0.0,0.0,0.0,0.0,0.0,positive,46.82076757
46.82076757,0.0,0.0,0.0,0.0,0.0,0.0,negative,46.78458146
46.78458146,0.0,0.0,0.0,0.0,2.0,1.0,negative,46.69754635
46.69754635,0.0,4.1750160455703735,0.0,0.0,2.0,10.0,positive,46.85542909
46.85542909,0.0,3.1792184114456177,0.0,0.7304114103317261,1.0,7.0,negative,46.67930387
46.67930387,0.0,0.0,0.0,0.9772381782531738,2.0,1.0,negative,46.38512695
46.38512695,0.0,0.0,0.0,0.9059292674064636,1.0,1.0,negative,46.34226135
46.34226135,0.0,0.0,0.0,0.0,1.0,1.0,positive,46.3631596
46.3631596,0.0,0.0,0.953914761543274,0.0,1.0,0.0,positive,46.42628092
46.42628092,0.0,0.800436794757843,0.0,0.0,0.0,1.0,negative,46.42499281
46.42499281,0.9009448885917664,0.0,0.0,0.0,3.0,2.0,positive,46.44018104
46.44018104,0.796754002571106,0.0,0.0,0.8003344535827637,2.0,2.0,negative,46.2530887
46.2530887,1.4987629055976868,1.67581707239151,0.0,0.0,5.0,4.0,negative,45.62198627
45.62198627,0.8568154573440552,0.9453128576278688,0.0,0.0,4.0,2.0,negative,45.51485137
45.51485137,0.9802063703536988,0.8113023042678833,0.9343374371528624,0.0,4.0,1.0,positive,45.5535733
45.5535733,0.7071225643157959,0.7761492133140564,0.0,0.0,8.0,3.0,negative,43.6053945
43.6053945,1.7692440152168274,0.0,0.0,0.0,3.0,0.0,positive,43.9861598
43.9861598,0.0,0.0,0.0,0.0,4.0,0.0,negative,43.85343791
43.85343791,2.42736279964447,0.0,0.0,0.0,3.0,0.0,negative,43.64458572
43.64458572,0.0,0.0,0.0,0.9832351207733154,1.0,1.0,positive,43.66268533
43.66268533,0.0,0.0,0.0,0.0,3.0,0.0,positive,43.84447039
43.84447039,0.0,0.0,0.0,0.0,3.0,0.0,negative,43.6281841357
43.6281841357,0.0,0.0,0.0,0.7597256302833557,1.0,1.0,negative,43.5007242977
43.5007242977,0.8976932168006897,0.0,0.0,0.0,2.0,0.0,positive,43.54840153
43.54840153,1.5290582180023191,0.0,1.6849095821380615,0.9803022146224976,4.0,1.0,positive,43.7568703
43.7568703,0.710329532623291,0.0,0.0,0.8929646611213684,3.0,1.0,negative,43.72444218
43.72444218,0.8823581337928772,0.0,0.0,0.0,1.0,0.0,positive,43.74732952
43.74732952,0.0,0.0,0.0,0.0,0.0,1.0,positive,43.77370063
43.77370063,0.0,0.0,0.0,0.0,0.0,0.0,positive,43.92748618
43.92748618,0.0,0.8255425095558167,0.0,0.0,1.0,1.0,positive,43.97763437
43.97763437,0.0,0.0,0.0,0.0,2.0,0.0,positive,44.28918359
44.28918359,0.7862467169761658,0.7514473795890808,0.0,0.0,1.0,1.0,positive,44.37827534
44.37827534,0.8980077505111694,0.7990503311157227,0.0,0.0,1.0,1.0,negative,44.263465
44.263465,0.0,0.0,0.0,0.0,0.0,0.0,positive,44.34344126
44.34344126,0.0,0.9012761116027832,0.0,0.0,0.0,1.0,positive,44.54862624
44.54862624,2.6071367859840398,0.0,0.0,0.0,3.0,0.0,positive,44.6437771
44.6437771,0.0,0.0,0.0,0.0,0.0,0.0,positive,45.09637452
45.09637452,0.0,0.0,0.0,0.7635151147842407,0.0,2.0,negative,44.8788827
44.8788827,0.7156897783279419,0.0,0.0,0.8558390140533447,2.0,1.0,positive,44.90782296
44.90782296,0.0,0.0,0.0,0.0,1.0,1.0,negative,44.75489942
44.75489942,0.0,0.0,0.0,0.0,2.0,0.0,negative,44.62953655
44.62953655,0.0,1.5779123902320862,0.0,0.0,2.0,2.0,positive,44.83768144
44.83768144,0.0,0.8412538766860962,1.5818832516670227,0.0,2.0,4.0,negative,44.78757822
44.78757822,0.0,1.7809438109397888,0.0,0.0,3.0,5.0,positive,44.84072353
44.84072353,0.8604320287704468,2.3656437397003174,0.0,0.9622799158096312,3.0,4.0,negative,44.81893745
44.81893745,0.7314144372940063,0.0,0.0,0.0,4.0,0.0,negative,44.75958275
44.75958275,1.5260016322135923,0.764165461063385,0.0,0.0,3.0,1.0,positive,44.82805407
44.82805407,0.0,0.7944963574409485,0.0,0.0,0.0,1.0,negative,44.66654403
44.66654403,0.0,0.0,1.7712163925170898,0.0,2.0,0.0,positive,44.7120505
44.7120505,0.0,0.7564027905464172,0.0,0.7776916027069092,1.0,2.0,positive,44.7589436655
44.7589436655,0.0,0.0,0.0,0.0,0.0,1.0,negative,44.60618884
44.60618884,3.4357191920280457,0.0,0.0,0.0,4.0,1.0,positive,44.62340284
44.62340284,0.0,0.8225595355033875,0.0,0.0,1.0,1.0,negative,44.61218228
44.61218228,0.0,0.7368493676185608,0.0,0.0,0.0,1.0,positive,44.66714524
44.66714524,0.0,0.0,0.0,0.0,1.0,0.0,positive,44.81312528
44.81312528,0.0,0.7932866215705872,0.9580383896827698,0.0,1.0,1.0,negative,44.79191583
44.79191583,0.0,0.0,0.0,0.0,1.0,0.0,positive,44.85600018
44.85600018,0.0,0.0,0.0,0.0,0.0,0.0,negative,44.79794526
44.79794526,2.5632576942443848,0.0,0.0,0.0,5.0,0.0,negative,44.76830289
44.76830289,1.4968810081481934,0.0,0.0,0.0,3.0,1.0,positive,44.84508064
44.84508064,0.0,0.0,0.0,0.7106059789657593,4.0,1.0,negative,44.78800933
44.78800933,0.0,0.0,0.0,0.0,1.0,1.0,positive,44.85455961
44.85455961,0.0,0.0,0.0,0.0,1.0,0.0,negative,44.80747494
44.80747494,0.0,0.0,0.0,0.0,1.0,1.0,positive,44.91275976
44.91275976,0.0,0.0,1.5651243925094604,0.0,2.0,2.0,positive,44.95157871
44.95157871,0.0,0.0,0.0,0.0,2.0,0.0,negative,44.90950956
44.90950956,0.0,0.0,0.0,0.0,1.0,0.0,negative,44.90826938
44.90826938,0.0,0.7992599606513977,0.0,0.0,2.0,1.0,negative,44.73401297
44.73401297,0.0,0.0,0.7433549165725708,0.0,2.0,1.0,positive,44.83548318
44.83548318,0.0,0.0,0.7547563910484314,0.0,3.0,0.0,positive,44.92317229
44.92317229,0.0,0.7312198877334595,0.0,0.0,1.0,1.0,positive,45.0945597
45.0945597,0.0,0.0,0.7394915819168091,0.0,1.0,0.0,negative,45.03897443
45.03897443,0.0,0.0,0.7002069354057312,0.0,1.0,0.0,negative,44.87248626
44.87248626,0.0,0.7476553916931152,1.6647399067878723,0.0,3.0,1.0,positive,44.8846424
44.8846424,0.0,0.0,0.0,0.0,0.0,0.0,negative,44.78862173
44.78862173,2.5047619342803955,0.0,0.0,0.0,4.0,1.0,negative,44.76377697
44.76377697,0.7042858600616455,0.7526814937591553,0.0,0.0,2.0,1.0,negative,44.62092157
44.62092157,0.9431080222129822,0.0,0.0,0.0,2.0,1.0,negative,44.4639181
44.4639181,0.0,0.855410099029541,0.0,0.0,4.0,1.0,negative,44.32517314
44.32517314,0.0,0.0,0.0,0.0,0.0,3.0,positive,44.61012979
44.61012979,0.8749036192893982,0.0,0.0,0.0,3.0,2.0,negative,44.48787839
44.48787839,0.0,0.0,0.0,0.0,0.0,0.0,positive,44.58807081
44.58807081,0.0,0.0,0.0,0.0,1.0,0.0,positive,44.59793536
44.59793536,0.0,0.0,0.0,0.0,0.0,0.0,negative,44.48499084
44.48499084,0.0,0.0,0.9916292428970336,0.839184045791626,3.0,1.0,positive,44.58660702
44.58660702,0.0,0.0,0.0,0.0,1.0,1.0,negative,44.21412138
44.21412138,0.0,0.0,0.0,0.0,0.0,5.0,positive,44.55547726
44.55547726,0.844322919845581,0.0,0.0,0.0,1.0,1.0,negative,44.41520694
44.41520694,0.0,0.0,0.0,0.0,0.0,0.0,negative,44.38064846
44.38064846,0.0,0.7041884660720825,0.0,0.0,0.0,1.0,negative,44.26678608
44.26678608,0.0,0.0,0.0,0.0,2.0,0.0,positive,44.3261498
44.3261498,0.0,0.0,0.0,0.0,0.0,0.0,negative,44.28865513
44.28865513,0.0,0.0,0.0,0.0,1.0,0.0,negative,44.06206674
44.06206674,0.0,0.0,0.7889969944953918,0.0,2.0,0.0,negative,44.01268286
44.01268286,0.0,0.0,0.0,0.0,0.0,0.0,positive,44.08452628
44.08452628,0.0,0.0,0.0,0.0,1.0,0.0,positive,44.1280917907
44.1280917907,0.0,0.0,0.0,0.0,4.0,0.0,negative,43.82506678
43.82506678,0.7673212289810181,0.0,0.0,0.0,4.0,0.0,negative,43.50130938
43.50130938,1.702126681804657,0.0,0.0,0.0,6.0,0.0,negative,43.11713831
43.11713831,1.7224392890930176,0.0,0.0,0.0,5.0,2.0,positive,43.19922401
43.19922401,0.0,0.8409135937690735,0.0,0.0,4.0,2.0,negative,42.3440368254
42.3440368254,0.0,0.0,0.8060895204544067,0.8564404845237732,7.0,2.0,positive,42.36558915
42.36558915,0.0,0.0,3.3730834126472478,0.0,8.0,0.0,positive,42.74534643
42.74534643,0.0,0.0,0.0,0.0,2.0,0.0,positive,42.86149732
42.86149732,0.0,0.0,0.0,0.0,0.0,0.0,positive,42.89697347
42.89697347,0.9047412276268004,0.7278856039047241,0.0,0.0,4.0,1.0,negative,42.86290979
42.86290979,1.6824926137924194,0.0,0.0,0.0,2.0,0.0,positive,42.97430089
42.97430089,0.9050893187522888,0.7021559476852417,0.0,0.0,1.0,2.0,negative,42.91637539
42.91637539,0.0,0.0,0.0,0.0,2.0,0.0,positive,43.1405899
43.1405899,0.7763175964355469,0.8655856847763062,0.0,0.0,2.0,1.0,positive,43.24184639
43.24184639,0.8216943740844727,0.0,0.8292302489280701,0.0,4.0,1.0,positive,43.55937045
43.55937045,0.0,0.0,0.0,0.0,2.0,1.0,positive,43.78826258
43.78826258,0.0,0.8229033350944519,0.0,0.0,2.0,2.0,negative,43.73674129
43.73674129,0.0,0.7077711224555969,0.0,0.0,2.0,2.0,positive,43.99328146
43.99328146,0.8613384962081909,0.0,0.7094548344612122,0.9015843868255616,4.0,1.0,negative,43.97959294
43.97959294,0.0,0.0,0.0,0.0,0.0,0.0,positive,44.0739246
44.0739246,0.9303357005119324,0.0,0.0,0.0,1.0,0.0,negative,43.94148111
43.94148111,0.0,0.7203991413116455,0.0,0.0,0.0,2.0,negative,43.92562183
43.92562183,0.0,1.706921637058258,0.7602701783180237,0.0,1.0,5.0,negative,43.91429476
43.91429476,0.0,0.0,0.0,0.7380383014678955,0.0,2.0,negative,43.88491094
43.88491094,0.0,0.0,0.0,0.7561356425285339,1.0,1.0,negative,43.77049619
43.77049619,0.9165884852409364,1.4465253949165344,1.5781280994415283,0.9579205513000488,3.0,4.0,positive,43.88813886
43.88813886,0.0,0.0,0.0,0.0,0.0,1.0,positive,44.13870416
44.13870416,0.0,0.7729893922805786,0.0,0.760850727558136,0.0,3.0,negative,44.02224421
44.02224421,0.0,0.0,0.0,0.0,0.0,0.0,positive,44.06254367
44.06254367,0.0,0.0,0.0,0.0,0.0,0.0,negative,43.79819986
43.79819986,0.0,0.0,0.0,0.0,0.0,1.0,negative,43.76765851
43.76765851,0.9645153880119324,0.0,0.0,0.0,2.0,0.0,negative,43.65477423
43.65477423,0.8155025839805603,0.7088540196418762,0.0,0.0,1.0,1.0,positive,43.75619794
43.75619794,0.0,0.0,0.0,0.0,1.0,0.0,positive,43.93211777
43.93211777,0.0,0.0,0.0,0.0,1.0,0.0,negative,43.90572837
43.90572837,0.0,0.0,0.0,0.0,0.0,0.0,positive,43.95210417
43.95210417,0.0,0.0,0.0,0.0,0.0,0.0,negative,43.78604531
43.78604531,0.0,0.0,0.0,0.7303199768066406,0.0,2.0,negative,43.6041522
43.6041522,0.8300021290779114,0.890839695930481,0.0,0.0,3.0,1.0,positive,43.66244944
43.66244944,0.7388678789138794,0.0,0.0,4.05420047044754,1.0,12.0,negative,43.58475136
43.58475136,0.0,0.0,0.0,0.0,0.0,0.0,positive,43.62518962
43.62518962,0.8476763963699341,0.726889967918396,0.0,0.0,2.0,3.0,positive,43.68363437
43.68363437,0.0,10.070333182811735,0.0,0.9558625817298888,0.0,14.0,negative,43.64758236
43.64758236,0.0,1.5679919719696045,0.0,0.0,2.0,3.0,positive,43.69307099
43.69307099,0.8976932168006897,0.0,0.8957861661911011,0.0,3.0,0.0,positive,43.78464322
43.78464322,0.0,0.0,0.8323521614074707,0.0,4.0,0.0,positive,43.85595454
43.85595454,0.0,0.0,0.0,0.0,2.0,2.0,positive,43.87725723
43.87725723,0.0,0.0,0.0,0.0,2.0,1.0,negative,43.7526103139
43.7526103139,0.0,0.0,0.0,0.0,2.0,0.0,negative,43.5666021
43.5666021,0.0,0.0,0.0,0.0,2.0,0.0,negative,43.5613601818
43.5613601818,0.0,0.0,0.0,0.0,0.0,0.0,positive,43.84820762
43.84820762,0.0,0.0,0.0,0.0,1.0,1.0,positive,44.03605945
44.03605945,0.0,0.9248562455177308,0.0,0.0,1.0,2.0,negative,44.02315695
44.02315695,0.7038249373435974,0.8895447850227356,0.0,0.0,3.0,1.0,positive,44.63573345
44.63573345,0.7062672972679138,0.0,0.0,0.0,2.0,1.0,positive,44.7785089985
44.7785089985,0.0,0.0,0.9039764404296876,0.0,2.0,0.0,negative,44.61129177
44.61129177,2.408082664012909,0.0,0.835332453250885,0.0,6.0,0.0,negative,44.417187
44.417187,0.0,0.0,1.611510455608368,0.0,3.0,1.0,negative,44.37466083
44.37466083,0.7814208269119263,0.0,0.0,0.0,1.0,0.0,positive,44.52316482
44.52316482,1.877642810344696,0.7855088114738464,0.0,0.0,2.0,3.0,positive,44.55543013
44.55543013,0.0,1.574423849582672,0.0,0.0,1.0,2.0,negative,44.44075844
44.44075844,0.0,0.7999588847160339,0.8254616260528564,0.7172194719314575,4.0,4.0,negative,44.22143388
44.22143388,0.8358718752861023,2.320098042488098,0.7791287899017334,0.0,9.0,4.0,positive,44.23405005
44.23405005,0.0,1.6479429602622986,0.7957281470298767,0.0,3.0,6.0,negative,43.90224022
43.90224022,0.0,0.0,0.0,0.0,0.0,0.0,positive,43.98303991
43.98303991,0.0,0.0,0.0,0.0,2.0,0.0,negative,43.93607018
43.93607018,2.5596521496772766,0.0,0.7481318116188049,0.0,7.0,0.0,negative,43.62698256
43.62698256,0.0,0.0,0.0,0.0,4.0,1.0,positive,43.6985826
43.6985826,0.0,0.0,0.7676737904548645,0.0,1.0,0.0,positive,43.95223918
43.95223918,2.603348135948181,0.0,0.0,0.0,4.0,0.0,positive,43.97031192
43.97031192,0.0,0.0,0.0,0.0,0.0,0.0,positive,44.03235715
44.03235715,0.0,0.0,0.0,0.0,2.0,0.0,negative,43.98065373
43.98065373,0.8424882888793945,2.3212409615516663,0.0,0.0,4.0,4.0,positive,44.01654073
44.01654073,0.0,0.0,0.0,0.0,2.0,1.0,negative,43.95715682
43.95715682,1.4760324954986572,0.7125195860862732,0.0,0.0,3.0,1.0,positive,44.01168227
44.01168227,1.584300875663757,0.9768139719963074,1.5819849967956543,0.0,5.0,2.0,negative,43.96584064
43.96584064,0.8913652896881104,4.930477619171143,0.0,0.0,1.0,6.0,negative,43.7795062341
43.7795062341,0.7610557079315186,0.0,1.567380964756012,0.0,3.0,1.0,negative,43.73207429
43.73207429,0.0,0.0,0.0,0.0,2.0,0.0,negative,43.67608466
43.67608466,0.0,0.0,0.0,0.0,0.0,0.0,positive,43.74296746
43.74296746,0.0,2.718865752220154,0.7277112007141113,0.0,1.0,3.0,negative,43.73485416
43.73485416,0.0,0.0,0.0,0.0,1.0,1.0,positive,43.85042083
43.85042083,0.8121930360794067,0.9947945475578308,0.0,0.0,1.0,1.0,negative,43.78363431
43.78363431,0.0,0.0,0.9520078897476196,0.0,3.0,0.0,positive,43.83977472
43.83977472,0.0,0.0,0.9110449552536012,0.0,2.0,0.0,negative,43.59740966
43.59740966,0.0,0.0,0.0,0.0,3.0,0.0,positive,43.6572436
43.6572436,0.0,0.0,0.0,0.0,2.0,0.0,negative,43.47842492
43.47842492,0.0,0.0,0.0,0.0,1.0,1.0,positive,43.5599742
43.5599742,1.608425498008728,0.8232303261756897,1.691813826560974,0.0,8.0,1.0,positive,43.6128415138
43.6128415138,0.0,0.0,0.0,0.0,4.0,0.0,positive,43.720401
43.720401,1.583388864994049,0.7708553075790405,0.0,0.0,2.0,1.0,negative,43.60966365
43.60966365,0.700089693069458,0.0,0.0,0.0,2.0,0.0,negative,43.21583005
43.21583005,0.764011025428772,0.0,0.0,0.0,1.0,0.0,positive,43.42119015
43.42119015,0.0,1.52004474401474,0.0,0.0,0.0,2.0,positive,43.52835119
43.52835119,0.0,1.6870062351226809,0.788311243057251,0.0,3.0,2.0,positive,43.56013067
43.56013067,0.9324219822883606,0.0,0.0,0.0,2.0,0.0,negative,43.3979468341
43.3979468341,0.0,0.8767219185829163,0.0,0.0,1.0,1.0,negative,43.26459257
43.26459257,3.3211822509765625,0.0,0.0,0.0,6.0,0.0,negative,43.21919858
43.21919858,0.0,0.0,0.0,0.0,0.0,1.0,negative,43.10967759
43.10967759,0.0,0.0,0.0,0.0,1.0,3.0,positive,43.18422102
43.18422102,0.0,0.0,0.0,0.0,2.0,1.0,positive,43.2808089
43.2808089,0.0,0.0,0.0,0.0,4.0,0.0,negative,43.23526084
43.23526084,0.0,0.0,0.0,0.0,4.0,1.0,negative,43.1343296854
43.1343296854,0.7368586659431458,0.0,0.0,0.0,3.0,0.0,positive,43.26218407
43.26218407,0.0,0.7587598562240601,0.0,0.0,1.0,1.0,positive,43.45837304
43.45837304,0.0,0.0,0.0,0.0,0.0,1.0,positive,43.55974585
43.55974585,0.0,0.0,0.0,0.0,0.0,0.0,positive,43.57310908
43.57310908,0.0,0.0,0.0,0.0,2.0,0.0,negative,43.46489011
43.46489011,0.8887500762939453,0.0,0.0,0.0,2.0,1.0,negative,43.4502775091
43.4502775091,0.0,0.7263420820236206,0.0,0.0,2.0,1.0,negative,43.3995704234
43.3995704234,0.7208071351051331,5.078729867935181,0.0,0.0,1.0,7.0,positive,43.4089995055
43.4089995055,0.850817859172821,0.0,0.8352931141853333,0.0,2.0,1.0,negative,43.3777263876
43.3777263876,0.0,0.0,1.813614547252655,0.0,2.0,0.0,negative,43.21413641
43.21413641,0.7159410119056702,0.0,0.7040973901748657,0.0,3.0,1.0,negative,43.07352985
43.07352985,0.0,0.0,1.6734269261360168,0.0,4.0,0.0,negative,43.02583777
43.02583777,0.0,0.0,0.0,0.0,3.0,0.0,positive,43.07692464
43.07692464,0.0,0.0,0.0,0.0,2.0,0.0,negative,42.89939838
42.89939838,0.0,0.0,0.0,0.0,1.0,1.0,positive,42.90262229
42.90262229,1.817841351032257,0.0,0.7948881983757019,0.0,5.0,0.0,negative,42.67983406
42.67983406,0.0,0.0,0.0,0.0,1.0,0.0,positive,42.77507629
42.77507629,0.0,0.9280771017074584,0.0,0.0,0.0,1.0,positive,42.8878091
42.8878091,0.7439459562301636,0.0,0.7581909894943237,0.0,5.0,0.0,negative,42.82716178
42.82716178,1.6578919887542725,0.0,0.87855464220047,0.0,11.0,0.0,positive,42.940871
42.940871,0.8980496525764465,0.0,0.8197330832481384,0.0,4.0,2.0,positive,43.15026099
43.15026099,0.907021164894104,0.0,0.0,0.0,3.0,0.0,negative,43.14205814
43.14205814,0.8182201981544495,0.0,0.0,0.0,1.0,0.0,positive,43.2692250508
43.2692250508,0.0,0.0,0.0,0.0,0.0,1.0,negative,43.15335326
43.15335326,0.0,0.0,0.9592034220695496,0.0,2.0,0.0,negative,42.982582238
42.982582238,0.7236578464508057,0.7618460059165955,0.0,0.0,1.0,1.0,positive,42.9927760326
42.9927760326,0.0,0.0,0.0,0.0,0.0,1.0,negative,42.95005931
42.95005931,0.0,0.0,0.0,0.0,1.0,0.0,positive,42.9687607
42.9687607,0.0,0.0,0.8070319294929504,0.0,1.0,1.0,positive,43.02552331
43.02552331,0.0,0.0,0.0,0.0,1.0,0.0,negative,42.9378016
42.9378016,0.8976932168006897,0.0,0.0,0.0,2.0,0.0,negative,42.89975583
42.89975583,0.0,0.0,0.8426814079284668,0.0,1.0,1.0,positive,42.98314977
42.98314977,0.0,0.0,0.0,0.0,0.0,1.0,negative,42.78396379
42.78396379,1.59393572807312,0.0,0.0,0.0,2.0,0.0,positive,42.9929529
42.9929529,0.0,0.0,0.0,0.0,0.0,1.0,negative,42.94541971
42.94541971,0.0,0.0,0.0,0.0,1.0,0.0,positive,42.9520716977
42.9520716977,0.8185665011405945,0.0,0.0,0.0,5.0,0.0,positive,43.2341285164
43.2341285164,0.0,0.7991005778312683,0.7796462178230286,0.0,5.0,1.0,positive,43.28247658
43.28247658,0.0,0.0,0.0,0.0,2.0,0.0,positive,43.52881622
43.52881622,0.8885547518730164,0.0,0.0,0.0,1.0,0.0,negative,43.3468149
43.3468149,1.6601064205169678,0.0,0.0,0.0,9.0,0.0,positive,43.42094395
43.42094395,2.3664198517799377,0.0,0.7981346249580383,0.7515589594841003,5.0,4.0,positive,43.60595871
43.60595871,0.0,0.0,0.0,0.0,2.0,0.0,negative,43.52571166
43.52571166,0.0,0.0,0.0,0.0,0.0,0.0,negative,43.51365867
43.51365867,0.8775875568389893,0.0,0.0,0.0,2.0,1.0,positive,43.5453024091
43.5453024091,0.0,0.0,0.0,0.0,3.0,1.0,negative,43.4441319204
43.4441319204,0.0,0.9090222716331482,0.8782438039779663,0.0,2.0,1.0,negative,43.4097957
43.4097957,1.8540562987327576,0.0,0.0,0.0,3.0,0.0,positive,43.48247834
43.48247834,0.9045857191085817,0.0,0.0,0.0,1.0,0.0,negative,43.46472336
43.46472336,0.8624319434165955,0.0,0.0,0.0,2.0,0.0,positive,43.53078043
43.53078043,0.0,0.0,0.0,0.0,1.0,1.0,negative,43.31453258
43.31453258,1.7287611365318298,0.0,0.0,0.0,2.0,0.0,positive,43.37207073
43.37207073,0.0,0.0,0.0,0.0,0.0,0.0,negative,43.32778433
43.32778433,0.0,1.7006704211235046,0.0,0.0,0.0,3.0,negative,43.2711951457
43.2711951457,0.0,1.717946469783783,0.0,0.0,0.0,4.0,positive,43.35294027
43.35294027,0.0,0.7487533688545227,0.0,0.0,0.0,1.0,positive,43.4438361
43.4438361,0.0,0.0,0.7182536721229553,0.7171464562416077,1.0,3.0,negative,43.37971015
43.37971015,0.0,0.0,0.0,0.0,3.0,0.0,negative,43.23172103
43.23172103,0.0,0.0,0.0,0.0,1.0,0.0,negative,43.18240191
43.18240191,0.8421508073806763,0.0,0.8154551386833191,0.0,3.0,0.0,positive,43.27449611
43.27449611,0.0,0.0,0.7211579084396362,0.0,1.0,0.0,negative,43.14061051
43.14061051,0.0,0.0,0.0,0.0,0.0,1.0,positive,43.2215691254
43.2215691254,0.7254866361618042,0.0,0.8783249258995056,0.0,2.0,0.0,negative,43.0686191295
43.0686191295,0.0,0.0,0.8153259754180908,0.0,2.0,0.0,positive,43.08744304
43.08744304,0.0,0.8409135937690735,0.0,0.0,1.0,1.0,positive,43.18146998
43.18146998,0.0,0.0,0.0,0.0,1.0,0.0,positive,43.41431906
43.41431906,0.0,2.4061227440834045,0.0,0.0,0.0,5.0,positive,43.49572452
43.49572452,0.0,0.0,0.0,0.7274631857872009,0.0,1.0,positive,43.50882096
43.50882096,0.0,2.174026668071747,0.0,0.0,1.0,5.0,positive,43.64386075
43.64386075,0.0,0.0,0.0,0.0,1.0,1.0,positive,43.68013296
43.68013296,0.0,0.0,0.0,0.0,1.0,0.0,negative,43.5441818684
43.5441818684,0.0,0.7369997501373291,0.0,0.735629141330719,1.0,2.0,negative,43.435064001
43.435064001,0.872896671295166,0.0,0.0,0.0,1.0,0.0,positive,43.48563282
43.48563282,0.0,2.396488845348358,0.0,0.0,0.0,4.0,positive,43.54137042
43.54137042,0.0,0.7357093095779419,0.8525645732879639,0.0,1.0,1.0,positive,43.6170170835
43.6170170835,0.0,0.8615214228630066,0.760581374168396,0.0,1.0,1.0,negative,43.5939166476
43.5939166476,0.0,0.0,0.7072726488113403,0.0,1.0,0.0,positive,43.77857307
43.77857307,0.0,0.0,0.7254208326339722,0.0,1.0,0.0,positive,43.8355228565
43.8355228565,0.0,0.0,0.0,0.0,2.0,0.0,negative,43.6785362994
43.6785362994,0.8070597052574158,0.0,0.7466186881065369,0.0,3.0,1.0,negative,43.62503279
43.62503279,0.0,3.821457087993622,0.0,0.0,0.0,6.0,positive,44.0268118678
44.0268118678,0.8178873062133789,0.8634111285209656,0.0,0.0,2.0,1.0,positive,44.14366727
44.14366727,0.0,0.0,0.0,0.0,0.0,0.0,negative,44.10387065
44.10387065,0.0,0.9541480541229248,0.0,0.0,2.0,1.0,negative,44.06868245
44.06868245,0.0,2.9654733538627625,0.0,0.0,2.0,5.0,positive,44.15062704
44.15062704,0.0,1.5444751381874084,0.9004796743392944,0.0,2.0,2.0,positive,44.33644144
44.33644144,0.0,0.0,0.0,0.0,0.0,1.0,negative,44.29223143
44.29223143,0.0,0.0,0.0,0.0,2.0,0.0,negative,44.188004
44.188004,0.7198220491409302,0.0,0.0,0.0,1.0,0.0,negative,44.11779846
44.11779846,0.0,0.7664926648139954,0.0,0.0,0.0,3.0,negative,43.65548008
43.65548008,0.0,0.0,0.0,0.0,0.0,0.0,positive,43.85014171
43.85014171,0.0,0.7198697924613953,0.0,0.0,0.0,1.0,positive,43.9114200762
43.9114200762,0.0,2.4174662232398987,0.0,0.0,1.0,5.0,negative,43.90192426
43.90192426,0.0,0.7349840402603149,0.0,0.0,0.0,1.0,negative,43.84017467
43.84017467,0.0,0.9352155327796936,0.0,0.0,0.0,1.0,negative,43.77461212
43.77461212,0.7042381763458252,0.0,0.0,0.0,1.0,0.0,positive,44.05834888
44.05834888,0.0,2.3788711428642277,0.0,0.0,0.0,4.0,negative,43.93009051
43.93009051,0.8976932168006897,0.0,0.0,0.0,2.0,0.0,negative,43.87221084
43.87221084,0.0,0.0,0.0,0.0,0.0,1.0,negative,43.83641769
43.83641769,0.0,0.0,0.0,0.0,0.0,0.0,positive,43.94932437
43.94932437,0.0,0.0,0.0,0.0,0.0,0.0,positive,43.9842809
43.9842809,0.0,7.706544637680054,1.7294406294822693,0.0,2.0,10.0,positive,44.04559056
44.04559056,0.7523789405822754,1.6170390844345093,0.0,0.0,1.0,2.0,positive,44.18031118
44.18031118,0.7140190601348877,0.0,0.0,0.8582501411437988,2.0,2.0,negative,44.17290058
44.17290058,0.8616657257080078,3.807006180286408,0.0,0.0,1.0,6.0,negative,44.12199713
44.12199713,0.0,0.8206104040145874,0.0,0.0,2.0,1.0,positive,44.22297758
44.22297758,0.0,0.0,0.9833871126174928,0.0,1.0,1.0,negative,44.20478016
44.20478016,0.0,0.0,0.0,0.0,0.0,0.0,negative,44.15978752
44.15978752,0.0,0.7403371334075928,2.3898813724517822,0.0,6.0,1.0,negative,44.09211836
44.09211836,0.8270156979560852,0.0,0.7191217541694641,0.0,6.0,0.0,positive,44.24364699
44.24364699,0.939925491809845,1.4961282014846802,1.799716830253601,0.0,7.0,2.0,negative,44.13337466
44.13337466,0.8512973189353943,0.8933563232421875,1.65931636095047,0.0,7.0,1.0,positive,44.17927958
44.17927958,0.8300536274909973,0.0,0.9511221647262572,0.0,5.0,0.0,positive,44.23041613
44.23041613,0.7659789323806763,0.0,0.0,0.0,4.0,0.0,positive,44.3378039
44.3378039,0.0,0.0,0.0,0.0,3.0,0.0,positive,44.34833502
44.34833502,0.0,0.0,0.0,0.0,0.0,0.0,negative,44.30878189
44.30878189,3.3578553795814514,0.7016239762306213,1.841321051120758,0.0,10.0,2.0,positive,44.45095806
44.45095806,0.0,0.0,0.8599605560302734,0.0,1.0,1.0,negative,44.41459605
44.41459605,0.0,0.0,0.810386061668396,0.0,2.0,1.0,positive,44.51270379
44.51270379,0.0,0.0,0.0,0.0,0.0,0.0,negative,43.746664402
43.746664402,0.0,0.0,0.0,0.0,0.0,1.0,negative,43.64496501
43.64496501,0.0,0.8511864542961121,0.0,0.0,0.0,1.0,negative,43.57580626
43.57580626,1.633798122406006,0.0,0.0,0.0,4.0,0.0,negative,43.1551202912
43.1551202912,2.3879825472831726,0.0,0.0,0.0,3.0,1.0,negative,43.03301232
43.03301232,0.7288854718208313,0.0,0.0,0.0,5.0,0.0,positive,43.18713491
43.18713491,1.564748466014862,0.0,0.0,0.0,4.0,1.0,positive,43.24410242
43.24410242,0.7031180262565613,0.7861585021018982,0.0,0.0,1.0,1.0,negative,43.0879187862
43.0879187862,0.0,0.0,0.0,0.0,2.0,1.0,negative,42.75772268
42.75772268,0.711849570274353,1.5262469053268433,0.733025074005127,0.0,8.0,3.0,positive,42.93285058
42.93285058,0.7390960454940796,0.7591634392738342,0.0,0.0,2.0,2.0,negative,42.92519772
42.92519772,0.0,0.0,0.7447392344474792,0.0,2.0,0.0,positive,42.98332254
42.98332254,0.0,0.0,1.6371275186538696,0.0,13.0,0.0,negative,42.8501819
42.8501819,0.0,0.0,0.0,0.0,1.0,0.0,positive,43.0364804
43.0364804,0.7257449626922607,0.0,0.7432137727737427,0.0,3.0,1.0,negative,42.8136345213
42.8136345213,3.110041916370392,0.0,0.0,0.0,5.0,0.0,positive,42.89226655
42.89226655,0.0,0.7314720749855042,0.0,0.0,2.0,2.0,negative,42.84382675
42.84382675,0.0,0.0,0.0,0.0,0.0,1.0,negative,42.8401431123
42.8401431123,0.0,0.0,0.0,0.0,1.0,0.0,positive,42.9641334
42.9641334,0.0,0.0,0.0,0.0,1.0,0.0,negative,42.89809553
42.89809553,0.0,0.0,0.0,0.0,0.0,2.0,negative,42.29799435
42.29799435,0.7992306351661682,0.0,0.7219479084014893,0.0,3.0,0.0,positive,42.3606185925
42.3606185925,0.0,0.0,0.0,0.0,1.0,0.0,positive,42.4216075211
42.4216075211,0.0,0.0,0.0,0.0,0.0,0.0,positive,42.6431433229
42.6431433229,0.0,0.0,0.0,0.0,2.0,1.0,negative,42.63721149
42.63721149,0.7230857014656067,0.0,0.0,0.0,1.0,1.0,positive,42.8754116035
42.8754116035,0.0,0.0,0.0,0.0,3.0,0.0,negative,42.8754116035
42.8754116035,0.0,0.0,0.0,0.0,0.0,1.0,negative,42.5499618153
42.5499618153,0.0,0.0,0.757447361946106,0.0,2.0,1.0,positive,42.6073996174
42.6073996174,0.0,0.0,0.0,0.0,1.0,0.0,negative,42.6073996174
42.6073996174,0.0,0.0,0.0,0.0,0.0,0.0,negative,42.6073996174
42.6073996174,1.4627618193626404,0.0,0.7702134251594543,0.0,5.0,0.0,positive,42.6418663637
42.6418663637,0.0,0.0,0.8177394866943359,0.0,4.0,0.0,positive,42.66658432
42.66658432,0.0,0.0,0.0,0.0,1.0,1.0,positive,42.84383538
42.84383538,3.6149688959121695,0.8043920397758484,0.0,0.0,4.0,1.0,negative,42.69141585
42.69141585,0.0,0.0,0.8157236576080322,0.0,2.0,0.0,positive,42.73248792
42.73248792,1.6129907369613647,0.0,0.8728663325309753,0.0,5.0,1.0,negative,42.70506228
42.70506228,0.0,0.0,0.0,0.0,1.0,0.0,positive,42.7361395324
42.7361395324,0.7756460905075073,0.0,0.0,0.0,4.0,0.0,positive,42.7740034
42.7740034,0.0,0.0,0.0,0.0,1.0,0.0,negative,42.6869932
42.6869932,0.0,0.0,0.0,0.0,1.0,0.0,negative,42.5643029462
42.5643029462,0.0,0.0,0.0,0.0,0.0,0.0,positive,42.74609443
42.74609443,0.9762906432151794,0.7462438344955444,0.0,0.0,1.0,1.0,positive,42.74873131
42.74873131,0.0,0.0,1.6003759503364563,0.0,3.0,0.0,negative,42.63929004
42.63929004,0.0,0.0,0.8177070617675781,0.0,1.0,0.0,positive,42.7156066495
42.7156066495,0.0,0.0,0.0,0.0,4.0,1.0,positive,42.7617517913
42.7617517913,0.0,0.0,0.0,0.0,1.0,0.0,negative,42.55053423
42.55053423,0.0,9.564429581165314,0.0,0.0,0.0,12.0,negative,42.43674812
42.43674812,0.0,0.7913779020309448,0.0,0.0,1.0,1.0,negative,41.7758442656
41.7758442656,0.0,0.0,0.0,0.0,0.0,2.0,positive,41.89454623
41.89454623,0.0,0.0,0.0,0.0,0.0,0.0,positive,42.10124766
42.10124766,0.0,1.5451679825782776,0.0,0.0,0.0,2.0,negative,42.0929817132
42.0929817132,0.0,0.0,0.0,0.0,0.0,0.0,positive,42.94846813
42.94846813,0.0,0.0,0.0,0.0,0.0,0.0,positive,43.17908396
43.17908396,0.0,0.0,0.0,0.7347893118858337,2.0,1.0,negative,43.1358953692
43.1358953692,0.0,1.5346489548683169,0.0,0.0,2.0,3.0,negative,42.82316097
42.82316097,1.6340931057929993,0.0,0.0,0.0,5.0,0.0,positive,42.97431231
42.97431231,0.0,2.3049113750457764,0.0,0.0,1.0,4.0,positive,43.2797351684
43.2797351684,0.0,1.417047381401062,0.0,0.0,0.0,2.0,negative,43.23254596
43.23254596,0.9100500345230104,0.0,0.0,0.0,1.0,0.0,negative,43.13029234
43.13029234,0.0,0.0,0.0,0.0,1.0,0.0,positive,43.35415157
43.35415157,0.9756326079368592,1.5345072150230408,0.0,0.0,3.0,2.0,negative,43.3484513274
43.3484513274,0.0,0.0,0.0,0.0,1.0,0.0,positive,43.4663702
43.4663702,0.0,0.7787196040153503,0.0,0.0,0.0,1.0,negative,43.24616744
43.24616744,0.0,0.7018946409225464,0.0,0.843380331993103,0.0,2.0,positive,43.32078456
43.32078456,0.0,0.0,0.0,0.0,2.0,0.0,positive,43.4045161076
43.4045161076,0.0,0.0,0.0,0.8926817774772644,1.0,2.0,negative,43.18202605
43.18202605,1.498275876045227,0.0,1.4653136730194092,0.0,8.0,1.0,negative,43.15433883
43.15433883,1.6175472140312197,1.584810495376587,0.0,0.0,6.0,2.0,positive,43.1775710957
43.1775710957,0.0,0.0,0.0,0.0,3.0,2.0,negative,42.94453361
42.94453361,0.0,0.0,0.0,0.0,0.0,0.0,negative,42.76796767
42.76796767,0.0,0.0,0.0,0.0,2.0,1.0,positive,43.06490606
43.06490606,0.0,0.0,0.8138964176177979,0.0,2.0,1.0,negative,43.04101815
43.04101815,0.8160973191261292,0.0,0.0,0.0,2.0,0.0,positive,43.3131868157
43.3131868157,1.6704559326171875,0.0,1.8552464842796328,0.0,12.0,0.0,negative,43.29390917
43.29390917,1.5703972578048706,0.0,0.0,0.0,7.0,0.0,negative,43.1156698114
43.1156698114,0.0,0.0,0.0,0.0,1.0,0.0,negative,42.91402664
42.91402664,1.6632803082466123,0.0,0.0,0.0,7.0,0.0,negative,42.7426797698
42.7426797698,0.807464063167572,0.0,0.0,0.0,3.0,1.0,positive,42.77160215
42.77160215,1.459297239780426,0.74090975522995,0.7246335744857788,0.0,8.0,1.0,positive,42.8108875716
42.8108875716,2.709556519985199,1.709410548210144,1.482330560684204,0.0,9.0,2.0,negative,42.78081206
42.78081206,0.0,0.0,0.7738776803016663,0.0,4.0,2.0,negative,42.2984095546
42.2984095546,2.5281642079353333,0.0,1.6047348380088806,0.0,14.0,1.0,positive,42.5091863
42.5091863,0.0,0.0,2.3741049766540527,0.0,5.0,1.0,positive,42.52201102
42.52201102,0.0,0.0,0.8087974786758423,0.0,4.0,0.0,negative,40.8906867985
40.8906867985,0.0,0.0,0.7634422183036804,0.0,4.0,0.0,positive,40.98037382
40.98037382,2.3330054879188538,0.0,0.759434163570404,0.0,8.0,0.0,positive,41.41237646
41.41237646,0.0,2.896609127521515,0.0,0.0,0.0,5.0,positive,41.5625153823
41.5625153823,0.0,0.0,0.0,0.0,1.0,0.0,negative,41.55555971
41.55555971,0.0,0.0,0.0,0.0,0.0,0.0,negative,41.29575018
41.29575018,0.9258630275726318,0.0,0.0,0.0,1.0,0.0,negative,41.12777486
41.12777486,0.0,0.0,1.7302384972572329,0.0,7.0,0.0,negative,41.1057802453
41.1057802453,1.589708149433136,0.0,0.0,0.8379254937171936,3.0,1.0,negative,41.00876315
41.00876315,0.0,0.0,0.0,0.0,2.0,1.0,negative,40.8691053
40.8691053,0.0,0.0,0.0,0.0,4.0,2.0,positive,41.05616033
41.05616033,0.0,0.0,0.8860148787498474,0.0,1.0,0.0,positive,41.3962978869
41.3962978869,0.0,0.8296357989311218,0.0,0.0,3.0,1.0,negative,41.15351499
41.15351499,0.0,0.0,0.0,0.0,0.0,1.0,positive,41.26340718
41.26340718,0.7915745973587036,0.0,0.0,0.0,2.0,0.0,positive,41.5564235078
41.5564235078,0.0,2.3413696885108948,0.0,0.0,0.0,3.0,negative,41.32289367
41.32289367,0.0,0.0,0.0,0.0,1.0,0.0,negative,41.27744943
41.27744943,0.0,0.8430116176605225,0.0,0.0,2.0,1.0,negative,41.1971603544
41.1971603544,0.0,0.0,0.0,0.0,0.0,0.0,positive,41.23613443
41.23613443,0.0,0.0,0.0,0.0,2.0,0.0,positive,41.69443703
41.69443703,0.762484073638916,0.0,0.0,0.0,3.0,0.0,positive,41.75301411
41.75301411,0.0,0.8127480149269104,0.0,0.0,0.0,4.0,negative,41.71089761
41.71089761,1.6248234510421753,0.7473853230476379,0.7248445153236389,0.0,5.0,1.0,positive,41.73308945
41.73308945,0.0,0.0,0.0,0.0,2.0,1.0,negative,41.64216217
41.64216217,0.0,0.8615807294845581,0.0,0.0,1.0,1.0,negative,41.56600773
41.56600773,0.0,0.0,0.0,0.0,1.0,0.0,negative,41.4649914
41.4649914,0.0,0.7605917453765869,0.0,0.0,0.0,2.0,positive,41.49988878
41.49988878,0.7715436816215515,0.0,0.0,0.0,5.0,0.0,negative,41.42898164
41.42898164,0.0,0.0,0.0,0.0,1.0,0.0,negative,41.40826848
41.40826848,1.665398120880127,3.001255512237549,0.9661788940429688,0.0,4.0,4.0,negative,41.37877809
41.37877809,0.0,0.0,0.0,0.0,1.0,0.0,positive,41.5021860663
41.5021860663,0.0,0.0,0.8656708598136902,0.0,6.0,0.0,negative,41.3050846801
41.3050846801,0.8432034254074097,0.0,0.0,0.0,8.0,1.0,positive,41.3270198616
41.3270198616,0.7106510996818542,0.0,0.0,0.8535727262496948,8.0,2.0,negative,41.198776752
41.198776752,0.8641159534454346,0.0,0.0,0.0,2.0,0.0,positive,41.3514141214
41.3514141214,0.0,0.0,0.0,0.0,3.0,0.0,negative,41.23691174
41.23691174,0.0,0.0,0.0,0.0,0.0,1.0,positive,41.5144632
41.5144632,0.0,0.7421832084655762,0.8442178964614868,0.0,2.0,1.0,negative,41.21129055
41.21129055,0.791799783706665,0.0,0.0,0.0,2.0,0.0,positive,41.46632009
41.46632009,0.0,0.0,0.0,0.0,0.0,0.0,negative,41.24760033
41.24760033,0.8976932168006897,0.7474665641784668,0.0,0.0,1.0,2.0,positive,41.25932108
41.25932108,0.864672064781189,0.0,0.0,0.0,5.0,0.0,positive,41.75155879
41.75155879,0.0,0.0,0.0,0.0,5.0,0.0,negative,41.20651894
41.20651894,0.8228285908699036,0.0,0.8482334613800049,0.0,5.0,0.0,positive,41.23174744
41.23174744,0.8929843902587891,0.7196199297904968,0.0,0.0,1.0,1.0,positive,41.418627
41.418627,0.8548798561096191,1.5492804646492004,0.0,0.0,3.0,3.0,negative,41.32769914
41.32769914,0.0,0.7769010066986084,0.0,0.0,0.0,1.0,positive,41.54766569
41.54766569,0.8178543448448181,0.0,0.0,0.0,4.0,1.0,negative,41.48132632
41.48132632,0.0,0.0,0.0,0.0,5.0,0.0,positive,41.53987327
41.53987327,0.0,0.0,0.0,0.9955097436904908,3.0,2.0,positive,41.57005219
41.57005219,0.0,0.0,0.8799566626548767,0.0,2.0,0.0,positive,41.8041644
41.8041644,0.0,0.0,0.0,0.0,2.0,0.0,negative,41.80331683
41.80331683,0.0,0.0,0.0,0.7469967603683472,0.0,1.0,positive,41.85103372
41.85103372,0.9013992547988892,0.0,0.0,0.0,1.0,0.0,negative,41.76710513
41.76710513,0.0,0.0,0.0,0.0,0.0,0.0,positive,41.771936921
41.771936921,0.0,0.0,0.0,0.0,1.0,0.0,negative,41.75624535
41.75624535,0.9543370604515076,0.0,0.0,0.0,2.0,0.0,negative,41.6306420541
41.6306420541,0.0,0.0,0.0,0.0,0.0,2.0,negative,41.55133488
41.55133488,0.8665659427642822,0.8626590371131897,0.0,0.0,1.0,2.0,negative,41.27422126
41.27422126,0.0,0.0,0.0,0.0,1.0,0.0,positive,41.42287143
41.42287143,0.0,0.0,0.0,0.0,2.0,0.0,negative,41.32181562
41.32181562,0.7664654850959778,0.0,0.0,0.0,1.0,0.0,positive,41.41421372
41.41421372,0.0,0.0,0.0,0.9056431651115416,0.0,1.0,positive,41.68213406
41.68213406,0.0,0.0,0.7764618396759033,0.0,2.0,0.0,negative,41.54669487
41.54669487,0.9584053158760072,0.0,0.0,0.0,2.0,0.0,negative,41.4930125
41.4930125,0.0,0.0,0.0,0.0,0.0,0.0,negative,41.29979082
41.29979082,0.0,1.6016982197761536,0.8418282270431519,0.0,4.0,3.0,negative,41.27742194
41.27742194,0.0,0.0,0.0,0.0,2.0,0.0,positive,41.32239961
41.32239961,0.0,0.0,0.0,0.0,2.0,0.0,positive,41.45340529
41.45340529,0.0,0.0,0.0,0.0,1.0,4.0,positive,41.47542783
41.47542783,1.6909117102622986,0.0,0.870459794998169,0.0,9.0,0.0,negative,41.13606885
41.13606885,3.7620503902435294,0.0,2.4805228114128117,0.0,18.0,0.0,positive,41.1474368
41.1474368,0.8976932168006897,0.0,0.0,0.0,6.0,1.0,positive,41.60940256
41.60940256,0.0,1.511725127696991,0.8357492685317993,0.0,2.0,3.0,negative,41.25662427
41.25662427,0.8818811178207397,0.0,0.0,0.0,2.0,0.0,positive,41.43081498
41.43081498,0.0,0.0,0.0,0.0,3.0,1.0,negative,41.34141775
41.34141775,0.0,0.0,0.0,0.0,0.0,0.0,positive,41.46779203
41.46779203,0.0,0.0,0.0,0.0,6.0,2.0,negative,41.35043761
41.35043761,0.0,0.0,0.0,0.0,3.0,2.0,positive,41.43073454
41.43073454,0.0,0.0,0.0,0.0,1.0,1.0,positive,41.48448388
41.48448388,0.0,0.0,0.0,0.0,1.0,0.0,negative,41.43710714
41.43710714,0.0,0.0,0.7162273526191711,0.0,1.0,1.0,positive,41.70043048
41.70043048,0.0,0.0,0.0,0.0,1.0,0.0,negative,41.69106043
41.69106043,0.0,0.0,0.0,0.0,2.0,0.0,positive,41.69725284
41.69725284,0.0,0.0,0.0,0.0,1.0,0.0,negative,41.66096766
41.66096766,0.0,0.8278799057006836,0.0,0.0,1.0,1.0,positive,41.7798188
41.7798188,0.8530398607254028,0.0,0.0,0.0,3.0,0.0,negative,41.70348239
41.70348239,0.0,0.0,0.0,0.0,0.0,0.0,negative,41.61020611
41.61020611,0.0,0.8132116198539734,0.0,0.0,0.0,1.0,positive,41.85839075
41.85839075,0.0,3.506139576435089,0.0,0.7538434267044067,0.0,6.0,negative,41.6597397
41.6597397,0.0,0.0,0.0,0.0,5.0,0.0,positive,41.82759657
41.82759657,1.5703972578048706,0.8336607217788696,0.7113053202629089,0.0,5.0,1.0,negative,41.7518441
41.7518441,2.4940302968025208,0.0,2.5319549441337585,0.0,14.0,0.0,positive,41.78939279
41.78939279,2.4841468930244446,0.0,4.128796219825745,0.0,19.0,1.0,positive,41.91857146
41.91857146,0.7111772298812866,0.0,1.5008036494255066,0.0,8.0,0.0,positive,41.97387021
41.97387021,0.0,0.0,0.7103379964828491,0.0,8.0,0.0,negative,41.95533788
41.95533788,2.546022772789001,0.0,0.0,0.7061748504638672,11.0,1.0,negative,41.89515384
41.89515384,0.8300464153289795,0.0,0.0,0.0,5.0,1.0,negative,41.7438272392
41.7438272392,1.657040774822235,0.0,0.0,0.8558225631713867,7.0,1.0,positive,41.91006456
41.91006456,0.0,0.0,0.7092958092689514,0.0,4.0,0.0,negative,41.762581736
41.762581736,0.9007067084312439,0.7397533655166626,2.335646092891693,0.0,10.0,1.0,negative,41.69924516
41.69924516,1.4955901503562927,0.871414065361023,1.6052756309509275,0.0,13.0,1.0,negative,41.68146689
41.68146689,2.6412837505340576,0.8338959813117981,3.305015504360199,0.0,28.0,2.0,positive,41.7211871
41.7211871,0.9351742267608644,2.3374810218811035,0.0,0.0,13.0,3.0,negative,41.7182679429
41.7182679429,1.6288669109344482,0.0,0.7478082776069641,0.0,8.0,1.0,negative,41.6850140485
41.6850140485,0.870445966720581,2.382528305053711,0.9487500190734864,0.8557162880897522,6.0,5.0,negative,41.672406589
41.672406589,0.7024549841880798,0.0,0.0,0.0,2.0,0.0,negative,41.65186262
41.65186262,0.0,0.0,0.0,0.0,1.0,0.0,positive,41.7021078
41.7021078,0.8972928524017334,0.7176151871681213,0.0,0.0,2.0,1.0,positive,41.84392793
41.84392793,0.0,0.0,0.8660071492195129,0.0,1.0,0.0,negative,41.69473892
41.69473892,0.0,0.0,0.0,0.0,0.0,0.0,negative,41.59867744
41.59867744,0.0,0.0,0.0,0.0,0.0,1.0,negative,41.53265933
41.53265933,0.0,0.0,0.0,0.0,1.0,0.0,positive,41.65659119
41.65659119,0.0,0.0,0.0,0.0,7.0,0.0,positive,41.76523242
41.76523242,0.0,0.0,0.0,0.0,1.0,0.0,positive,41.8253055559
41.8253055559,0.8621434569358826,0.7064244151115417,0.0,0.9496036767959596,6.0,2.0,negative,41.61251391
41.61251391,0.0,0.7041569948196411,0.0,0.0,2.0,1.0,negative,40.9774509655
40.9774509655,0.9627062678337096,0.8774438500404358,0.0,0.0,5.0,3.0,negative,40.95202719
40.95202719,0.0,0.0,0.0,0.0,2.0,0.0,positive,41.092042
41.092042,1.6546180248260498,0.0,0.0,0.0,4.0,0.0,negative,40.94920271
40.94920271,0.8285033702850342,0.0,0.0,0.0,4.0,1.0,negative,40.93870461
40.93870461,0.0,0.8452168703079224,0.0,0.0,0.0,1.0,positive,40.99244292
40.99244292,0.0,0.0,0.0,0.0,0.0,1.0,positive,41.02824586
41.02824586,0.0,0.7083873152732849,0.0,0.0,2.0,1.0,positive,41.4936441607
41.4936441607,0.0,3.4333346486091614,0.0,0.0,0.0,4.0,negative,41.4718551843
41.4718551843,0.0,4.569451808929443,0.0,0.0,0.0,6.0,positive,41.4984627223
41.4984627223,0.0,0.0,0.7643223404884338,0.0,1.0,0.0,positive,41.5418800346
41.5418800346,0.0,0.0,0.0,0.0,1.0,0.0,negative,41.3284247216
41.3284247216,0.0,0.0,0.0,0.0,1.0,0.0,negative,41.2920086074
41.2920086074,0.0,0.0,0.0,0.0,0.0,1.0,negative,41.2097351577
41.2097351577,0.8206013441085815,0.8723647594451904,0.0,0.0,1.0,1.0,positive,41.3231419476
41.3231419476,0.0,0.0,0.0,0.0,1.0,0.0,negative,41.2627136089
41.2627136089,0.864685595035553,0.0,0.0,0.0,2.0,0.0,positive,41.38295169
41.38295169,0.0,0.9232685565948486,0.938584804534912,0.0,1.0,1.0,positive,41.41812304
41.41812304,0.0,0.0,0.0,0.0,1.0,0.0,negative,41.30991214
41.30991214,0.0,0.8686526417732239,0.0,0.0,0.0,1.0,positive,41.32298366
41.32298366,0.0,2.2896966338157654,0.0,0.0,0.0,3.0,positive,41.40560784
41.40560784,0.0,0.0,0.0,0.0,2.0,0.0,negative,41.33016382
41.33016382,0.0,0.0,0.0,0.0,1.0,0.0,positive,41.53753197
41.53753197,0.0,0.0,0.0,0.0,0.0,0.0,negative,41.35674496
41.35674496,0.0,0.0,0.0,0.0,2.0,0.0,positive,41.39486421
41.39486421,0.8485813140869141,0.9312365651130676,0.0,0.0,5.0,2.0,negative,41.3940806
41.3940806,0.0,0.0,0.0,0.0,1.0,0.0,negative,41.34719132
41.34719132,0.0,0.0,0.0,0.0,1.0,0.0,negative,41.2770051706
41.2770051706,0.0,0.0,0.8055630326271057,0.0,2.0,0.0,negative,41.273583921
41.273583921,0.0,0.0,0.0,0.0,1.0,0.0,positive,41.2862100909
41.2862100909,1.6624001860618591,0.0,0.7571197748184204,0.0,5.0,0.0,positive,41.2955065651
41.2955065651,0.0,0.0,0.0,0.0,0.0,1.0,negative,41.1519576063
41.1519576063,0.0,0.0,0.0,0.0,1.0,0.0,positive,41.1807535777
41.1807535777,0.0,0.0,0.7817323803901672,0.0,2.0,0.0,negative,41.16237785
41.16237785,0.0,1.6845958828926086,0.0,0.0,2.0,2.0,positive,41.373379
41.373379,0.0,0.0,0.0,0.0,3.0,0.0,positive,41.54315582
41.54315582,0.8772711753845215,0.0,0.0,0.0,3.0,1.0,positive,41.54849168
41.54849168,0.0,0.0,0.970525324344635,0.0,3.0,1.0,negative,41.5155259736
41.5155259736,0.0,0.0,0.0,0.0,1.0,0.0,negative,41.48935859
41.48935859,0.0,0.0,0.0,0.0,0.0,0.0,negative,41.37254081
41.37254081,0.0,0.0,0.0,0.0,0.0,0.0,positive,41.39920678
41.39920678,0.0,0.0,0.0,0.0,0.0,0.0,positive,41.40647879
41.40647879,1.5558586716651917,0.0,0.0,0.0,4.0,0.0,negative,41.40512489
41.40512489,0.704890251159668,0.0,0.0,0.0,7.0,0.0,negative,41.37712706
41.37712706,0.7014459371566772,0.0,0.0,0.0,2.0,0.0,positive,41.5876453531
41.5876453531,0.8976932168006897,0.0,0.0,0.0,3.0,0.0,positive,41.65934148
41.65934148,0.0,1.7913038730621338,0.0,0.0,5.0,3.0,positive,41.70585649
41.70585649,0.0,0.0,0.0,0.0,3.0,0.0,negative,41.61435984
41.61435984,0.0,0.0,0.0,0.0,2.0,0.0,negative,41.47343809
41.47343809,0.0,0.8612151145935059,0.0,0.0,5.0,2.0,positive,41.50828898
41.50828898,0.0,0.0,0.0,0.0,4.0,0.0,positive,42.08803481
42.08803481,0.0,0.8322073221206665,0.0,0.0,8.0,1.0,negative,41.8886408088
41.8886408088,0.0,0.0,0.0,0.0,4.0,1.0,negative,41.86884764
41.86884764,0.8068786263465881,0.0,0.0,0.0,1.0,0.0,negative,41.83472524
41.83472524,0.0,0.0,0.0,0.0,4.0,0.0,positive,41.89186163
41.89186163,0.766442596912384,0.0,0.0,0.0,2.0,0.0,positive,41.91083632
41.91083632,0.0,0.8705157041549683,0.0,0.0,2.0,1.0,positive,42.06653368
42.06653368,0.0,0.0,0.0,0.0,0.0,0.0,negative,41.95304029
41.95304029,0.0,0.0,0.0,0.0,1.0,0.0,negative,41.90685179
41.90685179,0.0,0.0,0.0,0.0,1.0,0.0,negative,41.73506097
41.73506097,0.0,0.0,0.0,0.0,0.0,0.0,negative,41.72915261
41.72915261,0.9461520314216614,0.0,0.0,0.0,2.0,1.0,positive,41.76752994
41.76752994,0.0,0.0,0.7454468607902527,0.0,5.0,0.0,negative,41.5498524
41.5498524,0.0,0.0,0.0,0.0,0.0,0.0,negative,41.4816506
41.4816506,0.0,0.8007119297981262,0.0,0.0,0.0,1.0,negative,41.46302453
41.46302453,0.0,0.0,0.9270040392875672,0.0,2.0,1.0,positive,41.4877729176
41.4877729176,0.0,0.0,0.0,0.0,0.0,0.0,negative,41.30121242
41.30121242,0.0,0.726533830165863,0.0,0.0,0.0,1.0,positive,41.30946482
41.30946482,0.0,0.0,0.0,0.0,0.0,0.0,positive,41.51312073
41.51312073,0.0,0.7533033490180969,0.0,0.0,0.0,1.0,negative,41.36035603
41.36035603,0.8839236497879028,0.0,0.0,0.0,3.0,0.0,negative,41.30820821
41.30820821,0.0,0.8364212512969971,0.0,0.0,0.0,2.0,positive,41.45680858
41.45680858,0.0,3.150916874408722,0.0,0.0,1.0,13.0,negative,41.415355162
41.415355162,0.0,0.7793243527412415,0.8124479651451111,0.9938853979110718,1.0,3.0,negative,41.37080765
41.37080765,0.0,0.9394574165344238,0.0,0.0,0.0,2.0,positive,41.39397477
41.39397477,0.0,3.0718926787376404,0.0,0.7649328708648682,1.0,11.0,negative,41.38067078
41.38067078,0.0,3.000984847545624,0.7903281450271606,0.0,2.0,6.0,negative,41.323244406
41.323244406,0.0,0.0,0.7060118913650513,0.0,7.0,3.0,positive,41.38337623
41.38337623,1.666323184967041,1.6307408809661863,0.7367294430732727,0.0,10.0,4.0,negative,41.24648048
41.24648048,0.0,0.0,0.0,0.0,1.0,1.0,positive,41.6222158
41.6222158,0.0,0.0,0.0,0.773108184337616,0.0,1.0,negative,41.59807417
41.59807417,0.0,1.5443252325057983,0.0,0.0,1.0,3.0,negative,41.58451647
41.58451647,0.705644428730011,4.070778667926788,0.0,0.7876797914505005,1.0,6.0,positive,41.63525985
41.63525985,0.0,0.8686977028846741,0.0,0.0,2.0,3.0,positive,41.70587727
41.70587727,0.8149346709251404,4.261291921138763,0.0,0.0,2.0,5.0,negative,41.66283349
41.66283349,0.9200663566589355,0.0,0.0,0.7679320573806763,1.0,2.0,positive,41.78570074
41.78570074,0.0,0.7137848138809204,0.0,0.7569888830184937,1.0,2.0,positive,41.8131970669
41.8131970669,0.0,0.0,0.0,0.0,6.0,0.0,positive,42.29281333
42.29281333,0.0,0.9587143659591676,0.7831190824508667,0.0,2.0,1.0,negative,42.18364491
42.18364491,0.0,0.0,1.5384788513183594,0.0,2.0,0.0,positive,42.23812089
42.23812089,0.0,0.8412137031555176,0.0,0.0,1.0,2.0,positive,42.31312183
42.31312183,0.0,1.6624890565872192,0.0,0.0,1.0,2.0,positive,42.3993676
42.3993676,0.0,0.8028305768966675,0.0,0.0,0.0,1.0,positive,42.69972936
42.69972936,0.0,0.8193963170051575,0.0,0.0,0.0,1.0,positive,43.0354591139
43.0354591139,0.753677487373352,0.0,0.0,0.0,2.0,0.0,negative,42.99792937
42.99792937,0.0,0.7342860102653503,0.720376193523407,0.0,4.0,4.0,positive,43.01972151
43.01972151,2.4593198895454407,0.8232162594795227,2.454375147819519,0.0,10.0,1.0,positive,43.52895706
43.52895706,0.0,0.0,0.0,0.0,1.0,1.0,positive,43.60879285
43.60879285,0.0,0.7170785665512085,0.8012634515762329,0.0,3.0,1.0,negative,43.57032922
43.57032922,0.0,1.4771891236305237,1.684052348136902,1.551092505455017,3.0,7.0,negative,43.36389653
43.36389653,0.7395978569984436,6.040649652481079,0.0,1.6609069108963013,4.0,11.0,positive,43.3660345
43.3660345,0.0,0.8334284424781799,0.8282756805419922,1.5236660242080688,7.0,3.0,positive,43.37232604
43.37232604,2.2878994941711426,2.4160186648368835,0.0,0.0,9.0,5.0,positive,43.53669689
43.53669689,0.0,0.7769154906272888,0.9266542196273804,0.8121531009674072,6.0,2.0,positive,43.64872407
43.64872407,0.0,0.0,0.0,0.0,2.0,0.0,positive,43.96349344
43.96349344,0.0,0.0,0.0,0.0,2.0,0.0,positive,43.9759242377
43.9759242377,0.0,0.0,0.0,0.0,1.0,0.0,negative,43.80650248
43.80650248,0.0,0.0,0.0,0.0,1.0,1.0,negative,43.63756943
43.63756943,1.5784663558006289,0.0,0.0,0.0,4.0,0.0,positive,43.74542917
43.74542917,0.0,0.8532747030258179,0.0,0.0,1.0,2.0,negative,43.72082588
43.72082588,0.0,0.0,0.0,0.0,0.0,0.0,negative,43.69302592
43.69302592,0.0,0.7843735814094543,0.0,0.0,0.0,1.0,negative,43.6424883
43.6424883,0.0,0.0,0.0,0.0,0.0,0.0,negative,43.2785448759
43.2785448759,0.0,0.0,0.0,0.0,1.0,0.0,positive,43.57045744
43.57045744,0.0,0.7473628520965576,0.0,0.0,3.0,1.0,negative,43.19322791
43.19322791,0.0,0.0,1.607004165649414,0.0,3.0,0.0,positive,43.27573071
43.27573071,0.0,0.0,0.0,0.0,2.0,0.0,positive,43.66320985
43.66320985,0.0,0.7580224275588989,0.0,0.0,0.0,1.0,negative,43.64827853
43.64827853,0.7851986289024353,0.0,0.0,0.0,2.0,3.0,negative,43.48295484
43.48295484,0.8377116918563843,0.0,0.0,1.5644712448120115,6.0,2.0,negative,43.48258867
43.48258867,0.0,1.626664936542511,0.0,0.0,2.0,3.0,positive,43.50015574
43.50015574,0.0,0.0,0.0,0.0,1.0,1.0,positive,43.50857669
43.50857669,0.8500789999961853,0.0,0.0,0.0,3.0,2.0,positive,43.71778996
43.71778996,0.734759509563446,7.395325839519501,1.561558187007904,0.0,3.0,11.0,negative,43.5924997455
43.5924997455,1.816886305809021,1.8196791410446167,0.0,0.0,2.0,4.0,negative,43.43186971
43.43186971,0.0,0.83937007188797,0.7906966209411621,0.0,2.0,2.0,negative,43.22767037
43.22767037,0.0,1.7419248819351196,0.0,0.0,0.0,5.0,negative,43.1779383153
43.1779383153,1.584927320480347,0.0,0.0,0.0,4.0,1.0,positive,43.25659883
43.25659883,1.5694140791893003,0.79756760597229,0.9384817481040956,0.0,10.0,3.0,positive,43.3182468
43.3182468,2.685411393642425,0.7204153537750244,0.0,0.0,9.0,1.0,negative,43.3075904
43.3075904,0.0,0.0,0.0,0.0,3.0,1.0,positive,43.79488457
43.79488457,0.0,0.7545835375785828,0.0,0.0,4.0,1.0,positive,44.07084567
44.07084567,2.3880074620246887,0.7474801540374756,0.9214303493499756,0.0,11.0,1.0,positive,44.51695095
44.51695095,0.0,0.0,0.7173882126808167,0.0,5.0,3.0,negative,44.1741984158
44.1741984158,1.423590898513794,5.927718579769135,1.6784725785255432,0.0,6.0,9.0,positive,44.29728753
44.29728753,0.0,0.0,0.0,0.0,2.0,4.0,positive,44.42035737
44.42035737,2.7361000180244446,1.6032000184059143,0.0,0.0,7.0,3.0,positive,44.56586426
44.56586426,0.0,0.0,0.829136848449707,0.0,1.0,0.0,positive,44.59622714
44.59622714,0.7839995622634888,0.0,0.0,0.0,1.0,0.0,positive,44.62188848
44.62188848,0.0,0.8227137923240662,0.0,0.0,2.0,1.0,positive,45.10829
45.10829,0.0,0.0,1.6320262551307678,0.0,5.0,0.0,positive,45.1568760363
45.1568760363,0.0,1.7680943608283997,0.0,0.0,4.0,2.0,negative,44.7395759
44.7395759,0.8395999073982239,0.0,0.0,0.0,7.0,0.0,positive,45.13359738
45.13359738,2.336807668209076,0.0,0.0,0.0,8.0,2.0,negative,45.08608751
45.08608751,0.0,1.6765117049217224,0.0,0.774623692035675,6.0,4.0,negative,44.8898786
44.8898786,0.9304380416870116,0.0,0.0,0.8217068314552307,2.0,2.0,positive,45.06846432
45.06846432,0.0,0.0,0.8269723057746887,0.0,11.0,0.0,positive,45.14171558
45.14171558,1.4103994369506836,1.6653009057044983,0.0,0.0,6.0,2.0,negative,44.9890544581
44.9890544581,0.9003205895423889,0.7529314160346985,0.9170857667922974,0.0,8.0,2.0,positive,45.15559067
45.15559067,0.0,1.5729703307151794,0.9252719283103944,0.0,5.0,2.0,negative,45.04752029
45.04752029,0.732258141040802,0.0,0.0,0.0,4.0,1.0,positive,45.2967591822
45.2967591822,0.0,0.0,0.7862839102745056,0.0,2.0,0.0,positive,45.3403752
45.3403752,0.7397163510322571,0.0,0.0,0.0,5.0,0.0,negative,45.2007465
45.2007465,1.63134104013443,0.0,1.5356422662734983,0.0,5.0,0.0,negative,45.04557706
45.04557706,0.0,0.7755011916160583,0.0,0.0,1.0,3.0,negative,44.79746174
44.79746174,0.9611958265304564,1.6705338954925537,1.4951823949813845,0.0,6.0,2.0,negative,44.64742103
44.64742103,0.8139588236808777,0.9354661107063292,0.8057727217674255,0.0,2.0,2.0,positive,44.76678626
44.76678626,0.0,1.542053997516632,0.0,0.0,1.0,3.0,negative,44.72776258
44.72776258,1.4219681024551392,0.7372856140136719,0.0,0.0,2.0,2.0,positive,45.02534266
45.02534266,0.8650250434875488,1.5219820737838743,0.0,0.0,2.0,2.0,positive,45.61739995
45.61739995,0.0,0.0,0.0,0.0,1.0,0.0,positive,45.61882056
45.61882056,0.0,0.706713855266571,0.8043737411499023,0.0,2.0,1.0,negative,45.51488246
45.51488246,0.0,0.7924212217330933,0.7271320223808289,0.0,4.0,1.0,negative,45.38472062
45.38472062,0.0,0.0,0.0,0.0,1.0,1.0,negative,45.11547378
45.11547378,0.0,0.7245942950248718,0.0,0.0,1.0,1.0,positive,45.36200684
45.36200684,0.0,0.9354936480522156,0.8528357148170471,0.0,2.0,1.0,positive,45.63997732
45.63997732,0.0,0.0,0.7334299087524414,0.0,6.0,0.0,negative,45.22324151
45.22324151,0.0,0.0,1.5974478125572205,0.0,4.0,4.0,negative,44.79862451
44.79862451,0.0,0.772247850894928,0.0,0.0,2.0,3.0,negative,44.41918917
44.41918917,0.0,3.231951057910919,0.8444867134094238,0.7611702084541321,2.0,9.0,negative,44.17341993
44.17341993,0.0,1.5378888249397278,0.7867475748062134,0.0,3.0,5.0,negative,44.17022308
44.17022308,0.0,10.72272562980652,0.0,0.0,3.0,27.0,positive,44.18779635
44.18779635,0.0,5.366535067558289,0.0,0.8895864486694336,0.0,17.0,negative,44.06593673
44.06593673,0.7525780200958252,5.542104303836823,0.0,2.485515594482422,6.0,19.0,positive,44.19394422
44.19394422,2.671840250492096,1.535901665687561,0.9465118050575256,1.717508316040039,6.0,7.0,positive,44.31660144
44.31660144,0.0,1.4756942987442017,0.7306571006774902,0.0,1.0,3.0,positive,44.59417621
44.59417621,0.7333524823188782,0.0,0.0,0.0,2.0,1.0,negative,44.5374555
44.5374555,0.7419937252998352,0.0,0.0,0.0,4.0,3.0,negative,44.25790022
44.25790022,0.0,2.3276504278182983,0.0,0.0,5.0,4.0,positive,44.40042545
44.40042545,3.4660684466362,0.8543322086334229,0.8039457201957703,0.0,12.0,2.0,negative,44.32869808
44.32869808,3.470932006835937,0.0,0.0,0.0,5.0,0.0,negative,44.27234423
44.27234423,2.58067125082016,0.0,0.0,0.7434805631637573,11.0,4.0,negative,43.92092898
43.92092898,2.229429125785828,2.3433861136436462,1.6220186948776243,0.0,10.0,6.0,negative,43.85101207
43.85101207,1.7285162210464478,1.6607961654663086,0.7300490736961365,0.0,10.0,4.0,negative,43.69701833
43.69701833,0.7722837328910828,0.7762808799743652,0.0,0.0,1.0,3.0,positive,44.00062943
44.00062943,1.720583736896515,0.0,0.0,0.0,3.0,0.0,positive,44.38509129
44.38509129,1.729950726032257,0.958159863948822,0.0,0.0,2.0,7.0,negative,44.27348572
44.27348572,0.7017552852630615,0.0,0.0,0.0,5.0,0.0,negative,44.23765356
44.23765356,0.7656520009040833,0.0,0.0,0.0,3.0,1.0,negative,44.06553863
44.06553863,0.0,0.0,0.8784689903259277,0.0,2.0,1.0,positive,44.09658117
44.09658117,0.8306035399436951,2.573482573032379,0.0,0.0,4.0,3.0,positive,44.0995606
44.0995606,0.7858702540397644,0.7157607674598694,0.0,0.0,1.0,1.0,positive,44.22021563
44.22021563,0.0,0.0,0.0,0.0,2.0,0.0,positive,44.33899242
44.33899242,0.0,0.7894696593284607,0.0,0.0,3.0,3.0,negative,44.16075433
44.16075433,0.0,0.0,0.0,0.0,2.0,4.0,negative,44.09488181
44.09488181,0.0,0.7961357831954956,0.0,0.0,3.0,2.0,negative,44.07889561
44.07889561,0.0,0.0,0.0,0.0,1.0,2.0,positive,44.20167574
44.20167574,0.823029637336731,0.0,0.991547703742981,0.0,4.0,0.0,negative,44.13154266
44.13154266,0.0,0.0,0.0,0.0,7.0,0.0,negative,43.9580500455
43.9580500455,0.0,0.0,0.0,0.0,4.0,0.0,positive,44.23709049
44.23709049,0.8777361512184143,0.7406554818153381,0.0,0.0,1.0,1.0,positive,44.2461161
44.2461161,0.0,0.0,0.0,0.0,3.0,0.0,positive,44.31152976
44.31152976,0.8184781670570374,0.0,0.0,0.0,4.0,0.0,positive,44.41905126
44.41905126,0.8013612031936646,0.0,0.7600167989730835,0.0,3.0,0.0,negative,44.35398868
44.35398868,0.0,1.705786645412445,0.0,0.0,2.0,3.0,negative,44.29131574
44.29131574,0.0,0.7611258029937744,0.0,0.0,0.0,2.0,negative,44.22095337
44.22095337,0.0,0.0,0.0,0.0,3.0,0.0,positive,44.2582518
44.2582518,0.0,0.0,0.0,0.0,1.0,3.0,negative,44.21278878
44.21278878,0.0,0.0,0.0,0.0,1.0,1.0,positive,44.3176736392
44.3176736392,0.0,0.8158805966377258,0.0,0.0,2.0,1.0,negative,44.25227079
44.25227079,0.0,0.0,0.7999411821365356,0.0,1.0,2.0,negative,44.09406984
44.09406984,0.0,0.7547348141670227,0.0,0.0,4.0,2.0,positive,44.14502239
44.14502239,0.7580971717834473,0.0,0.0,0.0,3.0,0.0,negative,44.12845952
44.12845952,0.0,0.0,0.0,0.0,0.0,0.0,positive,44.17062922
44.17062922,0.0,0.7372856140136719,0.0,0.0,2.0,4.0,positive,44.21633069
44.21633069,0.0,0.0,0.8705065250396729,0.0,3.0,0.0,positive,44.23740667
44.23740667,0.7126772999763489,0.0,0.0,0.0,3.0,0.0,negative,44.20175578
44.20175578,0.8008755445480347,1.6539925336837769,0.0,0.9325238466262816,2.0,4.0,positive,44.31979334
44.31979334,0.9091992974281312,0.737330436706543,0.0,0.0,4.0,1.0,positive,44.36947548
44.36947548,0.702040433883667,0.0,0.0,0.0,5.0,1.0,positive,44.46989363
44.46989363,0.0,0.0,0.8591473698616028,0.0,4.0,2.0,negative,44.3384639249
44.3384639249,0.0,0.0,0.7497036457061768,0.0,2.0,1.0,positive,44.42018069
44.42018069,0.0,0.7262066006660461,0.8309131264686584,0.0,3.0,2.0,positive,44.58352213
44.58352213,0.0,0.7634550929069519,0.7066178321838379,0.0,3.0,2.0,negative,44.42879806
44.42879806,0.733192503452301,0.0,0.0,0.0,2.0,0.0,positive,44.67707832
44.67707832,0.0,0.0,0.0,0.0,0.0,0.0,positive,44.84927442
44.84927442,0.0,0.7170028686523438,0.0,0.0,0.0,1.0,positive,44.90878006
44.90878006,0.0,1.9186222553253172,0.0,0.0,5.0,2.0,negative,44.88267154
44.88267154,0.0,0.0,0.8269085884094238,0.0,2.0,0.0,positive,45.02965
45.02965,0.0,0.7529182434082031,0.0,0.0,0.0,2.0,negative,45.00321336
45.00321336,0.0,0.0,0.0,0.0,0.0,0.0,negative,44.95332275
44.95332275,0.7500180006027222,0.0,0.0,0.0,1.0,0.0,negative,44.9005341822
44.9005341822,0.8213069438934326,0.0,0.0,0.0,1.0,0.0,negative,44.8901698946
44.8901698946,0.0,0.0,0.0,0.0,0.0,0.0,positive,44.9033697
44.9033697,0.0,0.0,0.0,0.0,0.0,0.0,positive,44.92235301
44.92235301,0.8923777341842651,0.7797979116439819,0.0,0.0,2.0,3.0,positive,44.92690582
44.92690582,0.0,0.0,0.0,0.0,2.0,0.0,negative,44.75705728
44.75705728,0.0,0.7267118096351624,0.0,0.0,2.0,1.0,positive,44.81650905
44.81650905,0.0,0.0,0.0,0.0,3.0,0.0,negative,44.18286257
44.18286257,0.0,0.0,0.7411420941352844,0.0,5.0,0.0,positive,44.29442209
44.29442209,0.0,0.0,0.0,0.0,2.0,0.0,negative,44.23746161
44.23746161,0.80783611536026,0.7874389290809631,0.0,0.0,2.0,2.0,positive,44.27526438
44.27526438,0.0,0.0,0.0,0.0,2.0,0.0,positive,44.29110859
44.29110859,0.9350878596305848,0.9282946586608888,0.7947614789009094,0.0,4.0,2.0,negative,44.2575476
44.2575476,0.0,0.0,0.0,0.0,2.0,0.0,negative,44.2546835
44.2546835,0.7873210310935974,0.0,0.7376129031181335,0.0,4.0,0.0,positive,44.33215409
44.33215409,0.0,0.0,0.8077667951583862,0.0,2.0,0.0,negative,44.33049681
44.33049681,0.0,1.489180088043213,0.0,0.0,0.0,2.0,positive,44.68539067
44.68539067,0.0,0.0,0.0,0.0,4.0,1.0,negative,44.6361016
44.6361016,0.7305811047554016,0.0,0.0,0.0,4.0,1.0,negative,44.56983298
44.56983298,1.7111955881118774,0.8088189959526062,0.0,0.0,6.0,1.0,positive,44.60280558
44.60280558,0.7215136289596558,1.656390368938446,0.0,0.0,2.0,2.0,negative,44.59103568
44.59103568,0.0,0.0,0.0,0.0,2.0,1.0,negative,44.58432697
44.58432697,0.0,0.0,0.0,0.0,1.0,2.0,negative,44.54298748
44.54298748,0.0,0.0,0.0,0.0,0.0,0.0,positive,44.6944713996
44.6944713996,0.0,0.7673460841178894,0.9573370218276978,0.0,2.0,4.0,negative,44.65740362
44.65740362,0.939356565475464,0.0,1.8248137831687927,0.0,3.0,0.0,positive,44.70569085
44.70569085,0.0,0.0,0.0,0.0,9.0,0.0,positive,45.0230424954
45.0230424954,0.0,0.0,0.0,0.0,3.0,1.0,positive,45.03413708
45.03413708,0.7141067385673523,0.0,0.7126134634017944,0.7328678369522095,3.0,1.0,positive,45.1255361145
45.1255361145,0.7889028191566467,3.113742172718048,0.0,0.0,4.0,5.0,positive,45.15231319
45.15231319,0.0,1.4954784512519836,0.0,0.0,2.0,2.0,positive,45.19733398
45.19733398,0.0,0.0,0.0,0.0,2.0,1.0,negative,45.03910094
45.03910094,1.6535089015960691,0.7829541563987732,0.9325427412986756,0.0,7.0,2.0,negative,44.80845312
44.80845312,1.5422140955924988,0.0,1.5741427540779114,0.0,10.0,0.0,negative,44.64805353
44.64805353,0.0,0.0,0.9176293611526488,0.0,2.0,1.0,positive,44.72113398
44.72113398,0.0,0.0,0.8684264421463013,0.0,3.0,0.0,positive,44.80614607
44.80614607,0.0,0.0,0.7720585465431213,0.0,1.0,1.0,negative,44.47159801
44.47159801,0.0,0.0,0.7594799995422363,0.0,5.0,1.0,negative,43.4401742
43.4401742,0.7156695127487183,1.5764963030815125,0.8661381602287292,0.0,6.0,2.0,positive,43.77745502
43.77745502,2.841554999351501,0.0,0.0,0.0,3.0,0.0,positive,43.88643544
43.88643544,0.0,0.0,0.0,0.0,0.0,0.0,positive,44.01139355
44.01139355,0.0,0.0,0.0,0.0,0.0,0.0,negative,43.91979575
43.91979575,0.0,0.0,0.0,0.0,3.0,0.0,negative,43.6885922
43.6885922,0.0,0.0,0.7152535319328308,0.0,2.0,0.0,positive,43.76965455
43.76965455,0.7856836915016174,0.7105447053909302,0.8121477961540222,0.0,2.0,1.0,negative,43.7298711198
43.7298711198,0.9276342391967772,0.9392471313476562,0.0,0.0,4.0,2.0,negative,43.55075222
43.55075222,0.0,0.0,0.0,0.7378868460655212,0.0,2.0,negative,43.37384351
43.37384351,0.0,0.0,0.0,0.0,1.0,0.0,negative,43.30974099
43.30974099,0.0,0.0,0.0,0.0,0.0,0.0,positive,43.32702914
43.32702914,0.0,0.0,0.0,0.8554937839508057,0.0,1.0,negative,43.32553186
43.32553186,0.0,0.0,0.0,0.0,0.0,0.0,positive,43.42876483
43.42876483,0.0,0.0,0.0,0.7064619064331055,1.0,1.0,positive,43.46268649
43.46268649,0.0,1.4781363010406494,0.0,0.0,1.0,3.0,negative,43.37746221
43.37746221,0.0,0.0,0.0,0.0,0.0,0.0,positive,43.74157919
43.74157919,0.0,0.7657092809677124,0.8262941837310791,0.0,3.0,1.0,negative,43.65088632
43.65088632,0.0,0.7960271239280701,0.0,0.0,1.0,4.0,negative,43.44014655
43.44014655,0.0,1.5163960456848145,0.0,0.0,0.0,2.0,positive,43.52759439
43.52759439,0.7991935610771179,0.0,0.0,0.0,2.0,0.0,positive,43.69293792
43.69293792,0.8240872621536255,0.0,0.0,0.0,2.0,1.0,positive,43.71257636
43.71257636,1.7298551201820374,0.0,0.0,0.0,3.0,0.0,positive,43.77507899
43.77507899,0.0,0.0,0.0,0.0,0.0,2.0,negative,43.70036666
43.70036666,0.781834065914154,0.0,0.0,0.0,1.0,1.0,negative,43.68172484
43.68172484,0.0,0.0,0.760780930519104,0.0,6.0,0.0,positive,43.68871022
43.68871022,1.849673330783844,0.0,0.0,0.9475288987159728,4.0,3.0,negative,43.6254304104
43.6254304104,0.0,0.7841188907623291,0.0,0.0,1.0,2.0,positive,43.6466924
43.6466924,1.4734928011894226,0.0,0.0,0.0,3.0,0.0,positive,43.80286462
43.80286462,0.838890016078949,0.7870835065841675,0.7714365720748901,0.0,4.0,3.0,negative,43.78412499
43.78412499,0.0,0.8469967842102051,0.0,0.0,0.0,2.0,negative,43.6309403
43.6309403,0.0,0.0,0.7248311042785645,0.0,3.0,0.0,negative,43.54716237
43.54716237,0.0,0.8014715313911438,0.0,0.0,1.0,2.0,negative,43.48485733
43.48485733,0.0,1.6172614693641665,0.0,0.0,1.0,4.0,positive,43.50554365
43.50554365,1.6270242929458618,0.0,0.0,0.0,4.0,0.0,positive,43.58210584
43.58210584,0.0,0.0,0.0,0.0,2.0,0.0,negative,43.41946348
43.41946348,0.0,0.0,0.0,0.0,2.0,0.0,negative,43.39929729
43.39929729,0.0,0.0,0.0,0.0,0.0,1.0,negative,43.34393981
43.34393981,0.0,0.0,0.0,0.0,0.0,0.0,positive,43.35006031
43.35006031,0.0,0.736605167388916,0.0,0.0,0.0,1.0,positive,43.43904497
43.43904497,1.459723174571991,2.564242482185364,0.0,0.0,2.0,3.0,negative,43.34363779
43.34363779,0.0,0.0,0.0,0.0,0.0,0.0,positive,43.47350247
43.47350247,1.471741020679474,0.0,0.0,0.0,6.0,0.0,negative,43.30829525
43.30829525,0.0,0.0,0.0,0.0,0.0,2.0,positive,43.40935805
43.40935805,1.4529687762260437,0.0,0.8164635896682739,0.0,13.0,0.0,negative,43.07863261
43.07863261,0.0,0.0,0.0,0.0,1.0,1.0,positive,43.15656589
43.15656589,0.0,0.0,0.0,0.0,3.0,0.0,negative,43.0782477698
43.0782477698,0.0,0.0,0.818333625793457,0.0,2.0,0.0,positive,43.0851994
43.0851994,0.0,0.7153171300888062,0.0,0.0,2.0,1.0,negative,43.06868168
43.06868168,0.7124435305595398,0.7202622890472412,0.8014573454856873,0.0,3.0,3.0,positive,43.2465438
43.2465438,0.0,3.405954360961914,1.7958372235298157,2.402706563472748,2.0,8.0,positive,43.27797343
43.27797343,0.0,0.0,1.476150929927826,0.0,5.0,1.0,negative,43.21035287
43.21035287,0.0,0.0,0.747971773147583,0.0,3.0,1.0,positive,43.2789555
43.2789555,0.0,0.7688695192337036,0.0,0.0,2.0,1.0,negative,43.26984901
43.26984901,1.6833691596984863,0.0,0.0,0.0,3.0,1.0,positive,43.31735621
43.31735621,0.7783129215240479,0.0,0.8579950332641602,0.0,4.0,3.0,negative,43.14550019
43.14550019,0.0,0.0,0.8551076650619507,0.0,5.0,0.0,negative,43.0859514506
43.0859514506,0.0,0.7978341579437256,0.0,0.0,3.0,2.0,positive,43.13472616
43.13472616,0.887731671333313,0.0,0.0,0.0,1.0,0.0,positive,43.1614249
43.1614249,0.0,0.8277731537818909,0.7505174279212952,0.0,1.0,1.0,negative,42.6159885
42.6159885,0.0,0.0,0.0,0.0,1.0,0.0,negative,41.96975255
41.96975255,0.0,0.0,0.0,0.0,1.0,0.0,negative,41.85030679
41.85030679,0.0,0.0,0.7260158061981201,0.0,2.0,1.0,negative,41.65147913
41.65147913,0.0,0.0,0.0,0.0,0.0,0.0,positive,41.90794263
41.90794263,0.0,0.0,0.0,0.0,0.0,0.0,negative,41.88056964
41.88056964,0.0,0.7435930967330933,0.0,0.0,0.0,3.0,positive,41.9063648667
41.9063648667,0.0,0.0,0.0,0.0,2.0,0.0,positive,41.92103531
41.92103531,0.0,0.7492254376411438,0.0,0.0,0.0,1.0,positive,42.08275462
42.08275462,0.0,0.8253200650215149,0.0,0.0,0.0,1.0,negative,42.02369192
42.02369192,0.0,0.0,0.0,0.0,1.0,2.0,negative,41.8967244729
41.8967244729,0.0,0.0,0.0,0.0,2.0,0.0,positive,42.05050688
42.05050688,0.9556065201759338,0.0,0.0,0.0,4.0,0.0,negative,41.86344572
41.86344572,0.8391110897064209,0.734368622303009,0.9387012124061584,0.0,2.0,1.0,negative,41.75342343
41.75342343,0.0,0.0,0.7957748770713806,0.0,4.0,1.0,positive,41.91651539
41.91651539,0.0,0.0,0.0,0.0,0.0,1.0,negative,41.90009962
41.90009962,0.0,0.0,0.0,0.0,0.0,1.0,positive,41.98135442
41.98135442,0.7175428867340088,0.0,0.0,0.0,1.0,0.0,positive,42.03543724
42.03543724,0.0,0.0,0.0,0.0,3.0,0.0,negative,41.91566189
41.91566189,0.0,0.0,0.864851176738739,1.4606178998947144,3.0,2.0,positive,41.98791667
41.98791667,0.0,0.0,0.0,0.0,0.0,1.0,positive,42.05093278
42.05093278,0.0,0.0,0.0,0.0,0.0,0.0,negative,42.0237975
42.0237975,0.9052103757858276,0.0,0.0,0.0,1.0,2.0,negative,41.9249397376
41.9249397376,0.0,0.0,0.0,0.7806005477905273,0.0,1.0,positive,41.97164858
41.97164858,0.0,0.0,0.0,0.0,1.0,0.0,negative,41.94603251
41.94603251,0.0,0.0,0.0,0.0,1.0,0.0,positive,41.96085115
41.96085115,0.0,0.0,0.0,0.0,0.0,0.0,negative,41.83482104
41.83482104,0.0,0.0,0.0,0.0,2.0,0.0,positive,41.8399054
41.8399054,0.0,0.799314022064209,0.0,0.0,0.0,1.0,positive,41.87145886
41.87145886,0.0,0.0,0.0,0.0,0.0,0.0,positive,42.02007909
42.02007909,0.0,0.8086798191070557,0.0,0.0,0.0,1.0,positive,42.11167661
42.11167661,0.0,0.0,0.0,0.0,3.0,0.0,negative,42.02137293
42.02137293,0.0,0.7360028028488159,0.0,0.0,0.0,1.0,negative,41.98604997
41.98604997,0.0,0.7169349789619446,0.0,1.6324260234832764,1.0,6.0,positive,42.01806348
42.01806348,0.0,0.776041567325592,0.0,0.8393976092338562,0.0,4.0,positive,42.0341293
42.0341293,0.7603517770767212,0.7117905020713806,0.0,0.0,5.0,2.0,negative,41.90774028
41.90774028,0.0,0.0,0.0,0.0,2.0,1.0,positive,41.93520618
41.93520618,0.9221887588500975,0.727642834186554,0.0,0.0,6.0,1.0,negative,41.92043903
41.92043903,0.0,0.0,0.0,0.0,1.0,0.0,negative,41.89963293
41.89963293,0.0,0.7988278269767761,0.0,0.0,1.0,2.0,positive,41.98102125
41.98102125,0.0,0.8729704022407532,1.7017942667007446,0.0,2.0,2.0,negative,41.9085642
41.9085642,0.0,1.4573995471000671,1.5704222917556765,0.0,4.0,4.0,positive,41.91281565
41.91281565,0.0,1.609294831752777,0.0,0.0,1.0,3.0,negative,41.85058542
41.85058542,0.0,0.0,0.0,0.0,2.0,1.0,negative,41.83093396
41.83093396,0.8008577227592468,0.0,0.7769080400466919,0.0,7.0,2.0,positive,41.8630414049
41.8630414049,0.0,0.0,0.0,0.0,2.0,0.0,negative,41.85572483
41.85572483,0.0,0.0,0.0,0.0,0.0,1.0,positive,41.93303929
41.93303929,0.816412627696991,0.0,1.604635775089264,0.0,7.0,1.0,negative,41.89321404
41.89321404,0.0,0.0,0.919816553592682,0.0,1.0,0.0,negative,41.87376823
41.87376823,0.8301249146461487,0.7120611071586609,0.0,0.0,7.0,2.0,positive,41.92443809
41.92443809,0.0,0.7496299743652344,0.0,0.0,4.0,2.0,positive,42.05309339
42.05309339,0.0,0.0,0.8802618980407715,0.0,2.0,0.0,positive,42.34814588
42.34814588,0.0,0.7014444470405579,0.7789090275764465,0.0,1.0,1.0,positive,42.35186169
42.35186169,0.7402969598770142,0.7997387051582336,1.82381272315979,0.0,8.0,2.0,positive,42.43791556
42.43791556,5.602674782276154,0.0,2.448100745677948,0.0,18.0,2.0,negative,42.42829766
42.42829766,0.9814118146896362,0.0,0.73892742395401,0.0,5.0,0.0,positive,42.48533442
42.48533442,0.0,0.0,0.7462319731712341,0.0,3.0,0.0,positive,42.77038638
42.77038638,0.0,0.7538500428199768,0.0,0.0,4.0,1.0,negative,42.72377576
42.72377576,0.0,0.8095012903213501,0.0,0.0,5.0,4.0,negative,42.70615114
42.70615114,0.8259596228599548,0.0,0.0,0.0,2.0,0.0,negative,42.60495569
42.60495569,0.9269104599952698,0.0,2.423559665679932,0.0,8.0,1.0,positive,42.6187332525
42.6187332525,0.0,0.0,0.0,0.0,4.0,0.0,negative,42.55771301
42.55771301,0.0,0.0,2.294377028942108,0.0,6.0,0.0,positive,42.58756767
42.58756767,0.0,0.7321224808692932,0.0,0.0,4.0,1.0,negative,42.53347437
42.53347437,0.0,0.8885952234268188,0.7221783399581909,0.0,6.0,1.0,negative,42.42025113
42.42025113,0.0,0.0,0.0,0.0,2.0,1.0,positive,42.42586604
42.42586604,0.0,0.0,0.7115771770477295,0.7405830025672913,9.0,1.0,positive,42.49946425
42.49946425,4.2558117508888245,0.0,3.2711549401283264,0.0,20.0,0.0,negative,42.41073179
42.41073179,0.0,1.522162675857544,0.8951303958892822,0.0,3.0,2.0,negative,42.36169367
42.36169367,0.0,0.0,0.0,0.0,1.0,0.0,negative,42.3046246078
42.3046246078,0.0,0.0,0.0,0.0,0.0,1.0,positive,42.32481088
42.32481088,0.7766462564468384,0.0,0.0,0.0,1.0,0.0,negative,42.26653943
42.26653943,0.0,0.0,0.0,0.0,1.0,1.0,positive,42.41090533
42.41090533,0.0,0.0,0.0,0.0,0.0,0.0,positive,42.41754522
42.41754522,0.0,0.0,0.0,0.0,1.0,1.0,negative,42.36607512
42.36607512,0.0,2.7626566290855408,0.0,0.0,3.0,3.0,positive,42.37255692
42.37255692,0.0,0.7760217785835266,0.0,0.0,0.0,1.0,negative,42.16803271
42.16803271,0.0,0.0,1.7087554335594175,0.0,2.0,0.0,positive,42.17911074
42.17911074,0.8472857475280762,0.7192139625549316,0.0,0.0,1.0,2.0,negative,42.16604799
42.16604799,0.0,0.0,0.0,0.0,0.0,1.0,negative,42.03035877
42.03035877,0.0,0.0,0.7359024882316589,0.0,1.0,0.0,positive,42.05379722
42.05379722,0.0,1.506273090839386,0.0,0.0,3.0,3.0,negative,41.9173434119
41.9173434119,0.0,0.0,0.0,0.0,4.0,2.0,positive,42.02678078
42.02678078,0.0,0.0,0.0,0.0,2.0,0.0,positive,42.126875
42.126875,0.8781563639640808,0.0,0.0,0.0,3.0,0.0,positive,42.2673376043
42.2673376043,0.0,0.0,1.5474897623062134,0.0,4.0,0.0,positive,42.31642713
42.31642713,0.0,0.0,0.7370235919952393,0.0,1.0,0.0,negative,42.30120417
42.30120417,0.0,0.0,0.0,0.0,1.0,0.0,positive,42.3625860863
42.3625860863,0.0,0.0,0.0,0.0,1.0,0.0,positive,42.44230416
42.44230416,0.0,0.8902715444564819,0.9070382714271544,0.0,4.0,1.0,positive,42.55272856
42.55272856,2.2442100644111638,0.8409135937690735,0.7165315747261047,0.0,7.0,2.0,positive,42.57604786
42.57604786,0.0,0.0,0.7889623045921326,0.0,4.0,0.0,negative,42.54102151
42.54102151,0.0,1.620414972305298,0.0,0.0,2.0,2.0,negative,42.51458249
42.51458249,0.8793856501579285,0.7603089809417725,0.0,0.0,1.0,1.0,positive,42.52249721
42.52249721,0.0,0.0,0.0,0.0,0.0,1.0,negative,42.51713957
42.51713957,0.0,0.0,0.7289587259292603,0.0,3.0,0.0,positive,42.55078696
42.55078696,0.0,0.0,0.0,0.0,0.0,0.0,negative,42.46500003
42.46500003,1.631435751914978,0.0,0.8927754759788513,0.0,5.0,0.0,positive,42.49974162
42.49974162,0.0,0.0,0.0,0.0,2.0,0.0,negative,42.4273178517
42.4273178517,0.0,0.0,1.5913826823234558,0.0,3.0,0.0,positive,42.52164997
42.52164997,0.7792834043502808,0.0,0.9175362586975098,0.0,4.0,0.0,negative,42.23775643
42.23775643,0.8400309681892395,0.0,0.0,0.0,2.0,0.0,negative,42.22399764
42.22399764,0.0,0.0,0.0,0.0,1.0,0.0,positive,42.24815203
42.24815203,0.0,0.0,0.0,0.0,0.0,0.0,negative,42.08230284
42.08230284,0.7185285091400146,0.717010498046875,0.0,0.0,3.0,3.0,positive,42.24259402
42.24259402,0.0,0.0,0.9744758605957032,0.0,3.0,0.0,negative,42.2232676
42.2232676,0.7927969098091125,0.0,0.0,0.7606560587882996,3.0,2.0,positive,42.28488375
42.28488375,0.0,0.0,0.0,0.0,0.0,0.0,positive,42.30724549
42.30724549,0.0,0.0,0.0,0.0,4.0,0.0,negative,42.19487612
42.19487612,0.0,1.5084017515182495,0.0,0.0,0.0,2.0,negative,41.79335827
41.79335827,0.8534379601478577,0.7792008519172668,0.0,0.0,2.0,5.0,positive,41.83743631
41.83743631,0.0,1.6027506589889526,0.0,0.0,2.0,4.0,positive,41.90480913
41.90480913,2.1911503672599792,0.0,0.0,0.0,7.0,0.0,positive,41.93946646
41.93946646,0.7618409991264343,1.5797916054725647,1.7086985111236572,0.0,6.0,3.0,positive,41.97580954
41.97580954,0.7328039407730103,0.0,0.9944679141044616,0.0,4.0,3.0,positive,42.1585768
42.1585768,0.0,2.311744630336761,0.0,0.0,6.0,3.0,positive,42.2532705
42.2532705,0.0,0.0,0.7997767925262451,0.0,7.0,1.0,negative,42.1716128303
42.1716128303,0.0,0.0,0.0,0.0,4.0,0.0,positive,42.25025082
42.25025082,0.9879262447357178,0.7252935171127319,1.7712134718894958,0.0,8.0,2.0,negative,42.16831407
42.16831407,0.0,0.0,0.79157954454422,0.0,11.0,1.0,positive,42.39422556
42.39422556,0.9738741517066956,0.8193963170051575,0.748557984828949,0.768682599067688,5.0,3.0,negative,42.3901457415
42.3901457415,0.0,0.0,0.0,0.0,7.0,0.0,positive,43.13496037
43.13496037,0.8170597553253174,0.0,0.9410638213157654,0.0,7.0,0.0,positive,43.3487738
43.3487738,1.64641934633255,0.7035294771194458,0.7078653573989868,0.0,5.0,1.0,positive,43.55174403
43.55174403,1.6505404114723206,4.080362200737,1.655760407447815,0.0,8.0,5.0,positive,43.63788497
43.63788497,0.0,0.7429009675979614,0.0,0.0,3.0,5.0,negative,43.56481054
43.56481054,0.0,0.0,1.4242068529129028,0.0,4.0,1.0,positive,43.86602805
43.86602805,0.7982569336891174,0.0,0.0,0.0,6.0,0.0,negative,43.75654598
43.75654598,0.7202581763267517,0.0,0.9582055807113647,0.0,7.0,0.0,negative,43.6738741
43.6738741,0.7951168417930603,0.800118088722229,0.7583156228065491,0.0,5.0,1.0,positive,43.67870541
43.67870541,0.0,0.7729654312133789,3.8760231733322144,0.0,15.0,3.0,negative,43.60907336
43.60907336,0.8081913590431213,1.503829002380371,0.0,0.0,5.0,2.0,negative,43.56889733
43.56889733,1.689399540424347,0.0,1.4190939664840698,0.0,8.0,0.0,negative,43.53811967
43.53811967,0.0,0.0,0.7426188588142395,0.0,4.0,0.0,negative,43.53590013
43.53590013,0.0,0.0,1.7952874898910522,0.0,9.0,1.0,negative,43.52111584
43.52111584,0.7449841499328613,0.0,0.0,0.0,5.0,1.0,positive,43.53277529
43.53277529,1.6327010989189148,0.7693091034889221,0.0,0.0,6.0,3.0,negative,43.4621009
43.4621009,0.0,0.7529182434082031,0.7117903232574463,0.0,3.0,3.0,positive,43.61614844
43.61614844,0.723021388053894,0.0,0.0,0.0,12.0,0.0,negative,43.56830672
43.56830672,0.0,0.0,0.927915334701538,0.0,4.0,1.0,positive,43.76814468
43.76814468,0.0,0.0,0.0,0.0,0.0,0.0,negative,43.73072114
43.73072114,0.8589462041854858,0.0,0.9787420630455016,0.0,6.0,0.0,positive,43.8256047455
43.8256047455,0.7342307567596436,0.0,1.7489911913871763,0.0,9.0,1.0,negative,43.705007081
43.705007081,2.456960618495941,0.0,0.9491629600524902,0.0,6.0,0.0,negative,43.6246892993
43.6246892993,0.0,1.548740565776825,0.0,0.0,4.0,3.0,positive,43.6604559495
43.6604559495,0.0,0.0,0.0,0.0,2.0,0.0,negative,43.4913849756
43.4913849756,0.0,0.0,0.0,0.0,1.0,0.0,negative,43.35491837
43.35491837,0.8902940154075623,0.0,1.6574330925941467,0.0,5.0,0.0,positive,43.39106679
43.39106679,0.0,0.0,0.0,0.0,1.0,0.0,positive,43.4868054375
43.4868054375,0.0,0.0,0.0,0.0,1.0,0.0,positive,43.6024421547
43.6024421547,0.0,0.0,0.0,0.0,0.0,0.0,negative,43.420818608
43.420818608,0.0,0.0,0.0,0.0,2.0,0.0,positive,43.4403804303
43.4403804303,0.8602415919303894,0.0,0.8544626235961914,0.0,2.0,1.0,positive,43.55065805
43.55065805,0.0,0.0,0.0,0.0,2.0,0.0,positive,43.66303628
43.66303628,0.0,0.0,0.0,0.0,2.0,2.0,negative,43.62774282
43.62774282,0.0,0.7271627187728882,0.0,0.0,0.0,1.0,positive,43.6541886
43.6541886,1.6896965503692627,0.871938169002533,0.7565205693244934,0.0,5.0,1.0,negative,43.64699619
43.64699619,0.0,3.0180622935295105,0.7887369394302368,0.0,1.0,7.0,negative,43.60205007
43.60205007,0.0,0.0,0.7615343928337097,0.0,3.0,0.0,positive,43.67904518
43.67904518,0.0,0.0,0.0,0.0,0.0,1.0,negative,43.6402131
43.6402131,0.0,0.0,0.0,0.0,0.0,1.0,positive,44.75630342
44.75630342,0.8065699338912964,0.0,0.0,0.7885189652442932,2.0,6.0,positive,44.93611621
44.93611621,0.0,7.654151916503906,0.0,0.0,2.0,10.0,positive,45.21404377
45.21404377,0.0,3.440788328647613,1.6093236207962036,0.0,3.0,4.0,negative,45.0851297
45.0851297,0.0,0.0,0.0,0.0,0.0,3.0,negative,44.89119081
44.89119081,0.0,0.0,1.8578364849090576,0.0,4.0,2.0,positive,44.9053308937
44.9053308937,0.0,0.7641115784645081,0.0,0.0,1.0,2.0,negative,44.8608751
44.8608751,0.0,0.0,0.0,0.0,0.0,0.0,negative,44.73190748
44.73190748,0.0,0.7710819840431213,0.877852737903595,0.0,2.0,2.0,positive,44.8269280418
44.8269280418,0.0,0.7529182434082031,0.0,0.0,2.0,2.0,positive,44.86067819
44.86067819,0.0,0.7192139625549316,0.0,0.0,1.0,1.0,positive,45.01883088
45.01883088,0.0,0.0,0.8825064897537231,0.0,2.0,0.0,negative,44.93724759
44.93724759,0.9045762419700624,0.0,0.7280282974243164,0.0,2.0,0.0,positive,44.94606872
44.94606872,0.0,0.0,0.0,0.0,2.0,0.0,negative,44.88681649
44.88681649,0.0,0.0,0.0,0.0,0.0,0.0,negative,44.87930655
44.87930655,0.0,0.0,0.0,0.0,0.0,0.0,negative,44.87072714
44.87072714,0.0,0.0,0.0,0.0,1.0,1.0,negative,44.66649797
44.66649797,0.0,0.0,0.0,0.0,1.0,0.0,positive,44.818185
44.818185,0.8169674277305603,2.2694348096847534,0.0,0.0,1.0,5.0,positive,45.25487106
45.25487106,0.8395402431488037,0.0,0.0,0.0,3.0,0.0,negative,45.13064973
45.13064973,0.8487882614135742,0.7461380958557129,0.7300015687942505,0.0,6.0,2.0,negative,44.91337544
44.91337544,0.0,0.8250661492347717,0.0,0.0,1.0,1.0,positive,45.02285224
45.02285224,0.7652594447135925,0.0,0.0,0.0,3.0,1.0,negative,44.78070413
44.78070413,0.0,0.0,0.0,0.0,1.0,4.0,positive,44.9235156579
44.9235156579,0.0,0.744170069694519,0.0,0.0,1.0,1.0,positive,44.93953583
44.93953583,0.0,0.0,0.8818280696868896,0.0,1.0,0.0,negative,44.85007694
44.85007694,0.0,0.0,0.0,0.0,2.0,0.0,negative,44.74418013
44.74418013,0.0,0.0,0.0,0.0,1.0,1.0,negative,44.59585191
44.59585191,0.801418662071228,0.0,0.0,0.0,2.0,0.0,positive,44.73413648
44.73413648,0.0,0.7758245468139648,0.9305349588394164,0.0,1.0,2.0,negative,44.73362682
44.73362682,0.0,0.0,0.0,0.0,2.0,2.0,negative,44.49678204
44.49678204,0.0,0.7629026174545288,0.0,0.0,2.0,1.0,positive,44.60939204
44.60939204,0.0,0.0,0.0,0.0,0.0,0.0,negative,44.15572542
44.15572542,0.0,0.0,0.0,0.0,0.0,3.0,positive,44.20206429
44.20206429,0.0,0.0,0.0,0.0,1.0,0.0,negative,44.19600731
44.19600731,0.0,0.8006656765937805,0.0,0.0,1.0,1.0,positive,44.31355683
44.31355683,0.0,0.0,0.0,0.0,0.0,0.0,positive,44.36472634
44.36472634,0.0,0.0,0.0,0.0,0.0,0.0,negative,44.30390243
44.30390243,0.0,0.9430454969406128,0.0,0.0,1.0,1.0,negative,44.24308156
44.24308156,0.0,0.0,0.0,0.0,0.0,1.0,negative,44.16800806
44.16800806,0.911362648010254,0.0,0.0,0.0,6.0,2.0,positive,44.29051214
44.29051214,0.0,0.0,0.810745358467102,0.0,1.0,1.0,positive,44.3803103
44.3803103,0.0,0.0,0.0,0.0,2.0,0.0,positive,44.40214101
44.40214101,0.0,0.7922821640968323,0.0,0.0,6.0,1.0,negative,44.38958129
44.38958129,0.0,0.7269625067710876,0.0,0.0,2.0,1.0,positive,44.67246654
44.67246654,0.7310472726821899,0.0,0.944746434688568,0.0,3.0,1.0,negative,44.52646508
44.52646508,0.0,0.0,0.0,0.0,5.0,0.0,negative,44.47067789
44.47067789,0.0,0.0,0.0,0.0,2.0,0.0,positive,44.50986892
44.50986892,1.6906740069389343,0.8347854018211365,2.288778245449066,0.0,7.0,1.0,negative,44.25498709
44.25498709,0.0,0.0,0.7635180950164795,0.0,3.0,0.0,negative,44.18254056
44.18254056,1.4708905816078186,1.5485431551933289,0.0,0.0,6.0,3.0,negative,44.16637405
44.16637405,0.8114473223686218,0.0,0.8468464612960815,0.0,7.0,0.0,positive,45.2411376
45.2411376,0.0,0.8731672763824463,0.7794093489646912,0.0,2.0,1.0,positive,46.24081666
46.24081666,0.0,0.0,0.0,0.0,2.0,0.0,positive,46.8212518
46.8212518,0.8976932168006897,0.0,0.0,0.0,7.0,1.0,positive,46.86384435
46.86384435,0.8239907622337341,0.0,1.5706965327262878,0.0,8.0,0.0,positive,47.01690961
47.01690961,0.0,0.0,0.0,0.0,2.0,0.0,positive,47.07197176
47.07197176,0.0,1.5183314085006714,0.0,0.0,0.0,2.0,positive,47.13461893
47.13461893,0.7816853523254395,0.0,0.0,0.0,2.0,0.0,positive,47.5148019222
47.5148019222,0.0,1.6555468440055847,0.8097291588783264,0.0,4.0,6.0,negative,47.41132513
47.41132513,0.0,0.0,0.7733401656150818,0.0,4.0,1.0,negative,47.37005948
47.37005948,0.7150036096572876,1.4722615480422974,0.0,0.0,5.0,2.0,positive,47.40271141
47.40271141,0.8054193258285522,0.0,0.0,0.0,3.0,2.0,negative,47.36898154
47.36898154,0.0,0.0,0.7527846097946167,0.0,1.0,0.0,negative,46.9878774
46.9878774,0.0,0.8183724880218506,0.7413222789764404,0.7668107748031616,5.0,3.0,positive,47.2217116
47.2217116,0.0,0.0,0.0,0.0,2.0,0.0,positive,47.59766602
47.59766602,0.0,0.0,0.0,0.0,1.0,1.0,positive,48.07876066
48.07876066,0.0,0.0,0.0,0.0,2.0,3.0,positive,48.1928743675
48.1928743675,1.6825286149978638,0.8895447850227356,0.0,0.0,8.0,1.0,positive,48.44407091
48.44407091,0.8976932168006897,0.0,0.0,0.0,2.0,1.0,negative,48.33971896
48.33971896,0.936391055583954,0.8990882635116577,1.5784714221954346,0.0,4.0,1.0,positive,48.90927666
48.90927666,0.0,0.0,0.0,0.0,2.0,0.0,positive,48.93727482
48.93727482,1.7080368995666504,1.5288141965866089,1.521645188331604,0.0,9.0,2.0,positive,49.11713812
49.11713812,0.7261749505996704,0.0,0.8263645172119141,0.7829365730285645,5.0,1.0,negative,48.80476604
48.80476604,0.0,8.118532061576843,0.744138777256012,2.481187045574188,3.0,23.0,negative,48.65617232
48.65617232,0.0,1.6334956884384155,0.0,0.0,0.0,5.0,negative,48.1835751
48.1835751,0.0,2.3908787965774536,0.913074553012848,0.0,1.0,6.0,positive,48.33822334
48.33822334,1.6080577969551086,0.8543369174003601,1.7385937571525574,0.8076727986335754,5.0,5.0,positive,48.53563668
48.53563668,0.0,0.0,0.0,0.0,3.0,2.0,negative,48.28799773
48.28799773,0.0,0.8353235125541687,0.7265394926071167,0.0,2.0,1.0,positive,48.49890474
48.49890474,0.0,0.7074301838874817,0.0,0.0,0.0,1.0,positive,48.89389841
48.89389841,0.0,0.7603089809417725,0.7674163579940796,1.627569556236267,2.0,11.0,positive,49.24698712
49.24698712,0.0,2.347193717956543,0.0,0.0,1.0,4.0,positive,50.13763259
50.13763259,0.841969907283783,0.7212562561035156,0.0,0.0,3.0,2.0,negative,49.62266236
49.62266236,0.0,0.0,0.0,0.0,1.0,0.0,negative,48.3261334
48.3261334,0.0,0.7288118600845337,0.9113810658454896,0.0,1.0,1.0,positive,48.33525776
48.33525776,0.0,0.0,0.0,0.0,0.0,1.0,negative,47.8907310751
47.8907310751,1.4931193590164185,0.7074301838874817,0.9019759893417358,0.0,5.0,3.0,positive,48.0783698
48.0783698,0.0,0.0,0.0,0.0,1.0,1.0,positive,48.49101159
48.49101159,0.0,0.7540755867958069,0.0,0.0,0.0,2.0,negative,48.2928186
48.2928186,0.8488102555274963,0.9900084733963012,0.9161415696144104,0.9079576134681702,2.0,5.0,negative,48.27911159
48.27911159,1.6694278717041016,0.0,0.8923484086990356,0.0,6.0,0.0,negative,48.24492042
48.24492042,0.7669665813446045,0.0,0.0,0.0,4.0,1.0,negative,48.0896439312
48.0896439312,0.0,0.0,0.0,0.0,2.0,2.0,negative,47.85892854
47.85892854,0.0,0.0,1.7036218047142029,0.8910837769508362,4.0,1.0,positive,47.8925569
47.8925569,0.0,0.0,0.0,0.0,4.0,0.0,positive,48.03071469
48.03071469,0.0,0.7858383059501648,0.0,0.0,1.0,1.0,positive,48.07540635
48.07540635,0.0,0.78144371509552,0.0,0.0,3.0,2.0,negative,47.97871897
47.97871897,0.0,0.7611258029937744,0.0,0.0,1.0,1.0,positive,48.44282236
48.44282236,0.0,0.0,0.9111361503601074,0.0,2.0,0.0,positive,48.88121527
48.88121527,0.0,0.0,0.0,0.8814663887023926,3.0,2.0,positive,48.9732454354
48.9732454354,0.0,0.0,0.0,0.0,0.0,1.0,negative,48.78592894
48.78592894,0.0,0.8808109164237976,0.8590028882026672,0.0,3.0,4.0,negative,48.78380334
48.78380334,0.0,0.0,0.8783687353134155,0.0,6.0,0.0,negative,48.68338447
48.68338447,0.0,6.9784321784973145,0.0,4.347006142139435,2.0,29.0,positive,49.06431036
49.06431036,0.0,5.749983429908752,0.9915394186973572,0.8204552531242371,4.0,17.0,negative,48.42133615
48.42133615,0.8271347284317017,0.0,0.0,0.7360984683036804,2.0,1.0,positive,48.4708722605
48.4708722605,0.0,0.0,0.0,0.0,1.0,0.0,positive,48.52047204
48.52047204,0.0,0.0,0.0,0.0,0.0,0.0,positive,48.71374845
48.71374845,0.0,0.0,0.0,0.0,1.0,0.0,positive,48.9435359163
48.9435359163,0.0,0.0,0.0,0.0,1.0,2.0,positive,49.16980872
49.16980872,0.9835675358772278,0.0,0.0,0.0,3.0,1.0,negative,49.05250403
49.05250403,1.6232511401176453,0.0,0.0,0.0,4.0,2.0,negative,47.86152801
47.86152801,0.0,0.0,0.0,0.0,3.0,1.0,negative,47.84283497
47.84283497,0.9855833053588868,1.8042868971824648,0.0,0.0,3.0,3.0,positive,48.40846866
48.40846866,0.7317148447036743,4.1345003843307495,1.5650058388710022,0.8351019024848938,3.0,8.0,positive,51.05705845
51.05705845,0.0,0.0,0.0,0.0,3.0,2.0,positive,51.9062947
51.9062947,2.4266125559806824,0.7843308448791504,1.4522340893745422,0.0,13.0,2.0,positive,52.1554501459
52.1554501459,0.0,0.0,0.0,0.0,5.0,2.0,positive,54.08298986
54.08298986,4.13253253698349,0.9119130969047546,3.411124885082245,0.0,15.0,1.0,negative,53.22812257
53.22812257,1.6478724479675293,1.675587177276611,0.0,0.0,3.0,4.0,positive,54.45642736
54.45642736,1.5854098796844482,0.7403881549835205,1.488745927810669,0.0,5.0,1.0,negative,52.95002692
52.95002692,0.9837875366210938,0.8931312561035156,1.6511982679367063,0.0,11.0,1.0,positive,53.5464335157
53.5464335157,2.219984710216522,0.7467682361602783,0.0,0.0,5.0,2.0,positive,54.01254897
54.01254897,0.0,1.7197580933570862,0.0,0.0,3.0,2.0,negative,53.97468514
53.97468514,0.0,6.4790008664131165,0.0,0.0,0.0,9.0,negative,53.345035298
53.345035298,0.0,0.0,0.0,0.0,0.0,3.0,positive,53.38600207
53.38600207,0.0,2.4169610738754272,0.0,0.8466708064079285,1.0,5.0,negative,53.33412784
53.33412784,0.0,0.0,0.0,0.0,0.0,0.0,positive,53.60500967
53.60500967,1.5920565724372864,4.97527414560318,0.0,0.0,4.0,6.0,negative,53.16919291
53.16919291,0.0,0.0,2.495484232902527,0.0,3.0,1.0,negative,53.0080785
53.0080785,0.0,0.0,0.0,0.0,0.0,0.0,negative,52.53872042
52.53872042,2.2532739639282227,0.7287839651107788,0.0,0.0,7.0,1.0,positive,52.5839422166
52.5839422166,0.0,0.7579485774040222,0.0,0.0,0.0,1.0,positive,53.56600288
53.56600288,0.772278368473053,0.7905153036117554,0.0,0.0,1.0,1.0,negative,53.47111684
53.47111684,0.0,0.0,0.0,0.0,7.0,1.0,positive,53.89586093
53.89586093,2.4773383736610413,0.7248846292495728,1.783572554588318,0.8956393003463745,16.0,3.0,positive,54.97943144
54.97943144,0.7934317588806152,10.047386288642883,0.7213010191917419,4.355579733848572,5.0,40.0,positive,55.45106963
55.45106963,3.267215132713318,2.6416632533073425,1.7158260941505432,0.8318595290184021,17.0,15.0,positive,56.30078207
56.30078207,3.9894365668296814,3.529547691345215,1.7952131032943726,0.7325770258903503,17.0,11.0,positive,56.35517236
56.35517236,1.7348384261131289,2.664472043514252,0.0,1.638478934764862,9.0,8.0,positive,56.58118056
56.58118056,2.465628445148468,2.3672921657562256,0.0,1.7877382040023804,11.0,7.0,positive,56.63608974
56.63608974,0.0,1.5285986065864563,1.5254446268081665,0.7032381296157837,11.0,6.0,negative,56.56964707
56.56964707,3.9456130862236014,0.7639064788818359,3.39948832988739,0.0,18.0,3.0,negative,55.98829158
55.98829158,0.0,0.7395481467247009,0.700711190700531,0.0,11.0,2.0,negative,55.54917734
55.54917734,0.8300904631614685,2.1431342363357544,0.7911161780357361,0.8868971467018127,5.0,8.0,positive,55.57520501
55.57520501,0.0,0.0,0.0,0.0,3.0,3.0,negative,55.20251786
55.20251786,0.0,1.4932492971420288,0.82573002576828,0.0,2.0,5.0,positive,55.88300884
55.88300884,0.0,0.0,0.7679083943367004,0.0,2.0,1.0,negative,55.54236469
55.54236469,0.0,0.740286648273468,0.7941473722457886,1.6417192816734314,2.0,4.0,positive,55.87300642
55.87300642,2.3706796169281006,2.381982684135437,0.8591054677963257,1.690632402896881,6.0,6.0,negative,55.77243232
55.77243232,0.0,0.0,0.0,0.0,1.0,3.0,positive,55.92270043
55.92270043,0.0,0.0,0.9254394173622132,0.0,2.0,0.0,positive,56.69272818
56.69272818,0.7850841879844666,2.5583130717277527,0.0,0.0,1.0,4.0,negative,56.06389111
56.06389111,0.0,2.224162518978119,0.0,0.8235825896263123,3.0,6.0,negative,55.95662381
55.95662381,0.0,0.8174444437026978,1.809216320514679,0.0,3.0,1.0,negative,55.69923751
55.69923751,0.0,0.7871081829071045,0.7476215362548828,0.0,1.0,1.0,negative,55.54883258
55.54883258,0.0,0.0,0.836800754070282,0.0,1.0,0.0,positive,55.69577969
55.69577969,0.0,1.503909170627594,0.0,0.0,3.0,2.0,positive,55.79822603
55.79822603,0.0,0.9809392094612122,0.0,0.0,1.0,1.0,negative,55.29675549
55.29675549,0.8174043297767639,1.449558436870575,0.9302024841308594,0.0,4.0,3.0,positive,55.62519517
55.62519517,0.0,0.0,0.0,0.8306125998497009,3.0,2.0,positive,55.66100187
55.66100187,0.0,4.1553990840911865,0.0,0.0,4.0,9.0,negative,55.58220275
55.58220275,0.0,1.694843053817749,1.8877092599868772,0.0,3.0,3.0,negative,55.12645579
55.12645579,0.0,0.0,0.0,0.0,1.0,0.0,positive,55.65874901
55.65874901,0.0,0.7688695192337036,2.634867489337921,0.0,5.0,1.0,negative,55.63364183
55.63364183,0.9199670553207396,0.8567193150520325,0.0,0.0,5.0,3.0,positive,55.75234407
55.75234407,0.0,0.776041567325592,0.9588514566421508,0.0,4.0,1.0,positive,55.81057183
55.81057183,0.7232513427734375,0.0,0.0,0.0,3.0,0.0,negative,55.58796694
55.58796694,0.0,0.8275790810585022,2.349595010280609,0.0,4.0,2.0,negative,55.17200391
55.17200391,0.0,1.6678624749183657,0.0,0.0,4.0,2.0,positive,55.18923871
55.18923871,0.8477808237075806,0.0,0.0,0.0,8.0,1.0,negative,54.96851667
54.96851667,0.7209580540657043,0.0,0.0,0.0,3.0,1.0,negative,54.59850105
54.59850105,0.0,0.0,0.7788463234901428,0.0,4.0,1.0,positive,54.65299778
54.65299778,1.6029877662658691,0.0,0.0,0.0,4.0,1.0,positive,54.90428122
54.90428122,0.7094691395759583,1.711809158325195,0.8457707762718201,0.0,5.0,2.0,negative,54.39244218
54.39244218,0.0,0.8725594282150269,0.0,0.7537572979927063,1.0,3.0,positive,54.66137334
54.66137334,0.0,0.0,0.0,0.0,1.0,0.0,negative,54.4670203837
54.4670203837,0.0,0.0,0.0,0.0,0.0,0.0,positive,54.82799595
54.82799595,0.0,1.5113924741744995,0.0,0.0,1.0,3.0,negative,54.73993106
54.73993106,0.0,1.520617961883545,0.0,0.0,0.0,3.0,negative,54.47850891
54.47850891,0.0,0.0,0.0,0.0,1.0,0.0,positive,54.48990356
54.48990356,0.7882422804832458,0.0,0.0,0.0,4.0,0.0,positive,54.7201602291
54.7201602291,0.9735128283500672,0.7658123970031738,1.4961692094802856,0.0,9.0,3.0,positive,56.41378525
56.41378525,0.0,0.0,2.3486485481262207,0.0,12.0,1.0,positive,56.64590318
56.64590318,0.0,4.7677183747291565,0.8932046890258789,0.9423004984855652,7.0,9.0,positive,57.2473304
57.2473304,2.5126514434814453,0.7021086812019348,3.3655673265457158,0.0,15.0,2.0,negative,56.80977825
56.80977825,2.585061550140381,0.7711958289146423,0.7233068346977234,0.7516287565231323,20.0,4.0,negative,56.71131663
56.71131663,0.7829895615577698,0.0,0.0,0.0,6.0,1.0,positive,56.8613057713
56.8613057713,0.0,0.0,1.7619938850402832,1.67227303981781,6.0,5.0,negative,56.82466909
56.82466909,0.700646698474884,0.0,1.7604233622550964,0.7362198233604431,8.0,1.0,positive,57.31607947
57.31607947,1.7139741778373718,0.7729002237319946,0.0,0.7753936052322388,4.0,5.0,negative,57.1348286641
57.1348286641,1.6835781335830688,0.0,1.5709304809570312,0.0,7.0,2.0,positive,57.2666155
57.2666155,0.0,0.7779342532157898,1.6955538392066956,0.0,3.0,2.0,negative,56.64311208
56.64311208,0.8404373526573181,0.7858383059501648,0.0,0.0,4.0,3.0,negative,56.572016
56.572016,0.0,0.0,0.0,0.0,2.0,1.0,negative,55.92182076
55.92182076,0.0,0.7192139625549316,0.0,0.0,6.0,1.0,negative,55.91593011
55.91593011,1.6612112522125244,0.0,0.0,0.0,9.0,3.0,negative,55.90719826
55.90719826,0.7210274934768677,0.0,0.0,0.0,6.0,1.0,positive,56.34704126
56.34704126,1.529148519039154,0.8517177700996399,0.0,0.0,5.0,1.0,negative,56.2344007919
56.2344007919,0.0,0.0,0.731727659702301,0.9918619990348816,5.0,1.0,positive,56.85108222
56.85108222,0.725110650062561,0.0,0.0,0.0,5.0,0.0,negative,56.54865353
56.54865353,1.6437585949897766,0.0,0.0,0.0,4.0,1.0,positive,56.69994392
56.69994392,0.7721251249313354,0.0,0.0,0.0,3.0,0.0,negative,56.51700979
56.51700979,0.0,0.0,0.0,0.7998422384262085,4.0,1.0,positive,57.06835128
57.06835128,0.0,0.8770506978034973,0.0,0.0,2.0,1.0,positive,57.3432858313
57.3432858313,0.0,0.7114840149879456,0.8793917298316956,0.0,3.0,1.0,positive,57.58904418
57.58904418,0.8423013687133789,1.543414831161499,0.0,0.0,2.0,3.0,negative,57.43214047
57.43214047,2.348417997360229,0.7023677229881287,1.5243018865585327,0.0,8.0,1.0,positive,57.96751275
57.96751275,0.8521041870117188,0.0,0.7052986025810242,0.0,8.0,0.0,negative,57.87345632
57.87345632,1.5783077478408811,0.0,0.0,0.0,3.0,3.0,positive,58.21174114
58.21174114,0.9401039481163024,0.9069533944129944,0.9287542104721068,0.0,7.0,1.0,negative,58.06252244
58.06252244,0.8334225416183472,2.469223499298096,0.8429898619651794,0.0,7.0,3.0,negative,57.75275804
57.75275804,0.9231217503547668,0.7428827881813049,0.0,0.0,2.0,1.0,positive,58.04435247
58.04435247,0.0,0.0,0.0,0.8191266059875488,1.0,1.0,positive,58.13821401
58.13821401,0.0,1.8036378622055051,0.0,0.0,1.0,2.0,positive,58.39591116
58.39591116,0.0,0.7186338901519775,1.5712308883666992,0.0,3.0,1.0,negative,57.88019975
57.88019975,0.7151573896408081,0.7247587442398071,1.4927597045898438,0.0,4.0,2.0,positive,57.99813709
57.99813709,0.0,0.717010498046875,0.8464249968528748,0.0,2.0,3.0,negative,57.69741919
57.69741919,0.8679388761520386,0.0,1.572867929935455,0.0,4.0,0.0,positive,57.7958961604
57.7958961604,0.0,0.8533816933631897,1.691146731376648,0.0,2.0,1.0,positive,58.66490363
58.66490363,0.0,0.0,0.7847426533699036,0.0,7.0,2.0,positive,59.07210715
59.07210715,0.0,0.0,0.0,0.0,0.0,1.0,positive,59.85383093
59.85383093,2.453115463256836,0.0,0.0,0.0,9.0,1.0,positive,59.94119204
59.94119204,0.862823486328125,0.0,0.0,0.0,3.0,0.0,negative,59.77871125
59.77871125,0.0,0.0,0.0,0.9716904759407043,2.0,1.0,negative,59.20044828
59.20044828,0.0,0.0,0.0,0.0,1.0,1.0,positive,59.4790775
59.4790775,0.0,0.0,0.0,0.0,2.0,0.0,positive,59.69305566
59.69305566,0.9222795963287354,0.0,0.0,0.0,2.0,0.0,negative,59.32042751
59.32042751,0.0,0.0,0.0,0.0,2.0,0.0,positive,59.62004408
59.62004408,0.8472511172294617,0.0,0.8176631927490234,0.0,8.0,0.0,negative,59.57042958
59.57042958,0.701019823551178,0.0,0.7844918966293335,0.0,10.0,0.0,negative,58.91857112
58.91857112,0.7793601155281067,0.8107643127441406,0.0,0.0,5.0,2.0,positive,59.11546203
59.11546203,1.7774296402931211,0.8066720962524414,0.8128018975257874,0.0,5.0,9.0,positive,59.30804637
59.30804637,0.7986651659011841,4.09197324514389,0.0,1.5940660238265991,3.0,13.0,positive,59.78223997
59.78223997,0.0,2.426690876483917,0.7390428781509399,4.218980848789215,9.0,13.0,positive,60.65761315
60.65761315,3.316552996635437,0.0,1.543945014476776,1.68713116645813,8.0,4.0,negative,60.37941876
60.37941876,2.594196856021881,0.0,0.9148691296577454,0.0,8.0,0.0,positive,61.05257916
61.05257916,1.563614845275879,0.7532371878623962,1.51491117477417,0.0,6.0,5.0,positive,61.41608559
61.41608559,0.8074144721031189,1.7775496244430542,0.0,0.0,2.0,2.0,negative,60.70679569
60.70679569,2.7371535301208496,0.7196855545043945,0.9892235398292542,0.0,15.0,2.0,positive,61.3226676613
61.3226676613,0.7405195832252502,0.762822687625885,1.69743674993515,0.8041029572486877,5.0,3.0,negative,61.29322579
61.29322579,0.0,0.0,0.0,0.0,3.0,1.0,negative,60.80210847
60.80210847,2.3500178456306458,0.0,5.011629998683929,0.0,13.0,2.0,positive,61.35346001
61.35346001,0.0,0.0,0.9508957266807556,0.7611764669418335,8.0,2.0,positive,62.9560791
62.9560791,0.7723392844200134,0.0,0.0,0.0,3.0,2.0,positive,64.41230874
64.41230874,0.7829078435897827,1.922662436962128,0.0,0.0,4.0,4.0,negative,58.43530395
58.43530395,0.0,2.3912052512168884,2.5902658104896545,0.0,7.0,3.0,negative,57.5073186512
57.5073186512,0.0,0.719810426235199,0.0,0.0,3.0,1.0,negative,57.45077489
57.45077489,0.9012966752052308,0.0,0.0,0.0,3.0,0.0,positive,58.7692183
58.7692183,0.8645005226135254,0.7435930967330933,0.0,0.0,6.0,1.0,negative,58.31027203
58.31027203,0.0,0.8132172226905823,0.0,0.0,1.0,2.0,negative,57.97207962
57.97207962,0.0,1.520158290863037,0.0,0.0,2.0,2.0,negative,57.53653775
57.53653775,0.81920325756073,0.0,0.7092587947845459,0.0,3.0,0.0,negative,56.43367506
56.43367506,0.0,0.0,0.74281907081604,0.0,2.0,0.0,negative,56.12879465
56.12879465,0.0,0.0,0.0,0.0,4.0,0.0,positive,57.0284537384
57.0284537384,1.6041804552078247,2.502230942249298,0.0,0.0,2.0,3.0,positive,57.06916122
57.06916122,0.0,0.0,0.0,0.0,2.0,0.0,negative,56.48922218
56.48922218,2.3824738264083862,0.0,1.818890690803528,0.0,11.0,1.0,positive,57.2336626
57.2336626,0.8976932168006897,1.4522041082382202,2.452594578266144,0.0,10.0,4.0,positive,57.61424337
57.61424337,0.8175041675567627,3.613004148006439,0.785793662071228,0.0,7.0,4.0,positive,57.6945697297
57.6945697297,1.7069452404975891,0.0,1.752630591392517,0.0,14.0,0.0,negative,57.51554146
57.51554146,0.7624518871307373,0.7271000146865845,0.9533308148384094,1.7372281551361084,7.0,6.0,negative,57.15405782
57.15405782,0.0,0.7666706442832947,0.0,0.0,3.0,1.0,positive,57.24777457
57.24777457,0.0,1.7878409028053284,0.0,0.0,1.0,3.0,negative,56.835773
56.835773,0.0,0.0,0.0,0.7037690877914429,0.0,3.0,negative,56.64144374
56.64144374,0.0,0.0,0.0,0.0,0.0,3.0,positive,57.04511632
57.04511632,0.0,0.7634859085083008,0.8329780697822571,0.0,3.0,1.0,positive,57.2075591
57.2075591,0.0,0.7254749536514282,0.0,0.0,0.0,1.0,positive,57.33949286
57.33949286,0.0,0.0,0.0,0.0,0.0,1.0,negative,56.97317489
56.97317489,0.8260847330093384,0.0,0.0,0.0,2.0,1.0,positive,57.20608961
57.20608961,0.0,0.0,0.0,0.0,0.0,0.0,positive,57.3605157
57.3605157,0.0,0.0,0.0,0.0,2.0,0.0,positive,57.59451697
57.59451697,0.0,0.0,0.0,0.0,2.0,0.0,negative,57.46962309
57.46962309,0.0,0.0,0.0,0.0,1.0,1.0,negative,57.4176463601
57.4176463601,0.0,1.5543334484100342,0.0,0.0,0.0,2.0,negative,57.2509275
57.2509275,0.9118314385414124,0.0,0.7326034307479858,0.0,5.0,0.0,positive,57.29954432
57.29954432,0.0,0.0,0.0,0.0,1.0,0.0,positive,57.78804005
57.78804005,0.0,0.0,0.0,0.0,1.0,0.0,negative,57.7199465
57.7199465,0.7715531587600708,0.0,0.0,0.0,4.0,0.0,positive,58.38375192
58.38375192,0.0,0.7516550421714783,0.0,0.0,1.0,6.0,negative,58.37800133
58.37800133,0.8274080753326416,2.5723085403442383,0.7852962613105774,0.0,6.0,5.0,positive,58.53090139
58.53090139,1.7481784224510193,4.2280256152153015,1.5352283716201782,0.0,9.0,6.0,positive,58.92809955
58.92809955,1.555900156497955,0.0,2.6219876408576965,0.9252482056617736,10.0,1.0,positive,59.49603331
59.49603331,0.7578510642051697,0.0,0.8701075911521912,0.0,12.0,0.0,negative,59.49104536
59.49104536,1.5261275172233582,1.5225054621696472,1.5492309927940369,0.0,9.0,2.0,negative,59.24562224
59.24562224,2.33857262134552,0.7904053926467896,0.0,0.0,15.0,1.0,negative,58.88295574
58.88295574,0.0,0.0,0.0,0.0,1.0,0.0,negative,58.73209777
58.73209777,1.685340702533722,0.9413110017776488,1.8638665676116943,0.0,5.0,2.0,negative,58.15528693
58.15528693,0.0,0.0,0.0,0.0,3.0,0.0,positive,58.46890283
58.46890283,0.9208532571792604,0.0,0.0,0.0,4.0,0.0,positive,59.336415
59.336415,0.7427101135253906,0.0,0.0,0.0,3.0,0.0,negative,59.05806874
59.05806874,0.0,0.7349115014076233,0.0,0.0,1.0,1.0,negative,58.67730581
58.67730581,0.0,1.6420990228652954,0.0,0.0,1.0,2.0,negative,58.29285273
58.29285273,0.0,0.0,0.7397850155830383,0.0,1.0,2.0,positive,58.39761248
58.39761248,1.5538253784179688,0.0,0.0,0.0,5.0,0.0,negative,58.21397735
58.21397735,0.0,0.0,0.0,0.0,0.0,1.0,negative,58.01958729
58.01958729,0.7265786528587341,0.0,0.0,0.0,2.0,0.0,positive,58.36428688
58.36428688,0.8017416596412659,0.0,0.0,0.0,1.0,1.0,negative,58.2646298
58.2646298,0.0,0.9583345651626588,0.0,0.0,1.0,1.0,negative,58.09627195
58.09627195,1.5628504753112793,0.0,0.0,0.0,2.0,0.0,negative,58.06531476
58.06531476,0.0,0.0,0.0,0.0,1.0,1.0,negative,57.43412268
57.43412268,0.8074100613594055,1.5218442678451538,0.0,0.0,4.0,2.0,positive,57.47778607
57.47778607,0.841891884803772,0.0,0.7802839875221252,0.0,6.0,0.0,negative,57.24263181
57.24263181,0.7420976161956787,0.0,0.7673315405845642,0.0,6.0,0.0,positive,57.50618999
57.50618999,0.7116431593894958,0.9230970144271852,1.5662811994552612,0.0,8.0,1.0,positive,57.66107596
57.66107596,0.7289325594902039,0.0,2.4153173565864563,0.0,8.0,2.0,negative,57.29786336
57.29786336,0.7205283641815186,0.0,0.0,0.0,8.0,0.0,positive,57.59648437
57.59648437,2.3087692260742188,0.7529182434082031,1.7611607909202576,0.0,11.0,1.0,negative,57.3960541869
57.3960541869,1.6405643820762634,0.0,4.19243723154068,0.0,11.0,0.0,negative,57.34404875
57.34404875,0.0,0.0,0.8876488208770752,0.0,10.0,0.0,positive,57.39255199
57.39255199,0.0,0.7675473093986511,0.8975573182106018,0.0,6.0,1.0,positive,57.73694503
57.73694503,0.7107558250427246,0.0,0.0,0.0,3.0,1.0,positive,57.77777401
57.77777401,0.8279104828834534,0.940410017967224,1.7277128100395205,0.0,8.0,2.0,negative,57.533054
57.533054,1.587647557258606,0.0,0.0,0.0,2.0,0.0,negative,57.41504388
57.41504388,0.0,0.9033242464065552,0.0,0.0,2.0,1.0,negative,57.33183102
57.33183102,0.0,0.0,0.0,0.0,1.0,1.0,positive,57.43509373
57.43509373,0.0,0.0,0.0,0.9584286212921144,1.0,1.0,positive,57.55045025
57.55045025,0.0,0.0,0.0,0.7810590863227844,1.0,1.0,negative,57.53192078
57.53192078,4.142810940742493,0.0,0.0,0.0,10.0,0.0,positive,57.72513251
57.72513251,0.0,0.0,0.7528245449066162,0.0,3.0,0.0,positive,58.16582286
58.16582286,0.745692789554596,0.0,0.0,0.0,4.0,0.0,negative,57.98156785
57.98156785,0.0,0.0,0.0,0.0,1.0,1.0,negative,57.91642199
57.91642199,0.0,0.0,0.7599833011627197,0.0,3.0,0.0,positive,58.85984717
58.85984717,0.8034701347351074,0.0,0.0,0.0,3.0,1.0,negative,58.83430199
58.83430199,0.0,0.0,0.0,0.0,3.0,0.0,positive,59.10045781
59.10045781,0.0,0.0,0.0,0.0,1.0,0.0,positive,59.23809598
59.23809598,0.0,0.7880415320396423,0.0,0.0,2.0,2.0,negative,59.18035875
59.18035875,0.0,2.2932803630828857,0.0,0.0,5.0,5.0,negative,58.69553141
58.69553141,0.7905627489089966,0.0,0.0,0.0,7.0,0.0,positive,58.90865742
58.90865742,0.7049437165260315,0.0,1.5489909052848816,0.0,9.0,1.0,positive,58.9963896033
58.9963896033,0.8433512449264526,0.0,0.0,0.8051546812057495,5.0,2.0,positive,59.07495418
59.07495418,0.0,0.8277180790901184,2.3067787885665894,0.9250124096870422,7.0,2.0,positive,59.15069576
59.15069576,0.0,0.8176946043968201,0.0,0.7388524413108826,3.0,2.0,positive,59.27709227
59.27709227,1.4636197090148926,0.0,0.716110110282898,0.0,8.0,0.0,positive,59.43810584
59.43810584,2.503011167049408,0.0,0.9340755343437196,0.0,12.0,1.0,positive,59.65536236
59.65536236,0.7140688300132751,0.0,0.0,0.0,4.0,1.0,negative,58.66682556
58.66682556,0.0,0.0,0.0,0.0,4.0,0.0,positive,59.01070626
59.01070626,0.0,0.0,0.0,0.0,1.0,0.0,positive,59.07142506
59.07142506,0.0,0.0,0.0,0.0,2.0,0.0,negative,58.69427229
58.69427229,0.0,0.0,0.0,0.0,1.0,1.0,negative,58.62241907
58.62241907,0.0,0.0,0.0,0.8166495561599731,4.0,1.0,negative,58.48731504
58.48731504,0.0,0.9123066067695618,0.0,0.8014248013496399,2.0,3.0,negative,58.14820998
58.14820998,1.6809557676315308,0.0,0.0,0.0,2.0,0.0,negative,58.10318311
58.10318311,0.0,1.6246739029884338,0.7034283876419067,0.7791983485221863,1.0,3.0,positive,58.44750562
58.44750562,0.0,0.7677265405654907,0.0,0.0,1.0,1.0,negative,58.33865535
58.33865535,0.0,0.0,0.0,0.0,0.0,0.0,positive,58.6945057729
58.6945057729,0.0,1.6418147683143616,0.7715029716491699,0.0,2.0,2.0,negative,58.5419074643
58.5419074643,0.707457423210144,0.7302162647247314,0.0,0.0,1.0,1.0,negative,58.16762166
58.16762166,0.0,0.7658095359802246,0.8177676200866699,0.0,3.0,1.0,positive,58.27158211
58.27158211,0.0,0.8393557071685791,0.0,1.65012925863266,1.0,4.0,positive,59.02355016
59.02355016,0.7021021842956543,0.0,0.9789503216743468,0.0,2.0,2.0,positive,59.57734747
59.57734747,0.0,0.0,0.8248282074928284,0.0,4.0,2.0,negative,59.23127211
59.23127211,0.0,0.0,0.0,0.0,0.0,0.0,positive,60.3142818817
60.3142818817,0.0,0.7833543419837952,0.0,0.715294599533081,3.0,5.0,negative,60.19358171
60.19358171,1.7581120729446411,0.7913531064987183,0.0,0.0,4.0,1.0,positive,60.24526784
60.24526784,0.0,0.0,1.4728402495384216,0.7052962779998779,3.0,1.0,negative,59.66786342
59.66786342,0.0,0.0,0.0,0.0,0.0,0.0,positive,59.97234565
59.97234565,0.8849925994873047,0.8758461475372314,0.0,0.7085973024368286,5.0,3.0,negative,59.64200914
59.64200914,0.0,0.0,0.0,0.0,4.0,1.0,negative,59.17749668
59.17749668,0.8818722367286682,3.969487190246582,0.0,0.0,2.0,6.0,positive,59.21091715
59.21091715,0.7794450521469116,0.7957608699798584,0.0,0.0,2.0,1.0,negative,59.1483009616
59.1483009616,0.0,0.0,0.0,0.0,0.0,0.0,positive,59.41189864
59.41189864,1.5043997168540957,0.8610055446624756,0.7087164521217346,0.0,4.0,2.0,positive,59.77915419
59.77915419,0.0,0.0,0.0,0.0,0.0,0.0,positive,60.06992202
60.06992202,1.560330867767334,0.0,0.0,0.0,3.0,0.0,negative,59.75256856
59.75256856,0.7336164712905884,1.5518885850906372,0.0,0.0,2.0,3.0,negative,59.6112763735
59.6112763735,0.80852210521698,0.0,0.0,0.0,1.0,0.0,negative,59.5199653
59.5199653,0.0,0.0,0.0,0.0,0.0,0.0,positive,59.58948896
59.58948896,0.0,0.0,0.0,0.0,1.0,0.0,negative,59.5376151035
59.5376151035,0.0,0.8446753621101379,0.0,0.0,3.0,1.0,positive,60.07992566
60.07992566,0.0,0.8626699447631836,0.0,0.0,0.0,1.0,positive,60.3093528415
60.3093528415,0.0,0.7040725350379944,0.8753982186317444,0.0,1.0,1.0,negative,60.2353470478
60.2353470478,0.0,0.0,0.0,0.0,1.0,1.0,negative,59.71271998
59.71271998,0.0,0.0,0.0,0.7677606344223022,0.0,1.0,positive,59.82459382
59.82459382,0.0,0.0,0.0,0.0,1.0,0.0,negative,59.71758095
59.71758095,0.0,0.7120511531829834,0.0,0.0,2.0,1.0,negative,58.720691692
58.720691692,0.745176374912262,0.0,0.0,0.0,5.0,1.0,positive,58.90093278
58.90093278,0.0,0.0,0.0,0.0,3.0,1.0,negative,58.71183928
58.71183928,0.0,0.0,0.8412942886352539,0.0,2.0,0.0,negative,57.00423199
57.00423199,0.0,0.8164344429969788,0.0,0.0,1.0,1.0,negative,56.64180403
56.64180403,0.0,0.0,0.0,0.0,2.0,1.0,positive,57.01091723
57.01091723,0.8830565810203552,0.0,0.7070679068565369,0.0,4.0,0.0,positive,57.27463629
57.27463629,0.0,0.0,0.0,0.0,1.0,1.0,positive,57.38442829
57.38442829,0.9379308223724364,0.0,0.8547073602676392,0.0,4.0,1.0,positive,57.43400978
57.43400978,0.0,0.7759442925453186,0.0,0.0,0.0,2.0,negative,57.24553207
57.24553207,0.0,0.7188080549240112,0.0,0.0,0.0,1.0,positive,57.36967296
57.36967296,0.0,0.0,0.0,0.0,0.0,0.0,positive,57.48861392
57.48861392,0.0,0.0,0.0,0.0,0.0,0.0,negative,57.23167648
57.23167648,0.0,0.7960065603256226,0.9162647724151612,0.0,1.0,1.0,negative,56.8298035
56.8298035,0.0,0.0,0.0,0.0,0.0,1.0,negative,56.80551557
56.80551557,0.7978161573410034,0.7318993806838989,0.0,0.0,1.0,2.0,positive,57.26175533
57.26175533,0.0,0.0,0.0,0.0,0.0,0.0,positive,57.33406868
57.33406868,1.613264799118042,0.0,0.0,0.0,3.0,2.0,negative,57.3226002377
57.3226002377,0.0,0.8728224635124207,0.0,0.0,0.0,1.0,negative,57.04749124
57.04749124,0.0,0.0,0.0,0.0,0.0,0.0,positive,57.8598292866
57.8598292866,0.0,0.0,0.0,0.0,0.0,0.0,positive,58.19784694
58.19784694,0.779065728187561,0.0,0.0,0.0,1.0,1.0,positive,58.3845973677
58.3845973677,0.7017279267311096,0.8085775375366211,0.0,0.0,3.0,1.0,negative,58.31142214
58.31142214,0.0,0.0,0.0,0.0,2.0,2.0,negative,58.08547743
58.08547743,0.0,0.7749144434928894,0.0,0.0,2.0,2.0,positive,58.1443529
58.1443529,0.0,4.016384959220886,0.0,0.0,3.0,5.0,positive,58.26503246
58.26503246,0.7588316202163696,0.0,0.0,0.7068580389022827,2.0,4.0,negative,57.77239247
57.77239247,0.0,0.0,1.6802433133125303,0.0,3.0,1.0,positive,57.9688487808
57.9688487808,0.0,0.7188595533370972,0.0,0.0,2.0,2.0,positive,58.0009156
58.0009156,1.6570754647254944,0.0,0.0,0.0,2.0,1.0,negative,57.79128192
57.79128192,0.7490176558494568,0.8507276177406311,0.0,0.0,7.0,2.0,negative,57.64834017
57.64834017,0.0,2.355308353900909,0.0,0.0,1.0,5.0,positive,57.84295355
57.84295355,0.0,1.5570793151855469,0.0,0.0,2.0,2.0,positive,57.9608812036
57.9608812036,0.9457901120185852,0.770857572555542,0.8567547798156738,0.0,3.0,1.0,positive,58.12920588
58.12920588,0.9264576435089112,0.8087525367736816,0.0,0.0,1.0,1.0,positive,58.50487839
58.50487839,0.0,0.0,0.0,0.0,0.0,0.0,negative,58.17039052
58.17039052,0.0,0.7710819840431213,0.741003155708313,0.0,1.0,1.0,negative,58.11719717
58.11719717,0.0,0.0,0.0,0.0,1.0,0.0,positive,58.1714072773
58.1714072773,1.751126766204834,0.0,0.0,0.0,3.0,1.0,negative,57.97300238
57.97300238,0.0,0.0,0.0,0.0,0.0,0.0,negative,57.7957599
57.7957599,0.8135473728179932,0.0,1.6431944966316223,0.0,8.0,0.0,negative,57.7906804
57.7906804,2.3886863589286804,0.0,0.0,0.9011518955230712,8.0,1.0,positive,57.9009011
57.9009011,0.8901997208595276,0.0,0.0,0.0,1.0,1.0,negative,57.72329722
57.72329722,0.0,0.0,0.0,0.0,1.0,4.0,negative,57.52485939
57.52485939,0.7328118085861206,0.0,0.0,0.0,4.0,0.0,positive,57.5303905427
57.5303905427,0.0,0.8858636617660522,0.0,0.8807255625724792,1.0,3.0,positive,57.74226425
57.74226425,0.0,1.5231319069862366,0.0,0.0,1.0,4.0,negative,57.28610291
57.28610291,0.0,0.0,0.0,0.0,1.0,0.0,positive,57.38724728
57.38724728,1.7345024347305298,0.0,0.0,0.0,6.0,1.0,negative,56.69073523
56.69073523,0.0,0.0,0.0,0.0,1.0,2.0,positive,56.70319396
56.70319396,0.9589463472366332,0.0,0.0,0.0,5.0,1.0,positive,56.85047126
56.85047126,0.0,0.8334668278694153,0.7479086518287659,0.0,1.0,1.0,negative,56.53712983
56.53712983,0.0,0.9740320444107056,0.9455286264419556,0.0,2.0,2.0,positive,56.92337048
56.92337048,0.8649770021438599,0.8707485198974609,0.9827218651771544,0.0,2.0,2.0,positive,56.99735474
56.99735474,0.88310706615448,0.9099494218826294,0.0,0.920752227306366,2.0,4.0,positive,57.1117983
57.1117983,0.0,0.0,0.0,0.0,0.0,2.0,negative,57.02912803
57.02912803,0.0,0.0,0.0,0.0,2.0,2.0,negative,56.99806807
56.99806807,0.8053966760635376,0.0,0.7296192646026611,0.0,4.0,0.0,positive,57.13903008
57.13903008,0.0,0.8409135937690735,0.9263964891433716,0.0,1.0,3.0,positive,57.39760528
57.39760528,0.0,0.0,0.81528240442276,0.0,1.0,1.0,positive,57.7177975559
57.7177975559,0.0,0.8895447850227356,0.9984517097473145,0.0,4.0,5.0,positive,58.29659516
58.29659516,1.7998982667922974,0.7391684651374817,0.0,0.0,4.0,1.0,positive,58.32278772
58.32278772,0.0,0.0,0.0,0.0,2.0,2.0,negative,58.19549531
58.19549531,0.9515068531036376,0.0,0.0,0.7381016612052917,2.0,1.0,positive,58.23779759
58.23779759,0.0,0.0,0.0,0.0,4.0,0.0,negative,58.22428561
58.22428561,1.7765733003616333,0.7445498704910278,0.7666105628013611,0.0,4.0,1.0,negative,58.12065465
58.12065465,0.0,0.0,0.0,0.0,1.0,0.0,positive,58.28242309
58.28242309,0.7151402235031128,0.0,0.0,0.0,2.0,1.0,negative,58.20277333
58.20277333,0.0,0.0,0.0,0.0,1.0,0.0,negative,57.41324965
57.41324965,0.7691468000411987,2.3573599457740784,0.0,0.0,4.0,4.0,positive,57.42146747
57.42146747,0.8976932168006897,0.8444446921348572,0.0,0.0,1.0,4.0,positive,57.94772362
57.94772362,0.0,0.0,0.7157886624336243,0.9915597438812256,3.0,1.0,negative,57.89894939
57.89894939,0.0,0.0,0.0,0.0,3.0,2.0,negative,57.86803412
57.86803412,0.0,0.7239063382148743,0.0,0.0,1.0,1.0,positive,58.30896129
58.30896129,0.0,1.500069081783295,1.5224068760871887,0.7468780875205994,7.0,5.0,positive,58.57315212
58.57315212,0.0,0.7690914869308472,0.0,0.0,2.0,4.0,negative,58.52252141
58.52252141,0.0,0.0,0.852230429649353,0.9084502458572388,3.0,2.0,negative,58.45479312
58.45479312,0.9236652851104736,0.8127496838569641,0.0,0.0,4.0,1.0,negative,58.2162068
58.2162068,0.0,0.0,0.0,0.0,1.0,0.0,negative,58.12827304
58.12827304,0.0,0.0,0.7407646179199219,0.0,1.0,0.0,negative,58.0575294947
58.0575294947,0.7156261801719666,0.0,0.0,0.0,2.0,1.0,positive,58.15455526
58.15455526,0.740174412727356,0.8331177830696106,0.0,0.0,6.0,1.0,positive,58.28884584
58.28884584,0.0,1.7144526839256289,1.7003443837165833,0.7565682530403137,3.0,4.0,positive,58.48657123
58.48657123,0.0,0.7188476920127869,0.0,0.0,2.0,1.0,positive,59.0227104792
59.0227104792,0.8374977707862854,0.0,0.0,0.0,2.0,0.0,negative,58.80333543
58.80333543,0.0,0.7276725769042969,0.0,0.0,0.0,1.0,negative,58.60789697
58.60789697,0.0,0.0,0.9216419458389282,0.0,4.0,1.0,negative,58.57109905
58.57109905,0.0,0.0,0.0,0.7476717829704285,0.0,1.0,negative,58.37433822
58.37433822,0.0,0.788517951965332,0.0,0.0,5.0,2.0,negative,57.83908323
57.83908323,0.0,0.0,0.8422946929931641,0.0,4.0,0.0,positive,57.9232656602
57.9232656602,0.0,0.0,0.9109621047973632,0.0,2.0,1.0,negative,57.66063603
57.66063603,0.0,0.0,0.0,0.0,0.0,0.0,negative,57.48463401
57.48463401,0.8104490041732788,0.7412009239196777,0.0,0.0,2.0,1.0,positive,57.70485743
57.70485743,0.0,0.0,0.0,0.0,0.0,4.0,negative,57.69514497
57.69514497,0.0,0.0,0.0,0.0,2.0,0.0,negative,57.00378389
57.00378389,0.0,0.0,0.0,0.0,1.0,0.0,negative,56.25638843
56.25638843,0.0,0.9192604422569276,0.0,0.0,3.0,2.0,negative,55.84943652
55.84943652,0.91602224111557,0.7108279466629028,0.0,0.0,1.0,1.0,negative,55.37651017
55.37651017,0.7603842616081238,0.0,0.8780003190040588,0.0,5.0,1.0,negative,55.2665279517
55.2665279517,0.0,0.8582499623298645,2.63885509967804,0.0,3.0,3.0,positive,55.67799742
55.67799742,0.0,0.0,0.0,0.0,1.0,0.0,negative,55.4794335745
55.4794335745,0.0,0.0,0.0,0.0,2.0,1.0,negative,55.37772285
55.37772285,0.7645458579063416,0.8745302557945251,0.0,0.0,7.0,2.0,negative,53.713089696
53.713089696,0.0,0.0,0.0,0.8226029872894287,3.0,1.0,positive,53.77053716
53.77053716,0.9769284725189208,0.8023923635482788,0.7102766036987305,0.0,6.0,1.0,positive,54.0537308615
54.0537308615,0.0,0.0,0.0,0.0,2.0,0.0,positive,54.38684316
54.38684316,0.0,0.8825137615203857,0.0,0.0,3.0,2.0,negative,53.9366525113
53.9366525113,0.0,0.0,0.0,0.0,1.0,0.0,positive,54.06635628
54.06635628,0.999041736125946,0.0,0.0,0.0,3.0,0.0,negative,53.5247005
53.5247005,0.0,0.0,0.0,0.0,3.0,1.0,positive,53.667182703
53.667182703,1.5221534967422483,0.718910813331604,0.0,0.0,4.0,2.0,negative,53.43295382
53.43295382,0.0,0.0,0.0,0.0,3.0,0.0,negative,52.7934116042
52.7934116042,0.0,0.0,0.0,0.0,2.0,0.0,positive,53.57291144
53.57291144,0.0,0.0,0.7229137420654297,0.0,2.0,0.0,positive,54.25951264
54.25951264,0.0,0.0,0.9386642575263976,0.0,4.0,0.0,positive,54.32985261
54.32985261,0.7545978426933289,0.0,0.707999050617218,0.0,3.0,0.0,positive,54.85073229
54.85073229,0.0,0.8014355301856995,0.0,0.0,2.0,1.0,negative,54.8458998
54.8458998,0.0,0.0,0.0,0.0,0.0,0.0,negative,54.5660061795
54.5660061795,0.0,0.0,0.0,0.0,0.0,0.0,positive,54.67015964
54.67015964,0.0,0.0,0.9804670810699464,0.0,4.0,0.0,positive,54.69026131
54.69026131,0.9045480489730836,0.0,0.9677744507789612,0.0,4.0,0.0,positive,55.4882687909
55.4882687909,0.0,2.535308003425598,0.0,0.0,1.0,3.0,negative,54.7206194
54.7206194,0.718726396560669,0.7283806204795837,0.9417933821678162,0.7950776815414429,5.0,3.0,positive,55.39983514
55.39983514,0.0,1.4752355217933657,0.7801474332809448,0.0,2.0,2.0,negative,55.19680937
55.19680937,0.8753061890602112,0.8434352874755859,0.0,0.0,3.0,2.0,negative,54.24930851
54.24930851,2.372190833091736,0.0,0.0,0.0,4.0,1.0,positive,54.57270854
54.57270854,0.0,0.0,0.7633030414581299,0.0,1.0,1.0,positive,54.73647192
54.73647192,0.0,0.8105087280273438,0.0,0.0,0.0,2.0,positive,55.0502754127
55.0502754127,0.0,0.0,0.8671771287918091,0.9791802763938904,4.0,1.0,negative,54.95203671
54.95203671,0.8391984105110168,0.0,0.9670590162277222,0.0,2.0,1.0,positive,54.96858456
54.96858456,0.0,0.7682715654373169,0.0,0.7064434885978699,1.0,2.0,positive,55.23771943
55.23771943,0.0,0.0,0.0,0.0,2.0,0.0,negative,54.92893789
54.92893789,0.0,0.0,0.0,0.0,0.0,0.0,negative,54.45716631
54.45716631,0.7515336275100708,0.0,0.0,0.0,5.0,0.0,positive,55.09285816
55.09285816,0.0,0.0,0.0,0.0,2.0,1.0,positive,55.12292915
55.12292915,0.7297064065933228,0.0,0.0,0.0,2.0,1.0,negative,55.10686931
55.10686931,0.0,0.7367196679115295,2.314383387565613,0.0,6.0,1.0,negative,55.03853999
55.03853999,0.808000922203064,0.0,0.0,0.0,3.0,0.0,negative,54.74248507
54.74248507,0.0,0.0,0.0,0.898666262626648,2.0,1.0,negative,53.40774628
53.40774628,0.0,0.0,0.0,0.0,0.0,0.0,positive,53.42583904
53.42583904,0.0,0.0,0.0,0.0,0.0,0.0,negative,53.41147441
53.41147441,0.0,0.0,0.0,0.8068718910217285,4.0,3.0,positive,54.88933994
54.88933994,0.0,2.159608840942383,0.0,0.0,3.0,4.0,negative,54.46392297
54.46392297,0.0,0.0,0.0,0.0,1.0,1.0,positive,54.60702089
54.60702089,0.7903649210929871,0.0,3.301438629627228,0.0,10.0,0.0,positive,54.75464834
54.75464834,0.0,0.0,0.0,0.0,1.0,2.0,negative,54.32660451
54.32660451,3.3218178749084477,8.717402160167694,0.0,0.0,10.0,11.0,positive,54.80187184
54.80187184,1.417029082775116,21.12753528356552,0.0,0.7042260766029358,6.0,26.0,negative,54.61684135
54.61684135,1.518763244152069,19.527348339557648,0.8326637148857117,0.0,10.0,23.0,positive,54.61771341
54.61771341,0.9013349413871764,17.697502374649048,0.0,0.780893087387085,6.0,22.0,positive,54.75811356
54.75811356,0.0,4.424375593662262,0.824590265750885,1.6693071126937866,5.0,9.0,positive,55.49598592
55.49598592,0.0,1.4435890316963196,0.825313925743103,0.0,2.0,4.0,positive,56.88188519
56.88188519,0.0,1.7697502374649048,0.7915747761726379,0.848297119140625,3.0,4.0,positive,57.52010121
57.52010121,0.791167676448822,0.0,0.7432845234870911,0.0,5.0,2.0,positive,57.74131641
57.74131641,0.0,1.6184173226356506,0.0,0.0,0.0,2.0,negative,57.3828042365
57.3828042365,0.0,0.8848751187324524,0.0,0.0,1.0,1.0,negative,57.10265991
57.10265991,0.7220717668533325,0.8256093263626099,0.744792640209198,0.0,6.0,1.0,negative,56.69182365
56.69182365,0.7618534564971924,4.32287472486496,0.0,0.0,2.0,5.0,positive,56.9918531855
56.9918531855,0.0,6.228779494762421,0.0,0.0,1.0,8.0,positive,57.20616533
57.20616533,0.0,2.654625356197357,0.9081206917762756,0.0,1.0,4.0,negative,57.1488885
57.1488885,0.0,1.7697502374649048,1.5001375675201416,0.0,4.0,2.0,negative,57.1200806189
57.1200806189,0.0,3.430161952972412,0.0,0.0,0.0,6.0,positive,57.24569609
57.24569609,0.0,0.8848751187324524,0.0,0.0,2.0,1.0,negative,57.2211356
57.2211356,0.0,0.0,0.7298628687858582,0.0,3.0,0.0,negative,56.5343993567
56.5343993567,0.9537100195884703,0.0,0.726499080657959,0.0,2.0,0.0,positive,56.58315918
56.58315918,0.8008960485458374,1.7697502374649048,0.7452999949455261,0.0,2.0,2.0,positive,56.7158038
56.7158038,0.0,1.6330764293670654,0.0,0.0,2.0,3.0,positive,57.0471638901
57.0471638901,0.0,0.0,1.8318134546279907,0.0,3.0,0.0,negative,56.5272497
56.5272497,0.0,0.0,0.0,0.0,2.0,0.0,negative,56.47960319
56.47960319,0.0,0.0,0.7378479838371277,0.0,5.0,0.0,positive,56.75648454
56.75648454,0.0,0.0,0.0,0.0,2.0,1.0,positive,57.41150005
57.41150005,0.9613285660743712,0.0,0.0,0.8527292013168335,2.0,2.0,positive,57.55041627
57.55041627,0.0,0.0,1.5390772223472595,0.8332458138465881,4.0,1.0,negative,57.39673302
57.39673302,0.8813415169715881,0.0,0.0,0.0,5.0,0.0,positive,57.5976466667
57.5976466667,0.0,1.5077366828918457,0.0,0.9204577803611756,0.0,3.0,negative,57.02568515
57.02568515,0.0,0.8193963170051575,0.0,0.0,1.0,2.0,negative,56.85587005
56.85587005,0.0,4.131466627120972,0.0,0.0,1.0,7.0,positive,56.906045549
56.906045549,0.7461293935775757,0.7457452416419983,0.0,0.0,5.0,1.0,negative,56.75312254
56.75312254,2.263790845870972,0.8703604340553284,0.7370284199714661,0.0,9.0,2.0,positive,57.75381989
57.75381989,0.0,0.8895447850227356,2.5676755905151367,0.0,7.0,2.0,positive,57.76951566
57.76951566,0.8527736663818359,3.050360083580017,2.325672566890717,0.0,11.0,6.0,positive,57.8082682315
57.8082682315,0.8293219804763794,0.0,0.7605963349342346,0.0,5.0,3.0,negative,57.65583247
57.65583247,0.7240541577339172,1.650902271270752,0.0,0.0,3.0,5.0,positive,57.69431745
57.69431745,0.0,0.0,0.9607000350952148,0.0,3.0,1.0,negative,57.4620930587
57.4620930587,0.0,0.7345055341720581,0.0,0.0,2.0,2.0,positive,57.63630631
57.63630631,0.0,0.8473830223083496,0.0,0.0,1.0,3.0,negative,57.45929211
57.45929211,0.0,6.624546468257904,0.0,0.7657896876335144,0.0,13.0,negative,57.23725168
57.23725168,0.0,3.3799131512641907,0.8353056311607361,0.8446713089942932,1.0,6.0,negative,57.20488211
57.20488211,0.0,3.1317673325538635,0.0,0.0,1.0,6.0,positive,57.37551986
57.37551986,0.0,2.481520652770996,0.9831961989402772,0.7657896876335144,2.0,6.0,positive,57.4440868722
57.4440868722,0.7621963024139404,1.5344829559326172,1.9296138286590576,0.0,8.0,3.0,negative,57.0847736
57.0847736,0.0,3.083216488361358,0.7127101421356201,0.0,1.0,11.0,positive,57.26675757
57.26675757,0.0,0.7737951278686523,0.0,0.0,1.0,3.0,positive,57.5025435756
57.5025435756,0.0,0.916200578212738,0.7451015710830688,0.0,1.0,2.0,positive,59.30614567
59.30614567,0.0,4.326730489730835,0.0,0.7680134177207947,0.0,9.0,positive,59.51599981
59.51599981,0.0,0.0,0.0,0.0,1.0,1.0,positive,59.87565379
59.87565379,0.852853536605835,0.0,0.0,0.0,2.0,2.0,negative,59.86166023
59.86166023,0.0,0.0,0.0,0.0,3.0,0.0,positive,60.12126251
60.12126251,0.0,0.9829118251800536,0.0,0.0,2.0,1.0,negative,59.99952656
59.99952656,0.7707474827766418,0.0,0.0,0.0,2.0,4.0,negative,59.85023427
59.85023427,0.0,0.0,0.887233316898346,0.0,4.0,0.0,positive,60.00154768
60.00154768,1.604316473007202,0.979417085647583,1.7495704889297483,0.0,8.0,2.0,negative,59.92780968
59.92780968,1.6095282435417175,0.0,0.0,0.0,5.0,0.0,negative,59.45315894
59.45315894,0.0,0.7194750905036926,0.0,0.0,1.0,1.0,positive,62.1774038576
62.1774038576,0.0,0.9618133902549744,1.8845068216323853,0.0,2.0,4.0,negative,61.78899975
61.78899975,0.0,0.0,0.0,0.0,3.0,1.0,negative,61.34257487
61.34257487,0.0,0.0,0.7632790803909302,0.0,5.0,2.0,positive,61.56917792
61.56917792,0.8012396097183228,0.0,2.4357084035873413,0.0,9.0,0.0,negative,61.47678234
61.47678234,0.0,0.0,2.623003363609314,0.0,8.0,0.0,negative,61.42885492
61.42885492,0.0,2.4871720671653748,2.395294666290283,0.0,5.0,3.0,positive,61.60496908
61.60496908,0.0,1.7956063747406006,0.0,0.0,4.0,3.0,negative,61.60171642
61.60171642,1.6920042634010315,0.7995091080665588,0.9709414839744568,0.0,6.0,3.0,positive,61.88084495
61.88084495,0.0,0.0,0.0,0.0,4.0,0.0,negative,61.61762775
61.61762775,2.4715638756752014,0.0,0.0,0.0,6.0,2.0,negative,60.53774211
60.53774211,0.0,0.0,0.0,0.7241363525390625,5.0,2.0,positive,60.8756969588
60.8756969588,0.0,0.0,0.0,0.0,4.0,0.0,positive,61.17433594
61.17433594,0.7346595525741577,0.0,0.0,0.0,5.0,0.0,positive,61.58409911
61.58409911,0.0,0.0,0.0,0.8503814339637756,0.0,2.0,positive,62.34789764
62.34789764,0.0,1.5282520651817322,0.7940664291381836,0.0,3.0,9.0,positive,62.57950653
62.57950653,3.790347397327423,2.285086512565613,0.0,0.984147310256958,7.0,12.0,negative,61.59884785
61.59884785,0.0,3.1285181641578674,0.8265712261199951,0.9433161020278932,6.0,5.0,positive,61.90418856
61.90418856,2.467603027820587,0.855562150478363,0.0,0.0,11.0,1.0,negative,61.76647885
61.76647885,0.0,1.667425513267517,0.0,0.0,3.0,5.0,negative,61.563705883
61.563705883,0.0,0.0,0.0,0.0,1.0,3.0,positive,61.87272124
61.87272124,0.0,0.0,0.0,0.9125251770019532,2.0,3.0,positive,63.43888726
63.43888726,0.8818325996398926,0.0,0.0,0.0,4.0,3.0,positive,63.82654319
63.82654319,0.0,1.7435489296913147,0.0,0.8419522047042847,4.0,5.0,negative,62.6848180716
62.6848180716,0.9150378704071044,1.5676262378692627,1.5625231862068176,0.0,7.0,2.0,positive,62.83983093
62.83983093,0.9145136475563048,0.0,1.7751595973968506,0.0,5.0,1.0,positive,63.88386157
63.88386157,0.0,0.0,0.0,0.0,1.0,0.0,negative,63.59661512
63.59661512,0.0,0.0,0.0,0.0,1.0,2.0,negative,63.03310369
63.03310369,2.521501302719116,1.4471696019172668,0.0,0.0,3.0,3.0,negative,62.88206914
62.88206914,0.0,0.0,0.0,0.0,5.0,0.0,positive,63.29325129
63.29325129,0.0,0.0,0.7643132209777832,0.0,6.0,0.0,positive,63.46947313
63.46947313,0.0,0.8828001618385315,0.0,0.0,1.0,3.0,positive,64.20019841
64.20019841,0.7582124471664429,0.7509467601776123,0.0,0.0,4.0,3.0,positive,64.467181106
64.467181106,0.7136126756668091,0.0,0.0,0.0,3.0,1.0,positive,64.61792631
64.61792631,0.0,0.0,0.0,0.0,1.0,1.0,negative,64.5536015809
64.5536015809,0.0,0.0,0.0,0.0,3.0,0.0,negative,64.53148093
64.53148093,0.8976932168006897,0.979417085647583,0.8761191964149475,0.7047562599182129,3.0,3.0,positive,64.71044964
64.71044964,0.0,1.422642171382904,0.0,0.704179048538208,1.0,5.0,negative,64.05220117
64.05220117,2.4805670380592346,0.908553659915924,0.0,0.0,6.0,2.0,positive,64.5971163541
64.5971163541,0.7164918780326843,1.7421448230743408,1.6355255246162417,0.0,7.0,4.0,positive,66.09433905
66.09433905,0.9022435545921326,1.574979543685913,0.7868458032608032,0.8258209228515625,5.0,5.0,positive,66.91424209
66.91424209,2.5458475947380066,3.388595700263977,3.143364250659942,0.0,17.0,10.0,negative,66.50938706
66.50938706,1.5868711471557615,0.0,1.6421180367469788,0.0,10.0,0.0,positive,67.09403538
67.09403538,0.0,1.641949474811554,0.7230468392372131,0.0,8.0,5.0,negative,67.06631327
67.06631327,1.5499240159988403,0.0,3.094634294509888,0.0,10.0,0.0,positive,67.89073274
67.89073274,4.610915660858154,1.6169582605361938,0.0,0.0,11.0,6.0,negative,67.48525571
67.48525571,0.823745608329773,0.0,0.0,0.0,9.0,0.0,negative,67.02804135
67.02804135,0.0,3.201017439365387,0.0,0.7095000743865967,3.0,6.0,positive,67.87470399
67.87470399,1.574531316757202,0.0,0.0,0.0,4.0,2.0,negative,67.4108617839
67.4108617839,0.8976932168006897,0.0,0.0,0.0,4.0,2.0,positive,67.74836058
67.74836058,0.8774818778038025,0.0,0.9021446704864502,0.0,5.0,0.0,negative,67.0943069
67.0943069,0.0,0.8811348080635071,0.0,0.0,4.0,2.0,negative,66.61753601
66.61753601,3.789578795433045,0.0,1.483686923980713,0.0,18.0,2.0,negative,66.41216965
66.41216965,2.6164549589157104,0.0,0.0,0.0,6.0,0.0,positive,66.52901994
66.52901994,0.0,0.7239492535591125,0.8864717483520508,0.0,2.0,2.0,negative,66.32339306
66.32339306,0.7440649271011353,0.8323163390159607,0.0,0.0,5.0,1.0,positive,66.93804774
66.93804774,1.7090542912483215,0.77049320936203,0.7798477411270142,0.0,5.0,2.0,positive,67.00162566
67.00162566,0.0,0.9350787997245787,0.0,0.0,3.0,1.0,positive,67.11047187
67.11047187,1.4625704288482666,0.7387401461601257,0.0,0.0,3.0,1.0,negative,65.79755544
65.79755544,0.0,0.8062346577644348,0.0,0.0,4.0,1.0,positive,65.9407512
65.9407512,0.7838525772094727,1.6382971405982971,0.0,0.0,4.0,3.0,negative,64.91615649
64.91615649,0.727314293384552,1.5795210599899292,0.8904891610145569,0.0,5.0,2.0,positive,65.2339190509
65.2339190509,0.0,0.0,0.0,0.0,2.0,2.0,positive,65.41489663
65.41489663,0.0,0.0,1.4954639673233032,0.0,4.0,2.0,positive,67.17867553
67.17867553,0.0,1.6701800227165222,0.0,0.0,5.0,2.0,negative,66.67543455
66.67543455,0.0,1.5668904781341553,0.0,0.0,1.0,2.0,negative,66.32757757
66.32757757,0.0,0.0,0.0,0.0,0.0,0.0,positive,66.54578094
66.54578094,0.0,0.0,1.5168222188949585,0.0,5.0,0.0,positive,66.81214998
66.81214998,0.0,0.8331222534179688,0.0,0.8268393874168396,2.0,2.0,positive,66.9351417
66.9351417,0.0,0.8092504143714905,0.0,0.0,2.0,1.0,negative,66.53011651
66.53011651,0.8319953680038452,0.0,0.7721176147460938,0.0,4.0,1.0,negative,65.52753496
65.52753496,1.5348085761070251,0.0,0.926811158657074,0.0,8.0,1.0,positive,66.18018905
66.18018905,3.0080130100250244,0.0,0.0,0.7800009250640869,7.0,1.0,positive,66.2274022
66.2274022,1.630333960056305,0.8348523378372192,1.5899173617362976,0.0,12.0,3.0,negative,65.05380568
65.05380568,0.8002562522888184,3.226633071899414,0.0,1.573641836643219,14.0,16.0,negative,63.10761292
63.10761292,0.0,0.8110988140106201,0.0,0.7755177617073059,11.0,6.0,negative,62.9238431
62.9238431,1.5030081868171692,0.7745162844657898,0.0,0.8003515601158142,7.0,3.0,negative,62.64709154
62.64709154,0.0,0.7792008519172668,0.0,0.0,1.0,2.0,positive,63.07649337
63.07649337,0.0,0.0,0.0,0.0,2.0,1.0,positive,63.57694217
63.57694217,0.7748048901557922,0.0,0.7068964838981628,0.0,4.0,0.0,negative,63.36962946
63.36962946,0.8976932168006897,0.9567671418190002,0.0,0.0,1.0,1.0,positive,63.48008251
63.48008251,0.0,3.2578970789909363,0.0,0.0,2.0,4.0,negative,62.87276993
62.87276993,0.0,0.0,0.0,0.0,0.0,2.0,positive,63.14907414
63.14907414,0.0,0.0,0.0,0.0,3.0,1.0,positive,63.2346541
63.2346541,0.0,0.8711041808128357,0.0,0.0,0.0,1.0,negative,62.54718006
62.54718006,0.0,0.7144144773483276,0.0,0.7375965714454651,1.0,5.0,negative,62.47096236
62.47096236,2.489538550376892,1.7085228562355042,0.8724915385246277,0.0,5.0,4.0,negative,62.03478549
62.03478549,0.0,0.0,0.0,0.0,2.0,1.0,negative,60.93838862
60.93838862,0.0,0.7467449307441711,0.8568456768989563,0.0,3.0,2.0,positive,61.35391099
61.35391099,1.7953864336013794,0.0,1.713985800743103,0.0,10.0,2.0,negative,60.84528447
60.84528447,1.5616806745529177,0.0,0.0,0.0,9.0,0.0,negative,60.25181945
60.25181945,0.0,0.8193544745445251,0.0,0.0,1.0,1.0,positive,60.74376795
60.74376795,0.0,0.0,0.0,0.0,2.0,1.0,positive,61.38195325
61.38195325,0.0,0.0,0.0,0.0,0.0,0.0,positive,61.76807373
61.76807373,0.7243785858154297,0.0,0.0,0.944921851158142,2.0,2.0,positive,62.0046272
62.0046272,0.0,0.0,0.0,0.0,3.0,0.0,positive,62.89759832
62.89759832,0.8447421789169312,0.0,0.0,0.0,4.0,1.0,positive,63.20292261
63.20292261,0.0,0.0,0.0,0.0,2.0,1.0,negative,62.55582351
62.55582351,2.3238642811775208,0.0,0.0,0.0,4.0,1.0,negative,62.37825056
62.37825056,0.0,0.0,0.73045414686203,0.0,2.0,1.0,negative,62.28313142
62.28313142,0.0,0.0,0.790780782699585,0.0,2.0,0.0,negative,62.157743
62.157743,0.0,0.8985354900360107,0.0,0.0,0.0,2.0,positive,62.6955588645
62.6955588645,0.0,0.0,0.0,0.0,0.0,0.0,negative,61.7441147519
61.7441147519,0.0,0.0,0.0,0.0,0.0,0.0,positive,61.9642743022
61.9642743022,0.8818507790565491,0.0,0.0,0.0,3.0,0.0,positive,62.2910242583
62.2910242583,0.0,0.7462447285652161,0.8767846822738647,0.0,4.0,2.0,negative,61.86401797
61.86401797,0.0,0.0,0.0,0.0,1.0,0.0,positive,62.36917382
62.36917382,0.0,0.0,0.0,0.0,1.0,0.0,positive,62.56495076
62.56495076,0.0,0.0,0.8972424864768982,0.0,1.0,1.0,positive,62.89066542
62.89066542,0.7745487093925476,0.7562416791915894,0.0,0.0,1.0,2.0,positive,63.00001933
63.00001933,0.0,0.766809344291687,0.0,0.0,1.0,5.0,positive,63.34813608
63.34813608,0.0,2.530579149723053,0.0,0.0,1.0,5.0,negative,63.11125919
63.11125919,0.7014607787132263,0.0,1.8576637506484983,0.0,7.0,0.0,negative,62.70147077
62.70147077,0.7620065212249756,0.0,0.0,0.0,1.0,1.0,positive,62.77290553
62.77290553,0.0,0.0,0.0,0.0,2.0,1.0,negative,62.65333042
62.65333042,0.0,1.6534850597381592,0.0,0.0,3.0,3.0,positive,62.73961361
62.73961361,0.0,0.7516700625419617,0.0,0.0,3.0,1.0,negative,62.71841223
62.71841223,0.0,0.0,1.6044861674308777,0.0,5.0,0.0,negative,62.39148459
62.39148459,1.756147861480713,0.0,0.8408944606781006,0.0,3.0,0.0,positive,62.9059718456
62.9059718456,0.0,0.0,0.0,0.0,4.0,0.0,negative,62.66020965
62.66020965,0.8309325575828552,0.0,0.9938167929649352,0.0,3.0,2.0,negative,62.31648084
62.31648084,0.8617545366287231,0.0,0.0,0.0,2.0,0.0,negative,61.85477671
61.85477671,0.0,0.0,0.7065456509590149,0.0,3.0,0.0,positive,63.56566552
63.56566552,0.0,0.8408132195472717,0.0,0.0,1.0,2.0,negative,63.0475904094
63.0475904094,0.0,0.8579450249671936,0.7004364728927612,0.0,5.0,2.0,negative,62.86674582
62.86674582,0.0,0.0,0.0,0.0,7.0,0.0,negative,62.76419849
62.76419849,0.0,2.60788357257843,0.0,0.0,1.0,5.0,negative,62.72042897
62.72042897,0.0,1.5431312918663025,0.0,0.0,2.0,2.0,positive,62.74149767
62.74149767,0.0,1.451896846294403,0.7216359376907349,0.0,2.0,3.0,negative,62.33131767
62.33131767,0.0,0.0,0.0,0.9626253843307496,0.0,1.0,negative,61.73076726
61.73076726,0.0,0.0,0.0,0.0,0.0,1.0,negative,61.14654455
61.14654455,0.0,0.0,0.0,0.0,2.0,0.0,positive,61.8978253588
61.8978253588,1.4746314883232117,0.0,0.0,0.0,9.0,3.0,negative,61.23147157
61.23147157,2.26806777715683,0.0,0.7652936577796936,0.0,5.0,1.0,positive,61.4050645598
61.4050645598,0.7578160166740417,0.0,0.9527401328086852,0.0,6.0,0.0,negative,61.20673065
61.20673065,0.0,0.0,1.6238720417022705,0.0,3.0,1.0,negative,60.40721839
60.40721839,0.0,3.292422592639923,1.509730100631714,0.0,8.0,7.0,positive,60.85716515
60.85716515,0.81831294298172,0.0,0.8758341670036316,0.0,2.0,0.0,negative,60.2210549037
60.2210549037,0.8976932168006897,0.8050867915153503,0.0,0.0,3.0,1.0,positive,60.92104862
60.92104862,0.707168459892273,0.82481849193573,0.0,0.0,4.0,3.0,negative,60.58954785
60.58954785,0.0,0.0,0.0,0.0,2.0,1.0,negative,59.60578061
59.60578061,0.0,0.8777954578399658,0.7081729173660278,0.0,3.0,1.0,positive,59.87448112
59.87448112,0.0,0.0,0.749448299407959,0.0,3.0,0.0,negative,59.3630572454
59.3630572454,0.0,0.0,0.0,0.0,0.0,1.0,negative,58.73534054
58.73534054,0.9362406134605408,0.0,0.7944204807281494,0.0,2.0,2.0,positive,59.0472228
59.0472228,0.7901812791824341,0.7673643231391907,0.0,0.0,2.0,2.0,negative,58.99156523
58.99156523,0.0,0.0,0.0,0.0,1.0,0.0,positive,59.2958568
59.2958568,0.7851986289024353,0.8308886289596558,0.8645053505897522,0.0,2.0,2.0,negative,58.78266723
58.78266723,0.9430067539215088,0.747129499912262,0.0,0.7423635721206665,3.0,2.0,positive,59.0673853601
59.0673853601,0.8444421887397766,0.0,0.0,0.0,2.0,1.0,positive,59.48958324
59.48958324,0.0,0.0,0.0,0.7745445370674133,0.0,1.0,positive,59.73103459
59.73103459,0.0,0.0,0.0,0.0,0.0,0.0,positive,59.84898789
59.84898789,0.0,0.0,0.0,0.0,0.0,1.0,negative,59.71480622
59.71480622,0.8193963170051575,0.7710819840431213,0.0,0.0,2.0,1.0,negative,59.6905934205
59.6905934205,0.0,0.0,0.0,0.0,1.0,0.0,negative,59.3543060375
59.3543060375,0.0,2.3769678473472595,0.0,0.0,4.0,5.0,positive,59.91929028
59.91929028,0.7032448053359985,2.3593104481697083,0.8088029026985168,0.0,5.0,7.0,negative,59.65242861
59.65242861,0.8976932168006897,1.6166332960128784,0.0,0.0,1.0,5.0,positive,59.78958486
59.78958486,0.0,0.811758816242218,0.0,0.0,2.0,2.0,negative,59.76630803
59.76630803,0.0,0.0,0.0,0.0,0.0,2.0,negative,59.388811
59.388811,0.0,1.510914146900177,0.0,0.0,0.0,4.0,positive,59.61458712
59.61458712,0.0,0.0,0.0,0.0,1.0,1.0,positive,59.69860847
59.69860847,0.0,0.94638192653656,0.0,0.0,0.0,1.0,negative,59.67343655
59.67343655,0.0,0.0,0.0,0.0,0.0,0.0,negative,59.486702839
59.486702839,0.0,0.8971534967422485,0.0,0.0,2.0,1.0,positive,60.32731348
60.32731348,0.0,0.7825138568878174,0.0,0.0,0.0,1.0,negative,60.14859189
60.14859189,0.0,0.0,0.0,0.0,0.0,1.0,positive,60.31115811
60.31115811,0.0,0.7144004702568054,0.0,0.0,1.0,2.0,negative,59.82891996
59.82891996,0.8141829371452332,0.7416070699691772,0.0,0.0,1.0,1.0,negative,59.633447188
59.633447188,0.0,0.0,0.0,0.0,4.0,0.0,negative,59.42881199
59.42881199,0.0,0.8103869557380676,0.0,0.7566208243370056,0.0,2.0,negative,59.00336823
59.00336823,0.8623637557029724,0.0,0.8076658248901367,0.0,3.0,1.0,positive,59.01018972
59.01018972,0.8416502475738525,0.8193963170051575,0.0,0.0,3.0,1.0,negative,58.79075378
58.79075378,0.8976932168006897,0.0,0.0,0.7774913311004639,1.0,2.0,positive,59.2532226924
59.2532226924,1.7953864336013794,0.0,0.7513822913169861,0.0,4.0,0.0,positive,59.39948132
59.39948132,0.0,0.7792008519172668,0.0,0.762073278427124,0.0,2.0,negative,59.0372153
59.0372153,0.0,0.0,0.0,0.0,0.0,2.0,positive,59.29993805
59.29993805,0.0,0.708674967288971,0.0,0.0,2.0,2.0,negative,58.4746503851
58.4746503851,0.0,0.0,0.7763873338699341,0.0,2.0,0.0,negative,58.37338135
58.37338135,0.0,0.0,0.8485461473464966,0.0,6.0,0.0,positive,58.71243027
58.71243027,0.0,0.0,0.0,0.0,1.0,0.0,positive,58.90248274
58.90248274,0.0,0.8562198877334595,0.0,0.0,1.0,1.0,positive,59.03356943
59.03356943,0.0,0.8647648096084595,0.0,0.0,1.0,2.0,positive,59.62704987
59.62704987,0.0,1.6469064354896543,0.0,0.0,4.0,3.0,negative,59.44017346
59.44017346,0.0,3.058445990085602,0.0,3.530291736125946,2.0,15.0,positive,60.509314151
60.509314151,0.0,0.0,0.0,0.0,1.0,0.0,positive,60.90368493
60.90368493,0.0,0.0,0.0,0.0,2.0,1.0,positive,61.13700613
61.13700613,0.0,0.8070370554924011,0.0,0.0,2.0,1.0,negative,60.97820149
60.97820149,0.0,1.6380085945129397,0.0,0.0,1.0,3.0,negative,60.87603304
60.87603304,0.0,0.7751716375350952,0.831915020942688,0.0,1.0,2.0,negative,60.71118576
60.71118576,1.6139730215072632,0.0,0.0,0.0,8.0,0.0,negative,60.62325901
60.62325901,0.9148756861686708,0.0,3.181515455245972,0.0,11.0,1.0,negative,60.48805407
60.48805407,0.0,0.0,0.0,0.0,2.0,1.0,positive,60.7096008917
60.7096008917,1.706904947757721,0.0,0.0,0.8215091228485107,5.0,1.0,positive,61.41571676
61.41571676,0.0,0.0,0.9058398008346558,0.0,3.0,0.0,positive,61.47761273
61.47761273,0.0,0.0,0.0,0.0,2.0,2.0,negative,61.24639007
61.24639007,0.0,0.0,0.0,0.0,0.0,0.0,negative,60.9794137091
60.9794137091,0.0,1.4821996688842771,0.0,0.0,3.0,4.0,positive,61.50863347
61.50863347,0.0,0.0,0.0,0.0,1.0,2.0,positive,61.9222569
61.9222569,0.0,0.7484904527664185,1.6866116523742676,0.0,3.0,1.0,positive,62.02045885
62.02045885,0.0,1.448570430278778,0.0,0.9502607583999634,1.0,3.0,positive,62.1151419
62.1151419,0.0,0.0,0.0,0.0,0.0,0.0,positive,62.1626652
62.1626652,0.8234259486198425,0.7793839573860168,0.0,0.9203026294708252,4.0,2.0,positive,62.24293766
62.24293766,0.0,0.0,0.0,0.0,0.0,0.0,negative,61.9942126
61.9942126,0.7689592838287354,0.0,0.0,0.0,2.0,0.0,negative,61.97541018
61.97541018,0.8602146506309509,0.0,0.7219165563583374,0.0,6.0,7.0,negative,61.9057254591
61.9057254591,0.0,6.361167728900909,0.0,0.0,6.0,10.0,positive,62.11125626
62.11125626,0.0,1.61921226978302,0.0,0.7618992924690247,3.0,4.0,positive,62.71056136
62.71056136,0.7362927198410034,0.783768892288208,0.0,0.8015954494476318,10.0,2.0,negative,62.44110735
62.44110735,0.0,0.0,1.445947766304016,0.7276716232299805,2.0,1.0,negative,62.1478814667
62.1478814667,0.0,4.07918918132782,0.0,0.0,3.0,5.0,positive,62.28187876
62.28187876,0.0,0.0,0.0,0.0,1.0,1.0,negative,62.12709095
62.12709095,0.0,0.0,0.0,0.0,1.0,1.0,negative,62.10669217
62.10669217,0.0,2.807834267616272,0.0,0.0,5.0,4.0,positive,62.2526394637
62.2526394637,0.0,0.0,0.8132574558258057,0.0,3.0,0.0,negative,62.19942538
62.19942538,0.8470491170883179,0.8279917240142822,0.0,0.0,1.0,2.0,negative,61.85240419
61.85240419,0.0,0.0,0.0,0.0,1.0,0.0,positive,61.99262037
61.99262037,0.0,0.0,1.5531485080718994,0.0,7.0,0.0,negative,61.289372422
61.289372422,1.4941369891166687,0.0,0.0,0.0,3.0,0.0,negative,61.26309279
61.26309279,0.0,0.0,0.7229922413825989,0.0,3.0,1.0,positive,61.51714565
61.51714565,0.0,0.0,0.0,0.0,2.0,0.0,negative,61.32856073
61.32856073,0.0,0.8085865378379822,0.0,0.0,2.0,1.0,negative,60.73926988
60.73926988,0.7156180739402771,0.7001588940620422,0.0,0.0,5.0,1.0,positive,60.74121257
60.74121257,0.9752492308616638,0.0,0.0,0.0,3.0,0.0,negative,60.66339954
60.66339954,0.0,0.0,0.0,0.0,0.0,0.0,positive,60.88676802
60.88676802,0.0,0.0,0.0,0.0,1.0,0.0,positive,61.18869307
61.18869307,0.8905692100524902,0.0,0.8989235758781433,0.0,2.0,1.0,negative,61.06455747
61.06455747,0.0,0.73882657289505,0.0,0.0,0.0,1.0,negative,60.1580547
60.1580547,0.0,0.0,0.862201452255249,0.0,2.0,0.0,negative,59.74724656
59.74724656,0.0,0.7023489475250244,0.0,0.0,1.0,1.0,negative,59.3725028175
59.3725028175,0.7770074009895325,1.554336428642273,0.0,0.0,3.0,4.0,negative,59.36473159
59.36473159,1.6800819635391235,2.4926361441612244,0.7929472923278809,0.0,5.0,4.0,negative,58.3808683
58.3808683,0.729262113571167,0.0,0.0,0.0,2.0,0.0,negative,57.68341619
57.68341619,0.0,0.0,0.0,0.0,0.0,0.0,positive,58.1832967422
58.1832967422,0.7774819731712341,0.0,0.0,0.0,5.0,1.0,positive,58.26560352
58.26560352,0.0,0.7311466932296753,0.0,0.7310436367988586,1.0,3.0,negative,58.12089795
58.12089795,0.0,2.2933375239372253,0.8138477802276611,0.0,4.0,3.0,negative,58.0876013
58.0876013,0.0,0.0,2.443662643432617,0.0,10.0,2.0,positive,58.557049884
58.557049884,0.0,0.0,0.7704280614852905,0.0,6.0,0.0,positive,58.58066532
58.58066532,0.0,0.0,0.0,0.0,2.0,1.0,negative,57.79496763
57.79496763,0.0,0.0,0.0,0.0,1.0,0.0,positive,58.26786336
58.26786336,0.0,0.0,0.0,0.0,2.0,1.0,positive,58.48561706
58.48561706,0.0,0.7544938325881958,0.8419968485832214,0.0,6.0,3.0,negative,58.05900299
58.05900299,2.3523131608963013,0.0,0.9338064193725586,0.0,7.0,1.0,negative,57.91404934
57.91404934,0.7692806720733643,0.0,0.0,0.0,4.0,1.0,negative,57.87328523
57.87328523,0.8563980460166931,0.7704132199287415,0.8100533485412598,0.0,3.0,1.0,negative,57.56671366
57.56671366,0.0,0.7027583718299866,0.0,0.0,0.0,1.0,positive,57.5882663644
57.5882663644,1.6398296356201172,0.7752512693405151,0.0,0.9367237091064452,4.0,2.0,negative,57.586524
57.586524,0.0,0.0,0.0,0.851237416267395,0.0,1.0,positive,57.94279383
57.94279383,1.6586086750030518,2.954296588897705,0.0,0.0,4.0,5.0,positive,57.96176866
57.96176866,2.4060713052749634,0.7385741472244263,0.750368595123291,0.0,13.0,1.0,positive,58.00279301
58.00279301,1.5837183594703674,3.8534189462661743,1.945840060710907,0.0,7.0,5.0,negative,57.3257647137
57.3257647137,3.669973194599152,4.607700765132904,0.7031705379486084,0.0,10.0,6.0,positive,57.82904557
57.82904557,0.9076159596443176,2.2268067598342896,0.852993369102478,0.0,2.0,3.0,positive,58.44158532
58.44158532,0.8204633593559265,2.1906856894493103,0.8011206388473511,0.8405919671058655,6.0,5.0,positive,58.80176802
58.80176802,0.0,1.5069185495376587,0.9126570224761964,0.0,7.0,3.0,negative,58.61790694
58.61790694,2.490456283092499,1.6703826785087583,0.0,0.0,5.0,3.0,negative,58.5141581112
58.5141581112,0.0,0.0,0.8673661351203918,0.0,4.0,0.0,negative,58.45469696
58.45469696,1.7240278124809263,0.0,1.8296100497245789,0.0,7.0,0.0,positive,58.48271291
58.48271291,0.7709813714027405,0.0,0.7248019576072693,0.0,10.0,0.0,positive,58.63948008
58.63948008,0.7375062704086304,0.0,0.0,0.0,8.0,0.0,negative,58.55042823
58.55042823,0.0,0.0,0.0,0.0,4.0,0.0,negative,58.39981996
58.39981996,0.0,0.0,0.0,0.0,0.0,0.0,negative,58.35817448
58.35817448,0.942897379398346,0.0,0.0,0.0,5.0,0.0,positive,58.52399525
58.52399525,0.0,0.0,0.0,0.0,1.0,0.0,negative,58.19408309
58.19408309,0.0,0.7385741472244263,0.0,0.0,6.0,1.0,negative,57.80454967
57.80454967,0.7072417140007019,0.0,0.0,0.0,1.0,0.0,positive,58.03435639
58.03435639,1.6328300833702087,2.603718400001526,0.0,0.0,3.0,4.0,negative,57.8750306179
57.8750306179,0.9421532154083252,0.0,1.5278984308242798,0.0,5.0,0.0,negative,57.49014421
57.49014421,0.0,0.0,0.0,0.7455387115478516,0.0,1.0,positive,57.95467443
57.95467443,0.0,0.0,0.0,0.0,2.0,0.0,positive,58.33184079
58.33184079,1.521898329257965,0.0,0.77554851770401,0.0,5.0,2.0,negative,58.17257134
58.17257134,0.8592026829719543,0.7385741472244263,1.647307515144348,0.0,4.0,1.0,positive,58.57077414
58.57077414,0.0,0.0,0.0,0.0,2.0,2.0,negative,57.9120795
57.9120795,0.0,0.0,0.0,0.0,3.0,1.0,negative,57.5887466518
57.5887466518,0.0,0.0,0.0,0.0,2.0,0.0,positive,57.71700695
57.71700695,0.8863394856452942,0.0,0.0,0.0,1.0,0.0,positive,57.87502886
57.87502886,0.0,0.0,0.0,0.0,2.0,0.0,negative,56.5943314
56.5943314,0.7421955466270447,2.490512430667877,0.7254976630210876,0.0,3.0,3.0,negative,56.55933242
56.55933242,0.0,0.7471821308135986,0.0,0.0,0.0,3.0,negative,55.6310294757
55.6310294757,0.0,0.0,0.0,0.0,2.0,1.0,negative,55.0585743795
55.0585743795,0.0,0.0,0.0,0.0,5.0,0.0,positive,55.55869407
55.55869407,1.68948233127594,0.0,0.0,0.0,8.0,1.0,negative,55.42767392
55.42767392,0.0,0.0,0.0,0.0,1.0,1.0,positive,55.43946582
55.43946582,0.8704413175582886,0.0,0.0,0.0,1.0,0.0,positive,55.66789919
55.66789919,0.0,0.0,0.0,0.0,0.0,0.0,negative,55.6509766
55.6509766,0.0,0.0,0.0,0.0,0.0,1.0,positive,56.0410168
56.0410168,0.8203951716423035,0.0,0.8747119307518005,0.0,4.0,0.0,negative,55.9253368805
55.9253368805,0.0,0.0,0.8169102668762207,0.0,2.0,0.0,positive,56.40972212
56.40972212,0.9379746317863464,0.0,0.0,0.0,2.0,0.0,positive,56.44769139
56.44769139,0.0,0.0,0.7202589511871338,0.0,3.0,0.0,positive,56.58391031
56.58391031,0.0,0.0,0.0,0.0,2.0,1.0,positive,56.58967067
56.58967067,0.0,0.7435930967330933,0.0,0.0,0.0,2.0,negative,56.56931081
56.56931081,0.8313775658607483,0.8739255666732788,0.0,0.0,2.0,1.0,positive,56.85286356
56.85286356,0.0,0.0,0.0,0.0,1.0,1.0,negative,56.76669814
56.76669814,0.0,0.0,0.0,0.0,1.0,0.0,positive,56.87616496
56.87616496,0.0,0.0,0.0,0.0,0.0,0.0,positive,57.3964997079
57.3964997079,0.0,0.7152897119522095,0.0,0.0,1.0,1.0,positive,57.43060254
57.43060254,0.0,0.7853624224662781,0.0,0.0,2.0,1.0,positive,57.70566888
57.70566888,0.0,0.0,0.0,0.0,0.0,0.0,negative,57.43137487
57.43137487,0.0,0.0,0.8787661790847778,0.0,3.0,2.0,positive,57.51732313
57.51732313,0.0,0.0,0.8728022575378418,0.0,7.0,0.0,positive,57.62284157
57.62284157,0.0,0.0,0.0,0.0,4.0,0.0,positive,58.14925423
58.14925423,0.0,0.0,0.0,0.0,3.0,1.0,negative,57.9430162
57.9430162,0.0,0.0,0.0,0.0,2.0,0.0,negative,57.1641906007
57.1641906007,0.0,1.5163118839263916,0.7812348008155823,0.0,3.0,3.0,negative,57.08918916
57.08918916,0.0,0.7082293629646301,0.0,0.0,0.0,1.0,positive,57.18773829
57.18773829,0.0,0.9335741996765136,0.7720277309417725,0.0,1.0,3.0,negative,56.98464145
56.98464145,0.7321280837059021,0.9474761486053468,0.7816824913024902,0.951465666294098,2.0,3.0,positive,57.0498612765
57.0498612765,0.0,0.0,0.7808751463890076,0.0,2.0,0.0,negative,56.81215266
56.81215266,0.0,0.7090963125228882,0.0,0.0,1.0,2.0,positive,57.35440311
57.35440311,0.0,0.0,0.0,0.0,0.0,1.0,negative,57.2726348
57.2726348,0.0,0.8855440020561218,0.0,0.0,1.0,1.0,positive,57.34585304
57.34585304,0.0,0.0,0.0,0.0,0.0,1.0,negative,57.33609225
57.33609225,0.0,0.8499578833580017,0.0,0.0,1.0,1.0,positive,57.57481581
57.57481581,0.0,0.0,0.0,0.0,0.0,2.0,positive,57.64078755
57.64078755,0.0,0.0,0.7429794073104858,0.0,1.0,1.0,negative,57.53652279
57.53652279,0.0,0.0,0.0,0.0,0.0,0.0,positive,57.80321415
57.80321415,0.0,0.0,0.0,0.0,0.0,0.0,positive,58.22694361
58.22694361,0.0,0.0,0.0,0.0,0.0,0.0,negative,57.78257068
57.78257068,0.0,0.0,0.0,0.0,0.0,0.0,positive,57.86129674
57.86129674,0.0,0.9099897146224976,0.8336120247840881,0.0,1.0,1.0,negative,57.53449352
57.53449352,0.0,1.588476538658142,0.0,0.0,0.0,2.0,negative,57.44741536
57.44741536,1.600184142589569,0.0,0.0,0.0,3.0,1.0,positive,57.57246514
57.57246514,0.0,0.0,0.0,0.0,0.0,0.0,negative,57.24369898
57.24369898,0.0,0.0,0.0,0.0,0.0,0.0,positive,57.57274273
57.57274273,0.0,0.0,0.0,0.0,0.0,0.0,positive,57.8039916625
57.8039916625,0.0,0.0,0.0,0.0,2.0,1.0,positive,57.93372382
57.93372382,0.0,0.0,0.0,0.0,0.0,0.0,negative,57.723466
57.723466,0.0,2.409235715866089,0.0,0.0,0.0,3.0,positive,57.81929716
57.81929716,0.0,1.679131269454956,0.7334267497062683,0.0,3.0,2.0,negative,57.74257654
57.74257654,1.535796940326691,0.7667351961135864,0.0,0.8425005674362183,2.0,2.0,negative,57.69507575
57.69507575,0.7660855650901794,0.0,0.7612878084182739,0.0,13.0,0.0,negative,57.51775057
57.51775057,3.3183122873306274,0.770332396030426,0.748545229434967,0.0,10.0,1.0,negative,57.33202078
57.33202078,0.9116103649139404,0.0,1.6949819326400757,0.0,12.0,1.0,negative,57.29173262
57.29173262,0.7279390692710876,0.8505220413208008,0.0,0.0,6.0,1.0,positive,57.4860054
57.4860054,2.255599319934845,0.0,3.542518198490143,0.0,12.0,1.0,positive,58.4331052476
58.4331052476,0.755608856678009,0.7604690790176392,0.0,0.0,6.0,2.0,positive,58.53325596
58.53325596,0.0,0.0,1.841257870197296,0.0,9.0,0.0,positive,58.59886209
58.59886209,1.4512795209884644,0.0,1.5194903016090393,0.0,9.0,1.0,negative,58.44690794
58.44690794,1.698136568069458,0.719813346862793,3.2187498807907104,0.0,15.0,1.0,negative,58.25429847
58.25429847,0.0,0.0,2.273839294910431,0.0,6.0,0.0,positive,58.2943687902
58.2943687902,0.0,0.0,1.9624427556991575,0.0,2.0,0.0,positive,58.35505947
58.35505947,0.7010601162910461,4.077055931091309,0.0,0.0,8.0,7.0,negative,58.17781946
58.17781946,2.3126206398010254,0.0,0.0,0.0,7.0,1.0,positive,58.23578299
58.23578299,0.0,0.0,0.0,0.0,1.0,3.0,negative,57.96541692
57.96541692,0.0,0.0,0.7041663527488708,0.9000566601753235,4.0,1.0,positive,58.43217397
58.43217397,1.472983717918396,0.0,0.0,0.0,5.0,0.0,positive,61.03966079
61.03966079,0.8976932168006897,0.8193963170051575,0.7579244375228882,0.0,7.0,2.0,positive,61.22225825
61.22225825,0.0,0.0,0.0,0.0,2.0,0.0,positive,61.51793201
61.51793201,0.0,0.9550204277038574,0.7593682408332825,0.0,2.0,1.0,negative,61.14807367
61.14807367,0.0,0.7169770002365112,0.7295709848403931,0.0,2.0,4.0,positive,61.55512382
61.55512382,0.7957537174224854,0.0,0.8075582385063171,0.0,3.0,0.0,positive,61.86432929
61.86432929,1.566292583942413,0.0,0.845738410949707,0.0,9.0,1.0,negative,61.83603982
61.83603982,0.7145217657089233,0.0,0.0,0.7844712138175964,5.0,1.0,positive,62.22717605
62.22717605,0.7782682180404663,0.0,1.74894380569458,0.0,5.0,0.0,negative,62.08133039
62.08133039,0.0,0.0,0.0,0.0,0.0,1.0,negative,61.69559538
61.69559538,0.876733660697937,0.0,0.0,0.0,3.0,0.0,positive,62.09792472
62.09792472,0.8933669924736023,0.0,0.0,0.7782700657844543,3.0,2.0,positive,62.72533993
62.72533993,0.0,0.0,0.0,0.0,3.0,0.0,positive,62.9610628
62.9610628,0.0,0.0,0.0,0.0,0.0,1.0,positive,63.00641753
63.00641753,0.0,0.0,0.0,0.0,0.0,0.0,negative,62.54200517
62.54200517,0.0,3.233222365379333,0.905645787715912,0.0,3.0,4.0,negative,62.42364013
62.42364013,0.0,1.855619490146637,0.9718000292778016,0.0,3.0,3.0,negative,62.1855841813
62.1855841813,0.8094540238380432,0.0,0.0,0.0,2.0,0.0,negative,62.10274384
62.10274384,1.6864081025123596,0.0,1.7188439965248108,0.0,4.0,0.0,negative,62.08976276
62.08976276,0.0,0.0,0.0,0.0,2.0,0.0,negative,61.28978961
61.28978961,0.7999665141105652,0.0,0.0,0.0,2.0,0.0,positive,61.3129655208
61.3129655208,0.735014796257019,0.0,0.0,0.0,2.0,0.0,positive,61.9284833
61.9284833,0.0,0.0,0.0,0.0,3.0,0.0,positive,62.00641535
62.00641535,0.8976932168006897,0.7210570573806763,0.0,0.0,3.0,1.0,positive,62.67214787
62.67214787,0.0,0.0,0.0,0.0,2.0,0.0,negative,62.5470108814
62.5470108814,0.0,0.0,0.0,0.0,0.0,0.0,negative,62.1550773
62.1550773,0.0,0.0,0.0,0.0,3.0,0.0,negative,61.30451792
61.30451792,0.0,0.8318874835968018,0.0,0.0,2.0,1.0,positive,61.56587016
61.56587016,0.0,0.0,1.6280431747436523,0.0,4.0,1.0,positive,61.65660188
61.65660188,0.7362577319145203,0.7756237983703613,0.8903989791870117,0.0,3.0,1.0,negative,61.51061857
61.51061857,0.7178179621696472,0.712435781955719,0.0,0.0,2.0,2.0,negative,61.36108951
61.36108951,0.7593947649002075,0.0,0.0,0.0,1.0,0.0,positive,61.4018600753
61.4018600753,0.0,0.9041080474853516,0.0,0.0,2.0,1.0,negative,60.94749609
60.94749609,0.0,0.0,0.0,0.0,1.0,0.0,negative,60.8614561
60.8614561,0.0,0.0,0.0,0.0,1.0,1.0,positive,61.1135179
61.1135179,0.7947198748588562,0.0,0.925557017326355,0.0,4.0,0.0,positive,61.11379813
61.11379813,0.0,0.0,0.9205718636512756,0.0,1.0,0.0,negative,60.5692546746
60.5692546746,0.0,0.0,0.9664281010627748,0.0,1.0,0.0,positive,60.82290975
60.82290975,0.0,0.7178699970245361,2.707394003868103,0.0,5.0,1.0,positive,61.24070782
61.24070782,0.7299935817718506,0.8495153784751892,0.0,0.0,2.0,1.0,positive,61.71314349
61.71314349,0.0,0.0,1.493690550327301,0.0,2.0,1.0,negative,61.6813136
61.6813136,0.0,0.0,0.0,0.0,0.0,0.0,positive,62.3309196734
62.3309196734,0.0,0.7383631467819214,0.0,0.0,1.0,2.0,positive,63.20435532
63.20435532,0.0,0.0,0.0,0.0,2.0,0.0,negative,63.04771101
63.04771101,0.8976932168006897,1.6669944524765017,0.8980145454406738,0.0,3.0,2.0,negative,62.76592979
62.76592979,0.0,0.0,0.0,0.0,1.0,0.0,positive,62.99360188
62.99360188,0.0,0.0,0.0,0.0,0.0,0.0,positive,63.2295854
63.2295854,0.0,0.0,0.0,0.0,1.0,0.0,negative,62.25505619
62.25505619,0.0,0.0,0.0,0.0,5.0,0.0,positive,62.5301153599
62.5301153599,0.8976932168006897,0.0,0.0,0.0,2.0,0.0,negative,62.1662497
62.1662497,0.0,1.477255403995514,0.0,0.0,0.0,3.0,positive,62.38745212
62.38745212,0.7777367234230042,0.0,0.0,0.0,2.0,0.0,positive,63.56425206
63.56425206,1.459311544895172,0.7065450549125671,0.7998431324958801,0.0,9.0,5.0,positive,63.83426779
63.83426779,0.0,0.7469224333763123,0.0,0.0,2.0,2.0,negative,63.61645461
63.61645461,0.0,1.5434236526489258,0.0,0.0,1.0,2.0,positive,63.62890582
63.62890582,0.0,0.7782835960388184,0.7616285681724548,0.8565267324447632,5.0,4.0,negative,63.50642817
63.50642817,0.0,2.221736490726471,0.0,0.0,1.0,4.0,positive,63.65029479
63.65029479,0.0,0.7855677604675293,0.0,0.0,3.0,4.0,positive,63.75169759
63.75169759,0.9256709218025208,0.0,1.6086883544921875,0.0,8.0,2.0,negative,63.20950467
63.20950467,1.8177021741867063,0.0,1.6832594275474548,2.548256993293762,18.0,3.0,negative,62.88279052
62.88279052,0.0,0.0,4.030129373073578,0.0,25.0,0.0,negative,62.8484061169
62.8484061169,4.769997179508209,0.0,5.829032301902771,0.0,28.0,0.0,negative,62.76031801
62.76031801,4.195190191268921,0.0,10.152251780033112,0.0,47.0,1.0,negative,62.5692188
62.5692188,4.863945364952087,0.0,3.0453997254371643,0.0,28.0,0.0,negative,62.48751972
62.48751972,4.752680957317352,0.703021764755249,0.9052074551582336,0.0,31.0,3.0,positive,62.9266339
62.9266339,2.4662234783172607,1.5190043449401855,0.0,0.0,13.0,2.0,negative,62.66975992
62.66975992,3.403407335281372,0.0,1.600389003753662,0.9060158729553224,15.0,1.0,negative,62.45157617
62.45157617,2.40626460313797,0.0,1.7280584573745728,0.0,16.0,0.0,negative,61.95588056
61.95588056,0.7532073259353638,1.5140960216522217,0.946979820728302,0.0,9.0,2.0,positive,62.0791867
62.0791867,3.467469036579132,0.0,2.4761083126068115,0.0,17.0,0.0,positive,62.27807135
62.27807135,0.0,2.4221662878990173,2.60904598236084,0.0,8.0,5.0,negative,60.60471864
60.60471864,0.0,0.0,2.465417504310608,0.0,10.0,1.0,negative,58.66897697
58.66897697,0.8136058449745178,0.0,1.877718806266785,0.0,10.0,1.0,negative,58.65265847
58.65265847,1.660838007926941,1.614260733127594,0.9005624651908875,0.0,13.0,3.0,negative,58.10413595
58.10413595,2.222599148750305,1.620548129081726,0.0,0.0,10.0,6.0,negative,57.5892389942
57.5892389942,1.681662619113922,1.6318541765213013,0.0,0.0,11.0,3.0,positive,57.84799302
57.84799302,2.3766936659812927,0.727243185043335,4.932329833507538,0.7429046630859375,27.0,3.0,negative,57.7342573
57.7342573,1.7248103022575378,0.0,1.837170779705048,0.0,18.0,1.0,positive,57.87123743
57.87123743,0.9632882475852966,0.9039751291275024,1.6993578672409058,0.0,12.0,2.0,positive,58.093595
58.093595,0.9207700490951538,0.7986118197441101,2.417601943016052,0.0,17.0,2.0,negative,57.94525945
57.94525945,5.68578976392746,0.0,3.981082260608673,0.985204577445984,20.0,1.0,negative,57.907512
57.907512,4.802429378032684,0.0,1.6221585869789124,0.0,24.0,0.0,positive,58.19639305
58.19639305,0.8132341504096985,0.0,2.3621199131011963,0.9772428870201112,8.0,2.0,positive,58.2294861723
58.2294861723,0.7395903468132019,0.7858690619468689,0.8814642429351807,0.0,9.0,2.0,negative,58.09964767
58.09964767,1.6462973356246948,0.0,0.7576426267623901,0.7028019428253174,12.0,1.0,positive,58.10732251
58.10732251,1.451484203338623,0.0,0.0,0.0,11.0,1.0,positive,58.47405759
58.47405759,1.5677312016487122,0.7986118197441101,0.9163021445274352,0.0,8.0,1.0,negative,58.23811451
58.23811451,0.7607511878013611,0.7253652215003967,1.7712716460227966,0.0,10.0,1.0,negative,57.6685935
57.6685935,0.0,0.0,0.8743863701820374,0.0,5.0,3.0,negative,57.32803801
57.32803801,0.0,0.8962502479553223,0.0,0.0,2.0,2.0,negative,57.03013198
57.03013198,0.0,0.0,0.0,0.0,4.0,0.0,positive,57.11472549
57.11472549,0.8962503671646118,0.0,0.8365718722343445,3.9905577898025513,9.0,5.0,positive,57.5669176
57.5669176,1.6360813975334167,0.0,0.8450230956077576,0.0,6.0,0.0,positive,57.66973389
57.66973389,0.80677330493927,0.0,0.8870906829833984,0.0,6.0,0.0,negative,57.35014264
57.35014264,0.0,0.7920083403587341,0.0,0.0,2.0,1.0,negative,56.5224447757
56.5224447757,0.8372090458869934,0.0,0.8916164040565491,0.7721848487854004,5.0,5.0,negative,56.46668661
56.46668661,0.739831805229187,0.0,0.7947954535484314,0.0,4.0,1.0,negative,53.71022282
53.71022282,0.0,0.0,1.5901049971580503,0.0,4.0,0.0,positive,54.32226467
54.32226467,0.0,0.0,1.656371772289276,0.0,3.0,1.0,negative,53.97909505
53.97909505,0.0,0.0,0.7592421174049377,0.0,6.0,0.0,negative,53.28283049
53.28283049,0.0,0.0,0.0,0.0,2.0,2.0,negative,52.77529314
52.77529314,0.0,0.8355950117111206,0.0,0.0,3.0,2.0,positive,53.31503314
53.31503314,0.0,0.0,2.4424334168434143,0.0,9.0,1.0,negative,52.93437066
52.93437066,0.0,0.9640453457832336,0.0,0.0,5.0,1.0,positive,53.13817134
53.13817134,0.0,0.0,0.0,0.7441302537918091,1.0,2.0,positive,53.7315026276
53.7315026276,2.259237587451935,0.0,0.8413175344467163,0.0,7.0,0.0,negative,53.39886615
53.39886615,0.0,0.0,0.0,0.0,3.0,0.0,negative,53.04535156
53.04535156,0.0,0.9683220386505128,0.0,0.0,1.0,1.0,negative,47.77411236
47.77411236,0.0,0.876760721206665,0.0,0.0,1.0,1.0,positive,48.52206718
48.52206718,0.9578548073768616,0.0,0.0,0.0,3.0,0.0,positive,48.88197743
48.88197743,0.0,0.0,0.0,0.0,2.0,0.0,negative,48.38114112
48.38114112,0.8976932168006897,0.0,1.7394394278526306,0.0,4.0,0.0,positive,48.42718491
48.42718491,0.8976932168006897,0.71836256980896,0.0,0.7686048150062561,6.0,4.0,positive,48.6192988591
48.6192988591,0.0,0.8456815481185913,0.0,0.0,3.0,2.0,positive,48.78183424
48.78183424,0.0,0.0,0.0,0.0,5.0,0.0,negative,48.62031995
48.62031995,0.0,0.0,0.0,0.0,1.0,0.0,positive,48.7280067
48.7280067,0.0,0.7172106504440308,0.0,0.0,2.0,3.0,positive,49.84054355
49.84054355,0.0,0.775359034538269,0.8583410978317261,0.0,4.0,1.0,positive,51.4310612
51.4310612,0.0,1.5636016726493835,0.0,0.0,0.0,4.0,positive,51.7567281
51.7567281,0.0,1.5515106916427612,0.0,0.0,0.0,14.0,negative,51.19811377
51.19811377,0.0,2.320974051952362,0.7378647327423096,0.0,3.0,6.0,negative,51.07166994
51.07166994,0.0,0.8169660568237305,0.0,0.0,1.0,9.0,negative,50.94446259
50.94446259,0.0,0.0,0.0,0.0,0.0,0.0,negative,48.58780169
48.58780169,0.8205945491790771,0.0,0.0,0.0,2.0,3.0,positive,49.31256266
49.31256266,1.7311763763427734,0.7079933285713196,0.72086501121521,0.0,3.0,5.0,positive,50.01571897
50.01571897,0.0,0.7964988946914673,0.0,0.0,1.0,4.0,negative,49.93735332
49.93735332,0.0,2.1239799857139587,0.8614844679832458,0.0,4.0,10.0,positive,50.25021271
50.25021271,0.0,3.250074326992035,0.0,0.0,0.0,6.0,positive,50.65599764
50.65599764,0.0,1.4567359685897827,0.0,0.0,2.0,2.0,positive,51.23464112
51.23464112,0.0,0.0,0.0,0.9190622568130492,1.0,2.0,positive,51.342762
51.342762,0.0,0.0,0.0,0.0,2.0,1.0,negative,50.89763109
50.89763109,0.0,1.5081562399864197,1.6099932789802551,0.0,9.0,4.0,negative,50.61197823
50.61197823,0.7165361642837524,0.0,0.0,0.0,4.0,0.0,positive,50.87196282
50.87196282,0.0,0.0,0.0,0.0,0.0,1.0,negative,50.67954209
50.67954209,0.0,0.0,0.0,0.0,3.0,0.0,negative,50.32019944
50.32019944,0.0,1.4871839880943298,0.0,0.0,1.0,5.0,negative,50.2901025
50.2901025,1.7953864336013794,1.8894989490509035,3.7635690569877625,0.0,11.0,4.0,negative,50.27102029
50.27102029,0.0,0.0,0.0,0.9113215208053588,2.0,2.0,negative,50.0566291158
50.0566291158,0.0,0.0,0.0,0.0,2.0,0.0,positive,50.17993876
50.17993876,0.0,0.8393682837486267,0.0,0.0,0.0,5.0,negative,49.81260075
49.81260075,0.0,0.0,0.0,0.0,1.0,0.0,negative,49.50533946
49.50533946,0.0,0.0,0.0,0.0,0.0,0.0,negative,48.95549224
48.95549224,0.0,3.3445053696632385,0.0,0.0,0.0,9.0,positive,49.01409044
49.01409044,0.0,0.7224804759025574,0.7164093852043152,0.0,1.0,2.0,negative,48.51409286
48.51409286,0.0,0.8284343481063843,0.0,0.0,1.0,1.0,negative,47.35273811
47.35273811,0.0,0.8450809717178345,0.9161791801452636,0.0,2.0,5.0,positive,49.08990045
49.08990045,0.0,0.7514740824699402,0.0,0.8152896761894226,0.0,4.0,positive,49.52416717
49.52416717,0.0,0.0,0.9725930094718932,0.751653254032135,4.0,4.0,negative,49.33759648
49.33759648,1.4282374382019043,1.4569587707519531,0.0,0.816641092300415,5.0,6.0,negative,48.86466098
48.86466098,2.432003974914551,2.468258857727051,0.0,0.8910215497016907,10.0,15.0,negative,48.04059058
48.04059058,0.7434332966804504,2.273248791694641,2.5863595604896545,2.4972641468048096,7.0,13.0,negative,47.04728594
47.04728594,0.7193595170974731,0.8530830144882202,0.7878288626670837,0.7834636569023132,2.0,3.0,negative,46.7851513
46.7851513,2.39710146188736,1.5599466562271118,2.2436999082565308,0.0,16.0,4.0,positive,47.48303524
47.48303524,0.9170737266540528,4.741613686084747,1.5031529068946838,0.8532225489616394,9.0,10.0,negative,47.06056717
47.06056717,0.9746640920639038,0.7148327827453613,3.151563346385956,0.0,12.0,4.0,negative,46.65924931
46.65924931,0.0,0.7079933285713196,0.0,0.0,3.0,5.0,positive,47.58933846
47.58933846,0.8827672600746155,1.4709803462028503,0.8732413649559021,0.0,4.0,3.0,positive,47.7912504
47.7912504,1.6307348608970642,0.0,0.7796878814697266,0.0,13.0,1.0,negative,47.4139832298
47.4139832298,0.7382467985153198,0.7969438433647156,0.0,0.0,6.0,1.0,positive,47.48136198
47.48136198,0.9234231114387512,0.0,1.771952211856842,0.0,4.0,0.0,negative,47.38453184
47.38453184,0.8976932168006897,0.788488507270813,0.0,0.0,1.0,2.0,negative,46.76250779
46.76250779,0.0,0.0,0.0,0.0,2.0,2.0,positive,47.5049088199
47.5049088199,0.0,0.0,0.0,0.0,2.0,0.0,positive,47.55183398
47.55183398,0.0,0.9774674773216248,0.0,0.751575767993927,3.0,3.0,positive,48.37479376
48.37479376,0.7532889246940613,0.8783912062644958,0.0,0.0,3.0,3.0,positive,48.56196731
48.56196731,0.0,1.467969536781311,0.0,0.0,1.0,2.0,negative,48.29374039
48.29374039,0.0,0.0,0.0,0.0,0.0,0.0,positive,48.45438523
48.45438523,2.646839559078217,0.0,0.0,0.0,4.0,0.0,positive,48.72026151
48.72026151,0.0,0.8208532333374023,0.0,0.0,0.0,2.0,negative,48.57116629
48.57116629,0.0,0.7654202580451965,0.0,0.0,1.0,1.0,negative,48.42631026
48.42631026,0.0,0.0,1.879271388053894,0.0,5.0,1.0,negative,47.84318139
47.84318139,1.8196789026260376,0.0,0.9026122689247132,0.0,3.0,0.0,negative,47.73853882
47.73853882,0.0,0.8160980939865112,0.0,0.0,0.0,4.0,positive,48.64283806
48.64283806,0.0,0.0,0.0,0.0,1.0,0.0,negative,48.12799879
48.12799879,0.8693749308586121,0.7997885942459106,0.803546667098999,0.0,10.0,1.0,positive,48.35310381
48.35310381,0.0,0.0,0.0,0.0,6.0,1.0,positive,48.55179913
48.55179913,0.0,0.0,0.0,0.0,1.0,0.0,negative,48.24075375
48.24075375,0.0,0.0,0.7333126068115234,0.0,4.0,1.0,positive,48.54696166
48.54696166,0.0,0.0,0.0,0.0,4.0,2.0,negative,47.80825805
47.80825805,0.7140119075775146,0.0,0.0,0.0,2.0,1.0,positive,48.05357195
48.05357195,0.8423036336898804,0.0,1.4779089093208313,0.0,6.0,0.0,positive,48.48358988
48.48358988,3.506635069847107,0.8313261270523071,0.721007764339447,0.0,5.0,2.0,positive,48.60042146
48.60042146,0.0,0.0,0.8081708550453186,0.0,1.0,0.0,negative,48.09426216
48.09426216,0.0,0.0,0.8598107695579529,0.0,5.0,0.0,negative,47.89024977
47.89024977,1.5782304406166077,0.7444004416465759,0.0,0.0,4.0,2.0,negative,47.88137922
47.88137922,2.2926308512687683,0.9560164213180542,0.8464239835739136,0.0,7.0,1.0,negative,47.40794389
47.40794389,1.5801352858543396,0.0,0.0,0.0,3.0,0.0,negative,47.27700778
47.27700778,2.169341504573822,0.0,0.0,0.0,6.0,1.0,positive,47.5171066
47.5171066,0.0,0.0,0.0,0.0,1.0,0.0,negative,47.49311154
47.49311154,0.9494379162788392,0.7892833948135376,0.7774317860603333,0.0,5.0,1.0,negative,47.1580112459
47.1580112459,0.0,0.0,0.7821363806724548,0.0,2.0,1.0,negative,47.06949758
47.06949758,0.9712982773780824,0.0,0.0,0.0,2.0,1.0,negative,46.26350165
46.26350165,0.0,0.0,0.0,0.0,1.0,1.0,negative,45.74140819
45.74140819,0.0,0.0,0.0,0.0,0.0,0.0,positive,47.52254451
47.52254451,0.0,0.7493823766708374,0.0,0.7168071269989014,2.0,2.0,negative,47.0866473817
47.0866473817,1.6183606386184692,0.0,0.0,0.0,4.0,0.0,positive,48.31677635
48.31677635,0.0,0.0,0.0,0.0,1.0,2.0,negative,48.00563478
48.00563478,0.0,0.0,0.0,0.0,0.0,1.0,positive,48.05701945
48.05701945,0.9806721806526184,0.0,0.7854446172714233,0.0,4.0,1.0,negative,47.87396173
47.87396173,0.0,0.0,0.0,0.0,1.0,0.0,negative,47.66804043
47.66804043,0.7327806949615479,0.0,0.0,0.0,1.0,0.0,positive,47.915012782
47.915012782,0.0,0.0,0.0,0.0,0.0,0.0,negative,47.86197928
47.86197928,0.0,0.0,0.0,0.0,2.0,0.0,positive,48.65694057
48.65694057,0.0,0.0,0.0,0.0,1.0,0.0,positive,48.77010822
48.77010822,0.0,0.0,0.0,0.0,0.0,0.0,negative,48.56874732
48.56874732,0.0,0.0,0.0,0.0,0.0,1.0,positive,48.59679831
48.59679831,0.0,0.0,0.0,0.0,1.0,0.0,positive,48.97628587
48.97628587,0.0,0.0,0.0,0.0,0.0,0.0,negative,48.7028920675
48.7028920675,1.7839377522468567,0.0,0.0,0.0,8.0,1.0,negative,48.470559748
48.470559748,0.0,0.0,0.0,0.0,1.0,0.0,positive,48.48556615
48.48556615,0.7509852051734924,0.8162389993667603,0.0,0.0,5.0,2.0,positive,48.85035622
48.85035622,0.0,0.0,0.0,0.0,2.0,0.0,negative,48.70144345
48.70144345,0.0,0.7203099131584167,0.0,0.0,1.0,3.0,negative,48.28365464
48.28365464,0.0,0.0,0.0,0.0,1.0,0.0,negative,47.78271805
47.78271805,0.8314093947410583,0.0,0.9002711176872253,0.0,2.0,0.0,negative,47.61243706
47.61243706,0.0,0.7101864814758301,0.0,0.0,1.0,1.0,negative,47.2657988885
47.2657988885,0.0,0.707801103591919,0.0,0.0,0.0,1.0,positive,47.4632543845
47.4632543845,0.0,0.0,0.0,0.0,0.0,0.0,negative,47.09282009
47.09282009,0.0,0.0,0.0,0.0,0.0,2.0,positive,47.61554577
47.61554577,0.0,0.0,0.0,0.0,1.0,0.0,negative,47.4827446
47.4827446,0.7670422792434692,0.0,0.0,0.0,2.0,1.0,positive,47.90564923
47.90564923,0.0,0.0,0.0,0.0,0.0,0.0,negative,47.76631896
47.76631896,1.6566289067268372,0.0,0.0,0.0,4.0,0.0,negative,46.79119503
46.79119503,0.0,0.0,0.0,0.0,6.0,0.0,positive,46.92367654
46.92367654,4.49836391210556,0.0,0.91833758354187,0.0,14.0,0.0,positive,47.04615923
47.04615923,1.86692476272583,0.0,0.0,0.0,6.0,0.0,positive,47.44132139
47.44132139,0.7966258525848389,0.0,2.555844724178314,0.0,11.0,0.0,negative,47.33858142
47.33858142,0.9660634994506836,0.0,0.7914063334465027,0.0,4.0,0.0,positive,47.38380177
47.38380177,1.69509756565094,0.0,0.0,0.0,5.0,0.0,positive,47.4898398546
47.4898398546,0.7605646252632141,0.0,0.0,0.0,2.0,0.0,negative,47.41777666
47.41777666,0.0,0.0,0.0,0.0,0.0,0.0,negative,46.86320309
46.86320309,1.6050134897232056,0.0,0.0,0.0,4.0,1.0,negative,46.8554552042
46.8554552042,0.0,0.0,0.0,0.0,2.0,1.0,positive,47.42063153
47.42063153,0.0,0.0,0.0,0.0,0.0,0.0,negative,47.39576327
47.39576327,0.0,0.0,0.0,0.0,0.0,0.0,negative,47.3515371988
47.3515371988,0.749904215335846,0.0,0.0,0.0,2.0,0.0,positive,47.6942153
47.6942153,0.0,0.0,0.0,0.0,1.0,0.0,negative,47.59271863
47.59271863,0.0,0.8394651412963867,0.0,0.0,3.0,1.0,positive,47.8298832278
47.8298832278,0.0,0.7782697677612305,0.0,0.0,1.0,1.0,negative,47.72066203
47.72066203,0.0,1.7170680165290833,0.0,0.0,5.0,2.0,positive,47.97562065
47.97562065,0.0,0.0,0.0,0.0,2.0,0.0,negative,47.73566812
47.73566812,0.9608570337295532,0.0,0.0,0.0,1.0,0.0,positive,47.91507091
47.91507091,0.0,0.7675029039382935,0.0,0.0,1.0,2.0,positive,48.15825523
48.15825523,0.7086056470870972,0.0,0.7822126150131226,0.0,7.0,1.0,positive,48.1612826721
48.1612826721,0.0,0.746687650680542,0.7301584482192993,0.0,3.0,2.0,positive,48.46887983
48.46887983,0.0,0.0,0.0,0.0,5.0,0.0,negative,48.45616911
48.45616911,0.0,0.0,0.9098551869392396,0.0,1.0,0.0,positive,48.83664281
48.83664281,0.0,2.390066981315613,0.0,0.0,5.0,4.0,negative,48.6119464104
48.6119464104,0.8845755457878113,0.0,1.5311502814292908,0.0,6.0,0.0,negative,48.36486955
48.36486955,0.7870064377784729,0.7335251569747925,0.0,0.0,1.0,1.0,negative,48.20202304
48.20202304,0.0,0.844176709651947,0.0,0.0,1.0,1.0,positive,48.30239925
48.30239925,0.9161704182624816,0.0,0.0,0.0,3.0,0.0,negative,47.89769852
47.89769852,0.0,0.0,0.0,0.0,2.0,0.0,positive,48.71119386
48.71119386,1.753441572189331,0.0,0.8678070902824402,0.0,4.0,0.0,positive,49.20770841
49.20770841,0.0,1.7437724471092224,0.0,0.0,1.0,2.0,positive,49.2095703593
49.2095703593,0.0,0.0,0.7306652665138245,0.0,1.0,0.0,negative,49.08817211
49.08817211,0.0,0.0,0.0,0.0,0.0,1.0,positive,49.12005264
49.12005264,0.0,2.3329206705093384,0.0,0.0,0.0,4.0,negative,48.8415785
48.8415785,0.0,0.0,0.0,0.0,1.0,0.0,negative,48.63128766
48.63128766,0.0,0.0,0.7820040583610535,0.0,1.0,0.0,negative,48.46835511
48.46835511,0.0,0.0,0.0,0.0,1.0,0.0,negative,48.44601922
48.44601922,0.0,0.0,0.0,0.0,0.0,0.0,positive,48.57085345
48.57085345,0.7724969983100891,10.530785202980042,0.0,0.0,1.0,43.0,negative,48.346787
48.346787,0.0,10.902032017707825,0.0,0.0,1.0,32.0,positive,48.56193914
48.56193914,0.0,0.0,1.6680924892425537,0.0,5.0,6.0,positive,48.988819992
48.988819992,0.8177375197410583,7.703859210014343,0.0,0.0,2.0,33.0,positive,49.25076256
49.25076256,0.0,4.122521102428436,0.8503750562667847,0.0,3.0,13.0,negative,49.04320996
49.04320996,0.0,7.994487762451172,0.8729321956634521,0.75927734375,4.0,16.0,negative,48.9332962
48.9332962,1.686378002166748,1.5008471608161926,0.0,0.0,3.0,6.0,negative,48.61937892
48.61937892,0.8788093328475952,4.0441811084747314,0.9160332679748536,0.0,4.0,9.0,positive,48.73116034
48.73116034,0.7684999704360962,2.31469988822937,0.8133094906806946,0.0,4.0,9.0,negative,48.43029505
48.43029505,0.0,3.0987330079078674,0.0,0.9626253843307496,5.0,6.0,positive,48.5106565892
48.5106565892,0.0,0.8095735907554626,0.0,0.0,6.0,6.0,positive,48.54977053
48.54977053,0.7863568663597107,0.0,0.0,0.0,2.0,1.0,positive,48.67007055
48.67007055,0.0,0.0,0.8272777795791626,0.0,2.0,4.0,negative,48.49687269
48.49687269,0.0,0.0,0.0,0.0,0.0,0.0,positive,48.71685458
48.71685458,0.0,2.537485897541046,0.0,0.0,1.0,12.0,negative,48.65969003
48.65969003,0.0,2.42196124792099,0.0,0.0,0.0,7.0,negative,48.21907291
48.21907291,0.0,4.04887318611145,0.9083472490310668,0.0,1.0,8.0,positive,48.5137734348
48.5137734348,0.0,5.584105968475342,0.0,0.0,1.0,10.0,negative,47.47593311
47.47593311,0.0,5.62546581029892,1.6459433436393738,0.0,3.0,11.0,positive,47.4891472
47.4891472,0.0,1.4617483019828796,0.0,0.0,1.0,4.0,positive,47.9633741
47.9633741,0.0,1.6285701990127563,0.7283278703689575,0.0,2.0,3.0,positive,48.2750529595
48.2750529595,0.0,1.5057765245437622,0.7998544573783875,0.0,1.0,3.0,negative,48.24012971
48.24012971,0.0,0.0,0.0,0.0,0.0,3.0,positive,48.29438495
48.29438495,0.0,0.0,0.7374482154846191,0.0,2.0,0.0,positive,48.55991368
48.55991368,0.0,0.0,0.0,0.0,0.0,2.0,negative,48.46951661
48.46951661,0.0,0.0,0.0,0.0,0.0,4.0,positive,48.48155222
48.48155222,0.0,0.0,0.0,0.0,0.0,1.0,negative,48.44429374
48.44429374,0.0,0.0,0.0,0.0,0.0,4.0,positive,48.6470822
48.6470822,0.0,0.0,0.0,0.0,0.0,1.0,positive,48.94160238
48.94160238,0.8352150321006775,0.0,0.0,0.0,3.0,1.0,negative,48.61520979
48.61520979,0.0,0.8923150300979614,0.0,0.0,0.0,2.0,negative,48.59770704
48.59770704,0.0,0.0,0.0,0.0,1.0,1.0,negative,48.52098389
48.52098389,0.0,0.7813864350318909,0.0,0.0,2.0,2.0,positive,48.5679466
48.5679466,0.0,0.0,0.0,0.0,0.0,0.0,positive,48.6740353
48.6740353,0.0,0.0,0.0,0.0,0.0,2.0,positive,49.06714216
49.06714216,0.0,0.7575458288192749,0.0,0.0,0.0,2.0,positive,49.1007653
49.1007653,0.0,0.0,0.0,0.0,0.0,0.0,negative,49.09967938
49.09967938,0.0,0.0,0.9215470552444458,0.0,1.0,0.0,negative,49.08975339
49.08975339,0.0,0.8460263013839722,0.0,0.0,0.0,1.0,negative,48.79391289
48.79391289,0.0,2.4324647784233093,0.0,0.0,0.0,3.0,positive,49.17805193
49.17805193,0.0,0.0,0.0,0.0,0.0,0.0,negative,49.03663421
49.03663421,0.0,0.9436416625976562,0.0,0.0,0.0,1.0,positive,49.11911079
49.11911079,0.0,0.0,0.0,0.0,1.0,1.0,negative,48.93658311
48.93658311,0.0,0.0,0.0,0.0,3.0,0.0,positive,49.24762111
49.24762111,0.0,0.0,0.0,0.0,1.0,0.0,negative,49.09752391
49.09752391,0.0,0.0,0.0,0.0,0.0,0.0,negative,49.03857559
49.03857559,0.0,0.0,0.0,0.0,0.0,0.0,negative,48.86143087
48.86143087,0.0,0.0,0.9784551858901978,0.0,1.0,1.0,positive,49.09190713
49.09190713,0.0,0.0,0.0,0.0,0.0,0.0,negative,49.03937625
49.03937625,0.0,0.840904712677002,0.7718861699104309,0.0,1.0,1.0,positive,49.04647109
49.04647109,0.0,0.0,0.0,0.0,1.0,0.0,positive,49.11045668
49.11045668,0.0,0.0,0.0,0.0,1.0,0.0,negative,48.90391319
48.90391319,0.0,0.0,0.0,0.0,0.0,0.0,positive,49.07801789
49.07801789,0.0,0.0,0.0,0.0,1.0,0.0,negative,48.96805946
48.96805946,0.0,0.0,0.0,0.0,0.0,2.0,positive,48.99229062
48.99229062,0.7493641972541809,0.0,0.0,0.0,1.0,0.0,negative,48.94605446
48.94605446,0.0,0.0,0.0,0.0,1.0,0.0,positive,50.60156937
50.60156937,0.0,0.0,0.0,0.0,1.0,0.0,positive,50.96251378
50.96251378,0.0,0.0,0.0,0.0,2.0,0.0,negative,50.89239816
50.89239816,0.0,4.063453495502472,0.0,0.0,0.0,5.0,negative,50.79922258
50.79922258,0.7452712655067444,0.0,0.8082535862922668,0.0,4.0,1.0,positive,50.89949739
50.89949739,0.8232748508453369,0.0,0.7186641097068787,0.0,3.0,0.0,negative,50.81715545
50.81715545,1.5162109732627869,1.6906744241714478,1.5335344672203064,0.0,8.0,2.0,negative,50.720416
50.720416,0.0,0.8107523918151855,0.9577710032463074,0.0,5.0,1.0,negative,50.280405962
50.280405962,0.0,2.398623824119568,0.0,0.0,1.0,3.0,positive,50.47396131
50.47396131,0.7367377281188965,0.0,0.0,0.0,2.0,0.0,positive,50.82142595
50.82142595,0.0,0.0,0.0,0.0,0.0,1.0,negative,50.7560363
50.7560363,0.7293799519538879,0.0,0.8611621856689453,0.0,2.0,0.0,positive,50.76176768
50.76176768,0.0,0.0,0.0,0.0,0.0,1.0,negative,50.69832951
50.69832951,0.0,0.0,0.0,0.0,1.0,0.0,positive,50.8115184216
50.8115184216,0.0,0.0,0.0,0.0,0.0,0.0,negative,50.69006337
50.69006337,0.769989013671875,0.0,0.0,0.0,2.0,0.0,negative,50.29744954
50.29744954,0.0,0.0,0.0,0.0,0.0,0.0,negative,49.92637568
49.92637568,0.0,0.8460289239883423,0.0,0.0,1.0,1.0,negative,49.45538028
49.45538028,0.8596035838127136,0.0,0.0,0.0,4.0,0.0,negative,49.1250936902
49.1250936902,0.0,0.0,0.0,0.0,1.0,0.0,negative,48.82635117
48.82635117,0.7591063380241394,0.0,0.7269723415374756,0.0,5.0,0.0,negative,48.76278164
48.76278164,6.76439380645752,0.0,0.0,0.0,11.0,0.0,negative,48.1877339
48.1877339,0.0,1.6759809851646423,0.920418918132782,0.0,1.0,3.0,negative,47.60899313
47.60899313,0.0,0.0,0.0,0.0,1.0,0.0,positive,47.77812595
47.77812595,0.8636957406997681,0.0,0.0,0.0,1.0,0.0,negative,47.7241137281
47.7241137281,0.0,0.0,0.0,0.0,0.0,0.0,positive,47.98736958
47.98736958,0.7221583724021912,0.0,0.0,0.0,2.0,1.0,negative,47.88270945
47.88270945,0.0,0.0,0.0,0.0,1.0,0.0,positive,48.20723406
48.20723406,0.8537131547927856,0.0,0.8411895632743835,0.0,2.0,0.0,positive,48.2152009
48.2152009,0.0,0.7457452416419983,0.7360579371452332,0.0,1.0,2.0,negative,48.06603626
48.06603626,1.637262761592865,0.0,0.0,0.0,4.0,0.0,negative,47.6624686031
47.6624686031,0.0,0.0,1.536060631275177,0.0,2.0,3.0,positive,48.10447221
48.10447221,0.0,0.903108537197113,0.8804556131362915,0.0,1.0,1.0,positive,48.1368104269
48.1368104269,0.0,0.9280977249145508,0.8281742930412292,0.0,1.0,1.0,negative,48.08643542
48.08643542,0.0,0.7515565752983093,0.0,0.0,0.0,3.0,negative,47.6065622828
47.6065622828,0.0,0.0,0.0,0.0,1.0,0.0,negative,47.58445652
47.58445652,0.0,0.0,0.0,0.0,0.0,0.0,positive,47.90904992
47.90904992,0.0,0.0,0.0,0.0,1.0,1.0,negative,47.8676375
47.8676375,0.0,0.0,0.8587958812713623,0.0,5.0,0.0,positive,48.16551575
48.16551575,0.9438426494598388,0.0,0.0,0.0,2.0,0.0,positive,48.21837938
48.21837938,0.0,0.0,0.0,0.0,0.0,0.0,negative,48.16197881
48.16197881,0.0,0.0,0.0,0.0,1.0,0.0,positive,48.20484525
48.20484525,0.8333771228790283,0.0,1.6095617413520813,0.0,5.0,0.0,positive,48.54261047
48.54261047,0.0,0.0,0.0,0.0,3.0,0.0,positive,49.3336818125
49.3336818125,0.0,0.0,0.0,0.0,1.0,1.0,positive,49.46780083
49.46780083,0.8736039996147156,0.0,0.0,0.0,1.0,0.0,positive,49.66000532
49.66000532,0.0,0.9135503768920898,0.8032559156417847,0.0,3.0,1.0,negative,49.41782634
49.41782634,0.0,0.0,0.0,0.0,0.0,0.0,negative,49.14518852
49.14518852,0.0,0.0,1.5482972264289856,0.0,3.0,0.0,negative,48.90175528
48.90175528,0.0,0.7805452346801758,0.0,0.0,2.0,1.0,positive,49.0806628421
49.0806628421,0.0,0.0,0.0,0.8130149245262146,0.0,2.0,negative,48.9774609
48.9774609,1.5416379570961,0.0,0.0,0.0,3.0,0.0,positive,49.13485828
49.13485828,0.0,0.7311466932296753,0.7931143045425415,0.0,2.0,1.0,negative,48.72237804
48.72237804,0.0,0.7157761454582214,0.0,0.0,0.0,2.0,positive,49.09012439
49.09012439,0.0,0.0,0.0,0.0,3.0,0.0,positive,49.09086659
49.09086659,0.0,0.0,0.9044508934020996,0.0,1.0,0.0,negative,48.958517
48.958517,0.8874018788337708,1.6421461701393127,0.0,0.0,1.0,2.0,positive,50.08109133
50.08109133,1.7708719968795776,0.0,0.0,0.0,2.0,0.0,negative,49.7488808
49.7488808,0.0,0.0,0.8019107580184937,0.0,1.0,1.0,negative,49.6712242986
49.6712242986,0.0,0.0,0.7000455260276794,0.0,2.0,0.0,negative,49.59702544
49.59702544,0.0,0.0,1.582904040813446,0.0,3.0,0.0,positive,49.75705621
49.75705621,0.0,0.0,1.6965392231941223,0.0,2.0,0.0,negative,49.73804463
49.73804463,0.8247596621513367,0.0,0.0,0.0,2.0,0.0,negative,49.0767781
49.0767781,0.0,0.8823518753051758,0.0,0.0,0.0,1.0,positive,49.2267916
49.2267916,0.8286464810371399,0.0,0.0,0.0,1.0,0.0,positive,49.83001885
49.83001885,0.0,0.0,0.7598604559898376,0.0,4.0,0.0,positive,49.91107919
49.91107919,0.0,0.0,0.0,0.0,0.0,1.0,positive,49.95038993
49.95038993,0.7386662364006042,0.0,1.7729947566986084,0.7974968552589417,4.0,3.0,negative,49.4052700113
49.4052700113,0.0,0.0,0.0,0.0,0.0,1.0,negative,48.9568521
48.9568521,0.8337429761886597,0.0,1.4709016680717468,0.0,6.0,0.0,positive,49.01582166
49.01582166,0.0,0.0,0.7900992631912231,0.0,3.0,0.0,positive,49.19267874
49.19267874,1.6615769267082214,0.0,0.0,0.0,3.0,0.0,positive,49.26499412
49.26499412,0.0,1.4427399039268494,0.0,0.0,0.0,2.0,negative,48.96544789
48.96544789,0.8104835152626038,0.0,0.0,0.0,6.0,0.0,negative,48.93952662
48.93952662,0.0,0.7875296473503113,1.7093546986579895,0.0,4.0,1.0,negative,48.87329749
48.87329749,0.0,0.7277933359146118,0.0,0.0,1.0,2.0,positive,49.09063012
49.09063012,0.0,0.836187481880188,0.8816753029823303,0.722814679145813,4.0,4.0,negative,48.7625686124
48.7625686124,0.0,0.0,0.0,0.8445179462432861,5.0,1.0,negative,48.39009774
48.39009774,0.0,0.0,0.833966076374054,0.0,4.0,0.0,negative,47.52076605
47.52076605,0.0,0.0,0.0,0.0,3.0,0.0,positive,47.9253759866
47.9253759866,0.0,0.0,0.0,0.0,3.0,0.0,negative,47.83964195
47.83964195,0.0,0.0,1.5587806701660156,0.0,5.0,0.0,positive,48.01722489
48.01722489,0.0,0.0,0.0,0.0,3.0,1.0,positive,48.25086947
48.25086947,0.0,0.0,0.0,0.0,1.0,0.0,negative,48.0785837
48.0785837,0.0,0.0,0.0,0.0,2.0,0.0,positive,48.34533765
48.34533765,0.798287034034729,0.0,0.7515426874160767,0.0,7.0,0.0,positive,48.421686145
48.421686145,0.8155457377433777,0.0,0.0,0.0,3.0,0.0,negative,48.3781375784
48.3781375784,0.0,1.7079212069511414,0.9931577444076538,0.0,1.0,3.0,negative,48.31906385
48.31906385,0.0,0.0,0.0,0.0,0.0,0.0,negative,47.9096121931
47.9096121931,1.7040732502937317,0.0,0.0,0.0,6.0,1.0,positive,48.00761898
48.00761898,0.8143572211265564,1.768432855606079,0.0,0.0,3.0,3.0,positive,48.18658334
48.18658334,0.7771028280258179,0.0,1.6226404905319214,0.0,5.0,1.0,positive,48.21950235
48.21950235,0.7575658559799194,0.0,0.0,0.0,2.0,0.0,negative,47.88865758
47.88865758,0.0,1.599893569946289,0.7265962958335876,0.0,3.0,3.0,positive,48.70708008
48.70708008,0.7953096628189087,0.0,0.7214866280555725,0.0,6.0,1.0,negative,48.65981995
48.65981995,0.7746262550354004,0.0,0.0,0.7001298069953918,1.0,1.0,positive,48.66352695
48.66352695,0.974173367023468,0.0,0.0,0.0,2.0,0.0,negative,48.52211434
48.52211434,0.9091734290122986,0.0,0.0,0.0,8.0,0.0,negative,48.2394928938
48.2394928938,2.256353616714477,0.0,0.7446923851966858,0.0,7.0,0.0,positive,48.27835299
48.27835299,0.7040990591049194,0.0,0.0,0.0,2.0,0.0,negative,48.20538866
48.20538866,0.0,0.0,0.0,0.0,1.0,0.0,positive,48.4098233
48.4098233,0.0,0.0,0.0,0.0,0.0,0.0,negative,47.9806697434
47.9806697434,0.0,0.8150617480278015,0.0,0.0,2.0,1.0,positive,49.34414077
49.34414077,0.9191521406173706,0.0,0.0,0.0,1.0,0.0,negative,49.10839165
49.10839165,0.745955765247345,0.0,0.0,0.0,1.0,0.0,negative,48.81167832
48.81167832,0.0,0.0,0.8939453959465027,0.0,1.0,0.0,negative,48.54449141
48.54449141,0.0,0.0,0.0,0.0,1.0,3.0,negative,48.49703817
48.49703817,0.0,0.8502981066703796,0.0,0.0,0.0,1.0,negative,48.43048435
48.43048435,0.0,0.0,0.0,0.0,0.0,0.0,negative,48.39417431
48.39417431,0.0,0.0,0.0,0.0,0.0,1.0,negative,48.38164995
48.38164995,0.7314136624336243,0.0,0.0,0.0,1.0,0.0,negative,48.34904438
48.34904438,0.0,0.0,0.0,0.0,0.0,0.0,positive,48.35384332
48.35384332,0.0,0.8836866617202759,0.0,0.0,0.0,1.0,positive,48.37964683
48.37964683,0.0,0.0,0.0,0.8438552618026733,1.0,1.0,positive,48.65194467
48.65194467,0.0,0.0,0.0,0.0,2.0,0.0,negative,48.09216386
48.09216386,0.0,0.0,0.0,0.0,0.0,0.0,positive,48.18804436
48.18804436,0.0,0.0,0.0,0.0,0.0,0.0,positive,48.3729459
48.3729459,0.0,0.0,0.0,0.0,3.0,1.0,positive,48.4411375452
48.4411375452,0.0,0.0,0.0,0.0,1.0,1.0,negative,48.38834701
48.38834701,0.0,0.0,0.8046684265136719,0.9464088082313538,4.0,1.0,positive,48.43504265
48.43504265,1.537260353565216,0.7003569602966309,0.0,0.7540538311004639,3.0,5.0,positive,48.82846473
48.82846473,0.8976932168006897,0.7527709007263184,0.0,0.0,4.0,1.0,negative,48.80727358
48.80727358,0.8730600476264954,0.0,0.8463227152824402,0.0,3.0,0.0,positive,49.08885844
49.08885844,0.0,0.0,0.0,0.7656030058860779,1.0,4.0,positive,49.16694748
49.16694748,0.0,0.7073315382003784,0.0,0.8285508155822754,0.0,2.0,negative,48.9798377596
48.9798377596,0.8294163346290588,0.0,0.0,0.7637683749198914,2.0,1.0,negative,48.87706842
48.87706842,0.0,0.0,0.0,0.0,1.0,0.0,negative,48.57215526
48.57215526,0.0,0.0,0.0,0.760344386100769,0.0,1.0,positive,48.7309541983
48.7309541983,0.0,0.0,0.0,0.0,0.0,2.0,negative,48.70030776
48.70030776,0.7636898756027222,0.7813573479652405,0.0,0.0,1.0,2.0,positive,48.8126672
48.8126672,0.0,0.9244639277458192,0.0,0.0,1.0,2.0,negative,48.4324441892
48.4324441892,0.0,0.0,0.0,0.0,0.0,0.0,positive,48.565289
48.565289,0.0,0.0,0.0,0.0,1.0,0.0,positive,48.66480588
48.66480588,0.0,0.0,0.0,0.0,0.0,0.0,negative,48.65056338
48.65056338,0.9735690951347352,0.0,0.0,0.0,3.0,0.0,positive,48.6932276333
48.6932276333,0.0,0.0,0.0,0.0,1.0,0.0,positive,48.97010064
48.97010064,0.0,0.8526037335395813,0.0,0.0,1.0,2.0,negative,48.87955289
48.87955289,0.7643980979919434,0.0,0.0,0.0,1.0,0.0,negative,48.867636226
48.867636226,0.0,0.0,0.0,0.7990750074386597,0.0,1.0,negative,48.8033265
48.8033265,0.0,0.0,0.0,0.9208895564079284,1.0,1.0,negative,48.71896401
48.71896401,0.0,0.9699187874794006,0.0,0.8324763774871826,0.0,3.0,negative,48.6584569314
48.6584569314,0.0,0.0,0.0,0.0,5.0,0.0,negative,48.40868659
48.40868659,0.0,0.0,0.0,0.0,1.0,1.0,negative,48.3757324686
48.3757324686,0.0,0.7196702361106873,0.0,0.0,1.0,2.0,negative,47.91063828
47.91063828,0.0,0.0,0.822166383266449,0.0,1.0,0.0,positive,48.1155329
48.1155329,0.0,0.0,0.7567212581634521,0.0,2.0,0.0,positive,48.14419365
48.14419365,0.0,0.0,2.4943429827690125,0.0,6.0,0.0,positive,48.1529798
48.1529798,0.0,0.7043445110321045,0.857463538646698,0.0,3.0,1.0,positive,48.23860563
48.23860563,0.0,0.7547433376312256,0.0,0.7011142373085022,0.0,4.0,positive,48.35416192
48.35416192,0.0,0.0,0.0,0.0,2.0,0.0,positive,48.4422617558
48.4422617558,0.0,0.0,0.0,0.0,0.0,0.0,positive,48.44628212
48.44628212,0.0,0.0,0.0,0.0,0.0,0.0,positive,48.49679086
48.49679086,0.0,0.0,0.0,0.0,1.0,0.0,positive,48.5883439622
48.5883439622,0.8976932168006897,0.0,0.7820917963981628,0.0,3.0,0.0,negative,48.3901514806
48.3901514806,0.0,0.0,0.0,0.0,0.0,1.0,positive,48.48002388
48.48002388,0.0,0.0,0.0,0.0,1.0,0.0,negative,48.3211357
48.3211357,0.0,0.0,0.0,0.0,3.0,1.0,positive,48.3834608
48.3834608,0.855401873588562,0.8260641098022461,0.8494744896888733,0.0,4.0,1.0,negative,48.33935381
48.33935381,0.8100066781044006,0.0,0.0,0.0,1.0,0.0,negative,48.2757866
48.2757866,0.0,0.0,0.0,0.735809862613678,1.0,1.0,positive,48.3072638
48.3072638,0.0,0.8253350257873535,0.0,0.0,0.0,1.0,negative,48.30017934
48.30017934,0.0,0.0,0.936756193637848,0.0,1.0,10.0,positive,48.67798036
48.67798036,0.0,0.0,0.0,0.0,1.0,0.0,positive,48.74361054
48.74361054,0.0,0.0,0.9828298687934875,0.0,3.0,0.0,positive,48.83604098
48.83604098,0.0,0.0,0.0,0.0,3.0,0.0,positive,49.03279619
49.03279619,0.7924717664718628,0.0,1.744175374507904,0.772216796875,11.0,1.0,negative,48.88642225
48.88642225,0.0,0.729978084564209,0.8463501334190369,0.0,5.0,2.0,negative,48.78264137
48.78264137,0.0,0.7145071625709534,0.0,0.0,0.0,2.0,positive,48.89840078
48.89840078,0.8824957609176636,0.0,0.0,0.0,2.0,0.0,negative,48.58201867
48.58201867,1.6985750794410706,0.0,0.7520344257354736,0.0,7.0,1.0,positive,48.5974186815
48.5974186815,1.4328882098197937,0.0,0.7271090745925903,0.0,5.0,0.0,positive,48.66131308
48.66131308,0.7121940851211548,0.0,0.0,0.0,2.0,0.0,negative,48.4391864
48.4391864,0.0,0.0,0.0,0.0,3.0,0.0,positive,48.50266252
48.50266252,0.0,0.0,0.0,0.0,3.0,0.0,positive,48.6768316
48.6768316,0.0,0.0,0.0,0.0,5.0,0.0,negative,48.60645975
48.60645975,0.0,0.0,0.0,0.0,0.0,0.0,negative,48.22693495
48.22693495,0.0,0.0,0.0,0.0,0.0,0.0,positive,48.27066455
48.27066455,1.7717275619506836,0.0,0.0,0.0,3.0,0.0,positive,48.3021147197
48.3021147197,0.0,0.7563832998275757,0.0,0.7539516687393188,1.0,3.0,negative,48.21387338
48.21387338,0.0,0.0,0.0,0.0,3.0,0.0,negative,48.1874385116
48.1874385116,0.0,0.0,0.0,0.0,0.0,0.0,positive,48.3238994734
48.3238994734,0.0,0.8290934562683105,0.0,0.7681452631950378,1.0,2.0,negative,48.26353462
48.26353462,0.0,5.808228075504303,0.0,0.0,2.0,7.0,negative,48.18633654
48.18633654,0.0,2.487280368804932,0.0,0.0,0.0,3.0,negative,48.13040537
48.13040537,0.0,0.8290934562683105,0.8420220613479614,0.0,1.0,1.0,positive,48.2748044
48.2748044,0.776963472366333,1.658186912536621,0.0,0.0,1.0,2.0,negative,48.14977004
48.14977004,0.0,0.8290934562683105,0.0,0.0,1.0,1.0,negative,47.38301806
47.38301806,0.0,1.658186912536621,0.0,0.0,0.0,2.0,negative,47.00203985
47.00203985,0.0,3.1512526869773865,0.0,0.0,0.0,6.0,positive,47.0596913043
47.0596913043,0.0,1.658186912536621,0.0,0.0,2.0,5.0,negative,46.84114693
46.84114693,0.0,1.658186912536621,0.0,0.0,0.0,3.0,negative,46.69033794
46.69033794,0.0,0.0,0.0,0.0,0.0,0.0,positive,47.00317847
47.00317847,0.0,0.0,0.0,0.9169185757637024,2.0,2.0,positive,47.13775443
47.13775443,0.0,0.0,0.0,0.0,5.0,0.0,negative,47.08159249
47.08159249,0.0,0.8259603381156921,1.6902201771736145,0.0,3.0,1.0,negative,46.91086487
46.91086487,0.7361076474189758,0.0,0.0,0.0,3.0,0.0,positive,47.05548211
47.05548211,0.0,0.0,0.0,0.0,1.0,0.0,negative,46.81083892
46.81083892,0.0,0.0,0.8765059113502502,0.0,1.0,0.0,positive,47.1005298
47.1005298,0.0,0.8148192167282104,0.0,0.0,0.0,1.0,positive,47.2200321982
47.2200321982,0.0,0.0,0.0,0.0,0.0,0.0,negative,47.10009276
47.10009276,0.0,0.7818169593811035,0.0,0.0,2.0,2.0,positive,47.14774954
47.14774954,0.0,0.0,0.0,0.0,0.0,0.0,negative,47.12476212
47.12476212,0.0,0.0,0.0,0.0,0.0,2.0,positive,47.19879054
47.19879054,0.0,0.0,0.0,0.0,0.0,0.0,positive,47.45429108
47.45429108,0.0,0.0,0.0,0.0,1.0,0.0,negative,47.3431284
47.3431284,0.0,0.752575159072876,0.7878718376159668,0.0,3.0,1.0,negative,47.15708014
47.15708014,0.8247213363647461,0.0,0.0,0.0,1.0,0.0,negative,46.76675128
46.76675128,0.0,0.0,0.0,0.0,2.0,2.0,negative,45.86835026
45.86835026,0.0,0.0,0.0,0.0,0.0,2.0,negative,45.25963059
45.25963059,0.0,0.0,0.0,0.0,0.0,1.0,negative,44.97331104
44.97331104,0.0,0.0,0.0,0.0,0.0,0.0,negative,44.28856988
44.28856988,0.0,0.0,0.0,0.0,2.0,0.0,positive,44.43762044
44.43762044,0.724001407623291,0.8374141454696655,0.0,0.0,3.0,1.0,negative,43.1050355874
43.1050355874,1.7204781770706177,0.0,2.579057455062866,0.0,9.0,0.0,positive,43.28265123
43.28265123,0.0,0.7308192849159241,0.0,0.0,2.0,2.0,negative,43.2120240016
43.2120240016,1.889828085899353,2.5639095306396484,0.8803045153617859,0.0,7.0,3.0,positive,43.3028683839
43.3028683839,1.5759611129760742,0.0,0.0,0.0,5.0,0.0,positive,43.31476036
43.31476036,1.8342061042785645,0.8979567289352417,0.8407862782478333,0.0,7.0,1.0,positive,43.50759854
43.50759854,0.8895578980445862,0.0,0.0,0.0,2.0,0.0,positive,43.9071587329
43.9071587329,0.0,0.0,0.0,0.0,1.0,2.0,negative,43.86456725
43.86456725,0.0,0.0,0.0,0.0,0.0,0.0,negative,43.64973149
43.64973149,0.7477336525917053,0.0,0.0,0.0,2.0,0.0,negative,43.3902205
43.3902205,0.0,0.0,0.0,0.0,0.0,1.0,positive,43.54944156
43.54944156,0.0,0.0,0.0,0.0,1.0,1.0,negative,43.34846654
43.34846654,0.0,0.0,0.0,0.0,0.0,0.0,positive,43.39980175
43.39980175,0.8976932168006897,0.0,0.9214993715286256,0.0,2.0,0.0,positive,43.58631281
43.58631281,0.9062110185623168,0.0,0.0,0.0,2.0,1.0,positive,43.70823659
43.70823659,0.0,0.0,0.0,0.0,0.0,1.0,positive,43.74903484
43.74903484,1.7038488388061523,0.7132983207702637,0.7522343397140503,0.0,4.0,1.0,negative,43.50023346
43.50023346,0.7624797821044922,0.8741183280944824,0.0,0.0,3.0,2.0,negative,43.15930242
43.15930242,0.7330015301704407,0.8358057737350464,0.0,0.0,4.0,1.0,positive,43.58732265
43.58732265,0.8458321690559387,0.0,0.0,0.0,3.0,0.0,positive,43.65311709
43.65311709,0.0,0.7752887606620789,0.0,0.8958123922348022,3.0,3.0,positive,43.83704268
43.83704268,0.0,0.8799704909324646,0.0,0.0,0.0,1.0,negative,43.70688349
43.70688349,0.0,0.0,0.8942134380340576,0.0,3.0,0.0,positive,43.94482085
43.94482085,0.748146116733551,0.0,0.0,0.0,5.0,0.0,positive,44.00757532
44.00757532,0.0,0.7905920147895813,0.0,0.0,5.0,1.0,negative,43.9871777141
43.9871777141,0.7609477043151855,0.0,0.7161494493484497,0.0,3.0,2.0,positive,44.07714655
44.07714655,0.0,0.0,0.7569310069084167,0.0,2.0,2.0,positive,44.11749655
44.11749655,0.7508741617202759,0.0,0.9393157958984376,0.0,3.0,0.0,positive,44.11917208
44.11917208,0.0,0.0,0.0,0.0,1.0,1.0,negative,44.0043693
44.0043693,0.0,0.0,0.0,0.0,2.0,0.0,negative,43.93840915
43.93840915,0.0,0.0,0.0,0.0,2.0,0.0,positive,44.09444845
44.09444845,0.7059062123298645,0.0,0.903978705406189,0.0,6.0,1.0,positive,44.71949544
44.71949544,0.8421690464019775,0.0,0.0,0.0,1.0,0.0,negative,44.43791229
44.43791229,0.0,1.6539454460144043,1.5064688324928284,0.0,2.0,2.0,positive,44.545049
44.545049,0.0,0.0,0.0,0.0,1.0,1.0,positive,44.56999778
44.56999778,0.0,0.0,1.5171716213226318,0.0,3.0,0.0,negative,44.53395821
44.53395821,0.0,0.8005627989768982,0.0,0.0,1.0,1.0,positive,44.53676173
44.53676173,0.0,0.0,0.0,1.5936831831932068,1.0,2.0,negative,44.33749472
44.33749472,0.0,0.0,0.0,0.7113144993782043,1.0,2.0,negative,44.32423394
44.32423394,0.0,0.0,0.0,0.0,0.0,2.0,positive,44.38663418
44.38663418,0.7908902168273926,0.7714596390724182,0.0,0.0,2.0,2.0,negative,44.15374093
44.15374093,0.0,0.0,0.0,0.0,2.0,0.0,positive,44.21597354
44.21597354,0.799943745136261,0.0,0.8680707812309265,0.0,7.0,0.0,positive,44.59767043
44.59767043,0.0,0.0,0.0,0.0,1.0,1.0,positive,44.89902075
44.89902075,0.0,0.0,0.0,0.0,0.0,0.0,negative,44.81807467
44.81807467,1.631924390792847,0.0,0.0,0.0,5.0,0.0,negative,44.73466376
44.73466376,0.0,0.8004792928695679,0.0,0.0,0.0,1.0,positive,45.0263836
45.0263836,0.0,0.0,1.5125712752342224,0.0,2.0,0.0,negative,44.8675247
44.8675247,0.0,0.7583310008049011,0.8850907683372498,0.0,1.0,1.0,negative,44.51696782
44.51696782,0.0,1.542636215686798,0.0,0.8861057162284851,3.0,3.0,negative,44.4681057
44.4681057,0.0,0.0,0.0,0.0,6.0,1.0,positive,44.57224521
44.57224521,0.0,0.8777622580528259,0.7633588910102844,0.0,2.0,1.0,negative,44.43499394
44.43499394,0.0,0.0,0.0,0.0,1.0,0.0,negative,44.04694401
44.04694401,0.0,0.0,0.8514702916145325,0.0,2.0,0.0,negative,43.23417181
43.23417181,0.0,0.0,0.0,0.8890476822853088,1.0,1.0,negative,42.76453763
42.76453763,0.0,0.0,0.0,0.0,1.0,0.0,positive,43.34886649
43.34886649,0.0,0.0,0.0,0.0,0.0,1.0,negative,43.1876602
43.1876602,0.0,0.0,0.0,0.0,1.0,0.0,negative,43.05768754
43.05768754,0.0,0.8103768825531006,0.9163694381713868,0.7065032720565796,2.0,2.0,positive,43.5756502
43.5756502,0.0,0.941559076309204,0.953980267047882,0.0,1.0,1.0,negative,43.50520976
43.50520976,0.0,0.0,0.0,0.0,1.0,1.0,positive,43.59403463
43.59403463,2.742436408996582,0.0,0.7274203896522522,0.0,6.0,1.0,negative,43.54631278
43.54631278,0.0,0.0,0.0,0.0,0.0,1.0,negative,43.39230541
43.39230541,0.0,0.0,0.0,0.0,2.0,1.0,positive,43.43403855
43.43403855,0.7037914991378784,0.0,0.0,0.0,1.0,0.0,positive,43.6826253
43.6826253,0.0,1.5957629084587095,0.0,0.0,2.0,3.0,positive,43.95483271
43.95483271,1.5627628564834597,0.0,0.7833569645881653,0.0,6.0,0.0,negative,43.62957897
43.62957897,0.0,0.0,0.0,0.0,1.0,0.0,positive,43.70569721
43.70569721,0.0,2.923923909664154,0.0,0.0,0.0,4.0,positive,43.74517333
43.74517333,0.8826083540916443,0.0,0.9898785948753356,0.0,3.0,0.0,positive,44.26532681
44.26532681,1.6297314167022705,0.0,0.8086870312690735,0.0,5.0,0.0,negative,44.10571962
44.10571962,0.9602291584014891,0.0,0.0,0.0,3.0,0.0,negative,44.03202908
44.03202908,0.7842875123023987,0.8534872531890869,1.6174576878547668,0.0,5.0,1.0,positive,44.11316332
44.11316332,0.0,0.8159583806991577,0.0,0.0,4.0,2.0,positive,44.71380131
44.71380131,0.0,1.6164368987083435,0.0,0.0,1.0,4.0,positive,44.95704191
44.95704191,0.0,0.8566402196884155,0.0,0.0,1.0,1.0,negative,44.90977102
44.90977102,0.7588117718696594,0.0,0.0,0.0,2.0,0.0,negative,44.8511793
44.8511793,0.728607177734375,0.0,1.797909677028656,0.0,3.0,0.0,positive,44.96609959
44.96609959,0.0,0.0,0.0,0.0,3.0,0.0,positive,45.09578845
45.09578845,1.6382166743278503,0.0,0.8830375671386719,0.0,4.0,1.0,negative,44.83759133
44.83759133,0.0,0.0,0.0,0.0,1.0,0.0,positive,44.98063962
44.98063962,0.0,0.0,0.0,0.0,1.0,0.0,positive,45.03985641
45.03985641,1.8414214849472048,0.0,0.8006520867347717,0.0,6.0,0.0,negative,44.79037242
44.79037242,0.0,1.7417135834693909,0.0,0.0,1.0,5.0,negative,44.64955082
44.64955082,0.8976932168006897,0.0,0.0,0.0,3.0,0.0,positive,44.85865248
44.85865248,0.0,0.0,0.0,0.0,1.0,0.0,negative,44.63243857
44.63243857,0.7959765195846558,0.0,0.0,0.0,4.0,1.0,negative,44.61753595
44.61753595,0.0,0.781728982925415,0.0,0.0,1.0,1.0,negative,44.43299769
44.43299769,0.0,0.0,0.0,0.0,0.0,4.0,positive,44.50235308
44.50235308,0.0,0.0,0.0,0.0,0.0,0.0,positive,44.7450924
44.7450924,0.0,0.0,0.0,0.0,1.0,2.0,negative,44.21619049
44.21619049,0.8976932168006897,0.0,0.0,0.0,1.0,0.0,positive,44.31118679
44.31118679,0.0,0.0,0.0,0.0,3.0,0.0,positive,44.65644481
44.65644481,0.7981658577919006,0.0,0.0,0.7304620146751404,1.0,1.0,positive,46.26146556
46.26146556,0.0,0.0,0.7736175060272217,0.754691481590271,2.0,2.0,negative,45.88933045
45.88933045,0.7805989980697632,0.0,0.9899684190750122,0.0,10.0,4.0,negative,45.84862527
45.84862527,0.8119144439697266,0.9168214201927184,0.0,0.7647502422332764,3.0,3.0,positive,45.89424259
45.89424259,0.0,0.9509810209274292,0.0,0.0,1.0,2.0,positive,46.09228488
46.09228488,0.0,0.0,0.0,0.0,0.0,3.0,negative,45.85386896
45.85386896,0.0,0.0,0.7057028412818909,0.0,2.0,0.0,positive,46.11122944
46.11122944,0.0,0.0,0.0,0.0,2.0,1.0,positive,46.2964917
46.2964917,0.7827810049057007,0.0,0.0,0.0,3.0,1.0,negative,46.2593284
46.2593284,2.312962710857392,0.7136621475219727,0.0,0.0,10.0,1.0,negative,46.1378086
46.1378086,1.5015999674797058,0.0,0.0,0.0,4.0,0.0,positive,46.27778941
46.27778941,0.0,0.0,0.7443426847457886,0.0,2.0,0.0,negative,46.06829888
46.06829888,0.0,0.0,0.0,0.7633708715438843,1.0,1.0,positive,46.08631106
46.08631106,0.0,0.7066770195960999,0.0,0.0,1.0,1.0,positive,46.09023785
46.09023785,0.0,0.0,0.0,0.0,0.0,0.0,positive,46.18728223
46.18728223,0.0,0.0,0.0,0.0,1.0,0.0,negative,46.05621815
46.05621815,0.0,0.7726091742515564,0.7119633555412292,0.0,4.0,2.0,positive,46.06349785
46.06349785,0.7403712868690491,3.2704827189445496,0.0,0.0,1.0,5.0,negative,46.04241148
46.04241148,0.7151069045066833,0.0,1.673858404159546,0.0,3.0,0.0,positive,46.13165226
46.13165226,0.0,0.0,0.0,0.0,1.0,0.0,negative,45.9757268
45.9757268,0.0,0.0,0.0,0.0,1.0,0.0,negative,45.62934959
45.62934959,0.0,0.0,0.0,0.8797129392623901,0.0,1.0,positive,45.65813848
45.65813848,0.7624053955078125,0.0,0.0,0.0,3.0,0.0,positive,45.78633079
45.78633079,0.0,0.8223086595535278,0.0,0.0,2.0,1.0,positive,45.81331243
45.81331243,0.0,0.0,0.0,0.0,1.0,0.0,positive,45.85327251
45.85327251,0.8791249394416809,0.0,0.0,0.0,2.0,0.0,negative,45.65135921
45.65135921,0.7176259160041809,0.8231390118598938,0.0,0.0,4.0,2.0,negative,45.51146769
45.51146769,0.0,0.7929900288581848,0.0,0.0,1.0,3.0,positive,45.84937843
45.84937843,0.720447301864624,0.0,0.0,0.0,4.0,0.0,positive,45.86893806
45.86893806,0.7822157740592957,0.0,0.9461258053779602,0.0,2.0,2.0,positive,46.39389924
46.39389924,0.0,0.0,0.0,0.0,0.0,0.0,negative,46.32148441
46.32148441,0.0,0.0,0.0,0.0,1.0,0.0,negative,46.17946513
46.17946513,0.0,0.0,0.7307109236717224,0.0,2.0,0.0,negative,46.08751086
46.08751086,0.0,0.0,0.8344486355781555,0.0,4.0,0.0,positive,46.14365261
46.14365261,0.0,0.0,0.0,0.9295886754989624,0.0,1.0,negative,46.09991338
46.09991338,0.0,0.0,0.0,0.0,1.0,0.0,positive,46.13445357
46.13445357,0.0,0.9296169877052308,0.0,0.0,0.0,1.0,positive,46.18892213
46.18892213,1.6785472631454468,0.0,0.0,0.0,7.0,0.0,positive,46.34014587
46.34014587,0.0,0.0,0.0,0.0,0.0,0.0,negative,46.33013713
46.33013713,0.0,0.0,0.0,0.0,0.0,0.0,negative,46.25328585
46.25328585,0.0,0.0,0.7885148525238037,0.0,3.0,0.0,negative,46.20858379
46.20858379,0.0,0.0,0.0,0.8964239954948425,2.0,2.0,positive,46.22144082
46.22144082,0.0,0.0,0.0,0.0,0.0,0.0,negative,46.14800371
46.14800371,0.0,0.0,0.0,0.0,0.0,0.0,negative,45.66403535
45.66403535,0.0,0.0,0.0,0.0,1.0,0.0,positive,45.68664413
45.68664413,0.0,0.7683653235435486,0.0,0.0,4.0,1.0,positive,45.73449429
45.73449429,0.0,0.0,0.0,0.0,0.0,0.0,negative,45.57742946
45.57742946,0.8976932168006897,1.5690687894821167,0.0,0.0,1.0,7.0,positive,45.70064941
45.70064941,0.0,0.0,0.0,0.0,1.0,0.0,negative,45.43787655
45.43787655,0.0,0.0,0.0,0.0,1.0,0.0,negative,45.34006627
45.34006627,0.0,0.8148579001426697,0.0,0.0,0.0,1.0,negative,45.33650714
45.33650714,0.0,0.0,2.521872401237488,0.0,5.0,0.0,negative,45.27858825
45.27858825,0.0,0.0,0.8644411563873291,0.0,8.0,0.0,positive,45.99927268
45.99927268,3.181190013885498,0.0,2.402543902397156,0.7349064350128174,15.0,2.0,negative,45.96977313
45.96977313,0.0,0.0,2.363767802715301,0.0,10.0,0.0,positive,45.97915057
45.97915057,0.8255103230476379,0.0,0.0,0.0,7.0,0.0,negative,45.94665699
45.94665699,1.856752097606659,0.0,0.8872016668319702,0.0,11.0,3.0,positive,46.01060865
46.01060865,2.507656276226044,0.0,0.8280525207519531,0.0,7.0,0.0,negative,45.92135613
45.92135613,0.0,0.0,0.7358807325363159,0.0,4.0,0.0,positive,45.95596304
45.95596304,1.5548384189605713,0.0,0.0,0.0,7.0,1.0,positive,46.01845113
46.01845113,0.0,0.7335917949676514,0.0,0.0,1.0,1.0,positive,46.09169507
46.09169507,0.0,0.0,0.0,0.0,2.0,0.0,positive,46.4347806
46.4347806,0.0,0.0,0.0,0.0,4.0,2.0,positive,46.8964486
46.8964486,0.7024576663970947,0.0,0.0,0.0,1.0,0.0,negative,46.76247764
46.76247764,0.0,0.0,0.0,0.0,0.0,0.0,negative,46.72668283
46.72668283,0.0,0.0,0.0,0.0,0.0,0.0,positive,46.78508524
46.78508524,0.0,0.0,0.0,0.0,0.0,0.0,negative,46.44922565
46.44922565,0.0,0.0,0.0,0.0,0.0,0.0,positive,46.45007513
46.45007513,0.0,0.0,0.0,0.0,0.0,0.0,negative,46.33592635
46.33592635,0.0,0.0,0.0,0.0,0.0,0.0,negative,46.28531038
46.28531038,0.0,0.0,0.0,0.7941939830780029,1.0,2.0,positive,46.31422208
46.31422208,0.0,0.0,0.0,0.0,4.0,0.0,positive,46.41352001
46.41352001,0.0,1.519265353679657,0.0,0.0,2.0,2.0,positive,46.425221
46.425221,1.797504186630249,0.0,0.0,0.0,5.0,0.0,positive,46.76657504
46.76657504,0.0,0.7357633113861084,1.4849551916122437,0.0,3.0,1.0,negative,46.62217549
46.62217549,1.657986581325531,0.0,0.0,0.0,9.0,0.0,negative,46.50718369
46.50718369,0.7563166618347168,0.8199335932731628,1.606950283050537,0.8012980222702026,8.0,2.0,positive,46.60604547
46.60604547,0.7022092342376709,0.7327189445495605,1.4941048622131348,0.0,5.0,2.0,positive,46.73152273
46.73152273,2.4234442710876465,0.8798627257347107,0.0,0.80808025598526,9.0,3.0,negative,46.43411262
46.43411262,0.849072277545929,0.0,1.6451823711395264,0.0,4.0,3.0,negative,46.35919965
46.35919965,0.0,1.784047544002533,0.8649288415908813,0.0,6.0,7.0,positive,46.38610614
46.38610614,1.7219050526618958,0.8663055300712585,0.0,0.0,5.0,4.0,negative,46.3627309
46.3627309,0.8568200469017029,0.0,0.0,0.0,4.0,1.0,positive,46.40531133
46.40531133,1.57465261220932,0.0,0.0,0.0,5.0,0.0,negative,46.30964095
46.30964095,0.0,0.0,0.7530848383903503,0.0,3.0,0.0,negative,45.35554024
45.35554024,0.0,0.0,0.0,0.0,1.0,1.0,positive,45.79466862
45.79466862,0.0,0.0,0.0,0.0,1.0,0.0,negative,45.67728529
45.67728529,0.0,0.0,0.0,0.0,1.0,0.0,negative,45.57099765
45.57099765,0.0,0.0,0.9760594367980956,0.0,1.0,1.0,positive,45.58158141
45.58158141,2.472314715385437,0.0,0.923404574394226,0.0,13.0,3.0,positive,45.64324887
45.64324887,0.702945351600647,0.0,1.845764398574829,0.0,4.0,0.0,negative,45.59068592
45.59068592,0.7137346863746643,0.0,0.7122626304626465,0.0,4.0,1.0,positive,45.86012354
45.86012354,0.7534514665603638,0.0,0.9971418380737304,0.0,4.0,3.0,negative,45.70612115
45.70612115,0.0,0.0,0.0,0.0,2.0,0.0,negative,45.70590939
45.70590939,0.735166072845459,0.0,0.0,0.0,2.0,0.0,negative,45.62936611
45.62936611,0.757010281085968,0.0,0.8739831447601318,0.0,3.0,0.0,positive,45.72740352
45.72740352,0.8025730848312378,0.825300931930542,0.0,0.0,1.0,1.0,negative,45.60215187
45.60215187,0.796274721622467,0.0,0.7861151099205017,0.7458321452140808,6.0,1.0,positive,45.6228766
45.6228766,0.9417141079902648,0.0,0.0,0.0,5.0,0.0,negative,45.50096019
45.50096019,0.0,1.6990559697151184,0.0,0.0,2.0,2.0,positive,45.54481762
45.54481762,0.8336807489395142,0.7626373767852783,0.0,0.0,3.0,1.0,negative,45.48759791
45.48759791,0.8162654638290405,0.0,1.6355786323547363,0.0,3.0,2.0,negative,45.39462115
45.39462115,0.7015202045440674,0.0,0.9490795731544496,0.0,3.0,0.0,negative,45.37637813
45.37637813,0.8578007221221924,0.7610073089599609,0.0,0.0,3.0,3.0,positive,45.48811229
45.48811229,0.0,0.8568166494369507,0.8186286091804504,0.0,2.0,8.0,positive,45.54387615
45.54387615,0.0,0.8069072365760803,0.0,0.0,2.0,1.0,negative,45.40977099
45.40977099,0.0,2.311361253261566,0.8487076163291931,0.8871850967407227,1.0,9.0,positive,45.51467792
45.51467792,0.0,1.574240744113922,0.818989098072052,0.0,5.0,3.0,positive,45.60366576
45.60366576,0.0,1.6098874807357788,0.0,0.0,7.0,2.0,positive,45.7965638
45.7965638,0.7349767684936523,10.393358409404756,1.6736236214637756,0.0,5.0,16.0,negative,45.58856348
45.58856348,0.8976932168006897,2.2261363863945007,0.0,0.0,1.0,6.0,positive,45.70907722
45.70907722,1.4434843063354492,0.0,0.0,0.0,7.0,0.0,positive,45.71940611
45.71940611,0.7597976326942444,0.0,0.7344494462013245,0.0,8.0,0.0,negative,45.71697229
45.71697229,0.0,0.0,0.0,0.0,0.0,1.0,positive,46.27041941
46.27041941,0.8144096732139587,1.5751964449882507,0.7822186946868896,0.0,4.0,2.0,negative,46.06720914
46.06720914,0.0,0.0,0.0,0.0,0.0,0.0,positive,46.16442185
46.16442185,1.5487849116325378,0.0,0.0,0.0,3.0,0.0,negative,45.97797687
45.97797687,0.0,0.7402872443199158,0.0,0.0,2.0,2.0,positive,46.1505514
46.1505514,0.8273139595985413,0.7402872443199158,0.0,0.0,1.0,1.0,negative,45.93430498
45.93430498,0.0,0.0,0.962409257888794,0.0,1.0,1.0,positive,46.17402336
46.17402336,0.0,5.943223714828491,0.0,0.0,1.0,8.0,negative,45.92013747
45.92013747,0.7083753943443298,0.7402872443199158,0.0,0.0,2.0,1.0,positive,45.93268107
45.93268107,0.0,2.2916029691696167,0.0,0.0,0.0,3.0,positive,46.01390173
46.01390173,0.0,8.93415778875351,0.0,0.0,0.0,12.0,positive,46.20313481
46.20313481,0.0,2.3912994861602783,0.8281280994415283,0.0,1.0,3.0,positive,46.32601656
46.32601656,0.8171259760856628,2.3884423971176147,0.7865084409713745,0.0,7.0,4.0,positive,46.53743207
46.53743207,2.560801088809967,2.223499059677124,0.0,0.0,4.0,3.0,negative,46.39811791
46.39811791,0.8087382912635803,0.7402872443199158,0.0,0.0,3.0,2.0,negative,46.09575188
46.09575188,0.0,3.926129996776581,0.0,0.810569703578949,1.0,6.0,negative,45.97786899
45.97786899,1.4794713258743286,0.7402872443199158,0.814738392829895,0.0,3.0,3.0,positive,46.05329671
46.05329671,0.0,3.7296584844589233,0.0,0.0,2.0,5.0,negative,45.98020268
45.98020268,0.0,2.223499059677124,0.0,0.0,1.0,3.0,positive,46.3457956
46.3457956,0.7140518426895142,0.7402872443199158,0.0,0.0,2.0,1.0,positive,46.37146092
46.37146092,0.0,8.65017032623291,0.0,0.0,0.0,12.0,positive,46.458625
46.458625,0.0,1.6552754640579224,0.0,0.0,0.0,2.0,positive,46.71852015
46.71852015,0.0,0.0,0.0,0.9653408527374268,0.0,1.0,negative,46.66824694
46.66824694,0.0,0.0,1.641528844833374,0.0,2.0,0.0,negative,46.52501953
46.52501953,0.0,0.852920651435852,0.0,0.0,2.0,3.0,positive,46.63190352
46.63190352,0.8556580543518066,0.0,0.0,0.0,1.0,0.0,negative,46.57758835
46.57758835,0.0,0.0,0.0,0.0,0.0,0.0,positive,46.73044823
46.73044823,0.0,0.0,0.0,0.0,0.0,0.0,negative,46.6910949
46.6910949,0.0,0.0,0.0,0.0,0.0,0.0,positive,47.505733
47.505733,0.8905633687973022,1.4805744886398315,0.0,0.0,1.0,2.0,positive,47.93360004
47.93360004,0.0,0.8650785088539124,0.0,0.0,1.0,2.0,negative,47.82046701
47.82046701,0.0,1.6027329564094543,0.0,0.0,3.0,2.0,positive,47.99154769
47.99154769,0.0,1.5235019326210022,0.0,0.0,1.0,2.0,positive,48.00394555
48.00394555,0.0,2.267697274684906,0.0,0.0,0.0,6.0,negative,47.8955497
47.8955497,0.0,4.688304662704468,0.0,0.0,2.0,9.0,positive,48.46744353
48.46744353,0.0,0.0,1.780904769897461,0.0,5.0,1.0,negative,47.83273374
47.83273374,0.8850316405296326,0.7014343738555908,0.0,0.0,4.0,4.0,negative,45.92740439
45.92740439,0.9432868957519532,0.0,0.0,0.0,4.0,0.0,negative,45.84946028
45.84946028,0.0,0.0,0.7330222725868225,0.0,5.0,0.0,positive,46.59260884
46.59260884,0.8187424540519714,0.0,0.7617344856262207,0.0,6.0,1.0,negative,46.34580032
46.34580032,0.9841590523719788,0.0,0.0,0.0,5.0,1.0,negative,46.34167745
46.34167745,0.7371683120727539,4.5174407958984375,0.0,0.0,4.0,7.0,negative,46.25407745
46.25407745,0.0,0.0,0.0,0.0,5.0,0.0,negative,46.14720256
46.14720256,0.0,0.0,0.0,0.0,3.0,0.0,positive,46.31350634
46.31350634,0.7159277200698853,2.21990180015564,0.7702684998512268,0.0,4.0,3.0,negative,46.26018394
46.26018394,0.7150627970695496,2.3151642084121704,0.7164033651351929,0.0,2.0,4.0,negative,46.23987694
46.23987694,0.804249107837677,0.7413327693939209,0.7786769270896912,0.0,3.0,1.0,positive,46.30062555
46.30062555,0.0,0.0,0.0,0.0,0.0,0.0,positive,46.57075537
46.57075537,0.7192216515541077,0.0,0.0,0.0,1.0,1.0,positive,46.69686091
46.69686091,0.0,0.0,0.7275820970535278,0.0,2.0,0.0,negative,45.37971719
45.37971719,0.0,0.0,0.0,0.0,2.0,1.0,positive,45.61420052
45.61420052,0.0,0.0,1.4959897994995115,0.0,2.0,0.0,negative,45.41875197
45.41875197,0.0,0.0,0.0,0.0,0.0,0.0,negative,45.31250877
45.31250877,0.8053066730499268,2.302144289016724,0.0,0.0,1.0,3.0,negative,44.81206767
44.81206767,0.0,0.0,0.0,0.8413259387016296,1.0,1.0,negative,44.40870686
44.40870686,0.0,0.0,0.0,0.9360979795455932,0.0,1.0,positive,44.42259709
44.42259709,0.0,0.0,0.0,0.0,0.0,0.0,positive,44.61572791
44.61572791,0.742302417755127,0.0,0.0,0.0,3.0,0.0,positive,44.85600382
44.85600382,0.0,1.4933066964149475,0.7551140785217285,0.0,3.0,3.0,positive,44.88818068
44.88818068,0.0,0.0,0.0,0.0,2.0,0.0,negative,44.86033251
44.86033251,1.8430266380310056,0.7600910663604736,0.7698916792869568,0.0,4.0,3.0,positive,45.10792067
45.10792067,0.0,3.839832067489624,0.0,0.0,2.0,6.0,negative,44.97619919
44.97619919,0.0,0.0,0.0,1.5777033567428589,0.0,4.0,negative,44.90659555
44.90659555,0.0,0.0,0.0,0.0,0.0,1.0,negative,44.87712207
44.87712207,0.8636930584907532,0.0,0.807012677192688,0.0,4.0,0.0,positive,44.94050805
44.94050805,0.0,0.0,0.0,0.0,1.0,0.0,negative,44.61858862
44.61858862,0.0,0.0,0.0,0.0,1.0,0.0,positive,44.86602357
44.86602357,0.0,0.0,0.7743392586708069,0.0,3.0,0.0,positive,44.92397278
44.92397278,0.0,0.0,0.0,0.0,0.0,1.0,positive,44.93595963
44.93595963,0.0,0.0,0.0,0.0,1.0,0.0,positive,45.09197881
45.09197881,0.0,0.0,0.0,0.0,0.0,0.0,negative,44.82644049
44.82644049,0.0,0.0,0.0,0.0,0.0,0.0,positive,45.21295327
45.21295327,0.0,0.0,0.7536378502845764,0.0,1.0,1.0,positive,45.2291818
45.2291818,0.0,0.0,0.0,0.0,1.0,0.0,negative,45.15529443
45.15529443,0.9142798781394958,0.0,0.0,0.0,1.0,2.0,negative,45.1543557
45.1543557,0.0,0.7492908239364624,0.0,0.0,0.0,2.0,positive,45.37042659
45.37042659,0.0,0.0,0.0,0.0,0.0,0.0,positive,45.48702089
45.48702089,0.0,0.0,0.0,0.0,0.0,0.0,negative,45.48093186
45.48093186,0.0,0.7473785281181335,0.0,0.0,0.0,2.0,positive,45.89558348
45.89558348,0.0,0.0,0.0,0.0,0.0,0.0,negative,45.59257797
45.59257797,0.0,0.0,0.0,0.0,2.0,1.0,negative,45.57365241
45.57365241,0.0,0.0,0.0,0.0,0.0,3.0,negative,45.51985726
45.51985726,0.0,0.793005108833313,0.9887383580207824,0.0,3.0,2.0,positive,45.59130608
45.59130608,0.0,0.0,0.9633771777153016,0.0,3.0,1.0,positive,45.92269932
45.92269932,0.0,1.4811228513717651,0.8834095001220703,0.0,3.0,3.0,positive,45.94541211
45.94541211,0.0,0.0,0.9114682078361512,0.0,3.0,0.0,positive,45.97529852
45.97529852,0.0,0.0,0.0,0.0,0.0,0.0,negative,45.90741068
45.90741068,0.0,0.8694596886634827,0.8634032011032104,0.0,5.0,1.0,positive,45.95914566
45.95914566,0.0,0.0,0.0,0.0,0.0,0.0,positive,45.99493451
45.99493451,0.7231320142745972,0.8304252028465271,0.0,0.7570687532424927,2.0,2.0,negative,45.91233382
45.91233382,0.8286409378051758,0.0,1.4276044964790344,0.0,3.0,0.0,positive,45.94332655
45.94332655,0.0,0.8294816017150879,1.5466635823249817,0.0,3.0,1.0,negative,45.58177105
45.58177105,0.0,0.0,2.424574375152588,0.0,4.0,0.0,positive,45.73229124
45.73229124,0.8962044715881348,0.0,0.0,0.0,3.0,0.0,negative,45.47860375
45.47860375,0.0,0.0,0.8514383435249329,0.0,4.0,0.0,positive,45.63888246
45.63888246,0.8054569363594055,0.0,0.0,0.0,1.0,1.0,negative,45.57181247
45.57181247,1.622541844844818,0.0,0.0,0.0,6.0,2.0,positive,45.81058664
45.81058664,0.0,0.0,0.0,0.0,1.0,0.0,negative,45.72547266
45.72547266,0.0,0.0,0.0,0.0,1.0,0.0,positive,46.18180026
46.18180026,0.0,0.0,0.0,0.0,0.0,0.0,positive,46.20902151
46.20902151,0.0,0.775894820690155,0.0,0.0,0.0,1.0,negative,46.16775937
46.16775937,0.0,0.0,0.0,0.0,1.0,0.0,negative,46.1197508
46.1197508,0.0,0.0,0.855918288230896,0.0,4.0,0.0,negative,45.73012279
45.73012279,0.0,0.0,0.0,0.0,2.0,0.0,positive,45.91276481
45.91276481,0.0,0.0,0.9733263254165648,0.0,1.0,0.0,negative,45.86740422
45.86740422,0.8662648797035217,1.590304613113403,0.0,0.0,4.0,2.0,positive,46.25680512
46.25680512,0.0,2.196606695652008,0.0,0.0,2.0,3.0,negative,46.24472328
46.24472328,0.0,0.0,0.8359644412994385,0.0,1.0,0.0,negative,46.02176697
46.02176697,0.0,0.0,0.0,0.0,0.0,1.0,positive,46.12851721
46.12851721,0.0,0.0,0.0,0.0,0.0,0.0,positive,46.31088116
46.31088116,0.0,0.0,0.0,0.0,0.0,0.0,positive,46.68326236
46.68326236,0.7617170214653015,0.0,0.0,0.0,5.0,0.0,positive,46.93079138
46.93079138,0.0,0.0,0.0,0.9464961290359496,2.0,1.0,negative,46.79641083
46.79641083,0.0,0.0,0.0,0.0,1.0,0.0,negative,46.76829022
46.76829022,2.3083152770996094,0.0,0.8428836464881897,0.0,4.0,0.0,positive,46.79755002
46.79755002,0.8784685730934143,0.0,0.0,0.0,2.0,0.0,negative,46.7301051
46.7301051,0.8061649203300476,0.7246885299682617,0.0,0.0,5.0,1.0,positive,46.89800849
46.89800849,0.0,0.0,0.0,0.0,0.0,1.0,negative,46.72467862
46.72467862,0.0,0.0,0.0,0.0,1.0,0.0,negative,46.58347407
46.58347407,0.0,0.0,0.0,0.0,0.0,0.0,negative,46.39061537
46.39061537,0.0,0.0,0.0,0.0,0.0,1.0,negative,46.31738204
46.31738204,0.0,0.880515992641449,0.0,0.0,2.0,1.0,positive,46.41658371
46.41658371,0.0,0.8457185626029968,0.0,0.0,1.0,1.0,negative,46.27663286
46.27663286,0.0,0.0,0.7970685362815857,0.0,2.0,0.0,positive,46.40709922
46.40709922,0.8976932168006897,0.7360257506370544,0.0,0.0,2.0,1.0,negative,46.30339312
46.30339312,0.0,0.0,0.0,0.0,0.0,0.0,negative,46.301111
46.301111,0.0,0.0,0.0,0.0,0.0,0.0,positive,46.39002328
46.39002328,0.0,0.0,0.0,0.0,0.0,0.0,negative,46.22270431
46.22270431,0.0,1.6899985074996948,0.0,0.0,0.0,2.0,positive,46.3885815
46.3885815,0.0,0.0,0.0,0.0,0.0,0.0,positive,46.41515555
46.41515555,0.9502864480018616,0.0,0.0,0.9674097299575806,1.0,1.0,positive,46.42143309
46.42143309,0.937057375907898,0.0,0.0,0.0,1.0,0.0,positive,46.46591298
46.46591298,0.8872632384300232,1.4611083269119265,0.0,0.7226768732070923,2.0,4.0,positive,46.48701795
46.48701795,0.0,0.0,0.0,0.0,1.0,1.0,negative,46.16869363
46.16869363,0.0,0.0,0.0,0.0,3.0,0.0,negative,45.78152802
45.78152802,0.0,0.0,0.8800691366195679,0.0,2.0,0.0,positive,45.89107659
45.89107659,0.0,3.333532750606537,0.0,0.0,3.0,4.0,positive,45.96050698
45.96050698,0.0,0.833308219909668,0.0,0.0,0.0,2.0,positive,46.02892862
46.02892862,0.0,0.0,0.0,0.0,0.0,0.0,positive,46.14419764
46.14419764,0.0,0.0,0.0,0.0,1.0,0.0,positive,46.36322602
46.36322602,0.0,0.0,0.0,0.0,2.0,1.0,negative,46.21027476
46.21027476,0.0,0.0,0.0,0.0,1.0,0.0,positive,46.26629215
46.26629215,1.5964151620864868,0.0,0.7451857328414917,0.0,4.0,0.0,positive,46.38566957
46.38566957,0.0,0.0,0.0,0.0,0.0,1.0,positive,46.59019079
46.59019079,0.0,0.0,0.0,0.0,1.0,1.0,positive,46.63707587
46.63707587,0.0,0.0,0.0,0.0,0.0,0.0,negative,46.56042728
46.56042728,0.0,0.7364724278450012,0.0,0.0,1.0,1.0,negative,46.51191673
46.51191673,0.767677903175354,0.968398928642273,0.0,0.0,2.0,1.0,negative,46.30341314
46.30341314,0.8252497911453247,0.0,0.0,0.0,1.0,2.0,positive,46.40557796
46.40557796,0.9854726195335388,0.0,0.0,0.0,1.0,0.0,positive,46.70536075
46.70536075,0.0,0.0,0.0,0.0,1.0,1.0,negative,46.35490938
46.35490938,0.0,0.0,0.7059780359268188,0.0,1.0,0.0,negative,45.96918418
45.96918418,0.0,0.8196752667427063,0.0,0.0,0.0,3.0,negative,45.96010201
45.96010201,0.0,0.7898704409599304,0.7574943900108337,0.0,4.0,1.0,negative,45.918927
45.918927,0.855247974395752,0.0,0.0,0.0,1.0,0.0,negative,45.90377183
45.90377183,0.0,0.0,0.0,0.0,2.0,1.0,positive,47.73111923
47.73111923,0.0,0.0,0.0,0.0,0.0,1.0,negative,47.48628653
47.48628653,0.8111516833305359,0.0,0.0,0.0,1.0,0.0,negative,47.47641336
47.47641336,0.7566348314285278,0.0,0.0,0.0,9.0,0.0,negative,47.0429605
47.0429605,0.0,0.0,0.7197080254554749,0.0,5.0,0.0,negative,46.363671
46.363671,1.7431887984275818,0.0,0.8358570337295532,0.0,10.0,0.0,negative,45.95554943
45.95554943,0.7761474847793579,0.0,0.8160940408706665,0.0,10.0,1.0,negative,45.88931041
45.88931041,0.0,0.0,0.74787837266922,0.0,1.0,0.0,negative,45.86237928
45.86237928,0.9287153482437134,0.0,0.7550612688064575,0.0,3.0,0.0,positive,45.98552988
45.98552988,0.0,0.0,0.0,0.0,2.0,1.0,negative,45.74667494
45.74667494,1.677125871181488,0.0,0.0,0.0,5.0,1.0,negative,45.43394122
45.43394122,0.8102527856826782,1.7706958055496216,0.0,0.0,1.0,4.0,positive,45.63482826
45.63482826,1.539696753025055,0.8452691435813904,0.7941144108772278,0.0,5.0,1.0,negative,45.61155066
45.61155066,0.0,0.0,0.0,0.0,2.0,1.0,positive,45.78397144
45.78397144,0.896475076675415,0.0,0.0,0.0,3.0,0.0,positive,45.93601699
45.93601699,0.7818546295166016,0.0,0.0,0.0,1.0,0.0,positive,46.15334262
46.15334262,0.0,0.0,0.0,0.0,2.0,0.0,negative,45.97086508
45.97086508,0.0,0.8092349171638489,0.0,0.0,0.0,1.0,negative,45.90003687
45.90003687,0.0,0.0,0.0,0.0,2.0,0.0,negative,45.66761301
45.66761301,1.9218275547027588,0.0,0.0,0.0,6.0,0.0,positive,45.67766103
45.67766103,0.0,0.0,0.703201413154602,0.0,1.0,1.0,negative,45.67427935
45.67427935,0.0,0.0,0.0,0.0,0.0,0.0,positive,46.10538364
46.10538364,0.0,0.9828090667724608,0.7270290851593018,0.0,3.0,1.0,positive,46.22008386
46.22008386,0.0,0.0,0.0,0.0,0.0,0.0,negative,46.11054493
46.11054493,0.0,0.0,0.0,0.0,1.0,0.0,positive,46.29767179
46.29767179,0.0,0.0,0.7939427495002747,0.9303109645843506,2.0,2.0,negative,46.11612983
46.11612983,0.7390517592430115,0.0,0.0,0.0,3.0,0.0,positive,46.49734607
46.49734607,0.0,0.0,0.0,0.0,1.0,0.0,positive,46.85084827
46.85084827,0.7268298268318176,0.0,0.760501503944397,0.0,2.0,0.0,negative,46.754525
46.754525,0.0,0.9638216495513916,0.7609056830406189,0.0,2.0,2.0,positive,46.77357993
46.77357993,0.0,0.0,0.0,0.0,2.0,0.0,negative,46.76012033
46.76012033,0.0,0.0,0.0,0.0,0.0,0.0,negative,46.70028883
46.70028883,0.0,0.0,0.8123372793197632,0.0,1.0,0.0,negative,46.66047943
46.66047943,0.0,0.0,0.7172425389289856,0.0,4.0,0.0,negative,46.33856907
46.33856907,0.0,0.844499945640564,0.8501011729240417,0.0,2.0,1.0,negative,46.27927528
46.27927528,0.0,0.0,0.0,0.0,1.0,0.0,positive,46.43847501
46.43847501,0.0,0.0,0.0,0.8893898725509644,0.0,1.0,negative,46.39622773
46.39622773,0.829233705997467,0.7160874605178833,0.0,0.0,1.0,3.0,positive,46.60029578
46.60029578,0.0,0.7377985119819641,0.0,0.0,0.0,1.0,negative,46.27651607
46.27651607,0.0,0.0,0.0,0.0,0.0,0.0,positive,46.37198637
46.37198637,0.7673918604850769,0.7904025316238403,0.0,0.0,2.0,1.0,negative,45.92370736
45.92370736,0.0,0.0,0.0,0.0,1.0,0.0,positive,46.00563882
46.00563882,0.0,0.0,0.0,0.0,1.0,0.0,negative,45.9691818
45.9691818,0.0,0.0,0.7617828845977783,0.0,1.0,0.0,positive,46.04302579
46.04302579,0.0,0.9105389714241028,0.0,0.0,1.0,1.0,negative,45.9191405
45.9191405,0.0,0.0,0.0,0.0,1.0,0.0,positive,46.4069992
46.4069992,0.0,0.0,0.0,0.0,0.0,0.0,positive,46.71248389
46.71248389,0.0,0.8480780124664307,0.0,0.0,2.0,1.0,positive,47.23351531
47.23351531,0.0,0.0,0.9223297834396362,0.0,5.0,0.0,negative,47.15985117
47.15985117,0.0,0.0,0.0,0.8366013169288635,1.0,4.0,positive,47.31200921
47.31200921,0.0,0.0,0.0,0.0,2.0,0.0,positive,47.32788641
47.32788641,0.0,0.7156530618667603,0.9054458141326904,0.0,5.0,1.0,negative,47.17680506
47.17680506,0.0,0.0,0.0,0.0,0.0,0.0,positive,47.22576169
47.22576169,0.0,0.8296357989311218,0.8198397755622864,0.7935731410980225,2.0,2.0,positive,47.40404092
47.40404092,0.0,0.0,0.9269227385520936,0.0,2.0,1.0,negative,47.27556465
47.27556465,1.4866094589233398,0.7551512718200684,0.0,0.0,4.0,1.0,negative,47.25883757
47.25883757,0.0,0.0,0.7164741158485413,0.0,2.0,1.0,negative,47.2183813
47.2183813,0.0,0.8245149850845337,0.0,0.0,1.0,1.0,negative,46.8671328
46.8671328,0.761082649230957,3.1993683576583862,0.8021240234375,0.7252854108810425,2.0,7.0,positive,47.03641982
47.03641982,0.0,1.7618470191955566,0.0,0.0,4.0,4.0,positive,47.1017732
47.1017732,0.8786368370056152,0.0,0.0,0.0,2.0,1.0,positive,47.11948074
47.11948074,0.0,0.0,0.0,0.0,0.0,3.0,negative,47.00212471
47.00212471,0.0,0.0,0.0,0.0,4.0,1.0,negative,46.80195361
46.80195361,0.7335116863250732,0.0,0.7500208616256714,0.0,4.0,1.0,positive,46.91926274
46.91926274,0.0,0.0,0.0,0.0,1.0,0.0,positive,46.93400215
46.93400215,0.8731626868247986,0.0,0.0,0.0,4.0,0.0,positive,47.07396291
47.07396291,0.8354375958442688,0.7500139474868774,1.4516215324401855,0.0,4.0,2.0,negative,47.01168518
47.01168518,0.0,0.7450029253959656,1.6769819259643557,0.0,5.0,1.0,positive,47.54034148
47.54034148,0.0,0.0,0.8121703267097473,0.0,2.0,0.0,positive,47.61371911
47.61371911,0.8802338242530823,0.0,0.0,0.0,1.0,0.0,positive,47.72875377
47.72875377,0.7472383975982666,0.8419806957244873,0.0,0.0,3.0,2.0,positive,47.76091343
47.76091343,0.8534156084060669,1.528630614280701,0.0,0.0,3.0,2.0,negative,47.69806737
47.69806737,1.6943864226341248,0.0,2.458526372909546,0.0,10.0,1.0,positive,48.2718467
48.2718467,3.5024402141571045,0.0,0.0,0.0,6.0,2.0,negative,47.77571673
47.77571673,0.0,0.7604109048843384,0.0,0.0,0.0,2.0,positive,47.94490772
47.94490772,0.9604257345199584,0.0,0.0,0.0,2.0,1.0,negative,47.83152319
47.83152319,0.0,0.0,0.0,0.0,0.0,0.0,negative,47.62210226
47.62210226,0.0,0.0,0.0,0.7545796632766724,0.0,3.0,positive,47.63466474
47.63466474,1.5693289637565613,0.0,0.0,0.8997595906257629,3.0,1.0,positive,47.97210746
47.97210746,0.7940998077392578,0.0,0.0,0.0,1.0,0.0,positive,48.0083869
48.0083869,0.0,0.0,0.0,0.0,1.0,0.0,negative,47.83295548
47.83295548,0.9484427571296692,0.7014343738555908,0.0,0.0,2.0,1.0,positive,48.04240144
48.04240144,0.0,0.8485578298568726,0.0,0.0,0.0,1.0,positive,48.06958597
48.06958597,0.0,0.0,0.0,0.0,2.0,0.0,positive,49.03546547
49.03546547,1.726089060306549,0.0,0.0,0.0,4.0,1.0,positive,49.9819366
49.9819366,0.7768661975860596,0.7100160121917725,0.0,1.4441487193107605,1.0,13.0,positive,50.01174834
50.01174834,0.0,3.0207599401474,0.0,0.0,0.0,10.0,negative,49.61418854
49.61418854,0.0,0.701690673828125,0.7844003438949585,0.8481642007827759,3.0,4.0,positive,49.65144
49.65144,0.8513826131820679,0.0,0.0,0.0,1.0,0.0,positive,49.8115583
49.8115583,0.0,0.7403596639633179,0.0,0.0,2.0,1.0,negative,49.72581144
49.72581144,0.0,0.0,0.937387764453888,0.0,1.0,0.0,negative,49.40937113
49.40937113,0.0,0.0,0.0,0.0,4.0,0.0,negative,49.07961916
49.07961916,0.0,29.58051800727844,0.0,0.0,0.0,31.0,positive,49.25279052
49.25279052,0.0,0.0,0.0,0.0,1.0,0.0,positive,49.35286018
49.35286018,0.0,1.7054925560951233,0.0,0.0,0.0,3.0,positive,50.03661956
50.03661956,0.0,0.0,0.0,0.0,1.0,2.0,negative,49.73849324
49.73849324,0.0,0.7492939233779907,0.0,0.0,1.0,2.0,negative,49.60841854
49.60841854,0.0,0.0,0.0,0.7787179350852966,1.0,4.0,negative,49.50149106
49.50149106,0.9338955879211426,0.0,0.0,0.0,3.0,2.0,negative,49.37536309
49.37536309,0.0,0.0,0.0,0.7178601622581482,3.0,3.0,positive,49.42002953
49.42002953,0.0,0.7667561173439026,0.0,0.0,1.0,2.0,negative,49.26037847
49.26037847,0.0,0.0,0.0,0.0,1.0,1.0,positive,49.30155546
49.30155546,0.0,0.0,0.0,0.9577226638793944,0.0,1.0,positive,49.53639572
49.53639572,0.0,1.804749608039856,0.0,0.0,3.0,2.0,negative,49.35777198
49.35777198,0.0,1.610995173454285,0.0,0.0,1.0,2.0,negative,48.92109624
48.92109624,0.0,0.7522100806236267,0.0,0.0,2.0,2.0,negative,48.88947872
48.88947872,1.7439153790473938,0.9138283729553224,0.0,0.8097286224365234,4.0,2.0,positive,49.24774437
49.24774437,0.0,0.0,0.0,0.0,1.0,2.0,positive,49.26884003
49.26884003,0.0,0.7457903027534485,0.0,0.0,1.0,2.0,positive,49.27383725
49.27383725,1.7621570825576782,0.0,0.7527258396148682,0.0,5.0,2.0,negative,49.17176392
49.17176392,2.7036832571029663,0.0,0.0,0.0,3.0,0.0,positive,49.83666547
49.83666547,0.0,0.0,0.9296993613243104,0.0,4.0,3.0,negative,49.70492646
49.70492646,0.0,0.0,0.8324869275093079,0.0,1.0,0.0,positive,49.81248545
49.81248545,0.0,3.869029462337494,0.0,0.0,0.0,4.0,negative,49.78559116
49.78559116,0.0,0.0,0.0,0.0,0.0,0.0,negative,49.54330444
49.54330444,0.0,0.0,0.0,0.0,2.0,0.0,positive,50.53922273
50.53922273,0.0,0.0,0.0,0.0,1.0,0.0,negative,50.31709907
50.31709907,0.0,0.7568048238754272,0.0,0.0,1.0,1.0,negative,49.85765531
49.85765531,0.0,0.0,0.0,0.0,3.0,0.0,positive,49.931563
49.931563,0.0,0.0,0.0,0.7017950415611267,1.0,1.0,positive,50.84725239
50.84725239,0.8880976438522339,1.5979537963867188,0.0,0.0,2.0,3.0,negative,50.72253468
50.72253468,0.0,0.0,0.0,0.0,2.0,1.0,positive,50.96600608
50.96600608,0.0,0.0,0.0,0.0,0.0,0.0,negative,50.93022402
50.93022402,0.0,0.0,0.0,0.0,0.0,1.0,negative,50.84870075
50.84870075,0.0,0.0,0.0,0.0,0.0,1.0,negative,50.45208102
50.45208102,0.0,0.0,0.0,0.0,3.0,1.0,positive,50.55671049
50.55671049,0.0,0.0,0.7844178676605225,0.0,4.0,1.0,positive,50.64450331
50.64450331,0.0,0.0,0.0,0.7017950415611267,0.0,1.0,negative,50.57517142
50.57517142,0.0,0.0,0.0,0.0,1.0,0.0,positive,50.72790178
50.72790178,0.0,0.0,0.0,0.0,0.0,0.0,negative,50.25806921
50.25806921,0.0,0.0,0.0,0.0,0.0,0.0,positive,50.31868868
50.31868868,0.0,0.0,0.0,0.0,2.0,1.0,negative,50.22604741
50.22604741,2.27286034822464,0.0,0.7729514837265015,0.0,6.0,0.0,negative,50.18833433
50.18833433,0.8918938636779785,0.7075398564338684,0.0,0.0,2.0,3.0,negative,50.06496933
50.06496933,0.0,0.7726309895515442,0.0,0.7683321237564087,0.0,2.0,positive,50.28246437
50.28246437,0.8621134757995605,0.0,0.0,0.0,1.0,1.0,negative,49.99287766
49.99287766,0.8621134757995605,0.7456107139587402,0.0,0.0,1.0,1.0,positive,50.58562646
50.58562646,1.5222122073173523,0.0,0.0,0.0,3.0,1.0,negative,50.43126282
50.43126282,0.0,0.0,0.0,0.0,1.0,0.0,negative,50.23237239
50.23237239,0.8910936117172241,0.0,0.0,0.0,6.0,1.0,negative,49.73563316
49.73563316,0.0,0.0,0.0,0.0,0.0,0.0,negative,49.61945406
49.61945406,0.0,0.0,0.0,0.0,0.0,2.0,positive,50.13545374
50.13545374,0.0,0.8153707981109619,0.0,0.0,0.0,2.0,positive,51.14701219
51.14701219,0.0,0.8121303915977478,0.0,0.7091240286827087,1.0,3.0,negative,50.75795615
50.75795615,0.0,0.8069089651107788,0.0,0.0,0.0,1.0,positive,50.97718707
50.97718707,0.8157883286476135,0.0,0.0,0.0,2.0,1.0,positive,51.31518807
51.31518807,0.0,0.9818022847175598,0.0,0.0,4.0,2.0,negative,51.19113352
51.19113352,0.0,0.0,0.0,0.0,3.0,0.0,positive,51.27969549
51.27969549,0.7148823142051697,0.0,0.0,0.0,4.0,0.0,negative,51.07546257
51.07546257,0.0,0.0,0.8366828560829163,0.0,2.0,0.0,positive,51.17829812
51.17829812,0.7565281391143799,0.9369087815284728,0.0,0.0,2.0,1.0,positive,51.39343627
51.39343627,0.0,0.0,0.0,0.0,2.0,0.0,negative,51.32766929
51.32766929,0.0,0.0,0.0,0.7017950415611267,1.0,3.0,negative,50.74381819
50.74381819,0.7649127840995789,0.0,0.0,0.0,1.0,1.0,negative,50.42251919
50.42251919,0.0,0.0,0.749260663986206,0.0,2.0,1.0,negative,50.33697743
50.33697743,0.0,0.0,0.8648386001586914,0.0,2.0,1.0,positive,50.36278293
50.36278293,0.0,0.7726405262947083,0.0,0.0,0.0,1.0,negative,50.16985934
50.16985934,0.0,0.7412955164909363,0.0,0.0,3.0,2.0,positive,50.33513108
50.33513108,0.0,0.0,0.0,0.0,1.0,1.0,positive,50.4177213
50.4177213,0.0,0.0,0.0,0.0,0.0,0.0,negative,50.19308239
50.19308239,0.0,0.0,0.0,0.0,0.0,0.0,negative,50.07550436
50.07550436,0.0,0.0,0.0,0.0,0.0,0.0,positive,50.27093222
50.27093222,0.0,0.0,0.0,0.0,0.0,0.0,negative,50.10630747
50.10630747,0.0,0.0,0.0,0.0,0.0,1.0,positive,50.363209
50.363209,0.0,0.0,0.0,0.0,3.0,1.0,negative,50.2807817
50.2807817,0.974011242389679,0.9757910966873168,0.0,0.0,3.0,1.0,negative,50.14858986
50.14858986,0.0,0.0,0.0,0.0,1.0,0.0,negative,49.44514286
49.44514286,0.0,0.0,0.0,0.0,1.0,0.0,positive,49.59396774
49.59396774,0.0,4.382264256477356,0.0,0.0,1.0,8.0,positive,49.84244196
49.84244196,0.0,4.532400131225586,1.677493155002594,4.794975280761719,7.0,20.0,positive,49.91859372
49.91859372,0.9431405663490297,3.991152167320252,0.8514341115951538,2.401990294456482,3.0,10.0,negative,49.76354755
49.76354755,1.6650123596191406,2.4949991106987,0.0,0.8439074754714966,3.0,5.0,negative,49.61388891
49.61388891,0.7190068364143372,9.201625049114227,0.0,0.8230141401290894,4.0,24.0,positive,49.74396269
49.74396269,0.8137573599815369,0.8873906135559082,4.265854775905609,0.0,9.0,2.0,positive,49.84706562
49.84706562,2.4055683612823486,1.532768726348877,0.92827045917511,1.6263585686683657,10.0,9.0,positive,50.09815021
50.09815021,0.0,1.6690868139266968,1.7853108048439026,0.7257485389709473,10.0,7.0,negative,50.07847963
50.07847963,0.0,0.7317764759063721,0.0,0.746346116065979,2.0,3.0,negative,49.94064077
49.94064077,0.0,0.0,0.7702661752700806,0.0,4.0,2.0,positive,50.27295293
50.27295293,0.9232649207115172,0.951193869113922,0.9857842326164246,0.8076505064964294,7.0,3.0,negative,50.00173263
50.00173263,0.8335469365119934,1.661148488521576,0.7403241991996765,0.0,5.0,2.0,positive,50.03646678
50.03646678,0.9769879579544068,0.0,0.9434271454811096,0.0,2.0,2.0,positive,50.26016974
50.26016974,0.0,0.0,1.624108910560608,0.0,2.0,3.0,negative,49.92630371
49.92630371,0.0,0.7131691575050354,0.9814006686210632,0.0,1.0,4.0,positive,50.49616753
50.49616753,0.9850873947143556,0.0,0.0,0.0,1.0,1.0,negative,50.40519059
50.40519059,0.0,0.0,0.0,0.9609805941581726,0.0,2.0,negative,50.36031154
50.36031154,0.0,0.0,0.0,0.0,2.0,1.0,positive,50.6666148
50.6666148,0.7739388346672058,0.0,0.0,0.0,4.0,0.0,negative,50.4583237
50.4583237,1.4818690419197085,0.0,0.0,0.0,3.0,0.0,negative,50.30137229
50.30137229,0.0,0.8492419123649597,0.7492514252662659,0.0,2.0,1.0,negative,50.28990189
50.28990189,0.0,0.0,0.0,0.0,2.0,1.0,positive,50.5472894
50.5472894,1.484339952468872,1.4356828927993774,0.8368871808052063,0.7727681994438171,7.0,4.0,positive,50.85999853
50.85999853,0.0,0.0,0.0,0.0,2.0,2.0,negative,50.11494978
50.11494978,1.6748343110084534,0.0,0.7337744832038879,0.0,6.0,2.0,negative,49.48509753
49.48509753,0.7652956247329712,0.0,0.9158002734184264,0.0,2.0,2.0,positive,49.81564439
49.81564439,0.0,0.0,0.8288188576698303,0.0,9.0,0.0,negative,49.68260991
49.68260991,1.7706276178359983,0.889015257358551,0.0,0.8466672301292419,3.0,6.0,negative,49.66427147
49.66427147,3.407396972179413,0.926407754421234,1.6014054417610168,0.0,11.0,1.0,negative,49.60820714
49.60820714,0.8604408502578735,0.0,0.0,0.0,3.0,0.0,positive,49.66586368
49.66586368,0.0,0.0,0.0,0.0,1.0,0.0,negative,49.66506634
49.66506634,0.0,0.0,0.0,0.0,1.0,0.0,positive,49.71098513
49.71098513,0.0,2.380570888519287,0.0,1.5024679899215698,4.0,8.0,positive,49.84649026
49.84649026,0.0,0.0,0.854138195514679,0.0,2.0,1.0,negative,49.71521119
49.71521119,3.947559475898743,1.4028687477111816,1.6583728790283203,0.0,9.0,2.0,negative,49.65744018
49.65744018,0.7625654935836792,0.7014343738555908,0.909948706626892,0.0,3.0,1.0,negative,49.57275055
49.57275055,0.0,0.0,1.4822588562965393,0.0,3.0,0.0,positive,49.72012144
49.72012144,0.0,0.0,0.0,0.0,2.0,2.0,positive,49.75504962
49.75504962,2.44500595331192,0.0,0.0,0.0,5.0,3.0,positive,49.84040078
49.84040078,0.0,0.872140109539032,0.0,0.0,0.0,1.0,positive,50.13218916
50.13218916,0.0,0.0,0.0,0.0,1.0,0.0,negative,50.12533667
50.12533667,0.7827467918395996,0.0,1.520294427871704,0.0,7.0,0.0,negative,49.87019166
49.87019166,1.4815184473991394,0.0,0.0,0.0,7.0,0.0,negative,49.30536305
49.30536305,1.5918349027633667,0.0,2.5326448678970337,0.0,13.0,0.0,positive,49.40728851
49.40728851,0.9979188442230223,0.0,1.6752461194992063,0.0,4.0,1.0,positive,49.40768213
49.40768213,0.9548317790031432,0.9683272838592528,0.0,0.8266339898109436,3.0,4.0,positive,49.65297796
49.65297796,0.0,0.0,0.0,0.0,2.0,0.0,positive,49.90811156
49.90811156,0.0,0.0,0.0,0.0,1.0,2.0,negative,49.62844774
49.62844774,0.8829160928726196,0.7786523103713989,0.0,0.0,1.0,1.0,positive,49.73762492
49.73762492,0.0,0.0,0.0,0.0,1.0,2.0,negative,49.42717535
49.42717535,0.8298875689506531,0.8309057354927063,0.7630173563957214,0.0,6.0,3.0,positive,49.91917795
49.91917795,1.768424928188324,0.0,0.0,0.0,8.0,0.0,negative,49.6280415
49.6280415,0.8072685599327087,0.0,0.0,0.0,1.0,0.0,positive,49.71096717
49.71096717,1.64594167470932,0.0,0.0,0.0,4.0,0.0,negative,49.6596026
49.6596026,0.0,0.0,0.0,0.0,2.0,0.0,negative,49.42939025
49.42939025,0.0,0.0,0.7050560116767883,0.0,1.0,0.0,positive,49.47713347
49.47713347,0.8022513389587402,0.0,0.0,0.0,2.0,0.0,positive,49.4903711
49.4903711,0.0,0.0,0.0,0.0,3.0,0.0,positive,49.54838398
49.54838398,0.8211050033569336,0.0,0.7727270126342773,0.0,5.0,0.0,positive,49.83463106
49.83463106,1.7052118182182312,2.958280444145202,0.0,0.0,3.0,4.0,negative,49.73786729
49.73786729,0.0,0.7792977690696716,0.8306688070297241,0.0,1.0,2.0,positive,49.78016723
49.78016723,0.0,1.6418319940567017,0.7561214566230774,0.0,2.0,3.0,negative,46.9968615
46.9968615,0.0,1.7346206307411194,0.7623895406723022,0.0,1.0,2.0,positive,47.43231626
47.43231626,0.7135049104690552,1.5731270909309387,0.0,0.0,2.0,2.0,negative,47.16347593
47.16347593,0.0,0.7554444074630737,0.7224946022033691,0.0,1.0,1.0,positive,47.21183606
47.21183606,1.615181565284729,0.0,0.9839025735855104,0.0,7.0,0.0,positive,47.22753435
47.22753435,0.0,0.0,0.0,0.0,1.0,0.0,negative,46.68191473
46.68191473,0.77872234582901,0.0,0.8563509583473206,0.0,2.0,0.0,positive,47.03922361
47.03922361,0.0,0.0,0.9356156587600708,0.0,5.0,0.0,positive,47.30353489
47.30353489,0.7287467122077942,0.0,0.9409751296043396,0.7490024566650391,3.0,1.0,positive,47.42628145
47.42628145,0.7748523354530334,0.7362737059593201,0.0,0.0,6.0,2.0,negative,47.33557677
47.33557677,0.0,0.0,0.0,0.0,4.0,0.0,negative,47.24731
47.24731,0.0,0.0,0.0,0.0,3.0,0.0,negative,47.20126648
47.20126648,0.7547391057014465,0.0,0.8792306184768677,0.0,8.0,1.0,positive,47.23986783
47.23986783,1.6426976323127749,0.7929974794387817,1.6908414959907532,0.0,8.0,1.0,positive,47.28478372
47.28478372,0.7889719009399414,0.0,0.0,0.0,11.0,0.0,positive,47.63604234
47.63604234,1.7052305936813354,0.0,2.405756950378418,0.0,9.0,1.0,negative,47.44696319
47.44696319,0.0,0.0,0.0,0.9400728344917296,0.0,1.0,negative,47.43005219
47.43005219,0.0,0.0,0.847284734249115,0.0,2.0,0.0,positive,47.80715007
47.80715007,0.9106045365333556,0.0,0.0,0.0,1.0,1.0,negative,47.74117522
47.74117522,0.8950353264808655,0.0,0.0,0.0,1.0,2.0,negative,47.69287458
47.69287458,0.0,0.0,0.7980714440345764,0.0,4.0,0.0,negative,47.09789948
47.09789948,0.0,0.0,0.0,0.0,2.0,0.0,positive,47.61084811513774
47.61084811513774,0.0,0.0,0.0,0.0,0.0,0.0,negative,47.59344206
47.59344206,0.0,0.0,0.0,0.0,1.0,0.0,positive,47.63777273
47.63777273,1.6535614728927612,0.0,0.0,0.0,5.0,1.0,negative,47.60968915
47.60968915,0.0,0.7658663988113403,0.0,0.0,0.0,1.0,negative,47.57609692
47.57609692,0.0,0.0,0.0,0.0,1.0,0.0,negative,47.57059679
47.57059679,0.8019874691963196,0.0,0.0,0.0,2.0,0.0,negative,47.48051792
47.48051792,0.0,0.0,0.0,0.0,1.0,0.0,negative,47.44669553
47.44669553,0.0,0.0,0.0,0.0,1.0,0.0,positive,47.48631104
47.48631104,0.0,0.7406472563743591,0.0,0.0,2.0,1.0,negative,47.46456347
47.46456347,0.9081275463104248,0.0,0.0,0.0,1.0,1.0,negative,47.35502501
47.35502501,0.0,0.0,0.0,0.0,2.0,0.0,positive,47.45667082
47.45667082,0.0,0.0,0.8370956182479858,0.0,1.0,0.0,negative,47.02980141
47.02980141,0.0,3.0962764024734497,0.0,0.0,1.0,5.0,positive,47.09598241
47.09598241,0.0,1.5369040369987488,0.0,0.0,1.0,2.0,positive,47.13874901
47.13874901,0.0,0.7014343738555908,0.0,0.0,1.0,2.0,negative,46.98434302
46.98434302,0.0,0.0,0.0,0.0,0.0,0.0,positive,47.03013987
47.03013987,0.7387155294418335,0.0,0.0,0.0,2.0,0.0,positive,47.04609554
47.04609554,1.604822814464569,0.7653934955596924,0.0,0.0,7.0,2.0,negative,46.90163506
46.90163506,0.7345527410507202,1.774163007736206,0.0,0.0,4.0,2.0,positive,47.03206248
47.03206248,0.7113008499145508,0.0,0.0,0.0,3.0,0.0,negative,46.77330496
46.77330496,0.8462831377983093,0.783768892288208,0.0,0.0,2.0,1.0,positive,46.85954773
46.85954773,0.0,0.0,0.0,0.0,4.0,0.0,positive,47.05392769
47.05392769,0.7272575497627258,0.0,0.0,0.0,3.0,0.0,positive,47.21705997
47.21705997,0.9333850741386414,1.5210976600646973,0.0,0.0,2.0,2.0,negative,47.21514157
47.21514157,0.913966417312622,0.0,0.0,0.0,1.0,0.0,negative,47.16980713
47.16980713,0.0,0.7605488300323486,0.0,0.0,0.0,1.0,negative,47.14932052
47.14932052,0.0,0.0,0.0,0.0,0.0,1.0,negative,47.13976821
47.13976821,0.0,0.0,0.0,0.0,2.0,0.0,positive,47.26544467
47.26544467,0.0,0.0,0.779501736164093,0.0,1.0,0.0,positive,47.49581075
47.49581075,0.0,0.0,0.7238706350326538,0.0,1.0,0.0,positive,47.51445342
47.51445342,0.0,0.0,0.0,0.0,0.0,0.0,positive,47.59190149
47.59190149,0.0,0.0,0.0,0.0,1.0,0.0,negative,47.53846364
47.53846364,0.0,0.0,0.0,0.0,0.0,0.0,positive,47.54553544
47.54553544,0.0,0.0,0.0,0.0,0.0,0.0,negative,47.47512605
47.47512605,0.0,0.0,0.0,0.0,0.0,0.0,positive,47.48521152
47.48521152,0.7606643438339233,0.0,0.9104738235473632,0.0,3.0,0.0,positive,47.53009047
47.53009047,0.0,0.0,0.0,0.0,1.0,0.0,positive,47.66380411
47.66380411,0.0,1.4885181784629822,0.0,0.0,1.0,2.0,negative,47.57088829
47.57088829,0.0,0.0,0.0,0.0,0.0,1.0,positive,47.59514023
47.59514023,0.0,0.0,0.0,0.0,1.0,0.0,negative,47.57074986
47.57074986,0.0,0.777302086353302,0.0,0.0,1.0,1.0,negative,47.53948366
47.53948366,0.8787198066711426,0.8381027579307556,0.0,0.0,2.0,1.0,negative,47.51449426
47.51449426,0.0,0.88914954662323,0.0,0.0,2.0,2.0,negative,47.48514712
47.48514712,0.0,0.0,0.0,0.0,1.0,0.0,negative,47.48086635
47.48086635,0.0,0.8167244791984558,0.8508321642875671,0.7091041207313538,2.0,2.0,positive,47.56465712
47.56465712,0.0,0.0,0.0,0.0,0.0,0.0,positive,47.61954565
47.61954565,0.0,0.0,0.0,0.0,0.0,1.0,negative,47.26118373
47.26118373,0.0,0.774290144443512,1.8909857869148252,0.0,7.0,1.0,positive,47.35490745
47.35490745,0.7255111336708069,0.0,0.0,0.0,7.0,0.0,negative,47.30285012
47.30285012,1.6001701951026917,0.7128015756607056,0.7758939266204834,0.0,4.0,1.0,negative,47.06064134
47.06064134,0.0,0.8500891923904419,0.7391438484191895,0.0,5.0,2.0,positive,47.15516151
47.15516151,0.0,0.0,0.7620814442634583,0.0,3.0,0.0,negative,47.15001169
47.15001169,0.0,0.0,0.0,0.832604169845581,5.0,1.0,positive,47.23483616
47.23483616,0.7609029412269592,1.4565752148628237,0.0,0.0,3.0,2.0,negative,47.20817203
47.20817203,3.0021069049835205,0.0,0.0,0.0,5.0,0.0,positive,47.35928586
47.35928586,0.0,0.0,1.915183126926422,0.0,5.0,0.0,negative,47.32258436
47.32258436,0.0,0.0,0.0,0.0,1.0,0.0,positive,47.35969951
47.35969951,0.0,0.0,0.0,0.0,2.0,0.0,positive,47.45271549
47.45271549,0.7425241470336914,0.7947351932525635,0.0,1.756712794303894,2.0,3.0,positive,47.64293895
47.64293895,0.8411559462547302,0.0,0.7530390024185181,0.0,5.0,1.0,positive,48.09740263
48.09740263,0.8628576397895813,0.8169534802436829,0.0,0.0,5.0,2.0,negative,48.00181841
48.00181841,0.0,0.9134423732757568,1.453243851661682,0.0,4.0,1.0,positive,48.39700321
48.39700321,0.7140916585922241,0.0,1.582341194152832,0.0,7.0,1.0,negative,48.32123883
48.32123883,1.84285706281662,0.7418912649154663,0.0,0.0,6.0,1.0,negative,48.28739703
48.28739703,0.902316153049469,0.0,0.0,0.0,1.0,0.0,negative,48.1417165
48.1417165,0.0,0.0,2.6271488666534424,0.0,5.0,0.0,negative,48.06737113
48.06737113,0.0,0.8167195320129395,0.0,0.0,0.0,1.0,positive,48.15973134
48.15973134,2.516861855983734,0.0,0.0,0.0,8.0,0.0,positive,48.25030136
48.25030136,0.7382632493972778,0.0,0.0,0.0,3.0,0.0,negative,48.22235695
48.22235695,0.0,0.0,0.8725730180740356,0.0,3.0,1.0,negative,48.09891537
48.09891537,0.0,0.0,0.0,0.0,0.0,0.0,negative,48.04808554
48.04808554,2.4346835017204285,0.0,0.0,0.0,9.0,0.0,positive,48.11125255
48.11125255,2.409418821334839,1.5659469962120056,0.0,0.0,10.0,2.0,negative,48.0658019
48.0658019,0.0,0.0,0.0,0.0,3.0,0.0,positive,48.33923087
48.33923087,0.0,0.0,0.0,0.0,1.0,1.0,negative,48.14070242
48.14070242,0.7866648435592651,1.7293798923492432,0.0,0.0,3.0,3.0,negative,48.03936171
48.03936171,0.0,0.0,0.0,0.0,0.0,0.0,positive,48.20296692
48.20296692,0.0,0.7352034449577332,0.0,0.0,2.0,2.0,negative,47.71211384
47.71211384,0.0,0.9392189979553224,0.0,0.0,1.0,2.0,positive,47.80160912
47.80160912,0.0,0.0,0.0,0.0,0.0,3.0,negative,47.79227341
47.79227341,3.1780648231506348,0.0,2.4455366134643555,0.0,14.0,0.0,positive,47.82918469
47.82918469,0.902985453605652,0.0,0.0,0.7402177453041077,8.0,1.0,negative,47.26449672
47.26449672,0.8255062699317932,0.0,3.148099720478058,0.0,10.0,0.0,positive,47.3403759
47.3403759,0.0,0.7144609093666077,2.363712787628174,0.0,9.0,1.0,negative,47.32764054
47.32764054,2.269188404083252,0.0,0.0,0.0,10.0,0.0,negative,47.31485507
47.31485507,0.8418334722518921,0.7030302882194519,2.5619953870773315,0.0,13.0,1.0,positive,47.37926889
47.37926889,0.7237248420715332,0.0,2.426890969276428,0.0,15.0,1.0,positive,47.41272083
47.41272083,0.873314619064331,0.8612431287765503,2.270545959472656,0.0,16.0,1.0,negative,47.27353162
47.27353162,1.5782553553581238,0.0,2.52240252494812,0.0,8.0,1.0,negative,47.1734794
47.1734794,1.7018232345581057,0.0,1.8122401237487795,0.0,7.0,1.0,negative,46.81008145
46.81008145,0.8316043019294739,0.8099455833435059,1.5437785387039185,0.0,6.0,2.0,positive,47.11061425
47.11061425,0.0,0.0,1.7176833152770996,0.0,6.0,0.0,negative,47.05328554
47.05328554,0.0,1.5413934588432312,0.7714877128601074,0.0,3.0,2.0,positive,47.13355577
47.13355577,0.9488465189933776,0.0,0.0,0.0,2.0,0.0,negative,47.05102987
47.05102987,0.9608446955680848,0.0,0.0,0.0,5.0,0.0,positive,47.46380429
47.46380429,0.7507853507995605,0.0,1.6122975945472715,0.0,7.0,0.0,negative,47.44173662
47.44173662,0.0,0.0,0.0,0.0,1.0,0.0,positive,47.5040495
47.5040495,0.0,0.9609166979789734,0.0,0.0,3.0,1.0,positive,49.28839966
49.28839966,0.8249815106391907,0.0,0.0,0.0,2.0,1.0,negative,49.12908671
49.12908671,0.8358827829360962,0.0,0.0,0.0,3.0,0.0,negative,48.91258894
48.91258894,0.9136902093887328,0.0,0.972994863986969,0.8686940670013428,4.0,1.0,negative,48.9067981
48.9067981,0.0,0.0,0.8021435737609863,0.0,4.0,1.0,negative,48.74246836
48.74246836,0.0,0.0,0.7839445471763611,0.0,1.0,0.0,positive,48.75450244
48.75450244,0.7617788314819336,0.0,0.8652259707450867,0.0,2.0,0.0,positive,48.84464636
48.84464636,1.6763052940368652,0.0,0.9623224139213562,0.8478853702545166,3.0,1.0,positive,49.20842043
49.20842043,0.0,0.7908475399017334,0.0,0.0,2.0,1.0,positive,49.38145528
49.38145528,0.0,0.0,2.549601435661316,0.0,5.0,2.0,positive,50.29375669
50.29375669,1.6165955662727356,2.18122398853302,2.3901352286338806,0.0,20.0,8.0,positive,52.37406299
52.37406299,3.3576568365097046,5.713231682777405,2.583193063735962,2.4471293687820435,21.0,20.0,negative,52.07065944
52.07065944,1.642443299293518,0.7037060260772705,1.8319379091262815,0.0,14.0,15.0,positive,52.4081665
52.4081665,0.7947133183479309,2.17942088842392,2.542351245880127,0.0,15.0,10.0,negative,52.39506846
52.39506846,0.0,2.481484830379486,0.8990173935890198,0.7379509210586548,8.0,10.0,positive,52.40651322
52.40651322,1.5488194227218628,0.8521654605865479,2.290753960609436,0.0,10.0,3.0,positive,53.00787578
53.00787578,2.5730143785476685,0.761134922504425,0.0,0.0,18.0,2.0,negative,52.40531602
52.40531602,2.7488147020339966,2.344298779964447,0.920866310596466,0.9566165208816528,18.0,8.0,positive,53.01990388
53.01990388,0.7612229585647583,3.3634008169174194,0.0,3.3677547574043274,4.0,11.0,positive,53.28073672
53.28073672,1.700583577156067,3.151617109775543,1.6917853951454165,0.0,14.0,5.0,positive,54.54826037
54.54826037,1.7962527871131897,0.8419000506401062,2.4781891107559204,0.0,16.0,6.0,negative,53.04532907
53.04532907,0.7049744129180908,8.253180027008057,2.4757543206214905,0.0,11.0,12.0,positive,54.41686947
54.41686947,0.8448149561882019,2.458975613117218,0.7455742359161377,0.0,9.0,8.0,positive,55.07374093
55.07374093,3.0351130962371826,0.7961811423301697,0.0,0.707412600517273,15.0,3.0,positive,55.39540794
55.39540794,0.7328618168830872,4.778224945068359,3.403703093528748,1.5170553922653198,14.0,11.0,negative,55.08907217
55.08907217,2.3821710348129272,4.90243136882782,0.0,0.7073550820350647,20.0,13.0,negative,54.88590097
54.88590097,2.3507203459739685,0.0,1.549099683761597,0.8236693739891052,8.0,2.0,positive,54.99566867
54.99566867,4.598928153514862,1.6807976961135864,0.7033153772354126,0.0,13.0,6.0,positive,55.93727004
55.93727004,1.6555394530296326,0.7194750905036926,3.289566218852997,0.7739784717559814,14.0,4.0,negative,55.72623877
55.72623877,4.762459933757782,0.766051709651947,0.7414703369140625,0.0,14.0,4.0,negative,55.38661978
55.38661978,0.7095564603805542,0.0,0.0,0.0,6.0,1.0,negative,54.89269107
54.89269107,0.8118086457252502,0.0,0.0,0.0,8.0,3.0,positive,55.46354641
55.46354641,0.0,1.578740477561951,1.714716613292694,0.0,6.0,3.0,negative,55.26184519
55.26184519,1.5216204524040222,0.7890279293060303,0.0,0.0,6.0,2.0,negative,55.04250693
55.04250693,0.0,0.7197822332382202,0.8396538496017456,0.0,1.0,2.0,positive,55.29456894
55.29456894,1.7919724583625791,1.456746757030487,2.432030498981476,0.0,12.0,2.0,negative,54.99654608
54.99654608,1.9401605129241943,0.860156774520874,1.653689742088318,0.0,13.0,5.0,negative,54.67041747
54.67041747,8.676385402679443,0.9464574456214904,1.5938284397125244,0.0,16.0,2.0,positive,54.91585101
54.91585101,1.6082637906074524,0.0,1.5594245791435242,0.0,11.0,1.0,positive,55.00377191
55.00377191,0.0,1.5951291918754578,0.0,0.0,2.0,2.0,negative,54.69757266
54.69757266,3.163777768611908,1.5625513792037964,0.0,0.0,6.0,2.0,positive,54.85319329
54.85319329,0.0,0.0,0.0,0.0,7.0,2.0,negative,54.61862475
54.61862475,0.7312292456626892,0.0,0.9302240014076232,0.0,4.0,1.0,negative,54.52353844
54.52353844,0.0,0.0,0.7265179753303528,0.0,4.0,1.0,positive,54.7401805
54.7401805,0.0,0.0,1.5770058035850525,0.0,4.0,0.0,negative,54.26727705
54.26727705,0.0,0.0,0.8301647901535034,0.0,7.0,1.0,negative,53.57027029
53.57027029,0.0,0.0,0.95238596200943,0.0,2.0,1.0,positive,53.77430521
53.77430521,0.0,0.7862088680267334,0.0,0.0,1.0,1.0,positive,54.6237723
54.6237723,0.0,0.0,0.0,0.0,2.0,1.0,negative,54.53032889
54.53032889,0.7402687072753906,0.0,0.0,0.0,2.0,1.0,positive,54.59306323
54.59306323,0.8529350757598877,0.0,0.0,0.0,4.0,0.0,positive,56.43613127
56.43613127,0.8092701435089111,0.0,0.0,0.0,2.0,1.0,negative,55.52321498
55.52321498,0.0,0.0,2.269680082798004,0.843380331993103,4.0,2.0,positive,55.58040981
55.58040981,0.0,0.8085757493972778,0.0,0.0,0.0,3.0,positive,55.68042547
55.68042547,0.9213029146194458,0.0,0.0,0.0,4.0,0.0,positive,56.05914198
56.05914198,0.7892822623252869,1.5182727575302124,0.0,0.9626253843307496,4.0,7.0,negative,55.93547202
55.93547202,0.0,0.8922269940376282,0.0,0.0,1.0,2.0,negative,55.464566
55.464566,0.0,4.640733063220978,0.0,0.0,3.0,7.0,negative,55.32966362
55.32966362,0.0,0.0,0.0,0.0,0.0,2.0,negative,55.13560588
55.13560588,0.0,2.524699091911316,0.9999508261680604,0.7214598655700684,4.0,4.0,negative,54.74933764
54.74933764,0.0,0.7011615037918091,0.0,0.0,0.0,3.0,negative,54.62785355
54.62785355,7.144372045993805,0.7011615037918091,0.0,0.0,17.0,2.0,negative,54.57621152
54.57621152,0.0,1.5041954517364502,0.0,0.0,5.0,4.0,positive,55.29210199
55.29210199,0.8337268233299255,7.059187114238739,0.7243305444717407,0.0,4.0,9.0,positive,55.30758676
55.30758676,0.7809402346611023,0.0,0.7363110184669495,0.0,5.0,0.0,positive,55.43877351
55.43877351,0.8067193627357483,0.0,0.0,0.0,2.0,0.0,positive,55.47982715
55.47982715,0.0,0.0,0.7492290139198303,0.0,3.0,1.0,negative,55.42301662
55.42301662,0.0,0.0,0.0,0.0,2.0,0.0,negative,55.21127395
55.21127395,0.71023029088974,0.0,0.0,0.0,2.0,1.0,positive,55.23868781
55.23868781,0.0,0.0,1.7386743426322937,0.0,4.0,1.0,negative,54.96967929
54.96967929,0.7977171540260315,0.0,0.0,0.0,1.0,0.0,positive,55.38652145
55.38652145,0.0,0.0,0.9773256182670592,0.0,2.0,0.0,positive,55.44667949
55.44667949,0.0,0.0,0.0,0.8153201341629028,1.0,1.0,negative,55.35666067
55.35666067,0.0,4.868954598903656,0.0,0.0,1.0,8.0,positive,56.20169274
56.20169274,0.0,0.0,0.0,0.0,1.0,1.0,negative,55.8870295
55.8870295,0.8781250715255737,0.0,0.9704909324645996,0.0,3.0,0.0,positive,56.55631676
56.55631676,0.0,0.8180394172668457,0.0,0.0,4.0,1.0,negative,56.16637659
56.16637659,0.0,0.0,0.901573896408081,0.0,2.0,0.0,positive,56.17952967
56.17952967,0.0,0.0,0.0,0.0,0.0,1.0,positive,56.5052003
56.5052003,0.7627249360084534,0.0,0.0,0.0,2.0,0.0,positive,57.8479396
57.8479396,0.778469443321228,0.0,0.0,0.0,4.0,0.0,negative,57.65837345
57.65837345,0.8211972117424011,2.428636729717254,0.0,0.9801754355430604,3.0,7.0,negative,57.63906778
57.63906778,0.8246654868125916,3.080865740776062,0.760809063911438,1.6452542543411257,4.0,11.0,positive,58.6330402
58.6330402,2.4477266669273376,0.8895447850227356,1.5715798735618591,0.7873729467391968,9.0,5.0,negative,58.24924617
58.24924617,1.81576669216156,0.8546416163444519,0.7485623359680176,1.6875004768371582,7.0,6.0,positive,58.61328095883365
58.61328095883365,1.6213551759719849,0.0,0.8191409111022949,0.0,10.0,2.0,positive,58.8176634707976
58.8176634707976,1.6156880259513855,0.0,0.73419189453125,0.0,4.0,1.0,positive,58.90177135617343
58.90177135617343,3.4693793058395386,0.9204443693161012,2.3195009231567383,0.0,18.0,1.0,negative,58.74927671838128
58.74927671838128,3.174169540405273,0.0,0.0,0.0,14.0,0.0,positive,58.79576981460844
58.79576981460844,0.0,0.7569524049758911,2.257181167602539,0.0,9.0,2.0,positive,59.15440924986485
59.15440924986485,2.479179680347442,0.0,0.7680367231369019,0.0,7.0,1.0,negative,58.56058873836841
58.56058873836841,0.0,0.0,0.0,0.0,4.0,1.0,positive,58.72116221145222
58.72116221145222,0.8746934533119202,0.0,0.7321275472640991,0.0,7.0,0.0,positive,59.09583200846765
59.09583200846765,0.0,0.8322569131851196,1.629195213317871,0.0,8.0,2.0,negative,58.44315776493382
58.44315776493382,0.8179788589477539,0.0,0.0,0.0,7.0,1.0,negative,58.39461985881018
58.39461985881018,2.2703691720962524,3.914322912693024,0.0,0.7275084257125854,4.0,7.0,negative,58.08757614028065
58.08757614028065,0.0,0.7133625745773315,0.0,0.0,3.0,1.0,positive,58.36668795366486
58.36668795366486,0.8748102784156799,0.0,0.8007393479347229,0.0,2.0,2.0,positive,58.53315310182385
58.53315310182385,0.0,0.7042542099952698,0.0,0.0,3.0,1.0,negative,56.96087456741073
56.96087456741073,0.889512300491333,0.8037745952606201,0.0,0.0,3.0,2.0,positive,57.5104699571569
57.5104699571569,1.5894986987113953,0.0,0.0,0.0,4.0,2.0,negative,57.28247085355411
57.28247085355411,0.7653108835220337,0.0,0.7574790716171265,0.0,3.0,0.0,positive,57.30736040598258
57.30736040598258,0.8363707065582275,1.552951693534851,0.0,0.0,5.0,2.0,negative,57.2269284162329
57.2269284162329,1.652945101261139,0.0,1.893793284893036,0.0,4.0,0.0,negative,56.79189787174245
56.79189787174245,0.9225332140922546,5.118342161178589,0.87969970703125,0.0,2.0,6.0,positive,57.11360746272827
57.11360746272827,1.759454607963562,2.537540137767792,0.927928864955902,0.0,5.0,3.0,positive,57.950424562057
57.950424562057,0.0,0.8498069643974304,0.0,0.0,5.0,1.0,positive,58.29419220259581
58.29419220259581,0.0,0.0,0.0,0.0,2.0,2.0,positive,59.29781412833227
59.29781412833227,2.4250635504722595,0.0,0.7226089835166931,0.0,8.0,1.0,negative,59.05264542908886
59.05264542908886,1.6551547050476074,0.0,1.560770034790039,0.0,10.0,2.0,negative,59.01549718214832
59.01549718214832,3.3049760460853577,3.968430697917938,0.0,0.0,11.0,7.0,positive,59.37455771605873
59.37455771605873,0.0,7.9999178647994995,0.0,0.0,5.0,11.0,negative,58.87202337831358
58.87202337831358,0.7947019338607788,3.190341293811798,1.759539783000946,1.439466655254364,8.0,10.0,positive,59.12764668789638
59.12764668789638,0.0,1.6399497985839844,0.0,0.0,4.0,4.0,negative,58.92380507768746
58.92380507768746,0.0,0.7963222861289978,0.0,0.0,3.0,1.0,negative,58.78916004713046
58.78916004713046,2.597514033317566,2.328818380832672,0.80716872215271,0.8514190316200256,8.0,5.0,negative,58.3685985083938
58.3685985083938,0.8083578944206238,0.0,0.0,0.0,1.0,0.0,positive,58.67655438851017
58.67655438851017,0.0,0.712709367275238,0.9140305519104004,0.0,8.0,2.0,positive,58.93554878303898
58.93554878303898,0.0,0.7532429099082947,0.0,0.0,1.0,2.0,negative,58.64864420819496
58.64864420819496,0.0,0.0,0.0,0.0,0.0,0.0,negative,58.4822532865143
58.4822532865143,0.0,0.0,0.0,0.0,0.0,0.0,positive,58.52332019631773
58.52332019631773,0.0,0.0,0.7303342223167419,0.8805796504020691,2.0,3.0,negative,58.22136976607461
58.22136976607461,0.0,0.0,0.0,0.0,0.0,1.0,negative,57.9333981727481
57.9333981727481,0.0,0.0,0.0,0.0,1.0,0.0,negative,57.84997231153934
57.84997231153934,0.0,0.7024816870689392,0.0,0.0,0.0,1.0,negative,57.5314278345395
57.5314278345395,0.0,0.0,0.0,0.0,2.0,0.0,positive,58.03442989247565
58.03442989247565,0.0,2.486366271972656,0.0,0.0,2.0,4.0,positive,58.26323223613568
58.26323223613568,0.0,0.0,0.7748938202857971,0.0,3.0,1.0,negative,58.00643577028091
58.00643577028091,0.0,3.4750452637672424,0.0,0.0,0.0,5.0,negative,58.00643577028091
58.00643577028091,1.5833375453948977,3.5234790444374084,0.0,0.0,3.0,7.0,negative,57.63380864395142
57.63380864395142,0.8386436700820923,0.0,0.0,0.0,1.0,0.0,negative,57.537061798809
57.537061798809,0.7913929224014282,2.852335274219513,1.845853805541992,0.0,8.0,4.0,negative,57.34070919009605
57.34070919009605,0.0,0.8328145742416382,0.0,0.0,1.0,2.0,negative,56.11532852577597
56.11532852577597,0.0,0.8249863386154175,0.0,0.0,0.0,2.0,negative,55.74982042401014
55.74982042401014,0.0,0.0,0.0,0.0,0.0,0.0,negative,55.5141082633468
55.5141082633468,0.0,0.0,1.5079497694969175,0.0,5.0,0.0,positive,56.10275346441664
56.10275346441664,0.0,0.0,0.0,0.0,2.0,0.0,positive,56.31279394130943
56.31279394130943,0.7328325510025024,0.0,0.7067736387252808,0.0,5.0,1.0,positive,56.46956799113569
56.46956799113569,0.0,0.0,0.0,0.0,2.0,1.0,negative,56.39451402832967
56.39451402832967,0.0,0.0,0.0,0.8148741126060486,3.0,2.0,positive,56.55010025292717
56.55010025292717,0.0,0.0,0.0,0.0,2.0,0.0,positive,56.75755764453156
56.75755764453156,0.0,0.0,0.0,0.0,6.0,1.0,positive,57.23184852177539
57.23184852177539,1.715440571308136,0.0,0.0,0.0,8.0,0.0,positive,57.328730183668966
57.328730183668966,0.7015920877456665,0.0,1.6989240050315857,0.0,9.0,0.0,negative,56.83890464897236
56.83890464897236,0.0,0.7839236855506897,0.0,0.0,5.0,1.0,negative,56.62398112836817
56.62398112836817,0.8980274796485901,0.7288711667060852,0.0,0.0,4.0,2.0,positive,56.97183082470632
56.97183082470632,0.0,0.0,0.0,0.0,1.0,0.0,negative,56.68251892350553
56.68251892350553,0.0,0.0,0.7600812315940857,0.0,6.0,1.0,positive,57.69722414677892
57.69722414677892,0.0,0.0,0.0,0.0,1.0,0.0,positive,57.84742687374191
57.84742687374191,0.0,0.8054911494255066,0.0,0.0,1.0,1.0,negative,57.53556901828949
57.53556901828949,0.0,7.828496038913727,0.0,0.0,2.0,9.0,negative,57.37931159729346
57.37931159729346,0.0,0.0,0.0,0.0,2.0,1.0,positive,57.56444371911782
57.56444371911782,0.0,1.5875548720359802,0.0,0.0,0.0,2.0,positive,57.60690432172925
57.60690432172925,0.0,0.7675517797470093,0.0,0.0,1.0,2.0,positive,57.90404829991289
57.90404829991289,0.8844265937805176,0.0,0.0,0.0,1.0,0.0,negative,57.5447784568357
57.5447784568357,0.0,0.0,0.0,0.0,1.0,0.0,negative,57.50081687102379
57.50081687102379,0.0,0.0,0.0,0.0,2.0,0.0,positive,57.9801405326182
57.9801405326182,0.7050997018814087,0.0,0.0,0.7762428522109985,3.0,2.0,positive,58.58456405230148
58.58456405230148,1.62100088596344,2.443141341209412,0.8294828534126282,0.0,8.0,5.0,negative,58.18054751416487
58.18054751416487,0.0,0.7051719427108765,0.0,0.0,3.0,1.0,negative,57.72662549832249
57.72662549832249,0.0,1.7203898429870603,0.0,0.0,4.0,3.0,negative,57.60060626807944
57.60060626807944,2.624614834785461,0.0,0.7346178889274597,0.0,9.0,0.0,negative,57.56169772664913
57.56169772664913,0.7842568755149841,0.0,0.0,0.0,2.0,1.0,negative,57.4462143313832
57.4462143313832,0.8660956025123596,1.711971938610077,0.829777181148529,0.0,6.0,2.0,positive,57.61908967044999
57.61908967044999,0.8016868233680725,2.2952495217323303,1.4645156264305117,0.0,6.0,3.0,positive,57.70926615009229
57.70926615009229,0.74853515625,1.5870544910430908,0.7958667278289795,0.8494716882705688,6.0,3.0,positive,58.43954641155295
58.43954641155295,0.0,0.8761423826217651,0.0,0.0,4.0,1.0,positive,60.29898636804886
60.29898636804886,1.6159310340881348,0.7632878422737122,0.8061046004295349,0.0,6.0,2.0,negative,59.61864325116387
59.61864325116387,0.0,0.7816831469535828,0.9476578831672668,0.7338069677352905,9.0,2.0,negative,59.44345602717
59.44345602717,0.0,0.0,0.0,0.0,1.0,1.0,positive,59.49151716903884
59.49151716903884,0.0,0.0,0.8966988325119019,0.0,6.0,1.0,negative,59.38223732134709
59.38223732134709,0.9353626370429992,1.5343180894851685,0.0,0.7052915692329407,2.0,4.0,negative,59.03302954773236
59.03302954773236,0.0,0.0,0.0,0.0,0.0,1.0,negative,58.09087310108155
58.09087310108155,0.0,1.5569259524345398,0.0,0.0,0.0,2.0,negative,58.00244347978126
58.00244347978126,0.7377119660377502,0.0,0.0,0.0,3.0,0.0,positive,58.10010670479681
58.10010670479681,0.9371731877326964,0.0,0.0,0.0,3.0,1.0,positive,58.29633560717255
58.29633560717255,0.0,0.0,0.0,0.0,2.0,0.0,negative,57.25516738849704
57.25516738849704,2.2037945985794067,1.4479804039001465,0.8794341087341309,0.0,5.0,3.0,positive,57.41847438816054
57.41847438816054,0.0,0.7369824051856995,0.7842506766319275,0.0,2.0,6.0,negative,56.04384921043204
56.04384921043204,0.0,0.8051566481590271,0.0,0.7539162039756775,0.0,2.0,positive,56.09048616497213
56.09048616497213,0.726006805896759,1.636447250843048,1.8323776721954343,0.0,5.0,4.0,positive,56.13873355926185
56.13873355926185,0.0,0.0,0.0,0.0,1.0,3.0,negative,55.98192312334475
55.98192312334475,0.0,0.0,0.9647396802902222,0.0,4.0,3.0,negative,55.64486788584075
55.64486788584075,0.0,0.0,0.0,0.0,1.0,0.0,negative,55.61212136596254
55.61212136596254,0.0,0.0,0.0,0.0,0.0,0.0,positive,55.61835475529526
55.61835475529526,0.829570472240448,0.0,0.0,0.0,3.0,0.0,negative,55.57927001192558
55.57927001192558,0.0,0.0,0.932788610458374,0.0,5.0,0.0,negative,55.32272330538279
55.32272330538279,0.0,0.7369824051856995,0.0,0.0,3.0,1.0,positive,55.38114867194808
55.38114867194808,0.0,0.0,0.7634809017181396,0.0,2.0,1.0,positive,55.81280258890041
55.81280258890041,0.0,0.0,0.8180229067802429,0.0,2.0,0.0,positive,55.83295229620837
55.83295229620837,0.0,0.0,0.0,0.0,0.0,0.0,positive,56.01122703087701
56.01122703087701,0.0,0.8468865752220154,0.7962243556976318,0.0,2.0,1.0,negative,55.6499034705343
55.6499034705343,0.0,0.0,0.0,0.0,0.0,3.0,positive,55.98503455576271
55.98503455576271,0.0,0.7978609800338745,0.0,0.0,1.0,2.0,negative,55.94831548191492
55.94831548191492,0.0,0.0,0.8651330471038818,0.0,2.0,0.0,positive,56.21633060805463
56.21633060805463,2.2930383682250977,0.7381343245506287,0.753030002117157,0.0,5.0,1.0,positive,56.23202735923124
56.23202735923124,1.573342204093933,0.0,0.0,0.0,2.0,0.0,negative,56.23202735923124
56.23202735923124,0.0,0.0,0.0,0.0,1.0,0.0,negative,56.23202735923124
56.23202735923124,0.0,0.0,0.0,0.0,1.0,0.0,negative,55.67712408865144
55.67712408865144,2.4319440722465515,0.0,0.0,0.0,3.0,0.0,negative,54.85202052628539
54.85202052628539,0.0,0.7684041261672974,0.0,0.8361698389053345,0.0,3.0,negative,54.73302678453804
54.73302678453804,0.7791646718978882,0.0,0.9120065569877625,0.0,3.0,0.0,negative,54.23031736145322
54.23031736145322,0.0,0.9136393070220948,0.0,0.0,0.0,1.0,positive,55.04537213907944
55.04537213907944,0.0,0.0,0.7687922716140747,0.0,3.0,0.0,positive,55.40250390289078
55.40250390289078,1.6096708178520205,0.0,0.0,0.0,13.0,0.0,negative,55.3897733891336
55.3897733891336,3.866436183452606,0.0,5.697936236858368,0.0,32.0,1.0,positive,55.69313671435835
55.69313671435835,3.0958990454673767,0.8488741517066956,1.6564152240753174,0.0,15.0,1.0,negative,55.28712413120328
55.28712413120328,0.7848088145256042,0.9065024256706238,0.893700122833252,0.0,5.0,1.0,positive,55.52982483348319
55.52982483348319,0.7946135401725769,0.0,1.598945438861847,0.0,7.0,0.0,negative,55.21581646353588
55.21581646353588,2.313796579837799,0.0,0.768017053604126,0.0,13.0,0.0,negative,54.9715178706963
54.9715178706963,0.0,0.0,3.944441854953766,0.0,8.0,0.0,negative,54.81278910774742
54.81278910774742,0.0,0.8139408826828003,0.7695654630661011,0.0,7.0,4.0,negative,54.49316068624775
54.49316068624775,0.0,0.8955939412117004,0.7972525954246521,0.0,5.0,1.0,positive,54.76566414400526
54.76566414400526,1.4847096800804138,0.0,0.0,0.7645283341407776,2.0,1.0,positive,55.3926240712959
55.3926240712959,2.2339659929275517,0.0,0.0,0.0,5.0,0.0,negative,54.96861316936782
54.96861316936782,0.0,0.0,0.7033506631851196,0.0,3.0,0.0,negative,54.41720903757129
54.41720903757129,0.0,0.8994293212890625,0.0,0.0,2.0,2.0,negative,54.22997397228036
54.22997397228036,1.6594871282577517,0.0,0.0,0.0,4.0,2.0,negative,54.17878372176135
54.17878372176135,0.8605742454528809,0.8179408311843872,0.7807143330574036,0.0,3.0,1.0,negative,53.6903233859939
53.6903233859939,0.0,0.0,0.0,0.0,0.0,0.0,negative,53.66543715113533
53.66543715113533,0.7179546356201172,0.0,0.0,0.0,2.0,0.0,negative,53.58234898265374
53.58234898265374,0.0,0.7708866000175476,0.0,0.0,1.0,1.0,negative,53.51263222039947
53.51263222039947,0.0,0.0,0.0,0.0,2.0,0.0,negative,53.00780450103923
53.00780450103923,1.5565407276153564,0.837699294090271,0.0,0.0,4.0,2.0,positive,53.08380227007643
53.08380227007643,0.8311113119125366,0.0,0.0,0.0,4.0,0.0,positive,53.52826339127997
53.52826339127997,0.0,0.0,0.8605155944824219,0.0,3.0,0.0,positive,53.60503449277901
53.60503449277901,1.4784481525421145,0.0,0.0,0.0,5.0,0.0,negative,53.05527473421259
53.05527473421259,0.0,0.0,0.0,0.0,5.0,0.0,negative,52.98318109478832
52.98318109478832,0.0,0.7507980465888977,0.0,0.0,0.0,2.0,positive,53.76542329895224
53.76542329895224,0.9513776302337646,0.0,0.0,0.0,3.0,1.0,negative,53.55828006587107
53.55828006587107,2.4187071919441223,0.0,0.7223701477050781,0.0,14.0,2.0,positive,53.79062612477811
53.79062612477811,2.575320661067962,0.8375930786132812,0.9682615995407104,0.0,13.0,2.0,positive,53.87728785580229
53.87728785580229,0.0,0.0,2.4727193117141724,0.0,3.0,0.0,negative,53.77289789580451
53.77289789580451,0.0,0.0,0.7780823111534119,0.0,2.0,0.0,positive,54.02607504483728
54.02607504483728,0.7190483808517456,0.0,0.0,0.0,2.0,0.0,negative,54.02307510607995
54.02307510607995,0.749683141708374,0.766387403011322,0.7182296514511108,0.0,3.0,4.0,negative,53.90751290606497
53.90751290606497,0.7785770297050476,0.0,1.485688090324402,0.0,6.0,2.0,negative,53.8343302247775
53.8343302247775,0.0,0.0,0.761570930480957,0.0,7.0,0.0,positive,54.65766010117766
54.65766010117766,1.7546022534370422,0.8071185946464539,2.648263156414032,0.0,10.0,2.0,positive,54.90079866927153
54.90079866927153,0.8556690812110901,0.0,0.0,0.0,5.0,9.0,negative,54.41300566478804
54.41300566478804,0.8662561774253845,0.0,0.7027112245559692,0.0,7.0,0.0,negative,54.24577036893272
54.24577036893272,0.0,0.0,0.7176852822303772,0.0,1.0,2.0,negative,54.10375547078551
54.10375547078551,0.7148692607879639,0.0,0.0,0.0,3.0,0.0,negative,54.07263254038356
54.07263254038356,0.0,0.0,0.0,0.0,1.0,0.0,positive,54.21356783052939
54.21356783052939,0.0,0.7423104643821716,0.0,0.0,0.0,1.0,negative,53.90112771488093
53.90112771488093,0.0,0.0,0.0,0.0,0.0,0.0,positive,54.97155218046655
54.97155218046655,0.0,0.0,0.8636175394058228,0.0,1.0,0.0,positive,55.31955680012553
55.31955680012553,0.8644119501113892,0.0,0.8943502306938171,0.0,4.0,2.0,negative,55.21080164074409
55.21080164074409,0.7196311950683594,0.0,1.8101702332496643,0.0,5.0,1.0,positive,55.4133668925734
55.4133668925734,0.0,0.7522736191749573,0.0,0.0,1.0,1.0,positive,55.67573344958575
55.67573344958575,0.0,0.8842589855194092,0.0,0.0,0.0,1.0,positive,55.79140747983882
55.79140747983882,0.7680696845054626,0.7113057971000671,0.8653960824012756,0.0,3.0,2.0,negative,55.40790568583401
55.40790568583401,0.855671226978302,0.0,0.0,0.0,1.0,0.0,positive,55.87166005544485
55.87166005544485,0.0,0.0,0.8798985481262207,0.0,5.0,2.0,negative,55.84821442524372
55.84821442524372,0.0,0.8875513076782227,0.7589823603630066,0.0,3.0,3.0,negative,55.52653182877014
55.52653182877014,0.0,0.0,0.7471028566360474,0.0,2.0,0.0,negative,55.44856115038394
55.44856115038394,0.8498640656471252,0.8541197776794434,0.0,0.0,2.0,1.0,positive,55.52453007352832
55.52453007352832,0.0,0.0,0.0,0.0,1.0,0.0,positive,55.83151607267554
55.83151607267554,0.0,3.7522226572036734,0.0,0.0,1.0,16.0,negative,55.77112044182746
55.77112044182746,0.0,0.0,0.0,0.0,0.0,0.0,positive,55.80176524992415
55.80176524992415,1.5875176787376404,0.0,0.7826372981071472,0.0,12.0,0.0,negative,55.59026116062229
55.59026116062229,1.8709636926651,0.0,0.7100608944892883,0.0,6.0,0.0,negative,55.35187148874681
55.35187148874681,0.0,0.7953518629074097,0.9323310256004332,0.0,4.0,1.0,negative,55.23850754394132
55.23850754394132,0.0,1.6545124053955078,0.9651558995246888,0.0,2.0,2.0,negative,54.91669276653701
