datetime,marketcap,priceBtc,priceUsd,volume,sentiment_positive_total,sentiment_positive_telegram,sentiment_positive_professional_traders_chat,sentiment_positive_reddit,sentiment_positive_discord,sentiment_positive_twitter,sentiment_positive_bitcointalk,sentiment_negative_total,sentiment_negative_telegram,sentiment_negative_professional_traders_chat,sentiment_negative_reddit,sentiment_negative_discord,sentiment_negative_twitter,sentiment_negative_bitcointalk,social_volume_total,social_volume_telegram,social_volume_professional_traders_chat,social_volume_reddit,social_volume_discord,social_volume_twitter,social_volume_bitcointalk
2019-01-01 00:00:00+00:00,1103113660.0,1.10396949681e-05,0.0425467913457,14962901.0,66.80989384651184,209.43545335531235,0.7013365030288696,27.851072132587433,9.693964660167694,16.5326024889946,17.462533593177795,18.785592913627625,137.0644487142563,0.0,15.38235354423523,0.0,0.8132851123809814,2.3387085795402527,337.0,1259.0,3.0,153.0,63.0,41.0,97.0
2019-01-02 00:00:00+00:00,1173420169.0,1.14820688547e-05,0.0452584941258,24151526.0,78.24851703643799,100.75119888782501,2.4481910467147827,32.713755548000336,8.435512840747833,14.875399351119995,21.570128440856934,32.60267627239227,95.0410584807396,1.4872921705245972,22.27560919523239,5.323212504386902,2.271307051181793,6.061221122741699,428.0,850.0,16.0,183.0,137.0,38.0,107.0
2019-01-03 00:00:00+00:00,1106608705.0,1.11296340923e-05,0.0426815942771,21126963.0,47.257402181625366,73.29134982824326,0.7003196477890015,33.29532766342163,3.1893386244773865,18.052277445793152,11.712397634983063,16.1043518781662,50.90388709306717,1.7926416397094727,16.263659417629242,0.7452179789543152,2.305503189563751,4.679388165473938,328.0,613.0,8.0,195.0,114.0,41.0,95.0
2019-01-04 00:00:00+00:00,1135911588.0,1.13683617743e-05,0.0438117984484,16024029.0,47.35788184404373,85.85064363479614,1.437978208065033,36.30627620220184,7.870339393615723,12.036640882492065,11.99119484424591,18.516581296920776,46.81471806764603,0.9380261898040771,21.935869812965393,0.0,2.578636407852173,6.092388272285461,286.0,568.0,6.0,212.0,82.0,26.0,91.0
2019-01-05 00:00:00+00:00,1158975656.0,1.16359368374e-05,0.0447013732079,25100964.0,68.49070739746094,126.37996155023575,2.1847881078720093,25.337762236595154,8.508121013641357,19.853883266448975,20.091538190841675,21.830479681491852,78.21475118398666,0.7087855935096741,15.44349318742752,3.8170759081840515,0.7994555830955505,2.192649185657501,468.0,802.0,22.0,147.0,148.0,37.0,151.0
2019-01-06 00:00:00+00:00,1277183981.0,1.20785529356e-05,0.0492606358762,51366407.0,94.4385957121849,67.53039568662643,2.2664106488227844,34.58289283514023,37.65875041484833,15.680847465991974,25.594986021518707,31.375524938106537,58.25793677568436,0.9843767285346985,20.240245580673218,8.0986368060112,0.0,7.989401578903198,616.0,627.0,35.0,203.0,293.0,27.0,177.0
2019-01-07 00:00:00+00:00,1244393599.0,1.1934634476000001e-05,0.0479959198472,45688430.0,52.698897421360016,82.95127934217453,0.8040870428085327,44.15902328491211,6.276455879211426,12.570988893508911,15.769536018371582,21.150514900684357,62.09905123710632,0.0,33.00451457500458,2.546474039554596,0.7136893272399902,6.30436372756958,406.0,617.0,11.0,258.0,120.0,31.0,147.0
2019-01-08 00:00:00+00:00,1258115425.0,1.2039126524800002e-05,0.0485251669257,34626382.0,92.6542341709137,150.82822501659393,1.4895876049995422,53.77381074428558,16.199407756328583,22.435391068458557,31.678188025951385,30.618229568004608,71.28315538167953,2.432056427001953,21.14062112569809,3.8273308873176575,3.3503124713897705,12.675466775894165,481.0,935.0,13.0,208.0,137.0,56.0,214.0
2019-01-09 00:00:00+00:00,1354268228.0,1.2945898019697658e-05,0.052233754129,55454676.0,112.72009545564651,109.58977890014648,5.270075261592865,68.38050526380539,25.863298773765564,15.484755456447601,26.408263504505157,65.7163844704628,82.32781285047531,7.44099897146225,32.70184302330017,10.688942730426788,0.8539460301399231,13.65970104932785,855.0,873.0,87.0,242.0,359.0,31.0,177.0
2019-01-10 00:00:00+00:00,1154512657.0,1.21309857259e-05,0.0445292365797,91162431.0,80.1289913058281,72.31822782754898,2.2021483778953552,48.35923784971237,27.999811589717865,18.682812452316284,18.736370861530304,35.93255752325058,55.55280131101608,2.3662806153297424,21.821002542972565,13.849117994308472,1.517018437385559,6.986385107040405,661.0,597.0,29.0,251.0,304.0,35.0,166.0
2019-01-11 00:00:00+00:00,1144607284.0,1.1997204220099999e-05,0.0441471890388,35963010.0,52.06945914030075,93.82318013906479,0.8160104751586914,43.59332126379013,5.339746594429016,6.833657443523407,18.43777722120285,25.31452214717865,46.30918741226196,1.5535390377044678,20.95387953519821,1.6310455203056335,3.921007215976715,4.031765460968018,402.0,623.0,23.0,213.0,81.0,28.0,144.0
2019-01-12 00:00:00+00:00,1133124202.0,1.1953158128000002e-05,0.0437042897333,18224445.0,65.6918780207634,119.67421692609787,0.0,60.158876955509186,5.892323136329651,14.707341015338898,25.983476877212524,20.56955176591873,72.36989170312881,0.0,23.5979665517807,1.7358882427215576,1.4843471050262451,6.304036855697632,411.0,797.0,9.0,248.0,99.0,44.0,186.0
2019-01-13 00:00:00+00:00,1043328639.0,1.13620538778e-05,0.0402408995018,21758341.0,57.00032138824463,65.73501592874527,1.5517343282699585,48.41416645050049,5.338395535945892,11.379622161388397,19.682306826114655,25.84847140312195,41.68815743923187,1.6431231498718262,33.43655848503113,6.224698066711426,3.186202049255371,7.732819378376007,400.0,401.0,15.0,292.0,115.0,40.0,163.0
2019-01-14 00:00:00+00:00,1142310311.0,1.19128651487e-05,0.0440585954382,30269130.0,58.629340410232544,107.09400761127472,1.4250409603118896,37.4332150220871,5.181602358818054,9.681649148464203,15.270291090011597,23.457109689712524,68.30324774980545,0.7035027742385864,19.015367567539215,3.6437761783599854,0.0,7.336574196815491,2074.0,2604.0,5.0,178.0,102.0,21.0,152.0
2019-01-15 00:00:00+00:00,1109675223.0,1.1788404739311315e-05,0.0427998690254,24488607.0,56.50076246261597,62.77685981988907,1.5033624172210693,49.3103609085083,6.401481628417969,12.44859492778778,18.104416608810425,19.531117022037506,42.812559485435486,0.7498541474342346,20.543500661849976,4.1109499335289,4.188743054866791,3.951949179172516,910.0,1108.0,13.0,246.0,69.0,31.0,171.0
2019-01-16 00:00:00+00:00,1161064129.0,1.2253406298908806e-05,0.0447819250105,35481025.0,65.47757768630981,95.90676385164261,0.0,52.01814579963684,7.390180170536041,29.774575412273407,16.828940629959106,23.51514720916748,47.11587727069855,2.460002362728119,17.791154503822327,4.200487017631531,3.206173539161682,3.646713078022003,420.0,624.0,17.0,202.0,135.0,68.0,158.0
2019-01-17 00:00:00+00:00,1174964368.0,1.23284566161e-05,0.0453180534507,38222964.0,54.11447215080261,62.67104595899582,1.4964945316314697,30.291354060173035,14.867760181427002,9.63894385099411,23.057609915733337,22.765632271766663,28.314345598220825,0.0,10.85472309589386,10.114625573158264,2.9337217807769775,10.586393117904663,467.0,464.0,11.0,158.0,201.0,31.0,147.0
2019-01-18 00:00:00+00:00,1148980461.0,1.2123076873700001e-05,0.0443158612934,18937099.0,54.760671615600586,51.29613536596298,0.0,38.834949016571045,6.297918379306793,14.821397542953491,21.841516494750977,21.312853634357452,39.06738305091858,0.8414301872253418,8.95731270313263,5.901563942432404,3.447637140750885,5.362141728401184,362.0,342.0,12.0,147.0,94.0,47.0,165.0
2019-01-19 00:00:00+00:00,1186172182.0,1.22748786154e-05,0.04575033577,23657401.0,66.5809576511383,57.2899107336998,1.4765113592147827,37.825514018535614,9.903642416000366,13.196792244911194,26.570275127887726,16.133017480373383,18.170891165733337,1.4518452286720276,11.050529539585114,4.870490312576294,1.8285691738128662,4.549807071685791,389.0,316.0,11.0,191.0,119.0,32.0,160.0
2019-01-20 00:00:00+00:00,1127226431.0,1.20870663817e-05,0.0434768143023,26755021.0,34.170876920223236,51.07510960102081,0.0,27.764292895793915,5.762575089931488,4.717046499252319,14.319627463817596,13.001397728919983,60.863861441612244,0.0,10.786516785621643,4.090740919113159,0.9079886674880981,3.679655611515045,271.0,460.0,2.0,127.0,105.0,14.0,118.0
2019-01-21 00:00:00+00:00,1113446891.0,1.2009846002954196e-05,0.0429453412257,16591981.0,61.86310362815857,41.20592558383942,3.0378361344337463,17.631696820259094,15.752733886241913,7.90222293138504,27.92642343044281,19.21439892053604,29.42478048801422,0.7184516191482544,12.111937463283539,8.066572725772858,0.7983947992324829,3.8480780124664307,333.0,303.0,9.0,123.0,112.0,21.0,167.0
2019-01-22 00:00:00+00:00,1129838202.0,1.2091206748700001e-05,0.0435775496006,22963399.0,53.026657700538635,42.16196954250336,2.351618468761444,26.949346601963043,33.12392318248749,2.5495956540107727,11.26786321401596,12.189645648002625,16.77929127216339,0.0,15.69445013999939,9.08386081457138,1.5898948311805725,3.795312225818634,340.0,236.0,9.0,144.0,255.0,10.0,130.0
2019-01-23 00:00:00+00:00,1112274744.0,1.19750746614e-05,0.0429001318514,15241102.0,79.25537651777267,78.67780607938766,0.0,40.84168440103531,23.325023770332336,15.61075735092163,47.27290898561478,24.007811665534973,35.472203969955444,0.0,17.96983975172043,0.8354554772377014,7.103840410709381,7.064203679561615,412.0,507.0,0.0,204.0,191.0,45.0,205.0
2019-01-24 00:00:00+00:00,1115551801.0,1.19478861996e-05,0.043026527056,12440167.0,45.70222395658493,100.05553203821182,0.7625563740730286,22.73004138469696,5.598401129245758,13.898134529590607,18.615954220294952,16.52282989025116,51.20093232393265,0.7192330360412598,9.678203284740448,6.444811642169952,1.5562386512756348,4.442742764949799,284.0,629.0,10.0,133.0,66.0,28.0,159.0
2019-01-25 00:00:00+00:00,1106660204.0,1.1856396987734513e-05,0.0426835805447,12659336.0,37.89622187614441,91.72319447994232,0.7435372471809387,23.46969509124756,6.0175477266311646,10.003927826881409,13.473216474056244,10.126517236232758,46.57102859020233,0.0,9.759324550628662,0.7896488308906555,1.7194241285324097,5.315450668334961,291.0,596.0,4.0,143.0,79.0,22.0,181.0
2019-01-26 00:00:00+00:00,1105756797.0,1.1850780641200001e-05,0.0426487364158,13550563.0,32.678170680999756,51.37104922533035,0.0,28.741396009922028,3.4356800317764282,5.411610662937164,18.291037142276764,16.63085186481476,12.612062871456146,0.0,15.69467967748642,0.0,1.4565287232398987,6.019523084163666,269.0,224.0,1.0,152.0,70.0,25.0,150.0
2019-01-27 00:00:00+00:00,1067363755.0,1.15027869294e-05,0.0411679273154,20835106.0,37.35582822561264,62.33574849367142,0.8173930644989014,40.69346213340759,8.038177907466888,3.917806327342987,17.961377501487732,18.744781136512756,38.73453801870346,2.578653395175934,24.618949592113495,1.7938422560691833,0.0,2.337510406970978,352.0,478.0,9.0,259.0,122.0,13.0,106.0
2019-01-28 00:00:00+00:00,1005243461.0,1.11834393695e-05,0.0387719646253,30041137.0,43.95255607366562,85.69048321247101,3.1445038318634033,31.647980391979218,5.6593780517578125,6.2610005140304565,11.608515560626984,18.818223416805267,33.96162682771683,0.0,28.438895285129547,4.853792071342468,0.0,4.481400489807129,286.0,548.0,12.0,173.0,112.0,15.0,107.0
2019-01-29 00:00:00+00:00,991726129.0,1.1102041810900001e-05,0.0382506048174,19526239.0,39.20613485574722,69.48564392328262,0.8289852738380432,35.40407592058182,2.3884825110435486,15.712823033332825,15.176076292991638,12.038053393363953,37.50499588251114,1.6632894277572632,14.376799166202545,0.8759598135948181,2.375420331954956,4.837447702884674,280.0,432.0,9.0,163.0,97.0,40.0,125.0
2019-01-30 00:00:00+00:00,1028152445.0,1.13823684786e-05,0.0396555578356,26151501.0,35.859623670578,32.66909432411194,0.0,20.204703152179718,4.985048413276672,9.098714232444763,17.250953376293182,7.337592542171478,16.79012566804886,0.0,9.026179730892181,3.152253806591034,0.8414761424064636,0.0,251.0,205.0,0.0,100.0,83.0,24.0,136.0
2019-01-31 00:00:00+00:00,994926537.0,1.1111453875599999e-05,0.0383740437046,22222102.0,53.083412647247314,85.99721258878708,0.0,35.598252058029175,6.213385581970215,7.863798499107361,21.059339106082916,14.65521639585495,43.49070578813553,0.0,8.404604971408844,0.0,3.318557322025299,5.4754557609558105,343.0,519.0,2.0,157.0,108.0,23.0,169.0
2019-02-01 00:00:00+00:00,1002816587.0,1.10972015393e-05,0.0386783607626,18778624.0,56.76294481754303,60.353286027908325,0.0,54.480992913246155,18.322846233844757,7.887505650520325,24.045076608657837,17.56708174943924,22.465770542621613,0.0,13.525907814502716,0.88660728931427,1.489953637123108,8.176984012126923,320.0,386.0,1.0,205.0,111.0,17.0,176.0
2019-02-02 00:00:00+00:00,1019386720.0,1.11787720906e-05,0.039317466249,12312316.0,45.469296753406525,67.96632415056229,0.0,20.890222430229187,4.629329085350037,4.65418928861618,30.157517433166504,13.039615631103516,34.0638473033905,0.7855924367904663,17.14834088087082,0.0,0.8982322812080383,2.493031620979309,284.0,413.0,5.0,126.0,59.0,13.0,169.0
2019-02-03 00:00:00+00:00,986551110.0,1.0991520517485827e-05,0.038051005762,12943203.0,39.244581401348114,63.353973388671875,0.0,35.04270428419113,3.1201968789100647,7.323610484600067,14.817399680614471,9.01853334903717,30.650468468666077,0.0,11.34921246767044,1.4895780682563782,0.0,3.150097370147705,195.0,346.0,1.0,149.0,92.0,12.0,106.0
2019-02-04 00:00:00+00:00,981529402.0,1.09333003143e-05,0.0378573198474,12233073.0,47.53619736433029,84.31045597791672,0.7078244686126709,39.00296825170517,12.685238718986511,5.843138098716736,12.604630410671234,22.386956214904785,31.555234730243683,0.0,25.518354177474976,2.496129631996155,2.4540603160858154,6.163626134395599,274.0,377.0,4.0,207.0,95.0,19.0,116.0
2019-02-05 00:00:00+00:00,982536658.0,1.09238478271e-05,0.0378961694487,13348305.0,50.544035613536835,88.58647644519806,0.7367125153541565,23.488658487796783,3.216264843940735,9.477536499500275,20.43401128053665,14.722023904323578,23.85467290878296,0.0,20.793686032295227,2.325191080570221,2.2754421830177307,3.1320571899414062,300.0,483.0,5.0,181.0,99.0,17.0,134.0
2019-02-06 00:00:00+00:00,950565913.0,1.07595216105e-05,0.0366630665917,17351383.0,61.86929655075073,119.69590932130814,3.53420752286911,38.44058293104172,3.2705698013305664,20.920660436153412,18.778365671634674,27.64917403459549,44.29688274860382,0.7017967700958252,24.62382024526596,3.264944851398468,6.389531970024109,5.696885406970978,345.0,725.0,10.0,167.0,79.0,54.0,143.0
2019-02-07 00:00:00+00:00,943648356.0,1.07116052042e-05,0.0363962583152,12424740.0,47.246912121772766,112.15732204914093,0.0,30.62416249513626,3.79278302192688,8.204618573188782,21.152566254138947,14.31777685880661,100.7196746468544,0.0,17.728304088115692,4.384941458702087,1.6652629375457764,2.347280204296112,300.0,945.0,5.0,192.0,72.0,24.0,154.0
2019-02-08 00:00:00+00:00,1056553128.0,1.11203791883e-05,0.0407509644022,32705206.0,46.226078033447266,51.89938819408417,2.5209571719169617,26.55097883939743,13.09643816947937,7.957846760749817,13.518195390701294,15.696558177471161,22.506842732429504,0.7039378881454468,21.246935725212097,3.96150279045105,0.8533613681793213,6.138977348804474,298.0,318.0,8.0,165.0,127.0,22.0,126.0
2019-02-09 00:00:00+00:00,1064517700.0,1.12042212964e-05,0.041058155741,18529364.0,34.58283871412277,58.50660979747772,2.2924134731292725,20.468946754932404,6.426497519016266,13.374813497066498,12.064247906208038,17.828155279159546,39.33252024650574,2.5530737042427063,13.572987973690033,3.1850959062576294,0.75837641954422,7.963501513004303,303.0,469.0,18.0,118.0,110.0,29.0,134.0
2019-02-10 00:00:00+00:00,1110446759.0,1.1613043084500001e-05,0.0428296269776,22634046.0,37.49129897356033,51.07203668355942,1.5080727338790894,11.8285693526268,10.149208426475525,5.681691944599152,11.345854043960571,12.222739815711975,25.099617183208466,0.8463326692581177,9.981612801551819,6.540467262268066,0.8252199292182922,0.8045910000801086,282.0,355.0,8.0,87.0,144.0,9.0,102.0
2019-02-11 00:00:00+00:00,1082007682.0,1.14346876284e-05,0.0417327395674,17847243.0,40.50704610347748,49.356335401535034,0.8800363540649414,52.6595361828804,8.68221241235733,1.5939890146255493,12.805634915828705,16.944916009902954,18.765904903411865,0.0,36.168237805366516,3.4674859046936035,2.4949504137039185,3.1134966015815735,256.0,280.0,2.0,243.0,80.0,10.0,118.0
2019-02-12 00:00:00+00:00,1082479800.0,1.14528655227e-05,0.0417509490258,14893311.0,33.77512985467911,53.136492908000946,0.8336783051490784,27.9131321310997,6.276659965515137,7.712016999721527,11.810551106929779,16.25107079744339,30.316243708133698,0.0,12.547801852226257,4.916810989379883,0.8889487981796265,4.6252740025520325,253.0,357.0,1.0,109.0,108.0,15.0,112.0
2019-02-13 00:00:00+00:00,1066068502.0,1.13365224095e-05,0.0411179697531,12736279.0,40.86020112037659,50.18322831392288,0.8169352412223816,29.07419842481613,9.770337343215942,8.960258543491364,13.075436651706696,6.372467815876007,30.25351059436798,0.0,3.2639902234077454,0.0,0.9192811250686646,3.013617217540741,267.0,326.0,5.0,112.0,86.0,25.0,124.0
2019-02-14 00:00:00+00:00,1051089779.0,1.1228573635500002e-05,0.0405402445469,11428289.0,35.50151228904724,69.22113984823227,0.0,28.254207491874695,3.2848564982414246,10.14525294303894,16.199180603027344,13.524131774902344,41.01046735048294,0.0,16.169336676597595,0.7536600232124329,4.040637135505676,2.174896538257599,266.0,447.0,1.0,159.0,79.0,31.0,152.0
2019-02-15 00:00:00+00:00,1052637737.0,1.1215728459600001e-05,0.0405999488466,13336096.0,48.36554944515228,72.28389173746109,0.0,38.52609038352966,4.774926066398621,6.487784683704376,25.494012713432312,14.745624542236328,27.894731104373932,0.0,21.931568264961243,2.396177649497986,1.5530923008918762,7.6775593757629395,271.0,326.0,2.0,174.0,93.0,12.0,167.0
2019-02-16 00:00:00+00:00,1063679165.0,1.13081163383e-05,0.0410258137053,11097835.0,42.99388653039932,60.40449804067612,0.0,22.361517310142517,6.345924615859985,8.237279653549194,16.872546434402466,14.60768461227417,39.52953153848648,0.0,10.869776487350464,2.2487969994544983,0.7290852665901184,6.521044075489044,256.0,409.0,0.0,125.0,84.0,16.0,131.0
2019-02-17 00:00:00+00:00,1074721071.0,1.13046588665e-05,0.0414516969748,15275650.0,32.503211975097656,34.32589590549469,0.0,18.35731691122055,2.415900766849518,9.282306849956512,15.606791615486145,11.84511548280716,16.85431170463562,0.0,11.364925801753998,2.4237610697746277,0.8304771184921265,3.158236265182495,202.0,178.0,0.0,90.0,61.0,22.0,110.0
2019-02-18 00:00:00+00:00,1182410903.0,1.16506913855e-05,0.0456052642561,36845045.0,55.51308685541153,32.42589056491852,0.0,28.446257531642914,14.43671452999115,12.892085671424866,17.44652259349823,16.755959928035736,17.031888902187347,0.0,11.678405165672302,8.08825397491455,1.6607253551483154,0.7822266221046448,420.0,219.0,8.0,106.0,240.0,31.0,121.0
2019-02-19 00:00:00+00:00,1196753167.0,1.16812196552e-05,0.0461584414656,42563542.0,42.270582139492035,51.752622961997986,0.9295505881309509,21.187447607517242,13.201502680778503,9.638798952102661,11.62586635351181,21.193196058273315,19.323280692100525,0.828565776348114,17.593506395816803,13.115599751472473,0.0,2.3131073713302612,430.0,300.0,17.0,115.0,261.0,23.0,116.0
2019-02-20 00:00:00+00:00,1232864520.0,1.18755052043e-05,0.0475512464202,25594088.0,53.57356548309326,65.37782168388367,0.0,27.077823519706726,22.523192822933197,8.408338367938995,12.324488043785095,21.18789952993393,36.343491196632385,0.0,18.28831386566162,8.33164918422699,0.8201238512992859,5.232803761959076,359.0,400.0,8.0,124.0,191.0,17.0,111.0
2019-02-21 00:00:00+00:00,1165921114.0,1.13747502389e-05,0.0449692576357,25111686.0,38.89111763238907,70.62020683288574,0.0,18.39366614818573,14.706560611724854,6.471000134944916,16.31720107793808,19.63770031929016,59.63267773389816,0.8328400254249573,10.85654628276825,9.910146117210388,0.7240748405456543,4.509774267673492,349.0,489.0,4.0,104.0,156.0,20.0,158.0
2019-02-22 00:00:00+00:00,1196867487.0,1.15164249405e-05,0.0461628507545,17691041.0,39.524009108543396,61.4843008518219,0.0,17.372549295425415,9.989831864833832,0.0,26.749392211437225,12.299370884895325,38.321057856082916,0.8418694138526917,13.677844643592834,4.5223254561424255,0.0,5.42744642496109,309.0,417.0,1.0,114.0,125.0,3.0,155.0
2019-02-23 00:00:00+00:00,1259878821.0,1.17378654458e-05,0.0485931806141,27665132.0,55.76058512926102,62.099092960357666,1.5043703317642212,22.648497879505157,12.292978823184967,14.26661205291748,10.505151867866516,18.682345628738403,32.84731203317642,0.0,11.352650880813599,6.3085857629776,0.8820451498031616,4.093408823013306,367.0,405.0,4.0,127.0,142.0,34.0,127.0
2019-02-24 00:00:00+00:00,1100757851.0,1.11714164651e-05,0.04245592845,51650807.0,31.86002492904663,54.0839866399765,0.0,18.89153355360031,6.189711272716522,8.735177099704742,13.015179812908173,17.927581548690796,27.430860996246338,0.0,11.977941751480103,6.481139183044434,5.129788875579834,2.3535979986190796,299.0,331.0,3.0,112.0,91.0,34.0,130.0
2019-02-25 00:00:00+00:00,1141916266.0,1.1362226052299999e-05,0.0440433972195,24692109.0,40.57910394668579,121.69524991512299,0.0,25.617183923721313,0.7004765868186951,13.702967762947083,14.774046659469604,12.498113930225372,51.74626553058624,0.0,14.531323969364166,4.436492025852203,1.7138396501541138,0.7247610688209534,250.0,726.0,1.0,115.0,51.0,35.0,106.0
2019-02-26 00:00:00+00:00,1123291239.0,1.1240245096632623e-05,0.0433250350066,16637436.0,46.19031864404678,50.409982681274414,0.7710031867027283,21.28803813457489,10.811361610889435,11.853831708431244,11.855388283729553,9.927241921424866,21.51831704378128,0.0,9.274416327476501,1.6140100359916687,0.0,3.1209940910339355,230.0,273.0,1.0,85.0,49.0,24.0,105.0
2019-02-27 00:00:00+00:00,1121062477.0,1.1232991984051668e-05,0.0432390722972,18368676.0,22.176395416259766,60.69332391023636,1.5555543899536133,23.48068618774414,0.7223125696182251,3.427394211292267,7.90292501449585,13.98003214597702,11.858054876327515,0.0,13.830920994281769,0.0,0.0,4.652502238750458,213.0,361.0,4.0,150.0,27.0,7.0,111.0
2019-02-28 00:00:00+00:00,1118064551.0,1.11982143307e-05,0.0431234431261,14678619.0,34.412324130535126,48.087730288505554,1.5900627970695496,13.670214593410492,1.5157432556152344,8.791685342788696,20.899931252002716,8.741547882556915,24.040578246116638,0.0,14.260319948196411,1.717250108718872,0.7619669437408447,3.0746185183525085,233.0,315.0,16.0,118.0,37.0,25.0,131.0
2019-03-01 00:00:00+00:00,1122108425.0,1.1234298706899999e-05,0.0432794142418,12997143.0,23.933805346488953,76.88577628135681,0.7091153264045715,11.611512899398804,1.5349697470664978,10.503547489643097,7.373064696788788,12.569258689880371,46.78098678588867,0.8340990543365479,7.478450298309326,1.923270344734192,0.8691529035568237,3.747768521308899,205.0,536.0,8.0,79.0,37.0,13.0,105.0
2019-03-02 00:00:00+00:00,1110675717.0,1.1100481578e-05,0.0428384578122,11304262.0,34.47245532274246,83.40263003110886,0.0,13.42291522026062,4.043436348438263,3.9809427857398987,22.292505741119385,16.076974749565125,24.22994315624237,0.0,10.256884396076202,0.8389222621917725,2.520341992378235,6.754372656345367,214.0,475.0,1.0,86.0,42.0,20.0,113.0
2019-03-03 00:00:00+00:00,1097011089.0,1.0995677037209694e-05,0.0423114168298,11015863.0,22.195953726768494,45.02827423810959,0.0,20.064529597759247,0.0,6.556664288043976,12.466594874858856,9.209328353404999,34.19024729728699,0.0,14.184154987335205,0.0,3.486162483692169,0.7709599733352661,203.0,323.0,2.0,135.0,29.0,22.0,98.0
2019-03-04 00:00:00+00:00,1052753516.0,1.0808081942120688e-05,0.0406044144043,18485673.0,22.74638479948044,40.47531855106354,0.0,15.411951899528503,2.539949893951416,3.4017202258110046,5.894067883491516,6.360032558441162,11.506124079227448,0.0,12.629846930503845,0.7583581805229187,1.8064447045326233,0.0,188.0,188.0,0.0,106.0,37.0,10.0,87.0
2019-03-05 00:00:00+00:00,1120354028.0,1.1074941875299999e-05,0.0432117476012,20952203.0,21.09176456928253,40.38071572780609,1.6275131106376648,16.60141897201538,0.7259594798088074,6.624885022640228,5.347342014312744,11.200468003749847,26.61806720495224,0.9534180760383606,4.116081714630127,2.405640661716461,0.7578979134559631,2.413931906223297,186.0,293.0,6.0,69.0,48.0,15.0,79.0
2019-03-06 00:00:00+00:00,1110799546.0,1.09816273149e-05,0.0428432338671,15221352.0,20.8951216340065,118.99367845058441,0.0,15.737628400325775,5.473443686962128,0.722851037979126,9.142573475837708,7.172449469566345,49.356786370277405,0.7583804726600647,9.648905158042908,1.6475111842155457,3.1827316284179688,0.0,199.0,678.0,1.0,108.0,61.0,13.0,88.0
2019-03-07 00:00:00+00:00,1113412524.0,1.09927584979e-05,0.0429440156917,17201355.0,32.36339384317398,72.71837419271469,0.0,21.91129034757614,8.608112037181854,5.591892600059509,15.360505402088165,18.84886234998703,47.63308835029602,0.0,8.24809354543686,2.3395171761512756,5.040618181228638,4.913813233375549,272.0,518.0,2.0,82.0,78.0,29.0,109.0
2019-03-08 00:00:00+00:00,1106144502.0,1.0939988141999999e-05,0.042663690101,20315017.0,40.04963976144791,73.40632832050323,0.0,30.82930290699005,4.51621025800705,12.733148217201233,13.249199211597443,14.178902804851532,44.74282383918762,0.0,14.877839922904968,1.9312914609909058,3.059767961502075,0.0,275.0,594.0,6.0,151.0,89.0,36.0,97.0
2019-03-09 00:00:00+00:00,1211517757.0,1.17933108327e-05,0.0467279076469,52185658.0,71.56210595369339,82.4835519194603,0.8612670302391052,23.945337533950806,21.233478784561157,16.51019722223282,12.333015084266663,31.830026268959045,48.252130568027496,1.4964162111282349,12.419120252132416,10.062561869621277,1.4587703347206116,2.361584484577179,610.0,654.0,24.0,116.0,258.0,46.0,108.0
2019-03-10 00:00:00+00:00,1184820249.0,1.15779577581e-05,0.0456981920986,27465021.0,44.978417456150055,34.29762303829193,3.0186224579811096,33.45937263965607,8.552943110466003,6.733287572860718,17.61096215248108,19.36026567220688,36.7464924454689,0.7094090580940247,20.627523601055145,3.2202221155166626,0.0,4.682907164096832,297.0,366.0,21.0,169.0,89.0,18.0,101.0
2019-03-11 00:00:00+00:00,1234347961.0,1.2187263687203615e-05,0.0476084623273,54738136.0,86.35990118980408,78.19828057289124,5.497018575668335,28.351832568645477,42.49862730503082,9.913416862487793,14.1985382437706,52.22039246559143,42.888104021549225,3.024574935436249,9.89118242263794,32.435086607933044,3.3731439113616943,6.286191046237946,941.0,547.0,57.0,155.0,641.0,27.0,114.0
2019-03-12 00:00:00+00:00,1228861552.0,1.21416497113e-05,0.0473968530674,35348848.0,54.43879455327988,96.82076746225357,2.2954182624816895,23.604700207710266,19.680753767490387,15.77240252494812,10.050226330757141,18.04732447862625,42.2264199256897,0.0,11.616490840911865,10.009101152420044,1.5972386598587036,0.704197347164154,434.0,619.0,19.0,137.0,198.0,41.0,104.0
2019-03-13 00:00:00+00:00,1207931189.0,1.19423795801e-05,0.0465895747109,29855262.0,64.9478268623352,81.88242828845978,2.5572192072868347,35.173687517642975,17.368753790855408,15.396634578704834,12.296940445899963,31.89935463666916,25.83978307247162,4.169068872928619,18.333138048648834,13.756181418895721,0.8196864724159241,2.4081037044525146,464.0,489.0,18.0,142.0,201.0,39.0,85.0
2019-03-14 00:00:00+00:00,1245938290.0,1.2249979747099999e-05,0.0480554981726,26216581.0,71.23051381111145,95.78127497434616,0.0,25.878441512584686,14.901791870594025,22.931602776050568,10.261769533157349,22.3186514377594,33.082856357097626,0.9449702501296997,13.0327228307724,3.110147476196289,4.9072571992874146,0.700064480304718,488.0,596.0,14.0,125.0,198.0,59.0,80.0
2019-03-15 00:00:00+00:00,1298350928.0,1.26430711554e-05,0.050077039223,42730117.0,104.17638194561005,76.75579524040222,7.205284357070923,33.04959124326706,35.84272086620331,15.969017326831818,13.24417394399643,27.712178170681,24.715403497219086,3.946751832962036,12.061710596084595,13.034524977207184,2.541966736316681,5.181095778942108,745.0,489.0,73.0,149.0,362.0,51.0,102.0
2019-03-16 00:00:00+00:00,1338521125.0,1.2753169958153137e-05,0.0516263926798,44609278.0,51.713011026382446,84.19438034296036,4.893060684204102,28.203557670116425,15.455070734024048,3.7263891100883484,6.740939736366272,17.59734857082367,39.216739535331726,1.4993069767951965,7.5638275146484375,4.860657751560211,0.0,3.7811119556427,408.0,594.0,22.0,167.0,160.0,13.0,104.0
2019-03-17 00:00:00+00:00,1301710901.0,1.24942485729e-05,0.05020663247,28870444.0,38.10348951816559,106.3898691534996,1.4823455214500427,48.69827425479889,4.690944612026215,2.5635119676589966,14.188261568546295,16.40289944410324,48.73088574409485,0.0,33.85619097948074,2.6680765748023987,0.0,2.2108386754989624,309.0,728.0,11.0,238.0,88.0,4.0,108.0
2019-03-18 00:00:00+00:00,1308074595.0,1.25318356379e-05,0.0504520783892,37198857.0,46.936346650123596,53.54326832294464,3.100138247013092,35.97867667675018,5.874956488609314,13.13432651758194,9.173809826374054,14.784232020378113,20.34382313489914,1.7881125211715698,17.676865696907043,4.047349631786346,1.6750773787498474,2.2364904284477234,315.0,355.0,22.0,152.0,76.0,34.0,108.0
2019-03-19 00:00:00+00:00,1363600696.0,1.29185470611e-05,0.0525937048961,46089907.0,59.7425394654274,75.20449286699295,1.5309681296348572,52.674125015735626,14.12828665971756,12.079762876033783,11.935255408287048,24.021103382110596,37.80157458782196,0.8224825263023376,19.049579083919525,7.87205171585083,4.029666244983673,0.0,555.0,631.0,40.0,277.0,228.0,32.0,84.0
2019-03-20 00:00:00+00:00,1397240954.0,1.31954912581e-05,0.0538912004304,47370105.0,107.69001507759094,79.20325487852097,6.323392331600189,64.84867417812347,21.247265696525574,39.54274541139603,15.143275737762451,42.5262365937233,57.88618528842926,2.4014435410499573,26.929597795009613,23.227707087993622,2.5635935068130493,2.186701774597168,729.0,683.0,49.0,302.0,330.0,92.0,93.0
2019-03-21 00:00:00+00:00,1371535198.0,1.31353801533e-05,0.0528997364425,66543590.0,81.49657219648361,88.24798601865768,2.3579137325286865,60.71713650226593,38.42931550741196,20.750688076019287,18.9124037027359,39.46460258960724,42.46033716201782,4.933459162712097,25.744507491588593,17.47635453939438,0.728873610496521,3.96121346950531,663.0,619.0,78.0,268.0,307.0,59.0,108.0
2019-03-22 00:00:00+00:00,1505389455.0,1.44482140408e-05,0.0580624584189,119817467.0,251.1795539855957,136.13534182310104,15.036643385887146,53.30486822128296,134.64730566740036,51.22708523273468,10.740496277809143,106.9778311252594,73.73268264532089,11.895266830921173,25.431959629058838,61.89221680164337,2.5774996876716614,2.9666807055473328,2197.0,1107.0,152.0,276.0,1417.0,95.0,117.0
2019-03-23 00:00:00+00:00,1653644985.0,1.58213770353e-05,0.0637806335697,137854803.0,296.2861312031746,180.60979115962982,18.756026566028595,68.16060882806778,142.2991300225258,67.79645735025406,20.92316424846649,162.5416961312294,138.95983564853668,19.91184103488922,30.21719056367874,95.4350853562355,5.694140076637268,5.2552549839019775,2752.0,1760.0,186.0,278.0,1888.0,145.0,119.0
2019-03-24 00:00:00+00:00,1602247343.0,1.537426765324502e-05,0.0617982405951,102449744.0,147.90960735082626,182.32765024900436,14.561835885047913,26.30080336332321,94.99906277656555,12.674069166183472,7.846003234386444,108.97355395555496,122.94647413492203,17.370658218860626,14.4834725856781,65.9478650689125,1.7603814005851746,3.1202601194381714,1828.0,1657.0,130.0,161.0,1354.0,35.0,87.0
2019-03-25 00:00:00+00:00,1530346051.0,1.49309984489e-05,0.0590250275128,74748664.0,78.3818809390068,81.41742438077927,3.1586877703666687,39.731878221035004,46.482917964458466,12.840910255908966,3.072090268135071,55.56335383653641,36.67731446027756,5.758817732334137,18.01050704717636,34.83755677938461,0.7001743912696838,2.1647570729255676,867.0,565.0,53.0,197.0,635.0,24.0,99.0
2019-03-26 00:00:00+00:00,1617074185.0,1.5681244578999998e-05,0.0623701078294,79200005.0,103.9981923699379,61.49477022886276,7.956910312175751,32.135735630989075,61.00751894712448,9.418356359004974,11.45079255104065,59.99800390005112,30.23336410522461,2.4932836294174194,22.39049392938614,41.51313042640686,1.660576343536377,2.2219884991645813,1077.0,609.0,65.0,180.0,737.0,32.0,111.0
2019-03-27 00:00:00+00:00,1752535163.0,1.65611692234e-05,0.0675948006027,113386031.0,139.17878353595734,147.113629758358,9.330782055854797,51.844794511795044,63.998907029628754,9.256413519382477,16.731623470783234,108.87793976068497,131.83889710903168,12.339953005313873,45.91389447450638,65.66514521837234,3.4405887126922607,5.0114586353302,1532.0,1265.0,108.0,351.0,1004.0,39.0,123.0
2019-03-28 00:00:00+00:00,1706724370.0,1.6195626836099997e-05,0.065827890893,78259559.0,70.662637591362,122.8524734377861,3.1406973600387573,50.375557482242584,15.63916665315628,13.273334801197052,13.638077318668365,61.39543569087982,103.42574244737625,0.8570711016654968,49.65775769948959,25.94513463973999,5.049846768379211,4.530047416687012,681.0,1005.0,20.0,273.0,338.0,50.0,116.0
2019-03-29 00:00:00+00:00,1848311706.0,1.73473977069e-05,0.0712888756259,125904169.0,145.80379986763,153.44221913814545,14.895991921424866,47.961341381073,61.34214401245117,32.375836968421936,20.38051724433899,97.29167377948761,95.34197688102722,13.28065013885498,45.530293583869934,50.772114872932434,3.073133647441864,6.1931962966918945,1254.0,1136.0,134.0,307.0,663.0,81.0,169.0
2019-03-30 00:00:00+00:00,1859991057.0,1.75042921689e-05,0.0717393449672,94907668.0,95.9863133430481,60.243710696697235,2.985671639442444,34.094352543354034,30.74159675836563,23.025978565216064,16.684332013130188,37.46616876125336,42.33525365591049,1.8419731259346008,32.78066301345825,21.163789212703705,1.5781711339950562,1.5893391370773315,638.0,476.0,32.0,221.0,346.0,55.0,121.0
2019-03-31 00:00:00+00:00,1808312386.0,1.70195003874e-05,0.0697461128168,67772020.0,65.39682692289352,63.62305665016174,4.709401547908783,33.56189227104187,16.486061573028564,18.022787153720856,11.558440923690796,25.49664878845215,27.61066496372223,2.3726277351379395,17.90965324640274,13.934876561164856,2.3674980998039246,2.9798707365989685,509.0,414.0,28.0,143.0,269.0,45.0,125.0
2019-04-01 00:00:00+00:00,1875296477.0,1.74293218342e-05,0.0723296708073,81836246.0,55.26935315132141,104.31219816207886,0.819596529006958,18.583146333694458,16.4664106965065,11.648066937923431,8.824847400188446,28.383628368377686,77.44514632225037,1.680006504058838,18.415695786476135,9.925048112869263,0.0,2.9030685424804688,524.0,736.0,30.0,128.0,268.0,27.0,99.0
2019-04-02 00:00:00+00:00,2215912840.0,1.75312270983e-05,0.0854671505194,201276067.0,100.88281285762787,159.70976567268372,2.2190547585487366,50.83738124370575,28.295457661151886,17.91605693101883,15.845641493797302,36.353616654872894,71.51634830236435,4.091337502002716,26.688898146152496,14.208895087242126,4.3067434430122375,1.5056660175323486,690.0,1126.0,52.0,246.0,270.0,52.0,131.0
2019-04-03 00:00:00+00:00,2346873622.0,1.8208140933971537e-05,0.090518271975,300634756.0,124.14539432525635,99.01443523168564,9.713804841041565,55.44140291213989,22.910887241363525,27.165204167366028,15.662974953651428,58.648011922836304,56.0018447637558,4.900811195373535,38.69782269001007,11.432395100593567,4.765074133872986,1.5899487137794495,1028.0,954.0,102.0,380.0,299.0,75.0,124.0
2019-04-04 00:00:00+00:00,2265240086.0,1.77803500057e-05,0.087369688883,182769802.0,93.69027531147003,106.72442591190338,2.359129786491394,35.1815048456192,25.761158645153046,18.286554157733917,24.43081670999527,51.445641338825226,68.84625285863876,3.4804068207740784,45.06401586532593,9.482088804244995,5.783716440200806,2.2876240015029907,550.0,756.0,19.0,300.0,126.0,58.0,171.0
2019-04-05 00:00:00+00:00,2365234816.0,1.81152542546e-05,0.0912264582097,122685904.0,32.33275383710861,47.71122419834137,1.563800036907196,22.64229828119278,4.054584264755249,7.25421679019928,9.486010670661926,20.836483776569366,24.085738837718964,0.7979215979576111,15.66865748167038,1.4441065788269043,1.6502997279167175,6.706563949584961,329.0,403.0,9.0,169.0,81.0,21.0,131.0
2019-04-06 00:00:00+00:00,2340932225.0,1.78547694589e-05,0.0902891139308,114652737.0,37.041239500045776,76.25166517496109,0.0,22.56154829263687,3.105494499206543,7.7239038944244385,10.605140805244446,11.576843321323395,45.15880811214447,0.7725458741188049,5.131786942481995,0.7300223112106323,0.8109381198883057,4.938634514808655,282.0,537.0,8.0,106.0,69.0,14.0,121.0
2019-04-07 00:00:00+00:00,2345996894.0,1.74292072108e-05,0.0904844568153,100804121.0,46.86956739425659,49.7107498049736,1.4201788902282715,36.07761359214783,7.235172212123871,4.946064651012421,18.369503617286682,15.161001563072205,33.76143980026245,0.7661579251289368,9.69035255908966,2.313645839691162,0.7370963096618652,4.785152554512024,341.0,376.0,15.0,140.0,103.0,12.0,145.0
2019-04-08 00:00:00+00:00,2255876188.0,1.64664891559e-05,0.0870085259027,134978650.0,58.531197130680084,64.92876714468002,2.4492250084877014,35.97391891479492,11.283281564712524,10.670315563678741,16.83286142349243,35.5980726480484,32.60859799385071,1.5056990385055542,18.76996922492981,9.74930626153946,2.9761564135551453,10.229286670684814,540.0,463.0,22.0,225.0,194.0,48.0,175.0
2019-04-09 00:00:00+00:00,2172140563.0,1.6095972285051554e-05,0.0837788658047,122931722.0,73.84434461593628,93.61845779418945,0.0,39.49289667606354,18.182812333106995,16.5974902510643,20.733592331409454,31.077022671699524,54.22755300998688,0.0,13.882851839065552,5.185474634170532,3.4793165922164917,11.566526591777802,524.0,650.0,15.0,188.0,157.0,54.0,172.0
2019-04-10 00:00:00+00:00,2332498044.0,1.6931931118799997e-05,0.08996380986,131422301.0,84.87198835611343,107.50937759876251,3.911740303039551,39.16212058067322,9.643772840499878,17.348302841186523,22.02984356880188,29.60228055715561,60.00116449594498,1.5275112390518188,10.410728752613068,8.946908056735992,5.083583891391754,1.50713449716568,550.0,708.0,24.0,204.0,201.0,58.0,136.0
2019-04-11 00:00:00+00:00,2161932600.0,1.64874310942e-05,0.0833851474769,163656337.0,53.06403589248657,53.94123339653015,0.7389436960220337,29.378491818904877,21.928856909275055,7.045937180519104,10.041495144367218,17.521459579467773,34.70800220966339,0.8511828780174255,18.005713999271393,9.086080551147461,0.0,0.8849138617515564,383.0,455.0,12.0,194.0,166.0,17.0,119.0
2019-04-12 00:00:00+00:00,2163952242.0,1.6422008540799998e-05,0.0834630445317,110371615.0,46.82197606563568,45.910272657871246,2.5918407440185547,33.64054012298584,5.29662024974823,12.279563307762146,7.991327345371246,12.038926780223846,16.655860543251038,0.7778716087341309,13.952148735523224,3.046630859375,3.4324870705604553,1.57725989818573,279.0,307.0,8.0,134.0,109.0,30.0,90.0
2019-04-13 00:00:00+00:00,2170900031.0,1.64691311735e-05,0.0837310188416,71755835.0,78.72963398694992,43.94810026884079,0.0,33.337447702884674,45.34479933977127,6.6228819489479065,9.181550323963165,47.9487464427948,36.675143122673035,0.955311119556427,26.011933386325836,28.850965917110443,4.2835259437561035,2.29828017950058,754.0,361.0,1.0,165.0,560.0,26.0,116.0
2019-04-14 00:00:00+00:00,2194550263.0,1.64269917691e-05,0.0846432018121,82514758.0,44.65820211172104,67.11443495750427,0.7850712537765503,24.570422768592834,8.228350400924683,6.758370101451874,13.014887630939484,14.42834359407425,25.44597989320755,1.587624192237854,11.619387686252594,4.939056694507599,1.561564028263092,1.532460629940033,369.0,446.0,6.0,133.0,146.0,16.0,130.0
2019-04-15 00:00:00+00:00,2133983895.0,1.62997644697e-05,0.0823071735999,73555913.0,38.95224565267563,37.09666895866394,0.0,19.106114089488983,4.639517307281494,7.260687232017517,19.72820496559143,13.670061945915222,12.971765160560608,0.0,9.292484521865845,1.5674734115600586,2.3629523515701294,9.180216193199158,297.0,263.0,3.0,117.0,91.0,23.0,166.0
2019-04-16 00:00:00+00:00,2172245015.0,1.60539621283e-05,0.0837828944894,65962870.0,42.775962233543396,61.93728321790695,0.0,23.238462209701538,3.652163505554199,12.940088987350464,14.806205987930298,25.87710988521576,28.434135377407074,0.0,12.675286293029785,1.5106887221336365,4.502796828746796,16.153858304023743,314.0,412.0,8.0,117.0,61.0,33.0,167.0
2019-04-17 00:00:00+00:00,2153869869.0,1.5877282994000003e-05,0.0830741701387,66210752.0,77.6507413983345,161.0265492796898,2.4310340881347656,53.60962188243866,11.692496418952942,22.16950249671936,18.720236659049988,32.99744611978531,56.298544108867645,0.8259128928184509,32.02981424331665,9.857136011123657,5.6825220584869385,4.5905762910842896,538.0,1006.0,26.0,288.0,188.0,58.0,117.0
2019-04-18 00:00:00+00:00,2119243208.0,1.5427754863099898e-05,0.0817386293044,70056802.0,64.21259355545044,174.02348923683167,2.459881842136383,58.14963483810425,11.896233201026917,16.650936722755432,16.059991538524628,24.378630340099335,97.12975060939789,0.0,22.537394165992737,6.303161144256592,1.8937031626701355,1.5862191915512085,405.0,1269.0,10.0,284.0,133.0,38.0,82.0
2019-04-19 00:00:00+00:00,2061207560.0,1.5040252218400001e-05,0.0795002102925,82646736.0,70.14758068323135,348.22613471746445,0.8047134876251221,103.6757681965828,22.967237889766693,6.5456491112709045,10.736157298088074,39.47425585985184,226.73733115196228,1.6084481477737427,83.14430171251297,13.52998012304306,1.671667456626892,1.5204187035560608,625.0,2340.0,18.0,678.0,263.0,21.0,87.0
2019-04-20 00:00:00+00:00,1984868258.0,1.4347368977080252e-05,0.0765558243421,77405914.0,65.6933895945549,138.64992552995682,0.7075749635696411,43.23878353834152,29.16160398721695,9.123387217521667,7.051535248756409,53.11899209022522,94.86421060562134,1.5420687794685364,28.548199951648712,24.480399131774902,2.28354811668396,1.5500125288963318,649.0,964.0,15.0,263.0,357.0,39.0,82.0
2019-04-21 00:00:00+00:00,1921361011.0,1.39988054e-05,0.0741063672707,89301951.0,61.874355494976044,170.82105684280396,4.714743435382843,70.31377106904984,20.46630960702896,8.970979988574982,7.625540554523468,42.71518963575363,85.2958973646164,4.694835782051086,63.79827743768692,11.293124914169312,3.7961387634277344,3.0256505608558655,580.0,1087.0,30.0,481.0,268.0,26.0,94.0
2019-04-22 00:00:00+00:00,2023336836.0,1.45259057119e-05,0.0780395468688,90476347.0,79.90893876552582,226.7303655743599,3.214438796043396,64.80558252334595,14.524749517440796,17.781071305274963,18.860242903232574,29.719416737556458,99.4280378818512,1.6526864171028137,33.20330047607422,8.825153410434723,0.7890966534614563,7.259361684322357,634.0,1301.0,20.0,311.0,283.0,37.0,133.0
2019-04-23 00:00:00+00:00,1932178856.0,1.34362039043e-05,0.0745236085894,100698845.0,64.06385773420334,127.67326307296753,0.7586873769760132,55.321733474731445,27.461508572101593,7.126600444316864,10.026334941387177,43.14598661661148,59.235440611839294,0.0,22.98356783390045,34.98822796344757,0.0,1.5542491674423218,690.0,717.0,32.0,309.0,443.0,12.0,107.0
2019-04-24 00:00:00+00:00,1883467317.0,1.33498779259e-05,0.0726448179004,90318024.0,77.6421634554863,91.93018132448196,12.220305681228638,47.96475875377655,31.106006979942322,7.531088650226593,10.25035184621811,40.598728001117706,43.76140630245209,6.492303252220154,15.408559679985046,13.858350455760956,2.8952064514160156,6.070625066757202,659.0,616.0,75.0,223.0,392.0,28.0,97.0
2019-04-25 00:00:00+00:00,1795286337.0,1.3374317114000001e-05,0.0692437016579,96537993.0,66.85921376943588,77.2106596827507,0.7442731857299805,24.83340036869049,34.19381505250931,14.101236343383789,8.551190555095673,19.10890483856201,47.347633838653564,3.344081163406372,8.89302545785904,1.8083463907241821,0.0,3.3712631464004517,505.0,540.0,20.0,111.0,287.0,34.0,115.0
2019-04-26 00:00:00+00:00,1794657445.0,1.31618074965e-05,0.0692194454956,83227767.0,37.535815477371216,52.07903617620468,0.7666478753089905,33.42221009731293,3.6767131090164185,11.004507422447205,13.016156017780304,27.93779581785202,29.263489603996277,0.9846400022506714,11.365600824356079,5.58592963218689,5.8216859102249146,4.833260178565979,325.0,314.0,13.0,137.0,118.0,32.0,115.0
2019-04-27 00:00:00+00:00,1819804055.0,1.3314248838603963e-05,0.0701893433008,50148454.0,47.240454494953156,79.09428083896637,8.971919178962708,33.587046444416046,11.0293208360672,3.8769888281822205,9.365184247493744,24.255996108055115,21.73134273290634,5.014598071575165,19.07524746656418,4.726816236972809,1.5667763948440552,4.5793479681015015,396.0,409.0,57.0,165.0,138.0,23.0,101.0
2019-04-28 00:00:00+00:00,1779118430.0,1.2983596043315955e-05,0.0686201099155,42992445.0,42.85229080915451,53.15500444173813,0.7239295840263367,16.395636081695557,12.710647761821747,3.342584252357483,12.29516190290451,17.397307693958282,35.111961245536804,1.5320074558258057,10.943291783332825,3.1588111519813538,2.426194131374359,1.6663506031036377,332.0,385.0,10.0,114.0,149.0,14.0,104.0
2019-04-29 00:00:00+00:00,1675705397.0,1.2333683879799999e-05,0.0646314976144,69287156.0,32.76441776752472,53.058403968811035,1.5301144123077393,17.111736714839935,13.205740809440613,3.753287971019745,9.618173718452454,17.127020299434662,48.25153332948685,2.3345125317573547,10.401683568954468,6.002146661281586,0.0,3.7188658714294434,389.0,499.0,14.0,107.0,186.0,13.0,125.0
2019-04-30 00:00:00+00:00,1823858101.0,1.3149763650799999e-05,0.0703457067693,62990602.0,37.248472809791565,104.90401631593704,1.6350312232971191,25.388993084430695,10.69929975271225,6.722594261169434,11.666118443012238,18.95217216014862,57.6539152264595,2.4839126467704773,15.34387719631195,5.7749693393707275,1.6245077848434448,1.4424025416374207,396.0,717.0,36.0,130.0,186.0,16.0,118.0
2019-05-01 00:00:00+00:00,1789340577.0,1.2783256359799999e-05,0.0690143753398,58865338.0,59.36989963054657,112.39598220586777,0.9644473195075989,37.83814686536789,13.377496361732483,4.606770396232605,20.75244301557541,11.364517092704773,74.21094733476639,0.7305962443351746,14.871855795383453,2.399039924144745,0.0,1.5553279519081116,364.0,826.0,16.0,200.0,122.0,12.0,136.0
2019-05-02 00:00:00+00:00,1778049850.0,1.24621777721e-05,0.068578895091,55122570.0,40.206995725631714,74.42795819044113,0.0,30.761170744895935,14.116892635822296,4.848208248615265,13.552432119846344,23.94540125131607,31.88845032453537,0.0,22.626314759254456,4.8172091245651245,1.593282401561737,4.557905197143555,373.0,389.0,9.0,203.0,145.0,16.0,110.0
2019-05-03 00:00:00+00:00,1811204684.0,1.20973831516e-05,0.0698576679324,77726743.0,68.58307248353958,101.7137662768364,4.751134693622589,45.45207965373993,13.952945947647095,11.100650429725647,15.98961067199707,29.64433044195175,53.247261703014374,1.683169960975647,22.58103448152542,11.945107460021973,3.970400810241699,0.0,475.0,604.0,27.0,284.0,149.0,42.0,108.0
2019-05-04 00:00:00+00:00,1734006639.0,1.1464436224100002e-05,0.0668801605354,75467766.0,42.6976335644722,77.51445865631104,0.0,34.116830348968506,14.188234567642212,7.314637124538422,6.161473512649536,19.512876749038696,48.183589935302734,2.4859460592269897,21.116401314735413,4.316636681556702,0.0,0.0,400.0,467.0,13.0,195.0,180.0,21.0,96.0
2019-05-05 00:00:00+00:00,1714978393.0,1.1428234469700001e-05,0.0661462463062,49098472.0,45.71344083547592,114.51707327365875,0.7711833119392395,36.3917738199234,11.449245989322662,12.145238220691681,6.9796142578125,22.060642957687378,48.69409531354904,1.6235591769218445,23.11088091135025,10.028920412063599,1.614759624004364,0.0,458.0,624.0,13.0,171.0,261.0,25.0,85.0
2019-05-06 00:00:00+00:00,1730874027.0,1.1616770228659929e-05,0.0667593365073,60276621.0,50.73264306783676,91.86132818460464,7.480777859687805,30.53827393054962,13.51488208770752,8.793380737304688,9.248514354228973,19.007801175117493,39.81187862157822,3.678577244281769,14.476741015911102,6.726037859916687,0.8365163803100586,0.7061949372291565,439.0,544.0,49.0,183.0,205.0,23.0,93.0
2019-05-07 00:00:00+00:00,1660270103.0,1.09736484606e-05,0.0640361625551,53650713.0,75.68680608272552,62.5039022564888,3.15792316198349,39.48865908384323,10.561760067939758,32.00522828102112,13.966831982135773,23.398025631904602,33.990815460681915,1.6573943495750427,27.741880297660828,10.550008952617645,0.0,1.4473872780799866,407.0,415.0,20.0,221.0,172.0,50.0,96.0
2019-05-08 00:00:00+00:00,1675057090.0,1.08014001141e-05,0.0646064925899,40605280.0,46.172326505184174,82.47002047300339,0.8372988700866699,39.154267609119415,9.010796070098877,14.622507810592651,12.313079178333282,20.15562003850937,45.77019137144089,0.0,40.33700090646744,5.485751807689667,0.9252819418907166,2.490486741065979,329.0,446.0,9.0,280.0,124.0,32.0,93.0
2019-05-09 00:00:00+00:00,1599479075.0,9.99816496465e-06,0.0616914692682,60306852.0,59.211830735206604,115.9842478632927,5.442601442337036,33.44574910402298,22.1734516620636,8.358399868011475,6.48406046628952,55.56657600402832,40.67722052335739,20.89187979698181,11.808364808559418,22.875708878040314,3.257926046848297,0.0,567.0,603.0,85.0,185.0,282.0,34.0,65.0
2019-05-10 00:00:00+00:00,1644492023.0,9.95885338021e-06,0.0634276063264,87926145.0,46.32113039493561,82.36304748058319,5.0227439403533936,29.37732034921646,14.558481395244598,4.503406882286072,8.789201378822327,36.88791310787201,51.47067254781723,2.182726562023163,13.372844696044922,19.27983558177948,0.7647294998168945,3.517362058162689,511.0,504.0,48.0,123.0,282.0,10.0,87.0
2019-05-11 00:00:00+00:00,1948954437.0,1.04726979253e-05,0.0751706381505,187252193.0,75.35700386762619,79.05713373422623,3.128290832042694,19.991881608963013,22.186814308166504,16.24505305290222,19.300633788108826,39.686645686626434,61.65027844905853,4.012818396091461,15.866273403167725,13.986819684505463,1.6439974308013916,3.5762799978256226,741.0,757.0,64.0,127.0,333.0,42.0,117.0
2019-05-12 00:00:00+00:00,1817119314.0,1.00620763007e-05,0.0700857936176,141023789.0,74.95044553279877,106.09527003765106,3.9340946674346924,22.69796198606491,18.98609495162964,5.723714888095856,34.34544712305069,24.61852902173996,58.919947147369385,3.3094382882118225,8.89094364643097,4.083874881267548,2.3223787546157837,3.14848792552948,407.0,747.0,30.0,99.0,141.0,21.0,142.0
2019-05-13 00:00:00+00:00,1894538318.0,9.34386332855e-06,0.0730718233697,124764722.0,68.4612848162651,126.04555428028107,3.0584368109703064,32.393405973911285,23.615402042865753,23.407889187335968,14.498803973197937,28.150297582149506,77.25618308782578,4.156845271587372,16.25778979063034,6.468311309814453,0.9342255592346191,3.0837442278862,481.0,970.0,39.0,148.0,172.0,49.0,110.0
2019-05-14 00:00:00+00:00,2190969358.0,1.0575019269599999e-05,0.0845050872719,192076841.0,90.1047238111496,98.43924701213837,6.194389700889587,30.181937098503113,6.509009420871735,38.92856979370117,13.533097445964813,22.85382306575775,47.89686322212219,3.283096969127655,22.927949845790863,6.403187930583954,1.7258256673812866,1.5480831265449524,532.0,739.0,63.0,186.0,166.0,74.0,95.0
2019-05-15 00:00:00+00:00,2435864141.0,1.14468704193e-05,0.0939506118889,207490352.0,85.20330154895782,84.3058345913887,0.0,81.25406467914581,20.42553997039795,23.519341468811035,6.818844735622406,39.09073305130005,50.719753444194794,0.8273292779922485,43.421362221241,3.9548696279525757,4.847504019737244,6.55462110042572,670.0,594.0,32.0,458.0,248.0,57.0,102.0
2019-05-16 00:00:00+00:00,2285757763.0,1.1190229089899999e-05,0.0881610500435,270983571.0,49.344941556453705,57.145452320575714,5.480231165885925,28.725686073303223,15.98745983839035,14.802135527133942,7.542840778827667,26.332550048828125,28.600564062595367,0.0,21.4283846616745,5.350597500801086,2.492072105407715,3.5560383200645447,420.0,404.0,32.0,156.0,158.0,33.0,103.0
2019-05-17 00:00:00+00:00,2158684319.0,1.1376765471099998e-05,0.0832598621737,208531469.0,45.887933790683746,52.10882806777954,4.5745627880096436,22.781986474990845,5.35634982585907,8.715443432331085,17.998530089855194,22.804684102535248,27.123338043689728,0.9262938499450684,23.306965053081512,3.11378276348114,0.0,8.615960359573364,358.0,354.0,23.0,186.0,108.0,29.0,129.0
2019-05-18 00:00:00+00:00,2049864323.0,1.0878248080026524e-05,0.0790627047554,116256533.0,35.20508277416229,74.0302385687828,0.7747382521629333,22.52161306142807,3.4034558534622192,5.597837030887604,12.073694229125977,11.842781841754913,30.921354949474335,0.0,19.01330715417862,1.5546686053276062,2.6938477158546448,0.7109829783439636,290.0,416.0,9.0,140.0,83.0,19.0,117.0
2019-05-19 00:00:00+00:00,2255549028.0,1.06096980643e-05,0.0869959074136,145752504.0,42.75198674201965,101.62987446784973,0.8454657196998596,27.395839512348175,6.117232143878937,5.524284839630127,22.043432474136353,11.285553455352783,38.24889671802521,0.0,12.121018946170807,3.1718106269836426,0.0,1.579431414604187,338.0,567.0,12.0,142.0,97.0,10.0,133.0
2019-05-20 00:00:00+00:00,2199862356.0,1.06409082376e-05,0.0848480877728,133738559.0,50.03319585323334,72.87616300582886,0.8419740796089172,40.93085277080536,4.318131685256958,9.13463544845581,20.726223945617676,22.842368960380554,34.577749848365784,2.332439363002777,15.288547694683075,7.732849180698395,2.4540677666664124,5.459438502788544,410.0,447.0,11.0,193.0,149.0,35.0,125.0
2019-05-21 00:00:00+00:00,2193873581.0,1.0640422308099999e-05,0.0846171023526,97465476.0,66.88106936216354,78.15787446498871,0.7084529399871826,45.47376096248627,20.539506435394287,12.417442440986633,13.584347248077393,16.538785338401794,33.05850851535797,2.3598285913467407,10.017176151275635,2.347962200641632,0.8765049576759338,5.3372286558151245,394.0,461.0,15.0,201.0,122.0,25.0,108.0
2019-05-22 00:00:00+00:00,2021133887.0,1.01728447998e-05,0.0779545797437,130856368.0,44.77329361438751,54.52496665716171,0.0,24.135316014289856,4.250055015087128,17.40154927968979,16.62118297815323,15.792070508003235,25.35896271467209,0.7160782217979431,8.085185408592224,0.9295319318771362,0.8511703610420227,3.921419858932495,272.0,334.0,14.0,136.0,49.0,33.0,117.0
2019-05-23 00:00:00+00:00,2092055879.0,1.02488448007e-05,0.0806900215254,101768393.0,31.335473835468292,98.29361283779144,0.8493106365203857,22.0649311542511,5.739095568656921,9.203472435474396,7.019244134426117,13.864909052848816,34.4794180393219,0.0,13.207411587238312,1.7561777234077454,2.5096463561058044,1.5470346808433533,262.0,534.0,7.0,146.0,83.0,35.0,76.0
2019-05-24 00:00:00+00:00,2096685245.0,1.01249871121e-05,0.0808685748797,106320607.0,35.33679664134979,80.95312517881393,0.7650695443153381,25.259770691394806,3.088029623031616,9.946359634399414,5.261418640613556,14.238482475280762,37.44489514827728,0.7710582613945007,16.736537098884583,2.590376555919647,0.9325776100158691,5.987199425697327,247.0,439.0,7.0,120.0,68.0,20.0,85.0
2019-05-25 00:00:00+00:00,2087176301.0,9.99234327986e-06,0.0805018175257,62522128.0,44.73050731420517,56.956894278526306,0.0,19.087794542312622,2.250992238521576,18.42850297689438,14.130894720554352,17.442388355731964,56.587050795555115,0.8743942379951477,9.741392612457275,3.392120838165283,1.7611498832702637,5.824099898338318,293.0,536.0,2.0,112.0,71.0,33.0,128.0
2019-05-26 00:00:00+00:00,2230096451.0,9.920347565609999e-06,0.0860142085224,111190328.0,39.94212460517883,47.24216830730438,0.0,21.545648396015167,2.4424439668655396,7.583965539932251,18.268430590629578,21.482838213443756,25.16127187013626,0.813636064529419,14.505033791065216,0.0,2.412909150123596,5.384322643280029,288.0,344.0,12.0,130.0,50.0,19.0,130.0
2019-05-27 00:00:00+00:00,2377380307.0,1.04148476689e-05,0.0916949064452,171736300.0,49.78782057762146,68.28958076238632,1.5949328541755676,50.80091083049774,15.442672371864319,4.9819865226745605,11.826925814151764,32.14946228265762,45.6039754152298,1.7341458201408386,29.175078511238098,4.700896441936493,1.6489530205726624,1.4411804676055908,443.0,535.0,37.0,260.0,208.0,12.0,76.0
2019-05-28 00:00:00+00:00,2407954139.0,1.0650749803160586e-05,0.0928741307454,180583991.0,63.62478983402252,91.19622999429703,0.7290151715278625,34.925108790397644,66.26257592439651,2.520867943763733,2.9711899757385254,39.78351932764053,31.255565345287323,3.2369920015335083,28.358922481536865,10.600944876670837,1.663682758808136,1.5776588916778564,502.0,506.0,28.0,226.0,465.0,22.0,72.0
2019-05-29 00:00:00+00:00,2355927836.0,1.0495259404e-05,0.0908674905287,154832177.0,55.55660790205002,55.66272419691086,3.8222725987434387,24.01143079996109,47.808404207229614,8.821998834609985,9.263005435466766,20.13214933872223,22.239303648471832,0.9814080595970154,16.596282422542572,8.236620545387268,0.0,3.1518706679344177,468.0,380.0,24.0,158.0,468.0,19.0,96.0
2019-05-30 00:00:00+00:00,2191093155.0,1.02044683771e-05,0.0845098620928,232348614.0,48.72050482034683,73.39715987443924,0.8504862189292908,32.301114082336426,40.602416038513184,6.830402672290802,10.38278615474701,24.950942814350128,39.32343810796738,1.752652108669281,20.51744443178177,11.123784124851227,4.035931169986725,1.6488401293754578,426.0,547.0,23.0,164.0,496.0,34.0,86.0
2019-05-31 00:00:00+00:00,2318955942.0,1.0450154727000001e-05,0.0894414947014,136542078.0,53.16569197177887,58.495147705078125,0.7338653802871704,38.75152152776718,16.126556634902954,14.144831418991089,12.067514717578888,26.729888021945953,32.260926485061646,4.3214322328567505,18.64752209186554,7.965243339538574,4.869750082492828,2.2107385396957397,327.0,387.0,14.0,175.0,200.0,35.0,112.0
2019-06-01 00:00:00+00:00,2347250770.0,1.05894921994e-05,0.0905328184729,151835927.0,36.67479133605957,57.014655351638794,0.0,21.37727200984955,34.046895265579224,8.07504516839981,6.622685074806213,27.067552983760834,46.615673303604126,0.8416197299957275,13.686107814311981,10.119406282901764,0.7624660134315491,1.4620164036750793,391.0,464.0,10.0,121.0,447.0,20.0,63.0
2019-06-02 00:00:00+00:00,2503977776.0,1.10673525253e-05,0.0965777361281,187162218.0,65.75658428668976,108.35919344425201,0.744895339012146,37.516734540462494,69.0129245519638,13.060645341873169,3.8419055342674255,22.79149079322815,76.97249561548233,0.7174829244613647,10.846292316913605,11.653419137001038,0.7698023319244385,0.7050142288208008,530.0,765.0,13.0,174.0,500.0,76.0,58.0
2019-06-03 00:00:00+00:00,2299939611.0,1.0853978584199999e-05,0.0887080400616,227861801.0,35.56633114814758,107.9226143360138,0.8134258389472961,25.29000061750412,55.33451157808304,5.409089922904968,4.77519816160202,14.14921659231186,49.73366838693619,0.0,14.853450417518616,11.198689103126526,0.0,1.4442505240440369,446.0,647.0,19.0,151.0,540.0,21.0,69.0
2019-06-04 00:00:00+00:00,2138623824.0,1.0744562069699998e-05,0.0824861343788,184181601.0,33.33371192216873,109.9350283741951,0.8062687516212463,30.587674975395203,26.757636308670044,6.285311937332153,4.6244131326675415,23.913550853729248,40.96836805343628,0.9572188258171082,18.4461652636528,9.412760555744171,2.750546157360077,0.7012826800346375,271.0,623.0,9.0,166.0,270.0,17.0,74.0
2019-06-05 00:00:00+00:00,2163295121.0,1.06997410727e-05,0.0834376995443,118371207.0,42.01903992891312,131.24517637491226,1.7308686971664429,47.86691874265671,19.731222987174988,4.699098885059357,9.37424099445343,12.709232330322266,50.192170560359955,0.0,17.053276538848877,3.0905919075012207,0.0,2.254629969596863,247.0,792.0,6.0,231.0,141.0,11.0,82.0
2019-06-06 00:00:00+00:00,2164189637.0,1.06900191867e-05,0.0834722007712,154264120.0,40.02097803354263,114.6136936545372,0.0,34.39384877681732,25.56736844778061,7.14958119392395,9.52995502948761,14.635409593582153,50.68630015850067,0.7356299161911011,29.76824200153351,6.537067890167236,0.8279654383659363,0.7996610403060913,343.0,726.0,12.0,232.0,245.0,15.0,83.0
2019-06-07 00:00:00+00:00,2224715556.0,1.0705597497299999e-05,0.085806668888,139056742.0,37.06957799196243,83.05873137712479,1.4628074169158936,17.87142437696457,31.669860363006592,5.6996883153915405,6.354287564754486,21.438845455646515,47.32898676395416,0.0,19.75627565383911,4.008534073829651,1.710767924785614,2.95526921749115,281.0,530.0,8.0,168.0,219.0,15.0,51.0
2019-06-08 00:00:00+00:00,2183393468.0,1.0616960420299999e-05,0.084212887258,126559141.0,33.490348637104034,85.62955391407013,0.0,28.76710593700409,16.9997621178627,9.039570033550262,12.688726305961609,13.573245286941528,39.88551688194275,0.0,20.099228978157043,2.998789608478546,0.0,0.0,221.0,548.0,9.0,159.0,111.0,21.0,59.0
2019-06-09 00:00:00+00:00,2060434301.0,1.0357479248099999e-05,0.0794703859292,122067718.0,45.89165562391281,69.46995049715042,1.7383508682250977,35.54760921001434,29.757987022399902,3.3723610639572144,21.384337067604065,11.579209327697754,30.480670392513275,0.8998326063156128,16.19757604598999,4.498380661010742,0.0,3.9830666184425354,328.0,410.0,12.0,178.0,285.0,12.0,91.0
2019-06-10 00:00:00+00:00,2217723086.0,1.0722714845200002e-05,0.085536971214,139307413.0,27.452224493026733,45.391157269477844,1.5761560201644897,12.968677699565887,37.00291132926941,3.1415971517562866,9.30650508403778,15.36835902929306,28.528548002243042,0.7876693606376648,21.866947889328003,4.078321874141693,0.8635553121566772,3.034767210483551,253.0,331.0,14.0,121.0,240.0,9.0,69.0
2019-06-11 00:00:00+00:00,2280666738.0,1.1119945155499999e-05,0.0879646906368,152723260.0,57.203093111515045,71.14445370435715,3.7304173707962036,24.994009137153625,50.72439032793045,6.865844964981079,10.796741962432861,26.07448023557663,29.85613077878952,1.724672794342041,11.029890298843384,15.328988492488861,1.5055732131004333,0.741672933101654,546.0,558.0,42.0,105.0,403.0,21.0,88.0
2019-06-12 00:00:00+00:00,2502604096.0,1.18496033358e-05,0.0965247536508,247353617.0,70.03847348690033,83.61284708976746,7.063699185848236,23.320548474788666,78.8454652428627,5.556839644908905,6.989797949790955,30.209713459014893,54.37460869550705,3.8182653188705444,8.12267380952835,17.827401876449585,0.0,2.203705608844757,727.0,765.0,100.0,144.0,696.0,20.0,63.0
2019-06-13 00:00:00+00:00,2326670249.0,1.0922164752800002e-05,0.0897390334333,228176588.0,79.81228929758072,116.39727985858917,2.3196308612823486,25.875694751739502,75.35386818647385,13.876711070537567,8.343571364879608,42.69193762540817,82.17275279760361,5.473308086395264,17.08582442998886,26.639228224754333,0.0,3.022966206073761,626.0,950.0,40.0,156.0,716.0,25.0,78.0
2019-06-14 00:00:00+00:00,2349495493.0,1.04414475302e-05,0.0906193968235,205015950.0,122.16488552093506,95.53582578897476,1.4818430542945862,28.33049839735031,131.07250636816025,20.06669694185257,6.438979148864746,66.17017614841461,47.78256344795227,3.2458930015563965,9.604974031448364,59.65201997756958,1.4457417130470276,2.1349196434020996,933.0,658.0,39.0,115.0,1009.0,50.0,72.0
2019-06-15 00:00:00+00:00,2377068997.0,1.037433941e-05,0.0916828993263,159441139.0,75.08676087856293,61.37719410657883,0.7232896685600281,26.92093926668167,48.531431913375854,18.459167897701263,11.99832284450531,29.21070224046707,29.69519019126892,1.6519782543182373,14.479655086994171,14.882137477397919,2.4511271119117737,0.7235356569290161,617.0,469.0,20.0,137.0,494.0,43.0,67.0
2019-06-16 00:00:00+00:00,2392838319.0,1.0267204471149061e-05,0.0922911176973,197422169.0,49.93108743429184,77.96369642019272,1.5867663621902466,22.93248027563095,42.79702967405319,11.554542005062103,4.996269762516022,32.13802117109299,35.83317828178406,1.704916775226593,10.439152777194977,18.74590837955475,3.148315727710724,0.7813968658447266,449.0,468.0,18.0,117.0,408.0,28.0,56.0
2019-06-17 00:00:00+00:00,2425666979.0,1.00266591868e-05,0.0935573101513,158000946.0,80.48477762937546,115.89126545190811,0.8660231828689575,33.63204747438431,53.45113945007324,27.119054913520813,7.725731134414673,16.139711320400238,47.689614713191986,0.0,12.522872626781464,4.570091366767883,1.787210464477539,1.6890604496002197,418.0,777.0,15.0,147.0,332.0,47.0,70.0
2019-06-18 00:00:00+00:00,2311337668.0,9.83372173107e-06,0.0891476599677,146225452.0,82.55694735050201,139.6059274673462,3.1233579516410828,39.01278531551361,48.021882116794586,16.158001244068146,9.336547017097473,30.47612178325653,67.87709355354309,0.0,17.539599537849426,17.951930701732635,2.2728700041770935,0.7393368482589722,486.0,820.0,16.0,202.0,359.0,36.0,68.0
2019-06-19 00:00:00+00:00,2332886411.0,9.70536301936e-06,0.089978789088,114753636.0,56.03655755519867,81.26097977161407,0.0,30.764787435531616,36.268414199352264,12.591002941131592,8.81605076789856,28.105015993118286,52.73974734544754,1.6102402806282043,27.553166031837463,11.976557075977325,0.7507302165031433,1.4292680621147156,453.0,612.0,6.0,209.0,313.0,32.0,70.0
2019-06-20 00:00:00+00:00,2265640397.0,9.186778444099999e-06,0.0873851287687,159470236.0,99.62716889381409,110.5429390668869,1.4999172687530518,22.39425891637802,58.649763345718384,16.801523089408875,26.318111419677734,57.39547735452652,61.48137718439102,6.929555654525757,19.08675092458725,43.94525182247162,1.4904446005821228,2.257871687412262,659.0,729.0,33.0,161.0,668.0,39.0,123.0
2019-06-21 00:00:00+00:00,2322091328.0,8.841116177770001e-06,0.0895624256979,124230175.0,124.28065836429596,225.70575684309006,0.9195533990859985,59.223759174346924,55.90514087677002,21.506389439105988,11.722464263439178,29.590557992458344,105.53370416164398,0.0,14.205025494098663,20.601958453655243,0.7169614434242249,1.4874635934829712,600.0,1453.0,9.0,251.0,392.0,40.0,101.0
2019-06-22 00:00:00+00:00,2446662674.0,8.82113534188e-06,0.0943671083257,243264334.0,88.18185144662857,78.48619836568832,7.591802179813385,37.8578559756279,80.04209923744202,11.318495273590088,8.816145598888397,57.864216923713684,63.68526154756546,9.867052614688873,33.839539706707,23.735574781894684,1.8598682284355164,0.8982672095298767,828.0,876.0,108.0,259.0,728.0,28.0,70.0
2019-06-23 00:00:00+00:00,2505704184.0,8.91646301472e-06,0.096644323193,245604694.0,104.99308788776398,117.86577427387238,6.387319207191467,36.50168991088867,51.7672860622406,38.50149929523468,6.8260480761528015,56.18654304742813,81.18766778707504,8.927052617073059,20.512374937534332,27.771311283111572,0.0,4.115656733512878,670.0,996.0,90.0,203.0,455.0,62.0,67.0
2019-06-24 00:00:00+00:00,2533562407.0,8.878867035400001e-06,0.0977188072056,135761450.0,59.80108231306076,88.60585844516754,3.23861163854599,31.44253671169281,40.73614799976349,13.349472224712372,5.670720219612122,19.818786919116974,58.00043594837189,3.916896641254425,15.405650913715363,2.3695110082626343,0.7113523483276367,0.8281479477882385,377.0,691.0,36.0,135.0,203.0,38.0,48.0
2019-06-25 00:00:00+00:00,2498245356.0,8.17133715843e-06,0.096356638244,193143079.0,58.70318967103958,62.340256690979004,1.6546063423156738,35.20838391780853,30.49435842037201,12.3822620511055,4.598025143146515,29.010108053684235,37.66859447956085,3.287304699420929,19.893494188785553,6.16710352897644,0.8995059132575989,1.4289852976799011,377.0,487.0,33.0,183.0,171.0,25.0,58.0
2019-06-26 00:00:00+00:00,2510251343.0,7.46340476786e-06,0.0968197058776,340512938.0,89.15330231189728,110.28855621814728,8.505763173103333,51.492163717746735,48.15924346446991,19.01377272605896,7.823703229427338,44.51645773649216,43.87683719396591,11.714787900447845,19.136799156665802,12.331854939460754,2.435005486011505,3.41554194688797,723.0,810.0,113.0,215.0,355.0,46.0,93.0
2019-06-27 00:00:00+00:00,2241360202.0,7.76732321893e-06,0.086448648313,253512191.0,86.89882409572601,74.15169900655746,1.4605665802955627,43.955250561237335,50.01412910223007,22.355054259300232,19.431634426116943,44.18099546432495,45.91906803846359,2.552297830581665,11.910255014896393,16.317239820957184,4.107308626174927,4.399283230304718,518.0,565.0,29.0,192.0,276.0,52.0,96.0
2019-06-28 00:00:00+00:00,2315164002.0,7.21461277034e-06,0.0892952406209,195954056.0,71.04676908254623,86.00987988710403,1.8230303525924683,34.63702839612961,45.99595648050308,20.85440707206726,13.747828483581543,26.822344541549683,37.235550224781036,1.571564793586731,31.45374244451523,8.016446471214294,4.746182680130005,1.663918912410736,446.0,526.0,17.0,206.0,249.0,76.0,88.0
2019-06-29 00:00:00+00:00,2346044353.0,7.5835029816074124e-06,0.0904862872623,169272608.0,69.57622796297073,113.20476669073105,1.5563629269599915,36.47566342353821,33.788686752319336,12.487502574920654,17.731916427612305,28.076090157032013,101.26852411031723,0.862070620059967,29.95231282711029,0.721609354019165,0.7205010056495667,3.787819027900696,413.0,869.0,15.0,245.0,171.0,31.0,80.0
2019-06-30 00:00:00+00:00,2128549912.0,7.6427149367e-06,0.0820975863512,161855807.0,34.30307894945145,74.40007537603378,0.7150797247886658,15.698457181453705,24.99583327770233,3.5575928688049316,11.796105027198792,11.023759365081787,25.39527541399002,2.165954887866974,11.252228498458862,3.7731379866600037,1.7582039833068848,1.5035556554794312,213.0,330.0,10.0,121.0,165.0,16.0,69.0
2019-07-01 00:00:00+00:00,2173260576.0,7.93582271856e-06,0.0838220643971,168654990.0,42.23483783006668,48.86347681283951,0.891719400882721,23.017099916934967,28.103290736675262,6.0125651359558105,4.756851136684418,8.331571578979492,22.290066242218018,0.0,14.5061816573143,5.1659996509552,0.0,0.7128121256828308,243.0,307.0,8.0,143.0,212.0,15.0,50.0
2019-07-02 00:00:00+00:00,2102087913.0,7.4956577019099995e-06,0.0810769543177,180980795.0,35.21093136072159,94.72056102752686,2.411318302154541,20.50710618495941,13.83366072177887,5.489598333835602,7.532453954219818,20.635839641094208,67.75499075651169,0.0,18.292950093746185,9.709444165229797,2.5744672417640686,1.6062496900558472,254.0,604.0,18.0,122.0,205.0,25.0,50.0
2019-07-03 00:00:00+00:00,2151890421.0,6.93957096178e-06,0.0829978233785,154492406.0,33.62018674612045,53.4554158449173,0.0,24.486196517944336,14.846528768539429,5.907238841056824,10.245026111602783,19.55996936559677,38.386158645153046,0.0,13.267018675804138,5.012087762355804,1.5923415422439575,2.951636493206024,317.0,392.0,23.0,148.0,227.0,20.0,82.0
2019-07-04 00:00:00+00:00,2016443988.0,6.94748947487e-06,0.0777736916168,142713204.0,82.23295646905899,76.48025870323181,1.4143174886703491,31.80544626712799,18.86698615550995,33.9739328622818,11.037509977817535,41.283550679683685,53.40792167186737,1.7657972574234009,13.842438519001007,12.161007165908813,4.832955002784729,2.18167507648468,538.0,591.0,25.0,166.0,248.0,92.0,87.0
2019-07-05 00:00:00+00:00,1984253355.0,6.979289051880001e-06,0.0765321077268,116391599.0,59.27806210517883,54.982615768909454,0.0,38.61111092567444,37.355167865753174,16.75331473350525,7.111063182353973,20.916356563568115,26.7854021191597,0.829332709312439,28.59759908914566,9.625463366508484,1.732917308807373,1.6088449358940125,345.0,346.0,13.0,216.0,239.0,48.0,72.0
2019-07-06 00:00:00+00:00,2005081178.0,6.91270925198e-06,0.07733543114,128961683.0,39.57815492153168,59.68352234363556,1.5300791263580322,33.26463735103607,11.553813338279724,7.378502666950226,11.004747807979584,19.133555233478546,29.32745885848999,0.7281668782234192,17.419083654880524,7.35662966966629,0.8066319227218628,1.693012535572052,272.0,366.0,21.0,168.0,150.0,15.0,69.0
2019-07-07 00:00:00+00:00,2073226940.0,6.99082398557e-06,0.0799637944933,104984613.0,35.002437710762024,56.77222514152527,1.4030420184135437,19.440954387187958,8.311484634876251,1.6857564449310303,7.161850154399872,16.054428100585938,42.34459185600281,1.431401014328003,6.612215280532837,3.9241933822631836,0.9167705774307251,1.537217140197754,234.0,443.0,13.0,100.0,115.0,4.0,55.0
2019-07-08 00:00:00+00:00,2085895272.0,6.548321845452684e-06,0.0804524085847,114337620.0,32.42089009284973,68.63382136821747,0.0,21.665552616119385,15.131515324115753,3.2532479763031006,5.352675974369049,28.252983808517456,29.67757534980774,0.0,13.908176183700562,21.120665431022644,2.378097176551819,3.6583626866340637,381.0,406.0,15.0,142.0,342.0,15.0,49.0
2019-07-09 00:00:00+00:00,2022635196.0,6.205484961734881e-06,0.0780124848022,122920355.0,55.96966129541397,54.942085921764374,3.059328317642212,18.58014541864395,24.90923172235489,5.59269905090332,13.428618013858795,29.74995344877243,34.711991369724274,2.4648112058639526,19.196350574493408,11.74905550479889,2.341243028640747,2.363944709300995,439.0,462.0,24.0,143.0,293.0,16.0,75.0
2019-07-10 00:00:00+00:00,1865048243.0,5.9173548707041845e-06,0.0719343992296,119967231.0,39.082604587078094,63.59148454666138,3.192753553390503,23.520028173923492,36.88901126384735,5.6909467577934265,8.325205087661743,33.9483824968338,54.16317564249039,3.4540934562683105,27.375009417533875,8.683410406112671,0.7228615283966064,0.7808949947357178,388.0,547.0,30.0,152.0,378.0,16.0,65.0
2019-07-11 00:00:00+00:00,1690414958.0,5.7470421863299995e-06,0.0651988413293,118873479.0,35.71814960241318,86.1125722527504,6.1044453382492065,18.016345024108887,19.925547242164612,13.789465963840485,5.505722224712372,19.5696639418602,58.9172648191452,2.2588974237442017,12.43626844882965,5.3513283133506775,0.7448504567146301,1.537208616733551,316.0,643.0,35.0,108.0,242.0,33.0,54.0
2019-07-12 00:00:00+00:00,1808509845.0,5.90576112858e-06,0.0697537287319,118155306.0,48.55017042160034,83.27011859416962,3.6395251750946045,20.61672216653824,19.81638067960739,17.868257224559784,11.872440457344055,20.47828322649002,44.03622883558273,0.0,9.235232174396515,10.213242590427399,2.2934218645095825,4.429438650608063,418.0,586.0,31.0,119.0,288.0,37.0,72.0
2019-07-13 00:00:00+00:00,1731139937.0,5.8691702295e-06,0.0667695926209,101320396.0,30.682943165302277,71.18192452192307,0.7194553017616272,28.30977988243103,13.481212139129639,9.113502740859985,2.9997222423553467,13.486797094345093,24.36544966697693,0.0,14.18251246213913,2.445997893810272,1.5248857140541077,1.4538354873657227,273.0,374.0,10.0,133.0,148.0,29.0,56.0
2019-07-14 00:00:00+00:00,1540824931.0,5.807209386320001e-06,0.0594291950201,101190601.0,27.455614507198334,115.87249892950058,0.0,14.23140001296997,7.2019370794296265,8.435202240943909,6.25293093919754,21.768985092639923,58.07781380414963,0.0,7.707653284072876,2.5997462272644043,0.7832888960838318,1.5026416778564453,290.0,796.0,3.0,82.0,144.0,16.0,66.0
2019-07-15 00:00:00+00:00,1543614519.0,5.4611351326e-06,0.0595367886607,123473435.0,38.186154782772064,93.26901715993881,4.839908838272095,12.24934333562851,6.883512437343597,8.093267679214478,7.76960164308548,18.218498408794403,60.97440469264984,5.058647871017456,5.616189539432526,4.459192454814911,1.8515626192092896,0.0,275.0,684.0,36.0,68.0,203.0,28.0,62.0
2019-07-16 00:00:00+00:00,1349556307.0,5.49963747465e-06,0.052052016674,103254765.0,40.10881304740906,147.48368495702744,3.2950682640075684,19.283217132091522,19.98877650499344,9.731448769569397,8.331063032150269,29.05554288625717,79.99494928121567,6.0187477469444275,17.11655604839325,4.0353973507881165,5.117972314357758,1.5246958136558533,365.0,1103.0,38.0,132.0,235.0,36.0,62.0
2019-07-17 00:00:00+00:00,1432188399.0,5.71124206453e-06,0.0552391137717,97931569.0,45.205648601055145,129.42520380020142,4.553005516529083,21.56397557258606,19.051248371601105,10.788124680519104,7.766170084476471,31.941016793251038,67.510886490345,7.449663162231445,8.92754054069519,7.584798634052277,2.3456203937530518,1.637664258480072,405.0,856.0,47.0,129.0,239.0,30.0,90.0
2019-07-18 00:00:00+00:00,1523785855.0,5.52046211203e-06,0.0587720025297,88644359.0,41.54988604784012,54.840741991996765,0.7607833743095398,7.56617534160614,37.28051918745041,3.0169774293899536,6.848585724830627,22.603704929351807,32.037153840065,4.099139988422394,4.046353995800018,13.153261721134186,0.0,2.2593374848365784,363.0,419.0,12.0,61.0,356.0,6.0,53.0
2019-07-19 00:00:00+00:00,1550095096.0,5.68577971975e-06,0.0597867427483,63433080.0,30.78287535905838,99.38325649499893,0.0,15.997903645038605,11.198237180709839,8.222353756427765,6.537070393562317,13.537451982498169,45.430499851703644,0.7462806105613708,10.179916083812714,2.253181517124176,0.0,0.8618082404136658,231.0,629.0,9.0,93.0,171.0,17.0,44.0
2019-07-20 00:00:00+00:00,1632319754.0,5.83746695403e-06,0.0629581252712,71844245.0,40.893334686756134,32.55942094326019,0.8223718404769897,18.032273828983307,16.97703516483307,15.559458673000336,7.148605287075043,14.007345855236053,22.927489399909973,0.0,9.249818444252014,4.704328954219818,4.837320804595947,1.5674021244049072,268.0,305.0,2.0,95.0,221.0,44.0,54.0
2019-07-21 00:00:00+00:00,1586808067.0,5.77660807064e-06,0.0612027519586,53461725.0,31.01807415485382,36.38515967130661,0.8520652055740356,13.139286458492279,5.39443564414978,2.4851720929145813,15.810630142688751,12.049170553684235,25.485626339912415,0.7478323578834534,7.966308951377869,3.8006734251976013,0.0,1.4848735928535461,215.0,274.0,5.0,69.0,122.0,10.0,70.0
2019-07-22 00:00:00+00:00,1541782517.0,5.75250232291e-06,0.0594661288546,53620676.0,28.342228651046753,25.507011353969574,1.519823133945465,12.147600412368774,8.870339214801788,6.3716371059417725,11.345256924629211,11.908426284790039,27.448371171951294,0.9192441701889038,15.712522983551025,1.5584747791290283,0.0,0.0,235.0,276.0,12.0,87.0,137.0,14.0,103.0
2019-07-23 00:00:00+00:00,1447034779.0,5.64187330783e-06,0.0558117345756,59728000.0,30.44720071554184,51.14152503013611,0.0,22.526425898075104,17.81629914045334,6.567382097244263,11.161439061164856,12.858899056911469,24.231898367404938,0.0,11.695771038532257,3.142566978931427,0.0,1.7756109833717346,198.0,292.0,6.0,98.0,145.0,19.0,58.0
2019-07-24 00:00:00+00:00,1530901690.0,6.0216787528399995e-06,0.0590464583268,60954091.0,26.420742750167847,72.83240211009979,0.9129561185836792,17.734901428222656,20.228918731212616,3.2453653216362,9.33233255147934,10.024035692214966,38.81421810388565,0.0,14.660996556282043,2.157125473022461,0.7015549540519714,0.8214751482009888,217.0,505.0,6.0,108.0,216.0,12.0,64.0
2019-07-25 00:00:00+00:00,1521352476.0,5.920004190838766e-06,0.0586781477472,46386511.0,27.368926882743835,69.77054965496063,0.0,12.48779147863388,12.475177228450775,3.3185112476348877,10.21506142616272,12.62167513370514,39.48725837469101,0.7827322483062744,14.290379405021667,0.8889912366867065,0.0,2.1768797039985657,238.0,570.0,8.0,93.0,162.0,7.0,77.0
2019-07-26 00:00:00+00:00,1630403438.0,6.37454025182e-06,0.0628842134564,57109967.0,44.43729531764984,35.64817327260971,4.752776026725769,18.94619369506836,29.975799441337585,6.424970507621765,7.302898645401001,21.727464020252228,32.59765982627869,1.6764179468154907,18.729904234409332,8.983963191509247,1.7950129508972168,0.7494034171104431,384.0,400.0,38.0,124.0,381.0,16.0,60.0
2019-07-27 00:00:00+00:00,1552271993.0,6.31260196822e-06,0.0598707050617,55521873.0,26.277995109558105,77.82415288686752,0.0,7.01800936460495,16.022447049617767,1.4426348805427551,13.342834234237671,9.423232913017273,43.03211796283722,0.0,6.581816911697388,3.01585990190506,0.0,3.1588578820228577,250.0,586.0,3.0,75.0,224.0,4.0,72.0
2019-07-28 00:00:00+00:00,1539514250.0,6.218844772205192e-06,0.0593786424004,30402653.0,22.78213506937027,67.07714748382568,0.7041662931442261,14.87805050611496,7.70048987865448,1.6720851063728333,4.703805387020111,11.46093201637268,35.262433886528015,0.0,6.4841020703315735,3.302694618701935,0.0,0.7652664184570312,173.0,408.0,8.0,64.0,120.0,4.0,42.0
2019-07-29 00:00:00+00:00,1566352491.0,6.3444338327351286e-06,0.0604137859912,42242668.0,36.49134385585785,40.201399743556976,2.463744044303894,15.721063256263733,22.490769624710083,7.229265093803406,5.599272787570953,16.714245200157166,20.017901062965393,1.4358680844306946,11.30572259426117,5.327032566070557,1.7808957695960999,0.7949556112289429,303.0,265.0,20.0,115.0,300.0,22.0,49.0
2019-07-30 00:00:00+00:00,1554177557.0,6.24879328983e-06,0.0599442021427,32759716.0,20.181123316287994,71.01240420341492,0.9685107469558716,13.904866695404053,11.271142959594727,4.909153342247009,6.272672414779663,12.03074324131012,24.776575088500977,1.8253852725028992,16.57224029302597,2.1457061171531677,0.0,0.7361165285110474,166.0,392.0,7.0,105.0,115.0,16.0,51.0
2019-07-31 00:00:00+00:00,1559562581.0,5.96858409033e-06,0.0601519010305,47344104.0,31.528941094875336,50.116740703582764,0.0,24.060977518558502,9.56327486038208,8.72681349515915,5.300502300262451,17.56966882944107,38.880098819732666,0.0,13.327474117279053,10.598251342773438,1.7805675864219666,1.473057210445404,223.0,382.0,0.0,121.0,214.0,23.0,56.0
2019-08-01 00:00:00+00:00,1526381233.0,5.6575436184e-06,0.0588721055419,44730276.0,15.612595856189728,39.268276035785675,0.7703859806060791,20.79616814851761,5.307499885559082,1.7145628333091736,1.6330208778381348,10.175643801689148,30.06485790014267,0.8916464447975159,4.107245445251465,3.85807603597641,1.6697273254394531,0.0,171.0,352.0,8.0,93.0,153.0,8.0,35.0
2019-08-02 00:00:00+00:00,1488665163.0,5.45830285542908e-06,0.0574174070494,50042377.0,29.428536236286163,41.418133080005646,0.0,17.6606085896492,13.971734583377838,6.350257873535156,6.830811381340027,15.489316582679749,19.960554361343384,1.7295221090316772,6.741443514823914,3.6889343857765198,0.9349703788757324,2.250137448310852,253.0,270.0,10.0,82.0,223.0,15.0,58.0
2019-08-03 00:00:00+00:00,1497630296.0,5.33641755551e-06,0.0577631898005,37149597.0,26.71410971879959,39.90706878900528,0.0,23.25472617149353,3.0200236439704895,6.101126790046692,9.236052572727203,12.95631068944931,21.326458275318146,0.0,10.849860310554504,3.8729151487350464,0.0,1.7167673110961914,208.0,307.0,9.0,142.0,79.0,15.0,59.0
2019-08-04 00:00:00+00:00,1458935743.0,5.12821896226e-06,0.0562707515169,45039556.0,16.844959795475006,39.16064614057541,0.0,6.829405248165131,18.49742615222931,4.1663095355033875,2.234436333179474,14.68450403213501,29.003875017166138,0.0,3.2849537134170532,9.340534269809723,1.5301581621170044,1.5522992014884949,197.0,371.0,6.0,53.0,220.0,17.0,41.0
2019-08-05 00:00:00+00:00,1468809869.0,4.7962898734146685e-06,0.0566515938043,54491066.0,48.18444484472275,61.62685310840607,0.7606478929519653,42.36124402284622,19.24002969264984,19.26961386203766,7.547378838062286,31.611743807792664,46.713510632514954,0.990763247013092,33.50343519449234,7.753536343574524,8.534895777702332,0.0,365.0,485.0,5.0,240.0,261.0,77.0,58.0
2019-08-06 00:00:00+00:00,1383701919.0,4.65079153996e-06,0.0533690035584,48272768.0,21.70231980085373,42.81027889251709,0.7792501449584961,16.388888776302338,8.707695424556732,10.064821779727936,3.8965964913368225,27.10718697309494,36.39185470342636,2.5483673810958862,11.572675049304962,8.49960082769394,4.779343843460083,1.4744732975959778,254.0,399.0,10.0,108.0,218.0,44.0,65.0
2019-08-07 00:00:00+00:00,1345774517.0,4.34185795201e-06,0.0519061540557,46290310.0,42.47024607658386,61.323457419872284,3.8927133083343506,30.732857286930084,20.205751180648804,4.1824464201927185,7.309697091579437,30.96692419052124,43.797340869903564,0.0,17.1083967089653,13.19499295949936,2.511134386062622,0.725121259689331,407.0,601.0,22.0,250.0,224.0,15.0,46.0
2019-08-08 00:00:00+00:00,1347437568.0,4.34249694619e-06,0.0519702974927,47971636.0,41.551041543483734,72.2259516119957,0.0,32.66185051202774,25.849693715572357,12.867994844913483,3.9859275221824646,26.968455255031586,60.60161978006363,0.7344462871551514,22.05347639322281,10.867562115192413,4.486510753631592,4.030050873756409,347.0,593.0,13.0,191.0,287.0,46.0,68.0
2019-08-09 00:00:00+00:00,1235203861.0,4.0165823933500006e-06,0.0476414741945,43195564.0,62.222898721694946,114.42802202701569,0.729905366897583,27.134609162807465,19.518648624420166,27.542058527469635,0.0,46.71136426925659,105.0055958032608,4.140890657901764,17.95581066608429,18.8335582613945,10.093212366104126,2.322166919708252,470.0,1042.0,21.0,168.0,330.0,77.0,41.0
2019-08-10 00:00:00+00:00,1347716039.0,4.58049866903e-06,0.0519810380348,64446721.0,55.402476251125336,107.70081758499146,1.5307155847549438,19.805306017398834,62.54124140739441,4.428830206394196,3.1920599937438965,39.61179465055466,51.684217751026154,0.7206778526306152,12.198321044445038,20.994712591171265,0.0,1.5166983604431152,485.0,785.0,16.0,110.0,567.0,22.0,45.0
2019-08-11 00:00:00+00:00,1425499839.0,4.77492578687e-06,0.0549811378438,58526307.0,61.773948311805725,44.31628733873367,0.0,17.355866014957428,73.51455700397491,10.520581901073456,6.57225775718689,28.372511625289917,21.906890034675598,0.7151528000831604,7.348008155822754,19.909273386001587,3.025028109550476,1.551344633102417,469.0,321.0,10.0,89.0,682.0,28.0,36.0
2019-08-12 00:00:00+00:00,1372520556.0,4.65073829537e-06,0.052937741461,35518598.0,23.05080419778824,33.194491267204285,0.0,21.64327383041382,22.799303948879242,6.6991530656814575,4.971754312515259,19.50469082593918,25.801125288009644,0.9581465721130371,12.77699100971222,7.364642918109894,1.486887514591217,2.9333184957504272,243.0,224.0,3.0,123.0,288.0,20.0,54.0
2019-08-13 00:00:00+00:00,1362753887.0,4.82733319122e-06,0.0525610436925,48509716.0,33.97700875997543,92.17608767747879,0.0,32.087612092494965,32.32786667346954,8.464842975139618,3.9293867349624634,13.64194655418396,45.762005388736725,1.4487876892089844,12.491453886032104,6.333086371421814,0.0,2.892425775527954,220.0,518.0,6.0,161.0,313.0,19.0,38.0
2019-08-14 00:00:00+00:00,1218564199.0,4.69046390212e-06,0.0469996869665,65540879.0,44.01154428720474,40.061702609062195,0.0,26.347191095352173,40.50800770521164,14.40212208032608,5.391195297241211,22.36850607395172,24.035559117794037,0.7422094941139221,17.71680784225464,16.30963134765625,0.7811788320541382,2.399539351463318,312.0,303.0,11.0,136.0,492.0,24.0,52.0
2019-08-15 00:00:00+00:00,1232018705.0,4.60861693221e-06,0.0475186235672,43373582.0,20.91096705198288,38.3758909702301,3.207665741443634,16.444925844669342,14.742875337600708,3.0750063061714172,5.732064783573151,6.264786064624786,12.09056568145752,0.7933714985847473,8.72379982471466,3.6262232065200806,0.0,1.5173715949058533,163.0,227.0,15.0,107.0,187.0,5.0,54.0
2019-08-16 00:00:00+00:00,1214458933.0,4.51729448331e-06,0.0468413480102,44228391.0,19.450721323490143,67.98730885982513,1.6141281127929688,39.16744768619537,31.535045206546783,1.627042829990387,2.213126540184021,8.90491384267807,29.90658986568451,0.73820561170578,9.103186547756195,3.885790228843689,0.0,0.7191481590270996,197.0,363.0,8.0,152.0,266.0,9.0,41.0
2019-08-17 00:00:00+00:00,1228764421.0,4.63417999585e-06,0.0473931067302,34826995.0,20.714116632938385,29.29071056842804,0.7592778205871582,10.637747943401337,5.963317334651947,2.996807873249054,5.541544795036316,13.017327785491943,13.885168552398682,1.7858943939208984,6.4979888796806335,2.18582421541214,2.4304948449134827,2.3048378825187683,161.0,178.0,12.0,61.0,131.0,9.0,48.0
2019-08-18 00:00:00+00:00,1315314322.0,4.90927205878e-06,0.050731312695,38253394.0,15.332659661769867,27.420902132987976,0.0,20.653177440166473,13.215048611164093,2.384587049484253,2.3968361020088196,6.569814562797546,10.772769629955292,0.0,7.092712342739105,3.1783435940742493,0.0,0.0,141.0,128.0,7.0,107.0,233.0,6.0,27.0
2019-08-19 00:00:00+00:00,1304079745.0,4.6087435484e-06,0.0502979981158,32307052.0,16.147699236869812,35.11479997634888,0.0,15.497275948524475,8.294897854328156,3.4475027918815613,6.221245110034943,7.194575071334839,5.543528914451599,0.0,5.554773032665253,2.4166789054870605,1.4405047297477722,0.7253049612045288,123.0,162.0,5.0,86.0,111.0,8.0,38.0
2019-08-20 00:00:00+00:00,1275474446.0,4.5728593232e-06,0.0491946995972,32132614.0,25.04854851961136,58.29100739955902,0.0,17.117900013923645,10.703751504421234,11.428217053413391,3.733529806137085,4.817988038063049,22.87079155445099,0.0,4.844623804092407,0.7064488530158997,0.0,0.0,148.0,307.0,4.0,66.0,155.0,21.0,39.0
2019-08-21 00:00:00+00:00,1221501502.0,4.64935561823e-06,0.0471129779327,43633315.0,17.95805597305298,42.069394648075104,1.5970620512962341,15.543923139572144,8.929868817329407,3.03938090801239,6.438114643096924,7.330038785934448,8.657060205936432,0.8525279760360718,3.3186708092689514,4.673453867435455,0.8182750940322876,2.130841016769409,145.0,172.0,5.0,70.0,153.0,15.0,58.0
2019-08-22 00:00:00+00:00,1281051015.0,4.87767342203e-06,0.0494097863456,60163312.0,26.015314161777496,29.67709255218506,1.576196014881134,18.728775084018707,23.959898710250854,6.543213367462158,5.563279867172241,13.866293549537659,10.500698745250702,3.7088035941123962,5.898624420166016,5.837095379829407,2.21006315946579,2.3523918986320496,212.0,139.0,23.0,70.0,255.0,23.0,66.0
2019-08-23 00:00:00+00:00,1290905550.0,4.78480255859e-06,0.0497898730523,54095276.0,33.361472487449646,47.377668380737305,0.0,26.92323076725006,14.451466858386993,7.187456488609314,2.868625581264496,12.875957429409027,26.41590279340744,0.0,13.882924675941467,5.50898402929306,1.5727150440216064,0.0,189.0,285.0,2.0,153.0,138.0,21.0,31.0
2019-08-24 00:00:00+00:00,1300940279.0,4.94011795906e-06,0.0501769097976,87164790.0,28.363296806812286,26.649624288082123,2.312278926372528,19.231533408164978,23.91764587163925,3.091509163379669,4.746007025241852,12.664219796657562,7.219067752361298,0.0,4.1329551339149475,13.26705914735794,2.2932408452033997,1.4518882632255554,249.0,156.0,15.0,81.0,315.0,13.0,44.0
2019-08-25 00:00:00+00:00,1281808184.0,4.8916831600700005e-06,0.0494389901354,104616408.0,29.435452342033386,26.697825074195862,0.0,5.817857086658478,33.83446592092514,4.011277675628662,3.898564398288727,13.693977653980255,21.663329541683197,0.9327399134635925,0.7930986881256104,11.674618482589722,0.8190849423408508,0.0,274.0,195.0,3.0,31.0,506.0,8.0,34.0
2019-08-26 00:00:00+00:00,1288484883.0,4.79430175723e-06,0.0496965085697,86216611.0,14.865483164787292,36.13469177484512,0.0,8.658629059791565,19.449915766716003,1.493967890739441,2.2520816922187805,12.424398720264435,9.572240352630615,0.0,7.046397805213928,10.670945346355438,0.0,0.9009638428688049,158.0,187.0,3.0,51.0,313.0,10.0,39.0
2019-08-27 00:00:00+00:00,1292184389.0,4.89299347534e-06,0.0498391975295,38041608.0,20.564054012298584,39.641638696193695,0.0,18.503641605377197,9.526202321052551,5.5464059710502625,4.4718353152275085,7.4803401827812195,21.950081825256348,0.0,14.337093889713287,3.2746407985687256,0.0,0.7495644688606262,141.0,248.0,1.0,107.0,160.0,11.0,41.0
2019-08-28 00:00:00+00:00,1188098007.0,4.70171859068e-06,0.0458246143076,65386760.0,29.63034850358963,53.84250444173813,1.7071460485458374,9.739957332611084,14.36493706703186,12.550086200237274,3.0198850631713867,18.054624676704407,24.774464547634125,3.3362732529640198,4.804122686386108,8.362397015094757,2.4052314162254333,2.1812679171562195,201.0,310.0,19.0,64.0,272.0,31.0,31.0
2019-08-29 00:00:00+00:00,1158850279.0,4.70224175592e-06,0.0446965374775,53919498.0,23.188621938228607,22.522073090076447,0.0,8.846409678459167,15.746057748794556,4.994320571422577,5.402687132358551,8.285211622714996,9.139718413352966,0.764938473701477,1.6186879873275757,0.9679465293884277,2.356004476547241,0.7602562308311462,148.0,140.0,1.0,61.0,177.0,11.0,39.0
2019-08-30 00:00:00+00:00,1162170223.0,4.67553041776e-06,0.0448245867699,51959377.0,23.615672826766968,40.740311086177826,0.0,20.037172615528107,9.059155702590942,9.746410250663757,2.236285924911499,12.12632405757904,22.184509098529816,0.9811401963233948,9.55860960483551,2.301146447658539,1.5448157787322998,0.7484575510025024,141.0,283.0,4.0,101.0,116.0,20.0,38.0
2019-08-31 00:00:00+00:00,1166467600.0,4.67589616488e-06,0.0449903354277,44165774.0,23.533911645412445,40.31937974691391,0.0,27.006777226924896,5.461295962333679,9.613147795200348,5.330443382263184,10.51068651676178,10.433536946773529,0.0,9.96493285894394,1.5729997158050537,3.1780436635017395,0.0,191.0,243.0,1.0,171.0,99.0,34.0,41.0
2019-09-01 00:00:00+00:00,1154858194.0,4.5683825121600005e-06,0.0445425638367,31928554.0,23.2647562623024,22.364814400672913,0.0,27.835257828235626,4.42517226934433,10.138230562210083,3.9220337867736816,20.361315369606018,15.36342316865921,0.0,18.147129774093628,3.0416383147239685,8.591741919517517,0.7106227874755859,189.0,180.0,1.0,152.0,112.0,40.0,55.0
2019-09-02 00:00:00+00:00,1176091976.0,4.3812179597e-06,0.0453615449865,42959888.0,20.099096536636353,69.53757327795029,0.8950631618499756,14.128215968608856,9.853864133358002,7.321710288524628,3.9289456605911255,13.156715273857117,26.462242424488068,1.811739206314087,8.59852135181427,4.161172449588776,0.7817647457122803,2.210802137851715,181.0,358.0,10.0,90.0,167.0,14.0,51.0
2019-09-03 00:00:00+00:00,1212963143.0,4.404751099961518e-06,0.0467836557441,63835809.0,26.200468719005585,119.62117928266525,0.0,16.79188573360443,25.175488770008087,7.284167528152466,5.23250412940979,7.896287441253662,91.95263057947159,0.8884145617485046,6.722091794013977,1.4120011925697327,0.7557222843170166,1.500080406665802,185.0,818.0,8.0,87.0,217.0,20.0,59.0
2019-09-04 00:00:00+00:00,1180110608.0,4.29862857874e-06,0.0455165425005,40737362.0,26.059404969215393,88.62810790538788,0.7463257312774658,23.946755588054657,14.01164960861206,5.905755996704102,6.884121656417847,9.358993828296661,58.2351878285408,0.0,9.01653516292572,2.233114719390869,0.0,3.1311978101730347,194.0,561.0,4.0,109.0,169.0,15.0,72.0
2019-09-05 00:00:00+00:00,1152110878.0,4.20321379335e-06,0.0444366005928,47778879.0,14.995119094848633,51.85205405950546,3.0006954073905945,11.836602985858917,10.224768280982971,2.3631901144981384,1.6216596961021423,5.264386415481567,40.06015717983246,0.0,9.51610267162323,2.9272512793540955,0.0,2.2232630848884583,145.0,401.0,8.0,98.0,120.0,10.0,50.0
2019-09-06 00:00:00+00:00,1151830282.0,4.290976510111068e-06,0.0444257780836,44479482.0,41.54745203256607,59.77480900287628,0.7052611112594604,23.75690132379532,55.833984553813934,13.313499391078949,3.7820950746536255,10.786197185516357,16.293001234531403,0.0,12.17374849319458,23.551602125167847,0.0,0.0,306.0,305.0,3.0,144.0,486.0,18.0,55.0
2019-09-07 00:00:00+00:00,1197778631.0,4.39512287074e-06,0.0461979933361,40837132.0,21.225955307483673,21.541232347488403,0.0,8.39401125907898,26.685595095157623,1.7502349615097046,6.123786389827728,16.279761135578156,4.27964723110199,0.7739567160606384,13.65881085395813,19.628978073596954,0.8176683187484741,1.463184654712677,235.0,94.0,2.0,109.0,388.0,4.0,41.0
2019-09-08 00:00:00+00:00,1211284020.0,4.47440996273e-06,0.0467188924571,46948887.0,17.286375999450684,20.424878418445587,0.0,16.228037118911743,23.73543405532837,0.7438012957572937,4.6455899477005005,7.10704243183136,3.1834846138954163,0.0,4.8244470953941345,17.28989690542221,0.0,0.7425286769866943,208.0,98.0,1.0,103.0,290.0,5.0,39.0
2019-09-09 00:00:00+00:00,1216793069.0,4.54186170834e-06,0.046931374997,64445050.0,20.70665216445923,19.36409217119217,0.7459667325019836,18.745651066303253,35.03144955635071,1.4616836309432983,6.17553448677063,4.843694090843201,15.360858798027039,1.512789249420166,5.2429527044296265,17.14230740070343,0.0,0.8326256275177002,146.0,162.0,5.0,64.0,278.0,6.0,62.0
2019-09-10 00:00:00+00:00,1205855448.0,4.59540738853e-06,0.0465095139246,48839823.0,23.268356144428253,26.487864196300507,0.7165884971618652,13.125105917453766,37.965799272060394,2.2803909182548523,4.826983630657196,10.454312682151794,20.42554134130478,2.405469596385956,5.046705067157745,31.40897887945175,1.5191887021064758,1.4924741387367249,200.0,163.0,7.0,75.0,464.0,17.0,48.0
2019-09-11 00:00:00+00:00,1166460704.0,4.42091790037e-06,0.0449900694559,51727434.0,14.587693512439728,42.05085611343384,0.0,14.895249247550964,21.121298134326935,4.635594487190247,4.529780626296997,6.168885052204132,19.796307742595673,0.0,7.250716865062714,4.523576319217682,0.0,0.7107377648353577,138.0,279.0,0.0,74.0,206.0,18.0,45.0
2019-09-12 00:00:00+00:00,1178436047.0,4.37056453894e-06,0.0454519551511,43222873.0,17.10639500617981,32.7098428606987,0.7486511468887329,27.39641582965851,17.91119420528412,0.0,3.19498348236084,9.81972861289978,13.142267167568207,0.0,7.337096929550171,8.435884058475494,0.7671709656715393,0.0,173.0,246.0,1.0,99.0,238.0,3.0,47.0
2019-09-13 00:00:00+00:00,1186234364.0,4.41862653495e-06,0.0457527340985,38257028.0,16.579188764095306,42.44628983736038,0.0,16.34311479330063,18.069884300231934,1.7921101450920105,7.689515471458435,5.555812835693359,18.707469284534454,0.0,6.400970220565796,4.4157586097717285,1.7382506728172302,0.0,133.0,316.0,0.0,84.0,136.0,14.0,51.0
2019-09-14 00:00:00+00:00,1206223718.0,4.49264162709e-06,0.046523718022,51690256.0,23.387541234493256,23.543964564800262,1.6203252673149109,17.282105207443237,18.354915738105774,4.199729084968567,7.084338128566742,6.837690830230713,18.17592340707779,0.7567340731620789,4.794447720050812,0.0,1.5187535881996155,0.7221855521202087,122.0,231.0,6.0,70.0,162.0,8.0,30.0
2019-09-15 00:00:00+00:00,1213352353.0,4.52405853073e-06,0.0467986675157,41237028.0,15.171730041503906,14.820036232471466,0.0,17.209856390953064,14.906270146369934,2.288010835647583,3.834405303001404,5.644381582736969,7.372136831283569,0.0,2.5648269057273865,0.86868816614151,0.0,1.4841377139091492,97.0,137.0,3.0,50.0,124.0,6.0,34.0
2019-09-16 00:00:00+00:00,1220414092.0,4.585622833149999e-06,0.0470710368309,45484816.0,10.75133365392685,35.9959779381752,0.0,20.325580596923828,20.390920042991638,2.4769962430000305,1.5464768409729004,3.955139398574829,14.653191328048706,0.0,10.107402205467224,1.6227822303771973,0.0,0.7110845446586609,130.0,239.0,4.0,99.0,146.0,9.0,44.0
2019-09-17 00:00:00+00:00,1270629600.0,4.79518302668e-06,0.0490078352106,85720809.0,17.013258814811707,38.02060490846634,0.7424585819244385,11.989188313484192,32.153824865818024,0.0,5.228670656681061,6.662884294986725,11.793404340744019,0.7960807085037231,3.403633713722229,8.12932687997818,0.0,0.7221478819847107,192.0,234.0,9.0,75.0,334.0,8.0,59.0
2019-09-18 00:00:00+00:00,1381702254.0,5.227519395e-06,0.0532918770198,138254972.0,36.25300592184067,33.77151566743851,0.7514098882675171,18.760442912578583,72.1813018321991,3.996999144554138,6.036496460437775,24.92879420518875,13.87502509355545,1.6904648542404175,4.842119216918945,22.618470549583435,1.4976221919059753,0.9337390661239624,334.0,244.0,15.0,83.0,785.0,16.0,52.0
2019-09-19 00:00:00+00:00,1361274440.0,5.115613223100001e-06,0.0525039818451,129365460.0,35.44771766662598,44.041258215904236,2.217287242412567,18.446536242961884,40.941995441913605,11.020041227340698,5.459618806838989,13.780732810497284,15.185893058776855,1.5437855124473572,13.637532651424408,8.861350536346436,5.998502492904663,0.7555750012397766,263.0,202.0,14.0,100.0,485.0,64.0,70.0
2019-09-20 00:00:00+00:00,1357030832.0,5.1400350591399994e-06,0.0523403070271,96532515.0,33.81078189611435,39.43128043413162,0.0,25.51228302717209,17.477691411972046,12.627427995204926,6.089221119880676,17.881836593151093,15.836149990558624,0.0,15.64559292793274,12.579469561576843,5.432873010635376,0.9534879326820374,240.0,213.0,3.0,146.0,255.0,46.0,64.0
2019-09-21 00:00:00+00:00,1346178814.0,5.18413672512e-06,0.0519217476684,81964425.0,18.518103659152985,46.191433787345886,1.5482757091522217,26.076191067695618,7.422113478183746,7.212258458137512,2.438501298427582,13.528685867786407,18.679356157779694,0.8783686757087708,7.118116915225983,8.103043913841248,0.0,0.747271716594696,152.0,237.0,8.0,141.0,154.0,20.0,48.0
2019-09-22 00:00:00+00:00,1273314002.0,4.87749095707e-06,0.0491113718599,86152016.0,18.011625170707703,37.109416127204895,0.0,11.790568470954895,15.738872647285461,5.872711956501007,3.904454827308655,5.795429527759552,24.830806612968445,0.0,4.194974780082703,9.68153703212738,0.0,0.769366979598999,112.0,309.0,2.0,65.0,279.0,13.0,21.0
2019-09-23 00:00:00+00:00,1199502001.0,4.75968623768e-06,0.0462644632453,70372238.0,34.614488422870636,37.25247186422348,0.8650757074356079,19.771885573863983,20.21442949771881,15.855103731155396,4.062570512294769,6.510368287563324,11.421271562576294,0.0,5.873065769672394,0.0,2.9472142457962036,0.0,189.0,241.0,1.0,85.0,195.0,41.0,49.0
2019-09-24 00:00:00+00:00,974166906.0,4.37985098275e-06,0.0375733504174,118474845.0,27.391245305538177,25.05642980337143,1.5938379764556885,10.508497655391693,12.544802367687225,8.42778766155243,3.1717260479927063,8.007349967956543,12.591306984424591,0.9889960289001465,5.098366737365723,12.557651281356812,0.8428453803062439,0.726058840751648,191.0,201.0,11.0,59.0,307.0,23.0,41.0
2019-09-25 00:00:00+00:00,1021428554.0,4.648119248460001e-06,0.0393962191991,126192409.0,32.71795529127121,69.94921523332596,0.0,13.848212361335754,21.484872341156006,10.147453844547272,3.0726014971733093,12.60204529762268,23.635176837444305,3.419381558895111,6.080811142921448,0.8216153383255005,1.7350146770477295,3.188726305961609,177.0,411.0,12.0,66.0,143.0,25.0,51.0
2019-09-26 00:00:00+00:00,991171141.0,4.71685559713e-06,0.0382291990996,98838746.0,39.95868068933487,57.985651195049286,0.7806265354156494,15.852724730968475,19.757573902606964,16.32938927412033,4.789841949939728,7.096342086791992,26.16157740354538,0.0,5.715066134929657,5.4354313015937805,0.0,1.534123718738556,165.0,370.0,7.0,74.0,150.0,31.0,42.0
2019-09-27 00:00:00+00:00,1024951252.0,4.79350417389e-06,0.0395320887291,80670014.0,24.05963772535324,33.041118919849396,0.8259202241897583,19.60333478450775,11.20852929353714,10.590325057506561,3.073757827281952,8.76809173822403,13.399159491062164,0.7708449363708496,6.485650062561035,1.6864254474639893,0.8839882612228394,2.2564605474472046,157.0,226.0,2.0,78.0,132.0,20.0,59.0
2019-09-28 00:00:00+00:00,1006662551.0,4.713803847010001e-06,0.0388266985214,39805245.0,31.46691459417343,96.82951366901398,0.7579464912414551,1.451402187347412,13.344472825527191,10.994994759559631,7.620741248130798,5.50766921043396,37.560652792453766,0.0,0.8279867172241211,0.723713755607605,0.0,6.98685485124588,149.0,511.0,1.0,15.0,105.0,23.0,84.0
2019-09-29 00:00:00+00:00,971587200.0,4.6239887862599645e-06,0.0374738518438,43318940.0,21.933464467525482,57.41091442108154,0.0,0.0,10.428682446479797,10.341424822807312,6.835559368133545,1.5155476331710815,23.591395914554596,0.7684751152992249,0.0,0.7881977558135986,0.0,2.3223042488098145,118.0,332.0,5.0,0.0,154.0,18.0,60.0
2019-09-30 00:00:00+00:00,1008182342.0,4.691597868449999e-06,0.0388853164576,57274489.0,40.2078891992569,78.03541702032089,0.0,0.0,23.900825202465057,24.052814543247223,6.134300172328949,9.94607561826706,29.73510730266571,0.0,0.0,4.54101699590683,1.6893084049224854,1.5204628705978394,177.0,390.0,5.0,0.0,219.0,54.0,61.0
2019-10-01 00:00:00+00:00,998363540.0,4.6198539996400004e-06,0.038506607947,38320345.0,35.982637882232666,74.47067886590958,0.0,3.991368353366852,10.125917434692383,17.34886598587036,9.075356602668762,6.320263385772705,32.72037607431412,0.9147243499755859,3.41316020488739,1.5196303129196167,0.0,0.7450204491615295,187.0,400.0,6.0,22.0,167.0,32.0,103.0
2019-10-02 00:00:00+00:00,1022702346.0,4.7005895629e-06,0.03944534904,36838965.0,18.478525280952454,49.78616040945053,0.0,12.258148849010468,13.451705276966095,6.5367351770401,7.363765776157379,5.594191789627075,20.19874995946884,0.0,4.785591185092926,1.462952733039856,0.8621177077293396,0.713979184627533,143.0,313.0,5.0,57.0,208.0,16.0,72.0
2019-10-03 00:00:00+00:00,994611866.0,4.644582912313377e-06,0.038361906904,37086439.0,21.847221076488495,27.573141872882843,0.0,15.462649285793304,10.536350905895233,9.351653754711151,7.551271915435791,11.887346923351288,10.568837642669678,0.0,9.931857347488403,2.212029457092285,3.257978677749634,3.7660491466522217,162.0,144.0,0.0,98.0,138.0,27.0,84.0
2019-10-04 00:00:00+00:00,1028437473.0,4.83657793701e-06,0.0396665512803,48050293.0,37.604912638664246,64.12782853841782,0.0,27.399991154670715,31.25487631559372,17.14997011423111,7.083029091358185,12.316200137138367,27.555980026721954,0.0,18.44524174928665,4.7386674880981445,0.9351409673690796,3.89034640789032,234.0,344.0,1.0,180.0,288.0,43.0,71.0
2019-10-05 00:00:00+00:00,1030084921.0,4.88174934818e-06,0.0397300929076,37111642.0,23.547241151332855,72.7170758843422,0.0,18.43435573577881,14.262442767620087,9.924501061439514,2.981497824192047,8.193967580795288,30.413560926914215,0.0,21.39689075946808,2.886388123035431,0.0,0.7229253053665161,182.0,400.0,4.0,154.0,177.0,19.0,73.0
2019-10-06 00:00:00+00:00,1019553042.0,4.930112525080001e-06,0.0393238812148,38119872.0,15.053472876548767,37.20218342542648,1.7018042206764221,13.053477585315704,24.61680555343628,4.614467978477478,2.1770183444023132,5.704864859580994,14.081845343112946,0.0,8.434270739555359,2.9477296471595764,0.0,0.7316604256629944,177.0,195.0,3.0,83.0,253.0,15.0,81.0
2019-10-07 00:00:00+00:00,1080435862.0,5.05657130183e-06,0.0416721149149,69132008.0,35.838469088077545,25.833700239658356,0.0,27.80647301673889,41.939936339855194,14.247141122817993,3.076406717300415,13.208875477313995,10.459406077861786,0.8292030692100525,10.402140438556671,9.786181330680847,1.469357669353485,1.626602053642273,270.0,141.0,3.0,155.0,409.0,45.0,70.0
2019-10-08 00:00:00+00:00,1074443874.0,5.03440216907e-06,0.041441005563,56654019.0,22.097241818904877,39.44732308387756,0.0,20.879688382148743,20.71032679080963,3.131657838821411,6.631402254104614,7.060301840305328,21.19736784696579,0.0,6.452830731868744,5.451615333557129,1.4604209065437317,2.2371171712875366,216.0,214.0,0.0,128.0,278.0,14.0,97.0
2019-10-09 00:00:00+00:00,1105241985.0,4.962293134000001e-06,0.042628880257,61997644.0,31.891618609428406,34.56992119550705,0.0,5.534732282161713,39.11480861902237,6.184429824352264,9.066293060779572,18.600048422813416,20.664905846118927,0.8914048075675964,5.443980932235718,10.957936882972717,0.8327314257621765,2.9952422380447388,270.0,228.0,7.0,50.0,516.0,14.0,85.0
2019-10-10 00:00:00+00:00,1080140961.0,4.85454362364e-06,0.0416607406543,51703356.0,18.55453199148178,34.819013237953186,0.0,14.271737396717072,19.160919308662415,7.737739622592926,3.7928045988082886,7.129188299179077,6.809342265129089,0.0,4.790075480937958,5.441681444644928,1.5056791305541992,1.5549210906028748,169.0,152.0,0.0,84.0,284.0,26.0,75.0
2019-10-11 00:00:00+00:00,1053231669.0,4.8951053738e-06,0.0406228566424,46907954.0,23.412097334861755,34.31518739461899,0.0,17.323627710342407,14.861816048622131,9.118804574012756,3.751381278038025,8.809344589710236,14.308576703071594,0.0,9.698411107063293,1.5702210068702698,2.482728064060211,1.564461886882782,185.0,210.0,0.0,95.0,180.0,26.0,73.0
2019-10-12 00:00:00+00:00,1051143062.0,4.865156242590001e-06,0.040542299656,34809571.0,12.769069910049438,18.35072296857834,0.0,13.254498422145844,13.217036485671997,1.7377415895462036,3.671726167201996,8.721083521842957,10.89057344198227,0.0,7.921384274959564,4.563672959804535,0.7862030267715454,2.2945749163627625,131.0,89.0,0.0,79.0,136.0,6.0,71.0
2019-10-13 00:00:00+00:00,1071428262.0,4.970991267839999e-06,0.0413246942352,34184264.0,16.441785633563995,19.380168199539185,0.0,29.388365387916565,5.931746542453766,1.6771112084388733,7.6507808566093445,7.774084210395813,17.60957533121109,0.0,18.863257586956024,0.0,0.0,2.1420496702194214,145.0,155.0,0.0,167.0,121.0,3.0,71.0
2019-10-14 00:00:00+00:00,1083474445.0,4.98994832021e-06,0.0417893122038,41060020.0,16.173352479934692,39.13579362630844,0.0,8.203372359275818,15.343848288059235,5.182278871536255,4.723827958106995,4.59827196598053,17.62919157743454,0.0,8.286143362522125,1.454580307006836,0.0,2.2412439584732056,162.0,208.0,0.0,63.0,212.0,17.0,89.0
2019-10-15 00:00:00+00:00,1031011908.0,4.84972433405e-06,0.0397658465479,47200973.0,11.503957390785217,31.009706139564514,0.0,11.159302651882172,12.430618643760681,0.8085423707962036,3.0970191955566406,10.827385544776917,17.762273907661438,0.0,4.717122316360474,6.006983816623688,1.6700759530067444,3.6780431270599365,138.0,202.0,0.0,65.0,246.0,6.0,69.0
2019-10-16 00:00:00+00:00,1004433805.0,4.816738819280001e-06,0.0387407364161,44617563.0,25.788197457790375,56.46988767385483,0.7704559564590454,17.09203416109085,13.826039910316467,5.618393301963806,7.969491183757782,13.313008546829224,62.09164410829544,0.9433646202087402,2.4770883321762085,2.2397106289863586,0.0,1.5419257879257202,184.0,469.0,8.0,67.0,188.0,9.0,76.0
2019-10-17 00:00:00+00:00,1024746317.0,4.8797054609e-06,0.0395241844087,36229682.0,27.997285068035126,61.939807653427124,0.79524165391922,13.603691399097443,19.13445496559143,11.460278928279877,6.412858307361603,4.0378894209861755,16.992044270038605,0.0,7.92999666929245,2.3648995757102966,0.0,0.0,157.0,278.0,2.0,87.0,174.0,26.0,59.0
2019-10-18 00:00:00+00:00,987128932.0,4.77628185282e-06,0.0380732921868,39606481.0,37.391359090805054,73.80116844177246,0.0,20.585509181022644,19.41630506515503,24.34054869413376,6.784071147441864,8.118038415908813,33.27759325504303,0.0,7.349982857704163,5.31710010766983,1.6371023654937744,0.0,182.0,407.0,2.0,115.0,161.0,57.0,54.0
2019-10-19 00:00:00+00:00,1016991740.0,4.910509604579999e-06,0.0392250925117,40431590.0,21.40015935897827,37.91897577047348,0.0,20.203191101551056,21.279170155525208,5.614635705947876,6.031653821468353,4.057432472705841,24.316799223423004,0.0,5.824910402297974,2.177316665649414,0.8772456645965576,0.7201666235923767,166.0,224.0,6.0,84.0,209.0,17.0,67.0
2019-10-20 00:00:00+00:00,1024858733.0,4.80776685614e-06,0.0395285202716,33137956.0,12.021008014678955,28.081434071063995,2.3080406188964844,17.346479058265686,9.65124249458313,0.8843172192573547,5.582749724388123,6.484306812286377,17.89736646413803,2.49545681476593,4.3184985518455505,4.966580092906952,0.0,0.0,126.0,177.0,10.0,90.0,156.0,3.0,54.0
2019-10-21 00:00:00+00:00,1018420796.0,4.76809165425e-06,0.0392802108203,36963295.0,16.672098636627197,28.275396049022675,0.0,12.239124536514282,14.24326503276825,3.1905723214149475,4.590413570404053,4.7081504464149475,15.629692554473877,0.0,4.1136950850486755,3.640095055103302,0.0,0.7468169331550598,142.0,196.0,0.0,53.0,132.0,14.0,64.0
2019-10-22 00:00:00+00:00,1006380702.0,4.809667025830001e-06,0.0388158276986,39376928.0,15.714966773986816,34.55030220746994,0.0,20.23552292585373,5.9564109444618225,4.694877564907074,5.616646707057953,5.419246017932892,22.66061580181122,0.0,7.456475734710693,3.693017840385437,0.8507285714149475,2.2030420899391174,166.0,190.0,3.0,79.0,199.0,10.0,79.0
2019-10-23 00:00:00+00:00,943980592.0,4.86436155842e-06,0.03640907257,48257597.0,20.726697027683258,39.5393061041832,6.593604505062103,13.979359984397888,12.666896641254425,5.638876378536224,3.0025585293769836,3.6871057748794556,11.195828795433044,0.0,9.749942243099213,3.6429725289344788,0.0,0.726414680480957,102.0,168.0,11.0,104.0,152.0,11.0,40.0
2019-10-24 00:00:00+00:00,977063810.0,5.03144552029e-06,0.037685083215,49800737.0,26.493421256542206,34.46879333257675,0.0,20.173065781593323,16.6472749710083,7.223661422729492,5.051516890525818,3.9057170748710632,18.638117790222168,0.7938035130500793,7.253211855888367,11.367320895195007,0.0,0.0,170.0,227.0,9.0,87.0,208.0,19.0,54.0
2019-10-25 00:00:00+00:00,1068705918.0,4.7556189495714074e-06,0.041219694165,80445381.0,14.156142592430115,18.643229484558105,0.7526155710220337,16.014500081539154,12.525983333587646,4.757416665554047,3.0645480155944824,5.732640862464905,10.69333267211914,0.0,8.946339190006256,3.1160136461257935,0.9268525242805481,3.1477941274642944,118.0,116.0,10.0,68.0,214.0,14.0,56.0
2019-10-26 00:00:00+00:00,1051275057.0,4.38440524627e-06,0.0405473906613,122861124.0,17.67702805995941,37.59614938497543,0.0,9.200781285762787,20.197180569171906,5.403490126132965,6.692036807537079,4.036628365516663,10.023475706577301,0.0,5.588522851467133,5.090186536312103,0.0,1.4798928499221802,120.0,165.0,7.0,49.0,322.0,10.0,53.0
2019-10-27 00:00:00+00:00,1097616330.0,4.42585261383e-06,0.042334760824,122643092.0,12.899474501609802,34.681640803813934,0.0,11.145214021205902,12.947992444038391,3.0071094632148743,5.32456511259079,4.724699974060059,15.499626517295837,0.7667521834373474,3.208957552909851,4.627718210220337,0.0,0.7255314588546753,116.0,182.0,6.0,35.0,193.0,5.0,47.0
2019-10-28 00:00:00+00:00,1098341832.0,4.5832929553400005e-06,0.0423627432532,101906301.0,9.103572726249695,29.621747612953186,0.0,6.799947381019592,13.481588780879974,4.331697702407837,3.9176263213157654,1.5094400644302368,20.870664715766907,0.0,5.663122475147247,2.967657506465912,0.0,0.0,126.0,217.0,1.0,62.0,141.0,7.0,62.0
2019-10-29 00:00:00+00:00,1126380669.0,4.60619796013e-06,0.0434441935202,83357024.0,29.444591224193573,47.63080590963364,1.531822383403778,26.05102902650833,7.446312963962555,3.0612509846687317,4.854481816291809,7.294261574745178,23.740285992622375,0.7317482233047485,17.196945548057556,0.776582658290863,0.7607082724571228,0.0,154.0,256.0,13.0,127.0,137.0,10.0,39.0
2019-10-30 00:00:00+00:00,1088083801.0,4.55559428948e-06,0.0419670938249,87541890.0,63.29785895347595,29.15083533525467,0.0,26.42805927991867,50.12973177433014,8.372888028621674,2.1809876561164856,7.886945605278015,9.658571660518646,0.0,15.334004521369934,0.776810884475708,0.8205447793006897,0.7521353363990784,207.0,144.0,0.0,153.0,192.0,22.0,36.0
2019-10-31 00:00:00+00:00,1079489291.0,4.52761078069e-06,0.0416356059166,65333066.0,22.68019610643387,40.99515742063522,0.0,17.794379711151123,2.137885332107544,11.646961569786072,7.729760706424713,4.958009421825409,46.45213741064072,0.0,11.077975332736969,2.3695847392082214,0.0,0.0,127.0,302.0,1.0,88.0,104.0,29.0,53.0
2019-11-01 00:00:00+00:00,1097653379.0,4.572049880647275e-06,0.042336189773,60891300.0,22.006815373897552,19.04289883375168,1.5564963817596436,16.331087291240692,8.93978214263916,5.566083133220673,12.353890717029572,20.524828791618347,13.076944947242737,3.4307720065116882,16.288560330867767,13.654713451862335,0.0,1.5228000283241272,159.0,140.0,15.0,89.0,98.0,10.0,73.0
2019-11-02 00:00:00+00:00,1104469762.0,4.5683421523499995e-06,0.0425990958444,47127524.0,14.335456848144531,16.973785400390625,0.0,15.254574298858643,6.681204378604889,4.345852077007294,4.092156708240509,9.911505401134491,17.182919085025787,0.9441817402839661,14.524180114269257,0.7790130376815796,0.7604418396949768,0.0,126.0,170.0,3.0,94.0,57.0,10.0,56.0
2019-11-03 00:00:00+00:00,1087128847.0,4.54130467292e-06,0.0419302615091,38559537.0,21.493037343025208,66.58625054359436,0.0,40.15917247533798,0.0,6.375581800937653,8.452661991119385,4.123817026615143,38.972582280635834,0.0,22.524701833724976,0.0,0.0,0.0,148.0,456.0,0.0,210.0,17.0,15.0,62.0
2019-11-04 00:00:00+00:00,1120989388.0,4.58783094046e-06,0.0432362532941,62120502.0,16.12687385082245,43.81075602769852,0.912480354309082,18.50949865579605,2.2261953949928284,0.8201406598091125,12.054065525531769,6.180038213729858,23.618229150772095,0.0,9.323691129684448,0.7648400068283081,0.7073991894721985,0.7047728896141052,144.0,250.0,5.0,110.0,68.0,8.0,83.0
2019-11-05 00:00:00+00:00,1149307855.0,4.7427494835999996e-06,0.0443284887767,82868890.0,27.291953086853027,62.20579957962036,0.0,18.389528691768646,6.7159993052482605,15.827471494674683,5.548236787319183,3.895528733730316,18.74639219045639,0.0,8.850335955619812,4.382588863372803,0.710663378238678,0.0,131.0,251.0,6.0,99.0,89.0,27.0,45.0
2019-11-06 00:00:00+00:00,1165576445.0,4.80389327094e-06,0.0449559638423,71743244.0,18.897793352603912,38.7231907248497,0.0,19.420999586582184,10.155768394470215,6.395823836326599,6.305715978145599,5.169731616973877,12.772779881954193,0.0,16.390709400177002,3.685939610004425,0.0,0.0,131.0,210.0,8.0,119.0,84.0,14.0,42.0
2019-11-07 00:00:00+00:00,1131378702.0,4.7080543533199995e-06,0.0436369662697,63525683.0,22.499053239822388,43.34693479537964,3.991009771823883,26.671033143997192,3.749201476573944,7.213740289211273,3.889602303504944,5.49098938703537,18.324250161647797,0.7565537691116333,21.81453150510788,2.899622917175293,0.0,0.7331190705299377,116.0,244.0,9.0,153.0,68.0,13.0,43.0
2019-11-08 00:00:00+00:00,1096640030.0,4.80593706817e-06,0.0422971052138,70275427.0,21.130907475948334,53.812628507614136,3.8921884298324585,20.979823648929596,5.260477602481842,6.292970359325409,6.783427536487579,7.863057255744934,22.24255508184433,0.8147414326667786,8.039149224758148,1.494757354259491,0.0,1.5080323815345764,122.0,406.0,15.0,95.0,64.0,13.0,42.0
2019-11-09 00:00:00+00:00,1100287285.0,4.815043016832601e-06,0.0424377788062,41375472.0,27.576385259628296,66.3447517156601,0.0,16.526521265506744,2.2104355692863464,12.215057671070099,3.8495689630508423,9.534115374088287,10.386671006679535,0.0,15.794812977313995,0.7178993225097656,1.6374131441116333,0.7081894278526306,132.0,320.0,1.0,91.0,51.0,25.0,39.0
2019-11-10 00:00:00+00:00,1139696015.0,4.8529363508300005e-06,0.043957762754,71691724.0,17.585373997688293,44.1814369559288,0.0,28.19502943754196,8.654923021793365,0.7354323267936707,2.379856050014496,7.667409121990204,27.204848766326904,0.0,12.63153451681137,1.4757182002067566,0.8490686416625977,0.7443193197250366,158.0,307.0,17.0,118.0,69.0,12.0,49.0
2019-11-11 00:00:00+00:00,1119896696.0,4.9342308832299995e-06,0.0431941084373,57846910.0,20.88400799036026,86.60609430074692,0.7838903069496155,22.61920601129532,3.98297381401062,5.876223802566528,3.8135375380516052,11.106414079666138,32.40068918466568,0.7881309390068054,18.3621084690094,2.884214997291565,0.795844316482544,0.8655778765678406,150.0,400.0,8.0,125.0,70.0,15.0,45.0
2019-11-12 00:00:00+00:00,1134751209.0,4.96538545498e-06,0.0437670429565,79520150.0,36.07462453842163,117.89538604021072,4.778621017932892,40.142871260643005,14.000351548194885,5.186560153961182,3.9593253135681152,19.89859265089035,42.01319146156311,4.122939050197601,19.433861792087555,9.087281286716461,2.271006405353546,0.0,231.0,548.0,26.0,183.0,156.0,17.0,38.0
2019-11-13 00:00:00+00:00,1127538698.0,4.937279961702079e-06,0.043488858345,42337031.0,20.85479301214218,82.62373864650726,2.367325246334076,36.01907795667648,4.739417374134064,6.442163109779358,3.053846299648285,12.86055201292038,25.255026876926422,4.412785291671753,18.698722541332245,0.0,2.38733834028244,3.1118208169937134,139.0,421.0,11.0,158.0,49.0,17.0,48.0
2019-11-14 00:00:00+00:00,1117958882.0,4.95535515941e-06,0.0431193674838,53295194.0,27.498754680156708,59.83733892440796,0.0,32.19548761844635,9.495579063892365,3.106881618499756,7.91778290271759,11.208145499229431,28.41101998090744,0.0,13.826857507228851,0.8406757712364197,0.707050621509552,2.3443685173988342,163.0,318.0,0.0,194.0,61.0,9.0,44.0
2019-11-15 00:00:00+00:00,1140128777.0,5.183800233260001e-06,0.0439744542433,81592975.0,42.465913355350494,187.5569971203804,2.426514983177185,47.43164271116257,18.711893618106842,14.119753003120422,0.7271840572357178,19.54308432340622,124.89692038297653,0.9131579995155334,32.110630214214325,6.986035525798798,4.062142550945282,0.0,281.0,1011.0,16.0,238.0,226.0,45.0,54.0
2019-11-16 00:00:00+00:00,1145239519.0,5.16354577153e-06,0.04417157416,61781146.0,26.80790603160858,87.7039715051651,1.6439614295959473,22.69190514087677,10.636265754699707,9.625011026859283,5.007288157939911,14.2020702958107,92.77827632427216,1.467957854270935,16.969971895217896,4.692317545413971,3.215208053588867,1.4161513447761536,198.0,684.0,8.0,165.0,148.0,25.0,41.0
2019-11-17 00:00:00+00:00,1177627885.0,5.29471637335e-06,0.0454207845676,74834540.0,38.82581180334091,47.13519489765167,0.0,42.645923495292664,29.325822114944458,1.5667123794555664,5.6269614696502686,14.93344658613205,29.861370503902435,0.0,23.343808710575104,9.100713551044464,0.7424072623252869,0.740039050579071,353.0,377.0,13.0,228.0,283.0,7.0,53.0
2019-11-18 00:00:00+00:00,1135647863.0,5.27168034944e-06,0.0438016266485,106595679.0,47.231044828891754,69.08412528038025,3.8930094242095947,32.17355006933212,32.691005647182465,8.20799458026886,9.197343111038208,20.27228182554245,33.28174835443497,0.7664835453033447,12.037263035774231,10.19569718837738,0.8365674614906311,1.4494634866714478,360.0,391.0,14.0,165.0,356.0,16.0,51.0
2019-11-19 00:00:00+00:00,1102995484.0,5.18147972521e-06,0.0425422333343,91311583.0,13.39146900177002,47.597102880477905,0.0,19.30208945274353,9.619690418243408,7.174281060695648,0.8283355832099915,8.312332272529602,27.79335981607437,0.0,13.806543409824371,3.94961279630661,1.692722737789154,0.7355665564537048,134.0,279.0,4.0,113.0,123.0,23.0,45.0
2019-11-20 00:00:00+00:00,1067634701.0,5.06344820633e-06,0.0411783776152,69854303.0,25.2756290435791,35.74710297584534,0.0,21.975120425224304,7.406563460826874,9.666746258735657,6.83393794298172,10.180798947811127,28.216189801692963,0.0,15.256350338459015,1.638171136379242,1.660632073879242,0.7399076819419861,172.0,288.0,2.0,121.0,101.0,30.0,59.0
2019-11-21 00:00:00+00:00,995755249.0,5.02868625472e-06,0.0384060068975,67101708.0,23.585341691970825,43.80468726158142,0.0,17.73722243309021,14.599719285964966,7.933607757091522,5.669698894023895,15.557089269161224,32.728066861629486,0.0,7.822231411933899,4.2200154066085815,5.729424893856049,0.7215625047683716,188.0,433.0,0.0,102.0,154.0,35.0,59.0
2019-11-22 00:00:00+00:00,963130805.0,5.0937266042299995e-06,0.0371476910282,93310135.0,30.733755826950073,48.12286412715912,0.0,9.949377298355103,15.071446359157562,16.59049654006958,1.4963746070861816,8.839105010032654,39.10939580202103,0.0,4.216038525104523,4.531331241130829,0.0,0.7757931351661682,201.0,497.0,2.0,51.0,216.0,34.0,51.0
2019-11-23 00:00:00+00:00,994122170.0,5.18665592598e-06,0.0383430194672,58979321.0,29.88234233856201,12.997894167900085,1.865948498249054,36.07932531833649,16.79309982061386,7.401932418346405,1.6502414345741272,13.744348406791687,8.988676726818085,0.7351292371749878,19.268839180469513,8.040203511714935,3.998837471008301,0.0,225.0,124.0,5.0,192.0,148.0,24.0,35.0
2019-11-24 00:00:00+00:00,922680695.0,5.072025125219999e-06,0.0355875413739,62998664.0,13.558713495731354,42.30878645181656,0.0,24.86555677652359,5.581645846366882,3.3190329670906067,3.107673168182373,6.258237600326538,15.775551438331604,0.7362807989120483,11.548290312290192,0.7306557893753052,0.0,1.4012317657470703,134.0,208.0,2.0,149.0,73.0,9.0,47.0
2019-11-25 00:00:00+00:00,934626616.0,5.04963696234e-06,0.0360482922559,96694224.0,12.375523567199707,34.746706426143646,0.0,23.601588189601898,9.700124323368073,5.945064902305603,1.6722254753112793,6.224605143070221,20.178307950496674,0.0,8.130503475666046,0.8312553763389587,1.4597051739692688,1.4753997325897217,153.0,259.0,3.0,99.0,127.0,19.0,40.0
2019-11-26 00:00:00+00:00,959117573.0,5.11643828519e-06,0.0369929017583,57431469.0,21.550678074359894,39.13953644037247,0.875960648059845,24.380980014801025,3.9927661418914795,6.15829861164093,5.587917149066925,1.6114691495895386,19.286716163158417,0.0,11.471022129058838,0.7605863213539124,0.0,1.5151190161705017,96.0,272.0,2.0,92.0,39.0,11.0,42.0
2019-11-27 00:00:00+00:00,1012420887.0,5.19197937705e-06,0.039048795962,76841561.0,31.713970184326172,67.33706068992615,0.8680747747421265,25.209272384643555,11.986984312534332,18.933927297592163,5.335991263389587,7.682227075099945,34.91438174247742,0.0,14.111878752708435,7.640798449516296,0.0,0.7297247052192688,171.0,351.0,4.0,105.0,162.0,30.0,47.0
2019-11-28 00:00:00+00:00,1016079671.0,5.25061589503e-06,0.0391899142669,60743402.0,38.354186058044434,141.03536170721054,2.965518891811371,23.883934378623962,12.683128714561462,19.6956148147583,5.057774066925049,6.233804106712341,67.61317479610443,0.0,7.404796123504639,0.0,1.6302371621131897,2.1625781655311584,197.0,658.0,10.0,129.0,107.0,55.0,44.0
2019-11-29 00:00:00+00:00,1073986623.0,5.33781690004e-06,0.0414233695222,99506198.0,55.34327083826065,130.99517661333084,1.6351332664489746,51.04167264699936,37.530459225177765,17.825332403182983,2.1838338375091553,54.83388310670853,92.89258551597595,3.3756409287452698,71.9356244802475,19.508558809757233,4.365337252616882,3.0716046690940857,514.0,842.0,29.0,383.0,453.0,47.0,54.0
2019-11-30 00:00:00+00:00,1048107282.0,5.34737959906e-06,0.0404252104196,64184925.0,26.52096527814865,53.247567653656006,0.0,54.26927030086517,9.835313260555267,7.302887678146362,2.2579036951065063,19.108057379722595,38.829089522361755,1.4427520036697388,54.540799379348755,2.9925427436828613,0.8369733095169067,1.58136785030365,198.0,376.0,5.0,296.0,108.0,13.0,45.0
2019-12-01 00:00:00+00:00,1026365437.0,5.336184099869999e-06,0.039586633425,59641355.0,15.154623746871948,33.41803753376007,0.0,12.769833326339722,18.520594596862793,2.4045459032058716,3.0166014432907104,10.797156929969788,18.25246149301529,0.914055585861206,11.459812045097351,4.878340840339661,0.0,0.0,179.0,217.0,16.0,97.0,159.0,10.0,28.0
2019-12-02 00:00:00+00:00,986684919.0,5.20318986921e-06,0.038056166743,43069273.0,11.370906829833984,46.98969757556915,0.0,13.783530056476593,12.74919068813324,2.692298471927643,2.409268319606781,13.197362124919891,28.820763051509857,0.0,9.650165617465973,6.59512984752655,0.0,0.0,137.0,290.0,0.0,74.0,116.0,4.0,40.0
2019-12-03 00:00:00+00:00,983080974.0,5.18737937364e-06,0.0379171635673,34356882.0,11.07629907131195,73.03076320886612,0.0,18.390503466129303,8.039589703083038,4.022653698921204,3.0023983120918274,6.195176839828491,45.87941747903824,0.0,13.482662856578827,1.4132260084152222,0.0,1.4552196860313416,77.0,491.0,5.0,94.0,43.0,10.0,25.0
2019-12-04 00:00:00+00:00,969802335.0,5.15148309049e-06,0.0374050101017,51692273.0,20.757889330387115,34.4569166302681,1.5165987014770508,19.358251750469208,23.76760321855545,8.065101742744446,1.4716879725456238,1.569360613822937,17.42217367887497,0.0,5.78169572353363,1.429940402507782,0.0,0.0,125.0,215.0,5.0,102.0,191.0,16.0,24.0
2019-12-05 00:00:00+00:00,981893635.0,5.09099767929e-06,0.0378713682431,39975671.0,31.184559047222137,101.5611327290535,0.0,23.685776233673096,10.178796410560608,17.198089838027954,2.9068410396575928,5.134259641170502,42.45172905921936,0.0,5.8363335728645325,0.8272736668586731,2.693880617618561,0.0,145.0,647.0,2.0,111.0,78.0,43.0,37.0
2019-12-06 00:00:00+00:00,993455157.0,5.07418965776e-06,0.0383172929827,30049656.0,20.40310174226761,50.04832458496094,0.0,15.272826075553894,3.7523128390312195,14.669559717178345,3.07247257232666,3.1654155254364014,28.145511090755463,0.0,4.776632249355316,0.7047887444496155,1.569951057434082,0.71768718957901,117.0,290.0,1.0,92.0,41.0,38.0,42.0
2019-12-07 00:00:00+00:00,1004866553.0,5.12910647024e-06,0.0387574273949,30151245.0,42.6243217587471,105.54690271615982,0.7691816687583923,27.27214753627777,5.332668364048004,24.850279569625854,2.9660415649414062,5.6227498054504395,47.376403748989105,0.7266368865966797,14.594987511634827,0.7705985307693481,2.438108801841736,0.0,187.0,558.0,6.0,154.0,49.0,59.0,43.0
2019-12-08 00:00:00+00:00,1009398977.0,5.148544866691516e-06,0.0389322417115,25701932.0,41.47080487012863,151.63578951358795,3.2311431169509888,55.384516417980194,2.4285215735435486,7.972642719745636,5.7910913825035095,23.20319700241089,67.52617698907852,1.523163914680481,39.89697474241257,0.0,4.950247943401337,0.0,249.0,804.0,14.0,403.0,25.0,25.0,33.0
2019-12-09 00:00:00+00:00,971820730.0,5.06748276063e-06,0.0374828590318,31176738.0,29.737394273281097,125.72456151247025,0.0,38.11002713441849,6.873698472976685,10.26961886882782,5.824630320072174,14.700084686279297,39.258202970027924,0.0,20.878355503082275,3.5901597142219543,1.4918421506881714,1.5334372520446777,172.0,567.0,0.0,193.0,38.0,23.0,55.0
2019-12-10 00:00:00+00:00,949093012.0,5.027040825850001e-06,0.0366062572143,32469759.0,25.391714990139008,65.68257766962051,0.8833439946174622,35.80885702371597,2.359107494354248,8.37104195356369,3.89818799495697,8.92469733953476,22.855243802070618,0.0,9.676721572875977,0.8708996176719666,2.4508575201034546,0.0,171.0,320.0,9.0,182.0,43.0,25.0,50.0
2019-12-11 00:00:00+00:00,950033211.0,5.077186152004244e-06,0.0366425203797,46790572.0,40.17179524898529,54.654236912727356,0.0,26.3008114695549,5.331285238265991,15.56299751996994,5.088763475418091,9.883773863315582,19.033185958862305,1.6283872723579407,10.261537373065948,2.1711955070495605,1.5298474431037903,2.456066310405731,196.0,306.0,3.0,170.0,63.0,37.0,46.0
2019-12-12 00:00:00+00:00,952124839.0,5.0700694016752574e-06,0.0367231939047,41806143.0,40.616176545619965,72.70654308795929,0.0,45.489395558834076,3.8720386028289795,11.965014457702637,9.717885136604309,10.510814487934113,32.978655219078064,0.0,10.89229965209961,0.7196027636528015,1.4915046691894531,0.7192889451980591,181.0,472.0,5.0,186.0,51.0,29.0,52.0
2019-12-13 00:00:00+00:00,962016093.0,5.1054029966948115e-06,0.0371046968873,42386882.0,39.410717725753784,86.99513459205627,0.0,47.49245494604111,7.3269935846328735,13.269747972488403,4.008192300796509,11.177280068397522,59.50429230928421,0.0,18.67028373479843,0.704667866230011,0.7943845987319946,0.7137556076049805,184.0,566.0,4.0,234.0,54.0,26.0,46.0
2019-12-14 00:00:00+00:00,944911075.0,5.11490541993642e-06,0.036444961025,40492941.0,19.84355938434601,55.999995052814484,0.0,28.2414231300354,7.390410602092743,4.7978774309158325,1.6658582091331482,8.483195304870605,7.720192492008209,0.0,9.631592273712158,3.281350255012512,0.0,0.0,118.0,235.0,1.0,138.0,46.0,8.0,31.0
2019-12-15 00:00:00+00:00,950315361.0,5.124700222395289e-06,0.0366534028512,28289227.0,9.760239958763123,101.94462233781815,1.6208372712135315,19.97827810049057,0.7591927647590637,1.7871264219284058,2.4691970348358154,4.35284811258316,45.80933898687363,0.8348476886749268,9.065209865570068,0.7790130376815796,0.0,0.7721826434135437,98.0,555.0,4.0,119.0,34.0,5.0,34.0
2019-12-16 00:00:00+00:00,888477488.0,4.943834533545877e-06,0.0342683330236,41954906.0,27.197450816631317,79.20074492692947,0.8530428409576416,38.014647126197815,9.484000444412231,9.308295965194702,5.461323857307434,10.53644198179245,25.882891595363617,0.0,19.107168436050415,4.410752534866333,0.8379266858100891,0.9119094610214233,174.0,442.0,4.0,233.0,135.0,23.0,48.0
2019-12-17 00:00:00+00:00,818382592.0,4.774311008833298e-06,0.0315647921464,53779656.0,37.15494519472122,182.5875108242035,1.4312255382537842,87.00918865203857,15.008210480213165,9.358238637447357,3.390887200832367,28.868561565876007,192.65903389453888,0.924504280090332,89.27723306417465,1.4790947437286377,0.0,1.560542643070221,241.0,1308.0,12.0,578.0,84.0,20.0,45.0
2019-12-18 00:00:00+00:00,893341227.0,4.7345235759612196e-06,0.0344559261292,61051823.0,34.66397500038147,189.71183568239212,0.0,72.74634140729904,3.7360070943832397,13.8314790725708,6.168708264827728,19.96064054965973,196.96903002262115,0.0,83.38137644529343,0.9342802166938782,4.115411162376404,1.6666332483291626,202.0,1316.0,4.0,477.0,58.0,36.0,47.0
2019-12-19 00:00:00+00:00,862099887.0,4.615763320996314e-06,0.0332509562016,43861871.0,36.7341148853302,125.27426689863205,0.8075883984565735,80.81729680299759,2.967787444591522,10.689565777778625,3.199078142642975,11.616397976875305,150.13855695724487,0.0,51.78491735458374,7.372693955898285,3.2864856123924255,1.4449691772460938,179.0,938.0,3.0,350.0,71.0,31.0,49.0
2019-12-20 00:00:00+00:00,881525919.0,4.709942893965047e-06,0.0340002129438,32900317.0,39.59871017932892,109.62942373752594,0.0,51.45315766334534,5.194001138210297,16.08782869577408,7.533055365085602,16.112532317638397,79.19991409778595,0.9650652408599854,61.07521003484726,1.407646656036377,3.2747960090637207,0.9788294434547424,186.0,659.0,1.0,377.0,44.0,33.0,32.0
2019-12-21 00:00:00+00:00,862476127.0,4.6258843855271785e-06,0.0332654676762,25265116.0,18.616678535938263,130.09064203500748,0.0,36.54239344596863,2.2646421790122986,8.709081709384918,4.032926261425018,6.693715214729309,87.0089066028595,1.7755924463272095,22.540310621261597,0.7924559116363525,0.0,0.0,126.0,686.0,4.0,210.0,18.0,19.0,33.0
2019-12-22 00:00:00+00:00,893674801.0,4.5872302335763294e-06,0.0344687919908,24838763.0,16.657737910747528,148.23663729429245,0.0,32.49399387836456,2.8930558562278748,5.532329559326172,3.868350088596344,4.185121297836304,118.06890505552292,0.0,22.488623321056366,2.4058870673179626,0.8662394881248474,0.0,132.0,804.0,4.0,203.0,42.0,13.0,38.0
2019-12-23 00:00:00+00:00,860657903.0,4.5136750253289774e-06,0.0331953392797,36514355.0,25.61126309633255,154.94812619686127,0.0,40.12884998321533,6.795114159584045,8.521232068538666,9.872272610664368,16.77809888124466,87.00448071956635,0.0,34.75356841087341,1.5267082452774048,1.7962522506713867,0.7301911115646362,173.0,874.0,1.0,254.0,55.0,28.0,51.0
2019-12-24 00:00:00+00:00,884909447.0,4.67004866744238e-06,0.0341307146746,30903402.0,38.73074406385422,64.15018808841705,0.7849205732345581,50.03588688373566,3.878247559070587,23.65824180841446,4.0851234793663025,12.721047699451447,68.58826899528503,2.2314164638519287,42.140453934669495,0.0,4.0941837430000305,0.0,207.0,422.0,7.0,315.0,45.0,53.0,34.0
2019-12-25 00:00:00+00:00,873384563.0,4.628779392245719e-06,0.03368620306,22553329.0,29.300239145755768,73.90443408489227,0.0,42.43664240837097,3.885486900806427,14.44442993402481,2.6214423179626465,7.150404989719391,59.02635860443115,0.0,20.333301723003387,0.0,0.7238599061965942,0.8335462212562561,161.0,453.0,1.0,216.0,23.0,26.0,50.0
2019-12-26 00:00:00+00:00,889009319.0,4.7352832575702505e-06,0.0342888456219,28333309.0,26.67608517408371,95.23697263002396,0.0,52.434304773807526,5.247184216976166,8.525917053222656,2.4121845364570618,10.775614202022552,59.49442446231842,2.9126428365707397,14.248611450195312,1.6729422211647034,0.8866780400276184,1.4610669016838074,173.0,490.0,5.0,218.0,61.0,21.0,44.0
2019-12-27 00:00:00+00:00,858839385.0,4.542397708511782e-06,0.0331251995243,43272965.0,24.540160417556763,102.80569738149643,0.890734076499939,54.75827658176422,9.02438497543335,4.139163374900818,0.7120155692100525,11.67627203464508,45.03348350524902,0.8042110800743103,31.697488963603973,4.510214626789093,0.7861139178276062,0.7439172267913818,177.0,531.0,8.0,284.0,74.0,15.0,41.0
2019-12-28 00:00:00+00:00,871982592.0,4.595815144592247e-06,0.0336321294266,23018616.0,23.63305640220642,100.5411165356636,0.0,53.42677652835846,6.015964210033417,7.983221709728241,2.504518210887909,5.532739162445068,55.41904079914093,0.0,26.545764565467834,2.3468181490898132,0.0,0.7234376668930054,180.0,589.0,0.0,269.0,66.0,25.0,38.0
2019-12-29 00:00:00+00:00,888720513.0,4.6194671593416935e-06,0.0342777064578,23693716.0,24.53579831123352,92.67456835508347,0.0,48.078273236751556,0.0,11.314653992652893,6.271706402301788,6.571446716785431,62.92680650949478,0.0,17.902285516262054,0.0,0.0,0.7990915775299072,134.0,469.0,0.0,248.0,3.0,28.0,37.0
2019-12-30 00:00:00+00:00,872270616.0,4.608237161116162e-06,0.0336432384495,21937766.0,21.248377561569214,78.81281864643097,0.7851628661155701,50.24436616897583,2.1799771189689636,4.262393653392792,6.364251613616943,5.431643128395081,33.58388411998749,0.7951446771621704,19.986555993556976,1.5416160225868225,0.0,1.4300251007080078,107.0,447.0,2.0,188.0,8.0,7.0,57.0
2019-12-31 00:00:00+00:00,852214874.0,4.5668322271787334e-06,0.0328696939518,25372193.0,27.581562280654907,58.53698492050171,0.0,74.39583420753479,1.4362767934799194,9.110831141471863,6.167949020862579,9.822346806526184,25.778452336788177,0.0,35.95992857217789,0.0,0.7392539381980896,0.7333089709281921,197.0,305.0,0.0,353.0,11.0,27.0,53.0
2020-01-01 00:00:00+00:00,866845251.0,4.64328550002403e-06,0.0334339835746,23620299.0,28.80130386352539,106.97316652536392,0.8758420944213867,20.91502606868744,4.626677215099335,15.898373246192932,3.7969846725463867,6.3698190450668335,56.01320958137512,0.0,13.613158404827118,0.7302461862564087,1.6881290078163147,0.8190362453460693,195.0,517.0,1.0,141.0,78.0,53.0,42.0
2020-01-02 00:00:00+00:00,849142417.0,4.688473381825423e-06,0.0327511901574,20843934.0,26.280634999275208,33.14372009038925,0.0,35.42585635185242,6.111608803272247,14.527199506759644,5.486725986003876,7.117456614971161,15.63118577003479,0.0,27.676894307136536,1.4387385845184326,0.8220864534378052,0.0,164.0,181.0,0.0,210.0,27.0,33.0,49.0
2020-01-03 00:00:00+00:00,886095212.0,4.65165934841059e-06,0.0341764493038,30154787.0,22.10011500120163,83.27428835630417,0.0,42.7124782204628,2.3695364594459534,8.090162873268127,5.267131268978119,8.206673622131348,35.77149724960327,0.0,24.99247056245804,3.234293818473816,0.8606606125831604,1.4976175427436829,147.0,410.0,0.0,215.0,55.0,29.0,45.0
2020-01-04 00:00:00+00:00,896411616.0,4.665619804384318e-06,0.0345743501817,29525570.0,15.92820292711258,76.50211066007614,0.0,39.75028604269028,6.163131773471832,5.8302382826805115,3.067895531654358,10.98320323228836,48.82505601644516,0.9391567707061768,23.195629239082336,0.0,0.837968647480011,2.3302648067474365,148.0,385.0,7.0,239.0,28.0,13.0,52.0
2020-01-05 00:00:00+00:00,900044589.0,4.684300510007293e-06,0.034714472965,21458100.0,14.626027703285217,89.74295473098755,0.0,36.976331770420074,3.0723162293434143,4.276275038719177,3.8627995252609253,6.120841979980469,66.90764057636261,0.0,34.03953266143799,0.0,0.0,0.701066255569458,112.0,516.0,1.0,259.0,28.0,10.0,33.0
2020-01-06 00:00:00+00:00,966085413.0,4.7882659212043085e-06,0.0372616494345,37953861.0,31.08916026353836,26.353180527687073,0.9055564999580383,57.87353157997131,9.608519315719604,4.947186350822449,6.195172071456909,13.447748005390167,9.36166387796402,0.0,44.88134986162186,0.8425406217575073,0.0,1.5891786217689514,224.0,162.0,8.0,383.0,97.0,13.0,59.0
2020-01-07 00:00:00+00:00,960722535.0,4.539953153253335e-06,0.037054804707,51552068.0,27.569388449192047,62.523169815540314,0.0,45.31185632944107,7.010392725467682,6.406156063079834,4.745299398899078,7.347288548946381,23.72935837507248,0.8580697774887085,23.60824680328369,0.8740068078041077,0.7558908462524414,0.7122726440429688,181.0,290.0,1.0,253.0,73.0,17.0,51.0
2020-01-08 00:00:00+00:00,944645770.0,4.51e-06,0.03643473,49193345.0,21.489743769168854,25.441639065742493,0.9406548142433167,42.51585280895233,21.095219552516937,7.687451422214508,4.089802861213684,7.883660018444061,29.739936649799347,0.0,19.626233756542206,4.597326695919037,1.6479219794273376,3.322411358356476,146.0,182.0,4.0,213.0,127.0,18.0,54.0
2020-01-09 00:00:00+00:00,942675508.0,4.61e-06,0.03635874,26562776.0,15.792525708675385,21.74601548910141,0.0,34.08759444952011,0.8080120086669922,1.711516559123993,5.5071054100990295,2.505387544631958,19.346166372299194,0.8282885551452637,29.897677898406982,0.7210895419120789,0.0,0.0,117.0,169.0,2.0,204.0,37.0,6.0,57.0
2020-01-10 00:00:00+00:00,956027830.0,4.52e-06,0.03687373,47483943.0,24.895195066928864,54.833901822566986,1.6372472643852234,46.55483943223953,9.477607309818268,4.101809859275818,5.478091835975647,8.217014253139496,32.30181586742401,0.7130282521247864,32.63315939903259,2.9140488505363464,0.0,1.6547542214393616,175.0,298.0,6.0,255.0,88.0,8.0,73.0
2020-01-11 00:00:00+00:00,954771091.0,4.58e-06,0.03682526,63485488.0,19.162567138671875,36.416202902793884,2.361097991466522,50.72794020175934,7.302230775356293,2.317744016647339,6.248985648155212,10.695491015911102,43.76255077123642,1.5364892482757568,45.87316119670868,0.7232509851455688,0.721813976764679,1.5880436897277832,193.0,277.0,15.0,313.0,70.0,7.0,68.0
2020-01-12 00:00:00+00:00,977349314.0,4.601296624217375e-06,0.0376960950106,56600389.0,23.446670651435852,46.474137127399445,0.0,44.85916495323181,6.853560090065002,10.910356521606445,5.356114983558655,3.1615206003189087,26.627419888973236,0.0,19.458472967147827,0.7129996418952942,0.0,0.0,144.0,247.0,1.0,236.0,37.0,23.0,50.0
2020-01-13 00:00:00+00:00,958419140.0,4.54e-06,0.03696596,56296775.0,33.52731215953827,51.5538774728775,0.0,20.193537831306458,7.482308268547058,9.669161677360535,14.776457667350769,9.920637547969818,31.661798059940338,0.0,16.189493596553802,0.8137521743774414,1.6059163212776184,4.841329753398895,146.0,285.0,2.0,129.0,48.0,19.0,91.0
2020-01-14 00:00:00+00:00,1078049369.0,4.710147040710962e-06,0.0415800684875,125101345.0,28.312943935394287,31.175104558467865,0.738066554069519,35.59565019607544,18.04796588420868,8.17469197511673,5.630679368972778,13.585399329662323,26.212141633033752,2.910916745662689,11.137832343578339,8.310932338237762,2.4343335032463074,1.543727457523346,206.0,263.0,20.0,148.0,300.0,22.0,70.0
2020-01-15 00:00:00+00:00,1103270947.0,4.83e-06,0.04255286,111350540.0,29.075442671775818,26.06080937385559,1.5308189988136292,48.112311005592346,11.86979466676712,11.251832902431488,6.205879747867584,3.2458613514900208,14.01622611284256,0.0,13.61589401960373,3.6644026041030884,0.0,0.9033468961715698,202.0,148.0,11.0,177.0,214.0,26.0,71.0
2020-01-16 00:00:00+00:00,1073150540.0,4.74e-06,0.04139112,76686221.0,26.45005041360855,32.18817925453186,0.0,40.757982671260834,8.171565175056458,12.237693727016449,5.659068822860718,9.484404683113098,11.334003865718842,0.0,25.741779804229736,5.876007974147797,2.34667432308197,2.4123541712760925,192.0,146.0,2.0,225.0,112.0,33.0,66.0
2020-01-17 00:00:00+00:00,1166155737.0,5.04e-06,0.04497831,106282894.0,30.477907836437225,40.24244683980942,0.8741152286529541,67.16956102848053,15.635774791240692,10.30713838338852,0.7273626923561096,26.451128840446472,31.99894940853119,0.9811899662017822,66.73168969154358,7.625659167766571,2.371342897415161,0.7026246190071106,302.0,307.0,12.0,379.0,250.0,21.0,55.0
2020-01-18 00:00:00+00:00,1162843326.0,5.016028665965923e-06,0.0448505481724,89299093.0,30.842562675476074,41.08163630962372,0.8152991533279419,40.96044009923935,7.74915874004364,7.213033378124237,5.627089023590088,10.901424944400787,35.85888922214508,0.0,23.228428661823273,1.678658664226532,0.0,0.0,175.0,241.0,2.0,184.0,110.0,19.0,46.0
2020-01-19 00:00:00+00:00,1088389472.0,4.8200000000000004e-06,0.04197888,91187159.0,22.37461405992508,32.882708847522736,0.0,24.420832335948944,9.574625849723816,10.27986764907837,3.8851581811904907,7.274704813957214,13.314684271812439,0.9276769757270813,17.056612074375153,0.72314453125,0.0,0.7367401123046875,135.0,181.0,3.0,124.0,99.0,21.0,58.0
2020-01-20 00:00:00+00:00,1137486373.0,5.070000000000001e-06,0.04387254,70100648.0,27.557465493679047,34.04845070838928,0.0,20.94279021024704,17.664472460746765,6.6583212018013,1.625904142856598,15.730737864971161,40.371616303920746,0.7495783567428589,9.858697474002838,6.198851406574249,2.3864850401878357,2.2420619130134583,207.0,182.0,8.0,107.0,162.0,19.0,61.0
2020-01-21 00:00:00+00:00,1192372176.0,5.26e-06,0.04598947,95915865.0,42.90979743003845,44.59087657928467,5.3509520292282104,50.33595681190491,31.051985502243042,9.774909555912018,3.1922929883003235,14.936122000217438,36.17789155244827,3.174091100692749,32.513228476047516,7.537445783615112,1.5679982900619507,0.0,352.0,277.0,37.0,243.0,359.0,39.0,70.0
2020-01-22 00:00:00+00:00,1183664601.0,5.26e-06,0.04565362,67145740.0,25.156330347061157,29.025749683380127,3.3506487011909485,26.22074145078659,5.335603058338165,5.721081793308258,4.719517946243286,10.34686940908432,13.17609828710556,2.7806169986724854,21.235164642333984,1.5496255159378052,3.5656658411026,0.0,196.0,125.0,21.0,164.0,68.0,26.0,64.0
2020-01-23 00:00:00+00:00,1123513004.0,5.150000000000001e-06,0.04333359,75034253.0,21.379074096679688,28.55631047487259,0.0,35.48415595293045,9.387772977352142,11.407876193523407,3.314724624156952,12.064261198043823,15.757808446884155,0.0,14.873499989509583,1.4480531215667725,5.72000527381897,0.0,166.0,148.0,4.0,175.0,91.0,35.0,57.0
2020-01-24 00:00:00+00:00,1166815356.0,5.33e-06,0.04500375,77503651.0,27.108700215816498,33.985270380973816,0.0,39.045833110809326,10.434874415397644,11.09091168642044,4.61403501033783,12.069948375225067,19.844882369041443,0.0,29.994129478931427,3.683229446411133,6.66452693939209,0.7212756872177124,166.0,218.0,6.0,191.0,107.0,30.0,62.0
2020-01-25 00:00:00+00:00,1121299567.0,5.17e-06,0.04324822,57389976.0,25.060189247131348,35.33632242679596,0.0,35.01828408241272,7.456622064113617,7.03115177154541,3.8923882842063904,16.47893112897873,33.982605278491974,0.0,18.441713452339172,11.67009550333023,2.1668649911880493,0.7359963655471802,183.0,253.0,0.0,188.0,117.0,19.0,49.0
2020-01-26 00:00:00+00:00,1155846119.0,5.19e-06,0.04458067,62759585.0,19.3305726647377,36.932946383953094,0.0,40.25846475362778,7.471835792064667,6.660782158374786,2.302657663822174,11.275399506092072,45.73450034856796,0.0,15.279889225959778,1.516774594783783,6.439250230789185,0.0,130.0,340.0,2.0,169.0,54.0,22.0,44.0
2020-01-27 00:00:00+00:00,1242217391.0,5.38e-06,0.04791198,97006750.0,40.30293309688568,35.94246417284012,2.395612955093384,52.46636748313904,29.90449833869934,9.215691328048706,4.766550958156586,7.940402626991272,17.473361253738403,1.8187347054481506,19.27550184726715,3.862005114555359,0.8911507725715637,1.422251284122467,234.0,250.0,15.0,221.0,186.0,18.0,63.0
2020-01-28 00:00:00+00:00,1371460085.0,5.65289947173791e-06,0.0528968393618,208242478.0,84.62610280513763,41.34384226799011,0.8409199714660645,58.034773111343384,65.3673135638237,16.25535523891449,4.8670541644096375,35.38397604227066,27.408213436603546,5.200710892677307,30.54610276222229,15.17438519001007,3.5620028376579285,2.1862093210220337,576.0,294.0,26.0,238.0,631.0,37.0,44.0
2020-01-29 00:00:00+00:00,1386294575.0,5.7394701715398075e-06,0.0534690015652,186759701.0,66.47810351848602,41.51156014204025,1.570809006690979,38.81029987335205,46.32816594839096,10.765382587909698,5.822389781475067,30.13205909729004,22.41418743133545,0.0,20.31732416152954,14.119441449642181,0.0,0.7093105316162109,400.0,233.0,15.0,204.0,417.0,22.0,42.0
2020-01-30 00:00:00+00:00,1453721298.0,5.9e-06,0.05606963,153009928.0,45.60603213310242,37.662386894226074,3.125222861766815,33.94121563434601,24.85467964410782,9.02660483121872,3.7641953229904175,12.877572000026703,29.901201725006104,0.8294632434844971,25.567312955856323,1.4087756872177124,0.0,1.6129630208015442,300.0,269.0,14.0,196.0,201.0,25.0,60.0
2020-01-31 00:00:00+00:00,1394699437.0,5.75e-06,0.05379317,130754832.0,31.83045393228531,45.3128120303154,0.0,41.12547153234482,18.134878754615784,3.870580017566681,2.21645724773407,9.406518340110779,30.067415237426758,0.7066733837127686,25.767010807991028,2.8445422649383545,0.0,0.0,183.0,277.0,2.0,204.0,114.0,13.0,39.0
2020-02-01 00:00:00+00:00,1454290893.0,5.97e-06,0.0560916,110646744.0,43.79610013961792,19.74113428592682,2.645854651927948,31.640746653079987,36.89012897014618,8.550374567508698,0.7158490419387817,12.995660364627838,18.08909434080124,0.8722106218338013,16.254176080226898,7.166701316833496,0.9059855341911316,1.4593440890312195,252.0,117.0,16.0,167.0,253.0,19.0,28.0
2020-02-02 00:00:00+00:00,1445896375.0,5.97e-06,0.05576783,161454527.0,26.204000174999237,23.36754584312439,0.7366504669189453,24.241138815879822,26.752528309822083,7.891113877296448,1.644046127796173,13.051483571529388,31.104865074157715,2.7024264335632324,32.14190316200256,2.923196256160736,0.8754488825798035,0.0,245.0,236.0,23.0,166.0,297.0,21.0,28.0
2020-02-03 00:00:00+00:00,1476949779.0,6.129597958596684e-06,0.0569655478958,106559743.0,27.36277151107788,15.507866978645325,0.7532093524932861,51.664195120334625,18.006756901741028,6.193986535072327,0.8455148339271545,11.612963855266571,9.386744022369385,0.7708344459533691,22.139247179031372,3.171908676624298,0.7118195295333862,0.7784913182258606,183.0,114.0,8.0,228.0,147.0,11.0,33.0
2020-02-04 00:00:00+00:00,1451818140.0,6.1e-06,0.05599623,108933031.0,20.767854690551758,31.06834125518799,0.0,26.198949217796326,10.962697625160217,6.449085235595703,0.9056142568588257,6.502140820026398,14.088118255138397,1.6683056950569153,9.983618080615997,2.3186071515083313,0.9139474630355835,0.7705339193344116,135.0,188.0,5.0,116.0,81.0,14.0,23.0
2020-02-05 00:00:00+00:00,1536003857.0,6.159736935054603e-06,0.0592432475244,138177885.0,29.45970356464386,34.0170059800148,0.7318800687789917,24.849380791187286,23.19123923778534,0.0,1.7116205096244812,10.095284104347229,14.782137215137482,1.5784445405006409,14.240612149238586,2.5798636078834534,0.0,0.0,189.0,156.0,34.0,133.0,119.0,5.0,32.0
2020-02-06 00:00:00+00:00,1549315823.0,6.14e-06,0.05975669,136652023.0,33.47984701395035,26.709086060523987,0.7028906345367432,48.049095809459686,6.914828717708588,5.510534048080444,0.0,9.164124488830566,20.13066416978836,0.0,30.38871294260025,0.0,0.7919734716415405,0.0,138.0,147.0,3.0,228.0,21.0,14.0,14.0
2020-02-07 00:00:00+00:00,1550188289.0,6.1e-06,0.05979034,132154530.0,15.634107053279877,38.85162127017975,0.0,42.58359903097153,3.1086058020591736,3.068139433860779,1.6065053939819336,3.2919634580612183,21.499614238739014,0.0,17.396112740039825,2.211717188358307,0.7097505331039429,0.0,119.0,209.0,2.0,227.0,87.0,13.0,26.0
2020-02-08 00:00:00+00:00,1554184888.0,6.08e-06,0.05994448,135969080.0,16.145882070064545,28.041072130203247,0.0,30.940629303455353,6.596772193908691,9.492273032665253,0.0,8.773222386837006,23.40370637178421,0.0,18.44077455997467,7.356236934661865,1.7525267004966736,0.0,136.0,160.0,4.0,173.0,142.0,26.0,23.0
2020-02-09 00:00:00+00:00,1602530106.0,6.11e-06,0.06180915,137945919.0,36.904385685920715,27.570445477962494,3.9413352012634277,23.500181198120117,11.246864199638367,20.130684077739716,1.5041454434394836,10.236695647239685,24.285053193569183,0.0,20.803170561790466,0.7064896821975708,0.7576808333396912,0.0,192.0,181.0,7.0,166.0,111.0,36.0,31.0
2020-02-10 00:00:00+00:00,1564567107.0,6.122725978617261e-06,0.0603449242065,136971461.0,25.411114394664764,34.75183176994324,0.0,37.276149451732635,11.954981029033661,9.576785802841187,0.7072307467460632,14.255605816841125,10.135282576084137,0.0,30.826180934906006,5.695053040981293,0.0,0.0,182.0,124.0,0.0,222.0,129.0,19.0,31.0
2020-02-11 00:00:00+00:00,1639312126.0,6.19e-06,0.06322782,203550299.0,51.157692551612854,37.92324787378311,0.0,36.99071943759918,31.573713421821594,15.965320706367493,1.4832071661949158,11.814562439918518,15.420817375183105,0.0,21.26492714881897,3.80313777923584,3.17339950799942,1.6368730664253235,261.0,167.0,0.0,179.0,230.0,32.0,24.0
2020-02-12 00:00:00+00:00,1771666714.0,6.6175032410791e-06,0.0683326992841,220424387.0,55.534686625003815,47.88357526063919,0.7886131405830383,44.57329565286636,52.52370059490204,15.403019845485687,1.549940824508667,21.989614844322205,43.340549767017365,0.0,25.055880904197693,14.966972410678864,1.6479056477546692,1.5569749474525452,382.0,338.0,9.0,242.0,435.0,42.0,36.0
2020-02-13 00:00:00+00:00,1778271830.0,6.716654588498125e-06,0.0685874567773,251516701.0,31.20993149280548,31.113361179828644,4.14350438117981,29.743944764137268,13.711686670780182,14.34726107120514,5.332799971103668,16.36131203174591,22.842213094234467,0.9319847822189331,22.469645857810974,8.982803881168365,0.0,1.5916808247566223,294.0,240.0,15.0,169.0,346.0,37.0,36.0
2020-02-14 00:00:00+00:00,1829921956.0,6.84e-06,0.07057959,183283803.0,39.67135047912598,20.069566428661346,0.0,28.702680826187134,15.59622198343277,19.506758391857147,5.509822189807892,19.74311190843582,12.495162844657898,1.790452241897583,9.972813785076141,9.897217333316803,3.1902639865875244,2.463400721549988,265.0,220.0,6.0,137.0,243.0,42.0,36.0
2020-02-15 00:00:00+00:00,1655783318.0,6.46e-06,0.06386311,190925361.0,27.971663057804108,48.471571266651154,1.5379016995429993,36.950313329696655,20.06006282567978,12.098085880279541,1.6702743768692017,8.627886474132538,89.57307916879654,0.0,53.04337328672409,2.9513094425201416,2.5514456033706665,1.681414544582367,166.0,397.0,4.0,259.0,245.0,23.0,39.0
2020-02-16 00:00:00+00:00,1624425325.0,6.31e-06,0.06265364,206918460.0,26.554463922977448,34.72263169288635,0.8177348375320435,37.836334228515625,17.534160912036896,9.83677887916565,0.7488205432891846,6.724274635314941,34.624567449092865,0.0,48.49636334180832,3.6744661927223206,0.7588310241699219,1.706681728363037,153.0,212.0,1.0,243.0,294.0,25.0,35.0
2020-02-17 00:00:00+00:00,1556723434.0,6.2e-06,0.0600424,198079706.0,35.42157357931137,33.08221900463104,0.7512115240097046,83.04536461830139,14.113439083099365,10.07455289363861,5.465063512325287,18.3081973195076,29.988489270210266,0.9593600034713745,74.03711360692978,4.48138964176178,0.0,0.939719557762146,224.0,196.0,2.0,540.0,206.0,18.0,32.0
2020-02-18 00:00:00+00:00,1622945092.0,6.17e-06,0.06259655,184674402.0,20.369095385074615,42.42836284637451,0.853348433971405,38.735013365745544,8.313616335391998,3.2568926215171814,1.6055868864059448,11.37355887889862,15.740206599235535,0.0,19.70394480228424,3.762976825237274,0.0,0.7816188335418701,159.0,197.0,8.0,185.0,143.0,5.0,37.0
2020-02-19 00:00:00+00:00,1494574416.0,5.98e-06,0.05764533,166141953.0,23.485743522644043,26.377901673316956,0.0,41.32535934448242,7.913056254386902,7.790751278400421,3.2280887961387634,11.393599927425385,10.689171552658081,0.0,19.93776160478592,6.214052259922028,0.8058536648750305,0.0,212.0,120.0,2.0,200.0,193.0,23.0,25.0
2020-02-20 00:00:00+00:00,1510507527.0,6.06e-06,0.05825986,201763470.0,31.215413689613342,49.059385657310486,0.0,45.6571039557457,16.35550308227539,11.694882810115814,2.579218626022339,12.946402311325073,31.900022089481354,0.0,19.609208464622498,7.796050548553467,0.8644301891326904,0.7113227844238281,251.0,290.0,3.0,197.0,233.0,26.0,31.0
2020-02-21 00:00:00+00:00,1518724824.0,6.0472983565968584e-06,0.0585767999357,180303600.0,31.140592873096466,28.170578002929688,0.0,36.09617441892624,15.808542311191559,6.477916836738586,0.7006810307502747,10.581501424312592,23.653974652290344,0.0,20.065233290195465,1.5345585346221924,1.4925521612167358,0.7620773911476135,156.0,192.0,2.0,156.0,95.0,14.0,27.0
2020-02-22 00:00:00+00:00,1512484799.0,6.04e-06,0.05833612,132866697.0,22.176402688026428,36.35040605068207,0.0,26.693801879882812,2.901743531227112,15.444230318069458,0.8699673414230347,8.86686372756958,21.731450378894806,0.8853430151939392,20.64957046508789,1.4155408143997192,0.7083317041397095,0.0,146.0,207.0,3.0,160.0,35.0,44.0,18.0
2020-02-23 00:00:00+00:00,1595661511.0,6.201232546734496e-06,0.0615442268438,190708114.0,8.275994658470154,17.152013897895813,0.0,12.715004920959473,2.2637179493904114,5.0479061007499695,0.8472989201545715,2.3308083415031433,16.875185191631317,0.7017568349838257,3.380649149417877,1.4751509428024292,0.0,0.0,102.0,137.0,13.0,63.0,81.0,14.0,19.0
2020-02-24 00:00:00+00:00,1528658725.0,6.11e-06,0.05895995,203582108.0,14.215997576713562,11.68641585111618,0.0,21.04481613636017,6.852295219898224,7.224770784378052,1.5056089162826538,5.813218355178833,11.276910066604614,0.0,12.600971460342407,0.0,0.722952127456665,1.6275274753570557,114.0,91.0,0.0,122.0,73.0,16.0,34.0
2020-02-25 00:00:00+00:00,1461349871.0,6.03e-06,0.05636386,178219320.0,22.952172935009003,27.15486192703247,0.0,26.308640360832214,9.590370535850525,8.8643159866333,4.024515211582184,7.371789574623108,27.697404205799103,0.0,27.2386856675148,2.3804107308387756,0.7623027563095093,0.0,130.0,214.0,4.0,156.0,148.0,19.0,33.0
2020-02-26 00:00:00+00:00,1282176761.0,5.6100000000000005e-06,0.04945321,207080423.0,35.22506111860275,42.692093312740326,0.9037416577339172,25.020020604133606,12.03312349319458,26.274920403957367,1.5310961604118347,12.13482415676117,10.49181354045868,0.0,30.435363709926605,7.9063703417778015,2.3968160152435303,0.0,176.0,174.0,3.0,175.0,272.0,69.0,23.0
2020-02-27 00:00:00+00:00,1288192613.0,5.66e-06,0.04968524,158104507.0,23.81269496679306,29.415975272655487,0.0,17.131856977939606,6.143158435821533,20.40276789665222,0.8567375540733337,12.435366690158844,12.48190063238144,0.8287906050682068,9.500401377677917,1.4798833131790161,3.1999447345733643,0.0,106.0,160.0,1.0,83.0,79.0,47.0,15.0
2020-02-28 00:00:00+00:00,1260479442.0,5.6100000000000005e-06,0.04861635,153965237.0,19.917744278907776,20.939477860927582,0.0,13.89051342010498,3.758328437805176,8.265016913414001,0.7526357173919678,9.025558769702911,13.454955816268921,0.8598778247833252,5.906623125076294,3.9798028469085693,1.5860686898231506,0.734857976436615,135.0,125.0,1.0,96.0,42.0,31.0,19.0
2020-02-29 00:00:00+00:00,1232603349.0,5.53e-06,0.04754117,94074240.0,7.228777587413788,15.05508828163147,0.7211977243423462,14.676543354988098,1.4407429695129395,2.7472695112228394,0.0,5.417041718959808,3.0868592262268066,0.0,11.344335734844208,0.0,3.0399418473243713,0.0,66.0,70.0,2.0,104.0,30.0,14.0,16.0
2020-03-01 00:00:00+00:00,1190893586.0,5.36e-06,0.04593244,96716581.0,10.615274131298065,26.43989074230194,0.0,18.750216245651245,7.620136320590973,4.9221779108047485,0.813849925994873,8.164136052131653,22.133038341999054,0.0,10.865598857402802,0.7490519881248474,3.3290894627571106,0.0,100.0,196.0,0.0,88.0,55.0,27.0,23.0
2020-03-02 00:00:00+00:00,1269212107.0,5.52e-06,0.04895316,106582073.0,9.925766229629517,20.12139642238617,0.0,21.888464331626892,6.842828392982483,2.2810750603675842,1.7437031865119934,9.017654597759247,11.23819750547409,0.0,11.618705034255981,0.7574515342712402,4.1101521253585815,0.9352272748947144,103.0,111.0,0.0,150.0,71.0,20.0,30.0
2020-03-03 00:00:00+00:00,1264228224.0,5.55e-06,0.04876094,117373434.0,15.312885344028473,20.477252066135406,0.0,25.967489898204803,1.6364737749099731,5.911536395549774,3.305240571498871,3.193210184574127,7.854781687259674,0.0,14.749734044075012,1.409446358680725,0.0,0.0,103.0,108.0,2.0,148.0,41.0,14.0,31.0
2020-03-04 00:00:00+00:00,1270530335.0,5.6e-06,0.04900401,136505373.0,19.453949749469757,20.507045805454254,0.0,21.73737984895706,13.62940889596939,5.68167507648468,0.710182249546051,1.5446040630340576,4.853605926036835,0.0,7.241885185241699,0.0,0.7134885191917419,0.845198929309845,108.0,118.0,0.0,127.0,65.0,22.0,24.0
2020-03-05 00:00:00+00:00,1323762215.0,5.62e-06,0.05105715,112291734.0,26.55299884080887,11.782751262187958,0.0,32.22569912672043,16.423469245433807,4.962000787258148,0.720313549041748,9.492753207683563,18.130187511444092,0.0,10.292702972888947,0.7232332229614258,1.476961374282837,0.0,154.0,143.0,0.0,136.0,53.0,14.0,24.0
2020-03-06 00:00:00+00:00,1333906157.0,5.639999999999999e-06,0.05144839,100834829.0,20.823642790317535,13.943780303001404,0.0,20.00395756959915,2.2208650708198547,16.05125594139099,1.4518347382545471,7.304696023464203,8.28405499458313,0.0,15.395950496196747,0.73037189245224,1.6422907710075378,0.0,85.0,71.0,2.0,135.0,20.0,26.0,17.0
2020-03-07 00:00:00+00:00,1268987677.0,5.49e-06,0.04894451,90448414.0,22.787634551525116,24.786627531051636,0.7592889070510864,28.0215904712677,3.0015645623207092,18.049535393714905,0.0,4.034131944179535,3.2833918929100037,0.0,11.382960855960846,0.7186703085899353,0.0,0.0,85.0,89.0,3.0,121.0,29.0,36.0,15.0
2020-03-08 00:00:00+00:00,1122415113.0,5.34e-06,0.04329124,111437013.0,13.845669329166412,18.445536017417908,0.0,15.798553884029388,0.7100748419761658,3.9139537811279297,3.1726964712142944,5.584924399852753,9.353139460086823,0.8032869696617126,8.865362465381622,1.4070007801055908,3.20367169380188,0.8362065553665161,84.0,100.0,4.0,83.0,72.0,17.0,32.0
2020-03-09 00:00:00+00:00,1075504682.0,5.24e-06,0.04148192,125578007.0,9.971420705318451,28.968178510665894,0.0,11.541695356369019,5.273735165596008,6.895127654075623,0.0,7.824629902839661,11.055783450603485,0.0,11.257314145565033,4.438188076019287,3.6204078793525696,0.0,66.0,163.0,0.0,96.0,72.0,15.0,10.0
2020-03-10 00:00:00+00:00,1075849153.0,5.25e-06,0.04149521,103411534.0,10.793898284435272,29.952807247638702,0.0,16.862487852573395,0.7190760374069214,4.080836892127991,2.513930320739746,2.6430606842041016,12.90953928232193,0.0,6.909952759742737,0.0,1.679273784160614,0.0,72.0,147.0,0.0,116.0,32.0,16.0,17.0
2020-03-11 00:00:00+00:00,1027986946.0,5.0099999999999995e-06,0.03964917,103084587.0,33.411321103572845,20.88794356584549,0.0,20.652670323848724,4.338402152061462,26.979336738586426,2.42135226726532,8.958622932434082,12.233141601085663,0.9855253100395203,9.140448570251465,1.42489755153656,7.2239996790885925,0.0,147.0,131.0,5.0,97.0,66.0,69.0,33.0
2020-03-12 00:00:00+00:00,621058449.0,4.7737866817989446e-06,0.0239540540326,180031743.0,22.756571769714355,11.749479711055756,1.5235533714294434,12.288386046886444,8.186936438083649,17.11325705051422,0.9601680040359497,5.57624876499176,4.292244553565979,1.5767996311187744,8.108127534389496,1.5362005829811096,1.7461260557174683,0.0,137.0,57.0,25.0,90.0,164.0,29.0,19.0
2020-03-13 00:00:00+00:00,737296260.0,5.11e-06,0.02843731,202296978.0,12.53023236989975,20.645918548107147,0.0,16.95622545480728,6.675604224205017,7.343036949634552,1.6617968678474426,9.968345642089844,9.255041778087616,0.0,11.15717750787735,3.7320387959480286,2.364570379257202,0.9301649332046509,129.0,138.0,3.0,91.0,81.0,40.0,18.0
2020-03-14 00:00:00+00:00,674339082.0,5e-06,0.02600907,65051356.0,14.095744907855988,7.808612644672394,0.0,14.372144877910614,1.7413756847381592,10.138428151607513,0.0,2.651582896709442,2.4308096766471863,0.0,4.938602864742279,0.0,0.9167744517326355,0.0,62.0,23.0,0.0,66.0,16.0,21.0,12.0
2020-03-15 00:00:00+00:00,703131372.0,5.03e-06,0.02711958,67311254.0,17.871885418891907,22.78316342830658,0.0,17.83413338661194,1.4984253644943237,15.269307494163513,0.0,13.976498305797577,8.486559689044952,0.0,16.330890774726868,0.0,7.312928676605225,0.7099130749702454,90.0,121.0,0.0,134.0,41.0,40.0,10.0
2020-03-16 00:00:00+00:00,625375603.0,4.8100000000000005e-06,0.02412057,94985577.0,18.187296092510223,26.079553484916687,1.4648423790931702,21.52511590719223,0.0,10.977212071418762,0.7169479131698608,6.957641780376434,7.278861880302429,1.734657108783722,12.301367223262787,1.4117674231529236,1.6460041403770447,0.0,102.0,126.0,5.0,84.0,36.0,37.0,18.0
2020-03-17 00:00:00+00:00,654479617.0,4.83e-06,0.0252431,75837864.0,12.742155969142914,23.17854380607605,0.0,22.393925726413727,0.7178938388824463,3.27616286277771,1.5150002241134644,4.183790564537048,27.305780708789825,0.7546301484107971,13.123735308647156,3.020106792449951,0.0,0.0,79.0,164.0,1.0,125.0,26.0,13.0,16.0
2020-03-18 00:00:00+00:00,656878463.0,4.84e-06,0.02533562,77546807.0,14.358270704746246,25.629054963588715,0.8046239614486694,26.923529148101807,0.0,4.417886674404144,3.9036524891853333,4.976702630519867,8.266754150390625,0.0,11.324264645576477,0.0,0.8797693252563477,0.0,91.0,128.0,1.0,150.0,2.0,12.0,20.0
2020-03-19 00:00:00+00:00,789518107.0,4.92e-06,0.0304515,119348856.0,13.354746878147125,20.62572818994522,0.0,19.462236881256104,1.6614128351211548,6.014653921127319,1.6067882776260376,5.678716003894806,11.817372500896454,0.7689298391342163,7.4908459186553955,0.7765297293663025,1.5958216786384583,0.7199047207832336,95.0,109.0,2.0,104.0,19.0,18.0,32.0
2020-03-20 00:00:00+00:00,761414942.0,4.74e-06,0.02936757,142131507.0,16.6992449760437,22.027290403842926,0.7296214699745178,20.98559182882309,3.083893060684204,12.112855076789856,0.0,5.788602650165558,9.054345726966858,2.6854161620140076,16.419995307922363,0.0,1.4667683839797974,0.0,76.0,109.0,4.0,104.0,20.0,22.0,16.0
2020-03-21 00:00:00+00:00,762610838.0,4.76e-06,0.02941369,94598889.0,4.822414934635162,32.97669315338135,0.0,14.69299578666687,0.8976932168006897,1.5640004873275757,1.5364561080932617,7.945135831832886,20.27816754579544,1.8509057760238647,17.708158910274506,0.7156134843826294,1.5292552709579468,0.0,54.0,199.0,2.0,90.0,8.0,10.0,15.0
2020-03-22 00:00:00+00:00,702337218.0,4.65e-06,0.02708895,78698656.0,5.804645299911499,32.76561850309372,0.0,23.38292533159256,0.0,1.6659390926361084,0.0,3.5146560072898865,17.87943595647812,0.0,3.971042037010193,0.0,2.6410792469978333,0.0,44.0,182.0,2.0,80.0,10.0,8.0,13.0
2020-03-23 00:00:00+00:00,754023583.0,4.53e-06,0.02908248,92453324.0,18.981801569461823,12.239348649978638,0.0,35.240830183029175,2.897451162338257,13.287042617797852,2.507363259792328,7.084147334098816,21.46079647541046,0.0,29.239618182182312,1.5414869785308838,1.7890575528144836,0.7487831115722656,106.0,112.0,0.0,232.0,44.0,32.0,15.0
2020-03-24 00:00:00+00:00,782026252.0,4.48e-06,0.03016254,88827461.0,28.276765167713165,12.018051564693451,0.8826791048049927,38.0152382850647,0.0,13.867596566677094,3.1314037442207336,2.732616126537323,3.0538192987442017,0.0,11.263820767402649,0.0,0.9098803997039795,0.0,111.0,70.0,2.0,145.0,19.0,32.0,29.0
2020-03-25 00:00:00+00:00,763234881.0,4.41e-06,0.02943776,83388813.0,25.559365391731262,29.304056525230408,0.7039734125137329,31.340643763542175,1.472918689250946,19.348568856716156,2.2530261278152466,1.6338409781455994,12.742731213569641,0.0,9.759770274162292,2.189487636089325,0.7760545015335083,0.0,115.0,108.0,1.0,130.0,20.0,54.0,21.0
2020-03-26 00:00:00+00:00,796667266.0,4.57e-06,0.03072724,81633746.0,46.93628031015396,19.06511092185974,0.8961644768714905,38.83137136697769,0.7686745524406433,31.09213614463806,2.491869568824768,9.884746372699738,7.53361839056015,0.0,21.66395390033722,2.209902584552765,3.395518481731415,0.9648162722587585,192.0,110.0,1.0,207.0,42.0,71.0,22.0
2020-03-27 00:00:00+00:00,759700870.0,4.53e-06,0.02930145,85517314.0,22.61496216058731,10.542443215847015,0.0,20.54951024055481,3.560380458831787,12.909418165683746,3.1990155577659607,7.6597840785980225,3.307929813861847,0.0,8.971925795078278,2.3613542318344116,3.3584483861923218,0.0,120.0,52.0,5.0,142.0,43.0,29.0,23.0
2020-03-28 00:00:00+00:00,771875681.0,4.769999999999999e-06,0.02977103,85338156.0,13.47391951084137,11.041900217533112,0.0,14.61184960603714,7.06235283613205,2.444329619407654,0.808488130569458,14.949125587940216,2.481618821620941,0.0,4.739806771278381,10.71917450428009,1.8055297136306763,0.7082815170288086,105.0,39.0,2.0,78.0,62.0,7.0,17.0
2020-03-29 00:00:00+00:00,732404420.0,4.769999999999999e-06,0.02824864,71027469.0,21.81575310230255,15.766587674617767,0.0,14.165609419345856,3.089419364929199,14.498717606067657,0.0,7.482156455516815,2.5103821754455566,0.0,5.83792507648468,2.202896237373352,4.547398626804352,0.0,118.0,85.0,3.0,82.0,39.0,46.0,15.0
2020-03-30 00:00:00+00:00,774524834.0,4.65e-06,0.02987321,81661518.0,19.119532763957977,15.556130111217499,0.0,14.740030169487,3.269221782684326,15.141156315803528,0.0,7.513042747974396,5.20879989862442,0.8265984654426575,12.920085847377777,1.6529600620269775,3.2722333669662476,0.0,104.0,71.0,2.0,121.0,62.0,44.0,17.0
2020-03-31 00:00:00+00:00,792149099.0,4.75e-06,0.03055297,79871856.0,42.32633638381958,30.645975291728973,0.0,40.81817573308945,3.75598406791687,31.474067330360413,2.492270588874817,12.00628811120987,20.55522620677948,0.0,19.04206818342209,0.7071682810783386,5.679835140705109,0.7514238357543945,191.0,160.0,1.0,222.0,31.0,87.0,22.0
2020-04-01 00:00:00+00:00,799975595.0,4.67e-06,0.03085484,92295629.0,27.955443799495697,12.402719378471375,0.0,30.546344220638275,6.645708680152893,14.137297332286835,2.4156739711761475,5.940131425857544,14.438051998615265,0.0,25.266860008239746,0.0,4.385614395141602,0.779715895652771,147.0,95.0,1.0,189.0,53.0,40.0,29.0
2020-04-02 00:00:00+00:00,829262182.0,4.71e-06,0.03198441,106987595.0,17.094014108181,33.90375071763992,0.0,13.304658114910126,2.885272979736328,5.701441287994385,0.700152575969696,12.522483587265015,18.952843606472015,0.0,15.239949584007263,0.7345825433731079,0.7572225332260132,0.0,263.0,297.0,2.0,122.0,21.0,18.0,23.0
2020-04-03 00:00:00+00:00,837311638.0,4.8e-06,0.03229488,89797916.0,21.549690783023834,10.37677377462387,0.0,24.10383850336075,0.0,9.043091416358948,5.772055804729462,7.71961897611618,5.091596961021423,0.0,10.544698596000671,0.0,1.6299927234649658,0.0,116.0,99.0,0.0,114.0,14.0,22.0,43.0
2020-04-04 00:00:00+00:00,842753267.0,4.7300000000000005e-06,0.03250476,89146987.0,13.799583077430725,13.502448081970215,0.7952966690063477,14.447399377822876,1.4995945692062378,6.048080146312714,2.359622359275818,7.370005786418915,4.221790611743927,2.681372582912445,9.393730342388153,0.8542298078536987,2.257763981819153,1.5766394138336182,87.0,88.0,7.0,97.0,11.0,14.0,27.0
2020-04-05 00:00:00+00:00,829738786.0,4.71e-06,0.0320028,64845688.0,20.865383863449097,21.500685155391693,0.0,24.181421220302582,2.430993378162384,9.382700979709625,3.150614619255066,4.11588728427887,17.210789144039154,0.0,4.256672024726868,0.0,1.5237136483192444,0.7551178932189941,102.0,131.0,1.0,117.0,10.0,19.0,38.0
2020-04-06 00:00:00+00:00,923427176.0,4.9000000000000005e-06,0.03561633,117138445.0,20.510651409626007,12.391872107982635,0.0,37.67354863882065,1.4642018675804138,9.40985357761383,3.752303421497345,5.808690905570984,0.8403318524360657,0.0,9.010393738746643,0.911668598651886,0.0,0.0,119.0,62.0,1.0,151.0,60.0,16.0,41.0
2020-04-07 00:00:00+00:00,910996902.0,4.9000000000000005e-06,0.0351369,117230378.0,11.262429535388947,6.922108829021454,0.0,28.129866242408752,2.2604926228523254,6.442918658256531,0.7278394103050232,10.510093450546265,10.952551901340485,0.0,16.879637718200684,1.6041440963745117,6.3895485401153564,0.0,83.0,63.0,0.0,124.0,19.0,32.0,19.0
2020-04-08 00:00:00+00:00,941511808.0,4.95e-06,0.03631385,100892761.0,12.286017119884491,21.95508486032486,0.0,25.51607459783554,5.283600687980652,7.431279540061951,0.7370498776435852,6.372107267379761,5.105924844741821,0.0,11.551819086074829,0.7574044466018677,0.0,0.0,86.0,89.0,1.0,113.0,26.0,19.0,18.0
2020-04-09 00:00:00+00:00,937564432.0,4.951056676148358e-06,0.0361616029986,86384613.0,4.939439058303833,26.225074112415314,0.0,27.676789939403534,1.5135680437088013,0.973503828048706,0.7581915855407715,6.254943013191223,4.529892683029175,0.0,8.70752727985382,0.0,1.6000490188598633,0.8513810634613037,91.0,104.0,2.0,141.0,15.0,8.0,30.0
2020-04-10 00:00:00+00:00,861179955.0,4.84e-06,0.03321547,95977717.0,12.962485432624817,25.873314678668976,0.0,15.434817850589752,11.547147572040558,6.5086445808410645,2.292752981185913,0.8963357210159302,15.541234195232391,0.0,9.347280442714691,0.7225849628448486,0.0,0.0,74.0,137.0,0.0,73.0,27.0,17.0,27.0
2020-04-11 00:00:00+00:00,864772500.0,4.86e-06,0.03335404,75648111.0,69.6495932340622,5.088061094284058,0.7639293074607849,106.43831145763397,7.308249056339264,1.5704478025436401,3.006595551967621,4.801438570022583,3.2778619527816772,0.0,13.246998012065887,0.0,0.0,0.8340197205543518,169.0,44.0,4.0,413.0,27.0,5.0,25.0
2020-04-12 00:00:00+00:00,876485000.0,4.849999999999999e-06,0.03380579,73751090.0,21.14042639732361,9.88881665468216,0.0,39.146836280822754,5.432198762893677,3.0781591534614563,3.1300947666168213,5.903126060962677,5.68239152431488,0.0,11.1523756980896,0.0,0.9410414099693298,0.0,105.0,68.0,1.0,189.0,20.0,9.0,20.0
2020-04-13 00:00:00+00:00,858357566.0,4.84e-06,0.03310662,84000834.0,17.173445463180542,10.251298606395721,0.0,23.930561244487762,0.7323188781738281,2.6525149941444397,3.2579983472824097,5.718173265457153,4.689910709857941,0.0,5.815270721912384,0.7284030318260193,0.8360646963119507,0.7425820827484131,98.0,64.0,3.0,104.0,9.0,9.0,29.0
2020-04-14 00:00:00+00:00,854530099.0,4.814651146383433e-06,0.0329589915682,74593213.0,32.25586146116257,17.103568851947784,0.0,39.75567805767059,0.7116808295249939,14.03646719455719,0.765368640422821,8.035412311553955,8.319024860858917,0.9150673151016235,11.853356957435608,0.0,2.6182523369789124,0.0,142.0,107.0,1.0,172.0,6.0,30.0,18.0
2020-04-15 00:00:00+00:00,826120877.0,4.8e-06,0.03186326,68238171.0,28.87540727853775,16.067622482776642,0.724075198173523,52.33184188604355,1.501192569732666,3.238530695438385,1.8405576348304749,6.575113892555237,9.638882100582123,0.7410210967063904,23.192776203155518,0.0,1.779259741306305,0.0,146.0,103.0,7.0,240.0,9.0,13.0,25.0
2020-04-16 00:00:00+00:00,892629010.0,4.837799705963395e-06,0.0344284561176,101360828.0,40.420807003974915,20.32736724615097,0.0,59.122326135635376,2.191731572151184,12.046287059783936,0.8235788345336914,7.911751091480255,5.415941655635834,0.0,24.821630537509918,1.5253474116325378,0.7001755237579346,2.2602046132087708,170.0,80.0,2.0,279.0,30.0,28.0,31.0
2020-04-17 00:00:00+00:00,896388081.0,4.87e-06,0.03457344,79385033.0,25.450494825839996,40.35257887840271,0.0,58.76879179477692,2.577558159828186,6.776182174682617,0.7231317758560181,4.710429012775421,6.24249392747879,0.0,27.291224002838135,0.0,0.8668633103370667,0.0,127.0,174.0,1.0,275.0,15.0,22.0,20.0
2020-04-18 00:00:00+00:00,947715099.0,5.04e-06,0.03655311,89893451.0,22.913902699947357,24.96819442510605,0.7237309217453003,38.04889762401581,2.1236517429351807,7.271964430809021,0.7691305875778198,1.6724316477775574,18.68883442878723,0.0,8.223973274230957,0.0,0.0,0.0,118.0,173.0,4.0,161.0,29.0,22.0,24.0
2020-04-19 00:00:00+00:00,928606735.0,4.980000000000001e-06,0.03581611,87523446.0,38.463945388793945,31.940788745880127,0.862057626247406,34.435914754867554,3.27609121799469,15.534069836139679,2.4883663058280945,4.006662368774414,11.023507237434387,0.0,23.54563468694687,0.0,0.7759044170379639,0.0,126.0,143.0,1.0,182.0,25.0,23.0,29.0
2020-04-20 00:00:00+00:00,886099712.0,4.97e-06,0.03417662,94301265.0,26.80006366968155,18.509934782981873,0.0,11.76375561952591,4.529699146747589,15.779625415802002,2.1819267868995667,12.542583167552948,8.010419487953186,0.7339641451835632,17.31195855140686,0.7495782971382141,3.3074524998664856,0.9049553275108337,140.0,100.0,13.0,95.0,34.0,37.0,37.0
2020-04-21 00:00:00+00:00,899666804.0,5.04e-06,0.0346999,86348515.0,25.24335277080536,12.331137239933014,0.0,8.982259750366211,12.007277607917786,8.625433623790741,2.2403329014778137,8.192335546016693,4.320128083229065,0.0,4.957768380641937,0.0,6.5914260149002075,0.0,94.0,76.0,0.0,54.0,20.0,36.0,21.0
2020-04-22 00:00:00+00:00,947879913.0,5.14e-06,0.03655947,78891247.0,25.822937667369843,35.422287702560425,0.0,28.430258095264435,6.83048814535141,6.7915396094322205,5.017160058021545,4.927088499069214,15.364382803440094,0.0,11.812541544437408,0.7065731287002563,0.0,0.0,126.0,176.0,1.0,104.0,41.0,19.0,39.0
2020-04-23 00:00:00+00:00,1052777327.0,5.47e-06,0.04060533,162468134.0,46.43848240375519,33.45561105012894,3.969526708126068,35.43013161420822,13.676981568336487,24.527605891227722,0.7687499523162842,6.396629989147186,14.074672043323517,0.0,18.168472230434418,4.503670036792755,0.7368908524513245,0.0,198.0,213.0,26.0,167.0,154.0,54.0,16.0
2020-04-24 00:00:00+00:00,1085560053.0,5.5453079560252735e-06,0.041869753518,176213194.0,66.84567588567734,94.88528549671173,0.0,76.12501353025436,16.747080445289612,35.06612581014633,2.444279670715332,13.892228782176971,64.47335928678513,0.9082515239715576,44.3407399058342,12.064605593681335,2.249235987663269,0.0,337.0,523.0,14.0,421.0,191.0,69.0,31.0
2020-04-25 00:00:00+00:00,1099521578.0,5.6e-06,0.04240825,101619889.0,20.30880892276764,35.66343182325363,1.652477741241455,34.1897029876709,0.7199603319168091,6.959116637706757,1.5883861780166626,8.63715785741806,11.782481014728546,0.9200025200843811,26.324386596679688,0.0,0.7837150692939758,0.763189971446991,149.0,168.0,11.0,186.0,45.0,17.0,49.0
2020-04-26 00:00:00+00:00,1189500871.0,5.97e-06,0.04587872,150611027.0,25.112764298915863,27.092832028865814,0.0,27.735522031784058,8.610208928585052,8.999245762825012,3.0327025055885315,11.13504832983017,13.323336660861969,2.3975465893745422,13.737456381320953,6.060145854949951,0.8347097039222717,0.7874034643173218,247.0,220.0,15.0,158.0,139.0,21.0,59.0
2020-04-27 00:00:00+00:00,1208224849.0,5.98e-06,0.0466009,168989554.0,24.9615358710289,27.633702278137207,0.0,30.638896703720093,9.032664477825165,8.39988887310028,4.861141800880432,7.218784868717194,12.629438698291779,0.0,19.991272509098053,0.0,0.8186224699020386,0.0,155.0,205.0,6.0,165.0,94.0,21.0,32.0
2020-04-28 00:00:00+00:00,1223633868.0,6.05e-06,0.04719522,144584235.0,32.28895711898804,60.05514872074127,1.5131834149360657,22.68612277507782,6.93705290555954,9.631383895874023,0.7235220074653625,10.437293767929077,33.831782937049866,0.7167255878448486,9.279991328716278,3.863008677959442,0.0,1.629428207874298,177.0,279.0,11.0,109.0,86.0,24.0,28.0
2020-04-29 00:00:00+00:00,1340309755.0,5.87e-06,0.05169538,192508666.0,30.08850485086441,24.14126741886139,0.8190422058105469,39.73766428232193,9.721850514411926,9.38996833562851,1.4724045395851135,11.353241741657257,7.821715593338013,0.875080943107605,10.17289286851883,3.9186177253723145,0.79296875,0.0,187.0,134.0,10.0,147.0,94.0,23.0,35.0
2020-04-30 00:00:00+00:00,1240505150.0,5.53e-06,0.04784594,242494651.0,32.47202742099762,21.156425952911377,0.0,25.42664861679077,21.47931855916977,19.69361674785614,0.8622228503227234,11.967217981815338,19.66332083940506,0.0,13.315091729164124,3.1278675198554993,0.7986707091331482,0.0,177.0,174.0,1.0,147.0,150.0,37.0,32.0
2020-05-01 00:00:00+00:00,1329014979.0,5.7800000000000006e-06,0.05125974,169546437.0,36.230447709560394,50.77243894338608,1.6042190790176392,28.148069858551025,14.264427304267883,8.396611511707306,4.877428233623505,7.482856750488281,24.981409788131714,0.0,1.4942969679832458,4.582083582878113,2.6133323907852173,0.0,149.0,238.0,2.0,105.0,89.0,23.0,28.0
2020-05-02 00:00:00+00:00,1322649295.0,5.68e-06,0.05101422,128138136.0,24.431221663951874,21.288558900356293,0.0,18.445239901542664,9.255801916122437,4.311299562454224,1.7114132046699524,7.833794295787811,5.914748311042786,0.0,12.709317147731781,4.488256931304932,1.6041254997253418,0.0,152.0,126.0,1.0,109.0,85.0,15.0,15.0
2020-05-03 00:00:00+00:00,1268581580.0,5.5e-06,0.04892884,139890791.0,38.04024976491928,35.96949815750122,0.0,32.410290360450745,5.485305845737457,16.15240329504013,2.2946327328681946,8.387292802333832,12.403201162815094,0.0,8.801607131958008,2.4734396934509277,2.5467761158943176,0.0,221.0,210.0,2.0,163.0,61.0,70.0,19.0
2020-05-04 00:00:00+00:00,1287640569.0,5.57e-06,0.04966394,172243659.0,18.2256241440773,34.15448570251465,0.0,21.51017713546753,2.1641188859939575,7.260462939739227,0.8006899952888489,8.184535205364227,15.961418747901917,0.0,17.374185919761658,0.8638197779655457,3.227792203426361,0.0,131.0,153.0,1.0,151.0,58.0,36.0,20.0
2020-05-05 00:00:00+00:00,1279700216.0,5.48e-06,0.04935769,128066778.0,31.861736297607422,14.834894299507141,0.0,26.62925148010254,7.100675463676453,19.20686948299408,1.6058277487754822,11.38358587026596,12.411792159080505,0.0,9.172518253326416,1.6588152050971985,3.2221640944480896,0.7566371560096741,149.0,118.0,1.0,111.0,27.0,47.0,25.0
2020-05-06 00:00:00+00:00,1290301530.0,5.37e-06,0.04976658,131357244.0,28.986097157001495,36.33596169948578,1.6190210580825806,31.89836746454239,4.8140504360198975,6.740342497825623,2.445265471935272,8.35427176952362,15.601508855819702,0.0,18.73300540447235,0.7286983132362366,0.0,0.0,127.0,168.0,7.0,165.0,31.0,23.0,16.0
2020-05-07 00:00:00+00:00,1325023314.0,5.14e-06,0.05110579,143479708.0,34.23284989595413,120.4518883228302,0.7009899616241455,43.66228395700455,3.7651854753494263,11.606580078601837,1.4634130001068115,6.656546711921692,45.56258738040924,0.0,13.195501685142517,0.0,2.6261590719223022,0.7861757278442383,160.0,708.0,5.0,194.0,50.0,35.0,26.0
2020-05-08 00:00:00+00:00,1356072735.0,5.31e-06,0.05230335,172647716.0,36.134815871715546,38.78586757183075,8.745415925979614,37.43186962604523,5.111344158649445,12.775805294513702,0.8074487447738647,13.736906111240387,11.712621033191681,3.8975808024406433,13.010908782482147,0.0,3.0691182017326355,0.0,201.0,205.0,45.0,195.0,37.0,41.0,20.0
2020-05-09 00:00:00+00:00,1341568084.0,5.394953610471599e-06,0.0517439130731,141576235.0,28.019884705543518,33.873912155628204,0.81156325340271,32.25701439380646,5.1572805643081665,16.331949412822723,1.6136183738708496,21.636702120304108,14.892743289470673,2.4816989302635193,20.587666273117065,0.9447488784790039,10.498226583003998,1.9051455855369568,183.0,200.0,18.0,195.0,46.0,48.0,31.0
2020-05-10 00:00:00+00:00,1236120365.0,5.4400000000000004e-06,0.04767682,227335948.0,28.307244896888733,27.01615571975708,0.0,12.333845436573029,3.576693296432495,18.89613676071167,1.6401248574256897,3.244648277759552,9.4774209856987,0.7240095734596252,3.427521049976349,1.4415667057037354,2.5206387042999268,0.0,136.0,175.0,9.0,65.0,99.0,39.0,20.0
2020-05-11 00:00:00+00:00,1247295902.0,5.59e-06,0.04810786,206327744.0,36.28911715745926,43.433905363082886,0.0,38.28329485654831,5.392738699913025,17.123203814029694,3.148903727531433,10.631362497806549,22.29532539844513,0.7350185513496399,10.417163848876953,1.77359139919281,4.002851128578186,0.0,177.0,276.0,4.0,164.0,59.0,45.0,25.0
2020-05-12 00:00:00+00:00,1307273995.0,5.73e-06,0.0504212,170879029.0,51.6703217625618,58.73627185821533,3.815166473388672,35.987076461315155,9.000682771205902,18.512113571166992,16.03471338748932,10.442170560359955,24.249993085861206,0.9694265127182007,8.173388242721558,5.001299142837524,0.7927547693252563,0.921406626701355,242.0,245.0,21.0,127.0,112.0,41.0,65.0
2020-05-13 00:00:00+00:00,1334525067.0,5.55e-06,0.05147227,148356780.0,37.39676886796951,51.68839007616043,2.9302873015403748,27.566174626350403,2.434192180633545,16.649460673332214,10.414574205875397,9.836823999881744,26.525403439998627,0.7132062911987305,23.569639086723328,0.7645331621170044,3.5414372086524963,0.0,168.0,312.0,32.0,187.0,19.0,40.0,41.0
2020-05-14 00:00:00+00:00,1319441299.0,5.230000000000001e-06,0.05089049,144469842.0,34.35696792602539,0.8739925622940063,0.0,55.59853786230087,2.4571776390075684,11.481776416301727,1.4863895773887634,5.004721820354462,0.8288970589637756,0.0,17.58026874065399,2.4507017135620117,0.0,0.0,156.0,12.0,0.0,262.0,45.0,30.0,18.0
2020-05-15 00:00:00+00:00,1308347933.0,5.41e-06,0.05046262,142644324.0,53.986018896102905,40.98888945579529,0.0,31.266815423965454,3.0139517188072205,39.34067511558533,0.8466588854789734,11.072086691856384,28.44859665632248,0.0,5.352480471134186,0.0,4.733744978904724,0.0,190.0,262.0,3.0,144.0,43.0,88.0,14.0
2020-05-16 00:00:00+00:00,1320505417.0,5.43e-06,0.05093153,123913485.0,28.500474333763123,26.320951759815216,0.0,28.1412171125412,1.4799331426620483,19.35744297504425,2.511781930923462,8.81842964887619,7.663390338420868,0.0,14.620079636573792,0.7250807285308838,3.2572802901268005,0.0,138.0,146.0,1.0,143.0,21.0,49.0,26.0
2020-05-17 00:00:00+00:00,1331182503.0,5.31e-06,0.05134334,115459525.0,31.387243032455444,32.998699605464935,0.8026262521743774,24.384289383888245,4.590634882450104,15.56955772638321,2.2193464636802673,9.671601235866547,13.058655500411987,0.7206857800483704,13.400444865226746,0.9996465444564819,3.784751832485199,0.0,150.0,181.0,6.0,131.0,30.0,45.0,18.0
2020-05-18 00:00:00+00:00,1406595713.0,5.58e-06,0.05425201,182874559.0,35.60623037815094,35.95582091808319,2.2683843970298767,30.278302133083344,6.124566733837128,19.241487741470337,1.4392749071121216,12.742699325084686,13.691857993602753,0.9480440020561218,15.470207929611206,2.3177850246429443,7.0680418610572815,1.4652381539344788,193.0,176.0,9.0,125.0,88.0,59.0,37.0
2020-05-19 00:00:00+00:00,1463556399.0,5.7999999999999995e-06,0.05644897,186581379.0,30.761502504348755,36.749733090400696,0.0,24.4818052649498,1.6034944653511047,19.97179365158081,0.8976932168006897,10.314776837825775,25.428584396839142,1.4256221055984497,13.84699922800064,0.0,4.033944129943848,0.0,150.0,212.0,14.0,119.0,44.0,46.0,27.0
2020-05-20 00:00:00+00:00,1474606328.0,5.97e-06,0.05687516,203310637.0,31.37113493680954,25.412082314491272,0.836756706237793,17.25751233100891,7.6789135336875916,18.125183761119843,1.675632357597351,6.770965754985809,20.734193921089172,0.0,9.504500687122345,2.179196000099182,2.630257308483124,0.7007371187210083,150.0,226.0,4.0,87.0,74.0,32.0,24.0
2020-05-21 00:00:00+00:00,1354588705.0,5.75e-06,0.05224611,228349552.0,26.17812317609787,18.194110095500946,0.0,20.975035429000854,1.4909543991088867,13.975168585777283,1.518998920917511,10.464544296264648,10.53719675540924,0.0,4.0920262932777405,1.4543713331222534,3.371060013771057,0.0,149.0,118.0,0.0,108.0,38.0,30.0,22.0
2020-05-22 00:00:00+00:00,1447594927.0,6.08e-06,0.05583334,224368474.0,41.34445804357529,43.29992216825485,2.281743884086609,33.02870863676071,7.368317067623138,24.447848558425903,0.723430335521698,10.806492745876312,31.346610963344574,3.820111334323883,18.344322621822357,1.4858562350273132,0.9012080430984497,0.0,200.0,258.0,24.0,185.0,73.0,55.0,20.0
2020-05-23 00:00:00+00:00,1434331268.0,6.01e-06,0.05532176,131277191.0,43.92174404859543,22.468045353889465,0.7615453600883484,32.4372141957283,5.196071922779083,27.025938391685486,2.264948010444641,8.676675617694855,15.681721866130829,0.0,16.15226686000824,0.7009945511817932,3.1668513417243958,0.0,203.0,151.0,1.0,188.0,43.0,57.0,27.0
2020-05-24 00:00:00+00:00,1364837949.0,5.99e-06,0.05264143,108565176.0,23.283232867717743,21.587845385074615,1.8151536583900452,24.478148221969604,5.172301232814789,7.9350539445877075,4.0580838322639465,4.927691698074341,1.8019297122955322,0.0,10.703031539916992,0.7246761322021484,0.0,1.618790864944458,129.0,76.0,5.0,123.0,39.0,27.0,29.0
2020-05-25 00:00:00+00:00,1400348731.0,6.06e-06,0.05401107,183914564.0,17.996396899223328,13.564163863658905,0.0,31.42386829853058,6.5962935090065,10.464719772338867,1.715391755104065,3.782908082008362,2.3938361406326294,0.0,16.58659064769745,1.440723717212677,1.5456481575965881,0.0,133.0,80.0,3.0,146.0,36.0,26.0,21.0
2020-05-26 00:00:00+00:00,1385289437.0,6.05e-06,0.05343023,162232161.0,33.36492049694061,53.11932820081711,0.0,51.210384368896484,4.465319812297821,14.123812198638916,0.7730328440666199,8.540133714675903,22.7618767619133,0.947588324546814,13.237470269203186,0.792983889579773,0.7215726375579834,0.0,185.0,322.0,4.0,193.0,49.0,37.0,28.0
2020-05-27 00:00:00+00:00,1430724082.0,6.01e-06,0.05518264,185161265.0,39.730428993701935,63.0856956243515,1.516409158706665,49.78395801782608,11.708121240139008,15.622065603733063,2.253232955932617,10.64546400308609,44.778414607048035,1.6051775217056274,16.986080527305603,0.7493692636489868,4.0145803689956665,0.9122863411903381,222.0,404.0,11.0,225.0,109.0,42.0,34.0
2020-05-28 00:00:00+00:00,1673830268.0,6.78e-06,0.06455917,368087319.0,69.3063794374466,78.96859210729599,3.9831486344337463,66.51242405176163,16.448147416114807,38.41399794816971,1.6329900622367859,23.193935751914978,29.312001585960388,7.10694420337677,21.733174681663513,7.463816940784454,1.4446953535079956,0.7286568284034729,419.0,456.0,64.0,307.0,211.0,90.0,28.0
2020-05-29 00:00:00+00:00,1676453747.0,6.85e-06,0.06466036,393626086.0,70.64434617757797,69.21978187561035,2.289330780506134,90.65502911806107,8.502871811389923,34.21648597717285,1.5875213742256165,23.05376660823822,56.101443111896515,1.5164518356323242,29.903157234191895,5.165239214897156,6.2465755343437195,0.0,414.0,510.0,27.0,425.0,124.0,88.0,20.0
2020-05-30 00:00:00+00:00,1995286526.0,7.93e-06,0.07695765,591436389.0,74.06535631418228,66.97263246774673,19.158902049064636,57.95353728532791,21.350458323955536,22.29377418756485,1.6402212381362915,59.50155383348465,46.37951046228409,13.46993738412857,34.85072600841522,12.996671736240387,5.5168620347976685,0.0,727.0,612.0,156.0,347.0,279.0,66.0,13.0
2020-05-31 00:00:00+00:00,1924927223.0,7.845203797686616e-06,0.0742439150809,848878791.0,114.44696468114853,79.05979377031326,17.955041468143463,99.92482054233551,21.72299313545227,38.0048269033432,4.0028218030929565,72.58740562200546,52.77543640136719,22.50197046995163,62.84698307514191,8.07600212097168,0.7470091581344604,0.8148700594902039,852.0,644.0,167.0,549.0,328.0,87.0,37.0
2020-06-01 00:00:00+00:00,2104444096.0,7.98e-06,0.08116783,681780739.0,46.23611652851105,69.31107592582703,4.467118203639984,64.65777891874313,12.62298035621643,14.166752338409424,2.3176119923591614,30.37272346019745,15.550264835357666,11.668516933918,27.27327561378479,1.6347160935401917,0.9781439304351807,0.0,416.0,305.0,61.0,299.0,131.0,34.0,41.0
2020-06-02 00:00:00+00:00,2034136636.0,8.23e-06,0.07845609,588732847.0,54.08897244930267,71.94220298528671,0.0,54.59395104646683,14.41694837808609,19.54829967021942,0.0,35.092401802539825,37.99360567331314,0.889619767665863,29.87195235490799,3.6187034845352173,5.724346697330475,0.700596809387207,382.0,440.0,13.0,266.0,99.0,53.0,22.0
2020-06-03 00:00:00+00:00,2215176671.0,8.85e-06,0.08543876,558410069.0,49.851161897182465,98.94896042346954,0.7424535751342773,66.49671614170074,16.909786760807037,19.213734030723572,2.463526129722595,22.32474547624588,44.19976615905762,2.6930291652679443,42.14791375398636,3.154506742954254,3.1397076845169067,0.0,346.0,561.0,19.0,309.0,160.0,50.0,28.0
2020-06-04 00:00:00+00:00,2307510091.0,9.08e-06,0.08900003,593406535.0,60.89029377698898,88.91051262617111,3.657312750816345,66.77927047014236,13.476854920387268,10.718168318271637,0.7994663715362549,35.89021360874176,37.75743305683136,5.180248737335205,48.06533765792847,5.7781089544296265,0.7325083017349243,0.7404425740242004,468.0,540.0,38.0,411.0,168.0,28.0,43.0
2020-06-05 00:00:00+00:00,2215260327.0,8.84e-06,0.08544198,357717348.0,76.64197307825089,73.97221475839615,5.685790121555328,93.27337777614594,11.906131267547607,28.697400391101837,6.500122129917145,23.873032987117767,31.8953897356987,2.215712070465088,34.28982204198837,4.043809592723846,2.2691643238067627,0.7238789796829224,420.0,352.0,30.0,427.0,82.0,74.0,55.0
2020-06-06 00:00:00+00:00,2230397735.0,8.91e-06,0.08602583,230814840.0,50.10871660709381,36.031525909900665,0.784483790397644,61.80006331205368,4.592715799808502,21.165733873844147,5.511109530925751,20.61197602748871,22.38444972038269,2.482608437538147,28.040571689605713,6.641846001148224,1.6091799139976501,1.6874979734420776,303.0,226.0,14.0,317.0,67.0,61.0,38.0
2020-06-07 00:00:00+00:00,2246692653.0,8.880000000000001e-06,0.08665432,317140970.0,43.42703127861023,37.98978936672211,1.4562215209007263,50.12755239009857,2.893163323402405,16.00849276781082,1.50970059633255,21.39523333311081,19.667818427085876,1.7434676885604858,24.411110401153564,3.0941362380981445,4.05304080247879,1.6435737013816833,314.0,235.0,23.0,310.0,67.0,45.0,31.0
2020-06-08 00:00:00+00:00,2241240384.0,8.846555796017867e-06,0.0864440269274,212786142.0,65.37102615833282,62.95336228609085,2.4508233070373535,78.63738638162613,5.928614974021912,25.44922935962677,3.0832149386405945,20.563468635082245,14.837113320827484,0.8126370310783386,49.10066336393356,0.0,3.1321839094161987,0.0,346.0,309.0,19.0,436.0,49.0,61.0,23.0
2020-06-09 00:00:00+00:00,2162490419.0,8.51e-06,0.08340666,213123820.0,46.00375634431839,65.8587082028389,0.0,76.99139088392258,4.592264890670776,18.660436689853668,3.0424663424491882,16.015435755252838,29.570231556892395,0.7605854272842407,34.731249153614044,3.5666624903678894,2.3181055784225464,0.0,272.0,328.0,14.0,351.0,57.0,47.0,29.0
2020-06-10 00:00:00+00:00,2165703711.0,8.46e-06,0.0835306,326625304.0,53.95652508735657,59.82114791870117,3.336199700832367,28.520551443099976,10.230076372623444,29.945246398448944,3.923561692237854,37.9012548327446,29.98443591594696,0.914380669593811,29.64880335330963,4.204646587371826,16.71720016002655,0.7853788733482361,358.0,354.0,19.0,209.0,90.0,116.0,34.0
2020-06-11 00:00:00+00:00,1954080044.0,8.086131440969998e-06,0.0753683313707,321823646.0,65.83792316913605,28.24186635017395,2.4258792996406555,60.63458049297333,4.670210063457489,40.304501950740814,4.867495238780975,32.5620875954628,22.651412546634674,3.1929690837860107,22.847286462783813,3.112774908542633,14.651608049869537,0.7156504988670349,335.0,222.0,13.0,268.0,60.0,138.0,26.0
2020-06-12 00:00:00+00:00,2062614027.0,8.390000000000001e-06,0.07955446,244019082.0,56.96022653579712,46.28230029344559,3.2300105690956116,62.93736404180527,3.9584861993789673,33.769442558288574,2.5625734329223633,29.0383283495903,27.22571724653244,0.0,38.07432949542999,4.530357837677002,5.85587465763092,2.258038640022278,303.0,258.0,12.0,320.0,68.0,80.0,28.0
2020-06-13 00:00:00+00:00,2048967930.0,8.34e-06,0.07902813,161430428.0,49.56005173921585,20.611315190792084,0.7304025888442993,35.9682422876358,0.7680254578590393,33.389839589595795,2.141428053379059,10.50161463022232,13.053500413894653,0.0,14.218340396881104,0.0,4.926831066608429,0.0,222.0,157.0,7.0,199.0,13.0,89.0,15.0
2020-06-14 00:00:00+00:00,1989844416.0,8.18e-06,0.07674775,142625977.0,38.90056884288788,25.451010942459106,0.7599910497665405,42.5559458732605,6.304022490978241,22.89915806055069,3.301732897758484,17.35170203447342,13.451546907424927,0.0,25.92284208536148,2.522416353225708,2.1724981665611267,0.7279091477394104,214.0,135.0,3.0,249.0,32.0,52.0,17.0
2020-06-15 00:00:00+00:00,2032340049.0,8.289999999999999e-06,0.0783868,330333741.0,39.783611834049225,34.800875425338745,3.143609046936035,46.03698182106018,20.700615406036377,16.50798135995865,4.7706955671310425,19.280176758766174,16.49659913778305,8.564156770706177,20.61662220954895,3.801345705986023,2.5087116360664368,0.0,336.0,233.0,36.0,218.0,175.0,65.0,37.0
2020-06-16 00:00:00+00:00,2050139147.0,8.289999999999999e-06,0.0790733,216508724.0,62.437960743904114,43.81997090578079,0.8382149934768677,66.12822490930557,1.5489657521247864,36.324237287044525,1.6575584411621094,12.045938909053802,9.809306621551514,5.542210936546326,17.984561145305634,0.0,1.6545454263687134,0.0,270.0,161.0,14.0,261.0,69.0,86.0,20.0
2020-06-17 00:00:00+00:00,2163490354.0,8.8e-06,0.08344523,294705846.0,62.858532547950745,50.50521248579025,2.613822102546692,60.26946645975113,16.708605468273163,25.282798409461975,3.8705381751060486,25.06104278564453,25.98322504758835,5.808418333530426,18.396861612796783,5.7030070424079895,3.2155835032463074,2.1834099888801575,362.0,291.0,24.0,270.0,133.0,48.0,32.0
2020-06-18 00:00:00+00:00,2130520538.0,8.730000000000001e-06,0.08217359,244522788.0,61.31899684667587,58.95366990566254,3.4223564863204956,68.7733873128891,9.005502223968506,28.68253219127655,4.853982508182526,32.42842549085617,26.00767558813095,10.052725970745087,31.995858907699585,3.323201596736908,5.383908331394196,2.233664393424988,364.0,310.0,57.0,331.0,64.0,66.0,54.0
2020-06-19 00:00:00+00:00,2063866648.0,8.570000000000001e-06,0.07960277,211649409.0,41.60306364297867,54.91680592298508,1.4557494521141052,80.8282750248909,2.2056315541267395,20.323911011219025,4.772293984889984,22.569071054458618,28.012084186077118,4.294309377670288,39.55242437124252,2.597082734107971,4.192992746829987,0.0,248.0,322.0,19.0,381.0,29.0,55.0,35.0
2020-06-20 00:00:00+00:00,2057020093.0,8.5e-06,0.0793387,167247006.0,46.47131699323654,97.83639293909073,0.0,60.30446320772171,5.851896584033966,18.899761617183685,4.225506126880646,18.022849678993225,38.7666140794754,2.7610839009284973,19.655316948890686,0.7279451489448547,4.804469048976898,0.0,300.0,592.0,10.0,309.0,29.0,48.0,25.0
2020-06-21 00:00:00+00:00,2034638634.0,8.429999999999999e-06,0.07847545,151949751.0,36.06240689754486,79.01146233081818,0.0,61.345688819885254,0.7337971329689026,19.101865768432617,1.5268288254737854,15.220294177532196,45.431313276290894,2.4845739603042603,36.89275938272476,0.7292430996894836,1.60207861661911,0.0,234.0,500.0,10.0,327.0,15.0,50.0,24.0
2020-06-22 00:00:00+00:00,2167757497.0,8.67e-06,0.08360981,202271174.0,57.88890737295151,41.664401829242706,1.6344736218452454,49.22656589746475,2.337496519088745,30.140717387199402,1.5620080828666687,21.079748928546906,21.52209448814392,2.5326185822486877,26.93682688474655,1.611072063446045,6.03249204158783,1.7244908809661865,273.0,245.0,18.0,273.0,24.0,77.0,28.0
2020-06-23 00:00:00+00:00,2150645920.0,8.609999999999999e-06,0.08294982,184078790.0,34.879797995090485,56.43388921022415,2.2266027331352234,37.241932451725006,0.0,19.46317285299301,2.5383456349372864,12.680824279785156,20.34595227241516,2.6300357580184937,18.705336570739746,0.0,1.6461045742034912,0.7941380143165588,218.0,289.0,15.0,218.0,12.0,38.0,30.0
2020-06-24 00:00:00+00:00,2141134759.0,8.87e-06,0.08258298,302220209.0,38.420373260974884,54.724427819252014,3.170472741127014,66.88617992401123,12.197440385818481,7.3025190234184265,1.6157291531562805,20.949999034404755,24.27248442173004,0.742591381072998,25.77519553899765,3.3055747747421265,0.7156621813774109,0.0,316.0,308.0,25.0,316.0,83.0,18.0,22.0
2020-06-25 00:00:00+00:00,2119069387.0,8.825393507554422e-06,0.0817319250916,207117547.0,39.08084100484848,55.63072097301483,0.8557789921760559,52.55064058303833,4.557929694652557,15.395393252372742,3.146997570991516,5.478193700313568,20.457492530345917,0.0,23.32916682958603,0.0,0.0,0.0,219.0,304.0,3.0,255.0,28.0,37.0,37.0
2020-06-26 00:00:00+00:00,2088710302.0,8.789999999999999e-06,0.08056098,163378517.0,23.567360520362854,32.01441115140915,0.0,56.05129438638687,0.0,7.524656713008881,3.0926560759544373,5.551414370536804,24.576903104782104,0.0,24.791427552700043,0.0,0.0,0.0,164.0,179.0,3.0,275.0,20.0,20.0,27.0
2020-06-27 00:00:00+00:00,2013977990.0,8.589999999999999e-06,0.07767858,148184221.0,33.89800029993057,88.76097929477692,1.578644037246704,46.1106276512146,2.1972184777259827,14.49738895893097,3.186377167701721,14.163920223712921,49.02234876155853,1.5707263350486755,26.151453852653503,0.0,1.5023001432418823,0.0,206.0,433.0,9.0,258.0,38.0,34.0,37.0
2020-06-28 00:00:00+00:00,2084324972.0,8.789999999999999e-06,0.08039184,188871401.0,30.806940495967865,112.78609949350357,0.0,74.15995061397552,2.168106973171234,12.97506994009018,0.9123932123184204,18.276159703731537,58.204877734184265,0.0,60.68869000673294,0.0,4.569140255451202,0.0,197.0,567.0,2.0,437.0,17.0,45.0,13.0
2020-06-29 00:00:00+00:00,2174495660.0,9.13e-06,0.0838697,275593607.0,42.58983248472214,95.98288804292679,0.7253397107124329,74.35080844163895,13.300314903259277,13.205246448516846,1.5561418533325195,14.716314673423767,41.959687888622284,1.506934642791748,33.301111340522766,5.401043593883514,2.9745436906814575,0.0,247.0,462.0,7.0,312.0,117.0,24.0,28.0
2020-06-30 00:00:00+00:00,2154965825.0,9.1e-06,0.08311644,208687716.0,33.90311723947525,71.09384781122208,0.7338269352912903,75.77898305654526,9.381641030311584,15.153530895709991,0.8773411512374878,15.202506363391876,34.955086052417755,0.0,24.81369972229004,2.401291310787201,3.6418100595474243,0.7574316263198853,190.0,344.0,2.0,303.0,60.0,36.0,25.0
2020-07-01 00:00:00+00:00,2508169220.0,1.0479681013129882e-05,0.0967393989534,415786413.0,109.17690539360046,127.86055094003677,5.532307028770447,146.96991354227066,40.89924907684326,27.838583946228027,1.5917012691497803,51.71912479400635,58.95973002910614,6.470499038696289,85.21483755111694,11.749942779541016,3.9986998438835144,0.0,758.0,742.0,89.0,728.0,353.0,61.0,19.0
2020-07-02 00:00:00+00:00,2445594521.0,1.0340000000000001e-05,0.09432591,416119936.0,134.9008320569992,276.83824014663696,2.4213672280311584,152.63842111825943,29.21736252307892,51.797698974609375,3.097656488418579,37.283531665802,102.06903392076492,3.273418128490448,63.42438417673111,13.725758969783783,4.478164076805115,0.0,615.0,1618.0,30.0,705.0,250.0,109.0,31.0
2020-07-03 00:00:00+00:00,2504309464.0,1.0632765736785128e-05,0.0965905291948,449035681.0,163.34078282117844,144.88283401727676,12.769923627376556,119.50660943984985,44.796280801296234,72.09701544046402,7.373506009578705,83.60731238126755,70.23622649908066,15.45341968536377,93.56076437234879,18.410189867019653,8.978686392307281,2.328080177307129,988.0,876.0,145.0,720.0,446.0,142.0,42.0
2020-07-04 00:00:00+00:00,2591469353.0,1.094e-05,0.09995226,325220890.0,98.95439583063126,75.62473422288895,8.410788714885712,122.69011324644089,13.55489033460617,34.72276371717453,4.108601450920105,33.22481697797775,46.944809556007385,4.19210410118103,50.9742693901062,6.37387490272522,2.543234705924988,0.0,528.0,433.0,55.0,538.0,184.0,75.0,29.0
2020-07-05 00:00:00+00:00,2546315063.0,1.0820000000000001e-05,0.09821067,262132088.0,101.7210624217987,97.23488754034042,2.3288020491600037,57.747578620910645,9.961077451705933,61.06048893928528,5.635818183422089,46.49995577335358,71.38880115747452,3.3944934606552124,37.47178167104721,2.417715549468994,17.921617805957794,0.0,542.0,590.0,53.0,320.0,121.0,194.0,33.0
2020-07-06 00:00:00+00:00,2728084902.0,1.122e-05,0.10522149,336062177.0,132.86147618293762,52.13200080394745,26.642215073108673,98.40388864278793,24.567214369773865,48.62689924240112,0.8613994121551514,63.00239533185959,37.855282843112946,26.836256742477417,46.87128418684006,12.551297664642334,4.848135769367218,0.8839558362960815,811.0,306.0,195.0,505.0,254.0,142.0,28.0
2020-07-07 00:00:00+00:00,3047824535.0,1.2709999999999999e-05,0.11755376,575537074.0,171.66496086120605,86.71303904056549,26.788769960403442,115.31729310750961,63.443806886672974,53.38760715723038,2.3526455760002136,113.36552965641022,45.17893487215042,34.287530064582825,57.66513180732727,36.45565867424011,12.8944650888443,2.3217215538024902,1362.0,525.0,258.0,610.0,705.0,147.0,40.0
2020-07-08 00:00:00+00:00,3368126986.0,1.3780000000000002e-05,0.12990773,1161107598.0,234.54089707136154,145.1245902776718,22.94928616285324,142.05443543195724,94.2881355881691,67.37776815891266,5.6478686928749084,182.54377460479736,83.57692205905914,24.917913615703583,100.90907406806946,67.26897770166397,20.590501844882965,3.043060004711151,2241.0,1074.0,265.0,822.0,1270.0,210.0,70.0
2020-07-09 00:00:00+00:00,3222557775.0,1.34e-05,0.12429317,659099389.0,64.51490330696106,69.39568245410919,8.92854505777359,73.86161357164383,16.73613828420639,17.68493628501892,5.566997528076172,44.65342879295349,45.38483291864395,11.391102731227875,44.20790684223175,9.7527534365654,4.554991781711578,0.9327263236045837,598.0,532.0,102.0,414.0,219.0,67.0,45.0
2020-07-10 00:00:00+00:00,3067594192.0,1.275e-05,0.11831627,513272164.0,65.00576359033585,69.94741040468216,6.191449582576752,64.037060379982,17.213983416557312,18.543476581573486,1.5468196868896484,40.22836983203888,46.19048660993576,8.315309643745422,40.23961764574051,8.573399305343628,6.047623515129089,0.0,461.0,446.0,52.0,362.0,174.0,58.0,32.0
2020-07-11 00:00:00+00:00,3246433643.0,1.3549999999999999e-05,0.12521406,393237279.0,92.13224744796753,78.43537020683289,3.9479259252548218,57.48390054702759,19.241320073604584,44.36455672979355,3.2624545097351074,29.415460228919983,51.140385031700134,0.8575528264045715,24.29551750421524,8.401681303977966,3.2946377992630005,0.7293417453765869,463.0,483.0,36.0,314.0,173.0,113.0,27.0
2020-07-12 00:00:00+00:00,3287118881.0,1.367e-05,0.12678327,340033778.0,59.51213717460632,72.12869614362717,0.8294023871421814,58.61840409040451,6.789163887500763,30.663365244865417,0.9133958220481873,40.1410858631134,65.3093678355217,3.3555458188056946,60.850707054138184,1.4673221707344055,9.684319734573364,1.64250910282135,351.0,571.0,20.0,355.0,87.0,78.0,27.0
2020-07-13 00:00:00+00:00,3219003554.0,1.343e-05,0.12415608,553867759.0,48.372428715229034,74.98622453212738,3.020775079727173,66.36436128616333,16.155475914478302,12.867970824241638,5.552172422409058,50.82229381799698,67.21855860948563,6.646693646907806,62.126377403736115,6.7342530488967896,8.215419828891754,2.165147066116333,462.0,565.0,68.0,417.0,181.0,58.0,45.0
2020-07-14 00:00:00+00:00,3421411525.0,1.4279999999999999e-05,0.1319629,449379997.0,43.226918160915375,65.07481724023819,5.500948131084442,54.199830412864685,9.075928092002869,15.231472671031952,4.817070126533508,38.1901952624321,83.42488861083984,13.124144434928894,35.629339933395386,2.1759450435638428,6.608673632144928,0.934255838394165,362.0,520.0,95.0,286.0,79.0,54.0,41.0
2020-07-15 00:00:00+00:00,3380098710.0,1.418e-05,0.13036948,292680349.0,56.75685888528824,117.77512121200562,6.18713766336441,57.780942142009735,6.51249486207962,25.653951287269592,6.2710055112838745,37.17996424436569,152.22785770893097,3.251466751098633,53.91770923137665,3.2304206490516663,4.581009566783905,0.0,363.0,1068.0,42.0,344.0,66.0,68.0,41.0
2020-07-16 00:00:00+00:00,3264792189.0,1.379e-05,0.12592214,423824352.0,43.305325508117676,96.48272204399109,4.028016090393066,54.02406859397888,4.747793138027191,15.765082120895386,7.1396408677101135,21.980816066265106,53.84717530012131,9.301443755626678,35.69526267051697,1.7273290753364563,5.463502585887909,2.388794183731079,311.0,626.0,57.0,386.0,79.0,47.0,49.0
2020-07-17 00:00:00+00:00,3175704150.0,1.338e-05,0.12248604,231984863.0,42.305684089660645,89.45526570081711,4.025619208812714,62.05517452955246,6.034363567829132,18.775866091251373,3.137633264064789,28.619268357753754,39.4676815867424,6.678064703941345,38.41671812534332,1.6025875210762024,4.248309969902039,0.0,327.0,555.0,37.0,393.0,66.0,61.0,26.0
2020-07-18 00:00:00+00:00,3175481569.0,1.3369999999999999e-05,0.12247745,221333950.0,49.936789870262146,56.332531094551086,5.504420876502991,55.305741250514984,37.07039713859558,12.907577931880951,1.6271651983261108,35.58152920007706,41.31645828485489,8.152084052562714,24.329216480255127,8.896773397922516,5.718579053878784,0.0,410.0,392.0,67.0,319.0,192.0,47.0,24.0
2020-07-19 00:00:00+00:00,3207480247.0,1.347e-05,0.12371163,159010744.0,29.06836247444153,57.012944519519806,4.200333118438721,58.07784402370453,9.99637359380722,6.5890907645225525,0.0,26.689047396183014,22.657086968421936,5.8168691992759705,25.514249980449677,4.252944111824036,1.5872950553894043,0.7081581950187683,276.0,267.0,34.0,306.0,87.0,17.0,31.0
2020-07-20 00:00:00+00:00,3057429415.0,1.2869999999999999e-05,0.11792421,176280626.0,47.768648862838745,36.18305653333664,2.3195229172706604,34.91694688796997,10.081923365592957,14.028062343597412,6.389426231384277,27.667075991630554,27.795922815799713,3.2918673753738403,31.74382746219635,6.344965696334839,3.045153319835663,0.0,344.0,282.0,38.0,256.0,103.0,35.0,46.0
2020-07-21 00:00:00+00:00,3188120006.0,1.312e-05,0.12296491,208927329.0,72.25631046295166,45.48795247077942,2.381603479385376,51.09902584552765,6.900237143039703,38.28798323869705,7.944058179855347,27.243034660816193,29.441729307174683,1.7518401145935059,30.421696960926056,2.6033472418785095,5.441995620727539,1.5607000589370728,386.0,290.0,15.0,283.0,80.0,96.0,54.0
2020-07-22 00:00:00+00:00,3212941570.0,1.3009999999999999e-05,0.12392228,157853191.0,50.202860713005066,116.8953046798706,0.7003331184387207,49.28755462169647,4.423173189163208,23.24561256170273,3.123112380504608,21.340122401714325,63.8583807349205,0.7785409688949585,41.448375821113586,4.080633342266083,4.886032819747925,0.7321322560310364,296.0,725.0,7.0,300.0,52.0,69.0,37.0
2020-07-23 00:00:00+00:00,3209066253.0,1.292e-05,0.12377281,201587814.0,62.94789797067642,86.70548552274704,3.167147219181061,48.812640964984894,5.54906302690506,32.718663930892944,2.1767995357513428,16.631088078022003,45.41691082715988,1.6963751912117004,21.994548857212067,2.2425240874290466,3.143363654613495,0.7775901556015015,317.0,491.0,23.0,278.0,64.0,68.0,50.0
2020-07-24 00:00:00+00:00,3160191204.0,1.278e-05,0.12188771,198707995.0,40.85581111907959,78.7664503455162,1.6547734141349792,35.275341272354126,0.7130678296089172,15.651474177837372,6.825196325778961,30.824318945407867,65.92380821704865,2.3160151839256287,35.71601152420044,2.3361955881118774,4.153814315795898,3.283551335334778,249.0,569.0,16.0,190.0,63.0,48.0,60.0
2020-07-25 00:00:00+00:00,3722550592.0,1.484e-05,0.14357776,630341416.0,137.86905694007874,113.04322123527527,19.426064670085907,92.39484065771103,28.56118619441986,50.05997711420059,11.959388256072998,61.6207714676857,73.60578590631485,21.718812823295593,54.8177433013916,8.001057088375092,8.133638679981232,0.7127774953842163,957.0,855.0,217.0,470.0,283.0,124.0,84.0
2020-07-26 00:00:00+00:00,3839996381.0,1.4950000000000001e-05,0.14810761,743098554.0,122.33535492420197,145.85272181034088,6.427655816078186,77.84508901834488,19.532288551330566,52.50809472799301,11.886523723602295,64.16248768568039,67.69234943389893,8.300121486186981,66.28442591428757,12.871354699134827,9.443927645683289,0.736542820930481,835.0,987.0,93.0,475.0,242.0,134.0,75.0
2020-07-27 00:00:00+00:00,3597922375.0,1.263e-05,0.13877088,745732008.0,117.80517774820328,95.23491793870926,7.843453884124756,67.26071125268936,29.168662667274475,51.56556671857834,3.149401366710663,62.774695336818695,49.57314044237137,7.881464064121246,45.46787095069885,24.053472340106964,8.280806303024292,1.6857450008392334,674.0,629.0,71.0,331.0,401.0,113.0,37.0
2020-07-28 00:00:00+00:00,3852716910.0,1.3620000000000002e-05,0.14859823,638080214.0,86.58964371681213,111.98471200466156,3.734454870223999,87.91678792238235,9.087101399898529,44.17688822746277,1.8017907738685608,44.83271515369415,93.77359116077423,5.637677609920502,63.07229799032211,6.695675194263458,10.022506356239319,0.7077147364616394,605.0,853.0,91.0,495.0,133.0,97.0,36.0
2020-07-29 00:00:00+00:00,3626663356.0,1.26e-05,0.13987941,451915307.0,141.1757510304451,204.1978331208229,7.719187498092651,155.49115097522736,18.4237003326416,81.74335640668869,5.548162579536438,42.865994930267334,109.05600655078888,7.529029726982117,112.98010265827179,3.853875517845154,9.305421769618988,2.3718830347061157,649.0,1328.0,80.0,758.0,151.0,174.0,62.0
2020-07-30 00:00:00+00:00,3645046756.0,1.2650000000000001e-05,0.14058845,257573327.0,115.31914210319519,375.9721142053604,6.462194442749023,166.90389358997345,7.923707902431488,52.83195161819458,0.8144369721412659,62.33134710788727,356.47109842300415,1.410008430480957,131.5449424982071,4.6115721464157104,6.2170937061309814,2.3851510882377625,620.0,2801.0,31.0,930.0,112.0,113.0,32.0
2020-07-31 00:00:00+00:00,3598615577.0,1.226e-05,0.13879762,230659122.0,124.01509606838226,211.2487552165985,2.2833722829818726,170.2079050540924,11.785210371017456,66.91238570213318,3.099797010421753,70.00265818834305,240.32423824071884,2.518086314201355,111.02803659439087,2.6416300535202026,22.992260813713074,0.8048458099365234,637.0,1689.0,36.0,923.0,84.0,185.0,23.0
2020-08-01 00:00:00+00:00,3722421374.0,1.2210000000000002e-05,0.14357277,362476707.0,93.86145824193954,229.18047362565994,5.801223158836365,122.82876807451248,7.842528820037842,46.8592386841774,6.191616117954254,46.67966848611832,268.7157846689224,13.413133144378662,88.95191073417664,2.5606980323791504,4.523448884487152,2.3272833228111267,571.0,1791.0,70.0,722.0,65.0,115.0,62.0
2020-08-02 00:00:00+00:00,3461382969.0,1.208e-05,0.13350459,421324885.0,88.81429523229599,216.41095983982086,3.9888662695884705,141.4765326976776,3.064844250679016,42.447923839092255,7.870500326156616,38.37728410959244,242.85777854919434,10.622250497341156,75.55044674873352,0.0,5.609347939491272,1.570271611213684,464.0,1640.0,45.0,662.0,32.0,96.0,53.0
2020-08-03 00:00:00+00:00,3560687133.0,1.2210000000000002e-05,0.13733473,248378862.0,70.7047529220581,262.2709037065506,2.2940931916236877,140.50837570428848,3.728231370449066,37.82272797822952,6.506139814853668,51.03574860095978,231.4658567905426,3.745917022228241,108.69931852817535,15.085149109363556,5.713722825050354,1.544618308544159,437.0,1799.0,27.0,779.0,72.0,88.0,37.0
2020-08-04 00:00:00+00:00,3708035529.0,1.276e-05,0.14301791,376096013.0,86.21247345209122,176.45385938882828,8.481127977371216,124.1011312007904,7.789621472358704,33.572752952575684,5.730174362659454,54.64674800634384,249.31615835428238,12.455618619918823,131.02263605594635,4.087568163871765,7.498949229717255,6.987564921379089,568.0,1439.0,86.0,795.0,84.0,83.0,75.0
2020-08-05 00:00:00+00:00,3699659275.0,1.215e-05,0.14269484,274829819.0,60.34346204996109,127.19549489021301,3.2436113357543945,113.99123215675354,5.576051235198975,18.027480602264404,3.1059253215789795,36.36715829372406,108.21223568916321,0.7923067808151245,55.000220596790314,4.546083092689514,5.652649641036987,0.7819213271141052,358.0,774.0,24.0,531.0,78.0,58.0,29.0
2020-08-06 00:00:00+00:00,3735570832.0,1.2232043095104771e-05,0.144079942475,278821185.0,148.74134624004364,153.44087272882462,6.514061152935028,123.38431912660599,15.464117407798767,88.21579569578171,6.928329706192017,51.20947813987732,144.06620275974274,5.43893164396286,74.80895948410034,0.7518005967140198,14.368091523647308,5.985877633094788,643.0,1175.0,40.0,641.0,88.0,204.0,58.0
2020-08-07 00:00:00+00:00,3607887750.0,1.199e-05,0.13915524,620550178.0,59.66408622264862,255.1904621720314,0.8565384745597839,109.03389084339142,8.65064287185669,25.364794075489044,4.564916431903839,37.50842648744583,212.51382809877396,3.405964434146881,101.21806406974792,2.6638736724853516,6.563709080219269,1.6453108191490173,383.0,1754.0,26.0,686.0,53.0,63.0,43.0
2020-08-08 00:00:00+00:00,3779666320.0,1.24e-05,0.14578069,325527431.0,71.35851919651031,234.55423599481583,22.726974368095398,75.58976870775223,2.2742181420326233,22.270726442337036,2.2491506338119507,47.36784201860428,221.69047462940216,16.67137736082077,92.3390599489212,0.0,2.524859666824341,2.2625938653945923,463.0,1683.0,157.0,539.0,39.0,57.0,40.0
2020-08-09 00:00:00+00:00,3765758412.0,1.244e-05,0.14524427,426878184.0,77.51097291707993,179.9601582288742,6.508148014545441,116.92785567045212,6.941289603710175,33.61012518405914,7.518186390399933,42.61571532487869,151.0227152109146,10.117222368717194,100.07747709751129,3.221380650997162,6.6678953766822815,1.6497739553451538,456.0,1082.0,81.0,672.0,66.0,76.0,59.0
2020-08-10 00:00:00+00:00,3729737359.0,1.2110000000000001e-05,0.14385495,311836535.0,54.617901384830475,67.69385170936584,1.506054401397705,111.29597193002701,1.606587290763855,17.90799444913864,0.7495865821838379,31.725918352603912,78.81688338518143,5.676505982875824,72.17619013786316,0.7367379665374756,1.4381752014160156,1.6617310643196106,401.0,551.0,31.0,717.0,32.0,50.0,33.0
2020-08-11 00:00:00+00:00,3563301331.0,1.204e-05,0.13743556,595072471.0,53.361278653144836,188.14077150821686,2.484351634979248,103.8854553103447,8.223532319068909,25.09572333097458,4.014891862869263,28.161335170269012,156.10693907737732,3.460280120372772,84.22806769609451,1.4743062853813171,5.598443448543549,0.0,298.0,1198.0,25.0,601.0,40.0,63.0,30.0
2020-08-12 00:00:00+00:00,3562335655.0,1.186e-05,0.13739831,434540367.0,69.4566136598587,157.79728466272354,6.972268164157867,111.54640603065491,3.0853450894355774,28.507588922977448,2.375639259815216,35.1597461104393,133.21315002441406,6.314834356307983,73.88463997840881,2.836544990539551,6.559318125247955,0.7725824117660522,427.0,1018.0,59.0,567.0,50.0,74.0,36.0
2020-08-13 00:00:00+00:00,3662064337.0,1.199e-05,0.14124482,470617782.0,101.79086673259735,187.6531252861023,9.278586089611053,99.74964582920074,8.345919966697693,56.54154747724533,1.5715535283088684,43.967789709568024,152.36003929376602,6.701099634170532,75.43902081251144,1.4786465764045715,12.227281749248505,0.0,501.0,1327.0,46.0,644.0,49.0,119.0,33.0
2020-08-14 00:00:00+00:00,3586695888.0,1.1750000000000001e-05,0.13833788,355732407.0,64.15543454885483,173.64204281568527,6.000010907649994,71.87779861688614,9.523086786270142,30.4905903339386,0.7890832424163818,29.905783772468567,121.48264569044113,6.630525648593903,33.46630132198334,2.286266028881073,4.144610285758972,4.048508107662201,368.0,983.0,44.0,419.0,49.0,61.0,33.0
2020-08-15 00:00:00+00:00,3585803603.0,1.1659999999999998e-05,0.13830346,343504348.0,71.71451473236084,188.6025020480156,9.063082337379456,75.34119808673859,4.0043110847473145,29.6890087723732,3.9390056133270264,25.474914848804474,113.40918332338333,2.3854175209999084,51.219926953315735,2.416720747947693,6.452081859111786,0.8845959901809692,398.0,1127.0,48.0,471.0,43.0,77.0,33.0
2020-08-16 00:00:00+00:00,3590147102.0,1.1639999999999999e-05,0.13847099,284566480.0,59.08741456270218,111.23555129766464,8.069983839988708,88.70595401525497,2.3269458413124084,17.86450344324112,4.893528401851654,31.648740231990814,79.81980067491531,6.524828553199768,43.69161891937256,1.449832558631897,6.4582260847091675,0.7425634264945984,416.0,691.0,90.0,431.0,29.0,54.0,37.0
2020-08-17 00:00:00+00:00,3653631796.0,1.1499999999999998e-05,0.14091958,425628203.0,58.76697498559952,98.2645812034607,8.540217101573944,65.85005271434784,0.8976932168006897,25.536341726779938,1.757686972618103,44.91113495826721,59.759093165397644,9.336527466773987,59.626094818115234,11.926413536071777,4.059041857719421,0.8024489879608154,427.0,511.0,74.0,448.0,79.0,74.0,23.0
2020-08-18 00:00:00+00:00,3563078059.0,1.1459999999999999e-05,0.13742694,340692991.0,38.89029610157013,105.84987223148346,2.332970380783081,73.48543536663055,0.8976932168006897,22.335029244422913,2.3425439596176147,20.5292449593544,53.71100389957428,0.0,40.486321568489075,0.0,4.116176247596741,1.577455222606659,259.0,604.0,12.0,403.0,23.0,61.0,21.0
2020-08-19 00:00:00+00:00,3351728015.0,1.099e-05,0.12927523,383288760.0,20.748308658599854,86.51997381448746,3.058160960674286,46.39738470315933,0.7524330019950867,6.613878905773163,3.2728154063224792,21.487109661102295,73.49048036336899,3.2696372866630554,52.59871059656143,0.8944063782691956,1.5833476781845093,0.797730565071106,265.0,562.0,23.0,421.0,53.0,31.0,36.0
2020-08-20 00:00:00+00:00,3462201579.0,1.1242285580334364e-05,0.133536165358,313704324.0,62.17974156141281,104.73391097784042,4.607716202735901,101.87506371736526,0.0,25.762798309326172,3.9101895093917847,32.297243893146515,86.61439871788025,6.513209939002991,57.29279398918152,0.8839548826217651,9.792980134487152,3.215233564376831,375.0,688.0,41.0,519.0,29.0,82.0,49.0
2020-08-21 00:00:00+00:00,3208404028.0,1.0681239774597258e-05,0.123747263446,362970891.0,35.563422083854675,106.25922352075577,0.7258833050727844,53.20841145515442,0.7501413822174072,16.82090163230896,4.807545185089111,29.42653650045395,93.44125825166702,2.7533555030822754,43.24232488870621,3.0433230996131897,2.4866878986358643,3.084277629852295,249.0,677.0,26.0,345.0,25.0,47.0,22.0
2020-08-22 00:00:00+00:00,3248030061.0,1.072e-05,0.12527563,296099194.0,34.95377826690674,86.07678091526031,0.731072723865509,55.84444773197174,1.5256350636482239,12.494698286056519,0.7361729145050049,22.370767772197723,38.29259157180786,0.7137088179588318,43.64455205202103,1.4934569001197815,4.163488507270813,4.121482849121094,248.0,492.0,16.0,335.0,35.0,31.0,29.0
2020-08-23 00:00:00+00:00,3152604459.0,1.042e-05,0.12159509,232234230.0,41.741845190525055,71.10390639305115,0.8632336854934692,120.9337500333786,1.7953864336013794,15.336465299129486,0.9353470206260681,17.341657876968384,67.01696234941483,1.7763071060180664,59.399102449417114,0.0,1.635053277015686,0.0,242.0,603.0,10.0,593.0,28.0,39.0,14.0
2020-08-24 00:00:00+00:00,3227620470.0,1.0569999999999999e-05,0.12448844,278021260.0,69.04571282863617,113.90138202905655,3.9848179817199707,118.47978430986404,3.3655070662498474,38.72464692592621,2.335337519645691,27.510843098163605,104.38134860992432,5.096161127090454,73.89341473579407,0.7043174505233765,4.252523958683014,1.4904643297195435,362.0,859.0,48.0,620.0,41.0,92.0,40.0
2020-08-25 00:00:00+00:00,2937332630.0,9.970000000000001e-06,0.11329211,431857369.0,98.00442314147949,72.26343977451324,10.192155539989471,56.84157472848892,9.571950495243073,60.421070992946625,1.5182489156723022,34.674414455890656,53.97796332836151,3.2220024466514587,70.09960716962814,2.138516902923584,13.774993360042572,0.866784393787384,433.0,500.0,57.0,380.0,83.0,142.0,33.0
2020-08-26 00:00:00+00:00,2989007621.0,1.0029999999999999e-05,0.1152852,314761939.0,78.85418909788132,59.504829585552216,20.788266241550446,63.96192145347595,3.2043866515159607,41.50642693042755,4.22932630777359,31.263327479362488,62.71182882785797,7.686969220638275,41.42178875207901,1.7525987029075623,7.214391589164734,0.7912513017654419,445.0,445.0,135.0,416.0,46.0,88.0,45.0
2020-08-27 00:00:00+00:00,2769641487.0,9.43e-06,0.10682431,361935074.0,62.569732785224915,98.00864028930664,3.22682124376297,66.61776047945023,5.1031588315963745,31.81385040283203,3.394447147846222,30.7834415435791,66.81343287229538,7.761729121208191,52.61108112335205,0.0,9.055640041828156,0.0,369.0,651.0,56.0,409.0,27.0,102.0,30.0
2020-08-28 00:00:00+00:00,2837784381.0,9.48e-06,0.10945257,275672160.0,63.50639110803604,76.67688202857971,4.806974828243256,80.27247405052185,2.912261188030243,30.018464744091034,6.335691034793854,21.442637741565704,57.80633848905563,4.318309724330902,35.28431314229965,0.0,9.906084418296814,0.0,283.0,508.0,23.0,376.0,25.0,72.0,33.0
2020-08-29 00:00:00+00:00,3025992529.0,1.014e-05,0.1167117,315465776.0,52.77769589424133,125.38772076368332,2.2975810766220093,93.98912858963013,6.5300217270851135,18.52517068386078,3.371634006500244,26.453113794326782,80.69953989982605,3.7286014556884766,30.311852991580963,5.023142576217651,8.130028009414673,2.4522878527641296,326.0,773.0,32.0,439.0,75.0,53.0,26.0
2020-08-30 00:00:00+00:00,3044806865.0,1.0029999999999999e-05,0.11743737,297044001.0,60.190376818180084,70.27400088310242,4.856234610080719,64.86158549785614,3.1230188608169556,31.7659712433815,2.3127723336219788,31.64355194568634,41.10123145580292,3.544427454471588,32.316244423389435,5.345999360084534,10.542388081550598,1.5352495312690735,317.0,370.0,42.0,303.0,62.0,85.0,34.0
2020-08-31 00:00:00+00:00,3180947691.0,1.0500000000000001e-05,0.12268828,453559242.0,46.77208721637726,108.56889283657074,5.430731534957886,68.66443538665771,2.232393503189087,16.192882418632507,6.963779807090759,35.23582857847214,75.81535333395004,5.41206556558609,66.69317293167114,3.1679139137268066,3.2386401891708374,0.7244209051132202,352.0,662.0,69.0,411.0,60.0,45.0,37.0
2020-09-01 00:00:00+00:00,3251530868.0,1.048e-05,0.12541065,451299015.0,40.19632512331009,82.36854934692383,3.2472329139709473,69.12395066022873,5.126223087310791,16.1156547665596,0.9194242358207703,22.938589990139008,76.85464257001877,6.735067069530487,44.408885300159454,0.0,4.134042680263519,0.7399044036865234,272.0,535.0,53.0,371.0,47.0,47.0,27.0
2020-09-02 00:00:00+00:00,2997504255.0,1.013e-05,0.11561292,427391907.0,31.894741237163544,110.98920828104019,0.8411065340042114,77.81643325090408,1.746140480041504,13.905521750450134,2.4204469323158264,19.395563781261444,60.941724359989166,3.142357110977173,37.24661087989807,0.0,5.366625785827637,0.0,197.0,553.0,6.0,386.0,5.0,41.0,27.0
2020-09-03 00:00:00+00:00,2492979309.0,9.39e-06,0.09615353,486369863.0,43.665654480457306,86.03232997655869,3.15335875749588,57.70305347442627,0.0,18.910622358322144,4.144620835781097,21.83287161588669,73.7053080201149,0.8075871467590332,39.97501593828201,0.8167508840560913,6.848814427852631,1.5711373090744019,265.0,542.0,13.0,351.0,20.0,64.0,42.0
2020-09-04 00:00:00+00:00,2656099876.0,9.75e-06,0.10244504,514623980.0,63.37609159946442,117.05149048566818,0.7435289025306702,60.74101948738098,0.0,34.134905099868774,4.0833176374435425,19.180655598640442,78.01245546340942,0.0,34.1419312953949,0.0,6.7608837485313416,0.0,312.0,629.0,9.0,239.0,14.0,112.0,31.0
2020-09-05 00:00:00+00:00,2331449998.0,8.84e-06,0.08992339,481176027.0,50.843453884124756,87.78628748655319,1.702908217906952,47.527743101119995,0.7436673641204834,26.01848942041397,1.5588998198509216,13.31600046157837,52.034187376499176,2.748832106590271,21.755646526813507,0.0,2.6091538071632385,0.0,211.0,514.0,14.0,226.0,12.0,72.0,17.0
2020-09-06 00:00:00+00:00,2412763134.0,9.050000000000001e-06,0.09305961,454580262.0,37.37703651189804,129.18726354837418,0.7897006869316101,41.71153140068054,0.0,20.502598345279694,4.648516058921814,17.55281174182892,94.85825365781784,3.4257851243019104,26.835289180278778,0.0,3.734150230884552,0.0,215.0,781.0,21.0,233.0,10.0,55.0,28.0
2020-09-07 00:00:00+00:00,2419859105.0,9e-06,0.0933333,463220962.0,37.79130256175995,77.89910537004471,0.9261190891265869,41.135380029678345,1.4366268515586853,18.152134239673615,3.8883461356163025,12.497782111167908,61.66382658481598,0.8341231346130371,23.229978263378143,0.0,4.562515318393707,0.0,198.0,444.0,7.0,221.0,10.0,50.0,29.0
2020-09-08 00:00:00+00:00,2359641181.0,8.98e-06,0.09101071,610082647.0,23.936261296272278,45.85000121593475,0.0,34.93011748790741,0.0,14.36146491765976,2.3443493247032166,8.058830320835114,32.66127735376358,0.8585886359214783,23.952429354190826,0.0,2.544031322002411,0.0,140.0,274.0,3.0,222.0,3.0,44.0,19.0
2020-09-09 00:00:00+00:00,2420254923.0,9.11e-06,0.09334857,572617714.0,44.77172392606735,75.68497776985168,0.0,59.761740267276764,0.7085239887237549,15.066862404346466,3.6946739554405212,14.852723121643066,45.50919568538666,0.9110065698623657,26.61836075782776,0.0,1.698613166809082,0.0,200.0,386.0,16.0,292.0,7.0,36.0,18.0
2020-09-10 00:00:00+00:00,2518960461.0,9.38e-06,0.09715561,809239667.0,31.54616504907608,61.90593737363815,2.458732008934021,41.085298001766205,2.182978630065918,14.799991607666016,2.3241050243377686,15.199109554290771,40.770517468452454,3.23810213804245,17.90633064508438,0.0,5.387915015220642,0.8374267220497131,202.0,359.0,44.0,207.0,7.0,52.0,23.0
2020-09-11 00:00:00+00:00,2514641826.0,9.33e-06,0.09698905,771197364.0,21.13695067167282,25.741888344287872,3.9604811668395996,30.02636843919754,1.7128618359565735,8.57108199596405,1.456090271472931,13.370499908924103,2.589398980140686,2.469841241836548,15.39319634437561,0.9275801181793213,3.242183029651642,0.0,189.0,158.0,37.0,173.0,17.0,34.0,26.0
2020-09-12 00:00:00+00:00,2530438657.0,9.35e-06,0.09759833,699214253.0,28.17741060256958,64.63163059949875,9.61637419462204,29.776249408721924,0.0,10.677526473999023,0.718944787979126,18.202110588550568,48.60782569646835,9.812175333499908,14.369607925415039,0.0,2.4622228145599365,0.0,196.0,491.0,46.0,163.0,5.0,25.0,20.0
2020-09-13 00:00:00+00:00,2459337149.0,9.19e-06,0.09485596,771663333.0,32.21135324239731,53.5321438908577,3.190167188644409,41.86351478099823,1.7051695585250854,6.115829586982727,3.2867637276649475,5.662286341190338,17.338167250156403,2.395950675010681,15.981902480125427,0.0,0.0,0.0,160.0,238.0,29.0,196.0,18.0,21.0,13.0
2020-09-14 00:00:00+00:00,2508929771.0,9.06e-06,0.09676873,851692144.0,18.766043066978455,36.295774102211,2.40999436378479,38.34396255016327,0.0,6.6771658062934875,0.8976932168006897,4.062623679637909,42.62388616800308,0.0,12.849631190299988,0.0,3.265812337398529,0.0,108.0,335.0,6.0,174.0,5.0,24.0,22.0
2020-09-15 00:00:00+00:00,2908901262.0,8.66e-06,0.09349627,813329601.0,15.841089129447937,33.9091922044754,0.7025384306907654,39.256796002388,0.0,7.112231433391571,1.631113350391388,14.192325115203857,8.40199100971222,3.157005488872528,18.187227308750153,0.0,2.257824718952179,0.0,138.0,174.0,9.0,224.0,0.0,27.0,18.0
2020-09-16 00:00:00+00:00,2851601362.0,8.352543689615256e-06,0.0916545687075,822271056.0,52.87910878658295,56.70035296678543,2.4651951789855957,52.746250212192535,15.267283737659454,22.682565212249756,0.8137357234954834,13.4154292345047,19.463216722011566,0.7045431137084961,17.99588245153427,1.4553068280220032,9.465407848358154,0.0,227.0,280.0,24.0,276.0,61.0,68.0,16.0
2020-09-17 00:00:00+00:00,2931310016.0,8.609999999999999e-06,0.09421652,825621808.0,32.25265723466873,30.846201360225677,1.6205100417137146,47.00610542297363,1.4181883335113525,17.725414156913757,1.5068798661231995,20.788211822509766,9.624280333518982,5.298163890838623,21.397388577461243,0.0,4.9703065156936646,2.9759294390678406,185.0,183.0,16.0,209.0,15.0,54.0,25.0
2020-09-18 00:00:00+00:00,2826828928.0,8.30202874068892e-06,0.0908583470624,697068105.0,29.17458039522171,47.47764366865158,6.301306426525116,53.933512687683105,0.9108430743217468,11.589680075645447,1.6617589592933655,18.439372181892395,24.98209011554718,3.4088507294654846,31.320801079273224,0.7576709985733032,5.0609816908836365,0.0,180.0,326.0,37.0,245.0,10.0,35.0,24.0
2020-09-19 00:00:00+00:00,2851669375.0,8.26e-06,0.09165675,617795834.0,15.294385433197021,40.537777066230774,0.0,33.625356793403625,0.7327186465263367,3.0989023447036743,0.8419206738471985,9.043556213378906,22.94443988800049,0.0,17.45861130952835,0.0,0.0,0.7841814160346985,128.0,250.0,7.0,170.0,7.0,18.0,16.0
2020-09-20 00:00:00+00:00,2782473260.0,8.18e-06,0.08943269,682896131.0,9.918067157268524,20.278769731521606,0.0,48.47766691446304,0.0,3.8776010274887085,0.7358139753341675,7.894182085990906,18.675294637680054,0.0,23.697138607501984,0.0,1.550084114074707,0.0,113.0,140.0,3.0,221.0,17.0,14.0,13.0
2020-09-21 00:00:00+00:00,2502302450.0,7.69e-06,0.0804276,566692194.0,15.171511173248291,37.00787687301636,0.0,47.45990824699402,0.0,4.5624929666519165,3.807365655899048,9.236871480941772,15.34754753112793,0.7203297019004822,27.01432305574417,1.4142993092536926,1.5053502321243286,0.0,128.0,244.0,7.0,266.0,30.0,18.0,16.0
2020-09-22 00:00:00+00:00,2543566502.0,7.76e-06,0.08175389,316907647.0,27.137793958187103,14.535470426082611,0.0,30.390365064144135,0.7109790444374084,11.142045974731445,4.0301066637039185,12.129665911197662,12.344979882240295,0.0,27.970572531223297,0.0,2.5283665657043457,0.0,157.0,141.0,4.0,215.0,22.0,40.0,16.0
2020-09-23 00:00:00+00:00,2388284816.0,7.49e-06,0.07676291,501076416.0,19.43752932548523,53.34645092487335,1.5768652558326721,41.54761779308319,2.195918083190918,5.628294944763184,2.290723204612732,8.575585961341858,30.596695840358734,0.0,26.98741441965103,0.7232129573822021,0.0,0.0,137.0,319.0,3.0,257.0,13.0,14.0,26.0
2020-09-24 00:00:00+00:00,2576629224.0,7.7e-06,0.08281657,596569914.0,40.75092577934265,47.11440199613571,0.8323372006416321,53.672921538352966,0.7923247814178467,20.816411197185516,2.947353482246399,17.168729066848755,47.84481394290924,0.0,23.133135855197906,0.0,8.854184985160828,0.0,190.0,309.0,1.0,280.0,7.0,71.0,25.0
2020-09-25 00:00:00+00:00,3013095546.0,9.06e-06,0.09684522,904408695.0,49.60020214319229,81.7961356639862,2.4350318908691406,53.291514456272125,3.008506417274475,22.137425780296326,3.36046701669693,13.869693279266357,34.732262313365936,5.87523227930069,28.065266489982605,0.7997028827667236,2.1687228083610535,0.7679365277290344,234.0,423.0,42.0,274.0,24.0,47.0,17.0
2020-09-26 00:00:00+00:00,2973219790.0,8.890000000000001e-06,0.09556356,649321135.0,19.887535870075226,38.69715505838394,0.0,25.45255321264267,0.0,15.202688753604889,0.7605350613594055,9.299954414367676,26.452367305755615,0.791271984577179,18.50723284482956,0.0,1.8455588221549988,0.0,109.0,253.0,4.0,203.0,13.0,28.0,14.0
2020-09-27 00:00:00+00:00,3151289579.0,9.4e-06,0.10128698,727996428.0,38.95558899641037,47.98915523290634,0.7326298952102661,56.60951942205429,0.0,20.716472566127777,0.7807179689407349,14.645949959754944,37.04749256372452,1.7524212002754211,33.88463777303696,0.0,1.795509934425354,0.0,181.0,289.0,17.0,265.0,15.0,41.0,13.0
2020-09-28 00:00:00+00:00,3132013926.0,9.4e-06,0.10066743,825058842.0,51.66605740785599,44.84638750553131,0.0,49.71524900197983,2.493748128414154,31.66114181280136,1.4507828950881958,24.541699051856995,23.81358313560486,0.0,36.29436618089676,0.704017698764801,0.9494702219963074,0.0,222.0,289.0,3.0,280.0,28.0,49.0,15.0
2020-09-29 00:00:00+00:00,3147982046.0,9.33e-06,0.10118067,688007846.0,58.94459676742554,25.66232830286026,0.0,48.002129912376404,0.7109323740005493,42.663065910339355,3.126348614692688,19.94318377971649,42.280827701091766,0.7025259733200073,28.255685567855835,0.0,7.333741366863251,0.0,227.0,256.0,8.0,259.0,19.0,82.0,21.0
2020-09-30 00:00:00+00:00,3144283757.0,9.369999999999998e-06,0.1010618,615414657.0,72.29937279224396,64.46590900421143,0.0,54.69583839178085,1.684820294380188,52.11475586891174,1.4774959683418274,10.896168649196625,37.29286515712738,0.7225610613822937,21.477724492549896,0.787231981754303,1.4694623947143555,0.0,218.0,413.0,6.0,243.0,25.0,79.0,16.0
2020-10-01 00:00:00+00:00,3044828931.0,9.22e-06,0.09786518,743737566.0,62.58247274160385,71.84887433052063,1.7366673946380615,48.792726278305054,0.0,40.6323476433754,0.9003697633743286,14.384827852249146,31.61169296503067,0.0,30.0147625207901,0.0,3.1947543621063232,0.748582661151886,239.0,445.0,6.0,286.0,26.0,79.0,13.0
2020-10-02 00:00:00+00:00,2890990819.0,8.789999999999999e-06,0.0929206,828579008.0,33.56953877210617,57.059135258197784,0.0,46.629449903964996,0.0,20.870585560798645,0.9804849624633789,8.681567966938019,13.212464928627014,0.8203256726264954,9.749086678028107,0.9365359544754028,0.7204973101615906,0.0,164.0,286.0,4.0,228.0,21.0,45.0,15.0
2020-10-03 00:00:00+00:00,2906296014.0,8.85e-06,0.09341253,553029310.0,35.54333508014679,45.89762353897095,0.7944999933242798,43.77222698926926,0.0,22.091876089572906,2.3709529042243958,9.806765794754028,28.115305602550507,0.785101592540741,16.09873479604721,0.0,1.7229438424110413,0.0,153.0,280.0,3.0,187.0,11.0,47.0,19.0
2020-10-04 00:00:00+00:00,2997634377.0,9.03e-06,0.09634828,697459534.0,26.83805900812149,20.2731893658638,0.7349620461463928,34.73467421531677,0.0,8.77017092704773,2.3357107043266296,10.130758225917816,14.688621997833252,0.0,12.58504855632782,0.8302903771400452,2.702812612056732,0.0,151.0,127.0,7.0,183.0,14.0,23.0,18.0
2020-10-05 00:00:00+00:00,3034839679.0,9.04e-06,0.09754411,625952257.0,30.426884949207306,41.888262033462524,0.9151182770729065,41.296235620975494,0.0,14.654025495052338,2.2787619829177856,13.349195718765259,21.20981740951538,1.7576289176940918,25.713699519634247,4.39757913351059,0.7700862288475037,1.489790439605713,165.0,240.0,4.0,252.0,20.0,29.0,22.0
2020-10-06 00:00:00+00:00,2887475830.0,8.75e-06,0.09280763,997995413.0,18.914889991283417,26.767677187919617,0.0,41.94624346494675,0.0,9.274928033351898,1.4767813086509705,12.024111986160278,24.237641394138336,0.0,26.65206378698349,0.0,2.3440551161766052,0.7551422119140625,144.0,174.0,2.0,245.0,14.0,28.0,19.0
2020-10-07 00:00:00+00:00,2918360588.0,8.789999999999999e-06,0.09380031,613251111.0,32.92306447029114,38.86542296409607,0.7332057952880859,43.7219215631485,0.0,11.963563323020935,2.5836910605430603,16.379598796367645,22.284170985221863,0.0,28.216481804847717,0.0,6.6003260016441345,1.4392394423484802,186.0,232.0,4.0,251.0,8.0,42.0,28.0
2020-10-08 00:00:00+00:00,2991528632.0,8.81e-06,0.09615203,690490593.0,19.385128259658813,42.786724627017975,0.0,36.24622696638107,1.7429076433181763,5.6760987639427185,0.0,10.19439309835434,30.94252896308899,0.7323073744773865,13.69239330291748,0.8400280475616455,2.213365375995636,0.0,138.0,307.0,10.0,202.0,15.0,22.0,16.0
2020-10-09 00:00:00+00:00,3171149840.0,9.210000000000002e-06,0.10192532,762383014.0,27.788809180259705,20.940775513648987,0.7420804500579834,48.35793685913086,0.0,9.156005680561066,1.674433708190918,12.229899108409882,15.432409703731537,0.748525857925415,26.63714164495468,0.0,0.8921616077423096,0.0,158.0,156.0,21.0,235.0,12.0,20.0,21.0
2020-10-10 00:00:00+00:00,3267585277.0,9.3e-06,0.10502489,923715999.0,37.46947902441025,30.387549340724945,0.0,26.14139348268509,0.0,23.278132915496826,2.22580349445343,15.661308884620667,23.067335069179535,0.0,21.706098318099976,0.0,3.884418308734894,0.0,164.0,222.0,4.0,169.0,17.0,49.0,17.0
2020-10-11 00:00:00+00:00,3314647791.0,9.36e-06,0.10653755,797480086.0,22.870105385780334,18.41335690021515,0.0,35.115795373916626,0.0,11.670005083084106,0.7521592974662781,7.847326099872589,18.507539331912994,0.0,20.91510272026062,0.0,0.0,0.7989945411682129,145.0,140.0,6.0,205.0,15.0,26.0,20.0
2020-10-12 00:00:00+00:00,3423443432.0,9.52e-06,0.1100344,821299647.0,24.992125689983368,53.31138348579407,5.590819478034973,16.01090908050537,0.7682178616523743,12.312250673770905,1.6611294746398926,16.859591126441956,20.637409925460815,4.6616188287734985,23.059525728225708,0.0,0.7696332335472107,0.0,153.0,216.0,31.0,157.0,9.0,27.0,23.0
2020-10-13 00:00:00+00:00,3386661064.0,9.529999999999999e-06,0.10885216,823217251.0,28.760452389717102,36.01853162050247,0.0,39.44582533836365,0.7471404075622559,5.053370654582977,0.0,7.442808926105499,26.737885773181915,0.0,18.82955425977707,0.0,0.9402000904083252,0.0,186.0,290.0,4.0,227.0,12.0,14.0,13.0
2020-10-14 00:00:00+00:00,3338272776.0,9.39e-06,0.10729689,713264193.0,53.36396259069443,56.33395928144455,2.541745662689209,64.72629904747009,0.0,26.77981549501419,2.3597525358200073,18.729757964611053,54.36374908685684,0.8935806155204773,31.167424023151398,0.0,2.221589505672455,0.0,237.0,380.0,17.0,312.0,9.0,54.0,24.0
2020-10-15 00:00:00+00:00,3317690625.0,9.28e-06,0.10663535,562197282.0,40.09213829040527,33.17611825466156,0.7283226251602173,39.12131196260452,0.0,19.50753939151764,2.9991853833198547,10.522950053215027,10.23842203617096,0.0,18.954484224319458,0.0,1.6045475602149963,0.7191731333732605,169.0,145.0,1.0,201.0,6.0,38.0,32.0
2020-10-16 00:00:00+00:00,3237674829.0,9.19e-06,0.10406353,553561875.0,45.473220348358154,34.736523032188416,1.4896299839019775,38.87813240289688,1.5476715564727783,27.103706121444702,0.7886526584625244,10.686516463756561,27.70440185070038,0.0,14.801966071128845,0.7864870429039001,0.7064982056617737,0.7120321393013,187.0,210.0,6.0,176.0,13.0,44.0,33.0
2020-10-17 00:00:00+00:00,3301145173.0,9.34e-06,0.10610355,472005227.0,32.06723988056183,16.51681685447693,0.0,43.810908794403076,0.7393006086349487,10.940285503864288,3.3617663383483887,9.07832658290863,8.049363493919373,0.7806031107902527,21.339537799358368,0.0,1.488347351551056,0.0,181.0,142.0,13.0,232.0,4.0,29.0,20.0
2020-10-18 00:00:00+00:00,3341113201.0,9.35e-06,0.10738818,432851135.0,33.43584579229355,64.84180498123169,0.0,63.28897440433502,0.0,12.839514136314392,0.7096526026725769,9.415905058383942,49.15853476524353,0.0,36.693582475185394,0.0,1.5125161409378052,0.0,158.0,423.0,3.0,347.0,1.0,30.0,16.0
2020-10-19 00:00:00+00:00,3381215174.0,9.26e-06,0.10867712,490775170.0,39.45074272155762,35.172458469867706,0.0,61.91608411073685,0.0,17.82093697786331,0.7168422937393188,24.02850353717804,31.117774665355682,0.0,52.22836881875992,0.0,1.7335737347602844,0.0,212.0,190.0,2.0,392.0,6.0,32.0,13.0
2020-10-20 00:00:00+00:00,3188834001.0,8.599999999999999e-06,0.10249371,707955236.0,25.882814168930054,27.94002467393875,2.4326680302619934,57.58953386545181,0.0,5.479436159133911,1.4320918321609497,17.19169306755066,18.55413109064102,2.346948206424713,34.75440353155136,0.0,1.6714960932731628,0.7501874566078186,187.0,165.0,14.0,301.0,14.0,21.0,25.0
2020-10-21 00:00:00+00:00,3303738303.0,8.279999999999999e-06,0.1061869,779410099.0,47.316747426986694,38.62419021129608,3.0773525834083557,54.6060466170311,0.0,23.78473323583603,3.0380308032035828,17.801133811473846,24.371280789375305,0.7725065350532532,35.21891498565674,0.0,5.594751298427582,0.8140604496002197,224.0,205.0,18.0,290.0,14.0,56.0,24.0
2020-10-22 00:00:00+00:00,3440161416.0,8.53e-06,0.11057174,933335641.0,37.535546481609344,38.68523198366165,3.391228497028351,71.56471347808838,1.5418542623519897,6.950918555259705,0.0,15.75974553823471,22.322408378124237,0.7801864147186279,34.025946378707886,0.0,0.7643426656723022,0.0,220.0,209.0,22.0,347.0,8.0,15.0,20.0
2020-10-23 00:00:00+00:00,3362726011.0,8.36e-06,0.10808285,1110973427.0,137.8819951415062,74.86110019683838,7.270803689956665,104.82918816804886,2.5970458388328552,80.30022180080414,0.7770360708236694,31.486624598503113,43.50460070371628,2.2860147953033447,43.84715896844864,0.0,12.65321546792984,0.0,472.0,405.0,26.0,485.0,14.0,215.0,27.0
2020-10-24 00:00:00+00:00,3362485522.0,8.24e-06,0.10807512,868194497.0,59.701039254665375,39.019655644893646,1.5171971321105957,67.63059723377228,2.390057384967804,29.381552696228027,2.571799337863922,19.742983400821686,22.916059613227844,1.589124858379364,30.34981906414032,0.0,2.6855280995368958,0.0,270.0,242.0,16.0,367.0,13.0,61.0,18.0
2020-10-25 00:00:00+00:00,3308833127.0,8.16e-06,0.10635066,722743351.0,49.22470235824585,29.62703275680542,1.4459145665168762,38.149106442928314,0.7199603319168091,27.318426609039307,3.0250790119171143,15.377073585987091,5.367737233638763,0.8004151582717896,18.741901874542236,0.0,3.1976022720336914,0.0,179.0,152.0,3.0,216.0,12.0,49.0,15.0
2020-10-26 00:00:00+00:00,3207604424.0,7.879999999999999e-06,0.10309702,880221833.0,45.43742763996124,33.97908091545105,0.7016869783401489,44.959914445877075,0.7042063474655151,24.895810782909393,4.124810039997101,12.185349524021149,13.45988941192627,1.6805377006530762,22.61521965265274,0.7208210229873657,2.630068004131317,0.0,218.0,154.0,15.0,255.0,21.0,56.0,20.0
2020-10-27 00:00:00+00:00,3199198208.0,7.53e-06,0.10282683,913522302.0,23.325608491897583,67.43872904777527,0.8556303977966309,35.38729292154312,2.305301070213318,7.357661068439484,0.8833003044128418,13.840127766132355,41.979357838630676,0.0,20.691215813159943,0.0,1.483831524848938,0.0,161.0,364.0,1.0,179.0,22.0,17.0,18.0
2020-10-28 00:00:00+00:00,3079412144.0,7.46e-06,0.09897673,876721856.0,26.6804102063179,44.838450849056244,0.0,54.636626958847046,2.353014051914215,11.636285901069641,0.0,18.48788219690323,32.86136478185654,2.1974074244499207,21.178480625152588,0.7005643248558044,3.771246612071991,0.8924746513366699,197.0,298.0,11.0,254.0,27.0,45.0,25.0
2020-10-29 00:00:00+00:00,2967374456.0,7.1e-06,0.09537568,883054980.0,27.57686060667038,35.018694460392,0.7457406520843506,52.1780720949173,0.0,14.229300320148468,2.45725017786026,8.164969146251678,28.451339602470398,0.7633893489837646,29.393527150154114,0.7033401131629944,1.6253523230552673,0.0,160.0,288.0,8.0,292.0,5.0,34.0,19.0
2020-10-30 00:00:00+00:00,2904936834.0,6.89e-06,0.09336885,855782606.0,46.42375510931015,69.44998133182526,2.4423466324806213,77.3575330376625,3.0635356307029724,11.704109609127045,2.333054006099701,18.39698576927185,26.731738030910492,7.02992182970047,37.75513815879822,0.7206355333328247,0.8179472088813782,1.5474340915679932,243.0,359.0,15.0,364.0,37.0,23.0,23.0
2020-10-31 00:00:00+00:00,2895202549.0,6.75e-06,0.09305597,662592019.0,28.668238043785095,37.377903401851654,2.580349028110504,50.10666126012802,0.0,12.347475111484528,0.0,6.487338662147522,33.46338093280792,0.0,25.95752191543579,0.0,0.7782624959945679,0.0,134.0,266.0,10.0,212.0,3.0,30.0,11.0
2020-11-01 00:00:00+00:00,3055149297.0,7.15e-06,0.09819689,609565849.0,26.54159188270569,33.35078150033951,0.7118683457374573,40.12982243299484,0.7881149053573608,7.189420163631439,3.196741282939911,6.355558216571808,20.120122492313385,0.0,23.844289898872375,0.0,0.7897944450378418,0.0,172.0,192.0,6.0,210.0,4.0,24.0,37.0
2020-11-02 00:00:00+00:00,2866799007.0,6.8e-06,0.09214304,817756720.0,17.178053498268127,46.54101914167404,2.4927576780319214,40.73144817352295,0.7246562838554382,2.529054343700409,1.6671059131622314,13.054587721824646,33.699105620384216,2.3674222230911255,18.425033628940582,0.7232332229614258,1.7191411852836609,0.8832529783248901,177.0,280.0,24.0,235.0,4.0,14.0,33.0
2020-11-03 00:00:00+00:00,2906977496.0,6.7e-06,0.09343444,859629132.0,26.365626215934753,41.62494844198227,1.7113613486289978,20.658639669418335,0.0,18.916285037994385,0.0,4.946049869060516,33.136840879917145,0.0,14.227053940296173,0.0,0.9356015920639038,0.7035882472991943,168.0,294.0,2.0,180.0,6.0,42.0,25.0
2020-11-04 00:00:00+00:00,2967168445.0,6.75e-06,0.09536906,1041738046.0,41.02009093761444,13.772999823093414,0.0,34.61855584383011,2.275493025779724,26.803458273410797,2.303661346435547,13.066313862800598,15.581007480621338,0.0,22.985446572303772,0.0,1.4983482360839844,2.458872437477112,212.0,109.0,0.0,218.0,13.0,62.0,28.0
2020-11-05 00:00:00+00:00,3017735497.0,6.2300000000000005e-06,0.09699436,554496502.0,59.50949585437775,22.99415284395218,0.0,81.33011156320572,1.4984424114227295,25.57598453760147,2.3255741596221924,22.022147834300995,24.165271639823914,0.0,24.528445780277252,0.0,11.44239753484726,2.652470648288727,303.0,222.0,2.0,309.0,17.0,73.0,42.0
2020-11-06 00:00:00+00:00,3394525417.0,7.01e-06,0.10910493,717731180.0,35.75925785303116,39.60576403141022,0.0,56.78060781955719,0.0,12.583269655704498,3.4798114895820618,12.628459095954895,15.578795909881592,2.4296483993530273,22.6423442363739,0.0,3.0749759674072266,2.2177979946136475,241.0,237.0,8.0,297.0,19.0,36.0,32.0
2020-11-07 00:00:00+00:00,3154155667.0,6.83e-06,0.1013791,861840304.0,40.6336807012558,27.21349161863327,1.6585044860839844,80.30890363454819,2.973306953907013,16.54383611679077,0.9118062853813171,21.568876028060913,19.791125178337097,0.7086899280548096,41.78304523229599,0.0,3.8092809319496155,1.5457367897033691,242.0,206.0,7.0,356.0,22.0,37.0,21.0
2020-11-08 00:00:00+00:00,3317245143.0,6.89e-06,0.10662103,625787081.0,43.04584562778473,9.953976213932037,0.0,65.28660410642624,6.25773161649704,13.810522556304932,6.43005508184433,10.489638566970825,2.260168135166168,0.0,23.33975398540497,0.0,2.334818482398987,1.5699899196624756,184.0,76.0,2.0,284.0,9.0,35.0,38.0
2020-11-09 00:00:00+00:00,3276933037.0,6.87e-06,0.10532534,802272882.0,26.973523795604706,53.82346099615097,1.6771084666252136,35.85045039653778,0.0,9.194911181926727,5.297510504722595,11.528155148029327,26.255678117275238,0.0,19.28775179386139,0.9529325366020203,0.7934885025024414,1.5965957045555115,179.0,303.0,5.0,228.0,4.0,17.0,37.0
2020-11-10 00:00:00+00:00,3291865465.0,6.92e-06,0.10580529,700753239.0,31.3735271692276,20.3299840092659,2.1731181144714355,42.46862781047821,0.7203570604324341,7.874593913555145,4.487281024456024,10.34446394443512,9.747245192527771,0.7681750059127808,9.65422409772873,0.0,2.4950557947158813,1.4705713391304016,186.0,115.0,11.0,204.0,6.0,23.0,36.0
2020-11-11 00:00:00+00:00,3296832659.0,6.75e-06,0.10596494,631585357.0,62.15423256158829,46.90702277421951,4.825258493423462,76.48407828807831,2.326928198337555,21.47375589609146,4.790190756320953,20.947886526584625,16.925922870635986,9.73162466287613,28.8803288936615,0.0,4.297489285469055,1.4546074867248535,333.0,228.0,44.0,400.0,14.0,72.0,36.0
2020-11-12 00:00:00+00:00,3252034178.0,6.4199999999999995e-06,0.10452506,634274545.0,55.163196086883545,44.03310292959213,0.0,82.51100999116898,0.0,19.30236977338791,5.640327751636505,10.309831738471985,15.314820051193237,0.0,30.547649443149567,0.0,2.1633909940719604,0.0,263.0,242.0,4.0,408.0,5.0,54.0,32.0
2020-11-13 00:00:00+00:00,3310080126.0,6.519999999999999e-06,0.10639074,477838893.0,39.40734726190567,46.59239715337753,1.5501158833503723,58.726503133773804,1.6699432134628296,19.154517650604248,1.4467586874961853,10.843468010425568,16.552469968795776,0.7975558042526245,18.919282615184784,0.0,2.336462140083313,0.0,200.0,223.0,17.0,287.0,9.0,56.0,22.0
2020-11-14 00:00:00+00:00,3241970358.0,6.480000000000001e-06,0.10420159,432474021.0,39.47597420215607,28.463863790035248,0.8891981244087219,82.38173812627792,0.0,16.898380875587463,1.5063190460205078,12.927018761634827,13.052430391311646,0.0,22.278338074684143,0.0,0.8322440385818481,0.7359454035758972,181.0,145.0,6.0,314.0,0.0,42.0,20.0
2020-11-15 00:00:00+00:00,3127773189.0,6.3e-06,0.10053113,358303858.0,29.13118004798889,20.43778908252716,0.8199796080589294,65.66837477684021,0.0,8.930472314357758,1.5030671954154968,14.139525592327118,7.971938073635101,0.0,46.45704525709152,0.0,0.0,1.676650047302246,178.0,119.0,4.0,374.0,0.0,21.0,26.0
2020-11-16 00:00:00+00:00,3233044603.0,6.22e-06,0.1039147,355889796.0,40.09535390138626,35.772166073322296,2.4201177954673767,78.31620621681213,0.0,7.741348564624786,3.0921786427497864,16.91339272260666,26.66106939315796,1.537514090538025,27.118834793567657,0.0,4.188987076282501,0.0,232.0,208.0,15.0,417.0,6.0,34.0,16.0
2020-11-17 00:00:00+00:00,3409932700.0,6.21e-06,0.10960014,622568575.0,51.4117066860199,45.8843674659729,2.2419039607048035,74.85378760099411,2.177502930164337,16.130066335201263,3.2462050914764404,21.14790242910385,20.105806469917297,0.9468700885772705,40.68371933698654,1.6439220309257507,3.9982128739356995,0.0,254.0,226.0,14.0,364.0,31.0,42.0,16.0
2020-11-18 00:00:00+00:00,3310449577.0,5.98e-06,0.10640261,692683324.0,49.52068382501602,93.87043344974518,0.0,76.34834152460098,2.154516100883484,17.41637796163559,2.3693880438804626,17.973566949367523,62.96018743515015,0.0,32.67370545864105,0.7106055617332458,0.8527000546455383,1.4774218201637268,297.0,531.0,5.0,403.0,32.0,47.0,38.0
2020-11-19 00:00:00+00:00,3293756213.0,5.94e-06,0.10586606,590674105.0,36.76540893316269,65.53329885005951,0.0,84.28493583202362,0.868916392326355,14.547162413597107,2.469044268131256,18.136615097522736,55.310758888721466,0.0,29.39988684654236,2.3254449367523193,4.01381778717041,0.7592177987098694,209.0,384.0,1.0,368.0,16.0,31.0,23.0
2020-11-20 00:00:00+00:00,3678295392.0,6.349999999999999e-06,0.1182257,688553865.0,42.15487217903137,33.6885107755661,4.65127819776535,51.18028807640076,1.5067378282546997,11.84997433423996,2.574420392513275,15.305836021900177,23.90986144542694,2.2927900552749634,26.271476328372955,1.4844470024108887,0.9390009641647339,0.9014196395874023,284.0,195.0,26.0,324.0,25.0,39.0,32.0
2020-11-21 00:00:00+00:00,4136248611.0,7.1299999999999995e-06,0.13294498,1385060442.0,59.56226599216461,35.86454737186432,6.754589200019836,79.2009670138359,1.4919497966766357,14.383706986904144,2.3991435170173645,26.159267783164978,16.79802668094635,6.4638054966926575,49.64624482393265,1.5696818828582764,2.5674573183059692,0.0,394.0,237.0,68.0,478.0,29.0,37.0,26.0
2020-11-22 00:00:00+00:00,4503848489.0,7.879999999999999e-06,0.14476017,2294032112.0,64.26584136486053,40.66935050487518,1.610650897026062,73.13841485977173,3.806283950805664,21.41776669025421,3.462788760662079,35.37287348508835,33.121494233608246,0.852802574634552,41.32685351371765,4.855015814304352,3.3872388005256653,0.7024669647216797,394.0,354.0,26.0,395.0,70.0,61.0,20.0
2020-11-23 00:00:00+00:00,4776075388.0,8.36e-06,0.15350993,2203606418.0,91.82875484228134,77.15333372354507,4.57339084148407,117.30821949243546,8.547168970108032,40.932435035705566,0.0,55.79856622219086,50.71155071258545,3.451268970966339,66.82178401947021,4.254774272441864,8.218044996261597,0.0,508.0,500.0,36.0,617.0,53.0,106.0,17.0
2020-11-24 00:00:00+00:00,5174709739.0,8.7e-06,0.16632261,2566224959.0,172.88906145095825,76.39138978719711,5.262386918067932,92.54796487092972,3.82784366607666,113.62303751707077,8.189281225204468,55.71930205821991,60.408904790878296,3.191420018672943,70.1406199336052,3.597020983695984,13.271783471107483,0.7106040716171265,711.0,590.0,40.0,544.0,59.0,270.0,48.0
2020-11-25 00:00:00+00:00,4827479500.0,8.279999999999999e-06,0.15516213,1773041979.0,174.83718085289001,68.64709746837616,12.607011377811432,65.67949914932251,2.3151793479919434,115.90046089887619,9.23112016916275,90.41559427976608,55.43914842605591,16.181700527668,45.600968301296234,0.7093701958656311,34.745763301849365,0.0,788.0,535.0,81.0,428.0,26.0,321.0,63.0
2020-11-26 00:00:00+00:00,4302273183.0,8.06e-06,0.13828125,2523183036.0,50.59949618577957,56.6155019402504,4.255007565021515,54.670004308223724,2.3439143300056458,24.47440129518509,5.580909371376038,26.438777565956116,56.020567297935486,2.500186026096344,33.39434057474136,1.418202519416809,8.040352523326874,0.0,288.0,405.0,18.0,257.0,49.0,89.0,34.0
2020-11-27 00:00:00+00:00,4387736333.0,8.24e-06,0.14102816,1505708870.0,37.86889123916626,43.49079030752182,0.7504196763038635,41.19920110702515,2.266094207763672,16.09678542613983,2.5662015676498413,9.017322778701782,28.172406017780304,0.0,14.98037040233612,0.0,2.3975825905799866,0.0,182.0,275.0,2.0,203.0,20.0,36.0,31.0
2020-11-28 00:00:00+00:00,5127054700.0,9.3e-06,0.16479091,1932319047.0,89.69658678770065,37.80116641521454,4.663638591766357,85.68958699703217,1.5002588629722595,32.34844785928726,4.633322298526764,41.04386603832245,26.419363737106323,6.38615882396698,47.730952739715576,2.4876607060432434,3.279468595981598,0.7527948021888733,500.0,312.0,65.0,456.0,35.0,81.0,34.0
2020-11-29 00:00:00+00:00,5184554213.0,9.17e-06,0.16663903,1731327207.0,67.48794329166412,57.63077813386917,2.4948185086250305,109.28944528102875,2.211567223072052,25.44667476415634,3.109449326992035,52.01139688491821,63.58107751607895,0.0,67.65830218791962,0.7102385759353638,24.829298079013824,0.8519070148468018,436.0,414.0,15.0,649.0,19.0,95.0,25.0
2020-11-30 00:00:00+00:00,5329823912.0,8.730000000000001e-06,0.17130821,2151589402.0,117.0590129494667,50.129443764686584,0.7327203750610352,80.8946288228035,9.874625384807587,64.35863953828812,4.824967801570892,29.709735929965973,32.97906804084778,1.5860971808433533,54.786374032497406,0.7012103796005249,8.897736370563507,0.9574381113052368,463.0,330.0,21.0,462.0,20.0,136.0,33.0
2020-12-01 00:00:00+00:00,4853014492.0,8.3e-06,0.15598286,2071556994.0,61.622363448143005,58.4443696141243,0.7530762553215027,64.91776204109192,8.392978131771088,34.38683831691742,2.413961887359619,23.29249668121338,27.651013791561127,0.714137852191925,35.83645957708359,1.4440290331840515,5.049952983856201,1.5385273694992065,307.0,322.0,5.0,310.0,43.0,106.0,35.0
2020-12-02 00:00:00+00:00,4933112086.0,8.26e-06,0.15855732,1367595805.0,54.55124497413635,47.966425120830536,2.3664718866348267,81.04856234788895,2.436155378818512,20.33824360370636,1.464580774307251,20.067560076713562,32.93451100587845,0.0,29.741792142391205,1.683449625968933,0.7678810358047485,0.0,288.0,341.0,10.0,346.0,14.0,65.0,31.0
2020-12-03 00:00:00+00:00,5109042857.0,8.439999999999999e-06,0.16421198,1287927035.0,91.00279229879379,91.85175931453705,4.002380728721619,98.43964272737503,9.575682640075684,39.30075258016586,2.290275514125824,33.90151345729828,61.58050411939621,7.977718830108643,42.43938058614731,0.0,6.4658618569374084,0.0,429.0,641.0,45.0,506.0,19.0,109.0,27.0
2020-12-04 00:00:00+00:00,4612149974.0,7.93e-06,0.14824113,1200621758.0,65.96387076377869,95.71556895971298,6.1326518058776855,94.24208104610443,2.325090527534485,25.037562668323517,0.8217131495475769,17.05711394548416,32.662811160087585,3.9283719062805176,38.39770591259003,0.0,4.2771995067596436,0.0,427.0,475.0,44.0,451.0,12.0,114.0,30.0
2020-12-05 00:00:00+00:00,4967663076.0,8.34e-06,0.15966784,1036100099.0,58.08602976799011,70.36810225248337,1.6234899163246155,69.93015414476395,7.078933894634247,17.210058987140656,0.0,19.093074679374695,21.526881158351898,1.787273645401001,28.183699786663055,0.0,6.2126317620277405,0.7518197298049927,333.0,311.0,19.0,367.0,31.0,58.0,26.0
2020-12-06 00:00:00+00:00,4942739301.0,8.210000000000001e-06,0.15886675,886137949.0,29.819136202335358,58.38951659202576,3.3351781368255615,56.588181138038635,3.282732665538788,9.124037325382233,1.5849738121032715,23.704938888549805,41.60049867630005,0.0,46.167497634887695,1.4650026559829712,4.569519996643066,1.452877700328827,279.0,357.0,14.0,439.0,17.0,34.0,24.0
2020-12-07 00:00:00+00:00,4795379168.0,8.03e-06,0.15413038,789426236.0,50.28380614519119,70.23304373025894,2.27185595035553,63.08112198114395,0.0,25.81059855222702,2.4677096009254456,20.317852199077606,46.357566237449646,1.6314855217933655,44.34591192007065,0.0,4.740967035293579,0.0,313.0,398.0,29.0,379.0,2.0,77.0,25.0
2020-12-08 00:00:00+00:00,4384632224.0,7.69e-06,0.14092839,939164987.0,72.37344485521317,37.31851118803024,1.5165509581565857,62.89558231830597,0.8976932168006897,34.24946117401123,4.753894031047821,23.93253868818283,12.017317950725555,0.0,28.361048638820648,0.0,4.62900048494339,0.0,320.0,198.0,6.0,289.0,14.0,85.0,37.0
2020-12-09 00:00:00+00:00,4609780641.0,7.99e-06,0.14816498,1320752603.0,47.19982922077179,58.65111029148102,0.7178003191947937,67.18248796463013,3.418388247489929,23.735783278942108,0.0,15.737551510334015,12.637620627880096,0.0,29.122458517551422,0.7150246500968933,0.7487732172012329,0.0,305.0,292.0,8.0,381.0,40.0,54.0,35.0
2020-12-10 00:00:00+00:00,4417795610.0,7.77e-06,0.1419943,798550525.0,66.45645475387573,38.081884145736694,0.726716160774231,64.90411561727524,1.5342772603034973,39.33465892076492,2.3945758938789368,33.225143790245056,21.757384419441223,5.321462094783783,32.91701704263687,0.9605065584182739,4.928877472877502,1.6022218465805054,365.0,245.0,17.0,358.0,9.0,90.0,49.0
2020-12-11 00:00:00+00:00,4338604376.0,7.719999999999999e-06,0.13944898,704854539.0,69.36777675151825,61.49872708320618,1.5123807787895203,71.44788885116577,0.0,38.9549343585968,2.1976380944252014,28.310399413108826,52.55909425020218,1.7268778681755066,58.15283262729645,0.0,5.655474901199341,0.0,359.0,398.0,12.0,416.0,3.0,122.0,32.0
2020-12-12 00:00:00+00:00,4494503217.0,7.68e-06,0.1444598,519780651.0,119.06275355815887,72.48717039823532,3.2167513370513916,95.9948832988739,2.206517517566681,69.09430754184723,2.256235420703888,50.448666989803314,50.21360856294632,1.5486573576927185,57.46040165424347,0.7450084686279297,27.416912078857422,0.7539754509925842,586.0,458.0,28.0,498.0,25.0,258.0,21.0
2020-12-13 00:00:00+00:00,4790208946.0,8.04e-06,0.1539642,675025745.0,98.52224409580231,94.7915894985199,1.5727618932724,105.82302099466324,3.2559421062469482,53.856442749500275,1.6921924948692322,24.48459804058075,29.8376145362854,0.0,45.68842566013336,0.0,10.672161877155304,0.0,407.0,397.0,11.0,439.0,25.0,153.0,30.0
2020-12-14 00:00:00+00:00,4915534755.0,8.210000000000001e-06,0.15799236,587078385.0,67.70571064949036,37.55813413858414,2.446626901626587,66.0122395157814,0.8976932168006897,37.64916288852692,2.284068763256073,31.595565736293793,10.806650519371033,4.01618093252182,53.91929078102112,0.8227360844612122,8.01991480588913,0.0,336.0,208.0,33.0,394.0,6.0,89.0,29.0
2020-12-15 00:00:00+00:00,4800812312.0,7.95e-06,0.15430501,607184173.0,126.73081642389297,94.82145822048187,3.027151882648468,79.34085047245026,0.8976932168006897,93.25835233926773,2.525625765323639,31.221330523490906,71.86765664815903,1.5105385184288025,56.16607731580734,0.7670100927352905,16.984092235565186,0.0,478.0,576.0,32.0,445.0,16.0,247.0,19.0
2020-12-16 00:00:00+00:00,5214107174.0,7.860000000000001e-06,0.1675889,976699799.0,76.59144765138626,63.41624706983566,3.173849940299988,101.235356092453,3.486426293849945,29.652129769325256,2.2061832547187805,37.90281146764755,45.08048403263092,0.0,58.53026860952377,0.864434540271759,10.598688781261444,0.9134315848350525,358.0,395.0,18.0,483.0,10.0,99.0,17.0
2020-12-17 00:00:00+00:00,5086350899.0,7.17e-06,0.16348263,1188727265.0,96.36422830820084,64.38889521360397,7.2131558656692505,119.50374722480774,3.2887614965438843,40.2621927857399,3.1314163208007812,39.5771050453186,36.74950563907623,3.275141179561615,62.58159273862839,1.4425169825553894,8.033193588256836,0.7386369705200195,486.0,390.0,45.0,634.0,42.0,103.0,34.0
2020-12-18 00:00:00+00:00,5133191975.0,7.1299999999999995e-06,0.16498817,1101018945.0,95.14756369590759,53.66227322816849,1.6549047231674194,101.44901567697525,1.7953864336013794,43.843520641326904,1.5144217610359192,38.79251009225845,53.697714388370514,0.8917073011398315,56.42849808931351,0.0,10.764115393161774,3.390436112880707,458.0,379.0,13.0,546.0,14.0,122.0,41.0
2020-12-19 00:00:00+00:00,5124648592.0,6.9e-06,0.16471358,586684841.0,88.93459570407867,43.29886269569397,1.6950489282608032,105.27704215049744,5.133789956569672,32.148604571819305,1.6909099221229553,32.836844980716705,35.58467447757721,1.6956625580787659,52.59724539518356,0.8987904787063599,5.768524944782257,1.508089542388916,478.0,268.0,20.0,546.0,22.0,92.0,29.0
2020-12-20 00:00:00+00:00,5039863587.0,6.9e-06,0.16198846,729191687.0,72.55539655685425,29.849691927433014,0.0,116.60637122392654,0.7185894250869751,21.72919797897339,3.355033040046692,38.93680089712143,19.468550324440002,0.8047810196876526,58.529432475566864,0.0,1.6387490630149841,0.0,420.0,221.0,12.0,554.0,4.0,62.0,39.0
2020-12-21 00:00:00+00:00,4749512291.0,6.6899999999999995e-06,0.15265616,1139902286.0,50.8452884554863,20.20105618238449,0.7946127653121948,102.78359699249268,0.8976932168006897,11.205917477607727,2.424667537212372,26.102756440639496,27.927044928073883,0.903761625289917,62.260815143585205,0.0,0.9306551814079285,0.9245558381080627,345.0,190.0,9.0,586.0,5.0,36.0,21.0
2020-12-22 00:00:00+00:00,4865108693.0,6.6603754877555105e-06,0.15637159001435,1169135721.0,92.12020653486252,34.026710629463196,1.4810987710952759,91.63906955718994,1.7615598440170288,45.90018290281296,3.1572754979133606,27.44556325674057,18.967836797237396,0.0,69.2055778503418,0.0,4.686137616634369,0.0,410.0,219.0,10.0,513.0,6.0,122.0,24.0
2020-12-23 00:00:00+00:00,4243561035.0,5.87e-06,0.13639415,1484453887.0,67.88010877370834,28.960284292697906,2.331883490085602,72.78169256448746,2.125777006149292,33.22662830352783,1.6947703957557678,41.43107086420059,13.51493501663208,1.7876940369606018,84.70371037721634,0.7016177773475647,6.585721492767334,0.0,460.0,182.0,9.0,601.0,12.0,97.0,27.0
2020-12-24 00:00:00+00:00,4756584656.0,6.44e-06,0.15288347,1470292431.0,74.26700836420059,30.700469195842743,3.0322647094726562,77.13757801055908,3.023741066455841,24.256583094596863,3.893661677837372,30.781450152397156,17.135283529758453,0.9152739644050598,46.70396447181702,0.7189661264419556,3.9907228350639343,0.0,456.0,238.0,12.0,454.0,21.0,86.0,23.0
2020-12-25 00:00:00+00:00,4902200882.0,6.39e-06,0.15756379,1119917804.0,101.49807620048523,33.981854259967804,2.9224692583084106,94.23882442712784,0.0,33.75420302152634,3.170269727706909,20.286972641944885,16.258789002895355,3.318317949771881,30.47719132900238,0.0,0.0,0.0,415.0,227.0,20.0,408.0,9.0,64.0,26.0
2020-12-26 00:00:00+00:00,4910288580.0,5.97e-06,0.15782374,1191970341.0,68.56358349323273,35.079549968242645,0.0,108.78701728582382,0.0,19.34903657436371,0.0,36.02319669723511,20.72601181268692,0.0,67.89303261041641,0.0,3.0492250323295593,0.7396553158760071,425.0,260.0,5.0,557.0,9.0,48.0,26.0
2020-12-27 00:00:00+00:00,4804453144.0,5.88e-06,0.15442203,1578354821.0,80.38792389631271,96.34714138507843,4.994280815124512,105.25368344783783,0.0,34.7091166973114,0.7545113563537598,34.57022684812546,54.597004652023315,3.192160129547119,58.522471845149994,0.0,5.463718414306641,0.7966954112052917,456.0,496.0,39.0,535.0,17.0,86.0,32.0
2020-12-28 00:00:00+00:00,5498652274.0,6.53e-06,0.17673459,1732151279.0,148.47528111934662,63.48549747467041,9.304408252239227,93.03326708078384,2.5661006569862366,96.82364356517792,5.873394250869751,39.716725051403046,32.18649971485138,5.569750487804413,53.368975818157196,0.0,7.3128644824028015,0.8447343707084656,663.0,417.0,75.0,468.0,10.0,223.0,37.0
2020-12-29 00:00:00+00:00,5978703149.0,7.02e-06,0.19216412,2967669490.0,180.30549436807632,59.971476435661316,13.013967037200928,130.51744240522385,0.7103273868560791,91.25928527116776,4.4284374713897705,92.4517011642456,44.75992947816849,12.965045928955078,93.76101511716843,0.0,13.042365729808807,1.5790963768959045,991.0,460.0,112.0,777.0,2.0,226.0,37.0
2020-12-30 00:00:00+00:00,5725936828.0,6.38e-06,0.18403984,1849432295.0,112.77686846256256,68.71880143880844,3.0669209361076355,119.93592232465744,0.0,53.12395429611206,5.6742647886276245,39.515797317028046,30.203585267066956,2.3364847898483276,75.9030669927597,0.0,3.9258702397346497,0.8523146510124207,582.0,317.0,32.0,680.0,4.0,131.0,26.0
2020-12-31 00:00:00+00:00,5643713241.0,6.25e-06,0.18139706,1132268397.0,142.10311806201935,61.91568797826767,1.5361915826797485,151.7443062067032,0.0,75.74935388565063,1.5782994627952576,63.414949119091034,43.820836424827576,4.7012563943862915,92.92876774072647,0.0,8.868563830852509,0.0,702.0,415.0,20.0,815.0,9.0,206.0,28.0
2021-01-01 00:00:00+00:00,5455571953.0,5.97e-06,0.17534993,1122218004.0,125.35613912343979,56.376959800720215,7.735170364379883,133.68878066539764,0.0,64.67039316892624,0.7059426307678223,47.24929219484329,19.866558015346527,6.505491375923157,59.56733280420303,0.0,8.192790746688843,0.7077984809875488,636.0,306.0,49.0,654.0,1.0,176.0,43.0
2021-01-02 00:00:00+00:00,5520054873.0,5.52e-06,0.1774225,1408849504.0,100.68370014429092,46.443389773368835,0.7078601121902466,102.06573671102524,1.524976670742035,41.16311568021774,3.77169007062912,37.72366160154343,36.81571388244629,1.6754120588302612,47.22780179977417,0.7275264859199524,4.404051601886749,0.0,536.0,406.0,8.0,540.0,51.0,111.0,27.0
2021-01-03 00:00:00+00:00,6377915102.0,6.25e-06,0.20499536,2303857909.0,126.08967977762222,77.24594277143478,3.0979974269866943,134.00221687555313,2.3506269454956055,61.15783190727234,4.714136779308319,61.778064489364624,38.743715941905975,1.6222129464149475,107.1454536318779,1.5397748351097107,10.094014942646027,1.5440142750740051,730.0,535.0,28.0,798.0,12.0,165.0,40.0
2021-01-04 00:00:00+00:00,6992916199.0,7.0300000000000005e-06,0.22476238,3260699086.0,144.60136198997498,89.99137443304062,8.895758390426636,171.11297661066055,0.0,50.20707619190216,1.6118945479393005,56.235637843608856,42.07338631153107,1.6052430272102356,98.78333562612534,0.0,7.286787986755371,0.8545700311660767,822.0,548.0,50.0,873.0,25.0,123.0,36.0
2021-01-05 00:00:00+00:00,8036779511.0,7.599999999999999e-06,0.25831365,4097207384.0,187.309963285923,131.48146152496338,0.7345296144485474,256.5929889678955,0.0,65.23267829418182,2.360571026802063,84.65017092227936,64.46379506587982,2.9281214475631714,133.92615514993668,0.8725375533103943,13.193220555782318,0.7030849456787109,1106.0,764.0,43.0,1371.0,19.0,205.0,38.0
2021-01-06 00:00:00+00:00,10326186774.0,9.01e-06,0.33189849,6170988900.0,221.60830360651016,102.68938457965851,0.0,307.1718477010727,3.942399024963379,73.01938807964325,3.3554635047912598,134.2608848810196,94.72819203138351,8.870600998401642,183.5119445323944,3.688331961631775,10.443127870559692,0.0,1505.0,902.0,66.0,1621.0,109.0,213.0,40.0
2021-01-07 00:00:00+00:00,9333113824.0,7.62e-06,0.2999797,5149188552.0,157.30103158950806,81.08311384916306,2.3431429862976074,256.06080186367035,6.859087646007538,35.11889046430588,6.305505871772766,99.1328717470169,59.45017629861832,3.366353154182434,166.0708069205284,7.239331305027008,4.729008853435516,0.7058453559875488,1203.0,657.0,33.0,1456.0,79.0,107.0,62.0
2021-01-08 00:00:00+00:00,9507877119.0,7.49e-06,0.30559684,4560690774.0,102.68887853622437,37.56583499908447,6.401983797550201,182.34172648191452,2.952819287776947,21.59884774684906,4.661788523197174,68.81242591142654,33.691678524017334,6.878643035888672,119.35416209697723,0.9327399134635925,3.1420791149139404,2.2829390168190002,725.0,316.0,30.0,1020.0,25.0,69.0,37.0
2021-01-09 00:00:00+00:00,10359612261.0,8.269999999999999e-06,0.33297284,3655608662.0,186.7404835820198,84.98309338092804,0.7271856665611267,199.08122885227203,0.7833687663078308,90.06868290901184,3.979409098625183,67.62822729349136,47.596623837947845,3.173945963382721,118.67459779977798,0.8722890019416809,10.328518807888031,0.0,981.0,563.0,23.0,1151.0,18.0,222.0,33.0
2021-01-10 00:00:00+00:00,9486050469.0,7.95e-06,0.3048953,3732911206.0,194.14396381378174,72.76437622308731,2.439120292663574,183.23224085569382,3.116279721260071,109.3051353096962,6.5750497579574585,56.67566776275635,31.319533467292786,1.6723501086235046,90.38944685459137,1.7359057664871216,19.9617657661438,0.0,955.0,516.0,17.0,1007.0,21.0,265.0,44.0
2021-01-11 00:00:00+00:00,8570417665.0,7.75e-06,0.27546555,4768803200.0,190.00969511270523,79.69299054145813,1.6268905997276306,177.67358869314194,1.6568788290023804,105.91686826944351,1.6783555746078491,58.250415205955505,38.51518565416336,0.8847067356109619,90.43252551555634,3.0161193013191223,4.774278223514557,0.7735733389854431,855.0,476.0,6.0,956.0,35.0,185.0,42.0
2021-01-12 00:00:00+00:00,8929377217.0,8.46e-06,0.28700303,4037298875.0,138.68104100227356,58.713790357112885,2.4410754442214966,198.07386600971222,4.013015031814575,47.437510907649994,2.4228445887565613,71.17390477657318,41.57590740919113,0.0,99.54301118850708,0.8460388779640198,8.116558074951172,0.0,770.0,474.0,19.0,921.0,37.0,128.0,25.0
2021-01-13 00:00:00+00:00,9757153488.0,8.400000000000001e-06,0.31360895,2656935144.0,116.1882067322731,95.66924899816513,2.3129883408546448,163.03842002153397,1.563390851020813,41.79467177391052,2.2752515077590942,32.69394654035568,43.86774665117264,0.9344642758369446,69.56342649459839,1.6941964030265808,6.5091148018836975,2.4067891240119934,651.0,550.0,17.0,802.0,32.0,98.0,31.0
2021-01-14 00:00:00+00:00,9657183562.0,7.92e-06,0.31039577,2686785564.0,128.23327088356018,64.54277068376541,1.5190263390541077,198.033076941967,1.6449747681617737,42.55764055252075,2.390327572822571,49.016474425792694,37.05594962835312,0.8675562143325806,92.91274118423462,2.4816614389419556,5.779543042182922,0.7161160707473755,753.0,446.0,15.0,972.0,26.0,97.0,29.0
2021-01-15 00:00:00+00:00,9412470214.0,8.220000000000001e-06,0.30253033,3171984602.0,152.63465070724487,77.07726591825485,0.0,219.13941890001297,0.7628931999206543,48.24582999944687,6.082380414009094,32.58507704734802,39.3684201836586,1.759360432624817,96.9888516664505,0.0,1.737602949142456,0.0,798.0,434.0,6.0,1138.0,13.0,119.0,45.0
2021-01-16 00:00:00+00:00,10965408630.0,9.74e-06,0.352444,4476161885.0,180.1779789328575,62.18740653991699,4.801390588283539,221.86273968219757,11.793506145477295,61.69277489185333,3.8453409075737,132.94892120361328,33.54205012321472,3.9246906042099,151.67804753780365,0.7326202988624573,59.543958723545074,0.8259857296943665,1230.0,465.0,47.0,1382.0,33.0,225.0,30.0
2021-01-17 00:00:00+00:00,11818146766.0,1.061e-05,0.37985223,5617481334.0,202.69094508886337,138.69077515602112,2.342419743537903,262.5721197128296,3.1191945672035217,54.08479779958725,6.546487271785736,106.31087917089462,91.41567027568817,3.051338255405426,151.28932064771652,3.7995195984840393,15.376862823963165,0.7698175311088562,1505.0,1053.0,44.0,1556.0,55.0,190.0,51.0
2021-01-18 00:00:00+00:00,11556043622.0,1.014e-05,0.37142786,3480282508.0,156.0595270395279,82.28832793235779,1.5024970173835754,189.9219604730606,2.377242863178253,62.616692423820496,3.874833106994629,66.36211520433426,40.51169353723526,0.7941451072692871,114.7391048669815,4.040009319782257,5.033480703830719,0.7174015641212463,921.0,491.0,18.0,1122.0,27.0,141.0,32.0
2021-01-19 00:00:00+00:00,11484768156.0,1.0229999999999999e-05,0.36913696,2957453653.0,151.31425404548645,79.82962995767593,9.540633380413055,178.46956872940063,7.5040159821510315,53.663253247737885,3.2205466628074646,88.39160406589508,63.34006494283676,3.8752713203430176,128.38647031784058,4.015079021453857,11.94853413105011,1.6089072227478027,908.0,536.0,37.0,1064.0,38.0,148.0,54.0
2021-01-20 00:00:00+00:00,11679436460.0,1.056e-05,0.37539388,3281600988.0,134.1488999724388,100.63374871015549,0.0,201.02776557207108,0.8887801170349121,47.25453698635101,4.787448883056641,44.267472326755524,85.67068773508072,2.4989781975746155,73.40800333023071,0.0,5.319307386875153,0.7555049061775208,797.0,755.0,11.0,1014.0,12.0,134.0,39.0
2021-01-21 00:00:00+00:00,9651363869.0,1.006e-05,0.31020871,3567902823.0,95.15234357118607,91.409916639328,0.8842815160751343,199.47396206855774,0.0,29.025076389312744,4.699725806713104,56.16718381643295,62.828733026981354,0.0,126.39553201198578,0.0,7.154560029506683,0.0,733.0,649.0,5.0,1247.0,2.0,82.0,32.0
2021-01-22 00:00:00+00:00,10876193809.0,1.059e-05,0.34957651,4066222238.0,122.88324856758118,63.439782202243805,0.0,210.7876804471016,0.7808592319488525,55.76740998029709,0.8715780973434448,43.81275415420532,26.600103735923767,0.0,114.26969194412231,0.0,6.678672552108765,0.0,704.0,396.0,5.0,1121.0,6.0,148.0,27.0
2021-01-23 00:00:00+00:00,10753827794.0,1.078e-05,0.34564349,2781033956.0,135.2995010614395,66.32169371843338,1.5752432346343994,180.57564079761505,0.0,65.71089893579483,1.6555529236793518,47.273470759391785,38.52419662475586,0.8807968497276306,99.42194467782974,0.0,13.079989731311798,0.0,848.0,389.0,14.0,958.0,4.0,238.0,53.0
2021-01-24 00:00:00+00:00,11010118427.0,1.096e-05,0.35388104,2539663711.0,111.72261708974838,52.3057302236557,3.8375787138938904,136.54854720830917,0.0,48.26549643278122,6.323346972465515,51.08411294221878,34.52305346727371,0.0,99.23037964105606,0.0,9.085505604743958,0.7771868705749512,703.0,411.0,18.0,840.0,6.0,148.0,36.0
2021-01-25 00:00:00+00:00,10699148306.0,1.062e-05,0.34388601,2339817092.0,126.45839637517929,58.576051473617554,2.5983999371528625,171.05661553144455,1.6882603764533997,43.761264860630035,4.102647602558136,50.7091703414917,18.42097234725952,1.617192566394806,100.82294833660126,0.0,3.884316384792328,2.438578426837921,755.0,328.0,11.0,1056.0,6.0,108.0,49.0
2021-01-26 00:00:00+00:00,10709963534.0,1.0569999999999999e-05,0.34423363,2557745015.0,151.40636259317398,74.85613733530045,0.7619888782501221,187.56878423690796,0.728541910648346,78.2298828959465,4.648109078407288,77.39088225364685,43.19083786010742,0.0,121.66317796707153,0.0,11.247904062271118,2.4118013978004456,851.0,510.0,4.0,1134.0,6.0,200.0,49.0
2021-01-27 00:00:00+00:00,9740709694.0,1.029e-05,0.31308042,2666764973.0,88.01939326524734,48.678456366062164,0.7010689973831177,181.9394770860672,1.6684728860855103,22.567938089370728,6.58451646566391,40.82269233465195,25.213756203651428,0.7184926867485046,105.1685780286789,0.0,2.2529528737068176,0.0,549.0,285.0,3.0,955.0,9.0,60.0,34.0
2021-01-28 00:00:00+00:00,10768923912.0,1.0340000000000001e-05,0.3461287,2863036709.0,134.63953083753586,70.7887247800827,2.233389735221863,187.67372167110443,0.0,57.65519517660141,5.773087501525879,36.80253529548645,28.02708065509796,1.8690104484558105,70.03132998943329,0.0,5.875881910324097,0.0,708.0,422.0,19.0,959.0,38.0,143.0,36.0
2021-01-29 00:00:00+00:00,10831223506.0,1.014e-05,0.3481311,3367098095.0,192.00534242391586,59.52813416719437,0.0,179.5981132388115,13.071458160877228,96.34722185134888,1.544504702091217,59.383226573467255,35.24986952543259,0.7526708841323853,86.36185264587402,0.0,13.314172983169556,1.4228159189224243,909.0,413.0,8.0,985.0,42.0,232.0,25.0
2021-01-30 00:00:00+00:00,11281969894.0,1.058e-05,0.36261874,2866173269.0,161.48117995262146,65.9082041978836,0.8133899569511414,186.94238370656967,8.272112846374512,54.1294282078743,3.426285982131958,67.5298028588295,37.174329459667206,0.9257333278656006,98.94353514909744,5.323754012584686,4.712380886077881,0.7186967134475708,1098.0,620.0,18.0,1091.0,45.0,130.0,25.0
2021-01-31 00:00:00+00:00,10730622858.0,1.0415350743612578e-05,0.34489765058998,2455679992.0,153.6269896030426,52.50566953420639,0.0,231.76372295618057,2.5464786291122437,35.252599239349365,3.0287007093429565,53.4882453083992,28.82046914100647,0.7929233312606812,115.52071809768677,0.0,5.572373747825623,0.0,922.0,390.0,8.0,1272.0,14.0,100.0,25.0
2021-02-01 00:00:00+00:00,11556396958.0,1.095e-05,0.37143922,2755115801.0,240.66563832759857,64.5600660443306,2.4151843786239624,375.56728833913803,6.288616716861725,33.56891191005707,1.452982485294342,122.84695756435394,23.655699849128723,6.584404706954956,210.00085991621017,3.1503435373306274,5.479985356330872,0.0,1704.0,629.0,49.0,1979.0,39.0,101.0,42.0
2021-02-02 00:00:00+00:00,13261606049.0,1.2e-05,0.42624709,6504904709.0,383.81126207113266,138.33479112386703,8.98541796207428,508.6949715614319,8.417946696281433,64.16667050123215,5.004956066608429,192.734993994236,67.43794649839401,4.7216485142707825,297.4587459564209,4.326710045337677,9.377395808696747,1.5379687547683716,2726.0,1177.0,90.0,2908.0,89.0,186.0,42.0
2021-02-03 00:00:00+00:00,13733039801.0,1.1779999999999999e-05,0.44139965,3648896567.0,291.9731870293617,68.89173012971878,3.660163700580597,429.03069519996643,10.982832729816437,78.74926340579987,4.18647688627243,115.43882769346237,16.910537838935852,2.5882102251052856,232.5172968506813,0.0,8.990566909313202,3.25597482919693,1516.0,342.0,32.0,2386.0,53.0,164.0,54.0
2021-02-04 00:00:00+00:00,13722204142.0,1.194e-05,0.44105138,3553059568.0,398.0307903289795,97.24357181787491,1.456889271736145,472.72476077079773,4.450101971626282,203.7178510427475,2.213173508644104,125.74597078561783,41.429168343544006,0.7030764222145081,283.3178960084915,2.3401219844818115,8.416444718837738,1.52973073720932,1699.0,495.0,9.0,2666.0,25.0,340.0,36.0
2021-02-05 00:00:00+00:00,16734586379.0,1.4099999999999999e-05,0.53787367,6808411307.0,501.6827138662338,125.61758178472519,3.1976725459098816,930.3530641794205,6.733344614505768,94.48716247081757,7.6887006759643555,285.2366372346878,69.03636854887009,6.8422282338142395,516.050524532795,4.897494614124298,15.992808640003204,2.468576967716217,3084.0,692.0,75.0,4949.0,81.0,279.0,58.0
2021-02-06 00:00:00+00:00,19535078373.0,1.599e-05,0.62788551,8109402422.0,577.6382796764374,121.99998009204865,6.385283708572388,951.3409556150436,17.66162759065628,130.5650918483734,5.381834506988525,301.91176801919937,50.396586298942566,14.005152344703674,530.0320100784302,7.606530129909515,15.84887546300888,3.105865955352783,3271.0,633.0,106.0,5101.0,100.0,324.0,59.0
2021-02-07 00:00:00+00:00,20634977899.0,1.705e-05,0.66323787,11252055620.0,737.2517586350441,124.278404712677,13.855110168457031,1234.5913004279137,13.368391752243042,159.83237087726593,9.38878184556961,424.093112885952,61.97249186038971,7.445237815380096,791.0898346304893,7.9820457100868225,24.827996134757996,1.6158764362335205,4367.0,732.0,118.0,6959.0,123.0,424.0,69.0
2021-02-08 00:00:00+00:00,21234605388.0,1.477e-05,0.68251076,9056514741.0,607.167829811573,113.45354944467545,2.3202669620513916,1105.292082130909,11.95800268650055,106.03274202346802,7.803571879863739,309.20661252737045,54.587905406951904,6.7272984981536865,583.1341178417206,25.325096786022186,18.635468006134033,1.8318805694580078,3556.0,653.0,43.0,5829.0,153.0,304.0,49.0
2021-02-09 00:00:00+00:00,21888135138.0,1.514e-05,0.70351614,5885048712.0,517.8973165154457,1.8748785853385925,1.652797520160675,1001.0553520321846,10.397619605064392,150.2856450676918,3.1311885118484497,240.5361209511757,3.1813920736312866,0.8591420650482178,560.7189457416534,2.5514010787010193,22.891213953495026,0.8055078387260437,3047.0,22.0,27.0,5410.0,57.0,431.0,57.0
2021-02-10 00:00:00+00:00,28944519827.0,2.0710000000000003e-05,0.93031849,12667653585.0,816.1031143665314,1.51198148727417,10.661315679550171,1505.735278069973,10.465737342834473,151.37201899290085,10.36093407869339,557.3347346186638,0.8559390902519226,8.07568746805191,1061.3342412114143,10.401402950286865,35.234117448329926,2.2938698530197144,5360.0,8.0,127.0,8842.0,168.0,514.0,70.0
2021-02-11 00:00:00+00:00,28864337307.0,1.936e-05,0.92774131,10627183208.0,737.5522159934044,0.0,3.1700656414031982,1431.9452018141747,8.153287470340729,182.45343923568726,10.53204071521759,483.6880607008934,0.0,6.946394503116608,1008.4252033233643,5.514434099197388,36.52368974685669,2.9711597561836243,4863.0,0.0,45.0,8749.0,95.0,491.0,86.0
2021-02-12 00:00:00+00:00,28797323575.0,1.948e-05,0.92558739,8035829513.0,697.9034261107445,2.330924868583679,6.238735795021057,1241.863211095333,5.621416330337524,235.23518586158752,10.242087841033936,345.1197553873062,0.9840705394744873,7.756910264492035,771.0782705545425,0.0,32.21198308467865,0.7082789540290833,3827.0,10.0,53.0,7089.0,15.0,616.0,86.0
2021-02-13 00:00:00+00:00,28179179477.0,1.923e-05,0.90571935,7532474270.0,401.2185868024826,0.0,0.0,863.4381834864616,3.042176842689514,74.23846554756165,11.731558680534363,226.41847056150436,0.0,0.0,487.14141219854355,7.274862468242645,16.68163901567459,2.3027156591415405,2549.0,3.0,0.0,4891.0,63.0,215.0,80.0
2021-02-14 00:00:00+00:00,26396411405.0,1.742e-05,0.84841862,7159401195.0,494.3763697743416,1.536162257194519,0.0,850.1292664408684,7.053332567214966,125.18665719032288,13.235006928443909,232.34560698270798,0.0,0.0,516.4862953424454,6.9009228348731995,18.371111154556274,3.845182240009308,2648.0,6.0,0.0,4732.0,108.0,338.0,79.0
2021-02-15 00:00:00+00:00,26788220383.0,1.796e-05,0.86101193,8979888270.0,477.9652638435364,0.8498092889785767,3.3398086428642273,808.7089114785194,1.6433311104774475,112.45432221889496,12.606651961803436,237.1465317606926,0.0,2.6669809222221375,463.7495406270027,0.8550424575805664,27.583574771881104,0.7326042652130127,2609.0,5.0,33.0,4448.0,38.0,269.0,74.0
2021-02-16 00:00:00+00:00,27097447122.0,1.77e-05,0.87095092,6948621246.0,414.78516179323196,0.0,0.7665817737579346,805.6328057050705,5.607581615447998,110.83729565143585,3.1932775378227234,187.02316671609879,0.0,1.7222254276275635,450.0417013168335,0.0,17.102314174175262,0.0,2433.0,3.0,5.0,4460.0,33.0,293.0,54.0
2021-02-17 00:00:00+00:00,27718724943.0,1.708e-05,0.89091968,5841828077.0,365.7208995819092,0.0,0.0,735.8714157342911,0.0,80.91897183656693,17.85280042886734,193.02571445703506,2.256160318851471,0.0,462.9079681634903,6.592150926589966,13.632910966873169,3.067501485347748,2388.0,6.0,0.0,4308.0,21.0,243.0,119.0
2021-02-18 00:00:00+00:00,28440499325.0,1.7690000000000002e-05,0.91411855,4918032802.0,424.7200064063072,1.6469390392303467,3.958020508289337,918.1316781044006,5.7032647132873535,90.54498535394669,9.170520842075348,252.76383465528488,0.8327667117118835,4.332457780838013,655.10936409235,0.0,9.665232717990875,1.526798963546753,3050.0,10.0,38.0,5667.0,9.0,255.0,75.0
2021-02-19 00:00:00+00:00,28861468234.0,1.66e-05,0.9276491,4582877243.0,556.1811897158623,0.0,3.106151819229126,978.4702066779137,14.922529697418213,133.39261555671692,13.856512367725372,269.21558463573456,0.0,3.2889678478240967,582.5850989818573,0.0,32.10803431272507,0.7064094543457031,3154.0,3.0,36.0,5532.0,28.0,403.0,84.0
2021-02-20 00:00:00+00:00,34938012154.0,2.0019999999999998e-05,1.12295796,11454890463.0,784.4658159613609,0.8976932168006897,24.656983077526093,1386.3735772371292,13.283807039260864,200.51533925533295,5.471397280693054,482.94141060113907,0.8479897379875183,29.54627275466919,936.5293937921524,0.7883279919624329,32.884288012981415,3.381597876548767,4962.0,5.0,302.0,8426.0,44.0,532.0,65.0
2021-02-21 00:00:00+00:00,34239897895.0,1.913e-05,1.10051956,7042361464.0,470.0917848944664,0.0,14.41195273399353,918.0677235126495,0.0,87.13606351613998,7.308565020561218,255.30153155326843,0.0,15.301614761352539,577.0489009022713,0.0,19.298640251159668,0.8099456429481506,2989.0,6.0,125.0,5511.0,1.0,264.0,72.0
2021-02-22 00:00:00+00:00,34197312215.0,2.028e-05,1.09915079,10562051439.0,461.2292039990425,0.7462595701217651,38.84647250175476,751.8368003964424,0.0,116.93246060609818,4.957144916057587,373.36448484659195,0.7632037997245789,65.2223808169365,600.3090865015984,0.7122589945793152,28.152712106704712,4.717876315116882,3212.0,7.0,418.0,4865.0,13.0,330.0,81.0
2021-02-23 00:00:00+00:00,29703373313.0,1.955e-05,0.95470914,11201900117.0,487.8256707787514,0.7782353758811951,7.215797305107117,912.7862480282784,1.5435089468955994,121.74664509296417,8.16503793001175,310.4624276161194,0.7672933340072632,23.912512958049774,578.8928232192993,2.489904999732971,27.4877889752388,0.7800620794296265,3145.0,15.0,158.0,5216.0,37.0,356.0,52.0
2021-02-24 00:00:00+00:00,32719650909.0,2.116e-05,1.05165663,8481334623.0,538.9785873889923,0.9172265529632568,23.83300358057022,887.3367730975151,0.8625812530517578,179.59304839372635,14.36090099811554,286.99039351940155,0.0,29.280398547649384,537.3169196248055,0.0,24.979166209697723,3.1104061603546143,3175.0,7.0,219.0,5082.0,22.0,448.0,92.0
2021-02-25 00:00:00+00:00,33573986145.0,2.291e-05,1.0791162,8248286269.0,725.6244636774063,0.85962975025177,30.667609989643097,1309.1089298129082,5.654146432876587,169.06342267990112,7.619275450706482,453.89794570207596,1.7663882970809937,47.4673712849617,780.663780272007,16.026409208774567,33.626106560230255,1.6414703130722046,4786.0,18.0,388.0,7530.0,122.0,454.0,52.0
2021-02-26 00:00:00+00:00,38613872246.0,2.6779999999999998e-05,1.24110539,14884142109.0,1227.508942246437,8.180311799049377,44.41996169090271,1642.618165075779,36.92687392234802,405.53928077220917,12.194354355335236,676.8483367562294,7.718353271484375,65.15886044502258,1012.3454486131668,10.736961245536804,51.09827983379364,3.2107200622558594,6948.0,52.0,486.0,9621.0,158.0,1031.0,83.0
2021-02-27 00:00:00+00:00,41219695427.0,2.868e-05,1.32486029,19141980288.0,1609.8191709518433,15.154925167560577,36.73962992429733,2298.1753389835358,17.60824304819107,629.758243739605,9.462874591350555,953.1074829101562,15.539049923419952,36.327820897102356,1782.7265578508377,20.10879546403885,111.06717771291733,8.944264352321625,9292.0,97.0,329.0,14074.0,118.0,2015.0,140.0
2021-02-28 00:00:00+00:00,40696967235.0,2.898e-05,1.30805905,15732556180.0,851.515745818615,,,,,,,653.383828163147,,,,,,,5793.0,,,,,,
