datetime,marketcap,priceBtc,priceUsd,volume,sentiment_positive_total,sentiment_positive_telegram,sentiment_positive_professional_traders_chat,sentiment_positive_reddit,sentiment_positive_discord,sentiment_positive_twitter,sentiment_positive_bitcointalk,sentiment_negative_total,sentiment_negative_telegram,sentiment_negative_professional_traders_chat,sentiment_negative_reddit,sentiment_negative_discord,sentiment_negative_twitter,sentiment_negative_bitcointalk,social_volume_total,social_volume_telegram,social_volume_professional_traders_chat,social_volume_reddit,social_volume_discord,social_volume_twitter,social_volume_bitcointalk
2019-01-01 00:00:00+00:00,2221377985.0,3.00805826926e-05,0.11593003965,91630088.0,54.80110424757004,14.510883212089539,3.0851281881332397,25.10981011390686,3.99323433637619,12.038464546203613,7.553573250770569,9.587868392467499,3.133789598941803,1.60433828830719,5.777194082736969,0.0,4.9061925411224365,1.762973666191101,233.0,73.0,23.0,113.0,57.0,41.0,27.0
2019-01-02 00:00:00+00:00,2286718690.0,3.0274349476000004e-05,0.119331410154,106949561.0,70.22940742969513,19.712961852550507,4.298733949661255,39.309627056121826,5.664503216743469,16.450352549552917,7.576172649860382,15.275001406669617,16.79000198841095,0.753277063369751,9.62356811761856,0.9195528030395508,0.0,0.7282001972198486,314.0,182.0,14.0,173.0,51.0,38.0,36.0
2019-01-03 00:00:00+00:00,2180061167.0,2.9653954811125017e-05,0.113765532384,90099004.0,50.74225169420242,8.90394502878189,0.0,26.54287576675415,0.0,18.03901183605194,9.782899618148804,23.320402562618256,6.297995328903198,0.8254287838935852,22.6368567943573,1.5462708473205566,5.83914452791214,0.8073618412017822,279.0,56.0,5.0,189.0,51.0,52.0,46.0
2019-01-04 00:00:00+00:00,2210639452.0,2.9934137087599998e-05,0.115361246136,80564461.0,36.068059384822845,15.610500633716583,1.713670253753662,20.566053688526154,4.700385332107544,3.3678767681121826,10.11620169878006,21.751225888729095,10.900936484336853,2.597659647464752,21.165771543979645,2.439833402633667,2.425062894821167,2.3983150124549866,224.0,91.0,13.0,164.0,44.0,14.0,43.0
2019-01-05 00:00:00+00:00,2185438333.0,2.96866415873e-05,0.114046136845,88463993.0,42.225865840911865,15.30833089351654,1.6755826473236084,59.37340587377548,4.758136332035065,7.199102103710175,6.794775485992432,19.398777663707733,8.42652153968811,0.9053971171379089,40.552794098854065,3.5774444937705994,0.0,0.0,253.0,129.0,14.0,347.0,60.0,13.0,33.0
2019-01-06 00:00:00+00:00,2306881891.0,2.9517683758699998e-05,0.12038361543,93094440.0,47.41837269067764,6.498812198638916,10.611123085021973,25.33687597513199,9.72711831331253,4.840662062168121,9.577725172042847,9.456545889377594,4.703457057476044,1.5530357956886292,14.30781352519989,1.673805296421051,0.0,1.6197484731674194,275.0,128.0,50.0,149.0,85.0,14.0,45.0
2019-01-07 00:00:00+00:00,2361236044.0,3.06398186776e-05,0.123220052054,95010987.0,54.750224232673645,16.402856290340424,4.815054178237915,20.70710378885269,6.758768916130066,15.392794609069824,5.544060111045837,14.85709798336029,11.619086563587189,1.756553292274475,7.030082404613495,0.0,0.9186359643936157,0.0,303.0,132.0,35.0,118.0,71.0,41.0,39.0
2019-01-08 00:00:00+00:00,2359368084.0,3.05458522108e-05,0.123118780616,104584394.0,58.18756580352783,9.952531933784485,3.9244824647903442,22.32400667667389,11.984915256500244,12.409850478172302,16.026402533054352,15.674695193767548,5.5700830817222595,1.7935227751731873,10.227233350276947,0.790067195892334,3.071466088294983,0.0,269.0,95.0,22.0,116.0,57.0,39.0,59.0
2019-01-09 00:00:00+00:00,2371931754.0,3.07059228551e-05,0.123774386729,94733729.0,52.861227333545685,19.182698965072632,0.7176421284675598,21.17521494626999,5.557350039482117,16.51072931289673,12.064698994159698,21.04087471961975,9.933916926383972,1.6953852772712708,10.907110095024109,0.8442230820655823,6.571501195430756,0.9083117246627808,277.0,107.0,11.0,149.0,49.0,62.0,42.0
2019-01-10 00:00:00+00:00,2101578735.0,2.99339479517e-05,0.109878610051,128623287.0,58.84601837396622,10.749328136444092,5.488498747348785,27.67405343055725,7.192557215690613,9.112269103527069,16.808967649936676,9.33415424823761,3.6290916204452515,0.8831532001495361,15.534407615661621,3.418904423713684,2.644912898540497,0.0,269.0,81.0,27.0,139.0,77.0,22.0,57.0
2019-01-11 00:00:00+00:00,2052863208.0,2.9167854333799997e-05,0.107331571215,102731220.0,46.37178248167038,9.5260369181633,1.6640899181365967,17.356391668319702,2.374249041080475,11.227931559085846,12.441875398159027,9.788863241672516,5.372374475002289,1.583378791809082,14.22646152973175,1.68203204870224,0.7030153870582581,0.7380277514457703,232.0,50.0,6.0,143.0,39.0,33.0,52.0
2019-01-12 00:00:00+00:00,2042010170.0,2.92000752118e-05,0.106764131589,103509556.0,53.62566274404526,20.23109358549118,1.553695261478424,23.903470814228058,8.299681663513184,1.551932692527771,9.156553030014038,23.811587691307068,9.932319343090057,0.0,11.998650550842285,0.0,1.9615051746368408,3.886263608932495,281.0,113.0,6.0,143.0,55.0,13.0,44.0
2019-01-13 00:00:00+00:00,1981659222.0,2.92540231916e-05,0.103608750666,119389904.0,49.92531567811966,16.516667902469635,3.0100234746932983,11.476794421672821,5.850677490234375,7.324513375759125,16.510463654994965,13.55479109287262,13.744177162647247,5.205389440059662,10.440224826335907,0.7547807693481445,0.7171867489814758,1.5173243880271912,302.0,208.0,20.0,128.0,94.0,17.0,64.0
2019-01-14 00:00:00+00:00,2097196130.0,2.9647772942100003e-05,0.109649460259,110842788.0,45.09417951107025,11.757310450077057,3.397657096385956,17.027675449848175,2.492455244064331,14.058987855911255,11.253087282180786,9.685311019420624,11.468639969825745,0.0,5.696154773235321,0.7547807693481445,4.238379597663879,1.5936636328697205,169.0,126.0,5.0,89.0,41.0,32.0,46.0
2019-01-15 00:00:00+00:00,2022619695.0,2.9125922165514428e-05,0.105746764002,89589309.0,36.40003836154938,20.22154003381729,0.771564781665802,11.71461009979248,0.0,7.618749499320984,13.071945250034332,10.056176781654358,8.298834383487701,0.0,16.449170172214508,0.0,0.7796364426612854,1.8023059964179993,174.0,118.0,3.0,101.0,22.0,22.0,50.0
2019-01-16 00:00:00+00:00,2044090099.0,2.9241989677554088e-05,0.106869270222,92237520.0,32.93866592645645,5.9007179737091064,0.7750733494758606,12.580936908721924,1.4280108213424683,12.069993376731873,8.194822311401367,10.9107626080513,1.6912001967430115,0.9296042919158936,9.127370715141296,0.0,1.5467951893806458,1.6853519678115845,217.0,51.0,8.0,98.0,36.0,29.0,60.0
2019-01-17 00:00:00+00:00,2074534040.0,2.9506032915300004e-05,0.108460938657,110024544.0,65.87210476398468,9.154062807559967,2.5271931290626526,13.98530399799347,17.3471000790596,14.108492076396942,19.64809137582779,7.4415106773376465,4.0736077427864075,0.0,3.2668628096580505,0.8228986859321594,1.7852225303649902,0.7227488160133362,239.0,78.0,17.0,78.0,68.0,36.0,51.0
2019-01-18 00:00:00+00:00,2043394275.0,2.92219776359e-05,0.106820827841,84272978.0,71.63448488712311,14.544093251228333,0.7950413823127747,19.171875298023224,24.594411253929138,14.90413647890091,20.76508265733719,9.26095712184906,3.9749017357826233,2.666953146457672,6.729784250259399,0.0,2.875388264656067,0.0,217.0,80.0,7.0,76.0,80.0,32.0,65.0
2019-01-19 00:00:00+00:00,2071773679.0,2.90582194067e-05,0.108304394396,111942029.0,37.68521332740784,12.002929449081421,0.7956510782241821,13.230171144008636,1.5408698320388794,4.716365814208984,15.68330866098404,7.412569761276245,4.91115266084671,0.0,7.86348432302475,0.0,0.932090699672699,0.0,176.0,85.0,7.0,83.0,52.0,12.0,55.0
2019-01-20 00:00:00+00:00,2002863078.0,2.91083914636e-05,0.10470200877,123424389.0,22.190497398376465,7.534270942211151,0.7472896575927734,8.156200230121613,2.142931580543518,3.452134370803833,10.218828976154327,5.841262876987457,2.572472393512726,0.7932105660438538,4.303624272346497,0.0,0.7960056066513062,3.2853363156318665,134.0,67.0,3.0,72.0,60.0,7.0,50.0
2019-01-21 00:00:00+00:00,1977046726.0,2.8902942185315022e-05,0.103352425524,111104934.0,58.702591717243195,9.226745903491974,3.260952413082123,15.888639569282532,5.6805461049079895,13.068997144699097,18.376693725585938,9.614308178424835,3.1219561100006104,0.0,11.505683600902557,0.0,2.9850597381591797,1.6527563333511353,221.0,82.0,8.0,99.0,58.0,40.0,83.0
2019-01-22 00:00:00+00:00,1991464323.0,2.88847405284e-05,0.104102612687,129057417.0,57.63069713115692,21.33894455432892,1.4863261580467224,23.860073268413544,3.961852014064789,8.618693172931671,19.076488137245178,25.877668619155884,12.052451610565186,0.0,9.455286741256714,2.4477043747901917,7.9906675815582275,1.6333197355270386,261.0,111.0,5.0,129.0,74.0,29.0,73.0
2019-01-23 00:00:00+00:00,1962267842.0,2.8633005752300002e-05,0.102576372742,97605044.0,45.111717224121094,24.56715166568756,2.480576813220978,19.664079785346985,4.887438893318176,5.776468873023987,17.155949652194977,12.632863879203796,13.823832094669342,0.0,9.123278498649597,2.414854049682617,1.5979061722755432,3.689149498939514,213.0,159.0,7.0,98.0,87.0,29.0,63.0
2019-01-24 00:00:00+00:00,1955266763.0,2.83824472901e-05,0.102210392352,109073512.0,48.892227590084076,21.326735079288483,1.66184401512146,21.52815443277359,2.331035792827606,5.563018441200256,22.034613072872162,20.407219648361206,14.592408001422882,0.7192330360412598,10.45279175043106,1.6602891087532043,3.751873016357422,5.743730425834656,259.0,176.0,7.0,109.0,47.0,25.0,78.0
2019-01-25 00:00:00+00:00,1949041852.0,2.8246387213281896e-05,0.101688307583,102861680.0,44.215022563934326,14.018494188785553,0.7690411806106567,14.754344463348389,7.769132852554321,10.137646317481995,14.20340645313263,22.602600038051605,13.310212433338165,0.7672430872917175,9.590461015701294,3.4070176482200623,3.6248980164527893,2.5371424555778503,260.0,137.0,6.0,107.0,84.0,24.0,72.0
2019-01-26 00:00:00+00:00,1916958809.0,2.77909525853e-05,0.100014424993,142586254.0,67.98438608646393,22.924423694610596,8.389258623123169,24.872929275035858,4.209077954292297,4.7879180908203125,21.824038982391357,32.58623331785202,17.38171923160553,2.351398289203644,13.943170368671417,6.2021854519844055,0.7290756702423096,3.44131338596344,405.0,184.0,32.0,131.0,119.0,13.0,105.0
2019-01-27 00:00:00+00:00,1846070963.0,2.6911773930200004e-05,0.0963159588959,134988475.0,63.56925809383392,26.832159876823425,3.814273476600647,15.328626215457916,3.988477051258087,6.731452763080597,28.40786510705948,19.297484815120697,14.817404687404633,3.2336376309394836,11.551678836345673,1.641326367855072,0.0,1.4404622316360474,372.0,214.0,25.0,140.0,104.0,17.0,96.0
2019-01-28 00:00:00+00:00,1684840922.0,2.53551590351e-05,0.0879040245754,135847054.0,68.36016631126404,35.44005608558655,1.5486324429512024,22.869653701782227,7.600401997566223,7.778654456138611,24.044295012950897,39.53340095281601,48.876143634319305,2.5165332555770874,17.28700065612793,5.5964550375938416,2.649940311908722,0.7648593187332153,362.0,315.0,24.0,150.0,84.0,31.0,81.0
2019-01-29 00:00:00+00:00,1607835360.0,2.4334105044146373e-05,0.0838835413633,155607439.0,68.76591449975967,28.91195374727249,3.007693290710449,28.934257805347443,9.653177917003632,9.048085272312164,10.40218710899353,18.665592074394226,14.098079085350037,4.1633723974227905,17.408026337623596,1.8565428256988525,0.7966016530990601,1.611701786518097,362.0,216.0,42.0,171.0,108.0,22.0,65.0
2019-01-30 00:00:00+00:00,1641391038.0,2.4579656665899997e-05,0.085634198043,174265316.0,64.93691784143448,24.629091203212738,1.6525724530220032,15.868254244327545,6.155614256858826,14.574473083019257,23.18857228755951,20.29598820209503,24.186690986156464,2.6625786423683167,14.090407013893127,0.9648702144622803,1.7796894907951355,1.8152129650115967,315.0,172.0,15.0,123.0,104.0,31.0,80.0
2019-01-31 00:00:00+00:00,1583825650.0,2.3926317156499998e-05,0.0826309095577,148616345.0,47.522962629795074,35.460327208042145,3.3277363777160645,19.72455531358719,4.990681171417236,8.443329453468323,9.81223326921463,20.507051169872284,28.477447152137756,3.3947266340255737,11.238701224327087,2.4412189722061157,1.5262939929962158,1.6161829829216003,309.0,289.0,19.0,116.0,106.0,20.0,67.0
2019-02-01 00:00:00+00:00,1602022105.0,2.39799945004e-05,0.0835802499476,143454404.0,50.02925956249237,30.656428337097168,2.351614832878113,16.184998035430908,3.6684280037879944,8.102134823799133,11.565731585025787,17.563038766384125,21.899421334266663,4.918748080730438,9.714026749134064,0.0,1.549828588962555,0.7773576974868774,250.0,193.0,42.0,102.0,90.0,18.0,48.0
2019-02-02 00:00:00+00:00,1592632515.0,2.36243201028e-05,0.0830903788685,142365605.0,40.321793496608734,13.717696845531464,0.7292095422744751,17.313428580760956,2.3044586777687073,5.682028412818909,12.369180679321289,15.555814683437347,13.929798424243927,5.986338913440704,2.47801411151886,0.0,1.511093020439148,1.515989065170288,192.0,128.0,15.0,70.0,71.0,15.0,51.0
2019-02-03 00:00:00+00:00,1556731333.0,2.3460672658848702e-05,0.0812173519671,106622488.0,29.219904720783234,5.566704452037811,2.3747915625572205,13.966853737831116,0.0,4.866192638874054,10.460681736469269,12.37583076953888,6.96847140789032,4.875536739826202,6.2878270745277405,0.0,0.0,1.5155491828918457,169.0,72.0,21.0,61.0,63.0,9.0,73.0
2019-02-04 00:00:00+00:00,1528223879.0,2.30262679243e-05,0.0797300691137,83103229.0,51.51789665222168,11.497275590896606,2.2563950419425964,15.082975089550018,11.668325662612915,2.2840290665626526,20.740796506404877,10.647763431072235,8.487442433834076,0.8669570684432983,6.6227275133132935,1.4801442623138428,1.6345298290252686,1.571900188922882,292.0,106.0,17.0,99.0,75.0,11.0,122.0
2019-02-05 00:00:00+00:00,1492883825.0,2.24500136462e-05,0.0778818539701,93209183.0,67.86410492658615,27.049388885498047,3.461481511592865,16.377997756004333,5.785706043243408,11.06353384256363,23.988873898983,49.829416394233704,58.33035600185394,4.950525224208832,18.443677842617035,10.420852601528168,2.395938456058502,2.3612029552459717,433.0,369.0,26.0,110.0,116.0,25.0,135.0
2019-02-06 00:00:00+00:00,1425898893.0,2.18304743646e-05,0.0743873347098,153042575.0,57.766366600990295,43.713715732097626,5.031027913093567,16.26584428548813,7.783968508243561,8.784663558006287,13.47475552558899,43.875567615032196,59.105413258075714,4.098701059818268,23.237511456012726,5.8240532875061035,0.841180682182312,2.202997148036957,432.0,421.0,21.0,160.0,107.0,28.0,91.0
2019-02-07 00:00:00+00:00,1431663848.0,2.19810859131e-05,0.0746880850898,121452716.0,75.22072875499725,22.12326979637146,3.362042009830475,18.430930256843567,27.746131718158722,9.43313843011856,13.944751739501953,40.68506681919098,25.18724912405014,6.151951611042023,12.145694255828857,15.10812509059906,4.036859154701233,0.9535607099533081,436.0,219.0,24.0,126.0,221.0,29.0,80.0
2019-02-08 00:00:00+00:00,1556948077.0,2.21649163385e-05,0.081224003372,137845933.0,50.650650799274445,21.46471416950226,0.9196050763130188,11.522871851921082,7.182275891304016,2.7278303503990173,15.548433601856232,26.759579181671143,14.752095818519592,1.61845201253891,8.171826243400574,11.022538483142853,4.489717900753021,2.309806704521179,355.0,192.0,24.0,81.0,155.0,25.0,75.0
2019-02-09 00:00:00+00:00,1548982176.0,2.20515399006e-05,0.0808084324306,128687270.0,38.17689287662506,16.228715240955353,0.8597348928451538,15.364288628101349,3.714616894721985,4.019405424594879,13.186390936374664,13.450671374797821,12.856296718120575,0.9454282522201538,3.289667844772339,1.5046433210372925,2.248592436313629,2.1514371633529663,231.0,143.0,9.0,63.0,71.0,18.0,88.0
2019-02-10 00:00:00+00:00,1541020269.0,2.17981858662e-05,0.0803930686075,133339148.0,47.9516242146492,28.232600808143616,4.487361907958984,11.745414197444916,4.826766729354858,5.633722424507141,10.547781944274902,25.453924417495728,25.682451128959656,3.571927309036255,12.280172884464264,3.7550291419029236,0.0,2.152008593082428,375.0,248.0,37.0,109.0,82.0,15.0,110.0
2019-02-11 00:00:00+00:00,1487377203.0,2.1260759372199998e-05,0.0775945756211,193770299.0,48.83999276161194,19.90941721200943,3.2419715523719788,22.2579847574234,5.9867053627967834,5.046094655990601,15.112004518508911,17.077269554138184,8.149246156215668,1.5667170286178589,16.47086924314499,3.6282872557640076,0.8571563959121704,2.352673828601837,297.0,164.0,21.0,143.0,57.0,12.0,92.0
2019-02-12 00:00:00+00:00,1487800897.0,2.1243429727907382e-05,0.077614111954,181987941.0,58.689222633838654,43.83076053857803,3.2923642992973328,12.143542110919952,7.577963411808014,8.257678389549255,13.041224479675293,31.99483025074005,24.281368494033813,3.924783766269684,11.171957612037659,0.0,6.6933658719062805,1.5862438678741455,451.0,288.0,39.0,105.0,74.0,30.0,167.0
2019-02-13 00:00:00+00:00,1475973015.0,2.12211474439e-05,0.0769904172647,151128266.0,53.77704459428787,15.155262053012848,4.828876733779907,16.615523874759674,5.249271512031555,12.811773121356964,13.801313996315002,26.92391985654831,13.447420001029968,2.3621177077293396,6.5190399289131165,2.396545112133026,4.8963541984558105,6.9422218799591064,302.0,106.0,25.0,80.0,88.0,42.0,114.0
2019-02-14 00:00:00+00:00,1469162190.0,2.12259048215e-05,0.076635145311,230125006.0,63.280240297317505,31.68734335899353,3.196829676628113,23.59495723247528,8.310106754302979,8.482152760028839,13.365055918693542,24.802353620529175,11.146395862102509,1.5966978073120117,12.934283971786499,7.404692709445953,3.9052703976631165,5.655066728591919,340.0,188.0,23.0,132.0,129.0,30.0,95.0
2019-02-15 00:00:00+00:00,1520112630.0,2.1900063268899997e-05,0.0792762994981,188673143.0,71.11048924922943,23.272819936275482,7.968328535556793,21.63936698436737,17.620988368988037,6.1692434549331665,19.545007348060608,40.976515769958496,17.166167497634888,9.615431308746338,12.959007978439331,12.16353154182434,1.5696941018104553,9.473869323730469,565.0,223.0,68.0,153.0,250.0,27.0,123.0
2019-02-16 00:00:00+00:00,1503716355.0,2.16155648992e-05,0.0784212075787,158123867.0,41.86664032936096,8.013061046600342,0.7712768316268921,12.373473763465881,7.822388768196106,3.2043721079826355,23.913549542427063,20.74807208776474,7.344864070415497,0.900317370891571,7.751014888286591,7.554127216339111,1.5679442286491394,8.950214266777039,283.0,69.0,18.0,112.0,87.0,22.0,121.0
2019-02-17 00:00:00+00:00,1526481083.0,2.17107173497e-05,0.0796084240413,123466543.0,52.82647567987442,13.336603283882141,3.72183096408844,27.76770156621933,12.486336946487427,4.2507935762405396,8.45941561460495,19.902961790561676,9.34864217042923,0.7119572162628174,19.280267000198364,6.947144567966461,4.086297929286957,0.0,328.0,98.0,37.0,150.0,121.0,18.0,57.0
2019-02-18 00:00:00+00:00,1604766869.0,2.1380421258500002e-05,0.08369115009,131352902.0,58.26546901464462,23.459105670452118,2.5917892456054688,25.60548037290573,6.382789731025696,8.096928775310516,11.752129793167114,28.1681467294693,10.694615185260773,1.588758647441864,23.471704363822937,6.761455595493317,2.263436198234558,0.7076945900917053,355.0,154.0,25.0,187.0,90.0,19.0,77.0
2019-02-19 00:00:00+00:00,1725456253.0,2.27716387461e-05,0.0899823293422,183733552.0,90.08051532506943,32.616662204265594,12.391916573047638,57.89173781871796,7.547685921192169,11.104344427585602,14.945392847061157,51.85960841178894,19.365672826766968,8.39622300863266,33.54737591743469,15.09751009941101,3.0903913974761963,0.0,710.0,306.0,91.0,337.0,185.0,38.0,141.0
2019-02-20 00:00:00+00:00,1759064804.0,2.2910010168300002e-05,0.0917350058181,154754813.0,76.62500554323196,14.45667153596878,4.520364701747894,39.80841535329819,12.241069912910461,8.909735441207886,15.282288908958435,18.139278769493103,5.806394159793854,5.01833838224411,23.399936079978943,1.5545995235443115,0.8647334575653076,0.7090660333633423,354.0,100.0,32.0,215.0,122.0,24.0,66.0
2019-02-21 00:00:00+00:00,1708357388.0,2.25350297821e-05,0.0890906207888,142797864.0,51.96539109945297,20.155908346176147,0.8147270083427429,25.00879681110382,9.118947803974152,3.978512763977051,15.450585186481476,15.578059494495392,10.535290896892548,2.4326322078704834,14.317806780338287,2.3221959471702576,1.6900700330734253,0.9258912205696106,281.0,154.0,22.0,155.0,66.0,21.0,59.0
2019-02-22 00:00:00+00:00,1738881773.0,2.26192228657e-05,0.0906677041464,89852657.0,50.181751787662506,10.940702557563782,0.8833816051483154,26.225727260112762,11.780490398406982,4.0441078543663025,13.068516314029694,10.920698940753937,7.755449414253235,0.931139349937439,6.510405242443085,0.7547807693481445,0.0,0.0,193.0,92.0,7.0,112.0,54.0,12.0,53.0
2019-02-23 00:00:00+00:00,1807716546.0,2.27680951269e-05,0.0942568445555,120783642.0,53.72540467977524,14.22365915775299,0.8032584190368652,31.262691140174866,7.33584851026535,8.154545187950134,9.974773228168488,12.063510477542877,8.011915862560272,0.0,12.676245748996735,0.9451885223388672,2.63246351480484,0.0,231.0,107.0,11.0,129.0,63.0,16.0,58.0
2019-02-24 00:00:00+00:00,1615486767.0,2.2164394338e-05,0.0842337176392,167217215.0,30.495366632938385,11.439159274101257,0.7722535729408264,15.343195676803589,6.770367801189423,4.835517704486847,10.592015087604523,11.883398234844208,6.409481465816498,0.0,13.242096960544586,0.0,4.000775456428528,0.0,201.0,112.0,7.0,132.0,59.0,15.0,59.0
2019-02-25 00:00:00+00:00,1674383207.0,2.2522678428299998e-05,0.0873046591307,129415110.0,57.01828908920288,9.890775918960571,1.6980964541435242,17.152013540267944,0.8023595213890076,12.743501603603363,26.94940686225891,16.424019515514374,11.021199584007263,0.8913578987121582,10.357074618339539,2.7844402194023132,1.9136577248573303,0.0,261.0,126.0,9.0,94.0,57.0,36.0,75.0
2019-02-26 00:00:00+00:00,1667255420.0,2.252234681171685e-05,0.0868114045254,123403695.0,55.72534728050232,6.326654493808746,1.707214593887329,10.573686063289642,7.049798309803009,12.033415973186493,25.235100150108337,11.592880547046661,4.258084833621979,0.0,5.876614272594452,0.7586055994033813,2.4387542009353638,1.5013350248336792,311.0,95.0,6.0,60.0,70.0,36.0,161.0
2019-02-27 00:00:00+00:00,1652881421.0,2.235812729402752e-05,0.086062972703,116863939.0,43.39810532331467,16.13802194595337,0.0,20.48842066526413,11.548812329769135,9.044162929058075,16.656043529510498,19.287750363349915,11.660141110420227,2.4846572279930115,8.926865458488464,3.3315654397010803,5.220808565616608,1.793534755706787,285.0,116.0,11.0,99.0,117.0,41.0,79.0
2019-02-28 00:00:00+00:00,1642455832.0,2.22033158646e-05,0.085503224052,112773497.0,48.74270683526993,13.50156831741333,0.7758123874664307,19.371706783771515,2.2538495659828186,14.427984356880188,15.011549830436707,16.254511833190918,8.38146048784256,0.0,16.82459032535553,0.0,2.589443802833557,0.7053020596504211,243.0,75.0,13.0,160.0,42.0,38.0,59.0
2019-03-01 00:00:00+00:00,1649050086.0,2.22802166848e-05,0.0858331038239,115886661.0,67.09291672706604,10.241645812988281,0.8667377233505249,42.60803472995758,4.334399402141571,9.210253298282623,26.669053316116333,19.761134564876556,7.672565042972565,0.0,18.963977813720703,0.0,3.22759348154068,0.0,350.0,94.0,8.0,257.0,74.0,31.0,74.0
2019-03-02 00:00:00+00:00,1622676880.0,2.1885728601699998e-05,0.0844603772192,103522009.0,51.7399765253067,8.37376993894577,3.2048822045326233,24.1420618891716,5.983910441398621,10.193803668022156,13.591373443603516,17.789258182048798,6.0579381585121155,0.0,18.58500099182129,0.0,4.884313702583313,0.0,221.0,89.0,8.0,144.0,48.0,27.0,49.0
2019-03-03 00:00:00+00:00,1675512705.0,2.266381916515771e-05,0.0872104824839,121319165.0,61.76734644174576,43.99666786193848,3.2381286025047302,17.797578275203705,5.305690228939056,4.631497621536255,20.566635310649872,26.857184290885925,22.796915411949158,5.141385614871979,11.70008397102356,3.203871250152588,0.7155091762542725,0.0,420.0,323.0,30.0,117.0,96.0,15.0,103.0
2019-03-04 00:00:00+00:00,1606933442.0,2.226353992394478e-05,0.0836409277816,133974180.0,49.257556319236755,7.462045133113861,0.9387665390968323,17.695107877254486,7.082918226718903,7.337137460708618,19.811472713947296,10.920365869998932,11.794832289218903,0.0,6.2993908524513245,1.5586644411087036,1.5897008180618286,0.0,214.0,105.0,10.0,86.0,50.0,21.0,51.0
2019-03-05 00:00:00+00:00,1659057672.0,2.2148777526448206e-05,0.0863511781631,162968948.0,52.910586059093475,20.741501688957214,0.0,21.49670374393463,0.981971800327301,7.414604425430298,20.47460687160492,13.133469820022583,10.672721982002258,0.0,7.414985537528992,1.7225703597068787,3.3317126035690308,0.0,324.0,135.0,5.0,112.0,32.0,22.0,152.0
2019-03-06 00:00:00+00:00,1643977703.0,2.1940481327199997e-05,0.085566290563,139934665.0,48.2454799413681,19.92513680458069,3.9952547550201416,6.739067316055298,1.5964667797088623,11.521708846092224,17.97008901834488,20.873672544956207,14.253914773464203,0.9440640211105347,11.49381697177887,0.8107380867004395,2.5259674787521362,0.0,211.0,108.0,9.0,74.0,38.0,39.0,57.0
2019-03-07 00:00:00+00:00,1643487602.0,2.18965940033e-05,0.0855406472047,121504119.0,28.80946534872055,3.420770287513733,1.5139079093933105,15.481316983699799,3.3716984391212463,4.626983284950256,6.382426023483276,11.125163912773132,6.7848705649375916,0.0,13.278511345386505,0.0,2.219421148300171,0.7374788522720337,151.0,36.0,4.0,81.0,35.0,19.0,53.0
2019-03-08 00:00:00+00:00,1676423779.0,2.23719133969e-05,0.0872458331531,142744835.0,40.46881753206253,9.124714970588684,2.3952394127845764,17.48169696331024,11.239753007888794,3.843361258506775,9.281745374202728,8.36574000120163,5.684158205986023,0.0,10.280236601829529,0.0,0.0,2.2608103156089783,206.0,73.0,13.0,100.0,61.0,20.0,51.0
2019-03-09 00:00:00+00:00,1724417960.0,2.2649719592699998e-05,0.0897435860353,138039148.0,24.889933049678802,14.25799298286438,0.0,10.550325095653534,3.2040709257125854,1.4933009147644043,6.2134000062942505,6.179624557495117,6.587594449520111,0.0,2.5364679098129272,0.721137523651123,1.7925994396209717,0.708929717540741,156.0,77.0,12.0,46.0,50.0,9.0,46.0
2019-03-10 00:00:00+00:00,1922235861.0,2.5345478612e-05,0.10003858838,206273828.0,69.60161739587784,42.72438591718674,10.346861064434052,17.169329583644867,6.944234132766724,11.724714159965515,14.39397007226944,30.397926151752472,23.166628062725067,7.114302754402161,11.22799664735794,9.598241686820984,0.7180734276771545,0.8142850995063782,514.0,402.0,68.0,113.0,176.0,23.0,74.0
2019-03-11 00:00:00+00:00,1963577521.0,2.6159589544359553e-05,0.102190111356,232880499.0,105.32632905244827,48.01370769739151,3.875705301761627,50.20537716150284,17.65479677915573,11.072579026222229,16.4917693734169,25.0992471575737,23.290356874465942,3.9889533519744873,20.00683903694153,1.4586763978004456,1.4676448106765747,1.4238341450691223,599.0,398.0,37.0,272.0,169.0,28.0,95.0
2019-03-12 00:00:00+00:00,2009920392.0,2.67949908335e-05,0.104598491447,155318737.0,117.40909600257874,56.752462804317474,2.9565937519073486,52.35248374938965,24.508852660655975,4.024018883705139,10.729789197444916,31.78088116645813,23.30097234249115,1.5965505242347717,18.570001780986786,3.7188579440116882,1.74245285987854,3.033428132534027,569.0,414.0,25.0,199.0,118.0,18.0,171.0
2019-03-13 00:00:00+00:00,2079100228.0,2.7734723742399997e-05,0.108198619481,158665262.0,192.42633491754532,95.28454661369324,7.2907915115356445,51.5771222114563,67.94137716293335,26.550126910209656,9.777159869670868,41.479934334754944,38.90348845720291,3.1649758219718933,30.52490395307541,6.258748948574066,0.7270581722259521,0.9294072985649109,850.0,790.0,46.0,286.0,242.0,77.0,57.0
2019-03-14 00:00:00+00:00,2061500298.0,2.7345027363000002e-05,0.107271925309,167089003.0,147.38916957378387,67.89571368694305,4.826250910758972,55.278807401657104,22.952423214912415,29.84761083126068,17.012364864349365,30.728144824504852,18.241909384727478,0.0,11.68850040435791,5.8895352482795715,7.843321323394775,1.5767167806625366,640.0,405.0,21.0,262.0,162.0,102.0,68.0
2019-03-15 00:00:00+00:00,2071262935.0,2.72098119845e-05,0.10777340452,128011253.0,80.09246790409088,44.94056099653244,2.6076905131340027,30.67712563276291,10.928999960422516,13.104449450969696,18.576389372348785,32.73306453227997,32.23196905851364,0.7141701579093933,19.52134132385254,2.62593275308609,6.3872100710868835,2.5931137204170227,405.0,338.0,18.0,177.0,81.0,46.0,83.0
2019-03-16 00:00:00+00:00,2106257264.0,2.706996459871106e-05,0.109582529425,146057377.0,67.21424317359924,26.132035672664642,2.3568124175071716,19.16413938999176,7.953820168972015,14.645907163619995,17.324505746364594,13.297823011875153,19.00469172000885,0.9586394429206848,8.775274932384491,0.9137054681777954,1.4128304719924927,2.457183837890625,280.0,227.0,10.0,99.0,52.0,32.0,66.0
2019-03-17 00:00:00+00:00,2102469253.0,2.72212840487e-05,0.109385450083,149591732.0,48.960235238075256,20.796765327453613,0.0,8.363742351531982,6.240657448768616,10.029052376747131,15.346125662326813,21.477734625339508,19.309871315956116,0.0,6.718477666378021,4.356012165546417,1.5634455680847168,1.451438069343567,271.0,194.0,5.0,69.0,58.0,34.0,74.0
2019-03-18 00:00:00+00:00,2228242946.0,2.8792076846199998e-05,0.115914392752,234881352.0,211.3525732755661,136.4289831519127,14.493092477321625,95.28038930892944,36.16859871149063,35.902149975299835,19.1014324426651,82.15535545349121,93.67734771966934,13.273317456245422,43.82291966676712,8.288090109825134,9.397358119487762,0.8588048219680786,1280.0,1345.0,111.0,455.0,278.0,95.0,182.0
2019-03-19 00:00:00+00:00,2177056208.0,2.7816999561999996e-05,0.113247957308,263893227.0,177.76273840665817,128.1312314271927,5.227671682834625,62.35074746608734,45.22620862722397,30.648857355117798,18.87753200531006,40.59609758853912,73.68650704622269,3.421613574028015,26.252156615257263,3.8549909591674805,6.202639043331146,1.506587266921997,905.0,1170.0,45.0,356.0,221.0,71.0,139.0
2019-03-20 00:00:00+00:00,2141592761.0,2.7277544044000002e-05,0.111403172839,285900109.0,91.63527309894562,54.76962465047836,6.551613807678223,36.55604887008667,12.62310266494751,21.94087529182434,17.94676983356476,29.982798218727112,28.56078213453293,1.8510860800743103,8.875145196914673,2.3872576355934143,6.319822669029236,6.245219528675079,459.0,399.0,31.0,199.0,88.0,63.0,88.0
2019-03-21 00:00:00+00:00,2075146107.0,2.6803927293799998e-05,0.107946680867,314783766.0,69.01015096902847,24.077802002429962,5.52311235666275,33.57821989059448,11.312358617782593,11.48254531621933,10.71275520324707,22.134232103824615,29.5534827709198,1.6992018818855286,3.9961808919906616,2.335814118385315,2.3118454813957214,2.427955687046051,359.0,283.0,23.0,159.0,92.0,28.0,57.0
2019-03-22 00:00:00+00:00,2089652577.0,2.70470279327e-05,0.108692806617,242127249.0,88.02989685535431,29.848306715488434,8.988470613956451,39.61832922697067,5.749432981014252,8.976482689380646,17.932861149311066,17.941957712173462,11.851457059383392,3.2748501300811768,12.819279611110687,0.0,3.172974467277527,1.5587831735610962,474.0,170.0,34.0,227.0,109.0,32.0,71.0
2019-03-23 00:00:00+00:00,2079478478.0,2.6803009692586093e-05,0.108163603116,214236314.0,70.08959549665451,19.20570683479309,4.763927400112152,12.763788402080536,3.929631233215332,8.722812056541443,35.70146602392197,12.364750802516937,11.553645968437195,0.0,5.907165467739105,0.0,1.6237757802009583,8.061616480350494,254.0,134.0,19.0,84.0,50.0,19.0,120.0
2019-03-24 00:00:00+00:00,2039223585.0,2.6388204892144245e-05,0.106069744041,207175021.0,58.2287722826004,15.605549216270447,0.9517630934715271,15.738884925842285,5.63178950548172,4.74520605802536,26.262507736682892,20.779643058776855,9.765154123306274,3.8837761878967285,6.412063717842102,0.85969078540802,2.5806570649147034,8.975612699985504,264.0,110.0,14.0,101.0,44.0,15.0,113.0
2019-03-25 00:00:00+00:00,1970002361.0,2.59206545157e-05,0.102469191942,213883511.0,67.34912955760956,15.035615503787994,4.108308732509613,20.965075433254242,7.203603029251099,8.13153624534607,32.042724609375,17.01912361383438,6.651774764060974,0.8275644183158875,12.18414306640625,2.303986430168152,2.27899032831192,5.4604087471961975,316.0,76.0,33.0,107.0,48.0,20.0,175.0
2019-03-26 00:00:00+00:00,1987584043.0,2.59918826515e-05,0.103379327801,243408090.0,160.9590899348259,27.908602237701416,2.4110352993011475,55.774590730667114,24.641965866088867,29.456395864486694,45.27155154943466,29.58689856529236,16.178173184394836,0.7923188805580139,17.05408602952957,2.362230598926544,3.5071574449539185,8.871925592422485,572.0,196.0,21.0,219.0,99.0,55.0,235.0
2019-03-27 00:00:00+00:00,2078913497.0,2.64759328556e-05,0.108062140904,306202676.0,204.77671587467194,55.12996858358383,6.555213391780853,57.80321025848389,42.89998686313629,56.11137753725052,22.481993675231934,28.418987929821014,10.572255909442902,1.624635636806488,20.79078596830368,9.717431426048279,3.2617014050483704,2.401305317878723,643.0,194.0,31.0,278.0,216.0,114.0,79.0
2019-03-28 00:00:00+00:00,2066947561.0,2.64334800689e-05,0.107440129333,215643531.0,173.45618104934692,38.428636372089386,5.846103012561798,54.89157062768936,31.579937279224396,41.05662798881531,21.028510570526123,24.680923104286194,16.08907186985016,0.0,20.537231743335724,5.231543481349945,7.472625255584717,6.406773626804352,572.0,182.0,16.0,256.0,194.0,103.0,94.0
2019-03-29 00:00:00+00:00,2069480528.0,2.61764564764e-05,0.107571762728,289766754.0,113.52249109745026,38.93571323156357,8.267455041408539,18.560770452022552,27.068203270435333,32.99154353141785,9.714591085910797,17.933637976646423,3.99935644865036,4.429414510726929,10.066435813903809,2.8568341732025146,2.156328797340393,0.7137373089790344,345.0,164.0,35.0,118.0,107.0,58.0,36.0
2019-03-30 00:00:00+00:00,2065394970.0,2.6182935455400002e-05,0.107359387845,328747048.0,315.58670061826706,16.216738045215607,3.007532298564911,26.127797305583954,7.87142539024353,43.60869312286377,236.56654155254364,25.3697749376297,20.678231358528137,0.9358953237533569,12.958458185195923,0.0,5.597226440906525,3.9738770723342896,549.0,125.0,7.0,112.0,58.0,72.0,345.0
2019-03-31 00:00:00+00:00,2072087795.0,2.62691558226e-05,0.107651309609,268624667.0,129.45962524414062,34.01999622583389,0.0,13.97297215461731,4.102255761623383,24.020363867282867,66.92491495609283,11.953953564167023,9.643756747245789,0.0,8.400465726852417,0.0,2.3344823718070984,3.9955230355262756,338.0,187.0,4.0,67.0,42.0,49.0,125.0
2019-04-01 00:00:00+00:00,2109892793.0,2.64140708069e-05,0.10961534042,301225293.0,137.69821017980576,17.829195857048035,3.1788437366485596,16.42171585559845,22.88932365179062,58.26261878013611,30.73372918367386,13.752510011196136,8.900213241577148,0.7309452295303345,10.437560856342316,4.4127989411354065,2.442887544631958,0.0,407.0,135.0,9.0,106.0,98.0,82.0,118.0
2019-04-02 00:00:00+00:00,2348012332.0,2.50045924604e-05,0.121900837603,574669735.0,99.05950784683228,22.685556411743164,3.1854000091552734,25.351438105106354,17.724967002868652,19.60018527507782,23.97205686569214,15.335990965366364,12.039330661296844,0.0,14.509114623069763,2.2686797380447388,2.6842023730278015,0.8454564809799194,340.0,148.0,14.0,137.0,84.0,45.0,67.0
2019-04-03 00:00:00+00:00,2336704938.0,2.4402791309519915e-05,0.12131378534,342768980.0,116.50451916456223,26.17196696996689,4.596924960613251,52.422221660614014,9.961751759052277,25.60169607400894,18.624038517475128,29.56054389476776,19.05581361055374,1.5378196835517883,14.16483724117279,2.894598960876465,7.218259572982788,0.7241030335426331,439.0,180.0,19.0,202.0,97.0,71.0,58.0
2019-04-04 00:00:00+00:00,2288060354.0,2.41742584018e-05,0.11878829353,335300168.0,83.8363669514656,11.760088384151459,1.7546655535697937,43.935819029808044,9.430344820022583,14.545218586921692,12.071824073791504,22.415205538272858,12.059850037097931,0.7763999104499817,7.204383909702301,2.6732833981513977,2.556493818759918,7.598771393299103,296.0,102.0,13.0,129.0,63.0,39.0,65.0
2019-04-05 00:00:00+00:00,2435044538.0,2.50932178488e-05,0.126366727028,443759813.0,54.46566778421402,13.571005403995514,4.804098010063171,29.531175434589386,5.094431817531586,5.949134588241577,11.964029669761658,25.174575209617615,12.146707355976105,1.9030633568763733,13.49854838848114,0.9156812429428101,2.4940415620803833,0.9088575839996338,291.0,120.0,17.0,143.0,80.0,21.0,41.0
2019-04-06 00:00:00+00:00,2403482699.0,2.4665257829499997e-05,0.124728817105,309328452.0,40.669807493686676,13.64841890335083,0.8073946237564087,17.46956580877304,7.265675246715546,4.133162081241608,12.012969076633453,15.666158139705658,8.168184340000153,0.8198044896125793,4.832891762256622,2.1828354597091675,2.404518723487854,2.3913978338241577,219.0,91.0,3.0,97.0,59.0,19.0,49.0
2019-04-07 00:00:00+00:00,2510903306.0,2.50991714395e-05,0.13030339629,349981245.0,45.71031928062439,12.45999139547348,1.8343564867973328,17.84895235300064,9.257226884365082,7.148782134056091,6.342838287353516,17.8492791056633,8.716566979885101,0.7802627682685852,6.587366759777069,4.078266203403473,3.351683020591736,1.7219483852386475,204.0,74.0,6.0,81.0,87.0,23.0,36.0
2019-04-08 00:00:00+00:00,2543519036.0,2.4980427503899998e-05,0.131995967869,356932080.0,58.317734718322754,8.374614715576172,1.457625687122345,21.95624840259552,5.846871852874756,8.246840476989746,17.35704743862152,11.551065385341644,12.475939273834229,0.0,4.00945258140564,2.370382785797119,0.8207353949546814,0.9119221568107605,264.0,128.0,10.0,73.0,61.0,27.0,81.0
2019-04-09 00:00:00+00:00,2417133975.0,2.4085070495962384e-05,0.125361789474,317524714.0,46.48729681968689,12.242877542972565,0.7875591516494751,14.24574601650238,5.907322347164154,10.999207973480225,13.309967339038849,15.973923802375793,7.407284736633301,0.0,5.809196472167969,1.7063552141189575,4.2614739537239075,3.16692316532135,193.0,81.0,3.0,70.0,52.0,31.0,47.0
2019-04-10 00:00:00+00:00,2419058097.0,2.3612900947100002e-05,0.125461562307,315278612.0,39.29597556591034,17.51888531446457,2.464155375957489,7.3313509821891785,3.7341310381889343,8.781050264835358,10.489882051944733,13.361664056777954,7.63348925113678,0.7923180460929871,0.8542242646217346,0.8985390663146973,5.0312893986701965,0.8140196800231934,175.0,84.0,12.0,38.0,61.0,26.0,41.0
2019-04-11 00:00:00+00:00,2252360291.0,2.30716632698e-05,0.116684887615,367545646.0,35.04320865869522,19.369484782218933,0.0,15.31615823507309,5.448491871356964,8.681117236614227,6.558229029178619,12.857460021972656,1.6329203844070435,0.964022696018219,10.60020524263382,1.5312376022338867,1.5549324750900269,0.7331868410110474,165.0,88.0,3.0,86.0,53.0,23.0,28.0
2019-04-12 00:00:00+00:00,2212292848.0,2.2550249720300003e-05,0.114609153437,298547661.0,23.55395597219467,11.96823137998581,0.8057017922401428,7.444346249103546,3.7786554098129272,5.83691668510437,5.60862135887146,17.76553076505661,5.059903919696808,0.7778716087341309,8.20108187198639,0.7056393623352051,5.817553699016571,0.0,155.0,70.0,4.0,58.0,51.0,25.0,23.0
2019-04-13 00:00:00+00:00,2237171780.0,2.27946686101e-05,0.115898021392,274954170.0,35.51481091976166,6.765270233154297,2.3578036427497864,9.476584792137146,6.54179060459137,5.712534070014954,10.458422482013702,17.11120480298996,5.994604587554932,0.0,8.19677585363388,2.409983277320862,0.7201238870620728,2.2330456376075745,164.0,56.0,5.0,61.0,41.0,14.0,64.0
2019-04-14 00:00:00+00:00,2251945511.0,2.26316031195e-05,0.116663383351,233364143.0,30.49736839532852,7.271356999874115,0.7079723477363586,6.680769503116608,10.493622422218323,3.3020905256271362,6.204289555549622,15.301255822181702,3.563954174518585,0.0,6.352442800998688,4.260770678520203,1.880539059638977,0.7787085175514221,137.0,51.0,4.0,38.0,61.0,11.0,40.0
2019-04-15 00:00:00+00:00,2193365887.0,2.25025305635e-05,0.113628616719,244231542.0,36.41601127386093,11.11983847618103,0.867493212223053,14.08741044998169,4.0732868909835815,9.71025025844574,7.069302976131439,12.468379139900208,4.727631032466888,0.0,3.958539068698883,1.4818469882011414,4.691517412662506,1.4565414786338806,174.0,72.0,5.0,54.0,41.0,27.0,66.0
2019-04-16 00:00:00+00:00,2271201728.0,2.2515632543600002e-05,0.117505252017,228442392.0,42.961518943309784,13.041047871112823,0.7900219559669495,10.515064656734467,5.569137692451477,13.73300325870514,8.111330389976501,15.443404853343964,9.23171728849411,0.8434099555015564,9.812853217124939,0.8749538064002991,3.3235368132591248,3.1702322363853455,179.0,79.0,6.0,69.0,46.0,31.0,36.0
2019-04-17 00:00:00+00:00,2254407438.0,2.2291748077300003e-05,0.116636358574,299495677.0,47.65264564752579,10.223420560359955,0.7243820428848267,12.118305385112762,19.976104855537415,5.3913733959198,7.4592543840408325,15.660283148288727,6.690283417701721,0.0,5.687903881072998,0.9490687847137451,5.7480080127716064,0.0,227.0,67.0,10.0,95.0,61.0,31.0,30.0
2019-04-18 00:00:00+00:00,2266810038.0,2.2135537653364542e-05,0.117277499076,281507613.0,41.40354108810425,7.316214621067047,1.5220964550971985,8.970428109169006,7.758664965629578,9.884377658367157,11.315162360668182,22.89238464832306,9.634414374828339,0.9048599600791931,4.867051541805267,2.946409225463867,6.97138649225235,0.7451844215393066,215.0,57.0,9.0,85.0,49.0,40.0,31.0
2019-04-19 00:00:00+00:00,2241084561.0,2.18956929855e-05,0.115736901986,274207136.0,38.188385367393494,12.853514552116394,0.8047134876251221,12.754692733287811,3.2494218945503235,6.318324565887451,8.036983251571655,15.280134499073029,10.318021535873413,0.0,4.146967530250549,0.7231746315956116,3.110208749771118,3.221671938896179,211.0,78.0,3.0,99.0,42.0,17.0,40.0
2019-04-20 00:00:00+00:00,2236092775.0,2.164200289981173e-05,0.115479108055,231797358.0,37.805443823337555,12.325076580047607,0.7351346015930176,10.614362061023712,9.003549814224243,4.728368580341339,9.122681140899658,16.594538748264313,9.571969270706177,0.0,9.792228698730469,1.6486746072769165,1.6102744340896606,0.0,217.0,122.0,5.0,94.0,64.0,15.0,35.0
2019-04-21 00:00:00+00:00,2176554055.0,2.12333494553e-05,0.112404333667,244064678.0,40.92677003145218,15.766785204410553,0.8268757462501526,14.274686872959137,3.2500386834144592,4.898775041103363,8.416324198246002,17.913560569286346,16.571732938289642,0.0,3.465108335018158,2.1593737602233887,0.0,2.6113630533218384,251.0,135.0,6.0,97.0,53.0,14.0,44.0
2019-04-22 00:00:00+00:00,2197665095.0,2.11253339771e-05,0.113494574708,247272040.0,47.69797229766846,5.0375800132751465,3.109912395477295,10.507606983184814,12.488802969455719,8.023168325424194,15.045203804969788,17.89956510066986,4.104850471019745,3.2843828201293945,8.010131359100342,7.466981589794159,0.0,0.7282788753509521,255.0,50.0,21.0,86.0,103.0,21.0,38.0
2019-04-23 00:00:00+00:00,2165382359.0,2.01577951667e-05,0.111823938916,249524440.0,47.43498331308365,14.357918441295624,2.550469994544983,17.00121420621872,6.810071289539337,8.058463633060455,10.219791114330292,29.083453714847565,9.36151272058487,2.463312327861786,16.000398576259613,6.786955833435059,1.4966711401939392,1.4782849550247192,252.0,120.0,20.0,111.0,81.0,22.0,30.0
2019-04-24 00:00:00+00:00,2003765057.0,1.89758724199e-05,0.103259281028,296187705.0,73.93566536903381,13.703251779079437,4.309238255023956,47.397567331790924,8.178135573863983,12.903019547462463,8.148249626159668,23.32493633031845,4.997321009635925,0.7297284007072449,17.25992065668106,6.28647643327713,3.2230035066604614,2.3473095297813416,333.0,81.0,15.0,179.0,113.0,28.0,48.0
2019-04-25 00:00:00+00:00,1889864378.0,1.91360912105e-05,0.0990745007303,257140761.0,77.4568635225296,11.280841529369354,4.6409353613853455,24.565558075904846,24.714546144008636,17.40791916847229,6.622199654579163,13.998511254787445,8.455815136432648,0.9143038988113403,5.866310954093933,3.8805761337280273,0.9014309644699097,0.9760900735855103,318.0,90.0,13.0,143.0,104.0,37.0,30.0
2019-04-26 00:00:00+00:00,1891114276.0,1.8851082533e-05,0.0991399912412,253112252.0,50.696555733680725,3.516561448574066,2.4197375178337097,30.66536831855774,8.835514307022095,2.521825134754181,9.2538822889328,16.775339901447296,5.32594507932663,1.6965767741203308,15.042779088020325,2.437000811100006,1.422750473022461,0.0,214.0,31.0,16.0,140.0,56.0,13.0,44.0
2019-04-27 00:00:00+00:00,1907368679.0,1.8967547729738697e-05,0.0999921013431,201419667.0,31.12604159116745,10.367005050182343,0.7208001017570496,9.458508908748627,4.97453898191452,4.974658250808716,11.455758273601532,15.981905281543732,9.059294044971466,0.7931245565414429,5.377895951271057,0.7779343128204346,3.2908211946487427,4.580848574638367,155.0,79.0,6.0,59.0,61.0,19.0,51.0
2019-04-28 00:00:00+00:00,1883411202.0,1.868184109739314e-05,0.0987361271292,184678756.0,31.68830668926239,13.971081137657166,2.262218177318573,9.1534863114357,8.17846405506134,3.8350889682769775,7.185261011123657,13.169381141662598,6.662108659744263,0.0,5.002440333366394,3.3956371545791626,0.7968500852584839,3.2565911412239075,148.0,75.0,5.0,49.0,72.0,14.0,24.0
2019-04-29 00:00:00+00:00,1842875602.0,1.84103136856e-05,0.0964745129392,193230515.0,39.4836505651474,16.647529542446136,1.565154790878296,12.796784400939941,2.6255345344543457,11.889525890350342,5.547684669494629,11.499495148658752,15.009491503238678,1.7788206934928894,5.078677535057068,0.7227229475975037,0.7337212562561035,0.0,208.0,146.0,13.0,68.0,64.0,31.0,25.0
2019-04-30 00:00:00+00:00,1909390183.0,1.86843492153e-05,0.0999534125465,195522091.0,51.53088051080704,18.052358865737915,4.169785022735596,16.152147233486176,6.945100367069244,8.205878794193268,10.544524133205414,17.05993264913559,11.105087697505951,2.6217822432518005,9.175363659858704,1.4633387327194214,2.3570069074630737,0.7807371020317078,198.0,126.0,18.0,91.0,73.0,21.0,29.0
2019-05-01 00:00:00+00:00,1936091093.0,1.87728652384e-05,0.101351137089,193384687.0,44.40478527545929,12.478788018226624,3.3640871047973633,14.336399018764496,5.6154425740242,10.289995312690735,10.02577805519104,16.04086822271347,9.64876663684845,0.8596960306167603,14.586896359920502,1.4539196491241455,0.856919527053833,1.848089873790741,223.0,67.0,40.0,101.0,66.0,28.0,34.0
2019-05-02 00:00:00+00:00,1914874396.0,1.8207156008634634e-05,0.100240451092,206500015.0,39.25685125589371,10.713158130645752,2.3514164686203003,20.98839408159256,0.7454615831375122,3.9923312664031982,7.974721550941467,14.120199799537659,3.0777388215065002,1.7455447316169739,13.80233383178711,1.4835103750228882,1.5452769994735718,1.530480146408081,180.0,66.0,14.0,104.0,43.0,16.0,24.0
2019-05-03 00:00:00+00:00,1957436017.0,1.7707162544e-05,0.102295013854,251161108.0,53.24568837881088,21.587451100349426,5.939846515655518,23.46326047182083,3.2686708569526672,6.04051285982132,10.000089347362518,17.535554111003876,6.536334335803986,1.5588191151618958,12.184434354305267,1.438233196735382,0.7153557538986206,2.3471938967704773,239.0,118.0,21.0,115.0,55.0,15.0,34.0
2019-05-04 00:00:00+00:00,1907340722.0,1.70863963528e-05,0.0996770280464,239944327.0,32.314722418785095,11.425423562526703,2.686988413333893,7.218548238277435,6.74627286195755,4.737416684627533,8.836545050144196,12.96632695198059,6.143210351467133,1.8085485100746155,4.182317793369293,3.036682426929474,2.272823452949524,0.7989077568054199,168.0,58.0,19.0,57.0,59.0,14.0,35.0
2019-05-05 00:00:00+00:00,1892994496.0,1.70918875027e-05,0.098927284314,205158492.0,28.595169961452484,14.932437717914581,1.519218385219574,9.478413164615631,0.8403394818305969,4.259407997131348,7.62597519159317,14.17568027973175,12.178423404693604,0.7181791663169861,9.507954359054565,0.7085143327713013,0.7935160398483276,0.8694136738777161,151.0,101.0,5.0,61.0,63.0,13.0,27.0
2019-05-06 00:00:00+00:00,1867858515.0,1.698571462371e-05,0.0976136237578,216098517.0,36.60384541749954,14.476043999195099,1.6578657627105713,11.824804604053497,2.4928731322288513,11.573279440402985,6.69860303401947,14.240674316883087,14.817735135555267,1.448048710823059,9.528408288955688,0.9931155443191528,0.0,1.5296863317489624,167.0,97.0,11.0,63.0,42.0,33.0,24.0
2019-05-07 00:00:00+00:00,1819059418.0,1.62672145574e-05,0.0949264959102,212014100.0,59.90260207653046,15.800629794597626,0.7182539105415344,18.857504785060883,2.5666831731796265,31.254515647888184,4.898710906505585,28.944541931152344,13.491644263267517,0.0,8.239128053188324,4.066895127296448,9.996733367443085,0.8205358386039734,259.0,118.0,9.0,82.0,51.0,68.0,36.0
2019-05-08 00:00:00+00:00,1795501884.0,1.56648623363e-05,0.0936971600069,205343058.0,34.93730515241623,12.338925659656525,2.2333250045776367,10.532378911972046,4.369950115680695,6.870752811431885,7.282999217510223,25.342144787311554,14.689465582370758,1.686400830745697,13.704495310783386,1.747124969959259,3.6743767857551575,3.902227818965912,230.0,128.0,8.0,88.0,38.0,28.0,49.0
2019-05-09 00:00:00+00:00,1729265354.0,1.46236559918e-05,0.0902320403193,220103356.0,63.82241332530975,22.514056384563446,5.4903454184532166,12.457192361354828,1.6773125529289246,22.485289812088013,8.807198822498322,37.09089922904968,15.017812490463257,4.93935889005661,9.206698715686798,5.128710985183716,8.724392533302307,1.4577471613883972,358.0,188.0,38.0,94.0,60.0,80.0,29.0
2019-05-10 00:00:00+00:00,1773128680.0,1.44873251283851e-05,0.0924243086673,241230243.0,48.98419374227524,30.03440374135971,5.156780183315277,9.750703811645508,3.1175418496131897,11.116567313671112,5.995661377906799,21.163501918315887,11.113985180854797,3.506370425224304,6.008084535598755,2.4037195444107056,3.0519197583198547,0.8757275342941284,271.0,196.0,25.0,83.0,56.0,44.0,28.0
2019-05-11 00:00:00+00:00,1999581671.0,1.45209586015e-05,0.104228130365,377230950.0,49.480462074279785,33.26849114894867,4.13751357793808,8.772117137908936,7.926084280014038,5.81291389465332,7.71905779838562,16.266909182071686,14.321625173091888,2.7310776114463806,4.247941017150879,3.998848795890808,3.009615957736969,0.0,264.0,189.0,33.0,60.0,92.0,20.0,21.0
2019-05-12 00:00:00+00:00,1896717427.0,1.4209907852599999e-05,0.0988662715797,347468948.0,36.350391030311584,16.928935766220093,3.5180516242980957,6.351489007472992,6.523653626441956,7.497759163379669,4.159039497375488,16.50630408525467,7.839781403541565,0.787063479423523,8.991234064102173,0.7609397172927856,0.7186998724937439,0.0,184.0,102.0,20.0,41.0,73.0,30.0,18.0
2019-05-13 00:00:00+00:00,1926442314.0,1.28403850638e-05,0.100415675657,388830187.0,47.22623860836029,8.688402473926544,2.4568421840667725,14.296897232532501,5.770935595035553,13.287777662277222,5.147397577762604,22.928386569023132,6.521214604377747,0.8933570981025696,12.712045192718506,2.918705642223358,0.7737786173820496,0.7057613134384155,255.0,70.0,12.0,91.0,68.0,37.0,31.0
2019-05-14 00:00:00+00:00,2167825930.0,1.41401714525e-05,0.112994254873,803031426.0,101.2925021648407,29.223509550094604,18.41033971309662,30.020407795906067,16.28063040971756,16.64090198278427,7.912518739700317,35.659372329711914,12.273977756500244,6.620598196983337,17.65388423204422,3.1767125725746155,3.122871160507202,1.72864431142807,431.0,193.0,86.0,137.0,110.0,38.0,26.0
2019-05-15 00:00:00+00:00,2628414570.0,1.66921764663e-05,0.137001655066,570303021.0,122.58106696605682,48.81301498413086,17.52993482351303,35.822045147418976,21.779321491718292,19.008115589618683,9.178917050361633,68.95879018306732,34.65344035625458,12.012667298316956,18.120135605335236,14.65917831659317,5.4474122524261475,1.5352915525436401,771.0,417.0,135.0,189.0,199.0,50.0,40.0
2019-05-16 00:00:00+00:00,2633813684.0,1.74252573905e-05,0.137283068692,837742776.0,106.12780702114105,43.451791644096375,14.575037002563477,28.70503532886505,20.368557333946228,20.324931025505066,4.822294890880585,58.39368450641632,33.17676901817322,7.518242061138153,12.276883602142334,10.379496097564697,4.050523817539215,1.4668021202087402,693.0,371.0,101.0,160.0,205.0,67.0,46.0
2019-05-17 00:00:00+00:00,2428135552.0,1.7298824717099997e-05,0.126562444072,539181495.0,98.2010029554367,52.72728210687637,3.2826412320137024,17.82651925086975,15.715776979923248,21.314302802085876,6.370618283748627,35.63696438074112,41.03432738780975,0.7631563544273376,6.778994798660278,5.440964937210083,6.463270723819733,1.5501641035079956,434.0,367.0,20.0,87.0,134.0,59.0,29.0
2019-05-18 00:00:00+00:00,2470032761.0,1.7714215607353006e-05,0.128746263942,433587408.0,125.81631690263748,59.76070994138718,5.727192580699921,17.438823342323303,18.83871239423752,29.510409832000732,9.582899570465088,42.6286563873291,24.605030834674835,5.089757084846497,16.542976081371307,8.94694983959198,2.556164503097534,1.596263587474823,450.0,251.0,37.0,94.0,132.0,53.0,48.0
2019-05-19 00:00:00+00:00,2718394325.0,1.72550097498e-05,0.141485197931,526532030.0,98.66352903842926,45.51944851875305,7.56282776594162,11.456429243087769,14.790229797363281,14.047806799411774,11.857035040855408,13.509906828403473,4.934921503067017,0.8227360844612122,9.215030908584595,0.0,4.39248526096344,0.9967992305755615,347.0,147.0,28.0,86.0,128.0,30.0,39.0
2019-05-20 00:00:00+00:00,2611470331.0,1.69988617168e-05,0.135544906391,502307578.0,89.21558004617691,44.20601922273636,3.90416419506073,20.65938973426819,5.7739667892456055,22.278488397598267,12.031218111515045,15.741984248161316,16.856762945652008,0.8962339162826538,14.043698370456696,0.7095351815223694,4.0406294465065,2.5744364857673645,328.0,247.0,17.0,123.0,75.0,45.0,45.0
2019-05-21 00:00:00+00:00,2588060013.0,1.6891170261799998e-05,0.134325672564,411336482.0,71.96943300962448,24.74223792552948,3.912381172180176,18.356842935085297,23.399360060691833,12.066688299179077,6.520113050937653,22.84427970647812,7.264695644378662,0.9311633110046387,13.843366384506226,1.7328198552131653,4.248076021671295,1.5238350629806519,261.0,126.0,14.0,118.0,77.0,33.0,36.0
2019-05-22 00:00:00+00:00,2394087016.0,1.62152080322e-05,0.124257250797,414103053.0,63.10908764600754,23.829565405845642,3.46343457698822,23.16684776544571,4.748074173927307,18.439596951007843,6.641202509403229,22.334146857261658,11.676327466964722,0.8988255262374878,16.280134737491608,0.8238518834114075,4.011524319648743,2.4546866416931152,375.0,158.0,22.0,127.0,135.0,38.0,40.0
2019-05-23 00:00:00+00:00,2411608483.0,1.58980442295e-05,0.125166646196,440656425.0,119.74714308977127,25.492700695991516,2.3388657569885254,24.584179401397705,7.515137076377869,75.97993952035904,5.547957479953766,44.8125376701355,31.79623806476593,1.7999788522720337,22.628070950508118,0.0,14.804608225822449,3.3383485674858093,360.0,223.0,12.0,145.0,53.0,136.0,33.0
2019-05-24 00:00:00+00:00,2430593679.0,1.57760827838e-05,0.125944383331,453216069.0,65.05482167005539,38.86551356315613,3.1392163038253784,23.292544066905975,3.278194546699524,13.483552098274231,5.684983909130096,14.167516469955444,14.624892354011536,1.7258041501045227,6.547428905963898,1.723252773284912,2.664596676826477,0.0,209.0,174.0,12.0,87.0,44.0,29.0,20.0
2019-05-25 00:00:00+00:00,2427733461.0,1.5616754924461642e-05,0.125796176707,344519934.0,50.0167173743248,23.197288513183594,2.4307181239128113,13.715712428092957,17.740533232688904,5.764739453792572,1.53131765127182,15.631917476654053,18.53352290391922,1.4916560649871826,4.270673871040344,3.1506877541542053,3.5155078768730164,0.7694756984710693,175.0,147.0,14.0,63.0,65.0,18.0,12.0
2019-05-26 00:00:00+00:00,2569365015.0,1.5354968527300002e-05,0.133134999155,400434267.0,36.83485418558121,12.228980243206024,6.021944761276245,14.81184196472168,3.2972269654273987,6.985233247280121,1.5255582928657532,16.13203227519989,2.3122624158859253,1.9486091136932373,9.601155519485474,2.34748637676239,3.86950945854187,0.0,201.0,67.0,40.0,100.0,43.0,17.0,9.0
2019-05-27 00:00:00+00:00,2641423666.0,1.55457670091e-05,0.136868795093,508588036.0,52.854773819446564,29.072424829006195,6.911996781826019,8.818325638771057,12.123767793178558,2.686544954776764,6.440870523452759,17.688108325004578,17.103782534599304,0.8074427247047424,7.766353666782379,2.864549458026886,0.0,0.7543748021125793,283.0,178.0,33.0,86.0,79.0,12.0,20.0
2019-05-28 00:00:00+00:00,2683403408.0,1.5944891663319452e-05,0.139038845192,516259989.0,71.50926268100739,12.822180688381195,4.905169308185577,9.136194825172424,35.01224488019943,7.244605720043182,8.329082369804382,23.552683174610138,13.60221803188324,2.3150742650032043,7.4183701276779175,1.5880828499794006,4.882421791553497,0.0,304.0,109.0,35.0,71.0,120.0,35.0,23.0
2019-05-29 00:00:00+00:00,2634314984.0,1.5764839987e-05,0.136491285547,495108156.0,42.806166768074036,21.006868720054626,5.6974921226501465,8.769843101501465,5.672140419483185,8.37473052740097,6.650100648403168,13.420941948890686,9.409090161323547,0.7725589275360107,8.042630672454834,0.7056216597557068,1.6115107536315918,0.8843997716903687,217.0,111.0,24.0,68.0,61.0,24.0,25.0
2019-05-30 00:00:00+00:00,2510323671.0,1.56875519172e-05,0.130066921816,634399475.0,65.78545534610748,18.34953099489212,12.063419580459595,15.333144903182983,16.680662512779236,7.246373414993286,8.414469540119171,23.842043220996857,11.65142685174942,4.9147122502326965,7.476633369922638,0.7210325002670288,2.5606781244277954,3.0222914814949036,297.0,134.0,71.0,73.0,80.0,23.0,29.0
2019-05-31 00:00:00+00:00,2583358571.0,1.5617026256000002e-05,0.133664065999,429586829.0,26.342093527317047,16.35699552297592,4.1892441511154175,7.339777410030365,5.471138179302216,5.3838024735450745,5.106270253658295,15.22320306301117,7.301940739154816,5.028976678848267,3.591456949710846,1.6960145235061646,4.906754910945892,0.0,175.0,116.0,24.0,43.0,50.0,33.0,24.0
2019-06-01 00:00:00+00:00,2572481833.0,1.55686650931e-05,0.133101295529,463748029.0,27.650639533996582,20.120638847351074,2.1646925806999207,11.269163727760315,16.07708042860031,3.152553617954254,4.0170645117759705,11.527322947978973,17.026683270931244,0.9391164183616638,5.563601195812225,0.0,2.328998386859894,0.0,145.0,124.0,13.0,52.0,35.0,19.0,26.0
2019-06-02 00:00:00+00:00,2659873179.0,1.5770941357599998e-05,0.137622959913,428728157.0,58.833257257938385,28.60567706823349,1.7799455523490906,14.419192612171173,22.647333085536957,18.994912028312683,3.2199959754943848,11.431470513343811,3.822261869907379,0.8252182602882385,5.807445764541626,0.8490946888923645,1.5438199639320374,0.8049185872077942,201.0,128.0,15.0,61.0,60.0,35.0,24.0
2019-06-03 00:00:00+00:00,2512401974.0,1.59042740053e-05,0.129983394077,451453721.0,50.79164546728134,19.556254148483276,0.81458979845047,20.967703580856323,17.650723457336426,13.551977932453156,7.470425546169281,14.077691972255707,7.787504494190216,0.0,17.293480455875397,0.0,1.5850712060928345,1.490501582622528,220.0,99.0,14.0,129.0,46.0,37.0,36.0
2019-06-04 00:00:00+00:00,2360363680.0,1.5841327069141013e-05,0.122101317755,472647707.0,56.43501931428909,19.7624391913414,1.6160609126091003,20.862330496311188,24.251909971237183,14.323018670082092,4.101275742053986,11.969530642032623,6.810275733470917,3.190604567527771,2.352378249168396,0.8262617588043213,3.1351649165153503,0.0,183.0,60.0,13.0,75.0,51.0,32.0,30.0
2019-06-05 00:00:00+00:00,2344620376.0,1.55529820893e-05,0.121283780398,364346500.0,51.38256698846817,18.815931737422943,4.010890543460846,19.871170699596405,14.575209140777588,6.359580338001251,9.008727788925171,14.122527241706848,4.788647532463074,0.7428849339485168,5.6698883175849915,1.6322728991508484,3.1117866039276123,2.3314915895462036,237.0,108.0,13.0,110.0,46.0,29.0,35.0
2019-06-06 00:00:00+00:00,2404523466.0,1.59292681873e-05,0.124382477622,426080833.0,42.9606112241745,12.634143233299255,0.9024447202682495,24.49438202381134,15.691521346569061,12.1689572930336,5.656657457351685,9.492374897003174,19.968510508537292,0.8357123136520386,2.3486413955688477,1.9330910444259644,0.0,0.9341163039207458,215.0,134.0,11.0,97.0,59.0,24.0,31.0
2019-06-07 00:00:00+00:00,2465593408.0,1.59126134288e-05,0.127541536282,437227118.0,44.39349436759949,10.129820227622986,3.116706609725952,19.05565518140793,22.715976357460022,6.84824812412262,5.779455542564392,8.001832008361816,11.682646334171295,0.7253444790840149,3.3687859773635864,0.0,2.5475496649742126,0.7618708610534668,179.0,82.0,18.0,85.0,54.0,15.0,24.0
2019-06-08 00:00:00+00:00,2438847261.0,1.586957973510702e-05,0.126157996609,395418604.0,33.20141559839249,20.10509479045868,0.7396992444992065,4.609844863414764,21.12337017059326,5.720530569553375,5.574272513389587,7.187805891036987,8.72924679517746,0.7023364901542664,4.080311417579651,0.9391907453536987,0.0,0.7538337111473083,140.0,109.0,8.0,37.0,59.0,15.0,19.0
2019-06-09 00:00:00+00:00,2318167337.0,1.56287308205e-05,0.119915400277,369553778.0,30.158084273338318,14.752227663993835,3.2314342260360718,10.483246505260468,16.94071328639984,3.9149170517921448,4.082901895046234,14.401932299137115,3.8776773810386658,5.773690581321716,7.909488141536713,0.0,0.0,0.0,157.0,75.0,27.0,59.0,40.0,11.0,25.0
2019-06-10 00:00:00+00:00,2395972238.0,1.55368455e-05,0.123940133211,351384677.0,52.377614080905914,11.759338319301605,0.0,12.982812404632568,20.85910564661026,23.87422752380371,8.755397915840149,24.84081768989563,10.986261785030365,0.8636853694915771,6.031972348690033,0.8544126152992249,6.611544728279114,2.6683948040008545,200.0,63.0,8.0,58.0,58.0,58.0,27.0
2019-06-11 00:00:00+00:00,2376628103.0,1.55270021564e-05,0.122826859494,379804244.0,82.44067132472992,15.49536395072937,0.7383105158805847,15.037505865097046,37.11159431934357,26.894626557826996,12.837668120861053,37.147359788417816,16.986622095108032,3.1734487414360046,8.758207499980927,0.7976298332214355,16.427231431007385,2.3087159991264343,302.0,112.0,14.0,80.0,87.0,68.0,51.0
2019-06-12 00:00:00+00:00,2452982682.0,1.5522830038e-05,0.126446202706,438940968.0,52.664053082466125,13.645118653774261,2.1970637440681458,12.725861370563507,24.823190987110138,14.805832982063293,10.053094923496246,14.910347998142242,6.756612777709961,0.86153644323349,5.536757707595825,0.9892552495002747,1.687127411365509,2.521483063697815,208.0,78.0,11.0,85.0,60.0,33.0,34.0
2019-06-13 00:00:00+00:00,2423025790.0,1.5180729834e-05,0.124728389742,458304560.0,42.16079545021057,14.483978748321533,0.0,10.773188412189484,21.400818347930908,10.748000741004944,9.533060789108276,18.50169414281845,4.84043425321579,0.0,10.036472141742706,1.6002833843231201,5.39817076921463,3.0350669026374817,192.0,68.0,9.0,75.0,57.0,30.0,42.0
2019-06-14 00:00:00+00:00,2432244274.0,1.44398098661e-05,0.125320445898,352099385.0,45.42597019672394,17.20267653465271,1.6628901362419128,13.979918420314789,21.127335608005524,13.303227066993713,8.72002100944519,28.572029888629913,4.296865224838257,3.4027631282806396,14.029073536396027,7.047359824180603,3.2906988859176636,2.604518175125122,249.0,88.0,14.0,108.0,86.0,29.0,52.0
2019-06-15 00:00:00+00:00,2459830580.0,1.4341415416e-05,0.126741809171,322647446.0,53.30916887521744,25.033715069293976,1.6565495729446411,12.172029316425323,23.55996572971344,7.720305681228638,7.7823150753974915,22.432648062705994,15.835253238677979,1.6851524114608765,4.0901718735694885,0.0,4.146383881568909,5.57144296169281,231.0,118.0,15.0,63.0,55.0,24.0,46.0
2019-06-16 00:00:00+00:00,2518166312.0,1.4434156277583245e-05,0.129747529585,330740925.0,34.873038828372955,10.880327045917511,1.6177361607551575,11.070683300495148,16.805151998996735,7.262617647647858,9.350653231143951,28.15560609102249,13.39510041475296,5.088418126106262,13.121432185173035,2.549667239189148,0.0,1.6405182480812073,197.0,93.0,30.0,68.0,56.0,18.0,29.0
2019-06-17 00:00:00+00:00,2543157169.0,1.40432102178e-05,0.131035168284,248165709.0,66.22887235879898,33.010866940021515,7.856147348880768,21.13015216588974,24.531460344791412,23.218185544013977,4.814251959323883,33.055852234363556,23.204868733882904,9.622069716453552,21.136800169944763,0.0,2.162403702735901,3.250355303287506,350.0,190.0,46.0,161.0,76.0,52.0,28.0
2019-06-18 00:00:00+00:00,2417667101.0,1.3740500765900001e-05,0.124564587403,277401409.0,69.88907873630524,27.952062129974365,8.765193164348602,25.887876868247986,19.265559315681458,15.237390398979187,5.5198986530303955,20.43378323316574,21.372474670410156,3.3418158292770386,11.233440935611725,0.908519983291626,3.1907594799995422,2.1775506138801575,344.0,179.0,32.0,168.0,63.0,56.0,37.0
2019-06-19 00:00:00+00:00,2412562680.0,1.34075162481e-05,0.124301592251,230628665.0,53.98474162817001,20.313426196575165,0.837860107421875,25.186294853687286,20.28328675031662,13.709199011325836,10.889872908592224,17.037793934345245,7.594622433185577,1.7684264779090881,7.323355078697205,0.0,4.579468190670013,0.7856465578079224,214.0,92.0,11.0,106.0,56.0,42.0,29.0
2019-06-20 00:00:00+00:00,2358318464.0,1.2773980326600001e-05,0.12150678527,274018148.0,57.834717094898224,30.084938287734985,0.8221384286880493,17.72843247652054,15.490460455417633,11.573429763317108,5.047857999801636,22.590932846069336,14.300796627998352,0.7043678164482117,15.474117755889893,0.826370894908905,2.8456979990005493,1.7611493468284607,254.0,166.0,9.0,109.0,47.0,24.0,36.0
2019-06-21 00:00:00+00:00,2407634619.0,1.22453128295e-05,0.124047676604,265396329.0,49.586121916770935,33.27695530653,4.823485910892487,11.952948093414307,20.48357528448105,4.854033052921295,4.670053660869598,27.34305626153946,23.6948361992836,2.3631548285484314,6.488695502281189,2.2538347840309143,9.107097148895264,0.7033581733703613,268.0,211.0,29.0,82.0,60.0,24.0,35.0
2019-06-22 00:00:00+00:00,2504730911.0,1.20632114272e-05,0.129050324633,500748608.0,79.35334742069244,31.19752699136734,12.614538848400116,21.267425298690796,27.13206911087036,11.529846847057343,7.693844795227051,44.37923377752304,17.699630558490753,20.70266044139862,13.044146060943604,1.647720456123352,4.123998463153839,1.4385444521903992,431.0,241.0,126.0,120.0,71.0,40.0,33.0
2019-06-23 00:00:00+00:00,2472276297.0,1.17562167089e-05,0.127378164406,393971398.0,75.28413951396942,17.696224629878998,0.9037519693374634,16.941719889640808,21.975354611873627,38.78930002450943,6.0027976632118225,16.12605458498001,14.107658684253693,0.8740596175193787,3.6620094776153564,0.716040313243866,2.438013970851898,4.0407445430755615,264.0,144.0,18.0,85.0,58.0,61.0,26.0
2019-06-24 00:00:00+00:00,2479854451.0,1.16074389253e-05,0.127748853763,387038340.0,63.01772564649582,14.1703559756279,3.822696566581726,37.55145877599716,28.04803591966629,9.438290297985077,11.058800637722015,16.569920003414154,5.157721161842346,3.300149083137512,8.447581470012665,2.4660633206367493,2.5160272121429443,2.4458046555519104,242.0,83.0,19.0,129.0,64.0,29.0,43.0
2019-06-25 00:00:00+00:00,2416700043.0,1.05571979655e-05,0.124490776174,504489449.0,66.16001361608505,29.05014306306839,0.8133330345153809,24.238694965839386,21.120093762874603,8.129494667053223,14.684336185455322,33.900073170661926,18.469817876815796,5.2223615646362305,17.33120757341385,4.398655295372009,1.7325798273086548,0.705070436000824,337.0,211.0,31.0,144.0,59.0,21.0,50.0
2019-06-26 00:00:00+00:00,2380778835.0,9.45282989397e-06,0.122627706591,691216184.0,89.61047267913818,33.13983941078186,13.591288387775421,36.19226998090744,24.29144775867462,9.109485030174255,11.059118688106537,56.30968427658081,40.608804404735565,10.450283765792847,38.58621335029602,3.0268695950508118,0.7106001377105713,2.443915009498596,478.0,263.0,77.0,222.0,84.0,23.0,41.0
2019-06-27 00:00:00+00:00,2086968032.0,9.65825122282e-06,0.107494273091,614497106.0,54.82054877281189,30.957720935344696,0.7796416878700256,25.073799312114716,21.091322124004364,6.624131202697754,14.65639728307724,33.84184646606445,24.942739725112915,2.42314350605011,20.105239152908325,1.5344986319541931,2.6781355142593384,1.8964826464653015,324.0,283.0,17.0,145.0,63.0,19.0,42.0
2019-06-28 00:00:00+00:00,2175406563.0,9.05062584245e-06,0.112019568908,490424131.0,31.72432106733322,12.618528068065643,0.787916362285614,12.190221548080444,12.397401750087738,4.54023015499115,11.443181574344635,25.192187309265137,19.163870990276337,1.7208271622657776,6.6395469307899475,2.3481924533843994,3.1127697229385376,5.042967081069946,235.0,87.0,18.0,82.0,35.0,23.0,69.0
2019-06-29 00:00:00+00:00,2235839321.0,9.648972852185407e-06,0.115131454607,422945571.0,39.68621438741684,15.596031606197357,2.2920257449150085,16.217169404029846,17.02003425359726,4.7983468770980835,5.767698049545288,16.894482135772705,8.025007605552673,0.0,8.188863098621368,0.782086193561554,1.6281479001045227,4.656841278076172,217.0,114.0,13.0,85.0,48.0,16.0,36.0
2019-06-30 00:00:00+00:00,2026374527.0,9.70294883655e-06,0.104345335844,402976986.0,35.033601105213165,12.103668749332428,1.5383630394935608,15.352690577507019,12.981160044670105,2.6552875638008118,5.656138360500336,14.012817084789276,4.933627426624298,0.0,8.158116459846497,1.5624012351036072,0.0,2.430813252925873,164.0,109.0,4.0,57.0,41.0,13.0,31.0
2019-07-01 00:00:00+00:00,2044624168.0,9.9677498673e-06,0.105284278757,435487153.0,44.234799802303314,19.89665013551712,0.0,14.613207817077637,7.473016083240509,8.186975836753845,7.809299468994141,11.310298144817352,2.6191124320030212,2.429547905921936,3.9790379405021667,0.8350327014923096,0.7545058727264404,2.4199129939079285,186.0,68.0,10.0,59.0,58.0,20.0,29.0
2019-07-02 00:00:00+00:00,2008350647.0,9.55853904104e-06,0.103390157874,475476536.0,34.31670719385147,16.021590054035187,3.3324562907218933,5.769236922264099,2.6212446093559265,8.001390933990479,7.253917336463928,13.788671851158142,7.406390845775604,0.7674740552902222,4.090277791023254,2.292366921901703,0.0,0.8061577081680298,176.0,104.0,14.0,52.0,52.0,17.0,19.0
2019-07-03 00:00:00+00:00,2073116344.0,8.92337540883e-06,0.106724283129,427409680.0,33.26920771598816,8.22961276769638,5.9290971159935,10.492458939552307,6.118107974529266,4.162787199020386,3.3951157927513123,21.721136927604675,2.3740824460983276,2.511323928833008,5.950499057769775,8.399577021598816,2.3965603709220886,0.9597442150115967,214.0,69.0,39.0,67.0,71.0,14.0,23.0
2019-07-04 00:00:00+00:00,1937165485.0,8.908418306870001e-06,0.0997253152664,377443849.0,39.11609506607056,19.551350355148315,2.472608745098114,10.220517694950104,8.535025596618652,7.5918262004852295,3.480151653289795,16.091429948806763,10.518460154533386,1.5948140621185303,4.640855193138123,1.9710243344306946,0.7836831212043762,0.7321446537971497,246.0,175.0,15.0,66.0,50.0,14.0,30.0
2019-07-05 00:00:00+00:00,1940388956.0,9.109497420500001e-06,0.0998911254054,347775553.0,31.70102423429489,14.734068632125854,0.8849117755889893,12.267114996910095,1.54364675283432,2.370587408542633,9.181284546852112,20.243256330490112,8.922167301177979,1.762001633644104,8.601601421833038,0.0,1.6863737106323242,0.0,173.0,84.0,14.0,72.0,23.0,9.0,38.0
2019-07-06 00:00:00+00:00,1998355367.0,9.195606920399999e-06,0.102875182488,255386487.0,23.621813416481018,9.666825473308563,1.5230066180229187,6.12179958820343,1.6464613676071167,5.570321798324585,9.161679863929749,7.925550818443298,7.246236503124237,0.7724691033363342,2.537957489490509,0.0,1.6400398015975952,3.27646404504776,131.0,82.0,11.0,39.0,31.0,12.0,44.0
2019-07-07 00:00:00+00:00,2040677489.0,9.1843220884e-06,0.105053888576,235672563.0,27.28466099500656,13.220613658428192,0.7926511168479919,3.1048513054847717,3.8126142621040344,1.6016972661018372,11.35731714963913,7.536973595619202,5.662846684455872,1.832872211933136,0.0,2.6977617740631104,1.4627965092658997,0.0,127.0,93.0,13.0,37.0,31.0,6.0,35.0
2019-07-08 00:00:00+00:00,2041233823.0,8.553054272364209e-06,0.105082467418,266059137.0,40.37609112262726,9.515957653522491,4.666821658611298,14.083916246891022,3.181711733341217,7.310850381851196,6.991696536540985,14.41078233718872,3.105741560459137,1.7665145993232727,8.274084746837616,0.0,3.8581507802009583,0.7025080323219299,190.0,80.0,20.0,89.0,28.0,25.0,19.0
2019-07-09 00:00:00+00:00,1978238237.0,8.10049068534426e-06,0.101835619678,382323007.0,44.706591844558716,12.644812107086182,3.160348415374756,20.491009950637817,0.7118102312088013,11.191834151744843,4.857040166854858,9.250068843364716,9.722705721855164,0.0,8.438621699810028,0.7149719595909119,0.0,0.8251479864120483,185.0,117.0,13.0,101.0,25.0,15.0,23.0
2019-07-10 00:00:00+00:00,1846797185.0,7.820413180439681e-06,0.09506895161,423554307.0,41.840244114398956,13.910240292549133,4.5289101004600525,23.016059160232544,0.0,8.408864259719849,12.769497513771057,20.207248508930206,7.409832954406738,2.3866758942604065,21.77163827419281,0.7499067783355713,1.5164801478385925,0.706465482711792,216.0,101.0,29.0,136.0,32.0,20.0,35.0
2019-07-11 00:00:00+00:00,1690208633.0,7.66945044385e-06,0.0870081106697,439572686.0,39.114780485630035,18.476668775081635,0.0,11.616193890571594,2.443112850189209,4.991749882698059,9.53266191482544,11.04934847354889,10.098152875900269,0.8411177396774292,6.323052644729614,0.0,0.0,0.8685551285743713,203.0,113.0,17.0,72.0,47.0,10.0,29.0
2019-07-12 00:00:00+00:00,1903061644.0,8.29416258926e-06,0.0979634554654,495900790.0,62.91622668504715,15.475758671760559,15.068304777145386,17.162397801876068,7.059213638305664,11.769876897335052,5.157759189605713,18.808875799179077,7.7557666301727295,7.706720590591431,4.802906036376953,2.9479119181632996,0.0,0.0,356.0,134.0,137.0,80.0,98.0,20.0,19.0
2019-07-13 00:00:00+00:00,1854580060.0,8.39179377583e-06,0.095467779918,284411670.0,45.42549592256546,6.4388885498046875,1.5435701608657837,28.616077423095703,4.509151518344879,9.7891166806221,5.1358155608177185,8.848423182964325,3.9003719687461853,1.5576414465904236,2.3134204149246216,0.7824041843414307,0.8479469418525696,2.528719484806061,180.0,51.0,23.0,81.0,40.0,17.0,30.0
2019-07-14 00:00:00+00:00,1675498907.0,8.42797078347e-06,0.086249261219,257679688.0,35.53288912773132,13.172165632247925,1.7065253853797913,15.737047910690308,1.564331293106079,4.046346843242645,8.873097836971283,6.481405973434448,12.22219306230545,0.785099446773529,1.4727265238761902,0.8589639067649841,0.766994833946228,1.5980804562568665,120.0,136.0,11.0,49.0,40.0,9.0,29.0
2019-07-15 00:00:00+00:00,1680172543.0,7.93345998535e-06,0.0864898448817,264746575.0,34.92625743150711,40.29933452606201,2.3842623829841614,9.380435228347778,3.964218258857727,7.521147012710571,2.539583444595337,14.367698609828949,25.66522842645645,1.4465755820274353,3.2064496278762817,0.869381844997406,2.6590282320976257,0.8332606554031372,166.0,229.0,11.0,57.0,48.0,22.0,14.0
2019-07-16 00:00:00+00:00,1535391840.0,8.274816128850001e-06,0.0783180471619,371646280.0,43.50830399990082,15.372504115104675,3.8648847937583923,12.318466424942017,13.119779765605927,7.070791244506836,3.404184877872467,20.508039355278015,6.113285779953003,7.170293629169464,8.760444939136505,0.8171603083610535,0.959855318069458,0.0,246.0,119.0,43.0,82.0,93.0,17.0,21.0
2019-07-17 00:00:00+00:00,1580660264.0,8.33614006008e-06,0.0806271182333,405806843.0,42.18664914369583,10.632865607738495,3.1527069211006165,4.7768349051475525,8.740025997161865,6.703666031360626,13.004255950450897,14.913796842098236,5.984240353107452,3.845282793045044,2.430413007736206,0.9996851682662964,3.341648280620575,0.7966662049293518,215.0,76.0,30.0,54.0,57.0,34.0,38.0
2019-07-18 00:00:00+00:00,1741735323.0,8.33899733858711e-06,0.0888433144236,369878666.0,90.69173669815063,48.632144033908844,5.619456589221954,20.298968076705933,26.181700885295868,13.56434041261673,11.603606641292572,35.360136806964874,20.01623159646988,8.662578880786896,11.285244524478912,2.762239456176758,1.894995093345642,2.512961506843567,416.0,279.0,38.0,120.0,120.0,41.0,47.0
2019-07-19 00:00:00+00:00,1838287074.0,8.91745767024e-06,0.0937682734785,251437101.0,74.13935768604279,29.675961136817932,15.481022834777832,11.771636545658112,13.672321498394012,8.615879356861115,9.864890098571777,26.036226749420166,18.010119140148163,14.077533185482025,4.520677268505096,1.614772915840149,2.5911494493484497,0.0,340.0,159.0,103.0,61.0,92.0,21.0,43.0
2019-07-20 00:00:00+00:00,1864600988.0,8.818630362289999e-06,0.0951105058824,202683212.0,68.34951257705688,37.711293399333954,3.4003071188926697,16.077940046787262,3.4759146571159363,5.667170584201813,15.589088320732117,20.715507924556732,17.428410470485687,3.426179885864258,4.270600199699402,2.2061728835105896,0.8372244238853455,0.8409775495529175,277.0,208.0,25.0,59.0,51.0,16.0,44.0
2019-07-21 00:00:00+00:00,1787972385.0,8.60806089768e-06,0.0912017934265,171556897.0,52.88971108198166,12.21349948644638,5.090617120265961,23.395063817501068,17.962558150291443,1.4741252660751343,12.340020418167114,13.919036030769348,5.9398738741874695,1.7689980268478394,9.023075997829437,2.4268070459365845,0.794265866279602,0.7406560182571411,228.0,78.0,14.0,114.0,86.0,9.0,40.0
2019-07-22 00:00:00+00:00,1742392689.0,8.59753338577e-06,0.0888764574877,147558601.0,48.695047318935394,21.814766585826874,0.8138171434402466,27.674966394901276,5.5548359751701355,5.530208230018616,8.49953442811966,16.236655592918396,13.368872284889221,5.280605256557465,7.25402158498764,0.7778525352478027,2.930951714515686,0.0,229.0,134.0,29.0,90.0,49.0,27.0,42.0
2019-07-23 00:00:00+00:00,1656998992.0,8.53654449743e-06,0.084467858308,139738991.0,26.293782711029053,12.247729182243347,0.7070246338844299,10.883240818977356,3.076288640499115,1.682509183883667,3.390242874622345,7.2747655510902405,7.423038005828857,1.6235573887825012,3.3516604900360107,0.0,1.494340717792511,0.8594804406166077,140.0,94.0,11.0,59.0,34.0,6.0,21.0
2019-07-24 00:00:00+00:00,1687101779.0,8.77069976933e-06,0.0860023889821,149224672.0,37.09429079294205,4.958109676837921,1.5592840313911438,13.663604974746704,13.368285298347473,6.883259892463684,4.213967680931091,10.203137278556824,9.736288785934448,0.0,3.0458452105522156,0.7994674444198608,0.0,3.4114694595336914,166.0,93.0,9.0,65.0,57.0,11.0,33.0
2019-07-25 00:00:00+00:00,1680819195.0,8.644419433815314e-06,0.0856821218997,127064220.0,30.184616804122925,7.538680374622345,0.8053910136222839,12.692611157894135,4.467052757740021,4.218429625034332,7.171315312385559,11.535272240638733,5.763442873954773,2.7209423184394836,3.1655921936035156,0.7392643690109253,0.0,3.263376235961914,142.0,46.0,10.0,52.0,37.0,5.0,50.0
2019-07-26 00:00:00+00:00,1725608486.0,8.91720934842e-06,0.0879653185781,114644440.0,38.83232092857361,9.370237708091736,3.023382604122162,18.779716908931732,5.919361114501953,4.236040353775024,5.050942480564117,11.6597221493721,7.9393468499183655,1.5930987000465393,1.6177160739898682,0.0,2.2554152607917786,0.7170538306236267,189.0,87.0,30.0,53.0,55.0,20.0,25.0
2019-07-27 00:00:00+00:00,1654163107.0,8.89081501073e-06,0.0843232895001,115718523.0,34.976228296756744,16.021194577217102,0.0,13.409768342971802,3.760343849658966,6.901214063167572,5.40960818529129,4.8374170660972595,9.066390633583069,0.727388322353363,2.5004300475120544,0.0,0.0,3.190956711769104,119.0,97.0,10.0,44.0,46.0,10.0,46.0
2019-07-28 00:00:00+00:00,1639700390.0,8.754133353094054e-06,0.0835860313192,70229973.0,28.470537900924683,13.966222286224365,0.0,13.406524360179901,3.0941377878189087,6.752216935157776,7.132499635219574,7.319198966026306,9.592190742492676,0.0,3.3327831029891968,0.0,0.0,0.8312094211578369,121.0,101.0,3.0,42.0,41.0,10.0,46.0
2019-07-29 00:00:00+00:00,1638209243.0,8.76991521175784e-06,0.0835100175575,80212468.0,24.10066109895706,4.045804738998413,2.3875022530555725,9.029734134674072,8.45614469051361,4.958868443965912,4.074397921562195,5.019764482975006,2.484360158443451,0.0,3.9966659545898438,0.0,0.7665694952011108,2.598364233970642,99.0,22.0,5.0,83.0,47.0,10.0,26.0
2019-07-30 00:00:00+00:00,1639299574.0,8.710827641899999e-06,0.083562311758,94791853.0,23.31593132019043,7.003985106945038,0.7497369647026062,7.491387188434601,3.284561514854431,7.870392024517059,4.819681525230408,5.382443487644196,5.916226506233215,0.7928121089935303,5.745339393615723,0.0,0.0,1.6515385508537292,112.0,52.0,9.0,67.0,29.0,15.0,26.0
2019-07-31 00:00:00+00:00,1646559437.0,8.32820625596e-06,0.0839323750639,93426573.0,32.71490615606308,10.673588871955872,2.2266388535499573,7.228672504425049,2.889379858970642,7.718379974365234,7.540017306804657,1.7353633642196655,0.0,0.8811896443367004,0.711487889289856,0.0,0.0,1.568395733833313,113.0,55.0,10.0,36.0,43.0,11.0,26.0
2019-08-01 00:00:00+00:00,1628780237.0,7.978714457e-06,0.0830260889325,89880667.0,29.283843755722046,11.636553943157196,0.0,10.028465628623962,3.6983032822608948,2.9378310441970825,4.130616307258606,6.8918633460998535,8.295291602611542,0.0,2.5344278216362,0.0,0.0,0.7874709367752075,138.0,62.0,4.0,48.0,32.0,6.0,37.0
2019-08-02 00:00:00+00:00,1608201009.0,7.793031989004552e-06,0.081977072675,84989107.0,25.324504375457764,9.052418828010559,0.0,7.835612773895264,3.6968602538108826,2.32522714138031,6.524753630161285,4.16002744436264,1.6390323042869568,0.0,4.1225720047950745,0.0,0.0,0.7033052444458008,113.0,41.0,1.0,56.0,42.0,4.0,29.0
2019-08-03 00:00:00+00:00,1616391657.0,7.611974285999999e-06,0.0823945860431,75229978.0,27.15137815475464,4.160569548606873,2.2459876537323,7.0590614676475525,2.287814199924469,5.046722650527954,7.106920540332794,8.061329007148743,2.2772729992866516,1.6411489844322205,4.172236442565918,0.0,0.0,0.7956785559654236,107.0,28.0,9.0,33.0,41.0,12.0,26.0
2019-08-04 00:00:00+00:00,1611200658.0,7.484892034e-06,0.082129975899,74352871.0,21.1758571267128,7.210608422756195,0.7470993995666504,2.311468005180359,4.932611346244812,3.051255166530609,6.263956665992737,4.7019003033638,3.248961091041565,0.0,0.7314279079437256,0.7215113043785095,0.0,0.0,94.0,54.0,5.0,18.0,41.0,11.0,21.0
2019-08-05 00:00:00+00:00,1622023912.0,7.000073577893323e-06,0.0826816842604,102815905.0,43.77052992582321,8.192501485347748,4.898086130619049,10.742527544498444,17.287772119045258,3.2019177079200745,4.102568507194519,12.062459528446198,5.726049721240997,1.7544264197349548,5.4887614250183105,0.7107552886009216,0.8045650720596313,0.0,181.0,55.0,14.0,59.0,69.0,13.0,22.0
2019-08-06 00:00:00+00:00,1534402753.0,6.81572638168e-06,0.0782121757967,97389157.0,31.484652638435364,5.388027131557465,6.547681152820587,7.349534273147583,2.3521607518196106,9.119123578071594,3.2711286544799805,17.544940650463104,4.711152791976929,1.6320558786392212,10.205321967601776,0.7550777196884155,0.9423341751098633,0.0,161.0,57.0,27.0,67.0,35.0,15.0,14.0
2019-08-07 00:00:00+00:00,1542820626.0,6.57716655758e-06,0.0786412533164,78756127.0,43.637858510017395,8.817850649356842,1.5617194175720215,26.35111629962921,2.210863709449768,6.250208377838135,5.951528370380402,9.1307612657547,1.4948185086250305,3.060851573944092,3.46283620595932,0.0,2.607073485851288,0.0,184.0,53.0,11.0,104.0,38.0,13.0,27.0
2019-08-08 00:00:00+00:00,1508625421.0,6.42199415919e-06,0.0768573820744,88983461.0,15.902118623256683,5.770101249217987,0.7859419584274292,6.251586079597473,2.6052162051200867,5.5312976241111755,0.0,12.694757223129272,8.359863638877869,1.9376547932624817,6.685214519500732,0.7006575465202332,0.9200676679611206,0.8390873074531555,109.0,76.0,6.0,47.0,25.0,10.0,12.0
2019-08-09 00:00:00+00:00,1417522734.0,6.08732463948e-06,0.0722032497695,84929046.0,32.36299914121628,13.153406858444214,0.0,15.081177771091461,6.158239006996155,9.127033412456512,3.224545657634735,17.78746610879898,21.44729393720627,1.836634337902069,7.806205093860626,0.9364673495292664,1.508284568786621,0.0,178.0,123.0,11.0,82.0,49.0,18.0,11.0
2019-08-10 00:00:00+00:00,1447888238.0,6.49874534064e-06,0.0737499458332,86727142.0,34.01539409160614,9.18334573507309,3.939932644367218,10.574591159820557,1.721913456916809,9.041140854358673,3.454016923904419,3.2963132858276367,5.187983870506287,0.0,0.8186659812927246,0.7282731533050537,0.0,0.0,130.0,82.0,14.0,44.0,21.0,14.0,31.0
2019-08-11 00:00:00+00:00,1528210579.0,6.7602501357099995e-06,0.077841261029,78355613.0,16.693673133850098,1.7110328674316406,3.0966582894325256,8.687327802181244,2.506829619407654,0.8802271485328674,0.7922741770744324,3.00896555185318,0.7789363861083984,0.0,1.4582434296607971,0.0,0.0,0.7717857360839844,107.0,47.0,20.0,40.0,30.0,5.0,17.0
2019-08-12 00:00:00+00:00,1480572929.0,6.625412982940001e-06,0.0754147787487,59481831.0,32.469460248947144,5.0913044810295105,0.0,14.214915335178375,6.191962242126465,4.037100195884705,4.590162575244904,4.206192255020142,1.5504191517829895,0.9602088332176208,1.6762794852256775,0.0,0.8442875742912292,0.7805942893028259,113.0,27.0,4.0,48.0,31.0,12.0,24.0
2019-08-13 00:00:00+00:00,1456351490.0,6.8079347299014435e-06,0.074178102435,66948967.0,25.47157484292984,10.820983171463013,1.6339256167411804,10.217293620109558,1.701972484588623,3.328291654586792,4.8387978076934814,9.079783320426941,5.938658058643341,0.0,3.2460861802101135,0.7486315965652466,0.0,0.8154179453849792,125.0,92.0,16.0,37.0,24.0,9.0,20.0
2019-08-14 00:00:00+00:00,1358283570.0,6.90431796972e-06,0.0691830893629,120226159.0,32.1955041885376,12.824288308620453,2.6117706894874573,9.63843584060669,0.7203832864761353,4.73052579164505,4.913521587848663,5.442444682121277,3.127867341041565,2.4387438893318176,2.255429744720459,0.0,0.0,0.0,109.0,62.0,10.0,40.0,35.0,11.0,16.0
2019-08-15 00:00:00+00:00,1379448808.0,6.81430912676e-06,0.0702611206417,90818715.0,29.905361592769623,11.193725168704987,3.9921441674232483,8.368989527225494,1.5434744954109192,4.8622963428497314,4.121878504753113,6.980150461196899,5.782082498073578,0.0,5.562850177288055,0.0,0.0,0.0,112.0,67.0,7.0,48.0,23.0,7.0,21.0
2019-08-16 00:00:00+00:00,1353142122.0,6.64663590788e-06,0.0689212064452,78485092.0,24.195328414440155,7.420882523059845,0.0,12.242045760154724,0.0,4.321456551551819,2.641969919204712,2.732864737510681,0.9325799345970154,0.0,4.481000781059265,0.0,0.0,0.0,100.0,39.0,2.0,51.0,27.0,9.0,24.0
2019-08-17 00:00:00+00:00,1332877719.0,6.63818520448e-06,0.0678877860101,55150616.0,19.004575967788696,6.704004347324371,0.7403541207313538,4.4530510902404785,7.848103702068329,3.894225060939789,2.491967022418976,3.7883942127227783,0.7434991598129272,0.0,2.212734043598175,0.7251806855201721,0.0,0.8504794836044312,65.0,21.0,1.0,26.0,27.0,5.0,19.0
2019-08-18 00:00:00+00:00,1389769434.0,6.84991352713e-06,0.0707854649157,66660569.0,22.011558413505554,9.063303411006927,0.8393701314926147,8.330670177936554,1.8147014379501343,3.349892318248749,2.5760002732276917,5.814417660236359,8.80382627248764,0.9849231839179993,1.6327934861183167,0.0,0.0,0.0,137.0,65.0,4.0,67.0,21.0,4.0,32.0
2019-08-19 00:00:00+00:00,1409581713.0,6.57844762188e-06,0.0717945667003,58818262.0,28.652766704559326,4.254195749759674,0.0,12.939993739128113,4.654962778091431,5.247080981731415,4.875983774662018,4.101665735244751,0.0,0.0,2.4113897681236267,0.9484725594520569,1.6543878316879272,0.0,100.0,29.0,0.0,48.0,35.0,12.0,22.0
2019-08-20 00:00:00+00:00,1378460330.0,6.525409371380001e-06,0.0702001813494,89078887.0,21.633253574371338,6.7748560309410095,2.308604598045349,7.935285687446594,7.848936140537262,4.031875252723694,3.8339309692382812,4.180249452590942,1.5917867422103882,0.0,0.8811018466949463,2.465896785259247,0.8934943079948425,1.4858793020248413,110.0,29.0,15.0,39.0,53.0,9.0,30.0
2019-08-21 00:00:00+00:00,1329313975.0,6.6807259028e-06,0.0676973150428,110167825.0,19.50493949651718,10.98141884803772,0.0,8.252282857894897,3.912867248058319,3.8425354957580566,2.521180212497711,5.829759657382965,4.316964745521545,0.0,2.284529447555542,0.9644134640693665,0.0,0.7464631199836731,104.0,67.0,1.0,46.0,31.0,10.0,20.0
2019-08-22 00:00:00+00:00,1298686392.0,6.53020107693e-06,0.0661375592649,110588268.0,32.5668928027153,33.274650394916534,2.3745142817497253,9.720080137252808,1.6042311787605286,4.816835165023804,1.8052141666412354,5.8368189334869385,14.48945701122284,0.0,3.2996190190315247,0.8763097524642944,0.7853347063064575,0.0,138.0,152.0,10.0,48.0,29.0,16.0,14.0
2019-08-23 00:00:00+00:00,1353427205.0,6.6237166223e-06,0.0689253121148,111043772.0,20.64892268180847,4.3070366978645325,0.0,8.307958483695984,0.0,3.4304893016815186,6.511324346065521,6.8780845403671265,0.7414438724517822,0.0,3.8956393599510193,0.0,2.260521411895752,0.7219237685203552,95.0,27.0,4.0,40.0,23.0,13.0,24.0
2019-08-24 00:00:00+00:00,1320772838.0,6.6222469494e-06,0.0672623387925,116818090.0,17.659821212291718,5.365823447704315,0.0,7.391170918941498,1.6579843759536743,2.2188349962234497,5.585465788841248,4.144716322422028,4.868423342704773,0.7530600428581238,2.669163167476654,0.0,0.0,0.0,94.0,52.0,7.0,40.0,23.0,7.0,25.0
2019-08-25 00:00:00+00:00,1407444845.0,7.09192175044e-06,0.0716762386253,116852501.0,10.867050588130951,8.084177017211914,1.7769972681999207,3.11395800113678,1.6055726408958435,2.4620556831359863,0.7989880442619324,2.3105242252349854,8.794659078121185,0.0,1.609557867050171,0.7794890403747559,0.7643125653266907,0.0,81.0,76.0,6.0,30.0,57.0,10.0,10.0
2019-08-26 00:00:00+00:00,1378242505.0,6.77125148546e-06,0.0701890649597,118501190.0,16.463254630565643,7.0639631152153015,0.0,6.624252200126648,1.624614953994751,2.4230722188949585,2.5182167291641235,1.7693253755569458,3.226673126220703,0.0,1.532142162322998,0.0,0.0,0.0,72.0,56.0,2.0,25.0,38.0,4.0,20.0
2019-08-27 00:00:00+00:00,1350851619.0,6.753127637609999e-06,0.0687862070466,104867452.0,22.51627469062805,3.4844056367874146,0.7176396250724792,7.743253409862518,0.0,6.487724661827087,4.980944573879242,4.741231262683868,3.2476686835289,0.0,2.493622899055481,0.0,0.7967577576637268,0.7532652616500854,94.0,26.0,4.0,40.0,42.0,10.0,21.0
2019-08-28 00:00:00+00:00,1302516707.0,6.80510452416e-06,0.0663249584441,114989101.0,21.88476800918579,8.61862701177597,1.608352243900299,7.174837052822113,1.502821683883667,3.144353210926056,3.4265496730804443,5.852935194969177,0.9409774541854858,0.0,3.982755720615387,0.9470681548118591,0.7198843359947205,0.0,101.0,34.0,9.0,38.0,43.0,12.0,14.0
2019-08-29 00:00:00+00:00,1236325786.0,6.62304460169e-06,0.0629544750399,99453293.0,32.562311947345734,1.5760397911071777,0.706188976764679,11.84763652086258,6.043434798717499,10.420766532421112,6.481711387634277,7.444096505641937,3.369148850440979,1.7692313194274902,3.20377779006958,0.0,0.0,0.0,117.0,21.0,4.0,58.0,40.0,12.0,27.0
2019-08-30 00:00:00+00:00,1223519746.0,6.498272035150001e-06,0.0622993185089,83811218.0,20.195897579193115,7.188804388046265,4.283285081386566,6.67293119430542,3.7838562726974487,1.5699056386947632,0.8836901783943176,5.923932254314423,3.292352557182312,0.917790949344635,0.9435407519340515,0.7702479958534241,0.0,0.0,87.0,35.0,9.0,33.0,28.0,3.0,16.0
2019-08-31 00:00:00+00:00,1235934410.0,6.54053632799e-06,0.0629314494799,94063205.0,14.800361096858978,4.957038044929504,0.0,3.2422879338264465,0.7734697461128235,5.618109345436096,3.381806194782257,0.0,0.808032751083374,0.0,0.0,0.0,0.0,0.0,69.0,22.0,3.0,15.0,34.0,11.0,19.0
2019-09-01 00:00:00+00:00,1226847587.0,6.4049442756500004e-06,0.0624687655896,72357367.0,29.61166149377823,13.735728681087494,0.7851523756980896,7.541028022766113,2.4208680391311646,0.7643108367919922,7.604879438877106,4.115713536739349,5.707977652549744,0.0,0.7555782198905945,0.7740622162818909,0.0,0.0,98.0,66.0,3.0,17.0,31.0,4.0,18.0
2019-09-02 00:00:00+00:00,1241857571.0,6.10732620753e-06,0.063233045025,77297229.0,22.707582771778107,10.90725439786911,0.0,3.290301501750946,0.0,9.58874124288559,1.61436527967453,4.9561819434165955,2.343245804309845,0.0,1.6534318923950195,0.959504246711731,0.0,0.0,99.0,67.0,1.0,15.0,27.0,18.0,12.0
2019-09-03 00:00:00+00:00,1241705879.0,5.952526901549038e-06,0.0632228616441,116125053.0,38.68012833595276,14.356236755847931,1.5481690764427185,8.202327966690063,0.8976932168006897,12.183958411216736,3.2101686000823975,9.14066594839096,6.084627032279968,0.8288511037826538,1.5924707055091858,0.8121426701545715,1.7841169238090515,0.0,150.0,81.0,8.0,39.0,23.0,27.0,20.0
2019-09-04 00:00:00+00:00,1221475839.0,5.87219298695e-06,0.0621784173174,110306690.0,41.049041986465454,24.195748269557953,0.0,16.1469903588295,2.166532814502716,4.023524582386017,2.573574185371399,12.13856840133667,6.721533954143524,1.6683785915374756,4.796155631542206,0.9334515333175659,0.7015606164932251,0.0,172.0,92.0,7.0,68.0,36.0,12.0,20.0
2019-09-05 00:00:00+00:00,1187746187.0,5.72025112045e-06,0.0604614267967,115399203.0,28.513427734375,11.950861275196075,0.0,8.365402698516846,2.530996024608612,4.805795133113861,3.4024006128311157,2.3689611554145813,1.5426207780838013,0.0,0.7151100635528564,0.7940406203269958,0.859810471534729,0.0,130.0,59.0,1.0,49.0,23.0,9.0,29.0
2019-09-06 00:00:00+00:00,1157096600.0,5.659533478129865e-06,0.058594862443,131960077.0,20.515557825565338,10.595093429088593,1.666283667087555,5.192005515098572,1.5574979782104492,1.5747029185295105,7.3502917885780334,6.712766766548157,3.5125848054885864,3.2435279488563538,1.7610166668891907,0.0,0.9586659073829651,0.0,106.0,52.0,15.0,28.0,32.0,5.0,31.0
2019-09-07 00:00:00+00:00,1173070102.0,5.65147367543e-06,0.0594037415734,163818895.0,8.927211284637451,9.452087700366974,0.0,3.3158854246139526,0.8976932168006897,0.0,3.3615971207618713,3.9469825625419617,5.102119982242584,0.0,0.758933961391449,0.0,0.7348214387893677,0.7768555283546448,79.0,52.0,5.0,23.0,29.0,6.0,23.0
2019-09-08 00:00:00+00:00,1202255231.0,5.83082143579e-06,0.0608816630268,162947636.0,14.437498390674591,9.318407893180847,0.0,2.405578911304474,2.3543399572372437,1.7194890975952148,1.7201356887817383,8.896739780902863,3.9308120608329773,0.0,4.115591824054718,0.7465776801109314,0.8357387185096741,0.0,81.0,47.0,1.0,27.0,36.0,6.0,16.0
2019-09-09 00:00:00+00:00,1181807539.0,5.79171526754e-06,0.0598461993234,174615382.0,43.779103338718414,18.43229728937149,4.361394166946411,23.094304502010345,3.088051676750183,17.496705055236816,0.7874181866645813,10.336186468601227,8.219777286052704,3.1160523891448975,13.909960269927979,1.6069599390029907,1.471803903579712,0.0,195.0,81.0,26.0,148.0,59.0,41.0,20.0
2019-09-10 00:00:00+00:00,1152811523.0,5.7675493284800005e-06,0.0583726083727,138086879.0,55.021191239356995,13.09621512889862,2.4330055117607117,25.236438751220703,2.693079650402069,27.10151892900467,3.7812317609786987,17.226005256175995,9.731646537780762,0.0,15.10043215751648,2.358009934425354,5.867246389389038,1.4851526618003845,244.0,99.0,6.0,159.0,45.0,84.0,27.0
2019-09-11 00:00:00+00:00,1180686583.0,5.87463920283e-06,0.059784061075,148593461.0,33.94425415992737,11.526983082294464,4.140783131122589,14.132637023925781,3.3892142176628113,8.539882838726044,3.9146875739097595,13.568086802959442,6.677933394908905,0.7256027460098267,10.570101857185364,0.958833634853363,1.594934344291687,2.447148025035858,151.0,87.0,14.0,89.0,33.0,26.0,27.0
2019-09-12 00:00:00+00:00,1154707977.0,5.62222087891e-06,0.0584686323611,100813825.0,48.844220757484436,18.66965913772583,0.7509269118309021,15.789172649383545,4.7071133852005005,12.129070818424225,4.908933162689209,13.48411774635315,10.55327183008194,0.0,6.448904097080231,3.1355950236320496,0.0,1.60053151845932,197.0,128.0,2.0,80.0,53.0,22.0,38.0
2019-09-13 00:00:00+00:00,1143562473.0,5.49904717676e-06,0.0569399656847,147493876.0,41.104722023010254,18.27365952730179,1.66016286611557,17.01957905292511,8.12701803445816,3.1659586429595947,8.35982745885849,13.24492084980011,11.784629881381989,1.6068228483200073,3.0572553277015686,5.616615176200867,0.0,3.172068476676941,183.0,100.0,12.0,55.0,82.0,12.0,53.0
2019-09-14 00:00:00+00:00,1159637010.0,5.57579411284e-06,0.0577403440084,154528512.0,33.192706525325775,7.626465320587158,0.0,10.657933115959167,3.054338753223419,11.704890668392181,5.339495062828064,11.942837297916412,5.030245840549469,3.2576701045036316,4.878305017948151,4.468934714794159,0.0,1.677469551563263,144.0,55.0,13.0,49.0,49.0,19.0,32.0
2019-09-15 00:00:00+00:00,1167331732.0,5.61883533733e-06,0.058123475855,92378655.0,12.891618728637695,7.931834161281586,0.0,8.151938199996948,1.5765833258628845,0.8950371742248535,2.3295734524726868,5.676193475723267,13.580918729305267,0.9668063521385193,2.360004961490631,0.7464020848274231,0.0,0.0,108.0,84.0,4.0,52.0,28.0,4.0,25.0
2019-09-16 00:00:00+00:00,1177339388.0,5.71083810175e-06,0.0586212779383,134036402.0,19.11435168981552,7.486056447029114,0.0,8.83905178308487,0.0,5.941887974739075,4.844455778598785,10.26842749118805,4.4183361530303955,0.0,7.453592896461487,1.7774803042411804,0.0,1.831678569316864,115.0,65.0,2.0,60.0,31.0,10.0,28.0
2019-09-17 00:00:00+00:00,1280301862.0,6.237174589780001e-06,0.0637453091519,206732127.0,30.152217864990234,5.04011994600296,5.746128022670746,17.09244656562805,3.2833593487739563,3.85750949382782,1.6700378060340881,13.038433611392975,1.5204602479934692,4.81139999628067,8.09040230512619,0.7589313983917236,0.8168320059776306,0.0,179.0,38.0,34.0,80.0,45.0,14.0,28.0
2019-09-18 00:00:00+00:00,1669401639.0,8.15326063892e-06,0.0831183072597,483022971.0,129.04548329114914,37.05803644657135,28.909143090248108,40.25557565689087,32.547136306762695,9.986479043960571,4.518405735492706,60.42265349626541,26.019683957099915,19.899253368377686,21.273284018039703,8.587005317211151,0.0,2.8828778862953186,786.0,348.0,212.0,194.0,270.0,18.0,48.0
2019-09-19 00:00:00+00:00,1634632804.0,7.92978693155e-06,0.0813871907299,576321168.0,55.229200184345245,17.64508181810379,9.879687547683716,12.951093852519989,8.78075259923935,3.893912672996521,9.997401177883148,33.59658795595169,17.074657440185547,8.28445851802826,9.457574129104614,4.666349768638611,0.7926122546195984,2.3177683353424072,369.0,193.0,76.0,75.0,131.0,15.0,61.0
2019-09-20 00:00:00+00:00,1484488025.0,7.25842443329e-06,0.0739115899016,354516894.0,32.38141405582428,10.429703772068024,2.354146659374237,5.804903626441956,9.484520316123962,9.329770803451538,6.136665940284729,17.46400386095047,7.529086947441101,3.3463229537010193,5.6821688413619995,6.185120582580566,0.7900698781013489,0.9186387062072754,202.0,78.0,18.0,47.0,145.0,22.0,37.0
2019-09-21 00:00:00+00:00,1428393907.0,7.10085942026e-06,0.0711186935447,253088728.0,15.584495663642883,3.0890870094299316,2.49390310049057,8.52513974905014,1.6827386021614075,0.7487820982933044,4.169520556926727,5.658594071865082,3.315928637981415,0.0,2.4035248160362244,1.4927242398262024,0.0,0.0,95.0,38.0,7.0,31.0,66.0,3.0,29.0
2019-09-22 00:00:00+00:00,1385192435.0,6.8502164077947515e-06,0.068967722947,205986235.0,20.832708656787872,5.581025660037994,6.213178396224976,4.3940311670303345,4.44094306230545,3.488408327102661,3.3987653255462646,8.684766590595245,4.207345962524414,3.958862781524658,2.256296217441559,0.7461649179458618,0.0,1.695929229259491,115.0,60.0,30.0,38.0,68.0,5.0,19.0
2019-09-23 00:00:00+00:00,1256253880.0,6.43493198904e-06,0.0625479621192,250065643.0,34.15811210870743,10.94783902168274,2.553350508213043,8.218862354755402,5.81938910484314,9.232064127922058,1.7583701014518738,7.776580631732941,3.4715102314949036,1.8456697463989258,2.5514482855796814,0.0,0.0,0.7206884026527405,167.0,71.0,20.0,58.0,54.0,11.0,26.0
2019-09-24 00:00:00+00:00,1094731570.0,6.35340071459e-06,0.0545038067121,291704553.0,53.01195478439331,10.814295172691345,3.1834700107574463,18.77484881877899,16.24986505508423,6.3856295347213745,0.7809269428253174,12.53984123468399,5.806811809539795,0.9896234273910522,4.7959184646606445,3.42060124874115,0.7473570108413696,0.8847185373306274,190.0,60.0,17.0,61.0,89.0,22.0,23.0
2019-09-25 00:00:00+00:00,1146369310.0,6.727305859810001e-06,0.0570188504438,256568953.0,38.86749088764191,1.7953864336013794,1.4943695068359375,16.59646075963974,9.54387491941452,7.188812613487244,3.1462798714637756,10.655100405216217,2.5639447569847107,0.8514822125434875,4.68847268819809,2.5705657601356506,0.7745923399925232,0.730006992816925,207.0,29.0,17.0,90.0,84.0,16.0,31.0
2019-09-26 00:00:00+00:00,1176280382.0,7.2187523274e-06,0.0585065864943,301698500.0,36.207572758197784,11.489914178848267,4.943103015422821,7.506847143173218,5.474263966083527,12.587389469146729,1.5239596962928772,10.261142194271088,3.8838085532188416,1.6818933486938477,3.0332201719284058,1.486018419265747,1.7417364120483398,0.7452210783958435,190.0,97.0,27.0,62.0,83.0,29.0,21.0
2019-09-27 00:00:00+00:00,1204286587.0,7.263184928960001e-06,0.0598995767296,233545826.0,21.24428701400757,8.168728709220886,1.7284532189369202,6.591661632061005,1.5066290497779846,2.606479048728943,4.625168740749359,9.710298001766205,2.306191086769104,5.790106952190399,0.872141420841217,0.758495032787323,0.0,3.925594210624695,148.0,48.0,36.0,41.0,60.0,10.0,30.0
2019-09-28 00:00:00+00:00,1179363617.0,7.12168356737e-06,0.0586599421209,205415431.0,11.60146576166153,3.3177400827407837,0.7983852624893188,1.8056284189224243,0.7601274847984314,2.429870069026947,2.4897144436836243,3.1671977043151855,1.7399749755859375,0.8370270133018494,0.0,0.0,0.7384034395217896,1.6594048738479614,72.0,23.0,6.0,9.0,43.0,7.0,31.0
2019-09-29 00:00:00+00:00,1168283738.0,7.170189710028561e-06,0.0581088405067,162852665.0,19.5294890999794,5.070280730724335,0.0,0.0,7.224643766880035,5.4979153871536255,3.944910228252411,8.378133058547974,1.429606854915619,1.628633201122284,0.0,4.987576246261597,0.9670574069023132,0.7948662042617798,67.0,26.0,3.0,0.0,52.0,13.0,20.0
2019-09-30 00:00:00+00:00,1235259077.0,7.41288157151e-06,0.0614401007616,214887043.0,21.821453511714935,9.15509021282196,2.461780607700348,0.9218229055404663,4.816957950592041,3.7832650542259216,6.620164632797241,7.167206585407257,1.6797428131103516,1.7251453399658203,0.0,1.5768157243728638,1.6310640573501587,1.434528410434723,111.0,46.0,17.0,1.0,64.0,9.0,35.0
2019-10-01 00:00:00+00:00,1188523859.0,7.0912109601899996e-06,0.0591030058101,163726395.0,22.03129667043686,3.5272672176361084,1.6585056781768799,0.0,5.12959897518158,7.745521187782288,5.702284395694733,4.308393120765686,0.0,1.823302447795868,2.3620309233665466,0.854290783405304,0.9093398451805115,0.7453428506851196,112.0,24.0,12.0,18.0,55.0,18.0,40.0
2019-10-02 00:00:00+00:00,1202390484.0,7.12523332743e-06,0.0597919286148,143895582.0,19.16820591688156,2.5570417046546936,2.509881615638733,2.515447437763214,10.821446776390076,0.8606703877449036,1.5826984643936157,9.930034339427948,3.2609455585479736,1.7865273356437683,2.3813745975494385,2.4978843331336975,0.0,3.3597681522369385,152.0,28.0,14.0,44.0,83.0,4.0,30.0
2019-10-03 00:00:00+00:00,1183034370.0,7.122638814340002e-06,0.0588293959361,125552115.0,31.005090534687042,5.594678640365601,0.0,8.963975369930267,8.573765695095062,4.693556547164917,5.633238434791565,7.922908127307892,0.762336015701294,0.7694112658500671,5.503143906593323,1.597670555114746,0.7020257115364075,0.89276522397995,145.0,46.0,5.0,59.0,55.0,11.0,30.0
2019-10-04 00:00:00+00:00,1188858216.0,7.2055257070299994e-06,0.0590951616375,111323954.0,23.56174075603485,1.7953864336013794,0.8953607082366943,9.071096181869507,1.4394977688789368,12.217318713665009,2.4813907742500305,4.876524448394775,0.0,2.3848100900650024,4.336420834064484,0.7301377058029175,0.0,0.0,96.0,15.0,12.0,41.0,36.0,21.0,22.0
2019-10-05 00:00:00+00:00,1187924586.0,7.25548797405e-06,0.0590487529652,101952262.0,13.860718011856079,3.2831066846847534,0.9769344925880432,4.991822957992554,3.8978127241134644,0.8277143239974976,2.371109187602997,2.609924077987671,0.8019887208938599,0.0,1.8696743249893188,0.740249752998352,0.0,0.0,58.0,18.0,2.0,18.0,32.0,2.0,23.0
2019-10-06 00:00:00+00:00,1188801304.0,7.40852219333e-06,0.0590923321172,166037941.0,11.498705267906189,5.535640239715576,0.0,1.6236950159072876,4.480085968971252,1.585438311100006,1.5794121026992798,3.1376401782035828,3.1735939979553223,0.0,1.5518244504928589,0.0,0.0,1.5073271989822388,56.0,40.0,0.0,14.0,35.0,6.0,17.0
2019-10-07 00:00:00+00:00,1235170864.0,7.4500551416800004e-06,0.0613972463661,257114960.0,17.525240659713745,9.599047243595123,0.7558043003082275,5.692150115966797,3.2229776978492737,2.4489314556121826,3.1778908371925354,5.604303956031799,1.570514976978302,1.6360499858856201,2.4657644033432007,1.6177294254302979,0.0,0.0,110.0,53.0,9.0,38.0,65.0,9.0,21.0
2019-10-08 00:00:00+00:00,1240065250.0,7.51816728415e-06,0.0618862780094,214910502.0,15.916285395622253,6.066309630870819,0.0,4.351334810256958,0.745348334312439,3.9741035103797913,5.864893078804016,7.592405259609222,0.0,0.0,3.0897622108459473,5.333486020565033,0.0,0.0,91.0,25.0,0.0,34.0,49.0,8.0,21.0
2019-10-09 00:00:00+00:00,1268612565.0,7.37498893914e-06,0.0633552899625,277951501.0,22.351894736289978,5.794583857059479,2.435835301876068,3.28868305683136,5.403829634189606,4.848199367523193,2.4394494891166687,3.4383187890052795,2.485649585723877,0.932541012763977,0.9380151629447937,0.0,0.826941967010498,0.7408206462860107,98.0,32.0,12.0,25.0,37.0,13.0,23.0
2019-10-10 00:00:00+00:00,1240401570.0,7.2183444690099995e-06,0.0619464156038,193649300.0,23.36110144853592,4.362343072891235,0.0,8.982856333255768,8.553017616271973,2.5214667916297913,3.214535355567932,1.5810078382492065,0.0,0.0,3.92507266998291,0.8600348234176636,0.720973014831543,0.0,76.0,20.0,4.0,34.0,37.0,8.0,21.0
2019-10-11 00:00:00+00:00,1217871164.0,7.3290351891499995e-06,0.060821233269,188990156.0,20.12833571434021,0.0,0.0,5.89086639881134,6.947353839874268,3.145021677017212,4.14509379863739,3.8550849556922913,2.3376685976982117,0.0,1.6691473722457886,0.7283508777618408,0.0,0.7048033475875854,74.0,13.0,0.0,23.0,46.0,7.0,18.0
2019-10-12 00:00:00+00:00,1194006421.0,7.15564711172e-06,0.0596294085884,160068975.0,14.145757973194122,3.1703354120254517,0.0,3.224881649017334,6.9708386063575745,2.4294647574424744,0.7667063474655151,3.1109500527381897,0.7546377182006836,0.0,0.0,0.7510266304016113,1.6052857041358948,0.0,51.0,12.0,0.0,24.0,32.0,6.0,6.0
2019-10-13 00:00:00+00:00,1204152887.0,7.23368855987e-06,0.0601361280889,168514765.0,11.923200845718384,3.143751859664917,0.0,1.6340986490249634,4.666727066040039,0.7431395649909973,2.4471152424812317,0.0,2.4656049013137817,0.0,0.0,0.0,0.0,0.0,45.0,17.0,0.0,13.0,35.0,3.0,15.0
2019-10-14 00:00:00+00:00,1300593742.0,7.75250380395e-06,0.064924881188,212625323.0,19.962385296821594,1.6723970770835876,0.0,4.932009637355804,6.064985513687134,4.029065549373627,4.03863137960434,3.5279897451400757,2.3571266531944275,0.0,1.8599738478660583,0.0,0.776726245880127,0.0,86.0,20.0,0.0,24.0,65.0,6.0,22.0
2019-10-15 00:00:00+00:00,1287400268.0,7.83741486705e-06,0.0642637427342,231975479.0,16.252094089984894,2.495117962360382,0.0,6.766509711742401,0.7112492322921753,7.2604368925094604,0.7351346015930176,1.6997084617614746,0.8614080548286438,0.0,0.0,0.8383004069328308,0.0,0.8158364295959473,63.0,30.0,0.0,23.0,45.0,12.0,13.0
2019-10-16 00:00:00+00:00,1250201472.0,7.75850557332e-06,0.0624011869183,234805478.0,21.039892852306366,3.1805012226104736,1.7072717547416687,3.0707004070281982,8.002802968025208,3.3692315816879272,3.3960160613059998,7.308741211891174,0.9428826570510864,1.7177578210830688,3.909690201282501,0.0,0.9497615694999695,0.7315316200256348,94.0,17.0,14.0,19.0,51.0,9.0,22.0
2019-10-17 00:00:00+00:00,1293197545.0,7.96908401685e-06,0.0645472454791,258080003.0,21.20448923110962,3.414682149887085,2.268649160861969,4.174820899963379,5.192951798439026,2.3748629689216614,3.778522253036499,1.7352454662322998,0.8830786347389221,0.0,0.8521668314933777,0.0,0.0,0.0,108.0,20.0,26.0,20.0,32.0,8.0,22.0
2019-10-18 00:00:00+00:00,1276553895.0,7.99321528749e-06,0.0637165122434,258071461.0,19.810208201408386,1.6400980949401855,0.7848482728004456,5.042598903179169,9.868909180164337,2.4737537503242493,0.0,7.550781786441803,0.7725898027420044,2.572815418243408,1.6473392844200134,1.7130221724510193,0.8450151085853577,0.0,85.0,24.0,13.0,16.0,46.0,7.0,5.0
2019-10-19 00:00:00+00:00,1264000390.0,7.89809530175e-06,0.0630898916455,212225224.0,14.094574451446533,2.267660975456238,1.6657088994979858,2.3973445892333984,3.083443284034729,1.6144044399261475,3.0660122632980347,4.056236982345581,0.9197245836257935,0.7152092456817627,1.611836850643158,0.0,0.0,0.8094663023948669,52.0,12.0,11.0,12.0,25.0,3.0,14.0
2019-10-20 00:00:00+00:00,1267150236.0,7.69260661809e-06,0.0632471094675,228457502.0,8.582371950149536,1.5848546624183655,0.0,0.0,5.054914891719818,1.6352823972702026,4.739763915538788,4.087644994258881,1.659742534160614,3.3122506141662598,0.7753943800926208,1.596968650817871,0.0,0.0,61.0,15.0,7.0,5.0,43.0,5.0,31.0
2019-10-21 00:00:00+00:00,1281740023.0,7.76574818933e-06,0.0639753276936,189287650.0,12.333511412143707,3.83105206489563,0.861007809638977,2.59030419588089,1.5775333046913147,4.092342436313629,1.5432149171829224,1.6348684430122375,1.7630614638328552,0.8194199800491333,0.0,0.0,0.0,1.5839310884475708,81.0,28.0,14.0,17.0,41.0,16.0,14.0
2019-10-22 00:00:00+00:00,1258466972.0,7.78296780263e-06,0.0628114868635,191351126.0,23.144245088100433,1.6811195611953735,0.933086633682251,8.29249632358551,5.050328612327576,4.845367968082428,3.2395392060279846,5.114380896091461,2.673484981060028,0.937995195388794,0.7590808272361755,0.7819430828094482,0.0,1.8684813380241394,91.0,21.0,8.0,31.0,41.0,8.0,23.0
2019-10-23 00:00:00+00:00,1201815663.0,8.01080274693e-06,0.0599839569322,257731071.0,13.17206597328186,0.7724621891975403,0.8911484479904175,9.449032962322235,3.0604836344718933,0.8606703877449036,2.401059150695801,4.0888442397117615,4.210519433021545,0.0,1.6538150906562805,0.9442336559295654,0.0,0.0,82.0,24.0,3.0,28.0,48.0,3.0,22.0
2019-10-24 00:00:00+00:00,1214643198.0,8.092432569399999e-06,0.0606116062591,235695882.0,16.51571959257126,4.43187689781189,0.7597794532775879,4.794589996337891,3.9027331471443176,3.182319223880768,2.5999210476875305,6.1351399421691895,0.7539243698120117,1.5475321412086487,4.614565074443817,0.0,0.0,0.7849617004394531,91.0,17.0,6.0,48.0,37.0,5.0,25.0
2019-10-25 00:00:00+00:00,1277328115.0,7.353800201723633e-06,0.0637396306306,302288475.0,25.213585019111633,2.5647018551826477,0.0,7.4701151847839355,8.992487847805023,4.4264068603515625,5.7287779450416565,3.163289427757263,0.7874778509140015,0.8065569996833801,2.2092920541763306,0.0,0.8916375041007996,0.0,99.0,31.0,7.0,34.0,47.0,8.0,22.0
2019-10-26 00:00:00+00:00,1253637952.0,6.76436416103e-06,0.0625574737749,347428869.0,20.286150336265564,3.321545898914337,0.0,8.920602142810822,7.5279993414878845,2.274904429912567,7.2126957178115845,7.386278212070465,1.51730877161026,2.6892940998077393,8.680180072784424,0.8762107491493225,1.6110374331474304,0.7048033475875854,97.0,32.0,15.0,64.0,42.0,5.0,24.0
2019-10-27 00:00:00+00:00,1292824227.0,6.744447679810001e-06,0.0645128982657,287822040.0,16.675488531589508,3.921495258808136,0.8038544058799744,0.9809489250183105,4.409626126289368,3.784324049949646,5.750774025917053,8.398669004440308,4.554390132427216,0.7858281135559082,5.447121262550354,1.5726097226142883,0.0,0.0,80.0,37.0,10.0,24.0,34.0,7.0,18.0
2019-10-28 00:00:00+00:00,1298131301.0,7.00840563901e-06,0.0647777245733,325857618.0,21.451864302158356,0.8976932168006897,2.366153120994568,6.381072580814362,6.242717206478119,4.02733314037323,3.332281470298767,5.793233931064606,1.8269375562667847,3.23935329914093,1.4446454048156738,0.0,0.7269430756568909,0.0,104.0,12.0,31.0,29.0,32.0,8.0,16.0
2019-10-29 00:00:00+00:00,1327327934.0,7.01731880667e-06,0.0661851181536,279077969.0,32.02697026729584,4.635069191455841,2.457525610923767,6.359164178371429,2.407082259654999,12.979160130023956,4.829234719276428,8.238136529922485,4.21134078502655,2.4853686094284058,3.27844375371933,0.0,1.5414271354675293,0.0,124.0,21.0,20.0,45.0,30.0,25.0,24.0
2019-10-30 00:00:00+00:00,1294901833.0,7.00898453613e-06,0.0645682413652,271281035.0,11.423424303531647,1.5041072368621826,0.0,4.28674441576004,0.0,1.6150405406951904,4.017532110214233,8.849746644496918,4.849072873592377,1.7141857147216797,1.6226842999458313,0.7267659306526184,0.0,0.7417387962341309,78.0,15.0,9.0,29.0,32.0,9.0,15.0
2019-10-31 00:00:00+00:00,1307869765.0,7.09170732381e-06,0.0652148662313,279328070.0,15.031447112560272,4.240135073661804,0.0,7.455912470817566,1.4783945083618164,1.645135760307312,4.956615328788757,5.998738348484039,0.8988605737686157,1.6625103950500488,0.9426563382148743,0.836168646812439,1.6585423946380615,0.0,92.0,18.0,9.0,31.0,30.0,7.0,32.0
2019-11-01 00:00:00+00:00,1388123128.0,7.47496714914338e-06,0.0692165737545,412528923.0,38.38888746500015,3.0188452005386353,13.86910229921341,6.619917631149292,8.330158352851868,3.1179217100143433,6.555401146411896,8.211226999759674,3.2382732629776,3.410021424293518,1.6499016284942627,0.825877845287323,0.0,0.0,177.0,40.0,49.0,31.0,71.0,9.0,34.0
2019-11-02 00:00:00+00:00,1429560660.0,7.64449850930359e-06,0.0712827910413,287525008.0,34.323730289936066,0.0,2.375094771385193,2.680151879787445,17.918333768844604,3.9464260935783386,7.403723776340485,9.705296874046326,2.417590856552124,0.8885575532913208,3.276306986808777,0.0,0.0,3.122841477394104,149.0,11.0,28.0,23.0,63.0,5.0,61.0
2019-11-03 00:00:00+00:00,1385608525.0,7.48299957732e-06,0.0690911867289,310422868.0,16.578842222690582,1.6952373385429382,0.7070246338844299,2.224133551120758,5.3487109541893005,0.9514873027801514,6.460610628128052,4.169658660888672,0.0,0.932445228099823,1.6683737635612488,0.0,0.0,1.5688396692276,74.0,7.0,10.0,9.0,32.0,1.0,38.0
2019-11-04 00:00:00+00:00,1531981225.0,8.105781713460001e-06,0.0763898312425,347400348.0,26.38016301393509,3.422158658504486,4.414680361747742,8.261589407920837,7.78773307800293,1.672893464565277,4.850090384483337,11.228629231452942,2.3250126242637634,2.508109748363495,5.750610709190369,0.790374219417572,0.7420006394386292,0.0,162.0,21.0,39.0,48.0,50.0,5.0,30.0
2019-11-05 00:00:00+00:00,1647781064.0,8.79080962555e-06,0.082164007855,762923850.0,156.22738486528397,10.218884229660034,19.776421546936035,73.97083657979965,20.496622323989868,51.279838025569916,20.442857205867767,115.51405107975006,19.31458193063736,43.6225443482399,67.59017276763916,16.088349282741547,11.933111488819122,1.6551641821861267,1035.0,179.0,218.0,455.0,229.0,159.0,139.0
2019-11-06 00:00:00+00:00,1573003647.0,8.38142521118e-06,0.0784353497235,352059614.0,60.2107412815094,3.1146633625030518,3.942168354988098,17.39418649673462,8.236016511917114,14.562030375003815,16.990611910820007,37.2815015912056,3.0804572105407715,13.54020357131958,15.528671979904175,0.0,7.246060609817505,7.635553538799286,367.0,34.0,55.0,115.0,55.0,56.0,138.0
2019-11-07 00:00:00+00:00,1504398662.0,8.09341787736e-06,0.0750144701859,332631177.0,51.590575218200684,2.7662190794944763,7.8558672070503235,16.535266757011414,9.394895076751709,10.507439374923706,8.721128761768341,22.62021416425705,1.5358436703681946,7.2674912214279175,9.686367630958557,0.8045732378959656,0.822434663772583,4.682583391666412,256.0,24.0,37.0,96.0,57.0,24.0,68.0
2019-11-08 00:00:00+00:00,1441694135.0,8.16813060697e-06,0.071887807681,271749982.0,26.50814986228943,1.592812955379486,0.0,7.260070979595184,6.92975515127182,5.6211466789245605,8.87799859046936,18.82430851459503,2.4376060366630554,0.8190115094184875,1.7196310758590698,1.6710294485092163,1.5936972498893738,11.527143239974976,165.0,16.0,11.0,44.0,47.0,13.0,74.0
2019-11-09 00:00:00+00:00,1461527245.0,8.26868694407691e-06,0.0728767544389,187105531.0,28.704896450042725,2.3922261595726013,0.7732201814651489,12.9004585146904,6.116946995258331,2.342292547225952,7.264299035072327,16.60115420818329,5.274911344051361,0.0,4.30538809299469,0.7644145488739014,0.0,7.034399688243866,165.0,25.0,9.0,48.0,27.0,5.0,79.0
2019-11-10 00:00:00+00:00,1568851587.0,8.63640466992e-06,0.0782283137638,343258930.0,35.94692021608353,2.4588072896003723,10.80907416343689,6.949747264385223,5.863617956638336,6.500957787036896,4.294904291629791,8.58317893743515,2.499616324901581,3.53053081035614,0.0,0.7467756867408752,0.0,1.806256115436554,224.0,59.0,83.0,42.0,44.0,12.0,23.0
2019-11-11 00:00:00+00:00,1600544207.0,9.11684842861e-06,0.0798086163683,290695867.0,35.28955781459808,3.7772050499916077,10.343529880046844,7.288493037223816,8.970128178596497,2.4208309054374695,3.224120557308197,18.353669464588165,1.562829852104187,7.408018589019775,2.4883845448493958,4.326932370662689,1.7110576629638672,1.5597439408302307,243.0,30.0,74.0,50.0,56.0,17.0,45.0
2019-11-12 00:00:00+00:00,1545652295.0,8.74378908395e-06,0.077071517591,359731187.0,41.72446745634079,6.290586888790131,10.661583840847015,10.123894393444061,5.5648282170295715,7.198004066944122,3.5853559374809265,9.634871065616608,0.8074999451637268,4.166847288608551,4.506610155105591,0.0,0.0,1.8427779078483582,204.0,31.0,53.0,58.0,33.0,32.0,34.0
2019-11-13 00:00:00+00:00,1534307116.0,8.685686581771146e-06,0.0765058081198,240196956.0,33.72635132074356,5.291922032833099,5.676264047622681,5.028302729129791,4.69436651468277,8.479180991649628,5.4881439208984375,4.697914123535156,0.708077073097229,1.7895554900169373,4.105341017246246,0.0,0.707420289516449,0.0,131.0,15.0,28.0,22.0,45.0,13.0,41.0
2019-11-14 00:00:00+00:00,1498902353.0,8.58930162672e-06,0.074740405351,217039030.0,11.968501210212708,0.7435278296470642,0.9535731673240662,2.5399383306503296,3.781965911388397,3.2130162119865417,1.525417685508728,5.550247669219971,1.775610625743866,0.0,3.9260920882225037,0.0,0.0,0.7091147303581238,87.0,17.0,7.0,26.0,27.0,8.0,21.0
2019-11-15 00:00:00+00:00,1450653586.0,8.52694815238e-06,0.0723345565973,222062024.0,33.50284820795059,2.519100069999695,4.281020760536194,12.602295696735382,10.780465066432953,5.6958160400390625,2.429532766342163,4.06303346157074,0.0,0.8605194687843323,3.9323618412017822,0.0,0.0,2.6369587779045105,132.0,15.0,18.0,61.0,35.0,13.0,26.0
2019-11-16 00:00:00+00:00,1440899520.0,8.402549100838324e-06,0.0718481854292,173281846.0,36.69535833597183,2.426088273525238,0.7631883025169373,13.294880986213684,6.13892537355423,6.988228380680084,10.541899561882019,10.611435174942017,1.739780843257904,2.5004355907440186,5.827896177768707,0.0,0.0,2.97516006231308,156.0,33.0,11.0,58.0,25.0,15.0,40.0
2019-11-17 00:00:00+00:00,1446685558.0,8.40899942416e-06,0.0721366971037,197097973.0,40.47946721315384,1.8260341882705688,0.8033954501152039,14.171886801719666,6.871424674987793,6.740118563175201,12.484995901584625,7.490009188652039,0.9170351624488831,0.0,5.1996676325798035,0.0,0.0,2.297584354877472,159.0,16.0,5.0,63.0,30.0,11.0,59.0
2019-11-18 00:00:00+00:00,1369817365.0,8.22060166877e-06,0.0683037857482,245433021.0,28.74617838859558,0.7910165786743164,3.872920572757721,5.77598112821579,9.339237928390503,0.834244430065155,11.452788949012756,13.844164431095123,3.8531396985054016,2.4610785245895386,5.834877967834473,0.0,0.0,2.5788050293922424,177.0,29.0,27.0,51.0,49.0,1.0,49.0
2019-11-19 00:00:00+00:00,1317420477.0,8.00758104287173e-06,0.0656910973825,287596430.0,18.024568617343903,0.0,0.8177363276481628,15.892309010028839,2.2671481370925903,0.834244430065155,9.757976472377777,12.542077481746674,0.7985137104988098,0.0,8.02577143907547,0.0,2.4218440651893616,4.620110332965851,132.0,7.0,5.0,82.0,16.0,9.0,71.0
2019-11-20 00:00:00+00:00,1313627942.0,8.05437091362e-06,0.0655019886487,219882275.0,25.79683744907379,2.5371333956718445,0.0,11.758525788784027,6.833541929721832,5.472394227981567,5.962569057941437,4.267046570777893,0.9419479370117188,0.0,2.496443450450897,0.8286551833152771,0.0,0.0,93.0,6.0,1.0,43.0,41.0,10.0,40.0
2019-11-21 00:00:00+00:00,1237034117.0,8.07642510229e-06,0.0616827581745,251644441.0,25.339057207107544,0.0,3.433368682861328,9.689283192157745,5.286231637001038,0.7075783014297485,8.746360719203949,9.22346305847168,0.9413238763809204,2.7557756900787354,4.819634139537811,0.0,0.0,2.3648171424865723,153.0,10.0,18.0,50.0,37.0,17.0,63.0
2019-11-22 00:00:00+00:00,1193303117.0,8.15899542196e-06,0.0595021807381,304545334.0,21.29125553369522,0.0,0.0,1.5106282234191895,9.73544192314148,4.290439665317535,7.261227071285248,5.660061538219452,0.8683348894119263,0.7719871997833252,0.7789257764816284,0.0,1.800032913684845,3.844897747039795,102.0,7.0,8.0,19.0,46.0,14.0,39.0
2019-11-23 00:00:00+00:00,1210579251.0,8.165381155360001e-06,0.0603636279456,262945614.0,14.979512453079224,0.0,1.6143196821212769,0.9310704469680786,3.8363532423973083,4.309481143951416,4.288287937641144,7.2209532260894775,2.460892975330353,1.6142927408218384,0.8086996078491211,0.8332850337028503,0.7413097023963928,1.6237796545028687,85.0,11.0,13.0,16.0,38.0,7.0,25.0
2019-11-24 00:00:00+00:00,1140743319.0,8.10687455475e-06,0.0568813691786,795594527.0,9.91728127002716,1.56064772605896,0.8748549818992615,2.2895341515541077,1.6158204078674316,1.7016579508781433,3.33341246843338,3.0488523840904236,0.842460036277771,1.5052452683448792,0.7598883509635925,0.0,0.0,0.7011470794677734,64.0,7.0,5.0,20.0,22.0,3.0,28.0
2019-11-25 00:00:00+00:00,1155059103.0,8.067923571419999e-06,0.057595203174,548798088.0,24.267414450645447,4.288155198097229,0.0,6.629638671875,8.27588027715683,2.525584042072296,3.342731773853302,7.897971510887146,4.0525617599487305,0.7734408378601074,3.866327702999115,0.0,0.0,0.0,122.0,37.0,2.0,36.0,41.0,7.0,19.0
2019-11-26 00:00:00+00:00,1174266798.0,8.09838147026e-06,0.0585529646664,218983843.0,23.469914078712463,0.9789749979972839,0.8025472164154053,9.970655500888824,4.4962708950042725,0.8292397856712341,7.1656511425971985,3.8110742568969727,0.0,0.7723732590675354,3.0387009978294373,0.0,0.0,0.0,105.0,10.0,10.0,45.0,35.0,1.0,28.0
2019-11-27 00:00:00+00:00,1184377698.0,7.852313677979999e-06,0.0590571287699,260781106.0,35.330613791942596,1.7008793354034424,0.0,10.800994098186493,9.401894509792328,2.529000222682953,14.94148164987564,5.864613354206085,0.8727834224700928,1.7716694474220276,1.5848731994628906,1.6352872848510742,0.0,0.0,119.0,15.0,3.0,36.0,50.0,6.0,33.0
2019-11-28 00:00:00+00:00,1167681752.0,7.80086094905e-06,0.0582246117243,224143848.0,30.064110159873962,0.7569289803504944,0.748881995677948,4.399268746376038,0.8643275499343872,5.472601473331451,17.822101414203644,5.656563997268677,1.8386133909225464,0.0,2.3126168251037598,0.0,1.5053337812423706,0.8943723440170288,115.0,20.0,3.0,25.0,25.0,14.0,41.0
2019-11-29 00:00:00+00:00,1186271901.0,7.62227477412e-06,0.059151580221,241666195.0,22.287819862365723,0.0,0.0,4.189597547054291,4.705073595046997,2.317395806312561,11.075752913951874,5.9176360964775085,4.3756871819496155,0.0,1.541948914527893,0.0,0.0,0.0,82.0,10.0,0.0,29.0,33.0,5.0,23.0
2019-11-30 00:00:00+00:00,1196086466.0,7.88920805924e-06,0.0596409680538,228259885.0,14.8125,0.0,1.9086010456085205,4.9853339195251465,6.290786445140839,1.690045177936554,2.2959243059158325,3.2864778637886047,1.6052570343017578,0.71420818567276,0.9670126438140869,0.0,0.0,0.0,68.0,6.0,4.0,28.0,35.0,5.0,18.0
2019-12-01 00:00:00+00:00,1164817487.0,7.82928720078e-06,0.0580817896451,214999369.0,19.743843376636505,0.9551693201065063,3.869082272052765,9.343690276145935,5.10628354549408,0.0,3.2890626192092896,8.90482246875763,0.8087946772575378,0.9396334886550903,1.5552270412445068,4.655072808265686,0.0,1.7461994886398315,84.0,14.0,10.0,37.0,31.0,0.0,13.0
2019-12-02 00:00:00+00:00,1124621901.0,7.667137946569999e-06,0.0560775000473,204095721.0,9.80173945426941,0.0,0.0,4.166753470897675,4.4682013392448425,1.5883259773254395,3.287462055683136,4.388079047203064,0.7353005409240723,2.783589005470276,0.8691895008087158,0.0,0.0,0.7751832008361816,79.0,4.0,6.0,28.0,23.0,4.0,35.0
2019-12-03 00:00:00+00:00,1122669945.0,7.65854684048e-06,0.0559801688525,150835452.0,17.06642633676529,0.7529805898666382,0.0,4.256739258766174,6.837015330791473,1.5843250155448914,8.850447595119476,7.398881018161774,1.6436662673950195,3.314319610595703,1.7146807312965393,0.0,0.0,3.1867050528526306,82.0,14.0,11.0,17.0,23.0,4.0,33.0
2019-12-04 00:00:00+00:00,1111416306.0,7.63240441826e-06,0.0554190238714,207789246.0,12.635129630565643,0.0,0.0,6.861402869224548,8.847303688526154,2.5104461908340454,1.6798745393753052,2.501508116722107,0.0,0.7845624089241028,0.8213204145431519,0.0,0.8956252932548523,0.0,61.0,1.0,2.0,25.0,28.0,6.0,16.0
2019-12-05 00:00:00+00:00,1113392540.0,7.46315253577e-06,0.0555175656604,190568914.0,17.887159943580627,1.7045473456382751,0.8574028015136719,8.903816401958466,9.79799771308899,2.5896923542022705,0.8682867288589478,5.172096908092499,0.7149249315261841,0.9341173768043518,2.710862696170807,0.0,0.812191903591156,0.0,71.0,9.0,6.0,28.0,23.0,5.0,11.0
2019-12-06 00:00:00+00:00,1103572231.0,7.28710030614e-06,0.0550278913989,177492285.0,11.3055899143219,0.0,0.7039270401000977,4.756743788719177,7.543348491191864,1.607917308807373,4.263427019119263,6.062826156616211,0.784889817237854,0.9643840789794922,1.793638825416565,0.0,0.0,2.5199134349823,90.0,11.0,4.0,40.0,21.0,4.0,23.0
2019-12-07 00:00:00+00:00,1104373638.0,7.2876064418e-06,0.0550678523032,161472546.0,13.351200580596924,0.0,1.6900237202644348,5.905581176280975,5.93202531337738,1.7215566039085388,1.6263195872306824,5.0482765436172485,0.7765604853630066,0.0,7.679519414901733,0.0,0.0,0.7264127731323242,71.0,7.0,7.0,48.0,11.0,5.0,12.0
2019-12-08 00:00:00+00:00,1124916584.0,7.417840955023002e-06,0.0560921939142,159351365.0,24.845418751239777,2.4084678888320923,1.6984857320785522,5.120841562747955,6.68407267332077,1.5942814946174622,10.158714056015015,1.565973162651062,0.0,0.0,0.0,0.0,0.7795917987823486,0.7863813638687134,97.0,5.0,11.0,37.0,21.0,6.0,30.0
2019-12-09 00:00:00+00:00,1091975773.0,7.36130277739e-06,0.0544496522887,184029266.0,23.662834227085114,4.913556754589081,0.0,10.780382633209229,5.638889312744141,3.249920070171356,6.405963599681854,3.209397792816162,0.0,0.7970578670501709,3.196516513824463,0.0,0.0,0.0,93.0,13.0,4.0,46.0,22.0,7.0,25.0
2019-12-10 00:00:00+00:00,1075080468.0,7.36173473967e-06,0.0536071945225,187877397.0,29.288501620292664,1.6096693277359009,2.27704119682312,11.382647573947906,6.001065254211426,2.4543930888175964,8.405282378196716,6.573185563087463,0.0,0.8469284772872925,4.1654306054115295,0.0,1.5608264803886414,0.0,104.0,6.0,9.0,39.0,18.0,9.0,27.0
2019-12-11 00:00:00+00:00,1058834020.0,7.315562800421812e-06,0.0527970909433,200540866.0,35.916307151317596,10.84829968214035,1.4587786793708801,9.495237410068512,8.414493262767792,3.826874315738678,5.4337639808654785,9.756254851818085,0.0,0.7502531409263611,5.8813804388046265,0.8114328384399414,2.3131884336471558,1.660404086112976,153.0,21.0,7.0,64.0,22.0,15.0,34.0
2019-12-12 00:00:00+00:00,1057309861.0,7.278767522687369e-06,0.0527210911619,207030753.0,19.916257441043854,0.0,0.7055039405822754,6.652778923511505,12.841193079948425,1.7130054235458374,4.183632493019104,4.21072518825531,0.0,0.0,3.9531697034835815,2.6064335703849792,0.0,0.0,96.0,8.0,4.0,68.0,35.0,6.0,23.0
2019-12-13 00:00:00+00:00,1064766838.0,7.305295116251608e-06,0.0530929215845,166326440.0,23.523579120635986,3.1554577350616455,0.7207494974136353,8.838017344474792,7.985110282897949,3.2457087635993958,3.9075199961662292,1.7396374344825745,0.0,0.0,0.7753501534461975,0.0,0.0,1.6910397410392761,106.0,14.0,5.0,49.0,17.0,7.0,29.0
2019-12-14 00:00:00+00:00,1037315139.0,7.25926985712747e-06,0.0517240858417,178545852.0,12.437125325202942,0.7729014754295349,3.2307859659194946,3.2174829840660095,2.8889740109443665,3.697980582714081,2.2784329056739807,10.893617331981659,0.0,4.467388451099396,6.2315369844436646,0.9300053715705872,0.0,0.0,96.0,7.0,12.0,52.0,7.0,8.0,20.0
2019-12-15 00:00:00+00:00,1030780417.0,7.186251826543808e-06,0.0513982421913,184576351.0,23.347857773303986,2.6866572499275208,0.0,2.4547322392463684,1.4097223281860352,0.8907716274261475,17.31569665670395,7.6629558801651,2.698415756225586,0.0,3.313049018383026,0.0,0.8144794702529907,4.663164556026459,76.0,13.0,1.0,17.0,2.0,3.0,52.0
2019-12-16 00:00:00+00:00,974561901.0,7.010717779913471e-06,0.0485949944292,188032561.0,19.372644543647766,0.0,1.6251810789108276,11.31801950931549,8.067500710487366,3.122711181640625,4.185104250907898,9.43064534664154,1.7326322793960571,1.7372047901153564,6.712495923042297,0.0,0.0,1.5257466435432434,108.0,11.0,15.0,49.0,29.0,7.0,25.0
2019-12-17 00:00:00+00:00,882274741.0,6.654167459566578e-06,0.0439932405702,223201971.0,17.784687101840973,1.7299579977989197,0.8042050004005432,9.595005452632904,5.747483611106873,2.4693188071250916,2.425337493419647,10.483366072177887,0.9473559260368347,2.4093547463417053,5.672959506511688,0.0,0.0,1.4536958932876587,108.0,10.0,7.0,59.0,11.0,11.0,22.0
2019-12-18 00:00:00+00:00,923172174.0,6.325242335776718e-06,0.0460325266469,254217964.0,21.61883193254471,2.4851682782173157,9.175864815711975,5.966588079929352,5.694123387336731,2.52625435590744,0.0,6.309502124786377,0.0,3.135122239589691,1.4464097619056702,1.7279701232910156,0.0,0.8405550718307495,131.0,6.0,45.0,55.0,15.0,6.0,16.0
2019-12-19 00:00:00+00:00,901740472.0,6.241702466019825e-06,0.0449638685712,210750075.0,18.82008409500122,0.8060584664344788,2.487663984298706,10.18355393409729,5.018352270126343,2.337997019290924,1.5320746302604675,2.454335331916809,0.0,0.0,0.7161573767662048,1.7381779551506042,0.0,0.0,94.0,13.0,19.0,41.0,15.0,9.0,9.0
2019-12-20 00:00:00+00:00,926606778.0,6.400465851389454e-06,0.0462037877711,196351709.0,13.155459225177765,0.0,3.092876970767975,5.694174528121948,8.1954904794693,1.5633347034454346,1.7339715361595154,5.295733630657196,1.6634792685508728,0.0,2.7696980834007263,0.0,0.0,0.8625562787055969,95.0,13.0,12.0,37.0,29.0,5.0,24.0
2019-12-21 00:00:00+00:00,928977762.0,6.441523061708321e-06,0.0463220131193,178447511.0,17.84810382127762,0.7174813151359558,2.9083611369132996,5.489247500896454,6.573682069778442,2.9409490823745728,5.023084461688995,4.853592574596405,0.798431932926178,0.7703646421432495,1.500933825969696,0.769273042678833,0.9478932023048401,1.693204939365387,82.0,10.0,9.0,34.0,18.0,9.0,22.0
2019-12-22 00:00:00+00:00,947632951.0,6.2884952281166196e-06,0.0472522247448,192147065.0,7.551300823688507,0.8981145024299622,0.8684171438217163,2.3679776191711426,7.150234639644623,0.743897557258606,2.67289400100708,1.5243476629257202,0.7698468565940857,0.0,0.7545008063316345,0.0,0.0,0.0,52.0,9.0,6.0,21.0,12.0,5.0,10.0
2019-12-23 00:00:00+00:00,898593462.0,6.092542081393313e-06,0.0448069478491,188529185.0,14.507043302059174,2.7677950263023376,1.490199327468872,5.522296369075775,2.8194446563720703,0.7170965671539307,4.009656012058258,8.626579463481903,0.9982845187187195,1.4761021733283997,5.43565833568573,0.0,0.0,0.716534435749054,322.0,249.0,7.0,38.0,7.0,3.0,24.0
2019-12-24 00:00:00+00:00,904152138.0,6.168785163007883e-06,0.0450841225179,189234378.0,13.202379286289215,1.5760040879249573,2.457028388977051,3.4843028783798218,3.5644850730895996,2.3995736837387085,2.55449903011322,5.487684190273285,0.0,0.7595773339271545,2.3294289112091064,1.6387541890144348,0.7599237561225891,0.0,90.0,17.0,22.0,32.0,12.0,6.0,5.0
2019-12-25 00:00:00+00:00,871066950.0,5.96826453134362e-06,0.043434381698,158441507.0,6.721652567386627,0.0,0.0,0.9723671674728394,6.686014115810394,0.7661618590354919,4.044100880622864,0.7854100465774536,0.0,0.0,0.0,0.0,0.0,0.7854100465774536,33.0,1.0,0.0,11.0,14.0,3.0,18.0
2019-12-26 00:00:00+00:00,906096655.0,6.239499199306562e-06,0.0451810827707,159780065.0,10.789297103881836,0.9082660675048828,1.611226201057434,2.226223051548004,7.500742793083191,0.8531321287155151,1.4740204215049744,7.862116754055023,2.612117350101471,2.9126428365707397,1.6258774995803833,0.0,0.0,0.7114790678024292,54.0,7.0,10.0,21.0,15.0,1.0,12.0
2019-12-27 00:00:00+00:00,925783690.0,6.330212454240159e-06,0.0461627457642,186608460.0,15.81856882572174,0.0,0.0,5.109206795692444,5.920297622680664,3.4081138372421265,4.200395226478577,0.0,0.0,0.0,0.8220276236534119,0.0,0.0,0.0,40.0,4.0,3.0,12.0,15.0,6.0,10.0
2019-12-28 00:00:00+00:00,905501294.0,6.169917668762763e-06,0.0451513960111,158028356.0,22.911692082881927,0.7291424870491028,2.7248234152793884,4.908031940460205,7.662454128265381,6.179936468601227,5.016808092594147,7.489924132823944,0.0,0.0,0.7845152020454407,0.8217329978942871,2.583830773830414,3.2998451590538025,82.0,9.0,5.0,31.0,19.0,15.0,15.0
2019-12-29 00:00:00+00:00,926583446.0,6.2265398696588215e-06,0.0462026243586,148784480.0,9.289061725139618,0.7215622067451477,0.8195341229438782,3.0011523365974426,5.773797333240509,0.7765971422195435,3.2519309520721436,8.209657669067383,0.0,5.698093414306641,3.3984146118164062,0.0,0.0,0.8331610560417175,67.0,2.0,17.0,24.0,25.0,5.0,11.0
2019-12-30 00:00:00+00:00,922118161.0,6.298044296290644e-06,0.0459799699142,167720441.0,17.49028718471527,0.0,0.7374792695045471,12.347062766551971,6.433882296085358,0.7093542814254761,0.7868143916130066,1.572527825832367,0.0,0.0,2.281683385372162,0.0,0.0,0.0,58.0,4.0,3.0,34.0,19.0,1.0,11.0
2019-12-31 00:00:00+00:00,909069341.0,6.2979399472613e-06,0.0453293110619,157068726.0,8.434830367565155,0.9458358287811279,0.0,2.636528968811035,2.1628024578094482,1.5897993445396423,3.2626662254333496,2.6558592319488525,0.0,0.0,1.7588675618171692,0.0,0.0,0.8969916701316833,58.0,5.0,0.0,31.0,8.0,4.0,18.0
2020-01-01 00:00:00+00:00,912792670.0,6.3210833149704005e-06,0.045514969029,167709897.0,4.802368879318237,0.0,0.0,1.704964518547058,0.7552080750465393,2.34219628572464,0.0,3.2764466404914856,0.0,0.9418297410011292,0.8202528953552246,1.5143640041351318,0.0,0.0,41.0,1.0,2.0,9.0,13.0,6.0,18.0
2020-01-02 00:00:00+00:00,884665838.0,6.314889165488924e-06,0.0441124688227,151848963.0,13.375937104225159,0.850257158279419,0.8388507962226868,5.124755442142487,0.8976932168006897,5.817280471324921,0.7447932362556458,2.40030437707901,0.9803037643432617,0.7071582674980164,0.7128423452377319,0.0,0.0,0.0,53.0,5.0,2.0,15.0,19.0,12.0,10.0
2020-01-03 00:00:00+00:00,905425978.0,6.144916991582627e-06,0.0451476405104,169143879.0,20.072422862052917,0.7774951457977295,0.0,10.082651019096375,5.845399618148804,2.663856327533722,0.7030207514762878,1.8215965628623962,0.0,0.0,1.8215965628623962,0.0,0.0,0.0,66.0,11.0,8.0,20.0,21.0,5.0,8.0
2020-01-04 00:00:00+00:00,925831039.0,6.2297291270328904e-06,0.0461651067609,152148628.0,16.602203488349915,0.7680049538612366,4.642287850379944,5.614661514759064,6.186927139759064,0.0,0.8889548182487488,2.4393872022628784,0.0,1.7142431139945984,0.0,0.72514408826828,0.0,0.0,80.0,8.0,25.0,23.0,21.0,1.0,13.0
2020-01-05 00:00:00+00:00,907169023.0,6.1038589867750786e-06,0.0452345547272,166100722.0,7.496727287769318,0.0,1.5160196423530579,3.489752411842346,1.454903483390808,1.7394505739212036,0.9040898680686951,3.9898335337638855,1.4923866391181946,0.0,0.0,0.0,2.497446894645691,0.0,43.0,7.0,5.0,10.0,13.0,8.0,15.0
2020-01-06 00:00:00+00:00,978438651.0,6.295130871764428e-06,0.0489878723421,247423074.0,26.292674779891968,4.179296433925629,0.0,11.825113892555237,4.723173141479492,4.192174673080444,2.8916946053504944,8.102063000202179,1.5720893740653992,0.0,3.244518458843231,0.8979677557945251,0.0,3.093194901943207,111.0,26.0,5.0,36.0,29.0,9.0,23.0
2020-01-07 00:00:00+00:00,996869597.0,6.1156646242770435e-06,0.0499156600644,239444888.0,14.54041200876236,0.7849862575531006,1.7449253797531128,2.3543472290039062,0.714081346988678,4.772429943084717,4.169641852378845,10.761878252029419,1.7138257026672363,1.7250661849975586,2.4737616181373596,0.8121817111968994,3.2117475867271423,1.7148862481117249,90.0,18.0,11.0,25.0,23.0,17.0,20.0
2020-01-08 00:00:00+00:00,972927111.0,6.03e-06,0.0487168,213522156.0,17.62186825275421,0.7426265478134155,0.7841209173202515,7.800536394119263,0.0,1.5132339000701904,6.781350493431091,6.903043568134308,0.0,0.8965359926223755,5.116438388824463,0.0,0.0,0.8900691866874695,79.0,7.0,4.0,39.0,9.0,9.0,20.0
2020-01-09 00:00:00+00:00,927922896.0,5.9e-06,0.0464579,171728899.0,17.678222179412842,0.8470216989517212,0.0,8.423673212528229,0.0,7.8368388414382935,1.5363333821296692,5.186924040317535,0.851003110408783,2.8190585374832153,1.516862392425537,0.0,0.0,0.0,56.0,8.0,3.0,22.0,14.0,10.0,16.0
2020-01-10 00:00:00+00:00,926865627.0,5.68e-06,0.04640174,211752195.0,28.59204125404358,0.8976932168006897,0.0,5.89756715297699,9.002034068107605,6.191750168800354,6.602996647357941,0.0,0.0,0.0,0.0,0.0,0.0,0.0,78.0,6.0,3.0,24.0,25.0,9.0,21.0
2020-01-11 00:00:00+00:00,949740468.0,5.92e-06,0.04754693,216830961.0,9.780642211437225,0.0,4.875995755195618,2.2565919160842896,0.0,0.9245713949203491,1.723483145236969,3.2871777415275574,0.0,0.8382813334465027,1.5981754660606384,0.0,0.0,0.8507209420204163,50.0,7.0,9.0,15.0,6.0,3.0,16.0
2020-01-12 00:00:00+00:00,963406922.0,5.88691375359953e-06,0.0482285056362,207083756.0,9.749610126018524,1.6855895519256592,2.36419016122818,1.7205410599708557,0.0,2.3557695150375366,1.6235198378562927,2.550235688686371,0.0,1.7618507742881775,0.0,0.0,0.7883849143981934,0.0,39.0,5.0,6.0,14.0,10.0,8.0,4.0
2020-01-13 00:00:00+00:00,961732457.0,5.91e-06,0.04812161,224390629.0,12.825861036777496,1.704204022884369,0.0,3.2148150205612183,2.418112576007843,2.441158652305603,3.047570765018463,4.25026661157608,0.0,0.0,2.6220245361328125,0.9278005361557007,0.0,0.7004415392875671,63.0,9.0,0.0,23.0,13.0,3.0,24.0
2020-01-14 00:00:00+00:00,1040209419.0,5.894980917736862e-06,0.0520395028379,324780981.0,20.617633879184723,0.91246098279953,6.518595933914185,5.104847252368927,0.7341831922531128,3.9768466353416443,3.370699882507324,11.246013343334198,0.0,2.4954105019569397,8.0504110455513,0.0,0.0,1.4354604482650757,111.0,18.0,22.0,41.0,10.0,7.0,18.0
2020-01-15 00:00:00+00:00,1095162183.0,6.22e-06,0.05478867,334258693.0,23.204286992549896,2.95198655128479,0.7019835114479065,13.554634869098663,3.2994226217269897,0.0,3.408069670200348,5.768391132354736,0.0,2.2841843366622925,0.9695260524749756,2.5146807432174683,0.0,0.0,121.0,28.0,5.0,54.0,24.0,1.0,15.0
2020-01-16 00:00:00+00:00,1074496622.0,6.16e-06,0.05374767,316566307.0,17.48411452770233,0.0,1.5168132185935974,6.704586863517761,0.0,6.7517218589782715,2.5109925866127014,3.351523280143738,0.0,0.0,1.611299753189087,0.750260055065155,0.9899634718894958,0.0,88.0,11.0,3.0,41.0,11.0,14.0,15.0
2020-01-17 00:00:00+00:00,1200675457.0,6.730000000000001e-06,0.06005228,519487809.0,33.655631840229034,3.305796980857849,5.628227472305298,16.783965408802032,3.102817416191101,3.056244134902954,1.7785804271697998,8.010489165782928,0.815520703792572,3.1811511516571045,3.3046966791152954,0.7091206312179565,0.0,0.0,206.0,51.0,53.0,55.0,39.0,5.0,14.0
2020-01-18 00:00:00+00:00,1225232946.0,6.838278197626049e-06,0.0611440934937,620537877.0,24.028451442718506,0.8036591410636902,1.7097026109695435,6.256564915180206,7.2573710680007935,4.720711827278137,3.2804418802261353,8.399647295475006,0.7282752990722656,3.2455042004585266,3.5683988332748413,0.8574689626693726,0.0,0.0,139.0,36.0,30.0,32.0,52.0,8.0,12.0
2020-01-19 00:00:00+00:00,1203196279.0,6.9e-06,0.06004437,557236013.0,26.666091978549957,3.0995845794677734,0.0,9.79798686504364,9.54637360572815,2.4546605348587036,4.223211467266083,6.1540491580963135,0.0,2.2674376368522644,4.052520573139191,0.0,0.7826384902000427,0.0,117.0,21.0,15.0,42.0,45.0,7.0,18.0
2020-01-20 00:00:00+00:00,1243262125.0,7.17e-06,0.06204382,570944249.0,30.52140212059021,6.56715327501297,0.7441829442977905,0.8693243265151978,16.77178591489792,0.0,5.568955659866333,12.759533941745758,4.3027104139328,2.358749568462372,0.826772153377533,0.8262075185775757,0.8056837916374207,3.6394104957580566,165.0,49.0,23.0,22.0,50.0,4.0,27.0
2020-01-21 00:00:00+00:00,1251010223.0,7.134259572360372e-06,0.0623954836125,403775489.0,21.49310201406479,0.0,2.5896610021591187,1.5806850790977478,9.187181174755096,4.950735449790955,3.1848393082618713,10.571819305419922,0.0,1.5785546898841858,5.637061417102814,0.0,4.793269395828247,0.9096937775611877,118.0,12.0,21.0,34.0,26.0,17.0,29.0
2020-01-22 00:00:00+00:00,1201010415.0,6.9e-06,0.05988875,334827929.0,13.685786664485931,1.5836364030838013,0.0,4.328579127788544,3.893606126308441,2.3665406107902527,2.4111176133155823,3.3452590107917786,1.6716727018356323,0.0,2.3886077404022217,0.0,0.0,0.0,87.0,17.0,2.0,33.0,27.0,6.0,18.0
2020-01-23 00:00:00+00:00,1188095063.0,7.049999999999999e-06,0.05923783,383108495.0,20.198754608631134,0.8521215915679932,0.0,3.991615653038025,10.213110983371735,1.6435683965682983,3.498337984085083,3.4214044213294983,0.9878932237625122,0.0,0.8724746704101562,1.5610365271568298,0.0,0.0,77.0,7.0,8.0,22.0,27.0,4.0,15.0
2020-01-24 00:00:00+00:00,1149419047.0,6.79e-06,0.05730276,382153105.0,11.96652066707611,0.0,0.0,5.9439897537231445,2.9643715023994446,2.2250380516052246,0.8331213593482971,1.6361112594604492,0.0,0.0,2.415203809738159,0.0,0.0,0.0,43.0,2.0,0.0,22.0,18.0,5.0,3.0
2020-01-25 00:00:00+00:00,1124060743.0,6.7e-06,0.05603856,319119540.0,22.021240651607513,0.0,0.0,6.530907988548279,8.294459581375122,2.3679990768432617,5.638964295387268,2.3613287806510925,0.0,0.8540374636650085,1.507291316986084,0.0,0.0,0.0,70.0,3.0,1.0,31.0,20.0,6.0,18.0
2020-01-26 00:00:00+00:00,1174877296.0,6.810000000000001e-06,0.05857195,325709373.0,14.866268932819366,0.0,0.7698207497596741,3.3470951318740845,8.528447270393372,1.4537597298622131,1.613684594631195,3.2247999906539917,0.7620182037353516,0.0,2.6637048721313477,0.7332700490951538,0.0,0.0,57.0,3.0,7.0,19.0,23.0,2.0,13.0
2020-01-27 00:00:00+00:00,1196397983.0,6.6899999999999995e-06,0.05964484,354309858.0,17.424407958984375,1.8090385794639587,3.344824254512787,2.284092366695404,3.9583731293678284,2.4506013989448547,4.336373925209045,3.4394829273223877,0.9000257253646851,0.0,0.0,0.0,0.0,2.5394572019577026,88.0,11.0,12.0,9.0,17.0,5.0,42.0
2020-01-28 00:00:00+00:00,1210225176.0,6.446951090318355e-06,0.060327153862,436276037.0,12.919195413589478,0.8113405108451843,1.6276852488517761,4.109535872936249,1.6126506924629211,3.2147651314735413,3.2122726440429688,3.1202090978622437,0.8852372169494629,0.0,3.9006123542785645,0.7542368769645691,0.0,0.0,67.0,11.0,9.0,27.0,18.0,5.0,14.0
2020-01-29 00:00:00+00:00,1237397192.0,6.621029279141698e-06,0.0616816211791,407983305.0,15.21225357055664,0.8019716143608093,0.715440571308136,9.883603692054749,0.7453721761703491,3.0571466088294983,0.716270387172699,2.4169687032699585,0.0,0.0,1.6846136450767517,0.0,0.7323550581932068,0.0,75.0,8.0,9.0,34.0,10.0,7.0,18.0
2020-01-30 00:00:00+00:00,1227871266.0,6.44e-06,0.06120677,382600193.0,16.01506507396698,1.7212469577789307,1.472436249256134,5.455723464488983,2.5276530981063843,2.3536887168884277,2.48431658744812,4.131536245346069,0.7301066517829895,0.0,1.6698200106620789,0.9166521430015564,0.8149574398994446,0.0,70.0,7.0,8.0,24.0,15.0,9.0,11.0
2020-01-31 00:00:00+00:00,1234837874.0,6.58e-06,0.06155404,365221348.0,12.162293612957,0.8606234788894653,0.8173001408576965,4.702160716056824,0.0,4.250077724456787,1.532131552696228,7.77460378408432,4.5390660762786865,0.0,0.0,1.7196268439292908,1.5159108638763428,0.0,73.0,15.0,3.0,25.0,14.0,8.0,14.0
2020-02-01 00:00:00+00:00,1213096236.0,6.44e-06,0.06047027,351749271.0,9.442374587059021,0.7626897096633911,2.3675097227096558,3.0338581204414368,3.2783170342445374,0.0,0.0,7.368485510349274,0.7412636280059814,4.880854904651642,0.0,1.7463669776916504,0.0,0.0,63.0,14.0,21.0,12.0,14.0,0.0,7.0
2020-02-02 00:00:00+00:00,1271202563.0,6.78e-06,0.06336675,459980666.0,16.335260152816772,0.0,2.4924920797348022,8.58406949043274,0.0,2.9154176115989685,2.3432809710502625,5.258400917053223,0.961820662021637,3.4649093747138977,0.831670880317688,0.0,0.0,0.0,88.0,2.0,28.0,31.0,9.0,8.0,16.0
2020-02-03 00:00:00+00:00,1284919006.0,6.8919500013789274e-06,0.0640504826827,386218550.0,12.025737822055817,1.562675654888153,0.8448810577392578,4.917271792888641,2.346102297306061,2.2944908142089844,0.8455148339271545,0.8732547760009766,0.0,0.8732547760009766,0.9753713011741638,0.0,0.0,0.0,47.0,8.0,9.0,20.0,11.0,5.0,4.0
2020-02-04 00:00:00+00:00,1330434658.0,7.223571378317246e-06,0.0663193413102,435954535.0,27.389983892440796,3.2685096859931946,7.2477787137031555,4.863273739814758,2.3112799525260925,7.105375230312347,2.5937665700912476,13.390037834644318,3.1787139773368835,7.288261651992798,2.2125226855278015,0.7105395197868347,0.0,0.0,135.0,21.0,50.0,23.0,27.0,10.0,15.0
2020-02-05 00:00:00+00:00,1379453360.0,7.149521629369212e-06,0.0687628195872,520549476.0,9.732340931892395,0.0,3.1709712147712708,3.9799476265907288,1.5111005306243896,1.5844820737838745,0.9439520239830017,4.21434360742569,0.7767627239227295,2.7089275121688843,0.9565469622612,0.7286533713340759,0.0,0.0,100.0,5.0,56.0,23.0,13.0,3.0,10.0
2020-02-06 00:00:00+00:00,1415482428.0,7.25e-06,0.07054031,516539220.0,14.89543730020523,1.7309516668319702,5.810356795787811,5.71452397108078,0.0,1.648322343826294,0.7764811515808105,2.572938859462738,0.0,0.0,2.572938859462738,0.0,0.0,0.0,81.0,10.0,21.0,39.0,11.0,7.0,11.0
2020-02-07 00:00:00+00:00,1438149359.0,7.3099999999999995e-06,0.07162531,519263943.0,17.52004313468933,0.8976932168006897,4.258120179176331,13.783864796161652,0.0,0.8446510434150696,0.0,10.3628751039505,0.0,3.9590121507644653,5.627348780632019,0.0,0.7765141725540161,0.0,114.0,7.0,39.0,67.0,4.0,4.0,5.0
2020-02-08 00:00:00+00:00,1422649989.0,7.18e-06,0.07085338,479921994.0,22.372712016105652,0.0,3.941552698612213,15.684833526611328,1.7155980467796326,1.7557638883590698,0.0,8.848928570747375,0.0,8.109373271465302,0.739555299282074,0.0,0.0,0.0,110.0,5.0,49.0,45.0,7.0,5.0,4.0
2020-02-09 00:00:00+00:00,1462155253.0,7.2000000000000005e-06,0.07282089,477162368.0,23.145119845867157,0.9820042252540588,0.0,8.693937957286835,0.0,11.889381170272827,1.5797964930534363,6.921387612819672,0.9740036725997925,0.0,4.2234408259391785,0.9215549826622009,0.8023881316184998,0.0,84.0,10.0,10.0,32.0,7.0,22.0,10.0
2020-02-10 00:00:00+00:00,1423380848.0,7.1926299202191084e-06,0.0708897815935,514722342.0,14.566169619560242,0.0,2.44428026676178,7.362163305282593,1.470918357372284,2.4810051321983337,0.8078025579452515,4.876272618770599,0.8049671649932861,0.8835737109184265,0.0,0.7927469611167908,0.0,2.394984781742096,70.0,3.0,18.0,21.0,9.0,10.0,12.0
2020-02-11 00:00:00+00:00,1480628375.0,7.2199999999999995e-06,0.07374093,518483533.0,21.489194095134735,0.0,0.0,12.788212656974792,0.0,7.318438947200775,3.200281023979187,2.3020743131637573,0.0,0.0,2.3020743131637573,0.0,0.0,0.0,99.0,11.0,0.0,57.0,10.0,18.0,10.0
2020-02-12 00:00:00+00:00,1607104941.0,7.751260658910816e-06,0.0800399401983,733681218.0,28.409586012363434,4.94197952747345,3.0362773537635803,9.098231375217438,2.293106436729431,9.039991319179535,0.0,17.170141458511353,5.792813301086426,0.9459905028343201,6.884523034095764,3.5468146204948425,0.0,0.0,198.0,85.0,20.0,53.0,21.0,19.0,7.0
2020-02-13 00:00:00+00:00,1658993818.0,8.090581116338444e-06,0.0826173767474,847910222.0,36.2635812163353,4.070734441280365,9.681290626525879,7.041738033294678,1.6522637009620667,12.469107866287231,2.2461397647857666,33.243544816970825,6.680321931838989,4.269842684268951,10.41500598192215,10.29700255393982,1.5813716650009155,0.0,249.0,45.0,65.0,78.0,34.0,22.0,14.0
2020-02-14 00:00:00+00:00,1731666469.0,8.32e-06,0.08579613,640075025.0,27.937077164649963,0.8162797689437866,17.349927127361298,4.755017936229706,0.0,5.731631636619568,0.0,14.171418190002441,0.0,6.329958260059357,8.065288424491882,0.7939181923866272,1.5917193293571472,0.0,137.0,9.0,66.0,45.0,10.0,15.0,7.0
2020-02-15 00:00:00+00:00,1599467710.0,8.01e-06,0.07924629,577812168.0,8.767643690109253,1.608325183391571,0.0,4.815751671791077,0.7219452261924744,0.7241307497024536,4.016355574131012,1.614046037197113,0.0,0.7530634999275208,3.255941689014435,0.0,0.0,0.0,48.0,4.0,10.0,22.0,11.0,7.0,9.0
2020-02-16 00:00:00+00:00,1515349949.0,7.5600000000000005e-06,0.07507864,632562189.0,14.687099874019623,0.9112442135810852,8.973571956157684,1.4920648336410522,1.5239415764808655,1.7862772941589355,0.0,8.123586475849152,0.7257919311523438,4.096348822116852,8.517778992652893,0.0,0.0,0.0,80.0,7.0,39.0,35.0,9.0,2.0,3.0
2020-02-17 00:00:00+00:00,1450201719.0,7.41e-06,0.07185084,619668937.0,19.812610864639282,0.0,4.797244727611542,3.5410861372947693,0.0,6.474864661693573,4.999415338039398,6.633414268493652,4.268397927284241,0.7755643725395203,1.5894519686698914,0.0,0.0,0.7302584648132324,77.0,10.0,19.0,26.0,8.0,10.0,12.0
2020-02-18 00:00:00+00:00,1506678243.0,7.360000000000001e-06,0.07464157,521725957.0,14.727070212364197,0.7851158380508423,4.994724690914154,4.111198842525482,0.0,0.763961911201477,4.072068929672241,3.3464857935905457,0.0,1.6681154370307922,0.886913537979126,0.0,0.7914568185806274,0.0,89.0,11.0,22.0,31.0,7.0,5.0,19.0
2020-02-19 00:00:00+00:00,1427630785.0,7.34e-06,0.07072027,438696625.0,24.41362714767456,0.8113099932670593,4.783088386058807,21.459688365459442,0.0,2.6615994572639465,0.8313582539558411,8.937592029571533,0.0,5.60719233751297,5.1783294677734375,0.9272938370704651,0.7737054228782654,0.0,114.0,3.0,34.0,77.0,14.0,9.0,8.0
2020-02-20 00:00:00+00:00,1436695196.0,7.41e-06,0.07116929,496888762.0,16.828542947769165,0.8785224556922913,6.91303688287735,4.400926291942596,3.4369503259658813,3.7661882042884827,0.0,7.502652406692505,0.7759003043174744,2.508178234100342,3.324273705482483,0.8943001627922058,0.0,0.0,94.0,5.0,24.0,47.0,19.0,6.0,6.0
2020-02-21 00:00:00+00:00,1453467238.0,7.429402757548116e-06,0.0719644729445,467192068.0,13.380412638187408,1.8865717649459839,2.1773399710655212,6.780267894268036,1.7602756023406982,0.7759574055671692,0.0,4.250051915645599,0.0,2.6791500449180603,1.6691586375236511,0.0,0.0,0.7680904865264893,76.0,5.0,16.0,42.0,10.0,4.0,12.0
2020-02-22 00:00:00+00:00,1401477521.0,7.18e-06,0.06939034,398582854.0,6.577377796173096,0.0,0.0,3.9776699542999268,0.0,2.599707841873169,0.0,1.6780370473861694,0.0,1.6780370473861694,0.0,0.0,0.0,0.0,33.0,1.0,3.0,19.0,4.0,4.0,5.0
2020-02-23 00:00:00+00:00,1484617251.0,7.40658657337601e-06,0.0735067812366,432013932.0,4.046036720275879,1.7953864336013794,0.0,1.5417102575302124,0.0,0.7089400291442871,0.0,0.0,0.0,0.0,0.0,0.0,0.0,0.0,22.0,2.0,4.0,9.0,8.0,1.0,5.0
2020-02-24 00:00:00+00:00,1401822757.0,7.190000000000001e-06,0.06937996,465871328.0,8.751306295394897,1.6191670894622803,0.7230261564254761,3.293927252292633,0.0,1.558250904083252,1.556934893131256,1.57815420627594,0.842679500579834,0.0,0.0,0.0,0.735474705696106,0.0,39.0,5.0,2.0,18.0,6.0,6.0,6.0
2020-02-25 00:00:00+00:00,1319900179.0,6.99e-06,0.06532539,461517993.0,10.97420734167099,0.0,0.7977617383003235,5.076462507247925,0.0,3.037950575351715,2.94788658618927,4.105686604976654,0.0,0.0,3.252465784549713,0.8532208204269409,0.0,0.0,55.0,3.0,2.0,23.0,20.0,5.0,11.0
2020-02-26 00:00:00+00:00,1198211736.0,6.72e-06,0.0593027,505300519.0,17.480193734169006,0.0,0.0,19.134904265403748,0.0,3.3013449907302856,0.0,4.864151060581207,0.7928112745285034,0.8166826963424683,3.9129520654678345,1.5195881128311157,0.9593684077262878,0.0,110.0,5.0,13.0,132.0,6.0,7.0,6.0
2020-02-27 00:00:00+00:00,1212527971.0,6.83e-06,0.06001125,452957399.0,14.346035420894623,0.0,1.4560264348983765,7.651000916957855,0.7400462031364441,6.991018295288086,0.0,6.491089880466461,2.3429205417633057,2.3814892172813416,4.867825508117676,0.0,0.0,0.0,61.0,7.0,9.0,43.0,7.0,11.0,5.0
2020-02-28 00:00:00+00:00,1178058217.0,6.72e-06,0.0583052,419431446.0,12.491732120513916,1.5734537839889526,0.0,2.63063782453537,0.7914591431617737,6.615408658981323,0.8807727098464966,5.771180033683777,0.0,0.0,4.936609387397766,0.8345706462860107,0.0,0.0,48.0,4.0,1.0,26.0,6.0,9.0,7.0
2020-02-29 00:00:00+00:00,1160906896.0,6.6799999999999996e-06,0.05745634,318679471.0,12.499509453773499,0.0,0.0,3.359216332435608,0.0,5.066426634788513,4.073866486549377,4.906423091888428,0.0,0.0,4.119365751743317,0.0,0.7870573401451111,0.0,48.0,1.0,2.0,23.0,5.0,8.0,14.0
2020-03-01 00:00:00+00:00,1136566221.0,6.570000000000001e-06,0.05625166,360604910.0,12.302726209163666,0.9064393043518066,0.0,3.171527683734894,1.6008248925209045,0.0,6.623934328556061,6.3623188734054565,0.9632561802864075,0.0,4.39519876241684,0.9414072036743164,0.0,1.8699537515640259,55.0,5.0,3.0,26.0,8.0,2.0,20.0
2020-03-02 00:00:00+00:00,1196467590.0,6.6799999999999996e-06,0.0592064,397777572.0,8.125527739524841,0.8117079734802246,0.791000247001648,0.8024275898933411,0.0,3.162136435508728,2.5582554936408997,4.792412877082825,0.0,1.753483235836029,2.256259799003601,0.0,0.7826698422431946,0.0,50.0,4.0,19.0,15.0,8.0,5.0,5.0
2020-03-03 00:00:00+00:00,1180080997.0,6.64e-06,0.05835221,407088469.0,10.166395723819733,0.7715901732444763,0.0,4.570046246051788,1.5668480396270752,2.442176640033722,0.8157346248626709,0.9059440493583679,0.0,0.0,0.0,0.0,0.0,0.9059440493583679,51.0,3.0,3.0,29.0,11.0,5.0,6.0
2020-03-04 00:00:00+00:00,1184959545.0,6.6899999999999995e-06,0.05859344,381787289.0,7.223504841327667,0.7128309607505798,0.8349350094795227,6.822704195976257,1.487450122833252,0.8358266353607178,0.0,4.697215497493744,0.9750664830207825,0.0,2.184324026107788,1.5378249883651733,0.0,0.0,49.0,9.0,5.0,26.0,13.0,3.0,2.0
2020-03-05 00:00:00+00:00,1208503878.0,6.58e-06,0.05975765,421868545.0,14.309566974639893,0.0,0.934580385684967,9.457425355911255,0.7118102312088013,2.33683705329895,1.5807241797447205,8.62767481803894,2.3956862092018127,3.026729106903076,3.1233197450637817,0.8140623569488525,0.0,0.7416683435440063,81.0,8.0,13.0,40.0,9.0,11.0,10.0
2020-03-06 00:00:00+00:00,1238698122.0,6.71e-06,0.06118133,428300799.0,11.611676931381226,1.635737121105194,1.5380020141601562,0.8081332445144653,0.8222292065620422,3.5736660957336426,3.233909249305725,5.545458018779755,0.8449817895889282,0.0,4.159234404563904,0.0,1.4602569937705994,0.0,55.0,8.0,5.0,20.0,6.0,9.0,17.0
2020-03-07 00:00:00+00:00,1183231787.0,6.560000000000001e-06,0.05840858,411529339.0,17.008549749851227,1.412820816040039,7.38943213224411,4.984649240970612,0.8742913603782654,0.7065601944923401,6.490390241146088,2.405193030834198,0.0,0.75002521276474,1.655167818069458,0.0,0.0,0.0,75.0,3.0,17.0,36.0,5.0,2.0,32.0
2020-03-08 00:00:00+00:00,1027960317.0,6.26e-06,0.05074382,488233342.0,3.0125227570533752,0.0,0.0,1.5542956590652466,0.0,0.7183526754379272,0.7398744225502014,5.762293040752411,0.7604814767837524,2.5455198287963867,2.4562917351722717,0.0,0.0,0.0,43.0,7.0,10.0,18.0,3.0,1.0,6.0
2020-03-09 00:00:00+00:00,1051782273.0,6.55e-06,0.05191976,549172784.0,8.80568414926529,1.4730826020240784,0.7843979597091675,3.1043623089790344,0.0,4.2711005210876465,0.0,5.433662295341492,0.7448030114173889,1.4930601119995117,2.426314353942871,0.76948481798172,0.0,0.0,52.0,7.0,6.0,27.0,9.0,8.0,1.0
2020-03-10 00:00:00+00:00,1053174795.0,6.570000000000001e-06,0.0519885,416858440.0,6.625901103019714,0.0,0.8276717066764832,2.426863193511963,0.0,1.600089967250824,1.7712762355804443,5.215858221054077,0.0,0.0,4.458703577518463,0.0,0.0,0.757154643535614,33.0,1.0,1.0,18.0,5.0,4.0,8.0
2020-03-11 00:00:00+00:00,1020725925.0,6.37e-06,0.05038671,408137347.0,2.374144494533539,0.0,0.0,0.7332526445388794,0.0,0.7806470990180969,0.8602447509765625,2.4863322377204895,0.0,1.7463273406028748,0.0,0.0,0.0,0.7400048971176147,42.0,2.0,6.0,23.0,6.0,6.0,5.0
2020-03-12 00:00:00+00:00,678203363.0,6.6713727520494765e-06,0.0334758199363,527674821.0,12.936096727848053,6.040448486804962,0.0,3.217789888381958,0.8818650245666504,2.7959933280944824,0.0,7.626854956150055,1.6663240790367126,0.7721964716911316,4.278865158557892,0.0,0.0,0.9094692468643188,76.0,21.0,7.0,30.0,12.0,8.0,6.0
2020-03-13 00:00:00+00:00,800887496.0,7.1100000000000005e-06,0.03953145,747877049.0,11.153243601322174,0.0,3.3573362231254578,4.04443085193634,1.4699224829673767,2.2815540432929993,0.0,3.4486984610557556,0.0,0.0,3.4486984610557556,0.0,0.0,0.0,70.0,12.0,9.0,27.0,18.0,6.0,2.0
2020-03-14 00:00:00+00:00,755613087.0,7.17e-06,0.03729673,375613371.0,3.4266175627708435,0.8976932168006897,0.0,0.8718248009681702,0.0,1.6570995450019836,0.0,3.5001572370529175,0.8689326047897339,0.9162160754203796,1.715008556842804,0.0,0.0,0.0,32.0,5.0,2.0,22.0,4.0,3.0,1.0
2020-03-15 00:00:00+00:00,775568805.0,7.1e-06,0.03828174,362487211.0,4.008755147457123,0.0,0.0,2.303205668926239,0.0,1.7055494785308838,0.0,1.5297224521636963,0.7212640047073364,0.8084584474563599,0.8048518300056458,0.0,0.0,0.0,24.0,3.0,1.0,17.0,8.0,3.0,6.0
2020-03-16 00:00:00+00:00,712517917.0,7.01e-06,0.03516089,422559303.0,6.953656494617462,0.7618818283081055,0.7590610980987549,2.2007437348365784,0.0,2.4364349246025085,0.7955349087715149,2.4648921489715576,0.7456899881362915,1.7192021608352661,0.0,0.0,0.0,0.0,45.0,16.0,6.0,9.0,4.0,7.0,7.0
2020-03-17 00:00:00+00:00,746203867.0,7.049999999999999e-06,0.03681956,330129256.0,4.038633406162262,0.0,2.405762195587158,0.7351779937744141,0.8976932168006897,0.0,0.0,3.0312052369117737,0.7059684991836548,0.7982402443885803,1.5269964933395386,0.0,0.0,0.0,41.0,14.0,5.0,9.0,7.0,2.0,8.0
2020-03-18 00:00:00+00:00,729171228.0,6.87e-06,0.03597913,337020832.0,6.734819531440735,0.0,0.0,6.849706470966339,0.0,2.484889030456543,1.6833369731903076,2.2874064445495605,0.0,0.0,4.626855492591858,0.0,0.0,0.7500675320625305,33.0,3.0,0.0,35.0,4.0,12.0,5.0
2020-03-19 00:00:00+00:00,840940832.0,6.7e-06,0.04149412,457344869.0,8.793444097042084,0.9682945609092712,0.0,8.896494030952454,0.7388386130332947,0.7380368113517761,0.0,4.889213502407074,0.0,0.0,8.062803208827972,0.0,0.7550574541091919,0.0,41.0,2.0,1.0,55.0,5.0,3.0,4.0
2020-03-20 00:00:00+00:00,809105077.0,6.44e-06,0.0399193,403266374.0,2.582221210002899,0.0,0.0,0.9756423830986023,0.0,0.715517520904541,0.8910613059997559,4.277232468128204,1.772135853767395,0.0,2.5050966143608093,0.0,0.0,0.0,32.0,8.0,1.0,17.0,4.0,2.0,3.0
2020-03-21 00:00:00+00:00,803546868.0,6.4100000000000005e-06,0.03961576,356478474.0,7.542528510093689,0.8976932168006897,0.0,1.5601153373718262,0.8253347873687744,4.259385168552399,0.0,2.3823487758636475,0.0,1.532393217086792,0.8499555587768555,0.0,0.0,0.0,39.0,3.0,5.0,10.0,11.0,7.0,9.0
2020-03-22 00:00:00+00:00,754510428.0,6.38e-06,0.03719821,329105985.0,3.122126519680023,2.390866279602051,0.7312602400779724,0.0,0.0,0.0,0.0,2.6584585309028625,0.0,0.0,3.479547917842865,0.0,0.0,0.0,29.0,9.0,5.0,10.0,6.0,2.0,3.0
2020-03-23 00:00:00+00:00,796338243.0,6.12e-06,0.03926036,359628965.0,6.775492608547211,0.0,0.0,3.3478788137435913,0.7889379262924194,2.4909448623657227,0.9366689324378967,2.5461069345474243,0.0,0.0,5.578503489494324,0.0,0.0,0.0,34.0,2.0,0.0,22.0,9.0,6.0,7.0
2020-03-24 00:00:00+00:00,817640559.0,5.98e-06,0.04030463,366272224.0,15.21313363313675,0.0,0.0,7.844701111316681,2.3594536185264587,3.21897691488266,1.7900019884109497,5.213931441307068,0.0,2.241597592830658,2.97233384847641,0.0,0.0,0.0,72.0,4.0,7.0,48.0,10.0,5.0,3.0
2020-03-25 00:00:00+00:00,823198804.0,6.07e-06,0.04057862,312768244.0,4.058513700962067,0.7631394863128662,0.0,0.8241280913352966,0.0,2.471246123313904,0.0,1.4457384943962097,0.0,0.0,0.7299218773841858,0.0,0.7158166170120239,0.0,41.0,3.0,0.0,22.0,5.0,7.0,9.0
2020-03-26 00:00:00+00:00,862866842.0,6.33e-06,0.0425382,305069105.0,9.704658448696136,0.0,3.0651946663856506,0.7866928577423096,0.7024648189544678,1.727116584777832,3.4231895208358765,8.204452574253082,0.9692254662513733,1.5470504760742188,3.0503812432289124,0.998134434223175,1.6396609544754028,0.0,69.0,11.0,19.0,18.0,8.0,5.0,12.0
2020-03-27 00:00:00+00:00,835162598.0,6.36e-06,0.04117242,308504165.0,6.478520512580872,0.7210507392883301,0.0,1.8259299993515015,0.0,3.1297175884246826,0.8018221855163574,0.0,0.0,0.0,0.0,0.0,0.0,0.0,40.0,3.0,3.0,10.0,6.0,7.0,16.0
2020-03-28 00:00:00+00:00,810493534.0,6.4000000000000006e-06,0.03995627,340909985.0,6.287778615951538,1.544479250907898,0.7257503271102905,2.4141653776168823,0.0,0.8144890666007996,0.7888945937156677,0.7209060788154602,0.0,0.0,0.7209060788154602,0.0,0.0,0.0,25.0,4.0,4.0,9.0,7.0,2.0,4.0
2020-03-29 00:00:00+00:00,773422040.0,6.44e-06,0.03812869,266559124.0,7.982343852519989,0.0,0.0,1.528932809829712,0.8525203466415405,4.865756094455719,0.7351346015930176,3.0321598052978516,0.0,0.0,0.0,0.0,2.2873807549476624,0.7447790503501892,42.0,2.0,2.0,11.0,9.0,17.0,6.0
2020-03-30 00:00:00+00:00,815799548.0,6.25e-06,0.04020938,315377995.0,7.575798332691193,0.0,0.0,1.8199986815452576,0.0,1.6536387205123901,5.0465861558914185,4.262355089187622,0.9059204459190369,0.0,1.719109833240509,0.0,0.0,1.6373248100280762,50.0,3.0,1.0,10.0,5.0,9.0,29.0
2020-03-31 00:00:00+00:00,828716144.0,6.3399999999999994e-06,0.04084602,327644886.0,9.694849014282227,0.0,0.0,2.3180750608444214,1.4187365770339966,4.0155946016311646,2.646880626678467,0.8563265800476074,0.0,0.0,0.0,0.0,0.8563265800476074,0.0,48.0,4.0,0.0,9.0,6.0,7.0,27.0
2020-04-01 00:00:00+00:00,828110034.0,6.18e-06,0.04081614,302527865.0,9.007854580879211,0.0,0.0,3.4586141109466553,2.847240924835205,5.549240469932556,0.0,2.4286437034606934,0.9093319177627563,0.0,0.0,0.0,1.519311785697937,0.0,47.0,10.0,0.0,17.0,9.0,9.0,10.0
2020-04-02 00:00:00+00:00,838090888.0,6.08e-06,0.04130322,409126334.0,6.636264503002167,0.7007802128791809,0.8886796236038208,4.922465562820435,0.0,1.7127496004104614,0.0,2.648345649242401,0.0,0.0,2.648345649242401,0.0,0.0,0.0,51.0,15.0,6.0,27.0,6.0,3.0,3.0
2020-04-03 00:00:00+00:00,844346463.0,6.17e-06,0.04157054,381441115.0,15.225956380367279,1.613483726978302,0.0,7.1497427225112915,2.255635678768158,4.01530134677887,0.9207350611686707,1.44196617603302,0.0,0.0,1.603367269039154,0.0,0.0,0.7338353991508484,71.0,16.0,0.0,28.0,10.0,8.0,18.0
2020-04-04 00:00:00+00:00,851912645.0,6.11e-06,0.04194305,331158440.0,15.66301441192627,0.0,2.3583098649978638,4.785250306129456,0.0,1.5437359809875488,6.975718259811401,2.3606408834457397,0.8244280815124512,1.5362128019332886,0.0,0.0,0.0,0.0,52.0,7.0,11.0,16.0,6.0,3.0,14.0
2020-04-05 00:00:00+00:00,883293328.0,6.4000000000000006e-06,0.04348805,330675377.0,7.355523526668549,0.0,0.0,2.350755453109741,4.1695592403411865,1.6637306213378906,0.7809816598892212,0.7151284217834473,0.0,0.0,0.7151284217834473,0.0,0.0,0.0,51.0,14.0,3.0,23.0,10.0,5.0,3.0
2020-04-06 00:00:00+00:00,1004886536.0,6.8e-06,0.04947445,528856126.0,13.699145555496216,1.8446022868156433,4.868867039680481,0.7933123111724854,3.703625440597534,2.4545560479164124,0.7631245851516724,3.0970699787139893,0.756419837474823,0.0,1.5364667177200317,0.0,0.8041834235191345,0.0,94.0,28.0,29.0,15.0,21.0,5.0,7.0
2020-04-07 00:00:00+00:00,981643864.0,6.730000000000001e-06,0.04831724,535973254.0,11.955706596374512,1.632528007030487,3.7730385065078735,5.787454724311829,0.0,1.534500777721405,0.7812674045562744,3.141696572303772,0.0,0.9898654222488403,0.7179871797561646,0.8657208681106567,0.0,1.5579885244369507,51.0,5.0,16.0,21.0,8.0,3.0,10.0
2020-04-08 00:00:00+00:00,1035793439.0,6.95e-06,0.05098252,355554036.0,9.052380800247192,0.8305171728134155,0.9147007465362549,3.253347635269165,0.8976932168006897,3.13393896818161,0.9198762774467468,1.6676713228225708,0.7911494970321655,0.8869742751121521,0.8765218257904053,0.0,0.0,0.0,47.0,9.0,4.0,14.0,12.0,6.0,9.0
2020-04-09 00:00:00+00:00,1056100624.0,7.120814176559756e-06,0.0520091108066,420711996.0,18.198234021663666,0.8814340233802795,2.2750710248947144,10.396050930023193,2.2404664158821106,3.117021858692169,0.0,4.771363437175751,0.0,0.0,1.6452240943908691,1.4955703616142273,0.7339916825294495,0.8965772986412048,85.0,15.0,11.0,36.0,9.0,8.0,11.0
2020-04-10 00:00:00+00:00,970395077.0,6.96e-06,0.04778842,461485326.0,6.607331693172455,1.6067314147949219,0.0,1.5352182388305664,11.702619791030884,0.0,1.787615180015564,0.9674161672592163,0.0,0.9674161672592163,0.0,0.7225849628448486,0.0,0.0,26.0,3.0,2.0,9.0,21.0,4.0,7.0
2020-04-11 00:00:00+00:00,1006177930.0,7.2199999999999995e-06,0.0495506,426515998.0,12.90347683429718,1.5510655045509338,0.0,9.282001793384552,6.37038516998291,3.13493949174881,2.572903096675873,3.4236382842063904,0.9455286264419556,0.0,3.2558507919311523,0.0,0.0,0.0,56.0,9.0,1.0,37.0,16.0,7.0,10.0
2020-04-12 00:00:00+00:00,1003951385.0,7.09e-06,0.04944095,411810328.0,9.268466114997864,0.704871654510498,0.8826627731323242,1.7460044026374817,3.0034889578819275,3.244919538497925,3.5877009630203247,0.8198384642601013,0.0,0.0,0.0,0.0,0.0,0.8198384642601013,51.0,5.0,7.0,24.0,12.0,5.0,12.0
2020-04-13 00:00:00+00:00,981647942.0,7.059999999999999e-06,0.04833928,530770069.0,16.60646516084671,2.5196183919906616,0.0,8.242203652858734,0.832167387008667,2.4811086654663086,2.531367063522339,1.6291982531547546,0.0,0.0,1.6291982531547546,0.0,0.0,0.938596785068512,46.0,9.0,0.0,22.0,6.0,4.0,10.0
2020-04-14 00:00:00+00:00,974995797.0,7.012862381104804e-06,0.0480069822424,507276326.0,20.24932551383972,5.655812323093414,1.6711520552635193,5.457152605056763,0.0,4.92964506149292,2.5355634689331055,4.725663602352142,0.0,0.0,2.379744589328766,0.0,1.55152428150177,0.7943947315216064,64.0,17.0,2.0,24.0,4.0,8.0,13.0
2020-04-15 00:00:00+00:00,943367109.0,6.99e-06,0.04640851,468836578.0,9.079253733158112,1.6555368304252625,0.0,4.6772560477256775,2.4976078867912292,0.9400437474250793,0.9245103597640991,3.830128490924835,0.8399711847305298,0.0,2.9901573061943054,0.0,0.0,0.0,56.0,11.0,0.0,32.0,8.0,2.0,9.0
2020-04-16 00:00:00+00:00,1000279184.0,6.914618346344908e-06,0.0492082452305,628639800.0,10.777426362037659,5.232486963272095,0.0,3.263792395591736,0.0,2.281147003173828,0.0,2.4036335945129395,0.8455923795700073,0.709809422492981,0.8482317924499512,0.8020516037940979,0.0,0.0,53.0,21.0,3.0,16.0,8.0,5.0,12.0
2020-04-17 00:00:00+00:00,997465227.0,6.91e-06,0.04906981,478450043.0,8.041657090187073,1.804619550704956,0.0,3.8776975274086,0.0,0.0,2.359340012073517,4.741205990314484,2.464949369430542,0.0,1.442141830921173,0.0,0.0,0.8341147899627686,46.0,13.0,1.0,20.0,7.0,6.0,6.0
2020-04-18 00:00:00+00:00,1026552161.0,6.96e-06,0.05050073,534672464.0,13.743984520435333,3.350719928741455,2.3447681069374084,6.494742453098297,0.0,2.4653664231300354,0.7622237801551819,2.5214481949806213,1.8175655603408813,0.0,0.0,0.0,0.70388263463974,0.0,59.0,12.0,7.0,24.0,16.0,7.0,5.0
2020-04-19 00:00:00+00:00,1000295700.0,6.84e-06,0.04920906,523219785.0,12.011546194553375,1.464189350605011,1.5971922278404236,4.02121514081955,1.7561334371566772,4.064222872257233,0.0,5.168460965156555,0.8886620402336121,1.734221339225769,0.7770453691482544,0.9507380723953247,0.817794144153595,0.0,45.0,11.0,5.0,14.0,12.0,8.0,3.0
2020-04-20 00:00:00+00:00,1016304947.0,7.26e-06,0.04999663,742154168.0,23.508335411548615,0.8976932168006897,9.524826526641846,3.326574683189392,0.0,7.4061726331710815,2.3530683517456055,12.373105943202972,1.6901350617408752,7.500752210617065,0.0,0.0,0.7831963300704956,2.399022340774536,130.0,27.0,65.0,13.0,8.0,12.0,13.0
2020-04-21 00:00:00+00:00,1041476633.0,7.440000000000001e-06,0.05122227,495416209.0,13.94741576910019,1.4641757607460022,0.0,4.222337245941162,2.1852389574050903,4.958204627037048,3.3026981353759766,0.7876307368278503,0.0,0.7876307368278503,0.0,0.0,0.0,0.0,55.0,9.0,7.0,20.0,11.0,8.0,11.0
2020-04-22 00:00:00+00:00,1114471012.0,7.7e-06,0.0548123,561155181.0,20.071981012821198,0.7554163336753845,2.3882800936698914,8.779644131660461,2.258431315422058,1.540155291557312,4.35005384683609,6.611566126346588,0.0,2.619899034500122,0.7907204627990723,0.715618371963501,1.5805853605270386,0.9047428965568542,111.0,38.0,20.0,24.0,17.0,7.0,20.0
2020-04-23 00:00:00+00:00,1252739814.0,8.31e-06,0.06173749,993914721.0,39.77093321084976,3.4030412435531616,15.101437985897064,8.043219208717346,9.305111825466156,7.841298699378967,0.0,33.983713269233704,5.0427244901657104,15.593229949474335,9.295567274093628,3.3460344672203064,0.7061570882797241,0.0,307.0,60.0,133.0,54.0,56.0,16.0,10.0
2020-04-24 00:00:00+00:00,1250272939.0,8.159933855104209e-06,0.0616114419516,670940479.0,19.291634798049927,3.245405673980713,1.5654663443565369,7.362419009208679,3.04744029045105,3.0924418568611145,2.4981377720832825,8.106698632240295,4.135335206985474,1.4977903366088867,0.0,0.0,1.6587783694267273,0.8147947192192078,105.0,33.0,25.0,20.0,19.0,11.0,8.0
2020-04-25 00:00:00+00:00,1261444743.0,8.210000000000001e-06,0.06215278,526584850.0,32.43858653306961,7.161138653755188,3.199447453022003,3.2174898386001587,2.9440402388572693,9.13242357969284,9.227700471878052,3.808481454849243,1.5711116194725037,0.7600178718566895,2.220276653766632,0.0,0.0,0.0,123.0,53.0,10.0,26.0,14.0,13.0,26.0
2020-04-26 00:00:00+00:00,1268496925.0,8.14e-06,0.06250025,550894044.0,22.569947838783264,6.271850824356079,1.5202921032905579,5.832195460796356,4.9520644545555115,4.914099037647247,2.586634874343872,0.720146656036377,0.720146656036377,0.0,0.0,0.0,0.0,0.0,94.0,32.0,8.0,27.0,19.0,9.0,12.0
2020-04-27 00:00:00+00:00,1367271243.0,8.64e-06,0.06736697,711801196.0,16.455738127231598,2.363201856613159,6.290709435939789,2.3011633157730103,3.121823728084564,3.2432044744491577,0.7023975849151611,4.198521137237549,0.0,0.0,0.7561661601066589,1.770545482635498,2.427975654602051,0.0,117.0,27.0,42.0,15.0,18.0,11.0,11.0
2020-04-28 00:00:00+00:00,1401987694.0,8.84e-06,0.06902137,820842387.0,54.26639652252197,10.1789670586586,7.205460965633392,19.52576231956482,8.349372863769531,9.937508821487427,0.7286362051963806,11.618207812309265,3.2508073449134827,2.582932472229004,4.113772332668304,0.7831044793128967,0.8875911831855774,0.0,250.0,84.0,39.0,77.0,39.0,22.0,7.0
2020-04-29 00:00:00+00:00,1469869070.0,8.220000000000001e-06,0.07235018,929790801.0,34.51447868347168,4.87187534570694,3.4175596237182617,10.745240867137909,1.4647064805030823,15.475510358810425,2.4571462869644165,12.88873702287674,2.4710053205490112,3.1580970883369446,3.1695059537887573,0.7169325351715088,2.485562562942505,0.8876335620880127,172.0,32.0,35.0,58.0,18.0,29.0,16.0
2020-04-30 00:00:00+00:00,1375477544.0,7.82e-06,0.06769736,859662107.0,22.77045178413391,4.020563066005707,2.4855797290802,12.473647892475128,7.901517271995544,3.1894858479499817,0.79197096824646,14.442378759384155,1.4598221182823181,1.5723970532417297,12.440706491470337,1.8922759294509888,0.8260873556137085,1.4933459162712097,129.0,16.0,22.0,86.0,25.0,8.0,11.0
2020-05-01 00:00:00+00:00,1488125623.0,8.26e-06,0.07322218,764134318.0,22.322659850120544,4.957397162914276,2.625234842300415,6.366640985012054,1.522078275680542,6.588952124118805,0.9741666913032532,11.566008627414703,2.5205137729644775,6.675120949745178,3.1523640155792236,0.0,0.0,0.0,121.0,30.0,37.0,39.0,11.0,13.0,9.0
2020-05-02 00:00:00+00:00,1533468385.0,8.390000000000001e-06,0.07545021,721153691.0,27.514158964157104,5.83452969789505,8.886435389518738,8.433118164539337,0.8603577613830566,1.7124751806259155,1.7872427701950073,9.283074796199799,0.8646369576454163,3.5139635801315308,5.739010035991669,0.7048866748809814,0.0,0.0,152.0,45.0,47.0,40.0,11.0,5.0,13.0
2020-05-03 00:00:00+00:00,1485822965.0,8.220000000000001e-06,0.07310594,755013661.0,15.198172509670258,0.8611741662025452,2.14945387840271,4.2043991684913635,3.407461702823639,4.883559286594391,1.4702692031860352,7.423602759838104,0.0,3.368486702442169,1.6165984869003296,0.0,2.4385175704956055,0.0,94.0,23.0,16.0,23.0,12.0,19.0,9.0
2020-05-04 00:00:00+00:00,1499859162.0,8.269999999999999e-06,0.07373761,701073658.0,31.41771000623703,9.206453084945679,2.8370171189308167,10.593560993671417,3.346592664718628,7.400990724563599,2.360478401184082,7.107271313667297,1.7145612239837646,2.4592812061309814,2.2247313857078552,0.0,0.708697497844696,0.0,129.0,33.0,16.0,40.0,14.0,25.0,12.0
2020-05-05 00:00:00+00:00,1473562699.0,8.050000000000001e-06,0.0724448,572848081.0,24.57462966442108,9.342966437339783,0.0,4.873999714851379,1.7822144031524658,7.900811791419983,1.5591585040092468,9.602732121944427,4.125415921211243,0.0,4.676305711269379,0.0,0.8010104894638062,0.0,111.0,33.0,2.0,44.0,9.0,17.0,15.0
2020-05-06 00:00:00+00:00,1439039457.0,7.68e-06,0.07119494,634319026.0,19.899991989135742,4.2666210532188416,3.3422351479530334,4.160675942897797,1.6180697083473206,6.554972052574158,1.7892605066299438,6.4690001010894775,0.9071370959281921,0.0,4.648412227630615,0.0,0.7417688369750977,1.6049272418022156,91.0,15.0,15.0,25.0,13.0,14.0,23.0
2020-05-07 00:00:00+00:00,1463234295.0,7.27e-06,0.07232102,676902337.0,32.52312731742859,7.744811832904816,5.609465479850769,8.91510134935379,2.18224173784256,9.361570358276367,1.630124807357788,16.04561847448349,6.234354734420776,3.446511685848236,5.5587257742881775,0.0,0.0,0.8060262799263,152.0,38.0,28.0,57.0,15.0,16.0,17.0
2020-05-08 00:00:00+00:00,1479854901.0,7.43e-06,0.0731425,615940985.0,23.332580626010895,3.3081551790237427,4.708574593067169,7.35293710231781,1.5745052695274353,4.863048791885376,1.5253596901893616,6.9492029547691345,3.2031705379486084,1.8256292939186096,1.9204031229019165,0.0,0.0,0.0,107.0,18.0,28.0,27.0,20.0,9.0,11.0
2020-05-09 00:00:00+00:00,1456076972.0,7.50349273276981e-06,0.0719672686259,571628673.0,13.35047334432602,2.3694152235984802,0.7402711510658264,0.7999205589294434,2.3213136792182922,6.196462154388428,2.346711039543152,5.105627357959747,1.6917333006858826,1.7434791922569275,1.6537001132965088,0.0,0.7216556072235107,0.9487592577934265,67.0,10.0,10.0,27.0,10.0,11.0,11.0
2020-05-10 00:00:00+00:00,1301301205.0,7.35e-06,0.06431741,820471098.0,16.74865609407425,5.579546809196472,1.6799595355987549,6.324392676353455,0.8620361685752869,2.2497005462646484,0.9150565266609192,8.12998080253601,4.5804489850997925,1.7254155278205872,0.9120688438415527,0.0,0.9120474457740784,0.0,74.0,26.0,6.0,20.0,11.0,13.0,8.0
2020-05-11 00:00:00+00:00,1270451826.0,7.2999999999999996e-06,0.06279266,676862243.0,17.725592374801636,0.7053973078727722,0.0,7.499734699726105,1.5499368906021118,6.331261038780212,2.4284117221832275,5.07448947429657,0.0,3.4961755871772766,0.0,0.0,1.5783138871192932,0.0,80.0,9.0,9.0,32.0,13.0,18.0,8.0
2020-05-12 00:00:00+00:00,1414360075.0,7.94e-06,0.06990539,717258193.0,27.94164490699768,1.7953864336013794,1.5932573080062866,8.549963593482971,0.8976932168006897,3.874817430973053,13.603136718273163,4.815228164196014,0.7736285924911499,3.3288264870643616,0.7127730846405029,0.0,0.0,0.921406626701355,119.0,15.0,26.0,30.0,10.0,16.0,38.0
2020-05-13 00:00:00+00:00,1412139411.0,7.53e-06,0.06979562,668016410.0,21.086150646209717,0.0,1.490079939365387,7.664561212062836,0.8976932168006897,3.8643078804016113,9.610644102096558,4.810203492641449,0.0,0.7060887813568115,2.4811205863952637,0.0,1.6229941248893738,0.0,105.0,10.0,12.0,49.0,12.0,11.0,21.0
2020-05-14 00:00:00+00:00,1397983079.0,7.1e-06,0.06908228,667445362.0,24.39136016368866,5.6063820123672485,3.256093680858612,8.30031156539917,0.0,5.745569884777069,1.48300302028656,8.578426480293274,0.0,0.8335338830947876,5.095783293247223,0.0,2.6491093039512634,0.0,95.0,9.0,13.0,51.0,11.0,18.0,9.0
2020-05-15 00:00:00+00:00,1362150639.0,7.23e-06,0.0674058,589459285.0,10.464043498039246,1.6012309789657593,0.7420240044593811,6.664085566997528,0.0,0.7850679159164429,1.6258590817451477,5.678806364536285,0.9197490811347961,0.0,4.039518058300018,0.0,1.6400745511054993,0.0,89.0,17.0,3.0,50.0,15.0,8.0,11.0
2020-05-16 00:00:00+00:00,1376378510.0,7.26e-06,0.06810986,433441328.0,11.533249735832214,1.4776763319969177,0.0,7.5490294098854065,0.7802268862724304,0.8543601036071777,1.7849051356315613,5.955255329608917,0.8978140950202942,0.7756704688072205,4.281770765781403,0.0,0.0,0.0,71.0,10.0,5.0,45.0,8.0,4.0,8.0
2020-05-17 00:00:00+00:00,1396389891.0,7.15e-06,0.06910012,530947005.0,15.33450835943222,2.3757539987564087,2.4586097598075867,7.807783544063568,0.0,1.6162285208702087,1.8523244261741638,4.864892065525055,1.6685194969177246,1.541339099407196,2.4196459650993347,0.0,0.0,0.0,89.0,17.0,18.0,36.0,7.0,6.0,13.0
2020-05-18 00:00:00+00:00,1416488699.0,7.21e-06,0.07009471,594262835.0,13.843099057674408,4.7828169465065,0.7694383859634399,2.6151506304740906,0.8976932168006897,3.191326141357422,1.5866737365722656,4.146284818649292,3.3037317991256714,0.8425530195236206,0.0,0.0,0.0,0.0,71.0,24.0,4.0,20.0,9.0,7.0,13.0
2020-05-19 00:00:00+00:00,1402362858.0,7.1299999999999995e-06,0.0693888,427647345.0,24.995900690555573,8.050677597522736,2.580742597579956,8.037879943847656,3.1433221101760864,4.913548052310944,1.5553387999534607,3.258260488510132,3.258260488510132,0.0,0.0,0.0,0.0,0.0,85.0,38.0,3.0,25.0,10.0,10.0,8.0
2020-05-20 00:00:00+00:00,1434978249.0,7.45e-06,0.07099207,530728877.0,39.21044313907623,10.568111062049866,8.13089793920517,9.784550547599792,1.4751884937286377,8.338645279407501,1.6298453211784363,9.0086550116539,5.605383276939392,1.7156153321266174,2.5277034044265747,0.0,0.0,0.0,149.0,58.0,29.0,39.0,7.0,13.0,9.0
2020-05-21 00:00:00+00:00,1348531930.0,7.34e-06,0.06669885,504379554.0,17.037990748882294,1.6451067924499512,0.0,10.069639444351196,0.8976932168006897,2.4684552550315857,3.8040321469306946,5.830897271633148,0.8018538951873779,0.0,4.173582375049591,0.0,0.0,0.8554610013961792,86.0,19.0,2.0,35.0,7.0,7.0,26.0
2020-05-22 00:00:00+00:00,1378932378.0,7.42e-06,0.06816706,473521124.0,14.783564329147339,1.4115407466888428,1.513016700744629,4.809328258037567,0.7258144021034241,4.458909034729004,2.590769588947296,5.002351880073547,0.0,0.7761242985725403,1.6758517622947693,0.0,1.6838610768318176,1.7456501126289368,85.0,15.0,13.0,30.0,5.0,11.0,16.0
2020-05-23 00:00:00+00:00,1367629026.0,7.34e-06,0.06760829,400282442.0,6.2550541162490845,1.6243252158164978,0.0,0.8430608510971069,0.7411156892776489,1.591312289237976,1.4552400708198547,4.262620389461517,1.663950264453888,0.8860208988189697,0.0,0.0,1.7126492261886597,0.0,62.0,12.0,3.0,24.0,11.0,9.0,8.0
2020-05-24 00:00:00+00:00,1312039239.0,7.38e-06,0.06486022,390536763.0,12.927566289901733,4.425480008125305,0.0,0.7616457343101501,4.53539103269577,0.7635085582733154,2.4415409564971924,2.495800793170929,0.7893534898757935,0.0,0.7401469945907593,0.8057867884635925,0.0,1.618790864944458,47.0,9.0,2.0,11.0,13.0,5.0,15.0
2020-05-25 00:00:00+00:00,1337081467.0,7.42e-06,0.06609818,450549233.0,14.409555733203888,0.7325971722602844,0.0,5.702986240386963,0.896185576915741,4.624702334403992,2.453084409236908,0.9742621183395386,0.9742621183395386,0.0,0.0,0.0,0.0,0.0,52.0,6.0,2.0,20.0,9.0,12.0,9.0
2020-05-26 00:00:00+00:00,1317774370.0,7.37e-06,0.06514374,371589056.0,9.974822998046875,0.9128615260124207,1.8135083317756653,3.989820182323456,0.7875313758850098,0.7139500975608826,1.757151484489441,3.396341860294342,1.7856351733207703,0.0,2.5283265709877014,0.0,0.0,0.0,47.0,5.0,4.0,22.0,9.0,3.0,11.0
2020-05-27 00:00:00+00:00,1340745542.0,7.2199999999999995e-06,0.06625244,437929645.0,9.960239887237549,1.782550573348999,0.8055802583694458,3.269282341003418,0.0,2.420510947704315,1.6823157668113708,3.2464135885238647,0.950715184211731,0.0,0.7213968634605408,0.8028134703636169,0.0,0.7714880704879761,47.0,11.0,4.0,21.0,6.0,3.0,6.0
2020-05-28 00:00:00+00:00,1394505654.0,7.23e-06,0.06886474,453361150.0,25.18489682674408,0.781707763671875,0.7518844604492188,8.757130205631256,0.7094515562057495,14.223219633102417,1.55780690908432,7.189992547035217,0.8120982050895691,1.6220179796218872,3.2586020827293396,0.7205319404602051,0.7767423391342163,0.0,93.0,7.0,18.0,32.0,8.0,24.0,10.0
2020-05-29 00:00:00+00:00,1374858679.0,7.190000000000001e-06,0.06787608,440276090.0,11.78500896692276,0.0,1.576381266117096,3.897544205188751,0.0,5.560392439365387,1.6380221247673035,4.326272368431091,0.0,0.815421998500824,3.1973230838775635,0.9819345474243164,0.0,0.8170159459114075,62.0,4.0,10.0,27.0,8.0,11.0,12.0
2020-05-30 00:00:00+00:00,1467241702.0,7.47e-06,0.07243585,510303238.0,13.170219838619232,0.0,7.189171612262726,5.221989095211029,0.0,0.0,1.7426990866661072,5.062492728233337,1.6146019101142883,0.9206610918045044,2.5272297263145447,0.0,0.0,0.0,96.0,17.0,34.0,30.0,5.0,4.0,12.0
2020-05-31 00:00:00+00:00,1430686844.0,7.463453336366132e-06,0.0706311792536,636333557.0,7.607567250728607,0.731058657169342,2.909986972808838,2.2854893803596497,0.7337971329689026,1.6810322403907776,0.0,10.545630395412445,1.7604535222053528,7.878540515899658,0.0,0.9066363573074341,0.0,0.0,170.0,63.0,56.0,24.0,18.0,4.0,10.0
2020-06-01 00:00:00+00:00,1530037893.0,7.43e-06,0.07551779,620504741.0,16.98077094554901,1.6246461868286133,3.190983831882477,4.476003050804138,8.328776121139526,6.827258765697479,0.8618791103363037,4.97464644908905,0.0,2.4435251355171204,0.0,0.7360836267471313,1.7950376868247986,0.0,107.0,24.0,39.0,14.0,15.0,20.0,9.0
2020-06-02 00:00:00+00:00,1606538500.0,8.32e-06,0.07928383,798043368.0,27.2859405875206,2.475764513015747,11.153584957122803,7.241607189178467,7.1210514307022095,2.254217267036438,0.0,12.037867069244385,1.7561109066009521,5.180885016918182,0.8505364060401917,4.250334739685059,0.0,0.0,221.0,77.0,57.0,35.0,40.0,11.0,9.0
2020-06-03 00:00:00+00:00,1674678758.0,8.560000000000001e-06,0.08263233,625675420.0,13.939241468906403,1.6247586607933044,3.3852298259735107,3.979193389415741,6.042549729347229,4.878152370452881,0.8911758661270142,12.014334797859192,3.061834990978241,4.121722877025604,0.7248978018760681,0.0,2.390469551086426,1.7154095768928528,129.0,52.0,30.0,15.0,27.0,11.0,6.0
2020-06-04 00:00:00+00:00,1673792979.0,8.42e-06,0.08247631,728954392.0,28.52872383594513,2.1493239998817444,8.614599406719208,9.820851385593414,7.651602029800415,2.5145543217658997,1.485266387462616,11.756709218025208,0.9352418780326843,3.1159483790397644,3.676157295703888,1.6974241137504578,2.331937551498413,0.0,161.0,31.0,35.0,30.0,41.0,12.0,18.0
2020-06-05 00:00:00+00:00,1613749746.0,8.23e-06,0.07951767,643282514.0,8.29974365234375,1.7253199219703674,0.8420575261116028,1.6298024654388428,5.907801866531372,3.219908118247986,1.774497926235199,5.794595241546631,0.0,2.477294147014618,1.7244395017623901,0.0,1.5928615927696228,0.0,78.0,14.0,16.0,16.0,13.0,14.0,16.0
2020-06-06 00:00:00+00:00,1621164012.0,8.269999999999999e-06,0.07988274,499450887.0,3.1517441868782043,1.6465594172477722,0.0,1.6298784613609314,3.8328817486763,0.0,0.7328923344612122,4.019506990909576,0.8342422246932983,0.7192471027374268,2.4660176634788513,0.0,0.0,0.0,48.0,10.0,9.0,17.0,16.0,2.0,6.0
2020-06-07 00:00:00+00:00,1603256958.0,8.1e-06,0.07900037,497548454.0,7.10408478975296,0.7227926254272461,1.4849497079849243,1.6591829657554626,2.365287482738495,1.575935423374176,0.7635308504104614,2.6865636706352234,0.0,0.8973724246025085,0.0,0.0,0.0,1.7891912460327148,62.0,17.0,6.0,17.0,5.0,7.0,15.0
2020-06-08 00:00:00+00:00,1623135635.0,8.1850256842975e-06,0.0799798923976,395460341.0,16.93802320957184,0.0,3.1865110993385315,5.265208423137665,2.217042624950409,8.486303687095642,0.0,2.638200283050537,0.8695940971374512,0.8927525877952576,0.8758535981178284,0.0,0.0,0.7348147034645081,62.0,9.0,13.0,20.0,7.0,16.0,7.0
2020-06-09 00:00:00+00:00,1594834476.0,8.02e-06,0.07857568,431553013.0,13.71060848236084,4.710648894309998,0.0,4.040738463401794,3.7032139897346497,2.560535967350006,3.28596168756485,3.940193235874176,0.742591381072998,2.464655876159668,0.73294597864151,0.0,0.0,0.0,63.0,17.0,5.0,23.0,6.0,6.0,17.0
2020-06-10 00:00:00+00:00,1597627957.0,7.97e-06,0.07865711,462922723.0,15.453594386577606,0.8635302186012268,3.282953917980194,6.779677212238312,2.9351885318756104,3.0616413950920105,2.3642889857292175,2.4562543630599976,0.0,0.0,1.5829678177833557,0.0,0.8732865452766418,0.0,76.0,15.0,15.0,27.0,4.0,8.0,13.0
2020-06-11 00:00:00+00:00,1450975222.0,7.663483788111894e-06,0.071428963258,590703454.0,9.815995991230011,1.6125813722610474,1.7445983290672302,3.9837523698806763,4.671009719371796,0.0,1.6369359493255615,6.782253801822662,0.7712540626525879,0.9579039812088013,2.7158409357070923,0.0,2.337254822254181,0.0,90.0,43.0,10.0,27.0,6.0,5.0,5.0
2020-06-12 00:00:00+00:00,1483473445.0,7.7e-06,0.07302879,463002957.0,12.657049655914307,3.107189416885376,5.338752746582031,1.5492563247680664,2.2013913989067078,0.8820602893829346,1.7797908782958984,3.3807488679885864,0.0,0.720499575138092,2.6602492928504944,0.0,0.0,0.0,90.0,40.0,11.0,25.0,5.0,3.0,10.0
2020-06-13 00:00:00+00:00,1509215958.0,7.84e-06,0.07429605,388991889.0,9.615020513534546,0.0,0.8276828527450562,8.22962498664856,2.909236788749695,2.346147835254669,2.2378445863723755,4.80524617433548,0.0,0.7822880744934082,7.362721502780914,0.0,0.0,0.0,70.0,9.0,6.0,55.0,6.0,8.0,12.0
2020-06-14 00:00:00+00:00,1450664398.0,7.61e-06,0.07141366,389719568.0,10.750418722629547,0.7289348840713501,0.7897923588752747,3.082365095615387,2.2013913989067078,2.3106805086135864,3.838645875453949,1.9058206677436829,0.926942765712738,0.9788779020309448,0.0,0.0,0.0,0.0,69.0,31.0,5.0,12.0,7.0,4.0,14.0
2020-06-15 00:00:00+00:00,1445343911.0,7.519999999999999e-06,0.07110974,475868940.0,13.786619007587433,0.0,0.7182934284210205,7.414902865886688,5.113122045993805,1.7129316926002502,3.2198320031166077,3.150391936302185,0.0,1.4987928867340088,1.6515990495681763,0.0,0.0,0.0,68.0,27.0,6.0,20.0,9.0,8.0,6.0
2020-06-16 00:00:00+00:00,1448273934.0,7.47e-06,0.07124686,422477438.0,12.231484711170197,2.739673674106598,0.8132533431053162,4.765880465507507,4.493641197681427,2.303628087043762,0.8121059536933899,4.191084146499634,0.9420126080513,1.6696165204048157,1.579455018043518,0.0,0.0,0.0,61.0,17.0,8.0,22.0,6.0,6.0,7.0
2020-06-17 00:00:00+00:00,1461552415.0,7.58e-06,0.07189301,460635041.0,28.332803666591644,13.16001570224762,7.853475630283356,4.309023499488831,5.1332807540893555,2.3047834038734436,0.0,8.95992624759674,0.7026820778846741,7.400403320789337,0.8568408489227295,0.0,0.0,0.0,113.0,34.0,43.0,23.0,9.0,7.0,4.0
2020-06-18 00:00:00+00:00,1443001131.0,7.54e-06,0.0709368,396472624.0,11.958879828453064,3.38971608877182,0.0,3.9497838020324707,4.663547217845917,2.1737061738967896,0.0,7.821749269962311,4.698446869850159,0.0,3.123302400112152,0.0,0.0,0.0,86.0,24.0,2.0,39.0,9.0,6.0,9.0
2020-06-19 00:00:00+00:00,1409123910.0,7.46e-06,0.06927143,409199952.0,12.507700622081757,0.0,1.5553436875343323,6.860021591186523,3.7353816628456116,3.347050189971924,0.745285153388977,4.268600165843964,2.624245584011078,0.0,1.6443545818328857,0.0,0.0,0.0,69.0,9.0,4.0,37.0,6.0,9.0,13.0
2020-06-20 00:00:00+00:00,1422347087.0,7.49e-06,0.06992147,373213605.0,9.798975050449371,0.0,0.7013071775436401,7.695698499679565,2.9474393129348755,2.281863749027252,0.7669388651847839,4.812043070793152,0.7650318145751953,3.2485639452934265,0.0,0.0,0.79844731092453,0.0,51.0,8.0,10.0,26.0,4.0,6.0,6.0
2020-06-21 00:00:00+00:00,1398656168.0,7.3899999999999995e-06,0.06875684,329921806.0,11.585484445095062,0.0,4.059155523777008,5.980355143547058,2.23269385099411,0.7853878140449524,0.7605859637260437,6.30642294883728,0.0,1.7126787304878235,2.8982906341552734,0.0,0.8815895915031433,0.81386399269104,45.0,4.0,10.0,22.0,3.0,2.0,8.0
2020-06-22 00:00:00+00:00,1462957211.0,7.45e-06,0.0718719,414440267.0,14.961796462535858,6.315604329109192,1.581987977027893,3.150571584701538,3.6430339217185974,3.113816797733307,0.7998157739639282,2.6796875,0.0,0.8935163021087646,0.9470164179801941,0.0,0.0,0.8391547799110413,73.0,18.0,11.0,24.0,8.0,14.0,6.0
2020-06-23 00:00:00+00:00,1449814789.0,7.4e-06,0.07121924,377047281.0,16.70771360397339,0.0,1.4667171239852905,5.695658802986145,3.730733871459961,8.219208836555481,2.3011326789855957,4.22928249835968,0.0,1.614839792251587,2.6144427061080933,0.0,0.0,0.0,76.0,11.0,16.0,29.0,6.0,12.0,9.0
2020-06-24 00:00:00+00:00,1408369587.0,7.43e-06,0.06917314,372491015.0,15.611291289329529,2.4712024927139282,2.421840250492096,10.718248546123505,2.9248687624931335,0.0,0.0,2.4776812195777893,0.0,0.0,2.4776812195777893,0.0,0.0,0.0,82.0,18.0,9.0,44.0,5.0,2.0,8.0
2020-06-25 00:00:00+00:00,1381485775.0,7.326712738196291e-06,0.0678526499893,331059537.0,9.664722681045532,0.0,3.1674177646636963,4.895257115364075,2.9351885318756104,1.6020478010177612,0.0,1.4772801995277405,0.0,1.4772801995277405,0.0,0.0,0.0,0.0,50.0,4.0,13.0,23.0,5.0,2.0,8.0
2020-06-26 00:00:00+00:00,1366632576.0,7.32e-06,0.06709676,314879213.0,8.273483872413635,0.7205047607421875,0.0,6.695828676223755,3.0585418343544006,0.0,0.0,4.0665594935417175,0.0,0.0,3.2239440083503723,0.0,0.8426154851913452,0.0,47.0,5.0,2.0,30.0,9.0,1.0,4.0
2020-06-27 00:00:00+00:00,1287031296.0,6.99e-06,0.06318862,283951205.0,4.075467646121979,1.6274271607398987,0.0,0.7457948923110962,2.9367867708206177,0.74090975522995,0.9613358378410339,0.9826823472976685,0.0,0.0,0.0,0.0,0.9826823472976685,0.0,31.0,10.0,3.0,15.0,5.0,2.0,5.0
2020-06-28 00:00:00+00:00,1311264186.0,7.04e-06,0.06437837,220022782.0,7.01684433221817,0.0,0.8198648691177368,3.062273383140564,3.684636890888214,1.472163736820221,2.4797604084014893,5.576600611209869,0.0,0.0,3.941442310810089,0.0,0.0,1.6351583003997803,42.0,3.0,8.0,14.0,6.0,4.0,13.0
2020-06-29 00:00:00+00:00,1329303256.0,7.1e-06,0.06526355,291925173.0,9.923376441001892,0.8622708320617676,0.7891426086425781,5.7335404753685,4.413780033588409,2.5384225249290466,0.0,5.614020109176636,0.7329636812210083,0.7242014408111572,1.701116919517517,0.0,0.0,2.455738067626953,53.0,7.0,13.0,20.0,8.0,6.0,6.0
2020-06-30 00:00:00+00:00,1366048832.0,7.34e-06,0.06706762,289552123.0,16.89639985561371,0.7185953855514526,6.5720571875572205,5.021372139453888,4.406874120235443,1.545391321182251,2.275143623352051,3.1491721272468567,0.0,1.5111485719680786,1.638023555278778,0.0,0.0,0.0,81.0,18.0,31.0,20.0,9.0,3.0,6.0
2020-07-01 00:00:00+00:00,1396163621.0,7.422658173284058e-06,0.0685195941957,317101378.0,13.070318520069122,0.7273743748664856,2.5962807536125183,3.133437156677246,0.0,4.0998804569244385,2.513345777988434,3.3841311931610107,1.6737245321273804,0.0,0.0,0.0,0.8558225631713867,0.8545840978622437,61.0,7.0,17.0,16.0,6.0,6.0,14.0
2020-07-02 00:00:00+00:00,1393145334.0,7.4905279218078565e-06,0.0683561507102,290522599.0,19.782357573509216,0.8286003470420837,4.969169795513153,8.56936228275299,2.966094136238098,4.815373659133911,0.0,5.506089210510254,0.8237512707710266,1.584901511669159,3.8778186440467834,0.0,0.7388924360275269,0.0,87.0,11.0,17.0,45.0,9.0,9.0,11.0
2020-07-03 00:00:00+00:00,1370421532.0,7.4019653627868055e-06,0.0672411834486,204140097.0,12.888729393482208,2.530677855014801,0.8976932168006897,4.159800708293915,0.7506105303764343,3.8301318287849426,0.7198152542114258,2.540411949157715,0.0,0.0,1.55184406042099,0.0,1.796176254749298,0.0,56.0,8.0,8.0,26.0,4.0,10.0,4.0
2020-07-04 00:00:00+00:00,1383175868.0,7.43e-06,0.06786699,218498800.0,6.631235599517822,0.8151879906654358,0.8467194437980652,2.53422087430954,0.7961261868476868,1.6329416036605835,0.802165687084198,3.3140010833740234,2.442608892917633,0.8713921904563904,0.0,0.0,0.0,0.0,29.0,12.0,4.0,9.0,9.0,2.0,3.0
2020-07-05 00:00:00+00:00,1369104858.0,7.4e-06,0.06717658,202429385.0,8.408604264259338,0.8477790951728821,3.3732383847236633,2.544816315174103,2.361732304096222,0.7533033490180969,0.8894671201705933,0.8775068521499634,0.0,0.0,0.8775068521499634,0.0,0.0,0.0,51.0,9.0,17.0,9.0,20.0,6.0,8.0
2020-07-06 00:00:00+00:00,1464609016.0,7.66e-06,0.07186259,279337235.0,11.417774438858032,0.9207058548927307,4.835850417613983,4.00347775220871,0.0,1.6300946474075317,0.7947688102722168,13.333776593208313,0.0,11.679864704608917,0.7699560523033142,0.0,0.0,0.8839558362960815,72.0,4.0,45.0,15.0,9.0,3.0,7.0
2020-07-07 00:00:00+00:00,1494137820.0,7.92e-06,0.07326831,257005980.0,22.06432956457138,1.7012647986412048,9.819464981555939,5.5073583126068115,3.3417690992355347,3.386824667453766,0.8529815673828125,5.698226809501648,0.0,3.2276111841201782,2.4706156253814697,0.0,0.0,0.0,110.0,18.0,42.0,25.0,23.0,6.0,9.0
2020-07-08 00:00:00+00:00,1735983791.0,9.02e-06,0.08500271,471290003.0,32.66884309053421,2.3594785928726196,12.423903048038483,10.411416888237,2.5819819569587708,5.059524953365326,1.5436280965805054,20.106148540973663,5.131692409515381,6.84797328710556,4.719160079956055,0.7865634560585022,3.450187623500824,0.0,217.0,47.0,79.0,56.0,28.0,16.0,5.0
2020-07-09 00:00:00+00:00,1851907963.0,9.76e-06,0.09058771,845893278.0,62.57257807254791,3.8539109230041504,24.764121770858765,14.816893935203552,7.678523242473602,14.739834785461426,0.830583393573761,50.318424344062805,6.37590366601944,33.44295209646225,5.599683225154877,2.5209919214248657,1.4496861100196838,0.9292073249816895,553.0,142.0,267.0,59.0,71.0,27.0,15.0
2020-07-10 00:00:00+00:00,1817890099.0,9.58e-06,0.08891283,529828870.0,30.859660983085632,3.1044082641601562,3.833485245704651,7.842634856700897,0.0,15.203747034072876,1.6934547424316406,10.129947185516357,2.6524184346199036,5.776748478412628,1.7007802724838257,0.0,0.0,0.0,128.0,22.0,46.0,28.0,14.0,23.0,8.0
2020-07-11 00:00:00+00:00,1928675628.0,1.0209999999999999e-05,0.09433134,604044703.0,28.893618285655975,2.3777178525924683,5.632386744022369,12.90543794631958,1.5648778080940247,4.792170166969299,3.1814433932304382,15.261826157569885,2.2412485480308533,9.604164600372314,2.695945143699646,0.0,0.7120305299758911,0.9656643867492676,215.0,43.0,92.0,62.0,22.0,12.0,15.0
2020-07-12 00:00:00+00:00,1942383395.0,1.024e-05,0.09500178,382865014.0,19.079095661640167,0.0,4.109979033470154,7.240425169467926,4.992396891117096,2.648344099521637,0.7961055636405945,7.461318731307983,0.0,3.28121680021286,6.681928336620331,0.0,0.0,0.0,132.0,19.0,42.0,58.0,13.0,8.0,9.0
2020-07-13 00:00:00+00:00,1847684726.0,9.77e-06,0.09029147,389748252.0,17.80777394771576,1.6727914214134216,7.21596747636795,5.72037935256958,0.8976932168006897,3.198635697364807,0.0,12.283822774887085,5.715090453624725,4.178743898868561,1.5381652116775513,0.0,0.8518232107162476,0.0,151.0,24.0,73.0,41.0,13.0,7.0,2.0
2020-07-14 00:00:00+00:00,1885322032.0,9.960000000000001e-06,0.0921082,305049008.0,18.020991325378418,0.0,3.7897141575813293,7.006482720375061,0.0,6.400462865829468,1.5581693649291992,4.123343586921692,0.0,0.7582105398178101,4.214342474937439,0.0,0.0,0.0,102.0,22.0,24.0,34.0,9.0,9.0,10.0
2020-07-15 00:00:00+00:00,1920873470.0,1.0229999999999999e-05,0.09404202,391047540.0,53.98966312408447,8.208105385303497,18.131109714508057,8.411838471889496,7.4307586550712585,11.795629322528839,1.6228517293930054,22.25102013349533,8.970273554325104,12.356632709503174,0.9241138696670532,0.0,0.0,0.0,389.0,155.0,124.0,40.0,41.0,26.0,16.0
2020-07-16 00:00:00+00:00,2056482297.0,1.1020000000000001e-05,0.10066883,505630696.0,48.74748879671097,5.348439812660217,24.005550801753998,6.395054757595062,0.8001508116722107,3.2231356501579285,8.975156962871552,16.559218883514404,1.6767954230308533,9.764527380466461,4.182594120502472,0.0,0.9353019595146179,0.0,342.0,70.0,173.0,37.0,35.0,18.0,29.0
2020-07-17 00:00:00+00:00,2124279107.0,1.1360000000000001e-05,0.10391858,505735318.0,39.729693830013275,2.9736600518226624,7.740480065345764,18.028492629528046,1.7128618359565735,8.427919209003448,1.6614486575126648,29.14673775434494,3.402324616909027,17.860572934150696,8.880187094211578,0.0,0.0,0.0,345.0,107.0,137.0,67.0,28.0,17.0,10.0
2020-07-18 00:00:00+00:00,2058296015.0,1.099e-05,0.10069072,266646100.0,23.999999225139618,4.724966645240784,7.204012334346771,7.182366490364075,0.8604751229286194,7.171914875507355,0.0,7.661716103553772,2.2864571809768677,2.3264662623405457,0.0,2.2945433855056763,0.7542492747306824,0.0,143.0,38.0,44.0,37.0,22.0,22.0,1.0
2020-07-19 00:00:00+00:00,2041663079.0,1.087e-05,0.09987705,215208318.0,19.309457004070282,4.26534378528595,0.775342583656311,5.61116236448288,1.4378652572631836,3.6458510160446167,5.151971817016602,10.558130860328674,3.4298370480537415,2.3821886777877808,3.1635537147521973,0.0,1.5825514197349548,0.0,115.0,30.0,27.0,37.0,21.0,15.0,10.0
2020-07-20 00:00:00+00:00,1935415415.0,1.033e-05,0.09467901,238907306.0,14.419119894504547,0.7387930750846863,2.3378939628601074,4.917716205120087,0.0,4.526643514633179,3.4908066391944885,13.372457802295685,1.7780325412750244,5.28479278087616,2.6734923720359802,2.919052004814148,0.0,0.7170881032943726,133.0,21.0,44.0,33.0,28.0,10.0,18.0
2020-07-21 00:00:00+00:00,1967290358.0,1.026e-05,0.09622415,222225815.0,30.955100178718567,8.698181807994843,6.480747878551483,8.428964972496033,3.4250569939613342,3.870798349380493,3.302834630012512,8.174395859241486,1.628862977027893,4.229031324386597,2.3339784741401672,0.72514408826828,0.7481666207313538,0.0,140.0,32.0,43.0,52.0,12.0,9.0,17.0
2020-07-22 00:00:00+00:00,1988120719.0,1.0209999999999999e-05,0.09722416,188477646.0,28.875389516353607,12.737712621688843,1.514779806137085,9.971668243408203,0.0,3.010065257549286,2.573039948940277,9.645376920700073,0.0,2.9547584652900696,6.748422205448151,0.0,0.7885189652442932,0.0,126.0,27.0,24.0,49.0,7.0,8.0,18.0
2020-07-23 00:00:00+00:00,1999403437.0,1.02e-05,0.09776396,259146414.0,32.73255354166031,6.775556683540344,5.222221493721008,14.560530006885529,0.7147173285484314,7.464017748832703,4.159654259681702,15.418165385723114,3.279721975326538,7.270863115787506,6.434092223644257,0.7671775221824646,0.0,0.702463686466217,230.0,76.0,61.0,76.0,12.0,21.0,18.0
2020-07-24 00:00:00+00:00,1955223758.0,1.002e-05,0.09556261,221044089.0,25.55487436056137,5.971693515777588,1.549740493297577,10.219679772853851,1.4228744506835938,4.9068403840065,3.2139919996261597,4.750435769557953,0.0,3.023196578025818,1.727239191532135,0.0,0.0,0.0,94.0,16.0,21.0,35.0,13.0,9.0,13.0
2020-07-25 00:00:00+00:00,2049666489.0,1.035e-05,0.10017855,237008047.0,23.641502141952515,0.7736266851425171,6.908386766910553,5.201495468616486,0.0,4.785754144191742,5.972239077091217,8.249397575855255,0.8141367435455322,0.7015360593795776,4.97224235534668,0.9566714763641357,0.0,0.8048109412193298,139.0,39.0,32.0,42.0,13.0,9.0,17.0
2020-07-26 00:00:00+00:00,2020075131.0,9.970000000000001e-06,0.09873226,328857055.0,29.088873505592346,1.6337969899177551,14.600752115249634,7.192435085773468,1.6789975762367249,3.238723039627075,0.7441686987876892,5.370143473148346,0.7595396041870117,3.1284561157226562,0.0,1.482147753238678,0.0,0.0,198.0,44.0,100.0,28.0,21.0,8.0,6.0
2020-07-27 00:00:00+00:00,1935600557.0,8.599999999999999e-06,0.09454068,347516202.0,27.729317784309387,2.4939217567443848,9.16090738773346,4.882057249546051,3.9874966740608215,8.154513120651245,0.0,19.25289636850357,6.172211050987244,8.43234932422638,3.83590966463089,0.0,0.8124263286590576,0.0,162.0,29.0,62.0,39.0,23.0,15.0,2.0
2020-07-28 00:00:00+00:00,1986337196.0,8.890000000000001e-06,0.09700175,298863222.0,24.570288479328156,1.5701735615730286,3.0786778926849365,7.192105174064636,0.0,11.178369522094727,2.425487458705902,10.256492674350739,3.0896223187446594,3.2048535346984863,6.417545795440674,0.0,0.0,0.0,124.0,21.0,43.0,37.0,5.0,20.0,14.0
2020-07-29 00:00:00+00:00,1952072761.0,8.580000000000001e-06,0.09528798,241946098.0,25.248250663280487,1.6001065373420715,3.150968909263611,10.281457722187042,2.302876651287079,7.904479801654816,0.8854401111602783,18.371916711330414,7.231206774711609,4.829024791717529,4.588972747325897,0.8907344937324524,0.831977903842926,0.0,155.0,28.0,23.0,80.0,17.0,16.0,6.0
2020-07-30 00:00:00+00:00,1979657351.0,8.7e-06,0.09664276,180339488.0,16.243988692760468,2.3580815196037292,3.0053141713142395,7.515082240104675,0.0,5.816885232925415,0.0,5.88393622636795,0.8570989370346069,4.189761698246002,3.1998836994171143,0.0,0.0,0.0,89.0,21.0,25.0,40.0,6.0,10.0,3.0
2020-07-31 00:00:00+00:00,1985953070.0,8.560000000000001e-06,0.09693117,176835286.0,22.40893191099167,0.7383117079734802,7.326593995094299,5.983219504356384,3.2081990838050842,4.663654208183289,3.101795196533203,7.246818959712982,2.471496820449829,2.4303329586982727,2.4712547659873962,0.0,0.0,0.7407193779945374,89.0,10.0,30.0,27.0,10.0,10.0,12.0
2020-08-01 00:00:00+00:00,2192580351.0,9.1e-06,0.10699543,400852491.0,29.616560459136963,1.6602227091789246,16.625627040863037,4.5076247453689575,0.939727783203125,3.338234305381775,2.545123875141144,25.00905418395996,5.035469353199005,16.87339162826538,3.200475811958313,0.0,0.7499707341194153,0.0,285.0,37.0,174.0,40.0,19.0,13.0,14.0
2020-08-02 00:00:00+00:00,2101488480.0,9.28e-06,0.10255025,499258062.0,30.26114672422409,1.6547402143478394,15.05620962381363,6.081853687763214,3.479008197784424,3.1467501521110535,0.8425848484039307,29.280681788921356,10.128862202167511,15.340712130069733,3.1705433130264282,0.7816957831382751,0.7636997699737549,0.0,229.0,47.0,112.0,42.0,18.0,9.0,11.0
2020-08-03 00:00:00+00:00,2153416691.0,9.34e-06,0.10505866,307978252.0,21.25653976202011,0.0,8.787338197231293,5.2092671394348145,1.5334125757217407,4.635528206825256,2.6244062185287476,7.490961968898773,0.7301210165023804,5.092806279659271,1.6680346727371216,0.0,0.0,0.0,116.0,20.0,45.0,32.0,8.0,10.0,9.0
2020-08-04 00:00:00+00:00,2255913581.0,9.810000000000001e-06,0.10997058,322228936.0,18.794487476348877,3.1972193717956543,4.005045115947723,6.9011393785476685,3.8997612595558167,2.294356644153595,2.6177523136138916,7.589031994342804,1.6698274612426758,0.0,5.250882625579834,1.5759158730506897,0.0,1.6163057088851929,139.0,35.0,40.0,47.0,16.0,8.0,11.0
2020-08-05 00:00:00+00:00,2214458339.0,9.19e-06,0.10793548,236900060.0,17.47743284702301,2.2378187775611877,1.4834787249565125,12.28207015991211,1.5166699886322021,2.482974946498871,2.530005395412445,11.513951361179352,7.605612218379974,0.7281352281570435,4.088273227214813,0.0,0.0,0.0,135.0,38.0,17.0,72.0,11.0,4.0,8.0
2020-08-06 00:00:00+00:00,2185194869.0,9.035369747822807e-06,0.106426665062,216915668.0,32.75734752416611,3.314803421497345,11.491939067840576,5.604585826396942,7.676488220691681,7.163334548473358,3.2129251956939697,8.526969969272614,2.7338610887527466,2.567266583442688,2.6015917658805847,0.7259450554847717,0.0,0.7329920530319214,125.0,23.0,40.0,35.0,27.0,15.0,10.0
2020-08-07 00:00:00+00:00,2116596099.0,8.890000000000001e-06,0.10312082,425365420.0,22.71889090538025,9.717536270618439,0.0,8.910125195980072,0.812961220741272,0.7157147526741028,2.5625534653663635,7.251388430595398,0.700054407119751,1.5153172016143799,4.0478551387786865,0.0,1.8201639652252197,0.0,111.0,35.0,14.0,46.0,10.0,5.0,8.0
2020-08-08 00:00:00+00:00,2113295929.0,8.759999999999999e-06,0.10296004,179081363.0,14.294569492340088,2.289716958999634,2.3402737975120544,3.2524542808532715,0.0,2.478596806526184,3.933527648448944,8.756284296512604,0.9530854821205139,3.272124171257019,2.2270129919052124,0.0,2.453381299972534,1.619791865348816,105.0,24.0,18.0,37.0,4.0,13.0,15.0
2020-08-09 00:00:00+00:00,2157887346.0,9e-06,0.10508646,219371826.0,12.685343623161316,1.7274630069732666,2.467361867427826,6.266045570373535,0.7176018953323364,1.5068712830543518,0.0,18.461741149425507,4.151052474975586,6.674720525741577,1.4079745411872864,1.66460520029068,3.076240301132202,1.487148106098175,162.0,68.0,38.0,30.0,14.0,8.0,10.0
2020-08-10 00:00:00+00:00,2176525074.0,8.92e-06,0.1059941,235437880.0,15.847963690757751,0.7317892909049988,2.362121045589447,2.8056251406669617,0.0,5.184607923030853,4.763820290565491,4.850872695446014,0.0,2.359605312347412,0.8443794250488281,1.6468879580497742,0.0,0.0,107.0,23.0,25.0,18.0,14.0,11.0,19.0
2020-08-11 00:00:00+00:00,2072856903.0,8.85e-06,0.1009317,531368379.0,17.985422253608704,5.640337824821472,3.9648146629333496,4.3060473799705505,0.0,3.226084589958191,0.8481377959251404,11.576325058937073,7.710692286491394,0.0,3.15780371427536,0.0,0.7078290581703186,0.0,94.0,36.0,25.0,18.0,6.0,7.0,8.0
2020-08-12 00:00:00+00:00,2098483146.0,8.82e-06,0.10217949,223009012.0,23.177246272563934,1.7748932838439941,3.1489518880844116,5.486509442329407,4.078527271747589,9.614694356918335,1.7148849368095398,5.557076156139374,1.5921674966812134,0.0,2.4397531747817993,0.0,1.525155484676361,0.0,123.0,17.0,30.0,40.0,13.0,17.0,17.0
2020-08-13 00:00:00+00:00,2098333739.0,8.67e-06,0.1021374,231325307.0,19.57596606016159,2.424629509449005,1.6501992344856262,4.0777400732040405,0.0,9.716188907623291,1.7072083353996277,1.6138159036636353,0.0,0.0,3.2646226286888123,0.0,0.0,0.0,98.0,23.0,12.0,35.0,7.0,15.0,14.0
2020-08-14 00:00:00+00:00,2156574243.0,8.92e-06,0.10497229,269518943.0,24.91183376312256,1.6937965750694275,13.669304013252258,3.937830626964569,2.399231493473053,3.982062041759491,0.0,7.692434728145599,0.0,3.1940758228302,4.35198438167572,0.91407710313797,0.0,0.0,165.0,17.0,80.0,37.0,19.0,16.0,5.0
2020-08-15 00:00:00+00:00,2194110289.0,9e-06,0.10679937,258271148.0,25.454993844032288,4.91683042049408,3.09959214925766,7.421245217323303,1.521495521068573,9.174341440200806,0.8132244944572449,9.91731083393097,1.62798011302948,3.261341691017151,3.3483641743659973,0.0,0.0,1.679624855518341,154.0,41.0,34.0,46.0,9.0,25.0,11.0
2020-08-16 00:00:00+00:00,2354748534.0,9.640000000000001e-06,0.11461852,286171648.0,46.91310638189316,4.482208013534546,23.07144021987915,11.08108514547348,1.710304319858551,3.9497628211975098,2.6183058619499207,17.645150005817413,0.0,15.146294951438904,1.7456822395324707,0.7531728148460388,0.0,0.0,349.0,51.0,220.0,48.0,17.0,10.0,11.0
2020-08-17 00:00:00+00:00,2337152018.0,9.27e-06,0.11365412,419680340.0,42.67808473110199,3.999594509601593,21.804684817790985,8.955354273319244,1.4994131326675415,5.692684292793274,0.7263537049293518,36.1924432516098,1.544765293598175,22.107563495635986,7.4259485602378845,2.535685360431671,1.780865728855133,0.7976148128509521,368.0,64.0,206.0,56.0,18.0,21.0,8.0
2020-08-18 00:00:00+00:00,2237158597.0,9.07e-06,0.1087701,256529526.0,13.038940131664276,1.5095112323760986,3.11340194940567,3.9119296073913574,0.8053150773048401,4.50409734249115,0.0,6.5759007930755615,0.0,3.4785990715026855,2.212417781352997,0.8721681237220764,0.7314582467079163,0.0,110.0,18.0,42.0,37.0,8.0,10.0,7.0
2020-08-19 00:00:00+00:00,2109180518.0,8.720000000000001e-06,0.10254784,252993404.0,45.20409244298935,0.9064252972602844,7.0928831696510315,18.724210619926453,1.5884116291999817,15.755248129367828,2.6462411880493164,15.22392737865448,0.8912666440010071,4.72075080871582,7.2288870215415955,0.8275042176246643,1.5555186867713928,0.0,213.0,22.0,45.0,98.0,11.0,25.0,18.0
2020-08-20 00:00:00+00:00,2205433324.0,9.027394487011044e-06,0.107227630392,200895442.0,13.013040482997894,0.0,4.91458386182785,7.2596898674964905,0.8053150773048401,0.0,1.5765854716300964,9.3425372838974,0.7388287782669067,3.048575222492218,3.3764010667800903,1.4408791065216064,0.0,0.7378531098365784,137.0,12.0,47.0,52.0,11.0,3.0,19.0
2020-08-21 00:00:00+00:00,2065803783.0,8.669375025889728e-06,0.100438849598,267304363.0,10.19018280506134,1.4194717407226562,1.6577205061912537,8.035491228103638,0.8855713605880737,1.746871292591095,1.5252477526664734,9.74568110704422,2.9240923523902893,1.8935423493385315,2.4766189455986023,0.0,0.7344039082527161,2.486318051815033,94.0,28.0,25.0,40.0,7.0,5.0,11.0
2020-08-22 00:00:00+00:00,2108384556.0,8.769999999999999e-06,0.10246195,206985739.0,3.8798765540122986,0.0,3.14388906955719,1.7131932973861694,0.8053150773048401,0.7359874844551086,0.0,9.780477643013,2.5842411518096924,3.2544418573379517,2.4400386810302734,1.501755952835083,0.0,0.0,69.0,11.0,33.0,19.0,9.0,3.0,7.0
2020-08-23 00:00:00+00:00,2120493487.0,8.83e-06,0.10305042,162138541.0,10.456271946430206,0.7306054830551147,1.7379370331764221,3.2534161806106567,0.0,4.734313249588013,0.0,2.378539800643921,0.7251256108283997,0.0,1.5140360593795776,0.8662901520729065,0.0,0.0,73.0,26.0,13.0,20.0,5.0,13.0,1.0
2020-08-24 00:00:00+00:00,2130460274.0,8.789999999999999e-06,0.10350185,170036740.0,20.504788041114807,3.220937132835388,9.302932143211365,2.6587060689926147,0.7416940927505493,4.754183709621429,0.7082105875015259,8.28657478094101,0.0,5.868930399417877,1.5129867196083069,0.7607641816139221,0.8636970520019531,0.0,115.0,23.0,44.0,31.0,9.0,14.0,4.0
2020-08-25 00:00:00+00:00,2020892437.0,8.63e-06,0.09811211,226110548.0,19.321176886558533,0.7650829553604126,0.0,5.624081075191498,1.5362769961357117,12.819093108177185,0.8309146165847778,3.1394577622413635,0.0,0.0,2.502408742904663,0.7163664102554321,0.822952151298523,0.0,96.0,13.0,4.0,44.0,11.0,29.0,6.0
2020-08-26 00:00:00+00:00,2027230541.0,8.570000000000001e-06,0.09841755,235648983.0,37.738237261772156,2.5394362807273865,3.8020690083503723,5.544774293899536,1.7030082941055298,24.95426446199417,1.5386307835578918,7.07875657081604,1.6113030910491943,1.775283694267273,2.964796304702759,0.0,0.727373480796814,0.0,122.0,20.0,22.0,25.0,12.0,44.0,13.0
2020-08-27 00:00:00+00:00,1934395529.0,8.289999999999999e-06,0.09391697,251313087.0,21.38106679916382,3.22742623090744,1.5413711667060852,0.8068712949752808,0.0,13.949200093746185,1.856198012828827,6.60642397403717,1.4504807591438293,0.8170251250267029,0.945252001285553,0.0,2.533465623855591,0.8602004647254944,104.0,24.0,19.0,24.0,5.0,24.0,15.0
2020-08-28 00:00:00+00:00,1973574345.0,8.3e-06,0.09581914,185494720.0,12.073824882507324,0.0,0.0,4.720864295959473,0.8053150773048401,4.837864577770233,2.5150960087776184,0.0,0.0,0.0,0.0,0.0,0.0,0.0,52.0,11.0,1.0,12.0,4.0,12.0,16.0
2020-08-29 00:00:00+00:00,1993436712.0,8.41e-06,0.09673652,176461129.0,8.25565892457962,0.9744329452514648,3.9964572191238403,1.6273688673973083,0.0,0.9448918700218201,0.7125080227851868,5.658289432525635,0.0,0.0,3.122899651527405,0.0,2.53538978099823,0.0,47.0,11.0,6.0,15.0,6.0,8.0,6.0
2020-08-30 00:00:00+00:00,2024558918.0,8.390000000000001e-06,0.0982468,194696528.0,10.909414291381836,2.25779265165329,2.2862303256988525,5.362352669239044,0.7456804513931274,2.3281362056732178,0.8988566398620605,10.886298835277557,0.9261041879653931,1.5920308232307434,5.241467714309692,0.7246160507202148,1.5350582599639893,0.8670217990875244,67.0,13.0,8.0,28.0,12.0,6.0,10.0
2020-08-31 00:00:00+00:00,2005513495.0,8.33e-06,0.09731077,200377295.0,14.196768581867218,0.8674638867378235,3.470150589942932,7.695300221443176,2.3423299193382263,3.4269909858703613,3.3059576749801636,5.097474217414856,1.728888750076294,0.7126638293266296,5.768091857433319,0.7637531161308289,0.941112220287323,0.0,66.0,9.0,10.0,54.0,16.0,8.0,7.0
2020-09-01 00:00:00+00:00,2048129409.0,8.3e-06,0.09937856,261417048.0,11.40482223033905,1.6833268404006958,4.251346051692963,4.12655371427536,0.8053150773048401,2.2591506838798523,0.0,10.315576016902924,0.850354790687561,4.441187858581543,3.571030080318451,1.4068899154663086,0.7397245168685913,0.9610236287117004,86.0,11.0,37.0,32.0,13.0,5.0,3.0
2020-09-02 00:00:00+00:00,1909461837.0,8.119999999999998e-06,0.09265019,270916414.0,24.551486492156982,0.775235652923584,5.690017640590668,4.882895886898041,0.8338928818702698,10.60915333032608,1.7602910995483398,5.0059449672698975,2.5672475695610046,0.7250993847846985,0.8652098178863525,0.0,0.8483881950378418,0.0,82.0,12.0,25.0,26.0,1.0,15.0,7.0
2020-09-03 00:00:00+00:00,1638164090.0,7.75e-06,0.07944688,278190195.0,16.13117492198944,0.7201810479164124,6.338676333427429,2.331572949886322,0.0,5.976160883903503,0.7645837068557739,12.169811606407166,5.069691300392151,4.829658567905426,1.5690135955810547,0.0,0.0,0.7014481425285339,107.0,35.0,33.0,21.0,4.0,11.0,8.0
2020-09-04 00:00:00+00:00,1681465033.0,7.75e-06,0.08145207,299460315.0,13.55464118719101,0.0,0.0,5.272045254707336,0.0,4.841022610664368,4.162648320198059,8.825311958789825,1.5376253128051758,3.2728763222694397,1.6048793196678162,0.0,0.7742331624031067,1.635697841644287,166.0,74.0,24.0,32.0,1.0,17.0,20.0
2020-09-05 00:00:00+00:00,1558832483.0,7.43e-06,0.07551161,227987351.0,19.743039190769196,1.7033946514129639,0.0,4.00148868560791,0.0,9.950797438621521,4.0873584151268005,7.608536660671234,0.0,3.2051438093185425,2.7281180024147034,0.0,1.6752748489379883,0.0,112.0,49.0,11.0,22.0,2.0,19.0,10.0
2020-09-06 00:00:00+00:00,1607347698.0,7.57e-06,0.07786174,198268220.0,3.970167100429535,1.516229510307312,0.0,1.6964719891548157,0.0,0.0,0.7574656009674072,2.2554492354393005,0.0,0.7185878753662109,1.5368613600730896,0.0,0.0,0.0,96.0,60.0,11.0,15.0,2.0,3.0,6.0
2020-09-07 00:00:00+00:00,1624460083.0,7.59e-06,0.07869069,163474090.0,8.572134792804718,0.0,0.0,7.7400476932525635,0.0,0.8320870995521545,0.0,2.6029637455940247,0.0,0.0,1.608022689819336,0.0,0.9949410557746887,0.0,73.0,36.0,3.0,22.0,1.0,3.0,9.0
2020-09-08 00:00:00+00:00,1600643380.0,7.65e-06,0.07753698,149705922.0,6.516168415546417,0.8669118285179138,0.0,4.018048107624054,0.0,0.7090232968330383,0.9221851825714111,0.8228563070297241,0.0,0.0,0.0,0.8228563070297241,0.0,0.0,55.0,19.0,7.0,18.0,4.0,2.0,5.0
2020-09-09 00:00:00+00:00,1623071904.0,7.68e-06,0.07862601,118253396.0,3.1308507323265076,0.0,0.7584997415542603,3.298984408378601,0.0,0.7274681329727173,0.0,1.7417405843734741,0.0,0.0,1.7417405843734741,0.0,0.0,0.0,54.0,28.0,4.0,20.0,0.0,4.0,5.0
2020-09-10 00:00:00+00:00,1679916313.0,7.85e-06,0.08132421,161477831.0,12.943536579608917,1.607421875,0.7089551091194153,4.719061434268951,0.0,4.976089179515839,3.3861782550811768,1.7110602855682373,0.8013253211975098,0.0,0.0,0.0,0.9097349643707275,0.0,65.0,15.0,15.0,21.0,2.0,13.0,5.0
2020-09-11 00:00:00+00:00,1730392556.0,8.06e-06,0.08380832,142072516.0,8.883423745632172,0.76442950963974,2.478336274623871,4.044606447219849,0.0,2.271883010864258,1.6702070236206055,6.828890144824982,4.334304988384247,1.6727150082588196,0.857585608959198,0.0,0.0,0.8218701481819153,73.0,36.0,18.0,14.0,1.0,5.0,9.0
2020-09-12 00:00:00+00:00,1736523827.0,8.050000000000001e-06,0.08410528,130594675.0,10.034221172332764,1.8495513796806335,3.901682496070862,2.5841405987739563,0.0,0.0,2.5965399146080017,5.918889284133911,5.806950330734253,0.9077063202857971,2.50766384601593,0.0,0.0,0.0,64.0,33.0,19.0,12.0,2.0,1.0,7.0
2020-09-13 00:00:00+00:00,1653024464.0,7.76e-06,0.08006114,140385591.0,17.504705727100372,0.0,1.852705955505371,1.5092783570289612,0.0,13.256814181804657,0.8859072327613831,0.0,0.0,0.0,0.0,0.0,0.0,0.0,48.0,14.0,9.0,3.0,3.0,17.0,5.0
2020-09-14 00:00:00+00:00,1661257583.0,7.53e-06,0.0804521,150757355.0,10.553019165992737,1.7953864336013794,3.077323019504547,5.619502604007721,0.0,0.0,0.7853058576583862,3.5860889554023743,0.8529936671257019,2.7330952882766724,0.0,0.0,0.0,0.0,65.0,18.0,15.0,19.0,2.0,1.0,13.0
2020-09-15 00:00:00+00:00,1617719162.0,7.25e-06,0.07825641,168607726.0,7.008775770664215,0.7639520168304443,0.0,3.027335286140442,0.0,1.602642834186554,1.614845633506775,3.94268399477005,0.0,0.0,1.5417228937149048,0.0,1.5828654766082764,0.8180956244468689,44.0,7.0,1.0,17.0,0.0,7.0,13.0
2020-09-16 00:00:00+00:00,1661577901.0,7.318181396419477e-06,0.0803042503622,183980079.0,6.673810958862305,0.913868248462677,0.0,3.345202624797821,0.0,2.4147400856018066,0.0,0.957385778427124,0.957385778427124,0.0,0.0,0.0,0.0,0.0,44.0,6.0,5.0,23.0,8.0,4.0,4.0
2020-09-17 00:00:00+00:00,1663257159.0,7.35e-06,0.08042427,154219419.0,11.596695363521576,5.080487370491028,0.8354406356811523,4.0332494378089905,0.8053150773048401,0.0,1.6475179195404053,3.01216459274292,2.2904273867607117,0.0,0.7217372059822083,0.0,0.0,0.0,50.0,16.0,4.0,19.0,7.0,2.0,7.0
2020-09-18 00:00:00+00:00,1625762390.0,7.1706518103794175e-06,0.07847642922,110431522.0,8.090764701366425,1.8602187037467957,0.710713803768158,4.613638877868652,1.6106301546096802,0.9061933159828186,0.0,12.7054682970047,7.673290431499481,2.5488698482513428,1.7800272107124329,0.0,0.7032808065414429,0.0,65.0,20.0,11.0,26.0,11.0,3.0,1.0
2020-09-19 00:00:00+00:00,1636202307.0,7.1200000000000004e-06,0.07898037,102880672.0,5.53478866815567,0.7313089370727539,0.0,3.2483304738998413,0.0,1.555149257183075,0.0,8.223829746246338,5.00696325302124,0.0,3.2168664932250977,0.0,0.0,0.0,30.0,12.0,0.0,12.0,4.0,6.0,0.0
2020-09-20 00:00:00+00:00,1603591843.0,7.08e-06,0.07740625,101725308.0,4.860229015350342,0.0,0.0,5.218787610530853,0.0,2.239696741104126,0.0,4.8456791639328,2.3104289174079895,0.0,0.7143020629882812,0.0,1.6850638389587402,0.8501864075660706,45.0,12.0,3.0,28.0,6.0,7.0,6.0
2020-09-21 00:00:00+00:00,1465710346.0,6.76e-06,0.07070285,124951989.0,12.001401603221893,1.443474292755127,0.0,8.252051174640656,0.0,5.000133395195007,1.4381585121154785,3.24049311876297,1.6519944667816162,0.0,2.3012366890907288,0.0,0.0,0.0,51.0,14.0,2.0,50.0,5.0,7.0,3.0
2020-09-22 00:00:00+00:00,1492626207.0,6.83e-06,0.07198719,108176092.0,13.76759386062622,0.836759626865387,0.0,7.514818906784058,0.0,2.4316006302833557,3.769417941570282,3.9249807596206665,0.0,0.0,0.7317153811454773,0.0,2.2552490234375,0.9380163550376892,55.0,3.0,4.0,25.0,4.0,11.0,15.0
2020-09-23 00:00:00+00:00,1401128494.0,6.5999999999999995e-06,0.06757439,120676954.0,11.634953141212463,0.0,0.0,7.710496485233307,0.0,4.914243459701538,0.0,1.5579320192337036,0.0,0.0,2.3688109517097473,0.0,0.0,0.0,43.0,3.0,0.0,33.0,4.0,8.0,1.0
2020-09-24 00:00:00+00:00,1458946089.0,6.54e-06,0.07036963,148195540.0,12.575336217880249,3.081315755844116,0.8514949679374695,4.095626711845398,0.8393706679344177,3.7075281143188477,0.0,4.105868816375732,0.942055344581604,0.8187923431396484,0.7992715835571289,0.0,1.545749545097351,0.0,52.0,18.0,2.0,15.0,5.0,11.0,7.0
2020-09-25 00:00:00+00:00,1543499460.0,6.96e-06,0.07445868,175265522.0,6.087596118450165,1.4529346227645874,0.7802107930183411,0.7625965476036072,0.0,2.384358584880829,0.7074955701828003,1.871151864528656,0.0,0.899786651134491,0.0,0.0,0.0,0.971365213394165,61.0,25.0,10.0,10.0,8.0,10.0,4.0
2020-09-26 00:00:00+00:00,1533585051.0,6.88e-06,0.07396257,124619607.0,6.550083100795746,1.7228584289550781,0.0,1.8868452310562134,0.0,2.439442992210388,2.3877816796302795,5.628839015960693,0.714211106300354,0.7598164081573486,7.555217206478119,0.0,0.0,0.0,58.0,16.0,1.0,40.0,4.0,9.0,9.0
2020-09-27 00:00:00+00:00,1520594983.0,6.810000000000001e-06,0.07333608,119041432.0,8.975584387779236,0.9435837864875793,0.7326298952102661,4.9333547949790955,0.0,2.3577855229377747,0.7934290170669556,5.9487544298172,1.640674352645874,0.0,6.7514365911483765,0.0,1.7219328880310059,0.0,50.0,10.0,2.0,45.0,5.0,8.0,10.0
2020-09-28 00:00:00+00:00,1524828093.0,6.87e-06,0.07354024,137705135.0,7.121800780296326,1.6012369990348816,0.7564011812210083,4.167019367218018,1.6106301546096802,1.5222464799880981,0.0,4.7442638874053955,0.7613447308540344,0.8535947799682617,2.3888166546821594,0.7405077219009399,0.0,0.0,45.0,11.0,4.0,22.0,9.0,2.0,4.0
2020-09-29 00:00:00+00:00,1537667884.0,6.84e-06,0.07413982,120859330.0,16.472976326942444,0.8976932168006897,0.0,6.4948402643203735,1.6826208233833313,4.15082460641861,4.016796886920929,7.149150967597961,0.0,0.0,4.035576283931732,0.0,0.0,3.1135746836662292,66.0,10.0,0.0,34.0,8.0,6.0,15.0
2020-09-30 00:00:00+00:00,1551868121.0,6.94e-06,0.07482449,119624630.0,14.433344304561615,0.0,0.783032238483429,4.866425096988678,0.8976932168006897,6.022938787937164,4.381438910961151,4.574331283569336,1.63975328207016,0.7530459761619568,0.7521446943283081,0.7119761109352112,0.0,0.7174112200737,57.0,15.0,4.0,22.0,7.0,11.0,8.0
2020-10-01 00:00:00+00:00,1518034869.0,6.89e-06,0.07317203,158828556.0,8.25772738456726,1.6006595492362976,0.8050196766853333,3.5191895365715027,0.8053150773048401,0.7327189445495605,1.6001396775245667,0.7350410223007202,0.0,0.0,0.7350410223007202,0.0,0.0,0.0,40.0,8.0,2.0,15.0,10.0,4.0,8.0
2020-10-02 00:00:00+00:00,1476090858.0,6.72e-06,0.07109737,158118757.0,5.671066045761108,0.7759003639221191,0.0,3.3058133125305176,0.0,0.8428974747657776,0.7464548945426941,1.562792956829071,0.0,0.0,1.562792956829071,0.0,0.0,0.0,32.0,7.0,0.0,13.0,5.0,5.0,7.0
2020-10-03 00:00:00+00:00,1477383786.0,6.75e-06,0.07115728,100791478.0,3.0572367906570435,0.0,0.0,2.256312847137451,1.8516548871994019,0.0,0.8009239435195923,3.1731294989585876,0.0,0.785101592540741,1.5950896739959717,0.0,0.792938232421875,0.0,30.0,6.0,1.0,16.0,8.0,2.0,4.0
2020-10-04 00:00:00+00:00,1514708366.0,6.84e-06,0.072955,106843418.0,11.662798166275024,1.51412695646286,1.5291279554367065,2.384972870349884,0.0,4.625350594520569,1.6092197895050049,0.8468361496925354,0.0,0.0,0.8468361496925354,0.0,0.0,0.0,52.0,11.0,16.0,13.0,2.0,7.0,5.0
2020-10-05 00:00:00+00:00,1524335329.0,6.8e-06,0.07341868,126663686.0,11.57653522491455,1.5683056712150574,4.550965964794159,2.2876498699188232,0.8053150773048401,3.1696137189865112,0.0,5.61218136548996,2.3538984060287476,3.258282959461212,0.0,0.0,0.0,0.0,59.0,12.0,14.0,18.0,8.0,12.0,1.0
2020-10-06 00:00:00+00:00,1505544677.0,6.84e-06,0.07250057,161623397.0,3.444189965724945,0.0,0.8503225445747375,1.7950052618980408,0.8053150773048401,0.7988621592521667,0.0,1.584878385066986,0.859734296798706,0.0,0.0,0.72514408826828,0.0,0.0,30.0,9.0,1.0,15.0,6.0,3.0,2.0
2020-10-07 00:00:00+00:00,1501541259.0,6.78e-06,0.07230143,133649894.0,14.224641263484955,0.8113405108451843,1.7256354093551636,9.052404046058655,2.693079650402069,2.635261297225952,0.0,1.58918958902359,0.7261307239532471,0.0,0.863058865070343,0.0,0.0,0.0,52.0,4.0,5.0,33.0,6.0,3.0,11.0
2020-10-08 00:00:00+00:00,1518315354.0,6.7e-06,0.07309526,131279734.0,7.281537711620331,1.653033196926117,0.0,3.861607849597931,0.0,1.766896665096283,0.0,0.7251445055007935,0.0,0.0,0.7251445055007935,0.0,0.0,0.0,53.0,8.0,3.0,34.0,4.0,4.0,5.0
2020-10-09 00:00:00+00:00,1561841085.0,6.79e-06,0.07514366,156460920.0,11.203505396842957,3.27704656124115,1.444984495639801,5.042017340660095,0.0,1.5941940546035767,1.7494032382965088,0.7408668398857117,0.0,0.7408668398857117,0.0,0.0,0.0,0.0,46.0,14.0,13.0,16.0,3.0,3.0,7.0
2020-10-10 00:00:00+00:00,1607398220.0,6.85e-06,0.07737274,145849675.0,0.7693387269973755,0.0,0.0,0.7693387269973755,0.0,0.0,0.0,0.751223623752594,0.0,0.0,0.751223623752594,0.0,0.0,0.0,18.0,2.0,2.0,13.0,3.0,1.0,0.0
2020-10-11 00:00:00+00:00,1604416705.0,6.78e-06,0.07722922,120268596.0,6.574131608009338,0.7358310222625732,0.0,3.278495728969574,0.0,2.559804856777191,0.0,0.8216032981872559,0.0,0.0,0.0,0.0,0.8216032981872559,0.0,26.0,5.0,0.0,11.0,7.0,5.0,3.0
2020-10-12 00:00:00+00:00,1613843672.0,6.72e-06,0.07768299,133171634.0,4.040121912956238,0.7358310222625732,0.7583871483802795,0.0,0.8053150773048401,2.545903742313385,0.0,5.16089391708374,0.0,0.8695818781852722,4.291312038898468,0.0,0.0,0.0,31.0,3.0,6.0,13.0,7.0,6.0,2.0
2020-10-13 00:00:00+00:00,1586810456.0,6.6799999999999996e-06,0.07634499,125542356.0,10.721035659313202,5.081509709358215,1.5035343170166016,2.379862427711487,0.0,1.720976710319519,0.844401478767395,1.6830189228057861,0.0,0.0,1.6830189228057861,0.0,0.0,0.0,34.0,12.0,3.0,18.0,4.0,2.0,1.0
2020-10-14 00:00:00+00:00,1544985232.0,6.5e-06,0.07428265,120454176.0,3.0874001383781433,0.0,0.0,6.509330868721008,1.6106301546096802,0.7159725427627563,0.0,1.8549994826316833,0.0,0.0,0.8931034207344055,0.9618960618972778,0.0,0.0,37.0,5.0,1.0,37.0,12.0,4.0,4.0
2020-10-15 00:00:00+00:00,1540939601.0,6.44e-06,0.07404083,115219952.0,30.29562085866928,1.4943389892578125,0.0,20.74188780784607,0.0,8.0593940615654,0.0,3.176822066307068,0.0,0.0,3.176822066307068,0.0,0.0,0.0,113.0,6.0,3.0,81.0,7.0,17.0,4.0
2020-10-16 00:00:00+00:00,1637943577.0,6.95e-06,0.07870242,160931240.0,18.09816086292267,0.0,0.0,7.955941796302795,0.8163396716117859,8.632150173187256,1.5238624811172485,3.9345163106918335,0.0,0.7697669863700867,3.245587706565857,0.0,0.7619534730911255,0.0,89.0,13.0,12.0,42.0,8.0,18.0,7.0
2020-10-17 00:00:00+00:00,1704791166.0,7.21e-06,0.08191619,268590382.0,27.202990472316742,3.848164916038513,9.515708923339844,7.52051442861557,0.0,4.788559079170227,1.530043125152588,17.217754185199738,0.7103389501571655,10.81190949678421,3.9989079236984253,0.0,0.8265985250473022,0.8699992895126343,165.0,21.0,88.0,38.0,10.0,12.0,13.0
2020-10-18 00:00:00+00:00,1655561074.0,6.93e-06,0.07955065,165059604.0,19.28781646490097,1.656657636165619,4.688670217990875,5.207718908786774,0.0,4.540175974369049,3.1945937275886536,4.79652214050293,0.7596672177314758,0.7663484811782837,3.987989842891693,0.0,0.0,0.0,107.0,13.0,20.0,45.0,7.0,11.0,16.0
2020-10-19 00:00:00+00:00,1775847229.0,7.26e-06,0.08524855,306021433.0,33.24309742450714,7.204975068569183,3.442946135997772,17.81625896692276,1.6106301546096802,3.9436986446380615,0.835218608379364,9.770869553089142,0.0,0.952486515045166,7.225420594215393,0.0,1.5929624438285828,0.0,143.0,28.0,18.0,71.0,18.0,12.0,4.0
2020-10-20 00:00:00+00:00,1687007521.0,6.79e-06,0.08090614,216687519.0,12.779701113700867,0.0,0.8568475842475891,5.684911549091339,0.7184982299804688,6.304642379283905,0.0,6.309649646282196,3.0968027114868164,0.0,2.4355850219726562,0.0,0.7772619128227234,0.0,51.0,8.0,4.0,27.0,9.0,11.0,1.0
2020-10-21 00:00:00+00:00,1746929452.0,6.53e-06,0.08377958,234581977.0,20.590001225471497,0.0,1.5134556889533997,10.016636669635773,0.8976932168006897,9.897295892238617,0.0,9.143137335777283,0.7943259477615356,0.7632523775100708,5.763806879520416,0.0,0.0,2.5250261425971985,89.0,11.0,7.0,42.0,9.0,19.0,12.0
2020-10-22 00:00:00+00:00,1778217973.0,6.58e-06,0.08528012,195477498.0,17.00873452425003,2.7102604508399963,1.8119219541549683,5.491512894630432,1.6106301546096802,5.450340390205383,1.5446988344192505,9.039716064929962,0.736793041229248,2.8156318068504333,2.324083149433136,0.0,0.7008034586906433,2.4624046087265015,113.0,14.0,9.0,59.0,12.0,9.0,18.0
2020-10-23 00:00:00+00:00,1747470574.0,6.480000000000001e-06,0.08379547,153182270.0,15.043104946613312,0.8976932168006897,0.0,14.312691032886505,0.0,3.0016313195228577,0.7770360708236694,3.232456862926483,0.0,0.0,5.210796773433685,0.0,0.0,0.7522872686386108,68.0,5.0,3.0,69.0,3.0,7.0,7.0
2020-10-24 00:00:00+00:00,1781700215.0,6.519999999999999e-06,0.08543687,143789489.0,12.076252341270447,0.7869929671287537,0.0,4.61240553855896,0.8870441913604736,4.874126434326172,1.6381373405456543,3.9740721583366394,0.0,0.0,2.3587074279785156,0.0,0.0,1.6153647303581238,70.0,14.0,6.0,30.0,7.0,8.0,13.0
2020-10-25 00:00:00+00:00,1733858620.0,6.38e-06,0.08314275,139158127.0,9.379643023014069,0.8114306926727295,0.0,3.120089828968048,0.0,3.130737602710724,2.317384898662567,7.314187824726105,0.0,0.7386907935142517,4.97646301984787,0.8761325478553772,0.0,0.722901463508606,72.0,6.0,3.0,37.0,7.0,9.0,15.0
2020-10-26 00:00:00+00:00,1687427523.0,6.19e-06,0.08090656,181364928.0,10.413271129131317,2.53028404712677,0.0,5.364443361759186,0.8053150773048401,2.5185437202453613,0.0,7.901755630970001,1.5388744473457336,0.0,4.109368979930878,1.525326430797577,0.728185772895813,0.0,66.0,21.0,5.0,29.0,8.0,5.0,6.0
2020-10-27 00:00:00+00:00,1706445986.0,5.99e-06,0.08180863,173073310.0,14.045326054096222,0.8976932168006897,0.8929963111877441,6.720214247703552,3.1198439598083496,2.3675734400749207,0.8523199558258057,4.824823617935181,0.7080602645874023,0.9377105832099915,2.28246009349823,0.0,0.924727737903595,0.7247858047485352,55.0,9.0,3.0,26.0,11.0,6.0,6.0
2020-10-28 00:00:00+00:00,1639344941.0,5.92e-06,0.07859164,166210480.0,29.97296929359436,1.641581952571869,0.0,18.735083281993866,1.8130717873573303,11.527557611465454,2.633809268474579,5.530273854732513,0.0,0.0,7.981330037117004,0.0,0.8324559330940247,0.7683579325675964,126.0,6.0,3.0,113.0,7.0,28.0,11.0
2020-10-29 00:00:00+00:00,1616909451.0,5.76e-06,0.07745294,143150634.0,21.932645678520203,0.0,0.8130350708961487,19.698963284492493,0.0,7.198493957519531,0.7136587500572205,12.186294198036194,2.405811905860901,0.0,16.885842978954315,0.0,0.8227242231369019,0.0,114.0,8.0,1.0,118.0,5.0,25.0,7.0
2020-10-30 00:00:00+00:00,1602512640.0,5.67e-06,0.0767633,118612988.0,14.554172039031982,0.8976932168006897,0.7478048205375671,7.673778653144836,2.6182255148887634,2.6166698336601257,0.0,4.272982537746429,0.0,0.0,3.5462998151779175,0.0,0.726682722568512,0.0,73.0,9.0,1.0,44.0,7.0,17.0,1.0
2020-10-31 00:00:00+00:00,1621500030.0,5.639999999999999e-06,0.07767283,137580784.0,17.583681046962738,1.6489635109901428,0.7794604897499084,3.23493492603302,0.730097770690918,10.451286315917969,0.73893803358078,3.242870509624481,0.0,0.8253582119941711,1.656076729297638,0.0,0.7614355683326721,0.0,60.0,9.0,6.0,21.0,7.0,17.0,5.0
2020-11-01 00:00:00+00:00,1638302980.0,5.71e-06,0.07847773,115500841.0,17.857426404953003,0.9028250575065613,2.320249617099762,5.274929761886597,1.6592990159988403,8.597816169261932,0.0,3.388825476169586,0.7812007665634155,1.6715559363365173,0.9360687732696533,0.0,0.0,0.0,63.0,4.0,6.0,37.0,5.0,12.0,3.0
2020-11-02 00:00:00+00:00,1579488629.0,5.58e-06,0.07566041,129525552.0,13.896449506282806,1.5317636132240295,0.0,8.98197227716446,1.6103789806365967,2.5245028734207153,2.626966178417206,3.532817780971527,0.0,0.0,7.088320016860962,0.0,0.0,0.0,80.0,6.0,0.0,65.0,13.0,10.0,10.0
2020-11-03 00:00:00+00:00,1573043988.0,5.4e-06,0.07531125,126769721.0,13.930083990097046,0.0,0.8828704357147217,5.1793400049209595,2.520352780818939,7.093270361423492,0.7955561280250549,5.121348321437836,0.7408291101455688,0.8451938629150391,1.6864944696426392,0.0,1.8488308787345886,0.0,66.0,3.0,5.0,27.0,11.0,19.0,8.0
2020-11-04 00:00:00+00:00,1558038049.0,5.28e-06,0.07459282,118999480.0,10.145996570587158,0.0,0.0,8.093722462654114,0.0,2.2819489240646362,1.6489431262016296,4.0658042430877686,0.7285639047622681,0.0,8.4863942861557,0.0,0.0,0.0,48.0,4.0,1.0,47.0,6.0,7.0,3.0
2020-11-05 00:00:00+00:00,1675766553.0,5.150000000000001e-06,0.08017504,180475299.0,19.37327378988266,1.6133238673210144,0.0,7.244359612464905,0.7246562838554382,9.577418744564056,0.9381715655326843,9.14613789319992,0.8818457126617432,0.0,5.679810166358948,0.0,0.9280214905738831,1.6564605236053467,101.0,17.0,1.0,55.0,6.0,17.0,10.0
2020-11-06 00:00:00+00:00,1755016940.0,5.39e-06,0.08387438,197958333.0,16.09861695766449,0.8203901648521423,0.0,5.548099219799042,4.895876407623291,5.6910316944122314,3.291451156139374,3.806488037109375,0.0,0.8830631971359253,1.4722106456756592,0.7034449577331543,0.0,0.7477692365646362,83.0,6.0,3.0,40.0,18.0,13.0,13.0
2020-11-07 00:00:00+00:00,1665869365.0,5.37e-06,0.07961391,207531867.0,7.558508515357971,0.0,1.6911680102348328,6.716834843158722,0.0,1.6483322978019714,0.8238667845726013,0.7243034243583679,0.0,0.0,2.3870162963867188,0.0,0.0,0.0,63.0,9.0,5.0,47.0,4.0,5.0,11.0
2020-11-08 00:00:00+00:00,1706139183.0,5.2699999999999995e-06,0.08153846,137449751.0,6.66501384973526,0.0,0.0,2.5471598505973816,0.0,1.6992673873901367,2.4185866117477417,1.65519517660141,0.0,0.0,0.932293713092804,0.0,0.0,0.722901463508606,35.0,0.0,2.0,20.0,4.0,4.0,9.0
2020-11-09 00:00:00+00:00,1666641234.0,5.2e-06,0.07967746,151868375.0,10.180209636688232,1.773936688899994,0.0,5.0758668184280396,0.0,2.5422956943511963,1.6946538090705872,8.690680742263794,0.0,0.0,7.814446806907654,0.0,0.8895386457443237,0.7646481394767761,57.0,8.0,0.0,37.0,4.0,6.0,7.0
2020-11-10 00:00:00+00:00,1669791776.0,5.22e-06,0.07982808,151230471.0,13.052128612995148,0.0,0.0,7.258206009864807,2.506091594696045,2.4908173084259033,1.6023287773132324,2.363524317741394,0.0,0.0,2.363524317741394,0.0,0.0,0.0,65.0,2.0,1.0,38.0,13.0,7.0,8.0
2020-11-11 00:00:00+00:00,1689832906.0,5.14e-06,0.08069167,142374410.0,18.85264503955841,0.0,0.0,16.453947246074677,2.4159452319145203,1.5575374364852905,0.8411603569984436,2.301059603691101,0.0,0.0,2.301059603691101,0.0,0.0,0.0,81.0,5.0,1.0,55.0,14.0,4.0,10.0
2020-11-12 00:00:00+00:00,1689499973.0,4.96e-06,0.08066601,135597876.0,19.165004432201385,0.0,1.5218762159347534,10.354118764400482,0.0,8.0293590426445,0.0,4.292636930942535,0.0,0.0,3.5084452629089355,0.0,0.7841916680335999,0.0,60.0,1.0,9.0,33.0,3.0,14.0,4.0
2020-11-13 00:00:00+00:00,1723476349.0,5.04e-06,0.08231771,141302911.0,25.41035133600235,0.8361990451812744,0.7710711359977722,11.595513761043549,0.8976932168006897,10.425513923168182,1.7820534706115723,2.4166173338890076,0.0,0.0,2.4166173338890076,0.0,0.0,0.0,75.0,5.0,4.0,46.0,4.0,14.0,6.0
2020-11-14 00:00:00+00:00,1699202325.0,5.05e-06,0.08115832,171038961.0,15.266023516654968,0.0,2.617549777030945,3.922127902507782,0.0,7.050602853298187,1.6757429838180542,5.412285327911377,0.809360146522522,3.022587478160858,1.5803377032279968,0.0,0.0,0.0,75.0,4.0,20.0,28.0,3.0,16.0,7.0
2020-11-15 00:00:00+00:00,1681113432.0,5.03e-06,0.08029435,130851376.0,10.167446613311768,0.0,0.0,3.127387583255768,0.8170862197875977,6.222972810268402,0.0,7.536287486553192,0.0,2.5310637950897217,5.0052236914634705,0.0,0.0,0.0,73.0,3.0,6.0,46.0,2.0,14.0,3.0
2020-11-16 00:00:00+00:00,1723304943.0,4.92e-06,0.08229969,144889533.0,20.167205333709717,2.1406708359718323,3.4138510823249817,4.69676399230957,0.0,9.048627316951752,0.8672921061515808,0.8791561722755432,0.0,0.0,0.8791561722755432,0.0,0.0,0.0,62.0,6.0,14.0,24.0,3.0,13.0,5.0
2020-11-17 00:00:00+00:00,1805034192.0,4.88e-06,0.0860754,234814750.0,22.402711987495422,0.8976932168006897,3.204026997089386,11.982246100902557,1.5249519348144531,6.378716707229614,0.8544310331344604,8.053827404975891,0.0,0.0,7.480697393417358,1.5871164798736572,0.7121493220329285,0.0,90.0,7.0,7.0,55.0,8.0,14.0,7.0
2020-11-18 00:00:00+00:00,1753443662.0,4.7e-06,0.08361524,200409056.0,19.006596863269806,2.5019776225090027,0.0,10.229717075824738,2.346374213695526,3.090279996395111,1.6435630321502686,8.135626792907715,1.6343644261360168,0.0,5.65187007188797,0.0,0.0,0.849392294883728,102.0,14.0,3.0,64.0,8.0,6.0,11.0
2020-11-19 00:00:00+00:00,1759755826.0,4.71e-06,0.08390624,159838550.0,14.1987823843956,0.8976932168006897,1.7377984523773193,5.627957344055176,0.8644672632217407,2.5989444255828857,2.471921682357788,3.012069284915924,0.0,0.0,2.263221800327301,0.0,0.748847484588623,0.0,67.0,15.0,3.0,34.0,3.0,5.0,7.0
2020-11-20 00:00:00+00:00,1854198706.0,4.74e-06,0.08830738,177052672.0,23.183208644390106,2.5647162795066833,0.7233709692955017,16.783818244934082,0.0,1.4928950071334839,1.6184081435203552,4.898008942604065,0.0,0.0,5.768252313137054,0.0,0.0,0.0,117.0,17.0,7.0,73.0,4.0,10.0,9.0
2020-11-21 00:00:00+00:00,2278902756.0,5.82e-06,0.10840489,646627498.0,36.11654889583588,3.38191556930542,3.1457265615463257,28.693528652191162,0.8053150773048401,4.403798162937164,1.574003517627716,13.91734117269516,0.8437565565109253,0.704825758934021,16.507374465465546,1.4799470901489258,0.0,0.0,178.0,27.0,21.0,127.0,6.0,10.0,16.0
2020-11-22 00:00:00+00:00,2176343295.0,5.639999999999999e-06,0.10352625,689900728.0,19.04381287097931,0.883105456829071,1.5236334800720215,11.986785769462585,0.8053150773048401,4.650288164615631,0.0,11.0748410820961,3.688746452331543,1.7036892175674438,5.682405412197113,0.0,0.0,0.0,127.0,17.0,15.0,76.0,4.0,12.0,5.0
2020-11-23 00:00:00+00:00,2747435107.0,7.1100000000000005e-06,0.13059927,881252331.0,55.428534507751465,4.07665342092514,7.037753522396088,40.3689181804657,6.543304979801178,4.698047459125519,0.7812551259994507,22.52220380306244,5.0947259068489075,4.903715550899506,7.958902299404144,2.8868789672851562,0.9730557799339294,0.7049252986907959,296.0,47.0,44.0,166.0,32.0,15.0,7.0
2020-11-24 00:00:00+00:00,4126025115.0,1.0229999999999999e-05,0.19547983,3759466315.0,154.79433047771454,17.479185819625854,21.655202388763428,113.41133290529251,11.529700577259064,16.237383723258972,8.210858047008514,132.69689559936523,17.085732758045197,15.123598456382751,107.55977529287338,10.064072370529175,10.155150711536407,0.7947392463684082,1194.0,266.0,157.0,756.0,98.0,75.0,36.0
2020-11-25 00:00:00+00:00,4124457773.0,1.042e-05,0.19520212,3400050501.0,120.65182501077652,8.456043899059296,8.262316763401031,72.58435183763504,13.044954657554626,24.9553741812706,8.904481947422028,72.78499358892441,10.997441291809082,4.890319883823395,48.399913907051086,6.859990656375885,6.2521620988845825,2.63033390045166,792.0,164.0,77.0,450.0,66.0,60.0,39.0
2020-11-26 00:00:00+00:00,3540152241.0,9.77e-06,0.16754814,2426960775.0,31.13102889060974,0.8895376920700073,0.0,20.22332853078842,6.547649145126343,9.816273987293243,0.849078357219696,25.236307203769684,3.6384559869766235,0.7562910914421082,18.251071453094482,3.5449013113975525,0.795772910118103,0.0,243.0,54.0,11.0,140.0,19.0,24.0,19.0
2020-11-27 00:00:00+00:00,4471341971.0,1.206e-05,0.20640935,2262645472.0,70.44878786802292,0.7178619503974915,12.280273139476776,35.94097983837128,8.725871860980988,14.956962406635284,5.7316558957099915,25.086423754692078,2.3084161281585693,6.440813899040222,11.466851532459259,2.1958171725273132,2.674525022506714,0.0,391.0,69.0,73.0,162.0,49.0,29.0,32.0
2020-11-28 00:00:00+00:00,4336900386.0,1.1299999999999999e-05,0.20020316,2016734578.0,90.47337067127228,4.683946788311005,17.01568353176117,52.335730373859406,4.900883853435516,14.571516871452332,2.582559585571289,45.503018498420715,1.5692388415336609,10.817853152751923,35.20964276790619,0.9831636548042297,1.7405372262001038,0.0,575.0,114.0,108.0,317.0,33.0,32.0,19.0
2020-11-29 00:00:00+00:00,4207379426.0,1.0680000000000001e-05,0.19422412,987586583.0,34.40868479013443,6.5191128849983215,1.4417933225631714,24.594079792499542,2.3637428283691406,3.5038164258003235,0.8043003678321838,30.609990298748016,3.4499228596687317,2.4142109155654907,24.79542326927185,1.5188072323799133,0.9421895742416382,0.0,248.0,61.0,22.0,155.0,12.0,10.0,9.0
2020-11-30 00:00:00+00:00,4383702574.0,1.03e-05,0.20209288,1061790831.0,40.585207641124725,3.007002353668213,1.6633203029632568,24.833190500736237,5.820211410522461,7.5889129638671875,0.8182179927825928,22.607989251613617,3.2881889939308167,0.9286742210388184,13.655514359474182,0.0,2.9313803911209106,1.8042312860488892,293.0,81.0,15.0,155.0,16.0,32.0,8.0
2020-12-01 00:00:00+00:00,4000801881.0,9.810000000000001e-06,0.18442527,917146767.0,30.17314100265503,5.506037175655365,0.9138257503509521,10.628370225429535,4.303709805011749,6.51462984085083,3.917198359966278,8.289163768291473,2.3312668204307556,0.7713994979858398,3.5638447999954224,0.9142563343048096,0.0,0.708396315574646,179.0,65.0,7.0,62.0,11.0,20.0,17.0
2020-12-02 00:00:00+00:00,4016921142.0,9.640000000000001e-06,0.18515054,588076706.0,40.837100982666016,3.2015578746795654,1.6082786917686462,30.673368513584137,2.4159452319145203,3.8321441411972046,2.410418748855591,14.290212035179138,2.2534459829330444,0.9450245499610901,9.64201033115387,0.8262075185775757,1.4250110387802124,0.0,232.0,42.0,9.0,152.0,10.0,13.0,17.0
2020-12-03 00:00:00+00:00,4000537943.0,9.48e-06,0.18430375,489435452.0,33.08620262145996,3.149552881717682,0.9102592468261719,20.77203541994095,3.249663531780243,9.678909659385681,0.0,13.414866149425507,2.387147605419159,2.291298985481262,11.054854393005371,0.950467050075531,0.0,0.0,186.0,33.0,10.0,122.0,25.0,23.0,10.0
2020-12-04 00:00:00+00:00,3536073795.0,8.710000000000001e-06,0.16285452,575389419.0,15.25987309217453,0.7736634016036987,1.6142829060554504,11.048221230506897,3.2679452300071716,3.3662359714508057,0.0,24.872689962387085,2.41999214887619,2.2638383507728577,16.09954571723938,0.9122700095176697,3.1770437359809875,0.0,164.0,34.0,9.0,110.0,14.0,11.0,6.0
2020-12-05 00:00:00+00:00,3729468794.0,8.97e-06,0.17171817,428643561.0,17.070100724697113,2.2899011969566345,0.7784116864204407,8.971784710884094,0.0,5.053752541542053,1.5179291367530823,14.250383138656616,2.7822959423065186,0.8967656493186951,6.499422252178192,0.0,4.2013949155807495,0.7518197298049927,114.0,16.0,7.0,82.0,0.0,18.0,12.0
2020-12-06 00:00:00+00:00,3814433497.0,9.08e-06,0.17563025,410343063.0,8.619076669216156,0.0,0.0,3.0086174607276917,0.8976932168006897,5.610459208488464,0.0,3.2397786378860474,0.0,0.0,3.2397786378860474,0.0,0.0,0.0,77.0,14.0,9.0,39.0,4.0,9.0,7.0
2020-12-07 00:00:00+00:00,3661734584.0,8.779999999999999e-06,0.16845983,317729160.0,15.261304080486298,0.0,1.4219287037849426,9.238829374313354,2.4159452319145203,5.30177116394043,0.0,11.17548155784607,1.7069502472877502,3.1458120942115784,4.150975465774536,2.1778865456581116,0.8621185421943665,0.0,115.0,17.0,13.0,68.0,9.0,22.0,3.0
2020-12-08 00:00:00+00:00,3321508153.0,8.34e-06,0.15280335,432945452.0,19.505410194396973,0.7458588480949402,1.8135132193565369,9.746958076953888,1.6106301546096802,5.581500589847565,3.2741901874542236,14.497555196285248,2.6101338863372803,0.0,9.57275277376175,0.7034449577331543,0.7926455736160278,0.8185780048370361,118.0,28.0,8.0,51.0,5.0,18.0,17.0
2020-12-09 00:00:00+00:00,3746165986.0,9.28e-06,0.1722235,935284783.0,38.77600520849228,1.535681664943695,0.7200446128845215,19.950352430343628,4.844934821128845,16.49367344379425,0.0,12.878666520118713,0.0,1.4794688820838928,9.02344274520874,2.5153127312660217,0.7437460422515869,0.0,219.0,26.0,29.0,118.0,22.0,29.0,5.0
2020-12-10 00:00:00+00:00,3505757415.0,8.82e-06,0.16110208,770957773.0,56.784994423389435,4.624607086181641,3.7583218812942505,29.348701179027557,13.066559493541718,17.274058163166046,0.0,9.3033607006073,0.0,1.7016829252243042,10.532426238059998,0.0,4.437141716480255,0.0,201.0,27.0,17.0,121.0,28.0,45.0,9.0
2020-12-11 00:00:00+00:00,3292780697.0,8.37e-06,0.15117957,608768064.0,34.06806176900864,1.8332769274711609,3.9446287155151367,10.11857545375824,5.062520742416382,18.10192722082138,0.0,17.246700286865234,1.656413495540619,0.9167054891586304,6.713647484779358,5.56827974319458,2.303090214729309,0.7980183362960815,205.0,46.0,17.0,56.0,31.0,52.0,13.0
2020-12-12 00:00:00+00:00,3462031615.0,8.449999999999999e-06,0.15894956,509594961.0,28.702600359916687,1.7713969349861145,2.3935747742652893,11.354793727397919,4.857962369918823,6.789207398891449,1.5356651544570923,17.07291340827942,3.2715033888816833,3.979430913925171,4.704993426799774,3.669922709465027,1.4470629692077637,0.0,196.0,42.0,16.0,77.0,32.0,20.0,9.0
2020-12-13 00:00:00+00:00,3808388515.0,9.13e-06,0.17485158,689055367.0,51.2026544213295,5.0083001255989075,6.373560011386871,20.52660757303238,7.59686940908432,12.6773561835289,1.4908694624900818,24.009216785430908,3.135840356349945,2.289054751396179,8.338645935058594,8.314171016216278,2.676616668701172,0.0,271.0,42.0,41.0,85.0,61.0,38.0,12.0
2020-12-14 00:00:00+00:00,3697528701.0,8.82e-06,0.16976176,522592210.0,21.184264957904816,4.703282713890076,2.463939666748047,6.546981871128082,6.4530030488967896,4.238317966461182,0.0,10.713102340698242,0.0,2.523022770881653,4.706764400005341,3.483315169811249,0.0,0.0,132.0,20.0,19.0,40.0,38.0,13.0,9.0
2020-12-15 00:00:00+00:00,3629660433.0,8.580000000000001e-06,0.16655667,469193894.0,32.348423540592194,2.669975697994232,0.7302541136741638,10.158917665481567,8.193237125873566,11.79818880558014,3.4947314262390137,11.561124920845032,1.7516682744026184,0.0,5.546260118484497,4.263196527957916,0.0,0.0,151.0,16.0,9.0,58.0,42.0,22.0,14.0
2020-12-16 00:00:00+00:00,4174146998.0,8.98e-06,0.19140137,1059791080.0,47.05465239286423,2.3830865621566772,4.3397491574287415,17.962044954299927,9.24153596162796,16.154947102069855,0.9248202443122864,14.697172343730927,1.6531566977500916,0.0,8.173361539840698,4.791767179965973,1.673833191394806,0.0,188.0,17.0,12.0,89.0,34.0,37.0,11.0
2020-12-17 00:00:00+00:00,4059027362.0,8.15e-06,0.18593514,1664078484.0,29.215445399284363,0.8519185185432434,2.429438054561615,14.863887250423431,12.957286477088928,6.971380949020386,0.0,24.581671953201294,1.6934880018234253,1.609592854976654,12.506060540676117,7.195318698883057,1.577211856842041,0.0,231.0,26.0,18.0,123.0,43.0,24.0,9.0
2020-12-18 00:00:00+00:00,4042308070.0,8e-06,0.18512687,822786727.0,27.147312700748444,1.6025984287261963,0.0,16.600825369358063,7.167165100574493,4.161916196346283,1.6593356728553772,16.17956930398941,0.8631850481033325,1.7910200953483582,13.138725399971008,6.587436199188232,0.8163239359855652,0.8596909642219543,140.0,22.0,5.0,78.0,41.0,11.0,8.0
2020-12-19 00:00:00+00:00,3970801615.0,7.62e-06,0.18183732,483210984.0,25.72975617647171,4.10188102722168,1.5673277378082275,11.910518288612366,1.5536251664161682,8.351811408996582,1.4487963914871216,9.465311646461487,0.0,0.0,10.343283653259277,0.0,2.2881824374198914,0.7733390927314758,143.0,28.0,9.0,106.0,8.0,15.0,7.0
2020-12-20 00:00:00+00:00,3864704195.0,7.54e-06,0.17697873,459139596.0,13.321590185165405,0.0,1.6669360995292664,3.948768675327301,3.4694780111312866,5.028303503990173,1.644105613231659,6.113465905189514,0.0,0.7518807649612427,4.616665244102478,0.7449198961257935,0.0,0.0,110.0,17.0,10.0,49.0,16.0,11.0,15.0
2020-12-21 00:00:00+00:00,3636077351.0,7.2999999999999996e-06,0.16635673,509445346.0,25.97355216741562,0.8764157891273499,0.0,14.837641656398773,5.074915587902069,6.641462981700897,2.557950437068939,6.764505207538605,0.7376695275306702,0.0,5.82673716545105,0.9950186610221863,0.0,0.950228750705719,111.0,26.0,3.0,63.0,13.0,14.0,6.0
2020-12-22 00:00:00+00:00,3642359180.0,7.098491562897749e-06,0.1666576328068,590902699.0,56.17929196357727,1.5778905749320984,3.1976065635681152,34.808308720588684,3.2589847445487976,15.05900752544403,0.7989417910575867,30.154303789138794,1.5069597959518433,2.559518337249756,23.68991905450821,2.455340266227722,0.7274806499481201,0.0,308.0,39.0,20.0,200.0,20.0,39.0,6.0
2020-12-23 00:00:00+00:00,2765665941.0,5.4400000000000004e-06,0.12647102,1192456990.0,82.19808810949326,6.174014329910278,3.858745753765106,49.477166056632996,7.166910469532013,18.650253474712372,6.504713475704193,73.68189859390259,9.737337172031403,2.6149832606315613,57.87411040067673,0.9024327993392944,2.56461238861084,9.144330382347107,591.0,98.0,32.0,382.0,37.0,51.0,57.0
2020-12-24 00:00:00+00:00,3490572262.0,6.72e-06,0.15962023,1571608569.0,73.172880589962,8.668621718883514,5.176172196865082,45.85672962665558,6.261054873466492,12.832418978214264,0.7535065412521362,42.68382024765015,8.13510411977768,1.7139654159545898,31.15334153175354,0.7189661264419556,2.617050886154175,1.635580837726593,431.0,127.0,31.0,212.0,24.0,39.0,12.0
2020-12-25 00:00:00+00:00,3336777846.0,6.19e-06,0.15258738,864019522.0,42.696218609809875,4.982355177402496,2.150766432285309,15.711842894554138,3.3879183530807495,19.81067156791687,0.0,17.931594371795654,3.2536548376083374,2.360350728034973,7.602698564529419,3.9486697912216187,0.0,0.7662204504013062,270.0,78.0,29.0,111.0,18.0,38.0,7.0
2020-12-26 00:00:00+00:00,3215622814.0,5.56e-06,0.14704709,532755621.0,31.15901529788971,3.3925682306289673,0.9138485789299011,20.263691306114197,2.6228052377700806,3.9085195064544678,0.9552756547927856,24.805424392223358,1.8594323992729187,0.8747137188911438,19.601034998893738,0.0,1.7156732678413391,0.7545700073242188,233.0,57.0,7.0,135.0,10.0,14.0,13.0
2020-12-27 00:00:00+00:00,3170263195.0,5.52e-06,0.14497284,758476186.0,33.40055388212204,1.678500235080719,0.0,35.80862879753113,1.6106301546096802,4.093847334384918,0.7291238307952881,23.462373197078705,1.4949910640716553,0.0,19.76117718219757,0.0,1.4935863018035889,1.5828497409820557,278.0,59.0,15.0,202.0,8.0,13.0,8.0
2020-12-28 00:00:00+00:00,3162631385.0,5.33e-06,0.14437471,578664860.0,53.67472290992737,6.2499077916145325,4.721020817756653,27.00218403339386,3.3466232419013977,13.230019390583038,1.5409128665924072,37.00184178352356,2.6262625455856323,0.7055196166038513,29.511153876781464,0.7698861360549927,3.3890196084976196,0.0,317.0,75.0,25.0,154.0,14.0,44.0,13.0
2020-12-29 00:00:00+00:00,3040839827.0,5.070000000000001e-06,0.1388149,762785956.0,87.21170246601105,4.205889821052551,1.4964186549186707,57.61533159017563,0.8662355542182922,22.136456429958344,3.198112368583679,36.0775271654129,5.572634994983673,1.5723519325256348,30.796305119991302,0.0,0.7173229455947876,0.0,458.0,131.0,14.0,261.0,3.0,53.0,13.0
2020-12-30 00:00:00+00:00,2889641250.0,4.57e-06,0.13191266,555793351.0,69.55330812931061,8.814799010753632,5.777173578739166,33.53649079799652,0.8976932168006897,17.303865134716034,3.2232863903045654,56.27543759346008,11.35031121969223,11.773109138011932,31.8672394156456,2.400666654109955,2.206054389476776,0.0,488.0,132.0,57.0,247.0,6.0,46.0,21.0
2020-12-31 00:00:00+00:00,2813168655.0,4.43e-06,0.12836955,484196978.0,52.218868374824524,3.2529693841934204,3.058781147003174,29.30027174949646,0.0,18.225699424743652,0.7474055290222168,56.6650253534317,3.204652965068817,3.129780411720276,40.014485239982605,7.15981388092041,7.304201424121857,0.7184491753578186,392.0,84.0,23.0,221.0,16.0,46.0,22.0
2021-01-01 00:00:00+00:00,2901669479.0,4.51e-06,0.13240799,493194345.0,33.83133041858673,2.4347086548805237,2.293360471725464,19.17707449197769,0.0,10.110344529151917,3.9421672224998474,22.906250953674316,0.7434255480766296,4.4892895221710205,16.193040192127228,0.0,4.909755289554596,0.8888431787490845,258.0,57.0,27.0,152.0,1.0,39.0,23.0
2021-01-02 00:00:00+00:00,2801127005.0,3.98e-06,0.12782007,463295709.0,45.68963634967804,3.3086419701576233,1.808135211467743,29.425429344177246,0.8053150773048401,16.731611728668213,2.6075868010520935,30.19900643825531,5.242716372013092,0.7220419645309448,25.83930891752243,0.0,0.8415567278862,0.0,274.0,68.0,11.0,170.0,6.0,28.0,29.0
2021-01-03 00:00:00+00:00,2989656211.0,4.16e-06,0.13642297,694141229.0,66.06882321834564,7.443007409572601,4.124560832977295,34.85006183385849,0.8053150773048401,21.386013090610504,0.7062599658966064,46.89525818824768,3.552457094192505,2.5296523571014404,38.48906636238098,0.7272727489471436,3.3672029972076416,0.7082221508026123,388.0,93.0,21.0,242.0,6.0,41.0,16.0
2021-01-04 00:00:00+00:00,3621839340.0,5.17e-06,0.16518009,1650893150.0,219.9915856719017,33.38807541131973,9.239855468273163,146.60307681560516,2.2806015014648438,28.81157648563385,2.254329800605774,82.92875969409943,11.923344075679779,3.8554470539093018,63.608998477458954,0.9511146545410156,2.6256158351898193,2.3445615768432617,1414.0,518.0,53.0,738.0,40.0,66.0,25.0
2021-01-05 00:00:00+00:00,4276293448.0,5.73e-06,0.19482343,2558465429.0,243.15152204036713,20.547159731388092,10.758396029472351,173.96006256341934,10.836783766746521,32.743577659130096,7.096979737281799,134.7769473195076,15.421063899993896,8.00383973121643,102.53163594007492,3.3090972304344177,6.971434831619263,0.0,1744.0,638.0,85.0,868.0,41.0,121.0,28.0
2021-01-06 00:00:00+00:00,7491769258.0,9.25e-06,0.34079313,10408578427.0,494.1853948831558,76.69714289903641,29.955234110355377,341.06370079517365,50.21630823612213,43.768142998218536,7.065677225589752,399.170458316803,80.18951344490051,32.37825119495392,278.24421340227127,20.9501610994339,17.748875439167023,0.7637216448783875,4338.0,1858.0,287.0,1951.0,285.0,168.0,50.0
2021-01-07 00:00:00+00:00,6948367858.0,8.02e-06,0.31579685,6253336842.0,230.26921743154526,29.158376157283783,16.669846653938293,133.9786896109581,16.78532314300537,52.368410646915436,7.2507970333099365,185.28730922937393,30.8596613407135,13.262526631355286,121.36135393381119,9.701740801334381,22.85390591621399,1.5134313702583313,1999.0,776.0,140.0,891.0,112.0,126.0,58.0
2021-01-08 00:00:00+00:00,6670622997.0,7.42e-06,0.30283606,3650270362.0,131.90962290763855,15.053281366825104,11.098541378974915,77.0273973941803,0.8332734704017639,29.584742605686188,2.2973878383636475,119.94528210163116,20.53803449869156,7.87484347820282,83.12989908456802,0.0,10.564431488513947,0.849268913269043,1198.0,500.0,63.0,555.0,15.0,72.0,19.0
2021-01-09 00:00:00+00:00,6873398271.0,7.75e-06,0.31193549,2262748352.0,108.46559756994247,16.576011061668396,5.558337926864624,74.05731016397476,3.533318340778351,14.004632890224457,1.4901246428489685,60.81584548950195,13.97736668586731,6.112331748008728,38.73149472475052,0.8722890019416809,3.560705244541168,0.7194246649742126,876.0,349.0,57.0,462.0,8.0,35.0,14.0
2021-01-10 00:00:00+00:00,6362493023.0,7.53e-06,0.28874908,1949483668.0,67.620361328125,8.172934472560883,1.437419354915619,51.87671411037445,0.0,9.000038623809814,1.4971102476119995,47.026996433734894,8.079504251480103,1.4154884219169617,27.89706963300705,0.0,10.484945058822632,0.0,647.0,258.0,16.0,340.0,2.0,47.0,9.0
2021-01-11 00:00:00+00:00,6005967122.0,7.65e-06,0.27223839,2510439297.0,59.260106444358826,6.206057488918304,0.0,48.208704829216,5.637205541133881,3.992097318172455,1.694066047668457,49.05625236034393,15.124397039413452,0.0,28.59779864549637,0.8512505292892456,4.482806146144867,0.0,457.0,133.0,11.0,272.0,21.0,21.0,9.0
2021-01-12 00:00:00+00:00,6220555220.0,8.31e-06,0.2817427,2951493960.0,107.32862311601639,5.0283491015434265,6.727348625659943,79.68263393640518,6.51852160692215,15.907269299030304,2.4395607113838196,81.6963192820549,9.183584868907928,8.317246437072754,59.482335448265076,3.131105601787567,4.983981609344482,0.0,787.0,170.0,50.0,497.0,37.0,55.0,15.0
2021-01-13 00:00:00+00:00,6717550411.0,8.15e-06,0.30402207,1932760186.0,88.16843217611313,1.4362895488739014,1.5628348588943481,84.07333272695541,7.491770446300507,10.900552570819855,3.234514355659485,59.10845631361008,3.9573094844818115,2.362252354621887,45.41546982526779,3.6229509711265564,5.666138112545013,3.122606635093689,573.0,118.0,25.0,380.0,56.0,41.0,19.0
2021-01-14 00:00:00+00:00,6686565093.0,7.719999999999999e-06,0.30261974,1746390818.0,118.01090002059937,8.379850506782532,8.640538156032562,116.55739158391953,6.329305410385132,13.630945444107056,0.7705564498901367,70.36131566762924,3.566313624382019,0.9139903783798218,77.21750617027283,2.2292938232421875,3.113717257976532,0.7161160707473755,776.0,130.0,40.0,713.0,42.0,34.0,10.0
2021-01-15 00:00:00+00:00,6295941495.0,7.74e-06,0.28494095,1546747797.0,66.78294605016708,3.9910044074058533,2.5543590784072876,53.036645233631134,2.446934998035431,9.497139573097229,2.6066983342170715,45.03949552774429,0.714452862739563,2.7790003418922424,32.50319230556488,0.7544195055961609,14.138593435287476,0.0,416.0,89.0,16.0,284.0,19.0,45.0,17.0
2021-01-16 00:00:00+00:00,6452338613.0,8.07e-06,0.29201915,1576551021.0,58.010743618011475,5.810675263404846,2.2736974954605103,56.615643203258514,1.6106301546096802,9.60085266828537,1.6798032522201538,28.62860506772995,1.4513537883758545,3.4402518272399902,25.47836846113205,0.7480193376541138,2.517145037651062,0.7001006603240967,405.0,122.0,14.0,308.0,8.0,26.0,6.0
2021-01-17 00:00:00+00:00,6707475316.0,8.48e-06,0.3035661,1884116937.0,61.94427365064621,0.8424645662307739,4.736901879310608,52.235470712184906,5.513294279575348,4.243994832038879,0.7237367630004883,46.00553798675537,0.9126996994018555,2.4878050684928894,47.45645636320114,1.5303993225097656,0.7119109034538269,3.1514554619789124,548.0,90.0,38.0,383.0,39.0,19.0,18.0
2021-01-18 00:00:00+00:00,6708461687.0,8.289999999999999e-06,0.30361074,1011246742.0,61.010673224925995,2.9264419078826904,6.672939956188202,39.88241171836853,7.272940039634705,13.961642622947693,0.7587604522705078,39.099825501441956,0.7924049496650696,0.8803876638412476,36.856819808483124,4.612517356872559,1.4560759663581848,0.0,380.0,54.0,31.0,256.0,33.0,29.0,11.0
2021-01-19 00:00:00+00:00,6615523321.0,8.3e-06,0.29940454,1530976794.0,69.92641931772232,3.0132774114608765,6.201769590377808,56.87666571140289,6.442520618438721,7.797316610813141,0.0,61.72819823026657,0.0,6.133798062801361,50.047008633613586,5.4184123277664185,2.5506977438926697,0.9066484570503235,557.0,122.0,46.0,355.0,57.0,30.0,8.0
2021-01-20 00:00:00+00:00,6503855795.0,8.279999999999999e-06,0.29435071,1160924328.0,42.683542132377625,2.590932309627533,3.949342668056488,54.1810097694397,2.50832337141037,5.6526384353637695,1.6022681593894958,35.02343875169754,2.7304933071136475,6.429473161697388,40.42948538064957,0.7173837423324585,1.7218303084373474,0.8253257870674133,309.0,41.0,31.0,334.0,11.0,28.0,10.0
2021-01-21 00:00:00+00:00,5581406106.0,8.19e-06,0.25260259,1083947046.0,44.96638387441635,1.7150731086730957,0.7282872796058655,32.55804842710495,1.6106301546096802,12.294467568397522,3.231586217880249,13.596541821956635,0.8858375549316406,0.9517943859100342,14.94901305437088,0.0,3.446394681930542,0.0,229.0,27.0,9.0,193.0,3.0,25.0,12.0
2021-01-22 00:00:00+00:00,5976891253.0,8.2e-06,0.27050141,1392207582.0,65.67559033632278,2.3909943103790283,0.0,81.40618097782135,4.148277580738068,4.855050206184387,0.0,34.18747395277023,2.432512104511261,1.6606565713882446,37.50411742925644,0.0,0.0,0.0,399.0,53.0,8.0,407.0,42.0,12.0,15.0
2021-01-23 00:00:00+00:00,5960403157.0,8.41e-06,0.26975519,875595181.0,57.128086507320404,4.932064354419708,2.1735981106758118,39.21455317735672,0.7819795608520508,8.546185374259949,4.090164065361023,20.046657919883728,1.5646163821220398,0.8081943988800049,12.235357880592346,0.0,3.903170883655548,3.9436565041542053,281.0,42.0,18.0,157.0,13.0,53.0,28.0
2021-01-24 00:00:00+00:00,6000202935.0,8.41e-06,0.27155645,806028759.0,54.21998327970505,1.5482887029647827,2.3348822593688965,38.392432153224945,0.0,12.636773526668549,0.8013544082641602,32.69488060474396,1.7217496633529663,1.7247604727745056,26.752409040927887,0.0,2.4959614276885986,0.0,341.0,53.0,15.0,214.0,3.0,61.0,6.0
2021-01-25 00:00:00+00:00,5792995006.0,8.1e-06,0.26217866,713468709.0,61.26508182287216,2.307493805885315,0.7936527132987976,44.47256141901016,1.7030082941055298,12.04759395122528,1.5202480554580688,31.539582312107086,0.0,4.998974919319153,22.54102510213852,0.7197391986846924,5.006026804447174,0.7008046507835388,319.0,38.0,16.0,216.0,10.0,37.0,16.0
2021-01-26 00:00:00+00:00,5779476199.0,8.03e-06,0.26156682,670565995.0,95.30254882574081,2.3913857340812683,1.6641977429389954,91.85304671525955,1.6106301546096802,14.692951202392578,0.7364405393600464,41.647471725940704,2.4127134680747986,3.4041627645492554,42.638832569122314,0.0,2.4005131125450134,0.0,492.0,29.0,10.0,453.0,21.0,40.0,14.0
2021-01-27 00:00:00+00:00,5282403136.0,7.860000000000001e-06,0.23907035,669146236.0,405.2066984176636,1.7190946340560913,0.0,61.573419988155365,5.8393585085868835,7.827925622463226,351.62937903404236,21.255993843078613,1.5452055931091309,0.0,30.555293679237366,0.8112757802009583,0.7468177080154419,0.0,791.0,44.0,1.0,339.0,45.0,15.0,486.0
2021-01-28 00:00:00+00:00,6457245204.0,8.730000000000001e-06,0.29224121,1470789190.0,121.603460252285,7.13380891084671,7.269056856632233,63.5490066409111,14.532873451709747,14.50883960723877,28.594721376895905,46.754866898059845,2.22286194562912,1.7569300532341003,30.77667146921158,7.139778733253479,5.541474223136902,0.8793274164199829,681.0,131.0,40.0,389.0,59.0,44.0,52.0
2021-01-29 00:00:00+00:00,6557536275.0,8.589999999999999e-06,0.29467435,5357767876.0,307.3275199532509,20.735984146595,11.125644743442535,240.3073011636734,32.358590722084045,48.372176110744476,4.571907699108124,129.54454135894775,8.391809582710266,1.697409212589264,114.0869112610817,20.742177605628967,2.3643254041671753,0.0,1980.0,496.0,74.0,1333.0,166.0,120.0,12.0
2021-01-30 00:00:00+00:00,7229409865.0,9.48e-06,0.32486617,3891286887.0,206.9725831747055,16.111800372600555,6.47547572851181,157.56981867551804,13.88813978433609,22.465613901615143,7.6608176827430725,150.31073397397995,12.986014664173126,2.7034806609153748,123.07554090023041,19.715756952762604,4.883654952049255,0.0,1497.0,433.0,51.0,868.0,116.0,72.0,20.0
2021-01-31 00:00:00+00:00,6802946003.0,9.23e-06,0.30570228,2305438899.0,244.22515803575516,15.322751700878143,7.873182833194733,210.78386694192886,10.62085223197937,15.051035523414612,5.98649126291275,70.76653122901917,4.877311944961548,0.0,63.48112142086029,4.492729902267456,2.259471356868744,0.0,1272.0,391.0,45.0,811.0,71.0,40.0,17.0
2021-02-01 00:00:00+00:00,7007707859.0,9.43e-06,0.31490363,3588538378.0,248.81258416175842,17.714922428131104,5.850743532180786,255.08279663324356,25.83866912126541,18.39385688304901,2.23396760225296,122.45777606964111,23.604280948638916,6.656859040260315,115.68656927347183,3.6750535368919373,5.742815732955933,0.0,1596.0,614.0,62.0,1094.0,105.0,60.0,15.0
2021-02-02 00:00:00+00:00,7498842217.0,9.48e-06,0.33662008,2229603871.0,260.72949463129044,15.169148683547974,3.349427282810211,236.6288725733757,18.32090187072754,20.301840007305145,10.960456669330597,96.87537789344788,6.738029897212982,2.520470678806305,95.63067150115967,3.0522021651268005,5.49772435426712,0.0,1422.0,306.0,36.0,1095.0,104.0,74.0,24.0
2021-02-03 00:00:00+00:00,7626334312.0,9.13e-06,0.34215116,1486186863.0,178.88000375032425,0.0,5.924696862697601,164.5566127896309,2.4356523156166077,24.883581519126892,0.7406998872756958,82.40768069028854,0.0,5.671306669712067,90.6256252527237,2.540174961090088,6.281006693840027,0.0,879.0,1.0,49.0,856.0,34.0,69.0,9.0
2021-02-04 00:00:00+00:00,7251779648.0,8.81e-06,0.32522932,1554404275.0,153.45281845331192,0.7377787828445435,0.7704424262046814,148.18415307998657,4.995169699192047,10.978060185909271,5.413377523422241,83.85873782634735,0.0,5.196305930614471,85.70850038528442,2.602369785308838,2.2935903072357178,0.0,856.0,1.0,32.0,845.0,36.0,34.0,16.0
2021-02-05 00:00:00+00:00,7804945512.0,9.17e-06,0.34960665,2146857567.0,196.81513488292694,0.0,11.58712512254715,176.28936624526978,8.841163396835327,17.540159106254578,5.312357783317566,87.88202345371246,0.0,2.3479424715042114,93.84215468168259,2.9444097876548767,2.579691708087921,0.0,1046.0,2.0,66.0,996.0,34.0,44.0,16.0
2021-02-06 00:00:00+00:00,8400870221.0,9.58e-06,0.37629988,2538410914.0,152.41059929132462,0.0,3.412559926509857,154.19878220558167,1.565906047821045,10.099927186965942,1.4716317653656006,92.46465677022934,0.7642919421195984,6.6730875968933105,98.45647132396698,0.7394651174545288,0.0,0.8116410374641418,876.0,2.0,51.0,898.0,14.0,27.0,13.0
2021-02-07 00:00:00+00:00,8561005917.0,9.859999999999999e-06,0.38347284,5026694578.0,209.56620734930038,0.7963417172431946,10.523193955421448,177.07393926382065,8.088966131210327,23.8833047747612,5.523497641086578,150.22555297613144,0.0,6.107468664646149,95.57311075925827,7.913695812225342,47.03969407081604,0.7739904522895813,1109.0,3.0,104.0,906.0,52.0,98.0,22.0
2021-02-08 00:00:00+00:00,8840584790.0,8.560000000000001e-06,0.39560616,2542466582.0,117.4109234213829,1.4197471141815186,10.330748975276947,92.51498806476593,10.353791415691376,14.335167467594147,3.0259414315223694,70.44711792469025,0.762237012386322,5.1500338315963745,71.59396684169769,2.2241167426109314,3.332318127155304,0.0,661.0,12.0,44.0,617.0,57.0,37.0,11.0
2021-02-09 00:00:00+00:00,8871810121.0,8.54e-06,0.39673711,1818075317.0,138.54113167524338,0.7364076972007751,3.1332135796546936,107.30121725797653,5.048064172267914,25.63823175430298,6.706082582473755,66.46292573213577,0.91238933801651,3.4274091720581055,60.68200147151947,3.0406821966171265,1.5879655480384827,0.0,681.0,2.0,19.0,599.0,34.0,69.0,17.0
2021-02-10 00:00:00+00:00,9222071530.0,9.18e-06,0.41241884,3501396594.0,146.45300841331482,0.7442448139190674,5.612441420555115,120.36746752262115,4.754432797431946,19.013079583644867,2.4115225076675415,84.21658456325531,0.7582256197929382,3.1972939372062683,75.81894952058792,1.45028817653656,2.9918273091316223,0.0,809.0,3.0,46.0,708.0,35.0,42.0,11.0
2021-02-11 00:00:00+00:00,10130547529.0,9.45e-06,0.45291178,3244799993.0,213.45712786912918,0.0,4.9394460916519165,212.16379857063293,6.442520618438721,29.419103264808655,3.1691816449165344,91.82742542028427,0.0,2.4482726454734802,96.25253283977509,4.274874448776245,6.433266997337341,0.0,1075.0,1.0,39.0,1105.0,29.0,75.0,17.0
2021-02-12 00:00:00+00:00,11822145264.0,1.111e-05,0.52784279,3705074297.0,211.27461344003677,0.737031102180481,10.10840529203415,202.87432104349136,0.8512864112854004,17.495096027851105,3.2172142267227173,147.23849046230316,0.9840705394744873,11.131324708461761,130.86258685588837,0.0,20.1552751660347,0.0,1181.0,4.0,92.0,1126.0,1.0,75.0,14.0
2021-02-13 00:00:00+00:00,12541203762.0,1.1890000000000001e-05,0.5599478,5519338626.0,211.87821996212006,0.0,0.0,234.25067043304443,9.85574334859848,12.074201583862305,3.2861291766166687,122.06446611881256,0.0,0.0,145.8603619337082,0.7489303946495056,3.175000548362732,0.0,1147.0,0.0,0.0,1301.0,61.0,32.0,10.0
2021-02-14 00:00:00+00:00,11593719035.0,1.063e-05,0.5176439,3078578193.0,131.2522674202919,0.0,0.0,128.5786823630333,3.8134941458702087,12.691638767719269,4.783618628978729,73.40953302383423,0.0,0.0,81.88586157560349,1.8915711045265198,0.8150640726089478,0.784378707408905,655.0,1.0,0.0,675.0,20.0,26.0,22.0
2021-02-15 00:00:00+00:00,11058832288.0,1.03e-05,0.49376194,3202896143.0,134.722920358181,0.0,0.0,118.23301589488983,0.0,20.5887850522995,2.2016339898109436,67.76703864336014,0.0,0.0,68.60581904649734,3.481252431869507,2.53438937664032,0.0,754.0,0.0,7.0,736.0,9.0,39.0,10.0
2021-02-16 00:00:00+00:00,10913786309.0,9.89e-06,0.48661002,2101777439.0,100.26819932460785,0.0,0.0,82.90616756677628,0.0,25.00695514678955,2.3397766947746277,58.411151111125946,0.0,0.0,56.79939818382263,0.0,6.90303248167038,0.8689687252044678,567.0,0.0,2.0,534.0,0.0,77.0,9.0
2021-02-17 00:00:00+00:00,11149343207.0,9.529999999999999e-06,0.49700193,1859433188.0,138.49600756168365,0.0,0.0,103.3489283323288,0.0,34.20515298843384,7.825047731399536,45.11554181575775,0.7707938551902771,0.0,46.956867933273315,0.0,1.5401796698570251,0.0,642.0,1.0,0.0,583.0,2.0,83.0,21.0
2021-02-18 00:00:00+00:00,11170637270.0,9.630000000000001e-06,0.49750761,1663443587.0,153.84886926412582,0.0,13.931569874286652,152.398095369339,0.0,18.96141028404236,0.7970631122589111,65.43383777141571,0.0,5.5587268471717834,68.71006053686142,0.0,0.0,0.8443545699119568,812.0,2.0,90.0,773.0,0.0,71.0,7.0
2021-02-19 00:00:00+00:00,11537019584.0,9.19e-06,0.51360199,1683567104.0,138.874169588089,0.937343955039978,16.0532283782959,125.47098684310913,0.0,8.12908560037613,1.4839655756950378,93.81962776184082,0.0,12.610060155391693,91.262291431427,0.0,4.188532531261444,0.0,811.0,3.0,112.0,730.0,0.0,37.0,13.0
2021-02-20 00:00:00+00:00,10962064696.0,8.7e-06,0.48800631,2152043635.0,166.22988790273666,0.7445306181907654,4.824425458908081,161.19368255138397,0.0,11.019098460674286,2.4521201848983765,125.20891267061234,0.0,15.23268610239029,117.40055531263351,0.0,3.2911353707313538,0.0,959.0,1.0,124.0,891.0,0.0,34.0,11.0
2021-02-21 00:00:00+00:00,11203802237.0,8.67e-06,0.49876793,1691495133.0,144.72179353237152,0.0,8.529188215732574,139.29792195558548,0.0,11.160615146160126,5.350557923316956,83.28492343425751,0.0,12.698800206184387,78.90542769432068,0.0,4.906532824039459,0.0,727.0,1.0,82.0,704.0,0.0,37.0,12.0
2021-02-22 00:00:00+00:00,10497178439.0,8.609999999999999e-06,0.46695725,2952779389.0,135.4924739599228,0.0,17.27762269973755,112.66999477148056,0.0,9.540157496929169,6.943419456481934,112.18113940954208,0.0,25.71572631597519,94.36121565103531,0.0,0.8063409924507141,0.0,814.0,0.0,154.0,711.0,0.0,20.0,17.0
2021-02-23 00:00:00+00:00,8689168941.0,7.92e-06,0.38652963,2962479689.0,95.26583290100098,0.0,5.8844369649887085,85.29084080457687,0.8976932168006897,8.037480175495148,3.269178628921509,83.44858956336975,0.0,2.657347798347473,99.61692839860916,0.0,0.88136225938797,0.0,593.0,1.0,48.0,587.0,1.0,30.0,9.0
2021-02-24 00:00:00+00:00,9162056612.0,8.19e-06,0.40723952,1862049592.0,105.67709022760391,0.0,8.38149231672287,89.2770322561264,0.0,9.057022750377655,0.7211980819702148,61.29975599050522,0.0,11.784469306468964,51.59308648109436,0.0,3.308808982372284,0.0,562.0,3.0,69.0,470.0,6.0,28.0,8.0
2021-02-25 00:00:00+00:00,8577766461.0,8.1e-06,0.38126871,1320643982.0,106.34965348243713,0.0,3.874548554420471,107.96381813287735,1.7833071947097778,6.2634371519088745,2.6478025317192078,46.210646748542786,0.0,0.0,48.75916701555252,0.0,1.7188978791236877,0.8385182619094849,608.0,1.0,27.0,607.0,25.0,30.0,14.0
2021-02-26 00:00:00+00:00,9024534781.0,8.65e-06,0.40067764,1387062138.0,112.4470727443695,0.0,0.8479384183883667,116.96640503406525,0.0,7.886859953403473,3.78947377204895,72.5556578040123,0.0,0.7741483449935913,75.84426254034042,5.01920759677887,3.1864185333251953,0.0,613.0,1.0,5.0,642.0,32.0,25.0,16.0
2021-02-27 00:00:00+00:00,9943037946.0,9.56e-06,0.441458,2799346118.0,213.84930497407913,0.7956092357635498,10.144427120685577,207.89432221651077,0.0,22.222056806087494,5.483501195907593,105.49983584880829,0.0,5.041620433330536,112.51883947849274,0.0,6.605666399002075,0.0,1085.0,1.0,92.0,1018.0,2.0,93.0,23.0
2021-02-28 00:00:00+00:00,9159071308.0,9.01e-06,0.4066509,1888502989.0,110.5746259689331,,,,,,,59.751801550388336,,,,,,,561.0,,,,,,
